<article xmlns="https://jats.nlm.nih.gov/ns/archiving/1.2/" xmlns:xsi="http://www.w3.org/2001/XMLSchema-instance" xmlns:ali="http://www.niso.org/schemas/ali/1.0/" xmlns:mml="http://www.w3.org/1998/Math/MathML" xmlns:xlink="http://www.w3.org/1999/xlink" xsi:schemaLocation="https://jats.nlm.nih.gov/ns/archiving/1.2/ https://jats.nlm.nih.gov/archiving/1.2/xsd/JATS-archivearticle1.xsd" article-type="research-article"><front><journal-meta><journal-id journal-id-type="nlm-ta">PLoS Comput Biol</journal-id><journal-id journal-id-type="iso-abbrev">PLoS Comput. Biol</journal-id><journal-id journal-id-type="publisher-id">pcbi</journal-id><journal-id journal-id-type="publisher-id">plcb</journal-id><journal-id journal-id-type="pmc">ploscomp</journal-id><journal-title-group><journal-title>PLoS Computational Biology</journal-title></journal-title-group><issn pub-type="ppub">1553-734X</issn><issn pub-type="epub">1553-7358</issn><publisher><publisher-name>Public Library of Science</publisher-name></publisher></journal-meta><article-meta><article-id pub-id-type="accession">PMC1183519</article-id><article-id pub-id-type="pmcid">PMC1183519</article-id><article-id pub-id-type="pmc-uid">1183519</article-id><article-id pub-id-type="pmid">16103902</article-id><article-id pub-id-type="pmid">16103902</article-id><article-id pub-id-type="doi">10.1371/journal.pcbi.0010013</article-id><article-id pub-id-type="publisher-id">05-PLCB-RA-0071R2</article-id><article-id pub-id-type="sici">plcb-01-01-12</article-id><article-categories><subj-group subj-group-type="heading"><subject>Research Article</subject></subj-group><subj-group subj-group-type="Discipline"><subject>Bioinformatics - Computational Biology</subject><subject>Development</subject><subject>Evolution</subject><subject>Systems Biology</subject></subj-group><subj-group subj-group-type="System Taxonomy"><subject>Drosophila</subject><subject>Vertebrates</subject></subj-group></article-categories><title-group><article-title>microRNA Target Predictions across Seven <italic>Drosophila</italic> Species and Comparison to Mammalian Targets</article-title><alt-title alt-title-type="running-head">microRNA Targets across Seven <italic>Drosophila</italic> Species</alt-title></title-group><contrib-group><contrib contrib-type="author"><name><surname>Grün</surname><given-names>Dominic</given-names></name><xref ref-type="aff" rid="aff1"/></contrib><contrib contrib-type="author"><name><surname>Wang</surname><given-names>Yi-Lu</given-names></name><xref ref-type="aff" rid="aff1"/></contrib><contrib contrib-type="author"><name><surname>Langenberger</surname><given-names>David</given-names></name><xref ref-type="aff" rid="aff1"/></contrib><contrib contrib-type="author"><name><surname>Gunsalus</surname><given-names>Kristin C</given-names></name><xref ref-type="aff" rid="aff1"/></contrib><contrib contrib-type="author"><name><surname>Rajewsky</surname><given-names>Nikolaus</given-names></name><xref ref-type="corresp" rid="cor1">*</xref><xref ref-type="aff" rid="aff1"/></contrib></contrib-group><aff id="aff1">Center for Comparative Functional Genomics, Department of Biology, New York University, New York, New York, United States of America</aff><contrib-group><contrib contrib-type="editor"><name><surname>Eisen</surname><given-names>Michael</given-names></name><role>Editor</role><xref ref-type="aff" rid="edit1"/></contrib></contrib-group><aff id="edit1">Lawrence Berkeley National Laboratory, United States of America</aff><author-notes><corresp id="cor1">*To whom correspondence should be addressed. E-mail: <email>nikolaus.rajewsky@nyu.edu</email></corresp></author-notes><pub-date pub-type="ppub"><month>6</month><year>2005</year></pub-date><pub-date pub-type="epub"><day>24</day><month>6</month><year>2005</year></pub-date><volume>1</volume><issue>1</issue><elocation-id>e13</elocation-id><history><date date-type="received"><day>7</day><month>4</month><year>2005</year></date><date date-type="accepted"><day>2</day><month>6</month><year>2005</year></date></history><permissions><copyright-statement>Copyright: © 2005 Grün et al.</copyright-statement><copyright-year>2005</copyright-year><license xlink:href="http://creativecommons.org/licenses/by/4.0/"><license-p>This is an open-access article distributed under the terms of the Creative Commons Attribution License, which permits unrestricted use, distribution, and reproduction in any medium, provided the original author and source are properly credited.</license-p></license></permissions><abstract><p>microRNAs are small noncoding genes that regulate the protein production of genes by binding to partially complementary sites in the mRNAs of targeted genes. Here, using our algorithm PicTar, we exploit cross-species comparisons to predict, on average, 54 targeted genes per microRNA above noise in <italic>Drosophila melanogaster</italic>. Analysis of the functional annotation of target genes furthermore suggests specific biological functions for many microRNAs. We also predict combinatorial targets for clustered microRNAs and find that some clustered microRNAs are likely to coordinately regulate target genes. Furthermore, we compare microRNA regulation between insects and vertebrates. We find that the widespread extent of gene regulation by microRNAs is comparable between flies and mammals but that certain microRNAs may function in clade-specific modes of gene regulation. One of these microRNAs <italic>(miR-210)</italic> is predicted to contribute to the regulation of fly oogenesis. We also list specific regulatory relationships that appear to be conserved between flies and mammals. Our findings provide the most extensive microRNA target predictions in <italic>Drosophila</italic> to date, suggest specific functional roles for most microRNAs, indicate the existence of coordinate gene regulation executed by clustered microRNAs, and shed light on the evolution of microRNA function across large evolutionary distances. All predictions are freely accessible at our searchable Web site <ext-link ext-link-type="uri" xlink:href="http://pictar.bio.nyu.edu">http://pictar.bio.nyu.edu</ext-link>.</p></abstract><abstract abstract-type="synopsis"><title>Synopsis</title><sec id="st1"><title/><p>MicroRNA genes are a recently discovered large class of small noncoding genes. These genes have been shown to regulate the expression of target genes by binding to partially complementary sites in the mRNAs of the targets. To understand microRNA function it is thus important to identify their targets. Here, the authors use their bioinformatic method, PicTar, and cross-species comparisons of several newly sequenced fly species to predict, genome wide, targets of microRNAs in <italic>Drosophila</italic>. They find that known fly microRNAs control at least 15% of all genes in <italic>D. melanogaster</italic>. They also show that genomic clusters of microRNAs are likely to coordinately regulate target genes. Analysis of the functional annotation of target genes furthermore suggests specific biological functions for many microRNAs. All predictions are freely accessible at <ext-link ext-link-type="uri" xlink:href="http://pictar.bio.nyu.edu">http://pictar.bio.nyu.edu</ext-link>. Finally, Grün et al. compare the function of microRNAs across flies and mammals. They find that (a) the overall extent of microRNA gene regulation is comparable between both clades, (b) the number of targets for a conserved microRNA in flies correlates with the number of targets in mammals, (c) some conserved microRNAs may function in clade-specific modes of gene regulation, and (d) some specific microRNA–target regulatory relationships may be conserved between both clades.</p></sec></abstract><counts><page-count count="16"/></counts><custom-meta-group><custom-meta><meta-name>Citation:</meta-name><meta-value>Grün D, Wang YL, Langenberger D, Gunsalus KC, Rajewsky N (2005) microRNA target predictions across seven <italic>Drosophila</italic> species and comparison to mammalian targets. PLoS Comput Biol 1(1): e13.</meta-value></custom-meta></custom-meta-group></article-meta></front></article>