<article xmlns="https://jats.nlm.nih.gov/ns/archiving/1.2/" xmlns:xsi="http://www.w3.org/2001/XMLSchema-instance" xmlns:ali="http://www.niso.org/schemas/ali/1.0/" xmlns:mml="http://www.w3.org/1998/Math/MathML" xmlns:xlink="http://www.w3.org/1999/xlink" xsi:schemaLocation="https://jats.nlm.nih.gov/ns/archiving/1.2/ https://jats.nlm.nih.gov/archiving/1.2/xsd/JATS-archivearticle1.xsd" article-type="research-article"><front><journal-meta><journal-id journal-id-type="nlm-ta">PLoS Comput Biol</journal-id><journal-id journal-id-type="iso-abbrev">PLoS Comput. Biol</journal-id><journal-id journal-id-type="publisher-id">pcbi</journal-id><journal-id journal-id-type="publisher-id">plcb</journal-id><journal-id journal-id-type="pmc">ploscomp</journal-id><journal-title-group><journal-title>PLoS Computational Biology</journal-title></journal-title-group><issn pub-type="ppub">1553-734X</issn><issn pub-type="epub">1553-7358</issn><publisher><publisher-name>Public Library of Science</publisher-name><publisher-loc>San Francisco, USA</publisher-loc></publisher></journal-meta><article-meta><article-id pub-id-type="accession">PMC1378107</article-id><article-id pub-id-type="pmcid">PMC1378107</article-id><article-id pub-id-type="pmc-uid">1378107</article-id><article-id pub-id-type="pmid">16501665</article-id><article-id pub-id-type="pmid">16501665</article-id><article-id pub-id-type="doi">10.1371/journal.pcbi.0020014</article-id><article-id pub-id-type="publisher-id">05-PLCB-RA-0154R3</article-id><article-id pub-id-type="sici">plcb-02-02-07</article-id><article-categories><subj-group subj-group-type="heading"><subject>Research Article</subject></subj-group><subj-group subj-group-type="Discipline"><subject>Bioinformatics - Computational Biology</subject><subject>Evolution</subject><subject>Statistics</subject></subj-group><subj-group subj-group-type="System Taxonomy"><subject>Homo (Human)</subject><subject>Mus (Mouse)</subject></subj-group></article-categories><title-group><article-title>The Fragile Breakage versus Random Breakage Models of Chromosome Evolution</article-title><alt-title alt-title-type="running-head">Models of Chromosome Evolution</alt-title></title-group><contrib-group><contrib contrib-type="author"><name><surname>Peng</surname><given-names>Qian</given-names></name><xref ref-type="aff" rid="aff1">1</xref></contrib><contrib contrib-type="author"><name><surname>Pevzner</surname><given-names>Pavel A</given-names></name><xref ref-type="aff" rid="aff1">1</xref></contrib><contrib contrib-type="author"><name><surname>Tesler</surname><given-names>Glenn</given-names></name><xref ref-type="aff" rid="aff2">2</xref><xref ref-type="corresp" rid="cor1">*</xref></contrib></contrib-group><aff id="aff1"><label>1</label> Department of Computer Science and Engineering, University of California San Diego, La Jolla, California, United States of America
</aff><aff id="aff2"><label>2</label> Department of Mathematics, University of California San Diego, La Jolla, California, United States of America
</aff><contrib-group><contrib contrib-type="editor"><name><surname>Bourne</surname><given-names>Phillip</given-names></name><role>Editor</role><xref ref-type="aff" rid="edit1"/></contrib></contrib-group><aff id="edit1">University of California San Diego, United States of America</aff><author-notes><corresp id="cor1">* To whom correspondence should be addressed. E-mail: <email>gptesler@ucsd.edu</email></corresp></author-notes><pub-date pub-type="ppub"><month>2</month><year>2006</year></pub-date><pub-date pub-type="epub"><day>24</day><month>2</month><year>2006</year></pub-date><volume>2</volume><issue>2</issue><elocation-id>e14</elocation-id><history><date date-type="received"><day>7</day><month>7</month><year>2005</year></date><date date-type="accepted"><day>17</day><month>1</month><year>2006</year></date></history><permissions><copyright-statement> © 2006 Peng et al.</copyright-statement><copyright-year>2006</copyright-year><license xlink:href="http://creativecommons.org/licenses/by/4.0/"><license-p>This is an open-access article distributed under the terms of the Creative Commons Attribution License, which permits unrestricted use, distribution, and reproduction in any medium, provided the original author and source are properly credited.</license-p></license></permissions><abstract><p>For many years, studies of chromosome evolution were dominated by the random breakage theory, which implies that there are no rearrangement hot spots in the human genome. In 2003, Pevzner and Tesler argued against the random breakage model and proposed an alternative “fragile breakage” model of chromosome evolution. In 2004, Sankoff and Trinh argued against the fragile breakage model and raised doubts that Pevzner and Tesler provided any evidence of rearrangement hot spots. We investigate whether Sankoff and Trinh indeed revealed a flaw in the arguments of Pevzner and Tesler. We show that Sankoff and Trinh's synteny block identification algorithm makes erroneous identifications even in small toy examples and that their parameters do not reflect the realities of the comparative genomic architecture of human and mouse. We further argue that if Sankoff and Trinh had fixed these problems, their arguments in support of the random breakage model would disappear. Finally, we study the link between rearrangements and regulatory regions and argue that long regulatory regions and inhomogeneity of gene distribution in mammalian genomes may be responsible for the breakpoint reuse phenomenon.</p></abstract><abstract abstract-type="synopsis"><title>Synopsis</title><p>Genomes are constantly changing. If a genome is compared to a continental landform, then one type of change—point mutations—is analogous to gradual changes in the landscape due to erosion by wind and water. A second type of change—genome rearrangements—comprises evolutionary “earthquakes” that dramatically change the landscape. A fundamental question in studies of chromosome evolution is whether these earthquakes are happening along evolutionary “faults” (hot spots of rearrangements) or at “random” genomic positions. For many years, studies of chromosome evolution were dominated by the random breakage theory, which implies that there are no rearrangement hot spots in the human genome. In 2003, Pevzner and Tesler argued against the random breakage model and proposed an alternative “fragile breakage” model of chromosome evolution. In 2004, Sankoff and Trinh performed a series of computational simulations that argued against the fragile breakage model and raised doubts that Pevzner and Tesler provided any evidence of rearrangement hot spots. The authors show that Sankoff and Trinh's simulation misidentifies synteny blocks, that it does not accurately simulate what Pevzner and Tesler (2003) did, and that the parameters of Sankoff and Trinh do not reflect the realities of the comparative genomic architecture of human and mouse.</p></abstract><counts><page-count count="12"/></counts><custom-meta-group><custom-meta><meta-name>Citation:</meta-name><meta-value>Peng Q, Pevzner PA, Tesler G (2006) The fragile breakage versus random breakage models of chromosome evolution. PLoS Comput Biol 2(2): e14.</meta-value></custom-meta></custom-meta-group></article-meta></front></article>