<article xmlns="https://jats.nlm.nih.gov/ns/archiving/1.2/" xmlns:xsi="http://www.w3.org/2001/XMLSchema-instance" xmlns:ali="http://www.niso.org/schemas/ali/1.0/" xmlns:mml="http://www.w3.org/1998/Math/MathML" xmlns:xlink="http://www.w3.org/1999/xlink" xsi:schemaLocation="https://jats.nlm.nih.gov/ns/archiving/1.2/ https://jats.nlm.nih.gov/archiving/1.2/xsd/JATS-archivearticle1.xsd" article-type="research-article"><front><journal-meta><journal-id journal-id-type="nlm-ta">PLoS Comput Biol</journal-id><journal-id journal-id-type="iso-abbrev">PLoS Comput. Biol</journal-id><journal-id journal-id-type="publisher-id">pcbi</journal-id><journal-id journal-id-type="publisher-id">plcb</journal-id><journal-id journal-id-type="pmc">ploscomp</journal-id><journal-title-group><journal-title>PLoS Computational Biology</journal-title></journal-title-group><issn pub-type="ppub">1553-734X</issn><issn pub-type="epub">1553-7358</issn><publisher><publisher-name>Public Library of Science</publisher-name><publisher-loc>San Francisco, USA</publisher-loc></publisher></journal-meta><article-meta><article-id pub-id-type="accession">PMC1570370</article-id><article-id pub-id-type="pmcid">PMC1570370</article-id><article-id pub-id-type="pmc-uid">1570370</article-id><article-id pub-id-type="pmid">17002495</article-id><article-id pub-id-type="pmid">17002495</article-id><article-id pub-id-type="doi">10.1371/journal.pcbi.0020131</article-id><article-id pub-id-type="publisher-id">06-PLCB-RA-0143R3</article-id><article-id pub-id-type="sici">plcb-02-09-12</article-id><article-categories><subj-group subj-group-type="heading"><subject>Research Article</subject></subj-group><subj-group subj-group-type="Discipline"><subject>Bioinformatics - Computational Biology</subject></subj-group><subj-group subj-group-type="System Taxonomy"><subject>Local Structural Bias</subject><subject>Levinthal Paradox</subject><subject>Conformational Sampling</subject><subject>Directional Statistics</subject><subject>Probabilistic Model</subject></subj-group></article-categories><title-group><article-title>Sampling Realistic Protein Conformations Using Local Structural Bias</article-title><alt-title alt-title-type="running-head">Local Structural Bias</alt-title></title-group><contrib-group><contrib contrib-type="author"><name><surname>Hamelryck</surname><given-names>Thomas</given-names></name><xref ref-type="aff" rid="aff1">1</xref><xref ref-type="corresp" rid="cor1">*</xref></contrib><contrib contrib-type="author"><name><surname>Kent</surname><given-names>John T</given-names></name><xref ref-type="aff" rid="aff2">2</xref></contrib><contrib contrib-type="author"><name><surname>Krogh</surname><given-names>Anders</given-names></name><xref ref-type="aff" rid="aff1">1</xref></contrib></contrib-group><aff id="aff1"><label>1</label>Bioinformatics Center, Institute of Molecular Biology and Physiology, University of Copenhagen, Copenhagen, Denmark
</aff><aff id="aff2"><label>2</label>The Department of Statistics, The University of Leeds, Leeds, West Yorkshire, United Kingdom
</aff><contrib-group><contrib contrib-type="editor"><name><surname>Lai</surname><given-names>Luhua</given-names></name><role>Editor</role><xref ref-type="aff" rid="edit1"/></contrib></contrib-group><aff id="edit1">Peking University, China</aff><author-notes><corresp id="cor1">* To whom correspondence should be addressed. E-mail: <email>thamelry@binf.ku.dk</email></corresp></author-notes><pub-date pub-type="ppub"><month>9</month><year>2006</year></pub-date><pub-date pub-type="epub"><day>22</day><month>9</month><year>2006</year></pub-date><pub-date pub-type="epreprint"><day>21</day><month>8</month><year>2006</year></pub-date><volume>2</volume><issue>9</issue><elocation-id>e131</elocation-id><history><date date-type="received"><day>20</day><month>4</month><year>2006</year></date><date date-type="accepted"><day>21</day><month>8</month><year>2006</year></date></history><permissions><copyright-statement> © 2006 Hamelryck et al.</copyright-statement><copyright-year>2006</copyright-year><license xlink:href="http://creativecommons.org/licenses/by/4.0/"><license-p>This is an open-access article distributed under the terms of the Creative Commons Attribution License, which permits unrestricted use, distribution, and reproduction in any medium, provided the original author and source are properly credited.</license-p></license></permissions><!--<related-article preprintResearch Article10.1371/journal.pcbi.0020131.eorsimple>Sampling realistic protein conformations using local structural bias</related-article>--><abstract><p>The prediction of protein structure from sequence remains a major unsolved problem in biology. The most successful protein structure prediction methods make use of a divide-and-conquer strategy to attack the problem: a conformational sampling method generates plausible candidate structures, which are subsequently accepted or rejected using an energy function. Conceptually, this often corresponds to separating local structural bias from the long-range interactions that stabilize the compact, native state. However, sampling protein conformations that are compatible with the local structural bias encoded in a given protein sequence is a long-standing open problem, especially in continuous space. We describe an elegant and mathematically rigorous method to do this, and show that it readily generates native-like protein conformations simply by enforcing compactness. Our results have far-reaching implications for protein structure prediction, determination, simulation, and design.</p></abstract><abstract abstract-type="synopsis"><title>Synopsis</title><p>Protein structure prediction is one of the main unsolved problems in computational biology today. A common way to tackle the problem is to generate plausible protein conformations using a fairly inaccurate but fast method, and to evaluate the conformations using an accurate but slow method. The main bottleneck lies in the first step, that is, efficiently exploring protein conformational space. Currently, the best way to do this is to construct plausible structures by stringing together fragments from experimentally determined protein structures, a method called fragment assembly. Hamelryck, Kent, and Krogh present a new method that can efficiently generate protein conformations that are compatible with a given protein sequence. Unlike for existing methods, the generated conformations cover a continuous range and come with an associated probability. The method shows great promise for use in protein structure prediction, determination, simulation, and design.</p></abstract><counts><page-count count="13"/></counts><custom-meta-group><custom-meta><meta-name>citation</meta-name><meta-value>Hamelryck T, Kent JT, Krogh A (2006) Sampling realistic protein conformations using local structural bias. PLoS Comput Biol 2(9): e131. DOI: <ext-link ext-link-type="doi" xlink:href="10.1371/journal.pcbi.0020131">10.1371/journal.pcbi.0020131</ext-link></meta-value></custom-meta></custom-meta-group></article-meta></front></article>