<article xmlns="https://jats.nlm.nih.gov/ns/archiving/1.2/" xmlns:xsi="http://www.w3.org/2001/XMLSchema-instance" xmlns:ali="http://www.niso.org/schemas/ali/1.0/" xmlns:mml="http://www.w3.org/1998/Math/MathML" xmlns:xlink="http://www.w3.org/1999/xlink" xsi:schemaLocation="https://jats.nlm.nih.gov/ns/archiving/1.2/ https://jats.nlm.nih.gov/archiving/1.2/xsd/JATS-archivearticle1.xsd" article-type="research-article"><front><journal-meta><journal-id journal-id-type="nlm-ta">PLoS Comput Biol</journal-id><journal-id journal-id-type="iso-abbrev">PLoS Comput. Biol</journal-id><journal-id journal-id-type="publisher-id">pcbi</journal-id><journal-id journal-id-type="publisher-id">plcb</journal-id><journal-id journal-id-type="pmc">ploscomp</journal-id><journal-title-group><journal-title>PLoS Computational Biology</journal-title></journal-title-group><issn pub-type="ppub">1553-734X</issn><issn pub-type="epub">1553-7358</issn><publisher><publisher-name>Public Library of Science</publisher-name><publisher-loc>San Francisco, USA</publisher-loc></publisher></journal-meta><article-meta><article-id pub-id-type="accession">PMC1289391</article-id><article-id pub-id-type="pmcid">PMC1289391</article-id><article-id pub-id-type="pmc-uid">1289391</article-id><article-id pub-id-type="pmid">16322764</article-id><article-id pub-id-type="pmid">16322764</article-id><article-id pub-id-type="doi">10.1371/journal.pcbi.0010064</article-id><article-id pub-id-type="publisher-id">05-PLCB-RA-0168R1</article-id><article-id pub-id-type="sici">plcb-01-06-05</article-id><article-categories><subj-group subj-group-type="heading"><subject>Research Article</subject></subj-group><subj-group subj-group-type="Discipline"><subject>Bioinformatics - Computational Biology</subject><subject>Genetics/Functional Genomics</subject><subject>Neuroscience</subject><subject>Systems Biology</subject></subj-group><subj-group subj-group-type="System Taxonomy"><subject>Saccharomyces</subject><subject>Caenorhabditis</subject></subj-group></article-categories><title-group><article-title>Quantitative Analysis of Genetic and Neuronal Multi-Perturbation Experiments</article-title><alt-title alt-title-type="running-head">Quantitative Multi-Perturbation Analysis</alt-title></title-group><contrib-group><contrib contrib-type="author" equal-contrib="yes"><name><surname>Kaufman</surname><given-names>Alon</given-names></name><xref ref-type="aff" rid="aff1">1</xref><xref ref-type="corresp" rid="cor1">*</xref></contrib><contrib contrib-type="author" equal-contrib="yes"><name><surname>Keinan</surname><given-names>Alon</given-names></name><xref ref-type="aff" rid="aff2">2</xref></contrib><contrib contrib-type="author"><name><surname>Meilijson</surname><given-names>Isaac</given-names></name><xref ref-type="aff" rid="aff3">3</xref></contrib><contrib contrib-type="author"><name><surname>Kupiec</surname><given-names>Martin</given-names></name><xref ref-type="aff" rid="aff4">4</xref></contrib><contrib contrib-type="author"><name><surname>Ruppin</surname><given-names>Eytan</given-names></name><xref ref-type="aff" rid="aff2">2</xref><xref ref-type="aff" rid="aff5">5</xref><xref ref-type="corresp" rid="cor1">*</xref></contrib></contrib-group><aff id="aff1"><label>1</label> Interdisciplinary Center for Neural Computation, Hebrew University, Jerusalem, Israel
</aff><aff id="aff2"><label>2</label> School of Computer Science, Tel-Aviv University, Tel-Aviv, Israel
</aff><aff id="aff3"><label>3</label> School of Mathematical Sciences, Tel-Aviv University, Tel-Aviv, Israel
</aff><aff id="aff4"><label>4</label> Department of Molecular Microbiology and Biotechnology, Tel-Aviv University, Tel-Aviv, Israel
</aff><aff id="aff5"><label>5</label> School of Medicine, Tel-Aviv University, Tel-Aviv, Israel
</aff><contrib-group><contrib contrib-type="editor"><name><surname>Sander</surname><given-names>Chris</given-names></name><role>Editor</role><xref ref-type="aff" rid="edit1"/></contrib></contrib-group><aff id="edit1">Memorial Sloan Kettering Cancer Center, United States of America</aff><author-notes><corresp id="cor1">* To whom correspondence should be addressed. E-mail: <email>kalon@post.tau.ac.il</email> (AK), <email>ruppin@post.tau.ac.il</email> (ER) </corresp></author-notes><pub-date pub-type="ppub"><month>11</month><year>2005</year></pub-date><pub-date pub-type="epub"><day>25</day><month>11</month><year>2005</year></pub-date><pub-date pub-type="epreprint"><day>26</day><month>10</month><year>2005</year></pub-date><volume>1</volume><issue>6</issue><elocation-id>e64</elocation-id><history><date date-type="received"><day>17</day><month>7</month><year>2005</year></date><date date-type="accepted"><day>26</day><month>10</month><year>2005</year></date></history><permissions><copyright-statement>Copyright: © 2005 Kaufman et al.</copyright-statement><copyright-year>2005</copyright-year><license xlink:href="http://creativecommons.org/licenses/by/4.0/"><license-p>This is an open-access article distributed under the terms of the Creative Commons Attribution License, which permits unrestricted use, distribution, and reproduction in any medium, provided the original author and source are properly credited.</license-p></license></permissions><!--<related-article preprintresearch10.1371/journal.pcbi.0010064.eorsimple>
            Quantitative Analysis of Genetic and Neuronal Multi-Perturbation Experiments
         </related-article>--><abstract><p>Perturbation studies, in which functional performance is measured after deletion, mutation, or lesion of elements of a biological system, have been traditionally employed in many fields in biology. The vast majority of these studies have been qualitative and have employed single perturbations, often resulting in little phenotypic effect. Recently, newly emerging experimental techniques have allowed researchers to carry out concomitant multi-perturbations and to uncover the causal functional contributions of system elements. This study presents a rigorous and quantitative multi-perturbation analysis of gene knockout and neuronal ablation experiments. In both cases, a quantification of the elements' contributions, and new insights and predictions, are provided. Multi-perturbation analysis has a potentially wide range of applications and is gradually becoming an essential tool in biology.</p></abstract><abstract abstract-type="synopsis"><title>Synopsis</title><p>Which are the important elements of a system? What are their relative contributions to the performance of the various tasks the system is involved in? These simple and basic questions typically arise when analyzing the workings of any system, and of biological systems in particular. In the latter, the elements may be genes, proteins, cells, or tissues, depending on the level and scope of the analysis. To address these questions in a causal manner, perturbations are required, where the elements are perturbed and the resulting performance function is recorded. This approach has been one of the cornerstones of biological research. However, it has usually been confined to the perturbation of a single element at a time, which may lead to misleading results if the elements of the system functionally interact with each other. This paper addresses these questions by providing a quantitative and rigorous method for the analysis of multi-perturbation experiments, where more than one element may be concomitantly perturbed. The workings of the new method are demonstrated in the analysis of genetic multi-knockout experiments of DNA repair in the yeast <italic>Saccharomyces cerevisiae</italic> and a neural circuit in the nematode <italic>Caenorhabditis elegans</italic> accounting for chemotaxis. However, the method is general and can be applied to study many other systems in numerous pertinent biological domains.</p></abstract><counts><page-count count="7"/></counts><custom-meta-group><custom-meta><meta-name>Citation:</meta-name><meta-value>Kaufman A, Keinan A, Meilijson I, Kupiec M, Ruppin E (2005) Quantitative analysis of genetic and neuronal multi-perturbation experiments. PLoS Comput Biol 1(6): e64.</meta-value></custom-meta></custom-meta-group></article-meta></front></article>