<article xmlns="https://jats.nlm.nih.gov/ns/archiving/1.2/" xmlns:xsi="http://www.w3.org/2001/XMLSchema-instance" xmlns:ali="http://www.niso.org/schemas/ali/1.0/" xmlns:mml="http://www.w3.org/1998/Math/MathML" xmlns:xlink="http://www.w3.org/1999/xlink" xsi:schemaLocation="https://jats.nlm.nih.gov/ns/archiving/1.2/ https://jats.nlm.nih.gov/archiving/1.2/xsd/JATS-archivearticle1.xsd" article-type="other"><front><journal-meta><journal-id journal-id-type="nlm-ta">PLoS Comput Biol</journal-id><journal-id journal-id-type="iso-abbrev">PLoS Comput. Biol</journal-id><journal-id journal-id-type="publisher-id">pcbi</journal-id><journal-id journal-id-type="publisher-id">plcb</journal-id><journal-id journal-id-type="pmc">ploscomp</journal-id><journal-title-group><journal-title>PLoS Computational Biology</journal-title></journal-title-group><issn pub-type="ppub">1553-734X</issn><issn pub-type="epub">1553-7358</issn><publisher><publisher-name>Public Library of Science</publisher-name><publisher-loc>San Francisco, USA</publisher-loc></publisher></journal-meta><article-meta><article-id pub-id-type="accession">PMC1904388</article-id><article-id pub-id-type="pmcid">PMC1904388</article-id><article-id pub-id-type="pmc-uid">1904388</article-id><article-id pub-id-type="pmid">17604447</article-id><article-id pub-id-type="pmid">17604447</article-id><article-id pub-id-type="doi">10.1371/journal.pcbi.0030128</article-id><article-id pub-id-type="sici">plcb-03-06-18</article-id><article-categories><subj-group subj-group-type="heading"><subject>Message from ISCB</subject></subj-group></article-categories><title-group><article-title>ISCB Honors Temple F. Smith and Eran Segal</article-title></title-group><contrib-group><contrib contrib-type="author"><name><surname>Maisel</surname><given-names>Merry</given-names></name></contrib></contrib-group><author-notes><corresp id="cor1">Merry Maisel is a freelance science writer based in, San Diego, California, United States of America. E-mail: <email>merry.maisel@gmail.com</email>. (General queries about the ISCB and its annual awards should be directed to B. J. Morrison McKay: <email>bj@iscb.org</email>.)</corresp></author-notes><pub-date pub-type="ppub"><month>6</month><year>2007</year></pub-date><pub-date pub-type="epub"><day>29</day><month>6</month><year>2007</year></pub-date><volume>3</volume><issue>6</issue><elocation-id>e128</elocation-id><permissions><copyright-statement> © 2007 Merry Maisel.</copyright-statement><copyright-year>2007</copyright-year><license xlink:href="http://creativecommons.org/licenses/by/4.0/"><license-p>This is an open-access article distributed under the terms of the Creative Commons Attribution License, which permits unrestricted use, distribution, and reproduction in any medium, provided the original author and source are properly credited.</license-p></license></permissions><counts><page-count count="3"/></counts><custom-meta-group><custom-meta><meta-name>citation</meta-name><meta-value>Maisel M (2007) ISCB honors Temple F. Smith and Eran Segal. PLoS Comput Biol 3(6): e128. doi:<ext-link ext-link-type="doi" xlink:href="10.1371/journal.pcbi.0030125">10.1371/journal.pcbi.0030128</ext-link></meta-value></custom-meta></custom-meta-group></article-meta></front></article>