<article xmlns="https://jats.nlm.nih.gov/ns/archiving/1.2/" xmlns:xsi="http://www.w3.org/2001/XMLSchema-instance" xmlns:ali="http://www.niso.org/schemas/ali/1.0/" xmlns:mml="http://www.w3.org/1998/Math/MathML" xmlns:xlink="http://www.w3.org/1999/xlink" xsi:schemaLocation="https://jats.nlm.nih.gov/ns/archiving/1.2/ https://jats.nlm.nih.gov/archiving/1.2/xsd/JATS-archivearticle1.xsd" article-type="research-article"><front><journal-meta><journal-id journal-id-type="nlm-ta">PLoS Comput Biol</journal-id><journal-id journal-id-type="iso-abbrev">PLoS Comput. Biol</journal-id><journal-id journal-id-type="publisher-id">pcbi</journal-id><journal-id journal-id-type="publisher-id">plcb</journal-id><journal-id journal-id-type="pmc">ploscomp</journal-id><journal-title-group><journal-title>PLoS Computational Biology</journal-title></journal-title-group><issn pub-type="ppub">1553-734X</issn><issn pub-type="epub">1553-7358</issn><publisher><publisher-name>Public Library of Science</publisher-name><publisher-loc>San Francisco, USA</publisher-loc></publisher></journal-meta><article-meta><article-id pub-id-type="accession">PMC1924874</article-id><article-id pub-id-type="pmcid">PMC1924874</article-id><article-id pub-id-type="pmc-uid">1924874</article-id><article-id pub-id-type="pmid">17658944</article-id><article-id pub-id-type="pmid">17658944</article-id><article-id pub-id-type="doi">10.1371/journal.pcbi.0030142</article-id><article-id pub-id-type="publisher-id">07-PLCB-RA-0107R2</article-id><article-id pub-id-type="sici">plcb-03-07-20</article-id><article-categories><subj-group subj-group-type="heading"><subject>Research Article</subject></subj-group><subj-group subj-group-type="Discipline"><subject>Cardiovascular Disorders</subject><subject>Cardiovascular Disorders</subject><subject>Computational Biology</subject><subject>Computational Biology</subject><subject>Computational Biology</subject></subj-group><subj-group subj-group-type="System Taxonomy"><subject>Systems Biology</subject><subject>Fragility and Robustness</subject><subject>Mathematical Modeling</subject><subject>Coagulation</subject></subj-group></article-categories><title-group><article-title>Computationally Derived Points of Fragility of a Human Cascade Are Consistent with Current Therapeutic Strategies</article-title><alt-title alt-title-type="running-head">Fragility of the Coagulation Cascade </alt-title></title-group><contrib-group><contrib contrib-type="author"><name><surname>Luan</surname><given-names>Deyan</given-names></name><xref ref-type="aff" rid="aff1"/></contrib><contrib contrib-type="author"><name><surname>Zai</surname><given-names>Michael</given-names></name><xref ref-type="aff" rid="aff1"/></contrib><contrib contrib-type="author"><name><surname>Varner</surname><given-names>Jeffrey D</given-names></name><xref ref-type="corresp" rid="cor1">*</xref><xref ref-type="aff" rid="aff1"/></contrib></contrib-group><aff id="aff1">Department of Chemical and Biomolecular Engineering, Cornell University, Ithaca, New York, United States of America</aff><contrib-group><contrib contrib-type="editor"><name><surname>Miyano</surname><given-names>Satoru</given-names></name><role>Editor</role><xref ref-type="aff" rid="edit1"/></contrib></contrib-group><aff id="edit1">The University of Tokyo, Japan</aff><author-notes><corresp id="cor1">* To whom correspondence should be addressed. E-mail: <email>jdv27@cornell.edu</email></corresp></author-notes><pub-date pub-type="ppub"><month>7</month><year>2007</year></pub-date><pub-date pub-type="epub"><day>20</day><month>7</month><year>2007</year></pub-date><pub-date pub-type="epreprint"><day>7</day><month>6</month><year>2007</year></pub-date><volume>3</volume><issue>7</issue><elocation-id>e142</elocation-id><history><date date-type="received"><day>2</day><month>3</month><year>2007</year></date><date date-type="accepted"><day>5</day><month>6</month><year>2007</year></date></history><permissions><copyright-statement> © 2007 Luan et al.</copyright-statement><copyright-year>2007</copyright-year><license xlink:href="http://creativecommons.org/licenses/by/4.0/"><license-p>This is an open-access article distributed under the terms of the Creative Commons Attribution License, which permits unrestricted use, distribution, and reproduction in any medium, provided the original author and source are properly credited.</license-p></license></permissions><!--<related-article preprintResearch Article10.1371/journal.pcbi.0030142.eorsimple>Computationally Derived Points of Fragility of a Human Cascade Are Consistent with Current Therapeutic Strategies</related-article>--><abstract><p>The role that mechanistic mathematical modeling and systems biology will play in molecular medicine and clinical development remains uncertain. In this study, mathematical modeling and sensitivity analysis were used to explore the working hypothesis that mechanistic models of human cascades, despite model uncertainty, can be computationally screened for points of fragility, and that these sensitive mechanisms could serve as therapeutic targets. We tested our working hypothesis by screening a model of the well-studied coagulation cascade, developed and validated from literature. The predicted sensitive mechanisms were then compared with the treatment literature. The model, composed of 92 proteins and 148 protein–protein interactions, was validated using 21 published datasets generated from two different quiescent in vitro coagulation models. Simulated platelet activation and thrombin generation profiles in the presence and absence of natural anticoagulants were consistent with measured values, with a mean correlation of 0.87 across all trials. Overall state sensitivity coefficients, which measure the robustness or fragility of a given mechanism, were calculated using a Monte Carlo strategy. In the absence of anticoagulants, fluid and surface phase factor X/activated factor X (fX/FXa) activity and thrombin-mediated platelet activation were found to be fragile, while fIX/FIXa and fVIII/FVIIIa activation and activity were robust. Both anti-fX/FXa and direct thrombin inhibitors are important classes of anticoagulants; for example, anti-fX/FXa inhibitors have FDA approval for the prevention of venous thromboembolism following surgical intervention and as an initial treatment for deep venous thrombosis and pulmonary embolism. Both in vitro and in vivo experimental evidence is reviewed supporting the prediction that fIX/FIXa activity is robust. When taken together, these results support our working hypothesis that computationally derived points of fragility of human relevant cascades could be used as a rational basis for target selection despite model uncertainty.</p></abstract><abstract abstract-type="summary"><title>Author Summary</title><sec id="st1"><title/><p>To date, mechanistic mathematical modeling, in general, has not played a significant role in the development of new therapies for cancer, cardiovascular diseases, or the treatment of acute events like thrombosis during surgery. One critical issue often cited for the lack of interest has been uncertainty; the conventional wisdom is that the data requirement to fully determine and validate large mechanistic models is just too high. We show, using tools from systems biology and sensitivity analysis, that it may be possible to extract qualitative information about the critical elements of human relevant cascades despite model uncertainty. Using a mechanistic model of the human coagulation cascade, we were able to identify the critical mechanisms controlling the formation of thrombin, a key protein active in the formation of blood clots. We were further able to support the hypothesis that the critical mechanisms identified by our analysis could serve as drug targets by comparing our findings with the thrombosis treatment literature and with current clinical trials. The results support the notion that mechanistic models could be used, despite model uncertainty, to pinpoint key mechanisms in complex networks, and that these mechanisms could potentially be therapeutically exploited.</p></sec></abstract><counts><page-count count="13"/></counts><custom-meta-group><custom-meta><meta-name>citation</meta-name><meta-value>Luan D, Zai M, Varner JD (2007) Computationally derived points of fragility of a human cascade are consistent with current therapeutic strategies. PLoS Comput Biol 3(7): e142. doi:<ext-link ext-link-type="doi" xlink:href="10.1371/journal.pcbi.0030142">10.1371/journal.pcbi.0030142</ext-link></meta-value></custom-meta></custom-meta-group></article-meta></front></article>