<article xmlns="https://jats.nlm.nih.gov/ns/archiving/1.2/" xmlns:xsi="http://www.w3.org/2001/XMLSchema-instance" xmlns:ali="http://www.niso.org/schemas/ali/1.0/" xmlns:mml="http://www.w3.org/1998/Math/MathML" xmlns:xlink="http://www.w3.org/1999/xlink" xsi:schemaLocation="https://jats.nlm.nih.gov/ns/archiving/1.2/ https://jats.nlm.nih.gov/archiving/1.2/xsd/JATS-archivearticle1.xsd" article-type="research-article"><front><journal-meta><journal-id journal-id-type="nlm-ta">PLoS Comput Biol</journal-id><journal-id journal-id-type="iso-abbrev">PLoS Comput. Biol</journal-id><journal-id journal-id-type="publisher-id">pcbi</journal-id><journal-id journal-id-type="publisher-id">plcb</journal-id><journal-id journal-id-type="pmc">ploscomp</journal-id><journal-title-group><journal-title>PLoS Computational Biology</journal-title></journal-title-group><issn pub-type="ppub">1553-734X</issn><issn pub-type="epub">1553-7358</issn><publisher><publisher-name>Public Library of Science</publisher-name><publisher-loc>San Francisco, USA</publisher-loc></publisher></journal-meta><article-meta><article-id pub-id-type="accession">PMC1829479</article-id><article-id pub-id-type="pmcid">PMC1829479</article-id><article-id pub-id-type="pmc-uid">1829479</article-id><article-id pub-id-type="pmid">17381237</article-id><article-id pub-id-type="pmid">17381237</article-id><article-id pub-id-type="doi">10.1371/journal.pcbi.0030055</article-id><article-id pub-id-type="publisher-id">06-PLCB-RA-0464R2</article-id><article-id pub-id-type="sici">plcb-03-03-18</article-id><article-categories><subj-group subj-group-type="heading"><subject>Research Article</subject></subj-group><subj-group subj-group-type="Discipline"><subject>Computational Biology</subject></subj-group><subj-group subj-group-type="System Taxonomy"><subject>Homo (Human)</subject></subj-group></article-categories><title-group><article-title>Dynamic Simulations on the Arachidonic Acid Metabolic Network</article-title><alt-title alt-title-type="running-head">The Arachidonic Acid Metabolic Network</alt-title></title-group><contrib-group><contrib contrib-type="author"><name><surname>Yang</surname><given-names>Kun</given-names></name><xref ref-type="aff" rid="aff1">1</xref><xref ref-type="aff" rid="aff2">2</xref></contrib><contrib contrib-type="author"><name><surname>Ma</surname><given-names>Wenzhe</given-names></name><xref ref-type="aff" rid="aff1">1</xref><xref ref-type="aff" rid="aff2">2</xref></contrib><contrib contrib-type="author"><name><surname>Liang</surname><given-names>Huanhuan</given-names></name><xref ref-type="aff" rid="aff1">1</xref></contrib><contrib contrib-type="author"><name><surname>Ouyang</surname><given-names>Qi</given-names></name><xref ref-type="aff" rid="aff2">2</xref></contrib><contrib contrib-type="author"><name><surname>Tang</surname><given-names>Chao</given-names></name><xref ref-type="aff" rid="aff2">2</xref></contrib><contrib contrib-type="author"><name><surname>Lai</surname><given-names>Luhua</given-names></name><xref ref-type="aff" rid="aff1">1</xref><xref ref-type="aff" rid="aff2">2</xref><xref ref-type="corresp" rid="cor1">*</xref></contrib></contrib-group><aff id="aff1"><label>1</label> Beijing National Laboratory for Molecular Sciences, State Key Laboratory for Structural Chemistry of Unstable and Stable Species, College of Chemistry and Molecular Engineering, Peking University, Beijing, China
</aff><aff id="aff2"><label>2</label> Center for Theoretical Biology, Peking University, Beijing, China
</aff><contrib-group><contrib contrib-type="editor"><name><surname>Russell</surname><given-names>Robert B</given-names></name><role>Editor</role><xref ref-type="aff" rid="edit1"/></contrib></contrib-group><aff id="edit1">European Molecular Biology Laboratory, Germany</aff><author-notes><corresp id="cor1">* To whom correspondence should be addressed. E-mail: <email>lhlai@pku.edu.cn</email></corresp></author-notes><pub-date pub-type="ppub"><month>3</month><year>2007</year></pub-date><pub-date pub-type="epub"><day>23</day><month>3</month><year>2007</year></pub-date><pub-date pub-type="epreprint"><day>7</day><month>2</month><year>2007</year></pub-date><volume>3</volume><issue>3</issue><elocation-id>e55</elocation-id><history><date date-type="received"><day>6</day><month>11</month><year>2006</year></date><date date-type="accepted"><day>6</day><month>2</month><year>2007</year></date></history><permissions><copyright-statement> © 2007 Yang et al.</copyright-statement><copyright-year>2007</copyright-year><license xlink:href="http://creativecommons.org/licenses/by/4.0/"><license-p>This is an open-access article distributed under the terms of the Creative Commons Attribution License, which permits unrestricted use, distribution, and reproduction in any medium, provided the original author and source are properly credited.</license-p></license></permissions><!--<related-article preprintResearch Article10.1371/journal.pcbi.0030055.eorsimple>Dynamic simulations on the Arachidonic Acid Metabolic Network</related-article>--><abstract><p>Drug molecules not only interact with specific targets, but also alter the state and function of the associated biological network. How to design drugs and evaluate their functions at the systems level becomes a key issue in highly efficient and low–side-effect drug design. The arachidonic acid metabolic network is the network that produces inflammatory mediators, in which several enzymes, including cyclooxygenase-2 (COX-2), have been used as targets for anti-inflammatory drugs. However, neither the century-old nonsteriodal anti-inflammatory drugs nor the recently revocatory Vioxx have provided completely successful anti-inflammatory treatment. To gain more insights into the anti-inflammatory drug design, the authors have studied the dynamic properties of arachidonic acid (AA) metabolic network in human polymorphous leukocytes. Metabolic flux, exogenous AA effects, and drug efficacy have been analyzed using ordinary differential equations. The flux balance in the AA network was found to be important for efficient and safe drug design. When only the 5-lipoxygenase (5-LOX) inhibitor was used, the flux of the COX-2 pathway was increased significantly, showing that a single functional inhibitor cannot effectively control the production of inflammatory mediators. When both COX-2 and 5-LOX were blocked, the production of inflammatory mediators could be completely shut off. The authors have also investigated the differences between a dual-functional COX-2 and 5-LOX inhibitor and a mixture of these two types of inhibitors. Their work provides an example for the integration of systems biology and drug discovery.</p></abstract><abstract abstract-type="summary"><title>Author Summary</title><sec id="st1"><title/><p>Inflammation is a basic way in which the body reacts to infection, irritation, or other injury. When it is uncontrolled and misdirected, it causes diseases such as rheumatoid arthritis, inflammatory bowel disease, asthma, and others. In the United States, more than 1% of the population uses nonsteroidal anti-inflammatory drugs, such as aspirin, ibuprofen, or naproxen, daily to relieve aches and pains. However, these drugs have undesirable side effects. The withdrawal of VIOXX (rofecoxib; Merck, <ext-link ext-link-type="uri" xlink:href="http://www.merck.com">http://www.merck.com</ext-link>) in 2004 has given a good lesson on safety problems. To assist the design of safe anti-inflammatory drugs, we have constructed a computational model of the arachidonic acid (AA) metabolic network in human polymorphous leukocytes. By analyzing the flux changes upon drug treatment in this metabolic network, drugs against multiple targets were found to be capable of reducing toxicity as they exhibited balanced control of the system. The model of the AA metabolic network provides helpful information for anti-inflammatory drug discovery. This work sets an example for the integration of systems biology and drug discovery.</p></sec></abstract><counts><page-count count="8"/></counts><custom-meta-group><custom-meta><meta-name>citation</meta-name><meta-value>Yang K, Ma W, Liang H, Ouyang Q, Tang C, et al. (2007) Dynamic simulations on the arachidonic acid metabolic network. PLoS Comput Biol 3(3): e55. doi:<ext-link ext-link-type="doi" xlink:href="10.1371/journal.pcbi.0030055">10.1371/journal.pcbi.0030055</ext-link></meta-value></custom-meta></custom-meta-group></article-meta></front></article>