<article xmlns="https://jats.nlm.nih.gov/ns/archiving/1.2/" xmlns:xsi="http://www.w3.org/2001/XMLSchema-instance" xmlns:ali="http://www.niso.org/schemas/ali/1.0/" xmlns:mml="http://www.w3.org/1998/Math/MathML" xmlns:xlink="http://www.w3.org/1999/xlink" xsi:schemaLocation="https://jats.nlm.nih.gov/ns/archiving/1.2/ https://jats.nlm.nih.gov/archiving/1.2/xsd/JATS-archivearticle1.xsd" article-type="research-article"><front><journal-meta><journal-id journal-id-type="nlm-ta">PLoS Comput Biol</journal-id><journal-id journal-id-type="iso-abbrev">PLoS Comput. Biol</journal-id><journal-id journal-id-type="publisher-id">pcbi</journal-id><journal-id journal-id-type="publisher-id">plcb</journal-id><journal-id journal-id-type="pmc">ploscomp</journal-id><journal-title-group><journal-title>PLoS Computational Biology</journal-title></journal-title-group><issn pub-type="ppub">1553-734X</issn><issn pub-type="epub">1553-7358</issn><publisher><publisher-name>Public Library of Science</publisher-name><publisher-loc>San Francisco, USA</publisher-loc></publisher></journal-meta><article-meta><article-id pub-id-type="accession">PMC1769408</article-id><article-id pub-id-type="pmcid">PMC1769408</article-id><article-id pub-id-type="pmc-uid">1769408</article-id><article-id pub-id-type="pmid">17222055</article-id><article-id pub-id-type="pmid">17222055</article-id><article-id pub-id-type="doi">10.1371/journal.pcbi.0030005</article-id><article-id pub-id-type="publisher-id">06-PLCB-RA-0266R2</article-id><article-id pub-id-type="sici">plcb-03-01-06</article-id><article-categories><subj-group subj-group-type="heading"><subject>Research Article</subject></subj-group><subj-group subj-group-type="Discipline"><subject>Computational Biology</subject><subject>Computational Biology</subject><subject>Evolutionary Biology</subject><subject>Molecular Biology</subject></subj-group><subj-group subj-group-type="System Taxonomy"><subject>Prokaryotes</subject></subj-group></article-categories><title-group><article-title>Protein and DNA Sequence Determinants of Thermophilic Adaptation</article-title><alt-title alt-title-type="running-head">Sequence Determinants of Thermophilic Adaptation</alt-title></title-group><contrib-group><contrib contrib-type="author"><name><surname>Zeldovich</surname><given-names>Konstantin B</given-names></name><xref ref-type="aff" rid="aff1"/></contrib><contrib contrib-type="author"><name><surname>Berezovsky</surname><given-names>Igor N</given-names></name><xref ref-type="aff" rid="aff1"/></contrib><contrib contrib-type="author"><name><surname>Shakhnovich</surname><given-names>Eugene I</given-names></name><xref ref-type="corresp" rid="cor1">*</xref><xref ref-type="aff" rid="aff1"/></contrib></contrib-group><aff id="aff1">Department of Chemistry and Chemical Biology, Harvard University, Cambridge, Massachusetts, United States of America</aff><contrib-group><contrib contrib-type="editor"><name><surname>Bourne</surname><given-names>Philip E</given-names></name><role>Editor</role><xref ref-type="aff" rid="edit1"/></contrib></contrib-group><aff id="edit1">University of California San Diego, United States of America</aff><author-notes><corresp id="cor1">* To whom correspondence should be addressed. E-mail: <email>eugene@belok.harvard.edu</email></corresp></author-notes><pub-date pub-type="ppub"><month>1</month><year>2007</year></pub-date><pub-date pub-type="epub"><day>12</day><month>1</month><year>2007</year></pub-date><pub-date pub-type="epreprint"><day>30</day><month>11</month><year>2006</year></pub-date><volume>3</volume><issue>1</issue><elocation-id>e5</elocation-id><history><date date-type="received"><day>5</day><month>7</month><year>2006</year></date><date date-type="accepted"><day>29</day><month>11</month><year>2006</year></date></history><permissions><copyright-statement> © 2007 Zeldovich et al.</copyright-statement><copyright-year>2007</copyright-year><license xlink:href="http://creativecommons.org/licenses/by/4.0/"><license-p>This is an open-access article distributed under the terms of the Creative Commons Attribution License, which permits unrestricted use, distribution, and reproduction in any medium, provided the original author and source are properly credited.</license-p></license></permissions><!--<related-article preprintResearch Article10.1371/journal.pcbi.0030005.eorsimple>Protein and DNA sequence determinants of thermophilic adaptation</related-article>--><abstract><p>There have been considerable attempts in the past to relate phenotypic trait—habitat temperature of organisms—to their genotypes, most importantly compositions of their genomes and proteomes. However, despite accumulation of anecdotal evidence, an exact and conclusive relationship between the former and the latter has been elusive. We present an exhaustive study of the relationship between amino acid composition of proteomes, nucleotide composition of DNA, and optimal growth temperature (OGT) of prokaryotes. Based on 204 complete proteomes of archaea and bacteria spanning the temperature range from −10 °C to 110 °C, we performed an exhaustive enumeration of all possible sets of amino acids and found a set of amino acids whose total fraction in a proteome is correlated, to a remarkable extent, with the OGT. The universal set is Ile, Val, Tyr, Trp, Arg, Glu, Leu (IVYWREL), and the correlation coefficient is as high as 0.93. We also found that the G + C content in 204 complete genomes does not exhibit a significant correlation with OGT (R = −0.10). On the other hand, the fraction of A + G in coding DNA is correlated with temperature, to a considerable extent, due to codon patterns of IVYWREL amino acids. Further, we found strong and independent correlation between OGT and the frequency with which pairs of A and G nucleotides appear as nearest neighbors in genome sequences. This adaptation is achieved via codon bias. These findings present a direct link between principles of proteins structure and stability and evolutionary mechanisms of thermophylic adaptation. On the nucleotide level, the analysis provides an example of how nature utilizes codon bias for evolutionary adaptation to extreme conditions. Together these results provide a complete picture of how compositions of proteomes and genomes in prokaryotes adjust to the extreme conditions of the environment.</p></abstract><abstract abstract-type="synopsis"><title>Author Summary</title><p>Prokaryotes living at extreme environmental temperatures exhibit pronounced signatures in the amino acid composition of their proteins and the nucleotide compositions of their genomes, reflective of adaptation to their thermal environments. However, despite significant efforts, the definitive answer of what are the genomic and proteomic compositional determinants of optimal growth temperature (OGT) of prokaryotic organisms remained elusive. Here we performed a comprehensive analysis of amino acid and nucleotide compositional signatures of thermophylic adaptation by exhaustively evaluating all combinations of amino acids and nucleotides as possible determinants of OGT for all prokaryotic organisms with fully sequenced genomes. We discovered that total concentration of seven amino acids in proteomes—IVYWREL—serves as a universal proteomic predictor of OGT in prokaryotes. Resolving the old-standing controversy, we determined that the variation in nucleotide composition (increase of purine load, or A + G content with temperature) is largely a consequence of thermal adaptation of proteins. However, the frequency with which A and G nucleotides appear as nearest neighbors in genome sequences is strongly and independently correlated with OGT as a result of codon bias in corresponding genomes. Together these results provide a complete picture of proteomic and genomic determinants of thermophilic adaptation.</p></abstract><counts><page-count count="11"/></counts><custom-meta-group><custom-meta><meta-name>citation</meta-name><meta-value>Zeldovich KB, Berezovsky IN, Shakhnovich EI (2007) Protein and DNA Sequence Determinants of Thermophilic Adaptation. PLoS Comput Biol 3(1): e5. doi:<ext-link ext-link-type="doi" xlink:href="10.1371/journal.pcbi.0030005">10.1371/journal.pcbi.0030005</ext-link></meta-value></custom-meta></custom-meta-group></article-meta></front></article>