<article xmlns="https://jats.nlm.nih.gov/ns/archiving/1.2/" xmlns:xsi="http://www.w3.org/2001/XMLSchema-instance" xmlns:ali="http://www.niso.org/schemas/ali/1.0/" xmlns:mml="http://www.w3.org/1998/Math/MathML" xmlns:xlink="http://www.w3.org/1999/xlink" xsi:schemaLocation="https://jats.nlm.nih.gov/ns/archiving/1.2/ https://jats.nlm.nih.gov/archiving/1.2/xsd/JATS-archivearticle1.xsd" article-type="research-article"><front><journal-meta><journal-id journal-id-type="nlm-ta">PLoS Comput Biol</journal-id><journal-id journal-id-type="iso-abbrev">PLoS Comput. Biol</journal-id><journal-id journal-id-type="publisher-id">pcbi</journal-id><journal-id journal-id-type="publisher-id">plcb</journal-id><journal-id journal-id-type="pmc">ploscomp</journal-id><journal-title-group><journal-title>PLoS Computational Biology</journal-title></journal-title-group><issn pub-type="ppub">1553-734X</issn><issn pub-type="epub">1553-7358</issn><publisher><publisher-name>Public Library of Science</publisher-name><publisher-loc>San Francisco, USA</publisher-loc></publisher></journal-meta><article-meta><article-id pub-id-type="accession">PMC1187863</article-id><article-id pub-id-type="pmcid">PMC1187863</article-id><article-id pub-id-type="pmc-uid">1187863</article-id><article-id pub-id-type="pmid">16110343</article-id><article-id pub-id-type="pmid">16110343</article-id><article-id pub-id-type="doi">10.1371/journal.pcbi.0010026</article-id><article-id pub-id-type="publisher-id">05-PLCB-RA-0003R3</article-id><article-id pub-id-type="sici">plcb-01-03-02</article-id><article-categories><subj-group subj-group-type="heading"><subject>Research Article</subject></subj-group><subj-group subj-group-type="Discipline"><subject>Bioinformatics - Computational Biology</subject><subject>Cell Biology</subject><subject>Evolution</subject><subject>Systems Biology</subject></subj-group><subj-group subj-group-type="System Taxonomy"><subject>Yeast and Fungi</subject></subj-group></article-categories><title-group><article-title>Comparative Genomics and Disorder Prediction Identify Biologically Relevant SH3 Protein Interactions</article-title><alt-title alt-title-type="running-head">Biologically Relevant SH3 Protein Interactions</alt-title></title-group><contrib-group><contrib contrib-type="author"><name><surname>Beltrao</surname><given-names>Pedro</given-names></name><xref ref-type="corresp" rid="cor1">*</xref><xref ref-type="aff" rid="aff1"/></contrib><contrib contrib-type="author"><name><surname>Serrano</surname><given-names>Luis</given-names></name><xref ref-type="aff" rid="aff1"/></contrib></contrib-group><aff id="aff1">EMBL Structural and Computational Biology, Heidelberg, Germany</aff><contrib-group><contrib contrib-type="editor"><name><surname>Gerstein</surname><given-names>Mark</given-names></name><role>Editor</role><xref ref-type="aff" rid="edit1"/></contrib></contrib-group><aff id="edit1">Yale University, United States of America</aff><author-notes><corresp id="cor1">*To whom correspondence should be addressed. E-mail: <email>beltrao@embl-heidelberg.de</email></corresp></author-notes><pub-date pub-type="ppub"><month>8</month><year>2005</year></pub-date><pub-date pub-type="epub"><day>12</day><month>8</month><year>2005</year></pub-date><pub-date pub-type="epreprint"><day>13</day><month>7</month><year>2005</year></pub-date><volume>1</volume><issue>3</issue><elocation-id>e26</elocation-id><history><date date-type="received"><day>11</day><month>1</month><year>2005</year></date><date date-type="accepted"><day>5</day><month>7</month><year>2005</year></date></history><permissions><copyright-statement>Copyright: © 2005 Beltrao and Serrano.</copyright-statement><copyright-year>2005</copyright-year><license xlink:href="http://creativecommons.org/licenses/by/4.0/"><license-p>This is an open-access article distributed under the terms of the Creative Commons Attribution License, which permits unrestricted use, distribution, and reproduction in any medium, provided the original author and source are properly credited.</license-p></license></permissions><!--<related-article preprintresearch10.1371/journal.pcbi.0010026.eorsimple>
            Comparative genomics and disorder prediction identify biologically relevant SH3 protein interactions
         </related-article>--><abstract><p>Protein interaction networks are an important part of the post-genomic effort to integrate a part-list view of the cell into system-level understanding. Using a set of 11 yeast genomes we show that combining comparative genomics and secondary structure information greatly increases consensus-based prediction of SH3 targets. Benchmarking of our method against positive and negative standards gave 83% accuracy with 26% coverage. The concept of an optimal divergence time for effective comparative genomics studies was analyzed, demonstrating that genomes of species that diverged very recently from <italic>Saccharomyces cerevisiae</italic>
<italic>(S. mikatae, S. bayanus,</italic> and <italic>S. paradoxus),</italic> or a long time ago <italic>(Neurospora crassa</italic> and <italic>Schizosaccharomyces pombe),</italic> contain less information for accurate prediction of SH3 targets than species within the optimal divergence time proposed. We also show here that intrinsically disordered SH3 domain targets are more probable sites of interaction than equivalent sites within ordered regions. Our findings highlight several novel <italic>S. cerevisiae</italic> SH3 protein interactions, the value of selection of optimal divergence times in comparative genomics studies, and the importance of intrinsic disorder for protein interactions. Based on our results we propose novel roles for the <italic>S. cerevisiae</italic> proteins Abp1p in endocytosis and Hse1p in endosome protein sorting.</p></abstract><abstract abstract-type="synopsis"><title>Synopsis</title><sec id="st1"><title/><p>How can we tackle the complexity of a living cell? It is commonly said that living organisms are complex and display “emergent” properties. Emergence is perceived in this context as behaviors that appear at the system level but are not observable at the level of the system's components. In the cell this would be equivalent to saying that the cellular complexity could be explained if we could understand the interplay between the cellular components: that is, not just describe the “parts” that make up a cell but understand how they interact with each other to perform the necessary tasks.</p><p>A big step on the road to understanding cellular complexity will be a complete list of all relevant interactions between the cellular components. Although a lot of progress as been made in this direction, we are often dependent on experimental methods that are costly and time consuming. It's a big challenge for computational biology to process the current available knowledge and to propose new ways of predicting the interactions between cellular components.</p><p>Here the researchers studied protein interactions that are mediated by small linear peptide motifs,specifically interactions between a protein's SH3 domain and its targets, usually small peptide stretches containing a PXXP motif (where P is proline and X is any amino acid). The results showed that the putative target motifs that are conserved in ortholog proteins and are within regions that do not have a defined secondary structure are more likely to be relevant binding sites. Besides proposing a way to combine secondary structure information with comparative genomics to predict protein–protein interactions, the researchers highlight a possible role of intrinsically disordered proteins in SH3 protein interactions. The results also show that when looking for conservation of these motifs, it is important to carefully select the species used in the study: comparisons between species that have diverged to a certain extent—not too little and not too much—are the most informative.</p></sec></abstract><custom-meta-group><custom-meta><meta-name>Citation:</meta-name><meta-value>Beltrao P, Serrano L (2005) Comparative genomics and disorder prediction identify biologically relevant SH3 protein interactions. PLoS Comp Biol 1(3): e26.</meta-value></custom-meta></custom-meta-group></article-meta></front></article>