<article xmlns="https://jats.nlm.nih.gov/ns/archiving/1.2/" xmlns:xsi="http://www.w3.org/2001/XMLSchema-instance" xmlns:ali="http://www.niso.org/schemas/ali/1.0/" xmlns:mml="http://www.w3.org/1998/Math/MathML" xmlns:xlink="http://www.w3.org/1999/xlink" xsi:schemaLocation="https://jats.nlm.nih.gov/ns/archiving/1.2/ https://jats.nlm.nih.gov/archiving/1.2/xsd/JATS-archivearticle1.xsd" article-type="research-article"><front><journal-meta><journal-id journal-id-type="nlm-ta">PLoS Comput Biol</journal-id><journal-id journal-id-type="iso-abbrev">PLoS Comput. Biol</journal-id><journal-id journal-id-type="publisher-id">pcbi</journal-id><journal-id journal-id-type="publisher-id">plcb</journal-id><journal-id journal-id-type="pmc">ploscomp</journal-id><journal-title-group><journal-title>PLoS Computational Biology</journal-title></journal-title-group><issn pub-type="ppub">1553-734X</issn><issn pub-type="epub">1553-7358</issn><publisher><publisher-name>Public Library of Science</publisher-name><publisher-loc>San Francisco, USA</publisher-loc></publisher></journal-meta><article-meta><article-id pub-id-type="accession">PMC1664702</article-id><article-id pub-id-type="pmcid">PMC1664702</article-id><article-id pub-id-type="pmc-uid">1664702</article-id><article-id pub-id-type="pmid">17121460</article-id><article-id pub-id-type="pmid">17121460</article-id><article-id pub-id-type="doi">10.1371/journal.pcbi.0020161</article-id><article-id pub-id-type="publisher-id">06-PLCB-RA-0375R2</article-id><article-id pub-id-type="sici">plcb-02-11-14</article-id><article-categories><subj-group subj-group-type="heading"><subject>Research Article</subject></subj-group><subj-group subj-group-type="Discipline"><subject>Animal Behavior</subject><subject>Bioinformatics - Computational Biology</subject><subject>Neuroscience</subject><subject>Physiology</subject><subject>Psychology</subject><subject>Statistics</subject><subject>Systems Biology</subject></subj-group><subj-group subj-group-type="System Taxonomy"><subject>Songbird</subject><subject>Vertebrates</subject></subj-group></article-categories><title-group><article-title>Computational Inference of Neural Information Flow Networks</article-title><alt-title alt-title-type="running-head">Neural Flow Networks</alt-title></title-group><contrib-group><contrib contrib-type="author" equal-contrib="yes"><name><surname>Smith</surname><given-names>V. Anne</given-names></name><xref ref-type="aff" rid="aff1">1</xref><xref ref-type="fn" rid="n105">¤</xref></contrib><contrib contrib-type="author" equal-contrib="yes"><name><surname>Yu</surname><given-names>Jing</given-names></name><xref ref-type="aff" rid="aff1">1</xref><xref ref-type="aff" rid="aff2">2</xref><xref ref-type="fn" rid="n105">¤</xref></contrib><contrib contrib-type="author"><name><surname>Smulders</surname><given-names>Tom V</given-names></name><xref ref-type="aff" rid="aff3">3</xref></contrib><contrib contrib-type="author"><name><surname>Hartemink</surname><given-names>Alexander J</given-names></name><xref ref-type="aff" rid="aff4">4</xref><xref ref-type="corresp" rid="cor1">*</xref></contrib><contrib contrib-type="author"><name><surname>Jarvis</surname><given-names>Erich D</given-names></name><xref ref-type="aff" rid="aff1">1</xref><xref ref-type="corresp" rid="cor1">*</xref></contrib></contrib-group><aff id="aff1"><label>1</label> Department of Neurobiology, Duke University Medical Center, Durham, North Carolina, United States of America
</aff><aff id="aff2"><label>2</label> Department of Electrical and Computer Engineering, Duke University, Durham, North Carolina, United States of America
</aff><aff id="aff3"><label>3</label> School of Biology and Psychology, University of Newcastle upon Tyne, Newcastle upon Tyne, United Kingdom
</aff><aff id="aff4"><label>4</label> Department of Computer Science, Duke University, Durham, North Carolina, United States of America
</aff><contrib-group><contrib contrib-type="editor"><name><surname>Friston</surname><given-names>Karl</given-names></name><role>Editor</role><xref ref-type="aff" rid="edit1"/></contrib></contrib-group><aff id="edit1">University College London, United Kingdom</aff><author-notes><corresp id="cor1">* To whom correspondence should be addressed. E-mail: <email>jarvis@neuro.duke.edu</email> (EDJ); <email>amink@cs.duke.edu</email> (AJH)</corresp></author-notes><pub-date pub-type="ppub"><month>11</month><year>2006</year></pub-date><pub-date pub-type="epub"><day>24</day><month>11</month><year>2006</year></pub-date><pub-date pub-type="epreprint"><day>12</day><month>10</month><year>2006</year></pub-date><volume>2</volume><issue>11</issue><elocation-id>e161</elocation-id><history><date date-type="received"><day>6</day><month>9</month><year>2006</year></date><date date-type="accepted"><day>12</day><month>10</month><year>2006</year></date></history><permissions><copyright-statement> © 2006 Smith et al.</copyright-statement><copyright-year>2006</copyright-year><license xlink:href="http://creativecommons.org/licenses/by/4.0/"><license-p>This is an open-access article distributed under the terms of the Creative Commons Attribution License, which permits unrestricted use, distribution, and reproduction in any medium, provided the original author and source are properly credited.</license-p></license></permissions><!--<related-article preprintResearch Article10.1371/journal.pcbi.0020161.eorsimple>Computational Inference of Neural Information Flow Networks</related-article>--><abstract><p>Determining how information flows along anatomical brain pathways is a fundamental requirement for understanding how animals perceive their environments, learn, and behave. Attempts to reveal such neural information flow have been made using linear computational methods, but neural interactions are known to be nonlinear. Here, we demonstrate that a dynamic Bayesian network (DBN) inference algorithm we originally developed to infer nonlinear transcriptional regulatory networks from gene expression data collected with microarrays is also successful at inferring nonlinear neural information flow networks from electrophysiology data collected with microelectrode arrays. The inferred networks we recover from the songbird auditory pathway are correctly restricted to a subset of known anatomical paths, are consistent with timing of the system, and reveal both the importance of reciprocal feedback in auditory processing and greater information flow to higher-order auditory areas when birds hear natural as opposed to synthetic sounds. A linear method applied to the same data incorrectly produces networks with information flow to non-neural tissue and over paths known not to exist. To our knowledge, this study represents the first biologically validated demonstration of an algorithm to successfully infer neural information flow networks.</p></abstract><abstract abstract-type="synopsis"><title>Synopsis</title><p>One of the challenges in the area of brain research is to decipher networks describing the flow of information among communicating neurons in the form of electrophysiological signals. These networks are thought to be responsible for perceiving and learning about the environment, as well as producing behavior. Monitoring these networks is limited by the number of electrodes that can be placed in the brain of an awake animal, while inferring and reasoning about these networks is limited by the availability of appropriate computational tools. Here, Smith and Yu and colleagues begin to address these issues by implanting microelectrode arrays in the auditory pathway of freely moving songbirds and by analyzing the data using new computational tools they have designed for deciphering networks. The authors find that a dynamic Bayesian network algorithm they developed to decipher gene regulatory networks from gene expression data effectively infers putative information flow networks in the brain from microelectrode array data. The networks they infer conform to known anatomy and other biological properties of the auditory system and offer new insight into how the auditory system processes natural and synthetic sound. The authors believe that their results represent the first validated study of the inference of information flow networks in the brain.</p></abstract><counts><page-count count="14"/></counts><custom-meta-group><custom-meta><meta-name>citation</meta-name><meta-value>Smith VA, Yu J, Smulders TV, Hartemink AJ, Jarvis ED (2006) Computational inference of neural information flow networks. PLoS Comput Biol 2(11): e161. doi:<ext-link ext-link-type="doi" xlink:href="10.1371/journal.pcbi.0020161">10.1371/journal.pcbi.0020161</ext-link></meta-value></custom-meta></custom-meta-group></article-meta></front></article>