<article xmlns="https://jats.nlm.nih.gov/ns/archiving/1.2/" xmlns:xsi="http://www.w3.org/2001/XMLSchema-instance" xmlns:ali="http://www.niso.org/schemas/ali/1.0/" xmlns:mml="http://www.w3.org/1998/Math/MathML" xmlns:xlink="http://www.w3.org/1999/xlink" xsi:schemaLocation="https://jats.nlm.nih.gov/ns/archiving/1.2/ https://jats.nlm.nih.gov/archiving/1.2/xsd/JATS-archivearticle1.xsd" article-type="research-article"><front><journal-meta><journal-id journal-id-type="nlm-ta">PLoS Comput Biol</journal-id><journal-id journal-id-type="iso-abbrev">PLoS Comput. Biol</journal-id><journal-id journal-id-type="publisher-id">pcbi</journal-id><journal-id journal-id-type="publisher-id">plcb</journal-id><journal-id journal-id-type="pmc">ploscomp</journal-id><journal-title-group><journal-title>PLoS Computational Biology</journal-title></journal-title-group><issn pub-type="ppub">1553-734X</issn><issn pub-type="epub">1553-7358</issn><publisher><publisher-name>Public Library of Science</publisher-name><publisher-loc>San Francisco, USA</publisher-loc></publisher></journal-meta><article-meta><article-id pub-id-type="accession">PMC1963511</article-id><article-id pub-id-type="pmcid">PMC1963511</article-id><article-id pub-id-type="pmc-uid">1963511</article-id><article-id pub-id-type="pmid">17784782</article-id><article-id pub-id-type="pmid">17784782</article-id><article-id pub-id-type="doi">10.1371/journal.pcbi.0030170</article-id><article-id pub-id-type="publisher-id">06-PLCB-RA-0300R4</article-id><article-id pub-id-type="sici">plcb-03-08-20</article-id><article-categories><subj-group subj-group-type="heading"><subject>Research Article</subject></subj-group><subj-group subj-group-type="Discipline"><subject>Computational Biology</subject><subject>Evolutionary Biology</subject><subject>Genetics and Genomics</subject></subj-group><subj-group subj-group-type="System Taxonomy"><subject>Longevity</subject><subject>Buffering</subject><subject>Evolution</subject><subject>Systems Biology</subject><subject>Gene Networks</subject></subj-group></article-categories><title-group><article-title>Buffering Mechanisms in Aging: A Systems Approach Toward Uncovering the Genetic Component of Aging</article-title><alt-title alt-title-type="running-head">Buffering Mechanisms in Aging</alt-title></title-group><contrib-group><contrib contrib-type="author"><name><surname>Bergman</surname><given-names>Aviv</given-names></name><xref ref-type="aff" rid="aff1">1</xref><xref ref-type="aff" rid="aff2">2</xref><xref ref-type="aff" rid="aff3">3</xref><xref ref-type="corresp" rid="cor1">*</xref></contrib><contrib contrib-type="author"><name><surname>Atzmon</surname><given-names>Gil</given-names></name><xref ref-type="aff" rid="aff4">4</xref></contrib><contrib contrib-type="author"><name><surname>Ye</surname><given-names>Kenny</given-names></name><xref ref-type="aff" rid="aff5">5</xref></contrib><contrib contrib-type="author"><name><surname>MacCarthy</surname><given-names>Thomas</given-names></name><xref ref-type="aff" rid="aff1">1</xref></contrib><contrib contrib-type="author"><name><surname>Barzilai</surname><given-names>Nir</given-names></name><xref ref-type="aff" rid="aff2">2</xref><xref ref-type="aff" rid="aff4">4</xref></contrib></contrib-group><aff id="aff1"><label>1</label> Department of Pathology, Albert Einstein College of Medicine, New York, New York, United States of America
</aff><aff id="aff2"><label>2</label> Department of Molecular Genetics, Albert Einstein College of Medicine, New York, New York, United States of America
</aff><aff id="aff3"><label>3</label> Department of Neuroscience, Albert Einstein College of Medicine, New York, New York, United States of America
</aff><aff id="aff4"><label>4</label> Institute for Aging Research Department of Medicine, Albert Einstein College of Medicine, New York, New York, United States of America
</aff><aff id="aff5"><label>5</label> Department of Epidemiology and Population Health, Albert Einstein College of Medicine, New York, New York, United States of America
</aff><contrib-group><contrib contrib-type="editor"><name><surname>Cohen</surname><given-names>Pinchas</given-names></name><role>Editor</role><xref ref-type="aff" rid="edit1"/></contrib></contrib-group><aff id="edit1">University of California Los Angeles, United States of America</aff><author-notes><corresp id="cor1">* To whom correspondence should be addressed. E-mail: <email>aviv@bergmanlab.org</email></corresp></author-notes><pub-date pub-type="ppub"><month>8</month><year>2007</year></pub-date><pub-date pub-type="epub"><day>31</day><month>8</month><year>2007</year></pub-date><pub-date pub-type="epreprint"><day>18</day><month>7</month><year>2007</year></pub-date><volume>3</volume><issue>8</issue><elocation-id>e170</elocation-id><history><date date-type="received"><day>25</day><month>7</month><year>2006</year></date><date date-type="accepted"><day>17</day><month>7</month><year>2007</year></date></history><permissions><copyright-statement> © 2007 Bergman et al.</copyright-statement><copyright-year>2007</copyright-year><license xlink:href="http://creativecommons.org/licenses/by/4.0/"><license-p>This is an open-access article distributed under the terms of the Creative Commons Attribution License, which permits unrestricted use, distribution, and reproduction in any medium, provided the original author and source are properly credited.</license-p></license></permissions><!--<related-article preprintResearch Article10.1371/journal.pcbi.0030170.eorRA1doisimple>Buffering Mechanisms in Aging: A systems approach towards uncovering the genetic component of aging</related-article>--><abstract><p>An unrealized potential to understand the genetic basis of aging in humans, is to consider the immense survival advantage of the rare individuals who live 100 years or more. The Longevity Gene Study was initiated in 1998 at the Albert Einstein College of Medicine to investigate longevity genes in a selected population: the “oldest old” Ashkenazi Jews, 95 years of age and older, and their children. The study proved the principle that some of these subjects are endowed with longevity-promoting genotypes. Here we reason that some of the favorable genotypes act as mechanisms that buffer the deleterious effect of age-related disease genes. As a result, the frequency of deleterious genotypes may increase among individuals with extreme lifespan because their protective genotype allows disease-related genes to accumulate. Thus, studies of genotypic frequencies among different age groups can elucidate the genetic determinants and pathways responsible for longevity. Borrowing from evolutionary theory, we present arguments regarding the differential survival via buffering mechanisms and their target age-related disease genes in searching for aging and longevity genes. Using more than 1,200 subjects between the sixth and eleventh decades of life (at least 140 subjects in each group), we corroborate our hypotheses experimentally. We study 66 common allelic site polymorphism in 36 candidate genes on the basis of their phenotype. Among them we have identified a candidate-buffering mechanism and its candidate age-related disease gene target. Previously, the beneficial effect of an advantageous <italic>cholesteryl ester transfer protein</italic> (CETP-VV) genotype on lipoprotein particle size in association with decreased metabolic and cardiovascular diseases, as well as with better cognitive function, have been demonstrated. We report an additional advantageous effect of the CETP-VV (favorable) genotype in neutralizing the deleterious effects of the <italic>lipoprotein</italic>(<italic>a</italic>) (LPA) gene<italic>.</italic> Finally, using literature-based interaction discovery methods, we use the set of longevity genes, buffering genes, and their age-related target disease genes to construct the underlying subnetwork of interacting genes that is expected to be responsible for longevity. Genome wide, high-throughput hypothesis-free analyses are currently being utilized to elucidate unknown genetic pathways in many model organisms, linking observed phenotypes to their underlying genetic mechanisms. The longevity phenotype and its genetic mechanisms, such as our buffering hypothesis, are similar; thus, the experimental corroboration of our hypothesis provides a proof of concept for the utility of high-throughput methods for elucidating such mechanisms. It also provides a framework for developing strategies to prevent some age-related diseases by intervention at the appropriate level.</p></abstract><abstract abstract-type="summary"><title>Author Summary</title><sec id="st1"><title/><p>Previous research showed that the frequency of deleterious genotype of some age-related disease decreases its prevalence as the population ages, as expected, since subjects with deleterious genotype are weeded out due to mortality. There exists, however, a set of age-related genes whose deleterious genotype indeed decreases up to ages 80–85, but subsequently increases monotonically, until by age 100 its prevalence is similar to that at age ∼60. Why is a known harmful genotype so prevalent among centenarians? Most likely because this genotype is protected by longevity genes. We corroborated this hypothesis by studying gene–gene interactions between age-related disease genotypes and longevity genotypes. Our findings suggest that individuals with the favorable longevity genotype can have just as many deleterious aging genotypes as the rest of the population because their longevity genotype protects them from the harmful effects of the other. We identify genes contributing to extreme lifespan as well as their counterpart, age-related disease genes. Our findings provide a proof of concept for the utility of high-throughput methods, and for elucidating mechanisms by which longevity genes buffer the effects of disease genes. Our approach gives hope for developing new medications that will protect against several age-related diseases.</p></sec></abstract><counts><page-count count="9"/></counts><custom-meta-group><custom-meta><meta-name>citation</meta-name><meta-value>Bergman A, Atzmon G, Ye K, MacCarthy T, Barzilai N (2007) Buffering mechanisms in aging: A systems approach toward uncovering the genetic component of aging. PLoS Comput Biol 3(8): e170. doi:<ext-link ext-link-type="doi" xlink:href="10.1371/journal.pcbi.0030170">10.1371/journal.pcbi.0030170</ext-link></meta-value></custom-meta></custom-meta-group></article-meta></front></article>