<article xmlns="https://jats.nlm.nih.gov/ns/archiving/1.2/" xmlns:xsi="http://www.w3.org/2001/XMLSchema-instance" xmlns:ali="http://www.niso.org/schemas/ali/1.0/" xmlns:mml="http://www.w3.org/1998/Math/MathML" xmlns:xlink="http://www.w3.org/1999/xlink" xsi:schemaLocation="https://jats.nlm.nih.gov/ns/archiving/1.2/ https://jats.nlm.nih.gov/archiving/1.2/xsd/JATS-archivearticle1.xsd" article-type="research-article"><front><journal-meta><journal-id journal-id-type="nlm-ta">PLoS Comput Biol</journal-id><journal-id journal-id-type="iso-abbrev">PLoS Comput. Biol</journal-id><journal-id journal-id-type="publisher-id">pcbi</journal-id><journal-id journal-id-type="publisher-id">plcb</journal-id><journal-id journal-id-type="pmc">ploscomp</journal-id><journal-title-group><journal-title>PLoS Computational Biology</journal-title></journal-title-group><issn pub-type="ppub">1553-734X</issn><issn pub-type="epub">1553-7358</issn><publisher><publisher-name>Public Library of Science</publisher-name><publisher-loc>San Francisco, USA</publisher-loc></publisher></journal-meta><article-meta><article-id pub-id-type="accession">PMC1829477</article-id><article-id pub-id-type="pmcid">PMC1829477</article-id><article-id pub-id-type="pmc-uid">1829477</article-id><article-id pub-id-type="pmid">17381235</article-id><article-id pub-id-type="pmid">17381235</article-id><article-id pub-id-type="doi">10.1371/journal.pcbi.0030039</article-id><article-id pub-id-type="publisher-id">06-PLCB-RA-0299R3</article-id><article-id pub-id-type="sici">plcb-03-03-16</article-id><article-categories><subj-group subj-group-type="heading"><subject>Research Article</subject></subj-group><subj-group subj-group-type="Discipline"><subject>Computational Biology</subject><subject>Computational Biology</subject><subject>Mathematics</subject></subj-group><subj-group subj-group-type="System Taxonomy"><subject>Saccharomyces</subject><subject>Homo (Human)</subject></subj-group></article-categories><title-group><article-title>Discovering Motifs in Ranked Lists of DNA Sequences</article-title><alt-title alt-title-type="running-head">Discovering Motifs in Ranked Lists</alt-title></title-group><contrib-group><contrib contrib-type="author"><name><surname>Eden</surname><given-names>Eran</given-names></name><xref ref-type="aff" rid="aff1">1</xref><xref ref-type="corresp" rid="cor1">*</xref></contrib><contrib contrib-type="author"><name><surname>Lipson</surname><given-names>Doron</given-names></name><xref ref-type="aff" rid="aff1">1</xref></contrib><contrib contrib-type="author"><name><surname>Yogev</surname><given-names>Sivan</given-names></name><xref ref-type="aff" rid="aff1">1</xref><xref ref-type="aff" rid="aff2">2</xref></contrib><contrib contrib-type="author"><name><surname>Yakhini</surname><given-names>Zohar</given-names></name><xref ref-type="aff" rid="aff1">1</xref><xref ref-type="aff" rid="aff3">3</xref><xref ref-type="corresp" rid="cor1">*</xref></contrib></contrib-group><aff id="aff1"><label>1</label> Computer Science Department, Technion, Haifa, Israel
</aff><aff id="aff2"><label>2</label> IBM Research Laboratories, Haifa, Israel
</aff><aff id="aff3"><label>3</label> Agilent Laboratories, Santa Clara, California, United States of America
</aff><contrib-group><contrib contrib-type="editor"><name><surname>Fraenkel</surname><given-names>Ernest</given-names></name><role>Editor</role><xref ref-type="aff" rid="edit1"/></contrib></contrib-group><aff id="edit1">Massachusetts Institute of Technology, United States of America</aff><author-notes><corresp id="cor1">* To whom correspondence should be addressed. E-mail: <email>eraneden@cs.technion.ac.il</email> or <email>eraneden@gmail.com</email> (EE), <email>zohar_yakhini@agilent.com</email> (ZY) </corresp></author-notes><pub-date pub-type="ppub"><month>3</month><year>2007</year></pub-date><pub-date pub-type="epub"><day>23</day><month>3</month><year>2007</year></pub-date><volume>3</volume><issue>3</issue><elocation-id>e39</elocation-id><history><date date-type="received"><day>25</day><month>7</month><year>2006</year></date><date date-type="accepted"><day>5</day><month>1</month><year>2007</year></date></history><permissions><copyright-statement> © 2007 Eden et al.</copyright-statement><copyright-year>2007</copyright-year><license xlink:href="http://creativecommons.org/licenses/by/4.0/"><license-p>This is an open-access article distributed under the terms of the Creative Commons Attribution License, which permits unrestricted use, distribution, and reproduction in any medium, provided the original author and source are properly credited.</license-p></license></permissions><abstract><p>Computational methods for discovery of sequence elements that are enriched in a target set compared with a background set are fundamental in molecular biology research. One example is the discovery of transcription factor binding motifs that are inferred from ChIP–chip (chromatin immuno-precipitation on a microarray) measurements. Several major challenges in sequence motif discovery still require consideration: (i) the need for a principled approach to partitioning the data into target and background sets; (ii) the lack of rigorous models and of an exact <italic>p</italic>-value for measuring motif enrichment; (iii) the need for an appropriate framework for accounting for motif multiplicity; (iv) the tendency, in many of the existing methods, to report presumably significant motifs even when applied to randomly generated data. In this paper we present a statistical framework for discovering enriched sequence elements in ranked lists that resolves these four issues. We demonstrate the implementation of this framework in a software application, termed DRIM (discovery of rank imbalanced motifs), which identifies sequence motifs in lists of ranked DNA sequences. We applied DRIM to ChIP–chip and CpG methylation data and obtained the following results. (i) Identification of 50 novel putative transcription factor (TF) binding sites in yeast ChIP–chip data. The biological function of some of them was further investigated to gain new insights on transcription regulation networks in yeast. For example, our discoveries enable the elucidation of the network of the TF ARO80. Another finding concerns a systematic TF binding enhancement to sequences containing CA repeats. (ii) Discovery of novel motifs in human cancer CpG methylation data. Remarkably, most of these motifs are similar to DNA sequence elements bound by the Polycomb complex that promotes histone methylation. Our findings thus support a model in which histone methylation and CpG methylation are mechanistically linked. Overall, we demonstrate that the statistical framework embodied in the DRIM software tool is highly effective for identifying regulatory sequence elements in a variety of applications ranging from expression and ChIP–chip to CpG methylation data. DRIM is publicly available at <ext-link ext-link-type="uri" xlink:href="http://bioinfo.cs.technion.ac.il/drim">http://bioinfo.cs.technion.ac.il/drim</ext-link>.</p></abstract><abstract abstract-type="summary"><title>Author Summary</title><sec id="st1"><title/><p>A computational problem with many applications in molecular biology is to identify short DNA sequence patterns (motifs) that are significantly overrepresented in a target set of genomic sequences relative to a background set of genomic sequences. One example is a target set that contains DNA sequences to which a specific transcription factor protein was experimentally measured as bound while the background set contains sequences to which the same transcription factor was not bound. Overrepresented sequence motifs in the target set may represent a subsequence that is molecularly recognized by the transcription factor. An inherent limitation of the above formulation of the problem lies in the fact that in many cases data cannot be clearly partitioned into distinct target and background sets in a biologically justified manner. We describe a statistical framework for discovering motifs in a list of genomic sequences that are ranked according to a biological parameter or measurement (e.g., transcription factor to sequence binding measurements). Our approach circumvents the need to partition the data into target and background sets using arbitrarily set parameters. The framework is implemented in a software tool called DRIM. The application of DRIM led to the identification of novel putative transcription factor binding sites in yeast and to the discovery of previously unknown motifs in CpG methylation regions in human cancer cell lines.</p></sec></abstract><counts><page-count count="15"/></counts><custom-meta-group><custom-meta><meta-name>citation</meta-name><meta-value>Eden E, Lipson D, Yogev S, Yakhini Z (2007) Discovering motifs in ranked lists of DNA sequences. PLoS Comput Biol 3(3): e39. doi:<ext-link ext-link-type="doi" xlink:href="10.1371/journal.pcbi.0030039">10.1371/journal.pcbi.0030039</ext-link></meta-value></custom-meta></custom-meta-group></article-meta></front></article>