<article xmlns="https://jats.nlm.nih.gov/ns/archiving/1.2/" xmlns:xsi="http://www.w3.org/2001/XMLSchema-instance" xmlns:ali="http://www.niso.org/schemas/ali/1.0/" xmlns:mml="http://www.w3.org/1998/Math/MathML" xmlns:xlink="http://www.w3.org/1999/xlink" xsi:schemaLocation="https://jats.nlm.nih.gov/ns/archiving/1.2/ https://jats.nlm.nih.gov/archiving/1.2/xsd/JATS-archivearticle1.xsd" article-type="correction"><front><journal-meta><journal-id journal-id-type="nlm-ta">PLoS Comput Biol</journal-id><journal-id journal-id-type="iso-abbrev">PLoS Comput. Biol</journal-id><journal-id journal-id-type="publisher-id">pcbi</journal-id><journal-id journal-id-type="publisher-id">plcb</journal-id><journal-id journal-id-type="pmc">ploscomp</journal-id><journal-title-group><journal-title>PLoS Computational Biology</journal-title></journal-title-group><issn pub-type="ppub">1553-734X</issn><issn pub-type="epub">1553-7358</issn><publisher><publisher-name>Public Library of Science</publisher-name><publisher-loc>San Francisco, USA</publisher-loc></publisher></journal-meta><article-meta><article-id pub-id-type="accession">PMC1420663</article-id><article-id pub-id-type="pmcid">PMC1420663</article-id><article-id pub-id-type="pmc-uid">1420663</article-id><article-id pub-id-type="doi">10.1371/journal.pcbi.0020029</article-id><article-id pub-id-type="publisher-id">05-PLCB-RA-0283R2</article-id><article-id pub-id-type="sici">plcb-02-03-04</article-id><article-categories><subj-group subj-group-type="heading"><subject>Correction</subject></subj-group><subj-group subj-group-type="Discipline"><subject>Bioinformatics - Computational Biology</subject><subject>Molecular Biology - Structural Biology</subject></subj-group><subj-group subj-group-type="System Taxonomy"><subject>None</subject></subj-group></article-categories><title-group><article-title>Correction: Structure Modeling of All Identified G Protein–Coupled Receptors in the Human Genome</article-title><alt-title alt-title-type="running-head">Structure Modeling of Human GPCRs</alt-title></title-group><contrib-group><contrib contrib-type="author"><name><surname>Zhang</surname><given-names>Yang</given-names></name></contrib><contrib contrib-type="author"><name><surname>DeVries</surname><given-names>Mark E</given-names></name></contrib><contrib contrib-type="author"><name><surname>Skolnick</surname><given-names>Jeffrey</given-names></name></contrib></contrib-group><pub-date pub-type="ppub"><month>3</month><year>2006</year></pub-date><pub-date pub-type="epub"><day>17</day><month>2</month><year>2006</year></pub-date><volume>2</volume><issue>3</issue><elocation-id>e29</elocation-id><permissions><copyright-statement>Copyright: © 2005 Public Library of Science.</copyright-statement><copyright-year>2006</copyright-year><license xlink:href="http://creativecommons.org/licenses/by/4.0/"><license-p>This is an open-access article distributed under the terms of the Creative Commons Attribution License, which permits unrestricted use, distribution, and reproduction in any medium, provided the original author and source are properly credited.</license-p></license></permissions><related-article id="d35e92" related-article-type="corrected-article" ext-link-type="doi" xlink:href="10.1371/journal.pcbi.0020013" xlink:title="research article" vol="2" page="e13"><article-title>Correction: Structure Modeling of All Identified G Protein-Coupled Receptors in the Human Genome</article-title></related-article><counts><page-count count="1"/></counts></article-meta></front></article>