<article xmlns="https://jats.nlm.nih.gov/ns/archiving/1.2/" xmlns:xsi="http://www.w3.org/2001/XMLSchema-instance" xmlns:ali="http://www.niso.org/schemas/ali/1.0/" xmlns:mml="http://www.w3.org/1998/Math/MathML" xmlns:xlink="http://www.w3.org/1999/xlink" xsi:schemaLocation="https://jats.nlm.nih.gov/ns/archiving/1.2/ https://jats.nlm.nih.gov/archiving/1.2/xsd/JATS-archivearticle1.xsd" article-type="research-article"><front><journal-meta><journal-id journal-id-type="nlm-ta">PLoS Comput Biol</journal-id><journal-id journal-id-type="iso-abbrev">PLoS Comput. Biol</journal-id><journal-id journal-id-type="publisher-id">pcbi</journal-id><journal-id journal-id-type="publisher-id">plcb</journal-id><journal-id journal-id-type="pmc">ploscomp</journal-id><journal-title-group><journal-title>PLoS Computational Biology</journal-title></journal-title-group><issn pub-type="ppub">1553-734X</issn><issn pub-type="epub">1553-7358</issn><publisher><publisher-name>Public Library of Science</publisher-name><publisher-loc>San Francisco, USA</publisher-loc></publisher></journal-meta><article-meta><article-id pub-id-type="accession">PMC1829480</article-id><article-id pub-id-type="pmcid">PMC1829480</article-id><article-id pub-id-type="pmc-uid">1829480</article-id><article-id pub-id-type="pmid">17381238</article-id><article-id pub-id-type="pmid">17381238</article-id><article-id pub-id-type="doi">10.1371/journal.pcbi.0030057</article-id><article-id pub-id-type="publisher-id">06-PLCB-RA-0516R1</article-id><article-id pub-id-type="sici">plcb-03-03-17</article-id><article-categories><subj-group subj-group-type="heading"><subject>Research Article</subject></subj-group><subj-group subj-group-type="Discipline"><subject>Cell Biology</subject><subject>Computational Biology</subject><subject>Computational Biology</subject><subject>Mathematics</subject></subj-group><subj-group subj-group-type="System Taxonomy"><subject>Saccharomyces</subject><subject>Yeast and Fungi</subject><subject>Eukaryotes</subject></subj-group></article-categories><title-group><article-title>Posttranscriptional Expression Regulation: What Determines Translation Rates?</article-title><alt-title alt-title-type="running-head">Posttranscriptional Expression Regulation</alt-title></title-group><contrib-group><contrib contrib-type="author" equal-contrib="yes"><name><surname>Brockmann</surname><given-names>Regina</given-names></name><xref ref-type="aff" rid="aff1">1</xref><xref ref-type="aff" rid="aff2">2</xref></contrib><contrib contrib-type="author" equal-contrib="yes"><name><surname>Beyer</surname><given-names>Andreas</given-names></name><xref ref-type="aff" rid="aff1">1</xref><xref ref-type="aff" rid="aff3">3</xref></contrib><contrib contrib-type="author"><name><surname>Heinisch</surname><given-names>Jürgen J</given-names></name><xref ref-type="aff" rid="aff2">2</xref></contrib><contrib contrib-type="author"><name><surname>Wilhelm</surname><given-names>Thomas</given-names></name><xref ref-type="aff" rid="aff1">1</xref><xref ref-type="corresp" rid="cor1">*</xref></contrib></contrib-group><aff id="aff1"><label>1</label> Theoretical Systems Biology, Leibniz Institute for Age Research, Fritz Lipmann Institute, Jena, Germany
</aff><aff id="aff2"><label>2</label> Fachbereich Biologie/Chemie, AG Genetik, Universität Osnabrück, Osnabrück, Germany
</aff><aff id="aff3"><label>3</label> Department of Bioengineering, University of California San Diego, La Jolla, California, United States of America
</aff><contrib-group><contrib contrib-type="editor"><name><surname>Marcotte</surname><given-names>Edward</given-names></name><role>Editor</role><xref ref-type="aff" rid="edit1"/></contrib></contrib-group><aff id="edit1">University of Texas, United States of America</aff><author-notes><corresp id="cor1">* To whom correspondence should be addressed. E-mail: <email>wilhelm@fli-leibniz.de</email></corresp></author-notes><pub-date pub-type="ppub"><month>3</month><year>2007</year></pub-date><pub-date pub-type="epub"><day>23</day><month>3</month><year>2007</year></pub-date><volume>3</volume><issue>3</issue><elocation-id>e57</elocation-id><history><date date-type="received"><day>13</day><month>12</month><year>2006</year></date><date date-type="accepted"><day>6</day><month>2</month><year>2007</year></date></history><permissions><copyright-statement> © 2007 Brockmann et al.</copyright-statement><copyright-year>2007</copyright-year><license xlink:href="http://creativecommons.org/licenses/by/4.0/"><license-p>This is an open-access article distributed under the terms of the Creative Commons Attribution License, which permits unrestricted use, distribution, and reproduction in any medium, provided the original author and source are properly credited.</license-p></license></permissions><abstract><p>Recent analyses indicate that differences in protein concentrations are only 20%–40% attributable to variable mRNA levels, underlining the importance of posttranscriptional regulation. Generally, protein concentrations depend on the translation rate (which is proportional to the translational activity, TA) and the degradation rate. By integrating 12 publicly available large-scale datasets and additional database information of the yeast <italic>Saccharomyces cerevisiae,</italic> we systematically analyzed five factors contributing to TA: mRNA concentration, ribosome density, ribosome occupancy, the codon adaptation index, and a newly developed “tRNA adaptation index.” Our analysis of the functional relationship between the TA and measured protein concentrations suggests that the TA follows Michaelis–Menten kinetics. The calculated TA, together with measured protein concentrations, allowed us to estimate degradation rates for 4,125 proteins under standard conditions. A significant correlation to recently published degradation rates supports our approach. Moreover, based on a newly developed scoring system, we identified and analyzed genes subjected to the posttranscriptional regulation mechanism, translation on demand. Next we applied these findings to publicly available data of protein and mRNA concentrations under four stress conditions. The integration of these measurements allowed us to compare the condition-specific responses at the posttranscriptional level. Our analysis of all 62 proteins that have been measured under all four conditions revealed proteins with very specific posttranscriptional stress response, in contrast to more generic responders, which were nonspecifically regulated under several conditions. The concept of specific and generic responders is known for transcriptional regulation. Here we show that it also holds true at the posttranscriptional level.</p></abstract><abstract abstract-type="summary"><title>Author Summary</title><sec id="st1"><title/><p>Large-scale mRNA concentration measurements are a hallmark of our post-genomic era. Usually they are taken as a surrogate for the corresponding protein concentrations. For most genes, proteins are the actual cellular players, but up to now it has been much more difficult to measure protein concentrations than mRNA concentrations. However, due to numerous posttranscriptional regulation mechanisms, mRNA levels only partly correlate with protein concentrations. Based on thoroughly composed reference datasets for protein and mRNA concentrations in yeast under standard growth conditions, we report the best corresponding correlation so far. We took into account additional factors, beyond mRNA concentrations, that influence protein levels in order to improve protein level predictions. Extending our previous approach, where ribosome occupancy and ribosome density were considered, we now also consider ORF-specific translation elongation rates. Different measures for elongation velocity were examined, and the codon adaptation index was found to be most appropriate. Moreover, saturation kinetics were introduced to better describe the translation process. The general findings were also applied to four stress conditions. Three new concepts, translation on demand, just-in-time translation, and general and specific posttranscriptional stress responders, are discussed.</p></sec></abstract><counts><page-count count="9"/></counts><custom-meta-group><custom-meta><meta-name>citation</meta-name><meta-value>Brockmann R, Beyer A, Heinisch JJ, Wilhelm T (2007) Posttranscriptional expression regulation: What determines translation rates? PLoS Comput Biol 3(3): e57. doi:<ext-link ext-link-type="doi" xlink:href="10.1371/journal.pcbi.0030057">10.1371/journal.pcbi.0030057</ext-link></meta-value></custom-meta></custom-meta-group></article-meta></front></article>