<article xmlns="https://jats.nlm.nih.gov/ns/archiving/1.2/" xmlns:xsi="http://www.w3.org/2001/XMLSchema-instance" xmlns:ali="http://www.niso.org/schemas/ali/1.0/" xmlns:mml="http://www.w3.org/1998/Math/MathML" xmlns:xlink="http://www.w3.org/1999/xlink" xsi:schemaLocation="https://jats.nlm.nih.gov/ns/archiving/1.2/ https://jats.nlm.nih.gov/archiving/1.2/xsd/JATS-archivearticle1.xsd" article-type="research-article"><front><journal-meta><journal-id journal-id-type="nlm-ta">PLoS Comput Biol</journal-id><journal-id journal-id-type="iso-abbrev">PLoS Comput. Biol</journal-id><journal-id journal-id-type="publisher-id">pcbi</journal-id><journal-id journal-id-type="publisher-id">plcb</journal-id><journal-id journal-id-type="pmc">ploscomp</journal-id><journal-title-group><journal-title>PLoS Computational Biology</journal-title></journal-title-group><issn pub-type="ppub">1553-734X</issn><issn pub-type="epub">1553-7358</issn><publisher><publisher-name>Public Library of Science</publisher-name><publisher-loc>San Francisco, USA</publisher-loc></publisher></journal-meta><article-meta><article-id pub-id-type="accession">PMC1314882</article-id><article-id pub-id-type="pmcid">PMC1314882</article-id><article-id pub-id-type="pmc-uid">1314882</article-id><article-id pub-id-type="pmid">16362072</article-id><article-id pub-id-type="pmid">16362072</article-id><article-id pub-id-type="doi">10.1371/journal.pcbi.0010071</article-id><article-id pub-id-type="publisher-id">05-PLCB-RA-0244R2</article-id><article-id pub-id-type="sici">plcb-01-07-05</article-id><article-categories><subj-group subj-group-type="heading"><subject>Research Article</subject></subj-group><subj-group subj-group-type="Discipline"><subject>Bioinformatics - Computational Biology</subject><subject>Microbiology</subject></subj-group><subj-group subj-group-type="System Taxonomy"><subject>Eukaryotes</subject></subj-group></article-categories><title-group><article-title>Comparing the <italic>Dictyostelium</italic> and <italic>Entamoeba</italic> Genomes Reveals an Ancient Split in the Conosa Lineage</article-title><alt-title alt-title-type="running-head">Two Amoebozoa Genomes Compared</alt-title></title-group><contrib-group><contrib contrib-type="author"><name><surname>Song</surname><given-names>Jie</given-names></name><xref ref-type="aff" rid="aff1">1</xref><xref ref-type="aff" rid="aff1"/></contrib><contrib contrib-type="author"><name><surname>Xu</surname><given-names>Qikai</given-names></name><xref ref-type="aff" rid="aff2">2</xref><xref ref-type="aff" rid="aff3">3</xref><xref ref-type="aff" rid="aff1"/></contrib><contrib contrib-type="author"><name><surname>Olsen</surname><given-names>Rolf</given-names></name><xref ref-type="aff" rid="aff4">4</xref><xref ref-type="aff" rid="aff1"/></contrib><contrib contrib-type="author"><name><surname>Loomis</surname><given-names>William F</given-names></name><xref ref-type="aff" rid="aff4">4</xref><xref ref-type="aff" rid="aff1"/></contrib><contrib contrib-type="author"><name><surname>Shaulsky</surname><given-names>Gad</given-names></name><xref ref-type="aff" rid="aff2">2</xref><xref ref-type="aff" rid="aff3">3</xref><xref ref-type="aff" rid="aff1"/></contrib><contrib contrib-type="author"><name><surname>Kuspa</surname><given-names>Adam</given-names></name><xref ref-type="aff" rid="aff1">1</xref><xref ref-type="aff" rid="aff2">2</xref><xref ref-type="aff" rid="aff1"/></contrib><contrib contrib-type="author"><name><surname>Sucgang</surname><given-names>Richard</given-names></name><xref ref-type="aff" rid="aff1">1</xref><xref ref-type="corresp" rid="cor1">*</xref><xref ref-type="aff" rid="aff1"/></contrib></contrib-group><aff id="aff1"><label>1</label> Verna and Marrs McLean Department of Biochemistry and Molecular Biology, Baylor College of Medicine, Houston, Texas, United States of America
</aff><aff id="aff2"><label>2</label> Department of Human Genetics, Baylor College of Medicine, Houston, Texas, United States of America
</aff><aff id="aff3"><label>3</label> Graduate Program in Structural and Computational Biology and Molecular Biophysics, Baylor College of Medicine, Houston, Texas, United States of America
</aff><aff id="aff4"><label>4</label> Section of Cell and Developmental Biology, Division of Biology, University of California San Diego, La Jolla, California, United States of America
</aff><contrib-group><contrib contrib-type="editor"><name><surname>Bourne</surname><given-names>Philip</given-names></name><role>Editor</role><xref ref-type="aff" rid="edit1"/></contrib></contrib-group><aff id="edit1">University of California San Diego, United States of America</aff><author-notes><corresp id="cor1">* To whom correspondence should be addressed. E-mail: <email>rsucgang@bcm.tmc.edu</email></corresp></author-notes><pub-date pub-type="ppub"><month>12</month><year>2005</year></pub-date><pub-date pub-type="epub"><day>16</day><month>12</month><year>2005</year></pub-date><pub-date pub-type="epreprint"><day>7</day><month>11</month><year>2005</year></pub-date><volume>1</volume><issue>7</issue><elocation-id>e71</elocation-id><history><date date-type="received"><day>19</day><month>9</month><year>2005</year></date><date date-type="accepted"><day>7</day><month>11</month><year>2005</year></date></history><permissions><copyright-statement>Copyright: © 2005 Song et al.</copyright-statement><copyright-year>2005</copyright-year><license xlink:href="http://creativecommons.org/licenses/by/4.0/"><license-p>This is an open-access article distributed under the terms of the Creative Commons Attribution License, which permits unrestricted use, distribution, and reproduction in any medium, provided the original author and source are properly credited.</license-p></license></permissions><!--<related-article preprintresearch10.1371/journal.pcbi.0010071.eorsimple>
					       Comparing the Dictyostelium and Entamoeba Genomes Reveals an Ancient Split in the Conosa Lineage
			      </related-article>--><abstract><p>The Amoebozoa are a sister clade to the fungi and the animals, but are poorly sampled for completely sequenced genomes. The social amoeba <italic>Dictyostelium discoideum</italic> and amitochondriate pathogen <italic>Entamoeba histolytica</italic> are the first Amoebozoa with genomes completely sequenced. Both organisms are classified under the Conosa subphylum. To identify Amoebozoa-specific genomic elements, we compared these two genomes to each other and to other eukaryotic genomes. An expanded phylogenetic tree built from the complete predicted proteomes of 23 eukaryotes places the two amoebae in the same lineage, although the divergence is estimated to be greater than that between animals and fungi, and probably happened shortly after the Amoebozoa split from the opisthokont lineage. Most of the 1,500 orthologous gene families shared between the two amoebae are also shared with plant, animal, and fungal genomes. We found that only 42 gene families are distinct to the amoeba lineage; among these are a large number of proteins that contain repeats of the FNIP domain, and a putative transcription factor essential for proper cell type differentiation in <italic>D. discoideum</italic>. These Amoebozoa-specific genes may be useful in the design of novel diagnostics and therapies for amoebal pathologies.</p></abstract><abstract abstract-type="synopsis"><title>Synopsis</title><p>Most single-celled eukaryotes were lumped together in a single catchall classification until molecular sequencing revealed that they are a very diverse group that illustrates the different paths eukaryotic evolution has taken. Comparing a representative subset of genes indicates that one group in particular, the Amoebozoa, are a sister group to the animals and fungi, even more closely related than the plants. Despite their diversity, few simple eukaryotes have been the subject of complete genome sequencing. The genomes of two amoebozoa, <italic>Dictyostelium discoideum</italic> (a free-living social amoeba) and <italic>Entamoeba histolytica</italic> (a pathogenic amoeba), were recently completed. The authors compared the predicted proteins encoded by each organism to each other, and to other representative eukaryotes, and built a phylogenetic tree using not just a few representative genes, but the entire genomes of 23 organisms. The resulting tree closely re-created the relationships predicted from the sampled genes, including reinforcing the close relationship between the amoebozoa and the animals and fungi. The authors also found very few genes that are exclusively inherited by amoebozoa. Since some amoebozoa are important clinical pathogens, these genes are likely good targets for therapeutic agents that will not affect the animal host.</p></abstract><counts><page-count count="6"/></counts><custom-meta-group><custom-meta><meta-name>Citation:</meta-name><meta-value>Song J, Xu Q, Olsen R, Loomis WF, Shaulsky G, et al. (2005) Comparing the <italic>Dictyostelium</italic> and <italic>Entamoeba</italic> genomes reveals an ancient split in the conosa lineage. PLoS Comput Biol 1(7): e71.</meta-value></custom-meta></custom-meta-group></article-meta></front></article>