<article xmlns="https://jats.nlm.nih.gov/ns/archiving/1.2/" xmlns:xsi="http://www.w3.org/2001/XMLSchema-instance" xmlns:ali="http://www.niso.org/schemas/ali/1.0/" xmlns:mml="http://www.w3.org/1998/Math/MathML" xmlns:xlink="http://www.w3.org/1999/xlink" xsi:schemaLocation="https://jats.nlm.nih.gov/ns/archiving/1.2/ https://jats.nlm.nih.gov/archiving/1.2/xsd/JATS-archivearticle1.xsd" article-type="research-article"><front><journal-meta><journal-id journal-id-type="nlm-ta">PLoS Comput Biol</journal-id><journal-id journal-id-type="iso-abbrev">PLoS Comput. Biol</journal-id><journal-id journal-id-type="publisher-id">pcbi</journal-id><journal-id journal-id-type="publisher-id">plcb</journal-id><journal-id journal-id-type="pmc">ploscomp</journal-id><journal-title-group><journal-title>PLoS Computational Biology</journal-title></journal-title-group><issn pub-type="ppub">1553-734X</issn><issn pub-type="epub">1553-7358</issn><publisher><publisher-name>Public Library of Science</publisher-name><publisher-loc>San Francisco, USA</publisher-loc></publisher></journal-meta><article-meta><article-id pub-id-type="accession">PMC1599766</article-id><article-id pub-id-type="pmcid">PMC1599766</article-id><article-id pub-id-type="pmc-uid">1599766</article-id><article-id pub-id-type="pmid">17040121</article-id><article-id pub-id-type="pmid">17040121</article-id><article-id pub-id-type="doi">10.1371/journal.pcbi.0020130</article-id><article-id pub-id-type="publisher-id">06-PLCB-RA-0167R3</article-id><article-id pub-id-type="sici">plcb-02-10-01</article-id><article-categories><subj-group subj-group-type="heading"><subject>Research Article</subject></subj-group><subj-group subj-group-type="Discipline"><subject>Bioinformatics - Computational Biology</subject><subject>Development</subject><subject>Systems Biology</subject></subj-group><subj-group subj-group-type="System Taxonomy"><subject>Drosophila</subject><subject>Insects</subject></subj-group></article-categories><title-group><article-title>Large-Scale Turnover of Functional Transcription Factor Binding Sites in <italic>Drosophila</italic>
</article-title><alt-title alt-title-type="running-head"><italic>Drosophila</italic> Binding-site Turnover</alt-title></title-group><contrib-group><contrib contrib-type="author"><name><surname>Moses</surname><given-names>Alan M</given-names></name><xref ref-type="aff" rid="aff1">1</xref></contrib><contrib contrib-type="author"><name><surname>Pollard</surname><given-names>Daniel A</given-names></name><xref ref-type="aff" rid="aff1">1</xref></contrib><contrib contrib-type="author"><name><surname>Nix</surname><given-names>David A</given-names></name><xref ref-type="aff" rid="aff2">2</xref></contrib><contrib contrib-type="author"><name><surname>Iyer</surname><given-names>Venky N</given-names></name><xref ref-type="aff" rid="aff3">3</xref></contrib><contrib contrib-type="author"><name><surname>Li</surname><given-names>Xiao-Yong</given-names></name><xref ref-type="aff" rid="aff2">2</xref></contrib><contrib contrib-type="author"><name><surname>Biggin</surname><given-names>Mark D</given-names></name><xref ref-type="aff" rid="aff2">2</xref></contrib><contrib contrib-type="author"><name><surname>Eisen</surname><given-names>Michael B</given-names></name><xref ref-type="aff" rid="aff1">1</xref><xref ref-type="aff" rid="aff2">2</xref><xref ref-type="aff" rid="aff3">3</xref><xref ref-type="aff" rid="aff4">4</xref><xref ref-type="corresp" rid="cor1">*</xref></contrib></contrib-group><aff id="aff1"><label>1</label>Graduate Group in Biophysics, University of California Berkeley, Berkeley, California, United States of America
</aff><aff id="aff2"><label>2</label>Department of Genome Sciences, Genomics Division, Ernest Orlando Lawrence Berkeley National Lab, Berkeley, California, United States of America
</aff><aff id="aff3"><label>3</label>Department of Molecular and Cell Biology, University of California Berkeley, Berkeley, California, United States of America
</aff><aff id="aff4"><label>4</label>Center for Integrative Genomics, University of California Berkeley, Berkeley, California, United States of America
</aff><contrib-group><contrib contrib-type="editor"><name><surname>Sidow</surname><given-names>Andrew</given-names></name><role>Editor</role><xref ref-type="aff" rid="edit1"/></contrib></contrib-group><aff id="edit1">Stanford University, United States of America</aff><author-notes><corresp id="cor1">* To whom correspondence should be addressed. E-mail: <email>mbeisen@lbl.gov</email></corresp></author-notes><pub-date pub-type="ppub"><month>10</month><year>2006</year></pub-date><pub-date pub-type="epub"><day>13</day><month>10</month><year>2006</year></pub-date><pub-date pub-type="epreprint"><day>21</day><month>8</month><year>2006</year></pub-date><volume>2</volume><issue>10</issue><elocation-id>e130</elocation-id><history><date date-type="received"><day>8</day><month>5</month><year>2006</year></date><date date-type="accepted"><day>21</day><month>8</month><year>2006</year></date></history><permissions><copyright-statement>This is an open-access article distributed under the terms of the Creative Commons Public Domain declaration which stipulates that, once placed in the public domain, this work may be freely reproduced, distributed, transmitted, modified, built upon, or otherwise used by anyone for any lawful purpose.</copyright-statement><copyright-year>2006</copyright-year><license xlink:href="https://creativecommons.org/publicdomain/zero/1.0/"><license-p>This is an open-access article distributed under the terms of the Creative Commons Public Domain declaration, which stipulates that, once placed in the public domain, this work may be freely reproduced, distributed, transmitted, modified, built upon, or otherwise used by anyone for any lawful purpose.</license-p></license></permissions><!--<related-article preprintResearch Article10.1371/journal.pcbi.0020130.eorsimple>Large-scale turnover of functional transcription factor binding sites in Drosophila
         </related-article>--><abstract><p>The gain and loss of functional transcription factor binding sites has been proposed as a major source of evolutionary change in <italic>cis-</italic>regulatory DNA and gene expression. We have developed an evolutionary model to study binding-site turnover that uses multiple sequence alignments to assess the evolutionary constraint on individual binding sites, and to map gain and loss events along a phylogenetic tree. We apply this model to study the evolutionary dynamics of binding sites of the <named-content content-type="genus-species">Drosophila melanogaster</named-content> transcription factor Zeste, using genome-wide in vivo (ChIP–chip) binding data to identify functional Zeste binding sites, and the genome sequences of <named-content content-type="genus-species">D. melanogaster</named-content>, <named-content content-type="genus-species">D. simulans</named-content>, <italic>D. erecta,</italic> and <named-content content-type="genus-species">D. yakuba</named-content> to study their evolution. We estimate that more than 5% of functional Zeste binding sites in <named-content content-type="genus-species">D. melanogaster</named-content> were gained along the <named-content content-type="genus-species">D. melanogaster</named-content> lineage or lost along one of the other lineages. We find that Zeste-bound regions have a reduced rate of binding-site loss and an increased rate of binding-site gain relative to flanking sequences. Finally, we show that binding-site gains and losses are asymmetrically distributed with respect to <named-content content-type="genus-species">D. melanogaster</named-content>, consistent with lineage-specific acquisition and loss of Zeste-responsive regulatory elements.</p></abstract><abstract abstract-type="synopsis"><title>Synopsis</title><p>Understanding the ways in which mutations in DNA result in alterations of an organism's form and function is a major goal of molecular evolutionary biology. Changes in gene expression were long-ago proposed as a source of evolutionary diversity, but it was only in the last few years that researchers described specific cases where identified changes in DNA cause differences in gene expression, which in turn affect morphology. Attention has now turned to understanding how such sequence changes produce their effect and whether additional examples of evolutionary novelty can be found by examining the growing number of available genome sequences. Moses et al. focus on transcription factor binding sites, pieces of DNA that serve as molecular switches to turn genes on and off. These switches are organized into larger units that function as molecular computers and ensure that genes are made when and where they are needed. Moses and colleagues introduce a set of new computational methods to study how these larger units of regulatory function evolve. While they find that most of these switches remain fixed in place, a substantial number are created or destroyed by mutations, yielding new insights into the evolutionary forces that shape animal morphology.</p></abstract><counts><page-count count="13"/></counts><custom-meta-group><custom-meta><meta-name>citation</meta-name><meta-value>Moses AM, Pollard DA, Nix DA, Iyer VN, Li XY, et al. (2006) Large-scale turnover of functional transcription factor binding sites in <italic>Drosophila.</italic> PLoS Comput Biol 2(10): e130. DOI: <ext-link ext-link-type="doi" xlink:href="10.1371/journal.pcbi.0020130">10.1371/journal.pcbi.0020130</ext-link></meta-value></custom-meta></custom-meta-group></article-meta></front></article>