<article xmlns="https://jats.nlm.nih.gov/ns/archiving/1.2/" xmlns:xsi="http://www.w3.org/2001/XMLSchema-instance" xmlns:ali="http://www.niso.org/schemas/ali/1.0/" xmlns:mml="http://www.w3.org/1998/Math/MathML" xmlns:xlink="http://www.w3.org/1999/xlink" xsi:schemaLocation="https://jats.nlm.nih.gov/ns/archiving/1.2/ https://jats.nlm.nih.gov/archiving/1.2/xsd/JATS-archivearticle1.xsd" article-type="research-article"><front><journal-meta><journal-id journal-id-type="nlm-ta">PLoS Comput Biol</journal-id><journal-id journal-id-type="iso-abbrev">PLoS Comput. Biol</journal-id><journal-id journal-id-type="publisher-id">pcbi</journal-id><journal-id journal-id-type="publisher-id">plcb</journal-id><journal-id journal-id-type="pmc">ploscomp</journal-id><journal-title-group><journal-title>PLoS Computational Biology</journal-title></journal-title-group><issn pub-type="ppub">1553-734X</issn><issn pub-type="epub">1553-7358</issn><publisher><publisher-name>Public Library of Science</publisher-name><publisher-loc>San Francisco, USA</publisher-loc></publisher></journal-meta><article-meta><article-id pub-id-type="accession">PMC1285062</article-id><article-id pub-id-type="pmcid">PMC1285062</article-id><article-id pub-id-type="pmc-uid">1285062</article-id><article-id pub-id-type="pmid">16299590</article-id><article-id pub-id-type="pmid">16299590</article-id><article-id pub-id-type="doi">10.1371/journal.pcbi.0010063</article-id><article-id pub-id-type="publisher-id">05-PLCB-RA-0160R3</article-id><article-id pub-id-type="sici">plcb-01-06-03</article-id><article-categories><subj-group subj-group-type="heading"><subject>Research Article</subject></subj-group><subj-group subj-group-type="Discipline"><subject>Bioinformatics - Computational Biology</subject><subject>Evolution</subject><subject>Immunology</subject><subject>Microbiology</subject></subj-group><subj-group subj-group-type="System Taxonomy"><subject>Eukaryotes</subject><subject>Eubacteria</subject><subject>Vertebrates</subject><subject>Arthropods</subject><subject>Cnidaria (Jellyfish</subject><subject>Hydra</subject><subject>Corals</subject><subject>Etc.)</subject></subj-group></article-categories><title-group><article-title>Stealth Proteins: In Silico Identification of a Novel Protein Family Rendering Bacterial Pathogens Invisible to Host Immune Defense</article-title><alt-title alt-title-type="running-head">In Silico Identification of Novel Protein Family</alt-title></title-group><contrib-group><contrib contrib-type="author" equal-contrib="yes"><name><surname>Sperisen</surname><given-names>Peter</given-names></name><xref ref-type="aff" rid="aff1">1</xref></contrib><contrib contrib-type="author"><name><surname>Schmid</surname><given-names>Christoph D</given-names></name><xref ref-type="aff" rid="aff1">1</xref></contrib><contrib contrib-type="author"><name><surname>Bucher</surname><given-names>Philipp</given-names></name><xref ref-type="aff" rid="aff1">1</xref><xref ref-type="aff" rid="aff2">2</xref><xref ref-type="corresp" rid="cor1">*</xref></contrib><contrib contrib-type="author" equal-contrib="yes"><name><surname>Zilian</surname><given-names>Olav</given-names></name><xref ref-type="aff" rid="aff2">2</xref><xref ref-type="author-notes" rid="n105">¤</xref></contrib></contrib-group><aff id="aff1"><label>1</label> Swiss Institute of Bioinformatics, Epalinges, Switzerland
</aff><aff id="aff2"><label>2</label> Swiss Institute for Experimental Cancer Research, Epalinges, Switzerland
</aff><contrib-group><contrib contrib-type="editor"><name><surname>Bork</surname><given-names>Peer</given-names></name><role>Editor</role><xref ref-type="aff" rid="edit1"/></contrib></contrib-group><aff id="edit1">EMBL Heidelberg, Germany</aff><author-notes><corresp id="cor1">* To whom correspondence should be addressed. E-mail: <email>philipp.bucher@isrec.ch</email></corresp><fn id="n105" fn-type="present-address"><p>¤ Current address: Helvea, Geneva, Switzerland</p></fn></author-notes><pub-date pub-type="ppub"><month>11</month><year>2005</year></pub-date><pub-date pub-type="epub"><day>18</day><month>11</month><year>2005</year></pub-date><volume>1</volume><issue>6</issue><elocation-id>e63</elocation-id><history><date date-type="received"><day>11</day><month>7</month><year>2005</year></date><date date-type="accepted"><day>20</day><month>10</month><year>2005</year></date></history><permissions><copyright-statement>Copyright: © 2005 Sperisen et al.</copyright-statement><copyright-year>2005</copyright-year><license xlink:href="http://creativecommons.org/licenses/by/4.0/"><license-p>This is an open-access article distributed under the terms of the Creative Commons Attribution License, which permits unrestricted use, distribution, and reproduction in any medium, provided the original author and source are properly credited.</license-p></license></permissions><abstract><p>There are a variety of bacterial defense strategies to survive in a hostile environment. Generation of extracellular polysaccharides has proved to be a simple but effective strategy against the host's innate immune system. A comparative genomics approach led us to identify a new protein family termed Stealth, most likely involved in the synthesis of extracellular polysaccharides. This protein family is characterized by a series of domains conserved across phylogeny from bacteria to eukaryotes. In bacteria, Stealth (previously characterized as SacB, XcbA, or WefC) is encoded by subsets of strains mainly colonizing multicellular organisms, with evidence for a protective effect against the host innate immune defense. More specifically, integrating all the available information about Stealth proteins in bacteria, we propose that Stealth is a D-hexose-1-phosphoryl transferase involved in the synthesis of polysaccharides. In the animal kingdom, Stealth is strongly conserved across evolution from social amoebas to simple and complex multicellular organisms, such as <italic>Dictyostelium discoideum</italic>, hydra, and human. Based on the occurrence of Stealth in most Eukaryotes and a subset of Prokaryotes together with its potential role in extracellular polysaccharide synthesis, we propose that metazoan Stealth functions to regulate the innate immune system. Moreover, there is good reason to speculate that the acquisition and spread of Stealth could be responsible for future epidemic outbreaks of infectious diseases caused by a large variety of eubacterial pathogens. Our in silico identification of a homologous protein in the human host will help to elucidate the causes of Stealth-dependent virulence. At a more basic level, the characterization of the molecular and cellular function of Stealth proteins may shed light on fundamental mechanisms of innate immune defense against microbial invasion.</p></abstract><abstract abstract-type="synopsis"><title>Synopsis</title><p>The immune system is a complex and highly developed system of specialized cells and organs that protects an organism against bacterial, parasitic, fungal, and viral infections. Broadly speaking, the different types of immune responses subdivide the immune system into two categories: innate (or nonadaptive) and adaptive immune system. The innate immune system serves as a first line of defense but lacks the ability to recognize certain pathogens and to provide the specific protective immunity that prevents reinfection. Just as metazoans have developed many different defenses against pathogens, so have pathogens evolved elaborate strategies to evade these defenses. Based on a comparative genomics approach and data mining, the authors have discovered a new family of proteins with a striking phylogenetic distribution, occurring in most eukaryotes and in subsets of mostly pathogenic or commensal prokaryotes. While the precise functions of these proteins remain unknown, prokaryotic versions have been implicated in the synthesis of extracellular polysaccharides known to be potent regulators of the innate immune system. This previously unrecognized link hints towards a potentially novel regulatory mechanism of the innate immune system. It remains to be shown if drugs selectively inhibiting Stealth in pathogens will help fight Stealth-mediated infections.</p></abstract><counts><page-count count="8"/></counts><custom-meta-group><custom-meta><meta-name>Citation:</meta-name><meta-value>Sperisen P, Schmid CD, Bucher P, Zilian O (2005) Stealth proteins: In silico identification of a novel protein family rendering bacterial pathogens invisible to host immune defense. PLoS Comput Biol 1(6): e63.</meta-value></custom-meta></custom-meta-group></article-meta></front></article>