<article xmlns="https://jats.nlm.nih.gov/ns/archiving/1.2/" xmlns:xsi="http://www.w3.org/2001/XMLSchema-instance" xmlns:ali="http://www.niso.org/schemas/ali/1.0/" xmlns:mml="http://www.w3.org/1998/Math/MathML" xmlns:xlink="http://www.w3.org/1999/xlink" xsi:schemaLocation="https://jats.nlm.nih.gov/ns/archiving/1.2/ https://jats.nlm.nih.gov/archiving/1.2/xsd/JATS-archivearticle1.xsd" article-type="research-article"><front><journal-meta><journal-id journal-id-type="nlm-ta">PLoS Comput Biol</journal-id><journal-id journal-id-type="iso-abbrev">PLoS Comput. Biol</journal-id><journal-id journal-id-type="publisher-id">pcbi</journal-id><journal-id journal-id-type="publisher-id">plcb</journal-id><journal-id journal-id-type="pmc">ploscomp</journal-id><journal-title-group><journal-title>PLoS Computational Biology</journal-title></journal-title-group><issn pub-type="ppub">1553-734X</issn><issn pub-type="epub">1553-7358</issn><publisher><publisher-name>Public Library of Science</publisher-name><publisher-loc>San Francisco, USA</publisher-loc></publisher></journal-meta><article-meta><article-id pub-id-type="accession">PMC1557587</article-id><article-id pub-id-type="pmcid">PMC1557587</article-id><article-id pub-id-type="pmc-uid">1557587</article-id><article-id pub-id-type="pmid">16948530</article-id><article-id pub-id-type="pmid">16948530</article-id><article-id pub-id-type="doi">10.1371/journal.pcbi.0020116</article-id><article-id pub-id-type="publisher-id">06-PLCB-RA-0034R2</article-id><article-id pub-id-type="sici">plcb-02-09-03</article-id><article-categories><subj-group subj-group-type="heading"><subject>Research Article</subject></subj-group><subj-group subj-group-type="Discipline"><subject>Bioinformatics - Computational Biology</subject><subject>Immunology</subject><subject>Infectious Diseases</subject><subject>Systems Biology</subject><subject>Virology</subject></subj-group><subj-group subj-group-type="System Taxonomy"><subject>Viruses</subject></subj-group></article-categories><title-group><article-title>Model-Based Design of Growth-Attenuated Viruses</article-title><alt-title alt-title-type="running-head">Mapping from Virus Genotype to Growth Dynamics</alt-title></title-group><contrib-group><contrib contrib-type="author"><name><surname>Lim</surname><given-names>Kwang-il</given-names></name><xref ref-type="fn" rid="n105">¤a</xref><xref ref-type="aff" rid="aff1"/></contrib><contrib contrib-type="author"><name><surname>Lang</surname><given-names>Tobias</given-names></name><xref ref-type="fn" rid="n106">¤b</xref><xref ref-type="aff" rid="aff1"/></contrib><contrib contrib-type="author"><name><surname>Lam</surname><given-names>Vy</given-names></name><xref ref-type="fn" rid="n107">¤c</xref><xref ref-type="aff" rid="aff1"/></contrib><contrib contrib-type="author"><name><surname>Yin</surname><given-names>John</given-names></name><xref ref-type="corresp" rid="cor1">*</xref><xref ref-type="aff" rid="aff1"/></contrib></contrib-group><aff id="aff1">Department of Chemical and Biological Engineering, University of Wisconsin–Madison, Madison, Wisconsin, United States of America</aff><contrib-group><contrib contrib-type="editor"><name><surname>Reichl</surname><given-names>Udo</given-names></name><role>Editor</role><xref ref-type="aff" rid="edit1"/></contrib></contrib-group><aff id="edit1">Max Planck Institute, Germany</aff><author-notes><corresp id="cor1">* To whom correspondence should be addressed. E-mail: <email>yin@engr.wisc.edu</email></corresp></author-notes><pub-date pub-type="ppub"><month>9</month><year>2006</year></pub-date><pub-date pub-type="epub"><day>1</day><month>9</month><year>2006</year></pub-date><pub-date pub-type="epreprint"><day>24</day><month>7</month><year>2006</year></pub-date><volume>2</volume><issue>9</issue><elocation-id>e116</elocation-id><history><date date-type="received"><day>26</day><month>1</month><year>2006</year></date><date date-type="accepted"><day>24</day><month>7</month><year>2006</year></date></history><permissions><copyright-statement> © 2006 Lim et al.</copyright-statement><copyright-year>2006</copyright-year><license xlink:href="http://creativecommons.org/licenses/by/4.0/"><license-p>This is an open-access article distributed under the terms of the Creative Commons Attribution License, which permits unrestricted use, distribution, and reproduction in any medium, provided the original author and source are properly credited.</license-p></license></permissions><!--<related-article preprintResearch Article10.1371/journal.pcbi.0020116.eorsimple>Model-Based Design of Growth-Attenuated Viruses</related-article>--><abstract><p>Live-virus vaccines activate both humoral and cell-mediated immunity, require only a single boosting, and generally provide longer immune protection than killed or subunit vaccines. However, growth of live-virus vaccines must be attenuated to minimize their potential pathogenic effects, and mechanisms of attenuation by conventional serial-transfer viral adaptation are not well-understood. New methods of attenuation based on rational engineering of viral genomes may offer a potentially greater control if one can link defined genetic modifications to changes in virus growth. To begin to establish such links between genotype and growth phenotype, we developed a computer model for the intracellular growth of vesicular stomatitis virus (VSV), a well-studied, nonsegmented, negative-stranded RNA virus. Our model incorporated established regulatory mechanisms of VSV while integrating key wild-type infection steps: hijacking of host resources, transcription, translation, and replication, followed by assembly and release of progeny VSV particles. Generalization of the wild-type model to allow for genome rearrangements matched the experimentally observed attenuation ranking for recombinant VSV strains that altered the genome position of their nucleocapsid gene. Finally, our simulations captured previously reported experimental results showing how altering the positions of other VSV genes has the potential to attenuate the VSV growth while overexpressing the immunogenic VSV surface glycoprotein. Such models will facilitate the engineering of new live-virus vaccines by linking genomic manipulations to controlled changes in virus gene-expression and growth.</p></abstract><abstract abstract-type="synopsis"><title>Synopsis</title><p>The engineering of viral genomes provides ways not only to explore viral regulatory mechanisms at a genomic level, but also to produce recombinant viruses that may serve as vaccines, gene delivery vectors, and oncolytic (tumor-killing) agents. However, the complexity of interactions among viral and cellular components involved in the life cycle of a virus can make it challenging to anticipate how altering viral components will influence the overall behavior of the virus. Lim, Lang, Lam, and Yin have developed a computer model that begins to mechanistically account for key virus–cell interactions in its predictions of viral intracellular development. Lim et al.'s model was able to capture experimentally observed effects of gene rearrangements on the levels and timing of viral protein expression and virus progeny production, aspects that are important for the design of live-virus vaccines. Refinement and extension of their approach to current and other virus systems has the potential to advance the application of viruses as therapeutic agents.</p></abstract><counts><page-count count="16"/></counts><custom-meta-group><custom-meta><meta-name>citation</meta-name><meta-value>Lim K, Lang T, Lam V, Yin J (2006) Model-based design of growth-attenuated viruses. PLoS Comput Biol 2(9): e116. DOI: 10.1371/journal.pcbi/0020116</meta-value></custom-meta></custom-meta-group></article-meta></front></article>