<article xmlns="https://jats.nlm.nih.gov/ns/archiving/1.2/" xmlns:xsi="http://www.w3.org/2001/XMLSchema-instance" xmlns:ali="http://www.niso.org/schemas/ali/1.0/" xmlns:mml="http://www.w3.org/1998/Math/MathML" xmlns:xlink="http://www.w3.org/1999/xlink" xsi:schemaLocation="https://jats.nlm.nih.gov/ns/archiving/1.2/ https://jats.nlm.nih.gov/archiving/1.2/xsd/JATS-archivearticle1.xsd" article-type="correction"><front><journal-meta><journal-id journal-id-type="nlm-ta">PLoS Comput Biol</journal-id><journal-id journal-id-type="iso-abbrev">PLoS Comput. Biol</journal-id><journal-id journal-id-type="publisher-id">pcbi</journal-id><journal-id journal-id-type="publisher-id">plcb</journal-id><journal-id journal-id-type="pmc">ploscomp</journal-id><journal-title-group><journal-title>PLoS Computational Biology</journal-title></journal-title-group><issn pub-type="ppub">1553-734X</issn><issn pub-type="epub">1553-7358</issn><publisher><publisher-name>Public Library of Science</publisher-name><publisher-loc>San Francisco, USA</publisher-loc></publisher></journal-meta><article-meta><article-id pub-id-type="accession">PMC1857807</article-id><article-id pub-id-type="pmcid">PMC1857807</article-id><article-id pub-id-type="pmc-uid">1857807</article-id><article-id pub-id-type="doi">10.1371/journal.pcbi.0030083</article-id><article-id pub-id-type="publisher-id">07-PLCB-CN-0156</article-id><article-id pub-id-type="sici">plcb-03-04-16</article-id><article-categories><subj-group subj-group-type="heading"><subject>Correction</subject></subj-group></article-categories><title-group><article-title>Correction: (A)Symmetric Stem Cell Replication and Cancer</article-title></title-group><contrib-group><contrib contrib-type="author"><name><surname>Dingli</surname><given-names>David</given-names></name></contrib><contrib contrib-type="author"><name><surname>Traulsen</surname><given-names>Arne</given-names></name></contrib><contrib contrib-type="author"><name><surname>Michor</surname><given-names>Franziska</given-names></name></contrib></contrib-group><pub-date pub-type="ppub"><month>4</month><year>2007</year></pub-date><pub-date pub-type="epub"><day>27</day><month>4</month><year>2007</year></pub-date><volume>3</volume><issue>4</issue><elocation-id>e83</elocation-id><permissions><copyright-statement>Copyright: © 2006 Public Library of Science.</copyright-statement><copyright-year>2007</copyright-year><license xlink:href="http://creativecommons.org/licenses/by/4.0/"><license-p>This is an open-access article distributed under the terms of the Creative Commons Attribution License, which permits unrestricted use, distribution, and reproduction in any medium, provided the original author and source are properly credited.</license-p></license></permissions><related-article id="d35e82" related-article-type="corrected-article" ext-link-type="doi" xlink:href="10.1371/journal.pcbi.0030053" xlink:title="Research Article" vol="3" page="e53"><article-title>(A)Symmetric Stem Cell Replication and Cancer</article-title></related-article><counts><page-count count="1"/></counts><custom-meta-group><custom-meta><meta-name>citation</meta-name><meta-value>(2007) Correction: (A)Symmetric stem cell replication and cancer. PLoS Comput Biol 3(4): e83. doi:<ext-link ext-link-type="doi" xlink:href="10.1371/journal.pcbi.0030083">10.1371/journal.pcbi.0030083</ext-link></meta-value></custom-meta></custom-meta-group></article-meta></front></article>