<article xmlns="https://jats.nlm.nih.gov/ns/archiving/1.2/" xmlns:xsi="http://www.w3.org/2001/XMLSchema-instance" xmlns:ali="http://www.niso.org/schemas/ali/1.0/" xmlns:mml="http://www.w3.org/1998/Math/MathML" xmlns:xlink="http://www.w3.org/1999/xlink" xsi:schemaLocation="https://jats.nlm.nih.gov/ns/archiving/1.2/ https://jats.nlm.nih.gov/archiving/1.2/xsd/JATS-archivearticle1.xsd" article-type="research-article"><front><journal-meta><journal-id journal-id-type="nlm-ta">PLoS Comput Biol</journal-id><journal-id journal-id-type="iso-abbrev">PLoS Comput. Biol</journal-id><journal-id journal-id-type="publisher-id">pcbi</journal-id><journal-id journal-id-type="publisher-id">plcb</journal-id><journal-id journal-id-type="pmc">ploscomp</journal-id><journal-title-group><journal-title>PLoS Computational Biology</journal-title></journal-title-group><issn pub-type="ppub">1553-734X</issn><issn pub-type="epub">1553-7358</issn><publisher><publisher-name>Public Library of Science</publisher-name><publisher-loc>San Francisco, USA</publisher-loc></publisher></journal-meta><article-meta><article-id pub-id-type="accession">PMC1599765</article-id><article-id pub-id-type="pmcid">PMC1599765</article-id><article-id pub-id-type="pmc-uid">1599765</article-id><article-id pub-id-type="pmid">17040123</article-id><article-id pub-id-type="pmid">17040123</article-id><article-id pub-id-type="doi">10.1371/journal.pcbi.0020136</article-id><article-id pub-id-type="publisher-id">06-PLCB-RA-0163R2</article-id><article-id pub-id-type="sici">plcb-02-10-04</article-id><article-categories><subj-group subj-group-type="heading"><subject>Research Article</subject></subj-group><subj-group subj-group-type="Discipline"><subject>Bioinformatics - Computational Biology</subject><subject>Cell Biology</subject><subject>Genetics/Gene Expression</subject><subject>Neuroscience</subject></subj-group><subj-group subj-group-type="System Taxonomy"><subject>In Vitro</subject><subject>Rattus (rat)</subject></subj-group></article-categories><title-group><article-title>Quantitative Analyses of Circadian Gene Expression in Mammalian Cell Cultures</article-title><alt-title alt-title-type="running-head">Circadian Gene Expression in Fibroblasts</alt-title></title-group><contrib-group><contrib contrib-type="author"><name><surname>Izumo</surname><given-names>Mariko</given-names></name><xref ref-type="aff" rid="aff1">1</xref><xref ref-type="fn" rid="n104">¤</xref></contrib><contrib contrib-type="author"><name><surname>Sato</surname><given-names>Takashi R</given-names></name><xref ref-type="aff" rid="aff2">2</xref></contrib><contrib contrib-type="author"><name><surname>Straume</surname><given-names>Martin</given-names></name><xref ref-type="aff" rid="aff3">3</xref></contrib><contrib contrib-type="author"><name><surname>Johnson</surname><given-names>Carl Hirschie</given-names></name><xref ref-type="aff" rid="aff1">1</xref><xref ref-type="corresp" rid="cor1">*</xref></contrib></contrib-group><aff id="aff1"><label>1</label> Department of Biological Sciences, Vanderbilt University, Nashville, Tennessee, United States of America
</aff><aff id="aff2"><label>2</label> Cold Spring Harbor Laboratory, Cold Spring Harbor, New York, United States of America
</aff><aff id="aff3"><label>3</label> Customized Online Biomathematical Research Applications, Charlottesville, Virginia, United States of America
</aff><contrib-group><contrib contrib-type="editor"><name><surname>Friston</surname><given-names>Karl J</given-names></name><role>Editor</role><xref ref-type="aff" rid="edit1"/></contrib></contrib-group><aff id="edit1">University College London, United Kingdom</aff><author-notes><corresp id="cor1">* To whom correspondence should be addressed. E-mail: <email>carl.h.johnson@vanderbilt.edu</email></corresp></author-notes><pub-date pub-type="ppub"><month>10</month><year>2006</year></pub-date><pub-date pub-type="epub"><day>13</day><month>10</month><year>2006</year></pub-date><volume>2</volume><issue>10</issue><elocation-id>e136</elocation-id><history><date date-type="received"><day>28</day><month>4</month><year>2006</year></date><date date-type="accepted"><day>28</day><month>8</month><year>2006</year></date></history><permissions><copyright-statement> © 2006 Izumo et al.</copyright-statement><copyright-year>2006</copyright-year><license xlink:href="http://creativecommons.org/licenses/by/4.0/"><license-p>This is an open-access article distributed under the terms of the Creative Commons Attribution License, which permits unrestricted use, distribution, and reproduction in any medium, provided the original author and source are properly credited.</license-p></license></permissions><abstract><p>The central circadian pacemaker is located in the hypothalamus of mammals, but essentially the same oscillating system operates in peripheral tissues and even in immortalized cell lines. Using luciferase reporters that allow automated monitoring of circadian gene expression in mammalian fibroblasts, we report the collection and analysis of precise rhythmic data from these cells. We use these methods to analyze signaling pathways of peripheral tissues by studying the responses of Rat-1 fibroblasts to ten different compounds. To quantify these rhythms, which show significant variation and large non-stationarities (damping and baseline drifting), we developed a new fast Fourier transform–nonlinear least squares analysis procedure that specifically optimizes the quantification of amplitude for circadian rhythm data. This enhanced analysis method successfully distinguishes among the ten signaling compounds for their rhythm-inducing properties. We pursued detailed analyses of the responses to two of these compounds that induced the highest amplitude rhythms in fibroblasts, forskolin (an activator of adenylyl cyclase), and dexamethasone (an agonist of glucocorticoid receptors). Our quantitative analyses clearly indicate that the synchronization mechanisms by the cAMP and glucocorticoid pathways are different, implying that actions of different genes stimulated by these pathways lead to distinctive programs of circadian synchronization.</p></abstract><abstract abstract-type="synopsis"><title>Synopsis</title><p>The circadian biological clock controls the adaptation of animals and plants to the daily environmental cycle of light and darkness. As such, this clock is responsible for jet lag and has consequences for mental health (e.g., depression), physical health (e.g., athletic performance and the timing of heart attacks), and social issues (e.g., shift work). The central circadian pacemaker is located in the hypothalamus of the mammalian brain, but essentially the same oscillating system operates in nonneural tissues. Using luciferase, an enzyme that emits light, the authors could monitor circadian gene expression in mammalian fibroblasts via luminescence emission that is controlled by the biological clock. Using this method, they report the collection and analysis of precise rhythmic data from these cells. These methods were used to analyze signaling pathways by studying the responses of fibroblasts to a variety of different treatments, including drugs, growth factors, and serum. The authors developed a new analysis procedure that specifically optimizes the quantification of amplitude for cyclic data to analyze these rhythms. This enhanced analysis method successfully distinguishes among the various signaling treatments for their rhythm inducing properties. The quantitative analyses clearly indicate that the synchronization mechanisms by the cyclic AMP and glucocorticoid pathways are different. Therefore, these pathways lead to distinctive programs of circadian synchronization.</p></abstract><counts><page-count count="14"/></counts><custom-meta-group><custom-meta><meta-name>citation</meta-name><meta-value>Izumo M, Sato TR, Straume M, Johnson CH (2006) Quantitative analyses of circadian gene expression in mammalian cell cultures. PLoS Comput Biol 2(10): e136. DOI: <ext-link ext-link-type="doi" xlink:href="10.1371/journal.pcbi.0020136">10.1371/journal.pcbi.0020136</ext-link></meta-value></custom-meta></custom-meta-group></article-meta></front></article>