<article xmlns="https://jats.nlm.nih.gov/ns/archiving/1.2/" xmlns:xsi="http://www.w3.org/2001/XMLSchema-instance" xmlns:ali="http://www.niso.org/schemas/ali/1.0/" xmlns:mml="http://www.w3.org/1998/Math/MathML" xmlns:xlink="http://www.w3.org/1999/xlink" xsi:schemaLocation="https://jats.nlm.nih.gov/ns/archiving/1.2/ https://jats.nlm.nih.gov/archiving/1.2/xsd/JATS-archivearticle1.xsd" article-type="research-article"><front><journal-meta><journal-id journal-id-type="nlm-ta">PLoS Comput Biol</journal-id><journal-id journal-id-type="iso-abbrev">PLoS Comput. Biol</journal-id><journal-id journal-id-type="publisher-id">pcbi</journal-id><journal-id journal-id-type="publisher-id">plcb</journal-id><journal-id journal-id-type="pmc">ploscomp</journal-id><journal-title-group><journal-title>PLoS Computational Biology</journal-title></journal-title-group><issn pub-type="ppub">1553-734X</issn><issn pub-type="epub">1553-7358</issn><publisher><publisher-name>Public Library of Science</publisher-name><publisher-loc>San Francisco, USA</publisher-loc></publisher></journal-meta><article-meta><article-id pub-id-type="accession">PMC1440919</article-id><article-id pub-id-type="pmcid">PMC1440919</article-id><article-id pub-id-type="pmc-uid">1440919</article-id><article-id pub-id-type="pmid">16628247</article-id><article-id pub-id-type="pmid">16628247</article-id><article-id pub-id-type="doi">10.1371/journal.pcbi.0020032</article-id><article-id pub-id-type="publisher-id">05-PLCB-RA-0301R2</article-id><article-id pub-id-type="sici">plcb-02-04-04</article-id><article-categories><subj-group subj-group-type="heading"><subject>Research Article</subject></subj-group><subj-group subj-group-type="Discipline"><subject>Bioinformatics - Computational Biology</subject></subj-group><subj-group subj-group-type="System Taxonomy"><subject>None</subject></subj-group></article-categories><title-group><article-title>Conformational Changes in Protein Loops and Helices Induced by Post-Translational Phosphorylation</article-title><alt-title alt-title-type="running-head">Protein Phosphorylation In Silico</alt-title></title-group><contrib-group><contrib contrib-type="author" equal-contrib="yes"><name><surname>Groban</surname><given-names>Eli S</given-names></name><xref ref-type="aff" rid="aff1">1</xref><xref ref-type="aff" rid="aff2">2</xref></contrib><contrib contrib-type="author" equal-contrib="yes"><name><surname>Narayanan</surname><given-names>Arjun</given-names></name><xref ref-type="aff" rid="aff1">1</xref><xref ref-type="aff" rid="aff2">2</xref></contrib><contrib contrib-type="author"><name><surname>Jacobson</surname><given-names>Matthew P</given-names></name><xref ref-type="aff" rid="aff1">1</xref><xref ref-type="aff" rid="aff2">2</xref><xref ref-type="corresp" rid="cor1">*</xref></contrib></contrib-group><aff id="aff1"><label>1</label> Department of Pharmaceutical Chemistry, University of California San Francisco, San Francisco, California, United States of America
</aff><aff id="aff2"><label>2</label> Graduate Group in Biophysics, University of California San Francisco, San Francisco, California, United States of America
</aff><contrib-group><contrib contrib-type="editor"><name><surname>Shakhnovich</surname><given-names>Eugene</given-names></name><role>Editor</role><xref ref-type="aff" rid="edit1"/></contrib></contrib-group><aff id="edit1">Harvard University, United States of America</aff><author-notes><corresp id="cor1">* To whom correspondence should be addressed. E-mail: <email>matt@cgl.ucsf.edu</email></corresp></author-notes><pub-date pub-type="ppub"><month>4</month><year>2006</year></pub-date><pub-date pub-type="epub"><day>21</day><month>4</month><year>2006</year></pub-date><pub-date pub-type="epreprint"><day>1</day><month>3</month><year>2006</year></pub-date><volume>2</volume><issue>4</issue><elocation-id>e32</elocation-id><history><date date-type="received"><day>26</day><month>10</month><year>2005</year></date><date date-type="accepted"><day>1</day><month>3</month><year>2006</year></date></history><permissions><copyright-statement> © 2006 Groban et al.</copyright-statement><copyright-year>2006</copyright-year><license xlink:href="http://creativecommons.org/licenses/by/4.0/"><license-p>This is an open-access article distributed under the terms of the Creative Commons Attribution License, which permits unrestricted use, distribution, and reproduction in any medium, provided the original author and source are properly credited.</license-p></license></permissions><!--<related-article preprintresearch10.1371/journal.pcbi.0020032.eorsimple>Conformational Changes in Protein Loops and Helices Induced by Post-Translational Phosphorylation</related-article>--><abstract><p>Post-translational phosphorylation is a ubiquitous mechanism for modulating protein activity and protein-protein interactions. In this work, we examine how phosphorylation can modulate the conformation of a protein by changing the energy landscape. We present a molecular mechanics method in which we phosphorylate proteins in silico and then predict how the conformation of the protein will change in response to phosphorylation. We apply this method to a test set comprised of proteins with both phosphorylated and non-phosphorylated crystal structures, and demonstrate that it is possible to predict localized phosphorylation-induced conformational changes, or the absence of conformational changes, with near-atomic accuracy in most cases. Examples of proteins used for testing our methods include kinases and prokaryotic response regulators. Through a detailed case study of cyclin-dependent kinase 2, we also illustrate how the computational methods can be used to provide new understanding of how phosphorylation drives conformational change, why substituting Glu or Asp for a phosphorylated amino acid does not always mimic the effects of phosphorylation, and how a phosphatase can “capture” a phosphorylated amino acid. This work illustrates how computational methods can be used to elucidate principles and mechanisms of post-translational phosphorylation, which can ultimately help to bridge the gap between the number of known sites of phosphorylation and the number of structures of phosphorylated proteins.</p></abstract><abstract abstract-type="synopsis"><title>Synopsis</title><p>Many proteins are chemically modified after they are synthesized in the cell. These post-translational modifications can modulate the ability of a protein to perform chemical reactions and to interact with other proteins. At the cellular level, for example, these chemical modifications are critical for allowing the cell to respond to its environment and control its division. One of the most common mechanisms by which proteins can be modified is by phosphorylation—the addition of a phosphate group to an amino acid side chain of the protein. Thousands of proteins are known to be modified by phosphorylation, but only for a small minority of these do we have any detailed understanding of how the chemical modification regulates the function of the protein. The authors describe a computational method that can make testable predictions about the structural changes that occur in a protein induced by post-translational phosphorylation. Their results show that the method can produce structural models of the phosphorylated proteins with near-atomic accuracy, and provide insight into the energetics of conformational switches driven by phosphorylation. As such, the computational method complements experiments aimed at understanding the mechanisms of protein regulation by phosphorylation.</p></abstract><counts><page-count count="13"/></counts><custom-meta-group><custom-meta><meta-name>Citation:</meta-name><meta-value>Groban ES, Narayanan A, Jacobson MP (2006) Conformational changes in protein loops and helices induced by post-translational phosphorylation. PLoS Comput Biol 2(4): e32. DOI: <ext-link ext-link-type="doi" xlink:href="10.1371/journal.pcbi.0020032">10.1371/journal.pcbi.0020032</ext-link></meta-value></custom-meta></custom-meta-group></article-meta></front></article>