<article xmlns="https://jats.nlm.nih.gov/ns/archiving/1.2/" xmlns:xsi="http://www.w3.org/2001/XMLSchema-instance" xmlns:ali="http://www.niso.org/schemas/ali/1.0/" xmlns:mml="http://www.w3.org/1998/Math/MathML" xmlns:xlink="http://www.w3.org/1999/xlink" xsi:schemaLocation="https://jats.nlm.nih.gov/ns/archiving/1.2/ https://jats.nlm.nih.gov/archiving/1.2/xsd/JATS-archivearticle1.xsd" article-type="research-article"><front><journal-meta><journal-id journal-id-type="nlm-ta">PLoS Comput Biol</journal-id><journal-id journal-id-type="iso-abbrev">PLoS Comput. Biol</journal-id><journal-id journal-id-type="publisher-id">pcbi</journal-id><journal-id journal-id-type="publisher-id">plcb</journal-id><journal-id journal-id-type="pmc">ploscomp</journal-id><journal-title-group><journal-title>PLoS Computational Biology</journal-title></journal-title-group><issn pub-type="ppub">1553-734X</issn><issn pub-type="epub">1553-7358</issn><publisher><publisher-name>Public Library of Science</publisher-name><publisher-loc>San Francisco, USA</publisher-loc></publisher></journal-meta><article-meta><article-id pub-id-type="accession">PMC1193991</article-id><article-id pub-id-type="pmcid">PMC1193991</article-id><article-id pub-id-type="pmc-uid">1193991</article-id><article-id pub-id-type="pmid">16158095</article-id><article-id pub-id-type="doi">10.1371/journal.pcbi.0010032</article-id><article-id pub-id-type="publisher-id">05-PLCB-RA-0076R3</article-id><article-id pub-id-type="sici">plcb-01-03-07</article-id><article-categories><subj-group subj-group-type="heading"><subject>Research Article</subject></subj-group><subj-group subj-group-type="Discipline"><subject>Bioinformatics - Computational Biology</subject><subject>Evolution</subject><subject>Genetics/Population Genetics</subject><subject>Genetics/Evolution</subject></subj-group><subj-group subj-group-type="System Taxonomy"><subject>None</subject></subj-group></article-categories><title-group><article-title>Evolution of Genetic Potential</article-title><alt-title alt-title-type="running-head">Evolution of Genetic Potential</alt-title></title-group><contrib-group><contrib contrib-type="author"><name><surname>Ancel Meyers</surname><given-names>Lauren</given-names></name><xref ref-type="aff" rid="aff1">1</xref><xref ref-type="aff" rid="aff2">2</xref><xref ref-type="corresp" rid="cor1">*</xref></contrib><contrib contrib-type="author"><name><surname>Ancel</surname><given-names>Fredric D</given-names></name><xref ref-type="aff" rid="aff3">3</xref></contrib><contrib contrib-type="author"><name><surname>Lachmann</surname><given-names>Michael</given-names></name><xref ref-type="aff" rid="aff4">4</xref></contrib></contrib-group><aff id="aff1"><label>1</label> Section of Integrative Biology, Institute for Cellular and Molecular Biology, University of Texas, Austin, Texas, United States of America
</aff><aff id="aff2"><label>2</label> Santa Fe Institute, Santa Fe, New Mexico, United States of America
</aff><aff id="aff3"><label>3</label> Department of Mathematical Sciences, University of Wisconsin, Milwaukee, Wisconsin, United States of America
</aff><aff id="aff4"><label>4</label> Max Planck Institute for Evolutionary Anthropology, Leipzig, Germany
</aff><contrib-group><contrib contrib-type="editor"><name><surname>Holmes</surname><given-names>Eddie</given-names></name><role>Editor</role><xref ref-type="aff" rid="edit1"/></contrib></contrib-group><aff id="edit1">Pennsylvania State University, United States of America</aff><author-notes><corresp id="cor1">*To whom correspondence should be addressed. E-mail: <email>laurenmeyers@mail.utexas.edu</email></corresp></author-notes><pub-date pub-type="ppub"><month>8</month><year>2005</year></pub-date><pub-date pub-type="epub"><day>26</day><month>8</month><year>2005</year></pub-date><volume>1</volume><issue>3</issue><elocation-id>e32</elocation-id><history><date date-type="received"><day>15</day><month>4</month><year>2005</year></date><date date-type="accepted"><day>22</day><month>7</month><year>2005</year></date></history><permissions><copyright-statement>Copyright: © 2005 Meyers et al.</copyright-statement><copyright-year>2005</copyright-year><license xlink:href="http://creativecommons.org/licenses/by/4.0/"><license-p>This is an open-access article distributed under the terms of the Creative Commons Attribution License, which permits unrestricted use, distribution, and reproduction in any medium, provided the original author and source are properly credited.</license-p></license></permissions><abstract><p>Organisms employ a multitude of strategies to cope with the dynamical environments in which they live. Homeostasis and physiological plasticity buffer changes within the lifetime of an organism, while stochastic developmental programs and hypermutability track changes on longer timescales. An alternative long-term mechanism is “genetic potential”<italic>—</italic>a heightened sensitivity to the effects of mutation that facilitates rapid evolution to novel states. Using a transparent mathematical model, we illustrate the concept of genetic potential and show that as environmental variability decreases, the evolving population reaches three distinct steady state conditions: (1) organismal flexibility, (2) genetic potential, and (3) genetic robustness. As a specific example of this concept we examine fluctuating selection for hydrophobicity in a single amino acid. We see the same three stages, suggesting that environmental fluctuations can produce allele distributions that are distinct not only from those found under constant conditions, but also from the transient allele distributions that arise under isolated selective sweeps.</p></abstract><abstract abstract-type="synopsis"><title>Synopsis</title><sec id="st1"><title/><p>Variation is the fuel of natural selection. Understanding the mutational processes that underlie evolution has long been a central objective of population genetics. Today, amidst a computational revolution in biology, such understanding is pivotal to progress in many biological disciplines. For example, neutral mutations make the molecular clock tick, and this clock is fundamental to reconstructing phylogenies, measuring recombination rates, and detecting genetic functionality. In this manuscript, the researchers provide an original perspective on a long-standing question in evolutionary biology: to what extent do mutation rates evolve? They argue that to cope with environmental fluctuation, populations can evolve their phenotypic mutation rate without changing their genetic mutation rate. That is, populations can evolve “genetic potential”—a heightened sensitivity to the effects of mutation. The researchers use a simple mathematical model of amino acid evolution to illustrate the evolution of genetic potential, and show that as environmental variability decreases, evolving populations reach three distinct states. In a rapidly fluctuating environment, organisms evolve the flexibility to cope with variation within an individual lifetime; in moderately variable environments, populations evolve the ability to evolve rapidly; and in fairly constant environments, populations evolve robustness against the adverse effects of mutation.</p></sec></abstract><custom-meta-group><custom-meta><meta-name>Citation:</meta-name><meta-value>Meyers LA, Ancel FD, Lachmann M (2005) Evolution of genetic potential. PLoS Comp Biol 1(3): e32.</meta-value></custom-meta></custom-meta-group></article-meta></front></article>