<article xmlns="https://jats.nlm.nih.gov/ns/archiving/1.2/" xmlns:xsi="http://www.w3.org/2001/XMLSchema-instance" xmlns:ali="http://www.niso.org/schemas/ali/1.0/" xmlns:mml="http://www.w3.org/1998/Math/MathML" xmlns:xlink="http://www.w3.org/1999/xlink" xsi:schemaLocation="https://jats.nlm.nih.gov/ns/archiving/1.2/ https://jats.nlm.nih.gov/archiving/1.2/xsd/JATS-archivearticle1.xsd" article-type="review-article"><front><journal-meta><journal-id journal-id-type="nlm-ta">PLoS Comput Biol</journal-id><journal-id journal-id-type="iso-abbrev">PLoS Comput. Biol</journal-id><journal-id journal-id-type="publisher-id">pcbi</journal-id><journal-id journal-id-type="publisher-id">plcb</journal-id><journal-id journal-id-type="pmc">ploscomp</journal-id><journal-title-group><journal-title>PLoS Computational Biology</journal-title></journal-title-group><issn pub-type="ppub">1553-734X</issn><issn pub-type="epub">1553-7358</issn><publisher><publisher-name>Public Library of Science</publisher-name><publisher-loc>San Francisco, USA</publisher-loc></publisher></journal-meta><article-meta><article-id pub-id-type="accession">PMC1523295</article-id><article-id pub-id-type="pmcid">PMC1523295</article-id><article-id pub-id-type="pmc-uid">1523295</article-id><article-id pub-id-type="pmid">16863395</article-id><article-id pub-id-type="pmid">16863395</article-id><article-id pub-id-type="doi">10.1371/journal.pcbi.0020081</article-id><article-id pub-id-type="publisher-id">05-PLCB-RV-0332R3</article-id><article-id pub-id-type="sici">plcb-02-07-14</article-id><article-categories><subj-group subj-group-type="heading"><subject>Review</subject></subj-group><subj-group subj-group-type="Discipline"><subject>Allergy - Immunology</subject><subject>Bioinformatics - Computational Biology</subject><subject>Biotechnology</subject><subject>Genetics/Functional Genomics</subject><subject>Immunology</subject><subject>Infectious Diseases</subject><subject>Statistics</subject><subject>Systems Biology</subject></subj-group><subj-group subj-group-type="System Taxonomy"><subject>Functional Immunomics</subject><subject>Functional Genomics</subject><subject>Immunology</subject><subject>Immunomic Microarray Technology</subject><subject>Immunomic Regulatory Network</subject></subj-group></article-categories><title-group><article-title>From Functional Genomics to Functional Immunomics: New Challenges, Old Problems, Big Rewards </article-title><alt-title alt-title-type="running-head">Review</alt-title></title-group><contrib-group><contrib contrib-type="author" equal-contrib="yes"><name><surname>Braga-Neto</surname><given-names>Ulisses M</given-names></name><xref ref-type="corresp" rid="cor1"><sup>*</sup></xref></contrib><contrib contrib-type="author" equal-contrib="yes"><name><surname>Marques</surname><given-names>Ernesto T. A</given-names><suffix>Jr</suffix></name></contrib></contrib-group><contrib-group><contrib contrib-type="editor"><name><surname>Kötter</surname><given-names>Rolf</given-names></name><role>Editor</role><xref ref-type="aff" rid="edit1"/></contrib></contrib-group><aff id="edit1">Heinrich Heine University, Germany</aff><author-notes><corresp id="cor1">* To whom correspondence should be addressed. E-mail: <email>ub@ieee.org</email></corresp><fn id="n102" fn-type="current-aff"><p>Ulisses M. Braga-Neto is at the Virology and Experimental Therapy Laboratory, Aggeu Magalhães Research Center - CPqAM/FIOCRUZ, Recife, Brazil. Ernesto T. A. Marques, Jr., is at the Virology and Experimental Therapy Laboratory, Aggeu Magalhães Research Center - CPqAM/FIOCRUZ, Recife, Brazil and at the Department of Medicine, Division of Infectious Diseases, and the Department of Pharmacology and Molecular Sciences, The Johns Hopkins School of Medicine, Baltimore, Maryland, United States of America.</p></fn></author-notes><pub-date pub-type="ppub"><month>7</month><year>2006</year></pub-date><pub-date pub-type="epub"><day>28</day><month>7</month><year>2006</year></pub-date><volume>2</volume><issue>7</issue><elocation-id>e81</elocation-id><permissions><copyright-statement> © 2006 Braga-Neto and Marques.</copyright-statement><copyright-year>2006</copyright-year><license xlink:href="http://creativecommons.org/licenses/by/4.0/"><license-p>This is an open-access article distributed under the terms of the Creative Commons Attribution License, which permits unrestricted use, distribution, and reproduction in any medium, provided the original author and source are properly credited.</license-p></license></permissions><abstract><p>The development of DNA microarray technology a decade ago led to the establishment of functional genomics as one of the most active and successful scientific disciplines today. With the ongoing development of immunomic microarray technology—a spatially addressable, large-scale technology for measurement of specific immunological response—the new challenge of functional immunomics is emerging, which bears similarities to but is also significantly different from functional genomics. Immunonic data has been successfully used to identify biological markers involved in autoimmune diseases, allergies, viral infections such as human immunodeficiency virus (HIV), influenza, diabetes, and responses to cancer vaccines. This review intends to provide a coherent vision of this nascent scientific field, and speculate on future research directions. We discuss at some length issues such as epitope prediction, immunomic microarray technology and its applications, and computation and statistical challenges related to functional immunomics. Based on the recent discovery of regulation mechanisms in T cell responses, we envision the use of immunomic microarrays as a tool for advances in systems biology of cellular immune responses, by means of immunomic regulatory network models.</p></abstract><counts><page-count count="12"/></counts><custom-meta-group><custom-meta><meta-name>citation</meta-name><meta-value>Braga-Neto UM, Marques ETA Jr (2006) From functional genomics to functional immunomics: New challenges, old problems, big rewards. PLoS Comput Biol 2(7): e81. DOI: <ext-link ext-link-type="doi" xlink:href="10.1371/journal.pcbi.0020081">10.1371/journal.pcbi.0020081</ext-link></meta-value></custom-meta></custom-meta-group></article-meta></front></article>