<article xmlns="https://jats.nlm.nih.gov/ns/archiving/1.2/" xmlns:xsi="http://www.w3.org/2001/XMLSchema-instance" xmlns:ali="http://www.niso.org/schemas/ali/1.0/" xmlns:mml="http://www.w3.org/1998/Math/MathML" xmlns:xlink="http://www.w3.org/1999/xlink" xsi:schemaLocation="https://jats.nlm.nih.gov/ns/archiving/1.2/ https://jats.nlm.nih.gov/archiving/1.2/xsd/JATS-archivearticle1.xsd" article-type="research-article"><front><journal-meta><journal-id journal-id-type="nlm-ta">PLoS Comput Biol</journal-id><journal-id journal-id-type="iso-abbrev">PLoS Comput. Biol</journal-id><journal-id journal-id-type="publisher-id">pcbi</journal-id><journal-id journal-id-type="publisher-id">plcb</journal-id><journal-id journal-id-type="pmc">ploscomp</journal-id><journal-title-group><journal-title>PLoS Computational Biology</journal-title></journal-title-group><issn pub-type="ppub">1553-734X</issn><issn pub-type="epub">1553-7358</issn><publisher><publisher-name>Public Library of Science</publisher-name><publisher-loc>San Francisco, USA</publisher-loc></publisher></journal-meta><article-meta><article-id pub-id-type="accession">PMC1447655</article-id><article-id pub-id-type="pmcid">PMC1447655</article-id><article-id pub-id-type="pmc-uid">1447655</article-id><article-id pub-id-type="pmid">16683018</article-id><article-id pub-id-type="pmid">16683018</article-id><article-id pub-id-type="doi">10.1371/journal.pcbi.0020037</article-id><article-id pub-id-type="publisher-id">05-PLCB-RA-0333R2</article-id><article-id pub-id-type="sici">plcb-02-04-06</article-id><article-categories><subj-group subj-group-type="heading"><subject>Research Article</subject></subj-group><subj-group subj-group-type="Discipline"><subject>Bioinformatics - Computational Biology</subject><subject>Microbiology</subject><subject>Molecular Biology - Structural Biology</subject><subject>Statistics</subject><subject>Systems Biology</subject></subj-group><subj-group subj-group-type="System Taxonomy"><subject>Eubacteria</subject></subj-group></article-categories><title-group><article-title>Codon Usage Domains over Bacterial Chromosomes</article-title><alt-title alt-title-type="running-head">Codon Usage Bacterial Domains</alt-title></title-group><contrib-group><contrib contrib-type="author"><name><surname>Bailly-Bechet</surname><given-names>Marc</given-names></name><xref ref-type="aff" rid="aff1">1</xref></contrib><contrib contrib-type="author"><name><surname>Danchin</surname><given-names>Antoine</given-names></name><xref ref-type="aff" rid="aff2">2</xref></contrib><contrib contrib-type="author"><name><surname>Iqbal</surname><given-names>Mudassar</given-names></name><xref ref-type="aff" rid="aff3">3</xref><xref ref-type="aff" rid="aff4">4</xref></contrib><contrib contrib-type="author"><name><surname>Marsili</surname><given-names>Matteo</given-names></name><xref ref-type="aff" rid="aff3">3</xref></contrib><contrib contrib-type="author"><name><surname>Vergassola</surname><given-names>Massimo</given-names></name><xref ref-type="aff" rid="aff1">1</xref><xref ref-type="corresp" rid="cor1">*</xref></contrib></contrib-group><aff id="aff1"><label>1</label> CNRS URA 2171, Institute Pasteur, Unité Génétique in silico, Paris, France
</aff><aff id="aff2"><label>2</label> CNRS URA 2171, Institute Pasteur, Unité Génétique des Génomes Bactériens, Paris, France
</aff><aff id="aff3"><label>3</label> Abdus Salam International Center Theoretical Physics, Trieste, Italy
</aff><aff id="aff4"><label>4</label> Computing Laboratory, University of Kent, Canterbury, Kent, United Kingdom
</aff><contrib-group><contrib contrib-type="editor"><name><surname>Vingron</surname><given-names>Martin</given-names></name><role>Editor</role><xref ref-type="aff" rid="edit1"/></contrib></contrib-group><aff id="edit1">Max Planck Institute for Molecular Genetics, Germany</aff><author-notes><corresp id="cor1">* To whom correspondence should be addressed. E-mail: <email>massimo@pasteur.fr</email></corresp></author-notes><pub-date pub-type="ppub"><month>4</month><year>2006</year></pub-date><pub-date pub-type="epub"><day>21</day><month>4</month><year>2006</year></pub-date><volume>2</volume><issue>4</issue><elocation-id>e37</elocation-id><history><date date-type="received"><day>21</day><month>11</month><year>2005</year></date><date date-type="accepted"><day>13</day><month>3</month><year>2006</year></date></history><permissions><copyright-statement> © 2006 Bailly-Bechet et al.</copyright-statement><copyright-year>2006</copyright-year><license xlink:href="http://creativecommons.org/licenses/by/4.0/"><license-p>This is an open-access article distributed under the terms of the Creative Commons Attribution License, which permits unrestricted use, distribution, and reproduction in any medium, provided the original author and source are properly credited.</license-p></license></permissions><abstract><p>The geography of codon bias distributions over prokaryotic genomes and its impact upon chromosomal organization are analyzed. To this aim, we introduce a clustering method based on information theory, specifically designed to cluster genes according to their codon usage and apply it to the coding sequences of <named-content content-type="genus-species">Escherichia coli</named-content> and <named-content content-type="genus-species">Bacillus subtilis</named-content>. One of the clusters identified in each of the organisms is found to be related to expression levels, as expected, but other groups feature an over-representation of genes belonging to different functional groups, namely horizontally transferred genes, motility, and intermediary metabolism. Furthermore, we show that genes with a similar bias tend to be close to each other on the chromosome and organized in coherent domains, more extended than operons, demonstrating a role of translation in structuring bacterial chromosomes. It is argued that a sizeable contribution to this effect comes from the dynamical compartimentalization induced by the recycling of tRNAs, leading to gene expression rates dependent on their genomic and expression context.</p></abstract><abstract abstract-type="synopsis"><title>Synopsis</title><p>Genomic sequencing projects are clearly showing that cellular components are not randomly encoded over bacterial chromosomes. Order arises for a variety of reasons. Bailly-Bechet and colleagues focused here on the role of translation in shaping bacterial chromosomes. Due to degeneracy of the genetic code, each amino acid can be encoded by multiple codons. Gene encoding is not random, though, and, depending on the genes, some codons are preferred to their synonyms. This is the so-called codon bias phenomenon. The authors analyzed the usage of synonymous codons for protein encoding and its geography over bacterial chromosomes. They found that genes sharing similar codon bias tend to be close to each other on the chromosome, in coherent patches more extended than transcriptional units. Their hypothesis is that those correlations in codon bias enable the cell to locally recycle tRNAs employed during translation, reducing stalling of the ribosomes due to rare tRNAs. This also entails a dependence of expression rates of a gene on its chromosomal context. Furthermore, their analysis made clear that genes involved in anabolic pathways, mainly active when the cell is starving, have a similar codon usage, and that they are encoded on the lagging strand of DNA. They hypothesize that this is due to relative translation efficiency of the lagging strand as compared with the leading one, illustrating the role of translation in creating structural evolutionary constraints.</p></abstract><counts><page-count count="13"/></counts><custom-meta-group><custom-meta><meta-name>Citation:</meta-name><meta-value>Bailly-Bechet M, Danchin A, Iqbal M, Marsili M, Vergassola M (2006) Codon usage domains over bacterial chromosomes. PLoS Comput Biol 2(4): e37. DOI: <ext-link ext-link-type="doi" xlink:href="10.1371/journal.pcbi.0020037">10.1371/journal.pcbi.0020037</ext-link></meta-value></custom-meta></custom-meta-group></article-meta></front></article>