<article xmlns="https://jats.nlm.nih.gov/ns/archiving/1.2/" xmlns:xsi="http://www.w3.org/2001/XMLSchema-instance" xmlns:ali="http://www.niso.org/schemas/ali/1.0/" xmlns:mml="http://www.w3.org/1998/Math/MathML" xmlns:xlink="http://www.w3.org/1999/xlink" xsi:schemaLocation="https://jats.nlm.nih.gov/ns/archiving/1.2/ https://jats.nlm.nih.gov/archiving/1.2/xsd/JATS-archivearticle1.xsd" article-type="research-article"><front><journal-meta><journal-id journal-id-type="nlm-ta">PLoS Comput Biol</journal-id><journal-id journal-id-type="iso-abbrev">PLoS Comput. Biol</journal-id><journal-id journal-id-type="publisher-id">pcbi</journal-id><journal-id journal-id-type="publisher-id">plcb</journal-id><journal-id journal-id-type="pmc">ploscomp</journal-id><journal-title-group><journal-title>PLoS Computational Biology</journal-title></journal-title-group><issn pub-type="ppub">1553-734X</issn><issn pub-type="epub">1553-7358</issn><publisher><publisher-name>Public Library of Science</publisher-name><publisher-loc>San Francisco, USA</publisher-loc></publisher></journal-meta><article-meta><article-id pub-id-type="accession">PMC1914369</article-id><article-id pub-id-type="pmcid">PMC1914369</article-id><article-id pub-id-type="pmc-uid">1914369</article-id><article-id pub-id-type="pmid">17630824</article-id><article-id pub-id-type="pmid">17630824</article-id><article-id pub-id-type="doi">10.1371/journal.pcbi.0030119</article-id><article-id pub-id-type="publisher-id">06-PLCB-RA-0525R3</article-id><article-id pub-id-type="sici">plcb-03-07-12</article-id><article-categories><subj-group subj-group-type="heading"><subject>Research Article</subject></subj-group><subj-group subj-group-type="Discipline"><subject>Biochemistry</subject><subject>Biochemistry</subject><subject>Biophysics</subject><subject>Biotechnology</subject></subj-group><subj-group subj-group-type="System Taxonomy"><subject>None</subject><subject>Eukaryotes</subject></subj-group></article-categories><title-group><article-title>Protein–Protein Interaction Hotspots Carved into Sequences</article-title><alt-title alt-title-type="running-head">Predicting Hotspots from Sequences</alt-title></title-group><contrib-group><contrib contrib-type="author"><name><surname>Ofran</surname><given-names>Yanay</given-names></name><xref ref-type="aff" rid="aff1">1</xref><xref ref-type="aff" rid="aff2">2</xref><xref ref-type="corresp" rid="cor1">*</xref></contrib><contrib contrib-type="author"><name><surname>Rost</surname><given-names>Burkhard</given-names></name><xref ref-type="aff" rid="aff1">1</xref><xref ref-type="aff" rid="aff2">2</xref><xref ref-type="aff" rid="aff3">3</xref></contrib></contrib-group><aff id="aff1"><label>1</label> Department of Biochemistry and Molecular Biophysics, Columbia University, New York, New York, United States of America
</aff><aff id="aff2"><label>2</label> Columbia University Center for Computational Biology and Bioinformatics (C2B2), New York, New York, United States of America
</aff><aff id="aff3"><label>3</label> NorthEast Structural Genomics Consortium (NESG), Columbia University, New York, New York, United States of America
</aff><contrib-group><contrib contrib-type="editor"><name><surname>Valencia</surname><given-names>Alfonso</given-names></name><role>Editor</role><xref ref-type="aff" rid="edit1"/></contrib></contrib-group><aff id="edit1">Spanish National Cancer Research Centre (CNIO), Spain</aff><author-notes><corresp id="cor1">* To whom correspondence should be addressed. E-mail: <email>yo135@columbia.edu</email></corresp></author-notes><pub-date pub-type="ppub"><month>7</month><year>2007</year></pub-date><pub-date pub-type="epub"><day>13</day><month>7</month><year>2007</year></pub-date><volume>3</volume><issue>7</issue><elocation-id>e119</elocation-id><history><date date-type="received"><day>15</day><month>12</month><year>2006</year></date><date date-type="accepted"><day>11</day><month>5</month><year>2007</year></date></history><permissions><copyright-statement> © 2007 Ofran and Rost.</copyright-statement><copyright-year>2007</copyright-year><license xlink:href="http://creativecommons.org/licenses/by/4.0/"><license-p>This is an open-access article distributed under the terms of the Creative Commons Attribution License, which permits unrestricted use, distribution, and reproduction in any medium, provided the original author and source are properly credited.</license-p></license></permissions><abstract><p>Protein–protein interactions, a key to almost any biological process, are mediated by molecular mechanisms that are not entirely clear. The study of these mechanisms often focuses on all residues at protein–protein interfaces. However, only a small subset of all interface residues is actually essential for recognition or binding. Commonly referred to as “hotspots,” these essential residues are defined as residues that impede protein–protein interactions if mutated. While no in silico tool identifies hotspots in unbound chains, numerous prediction methods were designed to identify all the residues in a protein that are likely to be a part of protein–protein interfaces. These methods typically identify successfully only a small fraction of all interface residues. Here, we analyzed the hypothesis that the two subsets correspond (i.e., that in silico methods may predict few residues because they preferentially predict hotspots). We demonstrate that this is indeed the case and that we can therefore predict directly from the sequence of a single protein which residues are interaction hotspots (without knowledge of the interaction partner). Our results suggested that most protein complexes are stabilized by similar basic principles. The ability to accurately and efficiently identify hotspots from sequence enables the annotation and analysis of protein–protein interaction hotspots in entire organisms and thus may benefit function prediction and drug development. The server for prediction is available at <ext-link ext-link-type="uri" xlink:href="http://www.rostlab.org/services/isis">http://www.rostlab.org/services/isis</ext-link>.</p></abstract><abstract abstract-type="summary"><title>Author Summary</title><sec id="st1"><title/><p>Interactions between proteins underlie all biological processes. Hence, to fully understand or to control biological processes we need to unravel the principles of protein interactions. The quest for these principles has focused predominantly on the entire interfaces between two interacting proteins. However, it has been shown that only few of the interface residues are essential for the recognition and binding to other proteins. The identification of these residues, commonly referred to as binding “hotspots,” is a first step toward understanding the function of proteins and studying their interactions. Experimentally, hotspots could be identified by mutating single residues—an expensive and laborious procedure that is not applicable on a large scale. Here, we show that it is possible to identify protein interaction hotspots computationally on a large scale based on the amino acid sequence of a single protein, without requiring the knowledge of its interaction partner. Our results suggest that most protein complexes are stabilized by similar basic principles. The ability to accurately and efficiently identify hotspots from sequence enables the annotation and analysis of protein–protein interaction hotspots in an entire organism and thus may benefit function prediction and drug development.</p></sec></abstract><counts><page-count count="8"/></counts><custom-meta-group><custom-meta><meta-name>citation</meta-name><meta-value>Ofran Y, Rost B (2007) Protein–protein interaction hotspots carved into sequences. PLoS Comput Biol 3(7): e119. doi:<ext-link ext-link-type="doi" xlink:href="10.1371/journal.pcbi.0030119">10.1371/journal.pcbi.0030119</ext-link></meta-value></custom-meta></custom-meta-group></article-meta></front></article>