<article xmlns="https://jats.nlm.nih.gov/ns/archiving/1.2/" xmlns:xsi="http://www.w3.org/2001/XMLSchema-instance" xmlns:ali="http://www.niso.org/schemas/ali/1.0/" xmlns:mml="http://www.w3.org/1998/Math/MathML" xmlns:xlink="http://www.w3.org/1999/xlink" xsi:schemaLocation="https://jats.nlm.nih.gov/ns/archiving/1.2/ https://jats.nlm.nih.gov/archiving/1.2/xsd/JATS-archivearticle1.xsd" article-type="research-article"><front><journal-meta><journal-id journal-id-type="nlm-ta">PLoS Comput Biol</journal-id><journal-id journal-id-type="iso-abbrev">PLoS Comput. Biol</journal-id><journal-id journal-id-type="publisher-id">pcbi</journal-id><journal-id journal-id-type="publisher-id">plcb</journal-id><journal-id journal-id-type="pmc">ploscomp</journal-id><journal-title-group><journal-title>PLoS Computational Biology</journal-title></journal-title-group><issn pub-type="ppub">1553-734X</issn><issn pub-type="epub">1553-7358</issn><publisher><publisher-name>Public Library of Science</publisher-name><publisher-loc>San Francisco, USA</publisher-loc></publisher></journal-meta><article-meta><article-id pub-id-type="accession">PMC1937014</article-id><article-id pub-id-type="pmcid">PMC1937014</article-id><article-id pub-id-type="pmc-uid">1937014</article-id><article-id pub-id-type="pmid">17676948</article-id><article-id pub-id-type="pmid">17676948</article-id><article-id pub-id-type="doi">10.1371/journal.pcbi.0030147</article-id><article-id pub-id-type="publisher-id">07-PLCB-RA-0021R2</article-id><article-id pub-id-type="sici">plcb-03-08-03</article-id><article-categories><subj-group subj-group-type="heading"><subject>Research Article</subject></subj-group><subj-group subj-group-type="Discipline"><subject>Computational Biology</subject></subj-group><subj-group subj-group-type="System Taxonomy"><subject>None</subject></subj-group></article-categories><title-group><article-title>Distributed Representations Accelerate Evolution of Adaptive Behaviours</article-title><alt-title alt-title-type="running-head">Accelerated Evolution</alt-title></title-group><contrib-group><contrib contrib-type="author"><name><surname>Stone</surname><given-names>James V</given-names></name><xref ref-type="aff" rid="aff1"/><xref ref-type="corresp" rid="cor1">*</xref></contrib></contrib-group><aff id="aff1">Psychology Department, Sheffield University, Sheffield, United Kingdom</aff><contrib-group><contrib contrib-type="editor"><name><surname>Friston</surname><given-names>Karl J</given-names></name><role>Editor</role><xref ref-type="aff" rid="edit1"/></contrib></contrib-group><aff id="edit1">University College London, United Kingdom</aff><author-notes><corresp id="cor1">* To whom correspondence should be addressed. E-mail: <email>j.v.stone@shef.ac.uk</email></corresp></author-notes><pub-date pub-type="ppub"><month>8</month><year>2007</year></pub-date><pub-date pub-type="epub"><day>3</day><month>8</month><year>2007</year></pub-date><pub-date pub-type="epreprint"><day>11</day><month>6</month><year>2007</year></pub-date><volume>3</volume><issue>8</issue><elocation-id>e147</elocation-id><history><date date-type="received"><day>15</day><month>1</month><year>2007</year></date><date date-type="accepted"><day>11</day><month>6</month><year>2007</year></date></history><permissions><copyright-statement> © 2007 James V. Stone.</copyright-statement><copyright-year>2007</copyright-year><license xlink:href="http://creativecommons.org/licenses/by/4.0/"><license-p>This is an open-access article distributed under the terms of the Creative Commons Attribution License, which permits unrestricted use, distribution, and reproduction in any medium, provided the original author and source are properly credited.</license-p></license></permissions><!--<related-article preprintResearch Article10.1371/journal.pcbi.0030147.eorRA1doisimple>Distributed Representations Accelerate Evolution of Adaptive Behaviours</related-article>--><abstract><p>Animals with rudimentary innate abilities require substantial learning to transform those abilities into useful skills, where a skill can be considered as a set of sensory–motor associations. Using linear neural network models, it is proved that if skills are stored as distributed representations, then within-lifetime learning of part of a skill can induce automatic learning of the remaining parts of that skill. More importantly, it is shown that this “free-lunch” learning (FLL) is responsible for accelerated evolution of skills, when compared with networks which either 1) cannot benefit from FLL or 2) cannot learn. Specifically, it is shown that FLL accelerates the appearance of adaptive behaviour, both in its innate form and as FLL-induced behaviour, and that FLL can accelerate the rate at which learned behaviours become innate.</p></abstract><abstract abstract-type="summary"><title>Author Summary</title><sec id="st1"><title/><p>Some behaviours are purely innate (e.g., blinking), whereas other, “apparently innate,” behaviours require a degree of learning to refine them into a useful skill (e.g., nest building). In terms of biological fitness, it matters how quickly such learning occurs, because time spent learning is time spent not eating, or time spent being eaten, both of which reduce fitness. Using artificial neural networks as model organisms, it is proven that it is possible for an organism to be born with a set of “primed” connections which guarantee that learning part of a skill induces automatic learning of other skill components, an effect known as free-lunch learning (FLL). Critically, this effect depends on the assumption that associations are stored as distributed representations. Using a genetic algorithm, it is shown that primed organisms can evolve within 30 generations. This has three important consequences. First, primed organisms learn quickly, which increases their fitness. Second, the presence of FLL effectively accelerates the rate of evolution, for both learned and innate skill components. Third, FLL can accelerate the rate at which learned behaviours become innate. These findings suggest that species may depend on the presence of distributed representations to ensure rapid evolution of adaptive behaviours.</p></sec></abstract><counts><page-count count="9"/></counts><custom-meta-group><custom-meta><meta-name>citation</meta-name><meta-value>Stone JV (2007) Distributed representations accelerate evolution of adaptive behaviours. PLoS Comput Biol 3(7): e147. doi:<ext-link ext-link-type="doi" xlink:href="10.1371/journal.pcbi.0030147">10.1371/journal.pcbi.0030147</ext-link></meta-value></custom-meta></custom-meta-group></article-meta></front></article>