<article xmlns="https://jats.nlm.nih.gov/ns/archiving/1.2/" xmlns:xsi="http://www.w3.org/2001/XMLSchema-instance" xmlns:ali="http://www.niso.org/schemas/ali/1.0/" xmlns:mml="http://www.w3.org/1998/Math/MathML" xmlns:xlink="http://www.w3.org/1999/xlink" xsi:schemaLocation="https://jats.nlm.nih.gov/ns/archiving/1.2/ https://jats.nlm.nih.gov/archiving/1.2/xsd/JATS-archivearticle1.xsd" article-type="research-article"><front><journal-meta><journal-id journal-id-type="nlm-ta">PLoS Comput Biol</journal-id><journal-id journal-id-type="iso-abbrev">PLoS Comput. Biol</journal-id><journal-id journal-id-type="publisher-id">pcbi</journal-id><journal-id journal-id-type="publisher-id">plcb</journal-id><journal-id journal-id-type="pmc">ploscomp</journal-id><journal-title-group><journal-title>PLoS Computational Biology</journal-title></journal-title-group><issn pub-type="ppub">1553-734X</issn><issn pub-type="epub">1553-7358</issn><publisher><publisher-name>Public Library of Science</publisher-name><publisher-loc>San Francisco, USA</publisher-loc></publisher></journal-meta><article-meta><article-id pub-id-type="accession">PMC1560402</article-id><article-id pub-id-type="pmcid">PMC1560402</article-id><article-id pub-id-type="pmc-uid">1560402</article-id><article-id pub-id-type="pmid">16965176</article-id><article-id pub-id-type="pmid">16965176</article-id><article-id pub-id-type="doi">10.1371/journal.pcbi.0020118</article-id><article-id pub-id-type="publisher-id">06-PLCB-RA-0047R4</article-id><article-id pub-id-type="sici">plcb-02-09-05</article-id><article-categories><subj-group subj-group-type="heading"><subject>Research Article</subject></subj-group><subj-group subj-group-type="Discipline"><subject>Bioinformatics - Computational Biology</subject><subject>Molecular Biology - Structural Biology</subject><subject>Systems Biology</subject></subj-group><subj-group subj-group-type="System Taxonomy"><subject>Mammals</subject><subject>None</subject></subj-group></article-categories><title-group><article-title>Imitating Manual Curation of Text-Mined Facts in Biomedicine</article-title><alt-title alt-title-type="running-head">AI Curation in Biomedicine</alt-title></title-group><contrib-group><contrib contrib-type="author"><name><surname>Rodriguez-Esteban</surname><given-names>Raul</given-names></name><xref ref-type="aff" rid="aff1">1</xref><xref ref-type="aff" rid="aff2">2</xref></contrib><contrib contrib-type="author"><name><surname>Iossifov</surname><given-names>Ivan</given-names></name><xref ref-type="aff" rid="aff2">2</xref><xref ref-type="aff" rid="aff3">3</xref></contrib><contrib contrib-type="author"><name><surname>Rzhetsky</surname><given-names>Andrey</given-names></name><xref ref-type="aff" rid="aff2">2</xref><xref ref-type="aff" rid="aff3">3</xref><xref ref-type="aff" rid="aff4">4</xref><xref ref-type="aff" rid="aff5">5</xref><xref ref-type="corresp" rid="cor1">*</xref></contrib></contrib-group><aff id="aff1"><label>1</label> Department of Electrical Engineering, Columbia University, New York, New York, United States of America
</aff><aff id="aff2"><label>2</label> Center for Computational Biology and Bioinformatics, Joint Centers for Systems Biology, Columbia University, New York, New York, United States of America
</aff><aff id="aff3"><label>3</label> Department of Biomedical Informatics, Columbia University Medical Center, Columbia University, New York, New York, United States of America
</aff><aff id="aff4"><label>4</label> Judith P. Sulzberger, MD Columbia Genome Center, Columbia University Medical Center, Columbia University, New York, New York, United States of America
</aff><aff id="aff5"><label>5</label> Department of Biological Sciences, Columbia University, New York, New York, United States of America
</aff><contrib-group><contrib contrib-type="editor"><name><surname>Valencia</surname><given-names>Alfonso</given-names></name><role>Editor</role><xref ref-type="aff" rid="edit1"/></contrib></contrib-group><aff id="edit1">Centro Nacional de Biotecnologia, Spain</aff><author-notes><corresp id="cor1">* To whom correspondence should be addressed. E-mail: <email>ar345@columbia.edu</email></corresp></author-notes><pub-date pub-type="ppub"><month>9</month><year>2006</year></pub-date><pub-date pub-type="epub"><day>8</day><month>9</month><year>2006</year></pub-date><pub-date pub-type="epreprint"><day>27</day><month>7</month><year>2006</year></pub-date><volume>2</volume><issue>9</issue><elocation-id>e118</elocation-id><history><date date-type="received"><day>10</day><month>2</month><year>2006</year></date><date date-type="accepted"><day>27</day><month>7</month><year>2006</year></date></history><permissions><copyright-statement> © 2006 Rodriguez-Esteban et al.</copyright-statement><copyright-year>2006</copyright-year><license xlink:href="http://creativecommons.org/licenses/by/4.0/"><license-p>This is an open-access article distributed under the terms of the Creative Commons Attribution License, which permits unrestricted use, distribution, and reproduction in any medium, provided the original author and source are properly credited.</license-p></license></permissions><!--<related-article preprintResearch Article10.1371/journal.pcbi.0020118.eorsimple>Imitating Manual Curation of Text-Mined Facts in Biomedicine</related-article>--><abstract><p>Text-mining algorithms make mistakes in extracting facts from natural-language texts. In biomedical applications, which rely on use of text-mined data, it is critical to assess the quality (the probability that the message is correctly extracted) of individual facts—to resolve data conflicts and inconsistencies. Using a large set of almost 100,000 manually produced evaluations (most facts were independently reviewed more than once, producing independent evaluations), we implemented and tested a collection of algorithms that mimic human evaluation of facts provided by an automated information-extraction system. The performance of our best automated classifiers closely approached that of our human evaluators (ROC score close to 0.95). Our hypothesis is that, were we to use a larger number of human experts to evaluate any given sentence, we could implement an artificial-intelligence curator that would perform the classification job at least as accurately as an average individual human evaluator. We illustrated our analysis by visualizing the predicted accuracy of the text-mined relations involving the term <italic>cocaine</italic>.</p></abstract><abstract abstract-type="synopsis"><title>Synopsis</title><p>Current automated approaches for extracting biologically important facts from scientific articles are imperfect: while being capable of efficient, fast, and inexpensive analysis of enormous quantities of scientific prose, they make errors. To emulate the human experts evaluating the quality of the automatically extracted facts, we have developed an artificial intelligence program (“a robotic curator”) that closely approaches human experts in the quality of distinguishing the correctly extracted facts from the incorrectly extracted ones.</p></abstract><counts><page-count count="14"/></counts><custom-meta-group><custom-meta><meta-name>citation</meta-name><meta-value>Rodriguez-Esteban R, Iossifov I, Rzhetsky A (2006) Imitating manual curation of text-mined facts in biomedicine. PLoS Comput Biol 2(9): e118. DOI: <ext-link ext-link-type="doi" xlink:href="10.1371/journal.pcbi.0020118">10.1371/journal.pcbi.0020118</ext-link></meta-value></custom-meta></custom-meta-group></article-meta><notes><disp-quote><p>… he will throughly purge his floor, and gather his wheat into the garner; but he will burn up the chaff with unquenchable fire. —Matthew 3:12 [<xref rid="pcbi-0020118-b001" ref-type="bibr">1</xref>]</p></disp-quote></notes></front></article>