<article xmlns="https://jats.nlm.nih.gov/ns/archiving/1.2/" xmlns:xsi="http://www.w3.org/2001/XMLSchema-instance" xmlns:ali="http://www.niso.org/schemas/ali/1.0/" xmlns:mml="http://www.w3.org/1998/Math/MathML" xmlns:xlink="http://www.w3.org/1999/xlink" xsi:schemaLocation="https://jats.nlm.nih.gov/ns/archiving/1.2/ https://jats.nlm.nih.gov/archiving/1.2/xsd/JATS-archivearticle1.xsd" article-type="research-article"><front><journal-meta><journal-id journal-id-type="nlm-ta">PLoS Comput Biol</journal-id><journal-id journal-id-type="iso-abbrev">PLoS Comput. Biol</journal-id><journal-id journal-id-type="publisher-id">pcbi</journal-id><journal-id journal-id-type="publisher-id">plcb</journal-id><journal-id journal-id-type="pmc">ploscomp</journal-id><journal-title-group><journal-title>PLoS Computational Biology</journal-title></journal-title-group><issn pub-type="ppub">1553-734X</issn><issn pub-type="epub">1553-7358</issn><publisher><publisher-name>Public Library of Science</publisher-name><publisher-loc>San Francisco, USA</publisher-loc></publisher></journal-meta><article-meta><article-id pub-id-type="accession">PMC1797821</article-id><article-id pub-id-type="pmcid">PMC1797821</article-id><article-id pub-id-type="pmc-uid">1797821</article-id><article-id pub-id-type="pmid">17305421</article-id><article-id pub-id-type="pmid">17305421</article-id><article-id pub-id-type="doi">10.1371/journal.pcbi.0030029</article-id><article-id pub-id-type="publisher-id">06-PLCB-RA-0364R2</article-id><article-id pub-id-type="sici">plcb-03-02-07</article-id><article-categories><subj-group subj-group-type="heading"><subject>Research Article</subject></subj-group><subj-group subj-group-type="Discipline"><subject>Computational Biology</subject><subject>Computational Biology</subject><subject>Computational Biology</subject><subject>Genetics and Genomics</subject><subject>Genetics and Genomics</subject><subject>Mathematics</subject></subj-group><subj-group subj-group-type="System Taxonomy"><subject>Nematodes</subject></subj-group></article-categories><title-group><article-title>Synonymous Substitution Rates Predict HIV Disease Progression as a Result of Underlying Replication Dynamics</article-title><alt-title alt-title-type="running-head">Improving the<italic>C. elegans</italic> Genome Annotation</alt-title></title-group><contrib-group><contrib contrib-type="author"><name><surname>Lemey</surname><given-names>Philippe</given-names></name><xref ref-type="aff" rid="aff1">1</xref><xref ref-type="corresp" rid="cor1">*</xref></contrib><contrib contrib-type="author"><name><surname>Kosakovsky Pond</surname><given-names>Sergei L</given-names></name><xref ref-type="aff" rid="aff2">2</xref></contrib><contrib contrib-type="author"><name><surname>Drummond</surname><given-names>Alexei J</given-names></name><xref ref-type="aff" rid="aff3">3</xref></contrib><contrib contrib-type="author"><name><surname>Pybus</surname><given-names>Oliver G</given-names></name><xref ref-type="aff" rid="aff1">1</xref></contrib><contrib contrib-type="author"><name><surname>Shapiro</surname><given-names>Beth</given-names></name><xref ref-type="aff" rid="aff1">1</xref></contrib><contrib contrib-type="author"><name><surname>Barroso</surname><given-names>Helena</given-names></name><xref ref-type="aff" rid="aff4">4</xref><xref ref-type="aff" rid="aff5">5</xref></contrib><contrib contrib-type="author"><name><surname>Taveira</surname><given-names>Nuno</given-names></name><xref ref-type="aff" rid="aff4">4</xref><xref ref-type="aff" rid="aff5">5</xref></contrib><contrib contrib-type="author"><name><surname>Rambaut</surname><given-names>Andrew</given-names></name><xref ref-type="aff" rid="aff6">6</xref></contrib></contrib-group><aff id="aff1"><label>1</label> Department of Zoology, University of Oxford, Oxford, United Kingdom
</aff><aff id="aff2"><label>2</label> Department of Pathology, University of California San Diego, La Jolla, United States of America
</aff><aff id="aff3"><label>3</label> Department of Computer Science, University of Auckland, Auckland, New Zealand
</aff><aff id="aff4"><label>4</label> Centro de Patogénese Molecular, Faculdade de Farmácia de Lisboa, Lisbon, Portugal
</aff><aff id="aff5"><label>5</label> Instituto Superior de Ciências da Saúde Egas Moniz, Lisbon, Portugal
</aff><aff id="aff6"><label>6</label> Institute of Evolutionary Biology, University of Edinburgh, Edinburgh, United Kingdom
</aff><contrib-group><contrib contrib-type="editor"><name><surname>Rodrigo</surname><given-names>Allen</given-names></name><role>Editor</role><xref ref-type="aff" rid="edit1"/></contrib></contrib-group><aff id="edit1">University of Auckland, Australia</aff><author-notes><corresp id="cor1">* To whom correspondence should be addressed. E-mail: <email>philippe.lemey@zoo.ox.ac.uk</email></corresp></author-notes><pub-date pub-type="ppub"><month>2</month><year>2007</year></pub-date><pub-date pub-type="epub"><day>23</day><month>2</month><year>2007</year></pub-date><pub-date pub-type="epreprint"><day>2</day><month>1</month><year>2007</year></pub-date><volume>3</volume><issue>2</issue><elocation-id>e29</elocation-id><history><date date-type="received"><day>5</day><month>9</month><year>2006</year></date><date date-type="accepted"><day>29</day><month>12</month><year>2006</year></date></history><permissions><copyright-statement> © 2007 Lemey et al.</copyright-statement><copyright-year>2007</copyright-year><license xlink:href="http://creativecommons.org/licenses/by/4.0/"><license-p>This is an open-access article distributed under the terms of the Creative Commons Attribution License, which permits unrestricted use, distribution, and reproduction in any medium, provided the original author and source are properly credited.</license-p></license></permissions><!--<related-article preprintResearch Article10.1371/journal.pcbi.0030029.eorsimple>Synonymous Substitution Rates Predict HIV Disease Progression as a Result of Underlying Replication Dynamics</related-article>--><abstract><p>Upon HIV transmission, some patients develop AIDS in only a few months, while others remain disease free for 20 or more years. This variation in the rate of disease progression is poorly understood and has been attributed to host genetics, host immune responses, co-infection, viral genetics, and adaptation. Here, we develop a new “relaxed-clock” phylogenetic method to estimate absolute rates of synonymous and nonsynonymous substitution through time. We identify an unexpected association between the synonymous substitution rate of HIV and disease progression parameters. Since immune activation is the major determinant of HIV disease progression, we propose that this process can also determine viral generation times, by creating favourable conditions for HIV replication. These conclusions may apply more generally to HIV evolution, since we also observed an overall low synonymous substitution rate for HIV-2, which is known to be less pathogenic than HIV-1 and capable of tempering the detrimental effects of immune activation. Humoral immune responses, on the other hand, are the major determinant of nonsynonymous rate changes through time in the envelope gene, and our relaxed-clock estimates support a decrease in selective pressure as a consequence of immune system collapse.</p></abstract><abstract abstract-type="summary"><title>Author Summary</title><sec id="st1"><title/><p>During the clinical course of HIV infection, an asymptomatic phase always precedes the acquired immunodeficiency syndrome (AIDS). The duration of this asymptomatic phase is highly variable among patients and reflects the rate at which the immune system gradually deteriorates. Although humoral and cell-mediated immune responses are mounted against HIV, continuous replication and adaptation allows the virus to escape host immune responses. To gain a better understanding of the role of viral evolution in disease progression, we developed a new computational technique that can estimate changes in the absolute rates of synonymous and nonsynonymous divergence through time from molecular sequences. Using this type of evolutionary inference, we have identified a previously unknown association between the “silent” evolutionary rate of HIV and the rate of disease progression in infected individuals. This finding demonstrates that cellular immune processes, which are already known to determine HIV pathogenesis, also determine viral replication rates and therefore impose important constraints on HIV evolution.</p></sec></abstract><counts><page-count count="11"/></counts><custom-meta-group><custom-meta><meta-name>citation</meta-name><meta-value>Lemey P, Kosakovsky Pond SL, Drummond AJ, Pybus OG, Shapiro B, et al. (2007) Synonymous substitution rates predict HIV disease progression as a result of underlying replication dynamics. PLoS Comput Biol 3(2): e29. DOI: <ext-link ext-link-type="doi" xlink:href="10.1371/journal.pcbi.0030029">10.1371/journal.pcbi.0030029</ext-link></meta-value></custom-meta></custom-meta-group></article-meta></front></article>