<article xmlns="https://jats.nlm.nih.gov/ns/archiving/1.2/" xmlns:xsi="http://www.w3.org/2001/XMLSchema-instance" xmlns:ali="http://www.niso.org/schemas/ali/1.0/" xmlns:mml="http://www.w3.org/1998/Math/MathML" xmlns:xlink="http://www.w3.org/1999/xlink" xsi:schemaLocation="https://jats.nlm.nih.gov/ns/archiving/1.2/ https://jats.nlm.nih.gov/archiving/1.2/xsd/JATS-archivearticle1.xsd" article-type="research-article"><front><journal-meta><journal-id journal-id-type="nlm-ta">PLoS Comput Biol</journal-id><journal-id journal-id-type="iso-abbrev">PLoS Comput. Biol</journal-id><journal-id journal-id-type="publisher-id">pcbi</journal-id><journal-id journal-id-type="publisher-id">plcb</journal-id><journal-id journal-id-type="pmc">ploscomp</journal-id><journal-title-group><journal-title>PLoS Computational Biology</journal-title></journal-title-group><issn pub-type="ppub">1553-734X</issn><issn pub-type="epub">1553-7358</issn><publisher><publisher-name>Public Library of Science</publisher-name><publisher-loc>San Francisco, USA</publisher-loc></publisher></journal-meta><article-meta><article-id pub-id-type="accession">PMC1971122</article-id><article-id pub-id-type="pmcid">PMC1971122</article-id><article-id pub-id-type="pmc-uid">1971122</article-id><article-id pub-id-type="pmid">17845071</article-id><article-id pub-id-type="doi">10.1371/journal.pcbi.0030175</article-id><article-id pub-id-type="publisher-id">07-PLCB-RA-0056R3</article-id><article-id pub-id-type="sici">plcb-03-09-04</article-id><article-categories><subj-group subj-group-type="heading"><subject>Research Article</subject></subj-group><subj-group subj-group-type="Discipline"><subject>Computational Biology</subject><subject>Evolutionary Biology</subject><subject>Microbiology</subject></subj-group><subj-group subj-group-type="System Taxonomy"><subject>Eubacteria</subject></subj-group></article-categories><title-group><article-title>Orthologous Transcription Factors in Bacteria Have Different Functions and Regulate Different Genes</article-title><alt-title alt-title-type="running-head">Orthologous Transcription Factors</alt-title></title-group><contrib-group><contrib contrib-type="author"><name><surname>Price</surname><given-names>Morgan N</given-names></name><xref ref-type="aff" rid="aff1">1</xref><xref ref-type="aff" rid="aff2">2</xref><xref ref-type="corresp" rid="cor1">*</xref></contrib><contrib contrib-type="author"><name><surname>Dehal</surname><given-names>Paramvir S</given-names></name><xref ref-type="aff" rid="aff1">1</xref><xref ref-type="aff" rid="aff2">2</xref></contrib><contrib contrib-type="author"><name><surname>Arkin</surname><given-names>Adam P</given-names></name><xref ref-type="aff" rid="aff1">1</xref><xref ref-type="aff" rid="aff2">2</xref><xref ref-type="aff" rid="aff3">3</xref></contrib></contrib-group><aff id="aff1"><label>1</label> Physical Biosciences Division, Lawrence Berkeley National Laboratory, Berkeley, California, United States of America
</aff><aff id="aff2"><label>2</label> Virtual Institute for Microbial Stress and Survival, University of California Berkeley, Berkeley, California, United States of America
</aff><aff id="aff3"><label>3</label> Department of Bioengineering, University of California Berkeley, Berkeley, California, United States of America
</aff><contrib-group><contrib contrib-type="editor"><name><surname>Ohler</surname><given-names>Uwe</given-names></name><role>Editor</role><xref ref-type="aff" rid="edit1"/></contrib></contrib-group><aff id="edit1">Duke University, United States of America</aff><author-notes><corresp id="cor1">* To whom correspondence should be addressed. E-mail: <email>morgannprice@yahoo.com</email></corresp></author-notes><pub-date pub-type="ppub"><month>9</month><year>2007</year></pub-date><pub-date pub-type="epub"><day>7</day><month>9</month><year>2007</year></pub-date><volume>3</volume><issue>9</issue><elocation-id>e175</elocation-id><history><date date-type="received"><day>2</day><month>2</month><year>2007</year></date><date date-type="accepted"><day>25</day><month>7</month><year>2007</year></date></history><permissions><copyright-statement>This is an open-access article distributed under the terms of the Creative Commons Public Domain declaration which stipulates that, once placed in the public domain, this work may be freely reproduced, distributed, transmitted, modified, built upon, or otherwise used by anyone for any lawful purpose.</copyright-statement><copyright-year>2007</copyright-year><license xlink:href="https://creativecommons.org/publicdomain/zero/1.0/"><license-p>This is an open-access article distributed under the terms of the Creative Commons Public Domain declaration, which stipulates that, once placed in the public domain, this work may be freely reproduced, distributed, transmitted, modified, built upon, or otherwise used by anyone for any lawful purpose.</license-p></license></permissions><abstract><p>Transcription factors (TFs) form large paralogous gene families and have complex evolutionary histories. Here, we ask whether putative orthologs of TFs, from bidirectional best BLAST hits (BBHs), are evolutionary orthologs with conserved functions. We show that BBHs of TFs from distantly related bacteria are usually not evolutionary orthologs. Furthermore, the false orthologs usually respond to different signals and regulate distinct pathways, while the few BBHs that are evolutionary orthologs do have conserved functions. To test the conservation of regulatory interactions, we analyze expression patterns. We find that regulatory relationships between TFs and their regulated genes are usually not conserved for BBHs in <named-content content-type="genus-species">Escherichia coli</named-content> K12 and <named-content content-type="genus-species">Bacillus subtilis</named-content>. Even in the much more closely related bacteria <named-content content-type="genus-species">Vibrio cholerae</named-content> and <named-content content-type="genus-species">Shewanella oneidensis</named-content> MR-1, predicting regulation from <named-content content-type="genus-species">E. coli</named-content> BBHs has high error rates. Using gene–regulon correlations, we identify genes whose expression pattern differs between <named-content content-type="genus-species">E. coli</named-content> and <named-content content-type="genus-species">S. oneidensis</named-content>. Using literature searches and sequence analysis, we show that these changes in expression patterns reflect changes in gene regulation, even for evolutionary orthologs. We conclude that the evolution of bacterial regulation should be analyzed with phylogenetic trees, rather than BBHs, and that bacterial regulatory networks evolve more rapidly than previously thought.</p></abstract><abstract abstract-type="synopsis"><title>Author Summary</title><p>Living organisms use transcription factors (TFs) to control the production of proteins. For example, the bacterium <named-content content-type="genus-species">E. coli</named-content> contains a TF that prevents it from making enzymes that degrade lactose when lactose is absent. Bacterial genomes encode a huge diversity of TFs, and except in a few well-studied organisms, the function of these TFs is not known. To predict the function of a TF, biologists often search for a similar TF, from another organism, that has been characterized. It is generally believed that orthologous TFs—TFs that are derived from the organisms' common ancestor—will have conserved functions. The authors show that a commonly used method to identify orthologous TFs gives misleading results when applied to distantly related bacteria: the “orthologous” TFs are evolutionarily distant, they sense different signals, and they regulate different pathways. Biologists often predict, more specifically, that orthologous TFs will regulate orthologous genes. However, the authors show that even in more closely related bacteria, where the orthologous TFs do have conserved functions, these specific predictions are often incorrect. It seems that gene regulation in bacteria evolves rapidly, and it will be difficult to predict regulation in diverse bacteria from our knowledge of a few well-studied bacteria.</p></abstract><counts><page-count count="12"/></counts><custom-meta-group><custom-meta><meta-name>citation</meta-name><meta-value>Price MN, Dehal PS, Arkin AP (2007) Orthologous transcription factors in bacteria have different functions and regulate different genes. PLoS Comput Biol 3(9): e175. doi:<ext-link ext-link-type="doi" xlink:href="10.1371/journal.pcbi.0030175">10.1371/journal.pcbi.0030175</ext-link></meta-value></custom-meta></custom-meta-group></article-meta></front></article>