<article xmlns="https://jats.nlm.nih.gov/ns/archiving/1.2/" xmlns:xsi="http://www.w3.org/2001/XMLSchema-instance" xmlns:ali="http://www.niso.org/schemas/ali/1.0/" xmlns:mml="http://www.w3.org/1998/Math/MathML" xmlns:xlink="http://www.w3.org/1999/xlink" xsi:schemaLocation="https://jats.nlm.nih.gov/ns/archiving/1.2/ https://jats.nlm.nih.gov/archiving/1.2/xsd/JATS-archivearticle1.xsd" article-type="research-article"><front><journal-meta><journal-id journal-id-type="nlm-ta">PLoS Comput Biol</journal-id><journal-id journal-id-type="iso-abbrev">PLoS Comput. Biol</journal-id><journal-id journal-id-type="publisher-id">pcbi</journal-id><journal-id journal-id-type="publisher-id">plcb</journal-id><journal-id journal-id-type="pmc">ploscomp</journal-id><journal-title-group><journal-title>PLoS Computational Biology</journal-title></journal-title-group><issn pub-type="ppub">1553-734X</issn><issn pub-type="epub">1553-7358</issn><publisher><publisher-name>Public Library of Science</publisher-name><publisher-loc>San Francisco, USA</publisher-loc></publisher></journal-meta><article-meta><article-id pub-id-type="accession">PMC1794323</article-id><article-id pub-id-type="pmcid">PMC1794323</article-id><article-id pub-id-type="pmc-uid">1794323</article-id><article-id pub-id-type="pmid">17274683</article-id><article-id pub-id-type="pmid">17274683</article-id><article-id pub-id-type="doi">10.1371/journal.pcbi.0030016</article-id><article-id pub-id-type="publisher-id">06-PLCB-RA-0175R3</article-id><article-id pub-id-type="sici">plcb-03-02-02</article-id><article-categories><subj-group subj-group-type="heading"><subject>Research Article</subject></subj-group><subj-group subj-group-type="Discipline"><subject>Computational Biology</subject></subj-group><subj-group subj-group-type="System Taxonomy"><subject>None</subject></subj-group></article-categories><title-group><article-title>Automatic Extraction of Protein Point Mutations Using a Graph Bigram Association</article-title><alt-title alt-title-type="running-head">Text-Mining Mutations Using Graph Association</alt-title></title-group><contrib-group><contrib contrib-type="author"><name><surname>Lee</surname><given-names>Lawrence C</given-names></name><xref ref-type="aff" rid="aff1">1</xref><xref ref-type="aff" rid="aff2">2</xref></contrib><contrib contrib-type="author"><name><surname>Horn</surname><given-names>Florence</given-names></name><xref ref-type="aff" rid="aff3">3</xref><xref ref-type="fn" rid="n101">‡</xref></contrib><contrib contrib-type="author"><name><surname>Cohen</surname><given-names>Fred E</given-names></name><xref ref-type="aff" rid="aff1">1</xref><xref ref-type="aff" rid="aff4">4</xref><xref ref-type="corresp" rid="cor1">*</xref></contrib></contrib-group><aff id="aff1"><label>1</label> Department of Cellular and Molecular Pharmacology, University of California San Francisco, San Francisco, California, United States of America
</aff><aff id="aff2"><label>2</label> Biomedical Informatics, University of California San Francisco, San Francisco, California, United States of America
</aff><aff id="aff3"><label> 3</label> Laboratoire de Biologie, Informatique et Mathématiques, Commissariat à l'Energie Atomique, Grenoble, France
</aff><aff id="aff4"><label> 4</label> Department of Biochemistry and Biophysics, University of California San Francisco, San Francisco, California, United States of America
</aff><contrib-group><contrib contrib-type="editor"><name><surname>Bourne</surname><given-names>Philip E</given-names></name><role>Editor</role><xref ref-type="aff" rid="edit1"/></contrib></contrib-group><aff id="edit1">University of California San Diego, United States of America</aff><author-notes><corresp id="cor1">* To whom correspondence should be addressed. E-mail: <email>cohen@cmpharm.ucsf.edu</email></corresp></author-notes><pub-date pub-type="ppub"><month>2</month><year>2007</year></pub-date><pub-date pub-type="epub"><day>2</day><month>2</month><year>2007</year></pub-date><volume>3</volume><issue>2</issue><elocation-id>e16</elocation-id><history><date date-type="received"><day>5</day><month>5</month><year>2006</year></date><date date-type="accepted"><day>19</day><month>12</month><year>2006</year></date></history><permissions><copyright-statement> © 2007 Lee et al.</copyright-statement><copyright-year>2007</copyright-year><license xlink:href="http://creativecommons.org/licenses/by/4.0/"><license-p>This is an open-access article distributed under the terms of the Creative Commons Attribution License, which permits unrestricted use, distribution, and reproduction in any medium, provided the original author and source are properly credited.</license-p></license></permissions><abstract><p>Protein point mutations are an essential component of the evolutionary and experimental analysis of protein structure and function. While many manually curated databases attempt to index point mutations, most experimentally generated point mutations and the biological impacts of the changes are described in the peer-reviewed published literature. We describe an application, Mutation GraB (Graph Bigram), that identifies, extracts, and verifies point mutations from biomedical literature. The principal problem of point mutation extraction is to link the point mutation with its associated protein and organism of origin. Our algorithm uses a graph-based bigram traversal to identify these relevant associations and exploits the Swiss-Prot protein database to verify this information. The graph bigram method is different from other models for point mutation extraction in that it incorporates frequency and positional data of all terms in an article to drive the point mutation–protein association. Our method was tested on 589 articles describing point mutations from the G protein–coupled receptor (GPCR), tyrosine kinase, and ion channel protein families. We evaluated our graph bigram metric against a word-proximity metric for term association on datasets of full-text literature in these three different protein families. Our testing shows that the graph bigram metric achieves a higher F-measure for the GPCRs (0.79 versus 0.76), protein tyrosine kinases (0.72 versus 0.69), and ion channel transporters (0.76 versus 0.74). Importantly, in situations where more than one protein can be assigned to a point mutation and disambiguation is required, the graph bigram metric achieves a precision of 0.84 compared with the word distance metric precision of 0.73. We believe the graph bigram search metric to be a significant improvement over previous search metrics for point mutation extraction and to be applicable to text-mining application requiring the association of words.</p></abstract><abstract abstract-type="synopsis"><title>Author Summary</title><p>In biological research, new information is often presented in the form of peer-reviewed published journal articles. Despite the best efforts of electronic database curators, a majority of this information is still found only in textual form, and thus excluded from direct computational analysis. One such type of information that is abundant in scientific literature is protein point mutations. We seek to extract protein point mutation examples from the literature and to associate them with a unique protein name and species of origin in a standardized protein database. To do this, we have created an application that searches for and retrieves full-text articles from publishers, identifies point mutation terms, protein name terms, and organism name terms within the articles. We describe Mutation GraB, an application that utilizes a graph shortest-distance search in concert with word bigram analysis that is used to find significant associations between these terms in the text. This graph bigram search metric was found to be reasonably effective at identifying correct protein point mutation pairs and represents a good compromise between accuracy and broad applicability. The application can be applied to a large set of journal literature from a protein family to generate a database of point mutations.</p></abstract><counts><page-count count="15"/></counts><custom-meta-group><custom-meta><meta-name>citation</meta-name><meta-value>Lee LC, Horn F, Cohen FE (2007) Automatic extraction of protein point mutations using a graph bigram association. PLoS Comput Biol 3(2): e16. doi:<ext-link ext-link-type="doi" xlink:href="10.1371/journal.pcbi.0030016">10.1371/journal.pcbi.0030016</ext-link></meta-value></custom-meta></custom-meta-group></article-meta></front></article>