<article xmlns="https://jats.nlm.nih.gov/ns/archiving/1.2/" xmlns:xsi="http://www.w3.org/2001/XMLSchema-instance" xmlns:ali="http://www.niso.org/schemas/ali/1.0/" xmlns:mml="http://www.w3.org/1998/Math/MathML" xmlns:xlink="http://www.w3.org/1999/xlink" xsi:schemaLocation="https://jats.nlm.nih.gov/ns/archiving/1.2/ https://jats.nlm.nih.gov/archiving/1.2/xsd/JATS-archivearticle1.xsd" article-type="research-article"><front><journal-meta><journal-id journal-id-type="nlm-ta">PLoS Comput Biol</journal-id><journal-id journal-id-type="iso-abbrev">PLoS Comput. Biol</journal-id><journal-id journal-id-type="publisher-id">pcbi</journal-id><journal-id journal-id-type="publisher-id">plcb</journal-id><journal-id journal-id-type="pmc">ploscomp</journal-id><journal-title-group><journal-title>PLoS Computational Biology</journal-title></journal-title-group><issn pub-type="ppub">1553-734X</issn><issn pub-type="epub">1553-7358</issn><publisher><publisher-name>Public Library of Science</publisher-name><publisher-loc>San Francisco, USA</publisher-loc></publisher></journal-meta><article-meta><article-id pub-id-type="accession">PMC1782042</article-id><article-id pub-id-type="pmcid">PMC1782042</article-id><article-id pub-id-type="pmc-uid">1782042</article-id><article-id pub-id-type="pmid">17257050</article-id><article-id pub-id-type="pmid">17257050</article-id><article-id pub-id-type="doi">10.1371/journal.pcbi.0030013</article-id><article-id pub-id-type="sici">plcb-03-01-13</article-id><article-categories><subj-group subj-group-type="heading"><subject>Research Article</subject></subj-group></article-categories><title-group><article-title>Emergent Dynamics of Thymocyte Development and Lineage Determination</article-title><alt-title alt-title-type="running-head">Emergent Dynamics in the Thymus</alt-title></title-group><contrib-group><contrib contrib-type="author"><name><surname>Efroni</surname><given-names>Sol</given-names></name><xref ref-type="aff" rid="aff1">1</xref><xref ref-type="corresp" rid="cor1">*</xref></contrib><contrib contrib-type="author"><name><surname>Harel</surname><given-names>David</given-names></name><xref ref-type="aff" rid="aff2">2</xref></contrib><contrib contrib-type="author"><name><surname>Cohen</surname><given-names>Irun R</given-names></name><xref ref-type="aff" rid="aff3">3</xref></contrib></contrib-group><aff id="aff1"><label>1</label> National Cancer Institute Center for Bioinformatics, National Institutes of Health, Rockville, Maryland, United States of America
</aff><aff id="aff2"><label>2</label> Department of Computer Science, Weizmann Institute of Science, Rehovot, Israel
</aff><aff id="aff3"><label>3</label> Department of Immunology, Weizmann Institute of Science, Rehovot, Israel
</aff><contrib-group><contrib contrib-type="editor"><name><surname>Petrie</surname><given-names>Howard</given-names></name><role>Editor</role><xref ref-type="aff" rid="edit1"/></contrib></contrib-group><aff id="edit1">Scripps Gerontology Center, United States of America</aff><author-notes><corresp id="cor1">* To whom correspondence should be addressed. E-mail: <email>sefroni@mail.nih.gov</email></corresp></author-notes><pub-date pub-type="ppub"><month>1</month><year>2007</year></pub-date><pub-date pub-type="epub"><day>26</day><month>1</month><year>2007</year></pub-date><pub-date pub-type="epreprint"><day>11</day><month>12</month><year>2006</year></pub-date><volume>3</volume><issue>1</issue><elocation-id>e13</elocation-id><history><date date-type="received"><day>27</day><month>7</month><year>2006</year></date><date date-type="accepted"><day>11</day><month>12</month><year>2006</year></date></history><permissions><copyright-statement> © 2007 Efroni et al.</copyright-statement><copyright-year>2007</copyright-year><license xlink:href="http://creativecommons.org/licenses/by/4.0/"><license-p>This is an open-access article distributed under the terms of the Creative Commons Attribution License, which permits unrestricted use, distribution, and reproduction in any medium, provided the original author and source are properly credited.</license-p></license></permissions><!--<related-article preprintResearch Article10.1371/journal.pcbi.0030013.eorsimple>Emergent Dynamics of Thymocyte Development and Lineage Determination</related-article>--><abstract><p>Experiments have generated a plethora of data about the genes, molecules, and cells involved in thymocyte development. Here, we use a computer-driven simulation that uses data about thymocyte development to generate an integrated dynamic representation—a novel technology we have termed <italic>reactive animation</italic> (RA). RA reveals emergent properties in complex dynamic biological systems. We apply RA to thymocyte development by reproducing and extending the effects of known gene knockouts: CXCR4 and CCR9. RA simulation revealed a previously unidentified role of thymocyte competition for major histocompatability complex presentation. We now report that such competition is required for normal anatomical compartmentalization, can influence the rate of thymocyte velocities within chemokine gradients, and can account for the disproportion between single-positive CD4 and CD8 lineages developing from double-positive precursors.</p></abstract><abstract abstract-type="summary"><title>Author Summary</title><p>Biological systems are the embodiment of complexity that defies intuitive understanding. Biologists have accumulated masses of data about the molecules, cells, and discrete interactions that compose living systems, but the list of facts alone cannot explain how such systems work dynamically. We have developed a hybrid, computational approach to the simulation of complex systems called <italic>reactive animation</italic> (RA). RA uses a bottom-up integration of diverse experimental data to create an integrated and dynamic representation of the system's interacting cells and molecules. RA is faithful to experimental fact, while it plays out the action in animated formats directly accessible to the eye and mind. Most importantly, RA is analytical, interactive, and allows experimentation in silico. Here, we use RA to reveal unexpected emergent properties of thymocyte development. In particular, we now report that competition between thymocytes for sites of stimulation could be important in generating the fine anatomy of the thymus, in selecting for thymocytes with a range of migration velocities, and in explaining the paradox of CD4 to CD8 T cell lineage ratios. This study highlights the explanatory power and the potential aid to experimentation offered by an animated, interactive simulation of complex sets of data.</p></abstract><counts><page-count count="10"/></counts><custom-meta-group><custom-meta><meta-name>citation</meta-name><meta-value>Efroni S, Harel D, Cohen IR (2007) Emergent dynamics of thymocyte development and lineage determination. PLoS Comput Biol 3(1): e13. doi:<ext-link ext-link-type="doi" xlink:href="10.1371/journal.pcbi.0030013">10.1371/journal.pcbi.0030013</ext-link></meta-value></custom-meta></custom-meta-group></article-meta></front></article>