<article xmlns="https://jats.nlm.nih.gov/ns/archiving/1.2/" xmlns:xsi="http://www.w3.org/2001/XMLSchema-instance" xmlns:ali="http://www.niso.org/schemas/ali/1.0/" xmlns:mml="http://www.w3.org/1998/Math/MathML" xmlns:xlink="http://www.w3.org/1999/xlink" xsi:schemaLocation="https://jats.nlm.nih.gov/ns/archiving/1.2/ https://jats.nlm.nih.gov/archiving/1.2/xsd/JATS-archivearticle1.xsd" article-type="research-article"><front><journal-meta><journal-id journal-id-type="nlm-ta">PLoS Comput Biol</journal-id><journal-id journal-id-type="iso-abbrev">PLoS Comput. Biol</journal-id><journal-id journal-id-type="publisher-id">pcbi</journal-id><journal-id journal-id-type="publisher-id">plcb</journal-id><journal-id journal-id-type="pmc">ploscomp</journal-id><journal-title-group><journal-title>PLoS Computational Biology</journal-title></journal-title-group><issn pub-type="ppub">1553-734X</issn><issn pub-type="epub">1553-7358</issn><publisher><publisher-name>Public Library of Science</publisher-name><publisher-loc>San Francisco, USA</publisher-loc></publisher></journal-meta><article-meta><article-id pub-id-type="accession">PMC1913096</article-id><article-id pub-id-type="pmcid">PMC1913096</article-id><article-id pub-id-type="pmc-uid">1913096</article-id><article-id pub-id-type="pmid">17616981</article-id><article-id pub-id-type="pmid">17616981</article-id><article-id pub-id-type="doi">10.1371/journal.pcbi.0030118</article-id><article-id pub-id-type="publisher-id">06-PLCB-RA-0519R2</article-id><article-id pub-id-type="sici">plcb-03-07-04</article-id><article-categories><subj-group subj-group-type="heading"><subject>Research Article</subject></subj-group><subj-group subj-group-type="Discipline"><subject>Computational Biology</subject><subject>Computational Biology</subject></subj-group><subj-group subj-group-type="System Taxonomy"><subject>Saccharomyces</subject></subj-group></article-categories><title-group><article-title>Not All Scale-Free Networks Are Born Equal: The Role of the Seed Graph in PPI Network Evolution</article-title><alt-title alt-title-type="running-head">Not All Scale-Free Graphs Are Born Equal</alt-title></title-group><contrib-group><contrib contrib-type="author"><name><surname>Hormozdiari</surname><given-names>Fereydoun</given-names></name><xref ref-type="aff" rid="aff1">1</xref></contrib><contrib contrib-type="author"><name><surname>Berenbrink</surname><given-names>Petra</given-names></name><xref ref-type="aff" rid="aff1">1</xref></contrib><contrib contrib-type="author"><name><surname>Pržulj</surname><given-names>Nataša</given-names></name><xref ref-type="aff" rid="aff2">2</xref></contrib><contrib contrib-type="author"><name><surname>Sahinalp</surname><given-names>S. Cenk</given-names></name><xref ref-type="aff" rid="aff1">1</xref><xref ref-type="corresp" rid="cor1">*</xref></contrib></contrib-group><aff id="aff1"><label>1</label> School of Computing Science, Simon Fraser University, Burnaby, British Columbia, Canada
</aff><aff id="aff2"><label>2</label> Department of Computer Science, University of California Irvine, California, United States of America
</aff><contrib-group><contrib contrib-type="editor"><name><surname>Gerstein</surname><given-names>Mark B</given-names></name><role>Editor</role><xref ref-type="aff" rid="edit1"/></contrib></contrib-group><aff id="edit1">Yale University, United States of America</aff><author-notes><corresp id="cor1">* To whom correspondence should be addressed. E-mail: <email>cenk@cs.sg0u.ca</email></corresp></author-notes><pub-date pub-type="ppub"><month>7</month><year>2007</year></pub-date><pub-date pub-type="epub"><day>6</day><month>7</month><year>2007</year></pub-date><volume>3</volume><issue>7</issue><elocation-id>e118</elocation-id><history><date date-type="received"><day>12</day><month>12</month><year>2006</year></date><date date-type="accepted"><day>10</day><month>5</month><year>2007</year></date></history><permissions><copyright-statement> © 2007 Hormozdiari et al.</copyright-statement><copyright-year>2007</copyright-year><license xlink:href="http://creativecommons.org/licenses/by/4.0/"><license-p>This is an open-access article distributed under the terms of the Creative Commons Attribution License, which permits unrestricted use, distribution, and reproduction in any medium, provided the original author and source are properly credited.</license-p></license></permissions><abstract><p>The (asymptotic) degree distributions of the best-known “scale-free” network models are all similar and are independent of the seed graph used; hence, it has been tempting to assume that networks generated by these models are generally similar. In this paper, we observe that several key topological features of such networks depend heavily on the specific model and the seed graph used. Furthermore, we show that starting with the “right” seed graph (typically a dense subgraph of the protein–protein interaction network analyzed), the <italic>duplication model</italic> captures many topological features of publicly available protein–protein interaction networks very well.</p></abstract><abstract abstract-type="summary"><title>Author Summary</title><sec id="st1"><title/><p>The interactions among proteins in an organism can be represented as a protein–protein interaction (PPI) network, where each protein is represented with a node, and each interaction is represented with an edge between two nodes. As PPI networks of several model organisms become available, their topological features attract considerable attention. It is believed that the available PPI networks are (1) “small-world” networks, and (2) their degree distribution is in the form of a “power law.” In other words, (1) it is possible to reach from a protein to any other protein in only a small (approximately six) number of hops, and (2) although most proteins have only a few interactions (one or two), there are a few proteins with many more interactions (200 or more) and that act as “hubs.” It has thus been tempting to develop simple mathematical network generators with topological features similar to those of the available PPI networks. One such model, the “duplication model,” is based on Ohno's model of genome growth. It starts with a small “seed network” and grows by “duplicating” one of the existing nodes at a time, with an identical set of interactions; a randomly selected subset of these interactions is then deleted, and a few new interactions are added at random. It has been mathematically proven that the duplication model provides a small-world network and also has a power-law degree distribution. What we show in this paper is that by choosing the “right” seed network, many other topological features of the available PPI networks can be captured by the duplication model. The right seed network in this case turns out to include two sizable “cliques” (subnetworks where all node pairs are connected) with many interactions in between. In this paper, we also consider the preferential attachment model, which again grows by adding to a seed network one node at a time and connecting the new node to every other node with probability proportional to the existing degree of the second node. Because the preferential attachment model also provides a small-world network and has a power-law degree distribution, it has been considered equivalent to the duplication model. We show that the two models are vastly different in terms of other topological features we consider, and the preferential attachment model cannot capture some key features of the available PPI networks.</p></sec></abstract><counts><page-count count="12"/></counts><custom-meta-group><custom-meta><meta-name>citation</meta-name><meta-value>Hormozdiari F, Berenbrink P, Pržulj N, Sahinalp SC (2007) Not all scale-free networks are born equal: The role of the seed graph in PPI network evolution. PLoS Comput Biol 3(7): e118. doi:<ext-link ext-link-type="doi" xlink:href="10.1371/journal.pcbi.0030118">10.1371/journal.pcbi.0030118</ext-link></meta-value></custom-meta></custom-meta-group></article-meta></front></article>