<article xmlns="https://jats.nlm.nih.gov/ns/archiving/1.2/" xmlns:xsi="http://www.w3.org/2001/XMLSchema-instance" xmlns:ali="http://www.niso.org/schemas/ali/1.0/" xmlns:mml="http://www.w3.org/1998/Math/MathML" xmlns:xlink="http://www.w3.org/1999/xlink" xsi:schemaLocation="https://jats.nlm.nih.gov/ns/archiving/1.2/ https://jats.nlm.nih.gov/archiving/1.2/xsd/JATS-archivearticle1.xsd" article-type="research-article"><front><journal-meta><journal-id journal-id-type="nlm-ta">PLoS Comput Biol</journal-id><journal-id journal-id-type="iso-abbrev">PLoS Comput. Biol</journal-id><journal-id journal-id-type="publisher-id">pcbi</journal-id><journal-id journal-id-type="publisher-id">plcb</journal-id><journal-id journal-id-type="pmc">ploscomp</journal-id><journal-title-group><journal-title>PLoS Computational Biology</journal-title></journal-title-group><issn pub-type="ppub">1553-734X</issn><issn pub-type="epub">1553-7358</issn><publisher><publisher-name>Public Library of Science</publisher-name><publisher-loc>San Francisco, USA</publisher-loc></publisher></journal-meta><article-meta><article-id pub-id-type="accession">PMC1246806</article-id><article-id pub-id-type="pmcid">PMC1246806</article-id><article-id pub-id-type="pmc-uid">1246806</article-id><article-id pub-id-type="pmid">16217548</article-id><article-id pub-id-type="pmid">16217548</article-id><article-id pub-id-type="doi">10.1371/journal.pcbi.0010045</article-id><article-id pub-id-type="publisher-id">05-PLCB-RA-0091R3</article-id><article-id pub-id-type="sici">plcb-01-05-01</article-id><article-categories><subj-group subj-group-type="heading"><subject>Research Article</subject></subj-group><subj-group subj-group-type="Discipline"><subject>Bioinformatics - Computational Biology</subject><subject>Evolution</subject><subject>Statistics</subject></subj-group><subj-group subj-group-type="System Taxonomy"><subject>None</subject></subj-group></article-categories><title-group><article-title>Protein Molecular Function Prediction by Bayesian Phylogenomics</article-title><alt-title alt-title-type="running-head">Bayesian Phylogenomics</alt-title></title-group><contrib-group><contrib contrib-type="author"><name><surname>Engelhardt</surname><given-names>Barbara E</given-names></name><xref ref-type="aff" rid="aff1">1</xref><xref ref-type="corresp" rid="cor1">*</xref></contrib><contrib contrib-type="author"><name><surname>Jordan</surname><given-names>Michael I</given-names></name><xref ref-type="aff" rid="aff1">1</xref><xref ref-type="aff" rid="aff2">2</xref></contrib><contrib contrib-type="author"><name><surname>Muratore</surname><given-names>Kathryn E</given-names></name><xref ref-type="aff" rid="aff3">3</xref></contrib><contrib contrib-type="author"><name><surname>Brenner</surname><given-names>Steven E</given-names></name><xref ref-type="aff" rid="aff3">3</xref><xref ref-type="aff" rid="aff4">4</xref></contrib></contrib-group><aff id="aff1"><label>1</label> Department of Electrical Engineering and Computer Sciences, University of California, Berkeley, California, United States of America
</aff><aff id="aff2"><label>2</label> Department of Statistics, University of California, Berkeley, California, United States of America
</aff><aff id="aff3"><label>3</label> Department of Molecular and Cell Biology, University of California, Berkeley, California, United States of America
</aff><aff id="aff4"><label>4</label> Department of Plant and Microbial Biology, University of California, Berkeley, California, United States of America
</aff><contrib-group><contrib contrib-type="editor"><name><surname>Eisen</surname><given-names>Jonathan</given-names></name><role>Editor</role><xref ref-type="aff" rid="edit1"/></contrib></contrib-group><aff id="edit1">The Institute for Genomic Research, United States of America</aff><author-notes><corresp id="cor1">* To whom correspondence should be addressed. E-mail: <email>bee@cs.berkeley.edu</email></corresp></author-notes><pub-date pub-type="ppub"><month>10</month><year>2005</year></pub-date><pub-date pub-type="epub"><day>7</day><month>10</month><year>2005</year></pub-date><volume>1</volume><issue>5</issue><elocation-id>e45</elocation-id><history><date date-type="received"><day>4</day><month>5</month><year>2005</year></date><date date-type="accepted"><day>29</day><month>8</month><year>2005</year></date></history><permissions><copyright-statement>Copyright: © 2005 Engelhardt et al.</copyright-statement><copyright-year>2005</copyright-year><license xlink:href="http://creativecommons.org/licenses/by/4.0/"><license-p>This is an open-access article distributed under the terms of the Creative Commons Attribution License, which permits unrestricted use, distribution, and reproduction in any medium, provided the original author and source are properly credited.</license-p></license></permissions><abstract><p>We present a statistical graphical model to infer specific molecular function for unannotated protein sequences using homology. Based on phylogenomic principles, SIFTER (Statistical Inference of Function Through Evolutionary Relationships) accurately predicts molecular function for members of a protein family given a reconciled phylogeny and available function annotations, even when the data are sparse or noisy. Our method produced specific and consistent molecular function predictions across 100 Pfam families in comparison to the Gene Ontology annotation database, BLAST, GOtcha, and Orthostrapper. We performed a more detailed exploration of functional predictions on the adenosine-5′-monophosphate/adenosine deaminase family and the lactate/malate dehydrogenase family, in the former case comparing the predictions against a gold standard set of published functional characterizations. Given function annotations for 3% of the proteins in the deaminase family, SIFTER achieves 96% accuracy in predicting molecular function for experimentally characterized proteins as reported in the literature. The accuracy of SIFTER on this dataset is a significant improvement over other currently available methods such as BLAST (75%), GeneQuiz (64%), GOtcha (89%), and Orthostrapper (11%). We also experimentally characterized the adenosine deaminase from <italic>Plasmodium falciparum</italic>, confirming SIFTER's prediction. The results illustrate the predictive power of exploiting a statistical model of function evolution in phylogenomic problems. A software implementation of SIFTER is available from the authors.</p></abstract><abstract abstract-type="synopsis"><title>Synopsis</title><sec id="st1"><title/><p>New genome sequences continue to be published at a prodigious rate. However, unannotated sequences are of limited use to biologists. To computationally annotate a hypothetical protein for molecular function, researchers generally attempt to carry out some form of information transfer from evolutionarily related proteins. Such transfer is most successfully achieved within the context of phylogenetic relationships, exploiting the comprehensive knowledge that is available regarding molecular evolution within a given protein family. This general approach to molecular function annotation is known as phylogenomics, and it is the best method currently available for providing high-quality annotations. A drawback of phylogenomics, however, is that it is a time-consuming manual process requiring expert knowledge. In the current paper, the authors have developed a statistical approach—referred to as SIFTER (Statistical Inference of Function Through Evolutionary Relationships)—that allows phylogenomic analyses to be carried out automatically.</p><p>The authors present the results of running SIFTER on a collection of 100 protein families. They also validate their method on a specific family for which a gold standard set of experimental annotations is available. They show that SIFTER annotates 96% of the gold standard proteins correctly, outperforming popular annotation methods including BLAST-based annotation (75%), GOtcha (89%), GeneQuiz (64%), and Orthostrapper (11%). The results support the feasibility of carrying out high-quality phylogenomic analyses of entire genomes.</p></sec></abstract><custom-meta-group><custom-meta><meta-name>Citation:</meta-name><meta-value>Engelhardt BE, Jordan MI, Muratore KE, Brenner SE (2005) Protein molecular function prediction by Bayesian phylogenomics. PLoS Comput Biol 1(5): e45.</meta-value></custom-meta></custom-meta-group></article-meta></front></article>