<article xmlns="https://jats.nlm.nih.gov/ns/archiving/1.2/" xmlns:xsi="http://www.w3.org/2001/XMLSchema-instance" xmlns:ali="http://www.niso.org/schemas/ali/1.0/" xmlns:mml="http://www.w3.org/1998/Math/MathML" xmlns:xlink="http://www.w3.org/1999/xlink" xsi:schemaLocation="https://jats.nlm.nih.gov/ns/archiving/1.2/ https://jats.nlm.nih.gov/archiving/1.2/xsd/JATS-archivearticle1.xsd" article-type="research-article"><front><journal-meta><journal-id journal-id-type="nlm-ta">PLoS Comput Biol</journal-id><journal-id journal-id-type="iso-abbrev">PLoS Comput. Biol</journal-id><journal-id journal-id-type="publisher-id">pcbi</journal-id><journal-id journal-id-type="publisher-id">plcb</journal-id><journal-id journal-id-type="pmc">ploscomp</journal-id><journal-title-group><journal-title>PLoS Computational Biology</journal-title></journal-title-group><issn pub-type="ppub">1553-734X</issn><issn pub-type="epub">1553-7358</issn><publisher><publisher-name>Public Library of Science</publisher-name><publisher-loc>San Francisco, USA</publisher-loc></publisher></journal-meta><article-meta><article-id pub-id-type="accession">PMC1456317</article-id><article-id pub-id-type="pmcid">PMC1456317</article-id><article-id pub-id-type="pmc-uid">1456317</article-id><article-id pub-id-type="pmid">16680196</article-id><article-id pub-id-type="pmid">16680196</article-id><article-id pub-id-type="doi">10.1371/journal.pcbi.0020040</article-id><article-id pub-id-type="publisher-id">05-PLCB-RA-0311R2</article-id><article-id pub-id-type="sici">plcb-02-05-01</article-id><article-categories><subj-group subj-group-type="heading"><subject>Research Article</subject></subj-group><subj-group subj-group-type="Discipline"><subject>Bioinformatics - Computational Biology</subject><subject>Evolution</subject><subject>Genetics/Population Genetics</subject><subject>Genetics/Comparative Genomics</subject><subject>Genetics/Genetics of Disease</subject><subject>Genetics/Disease Models</subject><subject>Molecular Biology - Structural Biology</subject></subj-group><subj-group subj-group-type="System Taxonomy"><subject>Homo (Human)</subject><subject>Mus (Mouse)</subject><subject>Saccharomyces</subject><subject>Eubacteria</subject></subj-group></article-categories><title-group><article-title>Fold Designability, Distribution, and Disease </article-title><alt-title alt-title-type="running-head">Fold Designability, Distribution, and Disease</alt-title></title-group><contrib-group><contrib contrib-type="author"><name><surname>Wong</surname><given-names>Philip</given-names></name><xref ref-type="aff" rid="aff1">1</xref></contrib><contrib contrib-type="author"><name><surname>Frishman</surname><given-names>Dmitrij</given-names></name><xref ref-type="aff" rid="aff1">1</xref><xref ref-type="aff" rid="aff2">2</xref><xref ref-type="corresp" rid="cor1">*</xref></contrib></contrib-group><aff id="aff1"><label>1</label>Institute for Bioinformatics, GSF–National Research Center for Environment and Health, Neuherberg, Germany
</aff><aff id="aff2"><label>2</label>Department of Genome-Oriented Bioinformatics, Technische Universität Munchen, Wissenschaftzentrum Weihenstephan, Freising, Germany
</aff><contrib-group><contrib contrib-type="editor"><name><surname>Thornton</surname><given-names>Janet</given-names></name><role>Editor</role><xref ref-type="aff" rid="edit1"/></contrib></contrib-group><aff id="edit1">European Bioinformatics Institute, United Kingdom</aff><author-notes><corresp id="cor1">* To whom correspondence should be addressed. E-mail: <email>d.frishman@wzw.tum.de</email></corresp></author-notes><pub-date pub-type="ppub"><month>5</month><year>2006</year></pub-date><pub-date pub-type="epub"><day>5</day><month>5</month><year>2006</year></pub-date><pub-date pub-type="epreprint"><day>17</day><month>3</month><year>2006</year></pub-date><volume>2</volume><issue>5</issue><elocation-id>e40</elocation-id><history><date date-type="received"><day>2</day><month>11</month><year>2005</year></date><date date-type="accepted"><day>17</day><month>3</month><year>2006</year></date></history><permissions><copyright-statement> © 2006 Wong and Frishman.</copyright-statement><copyright-year>2006</copyright-year><license xlink:href="http://creativecommons.org/licenses/by/4.0/"><license-p>This is an open-access article distributed under the terms of the Creative Commons Attribution License, which permits unrestricted use, distribution, and reproduction in any medium, provided the original author and source are properly credited.</license-p></license></permissions><!--<related-article preprintresearch10.1371/journal.pcbi.0020040.eorsimple>Fold Designability, Distribution, and Disease</related-article>--><abstract><p>Fold designability has been estimated by the number of families contained in that fold. Here, we show that among orthologous proteins, sequence divergence is higher for folds with greater numbers of families. Folds with greater numbers of families also tend to have families that appear more often in the proteome and greater promiscuity (the number of unique “partner” folds that the fold is found with within the same protein). We also find that many disease-related proteins have folds with relatively few families. In particular, a number of these proteins are associated with diseases occurring at high frequency. These results suggest that family counts reflect how certain structures are distributed in nature and is an important characteristic associated with many human diseases.</p></abstract><abstract abstract-type="synopsis"><title>Synopsis</title><p>Most proteins are composed of structural domains that can be classified into “folds.” Domains with the same fold type share overall structural similarity. The number of amino acid sequences that encode a fold is termed the “designability” of the fold. Folds that have higher designability are thought to be more robust to stresses and mutations. Such features may also allow the fold to appear in a greater variety of contexts. Here, the authors show that proteins with folds estimated to be of higher designability are more widespread amongst proteins in human, mouse, and yeast, consistent with this hypothesis. The authors also find that many hereditary disease-associated proteins have folds estimated to be of low designability. A number of these diseases occur at a relatively high frequency. These results suggest that the estimate of designability employed reflects how certain structures are distributed in nature and is an important characteristic associated with many human diseases.</p></abstract><counts><page-count count="11"/></counts><custom-meta-group><custom-meta><meta-name>Citation:</meta-name><meta-value>Wong P, Frishman D (2006) Fold designability, distribution, and disease. PLoS Comput Biol 2(5): e40. DOI: <ext-link ext-link-type="doi" xlink:href="10.1371/journal.pcbi.0020040">10.1371/journal.pcbi.0020040</ext-link></meta-value></custom-meta></custom-meta-group></article-meta></front></article>