<article xmlns="https://jats.nlm.nih.gov/ns/archiving/1.2/" xmlns:xsi="http://www.w3.org/2001/XMLSchema-instance" xmlns:ali="http://www.niso.org/schemas/ali/1.0/" xmlns:mml="http://www.w3.org/1998/Math/MathML" xmlns:xlink="http://www.w3.org/1999/xlink" xsi:schemaLocation="https://jats.nlm.nih.gov/ns/archiving/1.2/ https://jats.nlm.nih.gov/archiving/1.2/xsd/JATS-archivearticle1.xsd" article-type="research-article"><front><journal-meta><journal-id journal-id-type="nlm-ta">PLoS Comput Biol</journal-id><journal-id journal-id-type="iso-abbrev">PLoS Comput. Biol</journal-id><journal-id journal-id-type="publisher-id">pcbi</journal-id><journal-id journal-id-type="publisher-id">plcb</journal-id><journal-id journal-id-type="pmc">ploscomp</journal-id><journal-title-group><journal-title>PLoS Computational Biology</journal-title></journal-title-group><issn pub-type="ppub">1553-734X</issn><issn pub-type="epub">1553-7358</issn><publisher><publisher-name>Public Library of Science</publisher-name><publisher-loc>San Francisco, USA</publisher-loc></publisher></journal-meta><article-meta><article-id pub-id-type="accession">PMC1779302</article-id><article-id pub-id-type="pmcid">PMC1779302</article-id><article-id pub-id-type="pmc-uid">1779302</article-id><article-id pub-id-type="pmid">17238283</article-id><article-id pub-id-type="pmid">17238283</article-id><article-id pub-id-type="doi">10.1371/journal.pcbi.0030011</article-id><article-id pub-id-type="publisher-id">06-PLCB-RA-0404R2</article-id><article-id pub-id-type="sici">plcb-03-01-09</article-id><article-categories><subj-group subj-group-type="heading"><subject>Research Article</subject></subj-group><subj-group subj-group-type="Discipline"><subject>Computational Biology</subject><subject>Evolutionary Biology</subject><subject>Immunology</subject><subject>Infectious Diseases</subject><subject>Molecular Biology</subject></subj-group><subj-group subj-group-type="System Taxonomy"><subject>Viruses</subject></subj-group></article-categories><title-group><article-title>Evolutionary Interactions between N-Linked Glycosylation Sites in the HIV-1 Envelope</article-title><alt-title alt-title-type="running-head">Evolution of the HIV-1 Glycan Shield</alt-title></title-group><contrib-group><contrib contrib-type="author"><name><surname>Poon</surname><given-names>Art F. Y</given-names></name><xref ref-type="aff" rid="aff1">1</xref><xref ref-type="corresp" rid="cor1">*</xref></contrib><contrib contrib-type="author"><name><surname>Lewis</surname><given-names>Fraser I</given-names></name><xref ref-type="aff" rid="aff2">2</xref></contrib><contrib contrib-type="author"><name><surname>Pond</surname><given-names>Sergei L. Kosakovsky</given-names></name><xref ref-type="aff" rid="aff1">1</xref></contrib><contrib contrib-type="author"><name><surname>Frost</surname><given-names>Simon D. W</given-names></name><xref ref-type="aff" rid="aff1">1</xref></contrib></contrib-group><aff id="aff1"><label>1</label>Department of Pathology, University of California San Diego, La Jolla, California, United States of America
</aff><aff id="aff2"><label>2</label>Institute of Evolutionary Biology, University of Edinburgh, Edinburgh, Scotland, United Kingdom
</aff><contrib-group><contrib contrib-type="editor"><name><surname>Bonhoeffer</surname><given-names>Sebastion</given-names></name><role>Editor</role><xref ref-type="aff" rid="edit1"/></contrib></contrib-group><aff id="edit1">ETH Zürich, Switzerland</aff><author-notes><corresp id="cor1">* To whom correspondence should be addressed. E-mail: <email>afpoon@ucsd.edu</email></corresp></author-notes><pub-date pub-type="ppub"><month>1</month><year>2007</year></pub-date><pub-date pub-type="epub"><day>19</day><month>1</month><year>2007</year></pub-date><pub-date pub-type="epreprint"><day>7</day><month>12</month><year>2006</year></pub-date><volume>3</volume><issue>1</issue><elocation-id>e11</elocation-id><history><date date-type="received"><day>21</day><month>9</month><year>2006</year></date><date date-type="accepted"><day>7</day><month>12</month><year>2006</year></date></history><permissions><copyright-statement> © 2007 Poon et al.</copyright-statement><copyright-year>2007</copyright-year><license xlink:href="http://creativecommons.org/licenses/by/4.0/"><license-p>This is an open-access article distributed under the terms of the Creative Commons Attribution License, which permits unrestricted use, distribution, and reproduction in any medium, provided the original author and source are properly credited.</license-p></license></permissions><!--<related-article preprintResearch Article10.1371/journal.pcbi.0030011.eorsimple>Evolutionary interactions between N-linked glycosylation sites in the HIV-1 envelope</related-article>--><abstract><p>The addition of asparagine (N)-linked polysaccharide chains (i.e., glycans) to the gp120 and gp41 glycoproteins of human immunodeficiency virus type 1 (HIV-1) envelope is not only required for correct protein folding, but also may provide protection against neutralizing antibodies as a “glycan shield.” As a result, strong host-specific selection is frequently associated with codon positions where nonsynonymous substitutions can create or disrupt potential N-linked glycosylation sites (PNGSs). Moreover, empirical data suggest that the individual contribution of PNGSs to the neutralization sensitivity or infectivity of HIV-1 may be critically dependent on the presence or absence of other PNGSs in the envelope sequence. Here we evaluate how glycan–glycan interactions have shaped the evolution of HIV-1 envelope sequences by analyzing the distribution of PNGSs in a large-sequence alignment. Using a “covarion”-type phylogenetic model, we find that the rates at which individual PNGSs are gained or lost vary significantly over time, suggesting that the selective advantage of having a PNGS may depend on the presence or absence of other PNGSs in the sequence. Consequently, we identify specific interactions between PNGSs in the alignment using a new paired-character phylogenetic model of evolution, and a Bayesian graphical model. Despite the fundamental differences between these two methods, several interactions are jointly identified by both. Mapping these interactions onto a structural model of HIV-1 gp120 reveals that negative (exclusive) interactions occur significantly more often between colocalized glycans, while positive (inclusive) interactions are restricted to more distant glycans. Our results imply that the adaptive repertoire of alternative configurations in the HIV-1 glycan shield is limited by functional interactions between the N-linked glycans. This represents a potential vulnerability of rapidly evolving HIV-1 populations that may provide useful glycan-based targets for neutralizing antibodies.</p></abstract><abstract abstract-type="summary"><title>Author Summary</title><p>Many viruses exploit the complex machinery of the host cell to modify their own proteins, by the enzymatic addition of sugar molecules to specific amino acids. These sugars, or “glycans,” play several important roles in the infective cycle of the virus. The envelope of the human immunodeficiency virus type 1 (HIV-1), for example, becomes coated with so many glycans that the virus can become invisible to the protein-specific immune response of the host. Although some glycans are evolutionarily conserved, many others may be present within some hosts but absent in others, and may even appear or disappear over the course of an infection in a single host. To understand this variability, we have analyzed HIV-1 envelope sequences to identify cases where the presence of one glycan was dependent on the presence or absence of another (called glycan–glycan interactions). We used two newly developed computational methods to detect these interactions, thereby providing conclusive evidence of a new fundamental pattern: the glycans that exclude each other tend to occur near the same spot on the envelope, whereas glycans that occur together tend to be far apart.</p></abstract><counts><page-count count="10"/></counts><custom-meta-group><custom-meta><meta-name>citation</meta-name><meta-value>Poon AFY, Lewis FI, Kosakovsky Pond SL, Frost SDW (2007) Evolutionary interactions between N-linked glycosylation sites in the HIV-1 envelope. PLoS Comput Biol 3(1): e11. doi:<ext-link ext-link-type="doi" xlink:href="10.1371/journal.pcbi.0030011">10.1371/journal.pcbi.0030011</ext-link></meta-value></custom-meta></custom-meta-group></article-meta></front></article>