<article xmlns="https://jats.nlm.nih.gov/ns/archiving/1.2/" xmlns:xsi="http://www.w3.org/2001/XMLSchema-instance" xmlns:ali="http://www.niso.org/schemas/ali/1.0/" xmlns:mml="http://www.w3.org/1998/Math/MathML" xmlns:xlink="http://www.w3.org/1999/xlink" xsi:schemaLocation="https://jats.nlm.nih.gov/ns/archiving/1.2/ https://jats.nlm.nih.gov/archiving/1.2/xsd/JATS-archivearticle1.xsd" article-type="research-article"><front><journal-meta><journal-id journal-id-type="nlm-ta">PLoS Comput Biol</journal-id><journal-id journal-id-type="iso-abbrev">PLoS Comput. Biol</journal-id><journal-id journal-id-type="publisher-id">pcbi</journal-id><journal-id journal-id-type="publisher-id">plcb</journal-id><journal-id journal-id-type="pmc">ploscomp</journal-id><journal-title-group><journal-title>PLoS Computational Biology</journal-title></journal-title-group><issn pub-type="ppub">1553-734X</issn><issn pub-type="epub">1553-7358</issn><publisher><publisher-name>Public Library of Science</publisher-name><publisher-loc>San Francisco, USA</publisher-loc></publisher></journal-meta><article-meta><article-id pub-id-type="accession">PMC1187862</article-id><article-id pub-id-type="pmcid">PMC1187862</article-id><article-id pub-id-type="pmc-uid">1187862</article-id><article-id pub-id-type="pmid">16110342</article-id><article-id pub-id-type="pmid">16110342</article-id><article-id pub-id-type="doi">10.1371/journal.pcbi.0010025</article-id><article-id pub-id-type="publisher-id">05-PLCB-RA-0084R2</article-id><article-id pub-id-type="sici">plcb-01-03-01</article-id><article-categories><subj-group subj-group-type="heading"><subject>Research Article</subject></subj-group><subj-group subj-group-type="Discipline"><subject>Biochemistry</subject><subject>Bioinformatics - Computational Biology</subject><subject>Evolution</subject><subject>Microbiology</subject><subject>Systems Biology</subject></subj-group><subj-group subj-group-type="System Taxonomy"><subject>Eubacteria</subject><subject>Archaea</subject></subj-group></article-categories><title-group><article-title>Prediction of Transcriptional Terminators in <italic>Bacillus subtilis</italic> and Related Species</article-title><alt-title alt-title-type="running-head">Prediction of Transcriptional Terminators</alt-title></title-group><contrib-group><contrib contrib-type="author"><name><surname>de Hoon</surname><given-names>Michiel J. L.</given-names></name><xref ref-type="corresp" rid="cor1">*</xref><xref ref-type="author-notes" rid="n104">¤a</xref><xref ref-type="aff" rid="aff1"/></contrib><contrib contrib-type="author"><name><surname>Makita</surname><given-names>Yuko</given-names></name><xref ref-type="author-notes" rid="n105">¤b</xref><xref ref-type="aff" rid="aff1"/></contrib><contrib contrib-type="author"><name><surname>Nakai</surname><given-names>Kenta</given-names></name><xref ref-type="aff" rid="aff1"/></contrib><contrib contrib-type="author"><name><surname>Miyano</surname><given-names>Satoru</given-names></name><xref ref-type="aff" rid="aff1"/></contrib></contrib-group><aff id="aff1">Human Genome Center, Institute of Medical Science, University of Tokyo, Minato-ku, Tokyo, Japan</aff><contrib-group><contrib contrib-type="editor"><name><surname>Murray</surname><given-names>Diana</given-names></name><role>Editor</role><xref ref-type="aff" rid="edit1"/></contrib></contrib-group><aff id="edit1">Weill Medical College of Cornell University, United States of America</aff><author-notes><corresp id="cor1">* To whom correspondence should be addressed. E-mail: <email>mdehoon@c2b2.columbia.edu</email></corresp><fn id="n104" fn-type="present-address"><p>¤a Current address: Center for Computational Biology and Bioinformatics, Columbia University, New York, New York, United States of America</p></fn><fn id="n105" fn-type="present-address"><p>¤b Current address: Unit of Genetics of Bacterial Genomes, Institut Pasteur, Paris, France</p></fn></author-notes><pub-date pub-type="ppub"><month>8</month><year>2005</year></pub-date><pub-date pub-type="epub"><day>12</day><month>8</month><year>2005</year></pub-date><pub-date pub-type="epreprint"><day>13</day><month>7</month><year>2005</year></pub-date><volume>1</volume><issue>3</issue><elocation-id>e25</elocation-id><history><date date-type="received"><day>22</day><month>4</month><year>2005</year></date><date date-type="accepted"><day>1</day><month>7</month><year>2005</year></date></history><permissions><copyright-statement>Copyright: © 2005 De Hoon et al.</copyright-statement><copyright-year>2005</copyright-year><license xlink:href="http://creativecommons.org/licenses/by/4.0/"><license-p>This is an open-access article distributed under the terms of the Creative Commons Attribution License, which permits unrestricted use, distribution, and reproduction in any medium, provided the original author and source are properly credited.</license-p></license></permissions><!--<related-article preprintresearch10.1371/journal.pcbi.0010025.eorsimple>
            Prediction of Transcriptional Terminators in Bacillus subtilis and Related Species
         </related-article>--><abstract><p>In prokaryotes, genes belonging to the same operon are transcribed in a single mRNA molecule. Transcription starts as the RNA polymerase binds to the promoter and continues until it reaches a transcriptional terminator. Some terminators rely on the presence of the Rho protein, whereas others function independently of Rho. Such Rho-independent terminators consist of an inverted repeat followed by a stretch of thymine residues, allowing us to predict their presence directly from the DNA sequence. Unlike in <italic>Escherichia coli,</italic> the Rho protein is dispensable in <italic>Bacillus subtilis,</italic> suggesting a limited role for Rho-dependent termination in this organism and possibly in other <italic>Firmicutes</italic>. We analyzed 463 experimentally known terminating sequences in <italic>B. subtilis</italic> and found a decision rule to distinguish Rho-independent transcriptional terminators from non-terminating sequences. The decision rule allowed us to find the boundaries of operons in <italic>B. subtilis</italic> with a sensitivity and specificity of about 94%. Using the same decision rule, we found an average sensitivity of 94% for 57 bacteria belonging to the <italic>Firmicutes</italic> phylum, and a considerably lower sensitivity for other bacteria. Our analysis shows that Rho-independent termination is dominant for <italic>Firmicutes</italic> in general, and that the properties of the transcriptional terminators are conserved. Terminator prediction can be used to reliably predict the operon structure in these organisms, even in the absence of experimentally known operons. Genome-wide predictions of Rho-independent terminators for the 57 <italic>Firmicutes</italic> are available in the Supporting Information section.</p></abstract><abstract abstract-type="synopsis"><title>Synopsis</title><sec id="st1"><title/><p>In prokaryotes, genes belonging to the same operon are transcribed in a single mRNA molecule. Transcription starts as the RNA polymerase binds to the promoter and continues until it reaches a transcriptional terminator. To understand the gene regulatory network of transcription in bacteria, it is important as a first step to determine the operon structure. In this paper, the authors show that (unlike in <italic>Escherichia coli</italic>) most terminators in <italic>Bacillus subtilis</italic> function independently of the terminator protein Rho. As these Rho-independent terminators consist of an inverted repeat followed by a stretch of thymine residues, their presence can be predicted directly from the DNA sequence. The authors derived a decision rule by analyzing experimentally known terminating sequences in <italic>B. subtilis,</italic> and show that the operon boundaries can be found with a high accuracy (about 94%) in <italic>B. subtilis</italic> and other <italic>Firmicutes,</italic> even in the absence of experimentally known operons in the given organism. The properties of the transcriptional terminators are shown to be conserved within the <italic>Firmicutes</italic> phylum. For bacteria other than <italic>Firmicutes,</italic> the prediction accuracy is considerably lower, suggesting that Rho-dependent or possibly currently unknown termination mechanisms are important in these organisms.</p></sec></abstract><custom-meta-group><custom-meta><meta-name>Citation:</meta-name><meta-value>De Hoon MJL, Makita Y, Nakai K, Miyano S (2005) Prediction of transcriptional terminators in <italic>Bacillus subtilis</italic> and related species. PLoS Comp Biol 1(3): e25.</meta-value></custom-meta></custom-meta-group></article-meta></front></article>