<article xmlns="https://jats.nlm.nih.gov/ns/archiving/1.2/" xmlns:xsi="http://www.w3.org/2001/XMLSchema-instance" xmlns:ali="http://www.niso.org/schemas/ali/1.0/" xmlns:mml="http://www.w3.org/1998/Math/MathML" xmlns:xlink="http://www.w3.org/1999/xlink" xsi:schemaLocation="https://jats.nlm.nih.gov/ns/archiving/1.2/ https://jats.nlm.nih.gov/archiving/1.2/xsd/JATS-archivearticle1.xsd" article-type="research-article"><front><journal-meta><journal-id journal-id-type="nlm-ta">PLoS Comput Biol</journal-id><journal-id journal-id-type="iso-abbrev">PLoS Comput. Biol</journal-id><journal-id journal-id-type="publisher-id">pcbi</journal-id><journal-id journal-id-type="publisher-id">plcb</journal-id><journal-id journal-id-type="pmc">ploscomp</journal-id><journal-title-group><journal-title>PLoS Computational Biology</journal-title></journal-title-group><issn pub-type="ppub">1553-734X</issn><issn pub-type="epub">1553-7358</issn><publisher><publisher-name>Public Library of Science</publisher-name><publisher-loc>San Francisco, USA</publisher-loc></publisher></journal-meta><article-meta><article-id pub-id-type="accession">PMC1847700</article-id><article-id pub-id-type="pmcid">PMC1847700</article-id><article-id pub-id-type="pmc-uid">1847700</article-id><article-id pub-id-type="pmid">17411337</article-id><article-id pub-id-type="pmid">17411337</article-id><article-id pub-id-type="doi">10.1371/journal.pcbi.0030066</article-id><article-id pub-id-type="publisher-id">06-PLCB-RA-0377R2</article-id><article-id pub-id-type="sici">plcb-03-04-02</article-id><article-categories><subj-group subj-group-type="heading"><subject>Research Article</subject></subj-group><subj-group subj-group-type="Discipline"><subject>Biochemistry</subject><subject>Cell Biology</subject><subject>Computational Biology</subject><subject>Evolutionary Biology</subject><subject>Oncology</subject><subject>Plant Biology</subject><subject>Virology</subject></subj-group><subj-group subj-group-type="System Taxonomy"><subject>Eukaryotes</subject><subject>Viruses</subject></subj-group></article-categories><title-group><article-title>Towards Complete Sets of Farnesylated and Geranylgeranylated Proteins</article-title><alt-title alt-title-type="running-head">PRENbase</alt-title></title-group><contrib-group><contrib contrib-type="author"><name><surname>Maurer-Stroh</surname><given-names>Sebastian</given-names></name><xref ref-type="aff" rid="aff1">1</xref><xref ref-type="aff" rid="aff2">2</xref><xref ref-type="aff" rid="aff2">3</xref><xref ref-type="corresp" rid="cor1">*</xref></contrib><contrib contrib-type="author"><name><surname>Koranda</surname><given-names>Manfred</given-names></name><xref ref-type="aff" rid="aff1">1</xref></contrib><contrib contrib-type="author"><name><surname>Benetka</surname><given-names>Wolfgang</given-names></name><xref ref-type="aff" rid="aff1">1</xref></contrib><contrib contrib-type="author"><name><surname>Schneider</surname><given-names>Georg</given-names></name><xref ref-type="aff" rid="aff1">1</xref></contrib><contrib contrib-type="author"><name><surname>Sirota</surname><given-names>Fernanda L</given-names></name><xref ref-type="aff" rid="aff3">4</xref></contrib><contrib contrib-type="author"><name><surname>Eisenhaber</surname><given-names>Frank</given-names></name><xref ref-type="aff" rid="aff1">1</xref></contrib></contrib-group><aff id="aff1"><label>1</label> Research Institute of Molecular Pathology, Vienna, Austria
</aff><aff id="aff2"><label>2</label> VIB, SWITCH Lab, Flanders Interuniversity Institute for Biotechnology, Brussels, Belgium
</aff><aff id="aff3"><label>3</label> Vrije Universiteit Brussel, Brussels, Belgium
</aff><aff id="aff4"><label>4</label> ULB, Service de Conformation des Macromolécules Biologiques et de BioInformatique, Brussels, Belgium
</aff><contrib-group><contrib contrib-type="editor"><name><surname>Rost</surname><given-names>Burkhard</given-names></name><role>Editor</role><xref ref-type="aff" rid="edit1"/></contrib></contrib-group><aff id="edit1">Columbia University, United States of America</aff><author-notes><corresp id="cor1">* To whom correspondence should be addressed. E-mail: <email>smaurers@vub.ac.be</email></corresp></author-notes><pub-date pub-type="ppub"><month>4</month><year>2007</year></pub-date><pub-date pub-type="epub"><day>6</day><month>4</month><year>2007</year></pub-date><pub-date pub-type="epreprint"><day>23</day><month>2</month><year>2007</year></pub-date><volume>3</volume><issue>4</issue><elocation-id>e66</elocation-id><history><date date-type="received"><day>6</day><month>9</month><year>2006</year></date><date date-type="accepted"><day>23</day><month>2</month><year>2007</year></date></history><permissions><copyright-statement> © 2007 Maurer-Stroh et al.</copyright-statement><copyright-year>2007</copyright-year><license xlink:href="http://creativecommons.org/licenses/by/4.0/"><license-p>This is an open-access article distributed under the terms of the Creative Commons Attribution License, which permits unrestricted use, distribution, and reproduction in any medium, provided the original author and source are properly credited.</license-p></license></permissions><!--<related-article preprintResearch Article10.1371/journal.pcbi.0030066.eorsimple>Towards Complete Sets of Farnesylated and Geranylgeranylated Proteins</related-article>--><abstract><p>Three different prenyltransferases attach isoprenyl anchors to C-terminal motifs in substrate proteins. These lipid anchors serve for membrane attachment or protein–protein interactions in many pathways. Although well-tolerated selective prenyltransferase inhibitors are clinically available, their mode of action remains unclear since the known substrate sets of the various prenyltransferases are incomplete. The Prenylation Prediction Suite (PrePS) has been applied for large-scale predictions of prenylated proteins. To prioritize targets for experimental verification, we rank the predictions by their functional importance estimated by evolutionary conservation of the prenylation motifs within protein families. The ranked lists of predictions are accessible as PRENbase (<ext-link ext-link-type="uri" xlink:href="http://mendel.imp.univie.ac.at/sat/PrePS/PRENbase">http://mendel.imp.univie.ac.at/sat/PrePS/PRENbase</ext-link>) and can be queried for verification status, type of modifying enzymes (anchor type), and taxonomic distribution. Our results highlight a large group of plant metal-binding chaperones as well as several newly predicted proteins involved in ubiquitin-mediated protein degradation, enriching the known functional repertoire of prenylated proteins. Furthermore, we identify two possibly prenylated proteins in Mimivirus. The section HumanPRENbase provides complete lists of predicted prenylated human proteins—for example, the list of farnesyltransferase targets that cannot become substrates of geranylgeranyltransferase 1 and, therefore, are especially affected by farnesyltransferase inhibitors (FTIs) used in cancer and anti-parasite therapy. We report direct experimental evidence verifying the prediction of the human proteins Prickle1, Prickle2, the BRO1 domain–containing FLJ32421 (termed BROFTI), and Rab28 (short isoform) as exclusive farnesyltransferase targets. We introduce PRENbase, a database of large-scale predictions of protein prenylation substrates ranked by evolutionary conservation of the motif. Experimental evidence is presented for the selective farnesylation of targets with an evolutionary conserved modification site.</p></abstract><abstract abstract-type="summary"><title>Author Summary</title><sec id="st1"><title/><p>Various cellular functions require reversible membrane localization of proteins. This is often facilitated by attaching lipids to the respective proteins, thus anchoring them to the membrane. For example, addition of prenyl lipid anchors (prenylation) is directed by a motif in the protein sequence that can be predicted using a recently developed method. We describe the prediction of protein prenylation in all currently known proteins. The annotated results are available as an online database: PRENbase. A ranking of the predictions is introduced, assuming that existence of a prenylation sequence motif in related proteins from different species (evolutionary conservation) relates to functional importance of the lipid anchor. We present experimental evidence for high-ranked human proteins predicted to be affected by anticancer drugs inhibiting prenylation.</p></sec></abstract><counts><page-count count="15"/></counts><custom-meta-group><custom-meta><meta-name>citation</meta-name><meta-value>Maurer-Stroh S, Koranda M, Benetka W, Schneider G, Sirota FL, et al. (2007) Towards complete sets of farnesylated and geranylgeranylated proteins. PLoS Comput Biol 3(4): e66. doi:<ext-link ext-link-type="doi" xlink:href="10.1371/journal.pcbi.0030066">10.1371/journal.pcbi.0030066</ext-link></meta-value></custom-meta></custom-meta-group></article-meta></front></article>