<article xmlns="https://jats.nlm.nih.gov/ns/archiving/1.2/" xmlns:xsi="http://www.w3.org/2001/XMLSchema-instance" xmlns:ali="http://www.niso.org/schemas/ali/1.0/" xmlns:mml="http://www.w3.org/1998/Math/MathML" xmlns:xlink="http://www.w3.org/1999/xlink" xsi:schemaLocation="https://jats.nlm.nih.gov/ns/archiving/1.2/ https://jats.nlm.nih.gov/archiving/1.2/xsd/JATS-archivearticle1.xsd" article-type="other"><front><journal-meta><journal-id journal-id-type="nlm-ta">PLoS Comput Biol</journal-id><journal-id journal-id-type="iso-abbrev">PLoS Comput. Biol</journal-id><journal-id journal-id-type="publisher-id">pcbi</journal-id><journal-id journal-id-type="publisher-id">plcb</journal-id><journal-id journal-id-type="pmc">ploscomp</journal-id><journal-title-group><journal-title>PLoS Computational Biology</journal-title></journal-title-group><issn pub-type="ppub">1553-734X</issn><issn pub-type="epub">1553-7358</issn><publisher><publisher-name>Public Library of Science</publisher-name><publisher-loc>San Francisco, USA</publisher-loc></publisher></journal-meta><article-meta><article-id pub-id-type="accession">PMC1761651</article-id><article-id pub-id-type="pmcid">PMC1761651</article-id><article-id pub-id-type="pmc-uid">1761651</article-id><article-id pub-id-type="pmid">17196031</article-id><article-id pub-id-type="pmid">17196031</article-id><article-id pub-id-type="doi">10.1371/journal.pcbi.0020156</article-id><article-id pub-id-type="publisher-id">06-PLCB-PV-0349R1</article-id><article-id pub-id-type="sici">plcb-02-12-11</article-id><article-categories><subj-group subj-group-type="heading"><subject>Perspectives</subject></subj-group><subj-group subj-group-type="Discipline"><subject>Evolutionary Biology</subject><subject>Evolutionary Biology</subject><subject>Evolutionary Biology</subject></subj-group><subj-group subj-group-type="System Taxonomy"><subject>Evolution</subject></subj-group></article-categories><title-group><article-title>The Genome: An Outsider's View</article-title><alt-title alt-title-type="running-head">The Genome: An Outsider's View</alt-title></title-group><contrib-group><contrib contrib-type="author"><name><surname>Zimmer</surname><given-names>Carl</given-names></name><xref ref-type="corresp" rid="cor1"/></contrib></contrib-group><contrib-group><contrib contrib-type="editor"><name><surname>McEntyre</surname><given-names>Johanna</given-names></name><role>Editor</role></contrib></contrib-group><author-notes><corresp id="cor1">Carl Zimmer is a science writer based in Guilford, Connecticut, United States of America. E-mail: <email>carl@carlzimmer.com</email></corresp></author-notes><pub-date pub-type="ppub"><month>12</month><year>2006</year></pub-date><pub-date pub-type="epub"><day>29</day><month>12</month><year>2006</year></pub-date><volume>2</volume><issue>12</issue><elocation-id>e156</elocation-id><permissions><copyright-statement> © 2006 Carl Zimmer.</copyright-statement><copyright-year>2006</copyright-year><license xlink:href="http://creativecommons.org/licenses/by/4.0/"><license-p>This is an open-access article distributed under the terms of the Creative Commons Attribution License, which permits unrestricted use, distribution, and reproduction in any medium, provided the original author and source are properly credited.</license-p></license></permissions><counts><page-count count="3"/></counts><custom-meta-group><custom-meta><meta-name>citation</meta-name><meta-value>Zimmer C (2006) The genome: An outsider's view. PLoS Comput Biol 2(12): e156. doi:<ext-link ext-link-type="doi" xlink:href="10.1371/journal.pcbi.0020156">10.1371/journal.pcbi.0020156</ext-link></meta-value></custom-meta></custom-meta-group></article-meta></front></article>