<article xmlns="https://jats.nlm.nih.gov/ns/archiving/1.2/" xmlns:xsi="http://www.w3.org/2001/XMLSchema-instance" xmlns:ali="http://www.niso.org/schemas/ali/1.0/" xmlns:mml="http://www.w3.org/1998/Math/MathML" xmlns:xlink="http://www.w3.org/1999/xlink" xsi:schemaLocation="https://jats.nlm.nih.gov/ns/archiving/1.2/ https://jats.nlm.nih.gov/archiving/1.2/xsd/JATS-archivearticle1.xsd" article-type="research-article"><front><journal-meta><journal-id journal-id-type="nlm-ta">PLoS Comput Biol</journal-id><journal-id journal-id-type="iso-abbrev">PLoS Comput. Biol</journal-id><journal-id journal-id-type="publisher-id">pcbi</journal-id><journal-id journal-id-type="publisher-id">plcb</journal-id><journal-id journal-id-type="pmc">ploscomp</journal-id><journal-title-group><journal-title>PLoS Computational Biology</journal-title></journal-title-group><issn pub-type="ppub">1553-734X</issn><issn pub-type="epub">1553-7358</issn><publisher><publisher-name>Public Library of Science</publisher-name><publisher-loc>San Francisco, USA</publisher-loc></publisher></journal-meta><article-meta><article-id pub-id-type="accession">PMC1797819</article-id><article-id pub-id-type="pmcid">PMC1797819</article-id><article-id pub-id-type="pmc-uid">1797819</article-id><article-id pub-id-type="pmid">17305419</article-id><article-id pub-id-type="pmid">17305419</article-id><article-id pub-id-type="doi">10.1371/journal.pcbi.0030025</article-id><article-id pub-id-type="publisher-id">06-PLCB-RA-0264R3</article-id><article-id pub-id-type="sici">plcb-03-02-09</article-id><article-categories><subj-group subj-group-type="heading"><subject>Research Article</subject></subj-group><subj-group subj-group-type="Discipline"><subject>Computational Biology</subject><subject>Evolutionary Biology</subject><subject>Molecular Biology</subject></subj-group><subj-group subj-group-type="System Taxonomy"><subject>Eukaryotes</subject><subject>Drosophila</subject><subject>Caenorhabditis</subject><subject>Homo (Human)</subject><subject>Saccharomyces</subject></subj-group></article-categories><title-group><article-title>Specificity and Evolvability in Eukaryotic Protein Interaction Networks</article-title><alt-title alt-title-type="running-head">Specificity and Evolvability in Protein Networks</alt-title></title-group><contrib-group><contrib contrib-type="author"><name><surname>Beltrao</surname><given-names>Pedro</given-names></name><xref ref-type="corresp" rid="cor1">*</xref><xref ref-type="aff" rid="aff1"/></contrib><contrib contrib-type="author"><name><surname>Serrano</surname><given-names>Luis</given-names></name><xref ref-type="aff" rid="aff1"/></contrib></contrib-group><aff id="aff1">European Molecular Biology Laboratory, Structures and Computational Biology Program, Heidelberg, Germany</aff><contrib-group><contrib contrib-type="editor"><name><surname>Valencia</surname><given-names>Alfonso</given-names></name><role>Editor</role><xref ref-type="aff" rid="edit1"/></contrib></contrib-group><aff id="edit1">Spanish National Cancer Research Centre, Spain</aff><author-notes><corresp id="cor1">* To whom correspondence should be addressed. E-mail: <email>beltrao@embl.de</email></corresp></author-notes><pub-date pub-type="ppub"><month>2</month><year>2007</year></pub-date><pub-date pub-type="epub"><day>16</day><month>2</month><year>2007</year></pub-date><pub-date pub-type="epreprint"><day>28</day><month>12</month><year>2006</year></pub-date><volume>3</volume><issue>2</issue><elocation-id>e25</elocation-id><history><date date-type="received"><day>5</day><month>7</month><year>2006</year></date><date date-type="accepted"><day>27</day><month>12</month><year>2006</year></date></history><permissions><copyright-statement> © 2007 Beltrao and Serrano.</copyright-statement><copyright-year>2007</copyright-year><license xlink:href="http://creativecommons.org/licenses/by/4.0/"><license-p>This is an open-access article distributed under the terms of the Creative Commons Attribution License, which permits unrestricted use, distribution, and reproduction in any medium, provided the original author and source are properly credited.</license-p></license></permissions><!--<related-article preprintResearch Article10.1371/journal.pcbi.0030025.eorsimple>Specificity and Evolvability in Eukaryotic Protein Interaction Networks</related-article>--><abstract><p>Progress in uncovering the protein interaction networks of several species has led to questions of what underlying principles might govern their organization. Few studies have tried to determine the impact of protein interaction network evolution on the observed physiological differences between species. Using comparative genomics and structural information, we show here that eukaryotic species have rewired their interactomes at a fast rate of approximately 10<sup>−5</sup> interactions changed per protein pair, per million years of divergence. For <named-content content-type="genus-species">Homo sapiens</named-content> this corresponds to 10<sup>3</sup> interactions changed per million years. Additionally we find that the specificity of binding strongly determines the interaction turnover and that different biological processes show significantly different link dynamics. In particular, human proteins involved in immune response, transport, and establishment of localization show signs of positive selection for change of interactions. Our analysis suggests that a small degree of molecular divergence can give rise to important changes at the network level. We propose that the power law distribution observed in protein interaction networks could be partly explained by the cell's requirement for different degrees of protein binding specificity.</p></abstract><abstract abstract-type="summary"><title>Author Summary</title><sec id="st1"><title/><p>To understand how the cell performs the required biological functions and reacts to changes in the environment, scientists have been studying how cellular components interact. In recent years, new experimental methods have immensely increased our ability to map out these connections. However, it is important to keep in mind that biological systems are constantly evolving to cope with environmental changes. What then is the impact of the genomic variability brought by point mutations, segmental duplications, etc., on these interaction networks? We have tried here to quantify the rate by which protein interactions changed during the evolution of eukaryotic cells. According to the authors, about 0.5% to 3% of the interactions can change every million years. Also, protein properties, such as binding specificity (defined as the number of binding surfaces or binding partners) and protein function, help determine the rate of interaction turnover. This work suggests that protein interactions are evolutionarily plastic and the fact that a group of proteins has been conserved in different genomes does not mean that their interaction repertoire and functions are necessarily conserved. This work emphasizes the importance of studying biological systems in the context of evolutionary change.</p></sec></abstract><counts><page-count count="10"/></counts><custom-meta-group><custom-meta><meta-name>citation</meta-name><meta-value>Beltrao P, Serrano L (2007) Specificity and evolvability in eukaryotic protein interaction networks. PLoS Comput Biol 3(2): e25. DOI: <ext-link ext-link-type="doi" xlink:href="10.1371/journal.pcbi.0030025">10.1371/journal.pcbi.0030025</ext-link></meta-value></custom-meta></custom-meta-group></article-meta></front></article>