<article xmlns="https://jats.nlm.nih.gov/ns/archiving/1.2/" xmlns:xsi="http://www.w3.org/2001/XMLSchema-instance" xmlns:ali="http://www.niso.org/schemas/ali/1.0/" xmlns:mml="http://www.w3.org/1998/Math/MathML" xmlns:xlink="http://www.w3.org/1999/xlink" xsi:schemaLocation="https://jats.nlm.nih.gov/ns/archiving/1.2/ https://jats.nlm.nih.gov/archiving/1.2/xsd/JATS-archivearticle1.xsd" article-type="research-article"><front><journal-meta><journal-id journal-id-type="nlm-ta">PLoS Comput Biol</journal-id><journal-id journal-id-type="iso-abbrev">PLoS Comput. Biol</journal-id><journal-id journal-id-type="publisher-id">pcbi</journal-id><journal-id journal-id-type="publisher-id">plcb</journal-id><journal-id journal-id-type="pmc">ploscomp</journal-id><journal-title-group><journal-title>PLoS Computational Biology</journal-title></journal-title-group><issn pub-type="ppub">1553-734X</issn><issn pub-type="epub">1553-7358</issn><publisher><publisher-name>Public Library of Science</publisher-name><publisher-loc>San Francisco, USA</publisher-loc></publisher></journal-meta><article-meta><article-id pub-id-type="accession">PMC1761655</article-id><article-id pub-id-type="pmcid">PMC1761655</article-id><article-id pub-id-type="pmc-uid">1761655</article-id><article-id pub-id-type="pmid">17196033</article-id><article-id pub-id-type="pmid">17196033</article-id><article-id pub-id-type="doi">10.1371/journal.pcbi.0020177</article-id><article-id pub-id-type="publisher-id">06-PLCB-RA-0311R2</article-id><article-id pub-id-type="sici">plcb-02-12-14</article-id><article-categories><subj-group subj-group-type="heading"><subject>Research Article</subject></subj-group><subj-group subj-group-type="Discipline"><subject>Biochemistry</subject><subject>Computational Biology</subject><subject>Molecular Biology</subject><subject>Neuroscience</subject></subj-group><subj-group subj-group-type="System Taxonomy"><subject>Animals</subject></subj-group></article-categories><title-group><article-title>Prediction of Amyloidogenic and Disordered Regions in Protein Chains</article-title><alt-title alt-title-type="running-head">Predicting Amyloidogenic and Disordered Regions</alt-title></title-group><contrib-group><contrib contrib-type="author"><name><surname>Galzitskaya</surname><given-names>Oxana V</given-names></name><xref ref-type="corresp" rid="cor1">*</xref><xref ref-type="aff" rid="aff1"/></contrib><contrib contrib-type="author"><name><surname>Garbuzynskiy</surname><given-names>Sergiy O</given-names></name><xref ref-type="aff" rid="aff1"/></contrib><contrib contrib-type="author"><name><surname>Lobanov</surname><given-names>Michail Yurievich</given-names></name><xref ref-type="aff" rid="aff1"/></contrib></contrib-group><aff id="aff1">Institute of Protein Research, Russian Academy of Sciences, Pushchino, Moscow Region, Russia</aff><contrib-group><contrib contrib-type="editor"><name><surname>Shakhnovich</surname><given-names>Eugene I</given-names></name><role>Editor</role><xref ref-type="aff" rid="edit1"/></contrib></contrib-group><aff id="edit1">Harvard University, United States of America</aff><author-notes><corresp id="cor1">* To whom correspondence should be addressed. E-mail: <email>ogalzit@vega.protres.ru</email></corresp></author-notes><pub-date pub-type="ppub"><month>12</month><year>2006</year></pub-date><pub-date pub-type="epub"><day>29</day><month>12</month><year>2006</year></pub-date><pub-date pub-type="epreprint"><day>6</day><month>11</month><year>2006</year></pub-date><volume>2</volume><issue>12</issue><elocation-id>e177</elocation-id><history><date date-type="received"><day>31</day><month>7</month><year>2006</year></date><date date-type="accepted"><day>6</day><month>11</month><year>2006</year></date></history><permissions><copyright-statement> © 2006 Galzitskaya et al.</copyright-statement><copyright-year>2006</copyright-year><license xlink:href="http://creativecommons.org/licenses/by/4.0/"><license-p>This is an open-access article distributed under the terms of the Creative Commons Attribution License, which permits unrestricted use, distribution, and reproduction in any medium, provided the original author and source are properly credited.</license-p></license></permissions><!--<related-article preprintResearch Article10.1371/journal.pcbi.0020177.eorsimple>Prediction of Amyloidogenic and Disordered Regions in Protein Chains</related-article>--><abstract><p>The determination of factors that influence protein conformational changes is very important for the identification of potentially amyloidogenic and disordered regions in polypeptide chains. In our work we introduce a new parameter, mean packing density, to detect both amyloidogenic and disordered regions in a protein sequence. It has been shown that regions with strong expected packing density are responsible for amyloid formation. Our predictions are consistent with known disease-related amyloidogenic regions for eight of 12 amyloid-forming proteins and peptides in which the positions of amyloidogenic regions have been revealed experimentally. Our findings support the concept that the mechanism of amyloid fibril formation is similar for different peptides and proteins. Moreover, we have demonstrated that regions with weak expected packing density are responsible for the appearance of disordered regions. Our method has been tested on datasets of globular proteins and long disordered protein segments, and it shows improved performance over other widely used methods. Thus, we demonstrate that the expected packing density is a useful value with which one can predict both intrinsically disordered and amyloidogenic regions of a protein based on sequence alone. Our results are important for understanding the structural characteristics of protein folding and misfolding.</p></abstract><abstract abstract-type="synopsis"><title>Synopsis</title><p>Protein folding is one of the most challenging issues in biophysical science. During the past few years it has been shown that some diseases are connected with protein misfolding and the formation of insoluble aggregates called amyloid plaques. These processes may be associated with several diseases such as Alzheimer disease, Parkinson disease, Creutzfeldt-Jacob disease, and even certain forms of cancer. It has been shown that proteins with intrinsically disordered regions are involved in protein–protein or protein–nucleic acid interactions. The main objective of this paper is to report insights into the molecular mechanisms of amyloid aggregation. This has been done using the parameter of the observed number of contacts for each amino acid residue in globular state, further called expected packing density. By analysis of sequences alone, the authors have demonstrated that regions that possess strong expected packing density can be responsible for amyloidogenic properties of a protein, while regions with weak expected packing density correspond to disordered regions. A new concept is proposed that could aid in understanding protein folding, misfolding, and amyloidosis. The results help to explain that the nature of the amyloidogenic propensity of proteins is connected to their amino acid sequences that are able to form a large number of contacts.</p></abstract><counts><page-count count="10"/></counts><custom-meta-group><custom-meta><meta-name>citation</meta-name><meta-value>Galzitskaya OV, Garbuzynskiy SO, Lobanov MY (2006) Prediction of amyloidogenic and disordered regions in protein chains. PLoS Comput Biol 2(12): e177. doi:<ext-link ext-link-type="doi" xlink:href="10.1371/journal.pcbi.0020177">10.1371/journal.pcbi.0020177</ext-link></meta-value></custom-meta></custom-meta-group></article-meta></front></article>