<article xmlns="https://jats.nlm.nih.gov/ns/archiving/1.2/" xmlns:xsi="http://www.w3.org/2001/XMLSchema-instance" xmlns:ali="http://www.niso.org/schemas/ali/1.0/" xmlns:mml="http://www.w3.org/1998/Math/MathML" xmlns:xlink="http://www.w3.org/1999/xlink" xsi:schemaLocation="https://jats.nlm.nih.gov/ns/archiving/1.2/ https://jats.nlm.nih.gov/archiving/1.2/xsd/JATS-archivearticle1.xsd" article-type="editorial"><front><journal-meta><journal-id journal-id-type="nlm-ta">PLoS Comput Biol</journal-id><journal-id journal-id-type="iso-abbrev">PLoS Comput. Biol</journal-id><journal-id journal-id-type="publisher-id">pcbi</journal-id><journal-id journal-id-type="publisher-id">plcb</journal-id><journal-id journal-id-type="pmc">ploscomp</journal-id><journal-title-group><journal-title>PLoS Computational Biology</journal-title></journal-title-group><issn pub-type="ppub">1553-734X</issn><issn pub-type="epub">1553-7358</issn><publisher><publisher-name>Public Library of Science</publisher-name></publisher></journal-meta><article-meta><article-id pub-id-type="accession">PMC1183510</article-id><article-id pub-id-type="pmcid">PMC1183510</article-id><article-id pub-id-type="pmc-uid">1183510</article-id><article-id pub-id-type="pmid">16103905</article-id><article-id pub-id-type="pmid">16103905</article-id><article-id pub-id-type="doi">10.1371/journal.pcbi.0010004</article-id><article-id pub-id-type="publisher-id">05-PLCB-ED-0098</article-id><article-id pub-id-type="sici">plcb-01-01-02</article-id><article-categories><subj-group subj-group-type="heading"><subject>Editorial</subject></subj-group><subj-group subj-group-type="Discipline"><subject>Bioinformatics - Computational Biology</subject></subj-group><subj-group subj-group-type="System Taxonomy"><subject>None</subject></subj-group></article-categories><title-group><article-title><italic>PLoS Computational Biology:</italic> A New Community Journal</article-title><alt-title alt-title-type="running-head">Editorial</alt-title></title-group><contrib-group><contrib contrib-type="author"><name><surname>Bourne</surname><given-names>Philip E</given-names></name></contrib><contrib contrib-type="author"><name><surname>Brenner</surname><given-names>Steven E</given-names></name></contrib><contrib contrib-type="author"><name><surname>Eisen</surname><given-names>Michael B</given-names></name></contrib></contrib-group><author-notes><fn id="n101" fn-type="current-aff"><p>Philip E. Bourne is founding editor and editor-in-chief (e-mail: <email>pbourne@ucsd.edu</email>), Steven E. Brenner is founding editor, and Michael B. Eisen is founding editor of <italic>PLoS Computational Biology</italic>.</p></fn></author-notes><pub-date pub-type="ppub"><month>6</month><year>2005</year></pub-date><pub-date pub-type="epub"><day>24</day><month>6</month><year>2005</year></pub-date><volume>1</volume><issue>1</issue><elocation-id>e4</elocation-id><permissions><copyright-statement>Copyright: © 2005 Bourne, Brenner, and Eisen.</copyright-statement><copyright-year>2005</copyright-year><license xlink:href="http://creativecommons.org/licenses/by/4.0/"><license-p>This is an open-access article distributed under the terms of the Creative Commons Attribution License, which permits unrestricted use, distribution, and reproduction in any medium, provided the original author and source are properly credited.</license-p></license></permissions><counts><page-count count="1"/></counts><custom-meta-group><custom-meta><meta-name>Citation:</meta-name><meta-value>Bourne PE, Brenner SE, Eisen MB (2005) <italic>PLoS Computational Biology</italic>: A new community journal. PLoS Comput Biol 1(1): e4.</meta-value></custom-meta></custom-meta-group></article-meta></front></article>