<article xmlns="https://jats.nlm.nih.gov/ns/archiving/1.2/" xmlns:xsi="http://www.w3.org/2001/XMLSchema-instance" xmlns:ali="http://www.niso.org/schemas/ali/1.0/" xmlns:mml="http://www.w3.org/1998/Math/MathML" xmlns:xlink="http://www.w3.org/1999/xlink" xsi:schemaLocation="https://jats.nlm.nih.gov/ns/archiving/1.2/ https://jats.nlm.nih.gov/archiving/1.2/xsd/JATS-archivearticle1.xsd" article-type="research-article"><front><journal-meta><journal-id journal-id-type="nlm-ta">PLoS Comput Biol</journal-id><journal-id journal-id-type="iso-abbrev">PLoS Comput. Biol</journal-id><journal-id journal-id-type="publisher-id">pcbi</journal-id><journal-id journal-id-type="publisher-id">plcb</journal-id><journal-id journal-id-type="pmc">ploscomp</journal-id><journal-title-group><journal-title>PLoS Computational Biology</journal-title></journal-title-group><issn pub-type="ppub">1553-734X</issn><issn pub-type="epub">1553-7358</issn><publisher><publisher-name>Public Library of Science</publisher-name><publisher-loc>San Francisco, USA</publisher-loc></publisher></journal-meta><article-meta><article-id pub-id-type="accession">PMC1636675</article-id><article-id pub-id-type="pmcid">PMC1636675</article-id><article-id pub-id-type="pmc-uid">1636675</article-id><article-id pub-id-type="pmid">17112314</article-id><article-id pub-id-type="pmid">17112314</article-id><article-id pub-id-type="doi">10.1371/journal.pcbi.0020159</article-id><article-id pub-id-type="publisher-id">06-PLCB-RA-0177R2</article-id><article-id pub-id-type="sici">plcb-02-11-10</article-id><article-categories><subj-group subj-group-type="heading"><subject>Research Article</subject></subj-group><subj-group subj-group-type="Discipline"><subject>Bioinformatics - Computational Biology</subject><subject>Genetics/Genomics</subject><subject>Genetics/Comparative Genomics</subject><subject>Genetics/Functional Genomics</subject><subject>Microbiology</subject><subject>Molecular Biology - Structural Biology</subject><subject>Systems Biology</subject></subj-group><subj-group subj-group-type="System Taxonomy"><subject>Eubacteria</subject></subj-group></article-categories><title-group><article-title>An Integrative Genomic Approach to Uncover Molecular Mechanisms of Prokaryotic Traits</article-title><alt-title alt-title-type="running-head">Uncovering Mechanisms of Prokaryotic Traits</alt-title></title-group><contrib-group><contrib contrib-type="author"><name><surname>Liu</surname><given-names>Yang</given-names></name><xref ref-type="aff" rid="aff1">1</xref><xref ref-type="aff" rid="aff2">2</xref></contrib><contrib contrib-type="author"><name><surname>Li</surname><given-names>Jianrong</given-names></name><xref ref-type="aff" rid="aff1">1</xref><xref ref-type="aff" rid="aff2">2</xref></contrib><contrib contrib-type="author"><name><surname>Sam</surname><given-names>Lee</given-names></name><xref ref-type="aff" rid="aff1">1</xref><xref ref-type="aff" rid="aff2">2</xref></contrib><contrib contrib-type="author"><name><surname>Goh</surname><given-names>Chern-Sing</given-names></name><xref ref-type="aff" rid="aff3">3</xref></contrib><contrib contrib-type="author"><name><surname>Gerstein</surname><given-names>Mark</given-names></name><xref ref-type="aff" rid="aff3">3</xref><xref ref-type="aff" rid="aff4">4</xref><xref ref-type="corresp" rid="cor1">*</xref></contrib><contrib contrib-type="author"><name><surname>Lussier</surname><given-names>Yves A</given-names></name><xref ref-type="aff" rid="aff1">1</xref><xref ref-type="aff" rid="aff2">2</xref><xref ref-type="aff" rid="aff5">5</xref><xref ref-type="corresp" rid="cor1">*</xref></contrib></contrib-group><aff id="aff1"><label>1</label>Section of Genetic Medicine, Department of Medicine, University of Chicago, Chicago, Illinois, United States of America
</aff><aff id="aff2"><label>2</label>Center for Biomedical Informatics, Department of Medicine, University of Chicago, Chicago, Illinois, United States of America
</aff><aff id="aff3"><label>3</label>Department of Molecular Biophysics and Biochemistry, Yale University, New Haven, Connecticut, United States of America
</aff><aff id="aff4"><label>4</label>Department of Computer Science, Yale University, New Haven, Connecticut, United States of America
</aff><aff id="aff5"><label>5</label>Department of Biomedical Informatics, Columbia University, New York, New York, United States of America
</aff><contrib-group><contrib contrib-type="editor"><name><surname>Lewis</surname><given-names>Suzanna</given-names></name><role>Editor</role><xref ref-type="aff" rid="edit1"/></contrib></contrib-group><aff id="edit1">University of California Berkeley, United States of America</aff><author-notes><corresp id="cor1">* To whom correspondence should be addressed. E-mail: <email>mark.gerstein@yale.edu</email> (MG); <email>lussier@uchicago.edu</email> (YAL)</corresp></author-notes><pub-date pub-type="ppub"><month>11</month><year>2006</year></pub-date><pub-date pub-type="epub"><day>17</day><month>11</month><year>2006</year></pub-date><pub-date pub-type="epreprint"><day>10</day><month>10</month><year>2006</year></pub-date><volume>2</volume><issue>11</issue><elocation-id>e159</elocation-id><history><date date-type="received"><day>5</day><month>5</month><year>2006</year></date><date date-type="accepted"><day>10</day><month>10</month><year>2006</year></date></history><permissions><copyright-statement> © 2006 Liu et al.</copyright-statement><copyright-year>2006</copyright-year><license xlink:href="http://creativecommons.org/licenses/by/4.0/"><license-p>This is an open-access article distributed under the terms of the Creative Commons Attribution License, which permits unrestricted use, distribution, and reproduction in any medium, provided the original author and source are properly credited.</license-p></license></permissions><!--<related-article preprintResearch Article10.1371/journal.pcbi.0020159.eorsimple>An integrative genomic approach to uncover molecular mechanisms of prokaryotic traits</related-article>--><abstract><p>With mounting availability of genomic and phenotypic databases, data integration and mining become increasingly challenging. While efforts have been put forward to analyze prokaryotic phenotypes, current computational technologies either lack high throughput capacity for genomic scale analysis, or are limited in their capability to integrate and mine data across different scales of biology. Consequently, simultaneous analysis of associations among genomes, phenotypes, and gene functions is prohibited. Here, we developed a high throughput computational approach, and demonstrated for the first time the feasibility of integrating large quantities of prokaryotic phenotypes along with genomic datasets for mining across multiple scales of biology (protein domains, pathways, molecular functions, and cellular processes). Applying this method over 59 fully sequenced prokaryotic species, we identified genetic basis and molecular mechanisms underlying the phenotypes in bacteria. We identified 3,711 significant correlations between 1,499 distinct Pfam and 63 phenotypes, with 2,650 correlations and 1,061 <italic>anti-</italic>correlations. Manual evaluation of a random sample of these significant correlations showed a minimal precision of 30% (95% confidence interval: 20%–42%; <italic>n</italic> = 50). We stratified the most significant 478 predictions and subjected 100 to manual evaluation, of which 60 were corroborated in the literature. We furthermore unveiled 10 significant correlations between phenotypes and KEGG pathways, eight of which were corroborated in the evaluation, and 309 significant correlations between phenotypes and 166 GO concepts evaluated using a random sample (minimal precision = 72%; 95% confidence interval: 60%–80%; <italic>n</italic> = 50). Additionally, we conducted a novel large-scale phenomic visualization analysis to provide insight into the modular nature of common molecular mechanisms spanning multiple biological scales and reused by related phenotypes (metaphenotypes). We propose that this method elucidates which classes of molecular mechanisms are associated with phenotypes or metaphenotypes and holds promise in facilitating a computable systems biology approach to genomic and biomedical research.</p></abstract><abstract abstract-type="synopsis"><title>Synopsis</title><p>A key challenge of the post-genomic era is to conceive large-scale studies of genomes and observable characteristics of organisms (phenotypes) and to interpret the data thus produced. The goal of this “phenomic” study is to improve our understanding of complex biological systems in terms of their molecular underpinnings. In this paper, Liu and colleagues present comprehensive computational and novel visualization methods for discovering biological knowledge spanning multiple scales of biology. The authors were able to predict and visualize new knowledge between clusters of microbiological phenotypes and their molecular mechanisms. To their knowledge, this is the first time this has been done. More specifically, the method integrates microbiological data with genomic-scale data from protein family databases, gene ontology, and biological pathways. Conducted over 59 fully sequenced bacteria, and including significantly more phenotypes than previous studies of its kind, this study enables a “systems biology” view across different classifications of genes and processes. This represents advancement over previous techniques, which are either limited in biological scale or analytical breadth. Visualization of the networks generated by this technique shows the common biological modules shared by related phenotypes. The results of this experiment demonstrate that the fusion of clinical data with genomic information is able to elucidate, in high throughput, a massive number of biological processes underlying phenotypes.</p></abstract><counts><page-count count="17"/></counts><custom-meta-group><custom-meta><meta-name>citation</meta-name><meta-value>Liu Y, Li J, Sam L, Goh CS, Gerstein M, et al. (2006) An integrative genomic approach to uncover molecular mechanisms of prokaryotic traits. PLoS Comput Biol 2(11): e159. doi:10.1371/journal.pcbi.0020159</meta-value></custom-meta></custom-meta-group></article-meta></front></article>