<article xmlns="https://jats.nlm.nih.gov/ns/archiving/1.2/" xmlns:xsi="http://www.w3.org/2001/XMLSchema-instance" xmlns:ali="http://www.niso.org/schemas/ali/1.0/" xmlns:mml="http://www.w3.org/1998/Math/MathML" xmlns:xlink="http://www.w3.org/1999/xlink" xsi:schemaLocation="https://jats.nlm.nih.gov/ns/archiving/1.2/ https://jats.nlm.nih.gov/archiving/1.2/xsd/JATS-archivearticle1.xsd" article-type="research-article"><front><journal-meta><journal-id journal-id-type="nlm-ta">PLoS Comput Biol</journal-id><journal-id journal-id-type="iso-abbrev">PLoS Comput. Biol</journal-id><journal-id journal-id-type="publisher-id">pcbi</journal-id><journal-id journal-id-type="publisher-id">plcb</journal-id><journal-id journal-id-type="pmc">ploscomp</journal-id><journal-title-group><journal-title>PLoS Computational Biology</journal-title></journal-title-group><issn pub-type="ppub">1553-734X</issn><issn pub-type="epub">1553-7358</issn><publisher><publisher-name>Public Library of Science</publisher-name></publisher></journal-meta><article-meta><article-id pub-id-type="accession">PMC1183508</article-id><article-id pub-id-type="pmcid">PMC1183508</article-id><article-id pub-id-type="pmc-uid">1183508</article-id><article-id pub-id-type="pmid">16103903</article-id><article-id pub-id-type="pmid">16103903</article-id><article-id pub-id-type="doi">10.1371/journal.pcbi.0010002</article-id><article-id pub-id-type="publisher-id">05-PLCB-RA-0010R1</article-id><article-id pub-id-type="sici">plcb-01-01-04</article-id><article-categories><subj-group subj-group-type="heading"><subject>Research Article</subject></subj-group><subj-group subj-group-type="Discipline"><subject>Bioinformatics - Computational Biology</subject><subject>Microbiology</subject><subject>Systems Biology</subject></subj-group><subj-group subj-group-type="System Taxonomy"><subject>Eubacteria</subject></subj-group></article-categories><title-group><article-title>What Makes Ribosome-Mediated Transcriptional Attenuation Sensitive to Amino Acid Limitation?</article-title><alt-title alt-title-type="running-head">What Makes Transcriptional Attenuation Sensitive?</alt-title></title-group><contrib-group><contrib contrib-type="author"><name><surname>Elf</surname><given-names>Johan</given-names></name><xref ref-type="corresp" rid="cor1"/><xref ref-type="aff" rid="aff1"/></contrib><contrib contrib-type="author"><name><surname>Ehrenberg</surname><given-names>Måns</given-names></name><xref ref-type="corresp" rid="cor1"/><xref ref-type="aff" rid="aff1"/></contrib></contrib-group><aff id="aff1">Department of Cell and Molecular Biology, Uppsala University, Uppsala, Sweden</aff><contrib-group><contrib contrib-type="editor"><name><surname>Mattick</surname><given-names>John Stanley</given-names></name><role>Editor</role><xref ref-type="aff" rid="edit1"/></contrib></contrib-group><aff id="edit1">University of Queensland, Australia</aff><author-notes><corresp id="cor1">E-mail: <email>Johan.Elf@icm.uu.se</email> (JE); <email>Ehrenberg@xray.bmc.uu.se</email> (ME)</corresp></author-notes><pub-date pub-type="ppub"><month>6</month><year>2005</year></pub-date><pub-date pub-type="epub"><day>24</day><month>6</month><year>2005</year></pub-date><volume>1</volume><issue>1</issue><elocation-id>e2</elocation-id><history><date date-type="received"><day>16</day><month>1</month><year>2005</year></date><date date-type="accepted"><day>8</day><month>4</month><year>2005</year></date></history><permissions><copyright-statement>Copyright: © 2005 Elf and Ehrenberg.</copyright-statement><copyright-year>2005</copyright-year><license xlink:href="http://creativecommons.org/licenses/by/4.0/"><license-p>This is an open-access article distributed under the terms of the Creative Commons Attribution License, which permits unrestricted use, distribution, and reproduction in any medium, provided the original author and source are properly credited.</license-p></license></permissions><abstract><p>Ribosome-mediated transcriptional attenuation mechanisms are commonly used to control amino acid biosynthetic operons in bacteria. The mRNA leader of such an operon contains an open reading frame with “regulatory” codons, cognate to the amino acid that is synthesized by the enzymes encoded by the operon. When the amino acid is in short supply, translation of the regulatory codons is slow, which allows transcription to continue into the structural genes of the operon. When amino acid supply is in excess, translation of regulatory codons is rapid, which leads to termination of transcription. We use a discrete master equation approach to formulate a probabilistic model for the positioning of the RNA polymerase and the ribosome in the attenuator leader sequence. The model describes how the current rate of amino acid supply compared to the demand in protein synthesis (signal) determines the expression of the amino acid biosynthetic operon (response). The focus of our analysis is on the sensitivity of operon expression to a change in the amino acid supply. We show that attenuation of transcription can be hyper-sensitive for two main reasons. The first is that its response depends on the outcome of a race between two multi-step mechanisms with synchronized starts: transcription of the leader of the operon, and translation of its regulatory codons. The relative change in the probability that transcription is aborted (attenuated) can therefore be much larger than the relative change in the time it takes for the ribosome to read a regulatory codon. The second is that the general usage frequencies of codons of the type used in attenuation control are small. A small percentage decrease in the rate of supply of the controlled amino acid can therefore lead to a much larger percentage decrease in the rate of reading a regulatory codon. We show that high sensitivity further requires a particular choice of regulatory codon among several synonymous codons for the same amino acid. We demonstrate the importance of a high fraction of regulatory codons in the control region. Finally, our integrated model explains how differences in leader sequence design of the <italic>trp</italic> and <italic>his</italic> operons of <italic>Escherichia coli</italic> and <italic>Salmonella typhimurium</italic> lead to high basal expression and low sensitivity in the former case, and to large dynamic range and high sensitivity in the latter. The model clarifies how mechanistic and systems biological aspects of the attenuation mechanism contribute to its overall sensitivity. It also explains structural differences between the leader sequences of the <italic>trp</italic> and <italic>his</italic> operons in terms of their different functions.</p></abstract><abstract abstract-type="synopsis"><title>Synopsis</title><sec id="st1"><title/><p>When cells grow and divide, they must continually construct new proteins from the 20 amino acid building blocks according to the instructions of the genetic code. Proteins are made by large macromolecular complexes, ribosomes, where information encoded as base triplets (codons) in messenger RNA sequences, transcribed from the DNA sequences of the genes, is translated into amino acid sequences that determine the functions of all proteins. Rapid growth of cells requires that the supply of each free amino acid is balanced to the demand for it in protein synthesis.</p><p>The present work mathematically models a common control mechanism in bacteria, which regulates synthesis of amino acids to eliminate deviations from balanced supply and demand. The mechanism “measures” the speed by which the ribosome translates the codons of a regulated amino acid. When supply is less than demand, translation of these “control” codons is slow, which is sensed by the mechanism and used to increase synthesis of the amino acid.</p><p>This paper explains why the mechanism is “hyper-sensitive” to relative changes in supply and demand, and why it is differently designed for control of the enzymes that synthesize the amino acids histidine and tryptophan.</p></sec></abstract><counts><page-count count="10"/></counts><custom-meta-group><custom-meta><meta-name>Citation:</meta-name><meta-value>Elf J, Ehrenberg M (2005) What makes ribosome-mediated transcriptional attenuation sensitive to amino acid limitation? PLoS Comput Biol 1(1): e2.</meta-value></custom-meta></custom-meta-group></article-meta></front></article>