<article xmlns="https://jats.nlm.nih.gov/ns/archiving/1.2/" xmlns:xsi="http://www.w3.org/2001/XMLSchema-instance" xmlns:ali="http://www.niso.org/schemas/ali/1.0/" xmlns:mml="http://www.w3.org/1998/Math/MathML" xmlns:xlink="http://www.w3.org/1999/xlink" xsi:schemaLocation="https://jats.nlm.nih.gov/ns/archiving/1.2/ https://jats.nlm.nih.gov/archiving/1.2/xsd/JATS-archivearticle1.xsd" article-type="research-article"><front><journal-meta><journal-id journal-id-type="nlm-ta">PLoS Comput Biol</journal-id><journal-id journal-id-type="iso-abbrev">PLoS Comput. Biol</journal-id><journal-id journal-id-type="publisher-id">pcbi</journal-id><journal-id journal-id-type="publisher-id">plcb</journal-id><journal-id journal-id-type="pmc">ploscomp</journal-id><journal-title-group><journal-title>PLoS Computational Biology</journal-title></journal-title-group><issn pub-type="ppub">1553-734X</issn><issn pub-type="epub">1553-7358</issn><publisher><publisher-name>Public Library of Science</publisher-name><publisher-loc>San Francisco, USA</publisher-loc></publisher></journal-meta><article-meta><article-id pub-id-type="accession">PMC1487183</article-id><article-id pub-id-type="pmcid">PMC1487183</article-id><article-id pub-id-type="pmc-uid">1487183</article-id><article-id pub-id-type="pmid">16839195</article-id><article-id pub-id-type="pmid">16839195</article-id><article-id pub-id-type="doi">10.1371/journal.pcbi.0020072</article-id><article-id pub-id-type="publisher-id">05-PLCB-RA-0308R2</article-id><article-id pub-id-type="sici">plcb-02-07-02</article-id><article-categories><subj-group subj-group-type="heading"><subject>Research Article</subject></subj-group><subj-group subj-group-type="Discipline"><subject>Bioinformatics - Computational Biology</subject><subject>Genetics/Functional Genomics</subject><subject>Genetics/Evolution</subject><subject>Microbiology</subject><subject>Systems Biology</subject></subj-group><subj-group subj-group-type="System Taxonomy"><subject>Eschericia Coli</subject></subj-group></article-categories><title-group><article-title>Identification of Genome-Scale Metabolic Network Models Using Experimentally Measured Flux Profiles</article-title><alt-title alt-title-type="running-head">Identification of Metabolic Networks</alt-title></title-group><contrib-group><contrib contrib-type="author"><name><surname>Herrgård</surname><given-names>Markus J</given-names></name><xref ref-type="aff" rid="aff1"/></contrib><contrib contrib-type="author"><name><surname>Fong</surname><given-names>Stephen S</given-names></name><xref ref-type="author-notes" rid="n105">¤</xref><xref ref-type="aff" rid="aff1"/></contrib><contrib contrib-type="author"><name><surname>Palsson</surname><given-names>Bernhard Ø</given-names></name><xref ref-type="corresp" rid="cor1">*</xref><xref ref-type="aff" rid="aff1"/></contrib></contrib-group><aff id="aff1">Department of Bioengineering, University of California San Diego, La Jolla, California, United States of America</aff><contrib-group><contrib contrib-type="editor"><name><surname>Sander</surname><given-names>Chris</given-names></name><role>Editor</role><xref ref-type="aff" rid="edit1"/></contrib></contrib-group><aff id="edit1">Memorial Sloan Kettering Cancer Center, United States of America</aff><author-notes><corresp id="cor1">* To whom correspondence should be addressed. E-mail: <email>palsson@ucsd.edu</email></corresp><fn id="n105" fn-type="present-address"><p>¤ Current address: Department of Chemical and Life Science Engineering, Virginia Commonwealth University, Richmond, Virginia, United States of America</p></fn></author-notes><pub-date pub-type="ppub"><month>7</month><year>2006</year></pub-date><pub-date pub-type="epub"><day>7</day><month>7</month><year>2006</year></pub-date><pub-date pub-type="epreprint"><day>10</day><month>5</month><year>2006</year></pub-date><volume>2</volume><issue>7</issue><elocation-id>e72</elocation-id><history><date date-type="received"><day>31</day><month>10</month><year>2005</year></date><date date-type="accepted"><day>10</day><month>5</month><year>2006</year></date></history><permissions><copyright-statement> © 2006 Herrgård et al.</copyright-statement><copyright-year>2006</copyright-year><license xlink:href="http://creativecommons.org/licenses/by/4.0/"><license-p>This is an open-access article distributed under the terms of the Creative Commons Attribution License, which permits unrestricted use, distribution, and reproduction in any medium, provided the original author and source are properly credited.</license-p></license></permissions><!--<related-article preprintresearch10.1371/journal.pcbi.0020072.eorsimple>Identification of Genome-Scale Metabolic Network Models Using Experimentally Measured Flux Profiles</related-article>--><abstract><p>Genome-scale metabolic network models can be reconstructed for well-characterized organisms using genomic annotation and literature information. However, there are many instances in which model predictions of metabolic fluxes are not entirely consistent with experimental data, indicating that the reactions in the model do not match the active reactions in the in vivo system. We introduce a method for determining the active reactions in a genome-scale metabolic network based on a limited number of experimentally measured fluxes. This method, called optimal metabolic network identification (OMNI), allows efficient identification of the set of reactions that results in the best agreement between in silico predicted and experimentally measured flux distributions. We applied the method to intracellular flux data for evolved <named-content content-type="genus-species">Escherichia coli</named-content> mutant strains with lower than predicted growth rates in order to identify reactions that act as flux bottlenecks in these strains. The expression of the genes corresponding to these bottleneck reactions was often found to be downregulated in the evolved strains relative to the wild-type strain. We also demonstrate the ability of the OMNI method to diagnose problems in <named-content content-type="genus-species">E. coli</named-content> strains engineered for metabolite overproduction that have not reached their predicted production potential. The OMNI method applied to flux data for evolved strains can be used to provide insights into mechanisms that limit the ability of microbial strains to evolve towards their predicted optimal growth phenotypes. When applied to industrial production strains, the OMNI method can also be used to suggest metabolic engineering strategies to improve byproduct secretion. In addition to these applications, the method should prove to be useful in general for reconstructing metabolic networks of ill-characterized microbial organisms based on limited amounts of experimental data.</p></abstract><abstract abstract-type="synopsis"><title>Synopsis</title><p>One of the major uses of in silico models in biology is to identify discrepancies between model predictions and experimental data and use these discrepancies to drive discovery of novel biological mechanisms. However, models only allow for identification of the discrepancies; they do not necessarily provide any assistance in discovering what are the missing or incorrect functionalities in the model that cause these discrepancies. Herrgård et al. describe a new in silico method, optimal metabolic network identification, or OMNI, that performs this discovery process in an efficient and systematic manner for genome-scale metabolic networks. Given a preliminary metabolic network model and experimentally determined metabolic flux data, OMNI finds the changes that need to be made to the model so that its predictions match the experimental data as well as possible. Herrgård et al. apply the method to identify metabolic bottlenecks in experimentally evolved <named-content content-type="genus-species">Escherichia coli</named-content> strains and to diagnose problems in strains designed through metabolic engineering strategies to overproduce specific desirable byproducts. The OMNI method can also be adapted to number of other settings, including identification of novel biochemical pathways in ill-characterized organisms based on limited amounts of experimental data.</p></abstract><counts><page-count count="11"/></counts><custom-meta-group><custom-meta><meta-name>citation</meta-name><meta-value>Herrgård MJ, Fong SS, Palsson BØ (2006) Identification of genome-scale metabolic network models using experimentally measured flux profiles. PLoS Comput Biol 2(7): e72. DOI: <ext-link ext-link-type="doi" xlink:href="10.1371/journal.pcbi.0020072">10.1371/journal.pcbi.0020072</ext-link></meta-value></custom-meta></custom-meta-group></article-meta></front></article>