<article xmlns="https://jats.nlm.nih.gov/ns/archiving/1.2/" xmlns:xsi="http://www.w3.org/2001/XMLSchema-instance" xmlns:ali="http://www.niso.org/schemas/ali/1.0/" xmlns:mml="http://www.w3.org/1998/Math/MathML" xmlns:xlink="http://www.w3.org/1999/xlink" xsi:schemaLocation="https://jats.nlm.nih.gov/ns/archiving/1.2/ https://jats.nlm.nih.gov/archiving/1.2/xsd/JATS-archivearticle1.xsd" article-type="research-article"><front><journal-meta><journal-id journal-id-type="nlm-ta">PLoS Comput Biol</journal-id><journal-id journal-id-type="iso-abbrev">PLoS Comput. Biol</journal-id><journal-id journal-id-type="publisher-id">pcbi</journal-id><journal-id journal-id-type="publisher-id">plcb</journal-id><journal-id journal-id-type="pmc">ploscomp</journal-id><journal-title-group><journal-title>PLoS Computational Biology</journal-title></journal-title-group><issn pub-type="ppub">1553-734X</issn><issn pub-type="epub">1553-7358</issn><publisher><publisher-name>Public Library of Science</publisher-name><publisher-loc>San Francisco, USA</publisher-loc></publisher></journal-meta><article-meta><article-id pub-id-type="accession">PMC1963494</article-id><article-id pub-id-type="pmcid">PMC1963494</article-id><article-id pub-id-type="pmc-uid">1963494</article-id><article-id pub-id-type="pmid">17784781</article-id><article-id pub-id-type="pmid">17784781</article-id><article-id pub-id-type="doi">10.1371/journal.pcbi.0030169</article-id><article-id pub-id-type="publisher-id">06-PLCB-RA-0387R4</article-id><article-id pub-id-type="sici">plcb-03-08-21</article-id><article-categories><subj-group subj-group-type="heading"><subject>Research Article</subject></subj-group><subj-group subj-group-type="Discipline"><subject>Computational Biology</subject><subject>Neuroscience</subject><subject>Physiology</subject></subj-group><subj-group subj-group-type="System Taxonomy"><subject>Rattus (Rat)</subject></subj-group></article-categories><title-group><article-title>A Numerical Approach to Ion Channel Modelling Using Whole-Cell Voltage-Clamp Recordings and a Genetic Algorithm</article-title><alt-title alt-title-type="running-head">Channel Modelling</alt-title></title-group><contrib-group><contrib contrib-type="author"><name><surname>Gurkiewicz</surname><given-names>Meron</given-names></name><xref ref-type="aff" rid="aff1">1</xref><xref ref-type="aff" rid="aff2">2</xref></contrib><contrib contrib-type="author"><name><surname>Korngreen</surname><given-names>Alon</given-names></name><xref ref-type="aff" rid="aff1">1</xref><xref ref-type="aff" rid="aff2">2</xref><xref ref-type="corresp" rid="cor1">*</xref></contrib></contrib-group><aff id="aff1"><label>1</label> The Mina and Everard Goodman Faculty of Life Sciences, Bar-Ilan University, Ramat-Gan, Israel
</aff><aff id="aff2"><label>2</label> The Leslie and Susan Gonda Multidisciplinary Brain Research Center, Bar-Ilan University, Ramat-Gan, Israel
</aff><contrib-group><contrib contrib-type="editor"><name><surname>Graham</surname><given-names>Lyle J</given-names></name><role>Editor</role><xref ref-type="aff" rid="edit1"/></contrib></contrib-group><aff id="edit1">UFR Biomédicale de l'Université René Descartes, France</aff><author-notes><corresp id="cor1">* To whom correspondence should be addressed. E-mail: <email>korngra@mail.biu.ac.il</email></corresp></author-notes><pub-date pub-type="ppub"><month>8</month><year>2007</year></pub-date><pub-date pub-type="epub"><day>31</day><month>8</month><year>2007</year></pub-date><pub-date pub-type="epreprint"><day>18</day><month>7</month><year>2007</year></pub-date><volume>3</volume><issue>8</issue><elocation-id>e169</elocation-id><history><date date-type="received"><day>11</day><month>9</month><year>2006</year></date><date date-type="accepted"><day>16</day><month>7</month><year>2007</year></date></history><permissions><copyright-statement> © 2007 Gurkiewicz and Korngreen.</copyright-statement><copyright-year>2007</copyright-year><license xlink:href="http://creativecommons.org/licenses/by/4.0/"><license-p>This is an open-access article distributed under the terms of the Creative Commons Attribution License, which permits unrestricted use, distribution, and reproduction in any medium, provided the original author and source are properly credited.</license-p></license></permissions><!--<related-article preprintResearch Article10.1371/journal.pcbi.0030169.eorRA1doisimple>A Numerical Approach to Ion Channel Modelling Using Whole-Cell Voltage-Clamp Recordings and a Genetic Algorithm</related-article>--><abstract><p>The activity of trans-membrane proteins such as ion channels is the essence of neuronal transmission. The currently most accurate method for determining ion channel kinetic mechanisms is single-channel recording and analysis. Yet, the limitations and complexities in interpreting single-channel recordings discourage many physiologists from using them. Here we show that a genetic search algorithm in combination with a gradient descent algorithm can be used to fit whole-cell voltage-clamp data to kinetic models with a high degree of accuracy. Previously, ion channel stimulation traces were analyzed one at a time, the results of these analyses being combined to produce a picture of channel kinetics. Here the entire set of traces from all stimulation protocols are analysed simultaneously. The algorithm was initially tested on simulated current traces produced by several Hodgkin-Huxley–like and Markov chain models of voltage-gated potassium and sodium channels. Currents were also produced by simulating levels of noise expected from actual patch recordings. Finally, the algorithm was used for finding the kinetic parameters of several voltage-gated sodium and potassium channels models by matching its results to data recorded from layer 5 pyramidal neurons of the rat cortex in the nucleated outside-out patch configuration. The minimization scheme gives electrophysiologists a tool for reproducing and simulating voltage-gated ion channel kinetics at the cellular level.</p></abstract><abstract abstract-type="summary"><title>Author Summary</title><sec id="st1"><title/><p>Voltage-gated ion channels affect neuronal integration of information. Some neurons express more than ten different types of voltage-gated ion channels, making information processing a highly convoluted process. Kinetic modelling of ion channels is an important method for unravelling the role of each channel type in neuronal function. However, the most commonly used analysis techniques suffer from shortcomings that limit the ability of researchers to rapidly produce physiologically relevant models of voltage-gated ion channels and of neuronal physiology. We show that conjugating a stochastic search algorithm with ionic currents measured using multiple voltage-clamp protocols enables the semi-automatic production of models of voltage-gated ion channels. Once fully automated, this approach may be used for high throughput analysis of voltage-gated currents. This in turn will greatly shorten the time required for building models of neuronal physiology to facilitate our understanding of neuronal behaviour.</p></sec></abstract><counts><page-count count="15"/></counts><custom-meta-group><custom-meta><meta-name>citation</meta-name><meta-value>Gurkiewicz M, Korngreen A (2007) A numerical approach to ion channel modelling using whole-cell voltage-clamp recordings and a genetic algorithm. PLoS Comput Biol 3(8): e169. doi:<ext-link ext-link-type="doi" xlink:href="10.1371/journal.pcbi.0030169">10.1371/journal.pcbi.0030169</ext-link></meta-value></custom-meta></custom-meta-group></article-meta></front></article>