<article xmlns="https://jats.nlm.nih.gov/ns/archiving/1.2/" xmlns:xsi="http://www.w3.org/2001/XMLSchema-instance" xmlns:ali="http://www.niso.org/schemas/ali/1.0/" xmlns:mml="http://www.w3.org/1998/Math/MathML" xmlns:xlink="http://www.w3.org/1999/xlink" xsi:schemaLocation="https://jats.nlm.nih.gov/ns/archiving/1.2/ https://jats.nlm.nih.gov/archiving/1.2/xsd/JATS-archivearticle1.xsd" article-type="retraction"><front><journal-meta><journal-id journal-id-type="nlm-ta">PLoS Comput Biol</journal-id><journal-id journal-id-type="iso-abbrev">PLoS Comput. Biol</journal-id><journal-id journal-id-type="publisher-id">plos</journal-id><journal-id journal-id-type="publisher-id">pcbi</journal-id><journal-id journal-id-type="publisher-id">plcb</journal-id><journal-id journal-id-type="pmc">ploscomp</journal-id><journal-title-group><journal-title>PLoS Computational Biology</journal-title></journal-title-group><issn pub-type="ppub">1553-734X</issn><issn pub-type="epub">1553-7358</issn><publisher><publisher-name>Public Library of Science</publisher-name><publisher-loc>San Francisco, USA</publisher-loc></publisher></journal-meta><article-meta><article-id pub-id-type="accession">PMC1924872</article-id><article-id pub-id-type="pmcid">PMC1924872</article-id><article-id pub-id-type="pmc-uid">1924872</article-id><article-id pub-id-type="pmid">17658946</article-id><article-id pub-id-type="pmid">17658946</article-id><article-id pub-id-type="doi">10.1371/journal.pcbi.0030158</article-id><article-id pub-id-type="publisher-id">07-PLCB-CN-0337R1</article-id><article-id pub-id-type="sici">plcb-03-07-23</article-id><article-categories><subj-group subj-group-type="heading"><subject>Retraction</subject></subj-group><subj-group subj-group-type="Discipline"><subject>Computational Biology</subject><subject>Evolutionary Biology</subject></subj-group><subj-group subj-group-type="Discipline-v3"><subject>Biology and Life Sciences</subject><subj-group><subject>Evolutionary Biology</subject><subj-group><subject>Evolutionary Systematics</subject><subj-group><subject>Phylogenetics</subject><subj-group><subject>Phylogenetic Analysis</subject></subj-group></subj-group></subj-group></subj-group></subj-group><subj-group subj-group-type="Discipline-v3"><subject>Biology and Life Sciences</subject><subj-group><subject>Taxonomy</subject><subj-group><subject>Evolutionary Systematics</subject><subj-group><subject>Phylogenetics</subject><subj-group><subject>Phylogenetic Analysis</subject></subj-group></subj-group></subj-group></subj-group></subj-group><subj-group subj-group-type="Discipline-v3"><subject>Computer and Information Sciences</subject><subj-group><subject>Data Management</subject><subj-group><subject>Taxonomy</subject><subj-group><subject>Evolutionary Systematics</subject><subj-group><subject>Phylogenetics</subject><subj-group><subject>Phylogenetic Analysis</subject></subj-group></subj-group></subj-group></subj-group></subj-group></subj-group><subj-group subj-group-type="Discipline-v3"><subject>Biology and Life Sciences</subject><subj-group><subject>Anatomy</subject><subj-group><subject>Head</subject><subj-group><subject>Eyes</subject></subj-group></subj-group></subj-group></subj-group><subj-group subj-group-type="Discipline-v3"><subject>Medicine and Health Sciences</subject><subj-group><subject>Anatomy</subject><subj-group><subject>Head</subject><subj-group><subject>Eyes</subject></subj-group></subj-group></subj-group></subj-group><subj-group subj-group-type="Discipline-v3"><subject>Biology and Life Sciences</subject><subj-group><subject>Anatomy</subject><subj-group><subject>Ocular System</subject><subj-group><subject>Eyes</subject></subj-group></subj-group></subj-group></subj-group><subj-group subj-group-type="Discipline-v3"><subject>Medicine and Health Sciences</subject><subj-group><subject>Anatomy</subject><subj-group><subject>Ocular System</subject><subj-group><subject>Eyes</subject></subj-group></subj-group></subj-group></subj-group><subj-group subj-group-type="Discipline-v3"><subject>Social Sciences</subject><subj-group><subject>Sociology</subject><subj-group><subject>Education</subject><subj-group><subject>Schools</subject><subj-group><subject>Universities</subject></subj-group></subj-group></subj-group></subj-group></subj-group></article-categories><title-group><article-title>Retraction: Measures of Clade Confidence Do Not Correlate with Accuracy of Phylogenetic Trees</article-title><alt-title alt-title-type="running-head">N/A</alt-title></title-group><contrib-group><contrib contrib-type="author"><name><surname>Hall</surname><given-names>Barry G</given-names></name></contrib><contrib contrib-type="author"><name><surname>Salipante</surname><given-names>Stephen J</given-names></name></contrib></contrib-group><pub-date pub-type="ppub"><month>7</month><year>2007</year></pub-date><pub-date pub-type="epub"><day>20</day><month>7</month><year>2007</year></pub-date><pub-date pub-type="ecorrected"><day>17</day><month>10</month><year>2017</year></pub-date><volume>3</volume><issue>7</issue><elocation-id>e158</elocation-id><permissions><copyright-statement>© 2007 Hall and Salipante</copyright-statement><copyright-year>2007</copyright-year><copyright-holder>Hall and Salipante</copyright-holder><license><license-p>This is an open-access article distributed under the terms of the Creative Commons Attribution License, which permits unrestricted use, distribution, and reproduction in any medium, provided the original author and source are credited.</license-p></license></permissions><related-article id="RA1" page="e51" related-article-type="retracted-article" vol="3" xlink:title="Research Article" ext-link-type="pmc"><!--related-article was converted to @ext-link-type="pmc" and original @xlink:href value
						was info:doi/10.1371/journal.pcbi.0030051--><article-title>Measures of Clade Confidence Do Not Correlate with Accuracy of Phylogenetic Trees</article-title></related-article><counts><page-count count="1"/></counts><custom-meta-group><custom-meta><meta-name>Citation:</meta-name><meta-value>Hall BG, Salipante SJ (2007) Retraction: Measures of Clade Confidence Do Not Correlate with Accuracy of Phylogenetic Trees. PLoS Comput Biol 3(7): e158. doi:<ext-link ext-link-type="uri" xlink:href="http://dx.doi.org/10.1371/journal.pcbi.0030158">10.1371/journal.pcbi.0030158</ext-link></meta-value></custom-meta></custom-meta-group></article-meta></front></article>