<article xmlns="https://jats.nlm.nih.gov/ns/archiving/1.2/" xmlns:xsi="http://www.w3.org/2001/XMLSchema-instance" xmlns:ali="http://www.niso.org/schemas/ali/1.0/" xmlns:mml="http://www.w3.org/1998/Math/MathML" xmlns:xlink="http://www.w3.org/1999/xlink" xsi:schemaLocation="https://jats.nlm.nih.gov/ns/archiving/1.2/ https://jats.nlm.nih.gov/archiving/1.2/xsd/JATS-archivearticle1.xsd" article-type="research-article"><front><journal-meta><journal-id journal-id-type="nlm-ta">PLoS Comput Biol</journal-id><journal-id journal-id-type="iso-abbrev">PLoS Comput. Biol</journal-id><journal-id journal-id-type="publisher-id">pcbi</journal-id><journal-id journal-id-type="publisher-id">plcb</journal-id><journal-id journal-id-type="pmc">ploscomp</journal-id><journal-title-group><journal-title>PLoS Computational Biology</journal-title></journal-title-group><issn pub-type="ppub">1553-734X</issn><issn pub-type="epub">1553-7358</issn><publisher><publisher-name>Public Library of Science</publisher-name><publisher-loc>San Francisco, USA</publisher-loc></publisher></journal-meta><article-meta><article-id pub-id-type="accession">PMC1523309</article-id><article-id pub-id-type="pmcid">PMC1523309</article-id><article-id pub-id-type="pmc-uid">1523309</article-id><article-id pub-id-type="pmid">16789821</article-id><article-id pub-id-type="pmid">16789821</article-id><article-id pub-id-type="doi">10.1371/journal.pcbi.0020098</article-id><article-id pub-id-type="publisher-id">06-PLCB-RA-0093R2</article-id><article-id pub-id-type="sici">plcb-02-07-19</article-id><article-categories><subj-group subj-group-type="heading"><subject>Research Article</subject></subj-group><subj-group subj-group-type="Discipline"><subject>Bioinformatics - Computational Biology</subject></subj-group><subj-group subj-group-type="System Taxonomy"><subject>None</subject></subj-group></article-categories><title-group><article-title>Molecular Simulations of Cotranslational Protein Folding: Fragment Stabilities, Folding Cooperativity, and Trapping in the Ribosome</article-title><alt-title alt-title-type="running-head">Simulations of Cotranslational Folding</alt-title></title-group><contrib-group><contrib contrib-type="author"><name><surname>Elcock</surname><given-names>Adrian H</given-names></name><xref ref-type="corresp" rid="cor1">*</xref><xref ref-type="aff" rid="aff1"/></contrib></contrib-group><aff id="aff1">Department of Biochemistry, University of Iowa, Iowa City, Iowa, United States of America</aff><contrib-group><contrib contrib-type="editor"><name><surname>Shakhnovich</surname><given-names>Eugene</given-names></name><role>Editor</role><xref ref-type="aff" rid="edit1"/></contrib></contrib-group><aff id="edit1">Harvard University, United States of America</aff><author-notes><corresp id="cor1">* To whom correspondence should be addressed. E-mail: <email>adrian-elcock@uiowa.edu</email></corresp></author-notes><pub-date pub-type="ppub"><month>7</month><year>2006</year></pub-date><pub-date pub-type="epub"><day>28</day><month>7</month><year>2006</year></pub-date><pub-date pub-type="epreprint"><day>14</day><month>6</month><year>2006</year></pub-date><volume>2</volume><issue>7</issue><elocation-id>e98</elocation-id><history><date date-type="received"><day>14</day><month>3</month><year>2006</year></date><date date-type="accepted"><day>14</day><month>6</month><year>2006</year></date></history><permissions><copyright-statement> © 2006 Adrian H. Elcock.</copyright-statement><copyright-year>2006</copyright-year><license xlink:href="http://creativecommons.org/licenses/by/4.0/"><license-p>This is an open-access article distributed under the terms of the Creative Commons Attribution License, which permits unrestricted use, distribution, and reproduction in any medium, provided the original author and source are properly credited.</license-p></license></permissions><!--<related-article preprintresearch10.1371/journal.pcbi.0020098.eorsimple>Molecular Simulations of Cotranslational Protein Folding: Fragment Stabilities, Folding Cooperativity, and Trapping in the Ribosome</related-article>--><abstract><p>Although molecular simulation methods have yielded valuable insights into mechanistic aspects of protein refolding in vitro, they have up to now not been used to model the folding of proteins as they are actually synthesized by the ribosome. To address this issue, we report here simulation studies of three model proteins: chymotrypsin inhibitor 2 (CI2), barnase, and Semliki forest virus protein (SFVP), and directly compare their folding during ribosome-mediated synthesis with their refolding from random, denatured conformations. To calibrate the methodology, simulations are first compared with in vitro data on the folding stabilities of N-terminal fragments of CI2 and barnase; the simulations reproduce the fact that both the stability and thermal folding cooperativity increase as fragments increase in length. Coupled simulations of synthesis and folding for the same two proteins are then described, showing that both fold essentially post-translationally, with mechanisms effectively identical to those for refolding. In both cases, confinement of the nascent polypeptide chain within the ribosome tunnel does not appear to promote significant formation of native structure during synthesis; there are however clear indications that the formation of structure within the nascent chain is sensitive to location within the ribosome tunnel, being subject to both gain and loss as the chain lengthens. Interestingly, simulations in which CI2 is artificially stabilized show a pronounced tendency to become trapped within the tunnel in partially folded conformations: non-cooperative folding, therefore, appears in the simulations to exert a detrimental effect on the rate at which fully folded conformations are formed. Finally, simulations of the two-domain protease module of SFVP, which experimentally folds cotranslationally, indicate that for multi-domain proteins, ribosome-mediated folding may follow different pathways from those taken during refolding. Taken together, these studies provide a first step toward developing more realistic methods for simulating protein folding as it occurs in vivo.</p></abstract><abstract abstract-type="synopsis"><title>Synopsis</title><p>The question of how proteins fold into their three-dimensional native conformations continues to be a subject of considerable interest, in large part because misfolding or aggregation of proteins is associated with a number of important diseases. Most previous research has focused on how proteins refold from denatured conformations in vitro, and much of the experimentally observed behavior has proven to be explicable with molecular simulations performed on computers. Recently attention has begun to move toward understanding protein folding as it occurs in vivo, which development requires, among other things, consideration of potential interactions with chaperonins and non-specific crowding effects due to the high macromolecular concentrations encountered in physiological conditions. Also under increasing consideration experimentally is the possibility that proteins might begin to fold while being synthesized (i.e., cotranslational folding), and the purpose of this work is therefore to develop and apply a first molecular simulation strategy capable of modeling this process. The simulations thus described, while not free of assumptions and approximations, nevertheless provide some intriguing glimpses into how the process of protein folding might be modulated through coupling to synthesis within the large ribosomal subunit.</p></abstract><counts><page-count count="18"/></counts><custom-meta-group><custom-meta><meta-name>citation</meta-name><meta-value>Elcock AH (2006) Molecular simulations of cotranslational protein folding: Fragment stabilities, folding cooperativity, and trapping in the ribosome. PLoS Comput Biol 2(7): e98. DOI: <ext-link ext-link-type="doi" xlink:href="10.1371/journal.pcbi.0020098">10.1371/journal.pcbi.0020098</ext-link></meta-value></custom-meta></custom-meta-group></article-meta></front></article>