<article xmlns="https://jats.nlm.nih.gov/ns/archiving/1.2/" xmlns:xsi="http://www.w3.org/2001/XMLSchema-instance" xmlns:ali="http://www.niso.org/schemas/ali/1.0/" xmlns:mml="http://www.w3.org/1998/Math/MathML" xmlns:xlink="http://www.w3.org/1999/xlink" xsi:schemaLocation="https://jats.nlm.nih.gov/ns/archiving/1.2/ https://jats.nlm.nih.gov/archiving/1.2/xsd/JATS-archivearticle1.xsd" article-type="research-article"><front><journal-meta><journal-id journal-id-type="nlm-ta">PLoS Comput Biol</journal-id><journal-id journal-id-type="iso-abbrev">PLoS Comput. Biol</journal-id><journal-id journal-id-type="publisher-id">pcbi</journal-id><journal-id journal-id-type="publisher-id">plcb</journal-id><journal-id journal-id-type="pmc">ploscomp</journal-id><journal-title-group><journal-title>PLoS Computational Biology</journal-title></journal-title-group><issn pub-type="ppub">1553-734X</issn><issn pub-type="epub">1553-7358</issn><publisher><publisher-name>Public Library of Science</publisher-name><publisher-loc>San Francisco, USA</publisher-loc></publisher></journal-meta><article-meta><article-id pub-id-type="accession">PMC1361357</article-id><article-id pub-id-type="pmcid">PMC1361357</article-id><article-id pub-id-type="pmc-uid">1361357</article-id><article-id pub-id-type="pmid">16477311</article-id><article-id pub-id-type="pmid">16477311</article-id><article-id pub-id-type="doi">10.1371/journal.pcbi.0020006</article-id><article-id pub-id-type="publisher-id">05-PLCB-RA-0215R2</article-id><article-id pub-id-type="sici">plcb-02-02-02</article-id><article-categories><subj-group subj-group-type="heading"><subject>Research Article</subject></subj-group><subj-group subj-group-type="Discipline"><subject>Paleontology</subject><subject>Statistics</subject></subj-group><subj-group subj-group-type="System Taxonomy"><subject>None</subject></subj-group></article-categories><title-group><article-title>Seriation in Paleontological Data Using Markov Chain Monte Carlo Methods</article-title><alt-title alt-title-type="running-head">Seriation using MCMC</alt-title></title-group><contrib-group><contrib contrib-type="author"><name><surname>Puolamäki</surname><given-names>Kai</given-names></name><xref ref-type="aff" rid="aff1">1</xref><xref ref-type="corresp" rid="cor1">*</xref></contrib><contrib contrib-type="author"><name><surname>Fortelius</surname><given-names>Mikael</given-names></name><xref ref-type="aff" rid="aff2">2</xref></contrib><contrib contrib-type="author"><name><surname>Mannila</surname><given-names>Heikki</given-names></name><xref ref-type="aff" rid="aff3">3</xref></contrib></contrib-group><aff id="aff1"><label>1</label> Laboratory of Computer and Information Science, Helsinki University of Technology, Espoo, Finland
</aff><aff id="aff2"><label>2</label> Department of Geology and Institute of Biotechnology, University of Helsinki, Helsinki, Finland
</aff><aff id="aff3"><label>3</label> HIIT Basic Research Unit, University of Helsinki and Helsinki University of Technology, Helsinki, Finland
</aff><contrib-group><contrib contrib-type="editor"><name><surname>Levin</surname><given-names>Simon</given-names></name><role>Editor</role><xref ref-type="aff" rid="edit1"/></contrib></contrib-group><aff id="edit1">Princeton University, United States of America</aff><author-notes><corresp id="cor1">* To whom correspondence shoud be addressed. E-mail: <email>Kai.Puolamaki@hut.fi</email></corresp></author-notes><pub-date pub-type="ppub"><month>2</month><year>2006</year></pub-date><pub-date pub-type="epub"><day>10</day><month>2</month><year>2006</year></pub-date><volume>2</volume><issue>2</issue><elocation-id>e6</elocation-id><history><date date-type="received"><day>25</day><month>8</month><year>2005</year></date><date date-type="accepted"><day>20</day><month>12</month><year>2005</year></date></history><permissions><copyright-statement> © 2006 Nabuurs et al.</copyright-statement><copyright-year>2006</copyright-year><license xlink:href="http://creativecommons.org/licenses/by/4.0/"><license-p>This is an open-access article distributed under the terms of the Creative Commons Attribution License, which permits unrestricted use, distribution, and reproduction in any medium, provided the original author and source are properly credited.</license-p></license></permissions><abstract><p>Given a collection of fossil sites with data about the taxa that occur in each site, the task in biochronology is to find good estimates for the ages or ordering of sites. We describe a full probabilistic model for fossil data. The parameters of the model are natural: the ordering of the sites, the origination and extinction times for each taxon, and the probabilities of different types of errors. We show that the posterior distributions of these parameters can be estimated reliably by using Markov chain Monte Carlo techniques. The posterior distributions of the model parameters can be used to answer many different questions about the data, including seriation (finding the best ordering of the sites) and outlier detection. We demonstrate the usefulness of the model and estimation method on synthetic data and on real data on large late Cenozoic mammals. As an example, for the sites with large number of occurrences of common genera, our methods give orderings, whose correlation with geochronologic ages is 0.95.</p></abstract><abstract abstract-type="synopsis"><title>Synopsis</title><p>Seriation, the task of temporal ordering of fossil occurrences by numerical methods, and correlation, the task of determining temporal equivalence, are fundamental problems in paleontology. With the increasing use of large databases of fossil occurrences in paleontological research, the need is increasing for seriation methods that can be used on data with limited or disparate age information. This paper describes a simple probabilistic model of site ordering and taxon occurrences. As there can be several parameter settings that have about equally good fit with the data, the authors use the Bayesian approach and Markov chain Monte Carlo methods to obtain a sample of parameter values describing the data. As an example, the method is applied to a dataset on Cenozoic mammals. The orderings produced by the method agree well with the orderings of the sites with known geochronologic ages.</p></abstract><counts><page-count count="9"/></counts><custom-meta-group><custom-meta><meta-name>Citation:</meta-name><meta-value>Puolamäki K, Fortelius M, Mannila H (2006) Seriation in paleontological data using Markov chain Monte Carlo methods. PLoS Comput Biol 2(2): e6.</meta-value></custom-meta></custom-meta-group></article-meta></front></article>