<article xmlns="https://jats.nlm.nih.gov/ns/archiving/1.2/" xmlns:xsi="http://www.w3.org/2001/XMLSchema-instance" xmlns:ali="http://www.niso.org/schemas/ali/1.0/" xmlns:mml="http://www.w3.org/1998/Math/MathML" xmlns:xlink="http://www.w3.org/1999/xlink" xsi:schemaLocation="https://jats.nlm.nih.gov/ns/archiving/1.2/ https://jats.nlm.nih.gov/archiving/1.2/xsd/JATS-archivearticle1.xsd" article-type="research-article"><front><journal-meta><journal-id journal-id-type="nlm-ta">PLoS Comput Biol</journal-id><journal-id journal-id-type="iso-abbrev">PLoS Comput. Biol</journal-id><journal-id journal-id-type="publisher-id">pcbi</journal-id><journal-id journal-id-type="publisher-id">plcb</journal-id><journal-id journal-id-type="pmc">ploscomp</journal-id><journal-title-group><journal-title>PLoS Computational Biology</journal-title></journal-title-group><issn pub-type="ppub">1553-734X</issn><issn pub-type="epub">1553-7358</issn><publisher><publisher-name>Public Library of Science</publisher-name><publisher-loc>San Francisco, USA</publisher-loc></publisher></journal-meta><article-meta><article-id pub-id-type="accession">PMC1513273</article-id><article-id pub-id-type="pmcid">PMC1513273</article-id><article-id pub-id-type="pmc-uid">1513273</article-id><article-id pub-id-type="pmid">16854213</article-id><article-id pub-id-type="pmid">16854213</article-id><article-id pub-id-type="doi">10.1371/journal.pcbi.0020082</article-id><article-id pub-id-type="publisher-id">05-PLCB-RA-0297R3</article-id><article-id pub-id-type="sici">plcb-02-07-10</article-id><article-categories><subj-group subj-group-type="heading"><subject>Research Article</subject></subj-group><subj-group subj-group-type="Discipline"><subject>Biochemistry</subject><subject>Bioinformatics - Computational Biology</subject><subject>Biotechnology</subject><subject>Cell Biology</subject><subject>Systems Biology</subject></subj-group><subj-group subj-group-type="System Taxonomy"><subject>In Vitro</subject></subj-group></article-categories><title-group><article-title>Key Role of Local Regulation in Chemosensing Revealed by a New Molecular Interaction-Based Modeling Method</article-title><alt-title alt-title-type="running-head">Local Regulation in Chemosensing Model</alt-title></title-group><contrib-group><contrib contrib-type="author"><name><surname>Meier-Schellersheim</surname><given-names>Martin</given-names></name><xref ref-type="aff" rid="aff1">1</xref><xref ref-type="corresp" rid="cor1">*</xref></contrib><contrib contrib-type="author"><name><surname>Xu</surname><given-names>Xuehua</given-names></name><xref ref-type="aff" rid="aff2">2</xref></contrib><contrib contrib-type="author"><name><surname>Angermann</surname><given-names>Bastian</given-names></name><xref ref-type="aff" rid="aff1">1</xref><xref ref-type="aff" rid="aff4">4</xref></contrib><contrib contrib-type="author"><name><surname>Kunkel</surname><given-names>Eric J</given-names></name><xref ref-type="aff" rid="aff3">3</xref></contrib><contrib contrib-type="author"><name><surname>Jin</surname><given-names>Tian</given-names></name><xref ref-type="aff" rid="aff2">2</xref></contrib><contrib contrib-type="author"><name><surname>Germain</surname><given-names>Ronald N</given-names></name><xref ref-type="aff" rid="aff1">1</xref><xref ref-type="corresp" rid="cor1">*</xref></contrib></contrib-group><aff id="aff1"><label>1</label> Lymphocyte Biology Section and Program in Systems Immunology and Infectious Disease Modeling, Laboratory of Immunology, National Institute of Allergy and Infectious Diseases, National Institutes of Health, Bethesda, Maryland, United States of America
</aff><aff id="aff2"><label>2</label> Laboratory of Immunogenetics, National Institute of Allergy and Infectious Diseases, National Institutes of Health, Rockville, Bethesda, Maryland, United States of America
</aff><aff id="aff3"><label>3</label> BioSeek, Inc., Burlingame, California, United States of America
</aff><aff id="aff4"><label>4</label> Institute for Theoretical Physics, Faculty for Mathematics and Natural Sciences, University of Hamburg, Hamburg, Germany
</aff><contrib-group><contrib contrib-type="editor"><name><surname>Segre</surname><given-names>Daniel</given-names></name><role>Editor</role><xref ref-type="aff" rid="edit1"/></contrib></contrib-group><aff id="edit1">Boston University, United States of America</aff><author-notes><corresp id="cor1">* To whom correspondence should be addressed. E-mail: <email>rgermain@niaid.nih.gov</email> (RNG, general correspondence); <email>mms@niaid.nih.gov</email> (MMS, specific correspondence about Simmune)</corresp></author-notes><pub-date pub-type="ppub"><month>7</month><year>2006</year></pub-date><pub-date pub-type="epub"><day>21</day><month>7</month><year>2006</year></pub-date><pub-date pub-type="epreprint"><day>25</day><month>5</month><year>2006</year></pub-date><volume>2</volume><issue>7</issue><elocation-id>e82</elocation-id><history><date date-type="received"><day>25</day><month>10</month><year>2005</year></date><date date-type="accepted"><day>23</day><month>5</month><year>2006</year></date></history><permissions><copyright-statement>This is an open-access article distributed under the terms of the Creative Commons Public Domain declaration which stipulates that, once placed in the public domain, this work may be freely reproduced, distributed, transmitted, modified, built upon, or otherwise used by anyone for any lawful purpose.</copyright-statement><copyright-year>2006</copyright-year><license xlink:href="https://creativecommons.org/publicdomain/zero/1.0/"><license-p>This is an open-access article distributed under the terms of the Creative Commons Public Domain declaration, which stipulates that, once placed in the public domain, this work may be freely reproduced, distributed, transmitted, modified, built upon, or otherwise used by anyone for any lawful purpose.</license-p></license></permissions><!--<related-article preprintresearch10.1371/journal.pcbi.0020082.eorsimple>Key Role of Local Regulation in Chemosensing Revealed by a New Molecular Interaction-Based Modeling Method</related-article>--><abstract><p>The signaling network underlying eukaryotic chemosensing is a complex combination of receptor-mediated transmembrane signals, lipid modifications, protein translocations, and differential activation/deactivation of membrane-bound and cytosolic components. As such, it provides particularly interesting challenges for a combined computational and experimental analysis. We developed a novel detailed molecular signaling model that, when used to simulate the response to the attractant cyclic adenosine monophosphate (cAMP), made nontrivial predictions about <italic>Dictyostelium</italic> chemosensing. These predictions, including the unexpected existence of spatially asymmetrical, multiphasic, cyclic adenosine monophosphate–induced PTEN translocation and phosphatidylinositol-(3,4,5)P<sub>3</sub> generation, were experimentally verified by quantitative single-cell microscopy leading us to propose significant modifications to the current standard model for chemoattractant-induced biochemical polarization in this organism. Key to this successful modeling effort was the use of “Simmune,” a new software package that supports the facile development and testing of detailed computational representations of cellular behavior. An intuitive interface allows user definition of complex signaling networks based on the definition of specific molecular binding site interactions and the subcellular localization of molecules. It automatically translates such inputs into spatially resolved simulations and dynamic graphical representations of the resulting signaling network that can be explored in a manner that closely parallels wet lab experimental procedures. These features of Simmune were critical to the model development and analysis presented here and are likely to be useful in the computational investigation of many aspects of cell biology.</p></abstract><abstract abstract-type="synopsis"><title>Synopsis</title><p>Cells can orient their migration in response to small local differences in the concentration of extracellular chemicals (chemoattractants). Understanding this process (chemosensing) requires analyzing the time and position-dependent behavior of the signaling molecules within the responding cell, making it an especially interesting challenge for both experimental and computational investigation. Here, the authors report the development and testing of a new detailed molecular model of the chemosensing apparatus of the amoeba <named-content content-type="genus-species">Dictyostelium discoidium</named-content> reacting to the chemoattractant cyclic adenosine monophosphate. Computer simulations performed using this model predicted unexpected and previously unreported patterns of changes in the concentration and location of two important intracellular signaling molecules. These predictions were experimentally verified using microscopy, suggesting the need for modifications to the current “standard” model of eukaryotic chemosensing. The high degree of detail in their model was made possible by a new software suite called “Simmune,” which allows biologists to enter information about molecular interactions using a graphical interface. Without requiring the user to write any equations, the software automatically constructs the overall reaction network, simulates the model, and provides several ways to view the biochemistry of simulated cells. This new tool should help biologists to translate qualitative representations of cell biological processes into quantitative, predictive models.</p></abstract><counts><page-count count="15"/></counts><custom-meta-group><custom-meta><meta-name>citation</meta-name><meta-value>Meier-Schellersheim M, Xu X, Angermann B, Kunkel EJ, Jin T, et al. (2006) Key role of local regulation in chemosensing revealed by a new molecular interaction-based modeling method. PLoS Comput Biol 2(7): e82. DOI: <ext-link ext-link-type="doi" xlink:href="10.1371/journal.pcbi.0020082">10.1371/journal.pcbi.0020082</ext-link></meta-value></custom-meta></custom-meta-group></article-meta></front></article>