<article xmlns="https://jats.nlm.nih.gov/ns/archiving/1.2/" xmlns:xsi="http://www.w3.org/2001/XMLSchema-instance" xmlns:ali="http://www.niso.org/schemas/ali/1.0/" xmlns:mml="http://www.w3.org/1998/Math/MathML" xmlns:xlink="http://www.w3.org/1999/xlink" xsi:schemaLocation="https://jats.nlm.nih.gov/ns/archiving/1.2/ https://jats.nlm.nih.gov/archiving/1.2/xsd/JATS-archivearticle1.xsd" article-type="research-article"><front><journal-meta><journal-id journal-id-type="nlm-ta">PLoS Comput Biol</journal-id><journal-id journal-id-type="iso-abbrev">PLoS Comput. Biol</journal-id><journal-id journal-id-type="publisher-id">pcbi</journal-id><journal-id journal-id-type="publisher-id">plcb</journal-id><journal-id journal-id-type="pmc">ploscomp</journal-id><journal-title-group><journal-title>PLoS Computational Biology</journal-title></journal-title-group><issn pub-type="ppub">1553-734X</issn><issn pub-type="epub">1553-7358</issn><publisher><publisher-name>Public Library of Science</publisher-name><publisher-loc>San Francisco, USA</publisher-loc></publisher></journal-meta><article-meta><article-id pub-id-type="accession">PMC1592344</article-id><article-id pub-id-type="pmcid">PMC1592344</article-id><article-id pub-id-type="pmc-uid">1592344</article-id><article-id pub-id-type="pmid">17029557</article-id><article-id pub-id-type="pmid">17029557</article-id><article-id pub-id-type="doi">10.1371/journal.pcbi.0020132</article-id><article-id pub-id-type="publisher-id">06-PLCB-RA-0232R2</article-id><article-id pub-id-type="sici">plcb-02-10-03</article-id><article-categories><subj-group subj-group-type="heading"><subject>Research Article</subject></subj-group><subj-group subj-group-type="Discipline"><subject>Bioinformatics - Computational Biology</subject><subject>Biotechnology</subject><subject>Ecology</subject><subject>Evolution</subject><subject>Microbiology</subject></subj-group><subj-group subj-group-type="System Taxonomy"><subject>Eubacteria</subject></subj-group></article-categories><title-group><article-title>Natural Biocombinatorics in the Polyketide Synthase Genes of the Actinobacterium <named-content content-type="genus-species">Streptomyces avermitilis</named-content>
</article-title><alt-title alt-title-type="running-head">Evolution of Secondary Metabolite Diversity</alt-title></title-group><contrib-group><contrib contrib-type="author"><name><surname>Jenke-Kodama</surname><given-names>Holger</given-names></name><xref ref-type="aff" rid="aff1">1</xref></contrib><contrib contrib-type="author"><name><surname>Börner</surname><given-names>Thomas</given-names></name><xref ref-type="aff" rid="aff2">2</xref></contrib><contrib contrib-type="author"><name><surname>Dittmann</surname><given-names>Elke</given-names></name><xref ref-type="aff" rid="aff1">1</xref><xref ref-type="corresp" rid="cor1">*</xref></contrib></contrib-group><aff id="aff1"><label>1</label>Department of Molecular Ecology, Institute of Biology, Humboldt University, Berlin, Germany
</aff><aff id="aff2"><label>2</label>Department of Genetics, Institute of Biology, Humboldt University, Berlin, Germany
</aff><contrib-group><contrib contrib-type="editor"><name><surname>Leadly</surname><given-names>Peter</given-names></name><role>Editor</role><xref ref-type="aff" rid="edit1"/></contrib></contrib-group><aff id="edit1">University of Cambridge, United Kingdom</aff><author-notes><corresp id="cor1">* To whom correspondence should be addressed. E-mail: <email>elke.dittmann@rz.hu-berlin.de</email></corresp></author-notes><pub-date pub-type="ppub"><month>10</month><year>2006</year></pub-date><pub-date pub-type="epub"><day>6</day><month>10</month><year>2006</year></pub-date><pub-date pub-type="epreprint"><day>21</day><month>8</month><year>2006</year></pub-date><volume>2</volume><issue>10</issue><elocation-id>e132</elocation-id><history><date date-type="received"><day>19</day><month>6</month><year>2006</year></date><date date-type="accepted"><day>21</day><month>8</month><year>2006</year></date></history><permissions><copyright-statement> © 2006 Jenke-Kodama et al.</copyright-statement><copyright-year>2006</copyright-year><license xlink:href="http://creativecommons.org/licenses/by/4.0/"><license-p>This is an open-access article distributed under the terms of the Creative Commons Attribution License, which permits unrestricted use, distribution, and reproduction in any medium, provided the original author and source are properly credited.</license-p></license></permissions><!--<related-article preprintResearch Article10.1371/journal.pcbi.0020132.eorsimple>Natural Biocombinatorics in the Polyketide Synthase Genes of the Actinobacterium Streptomyces avermitilis
         </related-article>--><abstract><p>Modular polyketide synthases (PKSs) of bacteria provide an enormous reservoir of natural chemical diversity. Studying natural biocombinatorics may aid in the development of concepts for experimental design of genes for the biosynthesis of new bioactive compounds. Here we address the question of how the modularity of biosynthetic enzymes and the prevalence of multiple gene clusters in <italic>Streptomyces</italic> drive the evolution of metabolic diversity. The phylogeny of ketosynthase (KS) domains of <italic>Streptomyces</italic> PKSs revealed that the majority of modules involved in the biosynthesis of a single compound evolved by duplication of a single ancestor module. Using <named-content content-type="genus-species">Streptomyces avermitilis</named-content> as a model organism, we have reconstructed the evolutionary relationships of different domain types. This analysis suggests that 65% of the modules were altered by recombinational replacements that occurred within and between biosynthetic gene clusters. The natural reprogramming of the biosynthetic pathways was unambiguously confined to domains that account for the structural diversity of the polyketide products and never observed for the KS domains. We provide examples for natural acyltransferase (AT), ketoreductase (KR), and dehydratase (DH)–KR domain replacements. Potential sites of homologous recombination could be identified in interdomain regions and within domains. Our results indicate that homologous recombination facilitated by the modularity of PKS architecture is the most important mechanism underlying polyketide diversity in bacteria.</p></abstract><abstract abstract-type="synopsis"><title>Synopsis</title><p>Modular polyketide synthases (PKSs) of bacteria are multifunctional enzymes providing a molecular construction plan for the stepwise generation of polyketides of high structural complexity. Natural products of the polyketide class belong to the most important medicines used for the treatment of infectious diseases and cancer. The genetic “programming” of the enzymes determines the choice of different carbon units, the reduction state, and the stereochemistry of the polyketide chain. The modular architecture of PKS enzyme systems lends itself to rational engineering in the laboratory using so-called biocombinatorics approaches. <italic>Streptomycetes</italic> are soil bacteria typically comprising multiple PKS gene clusters. Jenke-Kodama, Börner, and Dittmann have addressed the question whether this prevalence of repetitive PKS modules within a single genome has an impact on the diversification of the polyketide products. Using phylogenetic approaches, the authors provide evidence that homologous recombination has led to exchange, loss, and gain of domains and domain fragments and hence to a natural “reprogramming” of the PKS assembly lines. These data are not only interesting from the evolutionary point of view but might also help to improve protocols for PKS engineering that are being developed for the synthesis of new bioactive compounds and libraries.</p></abstract><counts><page-count count="9"/></counts><custom-meta-group><custom-meta><meta-name>citation</meta-name><meta-value>Jenke-Kodama H, Börner T, Dittmann E (2006) Natural biocombinatorics in the polyketide synthase genes of the actinobacterium <italic>Streptomyces avermitilis.</italic> PLoS Comput Biol 2(9): e132. DOI: <ext-link ext-link-type="doi" xlink:href="10.1371/journal.pcbi.0020132">10.1371/journal.pcbi.0020132</ext-link></meta-value></custom-meta></custom-meta-group></article-meta></front></article>