<article xmlns="https://jats.nlm.nih.gov/ns/archiving/1.2/" xmlns:xsi="http://www.w3.org/2001/XMLSchema-instance" xmlns:ali="http://www.niso.org/schemas/ali/1.0/" xmlns:mml="http://www.w3.org/1998/Math/MathML" xmlns:xlink="http://www.w3.org/1999/xlink" xsi:schemaLocation="https://jats.nlm.nih.gov/ns/archiving/1.2/ https://jats.nlm.nih.gov/archiving/1.2/xsd/JATS-archivearticle1.xsd" article-type="research-article"><front><journal-meta><journal-id journal-id-type="nlm-ta">PLoS Comput Biol</journal-id><journal-id journal-id-type="iso-abbrev">PLoS Comput. Biol</journal-id><journal-id journal-id-type="publisher-id">pcbi</journal-id><journal-id journal-id-type="publisher-id">plcb</journal-id><journal-id journal-id-type="pmc">ploscomp</journal-id><journal-title-group><journal-title>PLoS Computational Biology</journal-title></journal-title-group><issn pub-type="ppub">1553-734X</issn><issn pub-type="epub">1553-7358</issn><publisher><publisher-name>Public Library of Science</publisher-name><publisher-loc>San Francisco, USA</publisher-loc></publisher></journal-meta><article-meta><article-id pub-id-type="accession">PMC1592363</article-id><article-id pub-id-type="pmcid">PMC1592363</article-id><article-id pub-id-type="pmc-uid">1592363</article-id><article-id pub-id-type="pmid">17029556</article-id><article-id pub-id-type="pmid">17029556</article-id><article-id pub-id-type="doi">10.1371/journal.pcbi.0020129</article-id><article-id pub-id-type="publisher-id">06-PLCB-RA-0050R3</article-id><article-id pub-id-type="sici">plcb-02-10-02</article-id><article-categories><subj-group subj-group-type="heading"><subject>Research Article</subject></subj-group><subj-group subj-group-type="Discipline"><subject>Bioinformatics - Computational Biology</subject><subject>Biotechnology</subject><subject>Cancer Biology</subject><subject>Cell Biology</subject><subject>Development</subject><subject>Physiology</subject><subject>Systems Biology</subject></subj-group><subj-group subj-group-type="System Taxonomy"><subject>In Vitro</subject><subject>Dog</subject><subject>Mammals</subject><subject>Homo (human)</subject><subject>Animals</subject></subj-group></article-categories><title-group><article-title>Simulating Properties of In Vitro Epithelial Cell Morphogenesis </article-title><alt-title alt-title-type="running-head">Simulating EC Growth In Vitro</alt-title></title-group><contrib-group><contrib contrib-type="author"><name><surname>Grant</surname><given-names>Mark R</given-names></name><xref ref-type="aff" rid="aff1">1</xref></contrib><contrib contrib-type="author"><name><surname>Mostov</surname><given-names>Keith E</given-names></name><xref ref-type="aff" rid="aff2">2</xref></contrib><contrib contrib-type="author"><name><surname>Tlsty</surname><given-names>Thea D</given-names></name><xref ref-type="aff" rid="aff3">3</xref></contrib><contrib contrib-type="author"><name><surname>Hunt</surname><given-names>C. Anthony</given-names></name><xref ref-type="aff" rid="aff1">1</xref><xref ref-type="aff" rid="aff4">4</xref><xref ref-type="corresp" rid="cor1">*</xref></contrib></contrib-group><aff id="aff1"><label>1</label>University of California San Francisco/University of California Berkeley Joint Graduate Group in Bioengineering, University of California Berkeley, Berkeley, California, United States of America
</aff><aff id="aff2"><label>2</label>Department of Anatomy, University of California San Francisco, San Francisco, California, United States of America
</aff><aff id="aff3"><label>3</label>Department of Pathology, University of California San Francisco, San Francisco, California, United States of America
</aff><aff id="aff4"><label>4</label>Department of Biopharmaceutical Sciences, Biosystems Group, University of California San Francisco, San Francisco, California, United States of America
</aff><contrib-group><contrib contrib-type="editor"><name><surname>Peirce</surname><given-names>Shayn</given-names></name><role>Editor</role><xref ref-type="aff" rid="edit1"/></contrib></contrib-group><aff id="edit1">University of Virginia, United States of America</aff><author-notes><corresp id="cor1">* To whom correspondence should be addressed. E-mail: <email>a.hunt@ucsf.edu</email></corresp></author-notes><pub-date pub-type="ppub"><month>10</month><year>2006</year></pub-date><pub-date pub-type="epub"><day>6</day><month>10</month><year>2006</year></pub-date><pub-date pub-type="epreprint"><day>17</day><month>8</month><year>2006</year></pub-date><volume>2</volume><issue>10</issue><elocation-id>e129</elocation-id><history><date date-type="received"><day>13</day><month>2</month><year>2006</year></date><date date-type="accepted"><day>17</day><month>8</month><year>2006</year></date></history><permissions><copyright-statement> © 2006 Grant et al.</copyright-statement><copyright-year>2006</copyright-year><license xlink:href="http://creativecommons.org/licenses/by/4.0/"><license-p>This is an open-access article distributed under the terms of the Creative Commons Attribution License, which permits unrestricted use, distribution, and reproduction in any medium, provided the original author and source are properly credited.</license-p></license></permissions><!--<related-article preprintResearch Article10.1371/journal.pcbi.0020129.eorsimple>Simulating Properties of In Vitro Epithelial Cell Morphogenesis</related-article>--><abstract><p>How do individual epithelial cells (ECs) organize into multicellular structures? ECs are studied in vitro to help answer that question. Characteristic growth features include stable cyst formation in embedded culture, inverted cyst formation in suspension culture, and lumen formation in overlay culture. Formation of these characteristic structures is believed to be a consequence of an intrinsic program of differentiation and de-differentiation. To help discover how such a program may function, we developed an in silico analogue in which space, events, and time are discretized. Software agents and objects represent cells and components of the environment. “Cells” act independently. The “program” governing their behavior is embedded within each in the form of axioms and an inflexible decisional process. Relationships between the axioms and recognized cell functions are specified. Interactions between “cells” and environment components during simulation give rise to a complex in silico phenotype characterized by context-dependent structures that mimic counterparts observed in four different in vitro culture conditions: a targeted set of in vitro phenotypic attributes was matched by in silico attributes. However, for a particular growth condition, the analogue failed to exhibit behaviors characteristic of functionally polarized ECs. We solved this problem by following an iterative refinement method that improved the first analogue and led to a second: it exhibited characteristic differentiation and growth properties in all simulated growth conditions. It is the first model to simultaneously provide a representation of nonpolarized and structurally polarized cell types, and a mechanism for their interconversion. The second analogue also uses an inflexible axiomatic program. When specific axioms are relaxed, growths strikingly characteristic of cancerous and precancerous lesions are observed. In one case, the simulated cause is aberrant matrix production. Analogue design facilitates gaining deeper insight into such phenomena by making it easy to replace low-resolution components with increasingly detailed and realistic components.</p></abstract><abstract abstract-type="synopsis"><title>Synopsis</title><p>To gain new insights into how normal and abnormal epithelial cell (EC) morphogenesis occurs, Grant and colleagues designed, built, and studied a series of discrete event analogues capable of mimicking epithelial growth characteristics in four different culture conditions. The analogues use independent software agents and objects to represent cells and the two environment components. “Cells” interact with local components using an axiomatic decisional process deduced from experimental in vitro observations. During simulations, “cells” form stable structures that mimic counterparts in cell cultures: a set of targeted in vitro phenotypic attributes is matched by the analogue's phenotype. However, the foundational analogue failed to exhibit a behavior characteristic of functionally polarized ECs in stable structures. Iterative refinement solved the problem: the improved analogue is the first model to simultaneously provide a representation of nonpolarized and structurally polarized cell types, and a mechanism for their interconversion. Inflexible axiom application is essential to simulate normal attributes. Selectively changing an axiom or relaxing its application caused growths strikingly characteristic of cancerous and precancerous lesions. Gaining deeper insight into such phenomena can be achieved by replacing low-resolution components with increasingly detailed and realistic components.</p></abstract><counts><page-count count="17"/></counts><custom-meta-group><custom-meta><meta-name>citation</meta-name><meta-value>Grant MR, Mostov KE, Tlsty TD, Hunt CA (2006) Simulating properties of in vitro epithelial cell morphogenesis. PLoS Comput Biol 2(10): e129. DOI: <ext-link ext-link-type="doi" xlink:href="10.1371/journal.pcbi.0020129">10.1371/journal.pcbi.0020129</ext-link></meta-value></custom-meta></custom-meta-group></article-meta></front></article>