<article xmlns="https://jats.nlm.nih.gov/ns/archiving/1.2/" xmlns:xsi="http://www.w3.org/2001/XMLSchema-instance" xmlns:ali="http://www.niso.org/schemas/ali/1.0/" xmlns:mml="http://www.w3.org/1998/Math/MathML" xmlns:xlink="http://www.w3.org/1999/xlink" xsi:schemaLocation="https://jats.nlm.nih.gov/ns/archiving/1.2/ https://jats.nlm.nih.gov/archiving/1.2/xsd/JATS-archivearticle1.xsd" article-type="research-article"><front><journal-meta><journal-id journal-id-type="nlm-ta">PLoS Comput Biol</journal-id><journal-id journal-id-type="iso-abbrev">PLoS Comput. Biol</journal-id><journal-id journal-id-type="publisher-id">pcbi</journal-id><journal-id journal-id-type="publisher-id">plcb</journal-id><journal-id journal-id-type="pmc">ploscomp</journal-id><journal-title-group><journal-title>PLoS Computational Biology</journal-title></journal-title-group><issn pub-type="ppub">1553-734X</issn><issn pub-type="epub">1553-7358</issn><publisher><publisher-name>Public Library of Science</publisher-name><publisher-loc>San Francisco, USA</publisher-loc></publisher></journal-meta><article-meta><article-id pub-id-type="accession">PMC1941755</article-id><article-id pub-id-type="pmcid">PMC1941755</article-id><article-id pub-id-type="pmc-uid">1941755</article-id><article-id pub-id-type="pmid">17696603</article-id><article-id pub-id-type="pmid">17696603</article-id><article-id pub-id-type="doi">10.1371/journal.pcbi.0030148</article-id><article-id pub-id-type="publisher-id">07-PLCB-RA-0047R2</article-id><article-id pub-id-type="sici">plcb-03-08-08</article-id><article-categories><subj-group subj-group-type="heading"><subject>Research Article</subject></subj-group><subj-group subj-group-type="Discipline"><subject>Computational Biology</subject><subject>Computer Science</subject><subject>Genetics and Genomics</subject><subject>Immunology</subject><subject>Mathematics</subject></subj-group><subj-group subj-group-type="System Taxonomy"><subject>Homo (Human)</subject><subject>Mus (Mouse)</subject></subj-group></article-categories><title-group><article-title>Automated Discovery of Functional Generality of Human Gene Expression Programs</article-title><alt-title alt-title-type="running-head">Functional Generality of Gene Expression Programs</alt-title></title-group><contrib-group><contrib contrib-type="author"><name><surname>Gerber</surname><given-names>Georg K</given-names></name><xref ref-type="aff" rid="aff1">1</xref><xref ref-type="aff" rid="aff2">2</xref></contrib><contrib contrib-type="author"><name><surname>Dowell</surname><given-names>Robin D</given-names></name><xref ref-type="aff" rid="aff1">1</xref></contrib><contrib contrib-type="author"><name><surname>Jaakkola</surname><given-names>Tommi S</given-names></name><xref ref-type="aff" rid="aff1">1</xref></contrib><contrib contrib-type="author"><name><surname>Gifford</surname><given-names>David K</given-names></name><xref ref-type="aff" rid="aff1">1</xref><xref ref-type="aff" rid="aff3">3</xref><xref ref-type="corresp" rid="cor1">*</xref></contrib></contrib-group><aff id="aff1"><label>1</label> Department of Computer Science and Electrical Engineering, Massachusetts Institute of Technology, Cambridge, Massachusetts, United States of America
</aff><aff id="aff2"><label>2</label> Harvard–Massachusetts Institute of Technology Division of Health Sciences and Technology, Cambridge, Massachusetts, United States of America
</aff><aff id="aff3"><label>3</label> Whitehead Institute for Biomedical Research, Cambridge Massachusetts, United States of America
</aff><contrib-group><contrib contrib-type="editor"><name><surname>Sidow</surname><given-names>Arend</given-names></name><role>Editor</role><xref ref-type="aff" rid="edit1"/></contrib></contrib-group><aff id="edit1">Stanford University, United States of America</aff><author-notes><corresp id="cor1">* To whom correspondence should be addressed. E-mail: <email>gifford@mit.edu</email></corresp></author-notes><pub-date pub-type="ppub"><month>8</month><year>2007</year></pub-date><pub-date pub-type="epub"><day>10</day><month>8</month><year>2007</year></pub-date><pub-date pub-type="epreprint"><day>13</day><month>6</month><year>2007</year></pub-date><volume>3</volume><issue>8</issue><elocation-id>e148</elocation-id><history><date date-type="received"><day>29</day><month>1</month><year>2007</year></date><date date-type="accepted"><day>12</day><month>6</month><year>2007</year></date></history><permissions><copyright-statement> © 2007 Gerber et al.</copyright-statement><copyright-year>2007</copyright-year><license xlink:href="http://creativecommons.org/licenses/by/4.0/"><license-p>This is an open-access article distributed under the terms of the Creative Commons Attribution License, which permits unrestricted use, distribution, and reproduction in any medium, provided the original author and source are properly credited.</license-p></license></permissions><!--<related-article preprintResearch Article10.1371/journal.pcbi.0030148.eorRA1doisimple>Automated discovery of functional generality of human gene expression programs</related-article>--><abstract><p>An important research problem in computational biology is the identification of <italic>expression programs,</italic> sets of co-expressed genes orchestrating normal or pathological processes, and the characterization of the functional breadth of these programs. The use of human expression data compendia for discovery of such programs presents several challenges including cellular inhomogeneity within samples, genetic and environmental variation across samples, uncertainty in the numbers of programs and sample populations, and temporal behavior. We developed GeneProgram, a new unsupervised computational framework based on Hierarchical Dirichlet Processes that addresses each of the above challenges. GeneProgram uses expression data to simultaneously organize tissues into groups and genes into overlapping programs with consistent temporal behavior, to produce maps of expression programs, which are sorted by generality scores that exploit the automatically learned groupings. Using synthetic and real gene expression data, we showed that GeneProgram outperformed several popular expression analysis methods. We applied GeneProgram to a compendium of 62 short time-series gene expression datasets exploring the responses of human cells to infectious agents and immune-modulating molecules. GeneProgram produced a map of 104 expression programs, a substantial number of which were significantly enriched for genes involved in key signaling pathways and/or bound by NF-κB transcription factors in genome-wide experiments. Further, GeneProgram discovered expression programs that appear to implicate surprising signaling pathways or receptor types in the response to infection, including Wnt signaling and neurotransmitter receptors. We believe the discovered map of expression programs involved in the response to infection will be useful for guiding future biological experiments; genes from programs with low generality scores might serve as new drug targets that exhibit minimal “cross-talk,” and genes from high generality programs may maintain common physiological responses that go awry in disease states. Further, our method is multipurpose, and can be applied readily to novel compendia of biological data.</p></abstract><abstract abstract-type="summary"><title>Author Summary</title><sec id="st1"><title/><p>In recent years, DNA microarrays have been used to produce large compendia of human gene expression data, which are promising resources for discovery of <italic>expression programs,</italic> sets of co-expressed genes orchestrating important physiological or pathological processes. However, these compendia present particular challenges, including cellular inhomogeneity within samples, genetic and environmental variation across samples, uncertainty in the numbers of programs and sample populations, and temporal behavior. To address these challenges, we developed GeneProgram, a state-of-the-art statistical framework that automatically generates interpretable maps of expression programs from microarray data. GeneProgram accomplishes this by simultaneously organizing tissues into groups and genes into overlapping programs with consistent temporal behavior, and sorting programs by a generality score. Such maps may be valuable for guiding future biological experiments; genes from programs with low generality scores might serve as new drug targets that exhibit minimal “cross-talk,” and genes from high generality programs may maintain common physiological responses that go awry in disease states. Using synthetic and real data, we showed that GeneProgram outperformed several popular expression analysis methods. Further, on a compendium of time-series gene expression data measuring the responses of human cells to infectious agents, GeneProgram discovered programs that implicate surprising signaling pathways and receptor types.</p></sec></abstract><counts><page-count count="15"/></counts><custom-meta-group><custom-meta><meta-name>citation</meta-name><meta-value>Gerber GK, Dowell RD, Jaakkola TS, Gifford DK (2007) Automated discovery of functional generality of human gene expression programs. PLoS Comput Biol 3(8): e148. doi:<ext-link ext-link-type="doi" xlink:href="10.1371/journal.pcbi.0030148">10.1371/journal.pcbi.0030148</ext-link></meta-value></custom-meta></custom-meta-group></article-meta></front></article>