<article xmlns="https://jats.nlm.nih.gov/ns/archiving/1.2/" xmlns:xsi="http://www.w3.org/2001/XMLSchema-instance" xmlns:ali="http://www.niso.org/schemas/ali/1.0/" xmlns:mml="http://www.w3.org/1998/Math/MathML" xmlns:xlink="http://www.w3.org/1999/xlink" xsi:schemaLocation="https://jats.nlm.nih.gov/ns/archiving/1.2/ https://jats.nlm.nih.gov/archiving/1.2/xsd/JATS-archivearticle1.xsd" article-type="other"><front><journal-meta><journal-id journal-id-type="nlm-ta">PLoS Comput Biol</journal-id><journal-id journal-id-type="iso-abbrev">PLoS Comput. Biol</journal-id><journal-id journal-id-type="publisher-id">pcbi</journal-id><journal-id journal-id-type="publisher-id">plcb</journal-id><journal-id journal-id-type="pmc">ploscomp</journal-id><journal-title-group><journal-title>PLoS Computational Biology</journal-title></journal-title-group><issn pub-type="ppub">1553-734X</issn><issn pub-type="epub">1553-7358</issn><publisher><publisher-name>Public Library of Science</publisher-name><publisher-loc>San Francisco, USA</publisher-loc></publisher></journal-meta><article-meta><article-id pub-id-type="accession">PMC1847991</article-id><article-id pub-id-type="pmcid">PMC1847991</article-id><article-id pub-id-type="pmc-uid">1847991</article-id><article-id pub-id-type="pmid">17397251</article-id><article-id pub-id-type="pmid">17397251</article-id><article-id pub-id-type="doi">10.1371/journal.pcbi.0030042</article-id><article-id pub-id-type="publisher-id">06-PLCB-EN-0421R2</article-id><article-id pub-id-type="sici">plcb-03-03-13</article-id><article-categories><subj-group subj-group-type="heading"><subject>Education</subject></subj-group><subj-group subj-group-type="Discipline"><subject>Computational Biology</subject><subject>Molecular Biology</subject></subj-group><subj-group subj-group-type="System Taxonomy"><subject>None</subject></subj-group></article-categories><title-group><article-title>Deciphering Protein–Protein Interactions. Part I. Experimental Techniques and Databases</article-title><alt-title alt-title-type="running-head">Protein interaction experimental methods/databases</alt-title><alt-title>Protein Interaction Experimental Methods/Databases</alt-title></title-group><contrib-group><contrib contrib-type="author"><name><surname>Shoemaker</surname><given-names>Benjamin A</given-names></name><xref ref-type="fn" rid="n103"/></contrib><contrib contrib-type="author"><name><surname>Panchenko</surname><given-names>Anna R</given-names></name><xref ref-type="fn" rid="n103"/><xref ref-type="corresp" rid="cor1"><sup>*</sup></xref></contrib></contrib-group><contrib-group><contrib contrib-type="editor"><name><surname>Lewitter</surname><given-names>Fran</given-names></name><role>Editor</role><xref ref-type="aff" rid="edit1"/></contrib></contrib-group><aff id="edit1">Whitehead Institute, United States of America</aff><author-notes><corresp id="cor1">* To whom correspondence should be addressed. E-mail: <email>panch@ncbi.nlm.nih.gov</email></corresp></author-notes><pub-date pub-type="ppub"><month>3</month><year>2007</year></pub-date><pub-date pub-type="epub"><day>30</day><month>3</month><year>2007</year></pub-date><volume>3</volume><issue>3</issue><elocation-id>e42</elocation-id><permissions><copyright-statement> © 2007 Shoemaker and Panchenko.</copyright-statement><copyright-year>2007</copyright-year><license xlink:href="https://creativecommons.org/publicdomain/zero/1.0/"><license-p>This is an open-access article distributed under the terms of the Creative Commons Public Domain declaration, which stipulates that, once placed in the public domain, this work may be freely reproduced, distributed, transmitted, modified, built upon, or otherwise used by anyone for any lawful purpose.</license-p></license></permissions><counts><page-count count="8"/></counts><custom-meta-group><custom-meta><meta-name>citation</meta-name><meta-value>Shoemaker BA, Panchenko, AR (2007) Deciphering protein–protein interactions. Part I. Experimental techniques and databases. PLoS Comput Biol 3(3): e42. doi:<ext-link ext-link-type="doi" xlink:href="10.1371/journal.pcbi.0030042">10.1371/journal.pcbi.0030042</ext-link></meta-value></custom-meta><custom-meta><meta-name>article-logo</meta-name><meta-value>tutorial_logo.jpg</meta-value></custom-meta></custom-meta-group></article-meta></front></article>