<article xmlns="https://jats.nlm.nih.gov/ns/archiving/1.2/" xmlns:xsi="http://www.w3.org/2001/XMLSchema-instance" xmlns:ali="http://www.niso.org/schemas/ali/1.0/" xmlns:mml="http://www.w3.org/1998/Math/MathML" xmlns:xlink="http://www.w3.org/1999/xlink" xsi:schemaLocation="https://jats.nlm.nih.gov/ns/archiving/1.2/ https://jats.nlm.nih.gov/archiving/1.2/xsd/JATS-archivearticle1.xsd" article-type="research-article"><front><journal-meta><journal-id journal-id-type="nlm-ta">PLoS Comput Biol</journal-id><journal-id journal-id-type="iso-abbrev">PLoS Comput. Biol</journal-id><journal-id journal-id-type="publisher-id">pcbi</journal-id><journal-id journal-id-type="publisher-id">plcb</journal-id><journal-id journal-id-type="pmc">ploscomp</journal-id><journal-title-group><journal-title>PLoS Computational Biology</journal-title></journal-title-group><issn pub-type="ppub">1553-734X</issn><issn pub-type="epub">1553-7358</issn><publisher><publisher-name>Public Library of Science</publisher-name><publisher-loc>San Francisco, USA</publisher-loc></publisher></journal-meta><article-meta><article-id pub-id-type="accession">PMC1570176</article-id><article-id pub-id-type="pmcid">PMC1570176</article-id><article-id pub-id-type="pmc-uid">1570176</article-id><article-id pub-id-type="pmid">16978045</article-id><article-id pub-id-type="pmid">16978045</article-id><article-id pub-id-type="doi">10.1371/journal.pcbi.0020107</article-id><article-id pub-id-type="publisher-id">06-PLCB-RA-0046R2</article-id><article-id pub-id-type="sici">plcb-02-09-09</article-id><article-categories><subj-group subj-group-type="heading"><subject>Research Article</subject></subj-group><subj-group subj-group-type="Discipline"><subject>Biochemistry</subject><subject>Bioinformatics - Computational Biology</subject><subject>Diabetes - Endocrinology - Metabolism</subject><subject>Physiology</subject><subject>Systems Biology</subject></subj-group><subj-group subj-group-type="System Taxonomy"><subject>Mammals</subject></subj-group></article-categories><title-group><article-title>Modeling of Oxygen Transport and Cellular Energetics Explains Observations on In Vivo Cardiac Energy Metabolism</article-title><alt-title alt-title-type="running-head">Cardiac Energetics</alt-title></title-group><contrib-group><contrib contrib-type="author"><name><surname>Beard</surname><given-names>Daniel A</given-names></name><xref ref-type="aff" rid="aff1">1</xref><xref ref-type="aff" rid="aff2">2</xref><xref ref-type="corresp" rid="cor1">*</xref></contrib></contrib-group><aff id="aff1"><label>1</label> Department of Physiology, Medical College of Wisconsin, Milwaukee, Wisconsin, United States of America
</aff><aff id="aff2"><label>2</label> Biotechnology and Bioengineering Center, Medical College of Wisconsin, Milwaukee, Wisconsin, United States of America
</aff><contrib-group><contrib contrib-type="editor"><name><surname>Hunter</surname><given-names>Peter</given-names></name><role>Editor</role><xref ref-type="aff" rid="edit1"/></contrib></contrib-group><aff id="edit1">University of Auckland, New Zealand</aff><author-notes><corresp id="cor1">* To whom correspondence should be addressed. E-mail: <email>dbeard@mcw.edu</email></corresp></author-notes><pub-date pub-type="ppub"><month>9</month><year>2006</year></pub-date><pub-date pub-type="epub"><day>15</day><month>9</month><year>2006</year></pub-date><pub-date pub-type="epreprint"><day>10</day><month>7</month><year>2006</year></pub-date><volume>2</volume><issue>9</issue><elocation-id>e107</elocation-id><history><date date-type="received"><day>8</day><month>2</month><year>2006</year></date><date date-type="accepted"><day>10</day><month>7</month><year>2006</year></date></history><permissions><copyright-statement> © 2006 Daniel A. Beard.</copyright-statement><copyright-year>2006</copyright-year><license xlink:href="http://creativecommons.org/licenses/by/4.0/"><license-p>This is an open-access article distributed under the terms of the Creative Commons Attribution License, which permits unrestricted use, distribution, and reproduction in any medium, provided the original author and source are properly credited.</license-p></license></permissions><!--<related-article preprintResearch Article10.1371/journal.pcbi.0020107.eorsimple>Integrated Computational Modeling of Oxygen Transport and Cellular Energetics Explains Observations on In Vivo Cardiac Oxygen Consumption and Energy Metabolites</related-article>--><abstract><p>Observations on the relationship between cardiac work rate and the levels of energy metabolites adenosine triphosphate (ATP), adenosine diphosphate (ADP), and phosphocreatine (CrP) have not been satisfactorily explained by theoretical models of cardiac energy metabolism. Specifically, the in vivo stability of ATP, ADP, and CrP levels in response to changes in work and respiratory rate has eluded explanation. Here a previously developed model of mitochondrial oxidative phosphorylation, which was developed based on data obtained from isolated cardiac mitochondria, is integrated with a spatially distributed model of oxygen transport in the myocardium to analyze data obtained from several laboratories over the past two decades. The model includes the components of the respiratory chain, the F<sub>0</sub>F<sub>1</sub>-ATPase, adenine nucleotide translocase, and the mitochondrial phosphate transporter at the mitochondrial level; adenylate kinase, creatine kinase, and ATP consumption in the cytoplasm; and oxygen transport between capillaries, interstitial fluid, and cardiomyocytes. The integrated model is able to reproduce experimental observations on ATP, ADP, CrP, and inorganic phosphate levels in canine hearts over a range of workload and during coronary hypoperfusion and predicts that cytoplasmic inorganic phosphate level is a key regulator of the rate of mitochondrial respiration at workloads for which the rate of cardiac oxygen consumption is less than or equal to approximately 12 μmol per minute per gram of tissue. At work rates corresponding to oxygen consumption higher than 12 μmol min<sup>−1</sup> g<sup>−1</sup>, model predictions deviate from the experimental data, indicating that at high work rates, additional regulatory mechanisms that are not currently incorporated into the model may be important. Nevertheless, the integrated model explains metabolite levels observed at low to moderate workloads and the changes in metabolite levels and tissue oxygenation observed during graded hypoperfusion. These findings suggest that the observed stability of energy metabolites emerges as a property of a properly constructed model of cardiac substrate transport and mitochondrial metabolism. In addition, the validated model provides quantitative predictions of changes in phosphate metabolites during cardiac ischemia.</p></abstract><abstract abstract-type="synopsis"><title>Synopsis</title><p>To function properly over a range of work rates, the heart must maintain its metabolic energy level within a range that is narrow relative to changes in the rate of energy utilization. Decades of observations have revealed that in cardiac muscle cells, the supply of adenosine triphosphate (ATP)—the primary currency of intracellular energy transfer—is controlled to maintain intracellular concentrations of ATP and related compounds within narrow ranges. Yet the development of a mechanistic understanding of this tight control has lagged behind experimental observation. This paper introduces a computational model that links ATP synthesis in a subcellular body called the mitochondrion with ATP utilization in the cytoplasm, and reveals that the primary control mechanism operating in the system is feedback of substrate concentrations for ATP synthesis. In other words, changes in the concentrations of the products generated by the utilization of ATP in the cell (adenosine diphosphate and inorganic phosphate) effect changes in the rate at which mitochondria utilize those products to resynthesize ATP.</p></abstract><counts><page-count count="14"/></counts><custom-meta-group><custom-meta><meta-name>citation</meta-name><meta-value>Beard DA (2006) Modeling of oxygen transport and cellular energetics explains observations on in vivo cardiac energy metabolism. PLoS Comput Biol 2(9): e107. DOI: <ext-link ext-link-type="doi" xlink:href="10.1371/journal.pcbi.0020107">10.1371/journal.pcbi.0020107</ext-link></meta-value></custom-meta></custom-meta-group></article-meta></front></article>