<article xmlns="https://jats.nlm.nih.gov/ns/archiving/1.2/" xmlns:xsi="http://www.w3.org/2001/XMLSchema-instance" xmlns:ali="http://www.niso.org/schemas/ali/1.0/" xmlns:mml="http://www.w3.org/1998/Math/MathML" xmlns:xlink="http://www.w3.org/1999/xlink" xsi:schemaLocation="https://jats.nlm.nih.gov/ns/archiving/1.2/ https://jats.nlm.nih.gov/archiving/1.2/xsd/JATS-archivearticle1.xsd" article-type="research-article"><front><journal-meta><journal-id journal-id-type="nlm-ta">PLoS Comput Biol</journal-id><journal-id journal-id-type="iso-abbrev">PLoS Comput. Biol</journal-id><journal-id journal-id-type="publisher-id">pcbi</journal-id><journal-id journal-id-type="publisher-id">plcb</journal-id><journal-id journal-id-type="pmc">ploscomp</journal-id><journal-title-group><journal-title>PLoS Computational Biology</journal-title></journal-title-group><issn pub-type="ppub">1553-734X</issn><issn pub-type="epub">1553-7358</issn><publisher><publisher-name>Public Library of Science</publisher-name><publisher-loc>San Francisco, USA</publisher-loc></publisher></journal-meta><article-meta><article-id pub-id-type="accession">PMC1484586</article-id><article-id pub-id-type="pmcid">PMC1484586</article-id><article-id pub-id-type="pmc-uid">1484586</article-id><article-id pub-id-type="pmid">16846249</article-id><article-id pub-id-type="pmid">16846249</article-id><article-id pub-id-type="doi">10.1371/journal.pcbi.0020076</article-id><article-id pub-id-type="publisher-id">05-PLCB-RA-0298R3</article-id><article-id pub-id-type="sici">plcb-02-06-18</article-id><article-categories><subj-group subj-group-type="heading"><subject>Research Article</subject></subj-group><subj-group subj-group-type="Discipline"><subject>Bioinformatics - Computational Biology</subject><subject>Genetics/Genomics</subject><subject>Genetics/Gene Discovery</subject><subject>Genetics/Evolution</subject></subj-group><subj-group subj-group-type="System Taxonomy"><subject>Homo (Human)</subject><subject>Mus (Mouse)</subject></subj-group></article-categories><title-group><article-title>Identification and Analysis of Genes and Pseudogenes within Duplicated Regions in the Human and Mouse Genomes</article-title><alt-title alt-title-type="running-head">Duplicated Genes and Pseudogenes</alt-title></title-group><contrib-group><contrib contrib-type="author"><name><surname>Suyama</surname><given-names>Mikita</given-names></name><xref ref-type="aff" rid="aff1">1</xref></contrib><contrib contrib-type="author"><name><surname>Harrington</surname><given-names>Eoghan</given-names></name><xref ref-type="aff" rid="aff1">1</xref></contrib><contrib contrib-type="author"><name><surname>Bork</surname><given-names>Peer</given-names></name><xref ref-type="aff" rid="aff1">1</xref><xref ref-type="aff" rid="aff2">2</xref><xref ref-type="corresp" rid="cor1">*</xref></contrib><contrib contrib-type="author"><name><surname>Torrents</surname><given-names>David</given-names></name><xref ref-type="aff" rid="aff1">1</xref><xref ref-type="author-notes" rid="n105">¤</xref><xref ref-type="corresp" rid="cor1">*</xref></contrib></contrib-group><aff id="aff1"><label>1</label>European Molecular Biology Laboratory, Heidelberg, Germany
</aff><aff id="aff2"><label>2</label>Max Delbrück Center for Molecular Medicine, Berlin-Buch, Germany
</aff><contrib-group><contrib contrib-type="editor"><name><surname>Guigo</surname><given-names>Roderic</given-names></name><role>Editor</role><xref ref-type="aff" rid="edit1"/></contrib></contrib-group><aff id="edit1">Universitat Pompeu Fabra, Spain</aff><author-notes><corresp id="cor1">* To whom correspondence should be addressed. E-mail: <email>bork@embl.de</email> (PB); <email>david.torrents@bsc.es</email> (DT)</corresp><fn id="n105" fn-type="present-address"><p>¤ Current address: Institució Catalana de Recerca I Estudis Avançats (ICREA) and the Department of Life Sciences of the Barcelona Supercomputing Center, Barcelona, Spain</p></fn></author-notes><pub-date pub-type="ppub"><month>6</month><year>2006</year></pub-date><pub-date pub-type="epub"><day>30</day><month>6</month><year>2006</year></pub-date><pub-date pub-type="epreprint"><day>16</day><month>5</month><year>2006</year></pub-date><volume>2</volume><issue>6</issue><elocation-id>e76</elocation-id><history><date date-type="received"><day>25</day><month>10</month><year>2005</year></date><date date-type="accepted"><day>16</day><month>5</month><year>2006</year></date></history><permissions><copyright-statement> © 2006 Suyama et al.</copyright-statement><copyright-year>2006</copyright-year><license xlink:href="http://creativecommons.org/licenses/by/4.0/"><license-p>This is an open-access article distributed under the terms of the Creative Commons Attribution License, which permits unrestricted use, distribution, and reproduction in any medium, provided the original author and source are properly credited.</license-p></license></permissions><!--<related-article preprintresearch10.1371/journal.pcbi.0020076.eorsimple>Identification and Analysis of Genes and Pseudogenes within Duplicated Regions in the Human and Mouse Genomes</related-article>--><abstract><p>The identification and classification of genes and pseudogenes in duplicated regions still constitutes a challenge for standard automated genome annotation procedures. Using an integrated homology and orthology analysis independent of current gene annotation, we have identified 9,484 and 9,017 gene duplicates in human and mouse, respectively. On the basis of the integrity of their coding regions, we have classified them into functional and inactive duplicates, allowing us to define the first consistent and comprehensive collection of 1,811 human and 1,581 mouse unprocessed pseudogenes. Furthermore, of the total of 14,172 human and mouse duplicates predicted to be functional genes, as many as 420 are not included in current reference gene databases and therefore correspond to likely novel mammalian genes. Some of these correspond to partial duplicates with less than half of the length of the original source genes, yet they are conserved and syntenic among different mammalian lineages. The genes and unprocessed pseudogenes obtained here will enable further studies on the mechanisms involved in gene duplication as well as of the fate of duplicated genes.</p></abstract><abstract abstract-type="synopsis"><title>Synopsis</title><p>The duplication of genes is considered one of the major sources of biological diversity, as it provides the necessary conditions for the generation of new gene types and functions. Even though, after a gene is duplicated, one of the copies normally undergoes inactivation, it can eventually establish in the genome as a novel gene with new functionality. The identification of the molecular basis of gene duplication and the forces that determine the fate of the resulting copies is essential to understand how genes and, ultimately, organisms evolve. The first step in this direction is the identification of duplicated genes and pseudogenes, which still remains a challenge for standard procedures of automated genome annotation. The authors have developed a methodology that comprehensively identifies and classifies these regions, and provide the collections of duplicated genes and pseudogenes found in the human and mouse genomes. Among these, there are 420 previously unidentified potentially functional genes, which include examples of partial duplicates with less than half of the length of the original source genes. Furthermore, they also provide preliminary novel biological insight into the mechanism of gene duplication, which will constitute the starting point for further studies of the fates and evolution of duplicated genes.</p></abstract><counts><page-count count="10"/></counts><custom-meta-group><custom-meta><meta-name>citation</meta-name><meta-value>Suyama M, Harrington E, Bork P, Torrents D (2006) Identification and analysis of genes and pseudogenes within duplicated regions in the human and mouse genomes. PLoS Comput Biol 2(6): e76. DOI: <ext-link ext-link-type="doi" xlink:href="10.1371/journal.pcbi.0020076">10.1371/journal.pcbi.0020076</ext-link></meta-value></custom-meta></custom-meta-group></article-meta></front></article>