<article xmlns="https://jats.nlm.nih.gov/ns/archiving/1.2/" xmlns:xsi="http://www.w3.org/2001/XMLSchema-instance" xmlns:ali="http://www.niso.org/schemas/ali/1.0/" xmlns:mml="http://www.w3.org/1998/Math/MathML" xmlns:xlink="http://www.w3.org/1999/xlink" xsi:schemaLocation="https://jats.nlm.nih.gov/ns/archiving/1.2/ https://jats.nlm.nih.gov/archiving/1.2/xsd/JATS-archivearticle1.xsd" article-type="research-article"><front><journal-meta><journal-id journal-id-type="nlm-ta">PLoS Comput Biol</journal-id><journal-id journal-id-type="iso-abbrev">PLoS Comput. Biol</journal-id><journal-id journal-id-type="publisher-id">pcbi</journal-id><journal-id journal-id-type="publisher-id">plcb</journal-id><journal-id journal-id-type="pmc">ploscomp</journal-id><journal-title-group><journal-title>PLoS Computational Biology</journal-title></journal-title-group><issn pub-type="ppub">1553-734X</issn><issn pub-type="epub">1553-7358</issn><publisher><publisher-name>Public Library of Science</publisher-name><publisher-loc>San Francisco, USA</publisher-loc></publisher></journal-meta><article-meta><article-id pub-id-type="accession">PMC1513269</article-id><article-id pub-id-type="pmcid">PMC1513269</article-id><article-id pub-id-type="pmc-uid">1513269</article-id><article-id pub-id-type="pmid">16848638</article-id><article-id pub-id-type="pmid">16848638</article-id><article-id pub-id-type="doi">10.1371/journal.pcbi.0020095</article-id><article-id pub-id-type="publisher-id">06-PLCB-RA-0069R3</article-id><article-id pub-id-type="sici">plcb-02-07-12</article-id><article-categories><subj-group subj-group-type="heading"><subject>Research Article</subject></subj-group><subj-group subj-group-type="Discipline"><subject>Bioinformatics - Computational Biology</subject><subject>Neuroscience</subject><subject>Psychology</subject></subj-group><subj-group subj-group-type="System Taxonomy"><subject>Animals</subject><subject>Primates</subject><subject>Caenorhabditis</subject><subject>Nematodes</subject></subj-group></article-categories><title-group><article-title>Nonoptimal Component Placement, but Short Processing Paths, due to Long-Distance Projections in Neural Systems </article-title><alt-title alt-title-type="running-head">Role of Long-Distance Neural Connections</alt-title></title-group><contrib-group><contrib contrib-type="author"><name><surname>Kaiser</surname><given-names>Marcus</given-names></name><xref ref-type="aff" rid="aff1">1</xref><xref ref-type="aff" rid="aff2">2</xref><xref ref-type="aff" rid="aff3">3</xref><xref ref-type="corresp" rid="cor1">*</xref></contrib><contrib contrib-type="author"><name><surname>Hilgetag</surname><given-names>Claus C</given-names></name><xref ref-type="aff" rid="aff3">3</xref><xref ref-type="aff" rid="aff4">4</xref></contrib></contrib-group><aff id="aff1"><label>1</label> School of Computing Science, University of Newcastle, Newcastle upon Tyne, United Kingdom
</aff><aff id="aff2"><label>2</label> Institute of Neuroscience, University of Newcastle, Newcastle upon Tyne, United Kingdom
</aff><aff id="aff3"><label>3</label> International University Bremen, School of Engineering and Science, Bremen, Germany
</aff><aff id="aff4"><label>4</label> Boston University, Sargent College, Department of Health Sciences, Boston, Massachusetts, United States of America
</aff><contrib-group><contrib contrib-type="editor"><name><surname>Friston</surname><given-names>Karl</given-names></name><role>Editor</role><xref ref-type="aff" rid="edit1"/></contrib></contrib-group><aff id="edit1">University College London, United Kingdom</aff><author-notes><corresp id="cor1">* To whom correspondence should be addressed. E-mail: <email>M.Kaiser@ncl.ac.uk</email></corresp></author-notes><pub-date pub-type="ppub"><month>7</month><year>2006</year></pub-date><pub-date pub-type="epub"><day>21</day><month>7</month><year>2006</year></pub-date><pub-date pub-type="epreprint"><day>8</day><month>6</month><year>2006</year></pub-date><volume>2</volume><issue>7</issue><elocation-id>e95</elocation-id><history><date date-type="received"><day>27</day><month>2</month><year>2006</year></date><date date-type="accepted"><day>8</day><month>6</month><year>2006</year></date></history><permissions><copyright-statement> © 2006 Kaiser and Hilgetag.</copyright-statement><copyright-year>2006</copyright-year><license xlink:href="http://creativecommons.org/licenses/by/4.0/"><license-p>This is an open-access article distributed under the terms of the Creative Commons Attribution License, which permits unrestricted use, distribution, and reproduction in any medium, provided the original author and source are properly credited.</license-p></license></permissions><abstract><p>It has been suggested that neural systems across several scales of organization show optimal component placement, in which any spatial rearrangement of the components would lead to an increase of total wiring. Using extensive connectivity datasets for diverse neural networks combined with spatial coordinates for network nodes, we applied an optimization algorithm to the network layouts, in order to search for wire-saving component rearrangements. We found that optimized component rearrangements could substantially reduce total wiring length in all tested neural networks. Specifically, total wiring among 95 primate (Macaque) cortical areas could be decreased by 32%, and wiring of neuronal networks in the nematode <named-content content-type="genus-species">Caenorhabditis elegans</named-content> could be reduced by 48% on the global level, and by 49% for neurons within frontal ganglia. Wiring length reductions were possible due to the existence of long-distance projections in neural networks. We explored the role of these projections by comparing the original networks with minimally rewired networks of the same size, which possessed only the shortest possible connections. In the minimally rewired networks, the number of processing steps along the shortest paths between components was significantly increased compared to the original networks. Additional benchmark comparisons also indicated that neural networks are more similar to network layouts that minimize the length of processing paths, rather than wiring length. These findings suggest that neural systems are not exclusively optimized for minimal global wiring, but for a variety of factors including the minimization of processing steps.</p></abstract><abstract abstract-type="synopsis"><title>Synopsis</title><p>What constraints shape the organization and spatial layout of neural networks? One influential idea in theoretical neuroscience has been that the overall wiring of neural networks should be as short as possible. Wire-saving could be achieved, for instance, through an optimal spatial arrangement of the connected network components. The authors evaluated this concept of component placement optimization in two representative systems, the neuronal network of the <named-content content-type="genus-species">Caenorhabditis elegans</named-content> worm and the long-range cortical connections of the primate brain. Contrary to previous results, they found many network layouts with substantially shorter total wiring than that of the original biological networks. This nonoptimal component placement arose from the existence of long-distance connections in the networks. Such connections may come at a developmental and metabolic cost; however, as the analyses reported in this article show, they also help to reduce the number of signal processing steps across the networks. Therefore, the organization of neural networks is shaped by trade-offs from multiple constraints, among them total wiring length and the average number of processing steps.</p></abstract><counts><page-count count="11"/></counts><custom-meta-group><custom-meta><meta-name>citation</meta-name><meta-value>Kaiser M, Hilgetag CC (2006) Nonoptimal component placement, but short processing paths, due to long-distance projections in neural systems. PLoS Comput Biol 2(7): e95. DOI: <ext-link ext-link-type="doi" xlink:href="10.1371/journal.pcbi.0020095">10.1371/journal.pcbi.0020095</ext-link></meta-value></custom-meta></custom-meta-group></article-meta></front></article>