<article xmlns="https://jats.nlm.nih.gov/ns/archiving/1.2/" xmlns:xsi="http://www.w3.org/2001/XMLSchema-instance" xmlns:ali="http://www.niso.org/schemas/ali/1.0/" xmlns:mml="http://www.w3.org/1998/Math/MathML" xmlns:xlink="http://www.w3.org/1999/xlink" xsi:schemaLocation="https://jats.nlm.nih.gov/ns/archiving/1.2/ https://jats.nlm.nih.gov/archiving/1.2/xsd/JATS-archivearticle1.xsd" article-type="other"><front><journal-meta><journal-id journal-id-type="nlm-ta">PLoS Comput Biol</journal-id><journal-id journal-id-type="iso-abbrev">PLoS Comput. Biol</journal-id><journal-id journal-id-type="publisher-id">pcbi</journal-id><journal-id journal-id-type="publisher-id">plcb</journal-id><journal-id journal-id-type="pmc">ploscomp</journal-id><journal-title-group><journal-title>PLoS Computational Biology</journal-title></journal-title-group><issn pub-type="ppub">1553-734X</issn><issn pub-type="epub">1553-7358</issn><publisher><publisher-name>Public Library of Science</publisher-name><publisher-loc>San Francisco, USA</publisher-loc></publisher></journal-meta><article-meta><article-id pub-id-type="accession">PMC1904382</article-id><article-id pub-id-type="pmcid">PMC1904382</article-id><article-id pub-id-type="pmc-uid">1904382</article-id><article-id pub-id-type="pmid">17604446</article-id><article-id pub-id-type="pmid">17604446</article-id><article-id pub-id-type="doi">10.1371/journal.pcbi.0030116</article-id><article-id pub-id-type="sici">plcb-03-06-17</article-id><article-categories><subj-group subj-group-type="heading"><subject>Education</subject></subj-group></article-categories><title-group><article-title>Machine Learning and Its Applications to Biology</article-title></title-group><contrib-group><contrib contrib-type="author"><name><surname>Tarca</surname><given-names>Adi L</given-names></name></contrib><contrib contrib-type="author"><name><surname>Carey</surname><given-names>Vincent J</given-names></name></contrib><contrib contrib-type="author"><name><surname>Chen</surname><given-names>Xue-wen</given-names></name></contrib><contrib contrib-type="author"><name><surname>Romero</surname><given-names>Roberto</given-names></name></contrib><contrib contrib-type="author"><name><surname>Drăghici</surname><given-names>Sorin</given-names></name><xref ref-type="corresp" rid="cor1"><sup>*</sup></xref></contrib></contrib-group><contrib-group><contrib contrib-type="editor"><name><surname>Lewitter</surname><given-names>Fran</given-names></name><role>Editor</role><xref ref-type="aff" rid="edit1"/></contrib></contrib-group><aff id="edit1">Whitehead Institute, United States of America</aff><author-notes><corresp id="cor1">* To whom correspondence should be addressed. E-mail: <email>sorin@wayne.edu</email></corresp></author-notes><pub-date pub-type="ppub"><month>6</month><year>2007</year></pub-date><pub-date pub-type="epub"><day>29</day><month>6</month><year>2007</year></pub-date><volume>3</volume><issue>6</issue><elocation-id>e116</elocation-id><permissions><copyright-statement>This is an open-access article distributed under the terms of the Creative Commons Public Domain declaration which stipulates that, once placed in the public domain, this work may be freely reproduced, distributed, transmitted, modified, built upon, or otherwise used by anyone for any lawful purpose.</copyright-statement><copyright-year>2007</copyright-year><license xlink:href="https://creativecommons.org/publicdomain/zero/1.0/"><license-p>This is an open-access article distributed under the terms of the Creative Commons Public Domain declaration, which stipulates that, once placed in the public domain, this work may be freely reproduced, distributed, transmitted, modified, built upon, or otherwise used by anyone for any lawful purpose.</license-p></license></permissions><counts><page-count count="11"/></counts><custom-meta-group><custom-meta><meta-name>citation</meta-name><meta-value>Tarca AL, Carey VJ, Chen XW, Romero R, Drăghici S (2007) Machine learning and its applications to biology. PLoS Comput Biol 3(6): e116. doi:<ext-link ext-link-type="doi" xlink:href="10.1371/journal.pcbi.0030116">10.1371/journal.pcbi.0030116</ext-link></meta-value></custom-meta><custom-meta><meta-name>article-logo</meta-name><meta-value>tutorial_logo.jpg</meta-value></custom-meta></custom-meta-group></article-meta></front></article>