<article xmlns="https://jats.nlm.nih.gov/ns/archiving/1.2/" xmlns:xsi="http://www.w3.org/2001/XMLSchema-instance" xmlns:ali="http://www.niso.org/schemas/ali/1.0/" xmlns:mml="http://www.w3.org/1998/Math/MathML" xmlns:xlink="http://www.w3.org/1999/xlink" xsi:schemaLocation="https://jats.nlm.nih.gov/ns/archiving/1.2/ https://jats.nlm.nih.gov/archiving/1.2/xsd/JATS-archivearticle1.xsd" article-type="other"><front><journal-meta><journal-id journal-id-type="nlm-ta">PLoS Comput Biol</journal-id><journal-id journal-id-type="iso-abbrev">PLoS Comput. Biol</journal-id><journal-id journal-id-type="publisher-id">pcbi</journal-id><journal-id journal-id-type="publisher-id">plcb</journal-id><journal-id journal-id-type="pmc">ploscomp</journal-id><journal-title-group><journal-title>PLoS Computational Biology</journal-title></journal-title-group><issn pub-type="ppub">1553-734X</issn><issn pub-type="epub">1553-7358</issn><publisher><publisher-name>Public Library of Science</publisher-name><publisher-loc>San Francisco, USA</publisher-loc></publisher></journal-meta><article-meta><article-id pub-id-type="accession">PMC1378106</article-id><article-id pub-id-type="pmcid">PMC1378106</article-id><article-id pub-id-type="pmc-uid">1378106</article-id><article-id pub-id-type="pmid">16758006</article-id><article-id pub-id-type="pmid">16758006</article-id><article-id pub-id-type="doi">10.1371/journal.pcbi.0020011</article-id><article-id pub-id-type="publisher-id">06-PLCB-MI-0009R1</article-id><article-id pub-id-type="sici">plcb-02-02-06</article-id><article-categories><subj-group subj-group-type="heading"><subject>Message from ISCB</subject></subj-group><subj-group subj-group-type="Discipline"><subject>Bioinformatics - Computational Biology</subject></subj-group><subj-group subj-group-type="System Taxonomy"><subject>None</subject></subj-group></article-categories><title-group><article-title>ISMB 2006</article-title><alt-title alt-title-type="running-head">Message from ISCB</alt-title></title-group><contrib-group><contrib contrib-type="author"><name><surname>Neshich</surname><given-names>Goran</given-names></name><xref ref-type="corresp" rid="cor1">*</xref></contrib><contrib contrib-type="author"><name><surname>Bourne</surname><given-names>Philip E</given-names></name></contrib><contrib contrib-type="author"><name><surname>Brunak</surname><given-names>Søren</given-names></name></contrib></contrib-group><author-notes><corresp id="cor1">* To whom correspondence should be addressed. E-mail: <email>neshich@cbi.cnptia.embrapa.br</email></corresp><fn id="n103" fn-type="current-aff"><p>Goran Neshich is in the Department of Structural Bioinformatics, Empresa Brasileira de Pesquisa Agropecuária, Informática Agorpecuária, Campinas, São Paulo, Brazil. Philip Bourne is in the Department of Pharmacology, University of California San Diego, La Jolla, California, United States of America, and is Editor-in-Chief of <italic>PLoS Computational Biology</italic>. Søren Brunak is in the Center for Biological Sequence Analysis, Technical University of Denmark, Lyngby, Denmark.</p></fn></author-notes><pub-date pub-type="ppub"><month>2</month><year>2006</year></pub-date><pub-date pub-type="epub"><day>24</day><month>2</month><year>2006</year></pub-date><volume>2</volume><issue>2</issue><elocation-id>e11</elocation-id><permissions><copyright-statement>: © 2006 Neshich et al.</copyright-statement><copyright-year>2006</copyright-year><license xlink:href="http://creativecommons.org/licenses/by/4.0/"><license-p>This is an open-access article distributed under the terms of the Creative Commons Attribution License, which permits unrestricted use, distribution, and reproduction in any medium, provided the original author and source are properly credited.</license-p></license></permissions><counts><page-count count="1"/></counts><custom-meta-group><custom-meta><meta-name><bold>Citation:</bold></meta-name><meta-value>Neshich G, Bourne PE, Brunak S (2006) ISMB 2006. PLoS Comput Biol 2(2): e11.</meta-value></custom-meta></custom-meta-group></article-meta></front></article>