<article xmlns="https://jats.nlm.nih.gov/ns/archiving/1.2/" xmlns:xsi="http://www.w3.org/2001/XMLSchema-instance" xmlns:ali="http://www.niso.org/schemas/ali/1.0/" xmlns:mml="http://www.w3.org/1998/Math/MathML" xmlns:xlink="http://www.w3.org/1999/xlink" xsi:schemaLocation="https://jats.nlm.nih.gov/ns/archiving/1.2/ https://jats.nlm.nih.gov/archiving/1.2/xsd/JATS-archivearticle1.xsd" article-type="research-article"><front><journal-meta><journal-id journal-id-type="nlm-ta">PLoS Comput Biol</journal-id><journal-id journal-id-type="iso-abbrev">PLoS Comput. Biol</journal-id><journal-id journal-id-type="publisher-id">pcbi</journal-id><journal-id journal-id-type="publisher-id">plcb</journal-id><journal-id journal-id-type="pmc">ploscomp</journal-id><journal-title-group><journal-title>PLoS Computational Biology</journal-title></journal-title-group><issn pub-type="ppub">1553-734X</issn><issn pub-type="epub">1553-7358</issn><publisher><publisher-name>Public Library of Science</publisher-name><publisher-loc>San Francisco, USA</publisher-loc></publisher></journal-meta><article-meta><article-id pub-id-type="accession">PMC1797820</article-id><article-id pub-id-type="pmcid">PMC1797820</article-id><article-id pub-id-type="pmc-uid">1797820</article-id><article-id pub-id-type="pmid">17305420</article-id><article-id pub-id-type="pmid">17305420</article-id><article-id pub-id-type="doi">10.1371/journal.pcbi.0030026</article-id><article-id pub-id-type="publisher-id">06-PLCB-RA-0373R2</article-id><article-id pub-id-type="sici">plcb-03-02-11</article-id><article-categories><subj-group subj-group-type="heading"><subject>Research Article</subject></subj-group><subj-group subj-group-type="Discipline"><subject>Computational Biology</subject><subject>Oncology</subject></subj-group><subj-group subj-group-type="System Taxonomy"><subject>In Vitro</subject><subject>Homo (human)</subject></subj-group></article-categories><title-group><article-title>Functional Impact of Missense Variants in BRCA1 Predicted by Supervised Learning</article-title><alt-title alt-title-type="running-head">Predicting the Impact of Missense Variants</alt-title></title-group><contrib-group><contrib contrib-type="author"><name><surname>Karchin</surname><given-names>Rachel</given-names></name><xref ref-type="aff" rid="aff1">1</xref><xref ref-type="aff" rid="aff2">2</xref><xref ref-type="corresp" rid="cor1">*</xref></contrib><contrib contrib-type="author"><name><surname>Monteiro</surname><given-names>Alvaro N. A</given-names></name><xref ref-type="aff" rid="aff3">3</xref></contrib><contrib contrib-type="author"><name><surname>Tavtigian</surname><given-names>Sean V</given-names></name><xref ref-type="aff" rid="aff4">4</xref></contrib><contrib contrib-type="author"><name><surname>Carvalho</surname><given-names>Marcelo A</given-names></name><xref ref-type="aff" rid="aff3">3</xref></contrib><contrib contrib-type="author"><name><surname>Sali</surname><given-names>Andrej</given-names></name><xref ref-type="aff" rid="aff5">5</xref><xref ref-type="aff" rid="aff6">6</xref><xref ref-type="corresp" rid="cor1">*</xref></contrib></contrib-group><aff id="aff1"><label>1</label> Department of Biomedical Engineering, Johns Hopkins University, Baltimore, Maryland, United States of America
</aff><aff id="aff2"><label>2</label> Institute of Computational Medicine, Johns Hopkins University, Baltimore, Maryland, United States of America
</aff><aff id="aff3"><label>3</label> Risk Assessment, Detection, and Intervention Program, H. Lee Moffitt Cancer Center and Research Institute, Tampa, Florida, United States of America
</aff><aff id="aff4"><label>4</label> International Agency for Research on Cancer, Lyon, France
</aff><aff id="aff5"><label>5</label> Department of Pharmaceutical Chemistry, University of California San Francisco, San Francisco, California, United States of America
</aff><aff id="aff6"><label>6</label> California Institute for Quantitative Biomedical Research, University of California San Francisco, San Francisco, California, United States of America
</aff><contrib-group><contrib contrib-type="editor"><name><surname>Tucker-Kellogg</surname><given-names>Greg</given-names></name><role>Editor</role><xref ref-type="aff" rid="edit1"/></contrib></contrib-group><aff id="edit1">Lilly Systems Biology, Singapore</aff><author-notes><corresp id="cor1">* To whom correspondence should be addressed. E-mail: <email>karchin@karchinlab.org</email> (RK); <email>sali@salilab.org</email> (AS)</corresp></author-notes><pub-date pub-type="ppub"><month>2</month><year>2007</year></pub-date><pub-date pub-type="epub"><day>16</day><month>2</month><year>2007</year></pub-date><pub-date pub-type="epreprint"><day>28</day><month>12</month><year>2006</year></pub-date><volume>3</volume><issue>2</issue><elocation-id>e26</elocation-id><history><date date-type="received"><day>5</day><month>9</month><year>2006</year></date><date date-type="accepted"><day>27</day><month>12</month><year>2006</year></date></history><permissions><copyright-statement> © 2007 Karchin et al.</copyright-statement><copyright-year>2007</copyright-year><license xlink:href="http://creativecommons.org/licenses/by/4.0/"><license-p>This is an open-access article distributed under the terms of the Creative Commons Attribution License, which permits unrestricted use, distribution, and reproduction in any medium, provided the original author and source are properly credited.</license-p></license></permissions><!--<related-article preprintResearch Article10.1371/journal.pcbi.0030026.eorsimple>Functional impact of missense variants in BRCA1 predicted by supervised learning</related-article>--><abstract><p>Many individuals tested for inherited cancer susceptibility at the <italic>BRCA1</italic> gene locus are discovered to have variants of unknown clinical significance (UCVs). Most UCVs cause a single amino acid residue (missense) change in the BRCA1 protein. They can be biochemically assayed, but such evaluations are time-consuming and labor-intensive. Computational methods that classify and suggest explanations for UCV impact on protein function can complement functional tests. Here we describe a supervised learning approach to classification of <italic>BRCA1</italic> UCVs. Using a novel combination of 16 predictive features, the algorithms were applied to retrospectively classify the impact of 36 BRCA1 C-terminal <italic>(BRCT)</italic> domain UCVs biochemically assayed to measure transactivation function and to blindly classify 54 documented UCVs. Majority vote of three supervised learning algorithms is in agreement with the assay for more than 94% of the UCVs. Two UCVs found deleterious by both the assay and the classifiers reveal a previously uncharacterized putative binding site. Clinicians may soon be able to use computational classifiers such as those described here to better inform patients. These classifiers can be adapted to other cancer susceptibility genes and systematically applied to prioritize the growing number of potential causative loci and variants found by large-scale disease association studies.</p></abstract><abstract abstract-type="summary"><title>Author Summary</title><sec id="st1"><title/><p>A significant number of breast and ovarian cancers are due to inherited mutations in the BRCA1 and BRCA2 genes. Many women who receive genetic testing for these mutations are found to have variants of the genes that result in changed amino acids in the BRCA1 or BRCA2 proteins. The effect of these variants on cancer risk is not well-understood, posing a problem for patients and their health providers. We describe computational biology methods that predict and analyze the impact of 36 BRCA1 variants on protein function. The predictions are validated by biochemical assays of BRCA1 in yeast and mammalian cell cultures. The speed and accuracy of the computational methods is well-suited to rapid evaluation of large numbers of variants in genes that predispose to inherited diseases.</p></sec></abstract><counts><page-count count="14"/></counts><custom-meta-group><custom-meta><meta-name>citation</meta-name><meta-value>Karchin R, Monteiro ANA, Tavtigian SV, Carvalho MA, Sali A (2007) Functional impact of missense variants in BRCA1 predicted by supervised learning. PLoS Comput Biol 3(2): e26. DOI: <ext-link ext-link-type="doi" xlink:href="10.1371/journal.pcbi.0030026">10.1371/journal.pcbi.0030026</ext-link></meta-value></custom-meta></custom-meta-group></article-meta></front></article>