<article xmlns="https://jats.nlm.nih.gov/ns/archiving/1.2/" xmlns:xsi="http://www.w3.org/2001/XMLSchema-instance" xmlns:ali="http://www.niso.org/schemas/ali/1.0/" xmlns:mml="http://www.w3.org/1998/Math/MathML" xmlns:xlink="http://www.w3.org/1999/xlink" xsi:schemaLocation="https://jats.nlm.nih.gov/ns/archiving/1.2/ https://jats.nlm.nih.gov/archiving/1.2/xsd/JATS-archivearticle1.xsd" article-type="research-article"><front><journal-meta><journal-id journal-id-type="nlm-ta">PLoS Comput Biol</journal-id><journal-id journal-id-type="iso-abbrev">PLoS Comput. Biol</journal-id><journal-id journal-id-type="publisher-id">pcbi</journal-id><journal-id journal-id-type="publisher-id">plcb</journal-id><journal-id journal-id-type="pmc">ploscomp</journal-id><journal-title-group><journal-title>PLoS Computational Biology</journal-title></journal-title-group><issn pub-type="ppub">1553-734X</issn><issn pub-type="epub">1553-7358</issn><publisher><publisher-name>Public Library of Science</publisher-name><publisher-loc>San Francisco, USA</publisher-loc></publisher></journal-meta><article-meta><article-id pub-id-type="accession">PMC1458967</article-id><article-id pub-id-type="pmcid">PMC1458967</article-id><article-id pub-id-type="pmc-uid">1458967</article-id><article-id pub-id-type="pmid">16699596</article-id><article-id pub-id-type="pmid">16699596</article-id><article-id pub-id-type="doi">10.1371/journal.pcbi.0020044</article-id><article-id pub-id-type="publisher-id">05-PLCB-RA-0185R4</article-id><article-id pub-id-type="sici">plcb-02-05-05</article-id><article-categories><subj-group subj-group-type="heading"><subject>Research Article</subject></subj-group><subj-group subj-group-type="Discipline"><subject>Bioinformatics - Computational Biology</subject><subject>Cancer Biology</subject><subject>Cell Biology</subject><subject>Development</subject><subject>Pharmacology - Drug Discovery</subject></subj-group><subj-group subj-group-type="System Taxonomy"><subject>Eukaryotes</subject><subject>Mammals</subject></subj-group></article-categories><title-group><article-title>Spatial Regulation and the Rate of Signal Transduction Activation</article-title><alt-title alt-title-type="running-head">Rate of Signal Transduction Activation</alt-title></title-group><contrib-group><contrib contrib-type="author"><name><surname>Batada</surname><given-names>Nizar N</given-names></name><xref ref-type="aff" rid="aff1">1</xref><xref ref-type="author-notes" rid="n105">¤</xref><xref ref-type="corresp" rid="cor1">*</xref></contrib><contrib contrib-type="author"><name><surname>Shepp</surname><given-names>Larry A</given-names></name><xref ref-type="aff" rid="aff2">2</xref></contrib><contrib contrib-type="author"><name><surname>Siegmund</surname><given-names>David O</given-names></name><xref ref-type="aff" rid="aff3">3</xref></contrib><contrib contrib-type="author"><name><surname>Levitt</surname><given-names>Michael</given-names></name><xref ref-type="aff" rid="aff4">4</xref></contrib></contrib-group><aff id="aff1"><label>1</label> Program in Biophysics, Stanford University, Stanford, California, United States of America
</aff><aff id="aff2"><label>2</label> Department of Statistics, Rutgers University, Piscataway, New Jersey, United States of America
</aff><aff id="aff3"><label>3</label> Department of Statistics, Stanford University, Stanford, California, United States of America
</aff><aff id="aff4"><label>4</label> Department of Structural Biology, Stanford School of Medicine, Stanford, California, United States of America
</aff><contrib-group><contrib contrib-type="editor"><name><surname>Russell</surname><given-names>Robert</given-names></name><role>Editor</role><xref ref-type="aff" rid="edit1"/></contrib></contrib-group><aff id="edit1">European Molecular Biology Laboratory, Germany</aff><author-notes><corresp id="cor1">* To whom correspondence should be addressed. E-mail: <email>nizar.batada@utoronto.ca</email></corresp><fn id="n105" fn-type="present-address"><p>¤ Current address: Samuel Lunenfeld Research Institute, Toronto, Ontario, Canada</p></fn></author-notes><pub-date pub-type="ppub"><month>5</month><year>2006</year></pub-date><pub-date pub-type="epub"><day>12</day><month>5</month><year>2006</year></pub-date><pub-date pub-type="epreprint"><day>22</day><month>3</month><year>2006</year></pub-date><volume>2</volume><issue>5</issue><elocation-id>e44</elocation-id><history><date date-type="received"><day>1</day><month>8</month><year>2005</year></date><date date-type="accepted"><day>21</day><month>3</month><year>2006</year></date></history><permissions><copyright-statement> © 2006 Batada et al.</copyright-statement><copyright-year>2006</copyright-year><license xlink:href="http://creativecommons.org/licenses/by/4.0/"><license-p>This is an open-access article distributed under the terms of the Creative Commons Attribution License, which permits unrestricted use, distribution, and reproduction in any medium, provided the original author and source are properly credited.</license-p></license></permissions><!--<related-article preprintresearch10.1371/journal.pcbi.0020044.eorsimple>Spatial Regulation and the Rate of Signal Transduction Activation</related-article>--><abstract><p>Of the many important signaling events that take place on the surface of a mammalian cell, activation of signal transduction pathways via interactions of cell surface receptors is one of the most important. Evidence suggests that cell surface proteins are not as freely diffusible as implied by the classic fluid mosaic model and that their confinement to membrane domains is regulated. It is unknown whether these dynamic localization mechanisms function to enhance signal transduction activation rate or to minimize cross talk among pathways that share common intermediates. To determine which of these two possibilities is more likely, we derive an explicit equation for the rate at which cell surface membrane proteins interact based on a Brownian motion model in the presence of endocytosis and exocytosis. We find that in the absence of any diffusion constraints, cell surface protein interaction rate is extremely high relative to cytoplasmic protein interaction rate even in a large mammalian cell with a receptor abundance of a mere two hundred molecules. Since a larger number of downstream signaling events needs to take place, each occurring at a much slower rate than the initial activation via association of cell surface proteins, we conclude that the role of co-localization is most likely that of cross-talk reduction rather than coupling efficiency enhancement.</p></abstract><abstract abstract-type="synopsis"><title>Synopsis</title><p>Cells coordinate activities with their neighboring cells by releasing and responding to chemical signals, such as hormones and growth factors. These extracellular signals often are transmitted to the intracellular regulatory machinery through associations of freely diffusing cell surface receptors whose random movement (Brownian motion) results from collisions with thermally agitated lipid molecules. Receptors on the cell surface signaling proteins are co-localized transiently on membrane patches, but how such spatial restriction contributes to signal transduction is unclear. Batada and colleagues set out to determine which is more likely to be the biophysical function of co-localization: increasing coupling efficiency of slowly diffusing membrane proteins or reducing cross talk along pathways with common intermediates. Using a mathematical model to describe Brownian motion–based association of receptors on a 2-D spherical surface, the authors show that the rate of signal transduction initiation is extremely fast compared with the cytoplasmic signal relay events, even when the number of receptors is low. Because enhancement of a process that is already fast is not beneficial to the cell, minimization of detrimental cross talk among pathways is the most likely reason why cells need to co-localize plasma membrane signaling proteins.</p></abstract><counts><page-count count="7"/></counts><custom-meta-group><custom-meta><meta-name>Citation:</meta-name><meta-value>Batada NN, Shepp LA, Siegmund DO, Levitt M (2006) Spatial regulation and the rate of signal transduction activation. PLoS Comput Biol 2(5): e44. DOI: <ext-link ext-link-type="doi" xlink:href="10.1371/journal.pcbi.0020044">10.1371/journal.pcbi.0020044</ext-link></meta-value></custom-meta></custom-meta-group></article-meta></front></article>