<article xmlns="https://jats.nlm.nih.gov/ns/archiving/1.2/" xmlns:xsi="http://www.w3.org/2001/XMLSchema-instance" xmlns:ali="http://www.niso.org/schemas/ali/1.0/" xmlns:mml="http://www.w3.org/1998/Math/MathML" xmlns:xlink="http://www.w3.org/1999/xlink" xsi:schemaLocation="https://jats.nlm.nih.gov/ns/archiving/1.2/ https://jats.nlm.nih.gov/archiving/1.2/xsd/JATS-archivearticle1.xsd" article-type="other"><front><journal-meta><journal-id journal-id-type="nlm-ta">PLoS Comput Biol</journal-id><journal-id journal-id-type="iso-abbrev">PLoS Comput. Biol</journal-id><journal-id journal-id-type="publisher-id">pcbi</journal-id><journal-id journal-id-type="publisher-id">plcb</journal-id><journal-id journal-id-type="pmc">ploscomp</journal-id><journal-title-group><journal-title>PLoS Computational Biology</journal-title></journal-title-group><issn pub-type="ppub">1553-734X</issn><issn pub-type="epub">1553-7358</issn><publisher><publisher-name>Public Library of Science</publisher-name><publisher-loc>San Francisco, USA</publisher-loc></publisher></journal-meta><article-meta><article-id pub-id-type="accession">PMC1904389</article-id><article-id pub-id-type="pmcid">PMC1904389</article-id><article-id pub-id-type="pmc-uid">1904389</article-id><article-id pub-id-type="doi">10.1371/journal.pcbi.0030135</article-id><article-id pub-id-type="sici">plcb-03-06-20</article-id><article-categories><subj-group subj-group-type="heading"><subject>Message from ISCB</subject></subj-group></article-categories><title-group><article-title>The International Society for Computational Biology 10th Anniversary</article-title></title-group><contrib-group><contrib contrib-type="author"><name><surname>Hunter</surname><given-names>Lawrence</given-names></name></contrib><contrib contrib-type="author"><name><surname>Altman</surname><given-names>Russ B</given-names></name></contrib><contrib contrib-type="author"><name><surname>Bourne</surname><given-names>Philip E</given-names></name><xref ref-type="corresp" rid="cor1"><sup>*</sup></xref></contrib></contrib-group><author-notes><corresp id="cor1">* To whom correspondence should be addressed. E-mail: <email>pbourne@ucsd.edu</email>. (General queries about ISCB should be directed to B. J. Morrison McKay at <email>bj@iscb.org</email>.)</corresp></author-notes><pub-date pub-type="ppub"><month>6</month><year>2007</year></pub-date><pub-date pub-type="epub"><day>29</day><month>6</month><year>2007</year></pub-date><volume>3</volume><issue>6</issue><elocation-id>e135</elocation-id><permissions><copyright-statement> © 2007 Hunter et al.</copyright-statement><copyright-year>2007</copyright-year><license xlink:href="http://creativecommons.org/licenses/by/4.0/"><license-p>This is an open-access article distributed under the terms of the Creative Commons Attribution License, which permits unrestricted use, distribution, and reproduction in any medium, provided the original author and source are properly credited.</license-p></license></permissions><counts><page-count count="3"/></counts><custom-meta-group><custom-meta><meta-name>citation</meta-name><meta-value>Hunter L, Altman RB, Bourne PE (2007) The International Society for Computational Biology 10th anniversary. PLoS Comput Biol 3(6): e135. doi:<ext-link ext-link-type="doi" xlink:href="10.1371/journal.ppat.0030135">10.1371/journal.pcbi.0030135</ext-link></meta-value></custom-meta></custom-meta-group></article-meta></front></article>