<article xmlns="https://jats.nlm.nih.gov/ns/archiving/1.2/" xmlns:xsi="http://www.w3.org/2001/XMLSchema-instance" xmlns:ali="http://www.niso.org/schemas/ali/1.0/" xmlns:mml="http://www.w3.org/1998/Math/MathML" xmlns:xlink="http://www.w3.org/1999/xlink" xsi:schemaLocation="https://jats.nlm.nih.gov/ns/archiving/1.2/ https://jats.nlm.nih.gov/archiving/1.2/xsd/JATS-archivearticle1.xsd" article-type="research-article"><front><journal-meta><journal-id journal-id-type="nlm-ta">PLoS Comput Biol</journal-id><journal-id journal-id-type="iso-abbrev">PLoS Comput. Biol</journal-id><journal-id journal-id-type="publisher-id">pcbi</journal-id><journal-id journal-id-type="publisher-id">plcb</journal-id><journal-id journal-id-type="pmc">ploscomp</journal-id><journal-title-group><journal-title>PLoS Computational Biology</journal-title></journal-title-group><issn pub-type="ppub">1553-734X</issn><issn pub-type="epub">1553-7358</issn><publisher><publisher-name>Public Library of Science</publisher-name><publisher-loc>San Francisco, USA</publisher-loc></publisher></journal-meta><article-meta><article-id pub-id-type="accession">PMC1988854</article-id><article-id pub-id-type="pmcid">PMC1988854</article-id><article-id pub-id-type="pmc-uid">1988854</article-id><article-id pub-id-type="pmid">17892319</article-id><article-id pub-id-type="doi">10.1371/journal.pcbi.0030172</article-id><article-id pub-id-type="publisher-id">07-PLCB-RA-0167R2</article-id><article-id pub-id-type="sici">plcb-03-09-12</article-id><article-categories><subj-group subj-group-type="heading"><subject>Research Article</subject></subj-group><subj-group subj-group-type="Discipline"><subject>Biochemistry</subject><subject>Biophysics</subject><subject>Biophysics</subject><subject>Computational Biology</subject><subject>Computer Science</subject></subj-group><subj-group subj-group-type="System Taxonomy"><subject>None</subject></subj-group></article-categories><title-group><article-title>Signal Propagation in Proteins and Relation to Equilibrium Fluctuations</article-title><alt-title alt-title-type="running-head">Residue Fluctuations Determine Communication</alt-title></title-group><contrib-group><contrib contrib-type="author"><name><surname>Chennubhotla</surname><given-names>Chakra</given-names></name><xref ref-type="aff" rid="aff1"/></contrib><contrib contrib-type="author"><name><surname>Bahar</surname><given-names>Ivet</given-names></name><xref ref-type="corresp" rid="cor1">*</xref><xref ref-type="aff" rid="aff1"/></contrib></contrib-group><aff id="aff1">Department of Computational Biology, School of Medicine, University of Pittsburgh, Pittsburgh, Pennsylvania, United States of America</aff><contrib-group><contrib contrib-type="editor"><name><surname>Levitt</surname><given-names>Michael</given-names></name><role>Editor</role><xref ref-type="aff" rid="edit1"/></contrib></contrib-group><aff id="edit1">Stanford University, United States of America</aff><author-notes><corresp id="cor1">* To whom correspondence should be addressed. E-mail: <email>bahar@ccbb.pitt.edu</email></corresp></author-notes><pub-date pub-type="ppub"><month>9</month><year>2007</year></pub-date><pub-date pub-type="epub"><day>21</day><month>9</month><year>2007</year></pub-date><volume>3</volume><issue>9</issue><elocation-id>e172</elocation-id><history><date date-type="received"><day>2</day><month>4</month><year>2007</year></date><date date-type="accepted"><day>20</day><month>7</month><year>2007</year></date></history><permissions><copyright-statement> © 2007 Chennubhotla and Bahar.</copyright-statement><copyright-year>2007</copyright-year><license xlink:href="http://creativecommons.org/licenses/by/4.0/"><license-p>This is an open-access article distributed under the terms of the Creative Commons Attribution License, which permits unrestricted use, distribution, and reproduction in any medium, provided the original author and source are properly credited.</license-p></license></permissions><abstract><p>Elastic network (EN) models have been widely used in recent years for describing protein dynamics, based on the premise that the motions naturally accessible to native structures are relevant to biological function. We posit that equilibrium motions also determine communication mechanisms inherent to the network architecture. To this end, we explore the stochastics of a discrete-time, discrete-state Markov process of information transfer across the network of residues. We measure the communication abilities of residue pairs in terms of hit and commute times, i.e., the number of steps it takes on an average to send and receive signals. Functionally active residues are found to possess enhanced communication propensities, evidenced by their short hit times. Furthermore, secondary structural elements emerge as efficient mediators of communication. The present findings provide us with insights on the topological basis of communication in proteins and design principles for efficient signal transduction. While hit/commute times are information-theoretic concepts, a central contribution of this work is to rigorously show that they have physical origins directly relevant to the equilibrium fluctuations of residues predicted by EN models.</p></abstract><abstract abstract-type="summary"><title>Author Summary</title><sec id="st1"><title/><p>In recent years, there has been a surge in the number of studies using network models for understanding biomolecular systems dynamics. Essentially, two different groups of studies have been performed, driven by two different communities. The first is based on molecular biophysics and statistical mechanical concepts. Normal mode analyses using elastic network models lie in this group. The second is based on information theory and spectral graph methods. The present study demonstrates for the first time that signal transduction events directly depend on the fluctuation dynamics of the biomolecular systems, thus establishing the bridge between the (newly proposed) information-theoretic and the (well-established) physically inspired approaches. We have applied the new approach to five different enzymes. Functionally active residues are shown to possess enhanced communication propensities. Furthermore, secondary structural elements emerge as efficient mediators of communication. These results provide us with important insights for protein design and mechanisms of allostery.</p></sec></abstract><counts><page-count count="11"/></counts><custom-meta-group><custom-meta><meta-name>citation</meta-name><meta-value>Chennubhotla C, Bahar I (2007) Signal propagation in proteins and relation to equilibrium fluctuations. PLoS Comput Biol 3(9): e172.doi:<ext-link ext-link-type="doi" xlink:href="10.1371/journal.pcbi.0030172">10.1371/journal.pcbi.0030172</ext-link></meta-value></custom-meta></custom-meta-group></article-meta></front></article>