<article xmlns="https://jats.nlm.nih.gov/ns/archiving/1.2/" xmlns:xsi="http://www.w3.org/2001/XMLSchema-instance" xmlns:ali="http://www.niso.org/schemas/ali/1.0/" xmlns:mml="http://www.w3.org/1998/Math/MathML" xmlns:xlink="http://www.w3.org/1999/xlink" xsi:schemaLocation="https://jats.nlm.nih.gov/ns/archiving/1.2/ https://jats.nlm.nih.gov/archiving/1.2/xsd/JATS-archivearticle1.xsd" article-type="research-article"><front><journal-meta><journal-id journal-id-type="nlm-ta">PLoS Comput Biol</journal-id><journal-id journal-id-type="iso-abbrev">PLoS Comput. Biol</journal-id><journal-id journal-id-type="publisher-id">pcbi</journal-id><journal-id journal-id-type="publisher-id">plcb</journal-id><journal-id journal-id-type="pmc">ploscomp</journal-id><journal-title-group><journal-title>PLoS Computational Biology</journal-title></journal-title-group><issn pub-type="ppub">1553-734X</issn><issn pub-type="epub">1553-7358</issn><publisher><publisher-name>Public Library of Science</publisher-name><publisher-loc>San Francisco, USA</publisher-loc></publisher></journal-meta><article-meta><article-id pub-id-type="accession">PMC1534073</article-id><article-id pub-id-type="pmcid">PMC1534073</article-id><article-id pub-id-type="pmc-uid">1534073</article-id><article-id pub-id-type="pmid">16895434</article-id><article-id pub-id-type="pmid">16895434</article-id><article-id pub-id-type="doi">10.1371/journal.pcbi.0020102</article-id><article-id pub-id-type="publisher-id">06-PLCB-RA-0111R2</article-id><article-id pub-id-type="sici">plcb-02-08-06</article-id><article-categories><subj-group subj-group-type="heading"><subject>Research Article</subject></subj-group><subj-group subj-group-type="Discipline"><subject>Bioinformatics - Computational Biology</subject><subject>Evolution</subject><subject>Paleontology</subject></subj-group><subj-group subj-group-type="System Taxonomy"><subject>Animals</subject></subj-group></article-categories><title-group><article-title>Insights into the Coupling of Duplication Events and Macroevolution from an Age Profile of Animal Transmembrane Gene Families</article-title><alt-title alt-title-type="running-head">Duplication Events and Macroevolution</alt-title></title-group><contrib-group><contrib contrib-type="author"><name><surname>Ding</surname><given-names>Guohui</given-names></name><xref ref-type="aff" rid="aff1">1</xref><xref ref-type="aff" rid="aff2">2</xref></contrib><contrib contrib-type="author"><name><surname>Kang</surname><given-names>Jiuhong</given-names></name><xref ref-type="aff" rid="aff3">3</xref></contrib><contrib contrib-type="author"><name><surname>Liu</surname><given-names>Qi</given-names></name><xref ref-type="aff" rid="aff1">1</xref></contrib><contrib contrib-type="author"><name><surname>Shi</surname><given-names>Tieliu</given-names></name><xref ref-type="aff" rid="aff1">1</xref></contrib><contrib contrib-type="author"><name><surname>Pei</surname><given-names>Gang</given-names></name><xref ref-type="aff" rid="aff3">3</xref></contrib><contrib contrib-type="author"><name><surname>Li</surname><given-names>Yixue</given-names></name><xref ref-type="aff" rid="aff1">1</xref><xref ref-type="aff" rid="aff4">4</xref><xref ref-type="corresp" rid="cor1">*</xref></contrib></contrib-group><aff id="aff1"><label>1</label> Bioinformatics Center, Shanghai Institutes for Biological Sciences, Chinese Academy of Sciences, Shanghai, People's Republic of China
</aff><aff id="aff2"><label>2</label> Graduate School of the Chinese Academy of Sciences, Shanghai, People's Republic of China
</aff><aff id="aff3"><label>3</label> Institute of Biochemistry and Cell Biology, Chinese Academy of Sciences, Shanghai, People's Republic of China
</aff><aff id="aff4"><label>4</label> Shanghai Center for Bioinformation Technology, Shanghai, People's Republic of China
</aff><contrib-group><contrib contrib-type="editor"><name><surname>Gojobori</surname><given-names>Takashi</given-names></name><role>Editor</role><xref ref-type="aff" rid="edit1"/></contrib></contrib-group><aff id="edit1">National Institute of Genetics, Japan</aff><author-notes><corresp id="cor1">* To whom correspondence should be addressed. E-mail: <email>yxli@sibs.ac.cn</email></corresp></author-notes><pub-date pub-type="ppub"><month>8</month><year>2006</year></pub-date><pub-date pub-type="epub"><day>11</day><month>8</month><year>2006</year></pub-date><pub-date pub-type="epreprint"><day>26</day><month>6</month><year>2006</year></pub-date><volume>2</volume><issue>8</issue><elocation-id>e102</elocation-id><history><date date-type="received"><day>27</day><month>3</month><year>2006</year></date><date date-type="accepted"><day>26</day><month>6</month><year>2006</year></date></history><permissions><copyright-statement> © 2006 Ding et al.</copyright-statement><copyright-year>2006</copyright-year><license xlink:href="http://creativecommons.org/licenses/by/4.0/"><license-p>This is an open-access article distributed under the terms of the Creative Commons Attribution License, which permits unrestricted use, distribution, and reproduction in any medium, provided the original author and source are properly credited.</license-p></license></permissions><!--<related-article preprintresearch10.1371/journal.pcbi.0020102.eorsimple>Insights into the Coupling of Duplication Events and Macroevolution from an Age Profile of Animal Transmembrane Gene Families</related-article>--><abstract><p>The evolution of new gene families subsequent to gene duplication may be coupled to the fluctuation of population and environment variables. Based upon that, we presented a systematic analysis of the animal transmembrane gene duplication events on a macroevolutionary scale by integrating the palaeontology repository. The age of duplication events was calculated by maximum likelihood method, and the age distribution was estimated by density histogram and normal kernel density estimation. We showed that the density of the duplicates displays a positive correlation with the estimates of maximum number of cell types of common ancestors, and the oxidation events played a key role in the major transitions of this density trace. Next, we focused on the Phanerozoic phase, during which more macroevolution data are available. The pulse mass extinction timepoints coincide with the local peaks of the age distribution, suggesting that the transmembrane gene duplicates fixed frequently when the environment changed dramatically. Moreover, a 61-million-year cycle is the most possible cycle in this phase by spectral analysis, which is consistent with the cycles recently detected in biodiversity. Our data thus elucidate a strong coupling of duplication events and macroevolution; furthermore, our method also provides a new way to address these questions.</p></abstract><abstract abstract-type="synopsis"><title>Synopsis</title><p>The interplay of information-processing life and force-driven environment has characterized Earth's evolutionary history since its beginning some 4 billion years ago. The study of macroevolution has seen a growing appreciation of this interplay. Previously, a large-scale effort was mounted to collect and analyze the paleontological and geochemical data. In the meantime, more and more genomes have been sequenced. The growing molecular sequence database with these paleontological data will provide important opportunities to investigate this interplay. Using the transmembrane proteins of 12 genomes, Ding and his colleagues have devised a sophisticated pipeline to date 1,651 duplication events grouped into 786 gene families, and have mapped the distribution of duplication events to the profile of macroevolution. They showed that the oxidation events played a key role in the major transitions of this density trace, and that the pulse mass extinction time points in the Phanerozoic phase coincide with the local peaks of the age distribution. Through some mathematical transformation of the density trace of the transmembrane gene duplicates during the Phanerozoic phase, they reported a potential cycle similar to the cycle detected by paleontologists. They concluded that a dramatically changed environment affected the evolution of life and left some imprint in the molecular level that can be detected.</p></abstract><counts><page-count count="7"/></counts><custom-meta-group><custom-meta><meta-name>citation</meta-name><meta-value>Ding G, Kang J, Liu Q, Shi T, Pei G, et al. (2006) Insights into the coupling of duplication events and macroevolution from an age profile of animal transmembrane gene families. PLoS Comput Biol 2(8): e102. DOI: <ext-link ext-link-type="doi" xlink:href="10.1371/journal.pcbi.0020102">10.1371/journal.pcbi.0020102</ext-link></meta-value></custom-meta></custom-meta-group></article-meta></front></article>