<article xmlns="https://jats.nlm.nih.gov/ns/archiving/1.2/" xmlns:xsi="http://www.w3.org/2001/XMLSchema-instance" xmlns:ali="http://www.niso.org/schemas/ali/1.0/" xmlns:mml="http://www.w3.org/1998/Math/MathML" xmlns:xlink="http://www.w3.org/1999/xlink" xsi:schemaLocation="https://jats.nlm.nih.gov/ns/archiving/1.2/ https://jats.nlm.nih.gov/archiving/1.2/xsd/JATS-archivearticle1.xsd" article-type="research-article"><front><journal-meta><journal-id journal-id-type="nlm-ta">PLoS Comput Biol</journal-id><journal-id journal-id-type="iso-abbrev">PLoS Comput. Biol</journal-id><journal-id journal-id-type="publisher-id">pcbi</journal-id><journal-id journal-id-type="publisher-id">plcb</journal-id><journal-id journal-id-type="pmc">ploscomp</journal-id><journal-title-group><journal-title>PLoS Computational Biology</journal-title></journal-title-group><issn pub-type="ppub">1553-734X</issn><issn pub-type="epub">1553-7358</issn><publisher><publisher-name>Public Library of Science</publisher-name><publisher-loc>San Francisco, USA</publisher-loc></publisher></journal-meta><article-meta><article-id pub-id-type="accession">PMC1236819</article-id><article-id pub-id-type="pmcid">PMC1236819</article-id><article-id pub-id-type="pmc-uid">1236819</article-id><article-id pub-id-type="pmid">16193095</article-id><article-id pub-id-type="pmid">16193095</article-id><article-id pub-id-type="doi">10.1371/journal.pcbi.0010040</article-id><article-id pub-id-type="publisher-id">05-PLCB-RA-0073R4</article-id><article-id pub-id-type="sici">plcb-01-04-05</article-id><article-categories><subj-group subj-group-type="heading"><subject>Research Article</subject></subj-group><subj-group subj-group-type="Discipline"><subject>Bioinformatics - Computational Biology</subject><subject>Genetics/Functional Genomics</subject><subject>Plant Science</subject></subj-group><subj-group subj-group-type="System Taxonomy"><subject>Eukaryotes</subject><subject>Plants</subject><subject>Arabidopsis</subject></subj-group></article-categories><title-group><article-title>Inferring Hypotheses on Functional Relationships of Genes: Analysis of the <italic>Arabidopsis thaliana</italic> Subtilase Gene Family</article-title><alt-title alt-title-type="running-head"><italic>Arabidopsis</italic> Subtilases
</alt-title></title-group><contrib-group><contrib contrib-type="author" equal-contrib="yes"><name><surname>Rautengarten</surname><given-names>Carsten</given-names></name><xref ref-type="aff" rid="aff1">1</xref><xref ref-type="corresp" rid="cor1">*</xref></contrib><contrib contrib-type="author" equal-contrib="yes"><name><surname>Steinhauser</surname><given-names>Dirk</given-names></name><xref ref-type="aff" rid="aff2">2</xref></contrib><contrib contrib-type="author"><name><surname>Büssis</surname><given-names>Dirk</given-names></name><xref ref-type="aff" rid="aff1">1</xref></contrib><contrib contrib-type="author"><name><surname>Stintzi</surname><given-names>Annick</given-names></name><xref ref-type="aff" rid="aff3">3</xref></contrib><contrib contrib-type="author"><name><surname>Schaller</surname><given-names>Andreas</given-names></name><xref ref-type="aff" rid="aff3">3</xref></contrib><contrib contrib-type="author"><name><surname>Kopka</surname><given-names>Joachim</given-names></name><xref ref-type="aff" rid="aff2">2</xref></contrib><contrib contrib-type="author"><name><surname>Altmann</surname><given-names>Thomas</given-names></name><xref ref-type="aff" rid="aff1">1</xref></contrib></contrib-group><aff id="aff1"><label>1</label> Institut für Biochemie und Biologie, Genetik, Universität Potsdam, Golm, Germany
</aff><aff id="aff2"><label>2</label> Max-Planck-Institut für Molekulare Pflanzenphysiologie, Golm, Germany
</aff><aff id="aff3"><label>3</label> Institut für Physiologie und Biotechnologie der Pflanzen, Universität Hohenheim, Stuttgart, Germany
</aff><contrib-group><contrib contrib-type="editor"><name><surname>Alexandrov</surname><given-names>Nikolai N</given-names></name><role>Editor</role><xref ref-type="aff" rid="edit1"/></contrib></contrib-group><aff id="edit1">Ceres Inc., United States of America</aff><author-notes><corresp id="cor1">* To whom correspondence should be addressed. E-mail: <email>rautengarten@mpimp-golm.mpg.de</email></corresp></author-notes><pub-date pub-type="ppub"><month>9</month><year>2005</year></pub-date><pub-date pub-type="epub"><day>23</day><month>9</month><year>2005</year></pub-date><volume>1</volume><issue>4</issue><elocation-id>e40</elocation-id><history><date date-type="received"><day>13</day><month>4</month><year>2005</year></date><date date-type="accepted"><day>16</day><month>8</month><year>2005</year></date></history><permissions><copyright-statement>Copyright: © 2005 Rautengarten et al.</copyright-statement><copyright-year>2005</copyright-year><license xlink:href="http://creativecommons.org/licenses/by/4.0/"><license-p>This is an open-access article distributed under the terms of the Creative Commons Attribution License, which permits unrestricted use, distribution, and reproduction in any medium, provided the original author and source are properly credited.</license-p></license></permissions><abstract><p>The gene family of subtilisin-like serine proteases (subtilases) in <italic>Arabidopsis thaliana</italic> comprises 56 members, divided into six distinct subfamilies. Whereas the members of five subfamilies are similar to pyrolysins, two genes share stronger similarity to animal kexins. Mutant screens confirmed 144 T-DNA insertion lines with knockouts for 55 out of the 56 subtilases. Apart from SDD1, none of the confirmed homozygous mutants revealed any obvious visible phenotypic alteration during growth under standard conditions. Apart from this specific case, forward genetics gave us no hints about the function of the individual 54 non-characterized subtilase genes. Therefore, the main objective of our work was to overcome the shortcomings of the forward genetic approach and to infer alternative experimental approaches by using an integrative bioinformatics and biological approach. Computational analyses based on transcriptional co-expression and co-response pattern revealed at least two expression networks, suggesting that functional redundancy may exist among subtilases with limited similarity. Furthermore, two hubs were identified, which may be involved in signalling or may represent higher-order regulatory factors involved in responses to environmental cues. A particular enrichment of co-regulated genes with metabolic functions was observed for four subtilases possibly representing late responsive elements of environmental stress. The kexin homologs show stronger associations with genes of transcriptional regulation context. Based on the analyses presented here and in accordance with previously characterized subtilases, we propose three main functions of subtilases: involvement in (i) control of development, (ii) protein turnover, and (iii) action as downstream components of signalling cascades. Supplemental material is available in the Plant Subtilase Database (PSDB)
(<ext-link ext-link-type="uri" xlink:href="http://csbdb.mpimp-golm.mpg.de/psdb.html">http://csbdb.mpimp-golm.mpg.de/psdb.html</ext-link>)
, as well as from the CSB.DB (<ext-link ext-link-type="uri" xlink:href="http://csbdb.mpimp-golm.mpg.de">http://csbdb.mpimp-golm.mpg.de</ext-link>).</p></abstract><abstract abstract-type="synopsis"><title>Synopsis</title><p>The first complete plant genome sequence was available for <italic>Arabidopsis thaliana,</italic> a common weed. The number of genes in the <italic>Arabidopsis</italic> genome is estimated to be around 25,000. The functions of most of these gene are, however, still unknown. Many genes are grouped into gene families due to conserved sequences and predicted protein structures. In this article, the large subtilisin-like serine protease (subtilase) family of <italic>Arabidopsis</italic> is analysed. Although 56 subtilase genes have been identified in <italic>Arabidopsis,</italic> the function of only two subtilases is known. Analysis of mutants has revealed no further hints about the function of the other 54 subtilases. Here the authors present a novel approach to infer hypotheses about functions of the subtilase genes using computational analysis. Based on the analyses presented here and in accordance with previously characterized subtilases, they propose three main functions of subtilases: involvement in (i) control of development, (ii) protein degradation, and (iii) signalling. The results presented can be used to direct further analysis to elucidate functions of subtilases in plants.</p></abstract><custom-meta-group><custom-meta><meta-name>Citation:</meta-name><meta-value>Rautengarten C, Steinhauser D, Büssis D, Stintzi A, Schaller A, et al. (2005) Inferring hypotheses on functional relationships of genes: Analysis of the <italic>Arabidopsis thaliana</italic> subtilase gene family. PLoS Comput Biol 1(4): e40.</meta-value></custom-meta></custom-meta-group></article-meta></front></article>