<article xmlns="https://jats.nlm.nih.gov/ns/archiving/1.2/" xmlns:xsi="http://www.w3.org/2001/XMLSchema-instance" xmlns:ali="http://www.niso.org/schemas/ali/1.0/" xmlns:mml="http://www.w3.org/1998/Math/MathML" xmlns:xlink="http://www.w3.org/1999/xlink" xsi:schemaLocation="https://jats.nlm.nih.gov/ns/archiving/1.2/ https://jats.nlm.nih.gov/archiving/1.2/xsd/JATS-archivearticle1.xsd" article-type="research-article"><front><journal-meta><journal-id journal-id-type="nlm-ta">PLoS Comput Biol</journal-id><journal-id journal-id-type="iso-abbrev">PLoS Comput. Biol</journal-id><journal-id journal-id-type="publisher-id">pcbi</journal-id><journal-id journal-id-type="publisher-id">plcb</journal-id><journal-id journal-id-type="pmc">ploscomp</journal-id><journal-title-group><journal-title>PLoS Computational Biology</journal-title></journal-title-group><issn pub-type="ppub">1553-734X</issn><issn pub-type="epub">1553-7358</issn><publisher><publisher-name>Public Library of Science</publisher-name><publisher-loc>San Francisco, USA</publisher-loc></publisher></journal-meta><article-meta><article-id pub-id-type="accession">PMC1994986</article-id><article-id pub-id-type="pmcid">PMC1994986</article-id><article-id pub-id-type="pmc-uid">1994986</article-id><article-id pub-id-type="pmid">17907798</article-id><article-id pub-id-type="doi">10.1371/journal.pcbi.0030186</article-id><article-id pub-id-type="publisher-id">07-PLCB-RA-0128R3</article-id><article-id pub-id-type="sici">plcb-03-09-19</article-id><article-categories><subj-group subj-group-type="heading"><subject>Research Article</subject></subj-group><subj-group subj-group-type="Discipline"><subject>Computational Biology</subject><subject>Evolutionary Biology</subject></subj-group><subj-group subj-group-type="System Taxonomy"><subject>Eubacteria</subject></subj-group></article-categories><title-group><article-title>The Origins of Specificity in Polyketide Synthase Protein Interactions</article-title><alt-title alt-title-type="running-head">Specificity in PKS Protein Interactions</alt-title></title-group><contrib-group><contrib contrib-type="author"><name><surname>Thattai</surname><given-names>Mukund</given-names></name><xref ref-type="aff" rid="aff1">1</xref><xref ref-type="corresp" rid="cor1">*</xref></contrib><contrib contrib-type="author"><name><surname>Burak</surname><given-names>Yoram</given-names></name><xref ref-type="aff" rid="aff2">2</xref></contrib><contrib contrib-type="author"><name><surname>Shraiman</surname><given-names>Boris I</given-names></name><xref ref-type="aff" rid="aff2">2</xref></contrib></contrib-group><aff id="aff1"><label>1</label> National Centre for Biological Sciences, Bangalore, India
</aff><aff id="aff2"><label>2</label> Kavli Institute for Theoretical Physics, University of California Santa Barbara, Santa Barbara, California, United States of America
</aff><contrib-group><contrib contrib-type="editor"><name><surname>Kholsa</surname><given-names>Chaitan</given-names></name><role>Editor</role><xref ref-type="aff" rid="edit1"/></contrib></contrib-group><aff id="edit1">Stanford University, United States of America</aff><author-notes><corresp id="cor1">* To whom correspondence should be addressed. E-mail: <email>thattai@ncbs.res.in</email></corresp></author-notes><pub-date pub-type="ppub"><month>9</month><year>2007</year></pub-date><pub-date pub-type="epub"><day>28</day><month>9</month><year>2007</year></pub-date><volume>3</volume><issue>9</issue><elocation-id>e186</elocation-id><history><date date-type="received"><day>16</day><month>3</month><year>2007</year></date><date date-type="accepted"><day>10</day><month>8</month><year>2007</year></date></history><permissions><copyright-statement> © 2007 Thattai et al.</copyright-statement><copyright-year>2007</copyright-year><license xlink:href="http://creativecommons.org/licenses/by/4.0/"><license-p>This is an open-access article distributed under the terms of the Creative Commons Attribution License, which permits unrestricted use, distribution, and reproduction in any medium, provided the original author and source are properly credited.</license-p></license></permissions><abstract><p>Polyketides, a diverse group of heteropolymers with antibiotic and antitumor properties, are assembled in bacteria by multiprotein chains of modular polyketide synthase (PKS) proteins. Specific protein–protein interactions determine the order of proteins within a multiprotein chain, and thereby the order in which chemically distinct monomers are added to the growing polyketide product. Here we investigate the evolutionary and molecular origins of protein interaction specificity. We focus on the short, conserved N- and C-terminal docking domains that mediate interactions between modular PKS proteins. Our computational analysis, which combines protein sequence data with experimental protein interaction data, reveals a hierarchical interaction specificity code. PKS docking domains are descended from a single ancestral interacting pair, but have split into three phylogenetic classes that are mutually noninteracting. Specificity <italic>within</italic> one such compatibility class is determined by a few key residues, which can be used to define compatibility subclasses. We identify these residues using a novel, highly sensitive co-evolution detection algorithm called CRoSS (correlated residues of statistical significance). The residue pairs selected by CRoSS are involved in direct physical interactions in a docked-domain NMR structure. A single PKS system can use docking domain pairs from multiple classes, as well as domain pairs from multiple subclasses of any given class. The termini of individual proteins are frequently shuffled, but docking domain pairs straddling two interacting proteins are linked as an evolutionary module. The hierarchical and modular organization of the specificity code is intimately related to the processes by which bacteria generate new PKS pathways.</p></abstract><abstract abstract-type="summary"><title>Author Summary</title><sec id="st1"><title/><p>Biomolecular interactions can be extraordinarily specific. In many instances, a protein can select its single correct binding partner from among a large array of closely related candidates. For polyketide synthases (PKSs), a family of bacterial enzymes, such specificity is essential. Like workers on an assembly line, PKSs function as multiprotein chains, each enzyme modifying its substrate before passing it along to the next. And like a well-designed jigsaw puzzle, the overall multiprotein chain is correctly ordered precisely because each component protein can only bind to specific nearest neighbors. A PKS multiprotein chain is held together by sticky “head” and “tail” domains found at either end of each protein, the head of one protein binding to the tail of the next. We looked for patterns in the amino-acid sequences of these domains that could explain why certain head–tail pairs bind, while others do not. We discovered that heads and tails each come in three very different varieties. Mismatched head–tail pairs do not bind at all, while the binding of a matching head–tail pair is governed by the amino acids found at a few key positions on the physical interface between these domains.</p></sec></abstract><counts><page-count count="9"/></counts><custom-meta-group><custom-meta><meta-name>citation</meta-name><meta-value>Thattai M, Burak Y, Shraiman BI (2007) The origins of specificity in polyketide synthase protein interactions. PLoS Comput Biol 3(9): e186. doi:<ext-link ext-link-type="doi" xlink:href="10.1371/journal.pcbi.0030186">10.1371/journal.pcbi.0030186</ext-link></meta-value></custom-meta></custom-meta-group></article-meta></front></article>