<article xmlns="https://jats.nlm.nih.gov/ns/archiving/1.2/" xmlns:xsi="http://www.w3.org/2001/XMLSchema-instance" xmlns:ali="http://www.niso.org/schemas/ali/1.0/" xmlns:mml="http://www.w3.org/1998/Math/MathML" xmlns:xlink="http://www.w3.org/1999/xlink" xsi:schemaLocation="https://jats.nlm.nih.gov/ns/archiving/1.2/ https://jats.nlm.nih.gov/archiving/1.2/xsd/JATS-archivearticle1.xsd" article-type="research-article"><front><journal-meta><journal-id journal-id-type="nlm-ta">PLoS Comput Biol</journal-id><journal-id journal-id-type="iso-abbrev">PLoS Comput. Biol</journal-id><journal-id journal-id-type="publisher-id">pcbi</journal-id><journal-id journal-id-type="publisher-id">plcb</journal-id><journal-id journal-id-type="pmc">ploscomp</journal-id><journal-title-group><journal-title>PLoS Computational Biology</journal-title></journal-title-group><issn pub-type="ppub">1553-734X</issn><issn pub-type="epub">1553-7358</issn><publisher><publisher-name>Public Library of Science</publisher-name><publisher-loc>San Francisco, USA</publisher-loc></publisher></journal-meta><article-meta><article-id pub-id-type="accession">PMC1698941</article-id><article-id pub-id-type="pmcid">PMC1698941</article-id><article-id pub-id-type="pmc-uid">1698941</article-id><article-id pub-id-type="pmid">17173478</article-id><article-id pub-id-type="pmid">17173478</article-id><article-id pub-id-type="doi">10.1371/journal.pcbi.0020163</article-id><article-id pub-id-type="publisher-id">06-PLCB-RA-0218R2</article-id><article-id pub-id-type="sici">plcb-02-12-08</article-id><article-categories><subj-group subj-group-type="heading"><subject>Research Article</subject></subj-group><subj-group subj-group-type="Discipline"><subject>Computational Biology</subject><subject>Computational Biology</subject><subject>Microbiology</subject></subj-group><subj-group subj-group-type="System Taxonomy"><subject>Comparative Genomics</subject><subject>Fur Regulator</subject><subject>Iron Homeostasis</subject><subject>Transcriptional Network</subject><subject>Alpha-Proteobacteria</subject></subj-group></article-categories><title-group><article-title>Computational Reconstruction of Iron- and Manganese-Responsive Transcriptional Networks in α-Proteobacteria</article-title><alt-title alt-title-type="running-head">Regulation of Iron and Manganese Homeostasis</alt-title></title-group><contrib-group><contrib contrib-type="author"><name><surname>Rodionov</surname><given-names>Dmitry A</given-names></name><xref ref-type="aff" rid="aff1">1</xref><xref ref-type="aff" rid="aff2">2</xref><xref ref-type="corresp" rid="cor1">*</xref></contrib><contrib contrib-type="author"><name><surname>Gelfand</surname><given-names>Mikhail S</given-names></name><xref ref-type="aff" rid="aff1">1</xref><xref ref-type="aff" rid="aff3">3</xref></contrib><contrib contrib-type="author"><name><surname>Todd</surname><given-names>Jonathan D</given-names></name><xref ref-type="aff" rid="aff4">4</xref></contrib><contrib contrib-type="author"><name><surname>Curson</surname><given-names>Andrew R. J</given-names></name><xref ref-type="aff" rid="aff4">4</xref></contrib><contrib contrib-type="author"><name><surname>Johnston</surname><given-names>Andrew W. B</given-names></name><xref ref-type="aff" rid="aff4">4</xref></contrib></contrib-group><aff id="aff1"><label>1</label>Institute for Information Transmission Problems, Russian Academy of Sciences, Moscow, Russia
</aff><aff id="aff2"><label>2</label>Burnham Institute for Medical Research, La Jolla, California, United States of America
</aff><aff id="aff3"><label>3</label>Department of Bioengineering and Bioinformatics, Moscow State University, Moscow, Russia
</aff><aff id="aff4"><label>4</label>School of Biological Sciences, University of East Anglia, Norwich, United Kingdom
</aff><contrib-group><contrib contrib-type="editor"><name><surname>O'Brian</surname><given-names>Mark</given-names></name><role>Editor</role><xref ref-type="aff" rid="edit1"/></contrib></contrib-group><aff id="edit1">State University of New York Buffalo, United States of America</aff><author-notes><corresp id="cor1">* To whom correspondence should be addressed. E-mail: <email>rodionov@iitp.ru</email></corresp></author-notes><pub-date pub-type="ppub"><month>12</month><year>2006</year></pub-date><pub-date pub-type="epub"><day>15</day><month>12</month><year>2006</year></pub-date><pub-date pub-type="epreprint"><day>18</day><month>10</month><year>2006</year></pub-date><volume>2</volume><issue>12</issue><elocation-id>e163</elocation-id><history><date date-type="received"><day>6</day><month>6</month><year>2006</year></date><date date-type="accepted"><day>18</day><month>10</month><year>2006</year></date></history><permissions><copyright-statement> © 2006 Rodionov et al.</copyright-statement><copyright-year>2006</copyright-year><license xlink:href="http://creativecommons.org/licenses/by/4.0/"><license-p>This is an open-access article distributed under the terms of the Creative Commons Attribution License, which permits unrestricted use, distribution, and reproduction in any medium, provided the original author and source are properly credited.</license-p></license></permissions><!--<related-article preprintResearch Article10.1371/journal.pcbi.0020163.eorsimple>Computational reconstruction of iron- and manganese-responsive transcriptional networks in alpha-proteobacteria</related-article>--><abstract><p>We used comparative genomics to investigate the distribution of conserved DNA-binding motifs in the regulatory regions of genes involved in iron and manganese homeostasis in alpha-proteobacteria. Combined with other computational approaches, this allowed us to reconstruct the metal regulatory network in more than three dozen species with available genome sequences. We identified several classes of <italic>cis-</italic>acting regulatory DNA motifs (Irr-boxes or ICEs, RirA-boxes, Iron-Rhodo-boxes, Fur-alpha-boxes, Mur-box or MRS, MntR-box, and IscR-boxes) in regulatory regions of various genes involved in iron and manganese uptake, Fe-S and heme biosynthesis, iron storage, and usage. Despite the different nature of the iron regulons in selected lineages of alpha-proteobacteria, the overall regulatory network is consistent with, and confirmed by, many experimental observations. This study expands the range of genes involved in iron homeostasis and demonstrates considerable interconnection between iron-responsive regulatory systems. The detailed comparative and phylogenetic analyses of the regulatory systems allowed us to propose a theory about the possible evolution of Fe and Mn regulons in alpha-proteobacteria. The main evolutionary event likely occurred in the common ancestor of the Rhizobiales and Rhodobacterales, where the Fur protein switched to regulating manganese transporters (and hence Fur had become Mur). In these lineages, the role of global iron homeostasis was taken by RirA and Irr, two transcriptional regulators that act by sensing the physiological consequence of the metal availability rather than its concentration per se, and thus provide for more flexible regulation.</p></abstract><abstract abstract-type="synopsis"><title>Synopsis</title><p>The availability of hundreds of complete genomes allows one to use comparative genomics to describe key metabolic processes and regulatory gene networks. Genome context analyses and comparisons of transcription factor binding sites between genomes offer a powerful approach for functional gene annotation. Reconstruction of transcriptional regulatory networks allows for better understanding of cellular processes, which can be substantiated by direct experimentation. Iron homeostasis in bacteria is conferred by the regulation of various iron uptake transporters, iron storage ferritins, and iron-containing enzymes. In high concentrations, iron is poisonous for the cell, so strict control of iron homeostasis is maintained, mostly at the level of transcription by iron-responsive regulators. Despite their general importance, iron regulatory networks in most bacterial species are not well-understood. In this study, Rodionov and colleagues applied comparative genomic approaches to describe the regulatory network formed by genes involved in iron homeostasis in the alpha subclass of proteobacteria, which have extremely versatile lifestyles. These networks are mediated by a set of various DNA motifs (or regulatory signals) that occur in 5′ gene regions and involve at least six different metal-responsive regulators. This study once again shows the power of comparative genomics in the analysis of complex regulatory networks and their evolution.</p></abstract><counts><page-count count="18"/></counts><custom-meta-group><custom-meta><meta-name>citation</meta-name><meta-value>Rodionov DA, Gelfand MS, Todd JD, Curson ARJ, Johnston AWB (2006) Computational reconstruction of iron- and manganese-responsive transcriptional networks in α-proteobacteria. PLoS Comput Biol 2(12): e163. doi:<ext-link ext-link-type="doi" xlink:href="10.1371/journal.pcbi.0020163">10.1371/journal.pcbi.0020163</ext-link></meta-value></custom-meta></custom-meta-group></article-meta></front></article>