<article xmlns="https://jats.nlm.nih.gov/ns/archiving/1.2/" xmlns:xsi="http://www.w3.org/2001/XMLSchema-instance" xmlns:ali="http://www.niso.org/schemas/ali/1.0/" xmlns:mml="http://www.w3.org/1998/Math/MathML" xmlns:xlink="http://www.w3.org/1999/xlink" xsi:schemaLocation="https://jats.nlm.nih.gov/ns/archiving/1.2/ https://jats.nlm.nih.gov/archiving/1.2/xsd/JATS-archivearticle1.xsd" article-type="research-article"><front><journal-meta><journal-id journal-id-type="nlm-ta">PLoS Comput Biol</journal-id><journal-id journal-id-type="iso-abbrev">PLoS Comput. Biol</journal-id><journal-id journal-id-type="publisher-id">pcbi</journal-id><journal-id journal-id-type="publisher-id">plcb</journal-id><journal-id journal-id-type="pmc">ploscomp</journal-id><journal-title-group><journal-title>PLoS Computational Biology</journal-title></journal-title-group><issn pub-type="ppub">1553-734X</issn><issn pub-type="epub">1553-7358</issn><publisher><publisher-name>Public Library of Science</publisher-name><publisher-loc>San Francisco, USA</publisher-loc></publisher></journal-meta><article-meta><article-id pub-id-type="accession">PMC1630713</article-id><article-id pub-id-type="pmcid">PMC1630713</article-id><article-id pub-id-type="pmc-uid">1630713</article-id><article-id pub-id-type="pmid">17083272</article-id><article-id pub-id-type="pmid">17083272</article-id><article-id pub-id-type="doi">10.1371/journal.pcbi.0020143</article-id><article-id pub-id-type="publisher-id">05-PLCB-RA-0378R4</article-id><article-id pub-id-type="sici">plcb-02-11-02</article-id><article-categories><subj-group subj-group-type="heading"><subject>Research Article</subject></subj-group><subj-group subj-group-type="Discipline"><subject>Bioinformatics - Computational Biology</subject><subject>Evolution</subject><subject>Microbiology</subject></subj-group><subj-group subj-group-type="System Taxonomy"><subject>Eubacteria</subject></subj-group></article-categories><title-group><article-title>The Evolution of Two-Component Systems in Bacteria Reveals Different Strategies for Niche Adaptation</article-title><alt-title alt-title-type="running-head">Evolution of Histidine Protein Kinases</alt-title></title-group><contrib-group><contrib contrib-type="author" equal-contrib="yes"><name><surname>Alm</surname><given-names>Eric</given-names></name><xref ref-type="aff" rid="aff1">1</xref><xref ref-type="aff" rid="aff2">2</xref><xref ref-type="aff" rid="aff3">3</xref></contrib><contrib contrib-type="author" equal-contrib="yes"><name><surname>Huang</surname><given-names>Katherine</given-names></name><xref ref-type="aff" rid="aff1">1</xref><xref ref-type="aff" rid="aff4">4</xref></contrib><contrib contrib-type="author"><name><surname>Arkin</surname><given-names>Adam</given-names></name><xref ref-type="aff" rid="aff1">1</xref><xref ref-type="aff" rid="aff4">4</xref><xref ref-type="aff" rid="aff5">5</xref><xref ref-type="corresp" rid="cor1">*</xref></contrib></contrib-group><aff id="aff1"><label>1</label> The Virtual Institute for Microbial Stress and Survival, Berkeley, California, United States of America
</aff><aff id="aff2"><label>2</label> Department of Civil and Environmental Engineering, Massachusetts Institute of Technology, Cambridge, Massachusetts, United States of America
</aff><aff id="aff3"><label>3</label> Department of Biological Engineering, Massachusetts Institute of Technology, Cambridge, Massachusetts, United States of America
</aff><aff id="aff4"><label>4</label> Physical Biosciences Division, Lawrence Berkeley National Laboratory, Berkeley, California, United States of America
</aff><aff id="aff5"><label>5</label> Department of Bioengineering, University of California Berkeley, Berkeley, California United States of America
</aff><contrib-group><contrib contrib-type="editor"><name><surname>Bourne</surname><given-names>Philip E</given-names></name><role>Editor</role><xref ref-type="aff" rid="edit1"/></contrib></contrib-group><aff id="edit1">University of California San Diego, United States of America</aff><author-notes><corresp id="cor1">* To whom correspondence should be addressed. E-mail: <email>aparkin@lbl.gov</email></corresp></author-notes><pub-date pub-type="ppub"><month>11</month><year>2006</year></pub-date><pub-date pub-type="epub"><day>3</day><month>11</month><year>2006</year></pub-date><volume>2</volume><issue>11</issue><elocation-id>e143</elocation-id><history><date date-type="received"><day>30</day><month>12</month><year>2005</year></date><date date-type="accepted"><day>19</day><month>9</month><year>2006</year></date></history><permissions><copyright-statement> © 2006 Alm et al.</copyright-statement><copyright-year>2006</copyright-year><license xlink:href="http://creativecommons.org/licenses/by/4.0/"><license-p>This is an open-access article distributed under the terms of the Creative Commons Attribution License, which permits unrestricted use, distribution, and reproduction in any medium, provided the original author and source are properly credited.</license-p></license></permissions><abstract><p>Two-component systems including histidine protein kinases represent the primary signal transduction paradigm in prokaryotic organisms. To understand how these systems adapt to allow organisms to detect niche-specific signals, we analyzed the phylogenetic distribution of nearly 5,000 histidine protein kinases from 207 sequenced prokaryotic genomes. We found that many genomes carry a large repertoire of recently evolved signaling genes, which may reflect selective pressure to adapt to new environmental conditions. Both lineage-specific gene family expansion and horizontal gene transfer play major roles in the introduction of new histidine kinases into genomes; however, there are differences in how these two evolutionary forces act. Genes imported via horizontal transfer are more likely to retain their original functionality as inferred from a similar complement of signaling domains, while gene family expansion accompanied by domain shuffling appears to be a major source of novel genetic diversity. Family expansion is the dominant source of new histidine kinase genes in the genomes most enriched in signaling proteins, and detailed analysis reveals that divergence in domain structure and changes in expression patterns are hallmarks of recent expansions. Finally, while these two modes of gene acquisition are widespread across bacterial taxa, there are clear species-specific preferences for which mode is used.</p></abstract><abstract abstract-type="synopsis"><title>Synopsis</title><p>Pathways containing histidine protein kinases (HPKs) represent a key mechanism for signal transduction, especially in bacteria. These systems help cells to sense and respond to their environment by detecting external cues and effecting internal responses such as changes in gene expression. As such, they are believed to play a key role in niche adaptation, yet their evolution is difficult to study due to the large number of paralogous subfamilies. This work extends previous large-scale gene evolution studies by considering complex paralogy relationships, and uncovers an abundance of horizontal transfers, gene duplications, and domain shuffling that have marked the evolutionary history of HPKs. An important finding of this study is qualitative differences between the main strategies for acquiring new HPKs (horizontal gene transfer and gene duplication). Hallmarks of the latter process include domain shuffling and the generation of “orphan” HPKs not co-transcribed with a cognate response regulator.</p></abstract><counts><page-count count="14"/></counts><custom-meta-group><custom-meta><meta-name>citation</meta-name><meta-value>Alm E, Huang K, Arkin A (2006) The evolution of two-component systems in bacteria reveals different strategies for niche adaptation. PLoS Comput Biol 2(11): e143. doi:<ext-link ext-link-type="doi" xlink:href="10.1371/journal.pcbi.0020143">10.1371/journal.pcbi.0020143</ext-link></meta-value></custom-meta></custom-meta-group></article-meta></front></article>