<article xmlns="https://jats.nlm.nih.gov/ns/archiving/1.2/" xmlns:xsi="http://www.w3.org/2001/XMLSchema-instance" xmlns:ali="http://www.niso.org/schemas/ali/1.0/" xmlns:mml="http://www.w3.org/1998/Math/MathML" xmlns:xlink="http://www.w3.org/1999/xlink" xsi:schemaLocation="https://jats.nlm.nih.gov/ns/archiving/1.2/ https://jats.nlm.nih.gov/archiving/1.2/xsd/JATS-archivearticle1.xsd" article-type="research-article"><front><journal-meta><journal-id journal-id-type="nlm-ta">PLoS Comput Biol</journal-id><journal-id journal-id-type="iso-abbrev">PLoS Comput. Biol</journal-id><journal-id journal-id-type="publisher-id">pcbi</journal-id><journal-id journal-id-type="publisher-id">plcb</journal-id><journal-id journal-id-type="pmc">ploscomp</journal-id><journal-title-group><journal-title>PLoS Computational Biology</journal-title></journal-title-group><issn pub-type="ppub">1553-734X</issn><issn pub-type="epub">1553-7358</issn><publisher><publisher-name>Public Library of Science</publisher-name><publisher-loc>San Francisco, USA</publisher-loc></publisher></journal-meta><article-meta><article-id pub-id-type="accession">PMC1914372</article-id><article-id pub-id-type="pmcid">PMC1914372</article-id><article-id pub-id-type="pmc-uid">1914372</article-id><article-id pub-id-type="pmid">17630827</article-id><article-id pub-id-type="pmid">17630827</article-id><article-id pub-id-type="doi">10.1371/journal.pcbi.0030133</article-id><article-id pub-id-type="publisher-id">07-PLCB-RA-0045R2</article-id><article-id pub-id-type="sici">plcb-03-07-09</article-id><article-categories><subj-group subj-group-type="heading"><subject>Research Article</subject></subj-group><subj-group subj-group-type="Discipline"><subject>Computational Biology</subject><subject>Computational Biology</subject><subject>Ecology</subject><subject>Ecology</subject><subject>Infectious Diseases</subject><subject>Infectious Diseases</subject><subject>Infectious Diseases</subject><subject>Mathematics</subject><subject>Virology</subject><subject>Virology</subject><subject>Virology</subject></subj-group><subj-group subj-group-type="System Taxonomy"><subject>Viruses</subject><subject>Homo (Human)</subject></subj-group></article-categories><title-group><article-title>Optimal Timing and Duration of Induction Therapy for HIV-1 Infection</article-title><alt-title alt-title-type="running-head">Optimized Induction-Maintenance Therapy</alt-title></title-group><contrib-group><contrib contrib-type="author"><name><surname>Curlin</surname><given-names>Marcel E</given-names></name><xref ref-type="aff" rid="aff1">1</xref><xref ref-type="aff" rid="aff2">2</xref></contrib><contrib contrib-type="author"><name><surname>Iyer</surname><given-names>Shyamala</given-names></name><xref ref-type="aff" rid="aff2">2</xref></contrib><contrib contrib-type="author"><name><surname>Mittler</surname><given-names>John E</given-names></name><xref ref-type="aff" rid="aff2">2</xref><xref ref-type="corresp" rid="cor1">*</xref></contrib></contrib-group><aff id="aff1"><label>1</label> Department of Medicine, University of Washington, Seattle, Washington, United States of America
</aff><aff id="aff2"><label>2</label> Department of Microbiology, University of Washington, Seattle, Washington, United States of America
</aff><contrib-group><contrib contrib-type="editor"><name><surname>Ferguson</surname><given-names>Neil M</given-names></name><role>Editor</role><xref ref-type="aff" rid="edit1"/></contrib></contrib-group><aff id="edit1">Imperial College London, United Kingdom</aff><author-notes><corresp id="cor1">* To whom correspondence should be addressed. E-mail: <email>jmittler@u.washington.edu</email></corresp></author-notes><pub-date pub-type="ppub"><month>7</month><year>2007</year></pub-date><pub-date pub-type="epub"><day>13</day><month>7</month><year>2007</year></pub-date><volume>3</volume><issue>7</issue><elocation-id>e133</elocation-id><history><date date-type="received"><day>29</day><month>1</month><year>2007</year></date><date date-type="accepted"><day>29</day><month>5</month><year>2007</year></date></history><permissions><copyright-statement> © 2007 Curlin et al.</copyright-statement><copyright-year>2007</copyright-year><license xlink:href="http://creativecommons.org/licenses/by/4.0/"><license-p>This is an open-access article distributed under the terms of the Creative Commons Attribution License, which permits unrestricted use, distribution, and reproduction in any medium, provided the original author and source are properly credited.</license-p></license></permissions><abstract><p>The tradeoff between the need to suppress drug-resistant viruses and the problem of treatment toxicity has led to the development of various drug-sparing HIV-1 treatment strategies. Here we use a stochastic simulation model for viral dynamics to investigate how the timing and duration of the induction phase of induction–maintenance therapies might be optimized. Our model suggests that under a variety of biologically plausible conditions, 6–10 mo of induction therapy are needed to achieve durable suppression and maximize the probability of eradicating viruses resistant to the maintenance regimen. For induction regimens of more limited duration, a <italic>delayed</italic>-induction or -intensification period initiated sometime after the start of maintenance therapy appears to be optimal. The optimal delay length depends on the fitness of resistant viruses and the rate at which target-cell populations recover after therapy is initiated. These observations have implications for both the timing and the kinds of drugs selected for induction–maintenance and therapy-intensification strategies.</p></abstract><abstract abstract-type="summary"><title>Author Summary</title><sec id="st1"><title/><p>Clinicians treating HIV infection must balance the need to suppress viral replication against the harmful side effects and significant cost of antiretroviral therapy. Inadequate therapy often results in the emergence of resistant viruses and treatment failure. These difficulties are especially acute in resource-poor settings, where antiretroviral agents are limited. This has prompted an interest in induction–maintenance (IM) treatment strategies, in which brief intensive therapy is used to reduce host viral levels. Induction is followed by a simplified and more easily tolerated maintenance regimen. IM approaches remain an unproven concept in HIV therapy. We have developed a mathematical model to simulate clinical responses to antiretroviral drug therapy. We account for latent infection, partial drug efficacy, cross-resistance, viral recombination, and other factors. This model accurately reflects expected outcomes under single, double, and standard three-drug antiretroviral therapy. When applied to IM therapy, we find that (1) IM is expected to be successful beyond 3 y under a variety of conditions; (2) short-term induction therapy is optimally started several days to weeks after the start of maintenance; and (3) IM therapy may eradicate some preexisting drug-resistant viral strains from the host. Our simulations may help develop new treatment strategies and optimize future clinical trials.</p></sec></abstract><counts><page-count count="18"/></counts><custom-meta-group><custom-meta><meta-name>citation</meta-name><meta-value>Curlin ME, Iyer S, Mittler JE (2007) Optimal timing and duration of induction therapy for HIV-1 Infection. PLoS Comput Biol 3(7): e133. doi:<ext-link ext-link-type="doi" xlink:href="10.1371/journal.pcbi.0030133">10.1371/journal.pcbi.0030133</ext-link></meta-value></custom-meta></custom-meta-group></article-meta></front></article>