<article xmlns="https://jats.nlm.nih.gov/ns/archiving/1.2/" xmlns:xsi="http://www.w3.org/2001/XMLSchema-instance" xmlns:ali="http://www.niso.org/schemas/ali/1.0/" xmlns:mml="http://www.w3.org/1998/Math/MathML" xmlns:xlink="http://www.w3.org/1999/xlink" xsi:schemaLocation="https://jats.nlm.nih.gov/ns/archiving/1.2/ https://jats.nlm.nih.gov/archiving/1.2/xsd/JATS-archivearticle1.xsd" article-type="research-article"><front><journal-meta><journal-id journal-id-type="nlm-ta">PLoS Comput Biol</journal-id><journal-id journal-id-type="iso-abbrev">PLoS Comput. Biol</journal-id><journal-id journal-id-type="publisher-id">pcbi</journal-id><journal-id journal-id-type="publisher-id">plcb</journal-id><journal-id journal-id-type="pmc">ploscomp</journal-id><journal-title-group><journal-title>PLoS Computational Biology</journal-title></journal-title-group><issn pub-type="ppub">1553-734X</issn><issn pub-type="epub">1553-7358</issn><publisher><publisher-name>Public Library of Science</publisher-name><publisher-loc>San Francisco, USA</publisher-loc></publisher></journal-meta><article-meta><article-id pub-id-type="accession">PMC1359070</article-id><article-id pub-id-type="pmcid">PMC1359070</article-id><article-id pub-id-type="pmc-uid">1359070</article-id><article-id pub-id-type="pmid">16462939</article-id><article-id pub-id-type="pmid">16462939</article-id><article-id pub-id-type="doi">10.1371/journal.pcbi.0020009</article-id><article-id pub-id-type="publisher-id">05-PLCB-RA-0259R2</article-id><article-id pub-id-type="sici">plcb-02-02-01</article-id><article-categories><subj-group subj-group-type="heading"><subject>Research Article</subject></subj-group><subj-group subj-group-type="Discipline"><subject>Bioinformatics - Computational Biology</subject><subject>Molecular Biology - Structural Biology</subject></subj-group><subj-group subj-group-type="System Taxonomy"><subject>None</subject></subj-group></article-categories><title-group><article-title>Traditional Biomolecular Structure Determination by NMR Spectroscopy Allows for Major Errors</article-title><alt-title alt-title-type="running-head">Errors in NMR Structures</alt-title></title-group><contrib-group><contrib contrib-type="author"><name><surname>Nabuurs</surname><given-names>Sander B</given-names></name><xref ref-type="aff" rid="aff1">1</xref></contrib><contrib contrib-type="author"><name><surname>Spronk</surname><given-names>Chris A. E. M</given-names></name><xref ref-type="aff" rid="aff1">1</xref></contrib><contrib contrib-type="author"><name><surname>Vuister</surname><given-names>Geerten W</given-names></name><xref ref-type="aff" rid="aff2">2</xref><xref ref-type="corresp" rid="cor1">*</xref></contrib><contrib contrib-type="author"><name><surname>Vriend</surname><given-names>Gert</given-names></name><xref ref-type="aff" rid="aff1">1</xref><xref ref-type="corresp" rid="cor1">*</xref></contrib></contrib-group><aff id="aff1"><label>1</label> Center for Molecular and Biomolecular Informatics, Nijmegen Center for Molecular Life Sciences, Radboud University, Nijmegen, Netherlands
</aff><aff id="aff2"><label>2</label> Department of Biophysical Chemistry, Institute for Molecules and Materials, Radboud University, Nijmegen, Netherlands
</aff><contrib-group><contrib contrib-type="editor"><name><surname>Bourne</surname><given-names>Phillip</given-names></name><role>Editor</role><xref ref-type="aff" rid="edit1"/></contrib></contrib-group><aff id="edit1">University of California San Diego, United States of America</aff><author-notes><corresp id="cor1">* To whom correspondence should be addressed. E-mail: <email>G.Vuister@science.ru.nl</email> (GWV); <email>G.Vriend@cmbi.ru.nl</email> (GV)</corresp></author-notes><pub-date pub-type="ppub"><month>2</month><year>2006</year></pub-date><pub-date pub-type="epub"><day>3</day><month>2</month><year>2006</year></pub-date><pub-date pub-type="epreprint"><day>29</day><month>12</month><year>2005</year></pub-date><volume>2</volume><issue>2</issue><elocation-id>e9</elocation-id><history><date date-type="received"><day>28</day><month>9</month><year>2005</year></date><date date-type="accepted"><day>29</day><month>12</month><year>2005</year></date></history><permissions><copyright-statement> © 2006 Nabuurs et al.</copyright-statement><copyright-year>2006</copyright-year><license xlink:href="http://creativecommons.org/licenses/by/4.0/"><license-p>This is an open-access article distributed under the terms of the Creative Commons Attribution License, which permits unrestricted use, distribution, and reproduction in any medium, provided the original author and source are properly credited.</license-p></license></permissions><!--<related-article preprintresearch10.1371/journal.pcbi.0020009.eorsimple>Traditional Biomolecular Structure Determination by NMR Spectroscopy Allows for Major Errors</related-article>--><abstract><p>One of the major goals of structural genomics projects is to determine the three-dimensional structure of representative members of as many different fold families as possible. Comparative modeling is expected to fill the remaining gaps by providing structural models of homologs of the experimentally determined proteins. However, for such an approach to be successful it is essential that the quality of the experimentally determined structures is adequate. In an attempt to build a homology model for the protein dynein light chain 2A (DLC2A) we found two potential templates, both experimentally determined nuclear magnetic resonance (NMR) structures originating from structural genomics efforts. Despite their high sequence identity (96%), the folds of the two structures are markedly different. This urged us to perform in-depth analyses of both structure ensembles and the deposited experimental data, the results of which clearly identify one of the two models as largely incorrect. Next, we analyzed the quality of a large set of recent NMR-derived structure ensembles originating from both structural genomics projects and individual structure determination groups. Unfortunately, a visual inspection of structures exhibiting lower quality scores than DLC2A reveals that the seriously flawed DLC2A structure is not an isolated incident. Overall, our results illustrate that the quality of NMR structures cannot be reliably evaluated using only traditional experimental input data and overall quality indicators as a reference and clearly demonstrate the urgent need for a tight integration of more sophisticated structure validation tools in NMR structure determination projects. In contrast to common methodologies where structures are typically evaluated as a whole, such tools should preferentially operate on a per-residue basis.</p></abstract><abstract abstract-type="synopsis"><title>Synopsis</title><p>Three-dimensional biomolecular structures provide an invaluable source of biologically relevant information. To be able to learn the most of the wealth of information that these structures can provide us, it is of great importance that the quality and accuracy of the protein structure models deposited in the Protein Data Bank are as high as possible. In this work, the authors describe an analysis that illustrates that this is unfortunately not the case for many protein structures solved using nuclear magnetic resonance spectroscopy. They present an example in which two strikingly different models describing the same protein are analyzed using commonly available structure validation tools, and the results of this analysis show one of the two models to be incorrect. Subsequently, using a large set of recently determined structures, the authors demonstrate that unfortunately this example does not stand on its own. The analyses and examples clearly illustrate that relying solely on the experimental data to evaluate structural quality can provide a false sense of correctness and the combination of multiple sophisticated structure validation tools is required to detect the presence of errors in protein nuclear magnetic resonance structures.</p></abstract><counts><page-count count="9"/></counts><custom-meta-group><custom-meta><meta-name>Citation:</meta-name><meta-value>Nabuurs SB, Spronk CAEM, Vuister GW, Vriend G (2006) Traditional biomolecular structure determination by NMR spectroscopy allows for major errors. PLoS Comput Biol 2(2): e9.</meta-value></custom-meta></custom-meta-group></article-meta></front></article>