<article xmlns="https://jats.nlm.nih.gov/ns/archiving/1.2/" xmlns:xsi="http://www.w3.org/2001/XMLSchema-instance" xmlns:ali="http://www.niso.org/schemas/ali/1.0/" xmlns:mml="http://www.w3.org/1998/Math/MathML" xmlns:xlink="http://www.w3.org/1999/xlink" xsi:schemaLocation="https://jats.nlm.nih.gov/ns/archiving/1.2/ https://jats.nlm.nih.gov/archiving/1.2/xsd/JATS-archivearticle1.xsd" article-type="research-article"><front><journal-meta><journal-id journal-id-type="nlm-ta">PLoS Comput Biol</journal-id><journal-id journal-id-type="iso-abbrev">PLoS Comput. Biol</journal-id><journal-id journal-id-type="publisher-id">pcbi</journal-id><journal-id journal-id-type="publisher-id">plcb</journal-id><journal-id journal-id-type="pmc">ploscomp</journal-id><journal-title-group><journal-title>PLoS Computational Biology</journal-title></journal-title-group><issn pub-type="ppub">1553-734X</issn><issn pub-type="epub">1553-7358</issn><publisher><publisher-name>Public Library of Science</publisher-name></publisher></journal-meta><article-meta><article-id pub-id-type="accession">PMC1183507</article-id><article-id pub-id-type="pmcid">PMC1183507</article-id><article-id pub-id-type="pmc-uid">1183507</article-id><article-id pub-id-type="pmid">16103898</article-id><article-id pub-id-type="pmid">16103898</article-id><article-id pub-id-type="doi">10.1371/journal.pcbi.0010001</article-id><article-id pub-id-type="publisher-id">05-PLCB-RA-0002</article-id><article-id pub-id-type="sici">plcb-01-01-07</article-id><article-categories><subj-group subj-group-type="heading"><subject>Research Article</subject></subj-group></article-categories><title-group><article-title>Ab Initio Prediction of Transcription Factor Targets Using Structural Knowledge</article-title><alt-title alt-title-type="running-head">Ab Initio Prediction of Target Genes</alt-title></title-group><contrib-group><contrib contrib-type="author"><name><surname>Kaplan</surname><given-names>Tommy</given-names></name><xref ref-type="aff" rid="aff1">1</xref><xref ref-type="aff" rid="aff2">2</xref></contrib><contrib contrib-type="author"><name><surname>Friedman</surname><given-names>Nir</given-names></name><xref ref-type="aff" rid="aff1">1</xref><xref ref-type="corresp" rid="cor1">*</xref></contrib><contrib contrib-type="author"><name><surname>Margalit</surname><given-names>Hanah</given-names></name><xref ref-type="aff" rid="aff2">2</xref><xref ref-type="corresp" rid="cor1">*</xref></contrib></contrib-group><aff id="aff1"><label>1</label> School of Computer Science and Engineering, The Hebrew University, Jerusalem, Israel
</aff><aff id="aff2"><label>2</label> Department of Molecular Genetics and Biotechnology, Faculty of Medicine, The Hebrew University, Jerusalem, Israel
</aff><contrib-group><contrib contrib-type="editor"><name><surname>Sali</surname><given-names>Andrej</given-names></name><role>Editor</role><xref ref-type="aff" rid="edit1"/></contrib></contrib-group><aff id="edit1">University of California at San Francisco, United States of America</aff><author-notes><corresp id="cor1">*To whom correspondence should be addressed. E-mail: <email>nir@cs.huji.ac.il</email> (NF), <email>hanah@md.huji.ac.il</email> (HM)</corresp></author-notes><pub-date pub-type="ppub"><month>6</month><year>2005</year></pub-date><pub-date pub-type="epub"><day>24</day><month>6</month><year>2005</year></pub-date><volume>1</volume><issue>1</issue><elocation-id>e1</elocation-id><history><date date-type="received"><day>10</day><month>1</month><year>2005</year></date><date date-type="accepted"><day>11</day><month>2</month><year>2005</year></date></history><permissions><copyright-statement>Copyright: © 2005 Kaplan et al.</copyright-statement><copyright-year>2005</copyright-year><license xlink:href="http://creativecommons.org/licenses/by/4.0/"><license-p>This is an open-access article distributed under the terms of the Creative Commons Attribution License, which permits unrestricted use, distribution, and reproduction in any medium, provided the original author and source are properly credited.</license-p></license></permissions><abstract><p>Current approaches for identification and detection of transcription factor binding sites rely on an extensive set of known target genes. Here we describe a novel structure-based approach applicable to transcription factors with no prior binding data. Our approach combines sequence data and structural information to infer context-specific amino acid–nucleotide recognition preferences. These are used to predict binding sites for novel transcription factors from the same structural family. We demonstrate our approach on the Cys<sub>2</sub>His<sub>2</sub> Zinc Finger protein family, and show that the learned DNA-recognition preferences are compatible with experimental results. We use these preferences to perform a genome-wide scan for direct targets of <italic>Drosophila melanogaster</italic> Cys<sub>2</sub>His<sub>2</sub> transcription factors. By analyzing the predicted targets along with gene annotation and expression data we infer the function and activity of these proteins.</p></abstract><abstract abstract-type="synopsis"><title>Synopsis</title><sec id="st1"><title/><p>Cells respond to dynamic changes in their environment by invoking various cellular processes, coordinated by a complex regulatory program. A main component of this program is the regulation of transcription, which is mainly accomplished by transcription factors that bind the DNA in the vicinity of genes. To better understand transcriptional regulation, advanced computational approaches are needed for linking between transcription factors and their targets. The authors describe a novel approach by which the binding site of a given transcription factor can be characterized without previous experimental binding data. This approach involves learning a set of context-specific amino acid–nucleotide recognition preferences that, when combined with the sequence and structure of the protein, can predict its specific binding preferences. Applying this approach to the Cys<sub>2</sub>His<sub>2</sub> Zinc Finger protein family demonstrated its genome-wide potential by automatically predicting the direct targets of 29 regulators in the genome of the fruit fly <italic>Drosophila melanogaster.</italic> At present, with the availability of many genome sequences, there are numerous proteins annotated as transcription factors based on their sequence alone. This approach offers a promising direction for revealing the targets of these factors and for understanding their roles in the cellular network.</p></sec></abstract><counts><page-count count="9"/></counts><custom-meta-group><custom-meta><meta-name>Citation:</meta-name><meta-value>Kaplan T, Friedman N, Margalit H (2005) Ab initio prediction of transcription factor targets using structural knowledge. PLoS Comput Biol 1(1): e1.</meta-value></custom-meta></custom-meta-group></article-meta></front></article>