<article xmlns="https://jats.nlm.nih.gov/ns/archiving/1.2/" xmlns:xsi="http://www.w3.org/2001/XMLSchema-instance" xmlns:ali="http://www.niso.org/schemas/ali/1.0/" xmlns:mml="http://www.w3.org/1998/Math/MathML" xmlns:xlink="http://www.w3.org/1999/xlink" xsi:schemaLocation="https://jats.nlm.nih.gov/ns/archiving/1.2/ https://jats.nlm.nih.gov/archiving/1.2/xsd/JATS-archivearticle1.xsd" article-type="research-article"><front><journal-meta><journal-id journal-id-type="nlm-ta">PLoS Comput Biol</journal-id><journal-id journal-id-type="iso-abbrev">PLoS Comput. Biol</journal-id><journal-id journal-id-type="publisher-id">pcbi</journal-id><journal-id journal-id-type="publisher-id">plcb</journal-id><journal-id journal-id-type="pmc">ploscomp</journal-id><journal-title-group><journal-title>PLoS Computational Biology</journal-title></journal-title-group><issn pub-type="ppub">1553-734X</issn><issn pub-type="epub">1553-7358</issn><publisher><publisher-name>Public Library of Science</publisher-name><publisher-loc>San Francisco, USA</publisher-loc></publisher></journal-meta><article-meta><article-id pub-id-type="accession">PMC1994977</article-id><article-id pub-id-type="pmcid">PMC1994977</article-id><article-id pub-id-type="pmc-uid">1994977</article-id><article-id pub-id-type="pmid">17907794</article-id><article-id pub-id-type="doi">10.1371/journal.pcbi.0030174</article-id><article-id pub-id-type="publisher-id">07-PLCB-RA-0084R2</article-id><article-id pub-id-type="sici">plcb-03-09-17</article-id><article-categories><subj-group subj-group-type="heading"><subject>Research Article</subject></subj-group><subj-group subj-group-type="Discipline"><subject>Computational Biology</subject><subject>Computational Biology</subject></subj-group><subj-group subj-group-type="System Taxonomy"><subject>None</subject></subj-group></article-categories><title-group><article-title>A Computational Approach to the Functional Screening of Genomes</article-title><alt-title alt-title-type="running-head">Functional Screening of Genomes</alt-title></title-group><contrib-group><contrib contrib-type="author"><name><surname>Chiarugi</surname><given-names>Davide</given-names></name><xref ref-type="aff" rid="aff1">1</xref></contrib><contrib contrib-type="author"><name><surname>Degano</surname><given-names>Pierpaolo</given-names></name><xref ref-type="aff" rid="aff2">2</xref></contrib><contrib contrib-type="author"><name><surname>Marangoni</surname><given-names>Roberto</given-names></name><xref ref-type="aff" rid="aff2">2</xref><xref ref-type="corresp" rid="cor1">*</xref></contrib></contrib-group><aff id="aff1"><label>1</label> Dipartimento di Matematica e Informatica, Università di Siena, Siena, Italy
</aff><aff id="aff2"><label>2</label> Dipartimento di Informatica, Università di Pisa, Pisa, Italy
</aff><contrib-group><contrib contrib-type="editor"><name><surname>Bourne</surname><given-names>Philip E</given-names></name><role>Editor</role><xref ref-type="aff" rid="edit1"/></contrib></contrib-group><aff id="edit1">University of California San Diego, United States of America</aff><author-notes><corresp id="cor1">* To whom correspondence should be addressed. E-mail: <email>marangon@di.unipi.it</email></corresp></author-notes><pub-date pub-type="ppub"><month>9</month><year>2007</year></pub-date><pub-date pub-type="epub"><day>28</day><month>9</month><year>2007</year></pub-date><pub-date pub-type="epreprint"><day>26</day><month>7</month><year>2007</year></pub-date><volume>3</volume><issue>9</issue><elocation-id>e174</elocation-id><history><date date-type="received"><day>7</day><month>3</month><year>2007</year></date><date date-type="accepted"><day>25</day><month>7</month><year>2007</year></date></history><permissions><copyright-statement> © 2007 Chiarugi et al.</copyright-statement><copyright-year>2007</copyright-year><license xlink:href="http://creativecommons.org/licenses/by/4.0/"><license-p>This is an open-access article distributed under the terms of the Creative Commons Attribution License, which permits unrestricted use, distribution, and reproduction in any medium, provided the original author and source are properly credited.</license-p></license></permissions><!--<related-article preprintResearch Article10.1371/journal.pcbi.0030174.eorRA1doisimple>A Computational Approach to the Functional Screening of Genomes</related-article>--><abstract><p>Comparative genomics usually involves managing the functional aspects of genomes, by simply comparing gene-by-gene functions. Following this approach, Mushegian and Koonin proposed a hypothetical minimal genome, Minimal Gene Set (MGS), aiming for a possible oldest ancestor genome. They obtained MGS by comparing the genomes of two simple bacteria and eliminating duplicated or functionally identical genes. The authors raised the fundamental question of whether a hypothetical organism possessing MGS is able to live or not. We attacked this viability problem specifying in silico the metabolic pathways of the MGS-based prokaryote. We then performed a dynamic simulation of cellular metabolic activities in order to check whether the MGS-prokaryote reaches some equilibrium state and produces the necessary biomass. We assumed these two conditions to be necessary for a living organism. Our simulations clearly show that the MGS does not express an organism that is able to live. We then iteratively proceeded with functional replacements in order to obtain a genome composition that gives rise to equilibrium. We ruled out 76 of the original 254 genes in the MGS, because they resulted in duplication from a functional point of view. We also added seven genes not present in the MGS. These genes encode for enzymes involved in critical nodes of the metabolic network. These modifications led to a genome composed of 187 elements expressing a virtually living organism, Virtual Cell (ViCe), that exhibits homeostatic capabilities and produces biomass. Moreover, the steady-state distribution of the concentrations of virtual metabolites that resulted was similar to that experimentally measured in bacteria. We conclude then that ViCe is able to “live in silico.”</p></abstract><abstract abstract-type="summary"><title>Author Summary</title><sec id="st1"><title/><p>The origins of life represent a fascinating problem that has been addressed using different approaches and a wide variety of technologies. A theoretical approach consists of inferring a possible oldest ancestor genome from a well-defined comparison of current ones. A crucial problem concerns the validation of the proposed genome. The direct solution of synthesizing such a genome in a laboratory is often extremely difficult, due to the great complexity of a biological cell. In this paper, we present an approach for evaluating the chances a hypothetical organism has to be really viable, relying on computer simulations. Our method is based on a certain formal language, through which we specify a whole metabolic network, and we study its dynamics, in particular for verifying if a living organism has some fundamental properties, e.g., homeostasis. This approach is not equivalent to a wet-lab one, but it allows for early pruning of most of the inconsistently designed hypothetical organisms, thus saving biologists time and resources.</p></sec></abstract><counts><page-count count="6"/></counts><custom-meta-group><custom-meta><meta-name>citation</meta-name><meta-value>Chiarugi D, Degano P, Marangoni R (2007) A computational approach to the functional screening of genomes. PLoS Comput Biol 3(9): e174. doi:<ext-link ext-link-type="doi" xlink:href="10.1371/journal.pcbi.0030174">10.1371/journal.pcbi.0030174</ext-link></meta-value></custom-meta></custom-meta-group></article-meta></front></article>