<article xmlns="https://jats.nlm.nih.gov/ns/archiving/1.2/" xmlns:xsi="http://www.w3.org/2001/XMLSchema-instance" xmlns:ali="http://www.niso.org/schemas/ali/1.0/" xmlns:mml="http://www.w3.org/1998/Math/MathML" xmlns:xlink="http://www.w3.org/1999/xlink" xsi:schemaLocation="https://jats.nlm.nih.gov/ns/archiving/1.2/ https://jats.nlm.nih.gov/archiving/1.2/xsd/JATS-archivearticle1.xsd" article-type="research-article"><front><journal-meta><journal-id journal-id-type="nlm-ta">PLoS Comput Biol</journal-id><journal-id journal-id-type="iso-abbrev">PLoS Comput. Biol</journal-id><journal-id journal-id-type="publisher-id">pcbi</journal-id><journal-id journal-id-type="publisher-id">plcb</journal-id><journal-id journal-id-type="pmc">ploscomp</journal-id><journal-title-group><journal-title>PLoS Computational Biology</journal-title></journal-title-group><issn pub-type="ppub">1553-734X</issn><issn pub-type="epub">1553-7358</issn><publisher><publisher-name>Public Library of Science</publisher-name><publisher-loc>San Francisco, USA</publisher-loc></publisher></journal-meta><article-meta><article-id pub-id-type="accession">PMC1317652</article-id><article-id pub-id-type="pmcid">PMC1317652</article-id><article-id pub-id-type="pmc-uid">1317652</article-id><article-id pub-id-type="pmid">16477325</article-id><article-id pub-id-type="pmid">16477325</article-id><article-id pub-id-type="doi">10.1371/journal.pcbi.0010074</article-id><article-id pub-id-type="publisher-id">05-PLCB-RA-0230R1</article-id><article-id pub-id-type="sici">plcb-01-07-08</article-id><article-categories><subj-group subj-group-type="heading"><subject>Research Article</subject></subj-group><subj-group subj-group-type="Discipline"><subject>Bioinformatics - Computational Biology</subject><subject>Systems Biology</subject></subj-group><subj-group subj-group-type="System Taxonomy"><subject>Viruses</subject></subj-group></article-categories><title-group><article-title>Functional Alignment of Regulatory Networks: A Study of Temperate Phages</article-title><alt-title alt-title-type="running-head">Alignment of Regulatory Networks</alt-title></title-group><contrib-group><contrib contrib-type="author"><name><surname>Trusina</surname><given-names>Ala</given-names></name><xref ref-type="aff" rid="aff1">1</xref><xref ref-type="aff" rid="aff2">2</xref><xref ref-type="corresp" rid="cor1">*</xref></contrib><contrib contrib-type="author"><name><surname>Sneppen</surname><given-names>Kim</given-names></name><xref ref-type="aff" rid="aff2">2</xref></contrib><contrib contrib-type="author"><name><surname>Dodd</surname><given-names>Ian B</given-names></name><xref ref-type="aff" rid="aff3">3</xref></contrib><contrib contrib-type="author"><name><surname>Shearwin</surname><given-names>Keith E</given-names></name><xref ref-type="aff" rid="aff3">3</xref></contrib><contrib contrib-type="author"><name><surname>Egan</surname><given-names>J. Barry</given-names></name><xref ref-type="aff" rid="aff3">3</xref></contrib></contrib-group><aff id="aff1"><label>1</label> Department of Theoretical Physics, Umeå University, Umeå, Sweden
</aff><aff id="aff2"><label>2</label> Niels Bohr Institute, Copenhagen, Denmark
</aff><aff id="aff3"><label>3</label> Discipline of Biochemistry, School of Molecular and Biomedical Science, University of Adelaide, South Australia, Australia
</aff><contrib-group><contrib contrib-type="editor"><name><surname>Holmes</surname><given-names>Eddie</given-names></name><role>Editor</role><xref ref-type="aff" rid="edit1"/></contrib></contrib-group><aff id="edit1">Pennsylvania State University, United States of America</aff><author-notes><corresp id="cor1">* To whom correspondence should be addressed. E-mail: <email>trusina@tp.umu.se</email></corresp></author-notes><pub-date pub-type="ppub"><month>12</month><year>2005</year></pub-date><pub-date pub-type="epub"><day>23</day><month>12</month><year>2005</year></pub-date><volume>1</volume><issue>7</issue><elocation-id>e74</elocation-id><history><date date-type="received"><day>6</day><month>9</month><year>2005</year></date><date date-type="accepted"><day>11</day><month>11</month><year>2005</year></date></history><permissions><copyright-statement>Copyright: © 2005 Trusina et al.</copyright-statement><copyright-year>2005</copyright-year><license xlink:href="http://creativecommons.org/licenses/by/4.0/"><license-p>This is an open-access article distributed under the terms of the Creative Commons Attribution License, which permits unrestricted use, distribution, and reproduction in any medium, provided the original author and source are properly credited.</license-p></license></permissions><abstract><p>The relationship between the design and functionality of molecular networks is now a key issue in biology. Comparison of regulatory networks performing similar tasks can provide insights into how network architecture is constrained by the functions it directs. Here, we discuss methods of network comparison based on network architecture and signaling logic. Introducing local and global signaling scores for the difference between two networks, we quantify similarities between evolutionarily closely and distantly related bacteriophages. Despite the large evolutionary separation between phage λ and 186, their networks are found to be similar when difference is measured in terms of global signaling. We finally discuss how network alignment can be used to pinpoint protein similarities viewed from the network perspective.</p></abstract><abstract abstract-type="synopsis"><title>Synopsis</title><p>Networks of interacting genes and proteins orchestrate the complex functions of every living cell. Decoding the logic of these biochemical circuits is a central challenge facing biology today. Trusina et al. describe a mathematical method for aligning two regulatory networks based on their signaling properties, and apply it to a case study of three bacteriophages, simple biological “computers” whose genetics are exceptionally well characterized. The comparison reveals a surprising similarity between regulatory networks of the creatures, even when they have distant evolutionary relationships. The method introduced here should be applicable to other networks, and thus help to illuminate the computational substructures of living systems.</p></abstract><counts><page-count count="5"/></counts><custom-meta-group><custom-meta><meta-name>Citation:</meta-name><meta-value>Trusina A, Sneppen K, Dodd IB, Shearwin KE, Egan JB (2005) Functional alignment of regulatory networks: A study of temperate phages. PLoS Comput Biol 1(7): e74.</meta-value></custom-meta></custom-meta-group></article-meta></front></article>