<article xmlns="https://jats.nlm.nih.gov/ns/archiving/1.2/" xmlns:xsi="http://www.w3.org/2001/XMLSchema-instance" xmlns:ali="http://www.niso.org/schemas/ali/1.0/" xmlns:mml="http://www.w3.org/1998/Math/MathML" xmlns:xlink="http://www.w3.org/1999/xlink" xsi:schemaLocation="https://jats.nlm.nih.gov/ns/archiving/1.2/ https://jats.nlm.nih.gov/archiving/1.2/xsd/JATS-archivearticle1.xsd" article-type="research-article"><front><journal-meta><journal-id journal-id-type="nlm-ta">PLoS Comput Biol</journal-id><journal-id journal-id-type="iso-abbrev">PLoS Comput. Biol</journal-id><journal-id journal-id-type="publisher-id">pcbi</journal-id><journal-id journal-id-type="publisher-id">plcb</journal-id><journal-id journal-id-type="pmc">ploscomp</journal-id><journal-title-group><journal-title>PLoS Computational Biology</journal-title></journal-title-group><issn pub-type="ppub">1553-734X</issn><issn pub-type="epub">1553-7358</issn><publisher><publisher-name>Public Library of Science</publisher-name><publisher-loc>San Francisco, USA</publisher-loc></publisher></journal-meta><article-meta><article-id pub-id-type="accession">PMC1185642</article-id><article-id pub-id-type="pmcid">PMC1185642</article-id><article-id pub-id-type="pmc-uid">1185642</article-id><article-id pub-id-type="pmid">16110330</article-id><article-id pub-id-type="doi">10.1371/journal.pcbi.0010015</article-id><article-id pub-id-type="publisher-id">05-PLCB-RA-0031R1</article-id><article-id pub-id-type="sici">journal-pcbi-0010015</article-id><article-categories><subj-group subj-group-type="heading"><subject>Research Article</subject></subj-group><subj-group subj-group-type="Discipline"><subject>Bioinformatics - Computational Biology</subject><subject>Genetics/Genomics</subject><subject>Genetics/Gene Expression</subject></subj-group><subj-group subj-group-type="System Taxonomy"><subject>Homo (Human)</subject><subject>Mus (Mouse)</subject></subj-group></article-categories><title-group><article-title>Recognition of Unknown Conserved Alternatively Spliced Exons</article-title><alt-title alt-title-type="running-head">Discovering Unknown Alternative Exons</alt-title></title-group><contrib-group><contrib contrib-type="author"><name><surname>Ohler</surname><given-names>Uwe</given-names></name><xref ref-type="corresp" rid="cor1">*</xref><xref ref-type="author-notes" rid="n104">¤</xref><xref ref-type="aff" rid="aff1"/></contrib><contrib contrib-type="author"><name><surname>Shomron</surname><given-names>Noam</given-names></name><xref ref-type="aff" rid="aff1"/></contrib><contrib contrib-type="author"><name><surname>Burge</surname><given-names>Christopher B</given-names></name><xref ref-type="corresp" rid="cor1">*</xref><xref ref-type="aff" rid="aff1"/></contrib></contrib-group><aff id="aff1">Department of Biology, Massachusetts Institute of Technology, Cambridge, Massachusetts, United States of America</aff><contrib-group><contrib contrib-type="editor"><name><surname>Henikoff</surname><given-names>Steven</given-names></name><role>Editor</role><xref ref-type="aff" rid="edit1"/></contrib></contrib-group><aff id="edit1">Fred Hutchinson Cancer Research Center, United States of America</aff><author-notes><corresp id="cor1">*To whom correspondence should be addressed. E-mail: <email>uwe.ohler@duke.edu</email> (UO); <email>cburge@mit.edu</email> (CBB)</corresp><fn id="n104" fn-type="present-address"><p>¤ Current address: Institute for Genome Sciences and Policy, Duke University, Durham, North Carolina, United States of America</p></fn></author-notes><pub-date pub-type="ppub"><month>7</month><year>2005</year></pub-date><pub-date pub-type="epub"><day>8</day><month>7</month><year>2005</year></pub-date><volume>1</volume><issue>2</issue><elocation-id>e15</elocation-id><history><date date-type="received"><day>16</day><month>2</month><year>2005</year></date><date date-type="accepted"><day>6</day><month>6</month><year>2005</year></date></history><permissions><copyright-statement>Copyright: © 2005 Ohler et al.</copyright-statement><copyright-year>2005</copyright-year><license xlink:href="http://creativecommons.org/licenses/by/4.0/"><license-p>This is an open-access article distributed under the terms of the Creative Commons Attribution License, which permits unrestricted use, distribution, and reproduction in any medium, provided the original author and source are properly credited.</license-p></license></permissions><abstract><p>The split structure of most mammalian protein-coding genes allows for the potential to produce multiple different mRNA and protein isoforms from a single gene locus through the process of alternative splicing (AS). We propose a computational approach called UNCOVER based on a pair hidden Markov model to discover conserved coding exonic sequences subject to AS that have so far gone undetected. Applying UNCOVER to orthologous introns of known human and mouse genes predicts skipped exons or retained introns present in both species, while discriminating them from conserved noncoding sequences. The accuracy of the model is evaluated on a curated set of genes with known conserved AS events. The prediction of skipped exons in the ~1% of the human genome represented by the ENCODE regions leads to more than 50 new exon candidates. Five novel predicted AS exons were validated by RT-PCR and sequencing analysis of 15 introns with strong UNCOVER predictions and lacking EST evidence. These results imply that a considerable number of conserved exonic sequences and associated isoforms are still completely missing from the current annotation of known genes. UNCOVER also identifies a small number of candidates for conserved intron retention.</p></abstract><abstract abstract-type="synopsis"><title>Synopsis</title><sec id="st1"><title/><p>Alternative splicing is a process in which more than one protein variant can be produced from one gene: Specific parts of the mRNA precursor are included or excluded during the processing into the mature transcript. It is very prevalent in mammalian genomes, and variants are often specific for particular cell types, developmental states, or environmental changes. The identification of such variants has until recently relied solely on the sequencing and comparison of expressed sequence tags (ESTs), but the number of available ESTs is not large enough to cover all variants under all conditions.</p><p>Ohler et al. have now devised a comparative genomics algorithm based on a pair hidden Markov model, which identifies parts of genes that are alternatively spliced and have not been observed in ESTs. Starting from known annotated genes conserved in human and mouse, they scan corresponding intron pairs of these genes to identify conserved sequences that match the model. Experimental validation of a number of new predictions show that the approach can successfully uncover splice variants that are as yet unknown and not part of the large libraries of ESTs. Together with recently proposed complementary computational methods, this approach helps us to complete our knowledge about the transcript diversity created by alternative splicing.</p></sec></abstract><custom-meta-group><custom-meta><meta-name>Citation:</meta-name><meta-value>Ohler U, Shomron N, Burge CB (2005) Recognition of unknown conserved alternatively spliced exons. PLoS Comp Biol 1(2): e15.</meta-value></custom-meta></custom-meta-group></article-meta></front></article>