<article xmlns="https://jats.nlm.nih.gov/ns/archiving/1.2/" xmlns:xsi="http://www.w3.org/2001/XMLSchema-instance" xmlns:ali="http://www.niso.org/schemas/ali/1.0/" xmlns:mml="http://www.w3.org/1998/Math/MathML" xmlns:xlink="http://www.w3.org/1999/xlink" xsi:schemaLocation="https://jats.nlm.nih.gov/ns/archiving/1.2/ https://jats.nlm.nih.gov/archiving/1.2/xsd/JATS-archivearticle1.xsd" article-type="research-article"><front><journal-meta><journal-id journal-id-type="nlm-ta">PLoS Comput Biol</journal-id><journal-id journal-id-type="iso-abbrev">PLoS Comput. Biol</journal-id><journal-id journal-id-type="publisher-id">pcbi</journal-id><journal-id journal-id-type="publisher-id">plcb</journal-id><journal-id journal-id-type="pmc">ploscomp</journal-id><journal-title-group><journal-title>PLoS Computational Biology</journal-title></journal-title-group><issn pub-type="ppub">1553-734X</issn><issn pub-type="epub">1553-7358</issn><publisher><publisher-name>Public Library of Science</publisher-name><publisher-loc>San Francisco, USA</publisher-loc></publisher></journal-meta><article-meta><article-id pub-id-type="accession">PMC1885274</article-id><article-id pub-id-type="pmcid">PMC1885274</article-id><article-id pub-id-type="pmc-uid">1885274</article-id><article-id pub-id-type="pmid">17542644</article-id><article-id pub-id-type="pmid">17542644</article-id><article-id pub-id-type="doi">10.1371/journal.pcbi.0030107</article-id><article-id pub-id-type="publisher-id">06-PLCB-RA-0400R3</article-id><article-id pub-id-type="sici">plcb-03-06-05</article-id><article-categories><subj-group subj-group-type="heading"><subject>Research Article</subject></subj-group><subj-group subj-group-type="Discipline"><subject>Computational Biology</subject><subject>Computational Biology</subject><subject>Evolutionary Biology</subject></subj-group><subj-group subj-group-type="System Taxonomy"><subject>Saccharomyces</subject><subject>Drosophila</subject></subj-group></article-categories><title-group><article-title>In Search of the Biological Significance of Modular Structures in Protein Networks</article-title><alt-title alt-title-type="running-head">Modularity of Protein Networks</alt-title></title-group><contrib-group><contrib contrib-type="author"><name><surname>Wang</surname><given-names>Zhi</given-names></name><xref ref-type="aff" rid="aff1"/></contrib><contrib contrib-type="author"><name><surname>Zhang</surname><given-names>Jianzhi</given-names></name><xref ref-type="corresp" rid="cor1">*</xref><xref ref-type="aff" rid="aff1"/></contrib></contrib-group><aff id="aff1">Department of Ecology and Evolutionary Biology, University of Michigan, Ann Arbor, Michigan, United States of America</aff><contrib-group><contrib contrib-type="editor"><name><surname>Bourne</surname><given-names>Philip E</given-names></name><role>Editor</role><xref ref-type="aff" rid="edit1"/></contrib></contrib-group><aff id="edit1">University of California San Diego, United States of America</aff><author-notes><corresp id="cor1">* To whom correspondence should be addressed. E-mail: <email>jianzhi@umich.edu</email></corresp></author-notes><pub-date pub-type="ppub"><month>6</month><year>2007</year></pub-date><pub-date pub-type="epub"><day>1</day><month>6</month><year>2007</year></pub-date><pub-date pub-type="epreprint"><day>30</day><month>4</month><year>2007</year></pub-date><volume>3</volume><issue>6</issue><elocation-id>e107</elocation-id><history><date date-type="received"><day>15</day><month>9</month><year>2006</year></date><date date-type="accepted"><day>26</day><month>4</month><year>2007</year></date></history><permissions><copyright-statement> © 2007 Wang and Zhang.</copyright-statement><copyright-year>2007</copyright-year><license xlink:href="http://creativecommons.org/licenses/by/4.0/"><license-p>This is an open-access article distributed under the terms of the Creative Commons Attribution License, which permits unrestricted use, distribution, and reproduction in any medium, provided the original author and source are properly credited.</license-p></license></permissions><!--<related-article preprintResearch Article10.1371/journal.pcbi.0030107.eorsimple>In Search of the Biological Significance of Modular Structures in Protein Networks</related-article>--><abstract><p>Many complex networks such as computer and social networks exhibit modular structures, where links between nodes are much denser within modules than between modules. It is widely believed that cellular networks are also modular, reflecting the relative independence and coherence of different functional units in a cell. While many authors have claimed that observations from the yeast protein–protein interaction (PPI) network support the above hypothesis, the observed structural modularity may be an artifact because the current PPI data include interactions inferred from protein complexes through approaches that create modules (e.g., assigning pairwise interactions among all proteins in a complex). Here we analyze the yeast PPI network including protein complexes (PIC network) and excluding complexes (PEC network). We find that both PIC and PEC networks show a significantly greater structural modularity than that of randomly rewired networks. Nonetheless, there is little evidence that the structural modules correspond to functional units, particularly in the PEC network. More disturbingly, there is no evolutionary conservation among yeast, fly, and nematode modules at either the whole-module or protein-pair level. Neither is there a correlation between the evolutionary or phylogenetic conservation of a protein and the extent of its participation in various modules. Using computer simulation, we demonstrate that a higher-than-expected modularity can arise during network growth through a simple model of gene duplication, without natural selection for modularity. Taken together, our results suggest the intriguing possibility that the structural modules in the PPI network originated as an evolutionary byproduct without biological significance.</p></abstract><abstract abstract-type="summary"><title>Author Summary</title><sec id="st1"><title/><p>Many complex networks are naturally divided into communities or modules, where links within modules are much denser than those across modules. For example, human individuals belonging to the same ethnic groups interact more than those from different ethnic groups. Cellular functions are also organized in a highly modular manner, where each module is a discrete object composed of a group of tightly linked components and performs a relatively independent task. It is interesting to ask whether this modularity in cellular function arises from modularity in molecular interaction networks such as the transcriptional regulatory network and protein–protein interaction (PPI) network. We analyze the yeast PPI network and show that it is indeed significantly more modular than randomly rewired networks. However, we find little evidence that the structural modules correspond to functional units. We also fail to observe any evolutionary conservation among yeast, fly, and nematode PPI modules. We then show by computer simulation that modular structures can arise during network growth via a simple model of gene duplication, without natural selection for modularity. Thus, it appears that the structural modules in the PPI network may have originated as an evolutionary byproduct without much biological significance.</p></sec></abstract><counts><page-count count="11"/></counts><custom-meta-group><custom-meta><meta-name>citation</meta-name><meta-value>Wang Z, Zhang J (2007) In search of the biological significance of modular structures in protein networks. PLoS Comput Biol 3(6): e107. doi:<ext-link ext-link-type="doi" xlink:href="10.1371/journal.pcbi.0030107">10.1371/journal.pcbi.0030107</ext-link></meta-value></custom-meta></custom-meta-group></article-meta></front></article>