<article xmlns="https://jats.nlm.nih.gov/ns/archiving/1.2/" xmlns:xsi="http://www.w3.org/2001/XMLSchema-instance" xmlns:ali="http://www.niso.org/schemas/ali/1.0/" xmlns:mml="http://www.w3.org/1998/Math/MathML" xmlns:xlink="http://www.w3.org/1999/xlink" xsi:schemaLocation="https://jats.nlm.nih.gov/ns/archiving/1.2/ https://jats.nlm.nih.gov/archiving/1.2/xsd/JATS-archivearticle1.xsd" article-type="research-article"><front><journal-meta><journal-id journal-id-type="nlm-ta">PLoS Comput Biol</journal-id><journal-id journal-id-type="iso-abbrev">PLoS Comput. Biol</journal-id><journal-id journal-id-type="publisher-id">pcbi</journal-id><journal-id journal-id-type="publisher-id">plcb</journal-id><journal-id journal-id-type="pmc">ploscomp</journal-id><journal-title-group><journal-title>PLoS Computational Biology</journal-title></journal-title-group><issn pub-type="ppub">1553-734X</issn><issn pub-type="epub">1553-7358</issn><publisher><publisher-name>Public Library of Science</publisher-name><publisher-loc>San Francisco, USA</publisher-loc></publisher></journal-meta><article-meta><article-id pub-id-type="accession">PMC1676027</article-id><article-id pub-id-type="pmcid">PMC1676027</article-id><article-id pub-id-type="pmc-uid">1676027</article-id><article-id pub-id-type="pmid">17154715</article-id><article-id pub-id-type="pmid">17154715</article-id><article-id pub-id-type="doi">10.1371/journal.pcbi.0020167</article-id><article-id pub-id-type="publisher-id">06-PLCB-RA-0278R3</article-id><article-id pub-id-type="sici">plcb-02-12-07</article-id><article-categories><subj-group subj-group-type="heading"><subject>Research Article</subject></subj-group><subj-group subj-group-type="Discipline"><subject>Bioinformatics - Computational Biology</subject><subject>Neuroscience</subject><subject>Systems Biology</subject></subj-group><subj-group subj-group-type="System Taxonomy"><subject>Caenorhabditis</subject></subj-group></article-categories><title-group><article-title>Gene Expression of <named-content content-type="genus-species">Caenorhabditis elegans</named-content> Neurons Carries Information on Their Synaptic Connectivity</article-title><alt-title alt-title-type="running-head">Gene Expression and Synaptic Connectivity</alt-title></title-group><contrib-group><contrib contrib-type="author"><name><surname>Kaufman</surname><given-names>Alon</given-names></name><xref ref-type="aff" rid="aff1">1</xref><xref ref-type="corresp" rid="cor1">*</xref></contrib><contrib contrib-type="author"><name><surname>Dror</surname><given-names>Gideon</given-names></name><xref ref-type="aff" rid="aff2">2</xref></contrib><contrib contrib-type="author"><name><surname>Meilijson</surname><given-names>Isaac</given-names></name><xref ref-type="aff" rid="aff3">3</xref></contrib><contrib contrib-type="author"><name><surname>Ruppin</surname><given-names>Eytan</given-names></name><xref ref-type="aff" rid="aff4">4</xref><xref ref-type="corresp" rid="cor1">*</xref></contrib></contrib-group><aff id="aff1"><label>1</label> Interdisciplinary Center for Neural Computation, Hebrew University, Jerusalem, Israel
</aff><aff id="aff2"><label>2</label> School of Computer Science, The Academic College of Tel Aviv–Yaffo, Tel Aviv, Israel
</aff><aff id="aff3"><label>3</label> School of Mathematical Sciences, Tel Aviv University, Tel Aviv, Israel
</aff><aff id="aff4"><label>4</label> School of Computer Science and School of Medicine, Tel Aviv University, Tel Aviv, Israel
</aff><contrib-group><contrib contrib-type="editor"><name><surname>Friston</surname><given-names>Karl</given-names></name><role>Editor</role><xref ref-type="aff" rid="edit1"/></contrib></contrib-group><aff id="edit1">University College London, United Kingdom</aff><author-notes><corresp id="cor1">* To whom correspondence should be addressed. E-mail: <email>akaufman@alice.nc.huji.ac.il</email> (AK); <email>ruppin@math.tau.ac.il</email> (ER)</corresp></author-notes><pub-date pub-type="ppub"><month>12</month><year>2006</year></pub-date><pub-date pub-type="epub"><day>8</day><month>12</month><year>2006</year></pub-date><volume>2</volume><issue>12</issue><elocation-id>e167</elocation-id><history><date date-type="received"><day>11</day><month>7</month><year>2006</year></date><date date-type="accepted"><day>26</day><month>10</month><year>2006</year></date></history><permissions><copyright-statement> © 2006 Kaufman et al.</copyright-statement><copyright-year>2006</copyright-year><license xlink:href="http://creativecommons.org/licenses/by/4.0/"><license-p>This is an open-access article distributed under the terms of the Creative Commons Attribution License, which permits unrestricted use, distribution, and reproduction in any medium, provided the original author and source are properly credited.</license-p></license></permissions><abstract><p>The claim that genetic properties of neurons significantly influence their synaptic network structure is a common notion in neuroscience. The nematode <named-content content-type="genus-species">Caenorhabditis elegans</named-content> provides an exciting opportunity to approach this question in a large-scale quantitative manner. Its synaptic connectivity network has been identified, and, combined with cellular studies, we currently have characteristic connectivity and gene expression signatures for most of its neurons<italic>.</italic> By using two complementary analysis assays we show that the expression signature of a neuron carries significant information about its synaptic connectivity signature, and identify a list of putative genes predicting neural connectivity. The current study rigorously quantifies the relation between gene expression and synaptic connectivity signatures in the <named-content content-type="genus-species">C. elegans</named-content> nervous system and identifies subsets of neurons where this relation is highly marked. The results presented and the genes identified provide a promising starting point for further, more detailed computational and experimental investigations.</p></abstract><abstract abstract-type="synopsis"><title>Synopsis</title><p>The study of the genetic basis of the formation of neural connections in the nervous system (synaptogenesis) has been at the forefront of recent investigations in neuroscience. With the advancement of molecular biology research, many small-scale studies have identified specific genes and mechanisms involved in axon guidance and synaptogenesis. The nematode <named-content content-type="genus-species">C. elegans</named-content> provides an exciting opportunity to approach these issues in a computational large-scale manner. Its synaptic connectivity network has been identified, and, combined with information from gene expression studies, we now have neuronal connectivity and gene expression signatures for most of its neurons. Analyzing this data, Kaufman and colleagues show that the expression signature of a neuron carries significant information about its synaptic connectivity and can predict its neural targets in a statistically significant manner. The current study is the first, to our knowledge, to rigorously quantify and measure this relation. It identifies a putative list of genes that specify the neurons' connections which nicely conforms with the existing literature and leads to interesting new predictions.</p></abstract><counts><page-count count="7"/></counts><custom-meta-group><custom-meta><meta-name>citation</meta-name><meta-value>Kaufman A, Dror G, Meilijson I, Ruppin E (2006) Gene expression of <named-content content-type="genus-species">Caenorhabditis elegans</named-content> neurons carries information on their synaptic connectivity. PLoS Comput Biol 2(12): e167. doi:<ext-link ext-link-type="doi" xlink:href="10.1371/journal.pcbi.0020167">10.1371/journal.pcbi.0020167</ext-link></meta-value></custom-meta></custom-meta-group></article-meta></front></article>