<article xmlns="https://jats.nlm.nih.gov/ns/archiving/1.2/" xmlns:xsi="http://www.w3.org/2001/XMLSchema-instance" xmlns:ali="http://www.niso.org/schemas/ali/1.0/" xmlns:mml="http://www.w3.org/1998/Math/MathML" xmlns:xlink="http://www.w3.org/1999/xlink" xsi:schemaLocation="https://jats.nlm.nih.gov/ns/archiving/1.2/ https://jats.nlm.nih.gov/archiving/1.2/xsd/JATS-archivearticle1.xsd" article-type="editorial"><front><journal-meta><journal-id journal-id-type="nlm-ta">PLoS Comput Biol</journal-id><journal-id journal-id-type="iso-abbrev">PLoS Comput. Biol</journal-id><journal-id journal-id-type="publisher-id">pcbi</journal-id><journal-id journal-id-type="publisher-id">plcb</journal-id><journal-id journal-id-type="pmc">ploscomp</journal-id><journal-title-group><journal-title>PLoS Computational Biology</journal-title></journal-title-group><issn pub-type="ppub">1553-734X</issn><issn pub-type="epub">1553-7358</issn><publisher><publisher-name>Public Library of Science</publisher-name><publisher-loc>San Francisco, USA</publisher-loc></publisher></journal-meta><article-meta><article-id pub-id-type="accession">PMC1847992</article-id><article-id pub-id-type="pmcid">PMC1847992</article-id><article-id pub-id-type="pmc-uid">1847992</article-id><article-id pub-id-type="pmid">17397252</article-id><article-id pub-id-type="pmid">17397252</article-id><article-id pub-id-type="doi">10.1371/journal.pcbi.0030044</article-id><article-id pub-id-type="publisher-id">07-PLCB-ED-0014R1</article-id><article-id pub-id-type="sici">plcb-03-03-15</article-id><article-categories><subj-group subj-group-type="heading"><subject>Editorial</subject></subj-group><subj-group subj-group-type="System Taxonomy"><subject>None</subject></subj-group></article-categories><title-group><article-title>Ten Simple Rules for a Successful Collaboration</article-title><alt-title alt-title-type="running-head">Ten Simple Rules for a Successful Collaboration</alt-title></title-group><contrib-group><contrib contrib-type="author"><name><surname>Vicens</surname><given-names>Quentin</given-names></name><xref ref-type="fn" rid="n102"/></contrib><contrib contrib-type="author"><name><surname>Bourne</surname><given-names>Philip E</given-names></name><xref ref-type="fn" rid="n102"/><xref ref-type="corresp" rid="cor1"><sup>*</sup></xref></contrib></contrib-group><author-notes><corresp id="cor1">* To whom correspondence should be addressed. E-mail: <email>bourne@sdsc.edu</email></corresp></author-notes><pub-date pub-type="ppub"><month>3</month><year>2007</year></pub-date><pub-date pub-type="epub"><day>30</day><month>3</month><year>2007</year></pub-date><volume>3</volume><issue>3</issue><elocation-id>e44</elocation-id><permissions><copyright-statement> © 2007 Vicens and Bourne.</copyright-statement><copyright-year>2007</copyright-year><license xlink:href="http://creativecommons.org/licenses/by/4.0/"><license-p>This is an open-access article distributed under the terms of the Creative Commons Attribution License, which permits unrestricted use, distribution, and reproduction in any medium, provided the original author and source are properly credited.</license-p></license></permissions><counts><page-count count="2"/></counts><custom-meta-group><custom-meta><meta-name>citation</meta-name><meta-value>Vicens Q, Bourne PE (2007) Ten simple rules for a successful collaboration. PLoS Comput Biol 3(3): e44. doi:<ext-link ext-link-type="doi" xlink:href="10.1371/journal.pcbi.0030044">10.1371/journal.pcbi.0030044</ext-link></meta-value></custom-meta></custom-meta-group></article-meta></front></article>