<article xmlns="https://jats.nlm.nih.gov/ns/archiving/1.2/" xmlns:xsi="http://www.w3.org/2001/XMLSchema-instance" xmlns:ali="http://www.niso.org/schemas/ali/1.0/" xmlns:mml="http://www.w3.org/1998/Math/MathML" xmlns:xlink="http://www.w3.org/1999/xlink" xsi:schemaLocation="https://jats.nlm.nih.gov/ns/archiving/1.2/ https://jats.nlm.nih.gov/archiving/1.2/xsd/JATS-archivearticle1.xsd" article-type="research-article"><front><journal-meta><journal-id journal-id-type="nlm-ta">PLoS Comput Biol</journal-id><journal-id journal-id-type="iso-abbrev">PLoS Comput. Biol</journal-id><journal-id journal-id-type="publisher-id">pcbi</journal-id><journal-id journal-id-type="publisher-id">plcb</journal-id><journal-id journal-id-type="pmc">ploscomp</journal-id><journal-title-group><journal-title>PLoS Computational Biology</journal-title></journal-title-group><issn pub-type="ppub">1553-734X</issn><issn pub-type="epub">1553-7358</issn><publisher><publisher-name>Public Library of Science</publisher-name><publisher-loc>San Francisco, USA</publisher-loc></publisher></journal-meta><article-meta><article-id pub-id-type="accession">PMC1994985</article-id><article-id pub-id-type="pmcid">PMC1994985</article-id><article-id pub-id-type="pmc-uid">1994985</article-id><article-id pub-id-type="pmid">17907797</article-id><article-id pub-id-type="doi">10.1371/journal.pcbi.0030184</article-id><article-id pub-id-type="publisher-id">07-PLCB-RA-0294R2</article-id><article-id pub-id-type="sici">plcb-03-09-20</article-id><article-categories><subj-group subj-group-type="heading"><subject>Research Article</subject></subj-group><subj-group subj-group-type="Discipline"><subject>Cell Biology</subject><subject>Computational Biology</subject><subject>Computational Biology</subject></subj-group><subj-group subj-group-type="System Taxonomy"><subject>1</subject></subj-group></article-categories><title-group><article-title>Bistability and Oscillations in the Huang-Ferrell Model of MAPK Signaling</article-title><alt-title alt-title-type="running-head">Nonlinear Dynamics in the MAPK Cascade</alt-title></title-group><contrib-group><contrib contrib-type="author"><name><surname>Qiao</surname><given-names>Liang</given-names></name><xref ref-type="aff" rid="aff1">1</xref></contrib><contrib contrib-type="author"><name><surname>Nachbar</surname><given-names>Robert B</given-names></name><xref ref-type="aff" rid="aff2">2</xref></contrib><contrib contrib-type="author"><name><surname>Kevrekidis</surname><given-names>Ioannis G</given-names></name><xref ref-type="aff" rid="aff1">1</xref><xref ref-type="aff" rid="aff3">3</xref></contrib><contrib contrib-type="author"><name><surname>Shvartsman</surname><given-names>Stanislav Y</given-names></name><xref ref-type="aff" rid="aff1">1</xref><xref ref-type="aff" rid="aff4">4</xref><xref ref-type="corresp" rid="cor1">*</xref></contrib></contrib-group><aff id="aff1"><label>1</label> Department of Chemical Engineering, Princeton University, Princeton, New Jersey, United States of America
</aff><aff id="aff2"><label>2</label> Applied Computer Science and Mathematics, Merck Research Laboratories, Rahway, New Jersey, United States of America
</aff><aff id="aff3"><label>3</label> Program in Applied and Computational Mathematics, Princeton University, Princeton, New Jersey, United States of America
</aff><aff id="aff4"><label>4</label> Lewis-Sigler Institute for Integrative Genomics, Princeton, New Jersey, United States of America
</aff><contrib-group><contrib contrib-type="editor"><name><surname>Asthagiri</surname><given-names>Anand</given-names></name><role>Editor</role><xref ref-type="aff" rid="edit1"/></contrib></contrib-group><aff id="edit1">California Institute of Technology, United States of America</aff><author-notes><corresp id="cor1">* To whom correspondence should be addressed. E-mail: <email>stas@princeton.edu</email></corresp></author-notes><pub-date pub-type="ppub"><month>9</month><year>2007</year></pub-date><pub-date pub-type="epub"><day>28</day><month>9</month><year>2007</year></pub-date><pub-date pub-type="epreprint"><day>6</day><month>8</month><year>2007</year></pub-date><volume>3</volume><issue>9</issue><elocation-id>e184</elocation-id><history><date date-type="received"><day>25</day><month>5</month><year>2007</year></date><date date-type="accepted"><day>6</day><month>8</month><year>2007</year></date></history><permissions><copyright-statement> © 2007 Qiao et al.</copyright-statement><copyright-year>2007</copyright-year><license xlink:href="http://creativecommons.org/licenses/by/4.0/"><license-p>This is an open-access article distributed under the terms of the Creative Commons Attribution License, which permits unrestricted use, distribution, and reproduction in any medium, provided the original author and source are properly credited.</license-p></license></permissions><!--<related-article preprintResearch Article10.1371/journal.pcbi.0030184.eorRA1doisimple>Bistability and Oscillations in the Huang-Ferrell Model of MAPK Signaling</related-article>--><abstract><p>Physicochemical models of signaling pathways are characterized by high levels of structural and parametric uncertainty, reflecting both incomplete knowledge about signal transduction and the intrinsic variability of cellular processes. As a result, these models try to predict the dynamics of systems with tens or even hundreds of free parameters. At this level of uncertainty, model analysis should emphasize statistics of systems-level properties, rather than the detailed structure of solutions or boundaries separating different dynamic regimes. Based on the combination of random parameter search and continuation algorithms, we developed a methodology for the statistical analysis of mechanistic signaling models. In applying it to the well-studied MAPK cascade model, we discovered a large region of oscillations and explained their emergence from single-stage bistability. The surprising abundance of strongly nonlinear (oscillatory and bistable) input/output maps revealed by our analysis may be one of the reasons why the MAPK cascade in vivo is embedded in more complex regulatory structures. We argue that this type of analysis should accompany nonlinear multiparameter studies of stationary as well as transient features in network dynamics.</p></abstract><abstract abstract-type="summary"><title>Author Summary</title><sec id="st1"><title/><p>Molecular studies of cell communication systems lead to models with multiple free parameters. Analysis of dynamical behavior of these models presents considerable challenge. We have developed a computational approach for the efficient exploration of dynamic behavior in such models and applied this method to the model of the Mitogen Activated Protein Kinase cascade, a signaling network conserved in all eukaryotes. Previous analysis of this model suggested that it works as a reversible switch. We have shown that it can also function as an irreversible switch and as a clock.</p></sec></abstract><counts><page-count count="8"/></counts><custom-meta-group><custom-meta><meta-name>citation</meta-name><meta-value>Qiao L, Nachbar RB, Kevrekidis IG, Shvartsman SY (2007) Bistability and oscillations in the Huang-Ferrell model of MAPK signaling. PLoS Comput Biol 3(9): e184. doi:<ext-link ext-link-type="doi" xlink:href="10.1371/journal.pcbi.0030184">10.1371/journal.pcbi.0030184</ext-link></meta-value></custom-meta></custom-meta-group></article-meta></front></article>