<article xmlns="https://jats.nlm.nih.gov/ns/archiving/1.2/" xmlns:xsi="http://www.w3.org/2001/XMLSchema-instance" xmlns:ali="http://www.niso.org/schemas/ali/1.0/" xmlns:mml="http://www.w3.org/1998/Math/MathML" xmlns:xlink="http://www.w3.org/1999/xlink" xsi:schemaLocation="https://jats.nlm.nih.gov/ns/archiving/1.2/ https://jats.nlm.nih.gov/archiving/1.2/xsd/JATS-archivearticle1.xsd" article-type="research-article"><front><journal-meta><journal-id journal-id-type="nlm-ta">PLoS Comput Biol</journal-id><journal-id journal-id-type="iso-abbrev">PLoS Comput. Biol</journal-id><journal-id journal-id-type="publisher-id">pcbi</journal-id><journal-id journal-id-type="publisher-id">plcb</journal-id><journal-id journal-id-type="pmc">ploscomp</journal-id><journal-title-group><journal-title>PLoS Computational Biology</journal-title></journal-title-group><issn pub-type="ppub">1553-734X</issn><issn pub-type="epub">1553-7358</issn><publisher><publisher-name>Public Library of Science</publisher-name><publisher-loc>San Francisco, USA</publisher-loc></publisher></journal-meta><article-meta><article-id pub-id-type="accession">PMC1550273</article-id><article-id pub-id-type="pmcid">PMC1550273</article-id><article-id pub-id-type="pmc-uid">1550273</article-id><article-id pub-id-type="pmid">16933983</article-id><article-id pub-id-type="pmid">16933983</article-id><article-id pub-id-type="doi">10.1371/journal.pcbi.0020108</article-id><article-id pub-id-type="publisher-id">06-PLCB-RA-0002R2</article-id><article-id pub-id-type="sici">plcb-02-08-08</article-id><article-categories><subj-group subj-group-type="heading"><subject>Research Article</subject></subj-group><subj-group subj-group-type="Discipline"><subject>Bioinformatics - Computational Biology</subject><subject>Cancer Biology</subject><subject>Evolution</subject></subj-group><subj-group subj-group-type="System Taxonomy"><subject>Homo (Human)</subject></subj-group></article-categories><title-group><article-title>Modeling Somatic Evolution in Tumorigenesis</article-title><alt-title alt-title-type="running-head">Modeling Somatic Evolution in Tumors</alt-title></title-group><contrib-group><contrib contrib-type="author" equal-contrib="yes"><name><surname>Spencer</surname><given-names>Sabrina L</given-names></name><xref ref-type="aff" rid="aff1">1</xref><xref ref-type="corresp" rid="cor1">*</xref></contrib><contrib contrib-type="author" equal-contrib="yes"><name><surname>Gerety</surname><given-names>Ryan A</given-names></name><xref ref-type="aff" rid="aff2">2</xref></contrib><contrib contrib-type="author"><name><surname>Pienta</surname><given-names>Kenneth J</given-names></name><xref ref-type="aff" rid="aff3">3</xref></contrib><contrib contrib-type="author"><name><surname>Forrest</surname><given-names>Stephanie</given-names></name><xref ref-type="aff" rid="aff2">2</xref><xref ref-type="aff" rid="aff4">4</xref></contrib></contrib-group><aff id="aff1"><label>1</label> Computational and Systems Biology, Massachusetts Institute of Technology, Cambridge, Massachusetts, United States of America
</aff><aff id="aff2"><label>2</label> Department of Computer Science, University of New Mexico, Albuquerque, New Mexico, United States of America
</aff><aff id="aff3"><label>3</label> Department of Medical Oncology, University of Michigan School of Medicine, Ann Arbor, Michigan, United States of America
</aff><aff id="aff4"><label>4</label> Santa Fe Institute, Santa Fe, New Mexico, United States of America
</aff><contrib-group><contrib contrib-type="editor"><name><surname>Arkin</surname><given-names>Adam P</given-names></name><role>Editor</role><xref ref-type="aff" rid="edit1"/></contrib></contrib-group><aff id="edit1">Lawrence Berkeley National Laboratory, United States of America</aff><author-notes><corresp id="cor1">* To whom correspondence should be addressed. E-mail: <email>spencers@mit.edu</email></corresp></author-notes><pub-date pub-type="ppub"><month>8</month><year>2006</year></pub-date><pub-date pub-type="epub"><day>18</day><month>8</month><year>2006</year></pub-date><volume>2</volume><issue>8</issue><elocation-id>e108</elocation-id><history><date date-type="received"><day>4</day><month>1</month><year>2006</year></date><date date-type="accepted"><day>10</day><month>7</month><year>2006</year></date></history><permissions><copyright-statement> © 2006 Spencer et al.</copyright-statement><copyright-year>2006</copyright-year><license xlink:href="http://creativecommons.org/licenses/by/4.0/"><license-p>This is an open-access article distributed under the terms of the Creative Commons Attribution License, which permits unrestricted use, distribution, and reproduction in any medium, provided the original author and source are properly credited.</license-p></license></permissions><abstract><p>Tumorigenesis in humans is thought to be a multistep process where certain mutations confer a selective advantage, allowing lineages derived from the mutated cell to outcompete other cells. Although molecular cell biology has substantially advanced cancer research, our understanding of the evolutionary dynamics that govern tumorigenesis is limited. This paper analyzes the computational implications of cancer progression presented by Hanahan and Weinberg in <italic>The Hallmarks of Cancer</italic>. We model the complexities of tumor progression as a small set of underlying rules that govern the transformation of normal cells to tumor cells. The rules are implemented in a stochastic multistep model. The model predicts that (i) early-onset cancers proceed through a different sequence of mutation acquisition than late-onset cancers; (ii) tumor heterogeneity varies with acquisition of <italic>genetic instability,</italic> mutation pathway, and selective pressures during tumorigenesis; (iii) there exists an optimal initial telomere length which lowers cancer incidence and raises time of cancer onset; and (iv) the ability to initiate angiogenesis is an important stage-setting mutation, which is often exploited by other cells. The model offers insight into how the sequence of acquired mutations affects the timing and cellular makeup of the resulting tumor and how the cellular-level population dynamics drive neoplastic evolution.</p></abstract><abstract abstract-type="synopsis"><title>Synopsis</title><p>Cancer can be viewed as an ecological system in which cells with different mutations compete for survival. In this work, the authors present a three-dimensional stochastic model of these complex interactions. Each cell is represented as an autonomous agent that follows simple rules governing its behavior, where behaviors change as cells gain cancerous mutations. The paper explores the timing of cancer onset, the order in which mutations are acquired, the diversity of tumors, and the competition and cooperation between cells in the tumor microenvironment. One key finding is that early-onset and late-onset tumors take different mutational paths to cancer. The paper provides insight into the early dynamics of tumorigenesis currently inaccessible to experimental investigation.</p></abstract><counts><page-count count="9"/></counts><custom-meta-group><custom-meta><meta-name>citation</meta-name><meta-value>Spencer SL, Gerety RA, Pienta KJ, Forrest S (2006) Modeling somatic evolution in tumorigenesis. PLoS Comput Biol 2(8): e108. DOI: <ext-link ext-link-type="doi" xlink:href="10.1371/journal.pcbi.0020108">10.1371/journal.pcbi.0020108</ext-link></meta-value></custom-meta></custom-meta-group></article-meta></front></article>