<article xmlns="https://jats.nlm.nih.gov/ns/archiving/1.2/" xmlns:xsi="http://www.w3.org/2001/XMLSchema-instance" xmlns:ali="http://www.niso.org/schemas/ali/1.0/" xmlns:mml="http://www.w3.org/1998/Math/MathML" xmlns:xlink="http://www.w3.org/1999/xlink" xsi:schemaLocation="https://jats.nlm.nih.gov/ns/archiving/1.2/ https://jats.nlm.nih.gov/archiving/1.2/xsd/JATS-archivearticle1.xsd" article-type="research-article"><front><journal-meta><journal-id journal-id-type="nlm-ta">PLoS Comput Biol</journal-id><journal-id journal-id-type="iso-abbrev">PLoS Comput. Biol</journal-id><journal-id journal-id-type="publisher-id">pcbi</journal-id><journal-id journal-id-type="publisher-id">plcb</journal-id><journal-id journal-id-type="pmc">ploscomp</journal-id><journal-title-group><journal-title>PLoS Computational Biology</journal-title></journal-title-group><issn pub-type="ppub">1553-734X</issn><issn pub-type="epub">1553-7358</issn><publisher><publisher-name>Public Library of Science</publisher-name><publisher-loc>San Francisco, USA</publisher-loc></publisher></journal-meta><article-meta><article-id pub-id-type="accession">PMC1183509</article-id><article-id pub-id-type="pmcid">PMC1183509</article-id><article-id pub-id-type="pmc-uid">1183509</article-id><article-id pub-id-type="pmid">16103904</article-id><article-id pub-id-type="pmid">16103904</article-id><article-id pub-id-type="doi">10.1371/journal.pcbi.0010003</article-id><article-id pub-id-type="publisher-id">05-PLCB-RA-0020R1</article-id><article-id pub-id-type="sici">plcb-01-01-03</article-id><article-categories><subj-group subj-group-type="heading"><subject>Research Article</subject></subj-group><subj-group subj-group-type="Discipline"><subject>Biochemistry</subject><subject>Bioinformatics - Computational Biology</subject><subject>Evolution</subject><subject>Genetics/Comparative Genomics</subject><subject>Genetics/Functional Genomics</subject><subject>Genetics/Evolution</subject><subject>Molecular Biology - Structural Biology</subject></subj-group><subj-group subj-group-type="System Taxonomy"><subject>Eukaryotes</subject><subject>Yeast and Fungi</subject><subject>Saccharomyces</subject><subject>Animals</subject></subj-group></article-categories><title-group><article-title>Predicting Functional Gene Links from Phylogenetic-Statistical Analyses of Whole Genomes</article-title><alt-title alt-title-type="running-head">Predicting Functional Gene Links</alt-title></title-group><contrib-group><contrib contrib-type="author"><name><surname>Barker</surname><given-names>Daniel</given-names></name><xref ref-type="aff" rid="aff1"/></contrib><contrib contrib-type="author"><name><surname>Pagel</surname><given-names>Mark</given-names></name><xref ref-type="corresp" rid="cor1">*</xref><xref ref-type="aff" rid="aff1"/></contrib></contrib-group><aff id="aff1">School of Animal and Microbial Sciences, University of Reading, United Kingdom</aff><contrib-group><contrib contrib-type="editor"><name><surname>Murray</surname><given-names>Diana</given-names></name><role>Editor</role><xref ref-type="aff" rid="edit1"/></contrib></contrib-group><aff id="edit1">Weill Medical College of Cornell University, United States of America</aff><author-notes><corresp id="cor1">*To whom correspondence should be addressed. E-mail: <email>m.pagel@reading.ac.uk</email></corresp></author-notes><pub-date pub-type="ppub"><month>6</month><year>2005</year></pub-date><pub-date pub-type="epub"><day>24</day><month>6</month><year>2005</year></pub-date><volume>1</volume><issue>1</issue><elocation-id>e3</elocation-id><history><date date-type="received"><day>2</day><month>2</month><year>2005</year></date><date date-type="accepted"><day>13</day><month>4</month><year>2005</year></date></history><permissions><copyright-statement>Copyright: © 2005 Barker and Pagel.</copyright-statement><copyright-year>2005</copyright-year><license xlink:href="http://creativecommons.org/licenses/by/4.0/"><license-p>This is an open-access article distributed under the terms of the Creative Commons Attribution License, which permits unrestricted use, distribution, and reproduction in any medium, provided the original author and source are properly credited.</license-p></license></permissions><abstract><p>An important element of the developing field of proteomics is to understand protein-protein interactions and other functional links amongst genes. Across-species correlation methods for detecting functional links work on the premise that functionally linked proteins will tend to show a common pattern of presence and absence across a range of genomes. We describe a maximum likelihood statistical model for predicting functional gene linkages. The method detects independent instances of the correlated gain or loss of pairs of proteins on phylogenetic trees, reducing the high rates of false positives observed in conventional across-species methods that do not explicitly incorporate a phylogeny. We show, in a dataset of 10,551 protein pairs, that the phylogenetic method improves by up to 35% on across-species analyses at identifying known functionally linked proteins. The method shows that protein pairs with at least two to three correlated events of gain or loss are almost certainly functionally linked. Contingent evolution, in which one gene's presence or absence depends upon the presence of another, can also be detected phylogenetically, and may identify genes whose functional significance depends upon its interaction with other genes. Incorporating phylogenetic information improves the prediction of functional linkages. The improvement derives from having a lower rate of false positives and from detecting trends that across-species analyses miss. Phylogenetic methods can easily be incorporated into the screening of large-scale bioinformatics datasets to identify sets of protein links and to characterise gene networks.</p></abstract><abstract abstract-type="synopsis"><title>Synopsis</title><sec id="st1"><title/><p>A typical fully sequenced genome from a bacterial species contains several thousand genes, and those from multicellular animals may contain many thousands of genes. Understanding the function of these genes is one of the key goals of the developing fields of bioinformatics and proteomics, and the results are of interest to life scientists. The authors describe a computational statistical method that can identify pairs of genes whose functions may be linked, in the sense of participating in a common metabolic pathway or from some physical interaction. The method is applied to phylogenetic trees of related organisms and identifies instances in which a pair of genes is either gained or lost together during evolution. They find that genes that have co-evolved like this on two or more occasions during their evolutionary history are almost certainly functionally linked. These methods can be applied in an automated way to large numbers of species for which fully annotated genomes are available to identify candidate sets of functionally linked genes, and to characterize gene networks.</p></sec></abstract><counts><page-count count="8"/></counts><custom-meta-group><custom-meta><meta-name>Citation:</meta-name><meta-value>Barker D, Pagel M (2005) Predicting functional gene links from phylogenetic-statistical analyses of whole genomes. PLoS Comput Biol 1(1): e3.</meta-value></custom-meta></custom-meta-group></article-meta></front></article>