<article xmlns="https://jats.nlm.nih.gov/ns/archiving/1.2/" xmlns:xsi="http://www.w3.org/2001/XMLSchema-instance" xmlns:ali="http://www.niso.org/schemas/ali/1.0/" xmlns:mml="http://www.w3.org/1998/Math/MathML" xmlns:xlink="http://www.w3.org/1999/xlink" xsi:schemaLocation="https://jats.nlm.nih.gov/ns/archiving/1.2/ https://jats.nlm.nih.gov/archiving/1.2/xsd/JATS-archivearticle1.xsd" article-type="research-article"><front><journal-meta><journal-id journal-id-type="nlm-ta">PLoS Comput Biol</journal-id><journal-id journal-id-type="iso-abbrev">PLoS Comput. Biol</journal-id><journal-id journal-id-type="publisher-id">pcbi</journal-id><journal-id journal-id-type="publisher-id">plcb</journal-id><journal-id journal-id-type="pmc">ploscomp</journal-id><journal-title-group><journal-title>PLoS Computational Biology</journal-title></journal-title-group><issn pub-type="ppub">1553-734X</issn><issn pub-type="epub">1553-7358</issn><publisher><publisher-name>Public Library of Science</publisher-name><publisher-loc>San Francisco, USA</publisher-loc></publisher></journal-meta><article-meta><article-id pub-id-type="accession">PMC1487182</article-id><article-id pub-id-type="pmcid">PMC1487182</article-id><article-id pub-id-type="pmc-uid">1487182</article-id><article-id pub-id-type="pmid">16839193</article-id><article-id pub-id-type="pmid">16839193</article-id><article-id pub-id-type="doi">10.1371/journal.pcbi.0020078</article-id><article-id pub-id-type="publisher-id">05-PLCB-RA-0358R3</article-id><article-id pub-id-type="sici">plcb-02-06-11</article-id><article-categories><subj-group subj-group-type="heading"><subject>Research Article</subject></subj-group><subj-group subj-group-type="Discipline"><subject>Bioinformatics - Computational Biology</subject><subject>Cancer Biology</subject><subject>Molecular Biology - Structural Biology</subject><subject>Pharmacology - Drug Discovery</subject><subject>Statistics</subject><subject>Systems Biology</subject></subj-group><subj-group subj-group-type="System Taxonomy"><subject>Flexible Biomolecular Recognition</subject><subject>Binding-Folding</subject><subject>Single Molecules</subject><subject>Molecular Dynamics</subject></subj-group></article-categories><title-group><article-title>Single-Molecule Dynamics Reveals Cooperative Binding-Folding in Protein Recognition</article-title><alt-title alt-title-type="running-head">Flexibile Molecular Recognition</alt-title></title-group><contrib-group><contrib contrib-type="author"><name><surname>Wang</surname><given-names>Jin</given-names></name><xref ref-type="aff" rid="aff1">1</xref><xref ref-type="aff" rid="aff2">2</xref><xref ref-type="corresp" rid="cor1">*</xref></contrib><contrib contrib-type="author"><name><surname>Lu</surname><given-names>Qiang</given-names></name><xref ref-type="aff" rid="aff2">2</xref></contrib><contrib contrib-type="author"><name><surname>Lu</surname><given-names>H. Peter</given-names></name><xref ref-type="aff" rid="aff3">3</xref><xref ref-type="corresp" rid="cor1">*</xref></contrib></contrib-group><aff id="aff2"><label>1</label>State Key Laboratory of Electroanalytical Chemistry, Changchun Institute of Applied Chemistry, Chinese Academy of Sciences, Changchun, Jilin, People's Republic of China
</aff><aff id="aff1"><label>2</label>Department of Chemistry and Department of Physics, State University of New York at Stony Brook, Stony Brook, New York, United States of America
</aff><aff id="aff3"><label>3</label>Pacific Northwest National Laboratory, Fundamental Science Division, MSIN K8-88, Richland, Washington, United States of America
</aff><contrib-group><contrib contrib-type="editor"><name><surname>Murray</surname><given-names>Diana</given-names></name><role>Editor</role><xref ref-type="aff" rid="edit1"/></contrib></contrib-group><aff id="edit1">Cornell University, United States of America</aff><author-notes><corresp id="cor1">* To whom correspondence should be addressed. E-mail: <email>jin.wang.1@stonybrook.edu</email> (JW); <email>peter.lu@pnl.gov</email> (HPL)</corresp></author-notes><pub-date pub-type="ppub"><month>7</month><year>2006</year></pub-date><pub-date pub-type="epub"><day>7</day><month>7</month><year>2006</year></pub-date><pub-date pub-type="epreprint"><day>16</day><month>5</month><year>2006</year></pub-date><volume>2</volume><issue>7</issue><elocation-id>e78</elocation-id><history><date date-type="received"><day>13</day><month>12</month><year>2005</year></date><date date-type="accepted"><day>16</day><month>5</month><year>2006</year></date></history><permissions><copyright-statement> © 2006 Wang et al.</copyright-statement><copyright-year>2006</copyright-year><license xlink:href="http://creativecommons.org/licenses/by/4.0/"><license-p>This is an open-access article distributed under the terms of the Creative Commons Attribution License, which permits unrestricted use, distribution, and reproduction in any medium, provided the original author and source are properly credited.</license-p></license></permissions><!--<related-article preprintresearch10.1371/journal.pcbi.0020078.eorsimple>Single-Molecule Dynamics Reveals Cooperative Binding-Folding in Protein Recognition</related-article>--><abstract><p>The study of associations between two biomolecules is the key to understanding molecular function and recognition. Molecular function is often thought to be determined by underlying structures. Here, combining a single-molecule study of protein binding with an energy-landscape–inspired microscopic model, we found strong evidence that biomolecular recognition is determined by flexibilities in addition to structures. Our model is based on coarse-grained molecular dynamics on the residue level with the energy function biased toward the native binding structure (the Go model). With our model, the underlying free-energy landscape of the binding can be explored. There are two distinct conformational states at the free-energy minimum, one with partial folding of CBD itself and significant interface binding of CBD to Cdc42, and the other with native folding of CBD itself and native interface binding of CBD to Cdc42. This shows that the binding process proceeds with a significant interface binding of CBD with Cdc42 first, without a complete folding of CBD itself, and that binding and folding are then coupled to reach the native binding state. The single-molecule experimental finding of dynamic fluctuations among the loosely and closely bound conformational states can be identified with the theoretical, calculated free-energy minimum and explained quantitatively in the model as a result of binding associated with large conformational changes. The theoretical predictions identified certain key residues for binding that were consistent with mutational experiments. The combined study identified fundamental mechanisms and provided insights about designing and further exploring biomolecular recognition with large conformational changes.</p></abstract><abstract abstract-type="synopsis"><title>Synopsis</title><p>Biomolecular function (e.g., binding) is often thought to be determined by the underlying molecular structure. There are more and more findings that molecular binding sometimes involves large conformational changes in various stages of cell function. Addressing this issue will answer the critical questions about how molecular function is determined by conformational flexibility and dynamics in addition to structure. Combining a single-molecule fluorescence study of flexible protein binding with an energy-landscape–inspired microscopic molecular dynamics model, the authors found strong evidence that biomolecular recognition is determined by flexibility and large conformational changes in addition to structure. The single-molecule study shows conformational fluctuations of the protein complex that involve bound and loosely bound states, which can be quantitatively explained in the authors' model as a result of cooperative binding. Theoretical predictions about the key residues are consistent with mutational experiments. Identifying the key residues for binding provides a structural basis for designing drugs that will target those critical residues.</p></abstract><counts><page-count count="11"/></counts><custom-meta-group><custom-meta><meta-name>citation</meta-name><meta-value>Wang J, Lu Q, Lu HP (2006) Single-molecule dynamics reveals cooperative binding-folding in protein recognition. PLoS Comput Biol 2(7): e78. DOI: <ext-link ext-link-type="doi" xlink:href="10.1371/journal.pcbi.0020078">10.1371/journal.pcbi.0020078</ext-link></meta-value></custom-meta></custom-meta-group></article-meta></front></article>