<article xmlns="https://jats.nlm.nih.gov/ns/archiving/1.2/" xmlns:xsi="http://www.w3.org/2001/XMLSchema-instance" xmlns:ali="http://www.niso.org/schemas/ali/1.0/" xmlns:mml="http://www.w3.org/1998/Math/MathML" xmlns:xlink="http://www.w3.org/1999/xlink" xsi:schemaLocation="https://jats.nlm.nih.gov/ns/archiving/1.2/ https://jats.nlm.nih.gov/archiving/1.2/xsd/JATS-archivearticle1.xsd" article-type="research-article"><front><journal-meta><journal-id journal-id-type="nlm-ta">PLoS Comput Biol</journal-id><journal-id journal-id-type="iso-abbrev">PLoS Comput. Biol</journal-id><journal-id journal-id-type="publisher-id">pcbi</journal-id><journal-id journal-id-type="publisher-id">plcb</journal-id><journal-id journal-id-type="pmc">ploscomp</journal-id><journal-title-group><journal-title>PLoS Computational Biology</journal-title></journal-title-group><issn pub-type="ppub">1553-734X</issn><issn pub-type="epub">1553-7358</issn><publisher><publisher-name>Public Library of Science</publisher-name><publisher-loc>San Francisco, USA</publisher-loc></publisher></journal-meta><article-meta><article-id pub-id-type="accession">PMC1635538</article-id><article-id pub-id-type="pmcid">PMC1635538</article-id><article-id pub-id-type="pmc-uid">1635538</article-id><article-id pub-id-type="pmid">17096594</article-id><article-id pub-id-type="pmid">17096594</article-id><article-id pub-id-type="doi">10.1371/journal.pcbi.0020171</article-id><article-id pub-id-type="publisher-id">06-PLCB-RA-0220R3</article-id><article-id pub-id-type="sici">plcb-02-11-07</article-id><article-categories><subj-group subj-group-type="heading"><subject>Research Article</subject></subj-group><subj-group subj-group-type="Discipline"><subject>Bioinformatics - Computational Biology</subject><subject>Cell Biology</subject><subject>Immunology</subject></subj-group><subj-group subj-group-type="System Taxonomy"><subject>In Vitro</subject></subj-group></article-categories><title-group><article-title>Geometrically Repatterned Immunological Synapses Uncover Formation Mechanisms</article-title><alt-title alt-title-type="running-head">Immunological Synapse Formation Mechanisms</alt-title></title-group><contrib-group><contrib contrib-type="author"><name><surname>Figge</surname><given-names>Marc Thilo</given-names></name><xref ref-type="aff" rid="aff1">1</xref><xref ref-type="corresp" rid="cor1">*</xref></contrib><contrib contrib-type="author"><name><surname>Meyer-Hermann</surname><given-names>Michael</given-names></name><xref ref-type="aff" rid="aff2">2</xref></contrib></contrib-group><aff id="aff1"><label>1</label> Institute for Theoretical Physics, Johann Wolfgang Goethe University, Frankfurt am Main, Germany
</aff><aff id="aff2"><label>2</label> Frankfurt Institute for Advanced Studies, Johann Wolfgang Goethe University, Frankfurt am Main, Germany
</aff><contrib-group><contrib contrib-type="editor"><name><surname>Bonhoeffer</surname><given-names>Sebastion</given-names></name><role>Editor</role><xref ref-type="aff" rid="edit1"/></contrib></contrib-group><aff id="edit1">Eidgenössische Technische Hochschule-Zürich, Switzerland</aff><author-notes><corresp id="cor1">* To whom correspondence should be addressed. E-mail: <email>figge@fias.uni-frankfurt.de</email></corresp></author-notes><pub-date pub-type="ppub"><month>11</month><year>2006</year></pub-date><pub-date pub-type="epub"><day>10</day><month>11</month><year>2006</year></pub-date><volume>2</volume><issue>11</issue><elocation-id>e171</elocation-id><history><date date-type="received"><day>6</day><month>6</month><year>2006</year></date><date date-type="accepted"><day>4</day><month>10</month><year>2006</year></date></history><permissions><copyright-statement> © 2006 Figge and Meyer-Hermann.</copyright-statement><copyright-year>2006</copyright-year><license xlink:href="http://creativecommons.org/licenses/by/4.0/"><license-p>This is an open-access article distributed under the terms of the Creative Commons Attribution License, which permits unrestricted use, distribution, and reproduction in any medium, provided the original author and source are properly credited.</license-p></license></permissions><abstract><p>The interaction of T cells and antigen-presenting cells is central to adaptive immunity and involves the formation of immunological synapses in many cases. The surface molecules of the cells form a characteristic spatial pattern whose formation mechanisms and function are largely unknown. We perform computer simulations of recent experiments on geometrically repatterned immunological synapses and explain the emerging structure as well as the formation dynamics. Only the combination of in vitro experiments and computer simulations has the potential to pinpoint the kind of interactions involved. The presented simulations make clear predictions for the structure of the immunological synapse and elucidate the role of a self-organizing attraction between complexes of T cell receptor and peptide–MHC molecule, versus a centrally directed motion of these complexes.</p></abstract><abstract abstract-type="synopsis"><title>Synopsis</title><p>Adaptive immunity is a response of the immune system that involves the activation of lymphocytes and that is most effective in defending against virus-infected cells, cancer cells, fungi, and intracellular bacteria. Central to this response is the interaction between a T cell and an antigen-presenting cell, and in particular the communication of information mediated by the T cell receptor and co-receptors. The contact zone between the cells is a highly organized interface, which is termed the immunological synapse, where both the spatial and the temporal organization of the bound receptors contribute to the generated activation signal on antigen recognition. Although a considerable amount of experimental and theoretical studies have dealt with the immunological synapse, the mechanisms that control its formation are still under discussion. In 2005, Mossman et al. conducted ingenious experiments using nanometer-scale structures to geometrically repattern the immunological synapse. These experiments are reproduced by Figge and Meyer-Hermann applying computer simulations, based on an agent-based model approach, to uncover the emerging structures as well as the underlying formation mechanisms. Clear predictions for the structure of proposed geometrically repatterned immunological synapses are obtained that will further elucidate the role of the involved formation mechanisms.</p></abstract><counts><page-count count="8"/></counts><custom-meta-group><custom-meta><meta-name>citation</meta-name><meta-value>Figge MT, Meyer-Hermann M (2006) Geometrically repatterned immunological synapses uncover formation mechanisms. PLoS Comput Biol 2(11): e171. doi:<ext-link ext-link-type="doi" xlink:href="10.1371/journal.pcbi.0020171">10.1371/journal.pcbi.0020171</ext-link></meta-value></custom-meta></custom-meta-group></article-meta></front></article>