<article xmlns="https://jats.nlm.nih.gov/ns/archiving/1.2/" xmlns:xsi="http://www.w3.org/2001/XMLSchema-instance" xmlns:ali="http://www.niso.org/schemas/ali/1.0/" xmlns:mml="http://www.w3.org/1998/Math/MathML" xmlns:xlink="http://www.w3.org/1999/xlink" xsi:schemaLocation="https://jats.nlm.nih.gov/ns/archiving/1.2/ https://jats.nlm.nih.gov/archiving/1.2/xsd/JATS-archivearticle1.xsd" article-type="research-article"><front><journal-meta><journal-id journal-id-type="nlm-ta">PLoS Comput Biol</journal-id><journal-id journal-id-type="iso-abbrev">PLoS Comput. Biol</journal-id><journal-id journal-id-type="publisher-id">pcbi</journal-id><journal-id journal-id-type="publisher-id">plcb</journal-id><journal-id journal-id-type="pmc">ploscomp</journal-id><journal-title-group><journal-title>PLoS Computational Biology</journal-title></journal-title-group><issn pub-type="ppub">1553-734X</issn><issn pub-type="epub">1553-7358</issn><publisher><publisher-name>Public Library of Science</publisher-name><publisher-loc>San Francisco, USA</publisher-loc></publisher></journal-meta><article-meta><article-id pub-id-type="accession">PMC1331982</article-id><article-id pub-id-type="pmcid">PMC1331982</article-id><article-id pub-id-type="pmc-uid">1331982</article-id><article-id pub-id-type="pmid">16424921</article-id><article-id pub-id-type="pmid">16424921</article-id><article-id pub-id-type="doi">10.1371/journal.pcbi.0020004</article-id><article-id pub-id-type="publisher-id">05-PLCB-RA-0193R2</article-id><article-id pub-id-type="sici">plcb-02-01-03</article-id><article-categories><subj-group subj-group-type="heading"><subject>Research Article</subject></subj-group><subj-group subj-group-type="Discipline"><subject>Bioinformatics - Computational Biology</subject><subject>Biotechnology</subject><subject>Development</subject><subject>Molecular Biology - Structural Biology</subject><subject>Neuroscience</subject><subject>Systems Biology</subject></subj-group><subj-group subj-group-type="System Taxonomy"><subject>Mus (Mouse)</subject><subject>Homo (Human)</subject><subject>Rattus (Rat)</subject><subject>Dog</subject></subj-group></article-categories><title-group><article-title>Unusual Intron Conservation near Tissue-Regulated Exons Found by Splicing Microarrays</article-title><alt-title alt-title-type="running-head">Regulated Exons Found by Splicing Microarrays</alt-title></title-group><contrib-group><contrib contrib-type="author"><name><surname>Sugnet</surname><given-names>Charles W</given-names></name><xref ref-type="aff" rid="aff1">1</xref></contrib><contrib contrib-type="author"><name><surname>Srinivasan</surname><given-names>Karpagam</given-names></name><xref ref-type="aff" rid="aff2">2</xref><xref ref-type="aff" rid="aff3">3</xref></contrib><contrib contrib-type="author"><name><surname>Clark</surname><given-names>Tyson A</given-names></name><xref ref-type="aff" rid="aff4">4</xref></contrib><contrib contrib-type="author"><name><surname>O'Brien</surname><given-names>Georgeann</given-names></name><xref ref-type="aff" rid="aff3">3</xref></contrib><contrib contrib-type="author"><name><surname>Cline</surname><given-names>Melissa S</given-names></name><xref ref-type="aff" rid="aff4">4</xref><xref ref-type="author-notes" rid="n104">¤a</xref></contrib><contrib contrib-type="author"><name><surname>Wang</surname><given-names>Hui</given-names></name><xref ref-type="aff" rid="aff4">4</xref></contrib><contrib contrib-type="author"><name><surname>Williams</surname><given-names>Alan</given-names></name><xref ref-type="aff" rid="aff4">4</xref></contrib><contrib contrib-type="author"><name><surname>Kulp</surname><given-names>David</given-names></name><xref ref-type="aff" rid="aff4">4</xref><xref ref-type="author-notes" rid="n105">¤b</xref></contrib><contrib contrib-type="author"><name><surname>Blume</surname><given-names>John E</given-names></name><xref ref-type="aff" rid="aff4">4</xref></contrib><contrib contrib-type="author"><name><surname>Haussler</surname><given-names>David</given-names></name><xref ref-type="aff" rid="aff1">1</xref></contrib><contrib contrib-type="author"><name><surname>Ares</surname><given-names>Manuel</given-names><suffix>Jr.</suffix></name><xref ref-type="aff" rid="aff2">2</xref><xref ref-type="aff" rid="aff3">3</xref><xref ref-type="corresp" rid="cor1">*</xref></contrib></contrib-group><aff id="aff1"><label>1</label> Department of Computer Science, Baskin School of Engineering, University of California Santa Cruz, Santa Cruz, California, United States of America
</aff><aff id="aff2"><label>2</label> Department of Molecular, Cell, and Developmental Biology, Sinsheimer Labs, University of California Santa Cruz, Santa Cruz, California, United States of America
</aff><aff id="aff3"><label>3</label> Hughes Undergraduate Research Laboratory, Thimann Laboratories, University of California Santa Cruz, Santa Cruz, California, United States of America
</aff><aff id="aff4"><label>4</label> Affymetrix, Santa Clara, California, United States of America
</aff><contrib-group><contrib contrib-type="editor"><name><surname>Brenner</surname><given-names>Steven</given-names></name><role>Editor</role><xref ref-type="aff" rid="edit1"/></contrib></contrib-group><aff id="edit1">University of California Berkeley, United States of America</aff><author-notes><corresp id="cor1">* To whom correspondence should be addressed. E-mail: <email>ares@biology.ucsc.edu</email></corresp><fn id="n104" fn-type="present-address"><p>¤a Current address: Pasteur Institute, Paris, France</p></fn><fn id="n105" fn-type="present-address"><p>¤b Current address: Department of Computer Science, University of Massachusetts, Amherst, Massachusetts, United States of America</p></fn></author-notes><pub-date pub-type="ppub"><month>1</month><year>2006</year></pub-date><pub-date pub-type="epub"><day>20</day><month>1</month><year>2006</year></pub-date><pub-date pub-type="epreprint"><day>14</day><month>12</month><year>2005</year></pub-date><volume>2</volume><issue>1</issue><elocation-id>e4</elocation-id><history><date date-type="received"><day>4</day><month>8</month><year>2005</year></date><date date-type="accepted"><day>14</day><month>12</month><year>2005</year></date></history><permissions><copyright-statement> © 2006 Sugnet et al.</copyright-statement><copyright-year>2006</copyright-year><license xlink:href="http://creativecommons.org/licenses/by/4.0/"><license-p>This is an open-access article distributed under the terms of the Creative Commons Attribution License, which permits unrestricted use, distribution, and reproduction in any medium, provided the original author and source are properly credited.</license-p></license></permissions><!--<related-article preprintresearch10.1371/journal.pcbi.0020004.eorsimple>Unusual Intron Conservation near Tissue-Regulated Exons Found by Splicing Microarrays</related-article>--><abstract><p>Alternative splicing contributes to both gene regulation and protein diversity. To discover broad relationships between regulation of alternative splicing and sequence conservation, we applied a systems approach, using oligonucleotide microarrays designed to capture splicing information across the mouse genome. In a set of 22 adult tissues, we observe differential expression of RNA containing at least two alternative splice junctions for about 40% of the 6,216 alternative events we could detect. Statistical comparisons identify 171 cassette exons whose inclusion or skipping is different in brain relative to other tissues and another 28 exons whose splicing is different in muscle. A subset of these exons is associated with unusual blocks of intron sequence whose conservation in vertebrates rivals that of protein-coding exons. By focusing on sets of exons with similar regulatory patterns, we have identified new sequence motifs implicated in brain and muscle splicing regulation. Of note is a motif that is strikingly similar to the branchpoint consensus but is located downstream of the 5′ splice site of exons included in muscle. Analysis of three paralogous membrane-associated guanylate kinase genes reveals that each contains a paralogous tissue-regulated exon with a similar tissue inclusion pattern. While the intron sequences flanking these exons remain highly conserved among mammalian orthologs, the paralogous flanking intron sequences have diverged considerably, suggesting unusually complex evolution of the regulation of alternative splicing in multigene families.</p></abstract><abstract abstract-type="synopsis"><title>Synopsis</title><p>Alternative splicing expands the protein-coding potential of genes and genomes. RNAs copied from a gene can be spliced differently to produce distinct proteins under regulatory influences that arise during development or upon environmental change. These authors present a global analysis of alternative splicing in the mouse, using microarray measurements of splicing from 22 adult tissues. The ability to measure thousands of splicing events across the genome in many tissues has allowed the capture of co-regulated sets of exons whose inclusion in mRNA occurs preferentially in a given set of tissues. An examination of the sequences associated with exons whose expression is regulated in brain or muscle as compared to other tissues reveals extreme conservation of intron sequences nearby the regulated exon. These conserved regions contain sequence motifs likely to contribute to the regulation of alternative splicing in brain and muscle cells. The availability of global gene expression data with splicing level resolution should spur the development of computational methods for detecting and predicting alternative splicing and its regulation. In addition, the authors make strong predictions for biological experiments leading to the identification of components and their mechanisms of action in the regulation of splicing during mammalian development.</p></abstract><counts><page-count count="14"/></counts><custom-meta-group><custom-meta><meta-name>Citation:</meta-name><meta-value>Sugnet CW, Srinivasan K, Clark TA, O'Brien G, Cline MS, et al. (2006) Unusual intron conservation near tissue-regulated exons found by splicing microarrays. PLoS Comput Biol 2(1): e4.</meta-value></custom-meta></custom-meta-group></article-meta></front></article>