<article xmlns="https://jats.nlm.nih.gov/ns/archiving/1.2/" xmlns:xsi="http://www.w3.org/2001/XMLSchema-instance" xmlns:ali="http://www.niso.org/schemas/ali/1.0/" xmlns:mml="http://www.w3.org/1998/Math/MathML" xmlns:xlink="http://www.w3.org/1999/xlink" xsi:schemaLocation="https://jats.nlm.nih.gov/ns/archiving/1.2/ https://jats.nlm.nih.gov/archiving/1.2/xsd/JATS-archivearticle1.xsd" article-type="research-article"><front><journal-meta><journal-id journal-id-type="nlm-ta">PLoS Comput Biol</journal-id><journal-id journal-id-type="iso-abbrev">PLoS Comput. Biol</journal-id><journal-id journal-id-type="publisher-id">pcbi</journal-id><journal-id journal-id-type="publisher-id">plcb</journal-id><journal-id journal-id-type="pmc">ploscomp</journal-id><journal-title-group><journal-title>PLoS Computational Biology</journal-title></journal-title-group><issn pub-type="ppub">1553-734X</issn><issn pub-type="epub">1553-7358</issn><publisher><publisher-name>Public Library of Science</publisher-name><publisher-loc>San Francisco, USA</publisher-loc></publisher></journal-meta><article-meta><article-id pub-id-type="accession">PMC1779300</article-id><article-id pub-id-type="pmcid">PMC1779300</article-id><article-id pub-id-type="pmc-uid">1779300</article-id><article-id pub-id-type="pmid">17238281</article-id><article-id pub-id-type="pmid">17238281</article-id><article-id pub-id-type="doi">10.1371/journal.pcbi.0030003</article-id><article-id pub-id-type="publisher-id">06-PLCB-RA-0265R2</article-id><article-id pub-id-type="sici">plcb-03-01-08</article-id><article-categories><subj-group subj-group-type="heading"><subject>Research Article</subject></subj-group><subj-group subj-group-type="Discipline"><subject>Computational Biology</subject><subject>Computational Biology</subject><subject>Evolutionary Biology</subject><subject>Molecular Biology</subject></subj-group><subj-group subj-group-type="System Taxonomy"><subject>None</subject></subj-group></article-categories><title-group><article-title>Using Phylogeny to Improve Genome-Wide Distant Homology Recognition</article-title><alt-title alt-title-type="running-head">Phylogeny/Distant Homology Recognition</alt-title></title-group><contrib-group><contrib contrib-type="author"><name><surname>Abeln</surname><given-names>Sanne</given-names></name><xref ref-type="aff" rid="aff1"/></contrib><contrib contrib-type="author"><name><surname>Teubner</surname><given-names>Carlo</given-names></name><xref ref-type="aff" rid="aff1"/></contrib><contrib contrib-type="author"><name><surname>Deane</surname><given-names>Charlotte M</given-names></name><xref ref-type="corresp" rid="cor1">*</xref><xref ref-type="aff" rid="aff1"/></contrib></contrib-group><aff id="aff1">Department of Statistics, University of Oxford, Oxford, United Kingdom</aff><contrib-group><contrib contrib-type="editor"><name><surname>Bourne</surname><given-names>Philip E</given-names></name><role>Editor</role><xref ref-type="aff" rid="edit1"/></contrib></contrib-group><aff id="edit1">University of California San Diego, United States of America</aff><author-notes><corresp id="cor1">* To whom correspondence should be addressed. E-mail: <email>deane@stats.ox.ac.uk</email></corresp></author-notes><pub-date pub-type="ppub"><month>1</month><year>2007</year></pub-date><pub-date pub-type="epub"><day>19</day><month>1</month><year>2007</year></pub-date><pub-date pub-type="epreprint"><day>20</day><month>11</month><year>2006</year></pub-date><volume>3</volume><issue>1</issue><elocation-id>e3</elocation-id><history><date date-type="received"><day>5</day><month>7</month><year>2006</year></date><date date-type="accepted"><day>20</day><month>11</month><year>2006</year></date></history><permissions><copyright-statement> © 2007 Abeln et al.</copyright-statement><copyright-year>2007</copyright-year><license xlink:href="http://creativecommons.org/licenses/by/4.0/"><license-p>This is an open-access article distributed under the terms of the Creative Commons Attribution License, which permits unrestricted use, distribution, and reproduction in any medium, provided the original author and source are properly credited.</license-p></license></permissions><!--<related-article preprintResearch Article10.1371/journal.pcbi.0030003.eorsimple>Using phylogeny to improve genome wide distant homology recognition</related-article>--><abstract><p>The gap between the number of known protein sequences and structures continues to widen, particularly as a result of sequencing projects for entire genomes. Recently there have been many attempts to generate structural assignments to all genes on sets of completed genomes using fold-recognition methods. We developed a method that detects false positives made by these genome-wide structural assignment experiments by identifying isolated occurrences. The method was tested using two sets of assignments, generated by SUPERFAMILY and PSI-BLAST, on 150 completed genomes. A phylogeny of these genomes was built and a parsimony algorithm was used to identify isolated occurrences by detecting occurrences that cause a gain at leaf level. Isolated occurrences tend to have high e-values, and in both sets of assignments, a sudden increase in isolated occurrences is observed for e-values &gt;10<sup>−8</sup> for SUPERFAMILY and &gt;10<sup>−4</sup> for PSI-BLAST. Conditions to predict false positives are based on these results. Independent tests confirm that the predicted false positives are indeed more likely to be incorrectly assigned. Evaluation of the predicted false positives also showed that the accuracy of profile-based fold-recognition methods might depend on secondary structure content and sequence length. We show that false positives generated by fold-recognition methods can be identified by considering structural occurrence patterns on completed genomes; occurrences that are isolated within the phylogeny tend to be less reliable. The method provides a new independent way to examine the quality of fold assignments and may be used to improve the output of any genome-wide fold assignment method.</p></abstract><abstract abstract-type="summary"><title>Author Summary</title><p>When predicting the structure for a protein sequence, a major step is achieved when an evolutionarily related protein with a known structure is identified. This process is called fold recognition, and has been a major force behind improvement in structure prediction. Moreover, fold-recognition techniques have become increasingly important in recent years because of the huge numbers of protein sequences with unknown structures available through sequencing projects on completed genomes. However, all fold-recognition methods tend to produce either a large number of false negatives (at high confidence scores) or a large number of false positives (at low confidence scores). Here we show that the reliability of a fold-recognition technique can be explored by analysing its predictions across a set of completed genomes. We have developed a method that can indicate false positives in these genome-wide assignment sets. The basic idea behind the method is that a fold assignment on a genome is less reliable if the prediction is not observed on evolutionary related genomes. The ability of the method to discriminate false positives is confirmed by independent tests. The method can be used on the output of any genome-wide fold assignment method.</p></abstract><counts><page-count count="11"/></counts><custom-meta-group><custom-meta><meta-name>citation</meta-name><meta-value>Abeln S, Teubner C, Deane CM (2007) Using phylogeny to improve genome-wide distant homology recognition. PLoS Comput Biol 3(1): e3. doi:<ext-link ext-link-type="doi" xlink:href="10.1371/journal.pcbi.0030003">10.1371/journal.pcbi.0030003</ext-link></meta-value></custom-meta></custom-meta-group></article-meta></front></article>