<article xmlns="https://jats.nlm.nih.gov/ns/archiving/1.2/" xmlns:xsi="http://www.w3.org/2001/XMLSchema-instance" xmlns:ali="http://www.niso.org/schemas/ali/1.0/" xmlns:mml="http://www.w3.org/1998/Math/MathML" xmlns:xlink="http://www.w3.org/1999/xlink" xsi:schemaLocation="https://jats.nlm.nih.gov/ns/archiving/1.2/ https://jats.nlm.nih.gov/archiving/1.2/xsd/JATS-archivearticle1.xsd" article-type="research-article"><front><journal-meta><journal-id journal-id-type="nlm-ta">PLoS Comput Biol</journal-id><journal-id journal-id-type="iso-abbrev">PLoS Comput. Biol</journal-id><journal-id journal-id-type="publisher-id">pcbi</journal-id><journal-id journal-id-type="publisher-id">plcb</journal-id><journal-id journal-id-type="pmc">ploscomp</journal-id><journal-title-group><journal-title>PLoS Computational Biology</journal-title></journal-title-group><issn pub-type="ppub">1553-734X</issn><issn pub-type="epub">1553-7358</issn><publisher><publisher-name>Public Library of Science</publisher-name><publisher-loc>San Francisco, USA</publisher-loc></publisher></journal-meta><article-meta><article-id pub-id-type="accession">PMC1769409</article-id><article-id pub-id-type="pmcid">PMC1769409</article-id><article-id pub-id-type="pmc-uid">1769409</article-id><article-id pub-id-type="pmid">17222054</article-id><article-id pub-id-type="doi">10.1371/journal.pcbi.0020179</article-id><article-id pub-id-type="publisher-id">06-PLCB-RA-0388R2</article-id><article-id pub-id-type="sici">plcb-03-01-05</article-id><article-categories><subj-group subj-group-type="heading"><subject>Research Article</subject></subj-group><subj-group subj-group-type="Discipline"><subject>Computational Biology</subject><subject>Neuroscience</subject></subj-group><subj-group subj-group-type="System Taxonomy"><subject>Mammals</subject></subj-group></article-categories><title-group><article-title>Nitric Oxide Regulates Input Specificity of Long-Term Depression and Context Dependence of Cerebellar Learning</article-title><alt-title alt-title-type="running-head">NO, LTD, and Learning in the Cerebellum</alt-title></title-group><contrib-group><contrib contrib-type="author"><name><surname>Ogasawara</surname><given-names>Hideaki</given-names></name><xref ref-type="aff" rid="aff1">1</xref><xref ref-type="aff" rid="aff2">2</xref><xref ref-type="corresp" rid="cor1">*</xref></contrib><contrib contrib-type="author"><name><surname>Doi</surname><given-names>Tomokazu</given-names></name><xref ref-type="aff" rid="aff1">1</xref><xref ref-type="aff" rid="aff3">3</xref><xref ref-type="fn" rid="n104">¤</xref></contrib><contrib contrib-type="author"><name><surname>Doya</surname><given-names>Kenji</given-names></name><xref ref-type="aff" rid="aff1">1</xref><xref ref-type="aff" rid="aff4">4</xref></contrib><contrib contrib-type="author"><name><surname>Kawato</surname><given-names>Mitsuo</given-names></name><xref ref-type="aff" rid="aff1">1</xref></contrib></contrib-group><aff id="aff1"><label>1</label> ATR Computational Neuroscience Laboratories, Seika, Kyoto, Japan
</aff><aff id="aff2"><label>2</label> National Institute of Information and Communications Technology, Seika, Kyoto, Japan
</aff><aff id="aff3"><label>3</label> Graduate School of Information Science, Nara Institute of Science and Technology, Takayama, Ikoma, Nara, Japan
</aff><aff id="aff4"><label>4</label> Initial Research Project, Okinawa Institute of Science and Technology, Uruma, Okinawa, Japan
</aff><contrib-group><contrib contrib-type="editor"><name><surname>Friston</surname><given-names>Karl J</given-names></name><role>Editor</role><xref ref-type="aff" rid="edit1"/></contrib></contrib-group><aff id="edit1">University College London, United Kingdom</aff><author-notes><corresp id="cor1">* To whom correspondence should be addressed. E-mail: <email>ogahide@atr.jp</email></corresp></author-notes><pub-date pub-type="ppub"><month>1</month><year>2007</year></pub-date><pub-date pub-type="epub"><day>12</day><month>1</month><year>2007</year></pub-date><pub-date pub-type="epreprint"><day>9</day><month>11</month><year>2006</year></pub-date><volume>3</volume><issue>1</issue><elocation-id>e179</elocation-id><history><date date-type="received"><day>11</day><month>9</month><year>2006</year></date><date date-type="accepted"><day>7</day><month>11</month><year>2006</year></date></history><permissions><copyright-statement> © 2007 Ogasawara et al.</copyright-statement><copyright-year>2007</copyright-year><license xlink:href="http://creativecommons.org/licenses/by/4.0/"><license-p>This is an open-access article distributed under the terms of the Creative Commons Attribution License, which permits unrestricted use, distribution, and reproduction in any medium, provided the original author and source are properly credited.</license-p></license></permissions><!--<related-article preprintResearch Article10.1371/journal.pcbi.0020179.eorsimple>NO Regulates Input-Specificity of LTD and Context Dependence of Cerebellar Learning</related-article>--><abstract><p>Recent studies have shown that multiple internal models are acquired in the cerebellum and that these can be switched under a given context of behavior. It has been proposed that long-term depression (LTD) of parallel fiber (PF)–Purkinje cell (PC) synapses forms the cellular basis of cerebellar learning, and that the presynaptically synthesized messenger nitric oxide (NO) is a crucial “gatekeeper” for LTD. Because NO diffuses freely to neighboring synapses, this volume learning is not input-specific and brings into question the biological significance of LTD as the basic mechanism for efficient supervised learning. To better characterize the role of NO in cerebellar learning, we simulated the sequence of electrophysiological and biochemical events in PF–PC LTD by combining established simulation models of the electrophysiology, calcium dynamics, and signaling pathways of the PC. The results demonstrate that the local NO concentration is critical for induction of LTD and for its input specificity. Pre- and postsynaptic coincident firing is not sufficient for a PF–PC synapse to undergo LTD, and LTD is induced only when a sufficient amount of NO is provided by activation of the surrounding PFs. On the other hand, above-adequate levels of activity in nearby PFs cause accumulation of NO, which also allows LTD in neighboring synapses that were not directly stimulated, ruining input specificity. These findings lead us to propose the hypothesis that NO represents the relevance of a given context and enables context-dependent selection of internal models to be updated. We also predict sparse PF activity in vivo because, otherwise, input specificity would be lost.</p></abstract><abstract abstract-type="synopsis"><title>Author Summary</title><p>The cerebellum is essential for coordinated movements. The skills for executing such movements are acquired in modules of the cerebellum, and the appropriate modules in which to store the skill for a certain movement are selected according to the environment, or the context, where the movement is made. We are interested in the molecular mechanisms that enable context-dependent cerebellar learning. In search of the key molecules, we combined established simulation models of Purkinje cells, the only output neurons in the cerebellar cortex, and constructed a new model. Using computer simulation, we found that nitric oxide is likely to have a pivotal role in context-dependent learning. Our simulation also provides insights into how sparse sensory information is coded in the cerebellar cortex. These findings have led us to propose the experimentally testable hypothesis that the relevance of a given context to learning modules is represented by the concentration of nitric oxide.</p></abstract><counts><page-count count="13"/></counts><custom-meta-group><custom-meta><meta-name>citation</meta-name><meta-value>Ogasawara H, Doi T, Doya K, Kawato M (2007) Nitric oxide regulates input specificity of long-term depression and context dependence of cerebellar learning. PLoS Comput Biol 3(1): e179. doi:<ext-link ext-link-type="doi" xlink:href="10.1371/journal.pcbi.0020179">10.1371/journal.pcbi.0020179</ext-link></meta-value></custom-meta></custom-meta-group></article-meta></front></article>