<article xmlns="https://jats.nlm.nih.gov/ns/archiving/1.2/" xmlns:xsi="http://www.w3.org/2001/XMLSchema-instance" xmlns:ali="http://www.niso.org/schemas/ali/1.0/" xmlns:mml="http://www.w3.org/1998/Math/MathML" xmlns:xlink="http://www.w3.org/1999/xlink" xsi:schemaLocation="https://jats.nlm.nih.gov/ns/archiving/1.2/ https://jats.nlm.nih.gov/archiving/1.2/xsd/JATS-archivearticle1.xsd" article-type="research-article"><front><journal-meta><journal-id journal-id-type="nlm-ta">PLoS Comput Biol</journal-id><journal-id journal-id-type="iso-abbrev">PLoS Comput. Biol</journal-id><journal-id journal-id-type="publisher-id">pcbi</journal-id><journal-id journal-id-type="publisher-id">plcb</journal-id><journal-id journal-id-type="pmc">ploscomp</journal-id><journal-title-group><journal-title>PLoS Computational Biology</journal-title></journal-title-group><issn pub-type="ppub">1553-734X</issn><issn pub-type="epub">1553-7358</issn><publisher><publisher-name>Public Library of Science</publisher-name><publisher-loc>San Francisco, USA</publisher-loc></publisher></journal-meta><article-meta><article-id pub-id-type="accession">PMC1808024</article-id><article-id pub-id-type="pmcid">PMC1808024</article-id><article-id pub-id-type="pmc-uid">1808024</article-id><article-id pub-id-type="pmid">17319739</article-id><article-id pub-id-type="pmid">17319739</article-id><article-id pub-id-type="doi">10.1371/journal.pcbi.0030035</article-id><article-id pub-id-type="publisher-id">06-PLCB-RA-0346R3</article-id><article-id pub-id-type="sici">plcb-03-02-18</article-id><article-categories><subj-group subj-group-type="heading"><subject>Research Article</subject></subj-group><subj-group subj-group-type="Discipline"><subject>Neuroscience</subject></subj-group><subj-group subj-group-type="System Taxonomy"><subject>None</subject></subj-group></article-categories><title-group><article-title>Persistent Activity in Neural Networks with Dynamic Synapses</article-title><alt-title alt-title-type="running-head">Persistent Activity in Dynamic Synapses Networks</alt-title></title-group><contrib-group><contrib contrib-type="author"><name><surname>Barak</surname><given-names>Omri</given-names></name><xref ref-type="aff" rid="aff1">1</xref></contrib><contrib contrib-type="author"><name><surname>Tsodyks</surname><given-names>Misha</given-names></name><xref ref-type="aff" rid="aff1">1</xref><xref ref-type="aff" rid="aff2">2</xref><xref ref-type="corresp" rid="cor1">*</xref></contrib></contrib-group><aff id="aff1"><label>1</label> Department of Neurobiology, The Weizmann Institute of Science, Rehovot, Israel
</aff><contrib-group><contrib contrib-type="editor"><name><surname>Friston</surname><given-names>Karl J</given-names></name><role>Editor</role><xref ref-type="aff" rid="edit1"/></contrib></contrib-group><aff id="edit1">University College London, United Kingdom</aff><aff id="aff2"><label>2</label> Group for Neural Theory, Ecole Normale Supérieure and Collège de France, Paris, France
</aff><author-notes><corresp id="cor1">* To whom correspondence should be addressed. E-mail: <email>misha@weizmann.ac.il</email></corresp></author-notes><pub-date pub-type="ppub"><month>2</month><year>2007</year></pub-date><pub-date pub-type="epub"><day>23</day><month>2</month><year>2007</year></pub-date><pub-date pub-type="epreprint"><day>9</day><month>1</month><year>2007</year></pub-date><volume>3</volume><issue>2</issue><elocation-id>e35</elocation-id><history><date date-type="received"><day>18</day><month>8</month><year>2006</year></date><date date-type="accepted"><day>8</day><month>1</month><year>2007</year></date></history><permissions><copyright-statement> © 2007 Barak and Tsodyks.</copyright-statement><copyright-year>2007</copyright-year><license xlink:href="http://creativecommons.org/licenses/by/4.0/"><license-p>This is an open-access article distributed under the terms of the Creative Commons Attribution License, which permits unrestricted use, distribution, and reproduction in any medium, provided the original author and source are properly credited.</license-p></license></permissions><!--<related-article preprintResearch Article10.1371/journal.pcbi.0030035.eorsimple>Persistent activity in neural networks with dynamic synapses</related-article>--><abstract><p>Persistent activity states (attractors), observed in several neocortical areas after the removal of a sensory stimulus, are believed to be the neuronal basis of working memory. One of the possible mechanisms that can underlie persistent activity is recurrent excitation mediated by intracortical synaptic connections. A recent experimental study revealed that connections between pyramidal cells in prefrontal cortex exhibit various degrees of synaptic depression and facilitation. Here we analyze the effect of synaptic dynamics on the emergence and persistence of attractor states in interconnected neural networks. We show that different combinations of synaptic depression and facilitation result in qualitatively different network dynamics with respect to the emergence of the attractor states. This analysis raises the possibility that the framework of attractor neural networks can be extended to represent time-dependent stimuli.</p></abstract><abstract abstract-type="synopsis"><title>Author Summary</title><p>Imagine driving a car when you hear the sentence, “Take the next left.” Immediately, auditory “left” neurons begin to fire. But to use this information a few seconds later when you reach the junction, these neurons should persist in their firing after the auditory stimulus has been removed. This persistent activity, believed to be the basis for working memory, is maintained by a recurrent neural network in memory-related cortical areas. Previous studies showed that a network can maintain memories of “which” stimulus was observed. It has recently been shown that synapses between excitatory cells in the prefrontal cortex, where persistent activity is often observed, exhibit activity-dependent dynamics. Different forms of synaptic dynamics such as depression and facilitation were observed. In this work, we use a mathematical model of a recurrent neural network to analyze the effect of introducing dynamic synapses in the context of persistent activity. We find that the initiation of persistent firing can depend on the duration of the input. These results open the possibility that recurrent neural networks can encode not only “which” stimulus was observed, but also for “how long.”</p></abstract><counts><page-count count="1"/></counts><custom-meta-group><custom-meta><meta-name>citation</meta-name><meta-value>Barak O, Tsodyks M (2007) Persistent activity in neural networks with dynamic synapses. PLoS Comput Biol 3(2): e35. doi:<ext-link ext-link-type="doi" xlink:href="10.1371/journal.pcbi.0030035">10.1371/journal.pcbi.0030035</ext-link></meta-value></custom-meta></custom-meta-group></article-meta></front></article>