<article xmlns="https://jats.nlm.nih.gov/ns/archiving/1.2/" xmlns:xsi="http://www.w3.org/2001/XMLSchema-instance" xmlns:ali="http://www.niso.org/schemas/ali/1.0/" xmlns:mml="http://www.w3.org/1998/Math/MathML" xmlns:xlink="http://www.w3.org/1999/xlink" xsi:schemaLocation="https://jats.nlm.nih.gov/ns/archiving/1.2/ https://jats.nlm.nih.gov/archiving/1.2/xsd/JATS-archivearticle1.xsd" article-type="research-article"><front><journal-meta><journal-id journal-id-type="nlm-ta">PLoS Comput Biol</journal-id><journal-id journal-id-type="iso-abbrev">PLoS Comput. Biol</journal-id><journal-id journal-id-type="publisher-id">pcbi</journal-id><journal-id journal-id-type="publisher-id">plcb</journal-id><journal-id journal-id-type="pmc">ploscomp</journal-id><journal-title-group><journal-title>PLoS Computational Biology</journal-title></journal-title-group><issn pub-type="ppub">1553-734X</issn><issn pub-type="epub">1553-7358</issn><publisher><publisher-name>Public Library of Science</publisher-name><publisher-loc>San Francisco, USA</publisher-loc></publisher></journal-meta><article-meta><article-id pub-id-type="accession">PMC1761652</article-id><article-id pub-id-type="pmcid">PMC1761652</article-id><article-id pub-id-type="pmc-uid">1761652</article-id><article-id pub-id-type="pmid">17194216</article-id><article-id pub-id-type="pmid">17194216</article-id><article-id pub-id-type="doi">10.1371/journal.pcbi.0020169</article-id><article-id pub-id-type="publisher-id">06-PLCB-RA-0185R2</article-id><article-id pub-id-type="sici">plcb-02-12-12</article-id><article-categories><subj-group subj-group-type="heading"><subject>Research Article</subject></subj-group><subj-group subj-group-type="Discipline"><subject>Computational Biology</subject><subject>Molecular Biology</subject></subj-group><subj-group subj-group-type="System Taxonomy"><subject>Eukaryotes</subject><subject>Yeast and Fungi</subject><subject>Saccharomyces</subject><subject>Schizosaccharomymes</subject></subj-group></article-categories><title-group><article-title>Connectivity in the Yeast Cell Cycle Transcription Network: Inferences from Neural Networks</article-title><alt-title alt-title-type="running-head">Neural Network Model of Yeast Transcription</alt-title></title-group><contrib-group><contrib contrib-type="author"><name><surname>Hart</surname><given-names>Christopher E</given-names></name><xref ref-type="aff" rid="aff1">1</xref><xref ref-type="fn" rid="n104">¤</xref></contrib><contrib contrib-type="author"><name><surname>Mjolsness</surname><given-names>Eric</given-names></name><xref ref-type="aff" rid="aff2">2</xref><xref ref-type="aff" rid="aff3">3</xref></contrib><contrib contrib-type="author"><name><surname>Wold</surname><given-names>Barbara J</given-names></name><xref ref-type="aff" rid="aff1">1</xref><xref ref-type="aff" rid="aff3">3</xref><xref ref-type="corresp" rid="cor1">*</xref></contrib></contrib-group><aff id="aff1"><label>1</label> Division of Biology, California Institute of Technology, Pasadena, California, United States of America
</aff><aff id="aff2"><label>2</label> Institute for Genomics and Bioinformatics, School of Information and Computer Science, University of California Irvine, Irvine, California, United States of America
</aff><aff id="aff3"><label>3</label> Biological Network Modeling Center, Beckman Institute, California Institute of Technology, Pasadena, California, United States of America
</aff><contrib-group><contrib contrib-type="editor"><name><surname>Brunak</surname><given-names>Søren</given-names></name><role>Editor</role><xref ref-type="aff" rid="edit1"/></contrib></contrib-group><aff id="edit1">Technical University of Denmark, Denmark</aff><author-notes><corresp id="cor1">* To whom correspondence should be addressed. E-mail: <email>woldb@caltech.edu</email></corresp></author-notes><pub-date pub-type="ppub"><month>12</month><year>2006</year></pub-date><pub-date pub-type="epub"><day>22</day><month>12</month><year>2006</year></pub-date><pub-date pub-type="epreprint"><day>30</day><month>10</month><year>2006</year></pub-date><volume>2</volume><issue>12</issue><elocation-id>e169</elocation-id><history><date date-type="received"><day>10</day><month>5</month><year>2006</year></date><date date-type="accepted"><day>30</day><month>10</month><year>2006</year></date></history><permissions><copyright-statement> © 2006 Hart et al.</copyright-statement><copyright-year>2006</copyright-year><license xlink:href="http://creativecommons.org/licenses/by/4.0/"><license-p>This is an open-access article distributed under the terms of the Creative Commons Attribution License, which permits unrestricted use, distribution, and reproduction in any medium, provided the original author and source are properly credited.</license-p></license></permissions><!--<related-article preprintResearch Article10.1371/journal.pcbi.0020169.eorsimple>Connectivity in the Yeast Cell Cycle Transcription Network: Inferences from Neural Networks</related-article>--><abstract><p>A current challenge is to develop computational approaches to infer gene network regulatory relationships based on multiple types of large-scale functional genomic data. We find that single-layer feed-forward artificial neural network (ANN) models can effectively discover gene network structure by integrating global in vivo protein:DNA interaction data (ChIP/Array) with genome-wide microarray RNA data. We test this on the yeast cell cycle transcription network, which is composed of several hundred genes with phase-specific RNA outputs. These ANNs were robust to noise in data and to a variety of perturbations. They reliably identified and ranked 10 of 12 known major cell cycle factors at the top of a set of 204, based on a sum-of-squared weights metric. Comparative analysis of motif occurrences among multiple yeast species independently confirmed relationships inferred from ANN weights analysis. ANN models can capitalize on properties of biological gene networks that other kinds of models do not. ANNs naturally take advantage of patterns of absence, as well as presence, of factor binding associated with specific expression output; they are easily subjected to in silico “mutation” to uncover biological redundancies; and they can use the full range of factor binding values. A prominent feature of cell cycle ANNs suggested an analogous property might exist in the biological network. This postulated that “network-local discrimination” occurs when regulatory connections (here between MBF and target genes) are explicitly disfavored in one network module (G2), relative to others and to the class of genes outside the mitotic network. If correct, this predicts that MBF motifs will be significantly depleted from the discriminated class and that the discrimination will persist through evolution. Analysis of distantly related <named-content content-type="genus-species">Schizosaccharomyces pombe</named-content> confirmed this, suggesting that network-local discrimination is real and complements well-known enrichment of MBF sites in G1 class genes.</p></abstract><abstract abstract-type="synopsis"><title>Synopsis</title><p>A current challenge is to develop computational approaches to infer gene network regulatory relationships by integrating multiple types of large-scale functional genomic data. This paper shows that simple artificial neural networks (ANNs) employed in a new way do this very well. The ANN models are well-suited to capitalize on natural properties of gene networks in ways that many previous methods do not. Resulting gene network connections inferred between transcription factors and RNA output patterns are robust to noise in large-scale input datasets and to differences in RNA clustering class inputs. This was shown by using the yeast cell cycle gene network as a test case. The cycle has multiple classes of oscillatory RNAs, and Hart, Mjolsness, and Wold show that the ANNs identify key connections that associate genes from each cell cycle phase group with known and candidate regulators. Comparative analysis of network connectivity across multiple genomes showed strong conservation of basic factor-to-output relationships, although at the greatest evolutionary distances the specific target genes have mainly changed identity.</p></abstract><counts><page-count count="16"/></counts><custom-meta-group><custom-meta><meta-name>citation</meta-name><meta-value>Hart CE, Mjolsness E, Wold BJ (2006) Connectivity in the yeast cell cycle transcription network: Inferences from neural networks. PLoS Comput Biol 2(12): e169. doi:<ext-link ext-link-type="doi" xlink:href="10.1371/journal.pcbi.0020169">10.1371/journal.pcbi.0020169</ext-link></meta-value></custom-meta></custom-meta-group></article-meta></front></article>