<article xmlns="https://jats.nlm.nih.gov/ns/archiving/1.2/" xmlns:xsi="http://www.w3.org/2001/XMLSchema-instance" xmlns:ali="http://www.niso.org/schemas/ali/1.0/" xmlns:mml="http://www.w3.org/1998/Math/MathML" xmlns:xlink="http://www.w3.org/1999/xlink" xsi:schemaLocation="https://jats.nlm.nih.gov/ns/archiving/1.2/ https://jats.nlm.nih.gov/archiving/1.2/xsd/JATS-archivearticle1.xsd" article-type="research-article"><front><journal-meta><journal-id journal-id-type="nlm-ta">PLoS Comput Biol</journal-id><journal-id journal-id-type="iso-abbrev">PLoS Comput. Biol</journal-id><journal-id journal-id-type="publisher-id">pcbi</journal-id><journal-id journal-id-type="publisher-id">plcb</journal-id><journal-id journal-id-type="pmc">ploscomp</journal-id><journal-title-group><journal-title>PLoS Computational Biology</journal-title></journal-title-group><issn pub-type="ppub">1553-734X</issn><issn pub-type="epub">1553-7358</issn><publisher><publisher-name>Public Library of Science</publisher-name><publisher-loc>San Francisco, USA</publisher-loc></publisher></journal-meta><article-meta><article-id pub-id-type="accession">PMC1391918</article-id><article-id pub-id-type="pmcid">PMC1391918</article-id><article-id pub-id-type="pmc-uid">1391918</article-id><article-id pub-id-type="pmid">16532060</article-id><article-id pub-id-type="pmid">16532060</article-id><article-id pub-id-type="doi">10.1371/journal.pcbi.0020016</article-id><article-id pub-id-type="publisher-id">05-PLCB-RA-0169R3</article-id><article-id pub-id-type="sici">plcb-02-03-02</article-id><article-categories><subj-group subj-group-type="heading"><subject>Research Article</subject></subj-group><subj-group subj-group-type="Discipline"><subject>Bioinformatics - Computational Biology</subject><subject>Cell Biology</subject><subject>Diabetes - Endocrinology - Metabolism</subject><subject>Nutrition</subject></subj-group><subj-group subj-group-type="System Taxonomy"><subject>Mus (Mouse)</subject></subj-group></article-categories><title-group><article-title>Circadian Clocks Are Resounding in Peripheral Tissues</article-title><alt-title alt-title-type="running-head">Circadian Clocks Are Resounding</alt-title></title-group><contrib-group><contrib contrib-type="author"><name><surname>Ptitsyn</surname><given-names>Andrey A</given-names></name><xref ref-type="aff" rid="aff1">1</xref></contrib><contrib contrib-type="author"><name><surname>Zvonic</surname><given-names>Sanjin</given-names></name><xref ref-type="aff" rid="aff2">2</xref></contrib><contrib contrib-type="author"><name><surname>Conrad</surname><given-names>Steven A</given-names></name><xref ref-type="aff" rid="aff3">3</xref></contrib><contrib contrib-type="author"><name><surname>Scott</surname><given-names>L. Keith</given-names></name><xref ref-type="aff" rid="aff3">3</xref></contrib><contrib contrib-type="author"><name><surname>Mynatt</surname><given-names>Randall L</given-names></name><xref ref-type="aff" rid="aff1">1</xref></contrib><contrib contrib-type="author"><name><surname>Gimble</surname><given-names>Jeffrey M</given-names></name><xref ref-type="aff" rid="aff2">2</xref><xref ref-type="aff" rid="aff4">4</xref><xref ref-type="corresp" rid="cor1">*</xref></contrib></contrib-group><aff id="aff1"><label>1</label> Experimental Obesity Laboratory, Louisiana State University Pennington Biomedical Research Center, Baton Rouge, Louisiana, United States of America
</aff><aff id="aff2"><label>2</label> Stem Cell Laboratory, Louisiana State University Pennington Biomedical Research Center, Baton Rouge, Louisiana, United States of America
</aff><aff id="aff3"><label>3</label> Departments of Bioinformatics and Computational Biology, Medicine, and Emergency Medicine, Louisiana State University Health Sciences Center, Shreveport, Louisiana, United States of America,
</aff><aff id="aff4"><label>4</label> Department of Veterinary Clinical Sciences, Louisiana State University School of Veterinary Medicine, Baton Rouge, Louisiana, United States of America
</aff><contrib-group><contrib contrib-type="editor"><name><surname>Bourne</surname><given-names>Philip E</given-names></name><role>Editor</role><xref ref-type="aff" rid="edit1"/></contrib></contrib-group><aff id="edit1">University of California San Diego, United States of America</aff><author-notes><corresp id="cor1">* To whom correspondence should be addressed. E-mail: <email>GimbleJM@pbrc.edu</email></corresp></author-notes><pub-date pub-type="ppub"><month>3</month><year>2006</year></pub-date><pub-date pub-type="epub"><day>10</day><month>3</month><year>2006</year></pub-date><volume>2</volume><issue>3</issue><elocation-id>e16</elocation-id><history><date date-type="received"><day>18</day><month>7</month><year>2005</year></date><date date-type="accepted"><day>23</day><month>1</month><year>2006</year></date></history><permissions><copyright-statement> © 2006 Ptitsyn et al.</copyright-statement><copyright-year>2006</copyright-year><license xlink:href="http://creativecommons.org/licenses/by/4.0/"><license-p>This is an open-access article distributed under the terms of the Creative Commons Attribution License, which permits unrestricted use, distribution, and reproduction in any medium, provided the original author and source are properly credited.</license-p></license></permissions><abstract><p>Circadian rhythms are prevalent in most organisms. Even the smallest disturbances in the orchestration of circadian gene expression patterns among different tissues can result in functional asynchrony, at the organism level, and may to contribute to a wide range of physiologic disorders. It has been reported that as many as 5%–10% of transcribed genes in peripheral tissues follow a circadian expression pattern. We have conducted a comprehensive study of circadian gene expression on a large dataset representing three different peripheral tissues. The data have been produced in a large-scale microarray experiment covering replicate daily cycles in murine white and brown adipose tissues as well as in liver. We have applied three alternative algorithmic approaches to identify circadian oscillation in time series expression profiles. Analyses of our own data indicate that the expression of at least 7% to 21% of active genes in mouse liver, and in white and brown adipose tissues follow a daily oscillatory pattern. Indeed, analysis of data from other laboratories suggests that the percentage of genes with an oscillatory pattern may approach 50% in the liver. For the rest of the genes, oscillation appears to be obscured by stochastic noise. Our phase classification and computer simulation studies based on multiple datasets indicate no detectable boundary between oscillating and non-oscillating fractions of genes. We conclude that greater attention should be given to the potential influence of circadian mechanisms on any biological pathway related to metabolism and obesity.</p></abstract><abstract abstract-type="synopsis"><title>Synopsis</title><p>The metabolism of living organisms changes over the twenty-four hour daily cycle in an oscillatory manner. This repeating pattern of “peak” and “trough” expression is known as a “circadian rhythm.” We now know that the body's internal clock is controlled by a discrete group of genes. These important regulators are found in many different organs of the body, and they control expression of many other genes in the body. Using mice as an experimental animal, Ptitsyn and colleagues looked at the overall pattern of gene expression in fat tissues and the liver using three different mathematical tests. They present data indicating that the majority of active genes fluctuate rhythmically over a twenty-four hour period. This work suggests that future studies should pay close attention to the influence of the circadian rhythm in obesity and in fat metabolism.</p></abstract><counts><page-count count="10"/></counts><custom-meta-group><custom-meta><meta-name>Citation:</meta-name><meta-value>Ptitsyn AA, Zvonic S, Conrad SA, Scott LK, Mynatt RL, et al. (2006) Circadian clocks are resounding in peripheral tissues. PLoS Comput Biol. 2(3): e16.</meta-value></custom-meta></custom-meta-group></article-meta></front></article>