<article xmlns="https://jats.nlm.nih.gov/ns/archiving/1.2/" xmlns:xsi="http://www.w3.org/2001/XMLSchema-instance" xmlns:ali="http://www.niso.org/schemas/ali/1.0/" xmlns:mml="http://www.w3.org/1998/Math/MathML" xmlns:xlink="http://www.w3.org/1999/xlink" xsi:schemaLocation="https://jats.nlm.nih.gov/ns/archiving/1.2/ https://jats.nlm.nih.gov/archiving/1.2/xsd/JATS-archivearticle1.xsd" article-type="editorial"><front><journal-meta><journal-id journal-id-type="nlm-ta">PLoS Comput Biol</journal-id><journal-id journal-id-type="iso-abbrev">PLoS Comput. Biol</journal-id><journal-id journal-id-type="publisher-id">pcbi</journal-id><journal-id journal-id-type="publisher-id">plcb</journal-id><journal-id journal-id-type="pmc">ploscomp</journal-id><journal-title-group><journal-title>PLoS Computational Biology</journal-title></journal-title-group><issn pub-type="ppub">1553-734X</issn><issn pub-type="epub">1553-7358</issn><publisher><publisher-name>Public Library of Science</publisher-name><publisher-loc>San Francisco, USA</publisher-loc></publisher></journal-meta><article-meta><article-id pub-id-type="accession">PMC1857815</article-id><article-id pub-id-type="pmcid">PMC1857815</article-id><article-id pub-id-type="pmc-uid">1857815</article-id><article-id pub-id-type="pmid">17500596</article-id><article-id pub-id-type="pmid">17500596</article-id><article-id pub-id-type="doi">10.1371/journal.pcbi.0030077</article-id><article-id pub-id-type="publisher-id">07-PLCB-ED-0117</article-id><article-id pub-id-type="sici">plcb-03-04-10</article-id><article-categories><subj-group subj-group-type="heading"><subject>Editorial</subject></subj-group><subj-group subj-group-type="Discipline"><subject>Computational Biology</subject></subj-group></article-categories><title-group><article-title>Ten Simple Rules for Making Good Oral Presentations</article-title><alt-title alt-title-type="running-head">Ten Simple Rules for Good Oral Presentations</alt-title></title-group><contrib-group><contrib contrib-type="author"><name><surname>Bourne</surname><given-names>Philip E</given-names></name><xref ref-type="fn" rid="n101"/></contrib></contrib-group><pub-date pub-type="ppub"><month>4</month><year>2007</year></pub-date><pub-date pub-type="epub"><day>27</day><month>4</month><year>2007</year></pub-date><volume>3</volume><issue>4</issue><elocation-id>e77</elocation-id><permissions><copyright-statement> © 2007 Philip E. Bourne.</copyright-statement><copyright-year>2007</copyright-year><license xlink:href="http://creativecommons.org/licenses/by/4.0/"><license-p>This is an open-access article distributed under the terms of the Creative Commons Attribution License, which permits unrestricted use, distribution, and reproduction in any medium, provided the original author and source are properly credited.</license-p></license></permissions><counts><page-count count="2"/></counts><custom-meta-group><custom-meta><meta-name>citation</meta-name><meta-value>Bourne PE (2007) Ten simple rules for making good oral presentations. PLoS Comput Biol 3(4): e77. doi:<ext-link ext-link-type="doi" xlink:href="10.1371/journal.pcbi.0030077">10.1371/journal.pcbi.0030077</ext-link></meta-value></custom-meta></custom-meta-group></article-meta></front></article>