<article xmlns="https://jats.nlm.nih.gov/ns/archiving/1.2/" xmlns:xsi="http://www.w3.org/2001/XMLSchema-instance" xmlns:ali="http://www.niso.org/schemas/ali/1.0/" xmlns:mml="http://www.w3.org/1998/Math/MathML" xmlns:xlink="http://www.w3.org/1999/xlink" xsi:schemaLocation="https://jats.nlm.nih.gov/ns/archiving/1.2/ https://jats.nlm.nih.gov/archiving/1.2/xsd/JATS-archivearticle1.xsd" article-type="research-article"><front><journal-meta><journal-id journal-id-type="nlm-ta">PLoS Comput Biol</journal-id><journal-id journal-id-type="iso-abbrev">PLoS Comput. Biol</journal-id><journal-id journal-id-type="publisher-id">pcbi</journal-id><journal-id journal-id-type="publisher-id">plcb</journal-id><journal-id journal-id-type="pmc">ploscomp</journal-id><journal-title-group><journal-title>PLoS Computational Biology</journal-title></journal-title-group><issn pub-type="ppub">1553-734X</issn><issn pub-type="epub">1553-7358</issn><publisher><publisher-name>Public Library of Science</publisher-name><publisher-loc>San Francisco, USA</publisher-loc></publisher></journal-meta><article-meta><article-id pub-id-type="accession">PMC1817659</article-id><article-id pub-id-type="pmcid">PMC1817659</article-id><article-id pub-id-type="pmc-uid">1817659</article-id><article-id pub-id-type="pmid">17352530</article-id><article-id pub-id-type="pmid">17352530</article-id><article-id pub-id-type="doi">10.1371/journal.pcbi.0030037</article-id><article-id pub-id-type="publisher-id">06-PLCB-RA-0334R2</article-id><article-id pub-id-type="sici">plcb-03-03-06</article-id><article-categories><subj-group subj-group-type="heading"><subject>Research Article</subject></subj-group><subj-group subj-group-type="Discipline"><subject>Computational Biology</subject><subject>Genetics and Genomics</subject><subject>Genetics and Genomics</subject></subj-group><subj-group subj-group-type="System Taxonomy"><subject>Caenorhabditis</subject><subject>Homo (Human)</subject><subject>Arabidopsis</subject><subject>Oryza</subject></subj-group></article-categories><title-group><article-title>Characterization and Identification of MicroRNA Core Promoters in Four Model Species</article-title><alt-title alt-title-type="running-head">Analysis of Promoters of MicroRNA Genes</alt-title></title-group><contrib-group><contrib contrib-type="author" equal-contrib="yes"><name><surname>Zhou</surname><given-names>Xuefeng</given-names></name><xref ref-type="aff" rid="aff1">1</xref></contrib><contrib contrib-type="author" equal-contrib="yes"><name><surname>Ruan</surname><given-names>Jianhua</given-names></name><xref ref-type="aff" rid="aff1">1</xref></contrib><contrib contrib-type="author"><name><surname>Wang</surname><given-names>Guandong</given-names></name><xref ref-type="aff" rid="aff1">1</xref></contrib><contrib contrib-type="author"><name><surname>Zhang</surname><given-names>Weixiong</given-names></name><xref ref-type="aff" rid="aff1">1</xref><xref ref-type="aff" rid="aff2">2</xref><xref ref-type="corresp" rid="cor1">*</xref></contrib></contrib-group><aff id="aff1"><label>1</label> Department of Computer Science and Engineering, Washington University in Saint Louis, Saint Louis, Missouri, United States of America
</aff><aff id="aff2"><label>2</label> Department of Genetics, Washington University in Saint Louis, Saint Louis, Missouri, United States of America
</aff><contrib-group><contrib contrib-type="editor"><name><surname>Lewitter</surname><given-names>Fran</given-names></name><role>Editor</role><xref ref-type="aff" rid="edit1"/></contrib></contrib-group><aff id="edit1">Whitehead Institute, United States of America</aff><author-notes><corresp id="cor1">* To whom correspondence should be addressed. E-mail: <email>zhang@cse.wustl.edu</email></corresp></author-notes><pub-date pub-type="ppub"><month>3</month><year>2007</year></pub-date><pub-date pub-type="epub"><day>9</day><month>3</month><year>2007</year></pub-date><pub-date pub-type="epreprint"><day>9</day><month>1</month><year>2007</year></pub-date><volume>3</volume><issue>3</issue><elocation-id>e37</elocation-id><history><date date-type="received"><day>16</day><month>8</month><year>2006</year></date><date date-type="accepted"><day>9</day><month>1</month><year>2007</year></date></history><permissions><copyright-statement> © 2007 Zhou et al.</copyright-statement><copyright-year>2007</copyright-year><license xlink:href="http://creativecommons.org/licenses/by/4.0/"><license-p>This is an open-access article distributed under the terms of the Creative Commons Attribution License, which permits unrestricted use, distribution, and reproduction in any medium, provided the original author and source are properly credited.</license-p></license></permissions><!--<related-article preprintResearch Article10.1371/journal.pcbi.0030037.eorsimple>Characterization and Identification of MicroRNA Promoters in Four Model Species</related-article>--><abstract><p>MicroRNAs are short, noncoding RNAs that play important roles in post-transcriptional gene regulation. Although many functions of microRNAs in plants and animals have been revealed in recent years, the transcriptional mechanism of microRNA genes is not well-understood. To elucidate the transcriptional regulation of microRNA genes, we study and characterize, in a genome scale, the promoters of intergenic microRNA genes in <italic>Caenorhabditis elegans, Homo sapiens, Arabidopsis thaliana,</italic> and <named-content content-type="genus-species">Oryza sativa</named-content>. We show that most known microRNA genes in these four species have the same type of promoters as protein-coding genes have. To further characterize the promoters of microRNA genes, we developed a novel promoter prediction method, called <italic>common query voting</italic> (CoVote), which is more effective than available promoter prediction methods. Using this new method, we identify putative core promoters of most known microRNA genes in the four model species. Moreover, we characterize the promoters of microRNA genes in these four species. We discover many significant, characteristic sequence motifs in these core promoters, several of which match or resemble the known <italic>cis</italic>-acting elements for transcription initiation. Among these motifs, some are conserved across different species while some are specific to microRNA genes of individual species.</p></abstract><abstract abstract-type="summary"><title>Author Summary</title><sec id="st1"><title/><p>MicroRNAs are a class of short RNA sequences that have many regulatory functions in complex organisms such as plants and animals. However, our knowledge of the transcriptional mechanisms of microRNA genes is limited. Here, we analyze the upstream sequences of known microRNA genes in four model species, i.e., <italic>C. elegans, H. sapiens, A. thaliana,</italic> and <italic>O. sativa,</italic> and compare them with the promoter sequences of protein-coding genes and other classes of RNA genes. This analysis provides genome-wide evidence that microRNA genes have the same type of promoter sequences as protein-coding genes, and therefore are likely transcribed by RNA polymerase II (pol II). Second, we present a novel computational method for promoter prediction, which is then applied to locate the core promoters of known microRNA genes in the four model species. Furthermore, we present an analysis of short DNA motifs that appear frequently in the predicted promoters of microRNA genes, and report several interesting motifs that may have some functional meanings. These results are important for understanding the initiation and regulation of microRNA gene transcription.</p></sec></abstract><counts><page-count count="12"/></counts><custom-meta-group><custom-meta><meta-name>citation</meta-name><meta-value>Zhou X, Ruan J, Wang G, Zhang W (2007) Characterization and identification of MicroRNA core promoters in four model species. PLoS Comput Biol 3(3): e37. doi:<ext-link ext-link-type="doi" xlink:href="10.1371/journal.pcbi.0030037">10.1371/journal.pcbi.0030037</ext-link></meta-value></custom-meta></custom-meta-group></article-meta></front></article>