<article xmlns="https://jats.nlm.nih.gov/ns/archiving/1.2/" xmlns:xsi="http://www.w3.org/2001/XMLSchema-instance" xmlns:ali="http://www.niso.org/schemas/ali/1.0/" xmlns:mml="http://www.w3.org/1998/Math/MathML" xmlns:xlink="http://www.w3.org/1999/xlink" xsi:schemaLocation="https://jats.nlm.nih.gov/ns/archiving/1.2/ https://jats.nlm.nih.gov/archiving/1.2/xsd/JATS-archivearticle1.xsd" article-type="research-article"><front><journal-meta><journal-id journal-id-type="nlm-ta">PLoS Comput Biol</journal-id><journal-id journal-id-type="iso-abbrev">PLoS Comput. Biol</journal-id><journal-id journal-id-type="publisher-id">pcbi</journal-id><journal-id journal-id-type="publisher-id">plcb</journal-id><journal-id journal-id-type="pmc">ploscomp</journal-id><journal-title-group><journal-title>PLoS Computational Biology</journal-title></journal-title-group><issn pub-type="ppub">1553-734X</issn><issn pub-type="epub">1553-7358</issn><publisher><publisher-name>Public Library of Science</publisher-name><publisher-loc>San Francisco, USA</publisher-loc></publisher></journal-meta><article-meta><article-id pub-id-type="accession">PMC1761654</article-id><article-id pub-id-type="pmcid">PMC1761654</article-id><article-id pub-id-type="pmc-uid">1761654</article-id><article-id pub-id-type="pmid">17194217</article-id><article-id pub-id-type="pmid">17194217</article-id><article-id pub-id-type="doi">10.1371/journal.pcbi.0020176</article-id><article-id pub-id-type="publisher-id">06-PLCB-RA-0293R2</article-id><article-id pub-id-type="sici">plcb-02-12-13</article-id><article-categories><subj-group subj-group-type="heading"><subject>Research Article</subject></subj-group><subj-group subj-group-type="Discipline"><subject>Computational Biology</subject><subject>Neuroscience</subject></subj-group><subj-group subj-group-type="System Taxonomy"><subject>Mammals</subject></subj-group></article-categories><title-group><article-title>DARPP-32 Is a Robust Integrator of Dopamine and Glutamate Signals</article-title><alt-title alt-title-type="running-head">DARPP-32 as a Signal Integrator</alt-title></title-group><contrib-group><contrib contrib-type="author"><name><surname>Fernandez</surname><given-names>Éric</given-names></name><xref ref-type="aff" rid="aff1">1</xref></contrib><contrib contrib-type="author"><name><surname>Schiappa</surname><given-names>Renaud</given-names></name><xref ref-type="aff" rid="aff1">1</xref></contrib><contrib contrib-type="author"><name><surname>Girault</surname><given-names>Jean-Antoine</given-names></name><xref ref-type="aff" rid="aff2">2</xref><xref ref-type="aff" rid="aff3">3</xref></contrib><contrib contrib-type="author"><name><surname>Novère</surname><given-names>Nicolas Le</given-names></name><xref ref-type="aff" rid="aff1">1</xref><xref ref-type="corresp" rid="cor1">*</xref></contrib></contrib-group><aff id="aff1"><label>1</label> EMBL–EBI, Wellcome-Trust Genome Campus, Hinxton, United Kingdom
</aff><aff id="aff2"><label>2</label> INSERM U536, Institut du Fer a Moulin, Paris, France
</aff><aff id="aff3"><label>3</label> Université de Pierre et Marie Curie
</aff><contrib-group><contrib contrib-type="editor"><name><surname>Friston</surname><given-names>Karl J</given-names></name><role>Editor</role><xref ref-type="aff" rid="edit1"/></contrib></contrib-group><aff id="edit1">University College London, United Kingdom</aff><author-notes><corresp id="cor1">* To whom correspondence should be addressed. E-mail: <email>lenov@ebi.ac.uk</email></corresp></author-notes><pub-date pub-type="ppub"><month>12</month><year>2006</year></pub-date><pub-date pub-type="epub"><day>22</day><month>12</month><year>2006</year></pub-date><pub-date pub-type="epreprint"><day>6</day><month>11</month><year>2006</year></pub-date><volume>2</volume><issue>12</issue><elocation-id>e176</elocation-id><history><date date-type="received"><day>31</day><month>7</month><year>2006</year></date><date date-type="accepted"><day>6</day><month>11</month><year>2006</year></date></history><permissions><copyright-statement> © 2006 Fernandez et al.</copyright-statement><copyright-year>2006</copyright-year><license xlink:href="http://creativecommons.org/licenses/by/4.0/"><license-p>This is an open-access article distributed under the terms of the Creative Commons Attribution License, which permits unrestricted use, distribution, and reproduction in any medium, provided the original author and source are properly credited.</license-p></license></permissions><!--<related-article preprintResearch Article10.1371/journal.pcbi.0020176.eorsimple>DARPP-32 is a robust integrator of dopamine and glutamate signals</related-article>--><abstract><p>Integration of neurotransmitter and neuromodulator signals in the striatum plays a central role in the functions and dysfunctions of the basal ganglia. DARPP-32 is a key actor of this integration in the GABAergic medium-size spiny neurons, in particular in response to dopamine and glutamate. When phosphorylated by cAMP-dependent protein kinase (PKA), DARPP-32 inhibits protein phosphatase-1 (PP1), whereas when phosphorylated by cyclin-dependent kinase 5 (CDK5) it inhibits PKA. DARPP-32 is also regulated by casein kinases and by several protein phosphatases. These complex and intricate regulations make simple predictions of DARPP-32 dynamic behaviour virtually impossible. We used detailed quantitative modelling of the regulation of DARPP-32 phosphorylation to improve our understanding of its function. The models included all the combinations of the three best-characterized phosphorylation sites of DARPP-32, their regulation by kinases and phosphatases, and the regulation of those enzymes by cAMP and Ca<sup>2+</sup> signals. Dynamic simulations allowed us to observe the temporal relationships between cAMP and Ca<sup>2+</sup> signals. We confirmed that the proposed regulation of protein phosphatase-2A (PP2A) by calcium can account for the observed decrease of Threonine 75 phosphorylation upon glutamate receptor activation. DARPP-32 is not simply a switch between PP1-inhibiting and PKA-inhibiting states. Sensitivity analysis showed that CDK5 activity is a major regulator of the response, as previously suggested. Conversely, the strength of the regulation of PP2A by PKA or by calcium had little effect on the PP1-inhibiting function of DARPP-32 in these conditions. The simulations showed that DARPP-32 is not only a robust signal integrator, but that its response also depends on the delay between cAMP and calcium signals affecting the response to the latter. This integration did not depend on the concentration of DARPP-32, while the absolute effect on PP1 varied linearly. In silico mutants showed that Ser137 phosphorylation affects the influence of the delay between dopamine and glutamate, and that constitutive phosphorylation in Ser137 transforms DARPP-32 in a quasi-irreversible switch. This work is a first attempt to better understand the complex interactions between cAMP and Ca<sup>2+</sup> regulation of DARPP-32. Progressive inclusion of additional components should lead to a realistic model of signalling networks underlying the function of striatal neurons.</p></abstract><abstract abstract-type="synopsis"><title>Synopsis</title><p>Projecting neurons of the striatum are a crucial relay of the basal ganglia, involved in motor, psychomotor, and behavioural functions. Their importance is emphasised by their involvement in various dysfunctions, such as Huntington chorea and schizophrenia, but also drug addiction. The main inputs to those neurons come from cortical glutamatergic terminals. Dopamine modulates this transmission, providing a measure of the internal (hedonic) state. In mammal brain, DARPP-32, a protein phosphatase inhibitor, has been identified as a major target for both dopamine and glutamate signalling. The authors present a detailed quantitative model of the regulation of DARPP-32 phosphorylation and dephosphorylation by both signals. Dynamic simulations show that the function of DARPP-32 depends on the delay between the two signals, and therefore the protein not only measures the intensity, but also the coincidence, between signals. This measurement is insensitive to many parameters, whether kinetic constants or concentrations, making it a robust integrator. This shows that a proper understanding of signal integration in the basal ganglia requires quantitative descriptions of the signalling pathways in addition to the neuronal electrophysiological properties.</p></abstract><counts><page-count count="15"/></counts><custom-meta-group><custom-meta><meta-name>citation</meta-name><meta-value>Fernandez É, Schiappa R, Girault JA, Le Novère N (2006) DARPP-32 is a robust integrator of dopamine and glutamate signals. PLoS Comput Biol 2(12): e176. doi:<ext-link ext-link-type="doi" xlink:href="10.1371/journal.pcbi.0020176">10.1371/journal.pcbi.0020176</ext-link></meta-value></custom-meta></custom-meta-group></article-meta></front></article>