<article xmlns="https://jats.nlm.nih.gov/ns/archiving/1.2/" xmlns:xsi="http://www.w3.org/2001/XMLSchema-instance" xmlns:ali="http://www.niso.org/schemas/ali/1.0/" xmlns:mml="http://www.w3.org/1998/Math/MathML" xmlns:xlink="http://www.w3.org/1999/xlink" xsi:schemaLocation="https://jats.nlm.nih.gov/ns/archiving/1.2/ https://jats.nlm.nih.gov/archiving/1.2/xsd/JATS-archivearticle1.xsd" article-type="editorial"><front><journal-meta><journal-id journal-id-type="nlm-ta">PLoS Comput Biol</journal-id><journal-id journal-id-type="iso-abbrev">PLoS Comput. Biol</journal-id><journal-id journal-id-type="publisher-id">pcbi</journal-id><journal-id journal-id-type="publisher-id">plcb</journal-id><journal-id journal-id-type="pmc">ploscomp</journal-id><journal-title-group><journal-title>PLoS Computational Biology</journal-title></journal-title-group><issn pub-type="ppub">1553-734X</issn><issn pub-type="epub">1553-7358</issn><publisher><publisher-name>Public Library of Science</publisher-name><publisher-loc>San Francisco, USA</publisher-loc></publisher></journal-meta><article-meta><article-id pub-id-type="accession">PMC1626157</article-id><article-id pub-id-type="pmcid">PMC1626157</article-id><article-id pub-id-type="pmc-uid">1626157</article-id><article-id pub-id-type="pmid">17411327</article-id><article-id pub-id-type="pmid">17411327</article-id><article-id pub-id-type="doi">10.1371/journal.pcbi.0020142</article-id><article-id pub-id-type="publisher-id">06-PLCB-ED-0396R1</article-id><article-id pub-id-type="sici">plcb-02-10-07</article-id><article-categories><subj-group subj-group-type="heading"><subject>Editorial</subject></subj-group></article-categories><title-group><article-title>Biocurators: Contributors to the World of Science</article-title><alt-title alt-title-type="running-head">Biocurators: Contributors to the World of Science</alt-title></title-group><contrib-group><contrib contrib-type="author"><name><surname>Bourne</surname><given-names>Philip E</given-names></name><xref ref-type="corresp" rid="cor1"/><xref ref-type="corresp" rid="cor2">*</xref></contrib><contrib contrib-type="author"><name><surname>McEntyre</surname><given-names>Johanna</given-names></name></contrib></contrib-group><author-notes><corresp id="cor1">Philip E. Bourne is a professor in the Department of Pharmacology, University of California San Diego, La Jolla, California, United States of America, and is Editor-in-Chief of <italic>PLoS Computational Biology</italic>. Johanna McEntyre is with the National Center for Biotechnology Information, Bethesda, Maryland, United States of America.</corresp><corresp id="cor2">* To whom correspondence should be addressed. E-mail: <email>bourne@sdsc.edu</email></corresp></author-notes><pub-date pub-type="ppub"><month>10</month><year>2006</year></pub-date><pub-date pub-type="epub"><day>27</day><month>10</month><year>2006</year></pub-date><volume>2</volume><issue>10</issue><elocation-id>e142</elocation-id><permissions><copyright-statement>This is an open-access article distributed under the terms of the Creative Commons Public Domain declaration which stipulates that, once placed in the public domain, this work may be freely reproduced, distributed, transmitted, modified, built upon, or otherwise used by anyone for any lawful purpose.</copyright-statement><copyright-year>2006</copyright-year><license xlink:href="https://creativecommons.org/publicdomain/zero/1.0/"><license-p>This is an open-access article distributed under the terms of the Creative Commons Public Domain declaration, which stipulates that, once placed in the public domain, this work may be freely reproduced, distributed, transmitted, modified, built upon, or otherwise used by anyone for any lawful purpose.</license-p></license></permissions><related-article id="d35e91" related-article-type="companion" ext-link-type="doi" xlink:href="10.1371/journal.pcbi.0020099" xlink:title="Perspectives" vol="2" page="e99"><article-title>A Biocurator Perspective: Annotation at the Research Collaboratory for Structural Bioinformatics Protein Data Bank </article-title></related-article><related-article id="d35e96" related-article-type="companion" ext-link-type="doi" xlink:href="10.1371/journal.pcbi.0020125" xlink:title="Perspectives" vol="2" page="e125"><article-title>The Biocurator: Connecting and Enhancing Scientific Data</article-title></related-article><counts><page-count count="1"/></counts><custom-meta-group><custom-meta><meta-name>citation</meta-name><meta-value>Bourne PE, McEntyre J (2006) Biocurators: Contributors to the world of science. PLoS Comput Biol 2(10): e142. DOI: <ext-link ext-link-type="doi" xlink:href="10.1371/journal.pcbi.0020142">10.1371/journal.pcbi.0020142</ext-link></meta-value></custom-meta></custom-meta-group></article-meta></front></article>