<article xmlns="https://jats.nlm.nih.gov/ns/archiving/1.2/" xmlns:xsi="http://www.w3.org/2001/XMLSchema-instance" xmlns:ali="http://www.niso.org/schemas/ali/1.0/" xmlns:mml="http://www.w3.org/1998/Math/MathML" xmlns:xlink="http://www.w3.org/1999/xlink" xsi:schemaLocation="https://jats.nlm.nih.gov/ns/archiving/1.2/ https://jats.nlm.nih.gov/archiving/1.2/xsd/JATS-archivearticle1.xsd" article-type="research-article"><front><journal-meta><journal-id journal-id-type="nlm-ta">PLoS Comput Biol</journal-id><journal-id journal-id-type="iso-abbrev">PLoS Comput. Biol</journal-id><journal-id journal-id-type="publisher-id">pcbi</journal-id><journal-id journal-id-type="publisher-id">plcb</journal-id><journal-id journal-id-type="pmc">ploscomp</journal-id><journal-title-group><journal-title>PLoS Computational Biology</journal-title></journal-title-group><issn pub-type="ppub">1553-734X</issn><issn pub-type="epub">1553-7358</issn><publisher><publisher-name>Public Library of Science</publisher-name><publisher-loc>San Francisco, USA</publisher-loc></publisher></journal-meta><article-meta><article-id pub-id-type="accession">PMC1976336</article-id><article-id pub-id-type="pmcid">PMC1976336</article-id><article-id pub-id-type="pmc-uid">1976336</article-id><article-id pub-id-type="pmid">17941702</article-id><article-id pub-id-type="doi">10.1371/journal.pcbi.0030168</article-id><article-id pub-id-type="publisher-id">06-PLCB-RA-0370R4</article-id><article-id pub-id-type="sici">plcb-03-09-07</article-id><article-categories><subj-group subj-group-type="heading"><subject>Research Article</subject></subj-group><subj-group subj-group-type="Discipline"><subject>Computational Biology</subject><subject>Microbiology</subject></subj-group><subj-group subj-group-type="System Taxonomy"><subject>Plasmodium</subject><subject>Homo (Human)</subject></subj-group></article-categories><title-group><article-title>Systems Analysis of Chaperone Networks in the Malarial Parasite <named-content content-type="genus-species">Plasmodium falciparum</named-content>
</article-title><alt-title alt-title-type="running-head">Chaperone Network in the Malarial Parasite</alt-title></title-group><contrib-group><contrib contrib-type="author" equal-contrib="yes"><name><surname>Pavithra</surname><given-names>Soundara Raghavan</given-names></name><xref ref-type="aff" rid="aff1"/></contrib><contrib contrib-type="author" equal-contrib="yes"><name><surname>Kumar</surname><given-names>Ranjit</given-names></name><xref ref-type="aff" rid="aff1"/></contrib><contrib contrib-type="author"><name><surname>Tatu</surname><given-names>Utpal</given-names></name><xref ref-type="corresp" rid="cor1">*</xref><xref ref-type="aff" rid="aff1"/></contrib></contrib-group><aff id="aff1">Department of Biochemistry, Indian Institute of Science, Bangalore, Karnataka, India</aff><contrib-group><contrib contrib-type="editor"><name><surname>Bourne</surname><given-names>Philip E</given-names></name><role>Editor</role><xref ref-type="aff" rid="edit1"/></contrib></contrib-group><aff id="edit1">University of California San Diego, United States of America</aff><author-notes><corresp id="cor1">* To whom correspondence should be addressed. E-mail: <email>tatu@biochem.iisc.ernet.in</email></corresp></author-notes><pub-date pub-type="ppub"><month>9</month><year>2007</year></pub-date><pub-date pub-type="epub"><day>14</day><month>9</month><year>2007</year></pub-date><volume>3</volume><issue>9</issue><elocation-id>e168</elocation-id><history><date date-type="received"><day>5</day><month>9</month><year>2006</year></date><date date-type="accepted"><day>11</day><month>7</month><year>2007</year></date></history><permissions><copyright-statement> © 2007 Pavithra et al.</copyright-statement><copyright-year>2007</copyright-year><license xlink:href="http://creativecommons.org/licenses/by/4.0/"><license-p>This is an open-access article distributed under the terms of the Creative Commons Attribution License, which permits unrestricted use, distribution, and reproduction in any medium, provided the original author and source are properly credited.</license-p></license></permissions><abstract><p>Molecular chaperones participate in the maintenance of cellular protein homeostasis, cell growth and differentiation, signal transduction, and development. Although a vast body of information is available regarding individual chaperones, few studies have attempted a systems level analysis of chaperone function. In this paper, we have constructed a chaperone interaction network for the malarial parasite, <named-content content-type="genus-species">Plasmodium falciparum</named-content>. <named-content content-type="genus-species">P. falciparum</named-content> is responsible for several million deaths every year, and understanding the biology of the parasite is a top priority. The parasite regularly experiences heat shock as part of its life cycle, and chaperones have often been implicated in parasite survival and growth. To better understand the participation of chaperones in cellular processes, we created a parasite chaperone network by combining experimental interactome data with in silico analysis. We used interolog mapping to predict protein–protein interactions for parasite chaperones based on the interactions of corresponding human chaperones. This data was then combined with information derived from existing high-throughput yeast two-hybrid assays. Analysis of the network reveals the broad range of functions regulated by chaperones. The network predicts involvement of chaperones in chromatin remodeling, protein trafficking, and cytoadherence. Importantly, it allows us to make predictions regarding the functions of hypothetical proteins based on their interactions. It allows us to make specific predictions about Hsp70–Hsp40 interactions in the parasite and assign functions to members of the Hsp90 and Hsp100 families. Analysis of the network provides a rational basis for the anti-malarial activity of geldanamycin, a well-known Hsp90 inhibitor. Finally, analysis of the network provides a theoretical basis for further experiments designed toward understanding the involvement of this important class of molecules in parasite biology.</p></abstract><abstract abstract-type="summary"><title>Author Summary</title><sec id="st1"><title/><p>Among the infectious diseases affecting humans, the malarial parasite is responsible for a very high number of deaths. About 2 million people die of malaria every year, of which more than a million are children in sub-Saharan Africa. Malaria is caused by a protozoan parasite belonging to the genus <named-content content-type="genus-species">Plasmodium</named-content>, and <named-content content-type="genus-species">Plasmodium falciparum</named-content> is responsible for the most severe form of malaria. Due to the increasing incidence of resistance to existing drugs, there is a growing need to discover new and more effective drugs against malaria. We have computationally predicted processes governing parasite growth in humans. Recent reports from several labs point to a critical role played by a group of proteins termed molecular chaperones in parasite growth within red cells. We have therefore chosen to provide a balance sheet of all the activities supported by this group of proteins in the parasite. Our systems-level approach provides information on 95 different chaperones in the parasite and also provides insights into their business partners and cellular processes that they might regulate. In addition to predicting a basis for the anti-malarial potential of known drugs such as geldanamycin, our analysis also highlights new proteins that can be used as anti-malarial targets.</p></sec></abstract><counts><page-count count="15"/></counts><custom-meta-group><custom-meta><meta-name>citation</meta-name><meta-value>Pavithra SR, Kumar R, Tatu U (2007) Systems analysis of chaperone networks in the malarial parasite <named-content content-type="genus-species">Plasmodium falciparum</named-content>. PLoS Comput Biol 3(9): e168. doi:<ext-link ext-link-type="doi" xlink:href="10.1371/journal.pcbi.0030168">10.1371/journal.pcbi.0030168</ext-link></meta-value></custom-meta></custom-meta-group></article-meta></front></article>