<article xmlns="https://jats.nlm.nih.gov/ns/archiving/1.2/" xmlns:xsi="http://www.w3.org/2001/XMLSchema-instance" xmlns:ali="http://www.niso.org/schemas/ali/1.0/" xmlns:mml="http://www.w3.org/1998/Math/MathML" xmlns:xlink="http://www.w3.org/1999/xlink" xsi:schemaLocation="https://jats.nlm.nih.gov/ns/archiving/1.2/ https://jats.nlm.nih.gov/archiving/1.2/xsd/JATS-archivearticle1.xsd" article-type="research-article"><front><journal-meta><journal-id journal-id-type="nlm-ta">PLoS Comput Biol</journal-id><journal-id journal-id-type="iso-abbrev">PLoS Comput. Biol</journal-id><journal-id journal-id-type="publisher-id">pcbi</journal-id><journal-id journal-id-type="publisher-id">plcb</journal-id><journal-id journal-id-type="pmc">ploscomp</journal-id><journal-title-group><journal-title>PLoS Computational Biology</journal-title></journal-title-group><issn pub-type="ppub">1553-734X</issn><issn pub-type="epub">1553-7358</issn><publisher><publisher-name>Public Library of Science</publisher-name><publisher-loc>San Francisco, USA</publisher-loc></publisher></journal-meta><article-meta><article-id pub-id-type="accession">PMC1797822</article-id><article-id pub-id-type="pmcid">PMC1797822</article-id><article-id pub-id-type="pmc-uid">1797822</article-id><article-id pub-id-type="pmid">17305422</article-id><article-id pub-id-type="pmid">17305422</article-id><article-id pub-id-type="doi">10.1371/journal.pcbi.0030031</article-id><article-id pub-id-type="publisher-id">06-PLCB-RA-0472R2</article-id><article-id pub-id-type="sici">plcb-03-02-08</article-id><article-categories><subj-group subj-group-type="heading"><subject>Research Article</subject></subj-group><subj-group subj-group-type="Discipline"><subject>Computational Biology</subject><subject>Neuroscience</subject></subj-group><subj-group subj-group-type="System Taxonomy"><subject>Primates</subject></subj-group></article-categories><title-group><article-title>Unsupervised Learning of Visual Features through Spike Timing Dependent Plasticity</article-title><alt-title alt-title-type="running-head">STDP-Based Visual Feature Learning</alt-title></title-group><contrib-group><contrib contrib-type="author"><name><surname>Masquelier</surname><given-names>Timothée</given-names></name><xref ref-type="aff" rid="aff1">1</xref><xref ref-type="aff" rid="aff2">2</xref><xref ref-type="corresp" rid="cor1">*</xref></contrib><contrib contrib-type="author"><name><surname>Thorpe</surname><given-names>Simon J</given-names></name><xref ref-type="aff" rid="aff1">1</xref><xref ref-type="aff" rid="aff2">2</xref></contrib></contrib-group><aff id="aff1"><label>1</label> Centre de Recherche Cerveau et Cognition, Centre National de la Recherche Scientifique, Université Paul Sabatier, Faculté de Médecine de Rangueil, Toulouse, France
</aff><aff id="aff2"><label>2</label> SpikeNet Technology SARL, Labege, France
</aff><contrib-group><contrib contrib-type="editor"><name><surname>Friston</surname><given-names>Karl J</given-names></name><role>Editor</role><xref ref-type="aff" rid="edit1"/></contrib></contrib-group><aff id="edit1">University College London, United Kingdom</aff><author-notes><corresp id="cor1">* To whom correspondence should be addressed. E-mail: <email>timothee.masquelier@alum.mit.edu</email></corresp></author-notes><pub-date pub-type="ppub"><month>2</month><year>2007</year></pub-date><pub-date pub-type="epub"><day>16</day><month>2</month><year>2007</year></pub-date><pub-date pub-type="epreprint"><day>2</day><month>1</month><year>2007</year></pub-date><volume>3</volume><issue>2</issue><elocation-id>e31</elocation-id><history><date date-type="received"><day>10</day><month>11</month><year>2006</year></date><date date-type="accepted"><day>2</day><month>1</month><year>2007</year></date></history><permissions><copyright-statement> © 2007 Masquelier and Thorpe.</copyright-statement><copyright-year>2007</copyright-year><license xlink:href="http://creativecommons.org/licenses/by/4.0/"><license-p>This is an open-access article distributed under the terms of the Creative Commons Attribution License, which permits unrestricted use, distribution, and reproduction in any medium, provided the original author and source are properly credited.</license-p></license></permissions><!--<related-article preprintResearch Article10.1371/journal.pcbi.0030031.eorsimple>Unsupervised learning of visual features through Spike Timing Dependent Plasticity</related-article>--><abstract><p>Spike timing dependent plasticity (STDP) is a learning rule that modifies synaptic strength as a function of the relative timing of pre- and postsynaptic spikes. When a neuron is repeatedly presented with similar inputs, STDP is known to have the effect of concentrating high synaptic weights on afferents that systematically fire early, while postsynaptic spike latencies decrease. Here we use this learning rule in an asynchronous feedforward spiking neural network that mimics the ventral visual pathway and shows that when the network is presented with natural images, selectivity to intermediate-complexity visual features emerges. Those features, which correspond to prototypical patterns that are both salient and consistently present in the images, are highly informative and enable robust object recognition, as demonstrated on various classification tasks. Taken together, these results show that temporal codes may be a key to understanding the phenomenal processing speed achieved by the visual system and that STDP can lead to fast and selective responses.</p></abstract><abstract abstract-type="summary"><title>Author Summary</title><sec id="st1"><title/><p>The paper describes a new biologically plausible mechanism for generating intermediate-level visual representations using an unsupervised learning scheme. These representations can then be used very effectively to perform categorization tasks using natural images. While the basic hierarchical architecture of the system is fairly similar to a number of other recent proposals, the key differences lie in the level of description that is used—individual neurons and spikes—and in the sort of coding scheme involved. Essentially, we have found that a combination of a temporal coding scheme where the most strongly activated neurons fire first with spike timing dependent plasticity leads to a situation where neurons in higher order visual areas will gradually become selective to frequently occurring feature combinations. At the same time, their responses become more and more rapid. We firmly believe that such mechanisms are a key to understanding the remarkable efficiency of the primate visual system.</p></sec></abstract><counts><page-count count="11"/></counts><custom-meta-group><custom-meta><meta-name>citation</meta-name><meta-value>Masquelier T, Thorpe SJ (2007) Unsupervised learning of visual features through spike timing dependent plasticity. PLoS Comput Biol 3(2): e31. DOI: <ext-link ext-link-type="doi" xlink:href="10.1371/journal.pcbi.0030031">10.1371/journal.pcbi.0030031</ext-link></meta-value></custom-meta></custom-meta-group></article-meta></front></article>