<article xmlns="https://jats.nlm.nih.gov/ns/archiving/1.2/" xmlns:xsi="http://www.w3.org/2001/XMLSchema-instance" xmlns:ali="http://www.niso.org/schemas/ali/1.0/" xmlns:mml="http://www.w3.org/1998/Math/MathML" xmlns:xlink="http://www.w3.org/1999/xlink" xsi:schemaLocation="https://jats.nlm.nih.gov/ns/archiving/1.2/ https://jats.nlm.nih.gov/archiving/1.2/xsd/JATS-archivearticle1.xsd" article-type="review-article"><front><journal-meta><journal-id journal-id-type="nlm-ta">PLoS Comput Biol</journal-id><journal-id journal-id-type="iso-abbrev">PLoS Comput. Biol</journal-id><journal-id journal-id-type="publisher-id">pcbi</journal-id><journal-id journal-id-type="publisher-id">plcb</journal-id><journal-id journal-id-type="pmc">ploscomp</journal-id><journal-title-group><journal-title>PLoS Computational Biology</journal-title></journal-title-group><issn pub-type="ppub">1553-734X</issn><issn pub-type="epub">1553-7358</issn><publisher><publisher-name>Public Library of Science</publisher-name><publisher-loc>San Francisco, USA</publisher-loc></publisher></journal-meta><article-meta><article-id pub-id-type="accession">PMC1185649</article-id><article-id pub-id-type="pmcid">PMC1185649</article-id><article-id pub-id-type="pmc-uid">1185649</article-id><article-id pub-id-type="pmid">16110337</article-id><article-id pub-id-type="doi">10.1371/journal.pcbi.0010024</article-id><article-id pub-id-type="publisher-id">05-PLCB-RV-0069R2</article-id><article-id pub-id-type="sici">plcb-01-02-08</article-id><article-categories><subj-group subj-group-type="heading"><subject>Review</subject></subj-group><subj-group subj-group-type="Discipline"><subject>Bioinformatics - Computational Biology</subject></subj-group><subj-group subj-group-type="System Taxonomy"><subject>Eubacteria</subject></subj-group></article-categories><title-group><article-title>Bioinformatics for Whole-Genome Shotgun Sequencing of Microbial Communities</article-title><alt-title alt-title-type="running-head">Review</alt-title></title-group><contrib-group><contrib contrib-type="author"><name><surname>Chen</surname><given-names>Kevin</given-names></name><xref ref-type="corresp" rid="cor1">*</xref></contrib><contrib contrib-type="author"><name><surname>Pachter</surname><given-names>Lior</given-names></name><xref ref-type="corresp" rid="cor1">*</xref></contrib></contrib-group><author-notes><fn fn-type="current-aff"><p>Kevin Chen is in the Department of Electrical Engineering and Computer Science and Lior Pachter is in the Department of Mathematics at the University of California, Berkeley, California, United States of America.</p></fn><corresp id="cor1">*To whom correspondence should be addressed. E-mail: <email>kevinc@cs.berkeley.edu (KC), lpachter@math.berkeley.edu (LP)</email></corresp></author-notes><pub-date pub-type="ppub"><month>7</month><year>2005</year></pub-date><pub-date pub-type="epub"><day>12</day><month>7</month><year>2005</year></pub-date><volume>1</volume><issue>2</issue><elocation-id>e24</elocation-id><permissions><copyright-statement>Copyright: © 2005 Chen and Pachter.</copyright-statement><copyright-year>2005</copyright-year><license xlink:href="http://creativecommons.org/licenses/by/4.0/"><license-p>This is an open-access article distributed under the terms of the Creative Commons Attribution License, which permits unrestricted use, distribution, and reproduction in any medium, provided the original author and source are properly credited.</license-p></license></permissions><abstract><p>The application of whole-genome shotgun sequencing to microbial communities represents a major development in metagenomics, the study of uncultured microbes via the tools of modern genomic analysis. In the past year, whole-genome shotgun sequencing projects of prokaryotic communities from an acid mine biofilm, the Sargasso Sea, Minnesota farm soil, three deep-sea whale falls, and deep-sea sediments have been reported, adding to previously published work on viral communities from marine and fecal samples. The interpretation of this new kind of data poses a wide variety of exciting and difficult bioinformatics problems. The aim of this review is to introduce the bioinformatics community to this emerging field by surveying existing techniques and promising new approaches for several of the most interesting of these computational problems.</p></abstract><custom-meta-group><custom-meta><meta-name>Citation:</meta-name><meta-value>Chen K, Pachter L (2005) Bioinformatics for whole-genome shotgun sequencing of microbial communities. PLoS Comp Biol 1(2): e24.</meta-value></custom-meta></custom-meta-group></article-meta></front></article>