<article xmlns="https://jats.nlm.nih.gov/ns/archiving/1.2/" xmlns:xsi="http://www.w3.org/2001/XMLSchema-instance" xmlns:ali="http://www.niso.org/schemas/ali/1.0/" xmlns:mml="http://www.w3.org/1998/Math/MathML" xmlns:xlink="http://www.w3.org/1999/xlink" xsi:schemaLocation="https://jats.nlm.nih.gov/ns/archiving/1.2/ https://jats.nlm.nih.gov/archiving/1.2/xsd/JATS-archivearticle1.xsd" article-type="research-article"><front><journal-meta><journal-id journal-id-type="nlm-ta">PLoS Comput Biol</journal-id><journal-id journal-id-type="iso-abbrev">PLoS Comput. Biol</journal-id><journal-id journal-id-type="publisher-id">pcbi</journal-id><journal-id journal-id-type="publisher-id">plcb</journal-id><journal-id journal-id-type="pmc">ploscomp</journal-id><journal-title-group><journal-title>PLoS Computational Biology</journal-title></journal-title-group><issn pub-type="ppub">1553-734X</issn><issn pub-type="epub">1553-7358</issn><publisher><publisher-name>Public Library of Science</publisher-name><publisher-loc>San Francisco, USA</publisher-loc></publisher></journal-meta><article-meta><article-id pub-id-type="accession">PMC1914371</article-id><article-id pub-id-type="pmcid">PMC1914371</article-id><article-id pub-id-type="pmc-uid">1914371</article-id><article-id pub-id-type="pmid">17630826</article-id><article-id pub-id-type="pmid">17630826</article-id><article-id pub-id-type="doi">10.1371/journal.pcbi.0030131</article-id><article-id pub-id-type="publisher-id">06-PLCB-RA-0543R2</article-id><article-id pub-id-type="sici">plcb-03-07-16</article-id><article-categories><subj-group subj-group-type="heading"><subject>Research Article</subject></subj-group><subj-group subj-group-type="Discipline"><subject>Computational Biology</subject><subject>Computational Biology</subject><subject>Computational Biology</subject><subject>Genetics and Genomics</subject></subj-group><subj-group subj-group-type="System Taxonomy"><subject>Homo (Human)</subject></subj-group></article-categories><title-group><article-title>Global and Local Architecture of the Mammalian microRNA–Transcription Factor Regulatory Network</article-title><alt-title alt-title-type="running-head">MicroRNA-TF Regulatory Network Architecture</alt-title></title-group><contrib-group><contrib contrib-type="author"><name><surname>Shalgi</surname><given-names>Reut</given-names></name><xref ref-type="aff" rid="aff1">1</xref><xref ref-type="aff" rid="aff2">2</xref></contrib><contrib contrib-type="author"><name><surname>Lieber</surname><given-names>Daniel</given-names></name><xref ref-type="aff" rid="aff1">1</xref></contrib><contrib contrib-type="author"><name><surname>Oren</surname><given-names>Moshe</given-names></name><xref ref-type="aff" rid="aff2">2</xref></contrib><contrib contrib-type="author"><name><surname>Pilpel</surname><given-names>Yitzhak</given-names></name><xref ref-type="aff" rid="aff1">1</xref><xref ref-type="corresp" rid="cor1">*</xref></contrib></contrib-group><aff id="aff1"><label>1</label> Department of Molecular Genetics, Weizmann Institute of Science, Rehovot, Israel
</aff><aff id="aff2"><label>2</label> Department of Molecular Cell Biology, Weizmann Institute of Science, Rehovot, Israel
</aff><contrib-group><contrib contrib-type="editor"><name><surname>Stormo</surname><given-names>Gary</given-names></name><role>Editor</role><xref ref-type="aff" rid="edit1"/></contrib></contrib-group><aff id="edit1">Washington University, United States of America</aff><author-notes><corresp id="cor1">* To whom correspondence should be addressed. E-mail: <email>Pilpel@weizmann.ac.il</email></corresp></author-notes><pub-date pub-type="ppub"><month>7</month><year>2007</year></pub-date><pub-date pub-type="epub"><day>13</day><month>7</month><year>2007</year></pub-date><volume>3</volume><issue>7</issue><elocation-id>e131</elocation-id><history><date date-type="received"><day>27</day><month>12</month><year>2006</year></date><date date-type="accepted"><day>22</day><month>5</month><year>2007</year></date></history><permissions><copyright-statement> © 2007 Shalgi et al.</copyright-statement><copyright-year>2007</copyright-year><license xlink:href="http://creativecommons.org/licenses/by/4.0/"><license-p>This is an open-access article distributed under the terms of the Creative Commons Attribution License, which permits unrestricted use, distribution, and reproduction in any medium, provided the original author and source are properly credited.</license-p></license></permissions><abstract><p>microRNAs (miRs) are small RNAs that regulate gene expression at the posttranscriptional level. It is anticipated that, in combination with transcription factors (TFs), they span a regulatory network that controls thousands of mammalian genes. Here we set out to uncover local and global architectural features of the mammalian miR regulatory network. Using evolutionarily conserved potential binding sites of miRs in human targets, and conserved binding sites of TFs in promoters, we uncovered two regulation networks. The first depicts combinatorial interactions between pairs of miRs with many shared targets. The network reveals several levels of hierarchy, whereby a few miRs interact with many other lowly connected miR partners. We revealed hundreds of “target hubs” genes, each potentially subject to massive regulation by dozens of miRs. Interestingly, many of these target hub genes are transcription regulators and they are often related to various developmental processes. The second network consists of miR–TF pairs that coregulate large sets of common targets. We discovered that the network consists of several recurring motifs. Most notably, in a significant fraction of the miR–TF coregulators the TF appears to regulate the miR, or to be regulated by the miR, forming a diversity of feed-forward loops. Together these findings provide new insights on the architecture of the combined transcriptional–post transcriptional regulatory network.</p></abstract><abstract abstract-type="summary"><title>Author Summary</title><sec id="st1"><title/><p>It is becoming increasingly appreciated that a new type of gene which does not code for proteins, the regulatory RNAs, constitutes a considerable portion of mammalian genomes, and these genes serve as key players in the regulatory network of living cells. Among these regulatory RNAs are the microRNAs (miRs), small RNAs that mediate posttranscriptional gene silencing through inhibition of protein production or degradation of mRNAs. So far little is known about the extent of regulation by miRs, and their potential cooperation with other regulatory layers in the network. We investigated the potential crosstalk between the miR-mediated posttranscription layer, and the transcriptional regulation layer, whose dominant players, the transcription factors (TFs), regulate the production of protein-coding mRNAs. We found that the extent of miR regulation varies extensively among different genes, some of which, especially those who serve as regulators themselves, are subject to enhanced miR silencing. Further, we identified thousands of genes that are potentially subjected to coordinated regulation by multiple miRs and by specific combinations of TFs and miRs. The regulatory network, comprising transcriptional and posttranscriptional regulation, manifests several recurring architectures, one of which consists of a TF and a miR that together regulate a large set of common genes, and that also appear to regulate one another. Altogether this work provides new insights into the logic and evolution of a new regulatory layer of the mammalian genome, and its effect on other regulatory networks in the cell.</p></sec></abstract><counts><page-count count="14"/></counts><custom-meta-group><custom-meta><meta-name>citation</meta-name><meta-value>Shalgi R, Lieber D, Oren M, Pilpel Y (2007) Global and local architecture of the mammalian microRNA–transcription factor regulatory network. PLoS Comput Biol 3(7): e131. doi:<ext-link ext-link-type="doi" xlink:href="10.1371/journal.pcbi.0030131">10.1371/journal.pcbi.0030131</ext-link></meta-value></custom-meta></custom-meta-group></article-meta></front></article>