<article xmlns="https://jats.nlm.nih.gov/ns/archiving/1.2/" xmlns:xsi="http://www.w3.org/2001/XMLSchema-instance" xmlns:ali="http://www.niso.org/schemas/ali/1.0/" xmlns:mml="http://www.w3.org/1998/Math/MathML" xmlns:xlink="http://www.w3.org/1999/xlink" xsi:schemaLocation="https://jats.nlm.nih.gov/ns/archiving/1.2/ https://jats.nlm.nih.gov/archiving/1.2/xsd/JATS-archivearticle1.xsd" article-type="research-article"><front><journal-meta><journal-id journal-id-type="nlm-ta">PLoS Comput Biol</journal-id><journal-id journal-id-type="iso-abbrev">PLoS Comput. Biol</journal-id><journal-id journal-id-type="publisher-id">pcbi</journal-id><journal-id journal-id-type="publisher-id">plcb</journal-id><journal-id journal-id-type="pmc">ploscomp</journal-id><journal-title-group><journal-title>PLoS Computational Biology</journal-title></journal-title-group><issn pub-type="ppub">1553-734X</issn><issn pub-type="epub">1553-7358</issn><publisher><publisher-name>Public Library of Science</publisher-name><publisher-loc>San Francisco, USA</publisher-loc></publisher></journal-meta><article-meta><article-id pub-id-type="accession">PMC1828703</article-id><article-id pub-id-type="pmcid">PMC1828703</article-id><article-id pub-id-type="pmc-uid">1828703</article-id><article-id pub-id-type="pmid">17367205</article-id><article-id pub-id-type="pmid">17367205</article-id><article-id pub-id-type="doi">10.1371/journal.pcbi.0030053</article-id><article-id pub-id-type="publisher-id">06-PLCB-RA-0506R1</article-id><article-id pub-id-type="sici">plcb-03-03-11</article-id><article-categories><subj-group subj-group-type="heading"><subject>Research Article</subject></subj-group><subj-group subj-group-type="Discipline"><subject>Developmental Biology</subject><subject>Oncology</subject></subj-group><subj-group subj-group-type="System Taxonomy"><subject>Mammals</subject><subject>Homo Sapiens</subject></subj-group></article-categories><title-group><article-title>(A)Symmetric Stem Cell Replication and Cancer</article-title><alt-title alt-title-type="running-head">Symmetry of Stem Cell Division</alt-title></title-group><contrib-group><contrib contrib-type="author"><name><surname>Dingli</surname><given-names>David</given-names></name><xref ref-type="aff" rid="aff1">1</xref><xref ref-type="aff" rid="aff2">2</xref><xref ref-type="corresp" rid="cor1">*</xref></contrib><contrib contrib-type="author"><name><surname>Traulsen</surname><given-names>Arne</given-names></name><xref ref-type="aff" rid="aff1">1</xref></contrib><contrib contrib-type="author"><name><surname>Michor</surname><given-names>Franziska</given-names></name><xref ref-type="aff" rid="aff3">3</xref><xref ref-type="aff" rid="aff4">4</xref></contrib></contrib-group><aff id="aff1"><label>1</label> Program for Evolutionary Dynamics, Harvard University, Cambridge, Massachusetts, United States of America
</aff><aff id="aff2"><label>2</label> Division of Hematology, Mayo Clinic College of Medicine, Rochester, Minnesota, United States of America
</aff><aff id="aff3"><label>3</label> Society of Fellows, Harvard University, Cambridge, Massachusetts, United States of America
</aff><aff id="aff4"><label>4</label> Dana Farber Cancer Institute, Boston, Massachusetts, United States of America
</aff><contrib-group><contrib contrib-type="editor"><name><surname>Crampin</surname><given-names>Edmund</given-names></name><role>Editor</role><xref ref-type="aff" rid="edit1"/></contrib></contrib-group><aff id="edit1">University of Auckland, New Zealand</aff><author-notes><corresp id="cor1">* To whom correspondence should be addressed. E-mail: <email>dingli@fas.harvard.edu</email></corresp></author-notes><pub-date pub-type="ppub"><month>3</month><year>2007</year></pub-date><pub-date pub-type="epub"><day>16</day><month>3</month><year>2007</year></pub-date><pub-date pub-type="epreprint"><day>1</day><month>2</month><year>2007</year></pub-date><volume>3</volume><issue>3</issue><elocation-id>e53</elocation-id><history><date date-type="received"><day>4</day><month>12</month><year>2006</year></date><date date-type="accepted"><day>31</day><month>1</month><year>2007</year></date></history><permissions><copyright-statement> © 2007 Dingli et al.</copyright-statement><copyright-year>2007</copyright-year><license xlink:href="http://creativecommons.org/licenses/by/4.0/"><license-p>This is an open-access article distributed under the terms of the Creative Commons Attribution License, which permits unrestricted use, distribution, and reproduction in any medium, provided the original author and source are properly credited.</license-p></license></permissions><!--<related-article preprintResearch Article10.1371/journal.pcbi.0030053.eorsimple>(A)Symmetric Stem Cell Replication and Cancer</related-article>--><abstract><p>Most tissues in metazoans undergo continuous turnover due to cell death or epithelial shedding. Since cellular replication is associated with an inherent risk of mutagenesis, tissues are maintained by a small group of stem cells (SCs) that replicate slowly to maintain their own population and that give rise to differentiated cells. There is increasing evidence that many tumors are also maintained by a small population of cancer stem cells that may arise by mutations from normal SCs. SC replication can be either symmetric or asymmetric. The former can lead to expansion of the SC pool. We describe a simple model to evaluate the impact of (a)symmetric SC replication on the expansion of mutant SCs and to show that mutations that increase the probability of asymmetric replication can lead to rapid mutant SC expansion in the absence of a selective fitness advantage. Mutations in several genes can lead to this process and may be at the root of the carcinogenic process.</p></abstract><abstract abstract-type="summary"><title>Author Summary</title><sec id="st1"><title/><p>In multicellular organisms, tissues such as skin, the gut, and blood undergo continuous cell turnover. These tissues are maintained by a small group of tightly regulated cells known as stem cells (SCs) that have two defining properties: they can renew themselves and give rise to more specialized cells that perform tissue specific tasks. Somatic SCs live for many years and replicate slowly to minimize the risk of acquiring mutations in their DNA. When a SC divides, the two daughter cells may have similar properties (symmetric division) or may have different fates (asymmetric division). Symmetric division may allow SCs to expand, and mutations that alter the probability of symmetric versus asymmetric division might increase the risk of tumor growth. This property is important since there is increasing evidence that even tumors have their own SCs. Mutations can transform wild-type SCs into tumor SCs with modified cell division properties, which have decisive impact on cancer progression. Here we develop a mathematical model to illustrate the impact of mutations that regulate the symmetry of SC division on the development of tumors. Our results provide novel insights on the pathway to cancer by mutations within SCs.</p></sec></abstract><counts><page-count count="6"/></counts><custom-meta-group><custom-meta><meta-name>citation</meta-name><meta-value>Dingli D, Traulsen A, Michor F (2007) (A)Symmetric stem cell replication and cancer. PLoS Comput Biol 3(3): e53. doi:<ext-link ext-link-type="doi" xlink:href="10.1371/journal.pcbi.0030053">10.1371/journal.pcbi.0030053</ext-link></meta-value></custom-meta></custom-meta-group></article-meta></front></article>