<article xmlns="https://jats.nlm.nih.gov/ns/archiving/1.2/" xmlns:xsi="http://www.w3.org/2001/XMLSchema-instance" xmlns:ali="http://www.niso.org/schemas/ali/1.0/" xmlns:mml="http://www.w3.org/1998/Math/MathML" xmlns:xlink="http://www.w3.org/1999/xlink" xsi:schemaLocation="https://jats.nlm.nih.gov/ns/archiving/1.2/ https://jats.nlm.nih.gov/archiving/1.2/xsd/JATS-archivearticle1.xsd" article-type="research-article"><front><journal-meta><journal-id journal-id-type="nlm-ta">PLoS Comput Biol</journal-id><journal-id journal-id-type="iso-abbrev">PLoS Comput. Biol</journal-id><journal-id journal-id-type="publisher-id">pcbi</journal-id><journal-id journal-id-type="publisher-id">plcb</journal-id><journal-id journal-id-type="pmc">ploscomp</journal-id><journal-title-group><journal-title>PLoS Computational Biology</journal-title></journal-title-group><issn pub-type="ppub">1553-734X</issn><issn pub-type="epub">1553-7358</issn><publisher><publisher-name>Public Library of Science</publisher-name><publisher-loc>San Francisco, USA</publisher-loc></publisher></journal-meta><article-meta><article-id pub-id-type="accession">PMC1513268</article-id><article-id pub-id-type="pmcid">PMC1513268</article-id><article-id pub-id-type="pmc-uid">1513268</article-id><article-id pub-id-type="pmid">16854212</article-id><article-id pub-id-type="pmid">16854212</article-id><article-id pub-id-type="doi">10.1371/journal.pcbi.0020089</article-id><article-id pub-id-type="publisher-id">06-PLCB-RA-0103R2</article-id><article-id pub-id-type="sici">plcb-02-07-09</article-id><article-categories><subj-group subj-group-type="heading"><subject>Research Article</subject></subj-group><subj-group subj-group-type="Discipline"><subject>Bioinformatics - Computational Biology</subject></subj-group><subj-group subj-group-type="System Taxonomy"><subject>Eukaryotes</subject><subject>Animals</subject><subject>Vertebrates</subject><subject>Mammals</subject><subject>Mus (Mouse)</subject></subj-group></article-categories><title-group><article-title>Extracting Gene Networks for Low-Dose Radiation Using Graph Theoretical Algorithms</article-title><alt-title alt-title-type="running-head">Graph Algorithms for Gene Networks</alt-title></title-group><contrib-group><contrib contrib-type="author"><name><surname>Voy</surname><given-names>Brynn H</given-names></name><xref ref-type="aff" rid="aff1">1</xref><xref ref-type="corresp" rid="cor1">*</xref></contrib><contrib contrib-type="author"><name><surname>Scharff</surname><given-names>Jon A</given-names></name><xref ref-type="aff" rid="aff2">2</xref></contrib><contrib contrib-type="author"><name><surname>Perkins</surname><given-names>Andy D</given-names></name><xref ref-type="aff" rid="aff2">2</xref></contrib><contrib contrib-type="author"><name><surname>Saxton</surname><given-names>Arnold M</given-names></name><xref ref-type="aff" rid="aff3">3</xref></contrib><contrib contrib-type="author"><name><surname>Borate</surname><given-names>Bhavesh</given-names></name><xref ref-type="aff" rid="aff2">2</xref></contrib><contrib contrib-type="author"><name><surname>Chesler</surname><given-names>Elissa J</given-names></name><xref ref-type="aff" rid="aff1">1</xref></contrib><contrib contrib-type="author"><name><surname>Branstetter</surname><given-names>Lisa K</given-names></name><xref ref-type="aff" rid="aff1">1</xref></contrib><contrib contrib-type="author"><name><surname>Langston</surname><given-names>Michael A</given-names></name><xref ref-type="aff" rid="aff2">2</xref></contrib></contrib-group><aff id="aff1"><label>1</label> Life Sciences Division, Oak Ridge National Laboratory, Oak Ridge, Tennessee, United States of America
</aff><aff id="aff2"><label>2</label> Department of Computer Science, University of Tennessee, Knoxville, Tennessee, United States of America
</aff><aff id="aff3"><label>3</label> Department of Animal Science, University of Tennessee, Knoxville, Tennessee, United States of America
</aff><contrib-group><contrib contrib-type="editor"><name><surname>Boothman</surname><given-names>David A</given-names></name><role>Editor</role><xref ref-type="aff" rid="edit1"/></contrib></contrib-group><aff id="edit1">The University of Texas Southwestern, United States of America</aff><author-notes><corresp id="cor1">* To whom correspondence should be addressed. E-mail: <email>voybh@ornl.gov</email></corresp></author-notes><pub-date pub-type="ppub"><month>7</month><year>2006</year></pub-date><pub-date pub-type="epub"><day>21</day><month>7</month><year>2006</year></pub-date><volume>2</volume><issue>7</issue><elocation-id>e89</elocation-id><history><date date-type="received"><day>20</day><month>3</month><year>2006</year></date><date date-type="accepted"><day>1</day><month>6</month><year>2006</year></date></history><permissions><copyright-statement>This is an open-access article distributed under the terms of the Creative Commons Public Domain declaration which stipulates that, once placed in the public domain, this work may be freely reproduced, distributed, transmitted, modified, built upon, or otherwise used by anyone for any lawful purpose.</copyright-statement><copyright-year>2006</copyright-year><license xlink:href="https://creativecommons.org/publicdomain/zero/1.0/"><license-p>This is an open-access article distributed under the terms of the Creative Commons Public Domain declaration, which stipulates that, once placed in the public domain, this work may be freely reproduced, distributed, transmitted, modified, built upon, or otherwise used by anyone for any lawful purpose.</license-p></license></permissions><abstract><p>Genes with common functions often exhibit correlated expression levels, which can be used to identify sets of interacting genes from microarray data. Microarrays typically measure expression across genomic space, creating a massive matrix of co-expression that must be mined to extract only the most relevant gene interactions. We describe a graph theoretical approach to extracting co-expressed sets of genes, based on the computation of cliques. Unlike the results of traditional clustering algorithms, cliques are not disjoint and allow genes to be assigned to multiple sets of interacting partners, consistent with biological reality. A graph is created by thresholding the correlation matrix to include only the correlations most likely to signify functional relationships. Cliques computed from the graph correspond to sets of genes for which significant edges are present between all members of the set, representing potential members of common or interacting pathways. Clique membership can be used to infer function about poorly annotated genes, based on the known functions of better-annotated genes with which they share clique membership (i.e., “guilt-by-association”). We illustrate our method by applying it to microarray data collected from the spleens of mice exposed to low-dose ionizing radiation. Differential analysis is used to identify sets of genes whose interactions are impacted by radiation exposure. The correlation graph is also queried independently of clique to extract edges that are impacted by radiation. We present several examples of multiple gene interactions that are altered by radiation exposure and thus represent potential molecular pathways that mediate the radiation response.</p></abstract><abstract abstract-type="synopsis"><title>Synopsis</title><p>Microarrays take snapshots of gene expression across the genome. Many versions of clustering techniques have been developed in an effort to classify large scale microarray datasets into smaller sets of genes with shared expression patterns. These efforts have been motivated in part by the concept that genes with shared expression patterns are more likely to exhibit correlated expression levels than do genes with unrelated functions, and thus clusters of co-regulated genes hold insight into identifying genes that function in common cellular pathways. Voy and colleagues have developed a novel means of clustering built upon graph algorithms that extracts sets of perfectly interconnected genes—cliques—from graphs built from gene expression data. Cliques and other tools are used to identify relationships in expression between multiple genes. They illustrate this method by applying it to the study of low-dose radiation exposure in mice and in the process identify a variety of relationships that are activated in spleen by low levels of radiation exposure.</p></abstract><counts><page-count count="12"/></counts><custom-meta-group><custom-meta><meta-name>citation</meta-name><meta-value>Voy BH, Scharff JA, Perkins AD, Saxton AM, Borate B, et al. (2006) Extracting gene networks for low-dose radiation using graph theoretical algorithms. PLoS Comput Biol 2(7): e89. DOI: <ext-link ext-link-type="doi" xlink:href="10.1371/journal.pcbi.0020089">10.1371/journal.pcbi.0020089</ext-link></meta-value></custom-meta></custom-meta-group></article-meta></front></article>