<article xmlns="https://jats.nlm.nih.gov/ns/archiving/1.2/" xmlns:xsi="http://www.w3.org/2001/XMLSchema-instance" xmlns:ali="http://www.niso.org/schemas/ali/1.0/" xmlns:mml="http://www.w3.org/1998/Math/MathML" xmlns:xlink="http://www.w3.org/1999/xlink" xsi:schemaLocation="https://jats.nlm.nih.gov/ns/archiving/1.2/ https://jats.nlm.nih.gov/archiving/1.2/xsd/JATS-archivearticle1.xsd" article-type="research-article"><front><journal-meta><journal-id journal-id-type="nlm-ta">PLoS Comput Biol</journal-id><journal-id journal-id-type="iso-abbrev">PLoS Comput. Biol</journal-id><journal-id journal-id-type="publisher-id">pcbi</journal-id><journal-id journal-id-type="publisher-id">plcb</journal-id><journal-id journal-id-type="pmc">ploscomp</journal-id><journal-title-group><journal-title>PLoS Computational Biology</journal-title></journal-title-group><issn pub-type="ppub">1553-734X</issn><issn pub-type="epub">1553-7358</issn><publisher><publisher-name>Public Library of Science</publisher-name><publisher-loc>San Francisco, USA</publisher-loc></publisher></journal-meta><article-meta><article-id pub-id-type="accession">PMC1420657</article-id><article-id pub-id-type="pmcid">PMC1420657</article-id><article-id pub-id-type="pmc-uid">1420657</article-id><article-id pub-id-type="pmid">16604187</article-id><article-id pub-id-type="pmid">16604187</article-id><article-id pub-id-type="doi">10.1371/journal.pcbi.0020021</article-id><article-id pub-id-type="publisher-id">05-PLCB-RA-0327R2</article-id><article-id pub-id-type="sici">plcb-02-03-08</article-id><article-categories><subj-group subj-group-type="heading"><subject>Research Article</subject></subj-group><subj-group subj-group-type="Discipline"><subject>Bioinformatics - Computational Biology</subject><subject>Cell Biology</subject><subject>Genetics/Genomics</subject></subj-group><subj-group subj-group-type="System Taxonomy"><subject>Arabidopsis (Thale Cress)</subject></subj-group></article-categories><title-group><article-title>Spatiotemporal Expression Control Correlates with Intragenic Scaffold Matrix Attachment Regions (S/MARs) in <named-content content-type="genus-species">Arabidopsis thaliana</named-content>
</article-title><alt-title alt-title-type="running-head">Genic S/MARs and Spatiotemporal Expression</alt-title></title-group><contrib-group><contrib contrib-type="author"><name><surname>Tetko</surname><given-names>Igor V</given-names></name><xref ref-type="aff" rid="aff1">1</xref></contrib><contrib contrib-type="author"><name><surname>Haberer</surname><given-names>Georg</given-names></name><xref ref-type="aff" rid="aff1">1</xref></contrib><contrib contrib-type="author"><name><surname>Rudd</surname><given-names>Stephen</given-names></name><xref ref-type="aff" rid="aff2">2</xref></contrib><contrib contrib-type="author"><name><surname>Meyers</surname><given-names>Blake</given-names></name><xref ref-type="aff" rid="aff4">4</xref></contrib><contrib contrib-type="author"><name><surname>Mewes</surname><given-names>Hans-Werner</given-names></name><xref ref-type="aff" rid="aff1">1</xref><xref ref-type="aff" rid="aff3">3</xref></contrib><contrib contrib-type="author"><name><surname>Mayer</surname><given-names>Klaus F. X</given-names></name><xref ref-type="aff" rid="aff1">1</xref><xref ref-type="corresp" rid="cor1">*</xref></contrib></contrib-group><aff id="aff1"><label>1</label> GSF National Research Center for Environment and Health, MIPS, Institute for Bioinformatics, Neuherberg, Germany
</aff><aff id="aff2"><label>2</label> Bioinformatics Group, Turku Centre for Biotechnology, Tykistokatu, Turku, Finland
</aff><aff id="aff3"><label>3</label> Department of Genome-Oriented Bioinformatics, Wissenschaftszentrum Weihenstephan, Technische Universität München, Freising, Germany
</aff><aff id="aff4"><label>4</label> Department of Plant and Soil Sciences, Delaware Biotechnology Institute, Newark, New Jersey, United States of America
</aff><contrib-group><contrib contrib-type="editor"><name><surname>Bourne</surname><given-names>Philip E</given-names></name><role>Editor</role><xref ref-type="aff" rid="edit1"/></contrib></contrib-group><aff id="edit1">University of California San Diego, United States of America</aff><author-notes><corresp id="cor1">* To whom correspondence should be addressed. E-mail: <email>K.mayer@gsf.de</email></corresp></author-notes><pub-date pub-type="ppub"><month>3</month><year>2006</year></pub-date><pub-date pub-type="epub"><day>31</day><month>3</month><year>2006</year></pub-date><volume>2</volume><issue>3</issue><elocation-id>e21</elocation-id><history><date date-type="received"><day>16</day><month>11</month><year>2005</year></date><date date-type="accepted"><day>7</day><month>2</month><year>2006</year></date></history><permissions><copyright-statement> © 2006 Tetko et al.</copyright-statement><copyright-year>2006</copyright-year><license xlink:href="http://creativecommons.org/licenses/by/4.0/"><license-p>This is an open-access article distributed under the terms of the Creative Commons Attribution License, which permits unrestricted use, distribution, and reproduction in any medium, provided the original author and source are properly credited.</license-p></license></permissions><abstract><p>Scaffold/matrix attachment regions (S/MARs) are essential for structural organization of the chromatin within the nucleus and serve as anchors of chromatin loop domains. A significant fraction of genes in <named-content content-type="genus-species">Arabidopsis thaliana</named-content> contains intragenic S/MAR elements and a significant correlation of S/MAR presence and overall expression strength has been demonstrated. In this study, we undertook a genome scale analysis of expression level and spatiotemporal expression differences in correlation with the presence or absence of genic S/MAR elements. We demonstrate that genes containing intragenic S/MARs are prone to pronounced spatiotemporal expression regulation. This characteristic is found to be even more pronounced for transcription factor genes. Our observations illustrate the importance of S/MARs in transcriptional regulation and the role of chromatin structural characteristics for gene regulation. Our findings open new perspectives for the understanding of tissue- and organ-specific regulation of gene expression.</p></abstract><abstract abstract-type="synopsis"><title>Synopsis</title><p>Scaffold/matrix attachment regions (S/MARs) are AT-rich DNA sequences that mediate structural organization of the chromatin within the nucleus. These elements constitute anchor points of the DNA for the chromatin scaffold and serve to organize the chromatin into structural domains. Studies on individual genes led to the conclusion that the dynamic and complex organization of the chromatin mediated by S/MAR elements plays an important role in the regulation of gene expression. In addition to intergenic S/MARs, which likely exert import insulator effects, more than 2,000 intragenic S/MARs have been shown to be present within the <italic>Arabidopsis</italic> genome. In this study, the authors set out to analyze the effects of these intragenic S/MAR elements on the regulation of the genes affected. Making use of exhaustive and multidimensional expression datasets available for <italic>Arabidopsis,</italic> the authors analyzed overall expression differences and correlation of intragenic S/MARs with spatiotemporal expression of genes. On a genome scale, pronounced tissue- and organ-specific and developmental expression patterns of S/MAR-containing genes have been detected. Notably, transcription factor genes contain a significant higher portion of S/MARs. The pronounced difference in expression characteristics of S/MAR-containing genes emphasizes their functional importance and the importance of structural chromosomal characteristics for gene regulation in plants as well as within other eukaryotes.</p></abstract><counts><page-count count="10"/></counts><custom-meta-group><custom-meta><meta-name>Citation:</meta-name><meta-value>Tetko IV, Haberer G, Rudd S, Meyers B, Mewes HW, et al. (2006) Spatiotemporal expression control correlates with intragenic scaffold matrix attachment regions (S/MARs) in <italic>Arabidopsis thaliana.</italic> PLoS Comput Biol 2(3): e21.</meta-value></custom-meta></custom-meta-group></article-meta></front></article>