<article xmlns="https://jats.nlm.nih.gov/ns/archiving/1.2/" xmlns:xsi="http://www.w3.org/2001/XMLSchema-instance" xmlns:ali="http://www.niso.org/schemas/ali/1.0/" xmlns:mml="http://www.w3.org/1998/Math/MathML" xmlns:xlink="http://www.w3.org/1999/xlink" xsi:schemaLocation="https://jats.nlm.nih.gov/ns/archiving/1.2/ https://jats.nlm.nih.gov/archiving/1.2/xsd/JATS-archivearticle1.xsd" article-type="research-article"><front><journal-meta><journal-id journal-id-type="nlm-ta">PLoS Comput Biol</journal-id><journal-id journal-id-type="iso-abbrev">PLoS Comput. Biol</journal-id><journal-id journal-id-type="publisher-id">pcbi</journal-id><journal-id journal-id-type="publisher-id">plcb</journal-id><journal-id journal-id-type="pmc">ploscomp</journal-id><journal-title-group><journal-title>PLoS Computational Biology</journal-title></journal-title-group><issn pub-type="ppub">1553-734X</issn><issn pub-type="epub">1553-7358</issn><publisher><publisher-name>Public Library of Science</publisher-name><publisher-loc>San Francisco, USA</publisher-loc></publisher></journal-meta><article-meta><article-id pub-id-type="accession">PMC1440920</article-id><article-id pub-id-type="pmcid">PMC1440920</article-id><article-id pub-id-type="pmc-uid">1440920</article-id><article-id pub-id-type="pmid">16628248</article-id><article-id pub-id-type="pmid">16628248</article-id><article-id pub-id-type="doi">10.1371/journal.pcbi.0020033</article-id><article-id pub-id-type="publisher-id">05-PLCB-RA-0234R2</article-id><article-id pub-id-type="sici">plcb-02-04-05</article-id><article-categories><subj-group subj-group-type="heading"><subject>Research Article</subject></subj-group><subj-group subj-group-type="Discipline"><subject>Bioinformatics - Computational Biology</subject><subject>Genetics/Gene Discovery</subject><subject>Genetics/Gene Function</subject><subject>Genetics/Comparative Genomics</subject><subject>Genetics/Evolution</subject><subject>Molecular Biology - Structural Biology</subject></subj-group><subj-group subj-group-type="System Taxonomy"><subject>Homo (Human)</subject><subject>Vertebrates</subject></subj-group></article-categories><title-group><article-title>Identification and Classification of Conserved RNA Secondary Structures in the Human Genome</article-title><alt-title alt-title-type="running-head">Identification of Human RNA Structures</alt-title></title-group><contrib-group><contrib contrib-type="author"><name><surname>Pedersen</surname><given-names>Jakob Skou</given-names></name><xref ref-type="aff" rid="aff1">1</xref><xref ref-type="corresp" rid="cor1">*</xref></contrib><contrib contrib-type="author"><name><surname>Bejerano</surname><given-names>Gill</given-names></name><xref ref-type="aff" rid="aff1">1</xref></contrib><contrib contrib-type="author"><name><surname>Siepel</surname><given-names>Adam</given-names></name><xref ref-type="aff" rid="aff1">1</xref><xref ref-type="author-notes" rid="cor2">¤</xref></contrib><contrib contrib-type="author"><name><surname>Rosenbloom</surname><given-names>Kate</given-names></name><xref ref-type="aff" rid="aff1">1</xref></contrib><contrib contrib-type="author"><name><surname>Lindblad-Toh</surname><given-names>Kerstin</given-names></name><xref ref-type="aff" rid="aff2">2</xref></contrib><contrib contrib-type="author"><name><surname>Lander</surname><given-names>Eric S</given-names></name><xref ref-type="aff" rid="aff2">2</xref></contrib><contrib contrib-type="author"><name><surname>Kent</surname><given-names>Jim</given-names></name><xref ref-type="aff" rid="aff1">1</xref></contrib><contrib contrib-type="author"><name><surname>Miller</surname><given-names>Webb</given-names></name><xref ref-type="aff" rid="aff3">3</xref></contrib><contrib contrib-type="author"><name><surname>Haussler</surname><given-names>David</given-names></name><xref ref-type="aff" rid="aff1">1</xref><xref ref-type="aff" rid="aff4">4</xref></contrib></contrib-group><aff id="aff1"><label>1</label>Center for Biomolecular Science and Engineering, University of California Santa Cruz, Santa Cruz, California, United States of America
</aff><aff id="aff2"><label>2</label>Broad Institute of MIT and Harvard, Cambridge, Massachusetts, United States of America
</aff><aff id="aff3"><label>3</label>Center for Comparative Genomics and Bioinformatics, Pennsylvania State University, University Park, Pennsylvania, United States of America
</aff><aff id="aff4"><label>4</label>Howard Hughes Medical Institute, University of California Santa Cruz, Santa Cruz, California, United States of America
</aff><contrib-group><contrib contrib-type="editor"><name><surname>Durbin</surname><given-names>Richard</given-names></name><role>Editor</role><xref ref-type="aff" rid="edit1"/></contrib></contrib-group><aff id="edit1">Sanger Institute, United Kingdom</aff><author-notes><corresp id="cor1">* To whom correspondence should be addressed. E-mail: <email>jsp@soe.ucsc.edu</email></corresp><fn id="cor2" fn-type="current-aff"><p>¤ Current address: Department of Biological Statistics and Computational Biology, Cornell University, Ithaca, New York, United States of America</p></fn></author-notes><pub-date pub-type="ppub"><month>4</month><year>2006</year></pub-date><pub-date pub-type="epub"><day>21</day><month>4</month><year>2006</year></pub-date><pub-date pub-type="epreprint"><day>6</day><month>3</month><year>2006</year></pub-date><volume>2</volume><issue>4</issue><elocation-id>e33</elocation-id><history><date date-type="received"><day>8</day><month>9</month><year>2005</year></date><date date-type="accepted"><day>6</day><month>3</month><year>2006</year></date></history><permissions><copyright-statement> © 2006 Pedersen et al.</copyright-statement><copyright-year>2006</copyright-year><license xlink:href="http://creativecommons.org/licenses/by/4.0/"><license-p>This is an open-access article distributed under the terms of the Creative Commons Attribution License, which permits unrestricted use, distribution, and reproduction in any medium, provided the original author and source are properly credited.</license-p></license></permissions><!--<related-article preprintresearch10.1371/journal.pcbi.0020033.eorsimple>Identification and Classification of Conserved RNA Secondary Structures in the Human Genome</related-article>--><abstract><p>The discoveries of microRNAs and riboswitches, among others, have shown functional RNAs to be biologically more important and genomically more prevalent than previously anticipated. We have developed a general comparative genomics method based on phylogenetic stochastic context-free grammars for identifying functional RNAs encoded in the human genome and used it to survey an eight-way genome-wide alignment of the human, chimpanzee, mouse, rat, dog, chicken, zebra-fish, and puffer-fish genomes for deeply conserved functional RNAs. At a loose threshold for acceptance, this search resulted in a set of 48,479 candidate RNA structures. This screen finds a large number of known functional RNAs, including 195 miRNAs, 62 histone 3′UTR stem loops, and various types of known genetic recoding elements. Among the highest-scoring new predictions are 169 new miRNA candidates, as well as new candidate selenocysteine insertion sites, RNA editing hairpins, RNAs involved in transcript auto regulation, and many folds that form singletons or small functional RNA families of completely unknown function. While the rate of false positives in the overall set is difficult to estimate and is likely to be substantial, the results nevertheless provide evidence for many new human functional RNAs and present specific predictions to facilitate their further characterization.</p></abstract><abstract abstract-type="synopsis"><title>Synopsis</title><p>Structurally functional RNA is a versatile component of the cell that comprises both independent molecules and regulatory elements of mRNA transcripts. The many recent discoveries of functional RNAs, most notably miRNAs, suggests that many more are yet to be found. Computational identification of functional RNAs has traditionally been hampered by the lack of strong sequence signals. However, structural conservation over long evolutionary times creates a characteristic substitution pattern, which can be exploited with the advent of comparative genomics. The authors have devised a method for identification of functional RNA structures based on phylogenetic analysis of multiple alignments. This method has been used to screen the regions of the human genome that are under strong selective constraints. The result is a set of 48,479 candidate RNA structures. For some classes of known functional RNAs, such as miRNAs and histone 3′UTR stem loops, this set includes nearly all deeply conserved members. The initial large candidate set has been partitioned by size, shape, and genomic location and ranked by score to produce specific lists of top candidates for miRNAs, selenocysteine insertion sites, RNA editing hairpins, and RNAs involved in transcript auto regulation.</p></abstract><counts><page-count count="12"/></counts><custom-meta-group><custom-meta><meta-name>Citation:</meta-name><meta-value>Pedersen JS, Bejerano G, Siepel A, Rosenbloom K, Lindblad-Toh K, et al. (2006) Identification and classification of conserved RNA secondary structures in the human genome. PLoS Comput Biol 2(4): e33. DOI: <ext-link ext-link-type="doi" xlink:href="10.1371/journal.pcbi.0020033">10.1371/journal.pcbi.0020033</ext-link></meta-value></custom-meta></custom-meta-group></article-meta></front></article>