<article xmlns="https://jats.nlm.nih.gov/ns/archiving/1.2/" xmlns:xsi="http://www.w3.org/2001/XMLSchema-instance" xmlns:ali="http://www.niso.org/schemas/ali/1.0/" xmlns:mml="http://www.w3.org/1998/Math/MathML" xmlns:xlink="http://www.w3.org/1999/xlink" xsi:schemaLocation="https://jats.nlm.nih.gov/ns/archiving/1.2/ https://jats.nlm.nih.gov/archiving/1.2/xsd/JATS-archivearticle1.xsd" article-type="research-article"><front><journal-meta><journal-id journal-id-type="nlm-ta">PLoS Comput Biol</journal-id><journal-id journal-id-type="iso-abbrev">PLoS Comput. Biol</journal-id><journal-id journal-id-type="publisher-id">pcbi</journal-id><journal-id journal-id-type="publisher-id">plcb</journal-id><journal-id journal-id-type="pmc">ploscomp</journal-id><journal-title-group><journal-title>PLoS Computational Biology</journal-title></journal-title-group><issn pub-type="ppub">1553-734X</issn><issn pub-type="epub">1553-7358</issn><publisher><publisher-name>Public Library of Science</publisher-name><publisher-loc>San Francisco, USA</publisher-loc></publisher></journal-meta><article-meta><article-id pub-id-type="accession">PMC1761043</article-id><article-id pub-id-type="pmcid">PMC1761043</article-id><article-id pub-id-type="pmc-uid">1761043</article-id><article-id pub-id-type="pmid">17206860</article-id><article-id pub-id-type="pmid">17206860</article-id><article-id pub-id-type="doi">10.1371/journal.pcbi.0030002</article-id><article-id pub-id-type="publisher-id">05-PLCB-RA-0217R2</article-id><article-id pub-id-type="sici">plcb-03-01-01</article-id><article-categories><subj-group subj-group-type="heading"><subject>Research Article</subject></subj-group><subj-group subj-group-type="Discipline"><subject>Computational Biology</subject><subject>Evolutionary Biology</subject><subject>Molecular Biology</subject></subj-group><subj-group subj-group-type="System Taxonomy"><subject>Mammals</subject><subject>Mus (Mouse)</subject><subject>Dog</subject><subject>Homo (Human)</subject></subj-group></article-categories><title-group><article-title>A Phylogenomic Study of Human, Dog, and Mouse</article-title><alt-title alt-title-type="running-head">A Phylogenomic Study of Human, Dog and Mouse</alt-title></title-group><contrib-group><contrib contrib-type="author"><name><surname>Cannarozzi</surname><given-names>Gina</given-names></name><xref ref-type="aff" rid="aff1"/></contrib><contrib contrib-type="author"><name><surname>Schneider</surname><given-names>Adrian</given-names></name><xref ref-type="aff" rid="aff1"/></contrib><contrib contrib-type="author"><name><surname>Gonnet</surname><given-names>Gaston</given-names></name><xref ref-type="corresp" rid="cor1">*</xref><xref ref-type="aff" rid="aff1"/></contrib></contrib-group><aff id="aff1">Institute of Computational Science, ETH Zurich, Zurich, Switzerland</aff><contrib-group><contrib contrib-type="editor"><name><surname>Bourne</surname><given-names>Philip E</given-names></name><role>Editor</role><xref ref-type="aff" rid="edit1"/></contrib></contrib-group><aff id="edit1">University of California San Diego, United States of America</aff><author-notes><corresp id="cor1">* To whom correspondence should be addressed. E-mail: <email>gonnet@inf.ethz.ch</email></corresp></author-notes><pub-date pub-type="ppub"><month>1</month><year>2007</year></pub-date><pub-date pub-type="epub"><day>5</day><month>1</month><year>2007</year></pub-date><pub-date pub-type="epreprint"><day>20</day><month>11</month><year>2006</year></pub-date><volume>3</volume><issue>1</issue><elocation-id>e2</elocation-id><history><date date-type="received"><day>26</day><month>8</month><year>2006</year></date><date date-type="accepted"><day>20</day><month>11</month><year>2006</year></date></history><permissions><copyright-statement> © 2007 Cannarozzi et al.</copyright-statement><copyright-year>2007</copyright-year><license xlink:href="http://creativecommons.org/licenses/by/4.0/"><license-p>This is an open-access article distributed under the terms of the Creative Commons Attribution License, which permits unrestricted use, distribution, and reproduction in any medium, provided the original author and source are properly credited.</license-p></license></permissions><!--<related-article preprintResearch Article10.1371/journal.pcbi.0030002.eorsimple>A Phylogenomic Study of Human, Dog and Mouse</related-article>--><abstract><p>In recent years the phylogenetic relationship of mammalian orders has been addressed in a number of molecular studies. These analyses have frequently yielded inconsistent results with respect to some basal ordinal relationships. For example, the relative placement of primates, rodents, and carnivores has differed in various studies. Here, we attempt to resolve this phylogenetic problem by using data from completely sequenced nuclear genomes to base the analyses on the largest possible amount of data. To minimize the risk of reconstruction artifacts, the trees were reconstructed under different criteria—distance, parsimony, and likelihood. For the distance trees, distance metrics that measure independent phenomena (amino acid replacement, synonymous substitution, and gene reordering) were used, as it is highly improbable that all of the trees would be affected the same way by any reconstruction artifact. In contradiction to the currently favored classification, our results based on full-genome analysis of the phylogenetic relationship between human, dog, and mouse yielded overwhelming support for a primate–carnivore clade with the exclusion of rodents.</p></abstract><abstract abstract-type="synopsis"><title>Author Summary</title><p>Some basal relationships in the eutherian tree have been difficult to resolve, probably because the underlying divergences took place within a very short period of time. In this study we examine particularly the relationship between human (primates), dog (carnivores), and mouse (rodents). Previous morphological and molecular studies using different datasets and reconstruction methods have come to different conclusions about the relative placement of these orders on the mammalian tree. Here, we use completely sequenced nuclear genomes and a number of different phylogenetic methods to address this difficult problem. An approach of this kind has only recently become possible with the sequencing of several complete mammalian genomes including the opossum as a relevant outgroup. Our results strongly suggest a sister relationship between primates and carnivores.</p></abstract><counts><page-count count="6"/></counts><custom-meta-group><custom-meta><meta-name>citation</meta-name><meta-value>Cannarozzi G, Schneider A, Gonnet G (2007) A phylogenomic study of human, dog, and mouse. PLoS Comput Biol 3(1): e2. doi:<ext-link ext-link-type="doi" xlink:href="10.1371/journal.pcbi.0030002">10.1371/journal.pcbi.0030002</ext-link></meta-value></custom-meta></custom-meta-group></article-meta></front></article>