<article xmlns="https://jats.nlm.nih.gov/ns/archiving/1.2/" xmlns:xsi="http://www.w3.org/2001/XMLSchema-instance" xmlns:ali="http://www.niso.org/schemas/ali/1.0/" xmlns:mml="http://www.w3.org/1998/Math/MathML" xmlns:xlink="http://www.w3.org/1999/xlink" xsi:schemaLocation="https://jats.nlm.nih.gov/ns/archiving/1.2/ https://jats.nlm.nih.gov/archiving/1.2/xsd/JATS-archivearticle1.xsd" article-type="research-article"><front><journal-meta><journal-id journal-id-type="nlm-ta">PLoS Comput Biol</journal-id><journal-id journal-id-type="iso-abbrev">PLoS Comput. Biol</journal-id><journal-id journal-id-type="publisher-id">pcbi</journal-id><journal-id journal-id-type="publisher-id">plcb</journal-id><journal-id journal-id-type="pmc">ploscomp</journal-id><journal-title-group><journal-title>PLoS Computational Biology</journal-title></journal-title-group><issn pub-type="ppub">1553-734X</issn><issn pub-type="epub">1553-7358</issn><publisher><publisher-name>Public Library of Science</publisher-name><publisher-loc>San Francisco, USA</publisher-loc></publisher></journal-meta><article-meta><article-id pub-id-type="accession">PMC1937017</article-id><article-id pub-id-type="pmcid">PMC1937017</article-id><article-id pub-id-type="pmc-uid">1937017</article-id><article-id pub-id-type="pmid">17676951</article-id><article-id pub-id-type="pmid">17676951</article-id><article-id pub-id-type="doi">10.1371/journal.pcbi.0030155</article-id><article-id pub-id-type="publisher-id">07-PLCB-RA-0066R2</article-id><article-id pub-id-type="sici">plcb-03-08-04</article-id><article-categories><subj-group subj-group-type="heading"><subject>Research Article</subject></subj-group><subj-group subj-group-type="Discipline"><subject>Biophysics</subject></subj-group><subj-group subj-group-type="System Taxonomy"><subject>Homo (Human)</subject></subj-group></article-categories><title-group><article-title>Image-Based Modeling Reveals Dynamic Redistribution of DNA Damage into Nuclear Sub-Domains</article-title><alt-title alt-title-type="running-head">Repair Centers in Human Cells</alt-title></title-group><contrib-group><contrib contrib-type="author"><name><surname>Costes</surname><given-names>Sylvain V</given-names></name><xref ref-type="aff" rid="aff1">1</xref><xref ref-type="corresp" rid="cor1">*</xref></contrib><contrib contrib-type="author"><name><surname>Ponomarev</surname><given-names>Artem</given-names></name><xref ref-type="aff" rid="aff2">2</xref><xref ref-type="aff" rid="aff3">3</xref></contrib><contrib contrib-type="author"><name><surname>Chen</surname><given-names>James L</given-names></name><xref ref-type="aff" rid="aff1">1</xref></contrib><contrib contrib-type="author"><name><surname>Nguyen</surname><given-names>David</given-names></name><xref ref-type="aff" rid="aff1">1</xref></contrib><contrib contrib-type="author"><name><surname>Cucinotta</surname><given-names>Francis A</given-names></name><xref ref-type="aff" rid="aff2">2</xref></contrib><contrib contrib-type="author"><name><surname>Barcellos-Hoff</surname><given-names>Mary Helen</given-names></name><xref ref-type="aff" rid="aff1">1</xref></contrib></contrib-group><aff id="aff1"><label>1</label> Life Sciences Division, Lawrence Berkeley National Laboratory, Berkeley, California, United States of America
</aff><aff id="aff2"><label>2</label> Johnson Space Center, National Aeronautics and Space Administration, Houston, Texas, United States of America
</aff><aff id="aff3"><label>3</label> Universities Space Research Association, Houston, Texas, United States of America
</aff><contrib-group><contrib contrib-type="editor"><name><surname>Sachs</surname><given-names>Rainer</given-names></name><role>Editor</role><xref ref-type="aff" rid="edit1"/></contrib></contrib-group><aff id="edit1">University of California, United States of America</aff><author-notes><corresp id="cor1">* To whom correspondence should be addressed. E-mail: <email>svcostes@lbl.gov</email></corresp></author-notes><pub-date pub-type="ppub"><month>8</month><year>2007</year></pub-date><pub-date pub-type="epub"><day>3</day><month>8</month><year>2007</year></pub-date><volume>3</volume><issue>8</issue><elocation-id>e155</elocation-id><history><date date-type="received"><day>8</day><month>2</month><year>2007</year></date><date date-type="accepted"><day>18</day><month>6</month><year>2007</year></date></history><permissions><copyright-statement>This is an open-access article distributed under the terms of the Creative Commons Public Domain declaration which stipulates that, once placed in the public domain, this work may be freely reproduced, distributed, transmitted, modified, built upon, or otherwise used by anyone for any lawful purpose.</copyright-statement><copyright-year>2007</copyright-year><license xlink:href="https://creativecommons.org/publicdomain/zero/1.0/"><license-p>This is an open-access article distributed under the terms of the Creative Commons Public Domain declaration, which stipulates that, once placed in the public domain, this work may be freely reproduced, distributed, transmitted, modified, built upon, or otherwise used by anyone for any lawful purpose.</license-p></license></permissions><abstract><p>Several proteins involved in the response to DNA double strand breaks (DSB) form microscopically visible nuclear domains, or foci, after exposure to ionizing radiation. Radiation-induced foci (RIF) are believed to be located where DNA damage occurs. To test this assumption, we analyzed the spatial distribution of 53BP1, phosphorylated ATM, and γH2AX RIF in cells irradiated with high linear energy transfer (LET) radiation and low LET. Since energy is randomly deposited along high-LET particle paths, RIF along these paths should also be randomly distributed. The probability to induce DSB can be derived from DNA fragment data measured experimentally by pulsed-field gel electrophoresis. We used this probability in Monte Carlo simulations to predict DSB locations in synthetic nuclei geometrically described by a complete set of human chromosomes, taking into account microscope optics from real experiments. As expected, simulations produced DNA-weighted random (Poisson) distributions. In contrast, the distributions of RIF obtained as early as 5 min after exposure to high LET (1 GeV/amu Fe) were non-random. This deviation from the expected DNA-weighted random pattern can be further characterized by “relative DNA image measurements.” This novel imaging approach shows that RIF were located preferentially at the interface between high and low DNA density regions, and were more frequent than predicted in regions with lower DNA density. The same preferential nuclear location was also measured for RIF induced by 1 Gy of low-LET radiation. This deviation from random behavior was evident only 5 min after irradiation for phosphorylated ATM RIF, while γH2AX and 53BP1 RIF showed pronounced deviations up to 30 min after exposure. These data suggest that DNA damage–induced foci are restricted to certain regions of the nucleus of human epithelial cells. It is possible that DNA lesions are collected in these nuclear sub-domains for more efficient repair.</p></abstract><abstract abstract-type="summary"><title>Author Summary</title><sec id="st1"><title/><p>DNA damages are daily cellular events. If such events are left unchecked in an organism, they can lead to DNA mutations and possibly cancer over a long period of time. Consequently, cells have very efficient DNA repair machinery. Many studies have focused on the different molecular factors involved in the repair machinery, neglecting to consider the spatial context where damage occurs. Therefore, little is known about the role the nuclear architecture might have in the DNA damage response. In this study, we introduce computer modeling and image analysis tools in order to relate the position of DNA damage markers to morphologically distinct regions of the nucleus. Using these tools, we show that radiation-induced damages locate preferentially in non-condensed DNA regions or at the boundary of regions with condensed DNA. These results contradict the current dogma that the molecular response to randomly generated DNA damages is independent of their nuclear locations. Instead, this suggests the existence of repair centers in the nucleus. Overall, our approach shows that nuclear architecture plays a role in the DNA damage response, reminding us that the nucleus is not simply a soup of DNA and proteins.</p></sec></abstract><counts><page-count count="12"/></counts><custom-meta-group><custom-meta><meta-name>citation</meta-name><meta-value>Costes SV, Ponomarev A, Chen JL, Nguyen D, Cucinotta FA, et al. (2007) Image-based modeling reveals dynamic redistribution of DNA damage into nuclear sub-domains. PLoS Comput Biol 3(8): e155. doi:<ext-link ext-link-type="doi" xlink:href="10.1371/journal.pcbi.0030155">10.1371/journal.pcbi.0030155</ext-link></meta-value></custom-meta></custom-meta-group></article-meta></front></article>