<article xmlns="https://jats.nlm.nih.gov/ns/archiving/1.2/" xmlns:xsi="http://www.w3.org/2001/XMLSchema-instance" xmlns:ali="http://www.niso.org/schemas/ali/1.0/" xmlns:mml="http://www.w3.org/1998/Math/MathML" xmlns:xlink="http://www.w3.org/1999/xlink" xsi:schemaLocation="https://jats.nlm.nih.gov/ns/archiving/1.2/ https://jats.nlm.nih.gov/archiving/1.2/xsd/JATS-archivearticle1.xsd" article-type="research-article"><front><journal-meta><journal-id journal-id-type="nlm-ta">PLoS Comput Biol</journal-id><journal-id journal-id-type="iso-abbrev">PLoS Comput. Biol</journal-id><journal-id journal-id-type="publisher-id">pcbi</journal-id><journal-id journal-id-type="publisher-id">plcb</journal-id><journal-id journal-id-type="pmc">ploscomp</journal-id><journal-title-group><journal-title>PLoS Computational Biology</journal-title></journal-title-group><issn pub-type="ppub">1553-734X</issn><issn pub-type="epub">1553-7358</issn><publisher><publisher-name>Public Library of Science</publisher-name><publisher-loc>San Francisco, USA</publisher-loc></publisher></journal-meta><article-meta><article-id pub-id-type="accession">PMC1761044</article-id><article-id pub-id-type="pmcid">PMC1761044</article-id><article-id pub-id-type="pmc-uid">1761044</article-id><article-id pub-id-type="pmid">17206861</article-id><article-id pub-id-type="pmid">17206861</article-id><article-id pub-id-type="doi">10.1371/journal.pcbi.0030004</article-id><article-id pub-id-type="publisher-id">06-PLCB-RA-0339R2</article-id><article-id pub-id-type="sici">plcb-03-01-02</article-id><article-categories><subj-group subj-group-type="heading"><subject>Research Article</subject></subj-group><subj-group subj-group-type="Discipline"><subject>Cell Biology</subject><subject>Computational Biology</subject><subject>Computational Biology</subject><subject>Oncology</subject></subj-group><subj-group subj-group-type="System Taxonomy"><subject>In Vitro</subject><subject>Homo (human)</subject><subject>Eukaryotes</subject></subj-group></article-categories><title-group><article-title>Modeling HER2 Effects on Cell Behavior from Mass Spectrometry Phosphotyrosine Data</article-title><alt-title alt-title-type="running-head">Modeling HER2 Effects on Cell Behavior</alt-title></title-group><contrib-group><contrib contrib-type="author"><name><surname>Kumar</surname><given-names>Neil</given-names></name><xref ref-type="aff" rid="aff1">1</xref></contrib><contrib contrib-type="author"><name><surname>Wolf-Yadlin</surname><given-names>Alejandro</given-names></name><xref ref-type="aff" rid="aff2">2</xref></contrib><contrib contrib-type="author"><name><surname>White</surname><given-names>Forest M</given-names></name><xref ref-type="aff" rid="aff2">2</xref><xref ref-type="aff" rid="aff3">3</xref></contrib><contrib contrib-type="author"><name><surname>Lauffenburger</surname><given-names>Douglas A</given-names></name><xref ref-type="aff" rid="aff1">1</xref><xref ref-type="aff" rid="aff2">2</xref><xref ref-type="aff" rid="aff3">3</xref><xref ref-type="corresp" rid="cor1">*</xref></contrib></contrib-group><aff id="aff1"><label>1</label> Department of Chemical Engineering, Massachusetts Institute of Technology, Cambridge, Massachusetts, United States of America
</aff><aff id="aff2"><label>2</label> Department of Biological Engineering, Massachusetts Institute of Technology, Cambridge, Massachusetts, United States of America
</aff><aff id="aff3"><label>3</label> Center for Cancer Research, Massachusetts Institute of Technology, Cambridge, Massachusetts, United States of America
</aff><contrib-group><contrib contrib-type="editor"><name><surname>Bourne</surname><given-names>Philip E</given-names></name><role>Editor</role><xref ref-type="aff" rid="edit1"/></contrib></contrib-group><aff id="edit1">University of California San Diego, United States of America</aff><author-notes><corresp id="cor1">* To whom correspondence should be addressed. E-mail: <email>lauffen@mit.edu</email></corresp></author-notes><pub-date pub-type="ppub"><month>1</month><year>2007</year></pub-date><pub-date pub-type="epub"><day>5</day><month>1</month><year>2007</year></pub-date><pub-date pub-type="epreprint"><day>20</day><month>11</month><year>2006</year></pub-date><volume>3</volume><issue>1</issue><elocation-id>e4</elocation-id><history><date date-type="received"><day>16</day><month>8</month><year>2006</year></date><date date-type="accepted"><day>20</day><month>11</month><year>2006</year></date></history><permissions><copyright-statement> © 2007 Kumar et al.</copyright-statement><copyright-year>2007</copyright-year><license xlink:href="http://creativecommons.org/licenses/by/4.0/"><license-p>This is an open-access article distributed under the terms of the Creative Commons Attribution License, which permits unrestricted use, distribution, and reproduction in any medium, provided the original author and source are properly credited.</license-p></license></permissions><!--<related-article preprintResearch Article10.1371/journal.pcbi.0030004.eorsimple>MODELING HER2 EFFECTS ON CELL BEHAVIOR FROM MASS SPECTROMETRY PHOSPHOTYROSINE DATA</related-article>--><abstract><p>Cellular behavior in response to stimulatory cues is governed by information encoded within a complex intracellular signaling network. An understanding of how phenotype is determined requires the distributed characterization of signaling processes (e.g<italic>.</italic>, phosphorylation states and kinase activities) in parallel with measures of resulting cell function. We previously applied quantitative mass spectrometry methods to characterize the dynamics of tyrosine phosphorylation in human mammary epithelial cells with varying human epidermal growth factor receptor 2 (HER2) expression levels after treatment with epidermal growth factor (EGF) or heregulin (HRG). We sought to identify potential mechanisms by which changes in tyrosine phosphorylation govern changes in cell migration or proliferation, two behaviors that we measured in the same cell system. Here, we describe the use of a computational linear mapping technique, partial least squares regression (PLSR), to detail and characterize signaling mechanisms responsible for HER2-mediated effects on migration and proliferation. PLSR model analysis via principal component inner products identified phosphotyrosine signals most strongly associated with control of migration and proliferation, as HER2 expression or ligand treatment were individually varied. Inspection of these signals revealed both previously identified and novel pathways that correlate with cell behavior. Furthermore, we isolated elements of the signaling network that differentially give rise to migration and proliferation. Finally, model analysis identified nine especially informative phosphorylation sites on six proteins that recapitulated the predictive capability of the full model. A model based on these nine sites and trained solely on data from a low HER2-expressing cell line a priori predicted migration and proliferation in a HER2-overexpressing cell line. We identify the nine signals as a “network gauge,” meaning that when interrogated together and integrated according to the quantitative rules of the model, these signals capture information content in the network sufficiently to predict cell migration and proliferation under diverse ligand treatments and receptor expression levels. Examination of the network gauge in the context of previous literature indicates that endocytosis and activation of phosphoinositide 3-kinase (PI3K)-mediated pathways together represent particularly strong loci for the integration of the multiple pathways mediating HER2′s control of mammary epithelial cell proliferation and migration. Thus, a PLSR modeling approach reveals critical signaling processes regulating HER2-mediated cell behavior.</p></abstract><abstract abstract-type="synopsis"><title>Author Summary</title><p>Cells in the human body interpret extracellular information to “decide” on the execution of particular behaviors such as migration, proliferation, and differentiation. Many diseases, such as cancer, occur when these decision-making processes are compromised. The transfer of extracellular information to the intracellular space is often accomplished through receptor proteins whose chemical properties are altered as extracellular conditions change. These receptors transfer information in the intracellular space through the transfer of phosphate groups from one molecule to another. In particular, the transfer of phosphate groups to tyrosine sites is critical for cellular signaling. How the cell decides to execute a particular behavior on the basis of many changing phosphorylation events, however, is not understood. Here, we apply a computational approach to understand and predict how cells make the decision to migrate and proliferate as extracellular information changes. In particular, we wanted to understand the basis of decision-making processes in cells overexpressing a receptor protein called human epidermal growth factor receptor 2 (HER2). This receptor is overexpressed in ∼30% of breast cancer patients and correlates with poor prognosis. Taking advantage of a recently published dataset that quantified tyrosine phosphorylation events in HER2-overexpressing cells, we created models to understand and to predict HER2-mediated changes in migration and proliferation. The model identified small subsets of measured phosphorylation events that are predictive of changes in behavior with HER2 overexpression. Analysis of the phosphorylated subset of proteins implicated certain cellular processes as being crucial for cellular decision making, and suggested potential biomarkers and targets for therapeutic use in HER2-overexpressing cancers. Further application of our technique should aid in the understanding of cellular decision processes from large sets of cell signal and behavior data.</p></abstract><counts><page-count count="14"/></counts><custom-meta-group><custom-meta><meta-name>citation</meta-name><meta-value>Kumar N, Wolf-Yadlin A, White FM, Lauffenburger DA (2007) Modeling HER2 effects on cell behavior from mass spectrometry phosphotyrosine data. PLoS Comput Biol 3(1): e4. doi:<ext-link ext-link-type="doi" xlink:href="10.1371/journal.pcbi.0030004">10.1371/journal.pcbi.0030004</ext-link></meta-value></custom-meta></custom-meta-group></article-meta></front></article>