<article xmlns="https://jats.nlm.nih.gov/ns/archiving/1.2/" xmlns:xsi="http://www.w3.org/2001/XMLSchema-instance" xmlns:ali="http://www.niso.org/schemas/ali/1.0/" xmlns:mml="http://www.w3.org/1998/Math/MathML" xmlns:xlink="http://www.w3.org/1999/xlink" xsi:schemaLocation="https://jats.nlm.nih.gov/ns/archiving/1.2/ https://jats.nlm.nih.gov/archiving/1.2/xsd/JATS-archivearticle1.xsd" article-type="research-article"><front><journal-meta><journal-id journal-id-type="nlm-ta">PLoS Comput Biol</journal-id><journal-id journal-id-type="iso-abbrev">PLoS Comput. Biol</journal-id><journal-id journal-id-type="publisher-id">pcbi</journal-id><journal-id journal-id-type="publisher-id">plcb</journal-id><journal-id journal-id-type="pmc">ploscomp</journal-id><journal-title-group><journal-title>PLoS Computational Biology</journal-title></journal-title-group><issn pub-type="ppub">1553-734X</issn><issn pub-type="epub">1553-7358</issn><publisher><publisher-name>Public Library of Science</publisher-name><publisher-loc>San Francisco, USA</publisher-loc></publisher></journal-meta><article-meta><article-id pub-id-type="accession">PMC1828701</article-id><article-id pub-id-type="pmcid">PMC1828701</article-id><article-id pub-id-type="pmc-uid">1828701</article-id><article-id pub-id-type="pmid">17367201</article-id><article-id pub-id-type="pmid">17367201</article-id><article-id pub-id-type="doi">10.1371/journal.pcbi.0030036</article-id><article-id pub-id-type="publisher-id">06-PLCB-RA-0333R2</article-id><article-id pub-id-type="sici">plcb-03-03-08</article-id><article-categories><subj-group subj-group-type="heading"><subject>Research Article</subject></subj-group><subj-group subj-group-type="Discipline"><subject>Cell Biology</subject><subject>Computational Biology</subject><subject>Computational Biology</subject></subj-group><subj-group subj-group-type="System Taxonomy"><subject>Homo (Human)</subject></subj-group></article-categories><title-group><article-title>A Mathematical Model for Neutrophil Gradient Sensing and Polarization</article-title><alt-title alt-title-type="running-head">Neutrophil Gradient Sensing and Polarization</alt-title></title-group><contrib-group><contrib contrib-type="author"><name><surname>Onsum</surname><given-names>Matthew</given-names></name><xref ref-type="aff" rid="aff1">1</xref></contrib><contrib contrib-type="author"><name><surname>Rao</surname><given-names>Christopher V</given-names></name><xref ref-type="aff" rid="aff2">2</xref><xref ref-type="corresp" rid="cor1">*</xref></contrib></contrib-group><aff id="aff1"><label>1</label> AstraZeneca R&amp;D Boston, Waltham, Massachusetts, United States of America
</aff><aff id="aff2"><label>2</label> Department of Chemical and Biomolecular Engineering, University of Illinois Urbana–Champaign, Urbana, Illinois, United States of America
</aff><contrib-group><contrib contrib-type="editor"><name><surname>Asthagiri</surname><given-names>Anand</given-names></name><role>Editor</role><xref ref-type="aff" rid="edit1"/></contrib></contrib-group><aff id="edit1">California Institute of Technology, United States of America</aff><author-notes><corresp id="cor1">* To whom correspondence should be addressed. E-mail: <email>chris@scs.uiuc.edu</email></corresp></author-notes><pub-date pub-type="ppub"><month>3</month><year>2007</year></pub-date><pub-date pub-type="epub"><day>16</day><month>3</month><year>2007</year></pub-date><pub-date pub-type="epreprint"><day>9</day><month>1</month><year>2007</year></pub-date><volume>3</volume><issue>3</issue><elocation-id>e36</elocation-id><history><date date-type="received"><day>14</day><month>8</month><year>2006</year></date><date date-type="accepted"><day>9</day><month>1</month><year>2007</year></date></history><permissions><copyright-statement> © 2007 Onsum and Rao.</copyright-statement><copyright-year>2007</copyright-year><license xlink:href="http://creativecommons.org/licenses/by/4.0/"><license-p>This is an open-access article distributed under the terms of the Creative Commons Attribution License, which permits unrestricted use, distribution, and reproduction in any medium, provided the original author and source are properly credited.</license-p></license></permissions><!--<related-article preprintResearch Article10.1371/journal.pcbi.0030036.eorsimple>A mathematical model for neutrophil gradient sensing and polarization</related-article>--><abstract><p>Directed cell migration in response to chemical cues, also known as chemotaxis, is an important physiological process involved in wound healing, foraging, and the immune response. Cell migration requires the simultaneous formation of actin polymers at the leading edge and actomyosin complexes at the sides and back of the cell. An unresolved question in eukaryotic chemotaxis is how the same chemoattractant signal determines both the cell's front and back. Recent experimental studies have begun to reveal the biochemical mechanisms necessary for this polarized cellular response. We propose a mathematical model of neutrophil gradient sensing and polarization based on experimentally characterized biochemical mechanisms. The model demonstrates that the known dynamics for Rho GTPase and phosphatidylinositol-3-kinase (PI3K) activation are sufficient for both gradient sensing and polarization. In particular, the model demonstrates that these mechanisms can correctly localize the “front” and “rear” pathways in response to both uniform concentrations and gradients of chemical attractants, including in actin-inhibited cells. Furthermore, the model predictions are robust to the values of many parameters. A key result of the model is the proposed coincidence circuit involving PI3K and Ras that obviates the need for the “global inhibitors” proposed, though never experimentally verified, in many previous mathematical models of eukaryotic chemotaxis. Finally, experiments are proposed to (in)validate this model and further our understanding of neutrophil chemotaxis.</p></abstract><abstract abstract-type="summary"><title>Author Summary</title><sec id="st1"><title/><p>Neutrophils target sites of infection and inflammation by sensing chemical signals produced by damaged tissue and infecting microbes and then move in the direction where their concentration is greatest. An open question is how neutrophils integrate this information to determine the direction of motility. We present a mathematical model for the intracellular signaling network regulating polarization and chemotaxis in neutrophils. We demonstrate how the activation of two antagonizing pathways robustly establishes the front and back of the migrating cell. The model is able to reproduce a number of experimental studies, and new experiments are proposed to test different aspects of the model. A key result is the characterization of a coincidence circuit involving phosphatidylinositol-3-kinase (PI3K) and Ras. We demonstrate that this circuit plays a critical role in selectively localizing F-actin to the front of the cell and actomyosin complexes to the rear. As directed motility in response to chemical cues is critical in a number of processes including wound healing and tumor metastasis, the results and insights gained from the model may be applicable to other cell types and organisms.</p></sec></abstract><counts><page-count count="15"/></counts><custom-meta-group><custom-meta><meta-name>citation</meta-name><meta-value>Onsum M, Rao CV (2007) A mathematical model for neutrophil gradient sensing and polarization. PLoS Comput Biol 3(3): e36. doi:<ext-link ext-link-type="doi" xlink:href="10.1371/journal.pcbi.0030036">10.1371/journal.pcbi.0030036</ext-link></meta-value></custom-meta></custom-meta-group></article-meta></front></article>