<article xmlns="https://jats.nlm.nih.gov/ns/archiving/1.2/" xmlns:xsi="http://www.w3.org/2001/XMLSchema-instance" xmlns:ali="http://www.niso.org/schemas/ali/1.0/" xmlns:mml="http://www.w3.org/1998/Math/MathML" xmlns:xlink="http://www.w3.org/1999/xlink" xsi:schemaLocation="https://jats.nlm.nih.gov/ns/archiving/1.2/ https://jats.nlm.nih.gov/archiving/1.2/xsd/JATS-archivearticle1.xsd" article-type="research-article"><front><journal-meta><journal-id journal-id-type="nlm-ta">PLoS Comput Biol</journal-id><journal-id journal-id-type="iso-abbrev">PLoS Comput. Biol</journal-id><journal-id journal-id-type="publisher-id">pcbi</journal-id><journal-id journal-id-type="publisher-id">plcb</journal-id><journal-id journal-id-type="pmc">ploscomp</journal-id><journal-title-group><journal-title>PLoS Computational Biology</journal-title></journal-title-group><issn pub-type="ppub">1553-734X</issn><issn pub-type="epub">1553-7358</issn><publisher><publisher-name>Public Library of Science</publisher-name><publisher-loc>San Francisco, USA</publisher-loc></publisher></journal-meta><article-meta><article-id pub-id-type="accession">PMC1892605</article-id><article-id pub-id-type="pmcid">PMC1892605</article-id><article-id pub-id-type="pmc-uid">1892605</article-id><article-id pub-id-type="pmid">17559301</article-id><article-id pub-id-type="pmid">17559301</article-id><article-id pub-id-type="doi">10.1371/journal.pcbi.0030110</article-id><article-id pub-id-type="publisher-id">06-PLCB-RA-0538R2</article-id><article-id pub-id-type="sici">plcb-03-06-09</article-id><article-categories><subj-group subj-group-type="heading"><subject>Research Article</subject></subj-group><subj-group subj-group-type="Discipline"><subject>Computational Biology</subject><subject>Computational Biology</subject><subject>Computational Biology</subject><subject>Genetics and Genomics</subject><subject>Genetics and Genomics</subject><subject>Genetics and Genomics</subject><subject>Genetics and Genomics</subject><subject>Molecular Biology</subject><subject>Molecular Biology</subject><subject>Molecular Biology</subject><subject>Molecular Biology</subject><subject>Molecular Biology</subject></subj-group><subj-group subj-group-type="System Taxonomy"><subject>Homo (Human)</subject><subject>Mammals</subject></subj-group></article-categories><title-group><article-title>CpG Island Mapping by Epigenome Prediction</article-title><alt-title alt-title-type="running-head">CpG Island Mapping by Epigenome Prediction</alt-title></title-group><contrib-group><contrib contrib-type="author"><name><surname>Bock</surname><given-names>Christoph</given-names></name><xref ref-type="aff" rid="aff1">1</xref><xref ref-type="corresp" rid="cor1">*</xref></contrib><contrib contrib-type="author"><name><surname>Walter</surname><given-names>Jörn</given-names></name><xref ref-type="aff" rid="aff2">2</xref></contrib><contrib contrib-type="author"><name><surname>Paulsen</surname><given-names>Martina</given-names></name><xref ref-type="aff" rid="aff2">2</xref></contrib><contrib contrib-type="author"><name><surname>Lengauer</surname><given-names>Thomas</given-names></name><xref ref-type="aff" rid="aff1">1</xref></contrib></contrib-group><aff id="aff1"><label>1</label> Max-Planck-Institut für Informatik, Saarbrücken, Germany
</aff><aff id="aff2"><label>2</label> Genetik/Epigenetik, Universität des Saarlandes, Saarbrücken, Germany
</aff><contrib-group><contrib contrib-type="editor"><name><surname>Rando</surname><given-names>Oliver J</given-names></name><role>Editor</role><xref ref-type="aff" rid="edit1"/></contrib></contrib-group><aff id="edit1">University of Massachusetts Medical School, United States of America</aff><author-notes><corresp id="cor1">* To whom correspondence should be addressed. E-mail: <email>cbock@mpi-inf.mpg.de</email></corresp></author-notes><pub-date pub-type="ppub"><month>6</month><year>2007</year></pub-date><pub-date pub-type="epub"><day>8</day><month>6</month><year>2007</year></pub-date><pub-date pub-type="epreprint"><day>2</day><month>5</month><year>2007</year></pub-date><volume>3</volume><issue>6</issue><elocation-id>e110</elocation-id><history><date date-type="received"><day>22</day><month>12</month><year>2006</year></date><date date-type="accepted"><day>1</day><month>5</month><year>2007</year></date></history><permissions><copyright-statement> © 2007 Bock et al.</copyright-statement><copyright-year>2007</copyright-year><license xlink:href="http://creativecommons.org/licenses/by/4.0/"><license-p>This is an open-access article distributed under the terms of the Creative Commons Attribution License, which permits unrestricted use, distribution, and reproduction in any medium, provided the original author and source are properly credited.</license-p></license></permissions><!--<related-article preprintResearch Article10.1371/journal.pcbi.0030110.eorsimple>CpG Island Mapping by Epigenome Prediction</related-article>--><abstract><p>CpG islands were originally identified by epigenetic and functional properties, namely, absence of DNA methylation and frequent promoter association. However, this concept was quickly replaced by simple DNA sequence criteria, which allowed for genome-wide annotation of CpG islands in the absence of large-scale epigenetic datasets. Although widely used, the current CpG island criteria incur significant disadvantages: (1) reliance on arbitrary threshold parameters that bear little biological justification, (2) failure to account for widespread heterogeneity among CpG islands, and (3) apparent lack of specificity when applied to the human genome. This study is driven by the idea that a quantitative score of “CpG island strength” that incorporates epigenetic and functional aspects can help resolve these issues. We construct an epigenome prediction pipeline that links the DNA sequence of CpG islands to their epigenetic states, including DNA methylation, histone modifications, and chromatin accessibility. By training support vector machines on epigenetic data for CpG islands on human Chromosomes 21 and 22, we identify informative DNA attributes that correlate with open versus compact chromatin structures. These DNA attributes are used to predict the epigenetic states of all CpG islands genome-wide. Combining predictions for multiple epigenetic features, we estimate the inherent CpG island strength for each CpG island in the human genome, i.e., its inherent tendency to exhibit an open and transcriptionally competent chromatin structure. We extensively validate our results on independent datasets, showing that the CpG island strength predictions are applicable and informative across different tissues and cell types, and we derive improved maps of predicted “bona fide” CpG islands. The mapping of CpG islands by epigenome prediction is conceptually superior to identifying CpG islands by widely used sequence criteria since it links CpG island detection to their characteristic epigenetic and functional states. And it is superior to purely experimental epigenome mapping for CpG island detection since it abstracts from specific properties that are limited to a single cell type or tissue. In addition, using computational epigenetics methods we could identify high correlation between the epigenome and characteristics of the DNA sequence, a finding which emphasizes the need for a better understanding of the mechanistic links between genome and epigenome.</p></abstract><abstract abstract-type="summary"><title>Author Summary</title><sec id="st1"><title/><p>A key challenge for bioinformatic research is the identification of regulatory regions in the human genome. Regulatory regions are DNA elements that control gene expression and thereby contribute to the organism's phenotype. An important class of regulatory regions consists of so-called CpG islands, which are characterized by frequent occurrence of the CG sequence pattern. CpG islands are strongly associated with open and transcriptionally competent chromatin structure, they play a critical role in gene regulation, and they are involved in the epigenetic causes of cancer. In this article we make several conceptual improvements to the definition and mapping of CpG islands. First, we show that the traditional distinction between CpG islands and non-CpG islands is too harsh, and instead we propose a quantitative measure of CpG island strength to gradually distinguish between stronger and weaker regulatory regions. Second, by genome-wide comparison of multiple epigenome datasets we identify high correlation between features of the genome's DNA sequence and the epigenome, indicating strong functional interdependence. Third, we develop and apply a novel method for predicting the strength of all CpG islands in the human genome, giving rise to an improved and more accurate CpG island mapping.</p></sec></abstract><counts><page-count count="16"/></counts><custom-meta-group><custom-meta><meta-name>citation</meta-name><meta-value>Bock C, Walter J, Paulsen M, Lengauer T (2007) CpG island mapping by epigenome prediction. PLoS Comput Biol 3(6): e110. doi:<ext-link ext-link-type="doi" xlink:href="10.1371/journal.pcbi.0030110">10.1371/journal.pcbi.0030110</ext-link></meta-value></custom-meta></custom-meta-group></article-meta></front></article>