<article xmlns="https://jats.nlm.nih.gov/ns/archiving/1.2/" xmlns:xsi="http://www.w3.org/2001/XMLSchema-instance" xmlns:ali="http://www.niso.org/schemas/ali/1.0/" xmlns:mml="http://www.w3.org/1998/Math/MathML" xmlns:xlink="http://www.w3.org/1999/xlink" xsi:schemaLocation="https://jats.nlm.nih.gov/ns/archiving/1.2/ https://jats.nlm.nih.gov/archiving/1.2/xsd/JATS-archivearticle1.xsd" article-type="research-article"><front><journal-meta><journal-id journal-id-type="nlm-ta">PLoS Comput Biol</journal-id><journal-id journal-id-type="iso-abbrev">PLoS Comput. Biol</journal-id><journal-id journal-id-type="publisher-id">pcbi</journal-id><journal-id journal-id-type="publisher-id">plcb</journal-id><journal-id journal-id-type="pmc">ploscomp</journal-id><journal-title-group><journal-title>PLoS Computational Biology</journal-title></journal-title-group><issn pub-type="ppub">1553-734X</issn><issn pub-type="epub">1553-7358</issn><publisher><publisher-name>Public Library of Science</publisher-name><publisher-loc>San Francisco, USA</publisher-loc></publisher></journal-meta><article-meta><article-id pub-id-type="accession">PMC1364506</article-id><article-id pub-id-type="pmcid">PMC1364506</article-id><article-id pub-id-type="pmc-uid">1364506</article-id><article-id pub-id-type="pmid">16485038</article-id><article-id pub-id-type="pmid">16485038</article-id><article-id pub-id-type="doi">10.1371/journal.pcbi.0020010</article-id><article-id pub-id-type="publisher-id">05-PLCB-RA-0159R2</article-id><article-id pub-id-type="sici">plcb-02-02-03</article-id><article-categories><subj-group subj-group-type="heading"><subject>Research Article</subject></subj-group><subj-group subj-group-type="Discipline"><subject>Biochemistry</subject><subject>Bioinformatics - Computational Biology</subject><subject>Microbiology</subject><subject>Molecular Biology - Structural Biology</subject></subj-group><subj-group subj-group-type="System Taxonomy"><subject>None</subject></subj-group></article-categories><title-group><article-title>Dependency Map of Proteins in the Small Ribosomal Subunit</article-title><alt-title alt-title-type="running-head">Assembly of the Small Ribosomal Subunit</alt-title></title-group><contrib-group><contrib contrib-type="author"><name><surname>Hamacher</surname><given-names>Kay</given-names></name><xref ref-type="aff" rid="aff1">1</xref><xref ref-type="aff" rid="aff2">2</xref><xref ref-type="corresp" rid="cor1">*</xref></contrib><contrib contrib-type="author"><name><surname>Trylska</surname><given-names>Joanna</given-names></name><xref ref-type="aff" rid="aff1">1</xref><xref ref-type="aff" rid="aff2">2</xref><xref ref-type="aff" rid="aff3">3</xref></contrib><contrib contrib-type="author"><name><surname>McCammon</surname><given-names>J. Andrew</given-names></name><xref ref-type="aff" rid="aff1">1</xref><xref ref-type="aff" rid="aff2">2</xref><xref ref-type="aff" rid="aff4">4</xref></contrib></contrib-group><aff id="aff1"><label>1</label> Department of Chemistry and Biochemistry, University of California San Diego, La Jolla, California, United States of America
</aff><aff id="aff2"><label>2</label> Center for Theoretical Biological Physics, University of California San Diego, La Jolla, California, United States of America
</aff><aff id="aff3"><label>3</label> Interdisciplinary Centre for Mathematical and Computational Modelling, Warsaw University, Warsaw, Poland
</aff><aff id="aff4"><label>4</label> Howard Hughes Medical Institute and Department of Pharmacology, University of California San Diego, La Jolla, California, United States of America
</aff><contrib-group><contrib contrib-type="editor"><name><surname>Lai</surname><given-names>Luhua</given-names></name><role>Editor</role><xref ref-type="aff" rid="edit1"/></contrib></contrib-group><aff id="edit1">Peking University, China</aff><author-notes><corresp id="cor1">* To whom correspondence should be addressed. E-mail: hamacher_at_ctbp.ucsd .edu</corresp></author-notes><pub-date pub-type="ppub"><month>2</month><year>2006</year></pub-date><pub-date pub-type="epub"><day>17</day><month>2</month><year>2006</year></pub-date><pub-date pub-type="epreprint"><day>4</day><month>1</month><year>2006</year></pub-date><volume>2</volume><issue>2</issue><elocation-id>e10</elocation-id><history><date date-type="received"><day>11</day><month>7</month><year>2005</year></date><date date-type="accepted"><day>30</day><month>12</month><year>2005</year></date></history><permissions><copyright-statement> © 2006 Hamacher et al.</copyright-statement><copyright-year>2006</copyright-year><license xlink:href="http://creativecommons.org/licenses/by/4.0/"><license-p>This is an open-access article distributed under the terms of the Creative Commons Attribution License, which permits unrestricted use, distribution, and reproduction in any medium, provided the original author and source are properly credited.</license-p></license></permissions><!--<related-article preprintresearch10.1371/journal.pcbi.0020010.eorsimple>Dependency Map of Proteins in the Small Ribosomal Subunit</related-article>--><abstract><p>The assembly of the ribosome has recently become an interesting target for antibiotics in several bacteria. In this work, we extended an analytical procedure to determine native state fluctuations and contact breaking to investigate the protein stability dependence in the 30S small ribosomal subunit of <named-content content-type="genus-species">Thermus thermophilus</named-content>. We determined the causal influence of the presence and absence of proteins in the 30S complex on the binding free energies of other proteins. The predicted dependencies are in overall agreement with the experimentally determined assembly map for another organism, <named-content content-type="genus-species">Escherichia coli</named-content>. We found that the causal influences result from two distinct mechanisms: one is pure internal energy change, the other originates from the entropy change. We discuss the implications on how to target the ribosomal assembly most effectively by suggesting six proteins as targets for mutations or other hindering of their binding. Our results show that by blocking one out of this set of proteins, the association of other proteins is eventually reduced, thus reducing the translation efficiency even more. We could additionally determine the binding dependency of THX—a peptide not present in the ribosome of <named-content content-type="genus-species">E. coli</named-content>—and suggest its assembly path.</p></abstract><abstract abstract-type="synopsis"><title>Synopsis</title><p>The ribosome acts as the protein–production facility of the cell. Interfering with its assembly will shut down the function of the cell. The bacterial ribosome differs from the eukaryotic one. Both properties together prompt for the development of antibiotics targeting the bacterial ribosome. To target this macromolecular complex most efficiently, one needs to understand the assembly process. The smaller subunit consists of 21 proteins and a ≈ 1500 nucleotide long RNA chain. This size makes it unfeasible to treat the assembly process with conventional computational techniques. To overcome this size limit, this paper introduces a new approach which computes energetic and entropic contributions to the binding energy of individual proteins. By systematic <italic>Gedankenexperiment</italic>s and an accompanying analysis procedure we were able to deduce the binding dependencies of the proteins and the influences of their respective absence or presence onto other proteins. From the obtained influence map we can deduce potential target proteins for drug development or other binding hindering experiments.</p></abstract><counts><page-count count="8"/></counts><custom-meta-group><custom-meta><meta-name>Citation:</meta-name><meta-value>Hamacher K, Trylska J, McCammon JA (2006) Dependency map of proteins in the small ribosomal subunit. PLoS Comput Biol 2(2): e10.</meta-value></custom-meta></custom-meta-group></article-meta></front></article>