<article xmlns="https://jats.nlm.nih.gov/ns/archiving/1.2/" xmlns:xsi="http://www.w3.org/2001/XMLSchema-instance" xmlns:ali="http://www.niso.org/schemas/ali/1.0/" xmlns:mml="http://www.w3.org/1998/Math/MathML" xmlns:xlink="http://www.w3.org/1999/xlink" xsi:schemaLocation="https://jats.nlm.nih.gov/ns/archiving/1.2/ https://jats.nlm.nih.gov/archiving/1.2/xsd/JATS-archivearticle1.xsd" article-type="other"><front><journal-meta><journal-id journal-id-type="nlm-ta">PLoS Comput Biol</journal-id><journal-id journal-id-type="iso-abbrev">PLoS Comput. Biol</journal-id><journal-id journal-id-type="publisher-id">pcbi</journal-id><journal-id journal-id-type="publisher-id">plcb</journal-id><journal-id journal-id-type="pmc">ploscomp</journal-id><journal-title-group><journal-title>PLoS Computational Biology</journal-title></journal-title-group><issn pub-type="ppub">1553-734X</issn><issn pub-type="epub">1553-7358</issn><publisher><publisher-name>Public Library of Science</publisher-name><publisher-loc>San Francisco, USA</publisher-loc></publisher></journal-meta><article-meta><article-id pub-id-type="accession">PMC1484587</article-id><article-id pub-id-type="pmcid">PMC1484587</article-id><article-id pub-id-type="pmc-uid">1484587</article-id><article-id pub-id-type="pmid">16846248</article-id><article-id pub-id-type="pmid">16846248</article-id><article-id pub-id-type="doi">10.1371/journal.pcbi.0020077</article-id><article-id pub-id-type="publisher-id">06-PLCB-EN-0087R2</article-id><article-id pub-id-type="sici">plcb-02-06-19</article-id><article-categories><subj-group subj-group-type="heading"><subject>Education</subject></subj-group><subj-group subj-group-type="Discipline"><subject>Bioinformatics - Computational Biology</subject></subj-group><subj-group subj-group-type="System Taxonomy"><subject>None</subject></subj-group></article-categories><title-group><article-title>Functional Classification Using Phylogenomic Inference</article-title><alt-title alt-title-type="running-head">Education</alt-title></title-group><contrib-group><contrib contrib-type="author"><name><surname>Brown</surname><given-names>Duncan</given-names></name><xref ref-type="author-notes" rid="n104"/></contrib><contrib contrib-type="author"><name><surname>Sjölander</surname><given-names>Kimmen</given-names></name><xref ref-type="corresp" rid="cor1">*</xref><xref ref-type="author-notes" rid="n104"/></contrib></contrib-group><contrib-group><contrib contrib-type="editor"><name><surname>Lewitter</surname><given-names>Fran</given-names></name><role>Editor</role><xref ref-type="aff" rid="edit1"/></contrib></contrib-group><aff id="edit1">Whitehead Institute, United States of America</aff><author-notes><corresp id="cor1">* To whom correspondence should be addressed. E-mail: <email>kimmen@berkeley.edu</email></corresp><fn id="n104" fn-type="current-aff"><p>Duncan Brown and Kimmen Sjölander are at the University of California Berkeley, Berkeley, California, United States of America.</p></fn></author-notes><pub-date pub-type="ppub"><month>6</month><year>2006</year></pub-date><pub-date pub-type="epub"><day>30</day><month>6</month><year>2006</year></pub-date><volume>2</volume><issue>6</issue><elocation-id>e77</elocation-id><permissions><copyright-statement> © 2006 Brown and Sjölander.</copyright-statement><copyright-year>2006</copyright-year><license xlink:href="http://creativecommons.org/licenses/by/4.0/"><license-p>This is an open-access article distributed under the terms of the Creative Commons Attribution License, which permits unrestricted use, distribution, and reproduction in any medium, provided the original author and source are properly credited.</license-p></license></permissions><counts><page-count count="5"/></counts><custom-meta-group><custom-meta><meta-name>citation</meta-name><meta-value>Brown D, Sjölander K (2006) Functional classification using phylogenomic inference. PLoS Comput Biol 2(6): e77. DOI: <ext-link ext-link-type="doi" xlink:href="10.1371/journal.pcbi.0020077">10.1371/journal.pcbi.0020077</ext-link></meta-value></custom-meta></custom-meta-group></article-meta></front></article>