<article xmlns="https://jats.nlm.nih.gov/ns/archiving/1.2/" xmlns:xsi="http://www.w3.org/2001/XMLSchema-instance" xmlns:ali="http://www.niso.org/schemas/ali/1.0/" xmlns:mml="http://www.w3.org/1998/Math/MathML" xmlns:xlink="http://www.w3.org/1999/xlink" xsi:schemaLocation="https://jats.nlm.nih.gov/ns/archiving/1.2/ https://jats.nlm.nih.gov/archiving/1.2/xsd/JATS-archivearticle1.xsd" article-type="research-article"><front><journal-meta><journal-id journal-id-type="nlm-ta">PLoS Comput Biol</journal-id><journal-id journal-id-type="iso-abbrev">PLoS Comput. Biol</journal-id><journal-id journal-id-type="publisher-id">pcbi</journal-id><journal-id journal-id-type="publisher-id">plcb</journal-id><journal-id journal-id-type="pmc">ploscomp</journal-id><journal-title-group><journal-title>PLoS Computational Biology</journal-title></journal-title-group><issn pub-type="ppub">1553-734X</issn><issn pub-type="epub">1553-7358</issn><publisher><publisher-name>Public Library of Science</publisher-name><publisher-loc>San Francisco, USA</publisher-loc></publisher></journal-meta><article-meta><article-id pub-id-type="accession">PMC1885277</article-id><article-id pub-id-type="pmcid">PMC1885277</article-id><article-id pub-id-type="pmc-uid">1885277</article-id><article-id pub-id-type="pmid">17542643</article-id><article-id pub-id-type="pmid">17542643</article-id><article-id pub-id-type="doi">10.1371/journal.pcbi.0030103</article-id><article-id pub-id-type="publisher-id">06-PLCB-RA-0465R2</article-id><article-id pub-id-type="sici">plcb-03-06-02</article-id><article-categories><subj-group subj-group-type="heading"><subject>Research Article</subject></subj-group><subj-group subj-group-type="Discipline"><subject>Cell Biology</subject><subject>Computational Biology</subject><subject>Genetics and Genomics</subject></subj-group><subj-group subj-group-type="System Taxonomy"><subject>Eukaryotes</subject></subj-group></article-categories><title-group><article-title>Bottleneck Genes and Community Structure in the Cell Cycle Network of <named-content content-type="genus-species">S. pombe</named-content>
</article-title><alt-title alt-title-type="running-head">Cell Cycle Network of <italic>S. pombe</italic></alt-title></title-group><contrib-group><contrib contrib-type="author"><name><surname>Caretta-Cartozo</surname><given-names>Cécile</given-names></name><xref ref-type="aff" rid="aff1">1</xref><xref ref-type="corresp" rid="cor1">*</xref></contrib><contrib contrib-type="author"><name><surname>De Los Rios</surname><given-names>Paolo</given-names></name><xref ref-type="aff" rid="aff1">1</xref></contrib><contrib contrib-type="author"><name><surname>Piazza</surname><given-names>Francesco</given-names></name><xref ref-type="aff" rid="aff1">1</xref></contrib><contrib contrib-type="author"><name><surname>Liò</surname><given-names>Pietro</given-names></name><xref ref-type="aff" rid="aff2">2</xref></contrib></contrib-group><aff id="aff1"><label>1</label> Laboratoire de Biophysique Statistique, Ecole Polytechnique Fédérale de Lausanne, Lausanne, Switzerland
</aff><aff id="aff2"><label>2</label> Computer Laboratory, University of Cambridge, Cambridge, United Kingdom
</aff><contrib-group><contrib contrib-type="editor"><name><surname>Miyano</surname><given-names>Satoru</given-names></name><role>Editor</role><xref ref-type="aff" rid="edit1"/></contrib></contrib-group><aff id="edit1">The University of Tokyo, Japan</aff><author-notes><corresp id="cor1">* To whom correspondence should be addressed. E-mail: <email>cecile.carettacartozo@epfl.ch</email></corresp></author-notes><pub-date pub-type="ppub"><month>6</month><year>2007</year></pub-date><pub-date pub-type="epub"><day>1</day><month>6</month><year>2007</year></pub-date><volume>3</volume><issue>6</issue><elocation-id>e103</elocation-id><history><date date-type="received"><day>6</day><month>11</month><year>2006</year></date><date date-type="accepted"><day>19</day><month>4</month><year>2007</year></date></history><permissions><copyright-statement> © 2007 Caretta-Cartozo et al.</copyright-statement><copyright-year>2007</copyright-year><license xlink:href="http://creativecommons.org/licenses/by/4.0/"><license-p>This is an open-access article distributed under the terms of the Creative Commons Attribution License, which permits unrestricted use, distribution, and reproduction in any medium, provided the original author and source are properly credited.</license-p></license></permissions><abstract><p>The identification of cell cycle–related genes is still a difficult task, even for organisms with relatively few genes such as the fission yeast. Several gene expression studies have been published on <named-content content-type="genus-species">S. pombe</named-content> showing similarities but also discrepancies in their results. We introduce a network in which the weight of each link is a function of the phase difference between the expression peaks of two genes. The analysis of the stability of the clustering through the computation of an entropy parameter reveals a structure made of four clusters, the first one corresponding to a robustly connected M–G1 component, the second to genes in the S phase, and the third and fourth to two G2 components. They are separated by bottleneck structures that appear to correspond to cell cycle checkpoints. We identify a number of genes that are located on these bottlenecks. They represent a novel group of cell cycle regulatory genes. They all show interesting functions, and they are supposed to be involved in the regulation of the transition from one phase to the next. We therefore present a comparison of the available studies on the fission yeast cell cycle and a general statistical bioinformatics methodology to find bottlenecks and gene community structures based on recent developments in network theory.</p></abstract><abstract abstract-type="summary"><title>Author Summary</title><sec id="st1"><title/><p>Because of the diversity in technological and analytical approaches, published microarray studies on a given organism show similarities as well as differences. While a great amount of data is now available, there is a general need for comprehensive methodologies that would allow us to analyze and compare all these data. We propose a general statistical bioinformatics approach based on recent developments in network theory, and we present an application to three different cell cycle–regulated genes datasets on the fission yeast. We introduce the periodic cell cycle network built upon microarray data on gene expression, and we study the properties and the stability of its community structure. We show that the periodic cell cycle network of the fission yeast is characterized by four clusters separated by bottleneck structures corresponding to cell cycle checkpoints. We identify a set of genes located on these bottlenecks, and we propose them as potential new cell cycle regulators involved in the control of the transition from one phase to the next. Our approach can be applied to other similar complementary datasets or to any gene expression datasets to reveal the community structure of the corresponding network and to isolate genes potentially involved in cell cycle regulation.</p></sec></abstract><counts><page-count count="9"/></counts><custom-meta-group><custom-meta><meta-name>citation</meta-name><meta-value>Caretta-Cartozo C, De Los Rios P, Piazza F, Liò P (2007) Bottleneck genes and community structure in the cell cycle network of <named-content content-type="genus-species">S. pombe</named-content>. PLoS Comput Biol 3(6): e103. doi:<ext-link ext-link-type="doi" xlink:href="10.1371/journal.pcbi.0030103">10.1371/journal.pcbi.0030103</ext-link></meta-value></custom-meta></custom-meta-group></article-meta></front></article>