<article xmlns="https://jats.nlm.nih.gov/ns/archiving/1.2/" xmlns:xsi="http://www.w3.org/2001/XMLSchema-instance" xmlns:ali="http://www.niso.org/schemas/ali/1.0/" xmlns:mml="http://www.w3.org/1998/Math/MathML" xmlns:xlink="http://www.w3.org/1999/xlink" xsi:schemaLocation="https://jats.nlm.nih.gov/ns/archiving/1.2/ https://jats.nlm.nih.gov/archiving/1.2/xsd/JATS-archivearticle1.xsd" article-type="review-article"><front><journal-meta><journal-id journal-id-type="nlm-ta">PLoS Comput Biol</journal-id><journal-id journal-id-type="iso-abbrev">PLoS Comput. Biol</journal-id><journal-id journal-id-type="publisher-id">pcbi</journal-id><journal-id journal-id-type="publisher-id">plcb</journal-id><journal-id journal-id-type="pmc">ploscomp</journal-id><journal-title-group><journal-title>PLoS Computational Biology</journal-title></journal-title-group><issn pub-type="ppub">1553-734X</issn><issn pub-type="epub">1553-7358</issn><publisher><publisher-name>Public Library of Science</publisher-name><publisher-loc>San Francisco, USA</publisher-loc></publisher></journal-meta><article-meta><article-id pub-id-type="accession">PMC1484584</article-id><article-id pub-id-type="pmcid">PMC1484584</article-id><article-id pub-id-type="pmc-uid">1484584</article-id><article-id pub-id-type="pmid">16846250</article-id><article-id pub-id-type="pmid">16846250</article-id><article-id pub-id-type="doi">10.1371/journal.pcbi.0020071</article-id><article-id pub-id-type="publisher-id">06-PLCB-RV-0068</article-id><article-id pub-id-type="sici">plcb-02-06-21</article-id><article-categories><subj-group subj-group-type="heading"><subject>Review</subject></subj-group><subj-group subj-group-type="Discipline"><subject>Bioinformatics - Computational Biology</subject><subject>HIV - AIDS</subject><subject>Immunology</subject><subject>Infectious Diseases</subject></subj-group><subj-group subj-group-type="System Taxonomy"><subject>Viruses</subject><subject>Homo (Human)</subject><subject>Mammals</subject></subj-group></article-categories><title-group><article-title>Immunoinformatics Comes of Age</article-title><alt-title alt-title-type="running-head">Review</alt-title></title-group><contrib-group><contrib contrib-type="author"><name><surname>Korber</surname><given-names>Bette</given-names></name><xref ref-type="corresp" rid="cor1">*</xref><xref ref-type="author-notes" rid="n102"/></contrib><contrib contrib-type="author"><name><surname>LaBute</surname><given-names>Montiago</given-names></name><xref ref-type="author-notes" rid="n102"/></contrib><contrib contrib-type="author"><name><surname>Yusim</surname><given-names>Karina</given-names></name><xref ref-type="author-notes" rid="n102"/></contrib></contrib-group><contrib-group><contrib contrib-type="editor"><name><surname>McIntyre</surname><given-names>Johanna</given-names></name><role>Editor</role><xref ref-type="aff" rid="edit1"/></contrib></contrib-group><aff id="edit1">National Center for Biotechnology Information, United States of America</aff><author-notes><corresp id="cor1"> * To whom correspondence should be addressed. E-mail: <email>btk@lanl.gov</email></corresp><fn id="n102" fn-type="current-aff"><p>Bette Korber, Montiago LaBute, and Karina Yusim are at the Theory Division, Los Alamos National Laboratory, Los Alamos, New Mexico, United States of America. Bette Korber is also at The Santa Fe Institute, Santa Fe, New Mexico, United States of America.</p></fn></author-notes><pub-date pub-type="ppub"><month>6</month><year>2006</year></pub-date><pub-date pub-type="epub"><day>30</day><month>6</month><year>2006</year></pub-date><volume>2</volume><issue>6</issue><elocation-id>e71</elocation-id><permissions><copyright-statement>This is an open-access article distributed under the terms of the Creative Commons Public Domain declaration which stipulates that, once placed in the public domain, this work may be freely reproduced, distributed, transmitted, modified, built upon, or otherwise used by anyone for any lawful purpose.</copyright-statement><copyright-year>2006</copyright-year><license xlink:href="https://creativecommons.org/publicdomain/zero/1.0/"><license-p>This is an open-access article distributed under the terms of the Creative Commons Public Domain declaration, which stipulates that, once placed in the public domain, this work may be freely reproduced, distributed, transmitted, modified, built upon, or otherwise used by anyone for any lawful purpose.</license-p></license></permissions><abstract><p>With the burgeoning immunological data in the scientific literature, scientists must increasingly rely on Internet resources to inform and enhance their work. Here we provide a brief overview of the adaptive immune response and summaries of immunoinformatics resources, emphasizing those with Web interfaces. These resources include searchable databases of epitopes and immune-related molecules, and analysis tools for T cell and B cell epitope prediction, vaccine design, and protein structure comparisons. There is an agreeable synergy between the growing collections in immune-related databases and the growing sophistication of analysis software; the databases provide the foundation for developing predictive computational tools, which in turn enable more rapid identification of immune responses to populate the databases. Collectively, these resources contribute to improved understanding of immune responses and escape, and evolution of pathogens under immune pressure. The public health implications are vast, including designing vaccines, understanding autoimmune diseases, and defining the correlates of immune protection.</p></abstract><counts><page-count count="9"/></counts><custom-meta-group><custom-meta><meta-name>citation</meta-name><meta-value>Korber B, LaBute M, Yusim K (2006) Immunoinformatics comes of age. PLoS Comput Biol 2(6): e71. DOI: <ext-link ext-link-type="doi" xlink:href="10.1371/journal.pcbi.0020071">10.1371/journal.pcbi.0020071</ext-link></meta-value></custom-meta></custom-meta-group></article-meta></front></article>