<article xmlns="https://jats.nlm.nih.gov/ns/archiving/1.2/" xmlns:xsi="http://www.w3.org/2001/XMLSchema-instance" xmlns:ali="http://www.niso.org/schemas/ali/1.0/" xmlns:mml="http://www.w3.org/1998/Math/MathML" xmlns:xlink="http://www.w3.org/1999/xlink" xsi:schemaLocation="https://jats.nlm.nih.gov/ns/archiving/1.2/ https://jats.nlm.nih.gov/archiving/1.2/xsd/JATS-archivearticle1.xsd" article-type="research-article"><front><journal-meta><journal-id journal-id-type="nlm-ta">PLoS Comput Biol</journal-id><journal-id journal-id-type="iso-abbrev">PLoS Comput. Biol</journal-id><journal-id journal-id-type="publisher-id">pcbi</journal-id><journal-id journal-id-type="publisher-id">plcb</journal-id><journal-id journal-id-type="pmc">ploscomp</journal-id><journal-title-group><journal-title>PLoS Computational Biology</journal-title></journal-title-group><issn pub-type="ppub">1553-734X</issn><issn pub-type="epub">1553-7358</issn><publisher><publisher-name>Public Library of Science</publisher-name><publisher-loc>San Francisco, USA</publisher-loc></publisher></journal-meta><article-meta><article-id pub-id-type="accession">PMC1391917</article-id><article-id pub-id-type="pmcid">PMC1391917</article-id><article-id pub-id-type="pmc-uid">1391917</article-id><article-id pub-id-type="pmid">16543943</article-id><article-id pub-id-type="pmid">16543943</article-id><article-id pub-id-type="doi">10.1371/journal.pcbi.0020018</article-id><article-id pub-id-type="publisher-id">05-PLCB-RA-0285R2</article-id><article-id pub-id-type="sici">plcb-02-03-03</article-id><article-categories><subj-group subj-group-type="heading"><subject>Research Article</subject></subj-group><subj-group subj-group-type="Discipline"><subject>Bioinformatics - Computational Biology</subject><subject>Evolution</subject><subject>Genetics/Genomics</subject><subject>Genetics/Gene Discovery</subject><subject>Genetics/Comparative Genomics</subject></subj-group><subj-group subj-group-type="System Taxonomy"><subject>Vertebrates</subject></subj-group></article-categories><title-group><article-title>A Third Approach to Gene Prediction Suggests Thousands of Additional Human Transcribed Regions</article-title><alt-title alt-title-type="running-head">Predicting Genes from Orientation Biases</alt-title></title-group><contrib-group><contrib contrib-type="author"><name><surname>Glusman</surname><given-names>Gustavo</given-names></name><xref ref-type="aff" rid="aff1">1</xref><xref ref-type="corresp" rid="cor1">*</xref></contrib><contrib contrib-type="author"><name><surname>Qin</surname><given-names>Shizhen</given-names></name><xref ref-type="aff" rid="aff1">1</xref></contrib><contrib contrib-type="author"><name><surname>El-Gewely</surname><given-names>M. Raafat</given-names></name><xref ref-type="aff" rid="aff2">2</xref></contrib><contrib contrib-type="author"><name><surname>Siegel</surname><given-names>Andrew F</given-names></name><xref ref-type="aff" rid="aff3">3</xref></contrib><contrib contrib-type="author"><name><surname>Roach</surname><given-names>Jared C</given-names></name><xref ref-type="aff" rid="aff1">1</xref></contrib><contrib contrib-type="author"><name><surname>Hood</surname><given-names>Leroy</given-names></name><xref ref-type="aff" rid="aff1">1</xref></contrib><contrib contrib-type="author"><name><surname>Smit</surname><given-names>Arian F. A</given-names></name><xref ref-type="aff" rid="aff1">1</xref></contrib></contrib-group><aff id="aff1"><label>1</label> Institute for Systems Biology, Seattle, Washington, United States of America
</aff><aff id="aff2"><label>2</label> Institute of Medical Biology, University of Tromsø, Tromsø, Norway
</aff><aff id="aff3"><label>3</label> Departments of Management Science, Finance and Statistics, University of Washington, Seattle, Washington, United States of America
</aff><contrib-group><contrib contrib-type="editor"><name><surname>Haussler</surname><given-names>David</given-names></name><role>Editor</role><xref ref-type="aff" rid="edit1"/></contrib></contrib-group><aff id="edit1">University of California Santa Cruz, United States of America</aff><author-notes><corresp id="cor1">* To whom correspondence should be addressed. E-mail: <email>Gustavo@SystemsBiology.org</email></corresp></author-notes><pub-date pub-type="ppub"><month>3</month><year>2006</year></pub-date><pub-date pub-type="epub"><day>17</day><month>3</month><year>2006</year></pub-date><pub-date pub-type="epreprint"><day>26</day><month>1</month><year>2006</year></pub-date><volume>2</volume><issue>3</issue><elocation-id>e18</elocation-id><history><date date-type="received"><day>20</day><month>10</month><year>2005</year></date><date date-type="accepted"><day>25</day><month>1</month><year>2006</year></date></history><permissions><copyright-statement> © 2006 Glusman et al.</copyright-statement><copyright-year>2006</copyright-year><license xlink:href="http://creativecommons.org/licenses/by/4.0/"><license-p>This is an open-access article distributed under the terms of the Creative Commons Attribution License, which permits unrestricted use, distribution, and reproduction in any medium, provided the original author and source are properly credited.</license-p></license></permissions><!--<related-article preprintresearch10.1371/journal.pcbi.0020018.eorsimple>A Third Approach to Gene Prediction Suggests Thousands of Additional Human Transcribed Regions</related-article>--><abstract><p>The identification and characterization of the complete ensemble of genes is a main goal of deciphering the digital information stored in the human genome. Many algorithms for computational gene prediction have been described, ultimately derived from two basic concepts: (1) modeling gene structure and (2) recognizing sequence similarity. Successful hybrid methods combining these two concepts have also been developed. We present a third orthogonal approach to gene prediction, based on detecting the genomic signatures of transcription, accumulated over evolutionary time. We discuss four algorithms based on this third concept: Greens and CHOWDER, which quantify mutational strand biases caused by transcription-coupled DNA repair, and ROAST and PASTA, which are based on strand-specific selection against polyadenylation signals. We combined these algorithms into an integrated method called FEAST, which we used to predict the location and orientation of thousands of putative transcription units not overlapping known genes. Many of the newly predicted transcriptional units do not appear to code for proteins. The new algorithms are particularly apt at detecting genes with long introns and lacking sequence conservation. They therefore complement existing gene prediction methods and will help identify functional transcripts within many apparent “genomic deserts.”</p></abstract><abstract abstract-type="synopsis"><title>Synopsis</title><p>To date, genes have been identified from genomic sequence using two basic concepts: the identification of specific signals delineating the structure of the genes and by similarity to previously known genes. Here the authors describe four novel algorithms based on a third basic concept: the identification and quantification of mutational and selectional effects of transcription. Central to this work is a detailed analysis of interspersed repeats, the “junk DNA” left behind by transposon activity, that is usually discarded when predicting genes even though it amounts to nearly half the human genome. Using the new methodology, the authors identify thousands of potential novel genes, some of which appear not to code for protein products. The new algorithms are particularly apt at detecting genes with long introns and lacking sequence conservation. They therefore complement existing gene prediction methods and will help identify functional transcripts within many “genomic deserts,” regions currently thought to be devoid of genes.</p></abstract><counts><page-count count="14"/></counts><custom-meta-group><custom-meta><meta-name>Citation:</meta-name><meta-value>Glusman G, Qin S, El-Gewely MR, Siegel AF, Roach JC, et al. (2006) A third approach to gene prediction suggests thousands of additional human transcribed regions. PLoS Comput Biol 2(3): e18.</meta-value></custom-meta></custom-meta-group></article-meta></front></article>