<article xmlns="https://jats.nlm.nih.gov/ns/archiving/1.2/" xmlns:xsi="http://www.w3.org/2001/XMLSchema-instance" xmlns:ali="http://www.niso.org/schemas/ali/1.0/" xmlns:mml="http://www.w3.org/1998/Math/MathML" xmlns:xlink="http://www.w3.org/1999/xlink" xsi:schemaLocation="https://jats.nlm.nih.gov/ns/archiving/1.2/ https://jats.nlm.nih.gov/archiving/1.2/xsd/JATS-archivearticle1.xsd" article-type="research-article"><front><journal-meta><journal-id journal-id-type="nlm-ta">PLoS Comput Biol</journal-id><journal-id journal-id-type="iso-abbrev">PLoS Comput. Biol</journal-id><journal-id journal-id-type="publisher-id">pcbi</journal-id><journal-id journal-id-type="publisher-id">plcb</journal-id><journal-id journal-id-type="pmc">ploscomp</journal-id><journal-title-group><journal-title>PLoS Computational Biology</journal-title></journal-title-group><issn pub-type="ppub">1553-734X</issn><issn pub-type="epub">1553-7358</issn><publisher><publisher-name>Public Library of Science</publisher-name><publisher-loc>San Francisco, USA</publisher-loc></publisher></journal-meta><article-meta><article-id pub-id-type="accession">PMC1950952</article-id><article-id pub-id-type="pmcid">PMC1950952</article-id><article-id pub-id-type="pmc-uid">1950952</article-id><article-id pub-id-type="pmid">17722975</article-id><article-id pub-id-type="pmid">17722975</article-id><article-id pub-id-type="doi">10.1371/journal.pcbi.0030164</article-id><article-id pub-id-type="publisher-id">07-PLCB-RA-0120R2</article-id><article-id pub-id-type="sici">plcb-03-08-16</article-id><article-categories><subj-group subj-group-type="heading"><subject>Research Article</subject></subj-group><subj-group subj-group-type="Discipline"><subject>Biophysics</subject><subject>Computational Biology</subject></subj-group><subj-group subj-group-type="System Taxonomy"><subject>None</subject></subj-group></article-categories><title-group><article-title>Design of Multi-Specificity in Protein Interfaces</article-title><alt-title alt-title-type="running-head">Multi-Specificity in Protein Interfaces</alt-title></title-group><contrib-group><contrib contrib-type="author"><name><surname>Humphris</surname><given-names>Elisabeth L</given-names></name><xref ref-type="aff" rid="aff1">1</xref><xref ref-type="aff" rid="aff2">2</xref></contrib><contrib contrib-type="author"><name><surname>Kortemme</surname><given-names>Tanja</given-names></name><xref ref-type="aff" rid="aff1">1</xref><xref ref-type="aff" rid="aff2">2</xref><xref ref-type="aff" rid="aff3">3</xref><xref ref-type="corresp" rid="cor1">*</xref></contrib></contrib-group><aff id="aff1"><label>1</label> Graduate Group in Biophysics, University of California San Francisco, San Francisco, California, United States of America
</aff><aff id="aff2"><label>2</label> California Institute for Quantitative Biosciences, University of California San Francisco, San Francisco, California, United States of America
</aff><aff id="aff3"><label>3</label> Department of Biopharmaceutical Sciences, University of California San Francisco, San Francisco, California, United States of America
</aff><contrib-group><contrib contrib-type="editor"><name><surname>Rost</surname><given-names>Burkhard</given-names></name><role>Editor</role><xref ref-type="aff" rid="edit1"/></contrib></contrib-group><aff id="edit1">Columbia University, United States of America</aff><author-notes><corresp id="cor1">* To whom correspondence should be addressed. E-mail: <email>kortemme@cgl.ucsf.edu</email></corresp></author-notes><pub-date pub-type="ppub"><month>8</month><year>2007</year></pub-date><pub-date pub-type="epub"><day>24</day><month>8</month><year>2007</year></pub-date><pub-date pub-type="epreprint"><day>5</day><month>7</month><year>2007</year></pub-date><volume>3</volume><issue>8</issue><elocation-id>e164</elocation-id><history><date date-type="received"><day>12</day><month>3</month><year>2007</year></date><date date-type="accepted"><day>5</day><month>7</month><year>2007</year></date></history><permissions><copyright-statement> © 2007 Humphris and Kortemme.</copyright-statement><copyright-year>2007</copyright-year><license xlink:href="http://creativecommons.org/licenses/by/4.0/"><license-p>This is an open-access article distributed under the terms of the Creative Commons Attribution License, which permits unrestricted use, distribution, and reproduction in any medium, provided the original author and source are properly credited.</license-p></license></permissions><!--<related-article preprintResearch Article10.1371/journal.pcbi.0030164.eorRA1doisimple>Design of Multi-Specificity in Protein Interfaces</related-article>--><abstract><p>Interactions in protein networks may place constraints on protein interface sequences to maintain correct and avoid unwanted interactions. Here we describe a “multi-constraint” protein design protocol to predict sequences optimized for multiple criteria, such as maintaining sets of interactions, and apply it to characterize the mechanism and extent to which 20 multi-specific proteins are constrained by binding to multiple partners. We find that multi-specific binding is accommodated by at least two distinct patterns. In the simplest case, all partners share key interactions, and sequences optimized for binding to either single or multiple partners recover only a subset of native amino acid residues as optimal. More interestingly, for signaling interfaces functioning as network “hubs,” we identify a different, “multi-faceted” mode, where each binding partner prefers its own subset of wild-type residues within the promiscuous binding site. Here, integration of preferences across all partners results in sequences much more “native-like” than seen in optimization for any single binding partner alone, suggesting these interfaces are substantially optimized for multi-specificity. The two strategies make distinct predictions for interface evolution and design. Shared interfaces may be better small molecule targets, whereas multi-faceted interactions may be more “designable” for altered specificity patterns. The computational methodology presented here is generalizable for examining how naturally occurring protein sequences have been selected to satisfy a variety of positive and negative constraints, as well as for rationally designing proteins to have desired patterns of altered specificity.</p></abstract><abstract abstract-type="summary"><title>Author Summary</title><sec id="st1"><title/><p>Computational methods have recently led to remarkable successes in the design of molecules with novel functions. These approaches offer great promise for creating highly selective molecules to accurately control biological processes. However, to reach these goals modeling procedures are needed that are able to define the optimal “fitness” of a protein to function correctly within complex biological networks and in the context of many possible interaction partners. To make progress toward these goals, we describe a computational design procedure that predicts protein sequences optimized to bind not only to a single protein but also to a set of target interaction partners. Application of the method to characterize “hub” proteins in cellular interaction networks gives insights into the mechanisms nature has used to tune protein surfaces to recognize multiple correct partner proteins. Our study also provides a starting point to engineer designer molecules that could modulate or replace naturally occurring protein interaction networks to combat misregulation in disease or to build new sets of protein interactions for synthetic biology.</p></sec></abstract><counts><page-count count="14"/></counts><custom-meta-group><custom-meta><meta-name>citation</meta-name><meta-value>Humphris EL, Kortemme T (2007) Design of multi-specificity in protein interfaces. PLoS Comput Biol 3(8): e164. doi:<ext-link ext-link-type="doi" xlink:href="10.1371/journal.pcbi.0030164">10.1371/journal.pcbi.0030164</ext-link></meta-value></custom-meta></custom-meta-group></article-meta></front></article>