<article xmlns="https://jats.nlm.nih.gov/ns/archiving/1.2/" xmlns:xsi="http://www.w3.org/2001/XMLSchema-instance" xmlns:ali="http://www.niso.org/schemas/ali/1.0/" xmlns:mml="http://www.w3.org/1998/Math/MathML" xmlns:xlink="http://www.w3.org/1999/xlink" xsi:schemaLocation="https://jats.nlm.nih.gov/ns/archiving/1.2/ https://jats.nlm.nih.gov/archiving/1.2/xsd/JATS-archivearticle1.xsd" article-type="research-article"><front><journal-meta><journal-id journal-id-type="nlm-ta">PLoS Comput Biol</journal-id><journal-id journal-id-type="iso-abbrev">PLoS Comput. Biol</journal-id><journal-id journal-id-type="publisher-id">pcbi</journal-id><journal-id journal-id-type="publisher-id">plcb</journal-id><journal-id journal-id-type="pmc">ploscomp</journal-id><journal-title-group><journal-title>PLoS Computational Biology</journal-title></journal-title-group><issn pub-type="ppub">1553-734X</issn><issn pub-type="epub">1553-7358</issn><publisher><publisher-name>Public Library of Science</publisher-name><publisher-loc>San Francisco, USA</publisher-loc></publisher></journal-meta><article-meta><article-id pub-id-type="accession">PMC1636676</article-id><article-id pub-id-type="pmcid">PMC1636676</article-id><article-id pub-id-type="pmc-uid">1636676</article-id><article-id pub-id-type="pmid">17112311</article-id><article-id pub-id-type="pmid">17112311</article-id><article-id pub-id-type="doi">10.1371/journal.pcbi.0020147</article-id><article-id pub-id-type="publisher-id">06-PLCB-RA-0128R3</article-id><article-id pub-id-type="sici">plcb-02-11-12</article-id><article-categories><subj-group subj-group-type="heading"><subject>Research Article</subject></subj-group><subj-group subj-group-type="Discipline"><subject>Bioinformatics - Computational Biology</subject><subject>Cell Biology</subject><subject>Neuroscience</subject><subject>Statistics</subject><subject>Systems Biology</subject></subj-group><subj-group subj-group-type="System Taxonomy"><subject>Yeast</subject><subject>Budding Yeast</subject></subj-group></article-categories><title-group><article-title>Funneled Landscape Leads to Robustness of Cell Networks: Yeast Cell Cycle</article-title><alt-title alt-title-type="running-head">Funneled Landscape of Yeast Cell Cycle</alt-title></title-group><contrib-group><contrib contrib-type="author"><name><surname>Wang</surname><given-names>Jin</given-names></name><xref ref-type="aff" rid="aff1">1</xref><xref ref-type="aff" rid="aff2">2</xref><xref ref-type="corresp" rid="cor1">*</xref></contrib><contrib contrib-type="author"><name><surname>Huang</surname><given-names>Bo</given-names></name><xref ref-type="aff" rid="aff3">3</xref></contrib><contrib contrib-type="author"><name><surname>Xia</surname><given-names>Xuefeng</given-names></name><xref ref-type="aff" rid="aff3">3</xref></contrib><contrib contrib-type="author"><name><surname>Sun</surname><given-names>Zhirong</given-names></name><xref ref-type="aff" rid="aff3">3</xref><xref ref-type="corresp" rid="cor1">*</xref></contrib></contrib-group><aff id="aff1"><label>1</label>Department of Chemistry and Department of Physics, State University of New York at Stony Brook, Stony Brook, New York, United States of America
</aff><aff id="aff2"><label>2</label>State Key Laboratory of Electroanalytical Chemistry, Changchun Institute of Applied Chemistry, Chinese Academy of Sciences, Changchun, People's Republic of China
</aff><aff id="aff3"><label>3</label>Department of Biological Science and Biotechnology, Ministry of Education Key Laboratory of Bioinformatics, Tsinghua University, Beijing, China, People's Republic of China
</aff><contrib-group><contrib contrib-type="editor"><name><surname>Friston</surname><given-names>Karl</given-names></name><role>Editor</role><xref ref-type="aff" rid="edit1"/></contrib></contrib-group><aff id="edit1">University College London, United Kingdom</aff><author-notes><corresp id="cor1">* To whom correspondence should be addressed. E-mail: <email>jin.wang.1@stonybrook.edu</email> (JW); <email>sunzhr@mail.tsinghua.edu.cn</email> (ZS)</corresp></author-notes><pub-date pub-type="ppub"><month>11</month><year>2006</year></pub-date><pub-date pub-type="epub"><day>17</day><month>11</month><year>2006</year></pub-date><pub-date pub-type="epreprint"><day>25</day><month>9</month><year>2006</year></pub-date><volume>2</volume><issue>11</issue><elocation-id>e147</elocation-id><history><date date-type="received"><day>7</day><month>4</month><year>2006</year></date><date date-type="accepted"><day>25</day><month>9</month><year>2006</year></date></history><permissions><copyright-statement> © 2006 Wang et al.</copyright-statement><copyright-year>2006</copyright-year><license xlink:href="http://creativecommons.org/licenses/by/4.0/"><license-p>This is an open-access article distributed under the terms of the Creative Commons Attribution License, which permits unrestricted use, distribution, and reproduction in any medium, provided the original author and source are properly credited.</license-p></license></permissions><!--<related-article preprintResearch Article10.1371/journal.pcbi.0020147.eorsimple>Funneled Landscape Leads to Robustness of Cell Networks: Yeast Cell Cycle</related-article>--><abstract><p>We uncovered the underlying energy landscape for a cellular network. We discovered that the energy landscape of the yeast cell-cycle network is funneled towards the global minimum (G0/G1 phase) from the experimentally measured or inferred inherent chemical reaction rates. The funneled landscape is quite robust against random perturbations. This naturally explains robustness from a physical point of view. The ratio of slope versus roughness of the landscape becomes a quantitative measure of robustness of the network. The funneled landscape can be seen as a possible realization of the Darwinian principle of natural selection at the cellular network level. It provides an optimal criterion for network connections and design. Our approach is general and can be applied to other cellular networks.</p></abstract><abstract abstract-type="synopsis"><title>Synopsis</title><p>Cellular networks are in general quite robust and perform their biological functions against environmental perturbations. There are so far very few studies of why networks should be robust and perform biological functions from the physical point of view. In this work, Wang, Huang, Xia, and Sun studied the global properties of the network from physical perspectives. The aim of this paper is to provide a conceptual framework and a tool to study the global nature of the cellular network. The main conclusion is that by uncovering the underlying potential landscape of the budding yeast cell cycle the authors show that it is funneled and robust against the perturbation from kinetic rates and environmental disturbances through noise. This provides the physical explanation of the robustness and stability of the network for performing biological functions. They believe the energy landscape is useful in exploring global properties of protein–protein interaction networks. They also believe the funneled landscape may provide a possible quantitative realization of the Darwinian principle of natural selection at the cellular network level. Finally, Wang et al. derived a quantitative criterion for robustness of the network function. This criterion may provide a novel algorithm for optimizing the network connections to improve the design of synthetic networks.</p></abstract><counts><page-count count="10"/></counts><custom-meta-group><custom-meta><meta-name>citation</meta-name><meta-value>Wang J, Huang B, Xia X, Sun Z (2006) Funneled landscape leads to robustness of cell networks: Yeast cell cycle. PLoS Comput Biol 2(11): e147. doi:10.1371/journal.pcbi.0020147</meta-value></custom-meta></custom-meta-group></article-meta></front></article>