<article xmlns="https://jats.nlm.nih.gov/ns/archiving/1.2/" xmlns:xsi="http://www.w3.org/2001/XMLSchema-instance" xmlns:ali="http://www.niso.org/schemas/ali/1.0/" xmlns:mml="http://www.w3.org/1998/Math/MathML" xmlns:xlink="http://www.w3.org/1999/xlink" xsi:schemaLocation="https://jats.nlm.nih.gov/ns/archiving/1.2/ https://jats.nlm.nih.gov/archiving/1.2/xsd/JATS-archivearticle1.xsd" article-type="correction"><front><journal-meta><journal-id journal-id-type="nlm-ta">PLoS Comput Biol</journal-id><journal-id journal-id-type="iso-abbrev">PLoS Comput. Biol</journal-id><journal-id journal-id-type="publisher-id">pcbi</journal-id><journal-id journal-id-type="publisher-id">plcb</journal-id><journal-id journal-id-type="pmc">ploscomp</journal-id><journal-title-group><journal-title>PLoS Computational Biology</journal-title></journal-title-group><issn pub-type="ppub">1553-734X</issn><issn pub-type="epub">1553-7358</issn><publisher><publisher-name>Public Library of Science</publisher-name><publisher-loc>San Francisco, USA</publisher-loc></publisher></journal-meta><article-meta><article-id pub-id-type="accession">PMC1764056</article-id><article-id pub-id-type="pmcid">PMC1764056</article-id><article-id pub-id-type="pmc-uid">1764056</article-id><article-id pub-id-type="doi">10.1371/journal.pcbi.0020181</article-id><article-id pub-id-type="publisher-id">06-PLCB-CN-0500</article-id><article-id pub-id-type="sici">plcb-02-10-13</article-id><article-categories><subj-group subj-group-type="heading"><subject>Correction</subject></subj-group><subj-group subj-group-type="Discipline"><subject>Computational Biology</subject></subj-group></article-categories><title-group><article-title>Correction: Ten Simple Rules for Selecting a Postdoctoral Position</article-title><alt-title alt-title-type="running-head">Correction</alt-title></title-group><contrib-group><contrib contrib-type="author"><name><surname>Bourne</surname><given-names>Philip E</given-names></name></contrib><contrib contrib-type="author"><name><surname>Friedberg</surname><given-names>Iddo</given-names></name></contrib></contrib-group><pub-date pub-type="ppub"><month>12</month><year>2006</year></pub-date><pub-date pub-type="epub"><day>29</day><month>12</month><year>2006</year></pub-date><volume>2</volume><issue>12</issue><elocation-id>e181</elocation-id><permissions><copyright-statement>Copyright: © 2006 Public Library of Science.</copyright-statement><copyright-year>2006</copyright-year><license xlink:href="http://creativecommons.org/licenses/by/4.0/"><license-p>This is an open-access article distributed under the terms of the Creative Commons Attribution License, which permits unrestricted use, distribution, and reproduction in any medium, provided the original author and source are properly credited.</license-p></license></permissions><related-article id="d35e81" related-article-type="corrected-article" ext-link-type="doi" xlink:href="10.1371/journal.pcbi.0020121" xlink:title="Research Article" vol="2" page="e121"><article-title>Ten Simple Rules for Selecting a Postdoctoral Position</article-title></related-article><counts><page-count count="1"/></counts></article-meta></front></article>