<article xmlns="https://jats.nlm.nih.gov/ns/archiving/1.2/" xmlns:xsi="http://www.w3.org/2001/XMLSchema-instance" xmlns:ali="http://www.niso.org/schemas/ali/1.0/" xmlns:mml="http://www.w3.org/1998/Math/MathML" xmlns:xlink="http://www.w3.org/1999/xlink" xsi:schemaLocation="https://jats.nlm.nih.gov/ns/archiving/1.2/ https://jats.nlm.nih.gov/archiving/1.2/xsd/JATS-archivearticle1.xsd" article-type="research-article"><front><journal-meta><journal-id journal-id-type="nlm-ta">PLoS Comput Biol</journal-id><journal-id journal-id-type="iso-abbrev">PLoS Comput. Biol</journal-id><journal-id journal-id-type="publisher-id">pcbi</journal-id><journal-id journal-id-type="publisher-id">plcb</journal-id><journal-id journal-id-type="pmc">ploscomp</journal-id><journal-title-group><journal-title>PLoS Computational Biology</journal-title></journal-title-group><issn pub-type="ppub">1553-734X</issn><issn pub-type="epub">1553-7358</issn><publisher><publisher-name>Public Library of Science</publisher-name><publisher-loc>San Francisco, USA</publisher-loc></publisher></journal-meta><article-meta><article-id pub-id-type="accession">PMC1326222</article-id><article-id pub-id-type="pmcid">PMC1326222</article-id><article-id pub-id-type="pmc-uid">1326222</article-id><article-id pub-id-type="pmid">16410828</article-id><article-id pub-id-type="pmid">16410828</article-id><article-id pub-id-type="doi">10.1371/journal.pcbi.0020005</article-id><article-id pub-id-type="publisher-id">05-PLCB-RA-0223R2</article-id><article-id pub-id-type="sici">plcb-02-01-01</article-id><article-categories><subj-group subj-group-type="heading"><subject>Research Article</subject></subj-group><subj-group subj-group-type="Discipline"><subject>Bioinformatics - Computational Biology</subject><subject>Evolution</subject><subject>Genetics/Genomics</subject><subject>Genetics/Gene Discovery</subject><subject>Genetics/Comparative Genomics</subject><subject>Genetics/Evolution</subject></subj-group><subj-group subj-group-type="System Taxonomy"><subject>Homo (Human)</subject><subject>Mammals</subject></subj-group></article-categories><title-group><article-title>Genome-Wide Identification of Human Functional DNA Using a Neutral Indel Model</article-title><alt-title alt-title-type="running-head">Using Indels to Identify Functional DNA</alt-title></title-group><contrib-group><contrib contrib-type="author"><name><surname>Lunter</surname><given-names>Gerton</given-names></name><xref ref-type="aff" rid="aff1">1</xref><xref ref-type="aff" rid="aff2">2</xref><xref ref-type="corresp" rid="cor1">*</xref></contrib><contrib contrib-type="author"><name><surname>Ponting</surname><given-names>Chris P</given-names></name><xref ref-type="aff" rid="aff1">1</xref></contrib><contrib contrib-type="author"><name><surname>Hein</surname><given-names>Jotun</given-names></name><xref ref-type="aff" rid="aff2">2</xref></contrib></contrib-group><aff id="aff1"><label>1</label> MRC Functional Genetics Unit, Department of Human Anatomy and Genetics, University of Oxford, Oxford, United Kingdom
</aff><aff id="aff2"><label>2</label> Department of Statistics, Bioinformatics Group, University of Oxford, Oxford, United Kingdom
</aff><contrib-group><contrib contrib-type="editor"><name><surname>Henikoff</surname><given-names>Steven</given-names></name><role>Editor</role><xref ref-type="aff" rid="edit1"/></contrib></contrib-group><aff id="edit1">Fred Hutchinson Cancer Research Center, United States of America</aff><author-notes><corresp id="cor1">* To whom correspondence should be addressed. E-mail: <email>lunter@stats.ox.ac.uk</email></corresp></author-notes><pub-date pub-type="ppub"><month>1</month><year>2006</year></pub-date><pub-date pub-type="epub"><day>13</day><month>1</month><year>2006</year></pub-date><pub-date pub-type="epreprint"><day>1</day><month>12</month><year>2005</year></pub-date><volume>2</volume><issue>1</issue><elocation-id>e5</elocation-id><history><date date-type="received"><day>2</day><month>9</month><year>2005</year></date><date date-type="accepted"><day>30</day><month>11</month><year>2005</year></date></history><permissions><copyright-statement> © 2006 Lunter et al.</copyright-statement><copyright-year>2006</copyright-year><license xlink:href="http://creativecommons.org/licenses/by/4.0/"><license-p>This is an open-access article distributed under the terms of the Creative Commons Attribution License, which permits unrestricted use, distribution, and reproduction in any medium, provided the original author and source are properly credited.</license-p></license></permissions><!--<related-article preprintresearch10.1371/journal.pcbi.0010080.eorsimple>Genome-Wide Identification of Human Functional DNA Using a Neutral Indel Model</related-article>--><abstract><p>It has become clear that a large proportion of functional DNA in the human genome does not code for protein. Identification of this non-coding functional sequence using comparative approaches is proving difficult and has previously been thought to require deep sequencing of multiple vertebrates. Here we introduce a new model and comparative method that, instead of nucleotide substitutions, uses the evolutionary imprint of insertions and deletions (indels) to infer the past consequences of selection. The model predicts the distribution of indels under neutrality, and shows an excellent fit to human–mouse ancestral repeat data. Across the genome, many unusually long ungapped regions are detected that are unaccounted for by the neutral model, and which we predict to be highly enriched in functional DNA that has been subject to purifying selection with respect to indels. We use the model to determine the proportion under indel-purifying selection to be between 2.56% and 3.25% of human euchromatin. Since annotated protein-coding genes comprise only 1.2% of euchromatin, these results lend further weight to the proposition that more than half the functional complement of the human genome is non-protein-coding. The method is surprisingly powerful at identifying selected sequence using only two or three mammalian genomes. Applying the method to the human, mouse, and dog genomes, we identify 90 Mb of human sequence under indel-purifying selection, at a predicted 10% false-discovery rate and 75% sensitivity. As expected, most of the identified sequence represents unannotated material, while the recovered proportions of known protein-coding and microRNA genes closely match the predicted sensitivity of the method. The method's high sensitivity to functional sequence such as microRNAs suggest that as yet unannotated microRNA genes are enriched among the sequences identified. Futhermore, its independence of substitutions allowed us to identify sequence that has been subject to heterogeneous selection, that is, sequence subject to both positive selection with respect to substitutions and purifying selection with respect to indels. The ability to identify elements under heterogeneous selection enables, for the first time, the genome-wide investigation of positive selection on functional elements other than protein-coding genes.</p></abstract><abstract abstract-type="synopsis"><title>Synopsis</title><p>Despite the major impact of sequencing the human genome on our understanding of biology, a fundamental problem remains. Many of the genome's functional elements, particularly those that do not encode protein, are proving difficult to distinguish from neutrally evolving DNA. Lunter et al. introduce a method that exploits the evolutionary imprint of sequence insertions and deletions (so-called indels) to pinpoint functional DNA regions that have been subject to purifying selection. This method hinges on a simple theoretical prediction for the distribution of indels across the human genome. Despite its simplicity, the model shows an excellent fit to human and mouse alignments. This tight fit has been exploited to show that virtually all ancient transposable elements are evolving neutrally, which has long been suspected but not quantified. Indeed, the model estimates the probability that, among all alignable human sequence, a region has been purged of deleterious indels since the human–mouse split. This leads to the prediction that between 2.56% and 3.25% of the human genome sequence is functional. Importantly, the method is independent of conventional nucleotide substitution approaches, and thus immediately presents an initial opportunity to investigate the impact of positive selection on non-coding functional elements.</p></abstract><counts><page-count count="11"/></counts><custom-meta-group><custom-meta><meta-name>Citation:</meta-name><meta-value>Lunter G, Ponting CP, Hein J (2006) Genome-wide identification of human functional DNA using a neutral indel model. PLoS Comput Biol 2(1): e5.</meta-value></custom-meta></custom-meta-group></article-meta></front></article>