<article xmlns="https://jats.nlm.nih.gov/ns/archiving/1.2/" xmlns:xsi="http://www.w3.org/2001/XMLSchema-instance" xmlns:ali="http://www.niso.org/schemas/ali/1.0/" xmlns:mml="http://www.w3.org/1998/Math/MathML" xmlns:xlink="http://www.w3.org/1999/xlink" xsi:schemaLocation="https://jats.nlm.nih.gov/ns/archiving/1.2/ https://jats.nlm.nih.gov/archiving/1.2/xsd/JATS-archivearticle1.xsd" article-type="research-article"><front><journal-meta><journal-id journal-id-type="nlm-ta">PLoS Comput Biol</journal-id><journal-id journal-id-type="iso-abbrev">PLoS Comput. Biol</journal-id><journal-id journal-id-type="publisher-id">pcbi</journal-id><journal-id journal-id-type="publisher-id">plcb</journal-id><journal-id journal-id-type="pmc">ploscomp</journal-id><journal-title-group><journal-title>PLoS Computational Biology</journal-title></journal-title-group><issn pub-type="ppub">1553-734X</issn><issn pub-type="epub">1553-7358</issn><publisher><publisher-name>Public Library of Science</publisher-name><publisher-loc>San Francisco, USA</publisher-loc></publisher></journal-meta><article-meta><article-id pub-id-type="accession">PMC1894821</article-id><article-id pub-id-type="pmcid">PMC1894821</article-id><article-id pub-id-type="pmc-uid">1894821</article-id><article-id pub-id-type="pmid">17590078</article-id><article-id pub-id-type="pmid">17590078</article-id><article-id pub-id-type="doi">10.1371/journal.pcbi.0030122</article-id><article-id pub-id-type="publisher-id">07-PLCB-RA-0114R2</article-id><article-id pub-id-type="sici">plcb-03-06-14</article-id><article-categories><subj-group subj-group-type="heading"><subject>Research Article</subject></subj-group><subj-group subj-group-type="Discipline"><subject>Computational Biology</subject><subject>Computer Science</subject><subject>Genetics and Genomics</subject><subject>Genetics and Genomics</subject><subject>Genetics and Genomics</subject><subject>Genetics and Genomics</subject><subject>Genetics and Genomics</subject><subject>Genetics and Genomics</subject><subject>Mathematics</subject></subj-group><subj-group subj-group-type="System Taxonomy"><subject>Homo (Human)</subject><subject>Eukaryotes</subject></subj-group></article-categories><title-group><article-title>Flexible and Accurate Detection of Genomic Copy-Number Changes from aCGH</article-title><alt-title alt-title-type="running-head">Analysis of aCGH Data</alt-title></title-group><contrib-group><contrib contrib-type="author"><name><surname>Rueda</surname><given-names>Oscar M</given-names></name><xref ref-type="corresp" rid="cor1">*</xref><xref ref-type="aff" rid="aff1"/></contrib><contrib contrib-type="author"><name><surname>Díaz-Uriarte</surname><given-names>Ramón</given-names></name><xref ref-type="corresp" rid="cor1">*</xref><xref ref-type="aff" rid="aff1"/></contrib></contrib-group><aff id="aff1">Structural and Computational Biology Programme, Spanish National Cancer Centre (CNIO), Madrid, Spain</aff><contrib-group><contrib contrib-type="editor"><name><surname>Tucker-Kellogg</surname><given-names>Greg</given-names></name><role>Editor</role><xref ref-type="aff" rid="edit1"/></contrib></contrib-group><aff id="edit1">Lilly Singapore Centre for Drug Discovery, Singapore</aff><author-notes><corresp id="cor1">* To whom correspondence should be addressed. E-mail: <email>omrueda@cnio.es</email> (OMR), <email>rdiaz02@gmail.com</email> (RDU)</corresp></author-notes><pub-date pub-type="ppub"><month>6</month><year>2007</year></pub-date><pub-date pub-type="epub"><day>22</day><month>6</month><year>2007</year></pub-date><pub-date pub-type="epreprint"><day>16</day><month>5</month><year>2007</year></pub-date><volume>3</volume><issue>6</issue><elocation-id>e122</elocation-id><history><date date-type="received"><day>6</day><month>3</month><year>2007</year></date><date date-type="accepted"><day>16</day><month>5</month><year>2007</year></date></history><permissions><copyright-statement> © 2007 Rueda and Díaz-Uriarte.</copyright-statement><copyright-year>2007</copyright-year><license xlink:href="http://creativecommons.org/licenses/by/4.0/"><license-p>This is an open-access article distributed under the terms of the Creative Commons Attribution License, which permits unrestricted use, distribution, and reproduction in any medium, provided the original author and source are properly credited.</license-p></license></permissions><abstract><p>Genomic DNA copy-number alterations (CNAs) are associated with complex diseases, including cancer: CNAs are indeed related to tumoral grade, metastasis, and patient survival. CNAs discovered from array-based comparative genomic hybridization (aCGH) data have been instrumental in identifying disease-related genes and potential therapeutic targets. To be immediately useful in both clinical and basic research scenarios, aCGH data analysis requires accurate methods that do not impose unrealistic biological assumptions and that provide direct answers to the key question, “What is the probability that this gene/region has CNAs?” Current approaches fail, however, to meet these requirements. Here, we introduce reversible jump aCGH (RJaCGH), a new method for identifying CNAs from aCGH; we use a nonhomogeneous hidden Markov model fitted via reversible jump Markov chain Monte Carlo; and we incorporate model uncertainty through Bayesian model averaging. RJaCGH provides an estimate of the probability that a gene/region has CNAs while incorporating interprobe distance and the capability to analyze data on a chromosome or genome-wide basis. RJaCGH outperforms alternative methods, and the performance difference is even larger with noisy data and highly variable interprobe distance, both commonly found features in aCGH data. Furthermore, our probabilistic method allows us to identify minimal common regions of CNAs among samples and can be extended to incorporate expression data. In summary, we provide a rigorous statistical framework for locating genes and chromosomal regions with CNAs with potential applications to cancer and other complex human diseases.</p></abstract><abstract abstract-type="summary"><title>Author Summary</title><sec id="st1"><title/><p>As a consequence of problems during cell division, the number of copies of a gene in a chromosome can either increase or decrease. These copy-number alterations (CNAs) can play a crucial role in the emergence of complex multigenic diseases. For example, in cancer, amplification of oncogenes can drive tumor activation, and CNAs are associated with metastasis development and patient survival. Studies on the relationship between CNAs and disease have been recently fueled by the widespread use of array-based comparative genomic hybridization (aCGH), a technique with much finer resolution than previous experimental approaches. Detection of CNAs from these data depends on methods of analysis that do not impose biologically unrealistic assumptions and that provide direct answers to fundamental research questions. We have developed a statistical method, using a Bayesian approach, that returns estimates of the probabilities of CNAs from aCGH data, the most direct and valuable answer to the key biological question: “What is the probability that this gene/region has an altered copy number?” The output of the method can therefore be immediately used in different settings from clinical to basic research scenarios, and is applicable over a wide variety of aCGH technologies.</p></sec></abstract><counts><page-count count="8"/></counts><custom-meta-group><custom-meta><meta-name>citation</meta-name><meta-value>Rueda OM, Díaz-Uriarte R (2007) Flexible and accurate detection of genomic copy-number changes from aCGH. PLoS Comput Biol 3(6): e122. doi:<ext-link ext-link-type="doi" xlink:href="10.1371/journal.pcbi.0030122">10.1371/journal.pcbi.0030122</ext-link></meta-value></custom-meta></custom-meta-group></article-meta></front></article>