<article xmlns="https://jats.nlm.nih.gov/ns/archiving/1.2/" xmlns:xsi="http://www.w3.org/2001/XMLSchema-instance" xmlns:ali="http://www.niso.org/schemas/ali/1.0/" xmlns:mml="http://www.w3.org/1998/Math/MathML" xmlns:xlink="http://www.w3.org/1999/xlink" xsi:schemaLocation="https://jats.nlm.nih.gov/ns/archiving/1.2/ https://jats.nlm.nih.gov/archiving/1.2/xsd/JATS-archivearticle1.xsd" article-type="research-article"><front><journal-meta><journal-id journal-id-type="nlm-ta">PLoS Comput Biol</journal-id><journal-id journal-id-type="iso-abbrev">PLoS Comput. Biol</journal-id><journal-id journal-id-type="publisher-id">pcbi</journal-id><journal-id journal-id-type="publisher-id">plcb</journal-id><journal-id journal-id-type="pmc">ploscomp</journal-id><journal-title-group><journal-title>PLoS Computational Biology</journal-title></journal-title-group><issn pub-type="ppub">1553-734X</issn><issn pub-type="epub">1553-7358</issn><publisher><publisher-name>Public Library of Science</publisher-name><publisher-loc>San Francisco, USA</publisher-loc></publisher></journal-meta><article-meta><article-id pub-id-type="accession">PMC1698942</article-id><article-id pub-id-type="pmcid">PMC1698942</article-id><article-id pub-id-type="pmc-uid">1698942</article-id><article-id pub-id-type="pmid">17173479</article-id><article-id pub-id-type="pmid">17173479</article-id><article-id pub-id-type="doi">10.1371/journal.pcbi.0020170</article-id><article-id pub-id-type="publisher-id">06-PLCB-RA-0248R2</article-id><article-id pub-id-type="sici">plcb-02-12-09</article-id><article-categories><subj-group subj-group-type="heading"><subject>Research Article</subject></subj-group><subj-group subj-group-type="Discipline"><subject>Computational Biology</subject></subj-group><subj-group subj-group-type="System Taxonomy"><subject>None</subject></subj-group></article-categories><title-group><article-title>Insight into the Structure of Amyloid Fibrils from the Analysis of Globular Proteins</article-title><alt-title alt-title-type="running-head">Parallel In-Register Arrangement in Amyloids</alt-title></title-group><contrib-group><contrib contrib-type="author"><name><surname>Trovato</surname><given-names>Antonio</given-names></name><xref ref-type="aff" rid="aff1">1</xref><xref ref-type="aff" rid="aff2">2</xref><xref ref-type="corresp" rid="cor1">*</xref></contrib><contrib contrib-type="author"><name><surname>Chiti</surname><given-names>Fabrizio</given-names></name><xref ref-type="aff" rid="aff3">3</xref></contrib><contrib contrib-type="author"><name><surname>Maritan</surname><given-names>Amos</given-names></name><xref ref-type="aff" rid="aff1">1</xref><xref ref-type="aff" rid="aff2">2</xref><xref ref-type="aff" rid="aff4">4</xref></contrib><contrib contrib-type="author"><name><surname>Seno</surname><given-names>Flavio</given-names></name><xref ref-type="aff" rid="aff1">1</xref><xref ref-type="aff" rid="aff2">2</xref><xref ref-type="aff" rid="aff4">4</xref></contrib></contrib-group><aff id="aff1"><label>1</label>Consorzio Nazionale Interuniversitario per le Scienze Fisiche della Materia, Unità di Padova, Padua, Italy
</aff><aff id="aff2"><label>2</label>Dipartimento di Fisica “G. Galilei,” Università di Padova, Padua, Italy
</aff><aff id="aff3"><label>3</label>Dipartimento di Scienze Biochimiche, Università di Firenze, Florence, Italy
</aff><aff id="aff4"><label>4</label>Istituto Nazionale di Fisica Nucleare, Sezione di Padova, Padua, Italy
</aff><contrib-group><contrib contrib-type="editor"><name><surname>Shakhnovich</surname><given-names>Eugene</given-names></name><role>Editor</role><xref ref-type="aff" rid="edit1"/></contrib></contrib-group><aff id="edit1">Harvard University, United States of America</aff><author-notes><corresp id="cor1">* To whom correspondence should be addressed. E-mail: <email>trovato@pd.infn.it</email></corresp></author-notes><pub-date pub-type="ppub"><month>12</month><year>2006</year></pub-date><pub-date pub-type="epub"><day>15</day><month>12</month><year>2006</year></pub-date><pub-date pub-type="epreprint"><day>30</day><month>10</month><year>2006</year></pub-date><volume>2</volume><issue>12</issue><elocation-id>e170</elocation-id><history><date date-type="received"><day>27</day><month>6</month><year>2006</year></date><date date-type="accepted"><day>30</day><month>10</month><year>2006</year></date></history><permissions><copyright-statement> © 2006 Trovato et al.</copyright-statement><copyright-year>2006</copyright-year><license xlink:href="http://creativecommons.org/licenses/by/4.0/"><license-p>This is an open-access article distributed under the terms of the Creative Commons Attribution License, which permits unrestricted use, distribution, and reproduction in any medium, provided the original author and source are properly credited.</license-p></license></permissions><!--<related-article preprintResearch Article10.1371/journal.pcbi.0020170.eorsimple>Insight into the Structure of Amyloid Fibrils from the Analysis of Globular Proteins</related-article>--><abstract><p>The conversion from soluble states into cross-β fibrillar aggregates is a property shared by many different proteins and peptides and was hence conjectured to be a generic feature of polypeptide chains. Increasing evidence is now accumulating that such fibrillar assemblies are generally characterized by a parallel in-register alignment of β-strands contributed by distinct protein molecules. Here we assume a universal mechanism is responsible for β-structure formation and deduce sequence-specific interaction energies between pairs of protein fragments from a statistical analysis of the native folds of globular proteins. The derived fragment–fragment interaction was implemented within a novel algorithm, prediction of amyloid structure aggregation (PASTA), to investigate the role of sequence heterogeneity in driving specific aggregation into ordered self-propagating cross-β structures. The algorithm predicts that the parallel in-register arrangement of sequence portions that participate in the fibril cross-β core is favoured in most cases. However, the antiparallel arrangement is correctly discriminated when present in fibrils formed by short peptides. The predictions of the most aggregation-prone portions of initially unfolded polypeptide chains are also in excellent agreement with available experimental observations. These results corroborate the recent hypothesis that the amyloid structure is stabilised by the same physicochemical determinants as those operating in folded proteins. They also suggest that side chain–side chain interaction across neighbouring β-strands is a key determinant of amyloid fibril formation and of their self-propagating ability.</p></abstract><abstract abstract-type="synopsis"><title>Synopsis</title><p>In many fatal neurodegenerative diseases, including Alzheimer, Parkinson, and spongiform encephalopathies, proteins aggregate into specific fibrous structures to form insoluble plaques known as amyloid. The amyloid structure may also play a nonaberrant role in different organisms. Many globular proteins, folding to their biologically functional native structures in vivo, can be induced to aggregate into amyloid-like fibrils under suitable conditions in vitro. One hallmark of amyloid structure is a specific supramolecular architecture called cross-beta structure, held together by hydrogen bonds extending repeatedly along the fibril axis, but intermolecular interactions are yet unknown at the amino-acid level except for very few cases. In this study, the authors present an algorithm, called prediction of amyloid structure aggregation (PASTA), to computationally predict which portions of a given protein or peptide sequence forming amyloid fibrils are stabilizing the corresponding cross-beta structure and the specific intermolecular pattern of hydrogen-bonded amino acids. PASTA is based on the assumption that the same amino acid–specific interactions stabilizing hydrogen bond patterns in native structures of globular proteins are also employed by nature in amyloid structure. The successful comparison of the authors' prediction with available experimental data supports the existence of a unique framework to describe protein folding and aggregation.</p></abstract><counts><page-count count="11"/></counts><custom-meta-group><custom-meta><meta-name>citation</meta-name><meta-value>Trovato A, Chiti F, Maritan A, Seno F (2006) Insight into the structure of amyloid fibrils from the analysis of globular proteins. PLoS Comput Biol 2(12): e170. doi:<ext-link ext-link-type="doi" xlink:href="10.1371/journal.pcbi.0020170">10.1371/journal.pcbi.0020170</ext-link></meta-value></custom-meta></custom-meta-group></article-meta></front></article>