<article xmlns="https://jats.nlm.nih.gov/ns/archiving/1.2/" xmlns:xsi="http://www.w3.org/2001/XMLSchema-instance" xmlns:ali="http://www.niso.org/schemas/ali/1.0/" xmlns:mml="http://www.w3.org/1998/Math/MathML" xmlns:xlink="http://www.w3.org/1999/xlink" xsi:schemaLocation="https://jats.nlm.nih.gov/ns/archiving/1.2/ https://jats.nlm.nih.gov/archiving/1.2/xsd/JATS-archivearticle1.xsd" article-type="research-article"><front><journal-meta><journal-id journal-id-type="nlm-ta">PLoS Comput Biol</journal-id><journal-id journal-id-type="iso-abbrev">PLoS Comput. Biol</journal-id><journal-id journal-id-type="publisher-id">pcbi</journal-id><journal-id journal-id-type="publisher-id">plcb</journal-id><journal-id journal-id-type="pmc">ploscomp</journal-id><journal-title-group><journal-title>PLoS Computational Biology</journal-title></journal-title-group><issn pub-type="ppub">1553-734X</issn><issn pub-type="epub">1553-7358</issn><publisher><publisher-name>Public Library of Science</publisher-name><publisher-loc>San Francisco, USA</publisher-loc></publisher></journal-meta><article-meta><article-id pub-id-type="accession">PMC1761656</article-id><article-id pub-id-type="pmcid">PMC1761656</article-id><article-id pub-id-type="pmc-uid">1761656</article-id><article-id pub-id-type="pmid">17196034</article-id><article-id pub-id-type="pmid">17196034</article-id><article-id pub-id-type="doi">10.1371/journal.pcbi.0020178</article-id><article-id pub-id-type="publisher-id">06-PLCB-RA-0413R1</article-id><article-id pub-id-type="sici">plcb-02-12-15</article-id><article-categories><subj-group subj-group-type="heading"><subject>Research Article</subject></subj-group><subj-group subj-group-type="Discipline"><subject>Computational Biology</subject><subject>Evolutionary Biology</subject></subj-group><subj-group subj-group-type="System Taxonomy"><subject>None</subject></subj-group></article-categories><title-group><article-title>Stern-Judging: A Simple, Successful Norm Which Promotes Cooperation under Indirect Reciprocity</article-title><alt-title alt-title-type="running-head">Stern-Judging: A Norm That Promotes Cooperation</alt-title></title-group><contrib-group><contrib contrib-type="author"><name><surname>Pacheco</surname><given-names>Jorge M</given-names></name><xref ref-type="aff" rid="aff1">1</xref></contrib><contrib contrib-type="author"><name><surname>Santos</surname><given-names>Francisco C</given-names></name><xref ref-type="aff" rid="aff2">2</xref></contrib><contrib contrib-type="author"><name><surname>Chalub</surname><given-names>Fabio A. C. C</given-names></name><xref ref-type="aff" rid="aff3">3</xref><xref ref-type="corresp" rid="cor1">*</xref></contrib></contrib-group><aff id="aff1"><label>1</label> Centro de Física Teórica e Computacional and Departamento de Física da Faculdade de Ciências, Lisbon, Portugal
</aff><aff id="aff2"><label>2</label> IRIDIA, CoDE, Université Libre de Bruxelles, Brussels, Belgium
</aff><aff id="aff3"><label>3</label> Departamento de Matemática da Universidade Nova de Lisboa and Centro de Matemática e Aplicações, Caparica, Portugal
</aff><contrib-group><contrib contrib-type="editor"><name><surname>Levin</surname><given-names>Simon A</given-names></name><role>Editor</role><xref ref-type="aff" rid="edit1"/></contrib></contrib-group><aff id="edit1">Princeton University, United States of America</aff><author-notes><corresp id="cor1">* To whom correspondence should be addressed. E-mail: <email>chalub@cii.fc.ul.pt</email></corresp></author-notes><pub-date pub-type="ppub"><month>12</month><year>2006</year></pub-date><pub-date pub-type="epub"><day>29</day><month>12</month><year>2006</year></pub-date><volume>2</volume><issue>12</issue><elocation-id>e178</elocation-id><history><date date-type="received"><day>26</day><month>9</month><year>2006</year></date><date date-type="accepted"><day>8</day><month>11</month><year>2006</year></date></history><permissions><copyright-statement> © 2006 Pacheco et al.</copyright-statement><copyright-year>2006</copyright-year><license xlink:href="http://creativecommons.org/licenses/by/4.0/"><license-p>This is an open-access article distributed under the terms of the Creative Commons Attribution License, which permits unrestricted use, distribution, and reproduction in any medium, provided the original author and source are properly credited.</license-p></license></permissions><abstract><p>We study the evolution of cooperation under indirect reciprocity, believed to constitute the biological basis of morality. We employ an evolutionary game theoretical model of multilevel selection, and show that natural selection and mutation lead to the emergence of a robust and simple social norm, which we call <italic>stern-judging.</italic> Under stern-judging, helping a good individual or refusing help to a bad individual leads to a good reputation, whereas refusing help to a good individual or helping a bad one leads to a bad reputation. Similarly for tit-for-tat and win-stay-lose-shift, the simplest ubiquitous strategies in direct reciprocity, the lack of ambiguity of stern-judging, where implacable punishment is compensated by prompt forgiving, supports the idea that simplicity is often associated with evolutionary success.</p></abstract><abstract abstract-type="synopsis"><title>Synopsis</title><p>Humans, unlike other animal species, form large social groups in which cooperation among non-kin is widespread. This contrasts with the general assumption that the strong and selfish individuals are the ones who benefit most from natural selection. Among the different mechanisms invoked to explain the evolution of cooperation, indirect reciprocity is associated with cooperation supported by reputation: I help you and someone else helps me. However, how did reputation evolve and which type of moral is encapsulated in those social norms that are evolutionary successful? Suggesting a simple scenario for the evolution of social norms, Pacheco, Santos, and Chalub propose a reputation-based multilevel selection model, where individual behaviour and moral systems co-evolve, governed by competition and natural selection. Evolution leads to the emergence of a simple and robust social norm, which the authors call <italic>stern-judging,</italic> where implacable punishment goes side-by-side with prompt forgiving. The low level of complexity of this norm, which is supported by empirical observations in e-trade, conveys the idea that simplicity is often associated with evolutionary success.</p></abstract><counts><page-count count="5"/></counts><custom-meta-group><custom-meta><meta-name>citation</meta-name><meta-value>Pacheco JM, Santos FC, Chalub FACC (2006) Stern-judging: A simple, successful norm which promotes cooperation under indirect reciprocity. PLoS Comput Biol 2(12): e178. doi:<ext-link ext-link-type="doi" xlink:href="10.1371/journal.pcbi.0020178">10.1371/journal.pcbi.0020178</ext-link></meta-value></custom-meta></custom-meta-group></article-meta></front></article>