<article xmlns="https://jats.nlm.nih.gov/ns/archiving/1.2/" xmlns:xsi="http://www.w3.org/2001/XMLSchema-instance" xmlns:ali="http://www.niso.org/schemas/ali/1.0/" xmlns:mml="http://www.w3.org/1998/Math/MathML" xmlns:xlink="http://www.w3.org/1999/xlink" xsi:schemaLocation="https://jats.nlm.nih.gov/ns/archiving/1.2/ https://jats.nlm.nih.gov/archiving/1.2/xsd/JATS-archivearticle1.xsd" article-type="research-article"><front><journal-meta><journal-id journal-id-type="nlm-ta">PLoS Comput Biol</journal-id><journal-id journal-id-type="iso-abbrev">PLoS Comput. Biol</journal-id><journal-id journal-id-type="publisher-id">pcbi</journal-id><journal-id journal-id-type="publisher-id">plcb</journal-id><journal-id journal-id-type="pmc">ploscomp</journal-id><journal-title-group><journal-title>PLoS Computational Biology</journal-title></journal-title-group><issn pub-type="ppub">1553-734X</issn><issn pub-type="epub">1553-7358</issn><publisher><publisher-name>Public Library of Science</publisher-name><publisher-loc>San Francisco, USA</publisher-loc></publisher></journal-meta><article-meta><article-id pub-id-type="accession">PMC1796662</article-id><article-id pub-id-type="pmcid">PMC1796662</article-id><article-id pub-id-type="pmc-uid">1796662</article-id><article-id pub-id-type="pmid">17291159</article-id><article-id pub-id-type="pmid">17291159</article-id><article-id pub-id-type="doi">10.1371/journal.pcbi.0030021</article-id><article-id pub-id-type="publisher-id">06-PLCB-RA-0242R3</article-id><article-id pub-id-type="sici">plcb-03-02-06</article-id><article-categories><subj-group subj-group-type="heading"><subject>Research Article</subject></subj-group><subj-group subj-group-type="Discipline"><subject>Computational Biology</subject><subject>Molecular Biology</subject></subj-group><subj-group subj-group-type="System Taxonomy"><subject>None</subject><subject>In Vitro</subject></subj-group></article-categories><title-group><article-title>Mechanochemical Coupling in the Myosin Motor Domain. I. Insights from Equilibrium Active-Site Simulations</article-title><alt-title alt-title-type="running-head">Mechanochemical Coupling in Myosin</alt-title></title-group><contrib-group><contrib contrib-type="author"><name><surname>Yu</surname><given-names>Haibo</given-names></name><xref ref-type="aff" rid="aff1">1</xref><xref ref-type="aff" rid="aff2">2</xref></contrib><contrib contrib-type="author"><name><surname>Ma</surname><given-names>Liang</given-names></name><xref ref-type="aff" rid="aff1">1</xref><xref ref-type="aff" rid="aff2">2</xref></contrib><contrib contrib-type="author"><name><surname>Yang</surname><given-names>Yang</given-names></name><xref ref-type="aff" rid="aff1">1</xref><xref ref-type="aff" rid="aff2">2</xref></contrib><contrib contrib-type="author"><name><surname>Cui</surname><given-names>Qiang</given-names></name><xref ref-type="aff" rid="aff1">1</xref><xref ref-type="aff" rid="aff2">2</xref><xref ref-type="corresp" rid="cor1">*</xref></contrib></contrib-group><aff id="aff1"><label>1</label> Department of Chemistry, University of Wisconsin, Madison, Wisconsin, United States of America
</aff><aff id="aff2"><label>2</label> Theoretical Chemistry Institute, University of Wisconsin, Madison, Wisconsin, United States of America
</aff><contrib-group><contrib contrib-type="editor"><name><surname>Tama</surname><given-names>Florence</given-names></name><role>Editor</role><xref ref-type="aff" rid="edit1"/></contrib></contrib-group><aff id="edit1">University of Arizona, United States of America</aff><author-notes><corresp id="cor1">* To whom correspondence should be addressed. E-mail: <email>cui@chem.wisc.edu</email></corresp></author-notes><pub-date pub-type="ppub"><month>2</month><year>2007</year></pub-date><pub-date pub-type="epub"><day>9</day><month>2</month><year>2007</year></pub-date><pub-date pub-type="epreprint"><day>21</day><month>12</month><year>2006</year></pub-date><volume>3</volume><issue>2</issue><elocation-id>e21</elocation-id><history><date date-type="received"><day>23</day><month>6</month><year>2006</year></date><date date-type="accepted"><day>21</day><month>12</month><year>2006</year></date></history><permissions><copyright-statement> © 2007 Yu et al.</copyright-statement><copyright-year>2007</copyright-year><license xlink:href="http://creativecommons.org/licenses/by/4.0/"><license-p>This is an open-access article distributed under the terms of the Creative Commons Attribution License, which permits unrestricted use, distribution, and reproduction in any medium, provided the original author and source are properly credited.</license-p></license></permissions><!--<related-article preprintResearch Article10.1371/journal.pcbi.0030021.eorsimple>Mechanochemical coupling in the myosin motor domain. I. Insights from equilibrium active-site simulations</related-article>--><related-article id="d35e168" related-article-type="companion" ext-link-type="doi" xlink:href="10.1371/journal.pcbi.0030023" xlink:title="Research Article" vol="3" page="e23"><article-title>Mechanochemical Coupling in the Myosin Motor Domain. II. Analysis of Critical Residues</article-title></related-article><abstract><p>Although the major structural transitions in molecular motors are often argued to couple to the binding of Adenosine triphosphate (ATP), the recovery stroke in the conventional myosin has been shown to be dependent on the hydrolysis of ATP. To obtain a clearer mechanistic picture for such “mechanochemical coupling” in myosin, equilibrium active-site simulations with explicit solvent have been carried out to probe the behavior of the motor domain as functions of the nucleotide chemical state and conformation of the converter/relay helix. In conjunction with previous studies of ATP hydrolysis with different active-site conformations and normal mode analysis of structural flexibility, the results help establish an energetics-based framework for understanding the mechanochemical coupling. It is proposed that the activation of hydrolysis does not require the rotation of the lever arm per se, but the two processes are tightly coordinated because both strongly couple to the open/close transition of the active site. The underlying picture involves shifts in the dominant population of different structural motifs as a consequence of changes elsewhere in the motor domain. The contribution of this work and the accompanying paper [<xref rid="pcbi-0030021-b036" ref-type="bibr">36</xref>] is to propose the actual mechanism behind these “population shifts” and residues that play important roles in the process. It is suggested that structural flexibilities at both the small and large scales inherent to the motor domain make it possible to implement tight couplings between different structural motifs while maintaining small free-energy drops for processes that occur in the detached states, which is likely a feature shared among many molecular motors. The significantly different flexibility of the active site in different X-ray structures with variable level arm orientations supports the notation that external force sensed by the lever arm may transmit into the active site and influence the chemical steps (nucleotide hydrolysis and/or binding).</p></abstract><abstract abstract-type="summary"><title>Author Summary</title><sec id="st1"><title/><p>The hydrolysis of Adenosine triphosphate (ATP) provides the energy for most life processes, including the motility of molecular motors. How the chemical energy of hydrolysis is converted into mechanical work in these fascinating “nanomachines” is a central question that has only been answered in an outline form for almost all molecular motors. The fundamental challenge is that the working cycle of molecular motors involves processes of different physicochemical natures and scales, including ATP chemistry and protein structural transitions of diverse magnitudes (from a few Angstroms to a few nanometers), which makes mechanistic analysis using experiments alone difficult. Combined with previous computational studies from this lab, molecular dynamics simulations help identify energetic and structural properties of myosin, a prototypical molecular motor, that are essential to its energy conversion function. In addition to the role of flexibilities at the domain scale, which has been emphasized in previous studies of similar systems, the current results highlight the comparable significance of local flexibilities and how these flexibilities at different scales are modulated by ATP chemistry.</p></sec></abstract><counts><page-count count="15"/></counts><custom-meta-group><custom-meta><meta-name>citation</meta-name><meta-value>Yu H, Ma L, Yang Y, Cui Q (2007) Mechanochemical coupling in the myosin motor domain. I. Insights from equilibrium active-site simulations. PLoS Comput Biol 3(2): e21. doi:<ext-link ext-link-type="doi" xlink:href="10.1371/journal.pcbi.0030021">10.1371/journal.pcbi.0030021</ext-link></meta-value></custom-meta></custom-meta-group></article-meta></front></article>