<article xmlns="https://jats.nlm.nih.gov/ns/archiving/1.2/" xmlns:xsi="http://www.w3.org/2001/XMLSchema-instance" xmlns:ali="http://www.niso.org/schemas/ali/1.0/" xmlns:mml="http://www.w3.org/1998/Math/MathML" xmlns:xlink="http://www.w3.org/1999/xlink" xsi:schemaLocation="https://jats.nlm.nih.gov/ns/archiving/1.2/ https://jats.nlm.nih.gov/archiving/1.2/xsd/JATS-archivearticle1.xsd" article-type="research-article"><front><journal-meta><journal-id journal-id-type="nlm-ta">PLoS Comput Biol</journal-id><journal-id journal-id-type="iso-abbrev">PLoS Comput. Biol</journal-id><journal-id journal-id-type="publisher-id">pcbi</journal-id><journal-id journal-id-type="publisher-id">plcb</journal-id><journal-id journal-id-type="pmc">ploscomp</journal-id><journal-title-group><journal-title>PLoS Computational Biology</journal-title></journal-title-group><issn pub-type="ppub">1553-734X</issn><issn pub-type="epub">1553-7358</issn><publisher><publisher-name>Public Library of Science</publisher-name><publisher-loc>San Francisco, USA</publisher-loc></publisher></journal-meta><article-meta><article-id pub-id-type="accession">PMC1472694</article-id><article-id pub-id-type="pmcid">PMC1472694</article-id><article-id pub-id-type="pmc-uid">1472694</article-id><article-id pub-id-type="pmid">16741557</article-id><article-id pub-id-type="pmid">16741557</article-id><article-id pub-id-type="doi">10.1371/journal.pcbi.0020054</article-id><article-id pub-id-type="publisher-id">06-PLCB-RA-0032R2</article-id><article-id pub-id-type="sici">plcb-02-06-01</article-id><article-categories><subj-group subj-group-type="heading"><subject>Research Article</subject></subj-group><subj-group subj-group-type="Discipline"><subject>Bioinformatics - Computational Biology</subject><subject>Genetics/Genomics</subject><subject>Genetics/Gene Discovery</subject><subject>Genetics/Evolution</subject><subject>Pharmacology - Drug Discovery</subject></subj-group><subj-group subj-group-type="System Taxonomy"><subject>Eukaryotes</subject><subject>Animals</subject><subject>Vertebrates</subject><subject>Birds</subject><subject>Chicken</subject></subj-group></article-categories><title-group><article-title>The G Protein–Coupled Receptor Subset of the Chicken Genome</article-title><alt-title alt-title-type="running-head">GPCR-Repertoire in Chicken</alt-title></title-group><contrib-group><contrib contrib-type="author"><name><surname>Lagerström</surname><given-names>Malin C</given-names></name><xref ref-type="aff" rid="aff1"/></contrib><contrib contrib-type="author"><name><surname>Hellström</surname><given-names>Anders R</given-names></name><xref ref-type="author-notes" rid="n104">¤</xref><xref ref-type="aff" rid="aff1"/></contrib><contrib contrib-type="author"><name><surname>Gloriam</surname><given-names>David E</given-names></name><xref ref-type="aff" rid="aff1"/></contrib><contrib contrib-type="author"><name><surname>Larsson</surname><given-names>Thomas P</given-names></name><xref ref-type="aff" rid="aff1"/></contrib><contrib contrib-type="author"><name><surname>Schiöth</surname><given-names>Helgi B</given-names></name><xref ref-type="aff" rid="aff1"/></contrib><contrib contrib-type="author"><name><surname>Fredriksson</surname><given-names>Robert</given-names></name><xref ref-type="corresp" rid="cor1">*</xref><xref ref-type="aff" rid="aff1"/></contrib></contrib-group><aff id="aff1">Department of Neuroscience, Uppsala University, Uppsala, Sweden</aff><contrib-group><contrib contrib-type="editor"><name><surname>Bourne</surname><given-names>Philip</given-names></name><role>Editor</role><xref ref-type="aff" rid="edit1"/></contrib></contrib-group><aff id="edit1">University of California San Diego, United States of America</aff><author-notes><corresp id="cor1">* To whom correspondence should be addressed. E-mail: <email>robert.fredriksson@neuro.uu.se</email></corresp><fn id="n104" fn-type="present-address"><p>¤ Current address: Department of Medical Biochemistry and Microbiology, Uppsala University, Uppsala, Sweden</p></fn></author-notes><pub-date pub-type="ppub"><month>6</month><year>2006</year></pub-date><pub-date pub-type="epub"><day>2</day><month>6</month><year>2006</year></pub-date><volume>2</volume><issue>6</issue><elocation-id>e54</elocation-id><history><date date-type="received"><day>26</day><month>1</month><year>2006</year></date><date date-type="accepted"><day>6</day><month>4</month><year>2006</year></date></history><permissions><copyright-statement> © 2006 Lagerström et al.</copyright-statement><copyright-year>2006</copyright-year><license xlink:href="http://creativecommons.org/licenses/by/4.0/"><license-p>This is an open-access article distributed under the terms of the Creative Commons Attribution License, which permits unrestricted use, distribution, and reproduction in any medium, provided the original author and source are properly credited.</license-p></license></permissions><abstract><p>G protein–coupled receptors (GPCRs) are one of the largest families of proteins, and here we scan the recently sequenced chicken genome for GPCRs. We use a homology-based approach, utilizing comparisons with all human GPCRs, to detect and verify chicken GPCRs from translated genomic alignments and Genscan predictions. We present 557 manually curated sequences for GPCRs from the chicken genome, of which 455 were previously not annotated. More than 60% of the chicken Genscan gene predictions with a human ortholog needed curation, which drastically changed the average percentage identity between the human–chicken orthologous pairs (from 56.3% to 72.9%). Of the non-olfactory chicken GPCRs, 79% had a one-to-one orthologous relationship to a human GPCR. The <italic>Frizzled, Secretin,</italic> and subgroups of the <italic>Rhodopsin</italic> families have high proportions of orthologous pairs, although the percentage of amino acid identity varies. Other groups show large differences, such as the <italic>Adhesion</italic> family and GPCRs that bind exogenous ligands. The chicken has only three bitter <italic>Taste 2</italic> receptors, and it also lacks an ortholog to human TAS1R2 (one of three GPCRs in the human genome in the <italic>Taste 1</italic> receptor family [TAS1R]), implying that the chicken's ability and mode of detecting both bitter and sweet taste may differ from the human's. The chicken genome contains at least 229 olfactory receptors, and the majority of these (218) originate from a chicken-specific expansion. To our knowledge, this dataset of chicken GPCRs is the largest curated dataset from a single gene family from a non-mammalian vertebrate. Both the updated human GPCR dataset, as well the chicken GPCR dataset, are available for download.</p></abstract><abstract abstract-type="synopsis"><title>Synopsis</title><p>Man and chicken are very different, but how is that difference related to our respective gene repertoire? The authors studied the family of G protein–coupled receptors (GPCRs), which in man contains about 791 proteins. These are found in the cell membrane, where they recognize substances, thereby functioning as mediators of signals across the cellular membrane. GPCRs respond to physiologically important substances such as hormones and neurotransmitters. In this paper, the publicly available genomic sequence from the domestic chicken is used to identify the entire repertoire of GPCRs in this species. The authors found 557 GPCRs and compared the chicken and human receptors; they concluded that out of the 328 chicken receptors that are not involved in olfaction, more than 250 have a corresponding human receptor. The majority of the differences between the chicken and man are within three groups of GPCRs—the receptors for olfaction, bitter taste, and the receptors involved in the immune system. The chicken GPCR sequences obtained here will be useful for identification of GPCRs in other species that are more distantly related to man, such as fish or insects. The domestic chicken represents the leading experimental model among the avian species and also serves as an important source of food worldwide.</p></abstract><counts><page-count count="15"/></counts><custom-meta-group><custom-meta><meta-name>citation</meta-name><meta-value>Lagerström MC, Hellström AR, Gloriam DE, Larsson TP, Schiöth HB, et al. (2006) The G protein–coupled receptor subset of the chicken genome. PLoS Comput Biol 2(6): e54. DOI: <ext-link ext-link-type="doi" xlink:href="10.1371/journal.pcbi.0020054">10.1371/journal.pcbi.0020054</ext-link></meta-value></custom-meta></custom-meta-group></article-meta></front></article>