<article xmlns="https://jats.nlm.nih.gov/ns/archiving/1.2/" xmlns:xsi="http://www.w3.org/2001/XMLSchema-instance" xmlns:ali="http://www.niso.org/schemas/ali/1.0/" xmlns:mml="http://www.w3.org/1998/Math/MathML" xmlns:xlink="http://www.w3.org/1999/xlink" xsi:schemaLocation="https://jats.nlm.nih.gov/ns/archiving/1.2/ https://jats.nlm.nih.gov/archiving/1.2/xsd/JATS-archivearticle1.xsd" article-type="editorial"><front><journal-meta><journal-id journal-id-type="nlm-ta">PLoS Comput Biol</journal-id><journal-id journal-id-type="iso-abbrev">PLoS Comput. Biol</journal-id><journal-id journal-id-type="publisher-id">pcbi</journal-id><journal-id journal-id-type="publisher-id">plcb</journal-id><journal-id journal-id-type="pmc">ploscomp</journal-id><journal-title-group><journal-title>PLoS Computational Biology</journal-title></journal-title-group><issn pub-type="ppub">1553-734X</issn><issn pub-type="epub">1553-7358</issn><publisher><publisher-name>Public Library of Science</publisher-name><publisher-loc>San Francisco, USA</publisher-loc></publisher></journal-meta><article-meta><article-id pub-id-type="accession">PMC1356094</article-id><article-id pub-id-type="pmcid">PMC1356094</article-id><article-id pub-id-type="pmc-uid">1356094</article-id><article-id pub-id-type="doi">10.1371/journal.pcbi.0020007</article-id><article-id pub-id-type="publisher-id">05-PLCB-EN-0366</article-id><article-id pub-id-type="sici">plcb-02-01-07</article-id><article-categories><subj-group subj-group-type="heading"><subject>Education</subject></subj-group></article-categories><title-group><article-title>Welcome to <italic>PLoS Computational Biology</italic> “Education”</article-title><alt-title alt-title-type="running-head">Education</alt-title></title-group><contrib-group><contrib contrib-type="author"><name><surname>Lewitter</surname><given-names>Fran</given-names></name><xref ref-type="corresp" rid="cor1"/></contrib></contrib-group><author-notes><corresp id="cor1">Fran Lewitter is Education Editor for <italic>PLoS Computational Biology,</italic> and is Director of Bioinformatics and Research Computing at Whitehead Institute for Biomedical Research, Cambridge, Massachusetts, United States of America. E-mail: <email>lewitter@wi.mit.edu</email></corresp></author-notes><pub-date pub-type="ppub"><month>1</month><year>2006</year></pub-date><pub-date pub-type="epub"><day>27</day><month>1</month><year>2006</year></pub-date><volume>2</volume><issue>1</issue><elocation-id>e7</elocation-id><permissions><copyright-statement> © 2006 Fran Lewitter.</copyright-statement><copyright-year>2006</copyright-year><license xlink:href="http://creativecommons.org/licenses/by/4.0/"><license-p>This is an open-access article distributed under the terms of the Creative Commons Attribution License, which permits unrestricted use, distribution, and reproduction in any medium, provided the original author and source are properly credited.</license-p></license></permissions><counts><page-count count="1"/></counts><custom-meta-group><custom-meta><meta-name>Citation:</meta-name><meta-value>Lewitter F (2006) Welcome to <italic>PLoS Computational Biology</italic> “Education.” PLoS Comput Biol 2(1): e7.</meta-value></custom-meta></custom-meta-group></article-meta></front></article>