<article xmlns="https://jats.nlm.nih.gov/ns/archiving/1.2/" xmlns:xsi="http://www.w3.org/2001/XMLSchema-instance" xmlns:ali="http://www.niso.org/schemas/ali/1.0/" xmlns:mml="http://www.w3.org/1998/Math/MathML" xmlns:xlink="http://www.w3.org/1999/xlink" xsi:schemaLocation="https://jats.nlm.nih.gov/ns/archiving/1.2/ https://jats.nlm.nih.gov/archiving/1.2/xsd/JATS-archivearticle1.xsd" article-type="other"><front><journal-meta><journal-id journal-id-type="nlm-ta">PLoS Comput Biol</journal-id><journal-id journal-id-type="iso-abbrev">PLoS Comput. Biol</journal-id><journal-id journal-id-type="publisher-id">pcbi</journal-id><journal-id journal-id-type="publisher-id">plcb</journal-id><journal-id journal-id-type="pmc">ploscomp</journal-id><journal-title-group><journal-title>PLoS Computational Biology</journal-title></journal-title-group><issn pub-type="ppub">1553-734X</issn><issn pub-type="epub">1553-7358</issn><publisher><publisher-name>Public Library of Science</publisher-name><publisher-loc>San Francisco, USA</publisher-loc></publisher></journal-meta><article-meta><article-id pub-id-type="accession">PMC1761653</article-id><article-id pub-id-type="pmcid">PMC1761653</article-id><article-id pub-id-type="pmc-uid">1761653</article-id><article-id pub-id-type="pmid">17196032</article-id><article-id pub-id-type="pmid">17196032</article-id><article-id pub-id-type="doi">10.1371/journal.pcbi.0020174</article-id><article-id pub-id-type="publisher-id">06-PLCB-EN-0142R3</article-id><article-id pub-id-type="sici">plcb-02-12-10</article-id><article-categories><subj-group subj-group-type="heading"><subject>Education</subject></subj-group><subj-group subj-group-type="Discipline"><subject>Computational Biology</subject></subj-group><subj-group subj-group-type="System Taxonomy"><subject>Saccharomyces</subject><subject>Eubacteria</subject><subject>Homo (Human)</subject></subj-group></article-categories><title-group><article-title>Modularity and Dynamics of Cellular Networks</article-title><alt-title alt-title-type="running-head">Modularity and Dynamics of Cellular Networks </alt-title></title-group><contrib-group><contrib contrib-type="author"><name><surname>Qi</surname><given-names>Yuan</given-names></name><xref ref-type="fn" rid="a1"/></contrib><contrib contrib-type="author"><name><surname>Ge</surname><given-names>Hui</given-names></name><xref ref-type="corresp" rid="cor1"><sup>*</sup></xref><xref ref-type="fn" rid="a1"/></contrib></contrib-group><contrib-group><contrib contrib-type="editor"><name><surname>Lewitter</surname><given-names>Fran</given-names></name><role>Editor</role><xref ref-type="aff" rid="edit1"/></contrib></contrib-group><aff id="edit1">Whitehead Institute, United States of America</aff><author-notes><corresp id="cor1">* To whom correspondence should be addressed. E-mail: <email>hge@wi.mit.edu</email></corresp></author-notes><pub-date pub-type="ppub"><month>12</month><year>2006</year></pub-date><pub-date pub-type="epub"><day>29</day><month>12</month><year>2006</year></pub-date><volume>2</volume><issue>12</issue><elocation-id>e174</elocation-id><permissions><copyright-statement> © 2006 Qi and Ge.</copyright-statement><copyright-year>2006</copyright-year><license xlink:href="http://creativecommons.org/licenses/by/4.0/"><license-p>This is an open-access article distributed under the terms of the Creative Commons Attribution License, which permits unrestricted use, distribution, and reproduction in any medium, provided the original author and source are properly credited.</license-p></license></permissions><counts><page-count count="9"/></counts><custom-meta-group><custom-meta><meta-name>citation</meta-name><meta-value>Qi Y, Ge H (2006) Modularity and dynamics of cellular networks. PLoS Comput Biol 2(12): e174. doi:<ext-link ext-link-type="doi" xlink:href="10.1371/journal.pcbi.0020174">10.1371/journal.pcbi.0020174</ext-link></meta-value></custom-meta></custom-meta-group></article-meta></front></article>