<article xmlns="https://jats.nlm.nih.gov/ns/archiving/1.2/" xmlns:xsi="http://www.w3.org/2001/XMLSchema-instance" xmlns:ali="http://www.niso.org/schemas/ali/1.0/" xmlns:mml="http://www.w3.org/1998/Math/MathML" xmlns:xlink="http://www.w3.org/1999/xlink" xsi:schemaLocation="https://jats.nlm.nih.gov/ns/archiving/1.2/ https://jats.nlm.nih.gov/archiving/1.2/xsd/JATS-archivearticle1.xsd" article-type="research-article"><front><journal-meta><journal-id journal-id-type="nlm-ta">PLoS Comput Biol</journal-id><journal-id journal-id-type="iso-abbrev">PLoS Comput. Biol</journal-id><journal-id journal-id-type="publisher-id">pcbi</journal-id><journal-id journal-id-type="publisher-id">plcb</journal-id><journal-id journal-id-type="pmc">ploscomp</journal-id><journal-title-group><journal-title>PLoS Computational Biology</journal-title></journal-title-group><issn pub-type="ppub">1553-734X</issn><issn pub-type="epub">1553-7358</issn><publisher><publisher-name>Public Library of Science</publisher-name><publisher-loc>San Francisco, USA</publisher-loc></publisher></journal-meta><article-meta><article-id pub-id-type="accession">PMC1289393</article-id><article-id pub-id-type="pmcid">PMC1289393</article-id><article-id pub-id-type="pmc-uid">1289393</article-id><article-id pub-id-type="pmid">16322766</article-id><article-id pub-id-type="pmid">16322766</article-id><article-id pub-id-type="doi">10.1371/journal.pcbi.0010066</article-id><article-id pub-id-type="publisher-id">05-PLCB-RA-0188R1</article-id><article-id pub-id-type="sici">plcb-01-06-07</article-id><article-categories><subj-group subj-group-type="heading"><subject>Research Article</subject></subj-group><subj-group subj-group-type="Discipline"><subject>Biochemistry</subject><subject>Bioinformatics - Computational Biology</subject><subject>Systems Biology</subject></subj-group><subj-group subj-group-type="System Taxonomy"><subject>Saccharomyces</subject></subj-group></article-categories><title-group><article-title>Refining Protein Subcellular Localization</article-title><alt-title alt-title-type="running-head">Refining Protein Subcellular Localization</alt-title></title-group><contrib-group><contrib contrib-type="author"><name><surname>Scott</surname><given-names>Michelle S</given-names></name><xref ref-type="aff" rid="aff1">1</xref></contrib><contrib contrib-type="author"><name><surname>Calafell</surname><given-names>Sara J</given-names></name><xref ref-type="aff" rid="aff1">1</xref></contrib><contrib contrib-type="author"><name><surname>Thomas</surname><given-names>David Y</given-names></name><xref ref-type="aff" rid="aff2">2</xref></contrib><contrib contrib-type="author"><name><surname>Hallett</surname><given-names>Michael T</given-names></name><xref ref-type="aff" rid="aff1">1</xref><xref ref-type="corresp" rid="cor1">*</xref></contrib></contrib-group><aff id="aff1"><label>1</label> McGill Center for Bioinformatics, McGill University, Montreal, Quebec, Canada
</aff><aff id="aff2"><label>2</label> Biochemistry Department, Faculty of Medicine, McGill University, Montreal, Quebec, Canada
</aff><contrib-group><contrib contrib-type="editor"><name><surname>Nielsen</surname><given-names>Henrik</given-names></name><role>Editor</role><xref ref-type="aff" rid="edit1"/></contrib></contrib-group><aff id="edit1">Technical University of Denmark, Denmark</aff><author-notes><corresp id="cor1">* To whom correspondence should be addressed. E-mail: <email>hallett@mcb.mcgill.ca</email></corresp></author-notes><pub-date pub-type="ppub"><month>11</month><year>2005</year></pub-date><pub-date pub-type="epub"><day>25</day><month>11</month><year>2005</year></pub-date><volume>1</volume><issue>6</issue><elocation-id>e66</elocation-id><history><date date-type="received"><day>3</day><month>8</month><year>2005</year></date><date date-type="accepted"><day>28</day><month>10</month><year>2005</year></date></history><permissions><copyright-statement>Copyright: © 2005 Scott et al.</copyright-statement><copyright-year>2005</copyright-year><license xlink:href="http://creativecommons.org/licenses/by/4.0/"><license-p>This is an open-access article distributed under the terms of the Creative Commons Attribution License, which permits unrestricted use, distribution, and reproduction in any medium, provided the original author and source are properly credited.</license-p></license></permissions><abstract><p>The study of protein subcellular localization is important to elucidate protein function. Even in well-studied organisms such as yeast, experimental methods have not been able to provide a full coverage of localization. The development of bioinformatic predictors of localization can bridge this gap. We have created a Bayesian network predictor called PSLT2 that considers diverse protein characteristics, including the combinatorial presence of InterPro motifs and protein interaction data. We compared the localization predictions of PSLT2 to high-throughput experimental localization datasets. Disagreements between these methods generally involve proteins that transit through or reside in the secretory pathway. We used our multi-compartmental predictions to refine the localization annotations of yeast proteins primarily by distinguishing between soluble lumenal proteins and soluble proteins peripherally associated with organelles. To our knowledge, this is the first tool to provide this functionality. We used these sub-compartmental predictions to characterize cellular processes on an organellar scale. The integration of diverse protein characteristics and protein interaction data in an appropriate setting can lead to high-quality detailed localization annotations for whole proteomes. This type of resource is instrumental in developing models of whole organelles that provide insight into the extent of interaction and communication between organelles and help define organellar functionality.</p></abstract><abstract abstract-type="synopsis"><title>Synopsis</title><p>Eukaryotic cells are divided into various morphologically and functionally distinct compartments. Proteins must be targeted to the appropriate compartment to ensure proper function. Understanding protein subcellular localization is important to help understand not only the function of individual proteins but also the organization of the cell as a whole. Bioinformatic predictors of localization can provide such information quickly for large numbers of proteins. The authors of this paper have created a localization predictor called PSLT2 that considers the combinatorial presence of protein motifs and domains as well as protein interactions in yeast proteins. PSLT2 can predict the localization of all yeast proteins to nine different compartments: the endoplasmic reticulum, Golgi apparatus, cytosol, nucleus, peroxisome, plasma membrane, lysosome, mitochondrion, and extracellular space. The authors also investigated how to identify and predict proteins that localize to more than one compartment. They compared the localization predictions of PSLT2 to those determined through high-throughput tagging and microscopy experiments for yeast proteins. Disagreements between these methods generally involve proteins that transit through or reside in the secretory pathway.</p></abstract><counts><page-count count="11"/></counts><custom-meta-group><custom-meta><meta-name>Citation:</meta-name><meta-value>Scott MS, Calafell SJ, Thomas DY, Hallett MT (2005) Refining protein subcellular localization. PLoS Comput Biol 1(6): e66.</meta-value></custom-meta></custom-meta-group></article-meta></front></article>