<article xmlns="https://jats.nlm.nih.gov/ns/archiving/1.2/" xmlns:xsi="http://www.w3.org/2001/XMLSchema-instance" xmlns:ali="http://www.niso.org/schemas/ali/1.0/" xmlns:mml="http://www.w3.org/1998/Math/MathML" xmlns:xlink="http://www.w3.org/1999/xlink" xsi:schemaLocation="https://jats.nlm.nih.gov/ns/archiving/1.2/ https://jats.nlm.nih.gov/archiving/1.2/xsd/JATS-archivearticle1.xsd" article-type="research-article"><front><journal-meta><journal-id journal-id-type="nlm-ta">PLoS Comput Biol</journal-id><journal-id journal-id-type="iso-abbrev">PLoS Comput. Biol</journal-id><journal-id journal-id-type="publisher-id">pcbi</journal-id><journal-id journal-id-type="publisher-id">plcb</journal-id><journal-id journal-id-type="pmc">ploscomp</journal-id><journal-title-group><journal-title>PLoS Computational Biology</journal-title></journal-title-group><issn pub-type="ppub">1553-734X</issn><issn pub-type="epub">1553-7358</issn><publisher><publisher-name>Public Library of Science</publisher-name><publisher-loc>San Francisco, USA</publisher-loc></publisher></journal-meta><article-meta><article-id pub-id-type="accession">PMC1246807</article-id><article-id pub-id-type="pmcid">PMC1246807</article-id><article-id pub-id-type="pmc-uid">1246807</article-id><article-id pub-id-type="pmid">16261191</article-id><article-id pub-id-type="pmid">16261191</article-id><article-id pub-id-type="doi">10.1371/journal.pcbi.0010046</article-id><article-id pub-id-type="publisher-id">05-PLCB-RA-0122R4</article-id><article-id pub-id-type="sici">plcb-01-05-02</article-id><article-categories><subj-group subj-group-type="heading"><subject>Research Article</subject></subj-group><subj-group subj-group-type="Discipline"><subject>Bioinformatics - Computational Biology</subject><subject>Systems Biology</subject></subj-group><subj-group subj-group-type="System Taxonomy"><subject>Drug Targets</subject><subject>Fba</subject><subject>Gene Essentiality</subject><subject>Pathway Modelling</subject></subj-group></article-categories><title-group><article-title>Flux Balance Analysis of Mycolic Acid Pathway: Targets for Anti-Tubercular Drugs</article-title><alt-title alt-title-type="running-head">FBA of Mycolic Acid Pathway</alt-title></title-group><contrib-group><contrib contrib-type="author"><name><surname>Raman</surname><given-names>Karthik</given-names></name><xref ref-type="aff" rid="aff1"/></contrib><contrib contrib-type="author"><name><surname>Rajagopalan</surname><given-names>Preethi</given-names></name><xref ref-type="aff" rid="aff1"/></contrib><contrib contrib-type="author"><name><surname>Chandra</surname><given-names>Nagasuma</given-names></name><xref ref-type="corresp" rid="cor1">*</xref><xref ref-type="aff" rid="aff1"/></contrib></contrib-group><aff id="aff1">Bioinformatics Centre, Supercomputer Education and Research Centre, Indian Institute of Science, Bangalore, India</aff><contrib-group><contrib contrib-type="editor"><name><surname>Segre</surname><given-names>Daniel</given-names></name><role>Editor</role><xref ref-type="aff" rid="edit1"/></contrib></contrib-group><aff id="edit1">Boston University, United States of America</aff><author-notes><corresp id="cor1">* To whom correspondence should be addressed. E-mail: <email>nchandra@serc.iisc.ernet.in</email></corresp></author-notes><pub-date pub-type="ppub"><month>10</month><year>2005</year></pub-date><pub-date pub-type="epub"><day>14</day><month>10</month><year>2005</year></pub-date><pub-date pub-type="epreprint"><day>4</day><month>8</month><year>2005</year></pub-date><volume>1</volume><issue>5</issue><elocation-id>e46</elocation-id><history><date date-type="received"><day>2</day><month>6</month><year>2005</year></date><date date-type="accepted"><day>31</day><month>8</month><year>2005</year></date></history><permissions><copyright-statement>Copyright: © 2005 Raman et al.</copyright-statement><copyright-year>2005</copyright-year><license xlink:href="http://creativecommons.org/licenses/by/4.0/"><license-p>This is an open-access article distributed under the terms of the Creative Commons Attribution License, which permits unrestricted use, distribution, and reproduction in any medium, provided the original author and source are properly credited.</license-p></license></permissions><!--<related-article preprintresearch10.1371/journal.pcbi.0010046.eorsimple>Flux Balance Analysis of Mycolic Acid Pathway: Targets for Anti-Tubercular Drugs</related-article>--><abstract><p><italic>Mycobacterium tuberculosis</italic> is the focus of several investigations for design of newer drugs, as tuberculosis remains a major epidemic despite the availability of several drugs and a vaccine. Mycobacteria owe many of their unique qualities to mycolic acids, which are known to be important for their growth, survival, and pathogenicity. Mycolic acid biosynthesis has therefore been the focus of a number of biochemical and genetic studies. It also turns out to be the pathway inhibited by front-line anti-tubercular drugs such as isoniazid and ethionamide. Recent years have seen the emergence of systems-based methodologies that can be used to study microbial metabolism. Here, we seek to apply insights from flux balance analyses of the mycolic acid pathway (MAP) for the identification of anti-tubercular drug targets. We present a comprehensive model of mycolic acid synthesis in the pathogen <italic>M. tuberculosis</italic> involving 197 metabolites participating in 219 reactions catalysed by 28 proteins. Flux balance analysis (FBA) has been performed on the MAP model, which has provided insights into the metabolic capabilities of the pathway. In silico systematic gene deletions and inhibition of InhA by isoniazid, studied here, provide clues about proteins essential for the pathway and hence lead to a rational identification of possible drug targets. Feasibility studies using sequence analysis of the <italic>M. tuberculosis</italic> H37Rv and human proteomes indicate that, apart from the known InhA, potential targets for anti-tubercular drug design are AccD3, Fas, FabH, Pks13, DesA1/2, and DesA3. Proteins identified as essential by FBA correlate well with those previously identified experimentally through transposon site hybridisation mutagenesis. This study demonstrates the application of FBA for rational identification of potential anti-tubercular drug targets, which can indeed be a general strategy in drug design. The targets, chosen based on the critical points in the pathway, form a ready shortlist for experimental testing.</p></abstract><abstract abstract-type="synopsis"><title>Synopsis</title><sec id="st1"><title/><p><italic>M. tuberculosis,</italic> a deadly human pathogen, owes many of its unique qualities to its thick, waxy coat, containing fatty acids called mycolic acids. Several front-line drugs used for treating tuberculosis indeed inhibit mycolic acid synthesis. Understanding the biochemical pathway that makes these compounds is therefore of great interest. Availability of the genome sequence and various computational methods enable us to study pathways as whole functional units, rather than having to infer from the study of individual proteins. Here, we present a comprehensive identification of the components of the mycolic acid pathway and represent it mathematically based on reaction stoichiometry. Such models are amenable to perturbations and simulations using flux balance analysis, allowing the study of pathways from a metabolic capacity perspective, and yielding information about reaction fluxes. The perturbations studied here are in silico gene knock-outs and drug effects, which led us to identify genes essential to the pathway and hence for survival of the pathogen. The results are in good agreement with essentiality determined through experimental genetics. Such essential genes can be good targets for drug design, especially when they do not have homologues in the human proteome. FBA followed by sequence analyses have resulted in identification of potential anti-tubercular drug targets.</p></sec></abstract><custom-meta-group><custom-meta><meta-name>Citation:</meta-name><meta-value>Raman K, Rajagopalan P, Chandra N (2005) Flux balance analysis of mycolic acid pathway: Targets for anti-tubercular drugs. PLoS Comput Biol 1(5): e46.</meta-value></custom-meta></custom-meta-group></article-meta></front></article>