<article xmlns="https://jats.nlm.nih.gov/ns/archiving/1.2/" xmlns:xsi="http://www.w3.org/2001/XMLSchema-instance" xmlns:ali="http://www.niso.org/schemas/ali/1.0/" xmlns:mml="http://www.w3.org/1998/Math/MathML" xmlns:xlink="http://www.w3.org/1999/xlink" xsi:schemaLocation="https://jats.nlm.nih.gov/ns/archiving/1.2/ https://jats.nlm.nih.gov/archiving/1.2/xsd/JATS-archivearticle1.xsd" article-type="editorial"><front><journal-meta><journal-id journal-id-type="nlm-ta">PLoS Comput Biol</journal-id><journal-id journal-id-type="iso-abbrev">PLoS Comput. Biol</journal-id><journal-id journal-id-type="publisher-id">pcbi</journal-id><journal-id journal-id-type="publisher-id">plcb</journal-id><journal-id journal-id-type="pmc">ploscomp</journal-id><journal-title-group><journal-title>PLoS Computational Biology</journal-title></journal-title-group><issn pub-type="ppub">1553-734X</issn><issn pub-type="epub">1553-7358</issn><publisher><publisher-name>Public Library of Science</publisher-name><publisher-loc>San Francisco, USA</publisher-loc></publisher></journal-meta><article-meta><article-id pub-id-type="accession">PMC1526462</article-id><article-id pub-id-type="pmcid">PMC1526462</article-id><article-id pub-id-type="pmc-uid">1526462</article-id><article-id pub-id-type="doi">10.1371/journal.pcbi.0020105</article-id><article-id pub-id-type="publisher-id">06-PLCB-MI-0241</article-id><article-id pub-id-type="sici">plcb-02-08-03</article-id><article-categories><subj-group subj-group-type="heading"><subject>Message from ISCB</subject></subj-group><subj-group subj-group-type="Discipline"><subject>Bioinformatics - Computational Biology</subject></subj-group><subj-group subj-group-type="System Taxonomy"><subject>Homo (Human)</subject></subj-group></article-categories><title-group><article-title>ISCB Honors Michael S. Waterman and Mathieu Blanchette</article-title><alt-title alt-title-type="running-head">Message from ISCB</alt-title></title-group><contrib-group><contrib contrib-type="author"><name><surname>Maisel</surname><given-names>Merry</given-names></name><xref ref-type="author-notes" rid="n103"/></contrib></contrib-group><author-notes><corresp id="cor1">E-mail: <email>merry.maisel@gmail.com</email></corresp><fn id="n103" fn-type="current-aff"><p>Merry Maisel is a freelance science writer based in San Diego, California, United States of America.</p></fn></author-notes><pub-date pub-type="ppub"><month>8</month><year>2006</year></pub-date><pub-date pub-type="epub"><day>4</day><month>8</month><year>2006</year></pub-date><volume>2</volume><issue>8</issue><elocation-id>e105</elocation-id><permissions><copyright-statement> © 2006 Merry Maisel.</copyright-statement><copyright-year>2006</copyright-year><license xlink:href="http://creativecommons.org/licenses/by/4.0/"><license-p>This is an open-access article distributed under the terms of the Creative Commons Attribution License, which permits unrestricted use, distribution, and reproduction in any medium, provided the original author and source are properly credited.</license-p></license></permissions><counts><page-count count="3"/></counts><custom-meta-group><custom-meta><meta-name>citation</meta-name><meta-value>Maisel M (2006) ISCB Honors Michael S. Waterman and Mathieu Blanchette. PLoS Comput Biol 2(8): e105. DOI: <ext-link ext-link-type="doi" xlink:href="10.1371/journal.pcbi.0020105">10.1371/journal.pcbi.0020105</ext-link></meta-value></custom-meta></custom-meta-group></article-meta></front></article>