<article xmlns="https://jats.nlm.nih.gov/ns/archiving/1.2/" xmlns:xsi="http://www.w3.org/2001/XMLSchema-instance" xmlns:ali="http://www.niso.org/schemas/ali/1.0/" xmlns:mml="http://www.w3.org/1998/Math/MathML" xmlns:xlink="http://www.w3.org/1999/xlink" xsi:schemaLocation="https://jats.nlm.nih.gov/ns/archiving/1.2/ https://jats.nlm.nih.gov/archiving/1.2/xsd/JATS-archivearticle1.xsd" article-type="research-article"><front><journal-meta><journal-id journal-id-type="nlm-ta">PLoS Comput Biol</journal-id><journal-id journal-id-type="iso-abbrev">PLoS Comput. Biol</journal-id><journal-id journal-id-type="publisher-id">pcbi</journal-id><journal-id journal-id-type="publisher-id">plcb</journal-id><journal-id journal-id-type="pmc">ploscomp</journal-id><journal-title-group><journal-title>PLoS Computational Biology</journal-title></journal-title-group><issn pub-type="ppub">1553-734X</issn><issn pub-type="epub">1553-7358</issn><publisher><publisher-name>Public Library of Science</publisher-name><publisher-loc>San Francisco, USA</publisher-loc></publisher></journal-meta><article-meta><article-id pub-id-type="accession">PMC1664698</article-id><article-id pub-id-type="pmcid">PMC1664698</article-id><article-id pub-id-type="pmc-uid">1664698</article-id><article-id pub-id-type="pmid">17121459</article-id><article-id pub-id-type="pmid">17121459</article-id><article-id pub-id-type="doi">10.1371/journal.pcbi.0020160</article-id><article-id pub-id-type="publisher-id">06-PLCB-RA-0231R2</article-id><article-id pub-id-type="sici">plcb-02-11-17</article-id><article-categories><subj-group subj-group-type="heading"><subject>Research Article</subject></subj-group><subj-group subj-group-type="Discipline"><subject>Geriatrics</subject><subject>Immunology</subject><subject>Statistics</subject><subject>Systems Biology</subject></subj-group><subj-group subj-group-type="System Taxonomy"><subject>Animals</subject></subj-group></article-categories><title-group><article-title>Robustness and Fragility in Immunosenescence</article-title><alt-title alt-title-type="running-head">Robustness and Fragility in Immunosenescence</alt-title></title-group><contrib-group><contrib contrib-type="author"><name><surname>Stromberg</surname><given-names>Sean P</given-names></name><xref ref-type="corresp" rid="cor1">*</xref><xref ref-type="aff" rid="aff1"/></contrib><contrib contrib-type="author"><name><surname>Carlson</surname><given-names>Jean</given-names></name><xref ref-type="corresp" rid="cor1">*</xref><xref ref-type="aff" rid="aff1"/></contrib></contrib-group><aff id="aff1">Physics Department, University of California Santa Barbara, Santa Barbara, California, United States of America</aff><contrib-group><contrib contrib-type="editor"><name><surname>Deem</surname><given-names>Michael</given-names></name><role>Editor</role><xref ref-type="aff" rid="edit1"/></contrib></contrib-group><aff id="edit1">Rice University, United States of America</aff><author-notes><corresp id="cor1">*To whom correspondence should be addressed. E-mail: <email>stromberg@physics.ucsb.edu</email> (SPS), and <email>carlson@physics.ucsb.edu</email> (JC)</corresp></author-notes><pub-date pub-type="ppub"><month>11</month><year>2006</year></pub-date><pub-date pub-type="epub"><day>24</day><month>11</month><year>2006</year></pub-date><pub-date pub-type="epreprint"><day>10</day><month>10</month><year>2006</year></pub-date><volume>2</volume><issue>11</issue><elocation-id>e160</elocation-id><history><date date-type="received"><day>16</day><month>6</month><year>2006</year></date><date date-type="accepted"><day>10</day><month>10</month><year>2006</year></date></history><permissions><copyright-statement> © 2006 Stromberg and Carlson.</copyright-statement><copyright-year>2006</copyright-year><license xlink:href="http://creativecommons.org/licenses/by/4.0/"><license-p>This is an open-access article distributed under the terms of the Creative Commons Attribution License, which permits unrestricted use, distribution, and reproduction in any medium, provided the original author and source are properly credited.</license-p></license></permissions><!--<related-article preprintResearch Article10.1371/journal.pcbi.0020160.eorsimple>Robustness and Fragility in Immunosenescence</related-article>--><abstract><p>We construct a model to study tradeoffs associated with aging in the adaptive immune system, focusing on cumulative effects of replacing naive cells with memory cells. Binding affinities are characterized by a stochastic shape space model. System loss arising from an individual infection is associated with disease severity, as measured by the total antigen population over the course of an infection. We monitor evolution of cell populations on the shape space over a string of infections, and find that the distribution of losses becomes increasingly heavy-tailed with time. Initially this lowers the average loss: the memory cell population becomes tuned to the history of past exposures, reducing the loss of the system when subjected to a second, similar infection. This is accompanied by a corresponding increase in vulnerability to novel infections, which ultimately causes the expected loss to increase due to overspecialization, leading to increasing fragility with age (i.e., immunosenescence). In our model, immunosenescence is not the result of a performance degradation of some specific lymphocyte, but rather a natural consequence of the built-in mechanisms for system adaptation. This “robust, yet fragile” behavior is a key signature of Highly Optimized Tolerance.</p></abstract><abstract abstract-type="synopsis"><title>Synopsis</title><p>The immune system can be viewed as a complex system, which adapts, over time, to reflect the history of infections experienced by the organism. This paper describes a model that captures this adaptation and corresponding robust, yet fragile behavior. To model immunological processes that rely on binding specificity, researchers typically utilize abstract shape space models. These models describe the binding characteristics of a receptor or antigen as points in a high dimensional vector space. Stromberg and Carlson have incorporated the concept of shape space into a dynamical model of immune response. They use this model to examine the development of the system over a series of infections and monitor the severity of disease for each infection. The diseases are drawn at random from a distribution having a few frequently reoccurring and many rare. The system is observed to adapt over a series of infections, becoming robust to the frequent diseases while developing fragility to the rare diseases. This age-correlated weakness arises from the underlying dynamics of system adaptation rather than from an accumulation of defects. This robust, yet fragile behavior is a signature of Highly Optimized Tolerance, a mechanism for complexity based on robustness tradeoffs.</p></abstract><counts><page-count count="7"/></counts><custom-meta-group><custom-meta><meta-name>citation</meta-name><meta-value>Stromberg SP, Carlson J (2006) Robustness and fragility in immunosenescence. PLoS Comput Biol 2(11): e160. doi:<ext-link ext-link-type="doi" xlink:href="10.1371/journal.pcbi.0020160">10.1371/journal.pcbi.0020160</ext-link></meta-value></custom-meta></custom-meta-group></article-meta></front></article>