<article xmlns="https://jats.nlm.nih.gov/ns/archiving/1.2/" xmlns:xsi="http://www.w3.org/2001/XMLSchema-instance" xmlns:ali="http://www.niso.org/schemas/ali/1.0/" xmlns:mml="http://www.w3.org/1998/Math/MathML" xmlns:xlink="http://www.w3.org/1999/xlink" xsi:schemaLocation="https://jats.nlm.nih.gov/ns/archiving/1.2/ https://jats.nlm.nih.gov/archiving/1.2/xsd/JATS-archivearticle1.xsd" article-type="research-article"><front><journal-meta><journal-id journal-id-type="nlm-ta">PLoS Comput Biol</journal-id><journal-id journal-id-type="iso-abbrev">PLoS Comput. Biol</journal-id><journal-id journal-id-type="publisher-id">pcbi</journal-id><journal-id journal-id-type="publisher-id">plcb</journal-id><journal-id journal-id-type="pmc">ploscomp</journal-id><journal-title-group><journal-title>PLoS Computational Biology</journal-title></journal-title-group><issn pub-type="ppub">1553-734X</issn><issn pub-type="epub">1553-7358</issn><publisher><publisher-name>Public Library of Science</publisher-name><publisher-loc>San Francisco, USA</publisher-loc></publisher></journal-meta><article-meta><article-id pub-id-type="accession">PMC1963493</article-id><article-id pub-id-type="pmcid">PMC1963493</article-id><article-id pub-id-type="pmc-uid">1963493</article-id><article-id pub-id-type="pmid">17784783</article-id><article-id pub-id-type="pmid">17784783</article-id><article-id pub-id-type="doi">10.1371/journal.pcbi.0030171</article-id><article-id pub-id-type="publisher-id">07-PLCB-RA-0070R2</article-id><article-id pub-id-type="sici">plcb-03-08-22</article-id><article-categories><subj-group subj-group-type="heading"><subject>Research Article</subject></subj-group><subj-group subj-group-type="Discipline"><subject>Biophysics</subject><subject>Computational Biology</subject></subj-group><subj-group subj-group-type="System Taxonomy"><subject>Animals</subject></subj-group></article-categories><title-group><article-title>Pathway Switching Explains the Sharp Response Characteristic of Hypoxia Response Network</article-title><alt-title alt-title-type="running-head">Pathway Switching in Hypoxia Network</alt-title></title-group><contrib-group><contrib contrib-type="author"><name><surname>Yu</surname><given-names>Yihai</given-names></name><xref ref-type="aff" rid="aff1">1</xref></contrib><contrib contrib-type="author"><name><surname>Wang</surname><given-names>Guanyu</given-names></name><xref ref-type="aff" rid="aff1">1</xref></contrib><contrib contrib-type="author"><name><surname>Simha</surname><given-names>Rahul</given-names></name><xref ref-type="aff" rid="aff2">2</xref></contrib><contrib contrib-type="author"><name><surname>Peng</surname><given-names>Weiqun</given-names></name><xref ref-type="aff" rid="aff1">1</xref></contrib><contrib contrib-type="author"><name><surname>Turano</surname><given-names>Frank</given-names></name><xref ref-type="aff" rid="aff3">3</xref></contrib><contrib contrib-type="author"><name><surname>Zeng</surname><given-names>Chen</given-names></name><xref ref-type="aff" rid="aff1">1</xref><xref ref-type="corresp" rid="cor1">*</xref></contrib></contrib-group><aff id="aff1"><label>1</label> Department of Physics, George Washington University, Washington, D.C., United States of America
</aff><aff id="aff2"><label>2</label> Department of Computer Sciences, George Washington University, Washington, D.C., United States of America
</aff><aff id="aff3"><label>3</label> Department of Biological Sciences, George Washington University, Washington, D.C., United States of America
</aff><contrib-group><contrib contrib-type="editor"><name><surname>Arkin</surname><given-names>Adam P</given-names></name><role>Editor</role><xref ref-type="aff" rid="edit1"/></contrib></contrib-group><aff id="edit1">Lawrence Berkeley National Laboratory, United States of America</aff><author-notes><corresp id="cor1">* To whom correspondence should be addressed. E-mail: <email>chenz@gwu.edu</email></corresp></author-notes><pub-date pub-type="ppub"><month>8</month><year>2007</year></pub-date><pub-date pub-type="epub"><day>31</day><month>8</month><year>2007</year></pub-date><pub-date pub-type="epreprint"><day>20</day><month>7</month><year>2007</year></pub-date><volume>3</volume><issue>8</issue><elocation-id>e171</elocation-id><history><date date-type="received"><day>8</day><month>2</month><year>2007</year></date><date date-type="accepted"><day>19</day><month>7</month><year>2007</year></date></history><permissions><copyright-statement> © 2007 Yu et al.</copyright-statement><copyright-year>2007</copyright-year><license xlink:href="http://creativecommons.org/licenses/by/4.0/"><license-p>This is an open-access article distributed under the terms of the Creative Commons Attribution License, which permits unrestricted use, distribution, and reproduction in any medium, provided the original author and source are properly credited.</license-p></license></permissions><!--<related-article preprintResearch Article10.1371/journal.pcbi.0030171.eorRA1doisimple>Pathway Switching Explains the Sharp Response Characteristic of Hypoxia Response Network</related-article>--><abstract><p>Hypoxia induces the expression of genes that alter metabolism through the hypoxia-inducible factor (HIF). A theoretical model based on differential equations of the hypoxia response network has been previously proposed in which a sharp response to changes in oxygen concentration was observed but not quantitatively explained. That model consisted of reactions involving 23 molecular species among which the concentrations of HIF and oxygen were linked through a complex set of reactions. In this paper, we analyze this previous model using a combination of mathematical tools to draw out the key components of the network and explain quantitatively how they contribute to the sharp oxygen response. We find that the switch-like behavior is due to pathway-switching wherein HIF degrades rapidly under normoxia in one pathway, while the other pathway accumulates HIF to trigger downstream genes under hypoxia. The analytic technique is potentially useful in studying larger biomedical networks.</p></abstract><abstract abstract-type="summary"><title>Author Summary</title><sec id="st1"><title/><p>A complex biomolecular network utilizes different pathways to perform different functions. However, the interactions within the network are typically so complicated that the pathway structure is usually hidden. By some mathematical techniques, the pathways can be identified and possibly decoupled, whereby the insightful details of the network can be exposed. As an example, we study in this paper the hypoxia response network that manifests a dramatic switch-like behavior for certain sets of rate constants: a slight change of the oxygen concentration close to a critical value will lead to distinct reaction patterns. By a technique called extreme pathway analysis, the network is decoupled into three major and some minor pathways. Flux distribution among these pathways can thus be measured by integrating the ordinary differential equations for any given set of rate constants. For the sets of rate constants where the switch-like behavior is observed, we found that such a behavior is due to the switching of flux between two of the three major pathways.</p></sec></abstract><counts><page-count count="12"/></counts><custom-meta-group><custom-meta><meta-name>citation</meta-name><meta-value>Yu Y, Wang G, Simha R, Peng W, Turano F, et al. (2007) Pathway switching explains the sharp response characteristic of hypoxia response network. PLoS Comput Biol 3(8): e171. doi:<ext-link ext-link-type="doi" xlink:href="10.1371/journal.pcbi.0030171">10.1371/journal.pcbi.0030171</ext-link></meta-value></custom-meta></custom-meta-group></article-meta></front></article>