<article xmlns="https://jats.nlm.nih.gov/ns/archiving/1.2/" xmlns:xsi="http://www.w3.org/2001/XMLSchema-instance" xmlns:ali="http://www.niso.org/schemas/ali/1.0/" xmlns:mml="http://www.w3.org/1998/Math/MathML" xmlns:xlink="http://www.w3.org/1999/xlink" xsi:schemaLocation="https://jats.nlm.nih.gov/ns/archiving/1.2/ https://jats.nlm.nih.gov/archiving/1.2/xsd/JATS-archivearticle1.xsd" article-type="research-article"><front><journal-meta><journal-id journal-id-type="nlm-ta">PLoS Comput Biol</journal-id><journal-id journal-id-type="iso-abbrev">PLoS Comput. Biol</journal-id><journal-id journal-id-type="publisher-id">pcbi</journal-id><journal-id journal-id-type="publisher-id">plcb</journal-id><journal-id journal-id-type="pmc">ploscomp</journal-id><journal-title-group><journal-title>PLoS Computational Biology</journal-title></journal-title-group><issn pub-type="ppub">1553-734X</issn><issn pub-type="epub">1553-7358</issn><publisher><publisher-name>Public Library of Science</publisher-name><publisher-loc>San Francisco, USA</publisher-loc></publisher></journal-meta><article-meta><article-id pub-id-type="accession">PMC1526461</article-id><article-id pub-id-type="pmcid">PMC1526461</article-id><article-id pub-id-type="pmc-uid">1526461</article-id><article-id pub-id-type="pmid">16884331</article-id><article-id pub-id-type="pmid">16884331</article-id><article-id pub-id-type="doi">10.1371/journal.pcbi.0020100</article-id><article-id pub-id-type="publisher-id">06-PLCB-RA-0152R2</article-id><article-id pub-id-type="sici">plcb-02-08-01</article-id><article-categories><subj-group subj-group-type="heading"><subject>Research Article</subject></subj-group><subj-group subj-group-type="Discipline"><subject>Bioinformatics - Computational Biology</subject><subject>Molecular Biology - Structural Biology</subject></subj-group><subj-group subj-group-type="System Taxonomy"><subject>Eukaryotes</subject><subject>Drosophila</subject><subject>Caenorhabditis</subject><subject>Homo (Human)</subject><subject>Saccharomyces</subject></subj-group></article-categories><title-group><article-title>Intrinsic Disorder Is a Common Feature of Hub Proteins from Four Eukaryotic Interactomes</article-title><alt-title alt-title-type="running-head">Disordered Hubs in Eukaryotic Interactomes</alt-title></title-group><contrib-group><contrib contrib-type="author"><name><surname>Haynes</surname><given-names>Chad</given-names></name><xref ref-type="aff" rid="aff1">1</xref></contrib><contrib contrib-type="author"><name><surname>Oldfield</surname><given-names>Christopher J</given-names></name><xref ref-type="aff" rid="aff2">2</xref></contrib><contrib contrib-type="author"><name><surname>Ji</surname><given-names>Fei</given-names></name><xref ref-type="aff" rid="aff1">1</xref></contrib><contrib contrib-type="author"><name><surname>Klitgord</surname><given-names>Niels</given-names></name><xref ref-type="aff" rid="aff3">3</xref></contrib><contrib contrib-type="author"><name><surname>Cusick</surname><given-names>Michael E</given-names></name><xref ref-type="aff" rid="aff3">3</xref></contrib><contrib contrib-type="author"><name><surname>Radivojac</surname><given-names>Predrag</given-names></name><xref ref-type="aff" rid="aff5">5</xref></contrib><contrib contrib-type="author"><name><surname>Uversky</surname><given-names>Vladimir N</given-names></name><xref ref-type="aff" rid="aff2">2</xref><xref ref-type="aff" rid="aff6">6</xref></contrib><contrib contrib-type="author"><name><surname>Vidal</surname><given-names>Marc</given-names></name><xref ref-type="aff" rid="aff3">3</xref><xref ref-type="aff" rid="aff4">4</xref></contrib><contrib contrib-type="author"><name><surname>Iakoucheva</surname><given-names>Lilia M</given-names></name><xref ref-type="aff" rid="aff1">1</xref><xref ref-type="corresp" rid="cor1">*</xref></contrib></contrib-group><aff id="aff1"><label>1</label>Laboratory of Statistical Genetics, The Rockefeller University, New York, New York, United States of America
</aff><aff id="aff2"><label>2</label>Center for Computational Biology and Bioinformatics, Indiana University School of Medicine, Indianapolis, Indiana, United States of America
</aff><aff id="aff3"><label>3</label>Center for Cancer Systems Biology and Department of Cancer Biology, Dana-Farber Cancer Institute, Boston, Massachusetts, United States of America
</aff><aff id="aff4"><label>4</label>Department of Genetics, Harvard Medical School, Boston, Massachusetts, United States of America
</aff><aff id="aff5"><label>5</label>Indiana University School of Informatics, Bloomington, Indiana, United States of America
</aff><aff id="aff6"><label>6</label>Institute for Biological Instrumentation, Russian Academy of Sciences, Moscow, Russia
</aff><contrib-group><contrib contrib-type="editor"><name><surname>Arrowsmith</surname><given-names>Cheryl</given-names></name><role>Editor</role><xref ref-type="aff" rid="edit1"/></contrib></contrib-group><aff id="edit1">University of Toronto, Canada</aff><author-notes><corresp id="cor1">* To whom correspondence should be addressed. E-mail: <email>lilia@rockefeller.edu</email></corresp></author-notes><pub-date pub-type="ppub"><month>8</month><year>2006</year></pub-date><pub-date pub-type="epub"><day>4</day><month>8</month><year>2006</year></pub-date><pub-date pub-type="epreprint"><day>23</day><month>6</month><year>2006</year></pub-date><volume>2</volume><issue>8</issue><elocation-id>e100</elocation-id><history><date date-type="received"><day>26</day><month>4</month><year>2006</year></date><date date-type="accepted"><day>23</day><month>6</month><year>2006</year></date></history><permissions><copyright-statement> © 2006 Haynes et al.</copyright-statement><copyright-year>2006</copyright-year><license xlink:href="http://creativecommons.org/licenses/by/4.0/"><license-p>This is an open-access article distributed under the terms of the Creative Commons Attribution License, which permits unrestricted use, distribution, and reproduction in any medium, provided the original author and source are properly credited.</license-p></license></permissions><!--<related-article preprintresearch10.1371/journal.pcbi.0020100.eorsimple>Intrinsic Disorder Is a Common Feature of Hub Proteins from Four Eukaryotic Interactomes</related-article>--><abstract><p>Recent proteome-wide screening approaches have provided a wealth of information about interacting proteins in various organisms. To test for a potential association between protein connectivity and the amount of predicted structural disorder, the disorder propensities of proteins with various numbers of interacting partners from four eukaryotic organisms <italic>(Caenorhabditis elegans, Saccharomyces cerevisiae, Drosophila melanogaster,</italic> and <italic>Homo sapiens)</italic> were investigated. The results of PONDR VL-XT disorder analysis show that for all four studied organisms, hub proteins, defined here as those that interact with ≥10 partners, are significantly more disordered than end proteins, defined here as those that interact with just one partner. The proportion of predicted disordered residues, the average disorder score, and the number of predicted disordered regions of various lengths were higher overall in hubs than in ends. A binary classification of hubs and ends into ordered and disordered subclasses using the consensus prediction method showed a significant enrichment of wholly disordered proteins and a significant depletion of wholly ordered proteins in hubs relative to ends in worm, fly, and human. The functional annotation of yeast hubs and ends using GO categories and the correlation of these annotations with disorder predictions demonstrate that proteins with regulation, transcription, and development annotations are enriched in disorder, whereas proteins with catalytic activity, transport, and membrane localization annotations are depleted in disorder. The results of this study demonstrate that intrinsic structural disorder is a distinctive and common characteristic of eukaryotic hub proteins, and that disorder may serve as a determinant of protein interactivity.</p></abstract><abstract abstract-type="synopsis"><title>Synopsis</title><p>From the formulation of Emil Fisher's lock-and-key hypothesis in 1894 until the early 1990s, a dominating and widely accepted concept in molecular biology was the protein structure–function paradigm. According to this concept, a protein can perform its biological function(s) only after folding into a specific rigid 3-D structure. Only recently has the validity of this structure–function paradigm been seriously challenged, primarily through the wealth of counterexamples that have gradually accumulated over the past 15 years. These counterexamples demonstrated that many proteins exist in a natively unfolded (or intrinsically disordered) state, and function without a prerequisite stably folded structure. In many cases, the lack of structure is required for biological function. Previous results have implicated intrinsic disorder as having an important role in protein interactions. The authors generalize this notion by comparing interaction networks from four eukaryotic organisms: yeast, worm, fly, and human. They have found that within these networks the proteins that interact with multiple protein partners (network hubs) are significantly more disordered than proteins that interact with a single protein partner (network ends). The results of this study demonstrate that intrinsic structural disorder is a distinctive and common characteristic of hub proteins, and that disorder may serve as a determinant of protein interactivity.</p></abstract><counts><page-count count="12"/></counts><custom-meta-group><custom-meta><meta-name>citation</meta-name><meta-value>Haynes C, Oldfield CJ, Ji F, Klitgord N, Cusick ME, et al. (2006) Intrinsic disorder is a common feature of hub proteins from four eukaryotic interactomes. PLoS Comput Biol 2(8): e100. DOI: <ext-link ext-link-type="doi" xlink:href="10.1371/journal.pcbi.0020100">10.1371/journal.pcbi.0020100</ext-link></meta-value></custom-meta></custom-meta-group></article-meta></front></article>