<article xmlns="https://jats.nlm.nih.gov/ns/archiving/1.2/" xmlns:xsi="http://www.w3.org/2001/XMLSchema-instance" xmlns:ali="http://www.niso.org/schemas/ali/1.0/" xmlns:mml="http://www.w3.org/1998/Math/MathML" xmlns:xlink="http://www.w3.org/1999/xlink" xsi:schemaLocation="https://jats.nlm.nih.gov/ns/archiving/1.2/ https://jats.nlm.nih.gov/archiving/1.2/xsd/JATS-archivearticle1.xsd" article-type="research-article"><front><journal-meta><journal-id journal-id-type="nlm-ta">PLoS Comput Biol</journal-id><journal-id journal-id-type="iso-abbrev">PLoS Comput. Biol</journal-id><journal-id journal-id-type="publisher-id">pcbi</journal-id><journal-id journal-id-type="publisher-id">plcb</journal-id><journal-id journal-id-type="pmc">ploscomp</journal-id><journal-title-group><journal-title>PLoS Computational Biology</journal-title></journal-title-group><issn pub-type="ppub">1553-734X</issn><issn pub-type="epub">1553-7358</issn><publisher><publisher-name>Public Library of Science</publisher-name><publisher-loc>San Francisco, USA</publisher-loc></publisher></journal-meta><article-meta><article-id pub-id-type="accession">PMC1560403</article-id><article-id pub-id-type="pmcid">PMC1560403</article-id><article-id pub-id-type="pmc-uid">1560403</article-id><article-id pub-id-type="pmid">16965175</article-id><article-id pub-id-type="pmid">16965175</article-id><article-id pub-id-type="doi">10.1371/journal.pcbi.0020117</article-id><article-id pub-id-type="publisher-id">05-PLCB-RA-0272R3</article-id><article-id pub-id-type="sici">plcb-02-09-04</article-id><article-categories><subj-group subj-group-type="heading"><subject>Research Article</subject></subj-group><subj-group subj-group-type="Discipline"><subject>Bioinformatics - Computational Biology</subject><subject>Systems Biology</subject></subj-group><subj-group subj-group-type="System Taxonomy"><subject>Mus (Mouse)</subject></subj-group></article-categories><title-group><article-title>Oscillatory Regulation of Hes1: Discrete Stochastic Delay Modelling and Simulation</article-title><alt-title alt-title-type="running-head">Oscillatory Regulation of Hes1</alt-title></title-group><contrib-group><contrib contrib-type="author"><name><surname>Barrio</surname><given-names>Manuel</given-names></name><xref ref-type="aff" rid="aff1">1</xref></contrib><contrib contrib-type="author"><name><surname>Burrage</surname><given-names>Kevin</given-names></name><xref ref-type="aff" rid="aff2">2</xref><xref ref-type="corresp" rid="cor1">*</xref></contrib><contrib contrib-type="author"><name><surname>Leier</surname><given-names>André</given-names></name><xref ref-type="aff" rid="aff2">2</xref></contrib><contrib contrib-type="author"><name><surname>Tian</surname><given-names>Tianhai</given-names></name><xref ref-type="aff" rid="aff2">2</xref></contrib></contrib-group><aff id="aff1"><label>1</label> Departamento de Informática, Universidad de Valladolid, Valladolid, Spain
</aff><aff id="aff2"><label>2</label> Advanced Computational Modelling Centre, University of Queensland, Brisbane, Australia
</aff><contrib-group><contrib contrib-type="editor"><name><surname>Hunter</surname><given-names>Peter</given-names></name><role>Editor</role><xref ref-type="aff" rid="edit1"/></contrib></contrib-group><aff id="edit1">University of Auckland, New Zealand</aff><author-notes><corresp id="cor1">* To whom correspondence should be addressed. E-mail: <email>kb@maths.uq.edu.au</email></corresp></author-notes><pub-date pub-type="ppub"><month>9</month><year>2006</year></pub-date><pub-date pub-type="epub"><day>8</day><month>9</month><year>2006</year></pub-date><pub-date pub-type="epreprint"><day>25</day><month>7</month><year>2006</year></pub-date><volume>2</volume><issue>9</issue><elocation-id>e117</elocation-id><history><date date-type="received"><day>12</day><month>10</month><year>2005</year></date><date date-type="accepted"><day>25</day><month>7</month><year>2006</year></date></history><permissions><copyright-statement> © 2006 Barrio et al.</copyright-statement><copyright-year>2006</copyright-year><license xlink:href="http://creativecommons.org/licenses/by/4.0/"><license-p>This is an open-access article distributed under the terms of the Creative Commons Attribution License, which permits unrestricted use, distribution, and reproduction in any medium, provided the original author and source are properly credited.</license-p></license></permissions><!--<related-article preprintResearch Article10.1371/journal.pcbi.0020117.eorsimple>Oscillatory Regulation of Hes1: Discrete Stochastic Delay Modelling and Simulation</related-article>--><abstract><p>Discrete stochastic simulations are a powerful tool for understanding the dynamics of chemical kinetics when there are small-to-moderate numbers of certain molecular species. In this paper we introduce delays into the stochastic simulation algorithm, thus mimicking delays associated with transcription and translation. We then show that this process may well explain more faithfully than continuous deterministic models the observed sustained oscillations in expression levels of <italic>hes1</italic> mRNA and Hes1 protein.</p></abstract><abstract abstract-type="synopsis"><title>Synopsis</title><p>Delay processes are ubiquitous in the biological sciences but are not always well-represented in mathematical models attempting to describe these biological processes. Additional issues arise when attempting to capture the uncertainty (intrinsic noise) associated with chemical kinetics in dealing with when and in what order reactions take place. Complicating the situation further are important instances when certain key molecules occur only in small numbers, so that it is not meaningful to talk about concentrations.</p><p>In this paper Barrio et al. show how to incorporate delay, intrinsic noise, and discreteness associated with chemical kinetic systems into a very simple algorithm called the delay stochastic simulation algorithm (DSSA). This algorithm very naturally generalises the stochastic simulation algorithm that does not treat delays. The authors then apply the DSSA to a specific set of experiments performed by Hirata et al. who showed, amongst other things, that serum treatment of cultured cells induces cyclic expression of both mRNA and protein of the Notch effector Hes1 with a two-hour period. The authors show how this approach can explain additional experiments performed by Hirata et al., and, because this approach is very general, suggest that it can provide deep insights into the relationship between delayed processes, intrinsic noise, and small numbers of molecules in many biological systems.</p></abstract><counts><page-count count="14"/></counts><custom-meta-group><custom-meta><meta-name>citation</meta-name><meta-value>Barrio M, Burrage K, Leier A, Tian T (2006) Oscillatory regulation of Hes1: Discrete stochastic delay modelling and simulation. PLoS Comput Biol 2(9): e117. DOI: <ext-link ext-link-type="doi" xlink:href="10.1371/journal.pcbi.0020117">10.1371/journal.pcbi.0020117</ext-link></meta-value></custom-meta></custom-meta-group></article-meta></front></article>