<article xmlns="https://jats.nlm.nih.gov/ns/archiving/1.2/" xmlns:xsi="http://www.w3.org/2001/XMLSchema-instance" xmlns:ali="http://www.niso.org/schemas/ali/1.0/" xmlns:mml="http://www.w3.org/1998/Math/MathML" xmlns:xlink="http://www.w3.org/1999/xlink" xsi:schemaLocation="https://jats.nlm.nih.gov/ns/archiving/1.2/ https://jats.nlm.nih.gov/archiving/1.2/xsd/JATS-archivearticle1.xsd" article-type="research-article"><front><journal-meta><journal-id journal-id-type="nlm-ta">PLoS Comput Biol</journal-id><journal-id journal-id-type="iso-abbrev">PLoS Comput. Biol</journal-id><journal-id journal-id-type="publisher-id">pcbi</journal-id><journal-id journal-id-type="publisher-id">plcb</journal-id><journal-id journal-id-type="pmc">ploscomp</journal-id><journal-title-group><journal-title>PLoS Computational Biology</journal-title></journal-title-group><issn pub-type="ppub">1553-734X</issn><issn pub-type="epub">1553-7358</issn><publisher><publisher-name>Public Library of Science</publisher-name><publisher-loc>San Francisco, USA</publisher-loc></publisher></journal-meta><article-meta><article-id pub-id-type="accession">PMC1323466</article-id><article-id pub-id-type="pmcid">PMC1323466</article-id><article-id pub-id-type="pmc-uid">1323466</article-id><article-id pub-id-type="pmid">16389299</article-id><article-id pub-id-type="pmid">16389299</article-id><article-id pub-id-type="doi">10.1371/journal.pcbi.0010078</article-id><article-id pub-id-type="publisher-id">05-PLCB-RA-0183R2</article-id><article-id pub-id-type="sici">plcb-01-07-10</article-id><article-categories><subj-group subj-group-type="heading"><subject>Research Article</subject></subj-group><subj-group subj-group-type="Discipline"><subject>Neuroscience</subject></subj-group><subj-group subj-group-type="System Taxonomy"><subject>Vertebrates</subject></subj-group></article-categories><title-group><article-title>Segregation of the Brain into Gray and White Matter: A Design Minimizing Conduction Delays</article-title><alt-title alt-title-type="running-head">Brain Segregation into Gray/White Matter</alt-title></title-group><contrib-group><contrib contrib-type="author"><name><surname>Wen</surname><given-names>Quan</given-names></name><xref ref-type="aff" rid="aff1">1</xref><xref ref-type="aff" rid="aff2">2</xref></contrib><contrib contrib-type="author"><name><surname>Chklovskii</surname><given-names>Dmitri B</given-names></name><xref ref-type="aff" rid="aff2">2</xref><xref ref-type="corresp" rid="cor1">*</xref></contrib></contrib-group><aff id="aff1"><label>1</label> Department of Physics and Astronomy, State University of New York at Stony Brook, Stony Brook, New York, United States of America
</aff><aff id="aff2"><label>2</label> Cold Spring Harbor Laboratory, Cold Spring Harbor, New York, United States of America
</aff><contrib-group><contrib contrib-type="editor"><name><surname>Friston</surname><given-names>Karl</given-names></name><role>Editor</role><xref ref-type="aff" rid="edit1"/></contrib></contrib-group><aff id="edit1">University College London, United Kingdom</aff><author-notes><corresp id="cor1">* To whom correspondence should be addressed. E-mail: <email>mitya@cshl.edu</email></corresp></author-notes><pub-date pub-type="ppub"><month>12</month><year>2005</year></pub-date><pub-date pub-type="epub"><day>30</day><month>12</month><year>2005</year></pub-date><volume>1</volume><issue>7</issue><elocation-id>e78</elocation-id><history><date date-type="received"><day>1</day><month>8</month><year>2005</year></date><date date-type="accepted"><day>28</day><month>11</month><year>2005</year></date></history><permissions><copyright-statement>Copyright: © 2005 Wen and Chklovskii.</copyright-statement><copyright-year>2005</copyright-year><license xlink:href="http://creativecommons.org/licenses/by/4.0/"><license-p>This is an open-access article distributed under the terms of the Creative Commons Attribution License, which permits unrestricted use, distribution, and reproduction in any medium, provided the original author and source are properly credited.</license-p></license></permissions><abstract><p>A ubiquitous feature of the vertebrate anatomy is the segregation of the brain into white and gray matter. Assuming that evolution maximized brain functionality, what is the reason for such segregation? To answer this question, we posit that brain functionality requires high interconnectivity and short conduction delays. Based on this assumption we searched for the optimal brain architecture by comparing different candidate designs. We found that the optimal design depends on the number of neurons, interneuronal connectivity, and axon diameter. In particular, the requirement to connect neurons with many fast axons drives the segregation of the brain into white and gray matter. These results provide a possible explanation for the structure of various regions of the vertebrate brain, such as the mammalian neocortex and neostriatum, the avian telencephalon, and the spinal cord.</p></abstract><abstract abstract-type="synopsis"><title>Synopsis</title><p>Vertebrate brains generally contain two kinds of tissue: gray matter and white matter. Gray matter contains local networks of neurons that are wired by dendrites and mostly nonmyelinated local axons. White matter contains long-range axons that implement global communication via often myelinated axons. What is the evolutionary advantage of segregating the brain into white and gray matter rather than intermixing them? In this study, the authors postulate that brain functionality benefits from high synaptic connectivity and short conduction delays—the time required for a signal from one neuron soma to reach another. Using this postulate, they show quantitatively that the existence of many fast, long-range axons drives the segregation of the brain into gray and white matter. The theory not only provides a possible explanation for the structure of various brain regions such as cerebral cortex, neostriatum, and spinal cord, but also makes several testable predictions such as the scaling estimate of the cortical thickness.</p></abstract><counts><page-count count="14"/></counts><custom-meta-group><custom-meta><meta-name>Citation:</meta-name><meta-value>Wen Q, Chklovskii DB (2005) Segregation of the brain into gray and white matter: A design minimizing conduction delays. PLoS Comput Biol 1(7): e78.</meta-value></custom-meta></custom-meta-group></article-meta></front></article>