<article xmlns="https://jats.nlm.nih.gov/ns/archiving/1.2/" xmlns:xsi="http://www.w3.org/2001/XMLSchema-instance" xmlns:ali="http://www.niso.org/schemas/ali/1.0/" xmlns:mml="http://www.w3.org/1998/Math/MathML" xmlns:xlink="http://www.w3.org/1999/xlink" xsi:schemaLocation="https://jats.nlm.nih.gov/ns/archiving/1.2/ https://jats.nlm.nih.gov/archiving/1.2/xsd/JATS-archivearticle1.xsd" article-type="research-article"><front><journal-meta><journal-id journal-id-type="nlm-ta">PLoS Comput Biol</journal-id><journal-id journal-id-type="iso-abbrev">PLoS Comput. Biol</journal-id><journal-id journal-id-type="publisher-id">pcbi</journal-id><journal-id journal-id-type="publisher-id">plcb</journal-id><journal-id journal-id-type="pmc">ploscomp</journal-id><journal-title-group><journal-title>PLoS Computational Biology</journal-title></journal-title-group><issn pub-type="ppub">1553-734X</issn><issn pub-type="epub">1553-7358</issn><publisher><publisher-name>Public Library of Science</publisher-name><publisher-loc>San Francisco, USA</publisher-loc></publisher></journal-meta><article-meta><article-id pub-id-type="accession">PMC1232128</article-id><article-id pub-id-type="pmcid">PMC1232128</article-id><article-id pub-id-type="pmc-uid">1232128</article-id><article-id pub-id-type="pmid">16184192</article-id><article-id pub-id-type="pmid">16184192</article-id><article-id pub-id-type="doi">10.1371/journal.pcbi.0010043</article-id><article-id pub-id-type="publisher-id">05-PLCB-RA-0052R1</article-id><article-id pub-id-type="sici">plcb-01-04-04</article-id><article-categories><subj-group subj-group-type="heading"><subject>Research Article</subject></subj-group><subj-group subj-group-type="Discipline"><subject>Bioinformatics - Computational Biology</subject><subject>Genetics/Genome Projects</subject><subject>Genetics/Chromosome Biology</subject><subject>Plant Science</subject></subj-group><subj-group subj-group-type="System Taxonomy"><subject>Plants</subject><subject>Oryza</subject></subj-group></article-categories><title-group><article-title>ReAS: Recovery of Ancestral Sequences for Transposable Elements from the Unassembled Reads of a Whole Genome Shotgun</article-title><alt-title alt-title-type="running-head">ReAS: Recovery of Ancestral Sequences</alt-title></title-group><contrib-group><contrib contrib-type="author" equal-contrib="yes"><name><surname>Li</surname><given-names>Ruiqiang</given-names></name><xref ref-type="aff" rid="aff1">1</xref><xref ref-type="aff" rid="aff2">2</xref></contrib><contrib contrib-type="author" equal-contrib="yes"><name><surname>Ye</surname><given-names>Jia</given-names></name><xref ref-type="aff" rid="aff1">1</xref><xref ref-type="aff" rid="aff2">2</xref></contrib><contrib contrib-type="author" equal-contrib="yes"><name><surname>Li</surname><given-names>Songgang</given-names></name><xref ref-type="aff" rid="aff2">2</xref><xref ref-type="aff" rid="aff3">3</xref></contrib><contrib contrib-type="author" equal-contrib="yes"><name><surname>Wang</surname><given-names>Jing</given-names></name><xref ref-type="aff" rid="aff2">2</xref></contrib><contrib contrib-type="author"><name><surname>Han</surname><given-names>Yujun</given-names></name><xref ref-type="aff" rid="aff2">2</xref></contrib><contrib contrib-type="author"><name><surname>Ye</surname><given-names>Chen</given-names></name><xref ref-type="aff" rid="aff2">2</xref></contrib><contrib contrib-type="author"><name><surname>Wang</surname><given-names>Jian</given-names></name><xref ref-type="aff" rid="aff1">1</xref><xref ref-type="aff" rid="aff2">2</xref></contrib><contrib contrib-type="author"><name><surname>Yang</surname><given-names>Huanming</given-names></name><xref ref-type="aff" rid="aff1">1</xref><xref ref-type="aff" rid="aff2">2</xref></contrib><contrib contrib-type="author"><name><surname>Yu</surname><given-names>Jun</given-names></name><xref ref-type="aff" rid="aff1">1</xref><xref ref-type="aff" rid="aff2">2</xref></contrib><contrib contrib-type="author"><name><surname>Wong</surname><given-names>Gane Ka-Shu</given-names></name><xref ref-type="aff" rid="aff1">1</xref><xref ref-type="aff" rid="aff2">2</xref><xref ref-type="aff" rid="aff4">4</xref><xref ref-type="corresp" rid="cor1">*</xref></contrib><contrib contrib-type="author"><name><surname>Wang</surname><given-names>Jun</given-names></name><xref ref-type="aff" rid="aff1">1</xref><xref ref-type="aff" rid="aff2">2</xref><xref ref-type="aff" rid="aff5">5</xref><xref ref-type="aff" rid="aff6">6</xref><xref ref-type="corresp" rid="cor1">*</xref></contrib></contrib-group><aff id="aff1"><label>1</label> James D. Watson Institute of Genome Sciences of Zhejiang University, Hangzhou, China
</aff><aff id="aff2"><label>2</label> Beijing Institute of Genomics of Chinese Academy of Sciences, Beijing Genomics Institute, Beijing, China
</aff><aff id="aff3"><label>3</label> College of Life Sciences, Peking University, Beijing, China
</aff><aff id="aff4"><label>4</label> UW Genome Center, Department of Medicine, University of Washington, Seattle, Washington, United States of America
</aff><aff id="aff5"><label>5</label> The Institute of Human Genetics, University of Aarhus, Aarhus, Denmark
</aff><aff id="aff6"><label>6</label> Department of Biochemistry and Molecular Biology, University of Southern Denmark, Odense M, Denmark
</aff><contrib-group><contrib contrib-type="editor"><name><surname>Baxter</surname><given-names>Susan</given-names></name><role>Editor</role><xref ref-type="aff" rid="edit1"/></contrib></contrib-group><aff id="edit1">The National Center for Genome Resources, United States of America</aff><author-notes><corresp id="cor1">* To whom correspondence should be addressed. E-mail: <email>gksw@genomics.org.cn</email> (GKW), <email>wangj@genomics.org.cn</email> (JW)</corresp></author-notes><pub-date pub-type="ppub"><month>9</month><year>2005</year></pub-date><pub-date pub-type="epub"><day>23</day><month>9</month><year>2005</year></pub-date><volume>1</volume><issue>4</issue><elocation-id>e43</elocation-id><history><date date-type="received"><day>11</day><month>3</month><year>2005</year></date><date date-type="accepted"><day>23</day><month>8</month><year>2005</year></date></history><permissions><copyright-statement>Copyright: © 2005 Li et al.</copyright-statement><copyright-year>2005</copyright-year><license xlink:href="http://creativecommons.org/licenses/by/4.0/"><license-p>This is an open-access article distributed under the terms of the Creative Commons Attribution License, which permits unrestricted use, distribution, and reproduction in any medium, provided the original author and source are properly credited.</license-p></license></permissions><abstract><p>We describe an algorithm, ReAS, to recover ancestral sequences for transposable elements (TEs) from the unassembled reads of a whole genome shotgun. The main assumptions are that these TEs must exist at high copy numbers across the genome and must not be so old that they are no longer recognizable in comparison to their ancestral sequences. Tested on the <italic>japonica</italic> rice genome, ReAS was able to reconstruct all of the high copy sequences in the Repbase repository of known TEs, and increase the effectiveness of RepeatMasker in identifying TEs from genome sequences.</p></abstract><abstract abstract-type="synopsis"><title>Synopsis</title><p>Transposable elements (TEs) are a major component of the genomes of multicellular organisms. They are parasitic creatures that invade the genome, insert multiple copies of themselves, and then die. All we see now are the decayed remnants of their ancestral sequences. Reconstruction of these ancestral sequences can bring dead TEs back to life. Algorithms for detecting TEs compare present-day sequences to a library of ancestral sequences. Unknown to many, pervasive use of whole genome shotgun (WGS) methods in large-scale sequencing have made TE reconstructions increasingly problematic. To minimize assembly errors, WGS methods must reject the highly repetitive sequences that characterize most TEs, especially the most recent TEs, which are the least diverged from their ancestral sequences (and most informative for reconstruction). This is acceptable to many, because the most important parts of the genes are not repetitive, but for the TE aficionados, it is a problem. ReAS is a novel algorithm that does TE reconstruction using only the unassembled reads of a WGS. Tested against the WGS for <italic>japonica</italic> rice, it is shown to produce a library that is superior to the manually curated Repbase database of known ancestral TEs.</p></abstract><custom-meta-group><custom-meta><meta-name>Citation:</meta-name><meta-value>Li R, Ye J, Li S, Wang J, Han Y, et al (2005) ReAS<italic>:</italic> Recovery of ancestral sequences for transposable elements from the unassembled reads of a whole genome shotgun. PLoS Comput Biol 1(4): e43.</meta-value></custom-meta></custom-meta-group></article-meta></front></article>