<article xmlns="https://jats.nlm.nih.gov/ns/archiving/1.2/" xmlns:xsi="http://www.w3.org/2001/XMLSchema-instance" xmlns:ali="http://www.niso.org/schemas/ali/1.0/" xmlns:mml="http://www.w3.org/1998/Math/MathML" xmlns:xlink="http://www.w3.org/1999/xlink" xsi:schemaLocation="https://jats.nlm.nih.gov/ns/archiving/1.2/ https://jats.nlm.nih.gov/archiving/1.2/xsd/JATS-archivearticle1.xsd" article-type="research-article"><front><journal-meta><journal-id journal-id-type="nlm-ta">PLoS Comput Biol</journal-id><journal-id journal-id-type="iso-abbrev">PLoS Comput. Biol</journal-id><journal-id journal-id-type="publisher-id">pcbi</journal-id><journal-id journal-id-type="publisher-id">plcb</journal-id><journal-id journal-id-type="pmc">ploscomp</journal-id><journal-title-group><journal-title>PLoS Computational Biology</journal-title></journal-title-group><issn pub-type="ppub">1553-734X</issn><issn pub-type="epub">1553-7358</issn><publisher><publisher-name>Public Library of Science</publisher-name><publisher-loc>San Francisco, USA</publisher-loc></publisher></journal-meta><article-meta><article-id pub-id-type="accession">PMC1847999</article-id><article-id pub-id-type="pmcid">PMC1847999</article-id><article-id pub-id-type="pmc-uid">1847999</article-id><article-id pub-id-type="pmid">17397253</article-id><article-id pub-id-type="pmid">17397253</article-id><article-id pub-id-type="doi">10.1371/journal.pcbi.0030056</article-id><article-id pub-id-type="publisher-id">06-PLCB-RA-0503R2</article-id><article-id pub-id-type="sici">plcb-03-03-24</article-id><article-categories><subj-group subj-group-type="heading"><subject>Research Article</subject></subj-group><subj-group subj-group-type="Discipline"><subject>Computational Biology</subject></subj-group><subj-group subj-group-type="System Taxonomy"><subject>None</subject></subj-group></article-categories><title-group><article-title>Query-Dependent Banding (QDB) for Faster RNA Similarity Searches</article-title><alt-title alt-title-type="running-head">Faster RNA Similarity Searches</alt-title></title-group><contrib-group><contrib contrib-type="author"><name><surname>Nawrocki</surname><given-names>Eric P</given-names></name><xref ref-type="aff" rid="aff1"/></contrib><contrib contrib-type="author"><name><surname>Eddy</surname><given-names>Sean R</given-names></name><xref ref-type="corresp" rid="cor1">*</xref><xref ref-type="aff" rid="aff1"/></contrib></contrib-group><aff id="aff1">Howard Hughes Medical Institute, Janelia Farm Research Campus, Ashburn, Virginia, United States of America</aff><contrib-group><contrib contrib-type="editor"><name><surname>Stormo</surname><given-names>Gary</given-names></name><role>Editor</role><xref ref-type="aff" rid="edit1"/></contrib></contrib-group><aff id="edit1">Washington University, United States of America</aff><author-notes><corresp id="cor1">* To whom correspondence should be addressed. E-mail: <email>eddys@janelia.hhmi.org</email></corresp></author-notes><pub-date pub-type="ppub"><month>3</month><year>2007</year></pub-date><pub-date pub-type="epub"><day>30</day><month>3</month><year>2007</year></pub-date><pub-date pub-type="epreprint"><day>7</day><month>2</month><year>2007</year></pub-date><volume>3</volume><issue>3</issue><elocation-id>e56</elocation-id><history><date date-type="received"><day>1</day><month>12</month><year>2006</year></date><date date-type="accepted"><day>6</day><month>2</month><year>2007</year></date></history><permissions><copyright-statement> © 2007 Nawrocki and Eddy.</copyright-statement><copyright-year>2007</copyright-year><license xlink:href="http://creativecommons.org/licenses/by/4.0/"><license-p>This is an open-access article distributed under the terms of the Creative Commons Attribution License, which permits unrestricted use, distribution, and reproduction in any medium, provided the original author and source are properly credited.</license-p></license></permissions><!--<related-article preprintResearch Article10.1371/journal.pcbi.0030056.eorsimple>Query-Dependent Banding (QDB) for Faster RNA Similarity Searches</related-article>--><abstract><p>When searching sequence databases for RNAs, it is desirable to score both primary sequence and RNA secondary structure similarity. Covariance models (CMs) are probabilistic models well-suited for RNA similarity search applications. However, the computational complexity of CM dynamic programming alignment algorithms has limited their practical application. Here we describe an acceleration method called query-dependent banding (QDB), which uses the probabilistic query CM to precalculate regions of the dynamic programming lattice that have negligible probability, independently of the target database. We have implemented QDB in the freely available Infernal software package. QDB reduces the average case time complexity of CM alignment from <italic>LN</italic>
<sup>2.4</sup> to <italic>LN</italic>
<sup>1.3</sup> for a query RNA of <italic>N</italic> residues and a target database of <italic>L</italic> residues, resulting in a 4-fold speedup for typical RNA queries. Combined with other improvements to Infernal, including informative mixture Dirichlet priors on model parameters, benchmarks also show increased sensitivity and specificity resulting from improved parameterization.</p></abstract><abstract abstract-type="summary"><title>Author Summary</title><sec id="st1"><title/><p>Database similarity searching is the sine qua non of computational molecular biology. Well-known and powerful methods exist for primary sequence searches, such as Blast and profile hidden Markov models. However, for RNA analysis, biologists rely not only on primary sequence but also on conserved RNA secondary structure to manually align and compare RNAs, and most computational tools for identifying RNA structural homologs remain too slow for large-scale use. We describe a new algorithm for accelerating one of the most general and powerful classes of methods for RNA sequence and structure analysis, so-called profile SCFG (stochastic context-free grammar) RNA similarity search methods. We describe this approach, called query-dependent banding, in the context of this and other improvements in a practical implementation, the freely available Infernal software package, the basis of the Rfam RNA family database for genome annotation. Infernal is now a faster, more sensitive, and more specific software tool for identifying homologs of structural RNAs.</p></sec></abstract><counts><page-count count="15"/></counts><custom-meta-group><custom-meta><meta-name>citation</meta-name><meta-value>Nawrocki EP, Eddy SR (2007) Query-dependent banding (QDB) for faster RNA similarity searches. PLoS Comput Biol 3(3): e56. doi:<ext-link ext-link-type="doi" xlink:href="10.1371/journal.pcbi.0030056">10.1371/journal.pcbi.0030056</ext-link></meta-value></custom-meta></custom-meta-group></article-meta></front></article>