<article xmlns="https://jats.nlm.nih.gov/ns/archiving/1.2/" xmlns:xsi="http://www.w3.org/2001/XMLSchema-instance" xmlns:ali="http://www.niso.org/schemas/ali/1.0/" xmlns:mml="http://www.w3.org/1998/Math/MathML" xmlns:xlink="http://www.w3.org/1999/xlink" xsi:schemaLocation="https://jats.nlm.nih.gov/ns/archiving/1.2/ https://jats.nlm.nih.gov/archiving/1.2/xsd/JATS-archivearticle1.xsd" article-type="other"><front><journal-meta><journal-id journal-id-type="nlm-ta">PLoS Comput Biol</journal-id><journal-id journal-id-type="iso-abbrev">PLoS Comput. Biol</journal-id><journal-id journal-id-type="publisher-id">pcbi</journal-id><journal-id journal-id-type="publisher-id">plcb</journal-id><journal-id journal-id-type="pmc">ploscomp</journal-id><journal-title-group><journal-title>PLoS Computational Biology</journal-title></journal-title-group><issn pub-type="ppub">1553-734X</issn><issn pub-type="epub">1553-7358</issn><publisher><publisher-name>Public Library of Science</publisher-name><publisher-loc>San Francisco, USA</publisher-loc></publisher></journal-meta><article-meta><article-id pub-id-type="accession">PMC1274292</article-id><article-id pub-id-type="pmcid">PMC1274292</article-id><article-id pub-id-type="pmc-uid">1274292</article-id><article-id pub-id-type="doi">10.1371/journal.pcbi.0010051</article-id><article-id pub-id-type="sici">plcb-01-05-09</article-id><article-categories><subj-group subj-group-type="heading"><subject>Message from ISCB</subject></subj-group></article-categories><title-group><article-title>The ISCB: Growing and Evolving in Step with Science</article-title></title-group><contrib-group><contrib contrib-type="author"><name><surname>Gribskov</surname><given-names>Michael</given-names></name><xref ref-type="author-notes" rid="aff1"/></contrib></contrib-group><author-notes><fn id="aff1" fn-type="current-aff"><p>Michael Gribskov is president of the International Society for Computational Biology. E-mail: <email>gribskov@purdue.edu</email>
</p></fn></author-notes><pub-date pub-type="ppub"><month>10</month><year>2005</year></pub-date><pub-date pub-type="epub"><day>28</day><month>10</month><year>2005</year></pub-date><volume>1</volume><issue>5</issue><elocation-id>e51</elocation-id><permissions><copyright-statement>Copyright: © 2005 Michael Gribskov.</copyright-statement><copyright-year>2005</copyright-year><license xlink:href="http://creativecommons.org/licenses/by/4.0/"><license-p>This is an open-access article distributed under the terms of the Creative Commons Attribution License, which permits unrestricted use, distribution, and reproduction in any medium, provided the original author and source are properly credited.</license-p></license></permissions><counts><page-count count="6"/></counts><custom-meta-group><custom-meta><meta-name>Citation:</meta-name><meta-value>Gribskov M (2005) The ISCB: Growing and evolving in step with science. PLoS Comput Biol 1(5): e51.</meta-value></custom-meta></custom-meta-group></article-meta></front></article>