<article xmlns="https://jats.nlm.nih.gov/ns/archiving/1.2/" xmlns:xsi="http://www.w3.org/2001/XMLSchema-instance" xmlns:ali="http://www.niso.org/schemas/ali/1.0/" xmlns:mml="http://www.w3.org/1998/Math/MathML" xmlns:xlink="http://www.w3.org/1999/xlink" xsi:schemaLocation="https://jats.nlm.nih.gov/ns/archiving/1.2/ https://jats.nlm.nih.gov/archiving/1.2/xsd/JATS-archivearticle1.xsd" article-type="research-article"><front><journal-meta><journal-id journal-id-type="nlm-ta">PLoS Comput Biol</journal-id><journal-id journal-id-type="iso-abbrev">PLoS Comput. Biol</journal-id><journal-id journal-id-type="publisher-id">pcbi</journal-id><journal-id journal-id-type="publisher-id">plcb</journal-id><journal-id journal-id-type="pmc">ploscomp</journal-id><journal-title-group><journal-title>PLoS Computational Biology</journal-title></journal-title-group><issn pub-type="ppub">1553-734X</issn><issn pub-type="epub">1553-7358</issn><publisher><publisher-name>Public Library of Science</publisher-name><publisher-loc>San Francisco, USA</publisher-loc></publisher></journal-meta><article-meta><article-id pub-id-type="accession">PMC1808491</article-id><article-id pub-id-type="pmcid">PMC1808491</article-id><article-id pub-id-type="pmc-uid">1808491</article-id><article-id pub-id-type="pmid">17335344</article-id><article-id pub-id-type="pmid">17335344</article-id><article-id pub-id-type="doi">10.1371/journal.pcbi.0030030</article-id><article-id pub-id-type="publisher-id">06-PLCB-RA-0391R2</article-id><article-id pub-id-type="sici">plcb-03-03-04</article-id><article-categories><subj-group subj-group-type="heading"><subject>Research Article</subject></subj-group><subj-group subj-group-type="Discipline"><subject>Biotechnology</subject><subject>Cell Biology</subject><subject>Computational Biology</subject><subject>Computational Biology</subject><subject>Public Health and Epidemiology</subject></subj-group><subj-group subj-group-type="System Taxonomy"><subject>Mus (Mouse)</subject><subject>Rattus (Rat)</subject></subj-group></article-categories><title-group><article-title>PPARα siRNA–Treated Expression Profiles Uncover the Causal Sufficiency Network for Compound-Induced Liver Hypertrophy</article-title><alt-title alt-title-type="running-head">Sufficiency Network for Liver Hypertrophy</alt-title></title-group><contrib-group><contrib contrib-type="author"><name><surname>Dai</surname><given-names>Xudong</given-names></name><xref ref-type="aff" rid="aff1">1</xref><xref ref-type="corresp" rid="cor1">*</xref></contrib><contrib contrib-type="author"><name><surname>Souza</surname><given-names>Angus T. De</given-names></name><xref ref-type="aff" rid="aff2">2</xref></contrib><contrib contrib-type="author"><name><surname>Dai</surname><given-names>Hongyue</given-names></name><xref ref-type="aff" rid="aff1">1</xref></contrib><contrib contrib-type="author"><name><surname>Lewis</surname><given-names>David L</given-names></name><xref ref-type="aff" rid="aff3">3</xref></contrib><contrib contrib-type="author"><name><surname>Lee</surname><given-names>Chang-kyu</given-names></name><xref ref-type="aff" rid="aff1">1</xref></contrib><contrib contrib-type="author"><name><surname>Spencer</surname><given-names>Andy G</given-names></name><xref ref-type="aff" rid="aff3">3</xref></contrib><contrib contrib-type="author"><name><surname>Herweijer</surname><given-names>Hans</given-names></name><xref ref-type="aff" rid="aff3">3</xref></contrib><contrib contrib-type="author"><name><surname>Hagstrom</surname><given-names>Jim E</given-names></name><xref ref-type="aff" rid="aff3">3</xref></contrib><contrib contrib-type="author"><name><surname>Linsley</surname><given-names>Peter S</given-names></name><xref ref-type="aff" rid="aff4">4</xref></contrib><contrib contrib-type="author"><name><surname>Bassett</surname><given-names>Douglas E</given-names></name><xref ref-type="aff" rid="aff1">1</xref></contrib><contrib contrib-type="author"><name><surname>Ulrich</surname><given-names>Roger G</given-names></name><xref ref-type="aff" rid="aff2">2</xref></contrib><contrib contrib-type="author"><name><surname>He</surname><given-names>Yudong D</given-names></name><xref ref-type="aff" rid="aff1">1</xref><xref ref-type="corresp" rid="cor1">*</xref></contrib></contrib-group><aff id="aff1"><label>1</label> Informatics, Rosetta Inpharmatics, Seattle, Washington, United States of America
</aff><aff id="aff2"><label>2</label> Preclinical Molecular Profiling, Rosetta Inpharmatics, Seattle, Washington, United States of America
</aff><aff id="aff3"><label>3</label> Mirus Bio Corporation, Madison, Wisconsin, United States of America
</aff><aff id="aff4"><label>4</label> Cancer Biology, Rosetta Inpharmatics, Seattle, Washington, United States of America
</aff><contrib-group><contrib contrib-type="editor"><name><surname>Ruepp</surname><given-names>Stefan</given-names></name><role>Editor</role><xref ref-type="aff" rid="edit1"/></contrib></contrib-group><aff id="edit1">Amgen, United States of America</aff><author-notes><corresp id="cor1">* To whom correspondence should be addressed. E-mail: <email>xudong_dai@merck.com</email> (XD); <email>yudong_he@merck.com</email> (YDH)</corresp></author-notes><pub-date pub-type="ppub"><month>3</month><year>2007</year></pub-date><pub-date pub-type="epub"><day>2</day><month>3</month><year>2007</year></pub-date><pub-date pub-type="epreprint"><day>2</day><month>1</month><year>2007</year></pub-date><volume>3</volume><issue>3</issue><elocation-id>e30</elocation-id><history><date date-type="received"><day>12</day><month>9</month><year>2006</year></date><date date-type="accepted"><day>2</day><month>1</month><year>2007</year></date></history><permissions><copyright-statement> © 2007 Dai et al.</copyright-statement><copyright-year>2007</copyright-year><license xlink:href="http://creativecommons.org/licenses/by/4.0/"><license-p>This is an open-access article distributed under the terms of the Creative Commons Attribution License, which permits unrestricted use, distribution, and reproduction in any medium, provided the original author and source are properly credited.</license-p></license></permissions><!--<related-article preprintResearch Article10.1371/journal.pcbi.0030030.eorsimple>PPAR&#x003b1; siRNA&#x02013;Treated Expression Profiles Uncover the Causal Sufficiency Network for Compound-Induced Liver Hypertrophy</related-article>--><abstract><p>Uncovering pathways underlying drug-induced toxicity is a fundamental objective in the field of toxicogenomics. Developing mechanism-based toxicity biomarkers requires the identification of such novel pathways and the order of their sufficiency in causing a phenotypic response. Genome-wide RNA interference (RNAi) phenotypic screening has emerged as an effective tool in unveiling the genes essential for specific cellular functions and biological activities. However, eliciting the relative contribution of and sufficiency relationships among the genes identified remains challenging. In the rodent, the most widely used animal model in preclinical studies, it is unrealistic to exhaustively examine all potential interactions by RNAi screening. Application of existing computational approaches to infer regulatory networks with biological outcomes in the rodent is limited by the requirements for a large number of targeted permutations. Therefore, we developed a two-step relay method that requires only one targeted perturbation for genome-wide de novo pathway discovery. Using expression profiles in response to small interfering RNAs (siRNAs) against the gene for peroxisome proliferator-activated receptor α (<italic>Ppara</italic>), our method unveiled the potential causal sufficiency order network for liver hypertrophy in the rodent. The validity of the inferred 16 causal transcripts or 15 known genes for PPARα-induced liver hypertrophy is supported by their ability to predict non-PPARα–induced liver hypertrophy with 84% sensitivity and 76% specificity. Simulation shows that the probability of achieving such predictive accuracy without the inferred causal relationship is exceedingly small (<italic>p</italic> &lt; 0.005). Five of the most sufficient causal genes have been previously disrupted in mouse models; the resulting phenotypic changes in the liver support the inferred causal roles in liver hypertrophy. Our results demonstrate the feasibility of defining pathways mediating drug-induced toxicity from siRNA-treated expression profiles. When combined with phenotypic evaluation, our approach should help to unleash the full potential of siRNAs in systematically unveiling the molecular mechanism of biological events.</p></abstract><abstract abstract-type="summary"><title>Author Summary</title><sec id="st1"><title/><p>Approaches for discovering mechanisms of action and for identifying molecular biomarkers in biomedical research are evolving today, as the growing symbiosis with computational sciences becomes more widely appreciated. In fact, the combination of various new technologies has been pushing forward both frontiers. Here, we present an example of the combined use of in vivo siRNA knock-down technology, genome-wide gene expression profiling, and computational reasoning to unveil regulatory causal relationships and the sufficiency network of identified genes for compound-induced toxicity. Unlike previously reported approaches, our method requires only one targeted perturbation for genome-wide de novo pathway discovery. Hence, our method can be directly applied to animal models in which it is still technically challenging to perform genome-wide genetic perturbation or RNAi screening. The independent application of our derived model to compounds with unrelated mechanisms of action suggests the existence of a universal molecular module that mediates liver hypertrophy. The resulting sufficiency network for induction of liver hypertrophy will have an immediate impact on the progress of toxicogenomics. When combined with phenotypic evaluation, our approach should help to unleash the full potential of siRNAs in systematically unveiling the molecular mechanisms of biological events.</p></sec></abstract><counts><page-count count="13"/></counts><custom-meta-group><custom-meta><meta-name>citation</meta-name><meta-value>Dai X, De Souza AT, Dai H, Lewis DL, Lee CK, et al. (2007) PPARα siRNA–treated expression profiles uncover the causal sufficiency network for compound-induced liver hypertrophy. PLoS Comput Biol 3(3): e30. doi:<ext-link ext-link-type="doi" xlink:href="10.1371/journal.pcbi.0030030">10.1371/journal.pcbi.0030030</ext-link></meta-value></custom-meta></custom-meta-group></article-meta></front></article>