<article xmlns="https://jats.nlm.nih.gov/ns/archiving/1.2/" xmlns:xsi="http://www.w3.org/2001/XMLSchema-instance" xmlns:ali="http://www.niso.org/schemas/ali/1.0/" xmlns:mml="http://www.w3.org/1998/Math/MathML" xmlns:xlink="http://www.w3.org/1999/xlink" xsi:schemaLocation="https://jats.nlm.nih.gov/ns/archiving/1.2/ https://jats.nlm.nih.gov/archiving/1.2/xsd/JATS-archivearticle1.xsd" article-type="research-article"><front><journal-meta><journal-id journal-id-type="nlm-ta">PLoS Comput Biol</journal-id><journal-id journal-id-type="iso-abbrev">PLoS Comput. Biol</journal-id><journal-id journal-id-type="publisher-id">pcbi</journal-id><journal-id journal-id-type="publisher-id">plcb</journal-id><journal-id journal-id-type="pmc">ploscomp</journal-id><journal-title-group><journal-title>PLoS Computational Biology</journal-title></journal-title-group><issn pub-type="ppub">1553-734X</issn><issn pub-type="epub">1553-7358</issn><publisher><publisher-name>Public Library of Science</publisher-name><publisher-loc>San Francisco, USA</publisher-loc></publisher></journal-meta><article-meta><article-id pub-id-type="accession">PMC1853124</article-id><article-id pub-id-type="pmcid">PMC1853124</article-id><article-id pub-id-type="pmc-uid">1853124</article-id><article-id pub-id-type="pmid">17447839</article-id><article-id pub-id-type="pmid">17447839</article-id><article-id pub-id-type="doi">10.1371/journal.pcbi.0030072</article-id><article-id pub-id-type="publisher-id">06-PLCB-RA-0308R2</article-id><article-id pub-id-type="sici">plcb-03-04-11</article-id><article-categories><subj-group subj-group-type="heading"><subject>Research Article</subject></subj-group><subj-group subj-group-type="Discipline"><subject>Computational Biology</subject><subject>Oncology</subject></subj-group><subj-group subj-group-type="System Taxonomy"><subject>Homo (Human)</subject></subj-group></article-categories><title-group><article-title>Comprehensive Annotation of Bidirectional Promoters Identifies Co-Regulation among Breast and Ovarian Cancer Genes</article-title><alt-title alt-title-type="running-head">Systematic Mapping of Bidirectional Promoters</alt-title></title-group><contrib-group><contrib contrib-type="author"><name><surname>Yang</surname><given-names>Mary Q</given-names></name><xref ref-type="aff" rid="aff1">1</xref></contrib><contrib contrib-type="author"><name><surname>Koehly</surname><given-names>Laura M</given-names></name><xref ref-type="aff" rid="aff2">2</xref></contrib><contrib contrib-type="author"><name><surname>Elnitski</surname><given-names>Laura L</given-names></name><xref ref-type="aff" rid="aff1">1</xref><xref ref-type="corresp" rid="cor1">*</xref></contrib></contrib-group><aff id="aff1"><label>1</label> Genome Technology Branch, National Human Genome Research Institute, National Institutes of Health, Rockville, Maryland, United States of America
</aff><aff id="aff2"><label>2</label> Social and Behavioral Research Branch, National Human Genome Research Institute, National Institutes of Health, Rockville, Maryland, United States of America
</aff><contrib-group><contrib contrib-type="editor"><name><surname>Bourne</surname><given-names>Philip E</given-names></name><role>Editor</role><xref ref-type="aff" rid="edit1"/></contrib></contrib-group><aff id="edit1">University of California San Diego, United States of America</aff><author-notes><corresp id="cor1">* To whom correspondence should be addressed. E-mail: <email>Elnitski@mail.nih.gov</email></corresp></author-notes><pub-date pub-type="ppub"><month>4</month><year>2007</year></pub-date><pub-date pub-type="epub"><day>20</day><month>4</month><year>2007</year></pub-date><pub-date pub-type="epreprint"><day>5</day><month>3</month><year>2007</year></pub-date><volume>3</volume><issue>4</issue><elocation-id>e72</elocation-id><history><date date-type="received"><day>31</day><month>7</month><year>2006</year></date><date date-type="accepted"><day>5</day><month>3</month><year>2007</year></date></history><permissions><copyright-statement>This is an open-access article distributed under the terms of the Creative Commons Public Domain declaration which stipulates that, once placed in the public domain, this work may be freely reproduced, distributed, transmitted, modified, built upon, or otherwise used by anyone for any lawful purpose.</copyright-statement><copyright-year>2007</copyright-year><license xlink:href="https://creativecommons.org/publicdomain/zero/1.0/"><license-p>This is an open-access article distributed under the terms of the Creative Commons Public Domain declaration, which stipulates that, once placed in the public domain, this work may be freely reproduced, distributed, transmitted, modified, built upon, or otherwise used by anyone for any lawful purpose.</license-p></license></permissions><!--<related-article preprintResearch Article10.1371/journal.pcbi.0030072.eorsimple>Comprehensive annotation of human bidirectional promoters identifies co-regulatory relationships among somatic breast and ovarian cancer genes</related-article>--><abstract><p>A “bidirectional gene pair” comprises two adjacent genes whose transcription start sites are neighboring and directed away from each other. The intervening regulatory region is called a “bidirectional promoter.” These promoters are often associated with genes that function in DNA repair, with the potential to participate in the development of cancer. No connection between these gene pairs and cancer has been previously investigated. Using the database of spliced-expressed sequence tags (ESTs), we identified the most complete collection of human transcripts under the control of bidirectional promoters. A rigorous screen of the spliced EST data identified new bidirectional promoters, many of which functioned as alternative promoters or regulated novel transcripts. Additionally, we show a highly significant enrichment of bidirectional promoters in genes implicated in somatic cancer, including a substantial number of genes implicated in breast and ovarian cancers. The repeated use of this promoter structure in the human genome suggests it could regulate co-expression patterns among groups of genes. Using microarray expression data from 79 human tissues, we verify regulatory networks among genes controlled by bidirectional promoters. Subsets of these promoters contain similar combinations of transcription factor binding sites, including evolutionarily conserved ETS factor binding sites in <italic>ERBB2, FANCD2,</italic> and <italic>BRCA2.</italic> Interpreting the regulation of genes involved in co-expression networks, especially those involved in cancer, will be an important step toward defining molecular events that may contribute to disease.</p></abstract><abstract abstract-type="summary"><title>Author Summary</title><sec id="st1"><title/><p>Promoters are regulatory regions that control transcription of genes. A special class of promoters, known as <italic>bidirectional</italic> promoters, regulates expression of two genes instead of one. These promoters are situated between two adjacent genes whose transcription start sites are physically within 1,000 bp and oriented in opposite directions. Bidirectional promoters are found repeatedly in the genome, suggesting an important biological significance for this regulatory configuration. We developed an algorithm to map bidirectional promoters using data from a comprehensive list of transcribed sequences known as expressed sequence tags, or ESTs. This approach improved the number of previously characterized bidirectional promoters by 300%. Included in the new data are bidirectional promoters that regulate expression of genes implicated in somatic cancers. For instance, ten well-recognized genes implicated in breast and ovarian cancers were identified as having bidirectional promoters. Three of the genes are further related by having duplicate copies of the same binding site for a transcription factor within their bidirectional promoters. These binding sites are conserved among species, providing greater evidence that they are functionally important. This example, in which similar regulatory structures are used to control genes involved in cancer, illustrates how data can be mined from the comprehensive set of bidirectional promoters. Within this manuscript, we show statistical evidence that many cancer genes are regulated by bidirectional promoters. These promoters will be a valuable dataset for studying the role of gene regulation in tumor development.</p></sec></abstract><counts><page-count count="10"/></counts><custom-meta-group><custom-meta><meta-name>citation</meta-name><meta-value>Yang MQ, Koehly LM, Elnitski LL (2007) Comprehensive annotation of bidirectional promoters identifies co-regulation among breast and ovarian cancer genes. PLoS Comput Biol 3(4): e72. doi:<ext-link ext-link-type="doi" xlink:href="10.1371/journal.pcbi.0030072">10.1371/journal.pcbi.0030072</ext-link></meta-value></custom-meta></custom-meta-group></article-meta></front></article>