<article xmlns="https://jats.nlm.nih.gov/ns/archiving/1.2/" xmlns:xsi="http://www.w3.org/2001/XMLSchema-instance" xmlns:ali="http://www.niso.org/schemas/ali/1.0/" xmlns:mml="http://www.w3.org/1998/Math/MathML" xmlns:xlink="http://www.w3.org/1999/xlink" xsi:schemaLocation="https://jats.nlm.nih.gov/ns/archiving/1.2/ https://jats.nlm.nih.gov/archiving/1.2/xsd/JATS-archivearticle1.xsd" article-type="other"><front><journal-meta><journal-id journal-id-type="nlm-ta">PLoS Comput Biol</journal-id><journal-id journal-id-type="iso-abbrev">PLoS Comput. Biol</journal-id><journal-id journal-id-type="publisher-id">pcbi</journal-id><journal-id journal-id-type="publisher-id">plcb</journal-id><journal-id journal-id-type="pmc">ploscomp</journal-id><journal-title-group><journal-title>PLoS Computational Biology</journal-title></journal-title-group><issn pub-type="ppub">1553-734X</issn><issn pub-type="epub">1553-7358</issn><publisher><publisher-name>Public Library of Science</publisher-name><publisher-loc>San Francisco, USA</publisher-loc></publisher></journal-meta><article-meta><article-id pub-id-type="accession">PMC1560404</article-id><article-id pub-id-type="pmcid">PMC1560404</article-id><article-id pub-id-type="pmc-uid">1560404</article-id><article-id pub-id-type="pmid">16965174</article-id><article-id pub-id-type="pmid">16965174</article-id><article-id pub-id-type="doi">10.1371/journal.pcbi.0020087</article-id><article-id pub-id-type="publisher-id">06-PLCB-PV-0086R1</article-id><article-id pub-id-type="sici">plcb-02-08-05</article-id><article-categories><subj-group subj-group-type="heading"><subject>Perspectives</subject></subj-group><subj-group subj-group-type="Discipline"><subject>Bioinformatics - Computational Biology</subject><subject>Science Policy</subject><subject>Systems Biology</subject></subj-group><subj-group subj-group-type="System Taxonomy"><subject>None</subject></subj-group></article-categories><title-group><article-title>Scientific Software Development Is Not an Oxymoron</article-title><alt-title alt-title-type="running-head">Perspectives</alt-title></title-group><contrib-group><contrib contrib-type="author"><name><surname>Baxter</surname><given-names>Susan M</given-names></name><xref ref-type="fn" rid="aff1"/><xref ref-type="corresp" rid="cor1">*</xref></contrib><contrib contrib-type="author"><name><surname>Day</surname><given-names>Steven W</given-names></name><xref ref-type="fn" rid="aff1"/></contrib><contrib contrib-type="author"><name><surname>Fetrow</surname><given-names>Jacquelyn S</given-names></name><xref ref-type="fn" rid="aff1"/></contrib><contrib contrib-type="author"><name><surname>Reisinger</surname><given-names>Stephanie J</given-names></name><xref ref-type="fn" rid="aff1"/></contrib></contrib-group><contrib-group><contrib contrib-type="editor"><name><surname>McEntyre</surname><given-names>Johanna</given-names></name><role>Editor</role><xref ref-type="aff" rid="edit1"/></contrib></contrib-group><aff id="edit1">National Center for Biotechnology Information, United States of America</aff><author-notes><corresp id="cor1">* To whom correspondence should be addressed. E-mail: <email>smb@ncgr.org</email></corresp></author-notes><pub-date pub-type="ppub"><month>9</month><year>2006</year></pub-date><pub-date pub-type="epub"><day>8</day><month>9</month><year>2006</year></pub-date><volume>2</volume><issue>9</issue><elocation-id>e87</elocation-id><permissions><copyright-statement> © 2006 Baxter et al.</copyright-statement><copyright-year>2006</copyright-year><license xlink:href="http://creativecommons.org/licenses/by/4.0/"><license-p>This is an open-access article distributed under the terms of the Creative Commons Attribution License, which permits unrestricted use, distribution, and reproduction in any medium, provided the original author and source are properly credited.</license-p></license></permissions><counts><page-count count="4"/></counts><custom-meta-group><custom-meta><meta-name>citation</meta-name><meta-value>Baxter SM, Day SW, Fetrow JS, Reisinger SJ (2006) Scientific software development is not an oxymoron. PLoS Comput Biol 2(9): e87. DOI: <ext-link ext-link-type="doi" xlink:href="10.1371/journal.pcbi.0020087">10.1371/journal.pcbi.0020087</ext-link></meta-value></custom-meta></custom-meta-group></article-meta></front></article>