<article xmlns="https://jats.nlm.nih.gov/ns/archiving/1.2/" xmlns:xsi="http://www.w3.org/2001/XMLSchema-instance" xmlns:ali="http://www.niso.org/schemas/ali/1.0/" xmlns:mml="http://www.w3.org/1998/Math/MathML" xmlns:xlink="http://www.w3.org/1999/xlink" xsi:schemaLocation="https://jats.nlm.nih.gov/ns/archiving/1.2/ https://jats.nlm.nih.gov/archiving/1.2/xsd/JATS-archivearticle1.xsd" article-type="research-article"><front><journal-meta><journal-id journal-id-type="nlm-ta">PLoS Comput Biol</journal-id><journal-id journal-id-type="iso-abbrev">PLoS Comput. Biol</journal-id><journal-id journal-id-type="publisher-id">pcbi</journal-id><journal-id journal-id-type="publisher-id">plcb</journal-id><journal-id journal-id-type="pmc">ploscomp</journal-id><journal-title-group><journal-title>PLoS Computational Biology</journal-title></journal-title-group><issn pub-type="ppub">1553-734X</issn><issn pub-type="epub">1553-7358</issn><publisher><publisher-name>Public Library of Science</publisher-name><publisher-loc>San Francisco, USA</publisher-loc></publisher></journal-meta><article-meta><article-id pub-id-type="accession">PMC1480537</article-id><article-id pub-id-type="pmcid">PMC1480537</article-id><article-id pub-id-type="pmc-uid">1480537</article-id><article-id pub-id-type="pmid">16789820</article-id><article-id pub-id-type="pmid">16789820</article-id><article-id pub-id-type="doi">10.1371/journal.pcbi.0020062</article-id><article-id pub-id-type="publisher-id">05-PLCB-RA-0330R2</article-id><article-id pub-id-type="sici">plcb-02-06-06</article-id><article-categories><subj-group subj-group-type="heading"><subject>Research Article</subject></subj-group><subj-group subj-group-type="Discipline"><subject>Bioinformatics - Computational Biology</subject><subject>Evolution</subject><subject>HIV - AIDS</subject><subject>Statistics</subject></subj-group><subj-group subj-group-type="System Taxonomy"><subject>Viruses</subject><subject>Homo (Human)</subject></subj-group></article-categories><title-group><article-title>Adaptation to Different Human Populations by HIV-1 Revealed by Codon-Based Analyses</article-title><alt-title alt-title-type="running-head">Differential Selection</alt-title></title-group><contrib-group><contrib contrib-type="author"><name><surname>Kosakovsky Pond</surname><given-names>Sergei L</given-names></name><xref ref-type="aff" rid="aff1">1</xref></contrib><contrib contrib-type="author"><name><surname>Frost</surname><given-names>Simon D. W</given-names></name><xref ref-type="aff" rid="aff1">1</xref></contrib><contrib contrib-type="author"><name><surname>Grossman</surname><given-names>Zehava</given-names></name><xref ref-type="aff" rid="aff2">2</xref></contrib><contrib contrib-type="author"><name><surname>Gravenor</surname><given-names>Michael B</given-names></name><xref ref-type="aff" rid="aff3">3</xref></contrib><contrib contrib-type="author"><name><surname>Richman</surname><given-names>Douglas D</given-names></name><xref ref-type="aff" rid="aff1">1</xref><xref ref-type="aff" rid="aff4">4</xref></contrib><contrib contrib-type="author"><name><surname>Brown</surname><given-names>Andrew J. Leigh</given-names></name><xref ref-type="aff" rid="aff5">5</xref><xref ref-type="corresp" rid="cor1">*</xref></contrib></contrib-group><aff id="aff1"><label>1</label> Department of Pathology, University of California San Diego, La Jolla, California, United States of America
</aff><aff id="aff2"><label>2</label> National HIV Reference Lab, Public Health Laboratory, Ministry of Health, Tel Hashomer, Israel
</aff><aff id="aff3"><label>3</label> School of Medicine, University of Swansea, Swansea, Wales, United Kingdom
</aff><aff id="aff4"><label>4</label> VA San Diego Health Care System, San Diego, California, United States of America
</aff><aff id="aff5"><label>5</label> Institute for Evolutionary Biology, School of Biological Sciences, University of Edinburgh, Edinburgh, Scotland, United Kingdom
</aff><contrib-group><contrib contrib-type="editor"><name><surname>Holmes</surname><given-names>Eddie</given-names></name><role>Editor</role><xref ref-type="aff" rid="edit1"/></contrib></contrib-group><aff id="edit1">The Pennsylvania State University, United States of America</aff><author-notes><corresp id="cor1">* To whom correspondence should be addressed. E-mail: <email>A.Leigh-Brown@ed.ac.uk</email></corresp></author-notes><pub-date pub-type="ppub"><month>6</month><year>2006</year></pub-date><pub-date pub-type="epub"><day>23</day><month>6</month><year>2006</year></pub-date><pub-date pub-type="epreprint"><day>21</day><month>4</month><year>2006</year></pub-date><volume>2</volume><issue>6</issue><elocation-id>e62</elocation-id><history><date date-type="received"><day>17</day><month>11</month><year>2005</year></date><date date-type="accepted"><day>21</day><month>4</month><year>2006</year></date></history><permissions><copyright-statement> © 2006 Kosakovsky Pond.</copyright-statement><copyright-year>2006</copyright-year><license xlink:href="http://creativecommons.org/licenses/by/4.0/"><license-p>This is an open-access article distributed under the terms of the Creative Commons Attribution License, which permits unrestricted use, distribution, and reproduction in any medium, provided the original author and source are properly credited.</license-p></license></permissions><!--<related-article preprintresearch10.1371/journal.pcbi.0020062.eorsimple>Adaptation to Different Human Populations by HIV-1 Revealed by Codon-Based Analyses</related-article>--><abstract><p>Several codon-based methods are available for detecting adaptive evolution in protein-coding sequences, but to date none specifically identify sites that are selected differentially in two populations, although such comparisons between populations have been historically useful in identifying the action of natural selection. We have developed two fixed effects maximum likelihood methods: one for identifying codon positions showing selection patterns that persist in a population and another for detecting whether selection is operating differentially on individual codons of a gene sampled from two different populations. Applying these methods to two HIV populations infecting genetically distinct human hosts, we have found that few of the positively selected amino acid sites persist in the population; the other changes are detected only at the tips of the phylogenetic tree and appear deleterious in the long term. Additionally, we have identified seven amino acid sites in protease and reverse transcriptase that are selected differentially in the two samples, demonstrating specific population-level adaptation of HIV to human populations.</p></abstract><abstract abstract-type="synopsis"><title>Synopsis</title><p>Despite the efforts devoted to surveying HIV genetic diversity and the development of an effective vaccine, there is still no consensus on the extent to which the former prejudices the latter. Experimental studies show that escape from cell-mediated immunity is selected for in HIV and SIV, and sometimes very quickly. Conversely, escape mutants may be selected against at transmission, so how much does this selection within individuals influence the genotype of the circulating HIV population overall? Kosakovsky Pond, Leigh Brown, and colleagues have developed a new statistical approach to address this question. Using sequences from the globally most abundant HIV subtype (subtype C), the authors directly compared virus of the same subtype infecting genetically different human populations. They show at least half of the amino acid sites selected within individuals are not selected at a population level, and they identify six amino acid sites in the RT gene that are selected differentially between populations. We can now partition molecular adaptation between individual and population components for whatever genes may be included in candidate vaccines, in the target populations themselves. The methods are also important beyond the HIV world, where analogous issues arise in the more general question of the evolution of virulence in pathogens.</p></abstract><counts><page-count count="9"/></counts><custom-meta-group><custom-meta><meta-name>citation</meta-name><meta-value>Kosakovsky Pond SL, Frost SDW, Grossman Z, Gravenor MB, Richman DD, et al. (2006) Adaptation to different human populations by HIV-1 revealed by codon-based analyses. PLoS Comput Biol 2(6): e62. DOI: <ext-link ext-link-type="doi" xlink:href="10.1371/journal.pcbi.0020062">10.1371/journal.pcbi.0020062</ext-link></meta-value></custom-meta></custom-meta-group></article-meta></front></article>