<article xmlns="https://jats.nlm.nih.gov/ns/archiving/1.2/" xmlns:xsi="http://www.w3.org/2001/XMLSchema-instance" xmlns:ali="http://www.niso.org/schemas/ali/1.0/" xmlns:mml="http://www.w3.org/1998/Math/MathML" xmlns:xlink="http://www.w3.org/1999/xlink" xsi:schemaLocation="https://jats.nlm.nih.gov/ns/archiving/1.2/ https://jats.nlm.nih.gov/archiving/1.2/xsd/JATS-archivearticle1.xsd" article-type="other"><front><journal-meta><journal-id journal-id-type="nlm-ta">PLoS Comput Biol</journal-id><journal-id journal-id-type="iso-abbrev">PLoS Comput. Biol</journal-id><journal-id journal-id-type="publisher-id">pcbi</journal-id><journal-id journal-id-type="publisher-id">plcb</journal-id><journal-id journal-id-type="pmc">ploscomp</journal-id><journal-title-group><journal-title>PLoS Computational Biology</journal-title></journal-title-group><issn pub-type="ppub">1553-734X</issn><issn pub-type="epub">1553-7358</issn><publisher><publisher-name>Public Library of Science</publisher-name><publisher-loc>San Francisco, USA</publisher-loc></publisher></journal-meta><article-meta><article-id pub-id-type="accession">PMC1876481</article-id><article-id pub-id-type="pmcid">PMC1876481</article-id><article-id pub-id-type="pmc-uid">1876481</article-id><article-id pub-id-type="pmid">17530914</article-id><article-id pub-id-type="pmid">17530914</article-id><article-id pub-id-type="doi">10.1371/journal.pcbi.0030088</article-id><article-id pub-id-type="publisher-id">07-PLCB-C-0185</article-id><article-id pub-id-type="sici">plcb-03-05-05</article-id><article-categories><subj-group subj-group-type="heading"><subject>Correspondence</subject></subj-group></article-categories><title-group><article-title>“Simple Rules for Editors”? Here is One Rule to Tackle Neglected Problems of Publishing</article-title></title-group><contrib-group><contrib contrib-type="author"><name><surname>Erren</surname><given-names>Thomas C</given-names></name><xref ref-type="fn" rid="n101"/></contrib><contrib contrib-type="author"><name><surname>Erren</surname><given-names>Michael</given-names></name><xref ref-type="fn" rid="n101"/></contrib></contrib-group><pub-date pub-type="ppub"><month>5</month><year>2007</year></pub-date><pub-date pub-type="epub"><day>25</day><month>5</month><year>2007</year></pub-date><volume>3</volume><issue>5</issue><elocation-id>e88</elocation-id><permissions><copyright-statement> © 2007 Erren and Erren.</copyright-statement><copyright-year>2007</copyright-year><license xlink:href="http://creativecommons.org/licenses/by/4.0/"><license-p>This is an open-access article distributed under the terms of the Creative Commons Attribution License, which permits unrestricted use, distribution, and reproduction in any medium, provided the original author and source are properly credited.</license-p></license></permissions><related-article id="d35e78" related-article-type="companion" ext-link-type="doi" xlink:href="10.1371/journal.pcbi.0030089" xlink:title="Correspondence" vol="3" page="e89"><article-title>"Simple Rules for Editors"? Here Is One Rule to Tackle Neglected Problems of Publishing: Response from PLoS</article-title></related-article><counts><page-count count="1"/></counts><custom-meta-group><custom-meta><meta-name>citation</meta-name><meta-value>Erren TC, Erren M (2007) “Simple Rules for Editors”? Here is one to tackle neglected problems of publishing. PLoS Comput Biol 3(5): e88. doi:<ext-link ext-link-type="doi" xlink:href="10.1371/journal.pcbi.0030088">10.1371/journal.pcbi.0030088</ext-link></meta-value></custom-meta></custom-meta-group></article-meta></front></article>