<article xmlns="https://jats.nlm.nih.gov/ns/archiving/1.2/" xmlns:xsi="http://www.w3.org/2001/XMLSchema-instance" xmlns:ali="http://www.niso.org/schemas/ali/1.0/" xmlns:mml="http://www.w3.org/1998/Math/MathML" xmlns:xlink="http://www.w3.org/1999/xlink" xsi:schemaLocation="https://jats.nlm.nih.gov/ns/archiving/1.2/ https://jats.nlm.nih.gov/archiving/1.2/xsd/JATS-archivearticle1.xsd" article-type="research-article"><front><journal-meta><journal-id journal-id-type="nlm-ta">PLoS Comput Biol</journal-id><journal-id journal-id-type="iso-abbrev">PLoS Comput. Biol</journal-id><journal-id journal-id-type="publisher-id">pcbi</journal-id><journal-id journal-id-type="publisher-id">plcb</journal-id><journal-id journal-id-type="pmc">ploscomp</journal-id><journal-title-group><journal-title>PLoS Computational Biology</journal-title></journal-title-group><issn pub-type="ppub">1553-734X</issn><issn pub-type="epub">1553-7358</issn><publisher><publisher-name>Public Library of Science</publisher-name><publisher-loc>San Francisco, USA</publisher-loc></publisher></journal-meta><article-meta><article-id pub-id-type="accession">PMC1950344</article-id><article-id pub-id-type="pmcid">PMC1950344</article-id><article-id pub-id-type="pmc-uid">1950344</article-id><article-id pub-id-type="pmid">17708678</article-id><article-id pub-id-type="pmid">17708678</article-id><article-id pub-id-type="doi">10.1371/journal.pcbi.0030160</article-id><article-id pub-id-type="publisher-id">06-PLCB-RA-0056R3</article-id><article-id pub-id-type="sici">plcb-03-08-12</article-id><article-categories><subj-group subj-group-type="heading"><subject>Research Article</subject></subj-group><subj-group subj-group-type="Discipline"><subject>Computational Biology</subject><subject>Evolutionary Biology</subject></subj-group><subj-group subj-group-type="System Taxonomy"><subject>None</subject></subj-group></article-categories><title-group><article-title>Automated Protein Subfamily Identification and Classification</article-title><alt-title alt-title-type="running-head">Protein Subfamily Identification</alt-title></title-group><contrib-group><contrib contrib-type="author"><name><surname>Brown</surname><given-names>Duncan P</given-names></name><xref ref-type="aff" rid="aff1"/></contrib><contrib contrib-type="author"><name><surname>Krishnamurthy</surname><given-names>Nandini</given-names></name><xref ref-type="aff" rid="aff1"/></contrib><contrib contrib-type="author"><name><surname>Sjölander</surname><given-names>Kimmen</given-names></name><xref ref-type="corresp" rid="cor1">*</xref><xref ref-type="aff" rid="aff1"/></contrib></contrib-group><aff id="aff1">Department of Bioengineering, University of California, Berkeley, California, United States of America</aff><contrib-group><contrib contrib-type="editor"><name><surname>Eisen</surname><given-names>Jonathan A</given-names></name><role>Editor</role><xref ref-type="aff" rid="edit1"/></contrib></contrib-group><aff id="edit1">University of California Davis, United States of America</aff><author-notes><corresp id="cor1">* To whom correspondence should be addressed. E-mail: <email>kimmen@berkeley.edu</email></corresp></author-notes><pub-date pub-type="ppub"><month>8</month><year>2007</year></pub-date><pub-date pub-type="epub"><day>17</day><month>8</month><year>2007</year></pub-date><volume>3</volume><issue>8</issue><elocation-id>e160</elocation-id><history><date date-type="received"><day>17</day><month>2</month><year>2006</year></date><date date-type="accepted"><day>25</day><month>6</month><year>2007</year></date></history><permissions><copyright-statement> © 2007 Brown et al.</copyright-statement><copyright-year>2007</copyright-year><license xlink:href="http://creativecommons.org/licenses/by/4.0/"><license-p>This is an open-access article distributed under the terms of the Creative Commons Attribution License, which permits unrestricted use, distribution, and reproduction in any medium, provided the original author and source are properly credited.</license-p></license></permissions><abstract><p>Function prediction by homology is widely used to provide preliminary functional annotations for genes for which experimental evidence of function is unavailable or limited. This approach has been shown to be prone to systematic error, including percolation of annotation errors through sequence databases. Phylogenomic analysis avoids these errors in function prediction but has been difficult to automate for high-throughput application. To address this limitation, we present a computationally efficient pipeline for phylogenomic classification of proteins. This pipeline uses the SCI-PHY (Subfamily Classification in Phylogenomics) algorithm for automatic subfamily identification, followed by subfamily hidden Markov model (HMM) construction. A simple and computationally efficient scoring scheme using family and subfamily HMMs enables classification of novel sequences to protein families and subfamilies. Sequences representing entirely novel subfamilies are differentiated from those that can be classified to subfamilies in the input training set using logistic regression. Subfamily HMM parameters are estimated using an information-sharing protocol, enabling subfamilies containing even a single sequence to benefit from conservation patterns defining the family as a whole or in related subfamilies. SCI-PHY subfamilies correspond closely to functional subtypes defined by experts and to conserved clades found by phylogenetic analysis. Extensive comparisons of subfamily and family HMM performances show that subfamily HMMs dramatically improve the separation between homologous and non-homologous proteins in sequence database searches. Subfamily HMMs also provide extremely high specificity of classification and can be used to predict entirely novel subtypes. The SCI-PHY Web server at <ext-link ext-link-type="uri" xlink:href="http://phylogenomics.berkeley.edu/SCI-PHY/">http://phylogenomics.berkeley.edu/SCI-PHY/</ext-link> allows users to upload a multiple sequence alignment for subfamily identification and subfamily HMM construction. Biologists wishing to provide their own subfamily definitions can do so. Source code is available on the Web page. The Berkeley Phylogenomics Group PhyloFacts resource contains pre-calculated subfamily predictions and subfamily HMMs for more than 40,000 protein families and domains at <ext-link ext-link-type="uri" xlink:href="http://phylogenomics.berkeley.edu/phylofacts/">http://phylogenomics.berkeley.edu/phylofacts/</ext-link>.</p></abstract><abstract abstract-type="summary"><title>Author Summary</title><sec id="st1"><title/><p>Predicting the function of a gene or protein (gene product) from its primary sequence is a major focus of many bioinformatics methods. In this paper, the authors present a three-stage computational pipeline for gene functional annotation in an evolutionary framework to reduce the systematic errors associated with the standard protocol (annotation transfer from predicted homologs). In the first stage, a functional hierarchy is estimated for each protein family and subfamilies are identified. In the second stage, hidden Markov models (HMMs) (a type of statistical model) are constructed for each subfamily to model both the family-defining and subfamily-specific signatures. In the third stage, subfamily HMMs are used to assign novel sequences to functional subtypes. Extensive experimental validation of these methods shows that predicted subfamilies correspond closely to functional subtypes identified by experts and to conserved clades in phylogenetic trees; that subfamily HMMs increase the separation between homologs and non-homologs in sequence database discrimination tests relative to the use of a single HMM for the family; and that specificity of classification of novel sequences to subfamilies using subfamily HMMs is near perfect (1.5% error rate when sequences are assigned to the top-scoring subfamily, and &lt;0.5% error rate when logistic regression of scores is employed).</p></sec></abstract><counts><page-count count="13"/></counts><custom-meta-group><custom-meta><meta-name>citation</meta-name><meta-value>Brown DP, Krishnamurthy N, Sjölander K (2007) Automated protein subfamily identification and classification. PLoS Comput Biol 3(8): e160. doi:<ext-link ext-link-type="doi" xlink:href="10.1371/journal.pcbi.0030160">10.1371/journal.pcbi.0030160</ext-link></meta-value></custom-meta></custom-meta-group></article-meta></front></article>