<article xmlns="https://jats.nlm.nih.gov/ns/archiving/1.2/" xmlns:xsi="http://www.w3.org/2001/XMLSchema-instance" xmlns:ali="http://www.niso.org/schemas/ali/1.0/" xmlns:mml="http://www.w3.org/1998/Math/MathML" xmlns:xlink="http://www.w3.org/1999/xlink" xsi:schemaLocation="https://jats.nlm.nih.gov/ns/archiving/1.2/ https://jats.nlm.nih.gov/archiving/1.2/xsd/JATS-archivearticle1.xsd" article-type="research-article"><front><journal-meta><journal-id journal-id-type="nlm-ta">PLoS Comput Biol</journal-id><journal-id journal-id-type="iso-abbrev">PLoS Comput. Biol</journal-id><journal-id journal-id-type="publisher-id">pcbi</journal-id><journal-id journal-id-type="publisher-id">plcb</journal-id><journal-id journal-id-type="pmc">ploscomp</journal-id><journal-title-group><journal-title>PLoS Computational Biology</journal-title></journal-title-group><issn pub-type="ppub">1553-734X</issn><issn pub-type="epub">1553-7358</issn><publisher><publisher-name>Public Library of Science</publisher-name><publisher-loc>San Francisco, USA</publisher-loc></publisher></journal-meta><article-meta><article-id pub-id-type="accession">PMC1428791</article-id><article-id pub-id-type="pmcid">PMC1428791</article-id><article-id pub-id-type="pmc-uid">1428791</article-id><article-id pub-id-type="pmid">16604158</article-id><article-id pub-id-type="pmid">16604158</article-id><article-id pub-id-type="doi">10.1371/journal.pcbi.0020025</article-id><article-id pub-id-type="publisher-id">05-PLCB-RA-0349R2</article-id><article-id pub-id-type="sici">plcb-02-04-01</article-id><article-categories><subj-group subj-group-type="heading"><subject>Research Article</subject></subj-group><subj-group subj-group-type="Discipline"><subject>Animal Behavior</subject><subject>Bioinformatics - Computational Biology</subject><subject>Neuroscience</subject><subject>Psychology</subject></subj-group><subj-group subj-group-type="System Taxonomy"><subject>Primates</subject><subject>None</subject></subj-group></article-categories><title-group><article-title>A Model for Integrating Elementary Neural Functions into Delayed-Response Behavior</article-title><alt-title alt-title-type="running-head">Integration of Basic Neural Functions</alt-title></title-group><contrib-group><contrib contrib-type="author"><name><surname>Gisiger</surname><given-names>Thomas</given-names></name><xref ref-type="aff" rid="aff1">1</xref></contrib><contrib contrib-type="author"><name><surname>Kerszberg</surname><given-names>Michel</given-names></name><xref ref-type="aff" rid="aff2">2</xref><xref ref-type="corresp" rid="cor1">*</xref></contrib></contrib-group><aff id="aff1"><label>1</label> Récepteurs et Cognition, Institut Pasteur, Paris, France
</aff><aff id="aff2"><label>2</label> Modélisation dynamique des systèmes intégrés, CNRS UMR 7138, Université Pierre et Marie Curie, Paris, France
</aff><contrib-group><contrib contrib-type="editor"><name><surname>Friston</surname><given-names>Karl</given-names></name><role>Editor</role><xref ref-type="aff" rid="edit1"/></contrib></contrib-group><aff id="edit1">University College London, United Kingdom</aff><author-notes><corresp id="cor1">* To whom correspondence should be addressed. E-mail: <email>mkersz@ccr.jussieu.fr</email></corresp></author-notes><pub-date pub-type="ppub"><month>4</month><year>2006</year></pub-date><pub-date pub-type="epub"><day>7</day><month>4</month><year>2006</year></pub-date><pub-date pub-type="epreprint"><day>16</day><month>2</month><year>2006</year></pub-date><volume>2</volume><issue>4</issue><elocation-id>e25</elocation-id><history><date date-type="received"><day>5</day><month>12</month><year>2005</year></date><date date-type="accepted"><day>15</day><month>2</month><year>2006</year></date></history><permissions><copyright-statement> © 2006 Gisiger and Kerszberg.</copyright-statement><copyright-year>2006</copyright-year><license xlink:href="http://creativecommons.org/licenses/by/4.0/"><license-p>This is an open-access article distributed under the terms of the Creative Commons Attribution License, which permits unrestricted use, distribution, and reproduction in any medium, provided the original author and source are properly credited.</license-p></license></permissions><!--<related-article preprintresearch10.1371/journal.pcbi.0020025.eorsimple>A Model for Integrating Elementary Neural Functions into Delayed-Response Behavior</related-article>--><abstract><p>It is well established that various cortical regions can implement a wide array of neural processes, yet the mechanisms which integrate these processes into behavior-producing, brain-scale activity remain elusive. We propose that an important role in this respect might be played by executive structures controlling the traffic of information between the cortical regions involved. To illustrate this hypothesis, we present a neural network model comprising a set of interconnected structures harboring stimulus-related activity (visual representation, working memory, and planning), and a group of executive units with task-related activity patterns that manage the information flowing between them. The resulting dynamics allows the network to perform the dual task of either retaining an image during a delay (delayed-matching to sample task), or recalling from this image another one that has been associated with it during training (delayed-pair association task). The model reproduces behavioral and electrophysiological data gathered on the inferior temporal and prefrontal cortices of primates performing these same tasks. It also makes predictions on how neural activity coding for the recall of the image associated with the sample emerges and becomes prospective during the training phase. The network dynamics proves to be very stable against perturbations, and it exhibits signs of scale-invariant organization and cooperativity. The present network represents a possible neural implementation for active, top-down, prospective memory retrieval in primates. The model suggests that brain activity leading to performance of cognitive tasks might be organized in modular fashion, simple neural functions becoming integrated into more complex behavior by executive structures harbored in prefrontal cortex and/or basal ganglia.</p></abstract><abstract abstract-type="synopsis"><title>Synopsis</title><p>Before we do anything, our brain must construct neural representations of the operations required. Imaging and recording techniques are indeed providing ever more detailed insight into how different regions of the brain contribute to behavior. However, it has remained elusive exactly how these various regions then come to cooperate with each other, thus organizing the brain-scale activity patterns needed for even the simplest planned tasks. In the present work, the authors propose a neural network model built around the hypothesis of a modular organization of brain activity, where relatively autonomous basic neural functions useful at a given moment are recruited and integrated into actual behavior. At the heart of the model are regulating structures that restrain information from flowing freely between the different cortical areas involved, releasing it instead in a controlled fashion able to produce the appropriate response. The dynamics of the network, simulated on a computer, enables it to pass simple cognitive tests while reproducing data gathered on primates carrying out these same tasks. This suggests that the model might constitute an appropriate framework for studying the neural basis of more general behavior.</p></abstract><counts><page-count count="17"/></counts><custom-meta-group><custom-meta><meta-name>Citation:</meta-name><meta-value>Gisiger T, Kerszberg M (2006) A model for integrating elementary neural functions into delayed-response behavior. PLoS Comput Biol 2(4): e25. DOI: <ext-link ext-link-type="doi" xlink:href="10.1371/journal.pcbi.0020025">10.1371/journal.pcbi.0020025</ext-link></meta-value></custom-meta></custom-meta-group></article-meta></front></article>