<article xmlns="https://jats.nlm.nih.gov/ns/archiving/1.2/" xmlns:xsi="http://www.w3.org/2001/XMLSchema-instance" xmlns:ali="http://www.niso.org/schemas/ali/1.0/" xmlns:mml="http://www.w3.org/1998/Math/MathML" xmlns:xlink="http://www.w3.org/1999/xlink" xsi:schemaLocation="https://jats.nlm.nih.gov/ns/archiving/1.2/ https://jats.nlm.nih.gov/archiving/1.2/xsd/JATS-archivearticle1.xsd" article-type="research-article"><front><journal-meta><journal-id journal-id-type="nlm-ta">PLoS Comput Biol</journal-id><journal-id journal-id-type="iso-abbrev">PLoS Comput. Biol</journal-id><journal-id journal-id-type="publisher-id">pcbi</journal-id><journal-id journal-id-type="publisher-id">plcb</journal-id><journal-id journal-id-type="pmc">ploscomp</journal-id><journal-title-group><journal-title>PLoS Computational Biology</journal-title></journal-title-group><issn pub-type="ppub">1553-734X</issn><issn pub-type="epub">1553-7358</issn><publisher><publisher-name>Public Library of Science</publisher-name><publisher-loc>San Francisco, USA</publisher-loc></publisher></journal-meta><article-meta><article-id pub-id-type="accession">PMC1988853</article-id><article-id pub-id-type="pmcid">PMC1988853</article-id><article-id pub-id-type="pmc-uid">1988853</article-id><article-id pub-id-type="pmid">17892321</article-id><article-id pub-id-type="doi">10.1371/journal.pcbi.0030182</article-id><article-id pub-id-type="publisher-id">07-PLCB-RA-0166R2</article-id><article-id pub-id-type="sici">plcb-03-09-13</article-id><article-categories><subj-group subj-group-type="heading"><subject>Research Article</subject></subj-group><subj-group subj-group-type="Discipline"><subject>Computational Biology</subject></subj-group><subj-group subj-group-type="System Taxonomy"><subject>Saccharomyces</subject></subj-group></article-categories><title-group><article-title>Structure-Templated Predictions of Novel Protein Interactions from Sequence Information</article-title><alt-title alt-title-type="running-head">Protein Interaction Prediction</alt-title></title-group><contrib-group><contrib contrib-type="author"><name><surname>Betel</surname><given-names>Doron</given-names></name><xref ref-type="aff" rid="aff1">1</xref><xref ref-type="aff" rid="aff2">2</xref><xref ref-type="fn" rid="n103">¤</xref><xref ref-type="corresp" rid="cor1">*</xref></contrib><contrib contrib-type="author"><name><surname>Breitkreuz</surname><given-names>Kevin E</given-names></name><xref ref-type="aff" rid="aff1">1</xref></contrib><contrib contrib-type="author"><name><surname>Isserlin</surname><given-names>Ruth</given-names></name><xref ref-type="aff" rid="aff1">1</xref><xref ref-type="aff" rid="aff2">2</xref></contrib><contrib contrib-type="author"><name><surname>Dewar-Darch</surname><given-names>Danielle</given-names></name><xref ref-type="aff" rid="aff1">1</xref></contrib><contrib contrib-type="author"><name><surname>Tyers</surname><given-names>Mike</given-names></name><xref ref-type="aff" rid="aff1">1</xref><xref ref-type="aff" rid="aff3">3</xref></contrib><contrib contrib-type="author"><name><surname>Hogue</surname><given-names>Christopher W. V</given-names></name><xref ref-type="aff" rid="aff2">2</xref></contrib></contrib-group><aff id="aff1"><label>1</label> Samuel Lunenfeld Research Institute, Mt. Sinai Hospital, Toronto, Ontario, Canada
</aff><aff id="aff2"><label>2</label> Department of Biochemistry, University of Toronto, Toronto, Ontario, Canada
</aff><aff id="aff3"><label>3</label> Department of Medical Genetics and Microbiology, University of Toronto, Toronto, Ontario, Canada
</aff><contrib-group><contrib contrib-type="editor"><name><surname>Lai</surname><given-names>Luhua</given-names></name><role>Editor</role><xref ref-type="aff" rid="edit1"/></contrib></contrib-group><aff id="edit1">Peking University, China</aff><author-notes><corresp id="cor1">* To whom correspondence should be addressed. E-mail: <email>betel@cbio.mskcc.org</email></corresp></author-notes><pub-date pub-type="ppub"><month>9</month><year>2007</year></pub-date><pub-date pub-type="epub"><day>21</day><month>9</month><year>2007</year></pub-date><volume>3</volume><issue>9</issue><elocation-id>e182</elocation-id><history><date date-type="received"><day>4</day><month>4</month><year>2007</year></date><date date-type="accepted"><day>2</day><month>8</month><year>2007</year></date></history><permissions><copyright-statement> © 2007 Betel et al.</copyright-statement><copyright-year>2007</copyright-year><license xlink:href="http://creativecommons.org/licenses/by/4.0/"><license-p>This is an open-access article distributed under the terms of the Creative Commons Attribution License, which permits unrestricted use, distribution, and reproduction in any medium, provided the original author and source are properly credited.</license-p></license></permissions><abstract><p>The multitude of functions performed in the cell are largely controlled by a set of carefully orchestrated protein interactions often facilitated by specific binding of conserved domains in the interacting proteins. Interacting domains commonly exhibit distinct binding specificity to short and conserved recognition peptides called binding profiles. Although many conserved domains are known in nature, only a few have well-characterized binding profiles. Here, we describe a novel predictive method known as domain–motif interactions from structural topology (D-MIST) for elucidating the binding profiles of interacting domains. A set of domains and their corresponding binding profiles were derived from extant protein structures and protein interaction data and then used to predict novel protein interactions in yeast. A number of the predicted interactions were verified experimentally, including new interactions of the mitotic exit network, RNA polymerases, nucleotide metabolism enzymes, and the chaperone complex. These results demonstrate that new protein interactions can be predicted exclusively from sequence information.</p></abstract><abstract abstract-type="summary"><title>Author Summary</title><sec id="st1"><title/><p>Many functions performed within a living cell are mediated by specific interactions between proteins. Precise geometric and chemical matches between segments of the protein structures facilitate those interactions. Such binding surfaces are often evolutionarily conserved elements of protein structures known as conserved domains that recognize specific binding elements on the interacting proteins. Binding domains and their corresponding interacting profiles constitute basic interacting modules that are replicated in multiple protein pairs, where they mediate similar interactions. Although many conserved domains are identified, only a handful have known, well-characterized binding elements. This paper describes a computational method that aims to elucidate the binding specificity of many domains. The utility of the derived binding specificity is demonstrated by predicting new interactions between yeast proteins. The predictions are based solely on sequence information by identifying the conserved domains and their corresponding binding sequences. A number of the predicted interactions were confirmed experimentally, demonstrating the feasibility of this approach.</p></sec></abstract><counts><page-count count="7"/></counts><custom-meta-group><custom-meta><meta-name>citation</meta-name><meta-value>Betel D, Breitkreuz KE, Isserlin R, Dewar-Darch D, Tyers M, et al. (2007) Structure-templated predictions of novel protein interactions from sequence information. PLoS Comput Biol 3(9): e182. doi:<ext-link ext-link-type="doi" xlink:href="10.1371/journal.pcbi.0030182">10.1371/journal.pcbi.0030182</ext-link></meta-value></custom-meta></custom-meta-group></article-meta></front></article>