<article xmlns="https://jats.nlm.nih.gov/ns/archiving/1.2/" xmlns:xsi="http://www.w3.org/2001/XMLSchema-instance" xmlns:ali="http://www.niso.org/schemas/ali/1.0/" xmlns:mml="http://www.w3.org/1998/Math/MathML" xmlns:xlink="http://www.w3.org/1999/xlink" xsi:schemaLocation="https://jats.nlm.nih.gov/ns/archiving/1.2/ https://jats.nlm.nih.gov/archiving/1.2/xsd/JATS-archivearticle1.xsd" article-type="research-article"><front><journal-meta><journal-id journal-id-type="nlm-ta">PLoS Comput Biol</journal-id><journal-id journal-id-type="iso-abbrev">PLoS Comput. Biol</journal-id><journal-id journal-id-type="publisher-id">pcbi</journal-id><journal-id journal-id-type="publisher-id">plcb</journal-id><journal-id journal-id-type="pmc">ploscomp</journal-id><journal-title-group><journal-title>PLoS Computational Biology</journal-title></journal-title-group><issn pub-type="ppub">1553-734X</issn><issn pub-type="epub">1553-7358</issn><publisher><publisher-name>Public Library of Science</publisher-name><publisher-loc>San Francisco, USA</publisher-loc></publisher></journal-meta><article-meta><article-id pub-id-type="accession">PMC1635539</article-id><article-id pub-id-type="pmcid">PMC1635539</article-id><article-id pub-id-type="pmc-uid">1635539</article-id><article-id pub-id-type="pmid">17096592</article-id><article-id pub-id-type="pmid">17096592</article-id><article-id pub-id-type="doi">10.1371/journal.pcbi.0020152</article-id><article-id pub-id-type="publisher-id">06-PLCB-RA-0207R2</article-id><article-id pub-id-type="sici">plcb-02-11-04</article-id><article-categories><subj-group subj-group-type="heading"><subject>Research Article</subject></subj-group><subj-group subj-group-type="Discipline"><subject>Neuroscience</subject><subject>Psychology</subject></subj-group><subj-group subj-group-type="System Taxonomy"><subject>Homo (Human)</subject></subj-group></article-categories><title-group><article-title>Humans Can Adopt Optimal Discounting Strategy under Real-Time Constraints</article-title><alt-title alt-title-type="running-head">Optimal Discounting Strategy</alt-title></title-group><contrib-group><contrib contrib-type="author"><name><surname>Schweighofer</surname><given-names>N</given-names></name><xref ref-type="aff" rid="aff1">1</xref><xref ref-type="corresp" rid="cor1">*</xref></contrib><contrib contrib-type="author"><name><surname>Shishida</surname><given-names>K</given-names></name><xref ref-type="aff" rid="aff2">2</xref></contrib><contrib contrib-type="author"><name><surname>Han</surname><given-names>C. E</given-names></name><xref ref-type="aff" rid="aff3">3</xref></contrib><contrib contrib-type="author"><name><surname>Okamoto</surname><given-names>Y</given-names></name><xref ref-type="aff" rid="aff2">2</xref></contrib><contrib contrib-type="author"><name><surname>Tanaka</surname><given-names>S. C</given-names></name><xref ref-type="aff" rid="aff4">4</xref><xref ref-type="aff" rid="aff5">5</xref></contrib><contrib contrib-type="author"><name><surname>Yamawaki</surname><given-names>S</given-names></name><xref ref-type="aff" rid="aff2">2</xref></contrib><contrib contrib-type="author"><name><surname>Doya</surname><given-names>K</given-names></name><xref ref-type="aff" rid="aff5">5</xref><xref ref-type="aff" rid="aff6">6</xref></contrib></contrib-group><aff id="aff1"><label>1</label> Biokinesiology and Physical Therapy, University of Southern California, Los Angeles, United States of America
</aff><aff id="aff2"><label>2</label> Department of Psychiatry and Neurosciences, Hiroshima University, Hiroshima, Japan
</aff><aff id="aff3"><label>3</label> Computer Science, University of Southern California, Los Angeles, United States of America
</aff><aff id="aff4"><label>4</label> Bioinformatics and Genomics, Nara Institute of Science and Technology, Nara, Japan
</aff><aff id="aff5"><label>5</label> Department of Computational Neurobiology, Advanced Telecommunications Research Institute International Computational Neuroscience Labs, Kyoto, Japan
</aff><aff id="aff6"><label>6</label> Initial Research Project, Okinawa Institute of Science and Technology, Okinawa, Japan
</aff><contrib-group><contrib contrib-type="editor"><name><surname>Friston</surname><given-names>Karl</given-names></name><role>Editor</role><xref ref-type="aff" rid="edit1"/></contrib></contrib-group><aff id="edit1">University College London, United Kingdom</aff><author-notes><corresp id="cor1">* To whom correspondence should be addressed. E-mail: <email>schweigh@usc.edu</email></corresp></author-notes><pub-date pub-type="ppub"><month>11</month><year>2006</year></pub-date><pub-date pub-type="epub"><day>10</day><month>11</month><year>2006</year></pub-date><pub-date pub-type="epreprint"><day>4</day><month>10</month><year>2006</year></pub-date><volume>2</volume><issue>11</issue><elocation-id>e152</elocation-id><history><date date-type="received"><day>31</day><month>5</month><year>2006</year></date><date date-type="accepted"><day>4</day><month>10</month><year>2006</year></date></history><permissions><copyright-statement> © 2006 Schweighofer et al.</copyright-statement><copyright-year>2006</copyright-year><license xlink:href="http://creativecommons.org/licenses/by/4.0/"><license-p>This is an open-access article distributed under the terms of the Creative Commons Attribution License, which permits unrestricted use, distribution, and reproduction in any medium, provided the original author and source are properly credited.</license-p></license></permissions><!--<related-article preprintResearch Article10.1371/journal.pcbi.0020152.eorsimple>Humans can adopt optimal discounting strategy under real-time constraints</related-article>--><abstract><p>Critical to our many daily choices between larger delayed rewards, and smaller more immediate rewards, are the shape and the steepness of the function that discounts rewards with time. Although research in artificial intelligence favors exponential discounting in uncertain environments, studies with humans and animals have consistently shown hyperbolic discounting. We investigated how humans perform in a reward decision task with temporal constraints, in which each choice affects the time remaining for later trials, and in which the delays vary at each trial. We demonstrated that most of our subjects adopted exponential discounting in this experiment. Further, we confirmed analytically that exponential discounting, with a decay rate comparable to that used by our subjects, maximized the total reward gain in our task. Our results suggest that the particular shape and steepness of temporal discounting is determined by the task that the subject is facing, and question the notion of hyperbolic reward discounting as a universal principle.</p></abstract><abstract abstract-type="synopsis"><title>Synopsis</title><p>When we make a choice between two options, we compare the values of their outcomes and select the option with a larger value. However, what if one option leads to a larger delayed reward and the other leads to a smaller more immediate reward? Naturally, we assign a larger value for a larger reward, but it is “discounted” if the reward is to be delivered later. Thus, the value is a monotonically decreasing function of the delays. Previous behavioral studies have repeatedly demonstrated that humans and animals discount delayed rewards hyperbolically. This has practical importance, as hyperbolic discounting can sometimes lead to “irrational” preference reversal: for instance, an individual may prefer two apples in 51 days to one apple in 50 days, but if the days come closer, he prefers one apple today to two apples tomorrow. On the contrary, exponential discounting is always “rational,” as it predicts constant preference. Here, in a new task that mimics animal foraging, and that uses delayed monetary rewards, Schweighofer and colleagues showed that humans can also discount reward exponentially. Furthermore, it is remarkable that by adopting exponential discounting, their subjects maximized their total gain. Thus, depending on the task at hand, the authors' study suggests that humans can flexibly choose the type of reward discounting, and can exhibit rational behavior that maximizes long-term gains.</p></abstract><counts><page-count count="8"/></counts><custom-meta-group><custom-meta><meta-name>citation</meta-name><meta-value>Schweighofer N, Shishida K, Han CE, Okamoto Y, Tanaka SC, et al. (2006) Humans can adopt optimal discounting strategy under real-time constraints. PLoS Comput Biol 2(11): e152. doi:<ext-link ext-link-type="doi" xlink:href="10.1371/journal.pcbi.0020152">10.1371/journal.pcbi.0020152</ext-link></meta-value></custom-meta></custom-meta-group></article-meta></front></article>