<article xmlns="https://jats.nlm.nih.gov/ns/archiving/1.2/" xmlns:xsi="http://www.w3.org/2001/XMLSchema-instance" xmlns:ali="http://www.niso.org/schemas/ali/1.0/" xmlns:mml="http://www.w3.org/1998/Math/MathML" xmlns:xlink="http://www.w3.org/1999/xlink" xsi:schemaLocation="https://jats.nlm.nih.gov/ns/archiving/1.2/ https://jats.nlm.nih.gov/archiving/1.2/xsd/JATS-archivearticle1.xsd" article-type="research-article"><front><journal-meta><journal-id journal-id-type="nlm-ta">PLoS Comput Biol</journal-id><journal-id journal-id-type="iso-abbrev">PLoS Comput. Biol</journal-id><journal-id journal-id-type="publisher-id">pcbi</journal-id><journal-id journal-id-type="publisher-id">plcb</journal-id><journal-id journal-id-type="pmc">ploscomp</journal-id><journal-title-group><journal-title>PLoS Computational Biology</journal-title></journal-title-group><issn pub-type="ppub">1553-734X</issn><issn pub-type="epub">1553-7358</issn><publisher><publisher-name>Public Library of Science</publisher-name><publisher-loc>San Francisco, USA</publisher-loc></publisher></journal-meta><article-meta><article-id pub-id-type="accession">PMC1941757</article-id><article-id pub-id-type="pmcid">PMC1941757</article-id><article-id pub-id-type="pmc-uid">1941757</article-id><article-id pub-id-type="pmid">17696606</article-id><article-id pub-id-type="pmid">17696606</article-id><article-id pub-id-type="doi">10.1371/journal.pcbi.0030156</article-id><article-id pub-id-type="publisher-id">07-PLCB-RA-0143R2</article-id><article-id pub-id-type="sici">plcb-03-08-10</article-id><article-categories><subj-group subj-group-type="heading"><subject>Research Article</subject></subj-group><subj-group subj-group-type="Discipline"><subject>Neuroscience</subject><subject>Neuroscience</subject></subj-group><subj-group subj-group-type="System Taxonomy"><subject>Cortical Fast-Spiking Neurons</subject></subj-group></article-categories><title-group><article-title>Mechanisms of Firing Patterns in Fast-Spiking Cortical Interneurons</article-title><alt-title alt-title-type="running-head">Firing Patterns of Fast-Spiking Neurons</alt-title></title-group><contrib-group><contrib contrib-type="author"><name><surname>Golomb</surname><given-names>David</given-names></name><xref ref-type="aff" rid="aff1">1</xref><xref ref-type="aff" rid="aff2">2</xref><xref ref-type="corresp" rid="cor1">*</xref></contrib><contrib contrib-type="author"><name><surname>Donner</surname><given-names>Karnit</given-names></name><xref ref-type="aff" rid="aff1">1</xref><xref ref-type="aff" rid="aff2">2</xref></contrib><contrib contrib-type="author"><name><surname>Shacham</surname><given-names>Liron</given-names></name><xref ref-type="aff" rid="aff1">1</xref><xref ref-type="aff" rid="aff2">2</xref></contrib><contrib contrib-type="author"><name><surname>Shlosberg</surname><given-names>Dan</given-names></name><xref ref-type="aff" rid="aff1">1</xref><xref ref-type="aff" rid="aff2">2</xref></contrib><contrib contrib-type="author"><name><surname>Amitai</surname><given-names>Yael</given-names></name><xref ref-type="aff" rid="aff1">1</xref><xref ref-type="aff" rid="aff2">2</xref></contrib><contrib contrib-type="author"><name><surname>Hansel</surname><given-names>David</given-names></name><xref ref-type="aff" rid="aff3">3</xref><xref ref-type="aff" rid="aff4">4</xref><xref ref-type="aff" rid="aff5">5</xref></contrib></contrib-group><aff id="aff1"><label>1</label> Department of Physiology, Ben-Gurion University, Be'er-Sheva, Israel
</aff><aff id="aff2"><label>2</label> Zlotowski Center for Neuroscience, Ben-Gurion University, Be'er-Sheva, Israel
</aff><aff id="aff3"><label>3</label> Laboratory of Neurophysics and Physiology, Université Paris René Descartes, Paris, France
</aff><aff id="aff4"><label>4</label> CNRS UMR 8119, Paris, France
</aff><aff id="aff5"><label>5</label> Franco-Israeli Laboratory of Neurophysics and System Physiology, Université Paris René Descartes, Paris, France
</aff><contrib-group><contrib contrib-type="editor"><name><surname>Graham</surname><given-names>Lyle J</given-names></name><role>Editor</role><xref ref-type="aff" rid="edit1"/></contrib></contrib-group><aff id="edit1">UFR Biomédicale de l'Université René Descartes, France</aff><author-notes><corresp id="cor1">* To whom correspondence should be addressed. E-mail: <email>golomb@bgu.ac.il</email></corresp></author-notes><pub-date pub-type="ppub"><month>8</month><year>2007</year></pub-date><pub-date pub-type="epub"><day>10</day><month>8</month><year>2007</year></pub-date><pub-date pub-type="epreprint"><day>20</day><month>6</month><year>2007</year></pub-date><volume>3</volume><issue>8</issue><elocation-id>e156</elocation-id><history><date date-type="received"><day>22</day><month>3</month><year>2007</year></date><date date-type="accepted"><day>20</day><month>6</month><year>2007</year></date></history><permissions><copyright-statement> © 2007 Golomb et al.</copyright-statement><copyright-year>2007</copyright-year><license xlink:href="http://creativecommons.org/licenses/by/4.0/"><license-p>This is an open-access article distributed under the terms of the Creative Commons Attribution License, which permits unrestricted use, distribution, and reproduction in any medium, provided the original author and source are properly credited.</license-p></license></permissions><!--<related-article preprintResearch Article10.1371/journal.pcbi.0030156.eorRA1doisimple>Mechanisms of Firing Patterns in Fast-Spiking Cortical Interneurons</related-article>--><abstract><p>Cortical fast-spiking (FS) interneurons display highly variable electrophysiological properties. Their spike responses to step currents occur almost immediately following the step onset or after a substantial delay, during which subthreshold oscillations are frequently observed. Their firing patterns include high-frequency tonic firing and rhythmic or irregular bursting (stuttering). What is the origin of this variability? In the present paper, we hypothesize that it emerges naturally if one assumes a continuous distribution of properties in a small set of active channels. To test this hypothesis, we construct a minimal, single-compartment conductance-based model of FS cells that includes transient Na<sup>+</sup>, delayed-rectifier K<sup>+</sup>, and slowly inactivating d-type K<sup>+</sup> conductances. The model is analyzed using nonlinear dynamical system theory. For small Na<sup>+</sup> window current, the neuron exhibits high-frequency tonic firing. At current threshold, the spike response is almost instantaneous for small d-current conductance, <italic>g</italic>
<sub>d</sub>, and it is delayed for larger <italic>g</italic>
<sub>d</sub>. As <italic>g</italic>
<sub>d</sub> further increases, the neuron stutters. Noise substantially reduces the delay duration and induces subthreshold oscillations. In contrast, when the Na<sup>+</sup> window current is large, the neuron always fires tonically. Near threshold, the firing rates are low, and the delay to firing is only weakly sensitive to noise; subthreshold oscillations are not observed. We propose that the variability in the response of cortical FS neurons is a consequence of heterogeneities in their <italic>g</italic>
<sub>d</sub> and in the strength of their Na<sup>+</sup> window current. We predict the existence of two types of firing patterns in FS neurons, differing in the sensitivity of the delay duration to noise, in the minimal firing rate of the tonic discharge, and in the existence of subthreshold oscillations. We report experimental results from intracellular recordings supporting this prediction.</p></abstract><abstract abstract-type="summary"><title>Author Summary</title><sec id="st1"><title/><p>About 25% of the neurons in the mammalian neocortex are inhibitory, namely reduce the activity of neurons they contact. These inhibitory neurons exhibit diversity of morphological, chemical, and biophysical properties, and their classification has recently been the focus of much debate. Even neurons belonging to a single class of “fast-spiking” (FS) display a large variety of firing patterns in response to standard square current pulses. Previous works proposed that this class is in fact a discrete set of neuronal subtypes with biophysical properties differing in a discontinuous way. In this work, we propose an alternative theory, according to which the biophysical properties of FS neurons are continuously distributed, but distinct firing patterns emerge due to highly nonlinear dynamics of these neurons. We ascertain this theory by exploring with mathematical techniques a biophysically based model of FS neurons. We demonstrate that variable firing responses of cortical FS neurons can be accounted for if one assumes heterogeneity in the strength of some of the ionic conductances underlying neuronal activity. Our theory predicts the existence of two main firing patterns of FS neurons. This prediction is verified by direct recordings in cortical slices.</p></sec></abstract><counts><page-count count="15"/></counts><custom-meta-group><custom-meta><meta-name>citation</meta-name><meta-value>Golomb D, Donner K, Shacham L, Shlosberg D, Amitai Y, et al. (2007) Mechanisms of firing patterns in fast-spiking cortical interneurons. PLoS Comput Biol 3(8): e156. doi:<ext-link ext-link-type="doi" xlink:href="10.1371/journal.pcbi.0030156">10.1371/journal.pcbi.0030156</ext-link></meta-value></custom-meta></custom-meta-group></article-meta></front></article>