<article xmlns="https://jats.nlm.nih.gov/ns/archiving/1.2/" xmlns:xsi="http://www.w3.org/2001/XMLSchema-instance" xmlns:ali="http://www.niso.org/schemas/ali/1.0/" xmlns:mml="http://www.w3.org/1998/Math/MathML" xmlns:xlink="http://www.w3.org/1999/xlink" xsi:schemaLocation="https://jats.nlm.nih.gov/ns/archiving/1.2/ https://jats.nlm.nih.gov/archiving/1.2/xsd/JATS-archivearticle1.xsd" article-type="research-article"><front><journal-meta><journal-id journal-id-type="nlm-ta">PLoS Comput Biol</journal-id><journal-id journal-id-type="iso-abbrev">PLoS Comput. Biol</journal-id><journal-id journal-id-type="publisher-id">pcbi</journal-id><journal-id journal-id-type="publisher-id">plcb</journal-id><journal-id journal-id-type="pmc">ploscomp</journal-id><journal-title-group><journal-title>PLoS Computational Biology</journal-title></journal-title-group><issn pub-type="ppub">1553-734X</issn><issn pub-type="epub">1553-7358</issn><publisher><publisher-name>Public Library of Science</publisher-name><publisher-loc>San Francisco, USA</publisher-loc></publisher></journal-meta><article-meta><article-id pub-id-type="accession">PMC1950343</article-id><article-id pub-id-type="pmcid">PMC1950343</article-id><article-id pub-id-type="pmc-uid">1950343</article-id><article-id pub-id-type="pmid">17708679</article-id><article-id pub-id-type="pmid">17708679</article-id><article-id pub-id-type="doi">10.1371/journal.pcbi.0030161</article-id><article-id pub-id-type="publisher-id">07-PLCB-RA-0076R2</article-id><article-id pub-id-type="sici">plcb-03-08-13</article-id><article-categories><subj-group subj-group-type="heading"><subject>Research Article</subject></subj-group><subj-group subj-group-type="Discipline"><subject>Computational Biology</subject><subject>Genetics and Genomics</subject><subject>Oncology</subject></subj-group><subj-group subj-group-type="System Taxonomy"><subject>Homo (Human)</subject></subj-group></article-categories><title-group><article-title>Elucidating the Altered Transcriptional Programs in Breast Cancer using Independent Component Analysis</article-title><alt-title alt-title-type="running-head">Elucidating the Altered Transcriptional Programs</alt-title></title-group><contrib-group><contrib contrib-type="author" equal-contrib="yes"><name><surname>Teschendorff</surname><given-names>Andrew E</given-names></name><xref ref-type="aff" rid="aff1">1</xref><xref ref-type="aff" rid="aff2">2</xref><xref ref-type="corresp" rid="cor1">*</xref></contrib><contrib contrib-type="author" equal-contrib="yes"><name><surname>Journée</surname><given-names>Michel</given-names></name><xref ref-type="aff" rid="aff3">3</xref></contrib><contrib contrib-type="author"><name><surname>Absil</surname><given-names>Pierre A</given-names></name><xref ref-type="aff" rid="aff4">4</xref></contrib><contrib contrib-type="author"><name><surname>Sepulchre</surname><given-names>Rodolphe</given-names></name><xref ref-type="aff" rid="aff3">3</xref></contrib><contrib contrib-type="author"><name><surname>Caldas</surname><given-names>Carlos</given-names></name><xref ref-type="aff" rid="aff1">1</xref><xref ref-type="aff" rid="aff2">2</xref></contrib></contrib-group><aff id="aff1"><label>1</label> Breast Cancer Functional Genomics Laboratory, Cancer Research UK Cambridge Research Institute, Cambridge, United Kingdom
</aff><aff id="aff2"><label>2</label> Department of Oncology, University of Cambridge, Cambridge, United Kingdom
</aff><aff id="aff3"><label>3</label> Department of Electrical Engineering and Computer Science, University of Liège, Liège, Belgium
</aff><aff id="aff4"><label>4</label> Département d'Ingénierie Mathématique, Université Catholique de Louvain, Belgium
</aff><contrib-group><contrib contrib-type="editor"><name><surname>Miyano</surname><given-names>Satoru</given-names></name><role>Editor</role><xref ref-type="aff" rid="edit1"/></contrib></contrib-group><aff id="edit1">The University of Tokyo, Japan</aff><author-notes><corresp id="cor1">* To whom correspondence should be addressed. E-mail: <email>aet21@cam.ac.uk</email></corresp></author-notes><pub-date pub-type="ppub"><month>8</month><year>2007</year></pub-date><pub-date pub-type="epub"><day>17</day><month>8</month><year>2007</year></pub-date><pub-date pub-type="epreprint"><day>29</day><month>6</month><year>2007</year></pub-date><volume>3</volume><issue>8</issue><elocation-id>e161</elocation-id><history><date date-type="received"><day>13</day><month>2</month><year>2007</year></date><date date-type="accepted"><day>28</day><month>6</month><year>2007</year></date></history><permissions><copyright-statement> © 2007 Teschendorff et al.</copyright-statement><copyright-year>2007</copyright-year><license xlink:href="http://creativecommons.org/licenses/by/4.0/"><license-p>This is an open-access article distributed under the terms of the Creative Commons Attribution License, which permits unrestricted use, distribution, and reproduction in any medium, provided the original author and source are properly credited.</license-p></license></permissions><!--<related-article preprintResearch Article10.1371/journal.pcbi.0030161.eorRA1doisimple>Elucidating the Altered Transcriptional Programs in Breast Cancer using Independent Component Analysis</related-article>--><abstract><p>The quantity of mRNA transcripts in a cell is determined by a complex interplay of cooperative and counteracting biological processes. Independent Component Analysis (ICA) is one of a few number of unsupervised algorithms that have been applied to microarray gene expression data in an attempt to understand phenotype differences in terms of changes in the activation/inhibition patterns of biological pathways. While the ICA model has been shown to outperform other linear representations of the data such as Principal Components Analysis (PCA), a validation using explicit pathway and regulatory element information has not yet been performed. We apply a range of popular ICA algorithms to six of the largest microarray cancer datasets and use pathway-knowledge and regulatory-element databases for validation. We show that ICA outperforms PCA and clustering-based methods in that ICA components map closer to known cancer-related pathways, regulatory modules, and cancer phenotypes. Furthermore, we identify cancer signalling and oncogenic pathways and regulatory modules that play a prominent role in breast cancer and relate the differential activation patterns of these to breast cancer phenotypes. Importantly, we find novel associations linking immune response and epithelial–mesenchymal transition pathways with estrogen receptor status and histological grade, respectively. In addition, we find associations linking the activity levels of biological pathways and transcription factors (NF1 and NFAT) with clinical outcome in breast cancer. ICA provides a framework for a more biologically relevant interpretation of genomewide transcriptomic data. Adopting ICA as the analysis tool of choice will help understand the phenotype–pathway relationship and thus help elucidate the molecular taxonomy of heterogeneous cancers and of other complex genetic diseases.</p></abstract><abstract abstract-type="summary"><title>Author Summary</title><sec id="st1"><title/><p>The amount of a given transcript or protein in a cell is determined by a balance of expression and repression in a complex network of biological processes. This delicate balance is compromised in complex genetic diseases such as cancer by alterations in the activation patterns of functionally important biological processes known as pathways. Over the last years, a large number of microarray experiments profiling the expression levels of more than 20,000 human genes in hundreds of tumor samples have shown that most cancer types are heterogeneous diseases, each characterized by many different expression subtypes. The biological and clinical goal is to explain the observed tumor and clinical heterogeneity in terms of specific patterns of altered pathways. The bioinformatic challenge is therefore to devise mathematical tools that explicitly attempt to infer these altered pathways. To this end, we applied a signal processing tool in a meta-analysis of breast cancer, encompassing more than 800 tumor specimens derived from four different patient cohorts, and showed that this algorithm significantly outperforms popular standard bioinformatics tools in identifying altered pathways underlying breast cancer. These results show that the same tool could be applied to other complex human genetic diseases to better elucidate the underlying altered pathways.</p></sec></abstract><counts><page-count count="16"/></counts><custom-meta-group><custom-meta><meta-name>citation</meta-name><meta-value>Teschendorff AE, Journée M, Absil PA, Sepulchre R, Caldas C (2007) Elucidating the altered transcriptional programs in breast cancer using Independent Component Analysis. PLoS Comput Biol 3(8): e161. doi:<ext-link ext-link-type="doi" xlink:href="10.1371/journal.pcbi.0030161">10.1371/journal.pcbi.0030161</ext-link></meta-value></custom-meta></custom-meta-group></article-meta></front></article>