<article xmlns="https://jats.nlm.nih.gov/ns/archiving/1.2/" xmlns:xsi="http://www.w3.org/2001/XMLSchema-instance" xmlns:ali="http://www.niso.org/schemas/ali/1.0/" xmlns:mml="http://www.w3.org/1998/Math/MathML" xmlns:xlink="http://www.w3.org/1999/xlink" xsi:schemaLocation="https://jats.nlm.nih.gov/ns/archiving/1.2/ https://jats.nlm.nih.gov/archiving/1.2/xsd/JATS-archivearticle1.xsd" article-type="research-article"><front><journal-meta><journal-id journal-id-type="nlm-ta">PLoS Comput Biol</journal-id><journal-id journal-id-type="iso-abbrev">PLoS Comput. Biol</journal-id><journal-id journal-id-type="publisher-id">pcbi</journal-id><journal-id journal-id-type="publisher-id">plcb</journal-id><journal-id journal-id-type="pmc">ploscomp</journal-id><journal-title-group><journal-title>PLoS Computational Biology</journal-title></journal-title-group><issn pub-type="ppub">1553-734X</issn><issn pub-type="epub">1553-7358</issn><publisher><publisher-name>Public Library of Science</publisher-name><publisher-loc>San Francisco, USA</publisher-loc></publisher></journal-meta><article-meta><article-id pub-id-type="accession">PMC1976338</article-id><article-id pub-id-type="pmcid">PMC1976338</article-id><article-id pub-id-type="pmc-uid">1976338</article-id><article-id pub-id-type="pmid">17941705</article-id><article-id pub-id-type="doi">10.1371/journal.pcbi.0030178</article-id><article-id pub-id-type="publisher-id">07-PLCB-RA-0214R3</article-id><article-id pub-id-type="sici">plcb-03-09-09</article-id><article-categories><subj-group subj-group-type="heading"><subject>Research Article</subject></subj-group><subj-group subj-group-type="Discipline"><subject>Computational Biology</subject></subj-group><subj-group subj-group-type="System Taxonomy"><subject>Saccharomyces</subject></subj-group></article-categories><title-group><article-title>Characterization of Protein Hubs by Inferring Interacting Motifs from Protein Interactions</article-title><alt-title alt-title-type="running-head">Protein Hubs Characterization by iMotifs</alt-title></title-group><contrib-group><contrib contrib-type="author"><name><surname>Aragues</surname><given-names>Ramon</given-names></name><xref ref-type="aff" rid="aff1">1</xref></contrib><contrib contrib-type="author"><name><surname>Sali</surname><given-names>Andrej</given-names></name><xref ref-type="aff" rid="aff2">2</xref><xref ref-type="aff" rid="aff3">3</xref><xref ref-type="aff" rid="aff4">4</xref></contrib><contrib contrib-type="author"><name><surname>Bonet</surname><given-names>Jaume</given-names></name><xref ref-type="aff" rid="aff1">1</xref></contrib><contrib contrib-type="author"><name><surname>Marti-Renom</surname><given-names>Marc A</given-names></name><xref ref-type="aff" rid="aff5">5</xref><xref ref-type="corresp" rid="cor1">*</xref></contrib><contrib contrib-type="author"><name><surname>Oliva</surname><given-names>Baldo</given-names></name><xref ref-type="aff" rid="aff1">1</xref><xref ref-type="corresp" rid="cor1">*</xref></contrib></contrib-group><aff id="aff1"><label>1</label> Structural Bioinformatics Lab (GRIB), Universitat Pompeu Fabra-IMIM, Barcelona Research Park of Biomedicine (PRBB), Barcelona, Catalonia, Spain
</aff><aff id="aff2"><label>2</label> Department of Biopharmaceutical Sciences, University of California San Francisco, San Francisco, California, United States of America
</aff><aff id="aff3"><label>3</label> Department of Pharmaceutical Chemistry, University of California San Francisco, San Francisco, California, United States of America
</aff><aff id="aff4"><label>4</label> California Institute for Quantitative Biomedical Research, University of California San Francisco, San Francisco, California, United States of America
</aff><aff id="aff5"><label>5</label> Structural Genomics Unit, Bioinformatics Department, Centro de Investigación Príncipe Felipe, Valencia, Spain
</aff><contrib-group><contrib contrib-type="editor"><name><surname>Nussinov</surname><given-names>Ruth</given-names></name><role>Editor</role><xref ref-type="aff" rid="edit1"/></contrib></contrib-group><aff id="edit1">National Cancer Institute, United States of America, and Tel Aviv University, Israel</aff><author-notes><corresp id="cor1">* To whom correspondence should be addressed. E-mail: <email>mmarti@cipf.es</email> (MAMR); <email>boliva@imim.es</email> (BO)</corresp></author-notes><pub-date pub-type="ppub"><month>9</month><year>2007</year></pub-date><pub-date pub-type="epub"><day>14</day><month>9</month><year>2007</year></pub-date><pub-date pub-type="epreprint"><day>30</day><month>7</month><year>2007</year></pub-date><volume>3</volume><issue>9</issue><elocation-id>e178</elocation-id><history><date date-type="received"><day>19</day><month>4</month><year>2007</year></date><date date-type="accepted"><day>27</day><month>7</month><year>2007</year></date></history><permissions><copyright-statement> © 2007 Aragues et al.</copyright-statement><copyright-year>2007</copyright-year><license xlink:href="http://creativecommons.org/licenses/by/4.0/"><license-p>This is an open-access article distributed under the terms of the Creative Commons Attribution License, which permits unrestricted use, distribution, and reproduction in any medium, provided the original author and source are properly credited.</license-p></license></permissions><!--<related-article preprintResearch Article10.1371/journal.pcbi.0030178.eorRA1doisimple>Characterization of Protein Hubs by Inferring Interacting Motifs from Protein Interactions</related-article>--><abstract><p>The characterization of protein interactions is essential for understanding biological systems. While genome-scale methods are available for identifying interacting proteins, they do not pinpoint the interacting motifs (e.g., a domain, sequence segments, a binding site, or a set of residues). Here, we develop and apply a method for delineating the interacting motifs of hub proteins (i.e., highly connected proteins). The method relies on the observation that proteins with common interaction partners tend to interact with these partners through a common interacting motif. The sole input for the method are binary protein interactions; neither sequence nor structure information is needed. The approach is evaluated by comparing the inferred interacting motifs with domain families defined for 368 proteins in the Structural Classification of Proteins (SCOP). The positive predictive value of the method for detecting proteins with common SCOP families is 75% at sensitivity of 10%. Most of the inferred interacting motifs were significantly associated with sequence patterns, which could be responsible for the common interactions. We find that yeast hubs with multiple interacting motifs are more likely to be essential than hubs with one or two interacting motifs, thus rationalizing the previously observed correlation between essentiality and the number of interacting partners of a protein. We also find that yeast hubs with multiple interacting motifs evolve slower than the average protein, contrary to the hubs with one or two interacting motifs. The proposed method will help us discover unknown interacting motifs and provide biological insights about protein hubs and their roles in interaction networks.</p></abstract><abstract abstract-type="summary"><title>Author Summary</title><sec id="st1"><title/><p>Recent advances in experimental methods have produced a deluge of protein–protein interactions data. However, these methods do not supply information on which specific protein regions are physically in contact during the interactions. Identifying these regions (interfaces) is fundamental for scientific disciplines that require detailed characterizations of protein interactions. In this work, we present a computational method that identifies groups of proteins with similar interfaces. This is achieved by relying on the observation that proteins with common interaction partners tend to interact through similar interfaces. The proposed method retrieves protein interactions from public data repositories and groups proteins that share a sensible number of interacting partners. Proteins within the same group are then labeled with the same “interacting motif” identifier (iMotif). The evaluation performed using known protein domains and structural binding sites suggests that the method is better suited for proteins with multiple interacting partners (hubs). Using yeast data, we show that the cellular essentiality of a gene better correlates with the number of interacting motifs than with the absolute number of interactions.</p></sec></abstract><counts><page-count count="11"/></counts><custom-meta-group><custom-meta><meta-name>citation</meta-name><meta-value>Aragues R, Sali A, Bonet J, Marti-Renom MA, Oliva B (2007) Characterization of protein hubs by inferring interacting motifs from protein interactions. PLoS Comput Biol 3(9): e178. doi:<ext-link ext-link-type="doi" xlink:href="10.1371/journal.pcbi.0030178">10.1371/journal.pcbi.0030178</ext-link></meta-value></custom-meta></custom-meta-group></article-meta></front></article>