<article xmlns="https://jats.nlm.nih.gov/ns/archiving/1.2/" xmlns:xsi="http://www.w3.org/2001/XMLSchema-instance" xmlns:ali="http://www.niso.org/schemas/ali/1.0/" xmlns:mml="http://www.w3.org/1998/Math/MathML" xmlns:xlink="http://www.w3.org/1999/xlink" xsi:schemaLocation="https://jats.nlm.nih.gov/ns/archiving/1.2/ https://jats.nlm.nih.gov/archiving/1.2/xsd/JATS-archivearticle1.xsd" article-type="research-article"><front><journal-meta><journal-id journal-id-type="nlm-ta">PLoS Comput Biol</journal-id><journal-id journal-id-type="iso-abbrev">PLoS Comput. Biol</journal-id><journal-id journal-id-type="publisher-id">pcbi</journal-id><journal-id journal-id-type="publisher-id">plcb</journal-id><journal-id journal-id-type="pmc">ploscomp</journal-id><journal-title-group><journal-title>PLoS Computational Biology</journal-title></journal-title-group><issn pub-type="ppub">1553-734X</issn><issn pub-type="epub">1553-7358</issn><publisher><publisher-name>Public Library of Science</publisher-name><publisher-loc>San Francisco, USA</publisher-loc></publisher></journal-meta><article-meta><article-id pub-id-type="accession">PMC1526463</article-id><article-id pub-id-type="pmcid">PMC1526463</article-id><article-id pub-id-type="pmc-uid">1526463</article-id><article-id pub-id-type="pmid">16933978</article-id><article-id pub-id-type="pmid">16933978</article-id><article-id pub-id-type="doi">10.1371/journal.pcbi.0020075</article-id><article-id pub-id-type="publisher-id">05-PLCB-RA-0295R3</article-id><article-id pub-id-type="sici">plcb-02-07-08</article-id><article-categories><subj-group subj-group-type="heading"><subject>Research Article</subject></subj-group><subj-group subj-group-type="Discipline"><subject>Bioinformatics - Computational Biology</subject><subject>Evolution</subject><subject>Genetics/Genomics</subject><subject>Genetics/Comparative Genomics</subject><subject>Genetics/Evolution</subject></subj-group><subj-group subj-group-type="System Taxonomy"><subject>Eubacteria</subject></subj-group></article-categories><title-group><article-title>An Integrative Method for Accurate Comparative Genome Mapping</article-title><alt-title alt-title-type="running-head">An Comparative Genome Mapping Method</alt-title></title-group><contrib-group><contrib contrib-type="author"><name><surname>Swidan</surname><given-names>Firas</given-names></name><xref ref-type="aff" rid="aff1">1</xref><xref ref-type="aff" rid="aff2">2</xref><xref ref-type="corresp" rid="cor1">*</xref></contrib><contrib contrib-type="author"><name><surname>Rocha</surname><given-names>Eduardo P. C</given-names></name><xref ref-type="aff" rid="aff3">3</xref><xref ref-type="aff" rid="aff4">4</xref></contrib><contrib contrib-type="author"><name><surname>Shmoish</surname><given-names>Michael</given-names></name><xref ref-type="aff" rid="aff1">1</xref></contrib><contrib contrib-type="author"><name><surname>Pinter</surname><given-names>Ron Y</given-names></name><xref ref-type="aff" rid="aff1">1</xref></contrib></contrib-group><aff id="aff1"><label>1</label> Department of Computer Science, Technion, Israel Institute of Technology, Haifa, Israel
</aff><aff id="aff2"><label>2</label> Janelia Farm Research Center, Howard Hughes Medical Institute, Ashburn, Virginia, United States of America
</aff><aff id="aff3"><label>3</label> Atelier de Bioinformatique, University Paris VI, Paris, France
</aff><aff id="aff4"><label>4</label> Unité GGB, Institut Pasteur, Paris, France
</aff><contrib-group><contrib contrib-type="editor"><name><surname>Pevzner</surname><given-names>Pavel</given-names></name><role>Editor</role><xref ref-type="aff" rid="edit1"/></contrib></contrib-group><aff id="edit1">University of California San Diego, United States of America</aff><author-notes><corresp id="cor1">* To whom correspondence should be addressed. E-mail: <email>Swidanf@janelia.hhmi.org</email></corresp></author-notes><pub-date pub-type="ppub"><month>8</month><year>2006</year></pub-date><pub-date pub-type="epub"><day>4</day><month>8</month><year>2006</year></pub-date><pub-date pub-type="epreprint"><day>15</day><month>5</month><year>2006</year></pub-date><volume>2</volume><issue>8</issue><elocation-id>e75</elocation-id><history><date date-type="received"><day>21</day><month>10</month><year>2005</year></date><date date-type="accepted"><day>15</day><month>5</month><year>2006</year></date></history><permissions><copyright-statement> © 2006 Swidan et al.</copyright-statement><copyright-year>2006</copyright-year><license xlink:href="http://creativecommons.org/licenses/by/4.0/"><license-p>This is an open-access article distributed under the terms of the Creative Commons Attribution License, which permits unrestricted use, distribution, and reproduction in any medium, provided the original author and source are properly credited.</license-p></license></permissions><!--<related-article preprintresearch10.1371/journal.pcbi.0020075.eorsimple>An Integrative Method for Accurate Comparative Genome Mapping</related-article>--><abstract><p>We present MAGIC, an integrative and accurate method for comparative genome mapping. Our method consists of two phases: <italic>preprocessing</italic> for identifying “maximal similar segments,” and <italic>mapping</italic> for clustering and classifying these segments. MAGIC's main novelty lies in its biologically intuitive clustering approach, which aims towards both calculating reorder-free segments and identifying orthologous segments. In the process, MAGIC efficiently handles ambiguities resulting from duplications that occurred before the speciation of the considered organisms from their most recent common ancestor. We demonstrate both MAGIC's robustness and scalability: the former is asserted with respect to its initial input and with respect to its parameters' values. The latter is asserted by applying MAGIC to distantly related organisms and to large genomes. We compare MAGIC to other comparative mapping methods and provide detailed analysis of the differences between them. Our improvements allow a comprehensive study of the diversity of genetic repertoires resulting from large-scale mutations, such as indels and duplications, including explicitly transposable and phagic elements. The strength of our method is demonstrated by detailed statistics computed for each type of these large-scale mutations. MAGIC enabled us to conduct a comprehensive analysis of the different forces shaping prokaryotic genomes from different clades, and to quantify the importance of novel gene content introduced by horizontal gene transfer relative to gene duplication in bacterial genome evolution. We use these results to investigate the breakpoint distribution in several prokaryotic genomes.</p></abstract><abstract abstract-type="synopsis"><title>Synopsis</title><p>Comparative genomics is an important discipline with applications in evolutionary, genetic, and genome rearrangement studies. When comparing genomes, one is usually interested in investigating the relation between the genomic segments to establish their evolutionary origin: are the segments orthologous, and hence inherited from their most recent common ancestor? Are they paralogs, and hence duplicated from an ancestral segment? Did the segments undergo reordering? Were the segments deleted or inserted and—if so—how (insertion sequence, prophage, horizontal gene transfer)?</p><p>In this paper, Swidan et al. present MAGIC, a new approach for comparative genome mapping. The main novelty of this approach is the biologically intuitive clustering step, which aims towards both calculating reorder-free segments and identifying orthologous segments. The authors demonstrate MAGIC's robustness, relative to both its initial input and to its parameters' values. MAGIC's scalability is demonstrated by running it on distantly related organisms and on large genomes. In addition, Swidan et al. provide a detailed analysis of the differences between MAGIC and other comparative mapping methods.</p><p>Applying MAGIC to several prokaryotic pairs enabled the authors to address the aforementioned questions and to quantitatively study the different evolutionary forces shaping the prokaryotic genome as well as to investigate their breakpoint distribution.</p></abstract><counts><page-count count="20"/></counts><custom-meta-group><custom-meta><meta-name>citation</meta-name><meta-value>Swidan F, Rocha EPC, Shmoish M, Pinter RY (2006) An integrative method for accurate comparative genome mapping. PLoS Comput Biol 2(8): e75. DOI: <ext-link ext-link-type="doi" xlink:href="10.1371/journal.pcbi.0020075">10.1371/journal.pcbi.0020075</ext-link></meta-value></custom-meta></custom-meta-group></article-meta></front></article>