<article xmlns="https://jats.nlm.nih.gov/ns/archiving/1.2/" xmlns:xsi="http://www.w3.org/2001/XMLSchema-instance" xmlns:ali="http://www.niso.org/schemas/ali/1.0/" xmlns:mml="http://www.w3.org/1998/Math/MathML" xmlns:xlink="http://www.w3.org/1999/xlink" xsi:schemaLocation="https://jats.nlm.nih.gov/ns/archiving/1.2/ https://jats.nlm.nih.gov/archiving/1.2/xsd/JATS-archivearticle1.xsd" article-type="review-article"><front><journal-meta><journal-id journal-id-type="nlm-ta">PLoS Comput Biol</journal-id><journal-id journal-id-type="iso-abbrev">PLoS Comput. Biol</journal-id><journal-id journal-id-type="publisher-id">pcbi</journal-id><journal-id journal-id-type="publisher-id">plcb</journal-id><journal-id journal-id-type="pmc">ploscomp</journal-id><journal-title-group><journal-title>PLoS Computational Biology</journal-title></journal-title-group><issn pub-type="ppub">1553-734X</issn><issn pub-type="epub">1553-7358</issn><publisher><publisher-name>Public Library of Science</publisher-name><publisher-loc>San Francisco, USA</publisher-loc></publisher></journal-meta><article-meta><article-id pub-id-type="accession">PMC1289388</article-id><article-id pub-id-type="pmcid">PMC1289388</article-id><article-id pub-id-type="pmc-uid">1289388</article-id><article-id pub-id-type="pmid">16322763</article-id><article-id pub-id-type="pmid">16322763</article-id><article-id pub-id-type="doi">10.1371/journal.pcbi.0010061</article-id><article-id pub-id-type="publisher-id">05-PLCB-RV-0239R1</article-id><article-id pub-id-type="sici">plcb-01-06-10</article-id><article-categories><subj-group subj-group-type="heading"><subject>Review</subject></subj-group><subj-group subj-group-type="Discipline"><subject>Bioinformatics - Computational Biology</subject><subject>Evolution</subject><subject>Genetics/Evolution</subject><subject>Virology</subject></subj-group><subj-group subj-group-type="System Taxonomy"><subject>None</subject></subj-group></article-categories><title-group><article-title>Quasispecies Made Simple</article-title><alt-title alt-title-type="running-head">Review</alt-title></title-group><contrib-group><contrib contrib-type="author"><name><surname>Bull</surname><given-names>J. J</given-names></name></contrib><contrib contrib-type="author"><name><surname>Meyers</surname><given-names>Lauren Ancel</given-names></name></contrib><contrib contrib-type="author"><name><surname>Lachmann</surname><given-names>Michael</given-names></name><xref ref-type="corresp" rid="cor1">*</xref></contrib></contrib-group><author-notes><corresp id="cor1">*To whom correspondence should be addressed. E-mail: <email>lachmann@eva.mpg.de</email></corresp><fn id="n102" fn-type="current-aff"><p>J. J. Bull is at the Institute for Cellular and Molecular Biology, Section of Integrative Biology, University of Texas, Austin, Texas, United States of America. Lauren Ancel Meyers is at the Institute for Cellular and Molecular Biology, Section of Integrative Biology, University of Texas, Austin, Texas, United States of America, and at the Santa Fe Institute, Santa Fe, New Mexico, United States of America. Michael Lachmann is at the Max Planck Institute for Evolutionary Anthropology, Leipzig, Germany.</p></fn></author-notes><pub-date pub-type="ppub"><month>11</month><year>2005</year></pub-date><pub-date pub-type="epub"><day>25</day><month>11</month><year>2005</year></pub-date><volume>1</volume><issue>6</issue><elocation-id>e61</elocation-id><permissions><copyright-statement>Copyright: © 2005 Bull et al.</copyright-statement><copyright-year>2005</copyright-year><license xlink:href="http://creativecommons.org/licenses/by/4.0/"><license-p>This is an open-access article distributed under the terms of the Creative Commons Attribution License, which permits unrestricted use, distribution, and reproduction in any medium, provided the original author and source are properly credited.</license-p></license></permissions><abstract><p>Quasispecies are clouds of genotypes that appear in a population at mutation–selection balance. This concept has recently attracted the attention of virologists, because many RNA viruses appear to generate high levels of genetic variation that may enhance the evolution of drug resistance and immune escape. The literature on these important evolutionary processes is, however, quite challenging. Here we use simple models to link mutation–selection balance theory to the most novel property of quasispecies: the error threshold—a mutation rate below which populations equilibrate in a traditional mutation–selection balance and above which the population experiences an error catastrophe, that is, the loss of the favored genotype through frequent deleterious mutations. These models show that a single fitness landscape may contain multiple, hierarchically organized error thresholds and that an error threshold is affected by the extent of back mutation and redundancy in the genotype-to-phenotype map. Importantly, an error threshold is distinct from an extinction threshold, which is the complete loss of the population through lethal mutations. Based on this framework, we argue that the lethal mutagenesis of a viral infection by mutation-inducing drugs is not a true error catastophe, but is an extinction catastrophe.</p></abstract><counts><page-count count="11"/></counts><custom-meta-group><custom-meta><meta-name>Citation:</meta-name><meta-value>Bull JJ, Meyers LA, Lachmann M (2005) Quasispecies made simple. PLoS Comput Biol 1(6): e61.</meta-value></custom-meta></custom-meta-group></article-meta></front></article>