<article xmlns="https://jats.nlm.nih.gov/ns/archiving/1.2/" xmlns:xsi="http://www.w3.org/2001/XMLSchema-instance" xmlns:ali="http://www.niso.org/schemas/ali/1.0/" xmlns:mml="http://www.w3.org/1998/Math/MathML" xmlns:xlink="http://www.w3.org/1999/xlink" xsi:schemaLocation="https://jats.nlm.nih.gov/ns/archiving/1.2/ https://jats.nlm.nih.gov/archiving/1.2/xsd/JATS-archivearticle1.xsd" article-type="other"><front><journal-meta><journal-id journal-id-type="nlm-ta">PLoS Comput Biol</journal-id><journal-id journal-id-type="iso-abbrev">PLoS Comput. Biol</journal-id><journal-id journal-id-type="publisher-id">pcbi</journal-id><journal-id journal-id-type="publisher-id">plcb</journal-id><journal-id journal-id-type="pmc">ploscomp</journal-id><journal-title-group><journal-title>PLoS Computational Biology</journal-title></journal-title-group><issn pub-type="ppub">1553-734X</issn><issn pub-type="epub">1553-7358</issn><publisher><publisher-name>Public Library of Science</publisher-name><publisher-loc>San Francisco, USA</publisher-loc></publisher></journal-meta><article-meta><article-id pub-id-type="accession">PMC1523298</article-id><article-id pub-id-type="pmcid">PMC1523298</article-id><article-id pub-id-type="pmc-uid">1523298</article-id><article-id pub-id-type="pmid">16863393</article-id><article-id pub-id-type="pmid">16863393</article-id><article-id pub-id-type="doi">10.1371/journal.pcbi.0020084</article-id><article-id pub-id-type="publisher-id">06-PLCB-C-0074R2</article-id><article-id pub-id-type="sici">plcb-02-07-15</article-id><article-categories><subj-group subj-group-type="heading"><subject>Correspondence</subject></subj-group><subj-group subj-group-type="Discipline"><subject>Bioinformatics - Computational Biology</subject><subject>Evolution</subject></subj-group><subj-group subj-group-type="System Taxonomy"><subject>Eukaryotes</subject><subject>Animals</subject><subject>Plants</subject><subject>Yeast and Fungi</subject></subj-group></article-categories><title-group><article-title>On the Estimation of Intron Evolution</article-title><alt-title alt-title-type="running-head">Correspondence</alt-title></title-group><contrib-group><contrib contrib-type="author"><name><surname>Csűrös</surname><given-names>Miklós</given-names></name><xref ref-type="author-notes" rid="n101"/></contrib></contrib-group><author-notes><fn id="n101" fn-type="current-aff"><p>Miklós Csűrös <email>(csuros@iro.umontreal.ca</email>) Université de Montréal, Montréal, Québec, Canada</p></fn></author-notes><pub-date pub-type="ppub"><month>7</month><year>2006</year></pub-date><pub-date pub-type="epub"><day>28</day><month>7</month><year>2006</year></pub-date><volume>2</volume><issue>7</issue><elocation-id>e84</elocation-id><permissions><copyright-statement> © 2006 Miklós Csűrös.</copyright-statement><copyright-year>2006</copyright-year><license xlink:href="http://creativecommons.org/licenses/by/4.0/"><license-p>This is an open-access article distributed under the terms of the Creative Commons Attribution License, which permits unrestricted use, distribution, and reproduction in any medium, provided the original author and source are properly credited.</license-p></license></permissions><related-article id="d35e94" related-article-type="companion" ext-link-type="doi" xlink:href="10.1371/journal.pcbi.0010079" xlink:title="research article" vol="1" page="e79"><article-title>New Maximum Likelihood Estimators for Eukaryotic Intron Evolution</article-title></related-article><counts><page-count count="1"/></counts><custom-meta-group><custom-meta><meta-name>citation</meta-name><meta-value>Csűrös M (2006) On the estimation of intron evolution. PLoS Comput Biol 2(7): e84. DOI: <ext-link ext-link-type="doi" xlink:href="10.1371/journal.pcbi.0020084">10.1371/journal.pcbi.0020084</ext-link></meta-value></custom-meta></custom-meta-group></article-meta></front></article>