<article xmlns="https://jats.nlm.nih.gov/ns/archiving/1.2/" xmlns:xsi="http://www.w3.org/2001/XMLSchema-instance" xmlns:ali="http://www.niso.org/schemas/ali/1.0/" xmlns:mml="http://www.w3.org/1998/Math/MathML" xmlns:xlink="http://www.w3.org/1999/xlink" xsi:schemaLocation="https://jats.nlm.nih.gov/ns/archiving/1.2/ https://jats.nlm.nih.gov/archiving/1.2/xsd/JATS-archivearticle1.xsd" article-type="research-article"><front><journal-meta><journal-id journal-id-type="nlm-ta">PLoS Comput Biol</journal-id><journal-id journal-id-type="iso-abbrev">PLoS Comput. Biol</journal-id><journal-id journal-id-type="publisher-id">pcbi</journal-id><journal-id journal-id-type="publisher-id">plcb</journal-id><journal-id journal-id-type="pmc">ploscomp</journal-id><journal-title-group><journal-title>PLoS Computational Biology</journal-title></journal-title-group><issn pub-type="ppub">1553-734X</issn><issn pub-type="epub">1553-7358</issn><publisher><publisher-name>Public Library of Science</publisher-name><publisher-loc>San Francisco, USA</publisher-loc></publisher></journal-meta><article-meta><article-id pub-id-type="accession">PMC1464810</article-id><article-id pub-id-type="pmcid">PMC1464810</article-id><article-id pub-id-type="pmc-uid">1464810</article-id><article-id pub-id-type="pmid">16733546</article-id><article-id pub-id-type="pmid">16733546</article-id><article-id pub-id-type="doi">10.1371/journal.pcbi.0020048</article-id><article-id pub-id-type="publisher-id">05-PLCB-RA-0132R2</article-id><article-id pub-id-type="sici">plcb-02-05-08</article-id><article-categories><subj-group subj-group-type="heading"><subject>Research Article</subject></subj-group><subj-group subj-group-type="Discipline"><subject>Bioinformatics - Computational Biology</subject><subject>Evolution</subject><subject>Molecular Biology - Structural Biology</subject><subject>Systems Biology</subject></subj-group><subj-group subj-group-type="System Taxonomy"><subject>Eukaryotes</subject></subj-group></article-categories><title-group><article-title>Protein Family Expansions and Biological Complexity</article-title><alt-title alt-title-type="running-head">Protein Family Expansions</alt-title></title-group><contrib-group><contrib contrib-type="author"><name><surname>Vogel</surname><given-names>Christine</given-names></name><xref ref-type="aff" rid="aff1">1</xref><xref ref-type="aff" rid="aff2">2</xref><xref ref-type="corresp" rid="cor1">*</xref></contrib><contrib contrib-type="author"><name><surname>Chothia</surname><given-names>Cyrus</given-names></name><xref ref-type="aff" rid="aff1">1</xref></contrib></contrib-group><aff id="aff1"><label>1</label> Medical Research Council Laboratory of Molecular Biology, Cambridge, United Kingdom
</aff><aff id="aff2"><label>2</label> Institute for Cellular and Molecular Biology, University of Texas at Austin, Austin, Texas, United States of America
</aff><contrib-group><contrib contrib-type="editor"><name><surname>Bourne</surname><given-names>Philip</given-names></name><role>Editor</role><xref ref-type="aff" rid="edit1"/></contrib></contrib-group><aff id="edit1">University of California San Diego, United States of America</aff><author-notes><corresp id="cor1">* To whom correspondence should be addressed. E-mail: <email>cvogel@mail.utexas.edu</email></corresp></author-notes><pub-date pub-type="ppub"><month>5</month><year>2006</year></pub-date><pub-date pub-type="epub"><day>26</day><month>5</month><year>2006</year></pub-date><volume>2</volume><issue>5</issue><elocation-id>e48</elocation-id><history><date date-type="received"><day>10</day><month>6</month><year>2005</year></date><date date-type="accepted"><day>27</day><month>3</month><year>2006</year></date></history><permissions><copyright-statement> © 2006 Vogel and Chothia.</copyright-statement><copyright-year>2006</copyright-year><license xlink:href="http://creativecommons.org/licenses/by/4.0/"><license-p>This is an open-access article distributed under the terms of the Creative Commons Attribution License, which permits unrestricted use, distribution, and reproduction in any medium, provided the original author and source are properly credited.</license-p></license></permissions><abstract><p>During the course of evolution, new proteins are produced very largely as the result of gene duplication, divergence and, in many cases, combination. This means that proteins or protein domains belong to families or, in cases where their relationships can only be recognised on the basis of structure, superfamilies whose members descended from a common ancestor. The size of superfamilies can vary greatly. Also, during the course of evolution organisms of increasing complexity have arisen. In this paper we determine the identity of those superfamilies whose relative sizes in different organisms are highly correlated to the complexity of the organisms. As a measure of the complexity of 38 uni- and multicellular eukaryotes we took the number of different cell types of which they are composed. Of 1,219 superfamilies, there are 194 whose sizes in the 38 organisms are strongly correlated with the number of cell types in the organisms. We give outline descriptions of these superfamilies. Half are involved in extracellular processes or regulation and smaller proportions in other types of activity. Half of all superfamilies have no significant correlation with complexity. We also determined whether the expansions of large superfamilies correlate with each other. We found three large clusters of correlated expansions: one involves expansions in both vertebrates and plants, one just in vertebrates, and one just in plants. Our work identifies important protein families and provides one explanation of the discrepancy between the total number of genes and the apparent physiological complexity of eukaryotic organisms.</p></abstract><abstract abstract-type="synopsis"><title>Synopsis</title><p>One of the main goals in biology is to understand how complex organisms have evolved. Much of an organism's physiology, and hence complexity, is determined by its protein repertoire. The repertoire has been largely formed by the duplication, divergence, and combination of genes. This means that proteins can be grouped into families whose members are descended from a common ancestor. The authors have examined the sizes of 1,219 protein families in 38 eukaryotes of different complexity. Only a small fraction of protein families have expansions that are correlated with the number of cell types in the organisms. Half of these families are involved in regulation or extracellular processes. Other families do have expansions but in a lineage-specific manner. Thus, certain protein family expansions are “progressive” in that they lead to increases in biological complexity; other expansions are “conservative” in that they help an organism to adapt better to its environment, but do not increase its complexity. This means that there is no simple correlation between an organism's complexity and the number of its genes.</p></abstract><counts><page-count count="13"/></counts><custom-meta-group><custom-meta><meta-name>citation</meta-name><meta-value>Vogel C, Chothia C (2006) Protein family expansions and biological complexity. PLoS Comput Biol 2(5): e48. DOI: <ext-link ext-link-type="doi" xlink:href="10.1371/journal.pcbi.0020048">10.1371/journal.pcbi.0020048</ext-link></meta-value></custom-meta></custom-meta-group></article-meta></front></article>