<article xmlns="https://jats.nlm.nih.gov/ns/archiving/1.2/" xmlns:xsi="http://www.w3.org/2001/XMLSchema-instance" xmlns:ali="http://www.niso.org/schemas/ali/1.0/" xmlns:mml="http://www.w3.org/1998/Math/MathML" xmlns:xlink="http://www.w3.org/1999/xlink" xsi:schemaLocation="https://jats.nlm.nih.gov/ns/archiving/1.2/ https://jats.nlm.nih.gov/archiving/1.2/xsd/JATS-archivearticle1.xsd" article-type="other"><front><journal-meta><journal-id journal-id-type="nlm-ta">PLoS Comput Biol</journal-id><journal-id journal-id-type="iso-abbrev">PLoS Comput. Biol</journal-id><journal-id journal-id-type="publisher-id">pcbi</journal-id><journal-id journal-id-type="publisher-id">plcb</journal-id><journal-id journal-id-type="pmc">ploscomp</journal-id><journal-title-group><journal-title>PLoS Computational Biology</journal-title></journal-title-group><issn pub-type="ppub">1553-734X</issn><issn pub-type="epub">1553-7358</issn><publisher><publisher-name>Public Library of Science</publisher-name><publisher-loc>San Francisco, USA</publisher-loc></publisher></journal-meta><article-meta><article-id pub-id-type="accession">PMC1876489</article-id><article-id pub-id-type="pmcid">PMC1876489</article-id><article-id pub-id-type="pmc-uid">1876489</article-id><article-id pub-id-type="doi">10.1371/journal.pcbi.0030096</article-id><article-id pub-id-type="publisher-id">07-PLCB-MI-0199</article-id><article-id pub-id-type="sici">plcb-03-05-11</article-id><article-categories><subj-group subj-group-type="heading"><subject>Message from ISCB</subject></subj-group><subj-group subj-group-type="Discipline"><subject>Biotechnology</subject><subject>Computational Biology</subject><subject>Computer Science</subject><subject>Genetics and Genomics</subject><subject>Mathematics</subject><subject>Molecular Biology</subject></subj-group><subj-group subj-group-type="System Taxonomy"><subject>None</subject></subj-group></article-categories><title-group><article-title>ISMB/ECCB 2007: The Premier Conference on Computational Biology</article-title><alt-title alt-title-type="running-head">ISMB/ECCB 2007</alt-title></title-group><contrib-group><contrib contrib-type="author"><name><surname>Lengauer</surname><given-names>Thomas</given-names></name><xref ref-type="fn" rid="n102"/></contrib><contrib contrib-type="author"><name><surname>McKay</surname><given-names>B. J. Morrison</given-names></name><xref ref-type="corresp" rid="cor1"><sup>*</sup></xref><xref ref-type="fn" rid="n102"/></contrib><contrib contrib-type="author"><name><surname>Rost</surname><given-names>Burkhard</given-names></name><xref ref-type="fn" rid="n102"/></contrib></contrib-group><contrib-group><contrib contrib-type="editor"><name><surname>Bourne</surname><given-names>Philip E</given-names></name><role>Editor</role><xref ref-type="aff" rid="edit1"/></contrib></contrib-group><aff id="edit1">University of California San Diego, United States of America</aff><author-notes><corresp id="cor1">* To whom correspondence should be addressed. E-mail: <email>bj@iscb.org</email></corresp></author-notes><pub-date pub-type="ppub"><month>5</month><year>2007</year></pub-date><pub-date pub-type="epub"><day>25</day><month>5</month><year>2007</year></pub-date><volume>3</volume><issue>5</issue><elocation-id>e96</elocation-id><permissions><copyright-statement> © 2007 Lengauer et al.</copyright-statement><copyright-year>2007</copyright-year><license xlink:href="http://creativecommons.org/licenses/by/4.0/"><license-p>This is an open-access article distributed under the terms of the Creative Commons Attribution License, which permits unrestricted use, distribution, and reproduction in any medium, provided the original author and source are properly credited.</license-p></license></permissions><counts><page-count count="4"/></counts><custom-meta-group><custom-meta><meta-name>citation</meta-name><meta-value>Lengauer T, Morrison McKay BJ, Rost B (2007) ISMB/ECCB 2007. PLoS Comput Biol 3(5): e96. doi:<ext-link ext-link-type="doi" xlink:href="10.1371/journal.pcbi.0030096">10.1371/journal.pcbi.0030096</ext-link></meta-value></custom-meta></custom-meta-group></article-meta></front></article>