<article xmlns="https://jats.nlm.nih.gov/ns/archiving/1.2/" xmlns:xsi="http://www.w3.org/2001/XMLSchema-instance" xmlns:ali="http://www.niso.org/schemas/ali/1.0/" xmlns:mml="http://www.w3.org/1998/Math/MathML" xmlns:xlink="http://www.w3.org/1999/xlink" xsi:schemaLocation="https://jats.nlm.nih.gov/ns/archiving/1.2/ https://jats.nlm.nih.gov/archiving/1.2/xsd/JATS-archivearticle1.xsd" article-type="research-article"><front><journal-meta><journal-id journal-id-type="nlm-ta">PLoS Comput Biol</journal-id><journal-id journal-id-type="iso-abbrev">PLoS Comput. Biol</journal-id><journal-id journal-id-type="publisher-id">pcbi</journal-id><journal-id journal-id-type="publisher-id">plcb</journal-id><journal-id journal-id-type="pmc">ploscomp</journal-id><journal-title-group><journal-title>PLoS Computational Biology</journal-title></journal-title-group><issn pub-type="ppub">1553-734X</issn><issn pub-type="epub">1553-7358</issn><publisher><publisher-name>Public Library of Science</publisher-name><publisher-loc>San Francisco, USA</publisher-loc></publisher></journal-meta><article-meta><article-id pub-id-type="accession">PMC1894820</article-id><article-id pub-id-type="pmcid">PMC1894820</article-id><article-id pub-id-type="pmc-uid">1894820</article-id><article-id pub-id-type="pmid">17590077</article-id><article-id pub-id-type="pmid">17590077</article-id><article-id pub-id-type="doi">10.1371/journal.pcbi.0030111</article-id><article-id pub-id-type="publisher-id">06-PLCB-RA-0458R2</article-id><article-id pub-id-type="sici">plcb-03-06-13</article-id><article-categories><subj-group subj-group-type="heading"><subject>Research Article</subject></subj-group><subj-group subj-group-type="Discipline"><subject>Cell Biology</subject><subject>Computational Biology</subject><subject>Computational Biology</subject><subject>Evolutionary Biology</subject></subj-group><subj-group subj-group-type="System Taxonomy"><subject>Eubacteria</subject></subj-group></article-categories><title-group><article-title>The Effect of Stochasticity on the <italic>Lac</italic> Operon: An Evolutionary Perspective</article-title><alt-title alt-title-type="running-head">Stochasticity in the Lac Operon</alt-title></title-group><contrib-group><contrib contrib-type="author"><name><surname>van Hoek</surname><given-names>Milan</given-names></name><xref ref-type="corresp" rid="cor1">*</xref><xref ref-type="aff" rid="aff1"/></contrib><contrib contrib-type="author"><name><surname>Hogeweg</surname><given-names>Paulien</given-names></name><xref ref-type="aff" rid="aff1"/></contrib></contrib-group><aff id="aff1">Theoretical Biology/Bioinformatics Group, Utrecht University, Utrecht, The Netherlands</aff><contrib-group><contrib contrib-type="editor"><name><surname>Stormo</surname><given-names>Gary</given-names></name><role>Editor</role><xref ref-type="aff" rid="edit1"/></contrib></contrib-group><aff id="edit1">Washington University, United States of America</aff><author-notes><corresp id="cor1">* To whom correspondence should be addressed. E-mail: <email>M.J.A.vanHoek@bio.uu.nl</email></corresp></author-notes><pub-date pub-type="ppub"><month>6</month><year>2007</year></pub-date><pub-date pub-type="epub"><day>22</day><month>6</month><year>2007</year></pub-date><volume>3</volume><issue>6</issue><elocation-id>e111</elocation-id><history><date date-type="received"><day>30</day><month>10</month><year>2006</year></date><date date-type="accepted"><day>3</day><month>5</month><year>2007</year></date></history><permissions><copyright-statement> © 2007 van Hoek and Hogeweg.</copyright-statement><copyright-year>2007</copyright-year><license xlink:href="http://creativecommons.org/licenses/by/4.0/"><license-p>This is an open-access article distributed under the terms of the Creative Commons Attribution License, which permits unrestricted use, distribution, and reproduction in any medium, provided the original author and source are properly credited.</license-p></license></permissions><abstract><p>The role of stochasticity on gene expression is widely discussed. Both potential advantages and disadvantages have been revealed. In some systems, noise in gene expression has been quantified, in among others the <italic>lac</italic> operon of <named-content content-type="genus-species">Escherichia coli</named-content>. Whether stochastic gene expression in this system is detrimental or beneficial for the cells is, however, still unclear. We are interested in the effects of stochasticity from an evolutionary point of view. We study this question in the <italic>lac</italic> operon, taking a computational approach: using a detailed, quantitative, spatial model, we evolve through a mutation–selection process the shape of the promoter function and therewith the effective amount of stochasticity. We find that noise values for lactose, the natural inducer, are much lower than for artificial, nonmetabolizable inducers, because these artificial inducers experience a stronger positive feedback. In the evolved promoter functions, noise due to stochasticity in gene expression, when induced by lactose, only plays a very minor role in short-term physiological adaptation, because other sources of population heterogeneity dominate. Finally, promoter functions evolved in the stochastic model evolve to higher repressed transcription rates than those evolved in a deterministic version of the model. This causes these promoter functions to experience less stochasticity in gene expression. We show that a high repression rate and hence high stochasticity increases the delay in lactose uptake in a variable environment. We conclude that the <italic>lac</italic> operon evolved such that the impact of stochastic gene expression is minor in its natural environment, but happens to respond with much stronger stochasticity when confronted with artificial inducers. In this particular system, we have shown that stochasticity is detrimental. Moreover, we demonstrate that in silico evolution in a quantitative model, by mutating the parameters of interest, is a promising way to unravel the functional properties of biological systems.</p></abstract><abstract abstract-type="summary"><title>Author Summary</title><sec id="st1"><title/><p>Gene expression is a process that is inherently stochastic because of the low number of molecules that are involved. In recent years it has become possible to measure the amount of stochasticity in gene expression, which has inspired a debate about the importance of stochasticity in gene expression. Little attention, however, has been paid to stochasticity in gene expression from an evolutionary perspective. We studied the evolutionary consequences of stochastic gene expression in one of the best-known systems of genetic regulation, the <italic>lac</italic> operon of <named-content content-type="genus-species">E. coli</named-content>, which regulates lactose uptake and metabolism. We used a computational approach, in which we let cells evolve their <italic>lac</italic> operon promoter function in a fluctuating, spatially explicit, environment. Cells can in this way adapt to the environment, but also change the amount of stochasticity in gene expression. We find that cells evolve their repressed transcription rates to higher values in a stochastic model than in a deterministic model. Higher repressed transcription rates means less stochasticity, and, hence, these cells appear to avoid stochastic gene expression in this particular system. We find that this can be explained by the fact that stochastic gene expression causes a larger delay in lactose uptake, compared with deterministic gene expression.</p></sec></abstract><counts><page-count count="12"/></counts><custom-meta-group><custom-meta><meta-name>citation</meta-name><meta-value>van Hoek M, Hogeweg P (2007) The effect of stochasticity on the <italic>Lac</italic> operon: An evolutionary perspective. PLoS Comput Biol 3(6): e111. doi:<ext-link ext-link-type="doi" xlink:href="10.1371/journal.pcbi.0030111">10.1371/journal.pcbi.0030111</ext-link></meta-value></custom-meta></custom-meta-group></article-meta></front></article>