<article xmlns="https://jats.nlm.nih.gov/ns/archiving/1.2/" xmlns:xsi="http://www.w3.org/2001/XMLSchema-instance" xmlns:ali="http://www.niso.org/schemas/ali/1.0/" xmlns:mml="http://www.w3.org/1998/Math/MathML" xmlns:xlink="http://www.w3.org/1999/xlink" xsi:schemaLocation="https://jats.nlm.nih.gov/ns/archiving/1.2/ https://jats.nlm.nih.gov/archiving/1.2/xsd/JATS-archivearticle1.xsd" article-type="research-article"><front><journal-meta><journal-id journal-id-type="nlm-ta">PLoS Comput Biol</journal-id><journal-id journal-id-type="iso-abbrev">PLoS Comput. Biol</journal-id><journal-id journal-id-type="publisher-id">pcbi</journal-id><journal-id journal-id-type="publisher-id">plcb</journal-id><journal-id journal-id-type="pmc">ploscomp</journal-id><journal-title-group><journal-title>PLoS Computational Biology</journal-title></journal-title-group><issn pub-type="ppub">1553-734X</issn><issn pub-type="epub">1553-7358</issn><publisher><publisher-name>Public Library of Science</publisher-name><publisher-loc>San Francisco, USA</publisher-loc></publisher></journal-meta><article-meta><article-id pub-id-type="accession">PMC1599768</article-id><article-id pub-id-type="pmcid">PMC1599768</article-id><article-id pub-id-type="pmc-uid">1599768</article-id><article-id pub-id-type="pmid">17040124</article-id><article-id pub-id-type="pmid">17040124</article-id><article-id pub-id-type="doi">10.1371/journal.pcbi.0020137</article-id><article-id pub-id-type="publisher-id">05-PLCB-RA-0334R3</article-id><article-id pub-id-type="sici">plcb-02-10-06</article-id><article-categories><subj-group subj-group-type="heading"><subject>Research Article</subject></subj-group><subj-group subj-group-type="Discipline"><subject>Ecology</subject><subject>Epidemiology - Public Health</subject><subject>Evolution</subject><subject>Infectious Diseases</subject></subj-group><subj-group subj-group-type="System Taxonomy"><subject>None</subject></subj-group></article-categories><title-group><article-title>The Role of Compensatory Mutations in the Emergence of Drug Resistance</article-title><alt-title alt-title-type="running-head">Compensatory Mutations and Drug Resistance</alt-title></title-group><contrib-group><contrib contrib-type="author"><name><surname>Handel</surname><given-names>Andreas</given-names></name><xref ref-type="corresp" rid="cor1">*</xref><xref ref-type="aff" rid="aff1"/></contrib><contrib contrib-type="author"><name><surname>Regoes</surname><given-names>Roland R</given-names></name><xref ref-type="fn" rid="n104">¤</xref><xref ref-type="aff" rid="aff1"/></contrib><contrib contrib-type="author"><name><surname>Antia</surname><given-names>Rustom</given-names></name><xref ref-type="aff" rid="aff1"/></contrib></contrib-group><aff id="aff1">Department of Biology, Emory University, Atlanta, Georgia, United States of America</aff><contrib-group><contrib contrib-type="editor"><name><surname>Holmes</surname><given-names>Eddie C</given-names></name><role>Editor</role><xref ref-type="aff" rid="edit1"/></contrib></contrib-group><aff id="edit1">The Pennsylvania State University, United States of America</aff><author-notes><corresp id="cor1">* To whom correspondence should be addressed. E-mail: <email>ahandel@emory.edu</email></corresp></author-notes><pub-date pub-type="ppub"><month>10</month><year>2006</year></pub-date><pub-date pub-type="epub"><day>13</day><month>10</month><year>2006</year></pub-date><volume>2</volume><issue>10</issue><elocation-id>e137</elocation-id><history><date date-type="received"><day>22</day><month>11</month><year>2005</year></date><date date-type="accepted"><day>29</day><month>8</month><year>2006</year></date></history><permissions><copyright-statement> © 2006 Handel et al.</copyright-statement><copyright-year>2006</copyright-year><license xlink:href="http://creativecommons.org/licenses/by/4.0/"><license-p>This is an open-access article distributed under the terms of the Creative Commons Attribution License, which permits unrestricted use, distribution, and reproduction in any medium, provided the original author and source are properly credited.</license-p></license></permissions><abstract><p>Pathogens that evolve resistance to drugs usually have reduced fitness. However, mutations that largely compensate for this reduction in fitness often arise. We investigate how these compensatory mutations affect population-wide resistance emergence as a function of drug treatment. Using a model of gonorrhea transmission dynamics, we obtain generally applicable, qualitative results that show how compensatory mutations lead to more likely and faster resistance emergence. We further show that resistance emergence depends on the level of drug use in a strongly nonlinear fashion. We also discuss what data need to be obtained to allow future quantitative predictions of resistance emergence.</p></abstract><abstract abstract-type="synopsis"><title>Synopsis</title><p>Pathogens that evolve resistance to drugs pose a serious public health problem. Acquisition of drug resistance usually leads to a pathogen which in the absence of the drug is less fit than the nonresistant pathogen. However, the resistant pathogen can undergo additional mutations that compensate for the fitness cost involved with acquisition of resistance. This can result in a drug-resistant pathogen with fitness comparable to that of the nonresistant pathogen. Handel, Regoes, and Antia analyzed a mathematical model to explain how this process of compensatory mutations influences the probability of and time to resistance emergence on a population level. The authors found that with compensatory mutations, resistance emergence is faster and more likely. Their study also shows how small changes in levels of treatment can lead to large changes in the time to resistance emergence. They further discuss how our ability to accurately predict resistance emergence will depend on improved estimates of the parameters governing the processes of resistance acquisition and compensatory mutations. The study suggests that compensatory mutations can play an important role in the evolution and spread of resistant pathogens through a population.</p></abstract><counts><page-count count="9"/></counts><custom-meta-group><custom-meta><meta-name>citation</meta-name><meta-value>Handel A, Regoes RR, Antia R (2006) The role of compensatory mutations in the emergence of drug resistance. PLoS Comput Biol 2(10): e137. DOI: <ext-link ext-link-type="doi" xlink:href="10.1371/journal.pcbi.0020137">10.1371/journal.pcbi.0020137</ext-link></meta-value></custom-meta></custom-meta-group></article-meta></front></article>