<article xmlns="https://jats.nlm.nih.gov/ns/archiving/1.2/" xmlns:xsi="http://www.w3.org/2001/XMLSchema-instance" xmlns:ali="http://www.niso.org/schemas/ali/1.0/" xmlns:mml="http://www.w3.org/1998/Math/MathML" xmlns:xlink="http://www.w3.org/1999/xlink" xsi:schemaLocation="https://jats.nlm.nih.gov/ns/archiving/1.2/ https://jats.nlm.nih.gov/archiving/1.2/xsd/JATS-archivearticle1.xsd" article-type="research-article"><front><journal-meta><journal-id journal-id-type="nlm-ta">PLoS Comput Biol</journal-id><journal-id journal-id-type="iso-abbrev">PLoS Comput. Biol</journal-id><journal-id journal-id-type="publisher-id">pcbi</journal-id><journal-id journal-id-type="publisher-id">plcb</journal-id><journal-id journal-id-type="pmc">ploscomp</journal-id><journal-title-group><journal-title>PLoS Computational Biology</journal-title></journal-title-group><issn pub-type="ppub">1553-734X</issn><issn pub-type="epub">1553-7358</issn><publisher><publisher-name>Public Library of Science</publisher-name><publisher-loc>San Francisco, USA</publisher-loc></publisher></journal-meta><article-meta><article-id pub-id-type="accession">PMC1676028</article-id><article-id pub-id-type="pmcid">PMC1676028</article-id><article-id pub-id-type="pmc-uid">1676028</article-id><article-id pub-id-type="pmid">17140283</article-id><article-id pub-id-type="pmid">17140283</article-id><article-id pub-id-type="doi">10.1371/journal.pcbi.0020164</article-id><article-id pub-id-type="publisher-id">06-PLCB-RA-0151R4</article-id><article-id pub-id-type="sici">plcb-02-12-03</article-id><article-categories><subj-group subj-group-type="heading"><subject>Research Article</subject></subj-group><subj-group subj-group-type="Discipline"><subject>Bioinformatics - Computational Biology</subject><subject>Evolution</subject><subject>Genetics/Evolution</subject><subject>Genetics/Gene Expression</subject><subject>Systems Biology</subject></subj-group><subj-group subj-group-type="System Taxonomy"><subject>Prokaryotes</subject><subject>Eukaryotes</subject></subj-group></article-categories><title-group><article-title>Transcriptional Regulation by Competing Transcription Factor Modules</article-title><alt-title alt-title-type="running-head">Regulation by Competing Modules</alt-title></title-group><contrib-group><contrib contrib-type="author"><name><surname>Hermsen</surname><given-names>Rutger</given-names></name><xref ref-type="aff" rid="aff1"/></contrib><contrib contrib-type="author"><name><surname>Tans</surname><given-names>Sander</given-names></name><xref ref-type="aff" rid="aff1"/></contrib><contrib contrib-type="author"><name><surname>ten Wolde</surname><given-names>Pieter Rein</given-names></name><xref ref-type="aff" rid="aff1"/></contrib></contrib-group><aff id="aff1">FOM Institute for Atomic and Molecular Physics, Amsterdam, The Netherlands</aff><contrib-group><contrib contrib-type="editor"><name><surname>Rhodius</surname><given-names>Virgil</given-names></name><role>Editor</role><xref ref-type="aff" rid="edit1"/></contrib></contrib-group><aff id="edit1">University of California San Francisco, United States of America</aff><author-notes><corresp id="cor1">* To whom correspondence should be addressed. E-mail: <email>tenwolde@amolf.nl</email></corresp></author-notes><pub-date pub-type="ppub"><month>12</month><year>2006</year></pub-date><pub-date pub-type="epub"><day>1</day><month>12</month><year>2006</year></pub-date><pub-date pub-type="epreprint"><day>23</day><month>10</month><year>2006</year></pub-date><volume>2</volume><issue>12</issue><elocation-id>e164</elocation-id><history><date date-type="received"><day>26</day><month>4</month><year>2006</year></date><date date-type="accepted"><day>23</day><month>10</month><year>2006</year></date></history><permissions><copyright-statement> © 2006 Hermsen et al.</copyright-statement><copyright-year>2006</copyright-year><license xlink:href="http://creativecommons.org/licenses/by/4.0/"><license-p>This is an open-access article distributed under the terms of the Creative Commons Attribution License, which permits unrestricted use, distribution, and reproduction in any medium, provided the original author and source are properly credited.</license-p></license></permissions><!--<related-article preprintResearch Article10.1371/journal.pcbi.0020164.eorsimple>Transcriptional Regulation by Competing Transcription Factor Modules</related-article>--><abstract><p>Gene regulatory networks lie at the heart of cellular computation. In these networks, intracellular and extracellular signals are integrated by transcription factors, which control the expression of transcription units by binding to <italic>cis</italic>-regulatory regions on the DNA. The designs of both eukaryotic and prokaryotic <italic>cis</italic>-regulatory regions are usually highly complex. They frequently consist of both repetitive and overlapping transcription factor binding sites. To unravel the design principles of these promoter architectures, we have designed in silico prokaryotic transcriptional logic gates with predefined input–output relations using an evolutionary algorithm. The resulting <italic>cis</italic>-regulatory designs are often composed of modules that consist of tandem arrays of binding sites to which the transcription factors bind cooperatively. Moreover, these modules often overlap with each other, leading to competition between them. Our analysis thus identifies a new signal integration motif that is based upon the interplay between intramodular cooperativity and intermodular competition. We show that this signal integration mechanism drastically enhances the capacity of <italic>cis</italic>-regulatory domains to integrate signals. Our results provide a possible explanation for the complexity of promoter architectures and could be used for the rational design of synthetic gene circuits.</p></abstract><abstract abstract-type="synopsis"><title>Synopsis</title><p>Transcription regulatory networks are the central processing units of living cells. They allow cells to integrate different intracellular and extracellular signals to recognize patterns in, for instance, the food supply of the organism. The elementary calculations are performed at the <italic>cis</italic>-regulatory domains of genes, where transcription factors bind to the DNA to regulate the expression level of the genes. The logic of the computations that are performed depends upon the design of the <italic>cis</italic>-regulatory region. Not only in eukaryotic cells, but also in prokaryotic cells, the architectures of the <italic>cis</italic>-regulatory regions are often highly complex. They often contain long arrays of transcription factor binding sites. Moreover, the binding sites often overlap with one another. Hermsen, Tans, and ten Wolde discuss whether such complex architectures can be explained from the basic function of <italic>cis</italic>-regulatory regions to integrate signals. The authors combine a physicochemical model of prokaryotic transcription regulation with an evolutionary algorithm to design <italic>cis</italic>-regulatory constructs with predefined elementary functions. The resulting architectures make extensive use of repeating binding sites that are organized into cooperative modules. More surprisingly, these modules often overlap with each other, leading to competition between them. This interplay between intramodular cooperativity and intermodular competition is a powerful mechanism to achieve complex functionality, which may explain the daunting complexity of promoter architectures found in nature.</p></abstract><counts><page-count count="9"/></counts><custom-meta-group><custom-meta><meta-name>citation</meta-name><meta-value>Hermsen R, Tans S, ten Wolde PR (2006) Transcriptional regulation by competing transcription factor modules. PLoS Comput Biol 2(12): e164. doi:<ext-link ext-link-type="doi" xlink:href="10.1371/journal.pcbi.0020164">10.1371/journal.pcbi.0020164</ext-link></meta-value></custom-meta></custom-meta-group></article-meta></front></article>