<article xmlns="https://jats.nlm.nih.gov/ns/archiving/1.2/" xmlns:xsi="http://www.w3.org/2001/XMLSchema-instance" xmlns:ali="http://www.niso.org/schemas/ali/1.0/" xmlns:mml="http://www.w3.org/1998/Math/MathML" xmlns:xlink="http://www.w3.org/1999/xlink" xsi:schemaLocation="https://jats.nlm.nih.gov/ns/archiving/1.2/ https://jats.nlm.nih.gov/archiving/1.2/xsd/JATS-archivearticle1.xsd" article-type="research-article"><front><journal-meta><journal-id journal-id-type="nlm-ta">PLoS Comput Biol</journal-id><journal-id journal-id-type="iso-abbrev">PLoS Comput. Biol</journal-id><journal-id journal-id-type="publisher-id">pcbi</journal-id><journal-id journal-id-type="publisher-id">plcb</journal-id><journal-id journal-id-type="pmc">ploscomp</journal-id><journal-title-group><journal-title>PLoS Computational Biology</journal-title></journal-title-group><issn pub-type="ppub">1553-734X</issn><issn pub-type="epub">1553-7358</issn><publisher><publisher-name>Public Library of Science</publisher-name><publisher-loc>San Francisco, USA</publisher-loc></publisher></journal-meta><article-meta><article-id pub-id-type="accession">PMC1876490</article-id><article-id pub-id-type="pmcid">PMC1876490</article-id><article-id pub-id-type="pmc-uid">1876490</article-id><article-id pub-id-type="pmid">17530919</article-id><article-id pub-id-type="pmid">17530919</article-id><article-id pub-id-type="doi">10.1371/journal.pcbi.0030097</article-id><article-id pub-id-type="publisher-id">06-PLCB-RA-0514R3</article-id><article-id pub-id-type="sici">plcb-03-05-17</article-id><article-categories><subj-group subj-group-type="heading"><subject>Research Article</subject></subj-group><subj-group subj-group-type="Discipline"><subject>Neuroscience</subject><subject>Nutrition</subject></subj-group><subj-group subj-group-type="System Taxonomy"><subject>Mammals</subject><subject>Rattus (Rat)</subject></subj-group></article-categories><title-group><article-title>Bang-Bang Control of Feeding: Role of Hypothalamic and Satiety Signals</article-title><alt-title alt-title-type="running-head">Bang-Bang Control of Feeding</alt-title></title-group><contrib-group><contrib contrib-type="author"><name><surname>Zanutto</surname><given-names>B. Silvano</given-names></name><xref ref-type="aff" rid="aff1">1</xref><xref ref-type="aff" rid="aff2">2</xref><xref ref-type="corresp" rid="cor1">*</xref></contrib><contrib contrib-type="author"><name><surname>Staddon</surname><given-names>John E. R</given-names></name><xref ref-type="aff" rid="aff3">3</xref></contrib></contrib-group><aff id="aff1"><label>1</label> Instituto de Ingeniería Biomédica–Universidad de Buenos Aires, Buenos Aires, Argentina
</aff><aff id="aff2"><label>2</label> Instituto de Biología y Medicina Experimental–Consejo Nacional de Investigaciones Científicas y Técnicas, Buenos Aires, Argentina
</aff><aff id="aff3"><label>3</label> Department of Psychology and Neuroscience, Duke University, Durham, North Carolina, United States of America
</aff><contrib-group><contrib contrib-type="editor"><name><surname>Friston</surname><given-names>Karl J</given-names></name><role>Editor</role><xref ref-type="aff" rid="edit1"/></contrib></contrib-group><aff id="edit1">University College London, United Kingdom</aff><author-notes><corresp id="cor1">* To whom correspondence should be addressed. E-mail: <email>silvano@fi.uba.ar</email></corresp></author-notes><pub-date pub-type="ppub"><month>5</month><year>2007</year></pub-date><pub-date pub-type="epub"><day>25</day><month>5</month><year>2007</year></pub-date><volume>3</volume><issue>5</issue><elocation-id>e97</elocation-id><history><date date-type="received"><day>11</day><month>12</month><year>2006</year></date><date date-type="accepted"><day>17</day><month>4</month><year>2007</year></date></history><permissions><copyright-statement> © 2007 Zanutto and Staddon.</copyright-statement><copyright-year>2007</copyright-year><license xlink:href="http://creativecommons.org/licenses/by/4.0/"><license-p>This is an open-access article distributed under the terms of the Creative Commons Attribution License, which permits unrestricted use, distribution, and reproduction in any medium, provided the original author and source are properly credited.</license-p></license></permissions><abstract><p>Rats, people, and many other omnivores eat in meals rather than continuously. We show by experimental test that eating in meals is regulated by a simple bang-bang control system, an idea foreshadowed by Le Magnen and many others, shown by us to account for a wide range of behavioral data, but never explicitly tested or tied to neurophysiological facts. The hypothesis is simply that the tendency to eat rises with time at a rate determined by satiety signals. When these signals fall below a set point, eating begins, in on–off fashion. The delayed sequelae of eating increment the satiety signals, which eventually turn eating off. Thus, under free conditions, the organism eats in bouts separated by noneating activities. We report an experiment with rats to test novel predictions about meal patterns that are not explained by existing homeostatic approaches. Access to food was systematically but unpredictably interrupted just as the animal tried to start a new meal. A simple bang-bang model fits the resulting meal-pattern data well, and its elements can be identified with neurophysiological processes. Hypothalamic inputs can provide the set point for longer-term regulation carried out by a comparator in the hindbrain. Delayed gustatory and gastrointestinal aftereffects of eating act via the nucleus of the solitary tract and other hindbrain regions as neural feedback governing short-term regulation. In this way, the model forges real links between a functioning feedback mechanism, neuro–hormonal data, and both short-term (meals) and long-term (eating-rate regulation) behavioral data.</p></abstract><abstract abstract-type="summary"><title>Author Summary</title><sec id="st1"><title/><p>Why do rats, people, and many other animals eat in bouts (meals) rather than continuously? How are they able to regulate not only total intake over a long period, but also within a meal? Is there a simple physiological explanation for these facts? We introduce a feedback model for eating regulation that can be readily interpreted in terms of existing neural data. We show by experiment and a theoretical model that eating in meals is regulated by a simple control system, like a house thermostat. In an experiment, we studied the meal patterns in rats after an interruption in food availability just as the animal tried to start a new meal. The results of this type of experiment cannot be explained by existing homeostatic approaches. We propose a simple model that combines long-term regulation (over months and years) by signals that reflect metabolic conditions, providing the set point for negative feedback, and short-term regulation (within a meal or a day) by feedback from the delayed gastrointestinal aftereffects of eating. The model shows that the dynamic process that governs regulation, meal patterns, and even adaptation to some complex operant food-reinforcement schedules is remarkably simple: ingested feeding inhibits eating, but the inhibitory effect is delayed.</p></sec></abstract><counts><page-count count="8"/></counts><custom-meta-group><custom-meta><meta-name>citation</meta-name><meta-value>Zanutto BS, Staddon JER (2007) Bang-bang control of feeding: Role of hypothalamic and satiety signals. PLoS Comput Biol 3(5): e97. doi:<ext-link ext-link-type="doi" xlink:href="10.1371/journal.pcbi.0030097">10.1371/journal.pcbi.0030097</ext-link></meta-value></custom-meta></custom-meta-group></article-meta></front></article>