<article xmlns="https://jats.nlm.nih.gov/ns/archiving/1.2/" xmlns:xsi="http://www.w3.org/2001/XMLSchema-instance" xmlns:ali="http://www.niso.org/schemas/ali/1.0/" xmlns:mml="http://www.w3.org/1998/Math/MathML" xmlns:xlink="http://www.w3.org/1999/xlink" xsi:schemaLocation="https://jats.nlm.nih.gov/ns/archiving/1.2/ https://jats.nlm.nih.gov/archiving/1.2/xsd/JATS-archivearticle1.xsd" article-type="research-article"><front><journal-meta><journal-id journal-id-type="nlm-ta">PLoS Comput Biol</journal-id><journal-id journal-id-type="iso-abbrev">PLoS Comput. Biol</journal-id><journal-id journal-id-type="publisher-id">pcbi</journal-id><journal-id journal-id-type="publisher-id">plcb</journal-id><journal-id journal-id-type="pmc">ploscomp</journal-id><journal-title-group><journal-title>PLoS Computational Biology</journal-title></journal-title-group><issn pub-type="ppub">1553-734X</issn><issn pub-type="epub">1553-7358</issn><publisher><publisher-name>Public Library of Science</publisher-name><publisher-loc>San Francisco, USA</publisher-loc></publisher></journal-meta><article-meta><article-id pub-id-type="accession">PMC1857809</article-id><article-id pub-id-type="pmcid">PMC1857809</article-id><article-id pub-id-type="pmc-uid">1857809</article-id><article-id pub-id-type="pmid">17465674</article-id><article-id pub-id-type="pmid">17465674</article-id><article-id pub-id-type="doi">10.1371/journal.pcbi.0030075</article-id><article-id pub-id-type="publisher-id">06-PLCB-RA-0277R3</article-id><article-id pub-id-type="sici">plcb-03-04-17</article-id><article-categories><subj-group subj-group-type="heading"><subject>Research Article</subject></subj-group><subj-group subj-group-type="Discipline"><subject>Immunology</subject><subject>Infectious Diseases</subject><subject>Microbiology</subject><subject>Virology</subject></subj-group><subj-group subj-group-type="System Taxonomy"><subject>Viruses</subject></subj-group></article-categories><title-group><article-title>Coping with Viral Diversity in HIV Vaccine Design</article-title><alt-title alt-title-type="running-head">HIV Vaccine Design</alt-title></title-group><contrib-group><contrib contrib-type="author"><name><surname>Nickle</surname><given-names>David C</given-names></name><xref ref-type="aff" rid="aff1">1</xref></contrib><contrib contrib-type="author"><name><surname>Rolland</surname><given-names>Morgane</given-names></name><xref ref-type="aff" rid="aff1">1</xref></contrib><contrib contrib-type="author"><name><surname>Jensen</surname><given-names>Mark A</given-names></name><xref ref-type="aff" rid="aff1">1</xref><xref ref-type="fn" rid="n103">¤a</xref></contrib><contrib contrib-type="author"><name><surname>Pond</surname><given-names>Sergei L. Kosakovsky</given-names></name><xref ref-type="aff" rid="aff2">2</xref></contrib><contrib contrib-type="author"><name><surname>Deng</surname><given-names>Wenjie</given-names></name><xref ref-type="aff" rid="aff1">1</xref></contrib><contrib contrib-type="author"><name><surname>Seligman</surname><given-names>Mark</given-names></name><xref ref-type="aff" rid="aff1">1</xref><xref ref-type="fn" rid="n104">¤b</xref></contrib><contrib contrib-type="author"><name><surname>Heckerman</surname><given-names>David</given-names></name><xref ref-type="aff" rid="aff3">3</xref></contrib><contrib contrib-type="author"><name><surname>Mullins</surname><given-names>James I</given-names></name><xref ref-type="aff" rid="aff1">1</xref><xref ref-type="corresp" rid="cor1">*</xref></contrib><contrib contrib-type="author"><name><surname>Jojic</surname><given-names>Nebojsa</given-names></name><xref ref-type="aff" rid="aff3">3</xref></contrib></contrib-group><aff id="aff1"><label>1</label> Department of Microbiology, University of Washington School of Medicine, Seattle, Washington, United States of America
</aff><aff id="aff2"><label>2</label> Department of Pathology, University of California San Diego, La Jolla, California, United States of America
</aff><aff id="aff3"><label>3</label> Microsoft Research, Redmond, Washington, United States of America
</aff><contrib-group><contrib contrib-type="editor"><name><surname>Bonhoeffer</surname><given-names>Sebastion</given-names></name><role>Editor</role><xref ref-type="aff" rid="edit1"/></contrib></contrib-group><aff id="edit1">ETH Zürich, Switzerland</aff><author-notes><corresp id="cor1">* To whom correspondence should be addressed. E-mail: <email>jmullins@u.washington.edu</email></corresp></author-notes><pub-date pub-type="ppub"><month>4</month><year>2007</year></pub-date><pub-date pub-type="epub"><day>27</day><month>4</month><year>2007</year></pub-date><volume>3</volume><issue>4</issue><elocation-id>e75</elocation-id><history><date date-type="received"><day>11</day><month>7</month><year>2006</year></date><date date-type="accepted"><day>6</day><month>3</month><year>2007</year></date></history><permissions><copyright-statement> © 2007 Nickle et al.</copyright-statement><copyright-year>2007</copyright-year><license xlink:href="http://creativecommons.org/licenses/by/4.0/"><license-p>This is an open-access article distributed under the terms of the Creative Commons Attribution License, which permits unrestricted use, distribution, and reproduction in any medium, provided the original author and source are properly credited.</license-p></license></permissions><abstract><p>The ability of human immunodeficiency virus type 1 (HIV-1) to develop high levels of genetic diversity, and thereby acquire mutations to escape immune pressures, contributes to the difficulties in producing a vaccine. Possibly no single HIV-1 sequence can induce sufficiently broad immunity to protect against a wide variety of infectious strains, or block mutational escape pathways available to the virus after infection. The authors describe the generation of HIV-1 immunogens that minimizes the phylogenetic distance of viral strains throughout the known viral population (the center of tree [COT]) and then extend the COT immunogen by addition of a composite sequence that includes high-frequency variable sites preserved in their native contexts. The resulting COT<sup>+</sup> antigens compress the variation found in many independent HIV-1 isolates into lengths suitable for vaccine immunogens. It is possible to capture 62% of the variation found in the Nef protein and 82% of the variation in the Gag protein into immunogens of three gene lengths. The authors put forward immunogen designs that maximize representation of the diverse antigenic features present in a spectrum of HIV-1 strains. These immunogens should elicit immune responses against high-frequency viral strains as well as against most mutant forms of the virus.</p></abstract><abstract abstract-type="summary"><title>Author Summary</title><sec id="st1"><title/><p>The ability of human immunodeficiency virus type 1 (HIV-1) to acquire mutations that preserve virus viability yet evade immune responses contributes to the current failure in producing a vaccine. We describe the generation of candidate HIV-1 immunogens that include multiple forms of variable elements of the virus including some that retain colinearity with the virus and thus are expected to retain protein function. These antigens compress the variation found in many viral strains into lengths suitable for vaccine immunogens. For example, we can capture 62% of the variation found in the Nef protein and 82% of the variation in the Gag protein into immunogens of three gene lengths. We put forward immunogen designs that maximize representation of the diverse antigenic features present in a spectrum of HIV-1 strains. These immunogens should elicit immune responses against high frequency viral strains as well as against most mutant forms of the virus.</p></sec></abstract><counts><page-count count="9"/></counts><custom-meta-group><custom-meta><meta-name>citation</meta-name><meta-value>Nickle DC, Rolland M, Jensen MA, Pond SLK, Deng W, et al. (2007) Coping with viral diversity in HIV vaccine design. PLoS Comput Biol 3(4): e75. doi:<ext-link ext-link-type="doi" xlink:href="10.1371/journal.pcbi.0030075">10.1371/journal.pcbi.0030075</ext-link></meta-value></custom-meta></custom-meta-group></article-meta></front></article>