<article xmlns="https://jats.nlm.nih.gov/ns/archiving/1.2/" xmlns:xsi="http://www.w3.org/2001/XMLSchema-instance" xmlns:ali="http://www.niso.org/schemas/ali/1.0/" xmlns:mml="http://www.w3.org/1998/Math/MathML" xmlns:xlink="http://www.w3.org/1999/xlink" xsi:schemaLocation="https://jats.nlm.nih.gov/ns/archiving/1.2/ https://jats.nlm.nih.gov/archiving/1.2/xsd/JATS-archivearticle1.xsd" article-type="research-article"><front><journal-meta><journal-id journal-id-type="nlm-ta">PLoS Comput Biol</journal-id><journal-id journal-id-type="iso-abbrev">PLoS Comput. Biol</journal-id><journal-id journal-id-type="publisher-id">pcbi</journal-id><journal-id journal-id-type="publisher-id">plcb</journal-id><journal-id journal-id-type="pmc">ploscomp</journal-id><journal-title-group><journal-title>PLoS Computational Biology</journal-title></journal-title-group><issn pub-type="ppub">1553-734X</issn><issn pub-type="epub">1553-7358</issn><publisher><publisher-name>Public Library of Science</publisher-name><publisher-loc>San Francisco, USA</publisher-loc></publisher></journal-meta><article-meta><article-id pub-id-type="accession">PMC1323467</article-id><article-id pub-id-type="pmcid">PMC1323467</article-id><article-id pub-id-type="pmc-uid">1323467</article-id><article-id pub-id-type="pmid">16389300</article-id><article-id pub-id-type="pmid">16389300</article-id><article-id pub-id-type="doi">10.1371/journal.pcbi.0010079</article-id><article-id pub-id-type="publisher-id">05-PLCB-RA-0224R4</article-id><article-id pub-id-type="sici">plcb-01-07-09</article-id><article-categories><subj-group subj-group-type="heading"><subject>Research Article</subject></subj-group><subj-group subj-group-type="Discipline"><subject>Bioinformatics - Computational Biology</subject><subject>Evolution</subject></subj-group><subj-group subj-group-type="System Taxonomy"><subject>Eukaryotes</subject><subject>Animals</subject><subject>Yeast and Fungi</subject><subject>Plants</subject></subj-group></article-categories><title-group><article-title>New Maximum Likelihood Estimators for Eukaryotic Intron Evolution</article-title><alt-title alt-title-type="running-head">New Estimators for Intron Evolution</alt-title></title-group><contrib-group><contrib contrib-type="author"><name><surname>Nguyen</surname><given-names>Hung D</given-names></name><xref ref-type="aff" rid="aff1"/></contrib><contrib contrib-type="author"><name><surname>Yoshihama</surname><given-names>Maki</given-names></name><xref ref-type="aff" rid="aff1"/></contrib><contrib contrib-type="author"><name><surname>Kenmochi</surname><given-names>Naoya</given-names></name><xref ref-type="corresp" rid="cor1">*</xref><xref ref-type="aff" rid="aff1"/></contrib></contrib-group><aff id="aff1">Frontier Science Research Center, University of Miyazaki, Kiyotake, Miyazaki, Japan</aff><contrib-group><contrib contrib-type="editor"><name><surname>Bourne</surname><given-names>Philip</given-names></name><role>Editor</role><xref ref-type="aff" rid="edit1"/></contrib></contrib-group><aff id="edit1">University of California San Diego, United States of America</aff><author-notes><corresp id="cor1">* To whom correspondence should be addressed. E-mail: <email>kenmochi@med.miyazaki-u.ac.jp</email></corresp></author-notes><pub-date pub-type="ppub"><month>12</month><year>2005</year></pub-date><pub-date pub-type="epub"><day>30</day><month>12</month><year>2005</year></pub-date><volume>1</volume><issue>7</issue><elocation-id>e79</elocation-id><history><date date-type="received"><day>1</day><month>9</month><year>2005</year></date><date date-type="accepted"><day>29</day><month>11</month><year>2005</year></date></history><permissions><copyright-statement>Copyright: © 2005 Nguyen et al.</copyright-statement><copyright-year>2005</copyright-year><license xlink:href="http://creativecommons.org/licenses/by/4.0/"><license-p>This is an open-access article distributed under the terms of the Creative Commons Attribution License, which permits unrestricted use, distribution, and reproduction in any medium, provided the original author and source are properly credited.</license-p></license></permissions><abstract><p>The evolution of spliceosomal introns remains poorly understood. Although many approaches have been used to infer intron evolution from the patterns of intron position conservation, the results to date have been contradictory. In this paper, we address the problem using a novel maximum likelihood method, which allows estimation of the frequency of intron insertion target sites, together with the rates of intron gain and loss. We analyzed the pattern of 10,044 introns (7,221 intron positions) in the conserved regions of 684 sets of orthologs from seven eukaryotes. We determined that there is an average of one target site per 11.86 base pairs (bp) (95% confidence interval, 9.27 to 14.39 bp). In addition, our results showed that: (i) overall intron gains are ~25% greater than intron losses, although specific patterns vary with time and lineage; (ii) parallel gains account for ~18.5% of shared intron positions; and (iii) reacquisition following loss accounts for ~0.5% of all intron positions. Our results should assist in resolving the long-standing problem of inferring the evolution of spliceosomal introns.</p></abstract><abstract abstract-type="synopsis"><title>Synopsis</title><p>When did spliceosomal introns originate, and what is their role? These questions are the central subject of the introns-early versus introns-late debate. Inference of intron evolution from the pattern of intron position conservation is vital for resolving this debate. So far, different methods of two approaches, maximum parsimony (MP) and maximum likelihood (ML), have been developed, but the results are contradictory. The differences between previous ML results are due predominantly to differing assumptions concerning the frequency of target sites for intron insertion. This paper describes a new ML method that treats this frequency as a parameter requiring optimization. Using the pattern of intron position in conserved regions of 684 clusters of gene orthologs from seven eukaryotes, the authors found that, on average, there is one target site per ~12 base pairs. The results of intron evolution inferred using this optimal frequency are more definitive than previous ML results. Since the ML method is preferred to the MP one for large datasets, the current results should be the most reliable ones to date. The results show that during the course of evolution there have been slightly more intron gains than losses, and thus they favor introns-late. These results should shed new light on our understanding of intron evolution.</p></abstract><counts><page-count count="8"/></counts><custom-meta-group><custom-meta><meta-name>Citation:</meta-name><meta-value>Nguyen HD, Yoshihama M, Kenmochi N (2005) New maximum likelihood estimators for eukaryotic intron evolution. PLoS Comput Biol 1(7): e79.</meta-value></custom-meta></custom-meta-group></article-meta></front></article>