<article xmlns="https://jats.nlm.nih.gov/ns/archiving/1.2/" xmlns:xsi="http://www.w3.org/2001/XMLSchema-instance" xmlns:ali="http://www.niso.org/schemas/ali/1.0/" xmlns:mml="http://www.w3.org/1998/Math/MathML" xmlns:xlink="http://www.w3.org/1999/xlink" xsi:schemaLocation="https://jats.nlm.nih.gov/ns/archiving/1.2/ https://jats.nlm.nih.gov/archiving/1.2/xsd/JATS-archivearticle1.xsd" article-type="research-article"><front><journal-meta><journal-id journal-id-type="nlm-ta">PLoS Comput Biol</journal-id><journal-id journal-id-type="iso-abbrev">PLoS Comput. Biol</journal-id><journal-id journal-id-type="publisher-id">pcbi</journal-id><journal-id journal-id-type="publisher-id">plcb</journal-id><journal-id journal-id-type="pmc">ploscomp</journal-id><journal-title-group><journal-title>PLoS Computational Biology</journal-title></journal-title-group><issn pub-type="ppub">1553-734X</issn><issn pub-type="epub">1553-7358</issn><publisher><publisher-name>Public Library of Science</publisher-name><publisher-loc>San Francisco, USA</publisher-loc></publisher></journal-meta><article-meta><article-id pub-id-type="accession">PMC1853123</article-id><article-id pub-id-type="pmcid">PMC1853123</article-id><article-id pub-id-type="pmc-uid">1853123</article-id><article-id pub-id-type="pmid">17447838</article-id><article-id pub-id-type="pmid">17447838</article-id><article-id pub-id-type="doi">10.1371/journal.pcbi.0030071</article-id><article-id pub-id-type="publisher-id">06-PLCB-RA-0451R2</article-id><article-id pub-id-type="sici">plcb-03-04-13</article-id><article-categories><subj-group subj-group-type="heading"><subject>Research Article</subject></subj-group><subj-group subj-group-type="Discipline"><subject>Infectious Diseases</subject><subject>Mathematics</subject><subject>Public Health and Epidemiology</subject></subj-group><subj-group subj-group-type="System Taxonomy"><subject>Chicken</subject><subject>Human</subject></subj-group></article-categories><title-group><article-title>Risk Maps for the Spread of Highly Pathogenic Avian Influenza in Poultry</article-title><alt-title alt-title-type="running-head">Risk Maps for Avian Influenza</alt-title></title-group><contrib-group><contrib contrib-type="author"><name><surname>Boender</surname><given-names>Gert Jan</given-names></name><xref ref-type="aff" rid="aff1">1</xref></contrib><contrib contrib-type="author"><name><surname>Hagenaars</surname><given-names>Thomas J</given-names></name><xref ref-type="aff" rid="aff1">1</xref></contrib><contrib contrib-type="author"><name><surname>Bouma</surname><given-names>Annemarie</given-names></name><xref ref-type="aff" rid="aff2">2</xref></contrib><contrib contrib-type="author"><name><surname>Nodelijk</surname><given-names>Gonnie</given-names></name><xref ref-type="aff" rid="aff1">1</xref></contrib><contrib contrib-type="author"><name><surname>Elbers</surname><given-names>Armin R. W</given-names></name><xref ref-type="aff" rid="aff3">3</xref><xref ref-type="fn" rid="n104">¤</xref></contrib><contrib contrib-type="author"><name><surname>de Jong</surname><given-names>Mart C. M</given-names></name><xref ref-type="aff" rid="aff1">1</xref></contrib><contrib contrib-type="author"><name><surname>van Boven</surname><given-names>Michiel</given-names></name><xref ref-type="aff" rid="aff1">1</xref><xref ref-type="corresp" rid="cor1">*</xref></contrib></contrib-group><aff id="aff1"><label>1</label> Animal Sciences Group, Wageningen University and Research Centre, Lelystad, The Netherlands
</aff><aff id="aff2"><label>2</label> Faculty of Veterinary Medicine, Department of Farm Animal Health, Utrecht University, Utrecht, The Netherlands
</aff><aff id="aff3"><label>3</label> Animal Health Service, Deventer, The Netherlands
</aff><contrib-group><contrib contrib-type="editor"><name><surname>Meyers</surname><given-names>Lauren A</given-names></name><role>Editor</role><xref ref-type="aff" rid="edit1"/></contrib></contrib-group><aff id="edit1">University of Texas Austin, United States of America</aff><author-notes><corresp id="cor1">* To whom correspondence should be addressed. E-mail: <email>michiel.vanboven@wur.nl</email></corresp></author-notes><pub-date pub-type="ppub"><month>4</month><year>2007</year></pub-date><pub-date pub-type="epub"><day>20</day><month>4</month><year>2007</year></pub-date><pub-date pub-type="epreprint"><day>5</day><month>3</month><year>2007</year></pub-date><volume>3</volume><issue>4</issue><elocation-id>e71</elocation-id><history><date date-type="received"><day>25</day><month>10</month><year>2006</year></date><date date-type="accepted"><day>1</day><month>3</month><year>2007</year></date></history><permissions><copyright-statement> © 2007 Boender et al.</copyright-statement><copyright-year>2007</copyright-year><license xlink:href="http://creativecommons.org/licenses/by/4.0/"><license-p>This is an open-access article distributed under the terms of the Creative Commons Attribution License, which permits unrestricted use, distribution, and reproduction in any medium, provided the original author and source are properly credited.</license-p></license></permissions><!--<related-article preprintResearch Article10.1371/journal.pcbi.0030071.eorsimple>Risk maps for the spread of highly pathogenic avian influenza in poultry</related-article>--><abstract><p>Devastating epidemics of highly contagious animal diseases such as avian influenza, classical swine fever, and foot-and-mouth disease underline the need for improved understanding of the factors promoting the spread of these pathogens. Here the authors present a spatial analysis of the between-farm transmission of a highly pathogenic H7N7 avian influenza virus that caused a large epidemic in The Netherlands in 2003. The authors developed a method to estimate key parameters determining the spread of highly transmissible animal diseases between farms based on outbreak data. The method allows for the identification of high-risk areas for propagating spread in an epidemiologically underpinned manner. A central concept is the transmission kernel, which determines the probability of pathogen transmission from infected to uninfected farms as a function of interfarm distance. The authors show how an estimate of the transmission kernel naturally provides estimates of the critical farm density and local reproduction numbers, which allows one to evaluate the effectiveness of control strategies. For avian influenza, the analyses show that there are two poultry-dense areas in The Netherlands where epidemic spread is possible, and in which local control measures are unlikely to be able to halt an unfolding epidemic. In these regions an epidemic can only be brought to an end by the depletion of susceptible farms by infection or massive culling. The analyses provide an estimate of the spatial range over which highly pathogenic avian influenza viruses spread between farms, and emphasize that control measures aimed at controlling such outbreaks need to take into account the local density of farms.</p></abstract><abstract abstract-type="summary"><title>Author Summary</title><sec id="st1"><title/><p>Modern approaches in the epidemiology of infectious diseases include the use of mechanistic mathematical models to analyze and predict the dynamics of disease transmission. Modelling work during the massive epidemic of foot-and-mouth-disease in 2001 in Great Britain has provided an important example of how such analyses can be performed whilst an epidemic unfolds, predicting the effectiveness of intervention efforts and thus helping to inform policymaking. In this article, we use the example of highly pathogenic avian influenza in poultry to set out a computational approach yielding risk maps for the spread of highly transmissible livestock diseases. In these risk maps, geographic areas are identified in which a given intervention strategy fails to control the spread of the disease between farms. Using the epidemiological data of a large avian influenza epidemic in The Netherlands in 2003, this approach yields an estimate of the distance-dependent transmission probability. From this transmission probability, the transmission potential is calculated for all farms in The Netherlands, leading to the identification of two high-risk areas, defined as clusters of farms with transmission potential exceeding unity. The risk map concept is an instrument suitable for analyses of epidemic control options both during crisis and in peacetime.</p></sec></abstract><counts><page-count count="9"/></counts><custom-meta-group><custom-meta><meta-name>citation</meta-name><meta-value>Boender GJ, Hagenaars TJ, Bouma A, Nodelijk G, Elbers ARW, et al. (2007) Risk maps for the spread of highly pathogenic avian influenza in poultry. PLoS Comput Biol 3(4): e71. doi:<ext-link ext-link-type="doi" xlink:href="10.1371/journal.pcbi.0030071">10.1371/journal.pcbi.0030071</ext-link></meta-value></custom-meta></custom-meta-group></article-meta></front></article>