<article xmlns="https://jats.nlm.nih.gov/ns/archiving/1.2/" xmlns:xsi="http://www.w3.org/2001/XMLSchema-instance" xmlns:ali="http://www.niso.org/schemas/ali/1.0/" xmlns:mml="http://www.w3.org/1998/Math/MathML" xmlns:xlink="http://www.w3.org/1999/xlink" xsi:schemaLocation="https://jats.nlm.nih.gov/ns/archiving/1.2/ https://jats.nlm.nih.gov/archiving/1.2/xsd/JATS-archivearticle1.xsd" article-type="research-article"><front><journal-meta><journal-id journal-id-type="nlm-ta">PLoS Comput Biol</journal-id><journal-id journal-id-type="iso-abbrev">PLoS Comput. Biol</journal-id><journal-id journal-id-type="publisher-id">pcbi</journal-id><journal-id journal-id-type="publisher-id">plcb</journal-id><journal-id journal-id-type="pmc">ploscomp</journal-id><journal-title-group><journal-title>PLoS Computational Biology</journal-title></journal-title-group><issn pub-type="ppub">1553-734X</issn><issn pub-type="epub">1553-7358</issn><publisher><publisher-name>Public Library of Science</publisher-name><publisher-loc>San Francisco, USA</publisher-loc></publisher></journal-meta><article-meta><article-id pub-id-type="accession">PMC1409812</article-id><article-id pub-id-type="pmcid">PMC1409812</article-id><article-id pub-id-type="pmc-uid">1409812</article-id><article-id pub-id-type="pmid">16557292</article-id><article-id pub-id-type="pmid">16557292</article-id><article-id pub-id-type="doi">10.1371/journal.pcbi.0020022</article-id><article-id pub-id-type="publisher-id">05-PLCB-RA-0205R3</article-id><article-id pub-id-type="sici">plcb-02-03-06</article-id><article-categories><subj-group subj-group-type="heading"><subject>Research Article</subject></subj-group><subj-group subj-group-type="Discipline"><subject>Neuroscience</subject></subj-group><subj-group subj-group-type="System Taxonomy"><subject>Primates</subject></subj-group></article-categories><title-group><article-title>Role of Mechanical Factors in the Morphology of the Primate Cerebral Cortex</article-title><alt-title alt-title-type="running-head">Mechanical Impact on Cortical Morphology</alt-title></title-group><contrib-group><contrib contrib-type="author"><name><surname>Hilgetag</surname><given-names>Claus C</given-names></name><xref ref-type="aff" rid="aff1">1</xref><xref ref-type="aff" rid="aff2">2</xref><xref ref-type="corresp" rid="cor1">*</xref></contrib><contrib contrib-type="author"><name><surname>Barbas</surname><given-names>Helen</given-names></name><xref ref-type="aff" rid="aff2">2</xref><xref ref-type="aff" rid="aff3">3</xref><xref ref-type="aff" rid="aff4">4</xref></contrib></contrib-group><aff id="aff1"><label>1</label> School of Engineering and Science, International University Bremen, Bremen, Germany
</aff><aff id="aff2"><label>2</label> Boston University, Boston, Massachusetts, United States of America
</aff><aff id="aff3"><label>3</label> Boston University School of Medicine, Boston, Massachusetts, United States of America
</aff><aff id="aff4"><label>4</label> New England Primate Research Center, Harvard Medical School, Southborough, Massachusetts, United States of America
</aff><contrib-group><contrib contrib-type="editor"><name><surname>Graham</surname><given-names>Lyle</given-names></name><role>Editor</role><xref ref-type="aff" rid="edit1"/></contrib></contrib-group><aff id="edit1">UFR Biomédicale de l'Université René Descartes, France</aff><author-notes><corresp id="cor1">* To whom correspondence should be addressed. E-mail: <email>c.hilgetag@iu-bremen.de</email></corresp></author-notes><pub-date pub-type="ppub"><month>3</month><year>2006</year></pub-date><pub-date pub-type="epub"><day>24</day><month>3</month><year>2006</year></pub-date><pub-date pub-type="epreprint"><day>9</day><month>2</month><year>2006</year></pub-date><volume>2</volume><issue>3</issue><elocation-id>e22</elocation-id><history><date date-type="received"><day>17</day><month>8</month><year>2005</year></date><date date-type="accepted"><day>9</day><month>2</month><year>2006</year></date></history><permissions><copyright-statement> © 2006 Hilgetag and Barbas.</copyright-statement><copyright-year>2006</copyright-year><license xlink:href="http://creativecommons.org/licenses/by/4.0/"><license-p>This is an open-access article distributed under the terms of the Creative Commons Attribution License, which permits unrestricted use, distribution, and reproduction in any medium, provided the original author and source are properly credited.</license-p></license></permissions><!--<related-article preprintresearch10.1371/journal.pcbi.0020022.eorsimple>Role of Mechanical Factors in the Morphology of the Primate Cerebral Cortex</related-article>--><abstract><p>The convoluted cortex of primates is instantly recognizable in its principal morphologic features, yet puzzling in its complex finer structure. Various hypotheses have been proposed about the mechanisms of its formation. Based on the analysis of databases of quantitative architectonic and connection data for primate prefrontal cortices, we offer support for the hypothesis that tension exerted by corticocortical connections is a significant factor in shaping the cerebral cortical landscape. Moreover, forces generated by cortical folding influence laminar morphology, and appear to have a previously unsuspected impact on cellular migration during cortical development. The evidence for a significant role of mechanical factors in cortical morphology opens the possibility of constructing computational models of cortical develoment based on physical principles. Such models are particularly relevant for understanding the relationship of cortical morphology to the connectivity of normal brains, and structurally altered brains in diseases of developmental origin, such as schizophrenia and autism.</p></abstract><abstract abstract-type="synopsis"><title>Synopsis</title><p>How are the characteristic folds of primate brains formed? New answers to this old question support the idea that folding occurs as nerve fibers connect the brain's different surface regions. The fibers pull together regions that are strongly connected, while unconnected regions drift apart. Furthermore, as the brain develops before birth and its surface expands, folding may affect the passage of new neurons into different regions, influencing the brain's architecture. These findings underscore the role of mechanical forces in shaping the normal brain. Moreover, the findings suggest that changes in brain shape in developmental diseases, such as schizophrenia and autism, may result from changes in the connections.</p></abstract><counts><page-count count="14"/></counts><custom-meta-group><custom-meta><meta-name>Citation:</meta-name><meta-value>Hilgetag CC, Barbas H (2006) Role of mechanical factors in the morphology of the primate cerebral cortex. PLoS Comput Biol 2(3): e22.</meta-value></custom-meta></custom-meta-group></article-meta></front></article>