<article xmlns="https://jats.nlm.nih.gov/ns/archiving/1.2/" xmlns:xsi="http://www.w3.org/2001/XMLSchema-instance" xmlns:ali="http://www.niso.org/schemas/ali/1.0/" xmlns:mml="http://www.w3.org/1998/Math/MathML" xmlns:xlink="http://www.w3.org/1999/xlink" xsi:schemaLocation="https://jats.nlm.nih.gov/ns/archiving/1.2/ https://jats.nlm.nih.gov/archiving/1.2/xsd/JATS-archivearticle1.xsd" article-type="research-article"><front><journal-meta><journal-id journal-id-type="nlm-ta">PLoS Comput Biol</journal-id><journal-id journal-id-type="iso-abbrev">PLoS Comput. Biol</journal-id><journal-id journal-id-type="publisher-id">pcbi</journal-id><journal-id journal-id-type="publisher-id">plcb</journal-id><journal-id journal-id-type="pmc">ploscomp</journal-id><journal-title-group><journal-title>PLoS Computational Biology</journal-title></journal-title-group><issn pub-type="ppub">1553-734X</issn><issn pub-type="epub">1553-7358</issn><publisher><publisher-name>Public Library of Science</publisher-name><publisher-loc>San Francisco, USA</publisher-loc></publisher></journal-meta><article-meta><article-id pub-id-type="accession">PMC1364505</article-id><article-id pub-id-type="pmcid">PMC1364505</article-id><article-id pub-id-type="pmc-uid">1364505</article-id><article-id pub-id-type="pmid">16485037</article-id><article-id pub-id-type="pmid">16485037</article-id><article-id pub-id-type="doi">10.1371/journal.pcbi.0020013</article-id><article-id pub-id-type="publisher-id">05-PLCB-RA-0283R2</article-id><article-id pub-id-type="sici">plcb-02-02-04</article-id><article-categories><subj-group subj-group-type="heading"><subject>Research Article</subject></subj-group><subj-group subj-group-type="Discipline"><subject>Bioinformatics - Computational Biology</subject><subject>Molecular Biology - Structural Biology</subject></subj-group><subj-group subj-group-type="System Taxonomy"><subject>None</subject></subj-group></article-categories><title-group><article-title>Structure Modeling of All Identified G Protein–Coupled Receptors in the Human Genome</article-title><alt-title alt-title-type="running-head">Structure Modeling of Human GPCRs</alt-title></title-group><contrib-group><contrib contrib-type="author"><name><surname>Zhang</surname><given-names>Yang</given-names></name><xref ref-type="aff" rid="aff1"/></contrib><contrib contrib-type="author"><name><surname>DeVries</surname><given-names>Mark E</given-names></name><xref ref-type="aff" rid="aff1"/></contrib><contrib contrib-type="author"><name><surname>Skolnick</surname><given-names>Jeffrey</given-names></name><xref ref-type="corresp" rid="cor1">*</xref><xref ref-type="aff" rid="aff1"/></contrib></contrib-group><aff id="aff1">Center of Excellence in Bioinformatics, University at Buffalo, Buffalo, New York, United States of America</aff><contrib-group><contrib contrib-type="editor"><name><surname>Murray</surname><given-names>Diana</given-names></name><role>Editor</role><xref ref-type="aff" rid="edit1"/></contrib></contrib-group><aff id="edit1">Cornell University, United States of America</aff><author-notes><corresp id="cor1">* To whom correspondence should be addressed. E-mail: <email>skolnick@gatech.edu</email></corresp></author-notes><pub-date pub-type="ppub"><month>2</month><year>2006</year></pub-date><pub-date pub-type="epub"><day>17</day><month>2</month><year>2006</year></pub-date><volume>2</volume><issue>2</issue><elocation-id>e13</elocation-id><history><date date-type="received"><day>19</day><month>10</month><year>2005</year></date><date date-type="accepted"><day>11</day><month>1</month><year>2005</year></date></history><permissions><copyright-statement> © 2006 Zhang et al.</copyright-statement><copyright-year>2006</copyright-year><license xlink:href="http://creativecommons.org/licenses/by/4.0/"><license-p>This is an open-access article distributed under the terms of the Creative Commons Attribution License, which permits unrestricted use, distribution, and reproduction in any medium, provided the original author and source are properly credited.</license-p></license></permissions><abstract><p>G protein–coupled receptors (GPCRs), encoded by about 5% of human genes, comprise the largest family of integral membrane proteins and act as cell surface receptors responsible for the transduction of endogenous signal into a cellular response. Although tertiary structural information is crucial for function annotation and drug design, there are few experimentally determined GPCR structures. To address this issue, we employ the recently developed threading assembly refinement (TASSER) method to generate structure predictions for all 907 putative GPCRs in the human genome. Unlike traditional homology modeling approaches, TASSER modeling does not require solved homologous template structures; moreover, it often refines the structures closer to native. These features are essential for the comprehensive modeling of all human GPCRs when close homologous templates are absent. Based on a benchmarked confidence score, approximately 820 predicted models should have the correct folds. The majority of GPCR models share the characteristic seven-transmembrane helix topology, but 45 ORFs are predicted to have different structures. This is due to GPCR fragments that are predominantly from extracellular or intracellular domains as well as database annotation errors. Our preliminary validation includes the automated modeling of bovine rhodopsin, the only solved GPCR in the Protein Data Bank. With homologous templates excluded, the final model built by TASSER has a global C<sub>α</sub> root-mean-squared deviation from native of 4.6 Å, with a root-mean-squared deviation in the transmembrane helix region of 2.1 Å. Models of several representative GPCRs are compared with mutagenesis and affinity labeling data, and consistent agreement is demonstrated. Structure clustering of the predicted models shows that GPCRs with similar structures tend to belong to a similar functional class even when their sequences are diverse. These results demonstrate the usefulness and robustness of the in silico models for GPCR functional analysis. All predicted GPCR models are freely available for noncommercial users on our Web site (<ext-link ext-link-type="uri" xlink:href="http://www.bioinformatics.buffalo.edu/GPCR">http://www.bioinformatics.buffalo.edu/GPCR</ext-link>).</p></abstract><abstract abstract-type="synopsis"><title>Synopsis</title><p>G protein–coupled receptors (GPCRs) are a large superfamily of integral membrane proteins that transduce signals across the cell membrane. Because of the breadth and importance of the physiological roles undertaken by the GPCR family, many of its members are important pharmacological targets. Although the knowledge of a protein's native structure can provide important insight into understanding its function and for the design of new drugs, the experimental determination of the three-dimensional structure of GPCR membrane proteins has proved to be very difficult. This is demonstrated by the fact that there is only one solved GPCR structure (from bovine rhodopsin) deposited in the Protein Data Bank library. In contrast, there are no human GPCR structures in the Protein Data Bank. To address the need for the tertiary structures of human GPCRs, using just sequence information, the authors use a newly developed threading-assembly-refinement method to generate models for all 907 registered GPCRs in the human genome. About 820 GPCRs are anticipated to have correct topology and transmembrane helix arrangement. A subset of the resulting models is validated by comparison with mutagenesis experimental data, and consistent agreement is demonstrated.</p></abstract><counts><page-count count="12"/></counts><custom-meta-group><custom-meta><meta-name>Citation:</meta-name><meta-value>Zhang Y, DeVries ME, Skolnick J (2006) Structure modeling of all identified G protein–coupled receptors in the human genome. PLoS Comput Biol 2(2): e13.</meta-value></custom-meta></custom-meta-group></article-meta></front></article>