<article xmlns="https://jats.nlm.nih.gov/ns/archiving/1.2/" xmlns:xsi="http://www.w3.org/2001/XMLSchema-instance" xmlns:ali="http://www.niso.org/schemas/ali/1.0/" xmlns:mml="http://www.w3.org/1998/Math/MathML" xmlns:xlink="http://www.w3.org/1999/xlink" xsi:schemaLocation="https://jats.nlm.nih.gov/ns/archiving/1.2/ https://jats.nlm.nih.gov/archiving/1.2/xsd/JATS-archivearticle1.xsd" article-type="research-article"><front><journal-meta><journal-id journal-id-type="nlm-ta">PLoS Comput Biol</journal-id><journal-id journal-id-type="iso-abbrev">PLoS Comput. Biol</journal-id><journal-id journal-id-type="publisher-id">pcbi</journal-id><journal-id journal-id-type="publisher-id">plcb</journal-id><journal-id journal-id-type="pmc">ploscomp</journal-id><journal-title-group><journal-title>PLoS Computational Biology</journal-title></journal-title-group><issn pub-type="ppub">1553-734X</issn><issn pub-type="epub">1553-7358</issn><publisher><publisher-name>Public Library of Science</publisher-name><publisher-loc>San Francisco, USA</publisher-loc></publisher></journal-meta><article-meta><article-id pub-id-type="accession">PMC1808493</article-id><article-id pub-id-type="pmcid">PMC1808493</article-id><article-id pub-id-type="pmc-uid">1808493</article-id><article-id pub-id-type="pmid">17335346</article-id><article-id pub-id-type="pmid">17335346</article-id><article-id pub-id-type="doi">10.1371/journal.pcbi.0030038</article-id><article-id pub-id-type="publisher-id">06-PLCB-RA-0353R3</article-id><article-id pub-id-type="sici">plcb-03-03-02</article-id><article-categories><subj-group subj-group-type="heading"><subject>Research Article</subject></subj-group><subj-group subj-group-type="Discipline"><subject>Computational Biology</subject><subject>Evolutionary Biology</subject><subject>Neuroscience</subject></subj-group><subj-group subj-group-type="System Taxonomy"><subject>Teleost Fishes</subject></subj-group></article-categories><title-group><article-title>Spatial Acuity and Prey Detection in Weakly Electric Fish</article-title><alt-title alt-title-type="running-head">Electrosensory Acuity</alt-title></title-group><contrib-group><contrib contrib-type="author"><name><surname>Babineau</surname><given-names>David</given-names></name><xref ref-type="aff" rid="aff1">1</xref></contrib><contrib contrib-type="author"><name><surname>Lewis</surname><given-names>John E</given-names></name><xref ref-type="aff" rid="aff2">2</xref><xref ref-type="aff" rid="aff3">3</xref><xref ref-type="corresp" rid="cor1">*</xref></contrib><contrib contrib-type="author"><name><surname>Longtin</surname><given-names>André</given-names></name><xref ref-type="aff" rid="aff1">1</xref><xref ref-type="aff" rid="aff3">3</xref></contrib></contrib-group><aff id="aff1"><label>1</label> Department of Physics, University of Ottawa, Ottawa, Ontario, Canada
</aff><aff id="aff2"><label>2</label> Department of Biology, University of Ottawa, Ottawa, Ontario, Canada
</aff><aff id="aff3"><label>3</label> Center for Neural Dynamics, University of Ottawa, Ottawa, Ontario, Canada
</aff><contrib-group><contrib contrib-type="editor"><name><surname>Friston</surname><given-names>Karl J</given-names></name><role>Editor</role><xref ref-type="aff" rid="edit1"/></contrib></contrib-group><aff id="edit1">University College London, United Kingdom</aff><author-notes><corresp id="cor1">* To whom correspondence should be addressed. E-mail: <email>john.lewis@uottawa.ca</email></corresp></author-notes><pub-date pub-type="ppub"><month>3</month><year>2007</year></pub-date><pub-date pub-type="epub"><day>2</day><month>3</month><year>2007</year></pub-date><volume>3</volume><issue>3</issue><elocation-id>e38</elocation-id><history><date date-type="received"><day>24</day><month>8</month><year>2006</year></date><date date-type="accepted"><day>4</day><month>1</month><year>2007</year></date></history><permissions><copyright-statement> © 2007 Babineau et al.</copyright-statement><copyright-year>2007</copyright-year><license xlink:href="http://creativecommons.org/licenses/by/4.0/"><license-p>This is an open-access article distributed under the terms of the Creative Commons Attribution License, which permits unrestricted use, distribution, and reproduction in any medium, provided the original author and source are properly credited.</license-p></license></permissions><abstract><p>It is well-known that weakly electric fish can exhibit extreme temporal acuity at the behavioral level, discriminating time intervals in the submicrosecond range. However, relatively little is known about the spatial acuity of the electrosense. Here we use a recently developed model of the electric field generated by <named-content content-type="genus-species">Apteronotus leptorhynchus</named-content> to study spatial acuity and small signal extraction. We show that the quality of sensory information available on the lateral body surface is highest for objects close to the fish's midbody, suggesting that spatial acuity should be highest at this location. Overall, however, this information is relatively blurry and the electrosense exhibits relatively poor acuity. Despite this apparent limitation, weakly electric fish are able to extract the minute signals generated by small prey, even in the presence of large background signals. In fact, we show that the fish's poor spatial acuity may actually enhance prey detection under some conditions. This occurs because the electric image produced by a spatially dense background is relatively “blurred” or spatially uniform. Hence, the small spatially localized prey signal “pops out” when fish motion is simulated. This shows explicitly how the back-and-forth swimming, characteristic of these fish, can be used to generate motion cues that, as in other animals, assist in the extraction of sensory information when signal-to-noise ratios are low. Our study also reveals the importance of the structure of complex electrosensory backgrounds. Whereas large-object spacing is favorable for discriminating the individual elements of a scene, small spacing can increase the fish's ability to resolve a single target object against this background.</p></abstract><abstract abstract-type="summary"><title>Author Summary</title><sec id="st1"><title/><p>Extracting and characterizing small signals in a noisy background is a universal problem in sensory processing. In human audition, this is referred to as the cocktail party problem. Weakly electric knifefish face a similar difficulty. Objects in their environment produce distortions in a self-generated electric field that are used for navigation and prey capture in the dark. While we know prey signals are small (microvolt range), and other environmental signals can be many times larger, we know very little about prey detection in a natural electrosensory landscape. To better understand this problem, we present an analysis of small object discrimination and detection using a recently developed model of the fish's electric field. We show that the electric sense is extremely blurry: two prey must be about five diameters apart to produce distinct signals. But this blurriness can be an asset when prey must be detected in a background of large distracters. We show that the commonly observed “knife-like” scanning behaviour of these fish causes a prey signal to “pop-out” from the blurry background signal. Our study is the first to our knowledge to describe specific motion-generated electrosensory cues, and it provides a novel example of how self-motion can be used to enhance sensory processing.</p></sec></abstract><counts><page-count count="10"/></counts><custom-meta-group><custom-meta><meta-name>citation</meta-name><meta-value>Babineau D, Lewis JE, Longtin A (2007) Spatial acuity and prey detection in weakly electric fish. PLoS Comput Biol 3(3): e38. doi:<ext-link ext-link-type="doi" xlink:href="10.1371/journal.pcbi.0030038">10.1371/journal.pcbi.0030038</ext-link></meta-value></custom-meta></custom-meta-group></article-meta></front></article>