<article xmlns="https://jats.nlm.nih.gov/ns/archiving/1.2/" xmlns:xsi="http://www.w3.org/2001/XMLSchema-instance" xmlns:ali="http://www.niso.org/schemas/ali/1.0/" xmlns:mml="http://www.w3.org/1998/Math/MathML" xmlns:xlink="http://www.w3.org/1999/xlink" xsi:schemaLocation="https://jats.nlm.nih.gov/ns/archiving/1.2/ https://jats.nlm.nih.gov/archiving/1.2/xsd/JATS-archivearticle1.xsd" article-type="research-article"><front><journal-meta><journal-id journal-id-type="nlm-ta">PLoS Comput Biol</journal-id><journal-id journal-id-type="iso-abbrev">PLoS Comput. Biol</journal-id><journal-id journal-id-type="publisher-id">pcbi</journal-id><journal-id journal-id-type="publisher-id">plcb</journal-id><journal-id journal-id-type="pmc">ploscomp</journal-id><journal-title-group><journal-title>PLoS Computational Biology</journal-title></journal-title-group><issn pub-type="ppub">1553-734X</issn><issn pub-type="epub">1553-7358</issn><publisher><publisher-name>Public Library of Science</publisher-name><publisher-loc>San Francisco, USA</publisher-loc></publisher></journal-meta><article-meta><article-id pub-id-type="accession">PMC1864996</article-id><article-id pub-id-type="pmcid">PMC1864996</article-id><article-id pub-id-type="pmc-uid">1864996</article-id><article-id pub-id-type="pmid">17480117</article-id><article-id pub-id-type="pmid">17480117</article-id><article-id pub-id-type="doi">10.1371/journal.pcbi.0030085</article-id><article-id pub-id-type="publisher-id">07-PLCB-RA-0008R2</article-id><article-id pub-id-type="sici">plcb-03-05-02</article-id><article-categories><subj-group subj-group-type="heading"><subject>Research Article</subject></subj-group><subj-group subj-group-type="Discipline"><subject>Computational Biology</subject><subject>Infectious Diseases</subject><subject>Public Health and Epidemiology</subject></subj-group><subj-group subj-group-type="System Taxonomy"><subject>None</subject></subj-group></article-categories><title-group><article-title>Can Influenza Epidemics Be Prevented by Voluntary Vaccination?</article-title><alt-title alt-title-type="running-head">Influenza and Voluntary Vaccination</alt-title></title-group><contrib-group><contrib contrib-type="author"><name><surname>Vardavas</surname><given-names>Raffaele</given-names></name><xref ref-type="aff" rid="aff1"/></contrib><contrib contrib-type="author"><name><surname>Breban</surname><given-names>Romulus</given-names></name><xref ref-type="aff" rid="aff1"/></contrib><contrib contrib-type="author"><name><surname>Blower</surname><given-names>Sally</given-names></name><xref ref-type="corresp" rid="cor1">*</xref><xref ref-type="aff" rid="aff1"/></contrib></contrib-group><aff id="aff1">Semel Institute for Neuroscience and Human Behavior, University of California Los Angeles, Los Angeles, California, United States of America</aff><contrib-group><contrib contrib-type="editor"><name><surname>Bauch</surname><given-names>Chris T</given-names></name><role>Editor</role><xref ref-type="aff" rid="edit1"/></contrib></contrib-group><aff id="edit1">University of Guelph, Canada</aff><author-notes><corresp id="cor1">* To whom correspondence should be addressed. E-mail: <email>sblower@mednet.ucla.edu</email></corresp></author-notes><pub-date pub-type="ppub"><month>5</month><year>2007</year></pub-date><pub-date pub-type="epub"><day>4</day><month>5</month><year>2007</year></pub-date><volume>3</volume><issue>5</issue><elocation-id>e85</elocation-id><history><date date-type="received"><day>9</day><month>1</month><year>2007</year></date><date date-type="accepted"><day>30</day><month>3</month><year>2007</year></date></history><permissions><copyright-statement> © 2007 Vardavas et al.</copyright-statement><copyright-year>2007</copyright-year><license xlink:href="http://creativecommons.org/licenses/by/4.0/"><license-p>This is an open-access article distributed under the terms of the Creative Commons Attribution License, which permits unrestricted use, distribution, and reproduction in any medium, provided the original author and source are properly credited.</license-p></license></permissions><abstract><p>Previous modeling studies have identified the vaccination coverage level necessary for preventing influenza epidemics, but have not shown whether this critical coverage can be reached. Here we use computational modeling to determine, for the first time, whether the critical coverage for influenza can be achieved by voluntary vaccination. We construct a novel individual-level model of human cognition and behavior; individuals are characterized by two biological attributes (memory and adaptability) that they use when making vaccination decisions. We couple this model with a population-level model of influenza that includes vaccination dynamics. The coupled models allow individual-level decisions to influence influenza epidemiology and, conversely, influenza epidemiology to influence individual-level decisions. By including the effects of adaptive decision-making within an epidemic model, we can reproduce two essential characteristics of influenza epidemiology: annual variation in epidemic severity and sporadic occurrence of severe epidemics. We suggest that individual-level adaptive decision-making may be an important (previously overlooked) causal factor in driving influenza epidemiology. We find that severe epidemics cannot be prevented unless vaccination programs offer incentives. Frequency of severe epidemics could be reduced if programs provide, as an incentive to be vaccinated, several years of free vaccines to individuals who pay for one year of vaccination. Magnitude of epidemic amelioration will be determined by the number of years of free vaccination, an individuals' adaptability in decision-making, and their memory. This type of incentive program could control epidemics if individuals are very adaptable and have long-term memories. However, incentive-based programs that provide free vaccination for families could increase the frequency of severe epidemics. We conclude that incentive-based vaccination programs are necessary to control influenza, but some may be detrimental. Surprisingly, we find that individuals' memories and flexibility in adaptive decision-making can be extremely important factors in determining the success of influenza vaccination programs. Finally, we discuss the implication of our results for controlling pandemics.</p></abstract><abstract abstract-type="summary"><title>Author Summary</title><sec id="st1"><title/><p>Currently, a major public health concern is the next influenza pandemic; yet it remains unclear how to control such a crisis. By using novel mathematical modeling techniques, here we predict the likely impact of voluntary vaccination programs on controlling influenza epidemics and pandemics. We construct an individual-level model of human cognition and behavior that includes two important biological characteristics: memory and adaptability/flexibility. In each influenza season, each individual in the modeled population decides, using memory and adaptability/flexibility, whether to be vaccinated or not. We combine our individual-level model with an epidemic model to predict the impact of voluntary vaccination programs. We found that severe influenza epidemics cannot be prevented unless vaccination programs offer incentives. Frequency of severe epidemics could be reduced if programs provide, as an incentive to be vaccinated, several years of free vaccines to individuals who pay for one year of vaccination. However, we found that a public health intervention program that focuses on vaccinating families is likely to increase the frequency of severe epidemics. Most importantly, we found that individuals' memories and adaptability/flexibility in decision-making are critical factors in determining the success of influenza vaccination programs. Our results are applicable both for the control of seasonal and pandemic influenza.</p></sec></abstract><counts><page-count count="7"/></counts><custom-meta-group><custom-meta><meta-name>citation</meta-name><meta-value>Vardavas R, Breban R, Blower S (2007) Can influenza epidemics be prevented by voluntary vaccination? PLoS Comput Biol 3(5): e85. doi:<ext-link ext-link-type="doi" xlink:href="10.1371/journal.pcbi.0030085">10.1371/journal.pcbi.0030085</ext-link></meta-value></custom-meta></custom-meta-group></article-meta></front></article>