<article xmlns="https://jats.nlm.nih.gov/ns/archiving/1.2/" xmlns:xsi="http://www.w3.org/2001/XMLSchema-instance" xmlns:ali="http://www.niso.org/schemas/ali/1.0/" xmlns:mml="http://www.w3.org/1998/Math/MathML" xmlns:xlink="http://www.w3.org/1999/xlink" xsi:schemaLocation="https://jats.nlm.nih.gov/ns/archiving/1.2/ https://jats.nlm.nih.gov/archiving/1.2/xsd/JATS-archivearticle1.xsd" article-type="research-article"><front><journal-meta><journal-id journal-id-type="nlm-ta">PLoS Comput Biol</journal-id><journal-id journal-id-type="iso-abbrev">PLoS Comput. Biol</journal-id><journal-id journal-id-type="publisher-id">pcbi</journal-id><journal-id journal-id-type="publisher-id">plcb</journal-id><journal-id journal-id-type="pmc">ploscomp</journal-id><journal-title-group><journal-title>PLoS Computational Biology</journal-title></journal-title-group><issn pub-type="ppub">1553-734X</issn><issn pub-type="epub">1553-7358</issn><publisher><publisher-name>Public Library of Science</publisher-name><publisher-loc>San Francisco, USA</publisher-loc></publisher></journal-meta><article-meta><article-id pub-id-type="accession">PMC1924873</article-id><article-id pub-id-type="pmcid">PMC1924873</article-id><article-id pub-id-type="pmc-uid">1924873</article-id><article-id pub-id-type="pmid">17658945</article-id><article-id pub-id-type="pmid">17658945</article-id><article-id pub-id-type="doi">10.1371/journal.pcbi.0030144</article-id><article-id pub-id-type="publisher-id">06-PLCB-RA-0418R3</article-id><article-id pub-id-type="sici">plcb-03-07-19</article-id><article-categories><subj-group subj-group-type="heading"><subject>Research Article</subject></subj-group><subj-group subj-group-type="Discipline"><subject>Computational Biology</subject><subject>Developmental Biology</subject><subject>Genetics and Genomics</subject><subject>Genetics and Genomics</subject><subject>Genetics and Genomics</subject><subject>Mathematics</subject></subj-group><subj-group subj-group-type="System Taxonomy"><subject>Drosophila</subject></subj-group></article-categories><title-group><article-title>Prediction of Gene Expression in Embryonic Structures of <named-content content-type="genus-species">Drosophila melanogaster</named-content>
</article-title><alt-title alt-title-type="running-head">Predicting Gene Expression Patterns</alt-title></title-group><contrib-group><contrib contrib-type="author"><name><surname>Samsonova</surname><given-names>Anastasia A</given-names></name><xref ref-type="aff" rid="aff1">1</xref><xref ref-type="fn" rid="n103">¤</xref><xref ref-type="corresp" rid="cor1">*</xref></contrib><contrib contrib-type="author"><name><surname>Niranjan</surname><given-names>Mahesan</given-names></name><xref ref-type="aff" rid="aff2">2</xref></contrib><contrib contrib-type="author"><name><surname>Russell</surname><given-names>Steven</given-names></name><xref ref-type="aff" rid="aff3">3</xref></contrib><contrib contrib-type="author"><name><surname>Brazma</surname><given-names>Alvis</given-names></name><xref ref-type="aff" rid="aff1">1</xref></contrib></contrib-group><aff id="aff1"><label>1</label> European Bioinformatics Institute, Wellcome Trust Genome Campus, Cambridge, United Kingdom
</aff><aff id="aff2"><label>2</label> Department of Computer Science, University of Sheffield, Sheffield, United Kingdom
</aff><aff id="aff3"><label>3</label> Department of Genetics, University of Cambridge, Cambridge, United Kingdom
</aff><contrib-group><contrib contrib-type="editor"><name><surname>Ohler</surname><given-names>Uwe</given-names></name><role>Editor</role><xref ref-type="aff" rid="edit1"/></contrib></contrib-group><aff id="edit1">Duke University, United States of America</aff><author-notes><corresp id="cor1">* To whom correspondence should be addressed. E-mail: <email>nastja@ebi.ac.uk</email></corresp></author-notes><pub-date pub-type="ppub"><month>7</month><year>2007</year></pub-date><pub-date pub-type="epub"><day>20</day><month>7</month><year>2007</year></pub-date><volume>3</volume><issue>7</issue><elocation-id>e144</elocation-id><history><date date-type="received"><day>27</day><month>9</month><year>2006</year></date><date date-type="accepted"><day>6</day><month>6</month><year>2007</year></date></history><permissions><copyright-statement> © 2007 Samsonova et al.</copyright-statement><copyright-year>2007</copyright-year><license xlink:href="http://creativecommons.org/licenses/by/4.0/"><license-p>This is an open-access article distributed under the terms of the Creative Commons Attribution License, which permits unrestricted use, distribution, and reproduction in any medium, provided the original author and source are properly credited.</license-p></license></permissions><abstract><p>Understanding how sets of genes are coordinately regulated in space and time to generate the diversity of cell types that characterise complex metazoans is a major challenge in modern biology. The use of high-throughput approaches, such as large-scale in situ hybridisation and genome-wide expression profiling via DNA microarrays, is beginning to provide insights into the complexities of development. However, in many organisms the collection and annotation of comprehensive in situ localisation data is a difficult and time-consuming task. Here, we present a widely applicable computational approach, integrating developmental time-course microarray data with annotated in situ hybridisation studies, that facilitates the de novo prediction of tissue-specific expression for genes that have no in vivo gene expression localisation data available. Using a classification approach, trained with data from microarray and in situ hybridisation studies of gene expression during <italic>Drosophila</italic> embryonic development, we made a set of predictions on the tissue-specific expression of <italic>Drosophila</italic> genes that have not been systematically characterised by in situ hybridisation experiments. The reliability of our predictions is confirmed by literature-derived annotations in FlyBase, by overrepresentation of Gene Ontology biological process annotations, and, in a selected set, by detailed gene-specific studies from the literature. Our novel organism-independent method will be of considerable utility in enriching the annotation of gene function and expression in complex multicellular organisms.</p></abstract><abstract abstract-type="summary"><title>Author Summary</title><sec id="st1"><title/><p>The task of deciphering the complex transcriptional regulatory networks controlling development is one of the major current challenges for molecular biology. The problem is difficult, if not impossible, to solve without a detailed knowledge of the spatiotemporal dynamics of gene expression. Thus, to understand development, we need to identify and functionally characterize all players in regulatory networks. Data on gene expression dynamics obtained from whole transcriptome microarray experiments, combined with in situ hybridization mRNA localisation patterns for a subset of genes, may provide a route for predicting the localisation of gene expression for those genes for which in situ data has not been generated, as well as suggesting functional information for uncharacterised genes. Here, we report the development of one of the first methods for predicting the localisation of gene expression during <italic>Drosophila</italic> embryogenesis from microarray data. Pooling the subset of genes in the fly genome with in situ data to form functional units, localised in space and time for relevant developmental processes, facilitates the statement of a classification problem, which we address with machine-learning methods. Our approach promotes a richer annotation of biological function for genes in the absence of costly and time-consuming experimental analysis.</p></sec></abstract><counts><page-count count="13"/></counts><custom-meta-group><custom-meta><meta-name>citation</meta-name><meta-value>Samsonova AA, Niranjan M, Russell S, Brazma A (2007) Prediction of gene expression in embryonic structures of <named-content content-type="genus-species">Drosophila melanogaster</named-content>. PLoS Comput Biol 3(7): e144. doi:<ext-link ext-link-type="doi" xlink:href="10.1371/journal.pcbi.0030144">10.1371/journal.pcbi.0030144</ext-link></meta-value></custom-meta></custom-meta-group></article-meta></front></article>