<article xmlns="https://jats.nlm.nih.gov/ns/archiving/1.2/" xmlns:xsi="http://www.w3.org/2001/XMLSchema-instance" xmlns:ali="http://www.niso.org/schemas/ali/1.0/" xmlns:mml="http://www.w3.org/1998/Math/MathML" xmlns:xlink="http://www.w3.org/1999/xlink" xsi:schemaLocation="https://jats.nlm.nih.gov/ns/archiving/1.2/ https://jats.nlm.nih.gov/archiving/1.2/xsd/JATS-archivearticle1.xsd" article-type="research-article"><front><journal-meta><journal-id journal-id-type="nlm-ta">PLoS Comput Biol</journal-id><journal-id journal-id-type="iso-abbrev">PLoS Comput. Biol</journal-id><journal-id journal-id-type="publisher-id">pcbi</journal-id><journal-id journal-id-type="publisher-id">plcb</journal-id><journal-id journal-id-type="pmc">ploscomp</journal-id><journal-title-group><journal-title>PLoS Computational Biology</journal-title></journal-title-group><issn pub-type="ppub">1553-734X</issn><issn pub-type="epub">1553-7358</issn><publisher><publisher-name>Public Library of Science</publisher-name><publisher-loc>San Francisco, USA</publisher-loc></publisher></journal-meta><article-meta><article-id pub-id-type="accession">PMC1941758</article-id><article-id pub-id-type="pmcid">PMC1941758</article-id><article-id pub-id-type="pmc-uid">1941758</article-id><article-id pub-id-type="pmid">17696605</article-id><article-id pub-id-type="pmid">17696605</article-id><article-id pub-id-type="doi">10.1371/journal.pcbi.0030151</article-id><article-id pub-id-type="publisher-id">06-PLCB-RA-0401R3</article-id><article-id pub-id-type="sici">plcb-03-08-09</article-id><article-categories><subj-group subj-group-type="heading"><subject>Research Article</subject></subj-group><subj-group subj-group-type="Discipline"><subject>Computational Biology</subject><subject>Evolutionary Biology</subject><subject>Genetics and Genomics</subject><subject>Infectious Diseases</subject><subject>Microbiology</subject><subject>Molecular Biology</subject></subj-group><subj-group subj-group-type="System Taxonomy"><subject>Eubacteria</subject></subj-group></article-categories><title-group><article-title><named-content content-type="genus-species">Helicobacter pylori</named-content> Evolution: Lineage- Specific Adaptations in Homologs of Eukaryotic Sel1-Like Genes</article-title><alt-title alt-title-type="running-head">Natural Selection and<italic>H. pylori Evolution</italic></alt-title></title-group><contrib-group><contrib contrib-type="author" equal-contrib="yes"><name><surname>Ogura</surname><given-names>Masako</given-names></name><xref ref-type="aff" rid="aff1">1</xref></contrib><contrib contrib-type="author" equal-contrib="yes"><name><surname>Perez</surname><given-names>J. Christian</given-names></name><xref ref-type="aff" rid="aff1">1</xref></contrib><contrib contrib-type="author"><name><surname>Mittl</surname><given-names>Peer R. E</given-names></name><xref ref-type="aff" rid="aff2">2</xref></contrib><contrib contrib-type="author"><name><surname>Lee</surname><given-names>Hae-Kyung</given-names></name><xref ref-type="aff" rid="aff1">1</xref></contrib><contrib contrib-type="author"><name><surname>Dailide</surname><given-names>Geidrius</given-names></name><xref ref-type="aff" rid="aff1">1</xref></contrib><contrib contrib-type="author"><name><surname>Tan</surname><given-names>Shumin</given-names></name><xref ref-type="aff" rid="aff1">1</xref></contrib><contrib contrib-type="author"><name><surname>Ito</surname><given-names>Yoshiyuki</given-names></name><xref ref-type="aff" rid="aff1">1</xref><xref ref-type="aff" rid="aff3">3</xref></contrib><contrib contrib-type="author"><name><surname>Secka</surname><given-names>Ousman</given-names></name><xref ref-type="aff" rid="aff1">1</xref></contrib><contrib contrib-type="author"><name><surname>Dailidiene</surname><given-names>Daiva</given-names></name><xref ref-type="aff" rid="aff1">1</xref></contrib><contrib contrib-type="author"><name><surname>Putty</surname><given-names>Kalyani</given-names></name><xref ref-type="aff" rid="aff4">4</xref><xref ref-type="aff" rid="aff5">5</xref></contrib><contrib contrib-type="author"><name><surname>Berg</surname><given-names>Douglas E</given-names></name><xref ref-type="aff" rid="aff1">1</xref><xref ref-type="aff" rid="aff6">6</xref><xref ref-type="aff" rid="aff7">7</xref><xref ref-type="corresp" rid="cor1">*</xref></contrib><contrib contrib-type="author"><name><surname>Kalia</surname><given-names>Awdhesh</given-names></name><xref ref-type="aff" rid="aff4">4</xref><xref ref-type="aff" rid="aff5">5</xref><xref ref-type="aff" rid="aff8">8</xref><xref ref-type="corresp" rid="cor1">*</xref></contrib></contrib-group><aff id="aff1"><label>1</label> Department of Molecular Microbiology, Washington University School of Medicine, St. Louis, Missouri, United States of America
</aff><aff id="aff2"><label>2</label> Department of Biochemistry, University of Zürich, Switzerland
</aff><aff id="aff3"><label>3</label> Second Department of Internal Medicine, Fukui Medical School, Fukui, Japan
</aff><aff id="aff4"><label>4</label> Program on Disease Evolution, University of Louisville, Louisville, Kentucky, United States of America
</aff><aff id="aff5"><label>5</label> Department of Biology, University of Louisville, Louisville, Kentucky, United States of America
</aff><aff id="aff6"><label>6</label> Department of Genetics, Washington University School of Medicine, St. Louis, Missouri, United States of America
</aff><aff id="aff7"><label>7</label> Department of Medicine, Washington University School of Medicine, St. Louis, Missouri, United States of America
</aff><aff id="aff8"><label>8</label> Department of Microbiology and Immunology, University of Louisville, Louisville, Kentucky, United States of America
</aff><contrib-group><contrib contrib-type="editor"><name><surname>Eisen</surname><given-names>Jonathan A</given-names></name><role>Editor</role><xref ref-type="aff" rid="edit1"/></contrib></contrib-group><aff id="edit1">University of California Davis, United States of America</aff><author-notes><corresp id="cor1">* To whom correspondence should be addressed. E-mail: <email>a0kali02@gwise.louisville.edu</email> (AK); <email>berg@borcim.wustl.edu</email> (DEB)</corresp></author-notes><pub-date pub-type="ppub"><month>8</month><year>2007</year></pub-date><pub-date pub-type="epub"><day>10</day><month>8</month><year>2007</year></pub-date><pub-date pub-type="epreprint"><day>19</day><month>6</month><year>2007</year></pub-date><volume>3</volume><issue>8</issue><elocation-id>e151</elocation-id><history><date date-type="received"><day>15</day><month>9</month><year>2006</year></date><date date-type="accepted"><day>18</day><month>6</month><year>2007</year></date></history><permissions><copyright-statement> © 2007 Ogura et al.</copyright-statement><copyright-year>2007</copyright-year><license xlink:href="http://creativecommons.org/licenses/by/4.0/"><license-p>This is an open-access article distributed under the terms of the Creative Commons Attribution License, which permits unrestricted use, distribution, and reproduction in any medium, provided the original author and source are properly credited.</license-p></license></permissions><!--<related-article preprintResearch Article10.1371/journal.pcbi.0030151.eorRA1doisimple>Helicobacter pylori Evolution: Lineage-Specific Adaptations in Homologs of Eukaryotic Sel1-Like Genes</related-article>--><abstract><p>Geographic partitioning is postulated to foster divergence of <named-content content-type="genus-species">Helicobacter pylori</named-content> populations as an adaptive response to local differences in predominant host physiology. <italic>H. pylori's</italic> ability to establish persistent infection despite host inflammatory responses likely involves active management of host defenses using bacterial proteins that may themselves be targets for adaptive evolution. Sequenced <named-content content-type="genus-species">H. pylori</named-content> genomes encode a family of eight or nine secreted proteins containing repeat motifs that are characteristic of the eukaryotic Sel1 regulatory protein, whereas the related <italic>Campylobacter</italic> and <italic>Wolinella</italic> genomes each contain only one or two such “Sel1-like repeat” (SLR) genes (“<italic>slr</italic> genes”). Signatures of positive selection (ratio of nonsynonymous to synonymous mutations, <italic>d<sub>N</sub>/d<sub>S</sub></italic> = ω &gt; 1) were evident in the evolutionary history of <italic>H. pylori slr</italic> gene family expansion. Sequence analysis of six of these <italic>slr</italic> genes (<italic>hp0160, hp0211, hp0235, hp0519, hp0628,</italic> and <italic>hp1117</italic>) from representative East Asian, European, and African <named-content content-type="genus-species">H. pylori</named-content> strains revealed that all but <italic>hp0628</italic> had undergone positive selection, with different amino acids often selected in different regions. Most striking was a divergence of Japanese and Korean alleles <italic>of hp0519,</italic> with Japanese alleles having undergone particularly strong positive selection (ω<sub>J</sub> &gt; 25), whereas alleles of other genes from these populations were intermingled. Homology-based structural modeling localized most residues under positive selection to SLR protein surfaces. Rapid evolution of certain <italic>slr</italic> genes in specific <named-content content-type="genus-species">H. pylori</named-content> lineages suggests a model of adaptive change driven by selection for fine-tuning of host responses, and facilitated by geographic isolation. Characterization of such local adaptations should help elucidate how <named-content content-type="genus-species">H. pylori</named-content> manages persistent infection, and potentially lead to interventions tailored to diverse human populations.</p></abstract><abstract abstract-type="summary"><title>Author Summary</title><sec id="st1"><title/><p><named-content content-type="genus-species">Helicobacter pylori</named-content> is a genetically diverse bacterial species that infects billions of people worldwide, typically for decades. Long-term infection is a major risk factor for stomach ulcers and cancer, although most infections are benign, and the risks of various disease outcomes vary markedly among human populations. Analyses of housekeeping genes, whose encoded proteins perform normal cellular metabolic functions, had established that <named-content content-type="genus-species">H. pylori</named-content> strains from different geographic regions differed in their DNA sequences. Here, we analyzed the <italic>H. pylori slr</italic> multigene family that encodes up to nine secreted proteins (called SLR proteins) quite similar to the human protein Sel1. We showed that most members of the <italic>H. pylori slr</italic> gene family evolved significantly more rapidly than normal housekeeping genes. Different amino acids were selected in different <named-content content-type="genus-species">H. pylori</named-content> lineages, often on exposed surfaces of SLR proteins where they were potentially positioned to interact with host components. We propose that these amino acid differences affect the SLR protein function, likely contributing to <italic>H. pylori's</italic> adaptation to local differences in human stomach physiology. Further characterization of <named-content content-type="genus-species">H. pylori</named-content> proteins with lineage-specific differences in amino acids should improve understanding of geographic differences in <named-content content-type="genus-species">H. pylori</named-content>–host interactions and human disease, and of the interplay between different evolutionary forces in natural populations of any species.</p></sec></abstract><counts><page-count count="13"/></counts><custom-meta-group><custom-meta><meta-name>citation</meta-name><meta-value>Ogura M, Perez JC, Mittl PRE, Lee HK, Dailide G , et al. (2007) <named-content content-type="genus-species">Helicobacter pylori</named-content> evolution: Lineage-specific adaptations in homologs of eukaryotic Sel1-like genes. PLoS Comput Biol 3(8): e151. doi:<ext-link ext-link-type="doi" xlink:href="10.1371/journal.pcbi.0030151">10.1371/journal.pcbi.0030151</ext-link></meta-value></custom-meta></custom-meta-group></article-meta></front></article>