<article xmlns="https://jats.nlm.nih.gov/ns/archiving/1.2/" xmlns:xsi="http://www.w3.org/2001/XMLSchema-instance" xmlns:ali="http://www.niso.org/schemas/ali/1.0/" xmlns:mml="http://www.w3.org/1998/Math/MathML" xmlns:xlink="http://www.w3.org/1999/xlink" xsi:schemaLocation="https://jats.nlm.nih.gov/ns/archiving/1.2/ https://jats.nlm.nih.gov/archiving/1.2/xsd/JATS-archivearticle1.xsd" article-type="other"><front><journal-meta><journal-id journal-id-type="nlm-ta">PLoS Comput Biol</journal-id><journal-id journal-id-type="iso-abbrev">PLoS Comput. Biol</journal-id><journal-id journal-id-type="publisher-id">pcbi</journal-id><journal-id journal-id-type="publisher-id">plcb</journal-id><journal-id journal-id-type="pmc">ploscomp</journal-id><journal-title-group><journal-title>PLoS Computational Biology</journal-title></journal-title-group><issn pub-type="ppub">1553-734X</issn><issn pub-type="epub">1553-7358</issn><publisher><publisher-name>Public Library of Science</publisher-name><publisher-loc>San Francisco, USA</publisher-loc></publisher></journal-meta><article-meta><article-id pub-id-type="accession">PMC1193993</article-id><article-id pub-id-type="pmcid">PMC1193993</article-id><article-id pub-id-type="pmc-uid">1193993</article-id><article-id pub-id-type="pmid">16158097</article-id><article-id pub-id-type="doi">10.1371/journal.pcbi.0010034</article-id><article-id pub-id-type="publisher-id">05-PLCB-PV-0128R2</article-id><article-id pub-id-type="sici">plcb-01-03-09</article-id><article-categories><subj-group subj-group-type="heading"><subject>Perspectives</subject></subj-group><subj-group subj-group-type="Discipline"><subject>Bioinformatics - Computational Biology</subject></subj-group><subj-group subj-group-type="System Taxonomy"><subject>Perspective</subject></subj-group></article-categories><title-group><article-title>Will a Biological Database Be Different from a Biological Journal? </article-title><alt-title alt-title-type="running-head">Perspective</alt-title></title-group><contrib-group><contrib contrib-type="author"><name><surname>Bourne</surname><given-names>Philip</given-names></name><xref ref-type="corresp" rid="aff1"/></contrib></contrib-group><author-notes><corresp id="aff1">Philip E. Bourne is Editor-in-Chief of <italic>PLoS Computational Biology</italic> and is Codirector of the Protein Data Bank. E-mail: <email>bourne@sdsc.edu</email></corresp></author-notes><pub-date pub-type="ppub"><month>8</month><year>2005</year></pub-date><pub-date pub-type="epub"><day>26</day><month>8</month><year>2005</year></pub-date><volume>1</volume><issue>3</issue><elocation-id>e34</elocation-id><permissions><copyright-statement>Copyright: © 2005 Philip Bourne.</copyright-statement><copyright-year>2005</copyright-year><license xlink:href="http://creativecommons.org/licenses/by/4.0/"><license-p>This is an open-access article distributed under the terms of the Creative Commons Attribution License, which permits unrestricted use, distribution, and reproduction in any medium, provided the original author and source are properly credited.</license-p></license></permissions><custom-meta-group><custom-meta><meta-name>Citation:</meta-name><meta-value>Bourne P (2005) Will a biological database be different from a biological journal? PLoS Comp Biol 1(3): e34.</meta-value></custom-meta></custom-meta-group></article-meta></front></article>