<article xmlns="https://jats.nlm.nih.gov/ns/archiving/1.2/" xmlns:xsi="http://www.w3.org/2001/XMLSchema-instance" xmlns:ali="http://www.niso.org/schemas/ali/1.0/" xmlns:mml="http://www.w3.org/1998/Math/MathML" xmlns:xlink="http://www.w3.org/1999/xlink" xsi:schemaLocation="https://jats.nlm.nih.gov/ns/archiving/1.2/ https://jats.nlm.nih.gov/archiving/1.2/xsd/JATS-archivearticle1.xsd" article-type="research-article"><front><journal-meta><journal-id journal-id-type="nlm-ta">PLoS Comput Biol</journal-id><journal-id journal-id-type="iso-abbrev">PLoS Comput. Biol</journal-id><journal-id journal-id-type="publisher-id">pcbi</journal-id><journal-id journal-id-type="publisher-id">plcb</journal-id><journal-id journal-id-type="pmc">ploscomp</journal-id><journal-title-group><journal-title>PLoS Computational Biology</journal-title></journal-title-group><issn pub-type="ppub">1553-734X</issn><issn pub-type="epub">1553-7358</issn><publisher><publisher-name>Public Library of Science</publisher-name><publisher-loc>San Francisco, USA</publisher-loc></publisher></journal-meta><article-meta><article-id pub-id-type="accession">PMC1185645</article-id><article-id pub-id-type="pmcid">PMC1185645</article-id><article-id pub-id-type="pmc-uid">1185645</article-id><article-id pub-id-type="pmid">16110333</article-id><article-id pub-id-type="doi">10.1371/journal.pcbi.0010019</article-id><article-id pub-id-type="publisher-id">05-PLCB-RA-0040R3</article-id><article-id pub-id-type="sici">plcb-01-02-03</article-id><article-categories><subj-group subj-group-type="heading"><subject>Research Article</subject></subj-group><subj-group subj-group-type="Discipline"><subject>Obstetrics - Gynecology</subject></subj-group><subj-group subj-group-type="System Taxonomy"><subject>Homo (Human)</subject></subj-group></article-categories><title-group><article-title>Inflammatory Aetiology of Human Myometrial Activation Tested Using Directed Graphs</article-title><alt-title alt-title-type="running-head">Directed Graphs and Uterine Activation</alt-title></title-group><contrib-group><contrib contrib-type="author"><name><surname>Bisits</surname><given-names>Andrew M</given-names></name><xref ref-type="aff" rid="aff1">1</xref></contrib><contrib contrib-type="author"><name><surname>Smith</surname><given-names>Roger</given-names></name><xref ref-type="aff" rid="aff1">1</xref><xref ref-type="corresp" rid="cor1">*</xref></contrib><contrib contrib-type="author"><name><surname>Mesiano</surname><given-names>Sam</given-names></name><xref ref-type="aff" rid="aff2">2</xref></contrib><contrib contrib-type="author"><name><surname>Yeo</surname><given-names>George</given-names></name><xref ref-type="aff" rid="aff3">3</xref></contrib><contrib contrib-type="author"><name><surname>Kwek</surname><given-names>Kenneth</given-names></name><xref ref-type="aff" rid="aff3">3</xref></contrib><contrib contrib-type="author"><name><surname>MacIntyre</surname><given-names>David</given-names></name><xref ref-type="aff" rid="aff1">1</xref></contrib><contrib contrib-type="author"><name><surname>Chan</surname><given-names>Eng C</given-names></name><xref ref-type="aff" rid="aff1">1</xref></contrib></contrib-group><aff id="aff1"><label>1</label> Mothers and Babies Research Centre, Hunter Medical Research Institute, John Hunter Hospital, Newcastle, Australia
</aff><aff id="aff2"><label>2</label> Departments of Reproductive Biology and Ob/Gyn, Case School of Medicine, University Hospitals of Cleveland, Ohio, United States of America
</aff><aff id="aff3"><label>3</label> KK Women's and Children's Hospital, Singapore, Singapore
</aff><contrib-group><contrib contrib-type="editor"><name><surname>Bourne</surname><given-names>Philip</given-names></name><role>Academic Editor</role><xref ref-type="aff" rid="edit1"/></contrib></contrib-group><aff id="edit1">University of California at San Diego, United States of America</aff><author-notes><corresp id="cor1">*To whom correspondence should be addressed. E-mail: <email>Roger.Smith@newcastle.edu.au</email></corresp></author-notes><pub-date pub-type="ppub"><month>7</month><year>2005</year></pub-date><pub-date pub-type="epub"><day>22</day><month>7</month><year>2005</year></pub-date><volume>1</volume><issue>2</issue><elocation-id>e19</elocation-id><history><date date-type="received"><day>2</day><month>3</month><year>2005</year></date><date date-type="accepted"><day>22</day><month>6</month><year>2005</year></date></history><permissions><copyright-statement>Copyright: © 2005 Bisits et al.</copyright-statement><copyright-year>2005</copyright-year><license xlink:href="http://creativecommons.org/licenses/by/4.0/"><license-p>This is an open-access article distributed under the terms of the Creative Commons Attribution License, which permits unrestricted use, distribution, and reproduction in any medium, provided the original author and source are properly credited.</license-p></license></permissions><abstract><p>There are three main hypotheses for the activation of the human uterus at labour: functional progesterone withdrawal, inflammatory stimulation, and oxytocin receptor activation. To test these alternatives we have taken information and data from the literature to develop causal pathway models for the activation of human myometrium. The data provided quantitative RT-PCR results on key genes from samples taken before and during labour. Principal component analysis showed that pre-labour samples form a homogenous group compared to those during labour. We therefore modelled the alternative causal pathways in non-labouring samples using directed graphs and statistically compared the likelihood of the different models using structural equations and D-separation approaches. Using the computer program LISREL, inflammatory activation as a primary event was highly consistent with the data (<italic>p</italic> = 0.925), progesterone withdrawal, as a primary event, is plausible (<italic>p</italic> = 0.499), yet comparatively unlikely, oxytocin receptor mediated initiation is less compatible with the data (<italic>p</italic> = 0.091). DGraph, a software program that creates directed graphs, produced similar results (<italic>p</italic>
<italic>=</italic> 0.684, <italic>p</italic>
<italic>=</italic> 0.280, and <italic>p</italic> = 0.04, respectively). This outcome supports an inflammatory aetiology for human labour. Our results demonstrate the value of directed graphs in determining the likelihood of causal relationships in biology in situations where experiments are not possible.</p></abstract><abstract abstract-type="synopsis"><title>Synopsis</title><sec id="st1"><title/><p>This paper describes how novel computational approaches have been used to test hypotheses for important physiological events when the traditional approaches of animal studies and experiment are not possible. The processes that regulate the onset of human labour are presently unknown, principally because there are no good animal models for human pregnancy and because it is unethical to conduct experiments on pregnant women undergoing labour. However, several hypotheses have been advanced to explain the trigger for labour, including: a functional withdrawal of the hormone progesterone, increased inflammation in the uterus, and increased signalling through the hormone oxytocin. To test these hypotheses the researchers used data on the messenger RNA concentrations of critical variables in samples of uterine muscle taken from 12 women undergoing caesarean section prior to labour and 12 women during labour. Directed graphs for each of the proposed hypotheses were then generated, where the graphs represent the direction of causal influence between different variables. Statistical testing determined how well the graphs of each hypothesis matched the experimental data. The results strongly support an inflammatory origin for the onset of human labour. This approach could be applied to other problems in human biology where the traditional approaches of experiments and animal models are not possible.</p></sec></abstract><custom-meta-group><custom-meta><meta-name>Citation:</meta-name><meta-value>Bisits AM, Smith R, Mesiano S, Yeo G, Kwek K, et al. (2005) Inflammatory aetiology of human myometrial activation tested using directed graphs. PLoS Comp Biol 1(2): e19.</meta-value></custom-meta></custom-meta-group></article-meta></front></article>