<article xmlns="https://jats.nlm.nih.gov/ns/archiving/1.2/" xmlns:xsi="http://www.w3.org/2001/XMLSchema-instance" xmlns:ali="http://www.niso.org/schemas/ali/1.0/" xmlns:mml="http://www.w3.org/1998/Math/MathML" xmlns:xlink="http://www.w3.org/1999/xlink" xsi:schemaLocation="https://jats.nlm.nih.gov/ns/archiving/1.2/ https://jats.nlm.nih.gov/archiving/1.2/xsd/JATS-archivearticle1.xsd" article-type="research-article"><front><journal-meta><journal-id journal-id-type="nlm-ta">PLoS Comput Biol</journal-id><journal-id journal-id-type="iso-abbrev">PLoS Comput. Biol</journal-id><journal-id journal-id-type="publisher-id">pcbi</journal-id><journal-id journal-id-type="publisher-id">plcb</journal-id><journal-id journal-id-type="pmc">ploscomp</journal-id><journal-title-group><journal-title>PLoS Computational Biology</journal-title></journal-title-group><issn pub-type="ppub">1553-734X</issn><issn pub-type="epub">1553-7358</issn><publisher><publisher-name>Public Library of Science</publisher-name><publisher-loc>San Francisco, USA</publisher-loc></publisher></journal-meta><article-meta><article-id pub-id-type="accession">PMC1808025</article-id><article-id pub-id-type="pmcid">PMC1808025</article-id><article-id pub-id-type="pmc-uid">1808025</article-id><article-id pub-id-type="pmid">17319737</article-id><article-id pub-id-type="pmid">17319737</article-id><article-id pub-id-type="doi">10.1371/journal.pcbi.0030020</article-id><article-id pub-id-type="publisher-id">06-PLCB-RA-0040R2</article-id><article-id pub-id-type="sici">plcb-03-02-15</article-id><article-categories><subj-group subj-group-type="heading"><subject>Research Article</subject></subj-group><subj-group subj-group-type="Discipline"><subject>Computational Biology</subject><subject>Computational Biology</subject><subject>Computational Biology</subject><subject>Genetics and Genomics</subject><subject>Genetics and Genomics</subject><subject>Mathematics</subject></subj-group><subj-group subj-group-type="System Taxonomy"><subject>Nematodes</subject></subj-group></article-categories><title-group><article-title>Improving the <italic>Caenorhabditis elegans</italic> Genome Annotation Using Machine Learning</article-title><alt-title alt-title-type="running-head">Improving the<italic>C. elegans</italic> Genome Annotation</alt-title></title-group><contrib-group><contrib contrib-type="author"><name><surname>Rätsch</surname><given-names>Gunnar</given-names></name><xref ref-type="aff" rid="aff1">1</xref><xref ref-type="corresp" rid="cor1">*</xref></contrib><contrib contrib-type="author"><name><surname>Sonnenburg</surname><given-names>Sören</given-names></name><xref ref-type="aff" rid="aff2">2</xref></contrib><contrib contrib-type="author"><name><surname>Srinivasan</surname><given-names>Jagan</given-names></name><xref ref-type="aff" rid="aff3">3</xref></contrib><contrib contrib-type="author"><name><surname>Witte</surname><given-names>Hanh</given-names></name><xref ref-type="aff" rid="aff4">4</xref></contrib><contrib contrib-type="author"><name><surname>Müller</surname><given-names>Klaus-R</given-names></name><xref ref-type="aff" rid="aff2">2</xref><xref ref-type="aff" rid="aff5">5</xref></contrib><contrib contrib-type="author"><name><surname>Sommer</surname><given-names>Ralf-J</given-names></name><xref ref-type="aff" rid="aff4">4</xref></contrib><contrib contrib-type="author"><name><surname>Schölkopf</surname><given-names>Bernhard</given-names></name><xref ref-type="aff" rid="aff6">6</xref></contrib></contrib-group><aff id="aff1"><label>1</label> Friedrich Miescher Laboratory, Max Planck Society, Tübingen, Germany
</aff><aff id="aff2"><label>2</label> Fraunhofer FIRST, Berlin, Germany
</aff><aff id="aff3"><label>3</label> Division of Biology, California Institute of Technology, Pasadena, California, United States of America
</aff><aff id="aff4"><label>4</label> Max Planck Institute for Developmental Biology, Tübingen, Germany
</aff><aff id="aff5"><label>5</label> Computer Science Department, Technical University of Berlin, Berlin, Germany
</aff><aff id="aff6"><label>6</label> Max Planck Institute for Biological Cybernetics, Tübingen, Germany
</aff><contrib-group><contrib contrib-type="editor"><name><surname>Ohler</surname><given-names>Uwe</given-names></name><role>Editor</role><xref ref-type="aff" rid="edit1"/></contrib></contrib-group><aff id="edit1">Duke University, United States of America</aff><author-notes><corresp id="cor1">* To whom correspondence should be addressed. E-mail: <email>Gunnar.Raetsch@tuebingen.mpg.de</email></corresp></author-notes><pub-date pub-type="ppub"><month>2</month><year>2007</year></pub-date><pub-date pub-type="epub"><day>23</day><month>2</month><year>2007</year></pub-date><pub-date pub-type="epreprint"><day>21</day><month>12</month><year>2006</year></pub-date><volume>3</volume><issue>2</issue><elocation-id>e20</elocation-id><history><date date-type="received"><day>2</day><month>2</month><year>2006</year></date><date date-type="accepted"><day>20</day><month>12</month><year>2006</year></date></history><permissions><copyright-statement> © 2007 Rätsch et al.</copyright-statement><copyright-year>2007</copyright-year><license xlink:href="http://creativecommons.org/licenses/by/4.0/"><license-p>This is an open-access article distributed under the terms of the Creative Commons Attribution License, which permits unrestricted use, distribution, and reproduction in any medium, provided the original author and source are properly credited.</license-p></license></permissions><!--<related-article preprintResearch Article10.1371/journal.pcbi.0030020.eorsimple>Improving the Caenorhabditis elegans Genome Annotation using Machine Learning</related-article>--><abstract><p>For modern biology, precise genome annotations are of prime importance, as they allow the accurate definition of genic regions. We employ state-of-the-art machine learning methods to assay and improve the accuracy of the genome annotation of the nematode <named-content content-type="genus-species">Caenorhabditis elegans</named-content>. The proposed machine learning system is trained to recognize exons and introns on the unspliced mRNA, utilizing recent advances in support vector machines and label sequence learning. In 87% (coding and untranslated regions) and 95% (coding regions only) of all genes tested in several out-of-sample evaluations, our method correctly identified all exons and introns. Notably, only 37% and 50%, respectively, of the presently unconfirmed genes in the <named-content content-type="genus-species">C. elegans</named-content> genome annotation agree with our predictions, thus we hypothesize that a sizable fraction of those genes are not correctly annotated. A retrospective evaluation of the Wormbase WS120 annotation [<xref rid="pcbi-0030020-b001" ref-type="bibr">1</xref>] of <named-content content-type="genus-species">C. elegans</named-content> reveals that splice form predictions on unconfirmed genes in WS120 are inaccurate in about 18% of the considered cases, while our predictions deviate from the truth only in 10%–13%. We experimentally analyzed 20 controversial genes on which our system and the annotation disagree, confirming the superiority of our predictions. While our method correctly predicted 75% of those cases, the standard annotation was never completely correct. The accuracy of our system is further corroborated by a comparison with two other recently proposed systems that can be used for splice form prediction: SNAP and ExonHunter. We conclude that the genome annotation of <named-content content-type="genus-species">C. elegans</named-content> and other organisms can be greatly enhanced using modern machine learning technology.</p></abstract><abstract abstract-type="summary"><title>Author Summary</title><sec id="st1"><title/><p>Eukaryotic genes contain introns, which are intervening sequences that are excised from a gene transcript with the concomitant ligation of flanking segments called exons. The process of removing introns is called <italic>splicing</italic>. It involves biochemical mechanisms that to date are too complex to be modeled comprehensively and accurately. However, abundant sequencing results can serve as a blueprint database exemplifying what this process accomplishes. Using this database, we employ discriminative machine learning techniques to predict the mature mRNA given the unspliced pre-mRNA. Our method utilizes support vector machines and recent advances in label sequence learning, originally developed for natural language processing. The system, called <italic>mSplicer,</italic> was trained and evaluated on the genome of the nematode <italic>C. elegans,</italic> a well-studied model organism. We were able to show that <italic>mSplicer</italic> correctly predicts the splice form in most cases. Surprisingly, our predictions on currently unconfirmed genes deviate considerably from the public genome annotation. It is hypothesized that a sizable fraction of those genes are not correctly annotated. A retrospective evaluation and additional sequencing results show the superiority of <italic>mSplicer'</italic>s predictions. It is concluded that the annotation of nematode and other genomes can be greatly enhanced using modern machine learning.</p></sec></abstract><counts><page-count count="10"/></counts><custom-meta-group><custom-meta><meta-name>citation</meta-name><meta-value>Rätsch G, Sonnenburg S, Srinivasan J, Witte H, Müller KR, et al. (2007) Improving the <named-content content-type="genus-species">Caenorhabditis elegans</named-content> genome annotation using machine learning. PLoS Comput Biol 3(2): e20. doi:<ext-link ext-link-type="doi" xlink:href="10.1371/journal.pcbi.0030020">10.1371/journal.pcbi.0030020</ext-link></meta-value></custom-meta></custom-meta-group></article-meta></front></article>