<article xmlns="https://jats.nlm.nih.gov/ns/archiving/1.2/" xmlns:xsi="http://www.w3.org/2001/XMLSchema-instance" xmlns:ali="http://www.niso.org/schemas/ali/1.0/" xmlns:mml="http://www.w3.org/1998/Math/MathML" xmlns:xlink="http://www.w3.org/1999/xlink" xsi:schemaLocation="https://jats.nlm.nih.gov/ns/archiving/1.2/ https://jats.nlm.nih.gov/archiving/1.2/xsd/JATS-archivearticle1.xsd" article-type="research-article"><front><journal-meta><journal-id journal-id-type="nlm-ta">PLoS Comput Biol</journal-id><journal-id journal-id-type="iso-abbrev">PLoS Comput. Biol</journal-id><journal-id journal-id-type="publisher-id">pcbi</journal-id><journal-id journal-id-type="publisher-id">plcb</journal-id><journal-id journal-id-type="pmc">ploscomp</journal-id><journal-title-group><journal-title>PLoS Computational Biology</journal-title></journal-title-group><issn pub-type="ppub">1553-734X</issn><issn pub-type="epub">1553-7358</issn><publisher><publisher-name>Public Library of Science</publisher-name><publisher-loc>San Francisco, USA</publisher-loc></publisher></journal-meta><article-meta><article-id pub-id-type="accession">PMC1913099</article-id><article-id pub-id-type="pmcid">PMC1913099</article-id><article-id pub-id-type="pmc-uid">1913099</article-id><article-id pub-id-type="pmid">17616984</article-id><article-id pub-id-type="pmid">17616984</article-id><article-id pub-id-type="doi">10.1371/journal.pcbi.0030132</article-id><article-id pub-id-type="publisher-id">07-PLCB-RA-0083R2</article-id><article-id pub-id-type="sici">plcb-03-07-03</article-id><article-categories><subj-group subj-group-type="heading"><subject>Research Article</subject></subj-group><subj-group subj-group-type="Discipline"><subject>Computational Biology</subject><subject>Genetics and Genomics</subject><subject>Microbiology</subject></subj-group><subj-group subj-group-type="System Taxonomy"><subject>Eubacteria</subject></subj-group></article-categories><title-group><article-title>Novel Algorithms Reveal Streptococcal Transcriptomes and Clues about Undefined Genes</article-title><alt-title alt-title-type="running-head">Adherence Transcriptome of Streptococci</alt-title></title-group><contrib-group><contrib contrib-type="author"><name><surname>Ryan</surname><given-names>Patricia A</given-names></name><xref ref-type="corresp" rid="cor1">*</xref><xref ref-type="aff" rid="aff1"/></contrib><contrib contrib-type="author"><name><surname>Kirk</surname><given-names>Brian W</given-names></name><xref ref-type="aff" rid="aff1"/></contrib><contrib contrib-type="author"><name><surname>Euler</surname><given-names>Chad W</given-names></name><xref ref-type="aff" rid="aff1"/></contrib><contrib contrib-type="author"><name><surname>Schuch</surname><given-names>Raymond</given-names></name><xref ref-type="aff" rid="aff1"/></contrib><contrib contrib-type="author"><name><surname>Fischetti</surname><given-names>Vincent A</given-names></name><xref ref-type="aff" rid="aff1"/></contrib></contrib-group><aff id="aff1">Department of Bacterial Pathogenesis and Immunology, Rockefeller University, New York, New York, United States of America</aff><contrib-group><contrib contrib-type="editor"><name><surname>Stormo</surname><given-names>Gary D</given-names></name><role>Editor</role><xref ref-type="aff" rid="edit1"/></contrib></contrib-group><aff id="edit1">Washington University in St. Louis, United States of America</aff><author-notes><corresp id="cor1">* To whom correspondence should be addressed. E-mail: <email>ryanp@mail.rockefeller.edu</email></corresp></author-notes><pub-date pub-type="ppub"><month>7</month><year>2007</year></pub-date><pub-date pub-type="epub"><day>6</day><month>7</month><year>2007</year></pub-date><volume>3</volume><issue>7</issue><elocation-id>e132</elocation-id><history><date date-type="received"><day>16</day><month>2</month><year>2007</year></date><date date-type="accepted"><day>22</day><month>5</month><year>2007</year></date></history><permissions><copyright-statement> © 2007 Ryan et al.</copyright-statement><copyright-year>2007</copyright-year><license xlink:href="http://creativecommons.org/licenses/by/4.0/"><license-p>This is an open-access article distributed under the terms of the Creative Commons Attribution License, which permits unrestricted use, distribution, and reproduction in any medium, provided the original author and source are properly credited.</license-p></license></permissions><abstract><p>Bacteria–host interactions are dynamic processes, and understanding transcriptional responses that directly or indirectly regulate the expression of genes involved in initial infection stages would illuminate the molecular events that result in host colonization. We used oligonucleotide microarrays to monitor (in vitro) differential gene expression in group A streptococci during pharyngeal cell adherence, the first overt infection stage. We present neighbor clustering, a new computational method for further analyzing bacterial microarray data that combines two informative characteristics of bacterial genes that share common function or regulation: (1) similar gene expression profiles (i.e., co-expression); and (2) physical proximity of genes on the chromosome. This method identifies statistically significant clusters of co-expressed gene neighbors that potentially share common function or regulation by coupling statistically analyzed gene expression profiles with the chromosomal position of genes. We applied this method to our own data and to those of others, and we show that it identified a greater number of differentially expressed genes, facilitating the reconstruction of more multimeric proteins and complete metabolic pathways than would have been possible without its application. We assessed the biological significance of two identified genes by assaying deletion mutants for adherence in vitro and show that neighbor clustering indeed provides biologically relevant data. Neighbor clustering provides a more comprehensive view of the molecular responses of streptococci during pharyngeal cell adherence.</p></abstract><abstract abstract-type="summary"><title>Author Summary</title><sec id="st1"><title/><p>Microarray technology is commonly used to reveal genome-wide transcriptional changes in bacterial pathogens during interactions with the host. Clustering algorithms, which group genes with similar expression patterns, facilitate microarray data organization and are based on assumptions that co-expressed genes share common function or regulation; however, clustering solely by co-expression may not reveal all of the information contained in bacterial array data. We introduce neighbor clustering, a new tool for analyzing bacterial gene expression profiles, which distinguishes itself from other programs by incorporating details unique to the architecture of bacterial chromosomes into the analysis. Neighbor clustering combines two informative characteristics of bacterial genes that share common function or regulation—(1) similar expression profiles and (2) physical proximity on the chromosome—and extracts statistically significant clusters of gene neighbors that are potentially related by function or regulation. We present the analysis of microarray data from group A streptococci during adherence to human pharyngeal cells, the first overt infection step. We show that neighbor clustering identifies more differentially expressed genes than rigorous statistical analyses alone, and can provide functional clues about unknown genes. We extended the analysis to include a previously published streptococcal array study to demonstrate the applicability of the method.</p></sec></abstract><counts><page-count count="18"/></counts><custom-meta-group><custom-meta><meta-name>citation</meta-name><meta-value>Ryan PA, Kirk BW, Euler CW, Schuch R, Fischetti VA (2007) Novel algorithms reveal streptococcal transcriptomes and clues about undefined genes. PLoS Comput Biol 3(7): e132. doi:<ext-link ext-link-type="doi" xlink:href="10.1371/journal.pcbi.0030132">10.1371/journal.pcbi.0030132</ext-link></meta-value></custom-meta></custom-meta-group></article-meta></front></article>