<article xmlns="https://jats.nlm.nih.gov/ns/archiving/1.2/" xmlns:xsi="http://www.w3.org/2001/XMLSchema-instance" xmlns:ali="http://www.niso.org/schemas/ali/1.0/" xmlns:mml="http://www.w3.org/1998/Math/MathML" xmlns:xlink="http://www.w3.org/1999/xlink" xsi:schemaLocation="https://jats.nlm.nih.gov/ns/archiving/1.2/ https://jats.nlm.nih.gov/archiving/1.2/xsd/JATS-archivearticle1.xsd" article-type="research-article"><front><journal-meta><journal-id journal-id-type="nlm-ta">PLoS Comput Biol</journal-id><journal-id journal-id-type="iso-abbrev">PLoS Comput. Biol</journal-id><journal-id journal-id-type="publisher-id">pcbi</journal-id><journal-id journal-id-type="publisher-id">plcb</journal-id><journal-id journal-id-type="pmc">ploscomp</journal-id><journal-title-group><journal-title>PLoS Computational Biology</journal-title></journal-title-group><issn pub-type="ppub">1553-734X</issn><issn pub-type="epub">1553-7358</issn><publisher><publisher-name>Public Library of Science</publisher-name><publisher-loc>San Francisco, USA</publisher-loc></publisher></journal-meta><article-meta><article-id pub-id-type="accession">PMC1326223</article-id><article-id pub-id-type="pmcid">PMC1326223</article-id><article-id pub-id-type="pmc-uid">1326223</article-id><article-id pub-id-type="pmid">16410829</article-id><article-id pub-id-type="pmid">16410829</article-id><article-id pub-id-type="doi">10.1371/journal.pcbi.0020002</article-id><article-id pub-id-type="publisher-id">05-PLCB-RA-0173R2</article-id><article-id pub-id-type="sici">plcb-02-01-02</article-id><article-categories><subj-group subj-group-type="heading"><subject>Research Article</subject></subj-group><subj-group subj-group-type="Discipline"><subject>Bioinformatics - Computational Biology</subject><subject>Genetics/Comparative Genomics</subject><subject>Microbiology</subject><subject>Systems Biology</subject></subj-group><subj-group subj-group-type="System Taxonomy"><subject>Eubacteria</subject></subj-group></article-categories><title-group><article-title>Long-Range Periodic Patterns in Microbial Genomes Indicate Significant Multi-Scale Chromosomal Organization</article-title><alt-title alt-title-type="running-head">Patterns in Microbial Genomes</alt-title></title-group><contrib-group><contrib contrib-type="author"><name><surname>Allen</surname><given-names>Timothy E</given-names></name><xref ref-type="aff" rid="aff1">1</xref><xref ref-type="author-notes" rid="n104">¤a</xref></contrib><contrib contrib-type="author"><name><surname>Price</surname><given-names>Nathan D</given-names></name><xref ref-type="aff" rid="aff1">1</xref><xref ref-type="author-notes" rid="n105">¤b</xref></contrib><contrib contrib-type="author"><name><surname>Joyce</surname><given-names>Andrew R</given-names></name><xref ref-type="aff" rid="aff2">2</xref></contrib><contrib contrib-type="author"><name><surname>Palsson</surname><given-names>Bernhard Ø</given-names></name><xref ref-type="aff" rid="aff1">1</xref><xref ref-type="corresp" rid="cor1">*</xref></contrib></contrib-group><aff id="aff1"><label>1</label> Department of Bioengineering, University of California San Diego, La Jolla, California, United States of America
</aff><aff id="aff2"><label>2</label> Bioinformatics Program, University of California San Diego, La Jolla, California, United States of America
</aff><contrib-group><contrib contrib-type="editor"><name><surname>Bourne</surname><given-names>Philip</given-names></name><role>Editor</role><xref ref-type="aff" rid="edit1"/></contrib></contrib-group><aff id="edit1">University of California San Diego, United States of America</aff><author-notes><corresp id="cor1">* To whom correspondence should be addressed. E-mail: <email>palsson@ucsd.edu</email></corresp><fn id="n104" fn-type="present-address"><p>¤a Current address: Department of Biomedical Engineering, University of Virginia, Charlottesville, Virginia, United States of America</p></fn><fn id="n105" fn-type="present-address"><p>¤b Current address: The Institute for Systems Biology, Seattle, Washington, United States of America</p></fn></author-notes><pub-date pub-type="ppub"><month>1</month><year>2006</year></pub-date><pub-date pub-type="epub"><day>13</day><month>1</month><year>2006</year></pub-date><volume>2</volume><issue>1</issue><elocation-id>e2</elocation-id><history><date date-type="received"><day>25</day><month>7</month><year>2005</year></date><date date-type="accepted"><day>7</day><month>12</month><year>2005</year></date></history><permissions><copyright-statement> © 2006 Allen et al.</copyright-statement><copyright-year>2006</copyright-year><license xlink:href="http://creativecommons.org/licenses/by/4.0/"><license-p>This is an open-access article distributed under the terms of the Creative Commons Attribution License, which permits unrestricted use, distribution, and reproduction in any medium, provided the original author and source are properly credited.</license-p></license></permissions><abstract><p>Genome organization can be studied through analysis of chromosome position-dependent patterns in sequence-derived parameters. A comprehensive analysis of such patterns in prokaryotic sequences and genome-scale functional data has yet to be performed. We detected spatial patterns in sequence-derived parameters for 163 chromosomes occurring in 135 bacterial and 16 archaeal organisms using wavelet analysis. Pattern strength was found to correlate with organism-specific features such as genome size, overall GC content, and the occurrence of known motility and chromosomal binding proteins. Given additional functional data for <named-content content-type="genus-species">Escherichia coli</named-content>, we found significant correlations among chromosome position dependent patterns in numerous properties, some of which are consistent with previously experimentally identified chromosome macrodomains. These results demonstrate that the large-scale organization of most sequenced genomes is significantly nonrandom, and, moreover, that this organization is likely linked to genome size, nucleotide composition, and information transfer processes. Constraints on genome evolution and design are thus not solely dependent upon information content, but also upon an intricate multi-parameter, multi-length-scale organization of the chromosome.</p></abstract><abstract abstract-type="synopsis"><title>Synopsis</title><p>For more than a decade, the genetic material for a growing number of microbial organisms has been determined experimentally using genome sequencing techniques. These sequenced genomes provide researchers with an abundance of information regarding the composition and capabilities of each organism since they serve as “parts lists” that specify the protein machinery that each cell generates. However, genomes are not merely “lists” but also are typically arranged in nonrandom order. It is thought that this order may be related to some extent to the way in which each genome is packed into the tiny confines of a cell (often more than 1,000-fold packing). The authors have used signal processing methods to identify long-range spatial patterns in the arrangement of most sequenced microbial genomes, and they have related the degree of organization in each genome to various characteristics specific to the corresponding organisms. They have also analyzed in detail the degree of overlap among patterns in numerous different kinds of data for a model bacterial organism, <italic><named-content content-type="genus-species">Escherichia coli</named-content></italic>. Their results conclusively demonstrate that there are significant evolutionary constraints that act upon genome organization as well as genome content, and that the interplay between organization and function cannot be ignored in understanding fundamentally how a microbial cell works.</p></abstract><counts><page-count count="9"/></counts><custom-meta-group><custom-meta><meta-name>Citation:</meta-name><meta-value>Allen TE, Price ND, Joyce AR, Palsson BØ (2006) Long-range periodic patterns in microbial genomes indicate significant multi-scale chromosomal organization. PLoS Comput Biol 2(1): e2.</meta-value></custom-meta></custom-meta-group></article-meta></front></article>