<article xmlns="https://jats.nlm.nih.gov/ns/archiving/1.2/" xmlns:xsi="http://www.w3.org/2001/XMLSchema-instance" xmlns:ali="http://www.niso.org/schemas/ali/1.0/" xmlns:mml="http://www.w3.org/1998/Math/MathML" xmlns:xlink="http://www.w3.org/1999/xlink" xsi:schemaLocation="https://jats.nlm.nih.gov/ns/archiving/1.2/ https://jats.nlm.nih.gov/archiving/1.2/xsd/JATS-archivearticle1.xsd" article-type="research-article"><front><journal-meta><journal-id journal-id-type="nlm-ta">PLoS Comput Biol</journal-id><journal-id journal-id-type="iso-abbrev">PLoS Comput. Biol</journal-id><journal-id journal-id-type="publisher-id">pcbi</journal-id><journal-id journal-id-type="publisher-id">plcb</journal-id><journal-id journal-id-type="pmc">ploscomp</journal-id><journal-title-group><journal-title>PLoS Computational Biology</journal-title></journal-title-group><issn pub-type="ppub">1553-734X</issn><issn pub-type="epub">1553-7358</issn><publisher><publisher-name>Public Library of Science</publisher-name><publisher-loc>San Francisco, USA</publisher-loc></publisher></journal-meta><article-meta><article-id pub-id-type="accession">PMC1570178</article-id><article-id pub-id-type="pmcid">PMC1570178</article-id><article-id pub-id-type="pmc-uid">1570178</article-id><article-id pub-id-type="pmid">16978047</article-id><article-id pub-id-type="pmid">16978047</article-id><article-id pub-id-type="doi">10.1371/journal.pcbi.0020122</article-id><article-id pub-id-type="publisher-id">06-PLCB-RA-0122R2</article-id><article-id pub-id-type="sici">plcb-02-09-10</article-id><article-categories><subj-group subj-group-type="heading"><subject>Research Article</subject></subj-group><subj-group subj-group-type="Discipline"><subject>Molecular Biology - Structural Biology</subject></subj-group><subj-group subj-group-type="System Taxonomy"><subject>Homo (Human)</subject><subject>Eubacteria</subject></subj-group></article-categories><title-group><article-title>Intricate Knots in Proteins: Function and Evolution</article-title><alt-title alt-title-type="running-head">Intricate Knots in Proteins</alt-title></title-group><contrib-group><contrib contrib-type="author"><name><surname>Virnau</surname><given-names>Peter</given-names></name><xref ref-type="aff" rid="aff1">1</xref><xref ref-type="corresp" rid="cor1">*</xref></contrib><contrib contrib-type="author"><name><surname>A. Mirny</surname><given-names>Leonid</given-names></name><xref ref-type="aff" rid="aff1">1</xref><xref ref-type="aff" rid="aff2">2</xref></contrib><contrib contrib-type="author"><name><surname>Kardar</surname><given-names>Mehran</given-names></name><xref ref-type="aff" rid="aff1">1</xref></contrib></contrib-group><aff id="aff1"><label>1</label> Department of Physics, Massachusetts Institute of Technology, Cambridge, Massachusetts, United States of America
</aff><aff id="aff2"><label>2</label> Harvard–MIT Division of Health Sciences and Technology, Cambridge, Massachusetts, United States of America
</aff><contrib-group><contrib contrib-type="editor"><name><surname>Russell</surname><given-names>Robert B</given-names></name><role>Editor</role><xref ref-type="aff" rid="edit1"/></contrib></contrib-group><aff id="edit1">European Molecular Biology Laboratory, Germany</aff><author-notes><corresp id="cor1">* To whom correspondence should be addressed. E-mail: <email>virnau@mit.edu</email></corresp></author-notes><pub-date pub-type="ppub"><month>9</month><year>2006</year></pub-date><pub-date pub-type="epub"><day>15</day><month>9</month><year>2006</year></pub-date><pub-date pub-type="epreprint"><day>28</day><month>7</month><year>2006</year></pub-date><volume>2</volume><issue>9</issue><elocation-id>e122</elocation-id><history><date date-type="received"><day>3</day><month>4</month><year>2006</year></date><date date-type="accepted"><day>28</day><month>7</month><year>2006</year></date></history><permissions><copyright-statement> © 2006 Virnau et al.</copyright-statement><copyright-year>2006</copyright-year><license xlink:href="http://creativecommons.org/licenses/by/4.0/"><license-p>This is an open-access article distributed under the terms of the Creative Commons Attribution License, which permits unrestricted use, distribution, and reproduction in any medium, provided the original author and source are properly credited.</license-p></license></permissions><!--<related-article preprintResearch Article10.1371/journal.pcbi.0020122.eorsimple>Intricate Knots in Proteins: Function and Evolution</related-article>--><abstract><p>Our investigation of knotted structures in the Protein Data Bank reveals the most complicated knot discovered to date. We suggest that the occurrence of this knot in a human ubiquitin hydrolase might be related to the role of the enzyme in protein degradation. While knots are usually preserved among homologues, we also identify an exception in a transcarbamylase. This allows us to exemplify the function of knots in proteins and to suggest how they may have been created.</p></abstract><abstract abstract-type="synopsis"><title>Synopsis</title><p>Several protein structures incorporate a rather unusual structural feature: a knot in the polypeptide backbone. These knots are extremely rare, but their occurrence is likely connected to protein function in as yet unexplored fashion. The authors' analysis of the complete Protein Data Bank reveals several new knots that, along with previously discovered ones, may shed light on such connections. In particular, they identify the most complex knot discovered to date in a human protein, and suggest that its entangled topology protects it against unfolding and degradation. Knots in proteins are typically preserved across species and sometimes even across kingdoms. However, there is also one example of a knot in a protein that is not present in a closely related structure. The emergence of this particular knot is accompanied by a shift in the enzymatic function of the protein. It is suggested that the simple insertion of a short DNA fragment into the gene may suffice to cause this alteration of structure and function.</p></abstract><counts><page-count count="6"/></counts><custom-meta-group><custom-meta><meta-name>citation</meta-name><meta-value>Virnau P, Mirny LA, Kardar M (2006) Intricate knots in proteins: Function and evolution. PLoS Comput Biol 2(9): e122. DOI: <ext-link ext-link-type="doi" xlink:href="10.1371/journal.pcbi.0020122">10.1371/journal.pcbi.0020122</ext-link></meta-value></custom-meta></custom-meta-group></article-meta></front></article>