<article xmlns="https://jats.nlm.nih.gov/ns/archiving/1.2/" xmlns:xsi="http://www.w3.org/2001/XMLSchema-instance" xmlns:ali="http://www.niso.org/schemas/ali/1.0/" xmlns:mml="http://www.w3.org/1998/Math/MathML" xmlns:xlink="http://www.w3.org/1999/xlink" xsi:schemaLocation="https://jats.nlm.nih.gov/ns/archiving/1.2/ https://jats.nlm.nih.gov/archiving/1.2/xsd/JATS-archivearticle1.xsd" article-type="research-article"><front><journal-meta><journal-id journal-id-type="nlm-ta">PLoS Comput Biol</journal-id><journal-id journal-id-type="iso-abbrev">PLoS Comput. Biol</journal-id><journal-id journal-id-type="publisher-id">pcbi</journal-id><journal-id journal-id-type="publisher-id">plcb</journal-id><journal-id journal-id-type="pmc">ploscomp</journal-id><journal-title-group><journal-title>PLoS Computational Biology</journal-title></journal-title-group><issn pub-type="ppub">1553-734X</issn><issn pub-type="epub">1553-7358</issn><publisher><publisher-name>Public Library of Science</publisher-name><publisher-loc>San Francisco, USA</publisher-loc></publisher></journal-meta><article-meta><article-id pub-id-type="accession">PMC1941756</article-id><article-id pub-id-type="pmcid">PMC1941756</article-id><article-id pub-id-type="pmc-uid">1941756</article-id><article-id pub-id-type="pmid">17696604</article-id><article-id pub-id-type="pmid">17696604</article-id><article-id pub-id-type="doi">10.1371/journal.pcbi.0030149</article-id><article-id pub-id-type="publisher-id">06-PLCB-RA-0482R3</article-id><article-id pub-id-type="sici">plcb-03-08-07</article-id><article-categories><subj-group subj-group-type="heading"><subject>Research Article</subject></subj-group><subj-group subj-group-type="Discipline"><subject>Computational Biology</subject><subject>Evolutionary Biology</subject><subject>Genetics and Genomics</subject></subj-group><subj-group subj-group-type="System Taxonomy"><subject>Vertebrates</subject></subj-group></article-categories><title-group><article-title>SimulFold: Simultaneously Inferring RNA Structures Including Pseudoknots, Alignments, and Trees Using a Bayesian MCMC Framework</article-title><alt-title alt-title-type="running-head">Bayesian MCMC RNA Folding</alt-title></title-group><contrib-group><contrib contrib-type="author"><name><surname>Meyer</surname><given-names>Irmtraud M</given-names></name><xref ref-type="aff" rid="aff1">1</xref><xref ref-type="aff" rid="aff2">2</xref><xref ref-type="corresp" rid="cor1">*</xref></contrib><contrib contrib-type="author"><name><surname>Miklós</surname><given-names>István</given-names></name><xref ref-type="aff" rid="aff3">3</xref><xref ref-type="aff" rid="aff4">4</xref><xref ref-type="aff" rid="aff5">5</xref></contrib></contrib-group><aff id="aff1"><label>1</label> UBC Bioinformatics Centre, University of British Columbia, Vancouver, British Columbia, Canada
</aff><aff id="aff2"><label>2</label> Department of Computer Science, University of British Columbia, Vancouver, British Columbia, Canada
</aff><aff id="aff3"><label>3</label> Alfréd Rényi Institute of Mathematics, Hungarian Academy of Sciences, Budapest, Hungary
</aff><aff id="aff4"><label>4</label> Computer and Automation Research Institute (MTA-SZTAKI), Hungarian Academy of Sciences, Budapest, Hungary
</aff><aff id="aff5"><label>5</label> eScience Regional Knowledge Centre, Eötvös Loránd University, Budapest, Hungary
</aff><contrib-group><contrib contrib-type="editor"><name><surname>Mattick</surname><given-names>John S</given-names></name><role>Editor</role><xref ref-type="aff" rid="edit1"/></contrib></contrib-group><aff id="edit1">University of Queensland, Australia</aff><author-notes><corresp id="cor1">* To whom correspondence should be addressed. E-mail: <email>irmtraud.meyer@cantab.net</email></corresp></author-notes><pub-date pub-type="ppub"><month>8</month><year>2007</year></pub-date><pub-date pub-type="epub"><day>10</day><month>8</month><year>2007</year></pub-date><volume>3</volume><issue>8</issue><elocation-id>e149</elocation-id><history><date date-type="received"><day>15</day><month>11</month><year>2006</year></date><date date-type="accepted"><day>14</day><month>6</month><year>2007</year></date></history><permissions><copyright-statement> © 2007 Meyer and Miklós.</copyright-statement><copyright-year>2007</copyright-year><license xlink:href="http://creativecommons.org/licenses/by/4.0/"><license-p>This is an open-access article distributed under the terms of the Creative Commons Attribution License, which permits unrestricted use, distribution, and reproduction in any medium, provided the original author and source are properly credited.</license-p></license></permissions><abstract><p>Computational methods for predicting evolutionarily conserved rather than thermodynamic RNA structures have recently attracted increased interest. These methods are indispensable not only for elucidating the regulatory roles of known RNA transcripts, but also for predicting RNA genes. It has been notoriously difficult to devise them to make the best use of the available data and to predict high-quality RNA structures that may also contain pseudoknots. We introduce a novel theoretical framework for co-estimating an RNA secondary structure including pseudoknots, a multiple sequence alignment, and an evolutionary tree, given several RNA input sequences. We also present an implementation of the framework in a new computer program, called SimulFold, which employs a Bayesian Markov chain Monte Carlo method to sample from the joint posterior distribution of RNA structures, alignments, and trees. We use the new framework to predict RNA structures, and comprehensively evaluate the quality of our predictions by comparing our results to those of several other programs. We also present preliminary data that show SimulFold's potential as an alignment and phylogeny prediction method. SimulFold overcomes many conceptual limitations that current RNA structure prediction methods face, introduces several new theoretical techniques, and generates high-quality predictions of conserved RNA structures that may include pseudoknots. It is thus likely to have a strong impact, both on the field of RNA structure prediction and on a wide range of data analyses.</p></abstract><abstract abstract-type="summary"><title>Author Summary</title><sec id="st1"><title/><p>Not only is the prediction of evolutionarily conserved RNA structures important for elucidating the potential functions of RNA sequences and the mechanisms by which these functions are exerted, but it also lies at the core of RNA gene prediction. To get an accurate prediction of the conserved RNA structure, we need a high-quality sequence alignment and an evolutionary tree relating several evolutionarily related sequences. These are two strong requirements that are typically difficult to fulfill unless the encoded RNA structure is already known. We present what is to our knowledge the first method that solves this chicken-and-egg problem by co-estimating all three quantities simultaneously. We show that our novel method, called SimulFold, can be successfully applied over a wide range of sequence similarities to detect conserved RNA structures, including those with pseudoknots. We also show its potential as an alignment and phylogeny prediction method. Our method overcomes several significant limitations of existing methods and has the potential to be used for a very diverse range of tasks.</p></sec></abstract><counts><page-count count="14"/></counts><custom-meta-group><custom-meta><meta-name>citation</meta-name><meta-value>Meyer IM, Miklós I (2007) SimulFold: Simultaneously inferring RNA structures including pseudoknots, alignments, and trees using a Bayesian MCMC framework. PLoS Comput Biol 3(8): e149. doi:<ext-link ext-link-type="doi" xlink:href="10.1371/journal.pcbi.0030149">10.1371/journal.pcbi.0030149</ext-link></meta-value></custom-meta></custom-meta-group></article-meta></front></article>