<article xmlns="https://jats.nlm.nih.gov/ns/archiving/1.2/" xmlns:xsi="http://www.w3.org/2001/XMLSchema-instance" xmlns:ali="http://www.niso.org/schemas/ali/1.0/" xmlns:mml="http://www.w3.org/1998/Math/MathML" xmlns:xlink="http://www.w3.org/1999/xlink" xsi:schemaLocation="https://jats.nlm.nih.gov/ns/archiving/1.2/ https://jats.nlm.nih.gov/archiving/1.2/xsd/JATS-archivearticle1.xsd" article-type="research-article"><front><journal-meta><journal-id journal-id-type="nlm-ta">PLoS Comput Biol</journal-id><journal-id journal-id-type="iso-abbrev">PLoS Comput. Biol</journal-id><journal-id journal-id-type="publisher-id">pcbi</journal-id><journal-id journal-id-type="publisher-id">plcb</journal-id><journal-id journal-id-type="pmc">ploscomp</journal-id><journal-title-group><journal-title>PLoS Computational Biology</journal-title></journal-title-group><issn pub-type="ppub">1553-734X</issn><issn pub-type="epub">1553-7358</issn><publisher><publisher-name>Public Library of Science</publisher-name><publisher-loc>San Francisco, USA</publisher-loc></publisher></journal-meta><article-meta><article-id pub-id-type="accession">PMC1274291</article-id><article-id pub-id-type="pmcid">PMC1274291</article-id><article-id pub-id-type="pmc-uid">1274291</article-id><article-id pub-id-type="pmid">16261192</article-id><article-id pub-id-type="pmid">16261192</article-id><article-id pub-id-type="doi">10.1371/journal.pcbi.0010050</article-id><article-id pub-id-type="sici">plcb-01-05-03</article-id><article-categories><subj-group subj-group-type="heading"><subject>Research Article</subject></subj-group></article-categories><title-group><article-title>Genomic Variability within an Organism Exposes Its Cell Lineage Tree</article-title><alt-title alt-title-type="running-head">Genomic Variability Exposes Cell Lineage</alt-title></title-group><contrib-group><contrib contrib-type="author" equal-contrib="yes"><name><surname>Frumkin</surname><given-names>Dan</given-names></name><xref ref-type="aff" rid="aff1">1</xref></contrib><contrib contrib-type="author" equal-contrib="yes"><name><surname>Wasserstrom</surname><given-names>Adam</given-names></name><xref ref-type="aff" rid="aff1">1</xref></contrib><contrib contrib-type="author"><name><surname>Kaplan</surname><given-names>Shai</given-names></name><xref ref-type="aff" rid="aff1">1</xref></contrib><contrib contrib-type="author"><name><surname>Feige</surname><given-names>Uriel</given-names></name><xref ref-type="aff" rid="aff2">2</xref></contrib><contrib contrib-type="author"><name><surname>Shapiro</surname><given-names>Ehud</given-names></name><xref ref-type="aff" rid="aff1">1</xref><xref ref-type="aff" rid="aff2">2</xref><xref ref-type="corresp" rid="cor1">*</xref></contrib></contrib-group><aff id="aff1"><label>1</label> Department of Biological Chemistry, Weizmann Institute of Science, Rehovot, Israel
</aff><aff id="aff2"><label>2</label> Department of Computer Science and Applied Mathematics, Weizmann Institute of Science, Rehovot, Israel
</aff><contrib-group><contrib contrib-type="editor"><name><surname>Bonhoeffer</surname><given-names>Sebastian</given-names></name><role>Editor</role><xref ref-type="aff" rid="edit1"/></contrib></contrib-group><aff id="edit1">Swiss Federal Institute of Technology, Switzerland</aff><author-notes><corresp id="cor1">* To whom correspondence should be addressed. E-mail: <email>Ehud.Shapiro@weizmann.ac.il</email></corresp></author-notes><pub-date pub-type="ppub"><month>10</month><year>2005</year></pub-date><pub-date pub-type="epub"><day>28</day><month>10</month><year>2005</year></pub-date><pub-date pub-type="epreprint"><day>15</day><month>9</month><year>2005</year></pub-date><volume>1</volume><issue>5</issue><elocation-id>e50</elocation-id><history><date date-type="received"><day>30</day><month>6</month><year>2005</year></date><date date-type="accepted"><day>13</day><month>9</month><year>2005</year></date></history><permissions><copyright-statement>Copyright: © 2005 Frumkin et al.</copyright-statement><copyright-year>2005</copyright-year><license xlink:href="http://creativecommons.org/licenses/by/4.0/"><license-p>This is an open-access article distributed under the terms of the Creative Commons Attribution License, which permits unrestricted use, distribution, and reproduction in any medium, provided the original author and source are properly credited.</license-p></license></permissions><!--<related-article preprintresearch10.1371/journal.pcbi.0010050.eorsimple>
				        Genomic Variability within an Organism Exposes Its Cell Lineage Tree
			      </related-article>--><abstract><p>What is the lineage relation among the cells of an organism? The answer is sought by developmental biology, immunology, stem cell research, brain research, and cancer research, yet complete cell lineage trees have been reconstructed only for simple organisms such as <italic>Caenorhabditis elegans</italic>. We discovered that somatic mutations accumulated during normal development of a higher organism implicitly encode its entire cell lineage tree with very high precision. Our mathematical analysis of known mutation rates in microsatellites (MSs) shows that the entire cell lineage tree of a human embryo, or a mouse, in which no cell is a descendent of more than 40 divisions, can be reconstructed from information on somatic MS mutations alone with no errors, with probability greater than 99.95%. Analyzing all ~1.5 million MSs of each cell of an organism may not be practical at present, but we also show that in a genetically unstable organism, analyzing only a few hundred MSs may suffice to reconstruct portions of its cell lineage tree. We demonstrate the utility of the approach by reconstructing cell lineage trees from DNA samples of a human cell line displaying MS instability. Our discovery and its associated procedure, which we have automated, may point the way to a future “Human Cell Lineage Project” that would aim to resolve fundamental open questions in biology and medicine by reconstructing ever larger portions of the human cell lineage tree.</p></abstract><abstract abstract-type="synopsis"><title>Synopsis</title><sec id="st1"><title/><p>The human body is made of about 100 trillion cells, all of which are descendants of a single cell, the fertilized egg. The quest to understand their path of descent, called a cell lineage tree, is shared by many branches of biology and medicine, including developmental biology, immunology, stem cell research, brain research, and cancer research. So far, science has been able to determine the cell lineage tree of tiny organisms only, worms with a thousand cells or so. Our team has discovered that the mutations accumulated in each cell in our body during its normal development from the zygote carry sufficient information to reconstruct, in principle, cell lineage trees for large organisms, including humans. Inspired by this discovery, we developed an automated procedure for the reconstruction of cell lineage trees from DNA samples. A direct application of these results may include the analysis of the development of cancer. The results may also inspire a future “Human Cell Lineage Project,” whose aim would be to reconstruct an entire human cell lineage tree.</p></sec></abstract><counts><page-count count="13"/></counts><custom-meta-group><custom-meta><meta-name>Citation:</meta-name><meta-value>Frumkin D, Wasserstrom A, Kaplan S, Feige U, Shapiro E (2005) Genomic variability within an organism exposes its cell lineage tree. PLoS Comput Biol 1(5): e50.</meta-value></custom-meta></custom-meta-group></article-meta></front></article>