<article xmlns="https://jats.nlm.nih.gov/ns/archiving/1.2/" xmlns:xsi="http://www.w3.org/2001/XMLSchema-instance" xmlns:ali="http://www.niso.org/schemas/ali/1.0/" xmlns:mml="http://www.w3.org/1998/Math/MathML" xmlns:xlink="http://www.w3.org/1999/xlink" xsi:schemaLocation="https://jats.nlm.nih.gov/ns/archiving/1.2/ https://jats.nlm.nih.gov/archiving/1.2/xsd/JATS-archivearticle1.xsd" article-type="other"><front><journal-meta><journal-id journal-id-type="nlm-ta">PLoS Comput Biol</journal-id><journal-id journal-id-type="iso-abbrev">PLoS Comput. Biol</journal-id><journal-id journal-id-type="publisher-id">pcbi</journal-id><journal-id journal-id-type="publisher-id">plcb</journal-id><journal-id journal-id-type="pmc">ploscomp</journal-id><journal-title-group><journal-title>PLoS Computational Biology</journal-title></journal-title-group><issn pub-type="ppub">1553-734X</issn><issn pub-type="epub">1553-7358</issn><publisher><publisher-name>Public Library of Science</publisher-name><publisher-loc>San Francisco, USA</publisher-loc></publisher></journal-meta><article-meta><article-id pub-id-type="accession">PMC1808026</article-id><article-id pub-id-type="pmcid">PMC1808026</article-id><article-id pub-id-type="pmc-uid">1808026</article-id><article-id pub-id-type="pmid">17319736</article-id><article-id pub-id-type="pmid">17319736</article-id><article-id pub-id-type="doi">10.1371/journal.pcbi.0030012</article-id><article-id pub-id-type="publisher-id">06-PLCB-PV-0255R2</article-id><article-id pub-id-type="sici">plcb-03-02-04</article-id><article-categories><subj-group subj-group-type="heading"><subject>Perspectives</subject></subj-group><subj-group subj-group-type="Discipline"><subject>Computational Biology</subject><subject>Computational Biology</subject><subject>Genetics and Genomics</subject><subject>Genetics and Genomics</subject><subject>Genetics and Genomics</subject><subject>Genetics and Genomics</subject><subject>Genetics and Genomics</subject><subject>Genetics and Genomics</subject><subject>Genetics and Genomics</subject><subject>Genetics and Genomics</subject><subject>Genetics and Genomics</subject><subject>Mathematics</subject><subject>Oncology</subject></subj-group><subj-group subj-group-type="System Taxonomy"><subject>Homo (Human)</subject><subject>None</subject></subj-group></article-categories><title-group><article-title>From Bytes to Bedside: Data Integration and Computational Biology for Translational Cancer Research</article-title><alt-title alt-title-type="running-head">N/A</alt-title></title-group><contrib-group><contrib contrib-type="author"><name><surname>Mathew</surname><given-names>Jomol P</given-names></name><xref ref-type="fn" rid="n101"/><xref ref-type="corresp" rid="cor1">*</xref></contrib><contrib contrib-type="author"><name><surname>Taylor</surname><given-names>Barry S</given-names></name><xref ref-type="fn" rid="n101"/></contrib><contrib contrib-type="author"><name><surname>Bader</surname><given-names>Gary D</given-names></name><xref ref-type="fn" rid="n101"/></contrib><contrib contrib-type="author"><name><surname>Pyarajan</surname><given-names>Saiju</given-names></name><xref ref-type="fn" rid="n101"/></contrib><contrib contrib-type="author"><name><surname>Antoniotti</surname><given-names>Marco</given-names></name><xref ref-type="fn" rid="n101"/></contrib><contrib contrib-type="author"><name><surname>Chinnaiyan</surname><given-names>Arul M</given-names></name><xref ref-type="fn" rid="n101"/></contrib><contrib contrib-type="author"><name><surname>Sander</surname><given-names>Chris</given-names></name><xref ref-type="fn" rid="n101"/></contrib><contrib contrib-type="author"><name><surname>Burakoff</surname><given-names>Steven J</given-names></name><xref ref-type="fn" rid="n101"/></contrib><contrib contrib-type="author"><name><surname>Mishra</surname><given-names>Bud</given-names></name><xref ref-type="fn" rid="n101"/></contrib></contrib-group><contrib-group><contrib contrib-type="editor"><name><surname>McEntyre</surname><given-names>Johanna</given-names></name><role>Editor</role><xref ref-type="aff" rid="edit1"/></contrib></contrib-group><aff id="edit1">National Center for Biotechnology Information, United States of America</aff><author-notes><corresp id="cor1">* To whom correspondence should be addressed. E-mail: <email>Jomol_Mathew@dfci.harvard.edu</email></corresp></author-notes><pub-date pub-type="ppub"><month>2</month><year>2007</year></pub-date><pub-date pub-type="epub"><day>23</day><month>2</month><year>2007</year></pub-date><volume>3</volume><issue>2</issue><elocation-id>e12</elocation-id><permissions><copyright-statement> © 2007 Mathew et al.</copyright-statement><copyright-year>2007</copyright-year><license xlink:href="http://creativecommons.org/licenses/by/4.0/"><license-p>This is an open-access article distributed under the terms of the Creative Commons Attribution License, which permits unrestricted use, distribution, and reproduction in any medium, provided the original author and source are properly credited.</license-p></license></permissions><counts><page-count count="11"/></counts><custom-meta-group><custom-meta><meta-name>citation</meta-name><meta-value>Mathew JP, Taylor BS, Bader GD, Pyarajan S, Antoniotti M, et al. (2007) From bytes to bedside: Data integration and computational biology for translational cancer research. PLoS Comput Biol 3(2): e12. doi:<ext-link ext-link-type="doi" xlink:href="10.1371/journal.pcbi.0030012">10.1371/journal.pcbi.0030012</ext-link></meta-value></custom-meta></custom-meta-group></article-meta></front></article>