<article xmlns="https://jats.nlm.nih.gov/ns/archiving/1.2/" xmlns:xsi="http://www.w3.org/2001/XMLSchema-instance" xmlns:ali="http://www.niso.org/schemas/ali/1.0/" xmlns:mml="http://www.w3.org/1998/Math/MathML" xmlns:xlink="http://www.w3.org/1999/xlink" xsi:schemaLocation="https://jats.nlm.nih.gov/ns/archiving/1.2/ https://jats.nlm.nih.gov/archiving/1.2/xsd/JATS-archivearticle1.xsd" article-type="research-article"><front><journal-meta><journal-id journal-id-type="nlm-ta">PLoS Comput Biol</journal-id><journal-id journal-id-type="iso-abbrev">PLoS Comput. Biol</journal-id><journal-id journal-id-type="publisher-id">pcbi</journal-id><journal-id journal-id-type="publisher-id">plcb</journal-id><journal-id journal-id-type="pmc">ploscomp</journal-id><journal-title-group><journal-title>PLoS Computational Biology</journal-title></journal-title-group><issn pub-type="ppub">1553-734X</issn><issn pub-type="epub">1553-7358</issn><publisher><publisher-name>Public Library of Science</publisher-name><publisher-loc>San Francisco, USA</publisher-loc></publisher></journal-meta><article-meta><article-id pub-id-type="accession">PMC1500818</article-id><article-id pub-id-type="pmcid">PMC1500818</article-id><article-id pub-id-type="pmc-uid">1500818</article-id><article-id pub-id-type="pmid">16839194</article-id><article-id pub-id-type="pmid">16839194</article-id><article-id pub-id-type="doi">10.1371/journal.pcbi.0020090</article-id><article-id pub-id-type="publisher-id">06-PLCB-RA-0063R2</article-id><article-id pub-id-type="sici">plcb-02-07-05</article-id><article-categories><subj-group subj-group-type="heading"><subject>Research Article</subject></subj-group><subj-group subj-group-type="Discipline"><subject>Bioinformatics - Computational Biology</subject><subject>Molecular Biology - Structural Biology</subject></subj-group><subj-group subj-group-type="System Taxonomy"><subject>None</subject></subj-group></article-categories><title-group><article-title>Wiggle—Predicting Functionally Flexible Regions from Primary Sequence</article-title><alt-title alt-title-type="running-head">Predicting Functionally Flexible Regions</alt-title></title-group><contrib-group><contrib contrib-type="author"><name><surname>Gu</surname><given-names>Jenny</given-names></name><xref ref-type="aff" rid="aff1">1</xref><xref ref-type="aff" rid="aff2">2</xref><xref ref-type="corresp" rid="cor1">*</xref></contrib><contrib contrib-type="author"><name><surname>Gribskov</surname><given-names>Michael</given-names></name><xref ref-type="aff" rid="aff3">3</xref></contrib><contrib contrib-type="author"><name><surname>Bourne</surname><given-names>Philip E</given-names></name><xref ref-type="aff" rid="aff1">1</xref><xref ref-type="aff" rid="aff2">2</xref></contrib></contrib-group><aff id="aff1"><label>1</label>Department of Pharmacology and Biomedical Sciences Graduate Program, University of California San Diego, La Jolla, California, United States of America
</aff><aff id="aff2"><label>2</label>San Diego Supercomputer Center, University of California San Diego, La Jolla, California, United States of America
</aff><aff id="aff3"><label>3</label>Department of Biological Sciences, Purdue University, West Lafayette, Indiana, United States of America
</aff><contrib-group><contrib contrib-type="editor"><name><surname>Shakhnovich</surname><given-names>Eugene</given-names></name><role>Editor</role><xref ref-type="aff" rid="edit1"/></contrib></contrib-group><aff id="edit1">Harvard University, United States of America</aff><author-notes><corresp id="cor1">* To whom correspondence should be addressed. E-mail: <email>jgu@sdsc.edu</email></corresp></author-notes><pub-date pub-type="ppub"><month>7</month><year>2006</year></pub-date><pub-date pub-type="epub"><day>14</day><month>7</month><year>2006</year></pub-date><pub-date pub-type="epreprint"><day>5</day><month>6</month><year>2006</year></pub-date><volume>2</volume><issue>7</issue><elocation-id>e90</elocation-id><history><date date-type="received"><day>22</day><month>2</month><year>2006</year></date><date date-type="accepted"><day>2</day><month>6</month><year>2006</year></date></history><permissions><copyright-statement> © 2006 Gu et al.</copyright-statement><copyright-year>2006</copyright-year><license xlink:href="http://creativecommons.org/licenses/by/4.0/"><license-p>This is an open-access article distributed under the terms of the Creative Commons Attribution License, which permits unrestricted use, distribution, and reproduction in any medium, provided the original author and source are properly credited.</license-p></license></permissions><!--<related-article preprintresearch10.1371/journal.pcbi.0020090.eorsimple>Wiggle&#x02014;Predicting Functionally Flexible Regions from Primary Sequence</related-article>--><abstract><p>The Wiggle series are support vector machine–based predictors that identify regions of functional flexibility using only protein sequence information. Functionally flexible regions are defined as regions that can adopt different conformational states and are assumed to be necessary for bioactivity. Many advances have been made in understanding the relationship between protein sequence and structure. This work contributes to those efforts by making strides to understand the relationship between protein sequence and flexibility. A coarse-grained protein dynamic modeling approach was used to generate the dataset required for support vector machine training. We define our regions of interest based on the participation of residues in correlated large-scale fluctuations. Even with this structure-based approach to computationally define regions of functional flexibility, predictors successfully extract sequence-flexibility relationships that have been experimentally confirmed to be functionally important. Thus, a sequence-based tool to identify flexible regions important for protein function has been created. The ability to identify functional flexibility using a sequence based approach complements structure-based definitions and will be especially useful for the large majority of proteins with unknown structures. The methodology offers promise to identify structural genomics targets amenable to crystallization and the possibility to engineer more flexible or rigid regions within proteins to modify their bioactivity.</p></abstract><abstract abstract-type="synopsis"><title>Synopsis</title><p>Proteins are not static entities in biology and are constantly changing their shape and form to perform their necessary biological roles. While we are intuitively aware of their constantly changing nature, we have little understanding of how their flexibility is encoded in the protein sequence. To address this knowledge gap, predictors were created to identify sequence patterns that dictate local regions to be flexible and serve a functional purpose. By combining protein dynamic modeling and machine learning techniques, the Wiggle predictor series were able to generalize the sequence-flexibility relationship for all proteins. With these predictors we are able to identify flexible regions of functional importance such as hinges, recognition loops, and catalytic loops using only sequence information. This work has important contributions to our understanding of the sequence-flexibility relationship and paves the road to identifying local sequence modulations that impact protein function without necessarily changing the structure.</p></abstract><counts><page-count count="17"/></counts><custom-meta-group><custom-meta><meta-name>citation</meta-name><meta-value>Gu J, Gribskov M, Bourne PE (2006) Wiggle—Predicting functionally flexible regions from primary sequence. PLoS Comput Biol 2(7): e90. DOI: <ext-link ext-link-type="doi" xlink:href="10.1371/journal.pcbi.0020090">10.1371/journal.pcbi.0020090</ext-link></meta-value></custom-meta></custom-meta-group></article-meta></front></article>