<article xmlns="https://jats.nlm.nih.gov/ns/archiving/1.2/" xmlns:xsi="http://www.w3.org/2001/XMLSchema-instance" xmlns:ali="http://www.niso.org/schemas/ali/1.0/" xmlns:mml="http://www.w3.org/1998/Math/MathML" xmlns:xlink="http://www.w3.org/1999/xlink" xsi:schemaLocation="https://jats.nlm.nih.gov/ns/archiving/1.2/ https://jats.nlm.nih.gov/archiving/1.2/xsd/JATS-archivearticle1.xsd" article-type="research-article"><front><journal-meta><journal-id journal-id-type="nlm-ta">PLoS Comput Biol</journal-id><journal-id journal-id-type="iso-abbrev">PLoS Comput. Biol</journal-id><journal-id journal-id-type="publisher-id">pcbi</journal-id><journal-id journal-id-type="publisher-id">plcb</journal-id><journal-id journal-id-type="pmc">ploscomp</journal-id><journal-title-group><journal-title>PLoS Computational Biology</journal-title></journal-title-group><issn pub-type="ppub">1553-734X</issn><issn pub-type="epub">1553-7358</issn><publisher><publisher-name>Public Library of Science</publisher-name><publisher-loc>San Francisco, USA</publisher-loc></publisher></journal-meta><article-meta><article-id pub-id-type="accession">PMC1456316</article-id><article-id pub-id-type="pmcid">PMC1456316</article-id><article-id pub-id-type="pmc-uid">1456316</article-id><article-id pub-id-type="pmid">16680195</article-id><article-id pub-id-type="pmid">16680195</article-id><article-id pub-id-type="doi">10.1371/journal.pcbi.0020046</article-id><article-id pub-id-type="publisher-id">05-PLCB-RA-0323R2</article-id><article-id pub-id-type="sici">plcb-02-05-03</article-id><article-categories><subj-group subj-group-type="heading"><subject>Research Article</subject></subj-group><subj-group subj-group-type="Discipline"><subject>Bioinformatics - Computational Biology</subject><subject>Evolution</subject><subject>Molecular Biology - Structural Biology</subject></subj-group><subj-group subj-group-type="System Taxonomy"><subject>Homo (Human)</subject><subject>Mus (Mouse)</subject><subject>Primates</subject></subj-group></article-categories><title-group><article-title>Genome-Wide Survey for Biologically Functional Pseudogenes</article-title><alt-title alt-title-type="running-head">Survey for Functional Pseudogenes</alt-title></title-group><contrib-group><contrib contrib-type="author"><name><surname>Svensson</surname><given-names>Örjan</given-names></name><xref ref-type="corresp" rid="cor1">*</xref><xref ref-type="aff" rid="aff1"/></contrib><contrib contrib-type="author"><name><surname>Arvestad</surname><given-names>Lars</given-names></name><xref ref-type="aff" rid="aff1"/></contrib><contrib contrib-type="author"><name><surname>Lagergren</surname><given-names>Jens</given-names></name><xref ref-type="aff" rid="aff1"/></contrib></contrib-group><aff id="aff1">Stockholm Bioinformatics Centre, Royal Institute of Technology, Albanova University Center, Stockholm, Sweden</aff><contrib-group><contrib contrib-type="editor"><name><surname>Pilpel</surname><given-names>Yitzhak</given-names></name><role>Editor</role><xref ref-type="aff" rid="edit1"/></contrib></contrib-group><aff id="edit1">Weizmann Institute of Science, Israel</aff><author-notes><corresp id="cor1">* To whom correspondence should be addressed. E-mail: <email>osv@sbc.su.se</email></corresp></author-notes><pub-date pub-type="ppub"><month>5</month><year>2006</year></pub-date><pub-date pub-type="epub"><day>5</day><month>5</month><year>2006</year></pub-date><pub-date pub-type="epreprint"><day>24</day><month>3</month><year>2006</year></pub-date><volume>2</volume><issue>5</issue><elocation-id>e46</elocation-id><history><date date-type="received"><day>14</day><month>11</month><year>2005</year></date><date date-type="accepted"><day>23</day><month>3</month><year>2006</year></date></history><permissions><copyright-statement> © 2006 Svensson et al.</copyright-statement><copyright-year>2006</copyright-year><license xlink:href="http://creativecommons.org/licenses/by/4.0/"><license-p>This is an open-access article distributed under the terms of the Creative Commons Attribution License, which permits unrestricted use, distribution, and reproduction in any medium, provided the original author and source are properly credited.</license-p></license></permissions><!--<related-article preprintresearch10.1371/journal.pcbi.0020046.eorsimple>Genome-Wide Survey for Biologically Functional Pseudogenes</related-article>--><abstract><p>According to current estimates there exist about 20,000 pseudogenes in a mammalian genome. The vast majority of these are disabled and nonfunctional copies of protein-coding genes which, therefore, evolve neutrally. Recent findings that a Makorin1 pseudogene, residing on mouse Chromosome 5, is, indeed, in vivo vital and also evolutionarily preserved, encouraged us to conduct a genome-wide survey for other functional pseudogenes in human, mouse, and chimpanzee. We identify to our knowledge the first examples of conserved pseudogenes common to human and mouse, originating from one duplication predating the human–mouse species split and having evolved as pseudogenes since the species split. Functionality is one possible way to explain the apparently contradictory properties of such pseudogene pairs, i.e., high conservation and ancient origin. The hypothesis of functionality is tested by comparing expression evidence and synteny of the candidates with proper test sets. The tests suggest potential biological function. Our candidate set includes a small set of long-lived pseudogenes whose unknown potential function is retained since before the human–mouse species split, and also a larger group of primate-specific ones found from human–chimpanzee searches. Two processed sequences are notable, their conservation since the human–mouse split being as high as most protein-coding genes; one is derived from the protein Ataxin 7-like 3 (ATX7NL3), and one from the Spinocerebellar ataxia type 1 protein (ATX1). Our approach is comparative and can be applied to any pair of species. It is implemented by a semi-automated pipeline based on cross-species BLAST comparisons and maximum-likelihood phylogeny estimations. To separate pseudogenes from protein-coding genes, we use standard methods, utilizing in-frame disablements, as well as a probabilistic filter based on Ka/Ks ratios.</p></abstract><abstract abstract-type="synopsis"><title>Synopsis</title><p>Svensson, Arvestad, and Lagergren conducted a genome-wide survey for and analysis of human pseudogenes, i.e., gene copies with lost protein-coding ability, with the aim of discovering biologically functional ones. Their main motivation was a 2002 <italic>Nature</italic> paper revealing in vivo functionality for a mouse Makorin pseudogene, Makorin1-p1. Their work is in line with extensive research in recent years concerning ncRNA. The method consists of a BLAST-based pipeline augmented by modern maximum-likelihood phylogeny estimations. Several examples of unknown genes and present in silico tests favoring the hypothesis that these are functional pseudogenes were found. In the result set, there are two examples from the Ataxin family; a poorly characterized gene family which, however, includes a number of genes related to neurogenerative disorders. A discovery of new members in this gene family should be of great interest to experimentalists in the field. To the best of our knowledge, functional pseudogenes have never been observed in humans. The results suggest, however, that while functional pseudogenes are relatively rare on a long evolutionary timescale, they nevertheless exist. These deserve attention, of course, similar to any other previously uncharacterised gene.</p></abstract><counts><page-count count="12"/></counts><custom-meta-group><custom-meta><meta-name>Citation:</meta-name><meta-value>Svensson Ö, Arvestad L, Lagergren J (2006) Genome-wide survey for biologically functional pseudogenes. PLoS Comput Biol 2(5): e46. DOI: <ext-link ext-link-type="doi" xlink:href="10.1371/journal.pcbi.0020046">10.1371/journal.pcbi.0020046</ext-link></meta-value></custom-meta></custom-meta-group></article-meta></front></article>