<article xmlns="https://jats.nlm.nih.gov/ns/archiving/1.2/" xmlns:xsi="http://www.w3.org/2001/XMLSchema-instance" xmlns:ali="http://www.niso.org/schemas/ali/1.0/" xmlns:mml="http://www.w3.org/1998/Math/MathML" xmlns:xlink="http://www.w3.org/1999/xlink" xsi:schemaLocation="https://jats.nlm.nih.gov/ns/archiving/1.2/ https://jats.nlm.nih.gov/archiving/1.2/xsd/JATS-archivearticle1.xsd" article-type="research-article"><front><journal-meta><journal-id journal-id-type="nlm-ta">PLoS Comput Biol</journal-id><journal-id journal-id-type="iso-abbrev">PLoS Comput. Biol</journal-id><journal-id journal-id-type="publisher-id">pcbi</journal-id><journal-id journal-id-type="publisher-id">plcb</journal-id><journal-id journal-id-type="pmc">ploscomp</journal-id><journal-title-group><journal-title>PLoS Computational Biology</journal-title></journal-title-group><issn pub-type="ppub">1553-734X</issn><issn pub-type="epub">1553-7358</issn><publisher><publisher-name>Public Library of Science</publisher-name><publisher-loc>San Francisco, USA</publisher-loc></publisher></journal-meta><article-meta><article-id pub-id-type="accession">PMC1914368</article-id><article-id pub-id-type="pmcid">PMC1914368</article-id><article-id pub-id-type="pmc-uid">1914368</article-id><article-id pub-id-type="pmid">17630823</article-id><article-id pub-id-type="pmid">17630823</article-id><article-id pub-id-type="doi">10.1371/journal.pcbi.0030115</article-id><article-id pub-id-type="publisher-id">07-PLCB-RA-0054R2</article-id><article-id pub-id-type="sici">plcb-03-07-10</article-id><article-categories><subj-group subj-group-type="heading"><subject>Research Article</subject></subj-group><subj-group subj-group-type="Discipline"><subject>Biophysics</subject><subject>Physiology</subject></subj-group><subj-group subj-group-type="System Taxonomy"><subject>Muscle Contraction</subject><subject>Spatially-Explicit Model</subject><subject>Myosin</subject><subject>Thin Filament Regulation</subject></subj-group></article-categories><title-group><article-title>Sarcomere Lattice Geometry Influences Cooperative Myosin Binding in Muscle</article-title><alt-title alt-title-type="running-head">Multi-Filaments versus Two-Filaments</alt-title></title-group><contrib-group><contrib contrib-type="author"><name><surname>Tanner</surname><given-names>Bertrand C. W</given-names></name><xref ref-type="aff" rid="aff1">1</xref></contrib><contrib contrib-type="author"><name><surname>Daniel</surname><given-names>Thomas L</given-names></name><xref ref-type="aff" rid="aff2">2</xref></contrib><contrib contrib-type="author"><name><surname>Regnier</surname><given-names>Michael</given-names></name><xref ref-type="aff" rid="aff1">1</xref><xref ref-type="corresp" rid="cor1">*</xref></contrib></contrib-group><aff id="aff1"><label>1</label> Department of Bioengineering, University of Washington, Seattle, Washington, United States of America
</aff><aff id="aff2"><label>2</label> Department of Biology, University of Washington, Seattle, Washington, United States of America
</aff><contrib-group><contrib contrib-type="editor"><name><surname>Bergstrom</surname><given-names>Carl T</given-names></name><role>Editor</role><xref ref-type="aff" rid="edit1"/></contrib></contrib-group><aff id="edit1">University of Washington, United States of America</aff><author-notes><corresp id="cor1">* To whom correspondence should be addressed. E-mail: <email>mregnier@u.washington.edu</email></corresp></author-notes><pub-date pub-type="ppub"><month>7</month><year>2007</year></pub-date><pub-date pub-type="epub"><day>13</day><month>7</month><year>2007</year></pub-date><pub-date pub-type="epreprint"><day>10</day><month>5</month><year>2007</year></pub-date><volume>3</volume><issue>7</issue><elocation-id>e115</elocation-id><history><date date-type="received"><day>2</day><month>2</month><year>2007</year></date><date date-type="accepted"><day>9</day><month>5</month><year>2007</year></date></history><permissions><copyright-statement> © 2007 Tanner et al.</copyright-statement><copyright-year>2007</copyright-year><license xlink:href="http://creativecommons.org/licenses/by/4.0/"><license-p>This is an open-access article distributed under the terms of the Creative Commons Attribution License, which permits unrestricted use, distribution, and reproduction in any medium, provided the original author and source are properly credited.</license-p></license></permissions><!--<related-article preprintResearch Article10.1371/journal.pcbi.0030115.eorRA1doisimple>Sarcomere Lattice Geometry Influences Cooperative Myosin Binding in Muscle</related-article>--><abstract><p>In muscle, force emerges from myosin binding with actin (forming a cross-bridge). This actomyosin binding depends upon myofilament geometry, kinetics of thin-filament Ca<sup>2+</sup> activation, and kinetics of cross-bridge cycling. Binding occurs within a compliant network of protein filaments where there is mechanical coupling between myosins along the thick-filament backbone and between actin monomers along the thin filament. Such mechanical coupling precludes using ordinary differential equation models when examining the effects of lattice geometry, kinetics, or compliance on force production. This study uses two stochastically driven, spatially explicit models to predict levels of cross-bridge binding, force, thin-filament Ca<sup>2+</sup> activation, and ATP utilization. One model incorporates the 2-to-1 ratio of thin to thick filaments of vertebrate striated muscle (multi-filament model), while the other comprises only one thick and one thin filament (two-filament model). Simulations comparing these models show that the multi-filament predictions of force, fractional cross-bridge binding, and cross-bridge turnover are more consistent with published experimental values. Furthermore, the values predicted by the multi-filament model are greater than those values predicted by the two-filament model. These increases are larger than the relative increase of potential inter-filament interactions in the multi-filament model versus the two-filament model. This amplification of coordinated cross-bridge binding and cycling indicates a mechanism of cooperativity that depends on sarcomere lattice geometry, specifically the ratio and arrangement of myofilaments.</p></abstract><abstract abstract-type="summary"><title>Author Summary</title><sec id="st1"><title/><p>Striated muscle is highly structured, and the molecular organization of muscle filaments varies within individuals (by fiber type) and taxonomically. The consequences of filament arrangement on muscle contraction, however, remain largely unknown. We explore how filament arrangement affects force production in muscle using spatially explicit models of many interacting myofilaments. Our analysis incorporates molecular scale force balance equations with Monte Carlo simulations of both actin–myosin interactions and thin-filament Ca<sup>2+</sup> activation. Simulations show that a more physiological representation of vertebrate striated muscle amplifies force production, coordinates dynamic actin–myosin cycling, and may optimize energetics of contraction (force generated per ATP consumed). This coordinated myosin behavior indicates a mechanism of cooperativity in muscle that depends on the ratio and arrangement of filaments. We also demonstrate the importance of mechanical coupling between myosin molecules by varying filament stiffness. Our simulations show a tradeoff between the way myosin molecules partition energy from ATP hydrolysis into force transmitted throughout the filaments versus distortions within the filaments. These findings present a possible consequence of organization in muscle, where the ratio and arrangement of muscle filaments affects contractile performance for the given function across different muscle types.</p></sec></abstract><counts><page-count count="17"/></counts><custom-meta-group><custom-meta><meta-name>citation</meta-name><meta-value>Tanner BCW, Daniel TL, Regnier M (2007) Sarcomere lattice geometry influences cooperative myosin binding in muscle. PLoS Comput Biol 3(7): e115. doi:<ext-link ext-link-type="doi" xlink:href="10.1371/journal.pcbi.0030115">10.1371/journal.pcbi.0030115</ext-link></meta-value></custom-meta></custom-meta-group></article-meta></front></article>