<article xmlns="https://jats.nlm.nih.gov/ns/archiving/1.2/" xmlns:xsi="http://www.w3.org/2001/XMLSchema-instance" xmlns:ali="http://www.niso.org/schemas/ali/1.0/" xmlns:mml="http://www.w3.org/1998/Math/MathML" xmlns:xlink="http://www.w3.org/1999/xlink" xsi:schemaLocation="https://jats.nlm.nih.gov/ns/archiving/1.2/ https://jats.nlm.nih.gov/archiving/1.2/xsd/JATS-archivearticle1.xsd" article-type="research-article"><front><journal-meta><journal-id journal-id-type="nlm-ta">PLoS Comput Biol</journal-id><journal-id journal-id-type="iso-abbrev">PLoS Comput. Biol</journal-id><journal-id journal-id-type="publisher-id">pcbi</journal-id><journal-id journal-id-type="publisher-id">plcb</journal-id><journal-id journal-id-type="pmc">ploscomp</journal-id><journal-title-group><journal-title>PLoS Computational Biology</journal-title></journal-title-group><issn pub-type="ppub">1553-734X</issn><issn pub-type="epub">1553-7358</issn><publisher><publisher-name>Public Library of Science</publisher-name><publisher-loc>San Francisco, USA</publisher-loc></publisher></journal-meta><article-meta><article-id pub-id-type="accession">PMC1630712</article-id><article-id pub-id-type="pmcid">PMC1630712</article-id><article-id pub-id-type="pmc-uid">1630712</article-id><article-id pub-id-type="pmid">17083273</article-id><article-id pub-id-type="pmid">17083273</article-id><article-id pub-id-type="doi">10.1371/journal.pcbi.0020150</article-id><article-id pub-id-type="publisher-id">06-PLCB-RA-0173R3</article-id><article-id pub-id-type="sici">plcb-02-11-01</article-id><article-categories><subj-group subj-group-type="heading"><subject>Research Article</subject></subj-group><subj-group subj-group-type="Discipline"><subject>Bioinformatics - Computational Biology</subject><subject>Evolution</subject></subj-group><subj-group subj-group-type="System Taxonomy"><subject>Animals</subject></subj-group></article-categories><title-group><article-title>The Evolution of Word Composition in Metazoan Promoter Sequence</article-title><alt-title alt-title-type="running-head">Evolution of Word Composition</alt-title></title-group><contrib-group><contrib contrib-type="author"><name><surname>Bush</surname><given-names>Eliot C</given-names></name><xref ref-type="aff" rid="aff1">1</xref><xref ref-type="aff" rid="aff2">2</xref><xref ref-type="corresp" rid="cor1">*</xref></contrib><contrib contrib-type="author"><name><surname>Lahn</surname><given-names>Bruce T</given-names></name><xref ref-type="aff" rid="aff1">1</xref><xref ref-type="aff" rid="aff2">2</xref><xref ref-type="corresp" rid="cor1">*</xref></contrib></contrib-group><aff id="aff1"><label>1</label> Department of Human Genetics, University of Chicago, Chicago, Illinois, United States of America
</aff><aff id="aff2"><label>2</label> Howard Hughes Medical Institute, University of Chicago, Chicago, Illinois, United States of America
</aff><contrib-group><contrib contrib-type="editor"><name><surname>Hillis</surname><given-names>David</given-names></name><role>Editor</role><xref ref-type="aff" rid="edit1"/></contrib></contrib-group><aff id="edit1">University of Texas, United States of America</aff><author-notes><corresp id="cor1">* To whom correspondence should be addressed. E-mail: <email>bush@uchicago.edu</email> (ECB); <email>blahn@bsd.uchicago.edu</email> (BTL)</corresp></author-notes><pub-date pub-type="ppub"><month>11</month><year>2006</year></pub-date><pub-date pub-type="epub"><day>3</day><month>11</month><year>2006</year></pub-date><pub-date pub-type="epreprint"><day>27</day><month>9</month><year>2006</year></pub-date><volume>2</volume><issue>11</issue><elocation-id>e150</elocation-id><history><date date-type="received"><day>4</day><month>5</month><year>2006</year></date><date date-type="accepted"><day>27</day><month>9</month><year>2006</year></date></history><permissions><copyright-statement> © 2006 Bush and Lahn.</copyright-statement><copyright-year>2006</copyright-year><license xlink:href="http://creativecommons.org/licenses/by/4.0/"><license-p>This is an open-access article distributed under the terms of the Creative Commons Attribution License, which permits unrestricted use, distribution, and reproduction in any medium, provided the original author and source are properly credited.</license-p></license></permissions><!--<related-article preprintResearch Article10.1371/journal.pcbi.0020150.eorsimple>The Evolution of Word Composition in Metazoan Promoter Sequence</related-article>--><abstract><p>The field of molecular evolution provides many examples of the principle that molecular differences between species contain information about evolutionary history. One surprising case can be found in the frequency of short words in DNA: more closely related species have more similar word compositions. Interest in this has often focused on its utility in deducing phylogenetic relationships. However, it is also of interest because of the opportunity it provides for studying the evolution of genome function. Word-frequency differences between species change too slowly to be purely the result of random mutational drift. Rather, their slow pattern of change reflects the direct or indirect action of purifying selection and the presence of functional constraints. Many such constraints are likely to exist, and an important challenge is to distinguish them. Here we develop a method to do so by isolating the effects acting at different word sizes. We apply our method to 2-, 4-, and 8-base-pair (bp) words across several classes of noncoding sequence. Our major result is that similarities in 8-bp word frequencies scale with evolutionary time for regions immediately upstream of genes. This association is present although weaker in intronic sequence, but cannot be detected in intergenic sequence using our method. In contrast, 2-bp and 4-bp word frequencies scale with time in all classes of noncoding sequence. These results suggest that different genomic processes are involved at different word sizes. The pattern in 2-bp and 4-bp words may be due to evolutionary changes in processes such as DNA replication and repair, as has been suggested before. The pattern in 8-bp words may reflect evolutionary changes in gene-regulatory machinery, such as changes in the frequencies of transcription-factor binding sites, or in the affinity of transcription factors for particular sequences.</p></abstract><abstract abstract-type="synopsis"><title>Synopsis</title><p>One of the foundations of molecular evolution is the idea that more closely related species are more similar on the molecular level. One example that has been known for several years is the genomic composition of short words (i.e., short segments) of DNA. Given a sample of genome sequence, one can count the occurrences of all words of a certain length. It turns out that closely related species have more similar word frequencies. The pattern of how these frequencies change over evolutionary time is likely to be influenced by the many functions of the genome (coding for proteins, controlling gene expression, etc.). Bush and Lahn investigated the influence of genomic function on word-frequency variation in 13 animal genomes. Using a method designed to isolate the effects acting at particular word sizes, the authors examined how word frequencies vary in different categories of noncoding sequence. They found that interspecies patterns of word-frequency variation change depending on word size and sequence category. These results suggest that noncoding sequence is subject to different functional constraints depending on its location in the genome. An especially interesting possibility is that the patterns in longer words may reflect evolutionary changes in gene regulatory machinery.</p></abstract><counts><page-count count="6"/></counts><custom-meta-group><custom-meta><meta-name>citation</meta-name><meta-value>Bush EC, Lahn BT (2006) The evolution of word composition in metazoan promoter sequence. PLoS Comput Biol 2(11): e150. doi:<ext-link ext-link-type="doi" xlink:href="10.1371/journal.pcbi.0020150">10.1371/journal.pcbi.0020150</ext-link></meta-value></custom-meta></custom-meta-group></article-meta></front></article>