<article xmlns="https://jats.nlm.nih.gov/ns/archiving/1.2/" xmlns:xsi="http://www.w3.org/2001/XMLSchema-instance" xmlns:ali="http://www.niso.org/schemas/ali/1.0/" xmlns:mml="http://www.w3.org/1998/Math/MathML" xmlns:xlink="http://www.w3.org/1999/xlink" xsi:schemaLocation="https://jats.nlm.nih.gov/ns/archiving/1.2/ https://jats.nlm.nih.gov/archiving/1.2/xsd/JATS-archivearticle1.xsd" article-type="other"><front><journal-meta><journal-id journal-id-type="nlm-ta">PLoS Comput Biol</journal-id><journal-id journal-id-type="iso-abbrev">PLoS Comput. Biol</journal-id><journal-id journal-id-type="publisher-id">pcbi</journal-id><journal-id journal-id-type="publisher-id">plcb</journal-id><journal-id journal-id-type="pmc">ploscomp</journal-id><journal-title-group><journal-title>PLoS Computational Biology</journal-title></journal-title-group><issn pub-type="ppub">1553-734X</issn><issn pub-type="epub">1553-7358</issn><publisher><publisher-name>Public Library of Science</publisher-name><publisher-loc>San Francisco, USA</publisher-loc></publisher></journal-meta><article-meta><article-id pub-id-type="accession">PMC1323465</article-id><article-id pub-id-type="pmcid">PMC1323465</article-id><article-id pub-id-type="pmc-uid">1323465</article-id><article-id pub-id-type="pmid">16758004</article-id><article-id pub-id-type="pmid">16758004</article-id><article-id pub-id-type="doi">10.1371/journal.pcbi.0010077</article-id><article-id pub-id-type="publisher-id">05-PLCB-MI-0335</article-id><article-id pub-id-type="sici">plcb-01-07-12</article-id><article-categories><subj-group subj-group-type="heading"><subject>Message from ISCB</subject></subj-group><subj-group subj-group-type="Discipline"><subject>Bioinformatics - Computational Biology</subject></subj-group><subj-group subj-group-type="System Taxonomy"><subject>None</subject></subj-group></article-categories><title-group><article-title>The Eighth Annual Bio-Ontologies Meeting</article-title><alt-title alt-title-type="running-head">Message from ISCB</alt-title></title-group><contrib-group><contrib contrib-type="author"><name><surname>Lord</surname><given-names>Phillip</given-names></name><xref ref-type="corresp" rid="cor1">*</xref></contrib><contrib contrib-type="author"><name><surname>Stevens</surname><given-names>Robert</given-names></name></contrib><contrib contrib-type="author"><name><surname>Butler</surname><given-names>James A</given-names></name><xref ref-type="author-notes" rid="a1"/></contrib><contrib contrib-type="author"><name><surname>McEntire</surname><given-names>Robin</given-names></name></contrib></contrib-group><author-notes><corresp id="cor1">* To whom correspondence should be addressed. E-mail: <email>bio-ont-sig@cs.man.ac.uk</email></corresp><fn id="a1" fn-type="current-aff"><p>Robert Stevens is at the University of Manchester, Manchester, United Kingdom. Phillip Lord is at the University of Newcastle upon Tyne, Newcastle, United Kingdom. Robin McEntire and James A. Butler are at GlaxoSmithKline, King of Prussia, Pennsylvania, United States of America.</p></fn></author-notes><pub-date pub-type="ppub"><month>12</month><year>2005</year></pub-date><pub-date pub-type="epub"><day>30</day><month>12</month><year>2005</year></pub-date><volume>1</volume><issue>7</issue><elocation-id>e77</elocation-id><permissions><copyright-statement>Copyright: © 2005 Stevens et al.</copyright-statement><copyright-year>2005</copyright-year><license xlink:href="http://creativecommons.org/licenses/by/4.0/"><license-p>This is an open-access article distributed under the terms of the Creative Commons Attribution License, which permits unrestricted use, distribution, and reproduction in any medium, provided the original author and source are properly credited.</license-p></license></permissions><counts><page-count count="2"/></counts><custom-meta-group><custom-meta><meta-name>Citation:</meta-name><meta-value>Stevens R, McEntire R, Lord P, Butler JA (2005) The eighth annual Bio-Ontologies Meeting. PLoS Comput Biol 1(7): e77.</meta-value></custom-meta></custom-meta-group></article-meta></front></article>