<article xmlns="https://jats.nlm.nih.gov/ns/archiving/1.2/" xmlns:xsi="http://www.w3.org/2001/XMLSchema-instance" xmlns:ali="http://www.niso.org/schemas/ali/1.0/" xmlns:mml="http://www.w3.org/1998/Math/MathML" xmlns:xlink="http://www.w3.org/1999/xlink" xsi:schemaLocation="https://jats.nlm.nih.gov/ns/archiving/1.2/ https://jats.nlm.nih.gov/archiving/1.2/xsd/JATS-archivearticle1.xsd" article-type="research-article"><front><journal-meta><journal-id journal-id-type="nlm-ta">PLoS Comput Biol</journal-id><journal-id journal-id-type="iso-abbrev">PLoS Comput. Biol</journal-id><journal-id journal-id-type="publisher-id">pcbi</journal-id><journal-id journal-id-type="publisher-id">plcb</journal-id><journal-id journal-id-type="pmc">ploscomp</journal-id><journal-title-group><journal-title>PLoS Computational Biology</journal-title></journal-title-group><issn pub-type="ppub">1553-734X</issn><issn pub-type="epub">1553-7358</issn><publisher><publisher-name>Public Library of Science</publisher-name><publisher-loc>San Francisco, USA</publisher-loc></publisher></journal-meta><article-meta><article-id pub-id-type="accession">PMC1617132</article-id><article-id pub-id-type="pmcid">PMC1617132</article-id><article-id pub-id-type="pmc-uid">1617132</article-id><article-id pub-id-type="pmid">17054391</article-id><article-id pub-id-type="pmid">17054391</article-id><article-id pub-id-type="doi">10.1371/journal.pcbi.0020139</article-id><article-id pub-id-type="publisher-id">06-PLCB-RA-0035R2</article-id><article-id pub-id-type="sici">plcb-02-10-10</article-id><article-categories><subj-group subj-group-type="heading"><subject>Research Article</subject></subj-group><subj-group subj-group-type="Discipline"><subject>Bioinformatics - Computational Biology</subject><subject>Cell Biology</subject><subject>Statistics</subject><subject>Systems Biology</subject></subj-group><subj-group subj-group-type="System Taxonomy"><subject>Animals</subject></subj-group></article-categories><title-group><article-title>The Transcriptional Regulator CBP Has Defined Spatial Associations within Interphase Nuclei</article-title><alt-title alt-title-type="running-head">Characterizing Nuclear Architecture</alt-title></title-group><contrib-group><contrib contrib-type="author"><name><surname>McManus</surname><given-names>Kirk J</given-names></name><xref ref-type="aff" rid="aff1">1</xref><xref ref-type="fn" rid="n105">¤</xref></contrib><contrib contrib-type="author"><name><surname>Stephens</surname><given-names>David A</given-names></name><xref ref-type="aff" rid="aff2">2</xref></contrib><contrib contrib-type="author"><name><surname>Adams</surname><given-names>Niall M</given-names></name><xref ref-type="aff" rid="aff2">2</xref></contrib><contrib contrib-type="author"><name><surname>Islam</surname><given-names>Suhail A</given-names></name><xref ref-type="aff" rid="aff3">3</xref></contrib><contrib contrib-type="author"><name><surname>Freemont</surname><given-names>Paul S</given-names></name><xref ref-type="aff" rid="aff3">3</xref><xref ref-type="corresp" rid="cor1">*</xref></contrib><contrib contrib-type="author"><name><surname>Hendzel</surname><given-names>Michael J</given-names></name><xref ref-type="aff" rid="aff1">1</xref><xref ref-type="corresp" rid="cor1">*</xref></contrib></contrib-group><aff id="aff1"><label>1</label> Department of Oncology, Cross Cancer Institute, Edmonton, Alberta, Canada
</aff><aff id="aff2"><label>2</label> Department of Mathematics, Imperial College London, London, United Kingdom
</aff><aff id="aff3"><label>3</label> Division of Molecular Biosciences, Imperial College London, London, United Kingdom
</aff><contrib-group><contrib contrib-type="editor"><name><surname>Berezney</surname><given-names>Ronald</given-names></name><role>Editor</role><xref ref-type="aff" rid="edit1"/></contrib></contrib-group><aff id="edit1">State University of New York at Buffalo, United States of America</aff><author-notes><corresp id="cor1">* To whom correspondence should be addressed. E-mail: <email>p.freemont@imperial.ac.uk</email> (PSF); <email>michaelh@cancerboard.ab.ca</email> (MJH) </corresp></author-notes><pub-date pub-type="ppub"><month>10</month><year>2006</year></pub-date><pub-date pub-type="epub"><day>20</day><month>10</month><year>2006</year></pub-date><pub-date pub-type="epreprint"><day>8</day><month>9</month><year>2006</year></pub-date><volume>2</volume><issue>10</issue><elocation-id>e139</elocation-id><history><date date-type="received"><day>26</day><month>1</month><year>2006</year></date><date date-type="accepted"><day>8</day><month>9</month><year>2006</year></date></history><permissions><copyright-statement> © 2006 McManus et al.</copyright-statement><copyright-year>2006</copyright-year><license xlink:href="http://creativecommons.org/licenses/by/4.0/"><license-p>This is an open-access article distributed under the terms of the Creative Commons Attribution License, which permits unrestricted use, distribution, and reproduction in any medium, provided the original author and source are properly credited.</license-p></license></permissions><!--<related-article preprintResearch Article10.1371/journal.pcbi.0020139.eorsimple>The transcriptional regulator CBP has defined spatial associations within interphase nuclei</related-article>--><abstract><p>It is becoming increasingly clear that nuclear macromolecules and macromolecular complexes are compartmentalized through binding interactions into an apparent three-dimensionally ordered structure. This ordering, however, does not appear to be deterministic to the extent that chromatin and nonchromatin structures maintain a strict 3-D arrangement. Rather, spatial ordering within the cell nucleus appears to conform to stochastic rather than deterministic spatial relationships. The stochastic nature of organization becomes particularly problematic when any attempt is made to describe the spatial relationship between proteins involved in the regulation of the genome. The CREB–binding protein (CBP) is one such transcriptional regulator that, when visualised by confocal microscopy, reveals a highly punctate staining pattern comprising several hundred individual foci distributed within the nuclear volume. Markers for euchromatic sequences have similar patterns. Surprisingly, in most cases, the predicted one-to-one relationship between transcription factor and chromatin sequence is not observed. Consequently, to understand whether spatial relationships that are not coincident are nonrandom and potentially biologically important, it is necessary to develop statistical approaches. In this study, we report on the development of such an approach and apply it to understanding the role of CBP in mediating chromatin modification and transcriptional regulation. We have used nearest-neighbor distance measurements and probability analyses to study the spatial relationship between CBP and other nuclear subcompartments enriched in transcription factors, chromatin, and splicing factors. Our results demonstrate that CBP has an order of spatial association with other nuclear subcompartments. We observe closer associations between CBP and RNA polymerase II–enriched foci and SC35 speckles than nascent RNA or specific acetylated histones. Furthermore, we find that CBP has a significantly higher probability of being close to its known in vivo substrate histone H4 lysine 5 compared with the closely related H4 lysine 12. This study demonstrates that complex relationships not described by colocalization exist in the interphase nucleus and can be characterized and quantified. The subnuclear distribution of CBP is difficult to reconcile with a model where chromatin organization is the sole determinant of the nuclear organization of proteins that regulate transcription but is consistent with a close link between spatial associations and nuclear functions.</p></abstract><abstract abstract-type="synopsis"><title>Synopsis</title><p>The cell nucleus is the part of the cell that houses the genome and the associated machinery that are responsible for its duplication, maintenance, and expression. It has become apparent that the individual chromosomes that comprise the genome and the machinery that act on the genome and its RNA products are organized within the nuclear volume. The nature of this organization has been difficult to define because simple mapping has shown that it is not defined by predefined 3-D locations for each component. In this study, McManus and colleagues have developed a statistical tool to facilitate the characterization of spatial relationships, their relationship between organization and function, and the identification of rules defining these relationships. With the specific example of the CREB–binding protein, the authors have used this new statistical tool to determine how the organization of the CREB–binding protein relates to the varying protein–protein complexes, catalytic activity, and functions of the protein. Their results demonstrate that this statistical approach can identify spatial relationships that cannot be defined by the more simple techniques employed to date and can open the door for determining the rules of nuclear organization.</p></abstract><counts><page-count count="13"/></counts><custom-meta-group><custom-meta><meta-name>citation</meta-name><meta-value>McManus KJ, Stephens DA, Adams NM, Islam SA, Freemont PS, et al. (2006) The transcriptional regulator CBP has defined spatial associations within interphase nuclei. PLoS Comput Biol 2(10): e139. DOI: <ext-link ext-link-type="doi" xlink:href="10.1371/journal.pcbi.0020139">10.1371/journal.pcbi.0020139</ext-link></meta-value></custom-meta></custom-meta-group></article-meta></front></article>