<article xmlns="https://jats.nlm.nih.gov/ns/archiving/1.2/" xmlns:xsi="http://www.w3.org/2001/XMLSchema-instance" xmlns:ali="http://www.niso.org/schemas/ali/1.0/" xmlns:mml="http://www.w3.org/1998/Math/MathML" xmlns:xlink="http://www.w3.org/1999/xlink" xsi:schemaLocation="https://jats.nlm.nih.gov/ns/archiving/1.2/ https://jats.nlm.nih.gov/archiving/1.2/xsd/JATS-archivearticle1.xsd" article-type="research-article"><front><journal-meta><journal-id journal-id-type="nlm-ta">PLoS Comput Biol</journal-id><journal-id journal-id-type="iso-abbrev">PLoS Comput. Biol</journal-id><journal-id journal-id-type="publisher-id">pcbi</journal-id><journal-id journal-id-type="publisher-id">plcb</journal-id><journal-id journal-id-type="pmc">ploscomp</journal-id><journal-title-group><journal-title>PLoS Computational Biology</journal-title></journal-title-group><issn pub-type="ppub">1553-734X</issn><issn pub-type="epub">1553-7358</issn><publisher><publisher-name>Public Library of Science</publisher-name><publisher-loc>San Francisco, USA</publisher-loc></publisher></journal-meta><article-meta><article-id pub-id-type="accession">PMC1866358</article-id><article-id pub-id-type="pmcid">PMC1866358</article-id><article-id pub-id-type="pmc-uid">1866358</article-id><article-id pub-id-type="pmid">17500586</article-id><article-id pub-id-type="pmid">17500586</article-id><article-id pub-id-type="doi">10.1371/journal.pcbi.0030087</article-id><article-id pub-id-type="publisher-id">06-PLCB-RA-0488R2</article-id><article-id pub-id-type="sici">plcb-03-05-07</article-id><article-categories><subj-group subj-group-type="heading"><subject>Research Article</subject></subj-group><subj-group subj-group-type="Discipline"><subject>Computational Biology</subject><subject>Infectious Diseases</subject><subject>Mathematics</subject></subj-group><subj-group subj-group-type="System Taxonomy"><subject>Viruses</subject></subj-group></article-categories><title-group><article-title>HIV-1 Subtype B Protease and Reverse Transcriptase Amino Acid Covariation</article-title><alt-title alt-title-type="running-head">HIV-1 Amino Acid Covariation</alt-title></title-group><contrib-group><contrib contrib-type="author"><name><surname>Rhee</surname><given-names>Soo-Yon</given-names></name><xref ref-type="aff" rid="aff1">1</xref></contrib><contrib contrib-type="author"><name><surname>Liu</surname><given-names>Tommy F</given-names></name><xref ref-type="aff" rid="aff1">1</xref></contrib><contrib contrib-type="author"><name><surname>Holmes</surname><given-names>Susan P</given-names></name><xref ref-type="aff" rid="aff2">2</xref></contrib><contrib contrib-type="author"><name><surname>Shafer</surname><given-names>Robert W</given-names></name><xref ref-type="aff" rid="aff1">1</xref><xref ref-type="corresp" rid="cor1">*</xref></contrib></contrib-group><aff id="aff1"><label>1</label> Division of Infectious Diseases, Department of Medicine, Stanford University, Stanford, California, United States of America
</aff><aff id="aff2"><label>2</label> Department of Statistics, Stanford University, Stanford, California, United States of America
</aff><contrib-group><contrib contrib-type="editor"><name><surname>Tucker-Kellogg</surname><given-names>Greg</given-names></name><role>Editor</role><xref ref-type="aff" rid="edit1"/></contrib></contrib-group><aff id="edit1">Lilly Systems Biology, Singapore</aff><author-notes><corresp id="cor1">* To whom correspondence should be addressed. E-mail: <email>rshafer@stanford.edu</email></corresp></author-notes><pub-date pub-type="ppub"><month>5</month><year>2007</year></pub-date><pub-date pub-type="epub"><day>11</day><month>5</month><year>2007</year></pub-date><volume>3</volume><issue>5</issue><elocation-id>e87</elocation-id><history><date date-type="received"><day>24</day><month>11</month><year>2006</year></date><date date-type="accepted"><day>2</day><month>4</month><year>2007</year></date></history><permissions><copyright-statement> © 2007 Rhee et al.</copyright-statement><copyright-year>2007</copyright-year><license xlink:href="http://creativecommons.org/licenses/by/4.0/"><license-p>This is an open-access article distributed under the terms of the Creative Commons Attribution License, which permits unrestricted use, distribution, and reproduction in any medium, provided the original author and source are properly credited.</license-p></license></permissions><abstract><p>Despite the high degree of HIV-1 protease and reverse transcriptase (RT) mutation in the setting of antiretroviral therapy, the spectrum of possible virus variants appears to be limited by patterns of amino acid covariation. We analyzed patterns of amino acid covariation in protease and RT sequences from more than 7,000 persons infected with HIV-1 subtype B viruses obtained from the Stanford HIV Drug Resistance Database (<ext-link ext-link-type="uri" xlink:href="http://hivdb.stanford.edu">http://hivdb.stanford.edu</ext-link>). In addition, we examined the relationship between conditional probabilities associated with a pair of mutations and the order in which those mutations developed in viruses for which longitudinal sequence data were available. Patterns of RT covariation were dominated by the distinct clustering of Type I and Type II thymidine analog mutations and the Q151M-associated mutations. Patterns of protease covariation were dominated by the clustering of nelfinavir-associated mutations (D30N and N88D), two main groups of protease inhibitor (PI)–resistance mutations associated either with V82A or L90M, and a tight cluster of mutations associated with decreased susceptibility to amprenavir and the most recently approved PI darunavir. Different patterns of covariation were frequently observed for different mutations at the same position including the RT mutations T69D versus T69N, L74V versus L74I, V75I versus V75M, T215F versus T215Y, and K219Q/E versus K219N/R, and the protease mutations M46I versus M46L, I54V versus I54M/L, and N88D versus N88S. Sequence data from persons with correlated mutations in whom earlier sequences were available confirmed that the conditional probabilities associated with correlated mutation pairs could be used to predict the order in which the mutations were likely to have developed. Whereas accessory nucleoside RT inhibitor–resistance mutations nearly always follow primary nucleoside RT inhibitor–resistance mutations, accessory PI-resistance mutations often preceded primary PI-resistance mutations.</p></abstract><abstract abstract-type="summary"><title>Author Summary</title><sec id="st1"><title/><p>The identification of which mutations in a protein covary has played a major role in both structural and evolutionary biology. Covariation analysis has been used to help predict unsolved protein structures and to better understand the functions of proteins with known structures. The large number of published genetic sequences of the targets of HIV-1 therapy has provided an unprecedented opportunity to identify dependencies among mutations in these proteins that can be exploited to design inhibitors that have high genetic barriers to resistance. In our analysis, we identified many pairs of covarying drug-resistance mutations in HIV-1 protease and reverse transcriptase and organized them into clusters of mutations that often develop in a predictable order. Inhibitors that are active against early drug-resistant mutants are likely to be less prone to the development of resistance, whereas inhibitors that are active against fully evolved clusters of mutations may be useful drugs for salvage therapy.</p></sec></abstract><counts><page-count count="8"/></counts><custom-meta-group><custom-meta><meta-name>citation</meta-name><meta-value>Rhee SY, Liu TF, Holmes SP, Shafer RW (2007) HIV-1 subtype B protease and reverse transcriptase amino acid covariation. PLoS Comput Biol 3(5): e87. doi:<ext-link ext-link-type="doi" xlink:href="10.1371/journal.pcbi.0030087">10.1371/journal.pcbi.0030087</ext-link></meta-value></custom-meta></custom-meta-group></article-meta></front></article>