<article xmlns="https://jats.nlm.nih.gov/ns/archiving/1.2/" xmlns:xsi="http://www.w3.org/2001/XMLSchema-instance" xmlns:ali="http://www.niso.org/schemas/ali/1.0/" xmlns:mml="http://www.w3.org/1998/Math/MathML" xmlns:xlink="http://www.w3.org/1999/xlink" xsi:schemaLocation="https://jats.nlm.nih.gov/ns/archiving/1.2/ https://jats.nlm.nih.gov/archiving/1.2/xsd/JATS-archivearticle1.xsd" article-type="research-article"><front><journal-meta><journal-id journal-id-type="nlm-ta">PLoS Comput Biol</journal-id><journal-id journal-id-type="iso-abbrev">PLoS Comput. Biol</journal-id><journal-id journal-id-type="publisher-id">pcbi</journal-id><journal-id journal-id-type="publisher-id">plcb</journal-id><journal-id journal-id-type="pmc">ploscomp</journal-id><journal-title-group><journal-title>PLoS Computational Biology</journal-title></journal-title-group><issn pub-type="ppub">1553-734X</issn><issn pub-type="epub">1553-7358</issn><publisher><publisher-name>Public Library of Science</publisher-name><publisher-loc>San Francisco, USA</publisher-loc></publisher></journal-meta><article-meta><article-id pub-id-type="accession">PMC1868775</article-id><article-id pub-id-type="pmcid">PMC1868775</article-id><article-id pub-id-type="pmc-uid">1868775</article-id><article-id pub-id-type="pmid">17511513</article-id><article-id pub-id-type="pmid">17511513</article-id><article-id pub-id-type="doi">10.1371/journal.pcbi.0030093</article-id><article-id pub-id-type="publisher-id">06-PLCB-RA-0535R2</article-id><article-id pub-id-type="sici">plcb-03-05-12</article-id><article-categories><subj-group subj-group-type="heading"><subject>Research Article</subject></subj-group><subj-group subj-group-type="Discipline"><subject>Computational Biology</subject><subject>Genetics and Genomics</subject><subject>Molecular Biology</subject></subj-group><subj-group subj-group-type="System Taxonomy"><subject>Homo (Human)</subject></subj-group></article-categories><title-group><article-title>The Human Genomic Melting Map</article-title><alt-title alt-title-type="running-head">The Human Genomic Melting Map</alt-title></title-group><contrib-group><contrib contrib-type="author"><name><surname>Liu</surname><given-names>Fang</given-names></name><xref ref-type="aff" rid="aff1">1</xref><xref ref-type="aff" rid="aff2">2</xref></contrib><contrib contrib-type="author"><name><surname>Tøstesen</surname><given-names>Eivind</given-names></name><xref ref-type="aff" rid="aff1">1</xref></contrib><contrib contrib-type="author"><name><surname>Sundet</surname><given-names>Jostein K</given-names></name><xref ref-type="aff" rid="aff3">3</xref></contrib><contrib contrib-type="author"><name><surname>Jenssen</surname><given-names>Tor-Kristian</given-names></name><xref ref-type="aff" rid="aff2">2</xref></contrib><contrib contrib-type="author"><name><surname>Bock</surname><given-names>Christoph</given-names></name><xref ref-type="aff" rid="aff4">4</xref></contrib><contrib contrib-type="author"><name><surname>Jerstad</surname><given-names>Geir Ivar</given-names></name><xref ref-type="aff" rid="aff1">1</xref></contrib><contrib contrib-type="author"><name><surname>Thilly</surname><given-names>William G</given-names></name><xref ref-type="aff" rid="aff5">5</xref></contrib><contrib contrib-type="author"><name><surname>Hovig</surname><given-names>Eivind</given-names></name><xref ref-type="aff" rid="aff1">1</xref><xref ref-type="aff" rid="aff3">3</xref><xref ref-type="aff" rid="aff6">6</xref><xref ref-type="corresp" rid="cor1">*</xref></contrib></contrib-group><aff id="aff1"><label>1</label> Department of Tumor Biology, Institute for Cancer Research, Rikshospitalet-Radiumhospitalet Medical Center, Oslo, Norway
</aff><aff id="aff2"><label>2</label> PubGene AS, Vinderen, Oslo, Norway
</aff><aff id="aff3"><label>3</label> Institute of Informatics, University of Oslo, Norway
</aff><aff id="aff4"><label>4</label> Max-Planck-Institut für Informatik, Saarbrücken, Germany
</aff><aff id="aff5"><label>5</label> Biological Engineering Division, Massachusetts Institute of Technology, Cambridge, Massachusetts, United States of America
</aff><aff id="aff6"><label>6</label> Medical Informatics, Institute for Cancer Research, Rikshospitalet-Radiumhospitalet Medical Center, Oslo, Norway
</aff><contrib-group><contrib contrib-type="editor"><name><surname>van de Peer</surname><given-names>Yves</given-names></name><role>Editor</role><xref ref-type="aff" rid="edit1"/></contrib></contrib-group><aff id="edit1">Ghent University, Belgium</aff><author-notes><corresp id="cor1">* To whom correspondence should be addressed. E-mail: <email>ehovig@radium.uio.no</email></corresp></author-notes><pub-date pub-type="ppub"><month>5</month><year>2007</year></pub-date><pub-date pub-type="epub"><day>18</day><month>5</month><year>2007</year></pub-date><pub-date pub-type="epreprint"><day>11</day><month>4</month><year>2007</year></pub-date><volume>3</volume><issue>5</issue><elocation-id>e93</elocation-id><history><date date-type="received"><day>21</day><month>12</month><year>2006</year></date><date date-type="accepted"><day>11</day><month>4</month><year>2007</year></date></history><permissions><copyright-statement> © 2007 Liu et al.</copyright-statement><copyright-year>2007</copyright-year><license xlink:href="http://creativecommons.org/licenses/by/4.0/"><license-p>This is an open-access article distributed under the terms of the Creative Commons Attribution License, which permits unrestricted use, distribution, and reproduction in any medium, provided the original author and source are properly credited.</license-p></license></permissions><!--<related-article preprintResearch Article10.1371/journal.pcbi.0030093.eorsimple>Are Molecular Haplotypes Worth the Time and Expense? A Cost-Effective Method for Applying Molecular Haplotypes</related-article>--><abstract><p>In a living cell, the antiparallel double-stranded helix of DNA is a dynamically changing structure. The structure relates to interactions between and within the DNA strands, and the array of other macromolecules that constitutes functional chromatin. It is only through its changing conformations that DNA can organize and structure a large number of cellular functions. In particular, DNA must locally uncoil, or melt, and become single-stranded for DNA replication, repair, recombination, and transcription to occur. It has previously been shown that this melting occurs cooperatively, whereby several base pairs act in concert to generate melting bubbles, and in this way constitute a domain that behaves as a unit with respect to local DNA single-strandedness. We have applied a melting map calculation to the complete human genome, which provides information about the propensities of forming local bubbles determined from the whole sequence, and present a first report on its basic features, the extent of cooperativity, and correlations to various physical and biological features of the human genome. Globally, the melting map covaries very strongly with GC content. Most importantly, however, cooperativity of DNA denaturation causes this correlation to be weaker at resolutions fewer than 500 bps. This is also the resolution level at which most structural and biological processes occur, signifying the importance of the informational content inherent in the genomic melting map. The human DNA melting map may be further explored at <ext-link ext-link-type="uri" xlink:href="http://meltmap.uio.no">http://meltmap.uio.no</ext-link>.</p></abstract><abstract abstract-type="summary"><title>Author Summary</title><sec id="st1"><title/><p>In a living cell, DNA both is an information carrier and carries out important structural tasks, such as organizing its replication and distributing the chromosomes to the daughter cells. DNA is frequently depicted as an antiparallel double-stranded helix, but DNA may rather be viewed as having a dynamically changing structure. This is because in performing most of these tasks, it is necessary for the DNA helix to become single-stranded locally, or unwound, thereby creating “bubbles” in the double strand, much as what happens when a twisted rope with two strands is untwisted. In the cell, this happens by the aid of the enzymatic machinery, but it may also be observed in experiments when a gradual increase in temperature produces bubbles. Our calculations in producing a melting map are based on temperature changes, but may be viewed as a map of bubble formation tendencies along the genome. In DNA, an opening bubble does not open one base at a time, but rather as a cooperative event, in that several base pairs act in concert to form a bubble, and we use an algorithm that takes this aspect into consideration. We then explore the correlations between the melting map and many known features of the human genome. We also demonstrate the extent of cooperativity, and find that the melting map carries information otherwise not available. Once the melting map is calculated, a number of more detailed studies of relationships to DNA structure and function are made possible, as well as improvements of algorithms for modelling DNA with associated proteins as they occur in the natural cellular environment.</p></sec></abstract><counts><page-count count="13"/></counts><custom-meta-group><custom-meta><meta-name>citation</meta-name><meta-value>Liu F, Tøstesen E, Sundet JK, Jenssen TK, Bock C, et al. (2007) The human genomic melting map. PLoS Comput Biol 3(5): e93. doi:<ext-link ext-link-type="doi" xlink:href="10.1371/journal.pcbi.0030093">10.1371/journal.pcbi.0030093</ext-link></meta-value></custom-meta></custom-meta-group></article-meta></front></article>