<article xmlns="https://jats.nlm.nih.gov/ns/archiving/1.2/" xmlns:xsi="http://www.w3.org/2001/XMLSchema-instance" xmlns:ali="http://www.niso.org/schemas/ali/1.0/" xmlns:mml="http://www.w3.org/1998/Math/MathML" xmlns:xlink="http://www.w3.org/1999/xlink" xsi:schemaLocation="https://jats.nlm.nih.gov/ns/archiving/1.2/ https://jats.nlm.nih.gov/archiving/1.2/xsd/JATS-archivearticle1.xsd" article-type="research-article"><front><journal-meta><journal-id journal-id-type="nlm-ta">PLoS Comput Biol</journal-id><journal-id journal-id-type="iso-abbrev">PLoS Comput. Biol</journal-id><journal-id journal-id-type="publisher-id">pcbi</journal-id><journal-id journal-id-type="publisher-id">plcb</journal-id><journal-id journal-id-type="pmc">ploscomp</journal-id><journal-title-group><journal-title>PLoS Computational Biology</journal-title></journal-title-group><issn pub-type="ppub">1553-734X</issn><issn pub-type="epub">1553-7358</issn><publisher><publisher-name>Public Library of Science</publisher-name><publisher-loc>San Francisco, USA</publisher-loc></publisher></journal-meta><article-meta><article-id pub-id-type="accession">PMC1420664</article-id><article-id pub-id-type="pmcid">PMC1420664</article-id><article-id pub-id-type="pmc-uid">1420664</article-id><article-id pub-id-type="pmid">16604190</article-id><article-id pub-id-type="pmid">16604190</article-id><article-id pub-id-type="doi">10.1371/journal.pcbi.0020030</article-id><article-id pub-id-type="publisher-id">05-PLCB-RA-0316R2</article-id><article-id pub-id-type="sici">plcb-02-03-12</article-id><article-categories><subj-group subj-group-type="heading"><subject>Research Article</subject></subj-group><subj-group subj-group-type="Discipline"><subject>Cell Biology</subject><subject>Systems Biology</subject></subj-group><subj-group subj-group-type="System Taxonomy"><subject>None</subject></subj-group></article-categories><title-group><article-title>Dynamical Principles of Two-Component Genetic Oscillators </article-title><alt-title alt-title-type="running-head">Dynamics of Genetic Oscillators</alt-title></title-group><contrib-group><contrib contrib-type="author"><name><surname>Guantes</surname><given-names>Raúl</given-names></name><xref ref-type="aff" rid="aff1">1</xref></contrib><contrib contrib-type="author"><name><surname>Poyatos</surname><given-names>Juan F</given-names></name><xref ref-type="aff" rid="aff2">2</xref><xref ref-type="corresp" rid="cor1">*</xref></contrib></contrib-group><aff id="aff1"><label>1</label> Instituto Nicolás Cabrera, Facultad de Ciencias C–XVI, Universidad Autónoma de Madrid, Madrid, Spain
</aff><aff id="aff2"><label>2</label> Evolutionary Systems Biology Initiative, Structural and Computational Biology Programme, Spanish National Cancer Centre (CNIO), Madrid, Spain
</aff><contrib-group><contrib contrib-type="editor"><name><surname>Miyano</surname><given-names>Satoru</given-names></name><role>Editor</role><xref ref-type="aff" rid="edit1"/></contrib></contrib-group><aff id="edit1">University of Tokyo, Japan</aff><author-notes><corresp id="cor1">To whom correspondence should be addressed. E-mail: <email>jpoyatos@cnio.es</email></corresp></author-notes><pub-date pub-type="ppub"><month>3</month><year>2006</year></pub-date><pub-date pub-type="epub"><day>31</day><month>3</month><year>2006</year></pub-date><pub-date pub-type="epreprint"><day>22</day><month>2</month><year>2006</year></pub-date><volume>2</volume><issue>3</issue><elocation-id>e30</elocation-id><history><date date-type="received"><day>4</day><month>11</month><year>2005</year></date><date date-type="accepted"><day>22</day><month>2</month><year>2006</year></date></history><permissions><copyright-statement> © 2006 Guantes and Poyatos.</copyright-statement><copyright-year>2006</copyright-year><license xlink:href="http://creativecommons.org/licenses/by/4.0/"><license-p>This is an open-access article distributed under the terms of the Creative Commons Attribution License, which permits unrestricted use, distribution, and reproduction in any medium, provided the original author and source are properly credited.</license-p></license></permissions><!--<related-article preprintresearch10.1371/journal.pcbi.0020030.eorsimple>Dynamical Principles of Two-Component Genetic Oscillators</related-article>--><abstract><p>Genetic oscillators based on the interaction of a small set of molecular components have been shown to be involved in the regulation of the cell cycle, the circadian rhythms, or the response of several signaling pathways. Uncovering the functional properties of such oscillators then becomes important for the understanding of these cellular processes and for the characterization of fundamental properties of more complex clocks. Here, we show how the dynamics of a minimal two-component oscillator is drastically affected by its genetic implementation. We consider a repressor and activator element combined in a simple logical motif. While activation is always exerted at the transcriptional level, repression is alternatively operating at the transcriptional (Design I) or post-translational (Design II) level. These designs display differences on basic oscillatory features and on their behavior with respect to molecular noise or entrainment by periodic signals. In particular, Design I induces oscillations with large activator amplitudes and arbitrarily small frequencies, and acts as an “integrator” of external stimuli, while Design II shows emergence of oscillations with finite, and less variable, frequencies and smaller amplitudes, and detects better frequency-encoded signals (“resonator”). Similar types of stimulus response are observed in neurons, and thus this work enables us to connect very different biological contexts. These dynamical principles are relevant for the characterization of the physiological roles of simple oscillator motifs, the understanding of core machineries of complex clocks, and the bio-engineering of synthetic oscillatory circuits.</p></abstract><abstract abstract-type="synopsis"><title>Synopsis</title><p>Periodic variations in protein abundances are at the heart of important cellular processes, with common examples being the circadian rhythms or the cell cycle. What is the molecular basis of this behavior? Recent reports showed how simple architectures, based on the interaction of a few molecular components, are capable of inducing oscillatory dynamics. These structures are also of interest for the understanding of complex cellular oscillators, as they appear to be core constituents of them. The authors carefully analyze one of these architectures and uncover how different genetic implementations of such structures strikingly influence its dynamical behavior. They consider two genetic implementations of a repressor and activator element combined in a simple logical motif. While activation is transcriptionally implemented in both cases, repression may act either transcriptionally or post-translationally. These differences in design originate drastic changes in the way oscillations are produced, in the tolerance to molecular noise, or in the circuit response to external stimuli. Similar aspects have been discussed in relation to neural dynamics; therefore this work is able to connect two very different biological scenarios. Thus, simple genetic motifs exploit not only their connectivity pattern but their design to act as information processing units within living cells.</p></abstract><counts><page-count count="10"/></counts><custom-meta-group><custom-meta><meta-name>Citation:</meta-name><meta-value>Guantes R, Poyatos JF (2006) Dynamical principles of two-component genetic oscillators. PLoS Comput Biol 2(3): e30.</meta-value></custom-meta></custom-meta-group></article-meta></front></article>