<article xmlns="https://jats.nlm.nih.gov/ns/archiving/1.2/" xmlns:xsi="http://www.w3.org/2001/XMLSchema-instance" xmlns:ali="http://www.niso.org/schemas/ali/1.0/" xmlns:mml="http://www.w3.org/1998/Math/MathML" xmlns:xlink="http://www.w3.org/1999/xlink" xsi:schemaLocation="https://jats.nlm.nih.gov/ns/archiving/1.2/ https://jats.nlm.nih.gov/archiving/1.2/xsd/JATS-archivearticle1.xsd" article-type="research-article"><front><journal-meta><journal-id journal-id-type="nlm-ta">PLoS Comput Biol</journal-id><journal-id journal-id-type="iso-abbrev">PLoS Comput. Biol</journal-id><journal-id journal-id-type="publisher-id">pcbi</journal-id><journal-id journal-id-type="publisher-id">plcb</journal-id><journal-id journal-id-type="pmc">ploscomp</journal-id><journal-title-group><journal-title>PLoS Computational Biology</journal-title></journal-title-group><issn pub-type="ppub">1553-734X</issn><issn pub-type="epub">1553-7358</issn><publisher><publisher-name>Public Library of Science</publisher-name></publisher></journal-meta><article-meta><article-id pub-id-type="accession">PMC1183514</article-id><article-id pub-id-type="pmcid">PMC1183514</article-id><article-id pub-id-type="pmc-uid">1183514</article-id><article-id pub-id-type="pmid">16103909</article-id><article-id pub-id-type="pmid">16103909</article-id><article-id pub-id-type="doi">10.1371/journal.pcbi.0010008</article-id><article-id pub-id-type="publisher-id">05-PLCB-RA-0024R2</article-id><article-id pub-id-type="sici">plcb-01-01-10</article-id><article-categories><subj-group subj-group-type="heading"><subject>Research Article</subject></subj-group><subj-group subj-group-type="Discipline"><subject>Bioinformatics - Computational Biology</subject></subj-group><subj-group subj-group-type="System Taxonomy"><subject>In Vitro</subject></subj-group></article-categories><title-group><article-title>Combinatorial Pattern Discovery Approach for the Folding Trajectory Analysis of a <italic>β</italic>-Hairpin</article-title><alt-title alt-title-type="running-head">Pattern Discovery for Protein Folding</alt-title></title-group><contrib-group><contrib contrib-type="author"><name><surname>Parida</surname><given-names>Laxmi</given-names></name><xref ref-type="aff" rid="aff1">1</xref><xref ref-type="corresp" rid="cor1"/></contrib><contrib contrib-type="author"><name><surname>Zhou</surname><given-names>Ruhong</given-names></name><xref ref-type="aff" rid="aff1">1</xref><xref ref-type="aff" rid="aff2">2</xref><xref ref-type="corresp" rid="cor1"/></contrib></contrib-group><aff id="aff1"><label>1</label> Computational Biology Center, IBM Thomas J. Watson Research Center, Yorktown Heights, New York, United States of America
</aff><aff id="aff2"><label>2</label> Department of Chemistry, Columbia University, New York, New York, United States of America
</aff><contrib-group><contrib contrib-type="editor"><name><surname>Lai</surname><given-names>Luhua</given-names></name><role>Editor</role><xref ref-type="aff" rid="edit1"/></contrib></contrib-group><aff id="edit1">Peking University, China</aff><author-notes><corresp id="cor1">E-mail: <email>parida@us.ibm.com</email> (LP); <email>ruhongz@us.ibm.com</email> (RZ)</corresp></author-notes><pub-date pub-type="ppub"><month>6</month><year>2005</year></pub-date><pub-date pub-type="epub"><day>24</day><month>6</month><year>2005</year></pub-date><volume>1</volume><issue>1</issue><elocation-id>e8</elocation-id><history><date date-type="received"><day>4</day><month>2</month><year>2005</year></date><date date-type="accepted"><day>18</day><month>5</month><year>2005</year></date></history><permissions><copyright-statement>Copyright: © 2005 Parida and Zhou.</copyright-statement><copyright-year>2005</copyright-year><license xlink:href="http://creativecommons.org/licenses/by/4.0/"><license-p>This is an open-access article distributed under the terms of the Creative Commons Attribution License, which permits unrestricted use, distribution, and reproduction in any medium, provided the original author and source are properly credited.</license-p></license></permissions><abstract><p>The study of protein folding mechanisms continues to be one of the most challenging problems in computational biology. Currently, the protein folding mechanism is often characterized by calculating the free energy landscape versus various reaction coordinates, such as the fraction of native contacts, the radius of gyration, RMSD from the native structure, and so on. In this paper, we present a combinatorial pattern discovery approach toward understanding the global state changes during the folding process. This is a first step toward an unsupervised (and perhaps eventually automated) approach toward identification of global states. The approach is based on computing biclusters (or patterned clusters)—each cluster is a combination of various reaction coordinates, and its signature pattern facilitates the computation of the Z-score for the cluster. For this discovery process, we present an algorithm of time complexity <italic>c∈R<italic>O</italic></italic>((<italic>N + nm</italic>) log <italic>n</italic>), where <italic>N</italic> is the size of the output patterns and (<italic>n</italic> ×<italic> m</italic>) is the size of the input with <italic>n</italic> time frames and <italic>m</italic> reaction coordinates. To date, this is the best time complexity for this problem. We next apply this to a <italic>β</italic>-hairpin folding trajectory and demonstrate that this approach extracts crucial information about protein folding intermediate states and mechanism. We make three observations about the approach: (1) The method recovers states previously obtained by visually analyzing free energy surfaces. (2) It also succeeds in extracting meaningful patterns and structures that had been overlooked in previous works, which provides a better understanding of the folding mechanism of the <italic>β</italic>-hairpin. These new patterns also interconnect various states in existing free energy surfaces versus different reaction coordinates. (3) The approach does not require calculating the free energy values, yet it offers an analysis comparable to, and sometimes better than, the methods that use free energy landscapes, thus validating the choice of reaction coordinates. (An abstract version of this work was presented at the 2005 Asia Pacific Bioinformatics Conference [<xref rid="pcbi-0010008-b01" ref-type="bibr">1</xref>].)</p></abstract><abstract abstract-type="synopsis"><title>Synopsis</title><sec id="st1"><title/><p>The study of protein folding mechanisms continues to be one of the most challenging problems in computational biology. Currently, the protein folding mechanism is often characterized by calculating the free energy landscape versus various reaction coordinates, such as the fraction of native contacts, the radius of gyration, RMSD from the native structure, and so on. In this paper, the authors present a combinatorial pattern discovery approach toward understanding the global state changes during the folding process. This is a first step toward an unsupervised (and perhaps eventually automated) approach toward identification of global states. The authors apply this approach to a <italic>β</italic>-hairpin folding trajectory and demonstrate that this approach extracts crucial information about protein folding intermediate states and mechanism.</p></sec></abstract><custom-meta-group><custom-meta><meta-name>Citation:</meta-name><meta-value>Parida L, Zhou R (2005) Combinatorial pattern discovery approach for the folding trajectory analysis of a β-hairpin. PLoS Comput Biol 1(1): e8.</meta-value></custom-meta></custom-meta-group></article-meta></front></article>