<article xmlns="https://jats.nlm.nih.gov/ns/archiving/1.2/" xmlns:xsi="http://www.w3.org/2001/XMLSchema-instance" xmlns:ali="http://www.niso.org/schemas/ali/1.0/" xmlns:mml="http://www.w3.org/1998/Math/MathML" xmlns:xlink="http://www.w3.org/1999/xlink" xsi:schemaLocation="https://jats.nlm.nih.gov/ns/archiving/1.2/ https://jats.nlm.nih.gov/archiving/1.2/xsd/JATS-archivearticle1.xsd" article-type="research-article"><front><journal-meta><journal-id journal-id-type="nlm-ta">PLoS Comput Biol</journal-id><journal-id journal-id-type="iso-abbrev">PLoS Comput. Biol</journal-id><journal-id journal-id-type="publisher-id">pcbi</journal-id><journal-id journal-id-type="publisher-id">plcb</journal-id><journal-id journal-id-type="pmc">ploscomp</journal-id><journal-title-group><journal-title>PLoS Computational Biology</journal-title></journal-title-group><issn pub-type="ppub">1553-734X</issn><issn pub-type="epub">1553-7358</issn><publisher><publisher-name>Public Library of Science</publisher-name><publisher-loc>San Francisco, USA</publisher-loc></publisher></journal-meta><article-meta><article-id pub-id-type="accession">PMC1239904</article-id><article-id pub-id-type="pmcid">PMC1239904</article-id><article-id pub-id-type="pmc-uid">1239904</article-id><article-id pub-id-type="pmid">16201008</article-id><article-id pub-id-type="pmid">16201008</article-id><article-id pub-id-type="doi">10.1371/journal.pcbi.0010044</article-id><article-id pub-id-type="publisher-id">05-PLCB-RA-0077R2</article-id><article-id pub-id-type="sici">plcb-01-04-07</article-id><article-categories><subj-group subj-group-type="heading"><subject>Research Article</subject></subj-group><subj-group subj-group-type="Discipline"><subject>Bioinformatics - Computational Biology</subject><subject>Evolution</subject><subject>Genetics/Evolution</subject></subj-group><subj-group subj-group-type="System Taxonomy"><subject>Retrotransposons</subject><subject>Alu</subject><subject>Primates</subject><subject>Human Evolution</subject></subj-group></article-categories><title-group><article-title>Modeling the Amplification Dynamics of Human <italic>Alu</italic> Retrotransposons</article-title><alt-title alt-title-type="running-head"><italic>Alu</italic> Retrotransposition Dynamics
</alt-title></title-group><contrib-group><contrib contrib-type="author" equal-contrib="yes"><name><surname>Hedges</surname><given-names>Dale J</given-names></name><xref ref-type="aff" rid="aff1">1</xref></contrib><contrib contrib-type="author" equal-contrib="yes"><name><surname>Cordaux</surname><given-names>Richard</given-names></name><xref ref-type="aff" rid="aff1">1</xref></contrib><contrib contrib-type="author"><name><surname>Xing</surname><given-names>Jinchuan</given-names></name><xref ref-type="aff" rid="aff1">1</xref></contrib><contrib contrib-type="author"><name><surname>Witherspoon</surname><given-names>David J</given-names></name><xref ref-type="aff" rid="aff2">2</xref></contrib><contrib contrib-type="author"><name><surname>Rogers</surname><given-names>Alan R</given-names></name><xref ref-type="aff" rid="aff3">3</xref></contrib><contrib contrib-type="author"><name><surname>Jorde</surname><given-names>Lynn B</given-names></name><xref ref-type="aff" rid="aff2">2</xref></contrib><contrib contrib-type="author"><name><surname>Batzer</surname><given-names>Mark A</given-names></name><xref ref-type="aff" rid="aff1">1</xref><xref ref-type="corresp" rid="cor1">*</xref></contrib></contrib-group><aff id="aff1"><label>1</label> Department of Biological Sciences, Biological Computation and Visualization Center, Center for Bio-Modular Microsystems, Louisiana State University, Baton Rouge, Louisiana, United States of America
</aff><aff id="aff2"><label>2</label> Department of Human Genetics<italic>,</italic> University of Utah Health Sciences Center<italic>,</italic> Salt Lake City, Utah, United States of America
</aff><aff id="aff3"><label>3</label> Department of Anthropology, University of Utah, Salt Lake City, Utah, United States of America
</aff><contrib-group><contrib contrib-type="editor"><name><surname>Holmes</surname><given-names>Eddie</given-names></name><role>Editor</role><xref ref-type="aff" rid="edit1"/></contrib></contrib-group><aff id="edit1">Pennsylvania State University, United States of America</aff><author-notes><corresp id="cor1">* To whom correspondence should be addressed. E-mail: <email>mbatzer@lsu.edu</email></corresp></author-notes><pub-date pub-type="ppub"><month>9</month><year>2005</year></pub-date><pub-date pub-type="epub"><day>30</day><month>9</month><year>2005</year></pub-date><volume>1</volume><issue>4</issue><elocation-id>e44</elocation-id><history><date date-type="received"><day>15</day><month>4</month><year>2005</year></date><date date-type="accepted"><day>24</day><month>8</month><year>2005</year></date></history><permissions><copyright-statement>Copyright: © 2005 Hedges et al.</copyright-statement><copyright-year>2005</copyright-year><license xlink:href="http://creativecommons.org/licenses/by/4.0/"><license-p>This is an open-access article distributed under the terms of the Creative Commons Attribution License, which permits unrestricted use, distribution, and reproduction in any medium, provided the original author and source are properly credited.</license-p></license></permissions><abstract><p>Retrotransposons have had a considerable impact on the overall architecture of the human genome. Currently, there are three lineages of retrotransposons (<italic>Alu,</italic> L1, and SVA) that are believed to be actively replicating in humans. While estimates of their copy number, sequence diversity, and levels of insertion polymorphism can readily be obtained from existing genomic sequence data and population sampling, a detailed understanding of the temporal pattern of retrotransposon amplification remains elusive. Here we pose the question of whether, using genomic sequence and population frequency data from extant taxa, one can adequately reconstruct historical amplification patterns. To this end, we developed a computer simulation that incorporates several known aspects of primate <italic>Alu</italic> retrotransposon biology and accommodates sampling effects resulting from the methods by which mobile elements are typically discovered and characterized. By modeling a number of amplification scenarios and comparing simulation-generated expectations to empirical data gathered from existing <italic>Alu</italic> subfamilies, we were able to statistically reject a number of amplification scenarios for individual subfamilies, including that of a rapid expansion or explosion of <italic>Alu</italic> amplification at the time of human–chimpanzee divergence.</p></abstract><abstract abstract-type="synopsis"><title>Synopsis</title><sec id="st1"><title/><p>Nearly 50% of the human genome is composed of mobile elements. While much of this sequence consists of inactive “fossil” elements that are no longer actively moving or generating new copies, three families are currently proliferating in human genomes. Among these, the <italic>Alu</italic> lineage has reached a copy number of over 1 million and alone accounts for approximately 10% of the genome. While considerable evidence has been gathered concerning the underlying biological mechanisms of <italic>Alu</italic> mobilization and proliferation, a detailed understanding of <italic>Alu</italic> amplification history is currently lacking. Researchers are aware, for example, that several thousand <italic>Alu</italic> elements have inserted within the human genome since the divergence of humans and chimpanzees, but how those insertions were distributed over this ~6-million-year time period is currently unknown. In this work, the authors introduce a simulation framework that seeks to incorporate both sequence diversity and empirically gathered population data from human <italic>Alu</italic> elements, in order to provide a better understanding of the last several million years of human <italic>Alu</italic> evolution. The results suggest that a rapid explosion of <italic>Alu</italic> amplification at the time of the human–chimpanzee divergence is unlikely. Therefore, it is improbable that an increase in <italic>Alu</italic> retrotransposition activity was involved in the speciation of humans and chimpanzees.</p></sec></abstract><custom-meta-group><custom-meta><meta-name>Citation:</meta-name><meta-value>Hedges DJ, Cordaux R, Xing J, Witherspoon DJ, Rogers AR, et al. (2005) Modeling the amplification dynamics of human <italic>Alu</italic> retrotransposons. PLoS Comput Biol 1(4): e44.</meta-value></custom-meta></custom-meta-group></article-meta></front></article>