<article xmlns="https://jats.nlm.nih.gov/ns/archiving/1.2/" xmlns:xsi="http://www.w3.org/2001/XMLSchema-instance" xmlns:ali="http://www.niso.org/schemas/ali/1.0/" xmlns:mml="http://www.w3.org/1998/Math/MathML" xmlns:xlink="http://www.w3.org/1999/xlink" xsi:schemaLocation="https://jats.nlm.nih.gov/ns/archiving/1.2/ https://jats.nlm.nih.gov/archiving/1.2/xsd/JATS-archivearticle1.xsd" article-type="other"><front><journal-meta><journal-id journal-id-type="nlm-ta">PLoS Comput Biol</journal-id><journal-id journal-id-type="iso-abbrev">PLoS Comput. Biol</journal-id><journal-id journal-id-type="publisher-id">pcbi</journal-id><journal-id journal-id-type="publisher-id">plcb</journal-id><journal-id journal-id-type="pmc">ploscomp</journal-id><journal-title-group><journal-title>PLoS Computational Biology</journal-title></journal-title-group><issn pub-type="ppub">1553-734X</issn><issn pub-type="epub">1553-7358</issn><publisher><publisher-name>Public Library of Science</publisher-name><publisher-loc>San Francisco, USA</publisher-loc></publisher></journal-meta><article-meta><article-id pub-id-type="accession">PMC1994987</article-id><article-id pub-id-type="pmcid">PMC1994987</article-id><article-id pub-id-type="pmc-uid">1994987</article-id><article-id pub-id-type="pmid">17907799</article-id><article-id pub-id-type="doi">10.1371/journal.pcbi.0030190</article-id><article-id pub-id-type="publisher-id">07-PLCB-C-0474R2</article-id><article-id pub-id-type="sici">plcb-03-09-15</article-id><article-categories><subj-group subj-group-type="heading"><subject>Correspondence</subject></subj-group><subj-group subj-group-type="Discipline"><subject>Science Policy</subject></subj-group><subj-group subj-group-type="System Taxonomy"><subject>Editorial Peer Review</subject><subject>Censorship</subject><subject>Evidence-Based Medicine</subject><subject>Raw Data</subject><subject>Logic</subject></subj-group></article-categories><title-group><article-title>Reply to “Ten Simple Rules for Getting Published”</article-title><alt-title alt-title-type="running-head">N/A</alt-title></title-group><contrib-group><contrib contrib-type="author"><name><surname>Grosch</surname><given-names>Eric</given-names></name><xref ref-type="fn" rid="n101"/></contrib></contrib-group><pub-date pub-type="ppub"><month>9</month><year>2007</year></pub-date><pub-date pub-type="epub"><day>28</day><month>9</month><year>2007</year></pub-date><volume>3</volume><issue>9</issue><elocation-id>e190</elocation-id><permissions><copyright-statement> © 2007 Eric Grosch.</copyright-statement><copyright-year>2007</copyright-year><license xlink:href="http://creativecommons.org/licenses/by/4.0/"><license-p>This is an open-access article distributed under the terms of the Creative Commons Attribution License, which permits unrestricted use, distribution, and reproduction in any medium, provided the original author and source are properly credited.</license-p></license></permissions><counts><page-count count="2"/></counts><custom-meta-group><custom-meta><meta-name>citation</meta-name><meta-value>Grosch E (2007) Reply to “Ten Simple Rules for Getting Published”. PLoS Comput Biol 3(9): e190. doi:<ext-link ext-link-type="doi" xlink:href="10.1371/journal.pcbi.0030190">10.1371/journal.pcbi.0030190</ext-link></meta-value></custom-meta></custom-meta-group></article-meta></front></article>