<article xmlns="https://jats.nlm.nih.gov/ns/archiving/1.2/" xmlns:xsi="http://www.w3.org/2001/XMLSchema-instance" xmlns:ali="http://www.niso.org/schemas/ali/1.0/" xmlns:mml="http://www.w3.org/1998/Math/MathML" xmlns:xlink="http://www.w3.org/1999/xlink" xsi:schemaLocation="https://jats.nlm.nih.gov/ns/archiving/1.2/ https://jats.nlm.nih.gov/archiving/1.2/xsd/JATS-archivearticle1.xsd" article-type="research-article"><front><journal-meta><journal-id journal-id-type="nlm-ta">PLoS Comput Biol</journal-id><journal-id journal-id-type="iso-abbrev">PLoS Comput. Biol</journal-id><journal-id journal-id-type="publisher-id">pcbi</journal-id><journal-id journal-id-type="publisher-id">plcb</journal-id><journal-id journal-id-type="pmc">ploscomp</journal-id><journal-title-group><journal-title>PLoS Computational Biology</journal-title></journal-title-group><issn pub-type="ppub">1553-734X</issn><issn pub-type="epub">1553-7358</issn><publisher><publisher-name>Public Library of Science</publisher-name><publisher-loc>San Francisco, USA</publisher-loc></publisher></journal-meta><article-meta><article-id pub-id-type="accession">PMC1309704</article-id><article-id pub-id-type="pmcid">PMC1309704</article-id><article-id pub-id-type="pmc-uid">1309704</article-id><article-id pub-id-type="pmid">16477324</article-id><article-id pub-id-type="pmid">16477324</article-id><article-id pub-id-type="doi">10.1371/journal.pcbi.0010067</article-id><article-id pub-id-type="publisher-id">05-PLCB-RA-0179R2</article-id><article-id pub-id-type="sici">plcb-01-07-03</article-id><article-categories><subj-group subj-group-type="heading"><subject>Research Article</subject></subj-group><subj-group subj-group-type="Discipline"><subject>Bioinformatics - Computational Biology</subject><subject>Genetics/Comparative Genomics</subject></subj-group><subj-group subj-group-type="System Taxonomy"><subject>Saccharomyces</subject></subj-group></article-categories><title-group><article-title>PhyloGibbs: A Gibbs Sampling Motif Finder That Incorporates Phylogeny</article-title><alt-title alt-title-type="running-head">PhyloGibbs: A Phylogenetic Motif Finder</alt-title></title-group><contrib-group><contrib contrib-type="author"><name><surname>Siddharthan</surname><given-names>Rahul</given-names></name><xref ref-type="aff" rid="aff1">1</xref><xref ref-type="aff" rid="aff2">2</xref></contrib><contrib contrib-type="author"><name><surname>Siggia</surname><given-names>Eric D</given-names></name><xref ref-type="aff" rid="aff1">1</xref></contrib><contrib contrib-type="author"><name><surname>van Nimwegen</surname><given-names>Erik</given-names></name><xref ref-type="aff" rid="aff1">1</xref><xref ref-type="aff" rid="aff3">3</xref><xref ref-type="corresp" rid="cor1">*</xref></contrib></contrib-group><aff id="aff1"><label>1</label> Center for Studies in Physics and Biology, The Rockefeller University, New York, New York, United States of America
</aff><aff id="aff2"><label>2</label> Institute of Mathematical Sciences, Taramani, Chennai, India
</aff><aff id="aff3"><label>3</label> Division of Bioinformatics, Biozentrum, University of Basel, Basel, Switzerland
</aff><contrib-group><contrib contrib-type="editor"><name><surname>Bourne</surname><given-names>Philip</given-names></name><role>Editor</role><xref ref-type="aff" rid="edit1"/></contrib></contrib-group><aff id="edit1">University of California at San Diego, United States of America</aff><author-notes><corresp id="cor1">* To whom correspondence should be addressed. E-mail: <email>erik.vannimwegen@unibas.ch</email></corresp></author-notes><pub-date pub-type="ppub"><month>12</month><year>2005</year></pub-date><pub-date pub-type="epub"><day>9</day><month>12</month><year>2005</year></pub-date><pub-date pub-type="epreprint"><day>27</day><month>10</month><year>2005</year></pub-date><volume>1</volume><issue>7</issue><elocation-id>e67</elocation-id><history><date date-type="received"><day>27</day><month>7</month><year>2005</year></date><date date-type="accepted"><day>28</day><month>10</month><year>2005</year></date></history><permissions><copyright-statement>Copyright: © 2005 Siddharthan et al.</copyright-statement><copyright-year>2005</copyright-year><license xlink:href="http://creativecommons.org/licenses/by/4.0/"><license-p>This is an open-access article distributed under the terms of the Creative Commons Attribution License, which permits unrestricted use, distribution, and reproduction in any medium, provided the original author and source are properly credited.</license-p></license></permissions><!--<related-article preprintresearch10.1371/journal.pcbi.0010067.eorsimple>
            PhyloGibbs: A Gibbs Sampling Motif Finder That Incorporates Phylogeny
         </related-article>--><abstract><p>A central problem in the bioinformatics of gene regulation is to find the binding sites for regulatory proteins. One of the most promising approaches toward identifying these short and fuzzy sequence patterns is the comparative analysis of orthologous intergenic regions of related species. This analysis is complicated by various factors. First, one needs to take the phylogenetic relationship between the species into account in order to distinguish conservation that is due to the occurrence of functional sites from spurious conservation that is due to evolutionary proximity. Second, one has to deal with the complexities of multiple alignments of orthologous intergenic regions, and one has to consider the possibility that functional sites may occur outside of conserved segments. Here we present a new motif sampling algorithm, PhyloGibbs, that runs on arbitrary collections of multiple local sequence alignments of orthologous sequences. The algorithm searches over all ways in which an arbitrary number of binding sites for an arbitrary number of transcription factors (TFs) can be assigned to the multiple sequence alignments. These binding site configurations are scored by a Bayesian probabilistic model that treats aligned sequences by a model for the evolution of binding sites and “background” intergenic DNA. This model takes the phylogenetic relationship between the species in the alignment explicitly into account. The algorithm uses simulated annealing and Monte Carlo Markov-chain sampling to rigorously assign posterior probabilities to all the binding sites that it reports. In tests on synthetic data and real data from five <italic>Saccharomyces</italic> species our algorithm performs significantly better than four other motif-finding algorithms, including algorithms that also take phylogeny into account. Our results also show that, in contrast to the other algorithms, PhyloGibbs can make realistic estimates of the reliability of its predictions. Our tests suggest that, running on the five-species multiple alignment of a single gene's upstream region, PhyloGibbs on average recovers over 50% of all binding sites in <italic>S. cerevisiae</italic> at a specificity of about 50%, and 33% of all binding sites at a specificity of about 85%. We also tested PhyloGibbs on collections of multiple alignments of intergenic regions that were recently annotated, based on ChIP-on-chip data, to contain binding sites for the same TF. We compared PhyloGibbs's results with the previous analysis of these data using six other motif-finding algorithms. For 16 of 21 TFs for which all other motif-finding methods failed to find a significant motif, PhyloGibbs did recover a motif that matches the literature consensus. In 11 cases where there was disagreement in the results we compiled lists of known target genes from the literature, and found that running PhyloGibbs on their regulatory regions yielded a binding motif matching the literature consensus in all but one of the cases. Interestingly, these literature gene lists had little overlap with the targets annotated based on the ChIP-on-chip data. The PhyloGibbs code can be downloaded from <ext-link ext-link-type="uri" xlink:href="http://www.biozentrum.unibas.ch/~nimwegen/cgi-bin/phylogibbs.cgi">http://www.biozentrum.unibas.ch/~nimwegen/cgi-bin/phylogibbs.cgi</ext-link> or <ext-link ext-link-type="uri" xlink:href="http://www.imsc.res.in/~rsidd/phylogibbs">http://www.imsc.res.in/~rsidd/phylogibbs</ext-link>. The full set of predicted sites from our tests on yeast are available at <ext-link ext-link-type="uri" xlink:href="http://www.swissregulon.unibas.ch">http://www.swissregulon.unibas.ch</ext-link>.</p></abstract><abstract abstract-type="synopsis"><title>Synopsis</title><p>Computational discovery of regulatory sites in intergenic DNA is one of the central problems in bioinformatics. Up until recently motif finders would typically take one of the following two general approaches. Given a known set of co-regulated genes, one searches their promoter regions for significantly overrepresented sequence motifs. Alternatively, in a “phylogenetic footprinting” approach one searches multiple alignments of orthologous intergenic regions for short segments that are significantly more conserved than expected based on the phylogeny of the species.</p><p>In this work the authors present an algorithm, PhyloGibbs, that combines these two approaches into one integrated Bayesian framework. The algorithm searches over all ways in which an arbitrary number of binding sites for an arbitrary number of transcription factors can be assigned to arbitrary collections of multiple sequence alignments while taking into account the phylogenetic relations between the sequences.</p><p>The authors perform a number of tests on synthetic data and real data from Saccharomyces genomes in which PhyloGibbs significantly outperforms other existing methods. Finally, a novel anneal-and-track strategy allows PhyloGibbs to make accurate estimates of the reliability of its predictions.</p></abstract><counts><page-count count="23"/></counts><custom-meta-group><custom-meta><meta-name>Citation:</meta-name><meta-value>Siddharthan R, Siggia ED, van Nimwegen E (2005) PhyloGibbs: A Gibbs sampling motif finder that incorporates phylogeny. PLoS Comput Biol 1(7): e67.</meta-value></custom-meta></custom-meta-group></article-meta></front></article>