<article xmlns="https://jats.nlm.nih.gov/ns/archiving/1.2/" xmlns:xsi="http://www.w3.org/2001/XMLSchema-instance" xmlns:ali="http://www.niso.org/schemas/ali/1.0/" xmlns:mml="http://www.w3.org/1998/Math/MathML" xmlns:xlink="http://www.w3.org/1999/xlink" xsi:schemaLocation="https://jats.nlm.nih.gov/ns/archiving/1.2/ https://jats.nlm.nih.gov/archiving/1.2/xsd/JATS-archivearticle1.xsd" article-type="research-article"><front><journal-meta><journal-id journal-id-type="nlm-ta">PLoS Comput Biol</journal-id><journal-id journal-id-type="iso-abbrev">PLoS Comput. Biol</journal-id><journal-id journal-id-type="publisher-id">pcbi</journal-id><journal-id journal-id-type="publisher-id">plcb</journal-id><journal-id journal-id-type="pmc">ploscomp</journal-id><journal-title-group><journal-title>PLoS Computational Biology</journal-title></journal-title-group><issn pub-type="ppub">1553-734X</issn><issn pub-type="epub">1553-7358</issn><publisher><publisher-name>Public Library of Science</publisher-name><publisher-loc>San Francisco, USA</publisher-loc></publisher></journal-meta><article-meta><article-id pub-id-type="accession">PMC1188273</article-id><article-id pub-id-type="pmcid">PMC1188273</article-id><article-id pub-id-type="pmc-uid">1188273</article-id><article-id pub-id-type="pmid">16118665</article-id><article-id pub-id-type="pmid">16118665</article-id><article-id pub-id-type="doi">10.1371/journal.pcbi.0010027</article-id><article-id pub-id-type="publisher-id">05-PLCB-RA-0061R2</article-id><article-id pub-id-type="sici">plcb-01-03-03</article-id><article-categories><subj-group subj-group-type="heading"><subject>Research Article</subject></subj-group><subj-group subj-group-type="Discipline"><subject>Bioinformatics - Computational Biology</subject><subject>Evolution</subject><subject>Microbiology</subject></subj-group><subj-group subj-group-type="System Taxonomy"><subject>Eubacteria</subject><subject>Archaea</subject><subject>Eukaryotes</subject></subj-group></article-categories><title-group><article-title>Comparative Analyses of Fundamental Differences in Membrane Transport Capabilities in Prokaryotes and Eukaryotes</article-title><alt-title alt-title-type="running-head">Membrane Transport Systems in 141 Organisms</alt-title></title-group><contrib-group><contrib contrib-type="author"><name><surname>Ren</surname><given-names>Qinghu</given-names></name><xref ref-type="aff" rid="aff1"/></contrib><contrib contrib-type="author"><name><surname>Paulsen</surname><given-names>Ian T</given-names></name><xref ref-type="corresp" rid="cor1">*</xref><xref ref-type="aff" rid="aff1"/></contrib></contrib-group><aff id="aff1">The Institute for Genomic Research, Rockville, Maryland, United States of America</aff><contrib-group><contrib contrib-type="editor"><name><surname>Bork</surname><given-names>Peer</given-names></name><role>Editor</role><xref ref-type="aff" rid="edit1"/></contrib></contrib-group><aff id="edit1">EMBL Heidelberg, Germany</aff><author-notes><corresp id="cor1">* To whom correspondence should be addressed. E-mail: <email>ipaulsen@tigr.org</email></corresp></author-notes><pub-date pub-type="ppub"><month>8</month><year>2005</year></pub-date><pub-date pub-type="epub"><day>19</day><month>8</month><year>2005</year></pub-date><volume>1</volume><issue>3</issue><elocation-id>e27</elocation-id><history><date date-type="received"><day>24</day><month>3</month><year>2005</year></date><date date-type="accepted"><day>8</day><month>7</month><year>2005</year></date></history><permissions><copyright-statement>Copyright: © 2005 Ren and Paulsen.</copyright-statement><copyright-year>2005</copyright-year><license xlink:href="http://creativecommons.org/licenses/by/4.0/"><license-p>This is an open-access article distributed under the terms of the Creative Commons Attribution License, which permits unrestricted use, distribution, and reproduction in any medium, provided the original author and source are properly credited.</license-p></license></permissions><abstract><p>Whole-genome transporter analyses have been conducted on 141 organisms whose complete genome sequences are available. For each organism, the complete set of membrane transport systems was identified with predicted functions, and classified into protein families based on the transporter classification system. Organisms with larger genome sizes generally possessed a relatively greater number of transport systems. In prokaryotes and unicellular eukaryotes, the significant factor in the increase in transporter content with genome size was a greater diversity of transporter types. In contrast, in multicellular eukaryotes, greater number of paralogs in specific transporter families was the more important factor in the increase in transporter content with genome size. Both eukaryotic and prokaryotic intracellular pathogens and endosymbionts exhibited markedly limited transport capabilities. Hierarchical clustering of phylogenetic profiles of transporter families, derived from the presence or absence of a certain transporter family, showed that clustering patterns of organisms were correlated to both their evolutionary history and their overall physiology and lifestyles.</p></abstract><abstract abstract-type="synopsis"><title>Synopsis</title><sec id="st1"><title/><p>Membrane transporters are the cell's equivalent of delivery vehicles, garbage disposals, and communication systems—proteins that negotiate through cell membranes to deliver essential nutrients, eject waste products, and help the cell sense environmental conditions around it. Membrane transport systems play crucial roles in fundamental cellular processes of all organisms. The suite of transporters in any one organism also sheds light on its lifestyle and physiology. Up to now, analysis of membrane transporters has been limited mainly to the examination of transporter genes of individual organisms. But advances in genome sequencing have now made it possible for scientists to compare transport and other essential cellular processes across a range of organisms in all three domains of life.</p><p>Ren and Paulsen present the first comprehensive bioinformatic analysis of the predicted membrane transporter content of 141 different prokaryotic and eukaryotic organisms. The scientists developed a new computational application of the phylogenetic profiling approach to cluster together organisms that appear to have similar suites of transporters. For example, a group of obligate intracellular pathogens and endosymbionts possess only limited transporter systems in spite of the massive metabolite fluxes one would expect between the symbionts and their host. This is likely due to the relatively static nature of their intracellular environment. In contrast, a cluster of plant/soil-associated microbes encode a robust array of transporters, reflecting the organisms' versatility as well as their exposure to a wide range of different substrates in their natural environment.</p></sec></abstract><custom-meta-group><custom-meta><meta-name>Citation:</meta-name><meta-value>Ren Q, Paulsen IT (2005) Comparative analyses of fundamental differences in membrane transport capabilities in prokaryotes and eukaryotes. PLoS Comp Biol 1(3): e27.</meta-value></custom-meta></custom-meta-group></article-meta></front></article>