<article xmlns="https://jats.nlm.nih.gov/ns/archiving/1.2/" xmlns:xsi="http://www.w3.org/2001/XMLSchema-instance" xmlns:ali="http://www.niso.org/schemas/ali/1.0/" xmlns:mml="http://www.w3.org/1998/Math/MathML" xmlns:xlink="http://www.w3.org/1999/xlink" xsi:schemaLocation="https://jats.nlm.nih.gov/ns/archiving/1.2/ https://jats.nlm.nih.gov/archiving/1.2/xsd/JATS-archivearticle1.xsd" article-type="research-article"><front><journal-meta><journal-id journal-id-type="nlm-ta">PLoS Comput Biol</journal-id><journal-id journal-id-type="iso-abbrev">PLoS Comput. Biol</journal-id><journal-id journal-id-type="publisher-id">pcbi</journal-id><journal-id journal-id-type="publisher-id">plcb</journal-id><journal-id journal-id-type="pmc">ploscomp</journal-id><journal-title-group><journal-title>PLoS Computational Biology</journal-title></journal-title-group><issn pub-type="ppub">1553-734X</issn><issn pub-type="epub">1553-7358</issn><publisher><publisher-name>Public Library of Science</publisher-name><publisher-loc>San Francisco, USA</publisher-loc></publisher></journal-meta><article-meta><article-id pub-id-type="accession">PMC1664705</article-id><article-id pub-id-type="pmcid">PMC1664705</article-id><article-id pub-id-type="pmc-uid">1664705</article-id><article-id pub-id-type="pmid">17166053</article-id><article-id pub-id-type="pmid">17166053</article-id><article-id pub-id-type="doi">10.1371/journal.pcbi.0020145</article-id><article-id pub-id-type="publisher-id">06-PLCB-RA-0178R2</article-id><article-id pub-id-type="sici">plcb-02-11-16</article-id><article-categories><subj-group subj-group-type="heading"><subject>Research Article</subject></subj-group><subj-group subj-group-type="Discipline"><subject>Bioinformatics - Computational Biology</subject><subject>Cell Biology</subject><subject>Development</subject><subject>Systems Biology</subject></subj-group><subj-group subj-group-type="System Taxonomy"><subject>Proliferation</subject><subject>Differentiation</subject><subject>Module</subject><subject>Cellular Network</subject><subject>Gene Expression</subject></subj-group></article-categories><title-group><article-title>Identification of the Proliferation/Differentiation Switch in the Cellular Network of Multicellular Organisms</article-title><alt-title alt-title-type="running-head">Proliferation/Differentiation Switch</alt-title></title-group><contrib-group><contrib contrib-type="author" equal-contrib="yes"><name><surname>Xia</surname><given-names>Kai</given-names></name><xref ref-type="aff" rid="aff1">1</xref></contrib><contrib contrib-type="author" equal-contrib="yes"><name><surname>Xue</surname><given-names>Huiling</given-names></name><xref ref-type="aff" rid="aff1">1</xref></contrib><contrib contrib-type="author" equal-contrib="yes"><name><surname>Dong</surname><given-names>Dong</given-names></name><xref ref-type="aff" rid="aff1">1</xref></contrib><contrib contrib-type="author" equal-contrib="yes"><name><surname>Zhu</surname><given-names>Shanshan</given-names></name><xref ref-type="aff" rid="aff1">1</xref></contrib><contrib contrib-type="author"><name><surname>Wang</surname><given-names>Jiamu</given-names></name><xref ref-type="aff" rid="aff1">1</xref></contrib><contrib contrib-type="author"><name><surname>Zhang</surname><given-names>Qingpeng</given-names></name><xref ref-type="aff" rid="aff1">1</xref></contrib><contrib contrib-type="author"><name><surname>Hou</surname><given-names>Lei</given-names></name><xref ref-type="aff" rid="aff1">1</xref></contrib><contrib contrib-type="author"><name><surname>Chen</surname><given-names>Hua</given-names></name><xref ref-type="aff" rid="aff2">2</xref></contrib><contrib contrib-type="author"><name><surname>Tao</surname><given-names>Ran</given-names></name><xref ref-type="aff" rid="aff2">2</xref></contrib><contrib contrib-type="author"><name><surname>Huang</surname><given-names>Zheng</given-names></name><xref ref-type="aff" rid="aff1">1</xref></contrib><contrib contrib-type="author"><name><surname>Fu</surname><given-names>Zheng</given-names></name><xref ref-type="aff" rid="aff1">1</xref></contrib><contrib contrib-type="author"><name><surname>Chen</surname><given-names>Ye-Guang</given-names></name><xref ref-type="aff" rid="aff2">2</xref></contrib><contrib contrib-type="author"><name><surname>Han</surname><given-names>Jing-Dong J</given-names></name><xref ref-type="aff" rid="aff1">1</xref><xref ref-type="corresp" rid="cor1">*</xref></contrib></contrib-group><aff id="aff1"><label>1</label> The Chinese Academy of Sciences Key Laboratory of Developmental Biology, Center for Molecular Systems Biology, Institute of Genetics and Developmental Biology, Chinese Academy of Sciences, Beijing, People's Republic of China
</aff><aff id="aff2"><label>2</label> The State Key Laboratory of Biomembrane and Membrane Biotechnology, Department of Biological Sciences and Biotechnology, Tsinghua University, Beijing, People's Republic of China
</aff><contrib-group><contrib contrib-type="editor"><name><surname>Murray</surname><given-names>Diana</given-names></name><role>Editor</role><xref ref-type="aff" rid="edit1"/></contrib></contrib-group><aff id="edit1">Weill Medical College of Cornell University, United States of America</aff><author-notes><corresp id="cor1">* To whom correspondence should be addressed. E-mail: <email>jdhan@genetics.ac.cn</email></corresp></author-notes><pub-date pub-type="ppub"><month>11</month><year>2006</year></pub-date><pub-date pub-type="epub"><day>24</day><month>11</month><year>2006</year></pub-date><volume>2</volume><issue>11</issue><elocation-id>e145</elocation-id><history><date date-type="received"><day>8</day><month>5</month><year>2006</year></date><date date-type="accepted"><day>21</day><month>9</month><year>2006</year></date></history><permissions><copyright-statement> © 2006 Xia et al.</copyright-statement><copyright-year>2006</copyright-year><license xlink:href="http://creativecommons.org/licenses/by/4.0/"><license-p>This is an open-access article distributed under the terms of the Creative Commons Attribution License, which permits unrestricted use, distribution, and reproduction in any medium, provided the original author and source are properly credited.</license-p></license></permissions><abstract><p>The protein–protein interaction networks, or interactome networks, have been shown to have dynamic modular structures, yet the functional connections between and among the modules are less well understood. Here, using a new pipeline to integrate the interactome and the transcriptome, we identified a pair of transcriptionally anticorrelated modules, each consisting of hundreds of genes in multicellular interactome networks across different individuals and populations. The two modules are associated with cellular proliferation and differentiation, respectively. The proliferation module is conserved among eukaryotic organisms, whereas the differentiation module is specific to multicellular organisms. Upon differentiation of various tissues and cell lines from different organisms, the expression of the proliferation module is more uniformly suppressed, while the differentiation module is upregulated in a tissue- and species-specific manner. Our results indicate that even at the tissue and organism levels, proliferation and differentiation modules may correspond to two alternative states of the molecular network and may reflect a universal symbiotic relationship in a multicellular organism. Our analyses further predict that the proteins mediating the interactions between these modules may serve as modulators at the proliferation/differentiation switch.</p></abstract><abstract abstract-type="synopsis"><title>Synopsis</title><p>Coordination of proliferation and differentiation is a fundamental process of multicellular organisms. Although at the cellular level proliferation and differentiation seem to correspond to different cellular states that can sometimes be seen separated by the proliferation/differentiation temporal switch, it is unclear whether such switch-like property exists at the tissue or organism level or whether it exists in postmitotic tissues in adult animals. Through integrating protein–protein interaction networks with gene expression profiles, Xia, Xue, Dong, Zhu, and colleagues found that a switch temporally separating proliferation- and differentiation-associated modules can also be detected in the adult human brain and the adult whole fruit fly. The expressions of the two modules are well coordinated at the system level. The evolutionary origins of the proliferation and differentiation modules further implicate a symbiotic relationship between the two modules. Network topologies and gene annotations support a regulatory role of the protein–protein interaction interface between the two modules.</p></abstract><counts><page-count count="16"/></counts><custom-meta-group><custom-meta><meta-name>citation</meta-name><meta-value>Xia K, Xue H, Dong D, Zhu S, Wang J, et al. (2006) Identification of the proliferation/differentiation switch in the cellular network of multicellular organisms. PLoS Comput Biol 2(11): e145. doi:<ext-link ext-link-type="doi" xlink:href="10.1371/journal.pcbi.0020145">10.1371/journal.pcbi.0020145</ext-link></meta-value></custom-meta></custom-meta-group></article-meta></front></article>