<article xmlns="https://jats.nlm.nih.gov/ns/archiving/1.2/" xmlns:xsi="http://www.w3.org/2001/XMLSchema-instance" xmlns:ali="http://www.niso.org/schemas/ali/1.0/" xmlns:mml="http://www.w3.org/1998/Math/MathML" xmlns:xlink="http://www.w3.org/1999/xlink" xsi:schemaLocation="https://jats.nlm.nih.gov/ns/archiving/1.2/ https://jats.nlm.nih.gov/archiving/1.2/xsd/JATS-archivearticle1.xsd" article-type="research-article"><front><journal-meta><journal-id journal-id-type="nlm-ta">PLoS Comput Biol</journal-id><journal-id journal-id-type="iso-abbrev">PLoS Comput. Biol</journal-id><journal-id journal-id-type="publisher-id">pcbi</journal-id><journal-id journal-id-type="publisher-id">plcb</journal-id><journal-id journal-id-type="pmc">ploscomp</journal-id><journal-title-group><journal-title>PLoS Computational Biology</journal-title></journal-title-group><issn pub-type="ppub">1553-734X</issn><issn pub-type="epub">1553-7358</issn><publisher><publisher-name>Public Library of Science</publisher-name><publisher-loc>San Francisco, USA</publisher-loc></publisher></journal-meta><article-meta><article-id pub-id-type="accession">PMC1676032</article-id><article-id pub-id-type="pmcid">PMC1676032</article-id><article-id pub-id-type="pmc-uid">1676032</article-id><article-id pub-id-type="pmid">17154716</article-id><article-id pub-id-type="pmid">17154716</article-id><article-id pub-id-type="doi">10.1371/journal.pcbi.0020168</article-id><article-id pub-id-type="publisher-id">06-PLCB-RA-0310R3</article-id><article-id pub-id-type="sici">plcb-02-12-06</article-id><article-categories><subj-group subj-group-type="heading"><subject>Research Article</subject></subj-group><subj-group subj-group-type="Discipline"><subject>Bioinformatics - Computational Biology</subject></subj-group><subj-group subj-group-type="System Taxonomy"><subject>In Vitro</subject></subj-group></article-categories><title-group><article-title>On Side-Chain Conformational Entropy of Proteins</article-title><alt-title alt-title-type="running-head">Side-Chain Conformational Entropy</alt-title></title-group><contrib-group><contrib contrib-type="author"><name><surname>Zhang</surname><given-names>Jinfeng</given-names></name><xref ref-type="aff" rid="aff1"/></contrib><contrib contrib-type="author"><name><surname>Liu</surname><given-names>Jun S</given-names></name><xref ref-type="corresp" rid="cor1">*</xref><xref ref-type="aff" rid="aff1"/></contrib></contrib-group><aff id="aff1">Department of Statistics, Harvard University, Cambridge, Massachusetts, United States of America</aff><contrib-group><contrib contrib-type="editor"><name><surname>Sali</surname><given-names>Andrej</given-names></name><role>Editor</role><xref ref-type="aff" rid="edit1"/></contrib></contrib-group><aff id="edit1">University of California San Francisco, United States of America</aff><author-notes><corresp id="cor1">* To whom correspondence should be addressed. E-mail: <email>jliu@stat.harvard.edu</email></corresp></author-notes><pub-date pub-type="ppub"><month>12</month><year>2006</year></pub-date><pub-date pub-type="epub"><day>8</day><month>12</month><year>2006</year></pub-date><volume>2</volume><issue>12</issue><elocation-id>e168</elocation-id><history><date date-type="received"><day>31</day><month>7</month><year>2006</year></date><date date-type="accepted"><day>26</day><month>10</month><year>2006</year></date></history><permissions><copyright-statement> © 2006 Zhang and Liu.</copyright-statement><copyright-year>2006</copyright-year><license xlink:href="http://creativecommons.org/licenses/by/4.0/"><license-p>This is an open-access article distributed under the terms of the Creative Commons Attribution License, which permits unrestricted use, distribution, and reproduction in any medium, provided the original author and source are properly credited.</license-p></license></permissions><abstract><p>The role of side-chain entropy (SCE) in protein folding has long been speculated about but is still not fully understood. Utilizing a newly developed Monte Carlo method, we conducted a systematic investigation of how the SCE relates to the size of the protein and how it differs among a protein's X-ray, NMR, and decoy structures. We estimated the SCE for a set of 675 nonhomologous proteins, and observed that there is a significant SCE for both exposed and buried residues for all these proteins—the contribution of buried residues approaches ∼40% of the overall SCE. Furthermore, the SCE can be quite different for structures with similar compactness or even similar conformations. As a striking example, we found that proteins' X-ray structures appear to pack more “cleverly” than their NMR or decoy counterparts in the sense of retaining higher SCE while achieving comparable compactness, which suggests that the SCE plays an important role in favouring native protein structures. By including a SCE term in a simple free energy function, we can significantly improve the discrimination of native protein structures from decoys.</p></abstract><abstract abstract-type="synopsis"><title>Synopsis</title><p>Side-chains of amino acids determine a protein's three-dimensional structure. The flexible nature of side-chains introduces a significant amount of conformational entropy associated with both protein folding and interactions. Despite many studies, the role that this side-chain entropy (SCE) plays in the process of folding and interactions has not been fully understood. Some basic questions about SCE have not been systematically studied. In this study, Zhang and Liu developed an efficient sequential Monte Carlo strategy to accurately estimate the SCE of proteins of arbitrary lengths with a given potential energy function. Using this novel tool, they studied how the SCE scales with the length of the protein, and how the SCE differs among a protein's X-ray, NMR, and decoy structures. They observed that X-ray structures pack more “smartly” than the corresponding decoy and NMR structures: with the same compactness, X-ray structures tend to have larger SCE. A combination of an SCE term with a contact potential energy significantly improved the discrimination between native and decoy structures. The implication of this study is that the SCE contributes so significantly to protein stability that it should be included explicitly in tasks such as structure prediction, protein design, and NMR structure refinement.</p></abstract><counts><page-count count="6"/></counts><custom-meta-group><custom-meta><meta-name>citation</meta-name><meta-value>Zhang J, Liu JS (2006) On side-chain conformational entropy of proteins. PLoS Comput Biol 2(12): e168. doi:<ext-link ext-link-type="doi" xlink:href="10.1371/journal.pcbi.0020168">10.1371/journal.pcbi.0020168</ext-link></meta-value></custom-meta></custom-meta-group></article-meta></front></article>