<article xmlns="https://jats.nlm.nih.gov/ns/archiving/1.2/" xmlns:xsi="http://www.w3.org/2001/XMLSchema-instance" xmlns:ali="http://www.niso.org/schemas/ali/1.0/" xmlns:mml="http://www.w3.org/1998/Math/MathML" xmlns:xlink="http://www.w3.org/1999/xlink" xsi:schemaLocation="https://jats.nlm.nih.gov/ns/archiving/1.2/ https://jats.nlm.nih.gov/archiving/1.2/xsd/JATS-archivearticle1.xsd" article-type="research-article"><front><journal-meta><journal-id journal-id-type="nlm-ta">PLoS Comput Biol</journal-id><journal-id journal-id-type="iso-abbrev">PLoS Comput. Biol</journal-id><journal-id journal-id-type="publisher-id">pcbi</journal-id><journal-id journal-id-type="publisher-id">plcb</journal-id><journal-id journal-id-type="pmc">ploscomp</journal-id><journal-title-group><journal-title>PLoS Computational Biology</journal-title></journal-title-group><issn pub-type="ppub">1553-734X</issn><issn pub-type="epub">1553-7358</issn><publisher><publisher-name>Public Library of Science</publisher-name><publisher-loc>San Francisco, USA</publisher-loc></publisher></journal-meta><article-meta><article-id pub-id-type="accession">PMC1794322</article-id><article-id pub-id-type="pmcid">PMC1794322</article-id><article-id pub-id-type="pmc-uid">1794322</article-id><article-id pub-id-type="pmid">17274682</article-id><article-id pub-id-type="pmid">17274682</article-id><article-id pub-id-type="doi">10.1371/journal.pcbi.0030015</article-id><article-id pub-id-type="publisher-id">06-PLCB-RA-0158R3</article-id><article-id pub-id-type="sici">plcb-03-02-03</article-id><article-categories><subj-group subj-group-type="heading"><subject>Research Article</subject></subj-group><subj-group subj-group-type="Discipline"><subject>Evolutionary Biology</subject></subj-group><subj-group subj-group-type="System Taxonomy"><subject>None</subject></subj-group></article-categories><title-group><article-title>Robustness Can Evolve Gradually in Complex Regulatory Gene Networks with Varying Topology</article-title><alt-title alt-title-type="running-head">Gradual Evolution of Robustness</alt-title></title-group><contrib-group><contrib contrib-type="author" equal-contrib="yes"><name><surname>Ciliberti</surname><given-names>Stefano</given-names></name><xref ref-type="aff" rid="aff1">1</xref><xref ref-type="aff" rid="aff2">2</xref></contrib><contrib contrib-type="author" equal-contrib="yes"><name><surname>Martin</surname><given-names>Olivier C</given-names></name><xref ref-type="aff" rid="aff1">1</xref><xref ref-type="aff" rid="aff2">2</xref><xref ref-type="aff" rid="aff3">3</xref><xref ref-type="aff" rid="aff4">4</xref><xref ref-type="aff" rid="aff5">5</xref></contrib><contrib contrib-type="author"><name><surname>Wagner</surname><given-names>Andreas</given-names></name><xref ref-type="aff" rid="aff6">6</xref><xref ref-type="corresp" rid="cor1">*</xref></contrib></contrib-group><aff id="aff1"><label>1</label> Laboratoire de Physique Théoique et Modèles Statistiques, Universite Paris-Sud, Orsay, France
</aff><aff id="aff2"><label>2</label> Centre National de la Recherche Scientifique, Universite Paris-Sud, Orsay, France
</aff><aff id="aff3"><label>3</label> Laboratoire de Genetique Vegetale du Moulon, Universite Paris-Sud, Gif-sur-Yvette, France
</aff><aff id="aff4"><label>4</label> L'Institut National de la Recherche Agronomique, Universite Paris-Sud, Gif-sur-Yvette
</aff><aff id="aff5"><label>5</label> Centre National de la Recherche Scientifique, Universite Paris-Sud, Gif-sur-Yvette, France
</aff><aff id="aff6"><label>6</label> Department of Biochemistry, University of Zurich, Switzerland
</aff><contrib-group><contrib contrib-type="editor"><name><surname>Kishony</surname><given-names>Roy</given-names></name><role>Editor</role><xref ref-type="aff" rid="edit1"/></contrib></contrib-group><aff id="edit1">Harvard University, United States of America</aff><author-notes><corresp id="cor1">* To whom correspondence should be addressed. E-mail: <email>wagnera@unm.edu</email></corresp></author-notes><pub-date pub-type="ppub"><month>2</month><year>2007</year></pub-date><pub-date pub-type="epub"><day>2</day><month>2</month><year>2007</year></pub-date><volume>3</volume><issue>2</issue><elocation-id>e15</elocation-id><history><date date-type="received"><day>27</day><month>4</month><year>2006</year></date><date date-type="accepted"><day>18</day><month>12</month><year>2006</year></date></history><permissions><copyright-statement> © 2007 Ciliberti et al.</copyright-statement><copyright-year>2007</copyright-year><license xlink:href="http://creativecommons.org/licenses/by/4.0/"><license-p>This is an open-access article distributed under the terms of the Creative Commons Attribution License, which permits unrestricted use, distribution, and reproduction in any medium, provided the original author and source are properly credited.</license-p></license></permissions><abstract><p>The topology of cellular circuits (the who-interacts-with-whom) is key to understand their robustness to both mutations and noise. The reason is that many biochemical parameters driving circuit behavior vary extensively and are thus not fine-tuned. Existing work in this area asks to what extent the function of any one given circuit is robust. But is high robustness truly remarkable, or would it be expected for many circuits of similar topology? And how can high robustness come about through gradual Darwinian evolution that changes circuit topology gradually, one interaction at a time? We here ask these questions for a model of transcriptional regulation networks, in which we explore millions of different network topologies. Robustness to mutations and noise are correlated in these networks. They show a skewed distribution, with a very small number of networks being vastly more robust than the rest. All networks that attain a given gene expression state can be organized into a graph whose nodes are networks that differ in their topology. Remarkably, this graph is connected and can be easily traversed by gradual changes of network topologies. Thus, robustness is an evolvable property. This connectedness and evolvability of robust networks may be a general organizational principle of biological networks. In addition, it exists also for RNA and protein structures, and may thus be a general organizational principle of all biological systems.</p></abstract><abstract abstract-type="synopsis"><title>Author Summary</title><p>Living things are astonishingly complex, yet unlike houses of cards they are also highly robust. That is, they have persisted for billions of years, despite being exposed to an endless stream of environmental stressors and random mutations. Is this robustness an evolvable property? Do different biological systems vary in their robustness? Has natural selection shaped this robustness? These questions are very difficult to answer experimentally for most systems, be they proteins or large gene networks. Here we address these questions with a model of the transcription regulation networks that regulate both cellular functions and embryonic development in many organisms. We examine millions of such networks that differ in the topology or architecture of their regulatory interactions, that is, in the “who interacts with whom” of a network. We find that radically different network architectures can show the same gene expression pattern. The networks' robustness to both mutations and gene expression noise shows a broad distribution: some network architectures are highly robust, whereas others are quite fragile. Importantly, the entire space of network architectures can be traversed through small changes of individual regulatory interactions, without changing a network's gene expression pattern. This means that high robustness in gene expression can evolve through gradual and neutral evolution in the space of network architectures. Our results show that the robustness of transcriptional regulation networks is an evolvable trait that natural selection can change like any other trait.</p></abstract><counts><page-count count="10"/></counts><custom-meta-group><custom-meta><meta-name>citation</meta-name><meta-value>Ciliberti S, Martin OC, Wagner A (2007) Robustness can evolve gradually in complex regulatory gene networks with varying topology. PLoS Comput Biol 3(2): e15. doi:<ext-link ext-link-type="doi" xlink:href="10.1371/journal.pcbi.0030015">10.1371/journal.pcbi.0030015</ext-link></meta-value></custom-meta></custom-meta-group></article-meta></front></article>