<article xmlns="https://jats.nlm.nih.gov/ns/archiving/1.2/" xmlns:xsi="http://www.w3.org/2001/XMLSchema-instance" xmlns:ali="http://www.niso.org/schemas/ali/1.0/" xmlns:mml="http://www.w3.org/1998/Math/MathML" xmlns:xlink="http://www.w3.org/1999/xlink" xsi:schemaLocation="https://jats.nlm.nih.gov/ns/archiving/1.2/ https://jats.nlm.nih.gov/archiving/1.2/xsd/JATS-archivearticle1.xsd" article-type="research-article"><front><journal-meta><journal-id journal-id-type="nlm-ta">PLoS Comput Biol</journal-id><journal-id journal-id-type="iso-abbrev">PLoS Comput. Biol</journal-id><journal-id journal-id-type="publisher-id">pcbi</journal-id><journal-id journal-id-type="publisher-id">plcb</journal-id><journal-id journal-id-type="pmc">ploscomp</journal-id><journal-title-group><journal-title>PLoS Computational Biology</journal-title></journal-title-group><issn pub-type="ppub">1553-734X</issn><issn pub-type="epub">1553-7358</issn><publisher><publisher-name>Public Library of Science</publisher-name><publisher-loc>San Francisco, USA</publisher-loc></publisher></journal-meta><article-meta><article-id pub-id-type="accession">PMC1185647</article-id><article-id pub-id-type="pmcid">PMC1185647</article-id><article-id pub-id-type="pmc-uid">1185647</article-id><article-id pub-id-type="pmid">16110335</article-id><article-id pub-id-type="doi">10.1371/journal.pcbi.0010021</article-id><article-id pub-id-type="publisher-id">05-PLCB-RA-0057R2</article-id><article-id pub-id-type="sici">plcb-01-02-05</article-id><article-categories><subj-group subj-group-type="heading"><subject>Research Article</subject></subj-group><subj-group subj-group-type="Discipline"><subject>Bioinformatics - Computational Biology</subject><subject>Cell Biology</subject><subject>Systems Biology</subject></subj-group><subj-group subj-group-type="System Taxonomy"><subject>Eukaryotes</subject></subj-group></article-categories><title-group><article-title>The RNA Silencing Pathway: The Bits and Pieces That Matter</article-title><alt-title alt-title-type="running-head">The RNA Silencing Pathway</alt-title></title-group><contrib-group><contrib contrib-type="author"><name><surname>Groenenboom</surname><given-names>Marian A. C</given-names></name><xref ref-type="corresp" rid="cor1">*</xref><xref ref-type="aff" rid="aff1"/></contrib><contrib contrib-type="author"><name><surname>Marée</surname><given-names>Athanasius F. M</given-names></name><xref ref-type="aff" rid="aff1"/></contrib><contrib contrib-type="author"><name><surname>Hogeweg</surname><given-names>Paulien</given-names></name><xref ref-type="aff" rid="aff1"/></contrib></contrib-group><aff id="aff1">Theoretical Biology and Bioinformatics, University of Utrecht, Utrecht, The Netherlands</aff><contrib-group><contrib contrib-type="editor"><name><surname>Levin</surname><given-names>Simon</given-names></name><role>Editor</role><xref ref-type="aff" rid="edit1"/></contrib></contrib-group><aff id="edit1">Princeton University, United States of America</aff><author-notes><corresp id="cor1">*To whom correspondence should be addressed. E-mail: <email>m.a.c.groenenboom@bio.uu.nl</email></corresp></author-notes><pub-date pub-type="ppub"><month>7</month><year>2005</year></pub-date><pub-date pub-type="epub"><day>29</day><month>7</month><year>2005</year></pub-date><volume>1</volume><issue>2</issue><elocation-id>e21</elocation-id><history><date date-type="received"><day>18</day><month>3</month><year>2005</year></date><date date-type="accepted"><day>29</day><month>6</month><year>2005</year></date></history><permissions><copyright-statement>Copyright: © 2005 Groenenboom et al.</copyright-statement><copyright-year>2005</copyright-year><license xlink:href="http://creativecommons.org/licenses/by/4.0/"><license-p>This is an open-access article distributed under the terms of the Creative Commons Attribution License, which permits unrestricted use, distribution, and reproduction in any medium, provided the original author and source are properly credited.</license-p></license></permissions><abstract><p>Cellular pathways are generally proposed on the basis of available experimental knowledge. The proposed pathways, however, may be inadequate to describe the phenomena they are supposed to explain. For instance, by means of concise mathematical models we are able to reveal shortcomings in the current description of the pathway of RNA silencing. The silencing pathway operates by cleaving siRNAs from dsRNA. siRNAs can associate with RISC, leading to the degradation of the target mRNA. We propose and analyze a few small extensions to the pathway: a siRNA degrading RNase, primed amplification of aberrant RNA pieces, and cooperation between aberrant RNA to trigger amplification. These extensions allow for a consistent explanation for various types of silencing phenomena, such as virus induced silencing, transgene and transposon induced silencing, and avoidance of self-reactivity, as well as for differences found between species groups.</p></abstract><abstract abstract-type="synopsis"><title>Synopsis</title><sec id="st1"><title/><p>Current descriptions of cellular and molecular pathways, proposed on the basis of available experimental knowledge, are often inadequate in describing the phenomena they are supposed to explain. The authors use mathematical models to reveal shortcomings in the current description of the pathway of RNA silencing. Understanding the mechanism of RNA silencing is of utmost importance, since it is rapidly evolving into a powerful tool in biology and medicine. The authors prove that the generally accepted pathway cannot explain sustained silencing, the prevention of the destruction of a cell's own RNA, and the process of transgene-induced silencing. They propose and analyze specific extensions to the pathway, which do allow for a consistent explanation for these various types of silencing phenomena. These extensions differ in the dynamics they predict, which now can be used to experimentally discriminate between them. The authors' results demonstrate that it is indispensable to check with mathematical models the feasibility of plausible models of cellular and molecular pathways, a step that is usually left out.</p></sec></abstract><custom-meta-group><custom-meta><meta-name>Citation:</meta-name><meta-value>Groenenboom MAC, Marée AFM, Hogeweg P (2005) The RNA silencing pathway: The bits and pieces that matter. PLoS Comp Biol 1(2): e21</meta-value></custom-meta></custom-meta-group></article-meta></front></article>