<article xmlns="https://jats.nlm.nih.gov/ns/archiving/1.2/" xmlns:xsi="http://www.w3.org/2001/XMLSchema-instance" xmlns:ali="http://www.niso.org/schemas/ali/1.0/" xmlns:mml="http://www.w3.org/1998/Math/MathML" xmlns:xlink="http://www.w3.org/1999/xlink" xsi:schemaLocation="https://jats.nlm.nih.gov/ns/archiving/1.2/ https://jats.nlm.nih.gov/archiving/1.2/xsd/JATS-archivearticle1.xsd" article-type="research-article"><front><journal-meta><journal-id journal-id-type="nlm-ta">PLoS Comput Biol</journal-id><journal-id journal-id-type="iso-abbrev">PLoS Comput. Biol</journal-id><journal-id journal-id-type="publisher-id">pcbi</journal-id><journal-id journal-id-type="publisher-id">plcb</journal-id><journal-id journal-id-type="pmc">ploscomp</journal-id><journal-title-group><journal-title>PLoS Computational Biology</journal-title></journal-title-group><issn pub-type="ppub">1553-734X</issn><issn pub-type="epub">1553-7358</issn><publisher><publisher-name>Public Library of Science</publisher-name><publisher-loc>San Francisco, USA</publisher-loc></publisher></journal-meta><article-meta><article-id pub-id-type="accession">PMC1314881</article-id><article-id pub-id-type="pmcid">PMC1314881</article-id><article-id pub-id-type="pmc-uid">1314881</article-id><article-id pub-id-type="pmid">16362071</article-id><article-id pub-id-type="pmid">16362071</article-id><article-id pub-id-type="doi">10.1371/journal.pcbi.0010068</article-id><article-id pub-id-type="publisher-id">05-PLCB-RA-0140R3</article-id><article-id pub-id-type="sici">plcb-01-07-04</article-id><article-categories><subj-group subj-group-type="heading"><subject>Research Article</subject></subj-group><subj-group subj-group-type="Discipline"><subject>Bioinformatics - Computational Biology</subject><subject>Cell Biology</subject></subj-group><subj-group subj-group-type="System Taxonomy"><subject>Eubacteria</subject><subject>Saccharomyces</subject></subj-group></article-categories><title-group><article-title>The Activity Reaction Core and Plasticity of Metabolic Networks</article-title><alt-title alt-title-type="running-head">Metabolic Network Core</alt-title></title-group><contrib-group><contrib contrib-type="author"><name><surname>Almaas</surname><given-names>Eivind</given-names></name><xref ref-type="aff" rid="aff1">1</xref><xref ref-type="aff" rid="aff2">2</xref><xref ref-type="aff" rid="aff1"/></contrib><contrib contrib-type="author"><name><surname>Oltvai</surname><given-names>Zoltán N</given-names></name><xref ref-type="aff" rid="aff3">3</xref><xref ref-type="corresp" rid="cor1">*</xref><xref ref-type="aff" rid="aff1"/></contrib><contrib contrib-type="author"><name><surname>Barabási</surname><given-names>Albert-László</given-names></name><xref ref-type="aff" rid="aff2">2</xref><xref ref-type="aff" rid="aff4">4</xref><xref ref-type="aff" rid="aff1"/></contrib></contrib-group><aff id="aff1"><label>1</label> Microbial Systems Division, Biosciences Directorate, Lawrence Livermore National Laboratory, Livermore, California, United States of America
</aff><aff id="aff2"><label>2</label> Center for Complex Network Research and Department of Physics, University of Notre Dame, Notre Dame, Indiana, United States of America
</aff><aff id="aff3"><label>3</label> Department of Pathology, University of Pittsburgh School of Medicine, Pittsburgh, Pennsylvania, United States of America
</aff><aff id="aff4"><label>4</label> Center for Cancer Systems Biology, Dana-Farber Cancer Institute, Harvard University, Boston, Massachusetts, United States of America
</aff><contrib-group><contrib contrib-type="editor"><name><surname>Segre</surname><given-names>Daniel</given-names></name><role>Editor</role><xref ref-type="aff" rid="edit1"/></contrib></contrib-group><aff id="edit1">Boston University, United States of America</aff><author-notes><corresp id="cor1">* To whom correspondence should be addressed. E-mail: <email>oltvai@pitt.edu</email></corresp></author-notes><pub-date pub-type="ppub"><month>12</month><year>2005</year></pub-date><pub-date pub-type="epub"><day>16</day><month>12</month><year>2005</year></pub-date><pub-date pub-type="epreprint"><day>2</day><month>11</month><year>2005</year></pub-date><volume>1</volume><issue>7</issue><elocation-id>e68</elocation-id><history><date date-type="received"><day>27</day><month>6</month><year>2005</year></date><date date-type="accepted"><day>2</day><month>11</month><year>2005</year></date></history><permissions><copyright-statement>Copyright: © 2005 Almaas et al.</copyright-statement><copyright-year>2005</copyright-year><license xlink:href="http://creativecommons.org/licenses/by/4.0/"><license-p>This is an open-access article distributed under the terms of the Creative Commons Attribution License, which permits unrestricted use, distribution, and reproduction in any medium, provided the original author and source are properly credited.</license-p></license></permissions><!--<related-article preprintresearch10.1371/journal.pcbi.0010068.eorsimple>
								    The Activity Reaction Core and Plasticity of Metabolic Networks
			      </related-article>--><abstract><p>Understanding the system-level adaptive changes taking place in an organism in response to variations in the environment is a key issue of contemporary biology. Current modeling approaches, such as constraint-based flux-balance analysis, have proved highly successful in analyzing the capabilities of cellular metabolism, including its capacity to predict deletion phenotypes, the ability to calculate the relative flux values of metabolic reactions, and the capability to identify properties of optimal growth states. Here, we use flux-balance analysis to thoroughly assess the activity of <italic>Escherichia coli, Helicobacter pylori,</italic> and <italic>Saccharomyces cerevisiae</italic> metabolism in 30,000 diverse simulated environments. We identify a set of metabolic reactions forming a connected metabolic core that carry non-zero fluxes under all growth conditions, and whose flux variations are highly correlated. Furthermore, we find that the enzymes catalyzing the core reactions display a considerably higher fraction of phenotypic essentiality and evolutionary conservation than those catalyzing noncore reactions. Cellular metabolism is characterized by a large number of species-specific conditionally active reactions organized around an evolutionary conserved, but always active, metabolic core. Finally, we find that most current antibiotics interfering with bacterial metabolism target the core enzymes, indicating that our findings may have important implications for antimicrobial drug-target discovery.</p></abstract><abstract abstract-type="synopsis"><title>Synopsis</title><p>Although cellular metabolism is among the most investigated cellular functions, it is not well understood how it changes and adapts on a systems level in response to environmental variations. In this study, the authors take advantage of the reconstructed metabolic networks of <italic>Helicobacter pylori, Escherichia coli,</italic> and <italic>Saccharomyces cerevisiae</italic> and the computational method of flux-balance analysis to investigate the functional plasticity of these three metabolic networks for a large number of simulated growth conditions.</p><p>Within this approach, the authors identify the metabolic cores of these organisms. These metabolic cores represent connected sets of reactions that are used in all tested environments. When cross-correlating the predicted cores with experimental data, the authors find that the cores display a significantly higher fraction, both of essential and evolutionary conserved enzymes, than their noncore counterparts. Additionally, the extended mRNA half-lives of the core enzymes give further support to the notion that core reactions represent main integrators of metabolic activity.</p><p>Since most of the metabolic core reactions are indispensable for the growth of the microorganism, and several existing antibiotics target select bacterial enzymes in the core, the authors suggest that the metabolic core may have important applications for antimicrobial drug-target discovery.</p></abstract><counts><page-count count="7"/></counts><custom-meta-group><custom-meta><meta-name>Citation:</meta-name><meta-value>Almaas E, Oltvai ZN, Barabási A (2005) The activity reaction core and plasticity of metabolic networks. PLoS Comput Biol 1(7): e68.</meta-value></custom-meta></custom-meta-group></article-meta></front></article>