<article xmlns="https://jats.nlm.nih.gov/ns/archiving/1.2/" xmlns:xsi="http://www.w3.org/2001/XMLSchema-instance" xmlns:ali="http://www.niso.org/schemas/ali/1.0/" xmlns:mml="http://www.w3.org/1998/Math/MathML" xmlns:xlink="http://www.w3.org/1999/xlink" xsi:schemaLocation="https://jats.nlm.nih.gov/ns/archiving/1.2/ https://jats.nlm.nih.gov/archiving/1.2/xsd/JATS-archivearticle1.xsd" article-type="research-article"><front><journal-meta><journal-id journal-id-type="nlm-ta">PLoS Comput Biol</journal-id><journal-id journal-id-type="iso-abbrev">PLoS Comput. Biol</journal-id><journal-id journal-id-type="publisher-id">pcbi</journal-id><journal-id journal-id-type="publisher-id">plcb</journal-id><journal-id journal-id-type="pmc">ploscomp</journal-id><journal-title-group><journal-title>PLoS Computational Biology</journal-title></journal-title-group><issn pub-type="ppub">1553-734X</issn><issn pub-type="epub">1553-7358</issn><publisher><publisher-name>Public Library of Science</publisher-name><publisher-loc>San Francisco, USA</publisher-loc></publisher></journal-meta><article-meta><article-id pub-id-type="accession">PMC1458966</article-id><article-id pub-id-type="pmcid">PMC1458966</article-id><article-id pub-id-type="pmc-uid">1458966</article-id><article-id pub-id-type="pmid">16699597</article-id><article-id pub-id-type="pmid">16699597</article-id><article-id pub-id-type="doi">10.1371/journal.pcbi.0020047</article-id><article-id pub-id-type="publisher-id">05-PLCB-RA-0229R3</article-id><article-id pub-id-type="sici">plcb-02-05-06</article-id><article-categories><subj-group subj-group-type="heading"><subject>Research Article</subject></subj-group><subj-group subj-group-type="Discipline"><subject>Bioinformatics - Computational Biology</subject><subject>Systems Biology</subject></subj-group><subj-group subj-group-type="System Taxonomy"><subject>Eukaryotes</subject><subject>Yeast and Fungi</subject><subject>Saccharomyces</subject></subj-group></article-categories><title-group><article-title>Dynamic Changes in Subgraph Preference Profiles of Crucial Transcription Factors</article-title><alt-title alt-title-type="running-head">Dynamic Changes in Subgrah Preference</alt-title></title-group><contrib-group><contrib contrib-type="author" equal-contrib="yes"><name><surname>Zhang</surname><given-names>Zhihua</given-names></name><xref ref-type="aff" rid="aff1">1</xref><xref ref-type="aff" rid="aff3">3</xref></contrib><contrib contrib-type="author" equal-contrib="yes"><name><surname>Liu</surname><given-names>Changning</given-names></name><xref ref-type="aff" rid="aff2">2</xref><xref ref-type="aff" rid="aff3">3</xref></contrib><contrib contrib-type="author" equal-contrib="yes"><name><surname>Skogerbø</surname><given-names>Geir</given-names></name><xref ref-type="aff" rid="aff1">1</xref></contrib><contrib contrib-type="author"><name><surname>Zhu</surname><given-names>Xiaopeng</given-names></name><xref ref-type="aff" rid="aff1">1</xref><xref ref-type="aff" rid="aff3">3</xref></contrib><contrib contrib-type="author"><name><surname>Lu</surname><given-names>Hongchao</given-names></name><xref ref-type="aff" rid="aff2">2</xref><xref ref-type="aff" rid="aff3">3</xref></contrib><contrib contrib-type="author"><name><surname>Chen</surname><given-names>Lan</given-names></name><xref ref-type="aff" rid="aff2">2</xref><xref ref-type="aff" rid="aff3">3</xref></contrib><contrib contrib-type="author"><name><surname>Shi</surname><given-names>Baochen</given-names></name><xref ref-type="aff" rid="aff1">1</xref><xref ref-type="aff" rid="aff3">3</xref></contrib><contrib contrib-type="author"><name><surname>Zhang</surname><given-names>Yong</given-names></name><xref ref-type="aff" rid="aff1">1</xref><xref ref-type="aff" rid="aff3">3</xref></contrib><contrib contrib-type="author"><name><surname>Wang</surname><given-names>Jie</given-names></name><xref ref-type="aff" rid="aff1">1</xref><xref ref-type="aff" rid="aff3">3</xref></contrib><contrib contrib-type="author"><name><surname>Wu</surname><given-names>Tao</given-names></name><xref ref-type="aff" rid="aff1">1</xref><xref ref-type="aff" rid="aff3">3</xref></contrib><contrib contrib-type="author"><name><surname>Chen</surname><given-names>Runsheng</given-names></name><xref ref-type="aff" rid="aff1">1</xref><xref ref-type="aff" rid="aff2">2</xref><xref ref-type="corresp" rid="cor1">*</xref></contrib></contrib-group><aff id="aff1"><label>1</label> Bioinformatics Laboratory and National Laboratory of Biomacromolecules, Institute of Biophysics, Chinese Academy of Sciences, Beijing, China
</aff><aff id="aff2"><label>2</label> Bioinformatics Research Group, Key Laboratory of Intelligent Information Processing, Institute of Computing Technology, Chinese Academy of Sciences, Beijing, China
</aff><aff id="aff3"><label>3</label> Graduate School of the Chinese Academy of Sciences, Beijing, China
</aff><contrib-group><contrib contrib-type="editor"><name><surname>Teichmann</surname><given-names>Sarah</given-names></name><role>Editor</role><xref ref-type="aff" rid="edit1"/></contrib></contrib-group><aff id="edit1">MRC Laboratory of Molecular Biology, United Kingdom</aff><author-notes><corresp id="cor1">* To whom correspondence should be addressed. E-mail: <email>crs@sun5.ibp.ac.cn</email></corresp></author-notes><pub-date pub-type="ppub"><month>5</month><year>2006</year></pub-date><pub-date pub-type="epub"><day>12</day><month>5</month><year>2006</year></pub-date><volume>2</volume><issue>5</issue><elocation-id>e47</elocation-id><history><date date-type="received"><day>6</day><month>9</month><year>2005</year></date><date date-type="accepted"><day>24</day><month>3</month><year>2006</year></date></history><permissions><copyright-statement> © 2006 Zhang et al.</copyright-statement><copyright-year>2006</copyright-year><license xlink:href="http://creativecommons.org/licenses/by/4.0/"><license-p>This is an open-access article distributed under the terms of the Creative Commons Attribution License, which permits unrestricted use, distribution, and reproduction in any medium, provided the original author and source are properly credited.</license-p></license></permissions><abstract><p>Transcription factors with a large number of target genes—transcription hub(s), or THub(s)—are usually crucial components of the regulatory system of a cell, and the different patterns through which they transfer the transcriptional signal to downstream cascades are of great interest. By profiling normalized abundances (A<sub>N</sub>) of basic regulatory patterns of individual THubs in the yeast <named-content content-type="genus-species">Saccharomyces cerevisiae</named-content> transcriptional regulation network under five different cellular states and environmental conditions, we have investigated their preferences for different basic regulatory patterns. Subgraph-normalized abundances downstream of individual THubs often differ significantly from that of the network as a whole, and conversely, certain over-represented subgraphs are not preferred by any THub. The THub preferences changed substantially when the cellular or environmental conditions changed. This switching of regulatory pattern preferences suggests that a change in conditions does not only elicit a change in response by the regulatory network, but also a change in the mechanisms by which the response is mediated. The THub subgraph preference profile thus provides a novel tool for description of the structure and organization between the large-scale exponents and local regulatory patterns.</p></abstract><abstract abstract-type="synopsis"><title>Synopsis</title><p>Transcription factors are proteins that bind to short segments of DNA, thereby controlling transcription and expression of other genes. Transcription factors may control a number of other genes, and in turn be controlled by other transcription factors, thus forming an extensive transcriptional network of control and counter-control, which acts through space and time in the cell. In transcriptional networks, transcription factors and their target genes form various patterns (called subgraphs or motifs) that are suspected of being of importance to how transcription factors exert their control of cellular processes. Zhang and colleagues have studied how a subset of transcription factors (called transcription hubs) utilizes such subgraphs in networks generated from yeast cells under various cellular states and environmental conditions. Their analyses show that different transcription hubs in the same network prefer different types of subgraphs, and that these preferences are not governed by subgraph frequencies in the network. They further show that when cellular conditions change, the transcription hubs frequently change their subgraph preferences, indicating that different modes of control require different types of subgraph use. These findings could have implications for our understanding of the mechanisms that underlie the fine-tuned control systems that govern a cell or an organism.</p></abstract><counts><page-count count="9"/></counts><custom-meta-group><custom-meta><meta-name>Citation:</meta-name><meta-value>Zhang Z, Liu C, Skogerbø G, Zhu X, Lu H, et al. (2006) Dynamic changes in subgraph preference profiles of crucial transcription factors. PLoS Comput Biol 2(5): e47. DOI: <ext-link ext-link-type="doi" xlink:href="10.1371/journal.pcbi.0020047">10.1371/journal.pcbi.0020047</ext-link></meta-value></custom-meta></custom-meta-group></article-meta></front></article>