<article xmlns="https://jats.nlm.nih.gov/ns/archiving/1.2/" xmlns:xsi="http://www.w3.org/2001/XMLSchema-instance" xmlns:ali="http://www.niso.org/schemas/ali/1.0/" xmlns:mml="http://www.w3.org/1998/Math/MathML" xmlns:xlink="http://www.w3.org/1999/xlink" xsi:schemaLocation="https://jats.nlm.nih.gov/ns/archiving/1.2/ https://jats.nlm.nih.gov/archiving/1.2/xsd/JATS-archivearticle1.xsd" article-type="other"><front><journal-meta><journal-id journal-id-type="nlm-ta">PLoS Comput Biol</journal-id><journal-id journal-id-type="iso-abbrev">PLoS Comput. Biol</journal-id><journal-id journal-id-type="publisher-id">pcbi</journal-id><journal-id journal-id-type="publisher-id">plcb</journal-id><journal-id journal-id-type="pmc">ploscomp</journal-id><journal-title-group><journal-title>PLoS Computational Biology</journal-title></journal-title-group><issn pub-type="ppub">1553-734X</issn><issn pub-type="epub">1553-7358</issn><publisher><publisher-name>Public Library of Science</publisher-name><publisher-loc>San Francisco, USA</publisher-loc></publisher></journal-meta><article-meta><article-id pub-id-type="accession">PMC1420661</article-id><article-id pub-id-type="pmcid">PMC1420661</article-id><article-id pub-id-type="pmc-uid">1420661</article-id><article-id pub-id-type="doi">10.1371/journal.pcbi.0020026</article-id><article-id pub-id-type="publisher-id">06-PLCB-C-0051</article-id><article-id pub-id-type="sici">plcb-02-03-10</article-id><article-categories><subj-group subj-group-type="heading"><subject>Correspondence</subject></subj-group><subj-group subj-group-type="Discipline"><subject>Bioinformatics - Computational Biology</subject><subject>Evolution</subject></subj-group><subj-group subj-group-type="System Taxonomy"><subject>Mammal</subject><subject>Mammals</subject><subject>Primates</subject></subj-group></article-categories><title-group><article-title>Authors' Reply</article-title><alt-title alt-title-type="running-head">Not applicable</alt-title></title-group><contrib-group><contrib contrib-type="author"><name><surname>Bush</surname><given-names>Eliot C</given-names></name></contrib><contrib contrib-type="author"><name><surname>Lahn</surname><given-names>Bruce T</given-names></name></contrib></contrib-group><author-notes><fn id="n101" fn-type="current-aff"><p>Eliot C. Bush, Bruce T. Lahn, (<email>blahn@bsd.uchicago.edu</email>) University of Chicago, Chicago, Illinois, United States of America</p></fn></author-notes><pub-date pub-type="ppub"><month>3</month><year>2006</year></pub-date><pub-date pub-type="epub"><day>31</day><month>3</month><year>2006</year></pub-date><volume>2</volume><issue>3</issue><elocation-id>e26</elocation-id><permissions><copyright-statement> © 2006 Bush and Lahn.</copyright-statement><copyright-year>2006</copyright-year><license xlink:href="http://creativecommons.org/licenses/by/4.0/"><license-p>This is an open-access article distributed under the terms of the Creative Commons Attribution License, which permits unrestricted use, distribution, and reproduction in any medium, provided the original author and source are properly credited.</license-p></license></permissions><related-article id="d35e97" related-article-type="companion" ext-link-type="doi" xlink:href="10.1371/journal.pcbi.0010073" xlink:title="research article" vol="1" page="e73"><article-title>Selective Constraint on Noncoding Regions of Hominid Genomes</article-title></related-article><related-article id="d35e102" related-article-type="companion" ext-link-type="doi" xlink:href="10.1371/journal.pcbi.0020019" xlink:title="correspondence" vol="2" page="e19"><article-title>Understanding the Degradation of Hominid Gene Control</article-title></related-article><counts><page-count count="2"/></counts><custom-meta-group><custom-meta><meta-name>Citation:</meta-name><meta-value>Bush EC, Lahn BT (2006) Authors' reply. PLoS Comput Biol 2(3): e26.</meta-value></custom-meta></custom-meta-group></article-meta></front></article>