<article xmlns="https://jats.nlm.nih.gov/ns/archiving/1.2/" xmlns:xsi="http://www.w3.org/2001/XMLSchema-instance" xmlns:ali="http://www.niso.org/schemas/ali/1.0/" xmlns:mml="http://www.w3.org/1998/Math/MathML" xmlns:xlink="http://www.w3.org/1999/xlink" xsi:schemaLocation="https://jats.nlm.nih.gov/ns/archiving/1.2/ https://jats.nlm.nih.gov/archiving/1.2/xsd/JATS-archivearticle1.xsd" article-type="research-article"><front><journal-meta><journal-id journal-id-type="nlm-ta">PLoS Comput Biol</journal-id><journal-id journal-id-type="iso-abbrev">PLoS Comput. Biol</journal-id><journal-id journal-id-type="publisher-id">pcbi</journal-id><journal-id journal-id-type="publisher-id">plcb</journal-id><journal-id journal-id-type="pmc">ploscomp</journal-id><journal-title-group><journal-title>PLoS Computational Biology</journal-title></journal-title-group><issn pub-type="ppub">1553-734X</issn><issn pub-type="epub">1553-7358</issn><publisher><publisher-name>Public Library of Science</publisher-name><publisher-loc>San Francisco, USA</publisher-loc></publisher></journal-meta><article-meta><article-id pub-id-type="accession">PMC1924875</article-id><article-id pub-id-type="pmcid">PMC1924875</article-id><article-id pub-id-type="pmc-uid">1924875</article-id><article-id pub-id-type="pmid">17658943</article-id><article-id pub-id-type="pmid">17658943</article-id><article-id pub-id-type="doi">10.1371/journal.pcbi.0030140</article-id><article-id pub-id-type="publisher-id">06-PLCB-RA-0416R4</article-id><article-id pub-id-type="sici">plcb-03-07-18</article-id><article-categories><subj-group subj-group-type="heading"><subject>Research Article</subject></subj-group><subj-group subj-group-type="Discipline"><subject>Biochemistry</subject><subject>Biochemistry</subject><subject>Biochemistry</subject><subject>Biochemistry</subject><subject>Biophysics</subject><subject>Biophysics</subject><subject>Computational Biology</subject><subject>Computational Biology</subject><subject>Computational Biology</subject><subject>Computational Biology</subject><subject>Computational Biology</subject></subj-group><subj-group subj-group-type="System Taxonomy"><subject>None</subject></subj-group></article-categories><title-group><article-title>Natively Unstructured Loops Differ from Other Loops</article-title><alt-title alt-title-type="running-head">Unstructured Loops Differ from Others</alt-title></title-group><contrib-group><contrib contrib-type="author"><name><surname>Schlessinger</surname><given-names>Avner</given-names></name><xref ref-type="aff" rid="aff1">1</xref><xref ref-type="aff" rid="aff2">2</xref><xref ref-type="aff" rid="aff3">3</xref><xref ref-type="corresp" rid="cor1">*</xref></contrib><contrib contrib-type="author"><name><surname>Liu</surname><given-names>Jinfeng</given-names></name><xref ref-type="aff" rid="aff1">1</xref><xref ref-type="aff" rid="aff2">2</xref><xref ref-type="aff" rid="aff3">3</xref></contrib><contrib contrib-type="author"><name><surname>Rost</surname><given-names>Burkhard</given-names></name><xref ref-type="aff" rid="aff1">1</xref><xref ref-type="aff" rid="aff2">2</xref><xref ref-type="aff" rid="aff3">3</xref></contrib></contrib-group><aff id="aff1"><label>1</label> Department of Biochemistry and Molecular Biophysics, Columbia University, New York, New York, United States of America
</aff><aff id="aff2"><label>2</label> Columbia University Center for Computational Biology and Bioinformatics (C2B2), New York, New York, United States of America
</aff><aff id="aff3"><label>3</label> Northeast Structural Genomics Consortium, Columbia University, New York, New York, United States of America
</aff><contrib-group><contrib contrib-type="editor"><name><surname>Bourne</surname><given-names>Philip E</given-names></name><role>Editor</role><xref ref-type="aff" rid="edit1"/></contrib></contrib-group><aff id="edit1">University of California San Diego, United States of America</aff><author-notes><corresp id="cor1">* To whom correspondence should be addressed. E-mail: <email>as2067@columbia.edu</email></corresp></author-notes><pub-date pub-type="ppub"><month>7</month><year>2007</year></pub-date><pub-date pub-type="epub"><day>20</day><month>7</month><year>2007</year></pub-date><pub-date pub-type="epreprint"><day>5</day><month>6</month><year>2007</year></pub-date><volume>3</volume><issue>7</issue><elocation-id>e140</elocation-id><history><date date-type="received"><day>27</day><month>9</month><year>2006</year></date><date date-type="accepted"><day>5</day><month>6</month><year>2007</year></date></history><permissions><copyright-statement> © 2007 Schlessinger et al.</copyright-statement><copyright-year>2007</copyright-year><license xlink:href="http://creativecommons.org/licenses/by/4.0/"><license-p>This is an open-access article distributed under the terms of the Creative Commons Attribution License, which permits unrestricted use, distribution, and reproduction in any medium, provided the original author and source are properly credited.</license-p></license></permissions><!--<related-article preprintResearch Article10.1371/journal.pcbi.0030140.eorsimple>Natively Unstructured Loops Differ from Other Loops</related-article>--><abstract><p>Natively unstructured or disordered protein regions may increase the functional complexity of an organism; they are particularly abundant in eukaryotes and often evade structure determination. Many computational methods predict unstructured regions by training on outliers in otherwise well-ordered structures. Here, we introduce an approach that uses a neural network in a very different and novel way. We hypothesize that very long contiguous segments with nonregular secondary structure (NORS regions) differ significantly from regular, well-structured loops, and that a method detecting such features could predict natively unstructured regions. Training our new method, NORSnet, on predicted information rather than on experimental data yielded three major advantages: it removed the overlap between testing and training, it systematically covered entire proteomes, and it explicitly focused on one particular aspect of unstructured regions with a simple structural interpretation, namely that they are loops. Our hypothesis was correct: well-structured and unstructured loops differ so substantially that NORSnet succeeded in their distinction. Benchmarks on previously used and new experimental data of unstructured regions revealed that NORSnet performed very well. Although it was not the best single prediction method, NORSnet was sufficiently accurate to flag unstructured regions in proteins that were previously not annotated. In one application, NORSnet revealed previously undetected unstructured regions in putative targets for structural genomics and may thereby contribute to increasing structural coverage of large eukaryotic families. NORSnet found unstructured regions more often in domain boundaries than expected at random. In another application, we estimated that 50%–70% of all worm proteins observed to have more than seven protein–protein interaction partners have unstructured regions. The comparative analysis between NORSnet and DISOPRED2 suggested that long unstructured loops are a major part of unstructured regions in molecular networks.</p></abstract><abstract abstract-type="summary"><title>Author Summary</title><sec id="st1"><title/><p>The details of protein structures are important for function. Regions that do not adopt any regular structure in isolation (natively unstructured or disordered regions) initially appeared as a curious exception to this structure–function paradigm. It has become increasingly clear that unstructured regions are fundamental to many roles and that they are particularly important for multicellular organisms. Structural biology is just beginning to apprehend the stunning diversity of these roles. Here, we focused on unstructured regions dominated by a particular type of loop, namely the natively unstructured one. We developed a method that succeeded in the distinction between well-structured and natively unstructured loops. For the development, we did not use any experimental data for unstructured regions; when tested on experimental data, the method performed surprisingly well. Due to its different premises, the method captured very different aspects of unstructured regions than other methods that we tested. We applied the new method to two different problems. The first was the identification of proteins that may be difficult targets for structure determination. The second was the identification of worm proteins that have many interaction partners (more than seven) and unstructured regions. Surprisingly, we found unstructured regions of the loopy type in more than 50% of all the promiscuous worm proteins.</p></sec></abstract><counts><page-count count="12"/></counts><custom-meta-group><custom-meta><meta-name>citation</meta-name><meta-value>Schlessinger A, Liu J, Rost B (2007) Natively unstructured loops differ from other loops. PLoS Comput Biol 3(7): e140. doi:<ext-link ext-link-type="doi" xlink:href="10.1371/journal.pcbi.0030140">10.1371/journal.pcbi.0030140</ext-link></meta-value></custom-meta></custom-meta-group></article-meta></front></article>