<article xmlns="https://jats.nlm.nih.gov/ns/archiving/1.2/" xmlns:xsi="http://www.w3.org/2001/XMLSchema-instance" xmlns:ali="http://www.niso.org/schemas/ali/1.0/" xmlns:mml="http://www.w3.org/1998/Math/MathML" xmlns:xlink="http://www.w3.org/1999/xlink" xsi:schemaLocation="https://jats.nlm.nih.gov/ns/archiving/1.2/ https://jats.nlm.nih.gov/archiving/1.2/xsd/JATS-archivearticle1.xsd" article-type="research-article"><front><journal-meta><journal-id journal-id-type="nlm-ta">PLoS Comput Biol</journal-id><journal-id journal-id-type="iso-abbrev">PLoS Comput. Biol</journal-id><journal-id journal-id-type="publisher-id">pcbi</journal-id><journal-id journal-id-type="publisher-id">plcb</journal-id><journal-id journal-id-type="pmc">ploscomp</journal-id><journal-title-group><journal-title>PLoS Computational Biology</journal-title></journal-title-group><issn pub-type="ppub">1553-734X</issn><issn pub-type="epub">1553-7358</issn><publisher><publisher-name>Public Library of Science</publisher-name><publisher-loc>San Francisco, USA</publisher-loc></publisher></journal-meta><article-meta><article-id pub-id-type="accession">PMC1464814</article-id><article-id pub-id-type="pmcid">PMC1464814</article-id><article-id pub-id-type="pmc-uid">1464814</article-id><article-id pub-id-type="pmid">16733548</article-id><article-id pub-id-type="pmid">16733548</article-id><article-id pub-id-type="doi">10.1371/journal.pcbi.0020053</article-id><article-id pub-id-type="publisher-id">05-PLCB-RA-0138R2</article-id><article-id pub-id-type="sici">plcb-02-05-13</article-id><article-categories><subj-group subj-group-type="heading"><subject>Research Article</subject></subj-group><subj-group subj-group-type="Discipline"><subject>Bioinformatics - Computational Biology</subject><subject>Development</subject><subject>Genetics/Genomics</subject><subject>Genetics/Gene Expression</subject><subject>Systems Biology</subject></subj-group><subj-group subj-group-type="System Taxonomy"><subject>Drosophila</subject></subj-group></article-categories><title-group><article-title>Expression-Guided In Silico Evaluation of Candidate <italic>Cis</italic> Regulatory Codes for <italic>Drosophila</italic> Muscle Founder Cells</article-title><alt-title alt-title-type="running-head">Evaluation of
<italic>Cis</italic> Regulatory Codes
</alt-title></title-group><contrib-group><contrib contrib-type="author" equal-contrib="yes"><name><surname>Philippakis</surname><given-names>Anthony A</given-names></name><xref ref-type="aff" rid="aff1">1</xref><xref ref-type="aff" rid="aff2">2</xref><xref ref-type="aff" rid="aff3">3</xref></contrib><contrib contrib-type="author" equal-contrib="yes"><name><surname>Busser</surname><given-names>Brian W</given-names></name><xref ref-type="aff" rid="aff1">1</xref></contrib><contrib contrib-type="author"><name><surname>Gisselbrecht</surname><given-names>Stephen S</given-names></name><xref ref-type="aff" rid="aff1">1</xref></contrib><contrib contrib-type="author"><name><surname>He</surname><given-names>Fangxue Sherry</given-names></name><xref ref-type="aff" rid="aff1">1</xref><xref ref-type="aff" rid="aff2">2</xref></contrib><contrib contrib-type="author"><name><surname>Estrada</surname><given-names>Beatriz</given-names></name><xref ref-type="aff" rid="aff1">1</xref></contrib><contrib contrib-type="author"><name><surname>Michelson</surname><given-names>Alan M</given-names></name><xref ref-type="aff" rid="aff1">1</xref><xref ref-type="corresp" rid="cor1">*</xref></contrib><contrib contrib-type="author"><name><surname>Bulyk</surname><given-names>Martha L</given-names></name><xref ref-type="aff" rid="aff1">1</xref><xref ref-type="aff" rid="aff2">2</xref><xref ref-type="aff" rid="aff3">3</xref><xref ref-type="aff" rid="aff4">4</xref><xref ref-type="corresp" rid="cor1">*</xref></contrib></contrib-group><aff id="aff1"><label>1</label> Division of Genetics, Department of Medicine, Brigham and Women's Hospital and Harvard Medical School, Boston, Massachusetts, United States of America
</aff><aff id="aff2"><label>2</label> Harvard/MIT Division of Health Sciences and Technology (HST), Harvard Medical School, Boston, Massachusetts, United States of America
</aff><aff id="aff3"><label>3</label> Harvard University Graduate Biophysics Program, Harvard Medical School, Boston, Massachusetts, United States of America
</aff><aff id="aff4"><label>4</label> Department of Pathology, Brigham and Women's Hospital and Harvard Medical School, Boston, Massachusetts, United States of America
</aff><contrib-group><contrib contrib-type="editor"><name><surname>Eisen</surname><given-names>Michael B</given-names></name><role>Editor</role><xref ref-type="aff" rid="edit1"/></contrib></contrib-group><aff id="edit1">University of California Berkeley, United States of America</aff><author-notes><corresp id="cor1">* To whom correspondence should be addressed. E-mail: <email>michelson@receptor.med.harvard.edu</email> (AMM), <email>mlbulyk@receptor.med.harvard.edu</email> (MLB)</corresp></author-notes><pub-date pub-type="ppub"><month>5</month><year>2006</year></pub-date><pub-date pub-type="epub"><day>26</day><month>5</month><year>2006</year></pub-date><volume>2</volume><issue>5</issue><elocation-id>e53</elocation-id><history><date date-type="received"><day>23</day><month>6</month><year>2005</year></date><date date-type="accepted"><day>5</day><month>4</month><year>2006</year></date></history><permissions><copyright-statement> © 2006 Philippakis et al.</copyright-statement><copyright-year>2006</copyright-year><license xlink:href="http://creativecommons.org/licenses/by/4.0/"><license-p>This is an open-access article distributed under the terms of the Creative Commons Attribution License, which permits unrestricted use, distribution, and reproduction in any medium, provided the original author and source are properly credited.</license-p></license></permissions><abstract><p>While combinatorial models of transcriptional regulation can be inferred for metazoan systems from a priori biological knowledge, validation requires extensive and time-consuming experimental work. Thus, there is a need for computational methods that can evaluate hypothesized <italic>cis</italic> regulatory codes before the difficult task of experimental verification is undertaken. We have developed a novel computational framework (termed “CodeFinder”) that integrates transcription factor binding site and gene expression information to evaluate whether a hypothesized transcriptional regulatory model (TRM; i.e., a set of co-regulating transcription factors) is likely to target a given set of co-expressed genes. Our basic approach is to simultaneously predict <italic>cis</italic> regulatory modules (CRMs) associated with a given gene set and quantify the enrichment for combinatorial subsets of transcription factor binding site motifs comprising the hypothesized TRM within these predicted CRMs. As a model system, we have examined a TRM experimentally demonstrated to drive the expression of two genes in a sub-population of cells in the developing <italic>Drosophila</italic> mesoderm, the somatic muscle founder cells. This TRM was previously hypothesized to be a general mode of regulation for genes expressed in this cell population. In contrast, the present analyses suggest that a modified form of this <italic>cis</italic> regulatory code applies to only a subset of founder cell genes, those whose gene expression responds to specific genetic perturbations in a similar manner to the gene on which the original model was based. We have confirmed this hypothesis by experimentally discovering six (out of 12 tested) new CRMs driving expression in the embryonic mesoderm, four of which drive expression in founder cells.</p></abstract><abstract abstract-type="synopsis"><title>Synopsis</title><p>Although genome sequences and much gene expression data are readily available, the determination of sets of transcription factors regulating particular gene expression patterns remains a problem of fundamental importance. Tissue-specific gene expression in developing animals is regulated through the combinatorial interactions of transcription factors with DNA regulatory elements termed <italic>cis</italic> regulatory modules (CRMs). Although genetic and biochemical experiments allow the identification of transcription factors and CRMs, those experiments are laborious and time-consuming. Philippakis et al. introduce a new approach (termed “CodeFinder”) for quantifying the enrichment for particular combinations of transcription factor binding site motifs within predicted CRMs associated with a given gene set of interest, identified from gene expression data. The authors' analyses allowed them to discover a specific combination of transcription factor binding site motifs that constitute a core <italic>cis</italic> regulatory code for expression of a particular subset of genes in muscle founder cells, an embryonic cell population in the developing fruit fly <italic>(Drosophila melanogaster)</italic> mesoderm, and also led them to the discovery and subsequent experimental validation of novel, tissue-specific CRMs. Importantly, the CodeFinder approach is generally applicable, and thus could be used to support, refute, or refine a known or hypothesized <italic>cis</italic> regulatory code for any biological system or genome of interest.</p></abstract><counts><page-count count="15"/></counts><custom-meta-group><custom-meta><meta-name>citation</meta-name><meta-value>Philippakis AA, Busser BW, Gisselbrecht SS, He FS, Estrada B, et al. (2006) Expression-guided in silico evaluation of candidate c<italic>is</italic> regulatory codes for <italic>Drosophila</italic> muscle founder cells. PLoS Comput Biol 2(5): e53. DOI: <ext-link ext-link-type="doi" xlink:href="10.1371/journal.pcbi.0020053">10.1371/journal.pcbi.0020053</ext-link></meta-value></custom-meta></custom-meta-group></article-meta></front></article>