<article xmlns="https://jats.nlm.nih.gov/ns/archiving/1.2/" xmlns:xsi="http://www.w3.org/2001/XMLSchema-instance" xmlns:ali="http://www.niso.org/schemas/ali/1.0/" xmlns:mml="http://www.w3.org/1998/Math/MathML" xmlns:xlink="http://www.w3.org/1999/xlink" xsi:schemaLocation="https://jats.nlm.nih.gov/ns/archiving/1.2/ https://jats.nlm.nih.gov/archiving/1.2/xsd/JATS-archivearticle1.xsd" article-type="research-article"><front><journal-meta><journal-id journal-id-type="nlm-ta">PLoS Comput Biol</journal-id><journal-id journal-id-type="iso-abbrev">PLoS Comput. Biol</journal-id><journal-id journal-id-type="publisher-id">pcbi</journal-id><journal-id journal-id-type="publisher-id">plcb</journal-id><journal-id journal-id-type="pmc">ploscomp</journal-id><journal-title-group><journal-title>PLoS Computational Biology</journal-title></journal-title-group><issn pub-type="ppub">1553-734X</issn><issn pub-type="epub">1553-7358</issn><publisher><publisher-name>Public Library of Science</publisher-name><publisher-loc>San Francisco, USA</publisher-loc></publisher></journal-meta><article-meta><article-id pub-id-type="accession">PMC1868774</article-id><article-id pub-id-type="pmcid">PMC1868774</article-id><article-id pub-id-type="pmc-uid">1868774</article-id><article-id pub-id-type="pmid">17511512</article-id><article-id pub-id-type="pmid">17511512</article-id><article-id pub-id-type="doi">10.1371/journal.pcbi.0030092</article-id><article-id pub-id-type="publisher-id">07-PLCB-RA-0010R2</article-id><article-id pub-id-type="sici">plcb-03-05-10</article-id><article-categories><subj-group subj-group-type="heading"><subject>Research Article</subject></subj-group><subj-group subj-group-type="Discipline"><subject>Cell Biology</subject><subject>Computational Biology</subject><subject>Developmental Biology</subject><subject>Developmental Biology</subject></subj-group><subj-group subj-group-type="System Taxonomy"><subject>Caenorhabditis</subject></subj-group></article-categories><title-group><article-title>Predictive Modeling of Signaling Crosstalk during <named-content content-type="genus-species">C. elegans</named-content> Vulval Development</article-title><alt-title alt-title-type="running-head">Predictive Modeling <italic>C. elegans</italic> Vulval Development</alt-title></title-group><contrib-group><contrib contrib-type="author"><name><surname>Fisher</surname><given-names>Jasmin</given-names></name><xref ref-type="aff" rid="aff1">1</xref><xref ref-type="corresp" rid="cor1">*</xref></contrib><contrib contrib-type="author"><name><surname>Piterman</surname><given-names>Nir</given-names></name><xref ref-type="aff" rid="aff1">1</xref></contrib><contrib contrib-type="author"><name><surname>Hajnal</surname><given-names>Alex</given-names></name><xref ref-type="aff" rid="aff2">2</xref></contrib><contrib contrib-type="author"><name><surname>Henzinger</surname><given-names>Thomas A</given-names></name><xref ref-type="aff" rid="aff1">1</xref><xref ref-type="aff" rid="aff3">3</xref></contrib></contrib-group><aff id="aff1"><label>1</label> School of Computer and Communication Sciences, Swiss Federal Institute of Technology (EPFL), Lausanne, Switzerland
</aff><aff id="aff2"><label>2</label> Institute of Zoology, University of Zurich, Zurich, Switzerland
</aff><aff id="aff3"><label>3</label> Electrical Engineering and Computer Science, University of California Berkeley, Berkeley, California, United States of America
</aff><contrib-group><contrib contrib-type="editor"><name><surname>Miyano</surname><given-names>Satoru</given-names></name><role>Editor</role><xref ref-type="aff" rid="edit1"/></contrib></contrib-group><aff id="edit1">The University of Tokyo, Japan</aff><author-notes><corresp id="cor1">* To whom correspondence should be addressed. E-mail: <email>jasmin.fisher@epfl.ch</email></corresp></author-notes><pub-date pub-type="ppub"><month>5</month><year>2007</year></pub-date><pub-date pub-type="epub"><day>18</day><month>5</month><year>2007</year></pub-date><volume>3</volume><issue>5</issue><elocation-id>e92</elocation-id><history><date date-type="received"><day>9</day><month>1</month><year>2007</year></date><date date-type="accepted"><day>10</day><month>4</month><year>2007</year></date></history><permissions><copyright-statement> © 2007 Fisher et al.</copyright-statement><copyright-year>2007</copyright-year><license xlink:href="http://creativecommons.org/licenses/by/4.0/"><license-p>This is an open-access article distributed under the terms of the Creative Commons Attribution License, which permits unrestricted use, distribution, and reproduction in any medium, provided the original author and source are properly credited.</license-p></license></permissions><abstract><p><named-content content-type="genus-species">Caenorhabditis elegans</named-content> vulval development provides an important paradigm for studying the process of cell fate determination and pattern formation during animal development. Although many genes controlling vulval cell fate specification have been identified, how they orchestrate themselves to generate a robust and invariant pattern of cell fates is not yet completely understood. Here, we have developed a dynamic computational model incorporating the current mechanistic understanding of gene interactions during this patterning process. A key feature of our model is the inclusion of multiple modes of crosstalk between the epidermal growth factor receptor (EGFR) and LIN-12/Notch signaling pathways, which together determine the fates of the six vulval precursor cells (VPCs). Computational analysis, using the <italic>model-checking</italic> technique, provides new biological insights into the regulatory network governing VPC fate specification and predicts novel negative feedback loops. In addition, our analysis shows that most mutations affecting vulval development lead to stable fate patterns in spite of variations in synchronicity between VPCs. Computational searches for the basis of this robustness show that a sequential activation of the EGFR-mediated inductive signaling and LIN-12 / Notch-mediated lateral signaling pathways is key to achieve a stable cell fate pattern. We demonstrate experimentally a time-delay between the activation of the inductive and lateral signaling pathways in wild-type animals and the loss of sequential signaling in mutants showing unstable fate patterns; thus, validating two key predictions provided by our modeling work. The insights gained by our modeling study further substantiate the usefulness of executing and analyzing mechanistic models to investigate complex biological behaviors.</p></abstract><abstract abstract-type="summary"><title>Author Summary</title><sec id="st1"><title/><p>Systems biology aims to gain a system-level understanding of living systems. To achieve such an understanding, we need to establish the methodologies and techniques to understand biological systems in their full complexity. One such attempt is to use methods designed for the construction and analysis of complex computerized systems to model biological systems. Describing mechanistic models in biology in a dynamic and executable language offers great advantages for representing time and parallelism, which are important features of biological behavior. In addition, automatic analysis methods can be used to ensure the consistency of computational models with biological data on which they are based. We have developed a dynamic computational model describing the current mechanistic understanding of cell fate determination during <named-content content-type="genus-species">C. elegans</named-content> vulval development, which provides an important paradigm for studying animal development. Our model is realistic, reproduces up-to-date experimental observations, allows in silico experimentation, and is analyzable by automatic tools. Analysis of our model provides new insights into the temporal aspects of the cell fate patterning process and predicts new modes of interaction between the signaling pathways involved. These biological insights, which were also validated experimentally, further substantiate the usefulness of dynamic computational models to investigate complex biological behaviors.</p></sec></abstract><counts><page-count count="12"/></counts><custom-meta-group><custom-meta><meta-name>citation</meta-name><meta-value>Fisher J, Piterman N, Hajnal A, Henzinger TA (2007) Predictive modeling of signaling crosstalk during <named-content content-type="genus-species">C. elegans</named-content> vulval development. PLoS Comput Biol 3(5): e92. doi:<ext-link ext-link-type="doi" xlink:href="10.1371/journal.pcbi.0030092">10.1371/journal.pcbi.0030092</ext-link></meta-value></custom-meta></custom-meta-group></article-meta></front></article>