<article xmlns="https://jats.nlm.nih.gov/ns/archiving/1.2/" xmlns:xsi="http://www.w3.org/2001/XMLSchema-instance" xmlns:ali="http://www.niso.org/schemas/ali/1.0/" xmlns:mml="http://www.w3.org/1998/Math/MathML" xmlns:xlink="http://www.w3.org/1999/xlink" xsi:schemaLocation="https://jats.nlm.nih.gov/ns/archiving/1.2/ https://jats.nlm.nih.gov/archiving/1.2/xsd/JATS-archivearticle1.xsd" article-type="research-article"><front><journal-meta><journal-id journal-id-type="nlm-ta">PLoS Comput Biol</journal-id><journal-id journal-id-type="iso-abbrev">PLoS Comput. Biol</journal-id><journal-id journal-id-type="publisher-id">pcbi</journal-id><journal-id journal-id-type="publisher-id">plcb</journal-id><journal-id journal-id-type="pmc">ploscomp</journal-id><journal-title-group><journal-title>PLoS Computational Biology</journal-title></journal-title-group><issn pub-type="ppub">1553-734X</issn><issn pub-type="epub">1553-7358</issn><publisher><publisher-name>Public Library of Science</publisher-name><publisher-loc>San Francisco, USA</publisher-loc></publisher></journal-meta><article-meta><article-id pub-id-type="accession">PMC1848001</article-id><article-id pub-id-type="pmcid">PMC1848001</article-id><article-id pub-id-type="pmc-uid">1848001</article-id><article-id pub-id-type="pmid">17397254</article-id><article-id pub-id-type="pmid">17397254</article-id><article-id pub-id-type="doi">10.1371/journal.pcbi.0030058</article-id><article-id pub-id-type="publisher-id">06-PLCB-RA-0399R2</article-id><article-id pub-id-type="sici">plcb-03-03-21</article-id><article-categories><subj-group subj-group-type="heading"><subject>Research Article</subject></subj-group><subj-group subj-group-type="Discipline"><subject>Computational Biology</subject><subject>Infectious Diseases</subject><subject>Molecular Biology</subject></subj-group><subj-group subj-group-type="System Taxonomy"><subject>Viruses</subject></subj-group></article-categories><title-group><article-title>Structural Descriptors of gp120 V3 Loop for the Prediction of HIV-1 Coreceptor Usage</article-title><alt-title alt-title-type="running-head">Structural Descriptors of gp120 V3 Loop</alt-title></title-group><contrib-group><contrib contrib-type="author"><name><surname>Sander</surname><given-names>Oliver</given-names></name><xref ref-type="aff" rid="aff1">1</xref><xref ref-type="corresp" rid="cor1">*</xref></contrib><contrib contrib-type="author"><name><surname>Sing</surname><given-names>Tobias</given-names></name><xref ref-type="aff" rid="aff1">1</xref></contrib><contrib contrib-type="author"><name><surname>Sommer</surname><given-names>Ingolf</given-names></name><xref ref-type="aff" rid="aff1">1</xref></contrib><contrib contrib-type="author"><name><surname>Low</surname><given-names>Andrew J</given-names></name><xref ref-type="aff" rid="aff2">2</xref></contrib><contrib contrib-type="author"><name><surname>Cheung</surname><given-names>Peter K</given-names></name><xref ref-type="aff" rid="aff2">2</xref></contrib><contrib contrib-type="author"><name><surname>Harrigan</surname><given-names>P. Richard</given-names></name><xref ref-type="aff" rid="aff2">2</xref></contrib><contrib contrib-type="author"><name><surname>Lengauer</surname><given-names>Thomas</given-names></name><xref ref-type="aff" rid="aff1">1</xref></contrib><contrib contrib-type="author"><name><surname>Domingues</surname><given-names>Francisco S</given-names></name><xref ref-type="aff" rid="aff1">1</xref></contrib></contrib-group><aff id="aff1"><label>1</label> Max-Planck-Institute for Informatics, Saarbrücken, Germany
</aff><aff id="aff2"><label>2</label> British Columbia Centre for Excellence in HIV/AIDS, Vancouver, Canada
</aff><contrib-group><contrib contrib-type="editor"><name><surname>Bourne</surname><given-names>Philip E</given-names></name><role>Editor</role><xref ref-type="aff" rid="edit1"/></contrib></contrib-group><aff id="edit1">University of California San Diego, United States of America</aff><author-notes><corresp id="cor1">* To whom correspondence should be addressed. E-mail: <email>osander@mpi-sb.mpg.de</email></corresp></author-notes><pub-date pub-type="ppub"><month>3</month><year>2007</year></pub-date><pub-date pub-type="epub"><day>30</day><month>3</month><year>2007</year></pub-date><pub-date pub-type="epreprint"><day>8</day><month>2</month><year>2007</year></pub-date><volume>3</volume><issue>3</issue><elocation-id>e58</elocation-id><history><date date-type="received"><day>15</day><month>9</month><year>2006</year></date><date date-type="accepted"><day>8</day><month>2</month><year>2007</year></date></history><permissions><copyright-statement> © 2007 Sander et al.</copyright-statement><copyright-year>2007</copyright-year><license xlink:href="http://creativecommons.org/licenses/by/4.0/"><license-p>This is an open-access article distributed under the terms of the Creative Commons Attribution License, which permits unrestricted use, distribution, and reproduction in any medium, provided the original author and source are properly credited.</license-p></license></permissions><!--<related-article preprintResearch Article10.1371/journal.pcbi.0030058.eorsimple>Structural Descriptors of gp120 V3 Loop for the Prediction of HIV-1 Coreceptor Usage</related-article>--><abstract><p>HIV-1 cell entry commonly uses, in addition to CD4, one of the chemokine receptors CCR5 or CXCR4 as coreceptor. Knowledge of coreceptor usage is critical for monitoring disease progression as well as for supporting therapy with the novel drug class of coreceptor antagonists. Predictive methods for inferring coreceptor usage based on the third hypervariable (V3) loop region of the viral gene coding for the envelope protein gp120 can provide us with these monitoring facilities while avoiding expensive phenotypic tests. All simple heuristics (such as the <italic>11/25 rule</italic>) as well as statistical learning methods proposed to date predict coreceptor usage based on sequence features of the V3 loop exclusively. Here, we show, based on a recently resolved structure of gp120 with an untruncated V3 loop, that using structural information on the V3 loop in combination with sequence features of V3 variants improves prediction of coreceptor usage. In particular, we propose a distance-based descriptor of the spatial arrangement of physicochemical properties that increases discriminative performance. For a fixed specificity of 0.95, a sensitivity of 0.77 was achieved, improving further to 0.80 when combined with a sequence-based representation using amino acid indicators. This compares favorably with the sensitivities of 0.62 for the traditional <italic>11/25 rule</italic> and 0.73 for a prediction based on sequence information as input to a support vector machine and constitutes a statistically significant improvement. A detailed analysis and interpretation of structural features important for classification shows the relevance of several specific hydrogen-bond donor sites and aliphatic side chains to coreceptor specificity towards CCR5 or CXCR4. Furthermore, an analysis of side chain orientation of the specificity-determining residues suggests a major role of one side of the V3 loop in the selection of the coreceptor. The proposed method constitutes the first approach to an improved prediction of coreceptor usage based on an original integration of structural bioinformatics methods with statistical learning.</p></abstract><abstract abstract-type="summary"><title>Author Summary</title><sec id="st1"><title/><p>HIV-1 cell entry requires a chemokine coreceptor in addition to the CD4 cell surface receptor. The two most common types of HIV coreceptors are called CCR5 and CXCR4. Whereas CCR5-using viral variants dominate directly after infection and during early stages of the disease, in about 50% of the patients, CXCR4-using variants appear in later stages of the disease, suggesting the coreceptor switch to be a determinant of disease progression. HIV coreceptors received substantial attention as antiviral drug targets, with CCR5 antagonists being currently tested in phase III clinical studies. Treatment with coreceptor antagonists requires continuous monitoring of coreceptor usage. The prominent role of coreceptors in disease progression and their potential as antiviral drug targets provides incentives for methodological improvements in coreceptor prediction and better understanding of the underlying determining factors regarding sequence and structural aspects. Our proposed method is the first approach to predict coreceptor usage based on structural information as opposed to established sequence-based methods. Including structural information improves predictive performance and is a first step towards a deeper understanding of the structural aspects of coreceptor usage.</p></sec></abstract><counts><page-count count="10"/></counts><custom-meta-group><custom-meta><meta-name>citation</meta-name><meta-value>Sander O, Sing T, Sommer I, Low AJ, Cheung PK, et al. (2007) Structural descriptors of gp120 V3 loop for the prediction of HIV-1 coreceptor usage. PLoS Comput Biol 3(3): e58. doi:<ext-link ext-link-type="doi" xlink:href="10.1371/journal.pcbi.0030058">10.1371/journal.pcbi.0030058</ext-link></meta-value></custom-meta></custom-meta-group></article-meta></front></article>