<article xmlns="https://jats.nlm.nih.gov/ns/archiving/1.2/" xmlns:xsi="http://www.w3.org/2001/XMLSchema-instance" xmlns:ali="http://www.niso.org/schemas/ali/1.0/" xmlns:mml="http://www.w3.org/1998/Math/MathML" xmlns:xlink="http://www.w3.org/1999/xlink" xsi:schemaLocation="https://jats.nlm.nih.gov/ns/archiving/1.2/ https://jats.nlm.nih.gov/archiving/1.2/xsd/JATS-archivearticle1.xsd" article-type="research-article"><front><journal-meta><journal-id journal-id-type="nlm-ta">PLoS Comput Biol</journal-id><journal-id journal-id-type="iso-abbrev">PLoS Comput. Biol</journal-id><journal-id journal-id-type="publisher-id">pcbi</journal-id><journal-id journal-id-type="publisher-id">plcb</journal-id><journal-id journal-id-type="pmc">ploscomp</journal-id><journal-title-group><journal-title>PLoS Computational Biology</journal-title></journal-title-group><issn pub-type="ppub">1553-734X</issn><issn pub-type="epub">1553-7358</issn><publisher><publisher-name>Public Library of Science</publisher-name><publisher-loc>San Francisco, USA</publisher-loc></publisher></journal-meta><article-meta><article-id pub-id-type="accession">PMC1892604</article-id><article-id pub-id-type="pmcid">PMC1892604</article-id><article-id pub-id-type="pmc-uid">1892604</article-id><article-id pub-id-type="pmid">17559300</article-id><article-id pub-id-type="pmid">17559300</article-id><article-id pub-id-type="doi">10.1371/journal.pcbi.0030109</article-id><article-id pub-id-type="publisher-id">06-PLCB-RA-0520R2</article-id><article-id pub-id-type="sici">plcb-03-06-08</article-id><article-categories><subj-group subj-group-type="heading"><subject>Research Article</subject></subj-group><subj-group subj-group-type="Discipline"><subject>Computational Biology</subject><subject>Computational Biology</subject><subject>Immunology</subject><subject>Immunology</subject><subject>Infectious Diseases</subject></subj-group><subj-group subj-group-type="System Taxonomy"><subject>Mus (Mouse)</subject><subject>Eubacteria</subject></subj-group></article-categories><title-group><article-title>Modeling Systems-Level Regulation of Host Immune Responses</article-title><alt-title alt-title-type="running-head">Network Analysis of Immune Responses</alt-title></title-group><contrib-group><contrib contrib-type="author"><name><surname>Thakar</surname><given-names>Juilee</given-names></name><xref ref-type="aff" rid="aff1">1</xref></contrib><contrib contrib-type="author"><name><surname>Pilione</surname><given-names>Mylisa</given-names></name><xref ref-type="aff" rid="aff2">2</xref></contrib><contrib contrib-type="author"><name><surname>Kirimanjeswara</surname><given-names>Girish</given-names></name><xref ref-type="aff" rid="aff2">2</xref></contrib><contrib contrib-type="author"><name><surname>Harvill</surname><given-names>Eric T</given-names></name><xref ref-type="aff" rid="aff2">2</xref></contrib><contrib contrib-type="author"><name><surname>Albert</surname><given-names>Réka</given-names></name><xref ref-type="aff" rid="aff1">1</xref><xref ref-type="corresp" rid="cor1">*</xref></contrib></contrib-group><aff id="aff1"><label>1</label> Department of Physics, Pennsylvania State University, University Park, Pennsylvania, United States of America
</aff><aff id="aff2"><label>2</label> Department of Veterinary and Biomedical Sciences, Pennsylvania State University, University Park, Pennsylvania, United States of America
</aff><contrib-group><contrib contrib-type="editor"><name><surname>Bergstrom</surname><given-names>Carl T</given-names></name><role>Editor</role><xref ref-type="aff" rid="edit1"/></contrib></contrib-group><aff id="edit1">University of Washington, United States of America</aff><author-notes><corresp id="cor1">* To whom correspondence should be addressed. E-mail: <email>ralbert@phys.psu.edu</email></corresp></author-notes><pub-date pub-type="ppub"><month>6</month><year>2007</year></pub-date><pub-date pub-type="epub"><day>8</day><month>6</month><year>2007</year></pub-date><pub-date pub-type="epreprint"><day>30</day><month>4</month><year>2007</year></pub-date><volume>3</volume><issue>6</issue><elocation-id>e109</elocation-id><history><date date-type="received"><day>12</day><month>12</month><year>2006</year></date><date date-type="accepted"><day>29</day><month>4</month><year>2007</year></date></history><permissions><copyright-statement> © 2007 Thakar et al.</copyright-statement><copyright-year>2007</copyright-year><license xlink:href="http://creativecommons.org/licenses/by/4.0/"><license-p>This is an open-access article distributed under the terms of the Creative Commons Attribution License, which permits unrestricted use, distribution, and reproduction in any medium, provided the original author and source are properly credited.</license-p></license></permissions><!--<related-article preprintResearch Article10.1371/journal.pcbi.0030109.eorsimple>Modeling Systems-Level Regulation of Host Immune Responses</related-article>--><abstract><p>Many pathogens are able to manipulate the signaling pathways responsible for the generation of host immune responses. Here we examine and model a respiratory infection system in which disruption of host immune functions or of bacterial factors changes the dynamics of the infection. We synthesize the network of interactions between host immune components and two closely related bacteria in the genus <italic>Bordetellae.</italic> We incorporate existing experimental information on the timing of immune regulatory events into a discrete dynamic model, and verify the model by comparing the effects of simulated disruptions to the experimental outcome of knockout mutations. Our model indicates that the infection time course of both <italic>Bordetellae</italic> can be separated into three distinct phases based on the most active immune processes. We compare and discuss the effect of the species-specific virulence factors on disrupting the immune response during their infection of naive, antibody-treated, diseased, or convalescent hosts. Our model offers predictions regarding cytokine regulation, key immune components, and clearance of secondary infections; we experimentally validate two of these predictions. This type of modeling provides new insights into the virulence, pathogenesis, and host adaptation of disease-causing microorganisms and allows systems-level analysis that is not always possible using traditional methods.</p></abstract><abstract abstract-type="summary"><title>Author Summary</title><sec id="st1"><title/><p>The immune response is a complex network of processes activated in a host upon infection. Pathogens seek to disrupt or evade these processes to ensure their own survival and proliferation. This article provides a systems-level analysis of the immune response against two related bacterial species in the <italic>Bordetella</italic> genus, <named-content content-type="genus-species">B. bronchiseptica</named-content> and <italic>B. pertussis. B. pertussis,</italic> the causative agent of whooping cough, has lost many of the virulence factors of its <named-content content-type="genus-species">B. bronchiseptica</named-content>–like progenitor, and is using different strategies for the modulation of the immune system. We have synthesized two separate network models for the interaction of these pathogens with their hosts. Each network is then translated into a predictive dynamic model and is validated by comparison with available experimental data. The model offers predictions regarding cytokine regulation and the effects of perturbations of the immune system, as well as the time course of infections in hosts that had previously encountered the pathogens. We experimentally validate the prediction that convalescent hosts can rapidly clear both pathogens, while antibody transfer cannot substantially reduce the duration of a <named-content content-type="genus-species">B. pertussis</named-content> infection. This type of modeling provides new insights into the virulence, pathogenesis, and host adaptation of disease-causing microorganisms and can be readily extended to other pathogens.</p></sec></abstract><counts><page-count count="18"/></counts><custom-meta-group><custom-meta><meta-name>citation</meta-name><meta-value>Thakar J, Pilione M, Kirimanjeswara G, Harvill ET, Albert R (2007) Modeling systems-level regulation of host immune responses. PLoS Comput Biol 3(6): e109. doi:<ext-link ext-link-type="doi" xlink:href="10.1371/journal.pcbi.0030109">10.1371/journal.pcbi.0030109</ext-link></meta-value></custom-meta></custom-meta-group></article-meta></front></article>