<article xmlns="https://jats.nlm.nih.gov/ns/archiving/1.2/" xmlns:xsi="http://www.w3.org/2001/XMLSchema-instance" xmlns:ali="http://www.niso.org/schemas/ali/1.0/" xmlns:mml="http://www.w3.org/1998/Math/MathML" xmlns:xlink="http://www.w3.org/1999/xlink" xsi:schemaLocation="https://jats.nlm.nih.gov/ns/archiving/1.2/ https://jats.nlm.nih.gov/archiving/1.2/xsd/JATS-archivearticle1.xsd" article-type="research-article"><front><journal-meta><journal-id journal-id-type="nlm-ta">PLoS Comput Biol</journal-id><journal-id journal-id-type="iso-abbrev">PLoS Comput. Biol</journal-id><journal-id journal-id-type="publisher-id">pcbi</journal-id><journal-id journal-id-type="publisher-id">plcb</journal-id><journal-id journal-id-type="pmc">ploscomp</journal-id><journal-title-group><journal-title>PLoS Computational Biology</journal-title></journal-title-group><issn pub-type="ppub">1553-734X</issn><issn pub-type="epub">1553-7358</issn><publisher><publisher-name>Public Library of Science</publisher-name><publisher-loc>San Francisco, USA</publisher-loc></publisher></journal-meta><article-meta><article-id pub-id-type="accession">PMC1933480</article-id><article-id pub-id-type="pmcid">PMC1933480</article-id><article-id pub-id-type="pmc-uid">1933480</article-id><article-id pub-id-type="pmid">17676982</article-id><article-id pub-id-type="pmid">17676982</article-id><article-id pub-id-type="doi">10.1371/journal.pcbi.0030150</article-id><article-id pub-id-type="publisher-id">07-PLCB-RA-0069R3</article-id><article-id pub-id-type="sici">plcb-03-07-22</article-id><article-categories><subj-group subj-group-type="heading"><subject>Research Article</subject></subj-group><subj-group subj-group-type="Discipline"><subject>Biophysics</subject><subject>Cell Biology</subject><subject>Computational Biology</subject></subj-group><subj-group subj-group-type="System Taxonomy"><subject>None</subject></subj-group></article-categories><title-group><article-title>Chemotaxis Receptor Complexes: From Signaling to Assembly</article-title><alt-title alt-title-type="running-head">From Signaling to Assembly</alt-title></title-group><contrib-group><contrib contrib-type="author"><name><surname>Endres</surname><given-names>Robert G</given-names></name><xref ref-type="aff" rid="aff1">1</xref><xref ref-type="corresp" rid="cor1">*</xref></contrib><contrib contrib-type="author"><name><surname>Falke</surname><given-names>Joseph J</given-names></name><xref ref-type="aff" rid="aff2">2</xref></contrib><contrib contrib-type="author"><name><surname>Wingreen</surname><given-names>Ned S</given-names></name><xref ref-type="aff" rid="aff1">1</xref></contrib></contrib-group><aff id="aff1"><label>1</label> Department of Molecular Biology, Princeton University, Princeton, New Jersey, United States of America
</aff><aff id="aff2"><label>2</label> Department of Chemistry and Biochemistry, University of Colorado Boulder, Boulder, Colorado, United States of America
</aff><contrib-group><contrib contrib-type="editor"><name><surname>Crampin</surname><given-names>Edmund J</given-names></name><role>Editor</role><xref ref-type="aff" rid="edit1"/></contrib></contrib-group><aff id="edit1">University of Auckland, New Zealand</aff><author-notes><corresp id="cor1">* To whom correspondence should be addressed. E-mail: <email>rendres@princeton.edu</email></corresp></author-notes><pub-date pub-type="ppub"><month>7</month><year>2007</year></pub-date><pub-date pub-type="epub"><day>27</day><month>7</month><year>2007</year></pub-date><pub-date pub-type="epreprint"><day>15</day><month>6</month><year>2007</year></pub-date><volume>3</volume><issue>7</issue><elocation-id>e150</elocation-id><history><date date-type="received"><day>8</day><month>2</month><year>2007</year></date><date date-type="accepted"><day>15</day><month>6</month><year>2007</year></date></history><permissions><copyright-statement> © 2007 Endres et al.</copyright-statement><copyright-year>2007</copyright-year><license xlink:href="http://creativecommons.org/licenses/by/4.0/"><license-p>This is an open-access article distributed under the terms of the Creative Commons Attribution License, which permits unrestricted use, distribution, and reproduction in any medium, provided the original author and source are properly credited.</license-p></license></permissions><!--<related-article preprintResearch Article10.1371/journal.pcbi.0030150.eorRA1doisimple>Chemotaxis Receptor Complexes: From Signaling to Assembly</related-article>--><abstract><p>Complexes of chemoreceptors in the bacterial cytoplasmic membrane allow for the sensing of ligands with remarkable sensitivity. Despite the excellent characterization of the chemotaxis signaling network, very little is known about what controls receptor complex size. Here we use in vitro signaling data to model the distribution of complex sizes. In particular, we model Tar receptors in membranes as an ensemble of different sized oligomer complexes, i.e., receptor dimers, dimers of dimers, and trimers of dimers, where the relative free energies, including receptor modification, ligand binding, and interaction with the kinase CheA determine the size distribution. Our model compares favorably with a variety of signaling data, including dose-response curves of receptor activity and the dependence of activity on receptor density in the membrane. We propose that the kinetics of complex assembly can be measured in vitro from the temporal response to a perturbation of the complex free energies, e.g., by addition of ligand.</p></abstract><abstract abstract-type="summary"><title>Author Summary</title><sec id="st1"><title/><p>Chemotaxis allows bacteria to sense and swim toward nutrients and away from toxins. The remarkable sensing properties of the chemotaxis network, such as high sensitivity to small changes in the chemical environment, are thought to originate from receptor complexes in the membrane, which act as antennas to magnify weak signals. To adapt to persistent stimulation, receptors are covalently modified. While the individual protein components of the chemotaxis network are well characterized, making the system well suited for quantitative and computational analysis, direct experimental visualization of receptors and receptor complexes is difficult within the current limits of fluorescence and electron microscopy. To address questions such as how large are complexes and why do they assemble, we analyze in vitro signaling data using a previously developed model of signaling by receptor complexes. Based on the data, we propose a statistical physics model for the distribution of complex sizes in the membrane. Within this model, complex size depends on the receptor free energy with contributions from receptor modification level, ligand binding, receptor–receptor coupling, and binding to accessory proteins. Our model results compare favorably with a variety of different signaling data, and suggest new experiments to measure the kinetics of assembly of receptor complexes.</p></sec></abstract><counts><page-count count="9"/></counts><custom-meta-group><custom-meta><meta-name>citation</meta-name><meta-value>Endres RG, Falke JJ, Wingreen NS (2007) Chemotaxis receptor complexes: From signaling to assembly. PLoS Comput Biol 3(7): e150. doi:<ext-link ext-link-type="doi" xlink:href="10.1371/journal.pcbi.0030150">10.1371/journal.pcbi.0030150</ext-link></meta-value></custom-meta></custom-meta-group></article-meta></front></article>