<article xmlns="https://jats.nlm.nih.gov/ns/archiving/1.2/" xmlns:xsi="http://www.w3.org/2001/XMLSchema-instance" xmlns:ali="http://www.niso.org/schemas/ali/1.0/" xmlns:mml="http://www.w3.org/1998/Math/MathML" xmlns:xlink="http://www.w3.org/1999/xlink" xsi:schemaLocation="https://jats.nlm.nih.gov/ns/archiving/1.2/ https://jats.nlm.nih.gov/archiving/1.2/xsd/JATS-archivearticle1.xsd" article-type="research-article"><front><journal-meta><journal-id journal-id-type="nlm-ta">PLoS Comput Biol</journal-id><journal-id journal-id-type="iso-abbrev">PLoS Comput. Biol</journal-id><journal-id journal-id-type="publisher-id">pcbi</journal-id><journal-id journal-id-type="publisher-id">plcb</journal-id><journal-id journal-id-type="pmc">ploscomp</journal-id><journal-title-group><journal-title>PLoS Computational Biology</journal-title></journal-title-group><issn pub-type="ppub">1553-734X</issn><issn pub-type="epub">1553-7358</issn><publisher><publisher-name>Public Library of Science</publisher-name><publisher-loc>San Francisco, USA</publisher-loc></publisher></journal-meta><article-meta><article-id pub-id-type="accession">PMC1487180</article-id><article-id pub-id-type="pmcid">PMC1487180</article-id><article-id pub-id-type="pmc-uid">1487180</article-id><article-id pub-id-type="pmid">16839196</article-id><article-id pub-id-type="pmid">16839196</article-id><article-id pub-id-type="doi">10.1371/journal.pcbi.0020074</article-id><article-id pub-id-type="publisher-id">05-PLCB-RA-0340R2</article-id><article-id pub-id-type="sici">plcb-02-07-01</article-id><article-categories><subj-group subj-group-type="heading"><subject>Research Article</subject></subj-group><subj-group subj-group-type="Discipline"><subject>Biochemistry</subject><subject>Bioinformatics - Computational Biology</subject><subject>Genetics/Genomics</subject><subject>Genetics/Evolution</subject></subj-group><subj-group subj-group-type="System Taxonomy"><subject>Homo (Human)</subject><subject>Mus (Mouse)</subject><subject>Rattus (Rat)</subject><subject>Chicken</subject><subject>Vertebrates</subject></subj-group></article-categories><title-group><article-title>Systematic Analysis of Head-to-Head Gene Organization: Evolutionary Conservation and Potential Biological Relevance</article-title><alt-title alt-title-type="running-head">Analysis of Head-to-Head Gene Pairs</alt-title></title-group><contrib-group><contrib contrib-type="author" equal-contrib="yes"><name><surname>Li</surname><given-names>Yuan-Yuan</given-names></name><xref ref-type="aff" rid="aff1">1</xref></contrib><contrib contrib-type="author" equal-contrib="yes"><name><surname>Yu</surname><given-names>Hui</given-names></name><xref ref-type="aff" rid="aff1">1</xref></contrib><contrib contrib-type="author"><name><surname>Guo</surname><given-names>Zong-Ming</given-names></name><xref ref-type="aff" rid="aff1">1</xref></contrib><contrib contrib-type="author"><name><surname>Guo</surname><given-names>Ting-Qing</given-names></name><xref ref-type="aff" rid="aff2">2</xref></contrib><contrib contrib-type="author"><name><surname>Tu</surname><given-names>Kang</given-names></name><xref ref-type="aff" rid="aff1">1</xref><xref ref-type="aff" rid="aff3">3</xref></contrib><contrib contrib-type="author"><name><surname>Li</surname><given-names>Yi-Xue</given-names></name><xref ref-type="aff" rid="aff1">1</xref><xref ref-type="aff" rid="aff3">3</xref><xref ref-type="corresp" rid="cor1">*</xref></contrib></contrib-group><aff id="aff1"><label>1</label>Shanghai Center for Bioinformation Technology, Shanghai, People's Republic of China
</aff><aff id="aff2"><label>2</label>Institute of Biochemistry and Cell Biology, Shanghai Institutes for Biological Sciences, Chinese Academy of Sciences, Shanghai, People's Republic of China
</aff><aff id="aff3"><label>3</label>Bioinformatics Center, Shanghai Institutes for Biological Sciences, Chinese Academy of Sciences, Shanghai, People's Republic of China
</aff><contrib-group><contrib contrib-type="editor"><name><surname>Sander</surname><given-names>Chris</given-names></name><role>Editor</role><xref ref-type="aff" rid="edit1"/></contrib></contrib-group><aff id="edit1">Memorial Sloan-Kettering Cancer Center, United States of America</aff><author-notes><corresp id="cor1">* To whom correspondence should be addressed. E-mail: <email>yxli@scbit.org</email></corresp></author-notes><pub-date pub-type="ppub"><month>7</month><year>2006</year></pub-date><pub-date pub-type="epub"><day>7</day><month>7</month><year>2006</year></pub-date><pub-date pub-type="epreprint"><day>15</day><month>5</month><year>2006</year></pub-date><volume>2</volume><issue>7</issue><elocation-id>e74</elocation-id><history><date date-type="received"><day>28</day><month>11</month><year>2005</year></date><date date-type="accepted"><day>12</day><month>5</month><year>2006</year></date></history><permissions><copyright-statement> © 2006 Li et al.</copyright-statement><copyright-year>2006</copyright-year><license xlink:href="http://creativecommons.org/licenses/by/4.0/"><license-p>This is an open-access article distributed under the terms of the Creative Commons Attribution License, which permits unrestricted use, distribution, and reproduction in any medium, provided the original author and source are properly credited.</license-p></license></permissions><!--<related-article preprintresearch10.1371/journal.pcbi.0020074.eorsimple>Systematic Analysis of Head-to Head Gene Organization: Evolutionary Conservation and Potential Biological Relevance</related-article>--><abstract><p>Several “head-to-head” (or “bidirectional”) gene pairs have been studied in individual experiments, but genome-wide analysis of this gene organization, especially in terms of transcriptional correlation and functional association, is still insufficient. We conducted a systematic investigation of head-to-head gene organization focusing on structural features, evolutionary conservation, expression correlation and functional association. Of the present 1,262, 1,071, and 491 head-to-head pairs identified in human, mouse, and rat genomes, respectively, pairs with 1– to 400–base pair distance between transcription start sites form the majority (62.36%, 64.15%, and 55.19% for human, mouse, and rat, respectively) of each dataset, and the largest group is always the one with a transcription start site distance of 101 to 200 base pairs. The phylogenetic analysis among <italic>Fugu,</italic> chicken, and human indicates a negative selection on the separation of head-to-head genes across vertebrate evolution, and thus the ancestral existence of this gene organization. The expression analysis shows that most of the human head-to-head genes are significantly correlated, and the correlation could be positive, negative, or alternative depending on the experimental conditions. Finally, head-to-head genes statistically tend to perform similar functions, and gene pairs associated with the significant cofunctions seem to have stronger expression correlations. The findings indicate that the head-to-head gene organization is ancient and conserved, which subjects functionally related genes to correlated transcriptional regulation and thus provides an exquisite mechanism of transcriptional regulation based on gene organization. These results have significantly expanded the knowledge about head-to-head gene organization. Supplementary materials for this study are available at <ext-link ext-link-type="uri" xlink:href="http://www.scbit.org/h2h">http://www.scbit.org/h2h</ext-link>.</p></abstract><abstract abstract-type="synopsis"><title>Synopsis</title><p>It was commonly assumed that higher eukaryotic genomes are loosely organized and genes are interspersed in the whole genome sequences. However, experiments have continuously identified eukaryotic head-to-head gene pairs with genes located closely next to each other, possibly sharing a same promoter; and preliminary genomic surveys have even proved head-to-head gene pair to be a common feature of human genome. The authors report a systematic investigation of head-to-head gene pairs in terms of the genomic structure, evolutionary conservation, expressional correlation, and functional association. The authors first identified some common structural and distributional patterns in three representative mammalian genomes: human, mouse, and rat. Then, through comparative analyses between human, chicken, and <italic>Fugu,</italic> they observed a conservation tendency of head-to-head gene pairs in vertebrates. Finally, interactive analyses of expressional and functional association yielded some interesting results, including the significant expression correlation of head-to-head genes, especially for the pairs with significant functional association. The main conclusion of this paper is that the head-to-head gene organization is ancient and conserved, subjecting functionally related genes to coregulated transcription. Lists of head-to-head gene pairs in human, mouse, rat, chicken, and <italic>Fugu</italic> are provided, while some individual pairs in need of further in-depth investigations are highlighted.</p></abstract><counts><page-count count="11"/></counts><custom-meta-group><custom-meta><meta-name>citation</meta-name><meta-value>Li YY, Yu H, Guo ZM, Guo TQ, Tu K, et al. (2006) Systematic analysis of head-to-head gene organization: Evolutionary conservation and potential biological relevance. PLoS Comput Biol 2(7): e74. DOI: <ext-link ext-link-type="doi" xlink:href="10.1371/journal.pcbi.0020074">10.1371/journal.pcbi.0020074</ext-link></meta-value></custom-meta></custom-meta-group></article-meta></front></article>