<article xmlns="https://jats.nlm.nih.gov/ns/archiving/1.2/" xmlns:xsi="http://www.w3.org/2001/XMLSchema-instance" xmlns:ali="http://www.niso.org/schemas/ali/1.0/" xmlns:mml="http://www.w3.org/1998/Math/MathML" xmlns:xlink="http://www.w3.org/1999/xlink" xsi:schemaLocation="https://jats.nlm.nih.gov/ns/archiving/1.2/ https://jats.nlm.nih.gov/archiving/1.2/xsd/JATS-archivearticle1.xsd" article-type="research-article"><front><journal-meta><journal-id journal-id-type="nlm-ta">PLoS Comput Biol</journal-id><journal-id journal-id-type="iso-abbrev">PLoS Comput. Biol</journal-id><journal-id journal-id-type="publisher-id">pcbi</journal-id><journal-id journal-id-type="publisher-id">plcb</journal-id><journal-id journal-id-type="pmc">ploscomp</journal-id><journal-title-group><journal-title>PLoS Computational Biology</journal-title></journal-title-group><issn pub-type="ppub">1553-734X</issn><issn pub-type="epub">1553-7358</issn><publisher><publisher-name>Public Library of Science</publisher-name><publisher-loc>San Francisco, USA</publisher-loc></publisher></journal-meta><article-meta><article-id pub-id-type="accession">PMC1851982</article-id><article-id pub-id-type="pmcid">PMC1851982</article-id><article-id pub-id-type="pmc-uid">1851982</article-id><article-id pub-id-type="pmid">17432931</article-id><article-id pub-id-type="pmid">17432931</article-id><article-id pub-id-type="doi">10.1371/journal.pcbi.0030069</article-id><article-id pub-id-type="publisher-id">06-PLCB-RA-0456R3</article-id><article-id pub-id-type="sici">plcb-03-04-08</article-id><article-categories><subj-group subj-group-type="heading"><subject>Research Article</subject></subj-group><subj-group subj-group-type="Discipline"><subject>Computational Biology</subject><subject>Computational Biology</subject><subject>Genetics and Genomics</subject></subj-group><subj-group subj-group-type="System Taxonomy"><subject>Mammals</subject></subj-group></article-categories><title-group><article-title>Increasing the Power to Detect Causal Associations by Combining Genotypic and Expression Data in Segregating Populations</article-title><alt-title alt-title-type="running-head">Integration of Genotypic and Gene Expression Data</alt-title></title-group><contrib-group><contrib contrib-type="author" equal-contrib="yes"><name><surname>Zhu</surname><given-names>Jun</given-names></name><xref ref-type="aff" rid="aff1">1</xref></contrib><contrib contrib-type="author" equal-contrib="yes"><name><surname>Wiener</surname><given-names>Matthew C</given-names></name><xref ref-type="aff" rid="aff2">2</xref></contrib><contrib contrib-type="author" equal-contrib="yes"><name><surname>Zhang</surname><given-names>Chunsheng</given-names></name><xref ref-type="aff" rid="aff1">1</xref></contrib><contrib contrib-type="author" equal-contrib="yes"><name><surname>Fridman</surname><given-names>Arthur</given-names></name><xref ref-type="aff" rid="aff2">2</xref></contrib><contrib contrib-type="author"><name><surname>Minch</surname><given-names>Eric</given-names></name><xref ref-type="aff" rid="aff2">2</xref></contrib><contrib contrib-type="author"><name><surname>Lum</surname><given-names>Pek Y</given-names></name><xref ref-type="aff" rid="aff1">1</xref></contrib><contrib contrib-type="author"><name><surname>Sachs</surname><given-names>Jeffrey R</given-names></name><xref ref-type="aff" rid="aff2">2</xref></contrib><contrib contrib-type="author"><name><surname>Schadt</surname><given-names>Eric E</given-names></name><xref ref-type="aff" rid="aff1">1</xref><xref ref-type="corresp" rid="cor1">*</xref></contrib></contrib-group><aff id="aff1"><label>1</label> Rosetta Inpharmatics, Seattle, Washington, United States of America
</aff><aff id="aff2"><label>2</label> Department of Applied Computer Science and Mathematics, Merck Research Laboratories, Rahway, New Jersey, United States of America
</aff><contrib-group><contrib contrib-type="editor"><name><surname>Stormo</surname><given-names>Gary</given-names></name><role>Editor</role><xref ref-type="aff" rid="edit1"/></contrib></contrib-group><aff id="edit1">Washington University, United States of America</aff><author-notes><corresp id="cor1">* To whom correspondence should be addressed. E-mail: <email>Eric_Schadt@merck.com</email></corresp></author-notes><pub-date pub-type="ppub"><month>4</month><year>2007</year></pub-date><pub-date pub-type="epub"><day>13</day><month>4</month><year>2007</year></pub-date><pub-date pub-type="epreprint"><day>27</day><month>2</month><year>2007</year></pub-date><volume>3</volume><issue>4</issue><elocation-id>e69</elocation-id><history><date date-type="received"><day>25</day><month>10</month><year>2006</year></date><date date-type="accepted"><day>27</day><month>2</month><year>2007</year></date></history><permissions><copyright-statement> © 2007 Zhu et al.</copyright-statement><copyright-year>2007</copyright-year><license xlink:href="http://creativecommons.org/licenses/by/4.0/"><license-p>This is an open-access article distributed under the terms of the Creative Commons Attribution License, which permits unrestricted use, distribution, and reproduction in any medium, provided the original author and source are properly credited.</license-p></license></permissions><!--<related-article preprintResearch Article10.1371/journal.pcbi.0030069.eorsimple>Increasing the Power to Detect Causal Associations among Genes and between Genes and Complex Traits by Combining Genotypic and Gene Expression Data in Segregating Populations</related-article>--><abstract><p>To dissect common human diseases such as obesity and diabetes, a systematic approach is needed to study how genes interact with one another, and with genetic and environmental factors, to determine clinical end points or disease phenotypes. Bayesian networks provide a convenient framework for extracting relationships from noisy data and are frequently applied to large-scale data to derive causal relationships among variables of interest. Given the complexity of molecular networks underlying common human disease traits, and the fact that biological networks can change depending on environmental conditions and genetic factors, large datasets, generally involving multiple perturbations (experiments), are required to reconstruct and reliably extract information from these networks. With limited resources, the balance of coverage of multiple perturbations and multiple subjects in a single perturbation needs to be considered in the experimental design. Increasing the number of experiments, or the number of subjects in an experiment, is an expensive and time-consuming way to improve network reconstruction. Integrating multiple types of data from existing subjects might be more efficient. For example, it has recently been demonstrated that combining genotypic and gene expression data in a segregating population leads to improved network reconstruction, which in turn may lead to better predictions of the effects of experimental perturbations on any given gene. Here we simulate data based on networks reconstructed from biological data collected in a segregating mouse population and quantify the improvement in network reconstruction achieved using genotypic and gene expression data, compared with reconstruction using gene expression data alone. We demonstrate that networks reconstructed using the combined genotypic and gene expression data achieve a level of reconstruction accuracy that exceeds networks reconstructed from expression data alone, and that fewer subjects may be required to achieve this superior reconstruction accuracy. We conclude that this integrative genomics approach to reconstructing networks not only leads to more predictive network models, but also may save time and money by decreasing the amount of data that must be generated under any given condition of interest to construct predictive network models.</p></abstract><abstract abstract-type="summary"><title>Author Summary</title><sec id="st1"><title/><p>Complex phenotypes such as common human diseases are caused by variations in DNA in many genes that interact in complex ways with a number of environmental factors. These multifactorial gene and environmental perturbations induce changes in molecular networks that in turn lead to phenotypic changes in the organism under study. The comprehensive monitoring of transcript abundances using gene expression microarrays in different tissues over a large number of individuals in a population can be used to reconstruct molecular networks that underlie higher-order phenotypes such as disease. The cost to generate these large-scale gene activity measurements over large numbers of individuals can be extreme. However, by integrating DNA variation and gene activity data monitored in each individual in a given population of interest, we demonstrate that the power to elucidate molecular networks that drive complex phenotypes can be significantly enhanced, without increasing the sample size. Using a biologically realistic simulation framework, we demonstrate that molecular networks reconstructed using the combined DNA variation and gene activity data are more accurate than molecular networks reconstructed from gene activity data alone, implying that adding DNA variation data might allow us to use fewer subjects to produce molecular networks that better explain complex phenotypes such as disease.</p></sec></abstract><counts><page-count count="12"/></counts><custom-meta-group><custom-meta><meta-name>citation</meta-name><meta-value>Zhu J, Wiener MC, Zhang C, Fridman A, Minch E, et al. (2007) Increasing the power to detect causal associations by combining genotypic and expression data in segregating populations. PLoS Comput Biol 3(4): e69. doi:<ext-link ext-link-type="doi" xlink:href="10.1371/journal.pcbi.0030069">10.1371/journal.pcbi.0030069</ext-link></meta-value></custom-meta></custom-meta-group></article-meta></front></article>