<article xmlns="https://jats.nlm.nih.gov/ns/archiving/1.2/" xmlns:xsi="http://www.w3.org/2001/XMLSchema-instance" xmlns:ali="http://www.niso.org/schemas/ali/1.0/" xmlns:mml="http://www.w3.org/1998/Math/MathML" xmlns:xlink="http://www.w3.org/1999/xlink" xsi:schemaLocation="https://jats.nlm.nih.gov/ns/archiving/1.2/ https://jats.nlm.nih.gov/archiving/1.2/xsd/JATS-archivearticle1.xsd" article-type="research-article"><front><journal-meta><journal-id journal-id-type="nlm-ta">PLoS Comput Biol</journal-id><journal-id journal-id-type="iso-abbrev">PLoS Comput. Biol</journal-id><journal-id journal-id-type="publisher-id">pcbi</journal-id><journal-id journal-id-type="publisher-id">plcb</journal-id><journal-id journal-id-type="pmc">ploscomp</journal-id><journal-title-group><journal-title>PLoS Computational Biology</journal-title></journal-title-group><issn pub-type="ppub">1553-734X</issn><issn pub-type="epub">1553-7358</issn><publisher><publisher-name>Public Library of Science</publisher-name><publisher-loc>San Francisco, USA</publisher-loc></publisher></journal-meta><article-meta><article-id pub-id-type="accession">PMC1487181</article-id><article-id pub-id-type="pmcid">PMC1487181</article-id><article-id pub-id-type="pmc-uid">1487181</article-id><article-id pub-id-type="pmid">16839198</article-id><article-id pub-id-type="pmid">16839198</article-id><article-id pub-id-type="doi">10.1371/journal.pcbi.0020085</article-id><article-id pub-id-type="publisher-id">06-PLCB-RA-0120R2</article-id><article-id pub-id-type="sici">plcb-02-07-03</article-id><article-categories><subj-group subj-group-type="heading"><subject>Research Article</subject></subj-group><subj-group subj-group-type="Discipline"><subject>Biochemistry</subject><subject>Bioinformatics - Computational Biology</subject><subject>Biotechnology</subject><subject>Evolution</subject><subject>Molecular Biology - Structural Biology</subject></subj-group><subj-group subj-group-type="System Taxonomy"><subject>None</subject></subj-group></article-categories><title-group><article-title>Emergence of Protein Fold Families through Rational Design</article-title><alt-title alt-title-type="running-head">Rational Design of the Protein Universe</alt-title></title-group><contrib-group><contrib contrib-type="author"><name><surname>Ding</surname><given-names>Feng</given-names></name><xref ref-type="aff" rid="aff1"/></contrib><contrib contrib-type="author"><name><surname>Dokholyan</surname><given-names>Nikolay V</given-names></name><xref ref-type="corresp" rid="cor1">*</xref><xref ref-type="aff" rid="aff1"/></contrib></contrib-group><aff id="aff1">Department of Biochemistry and Biophysics, University of North Carolina at Chapel Hill, Chapel Hill, North Carolina, United States of America</aff><contrib-group><contrib contrib-type="editor"><name><surname>Shakhnovich</surname><given-names>Eugene</given-names></name><role>Editor</role><xref ref-type="aff" rid="edit1"/></contrib></contrib-group><aff id="edit1">Harvard University, United States of America</aff><author-notes><corresp id="cor1">* To whom correspondence should be addressed. E-mail: <email>dokh@med.unc.edu</email></corresp></author-notes><pub-date pub-type="ppub"><month>7</month><year>2006</year></pub-date><pub-date pub-type="epub"><day>7</day><month>7</month><year>2006</year></pub-date><pub-date pub-type="epreprint"><day>26</day><month>5</month><year>2006</year></pub-date><volume>2</volume><issue>7</issue><elocation-id>e85</elocation-id><history><date date-type="received"><day>31</day><month>3</month><year>2006</year></date><date date-type="accepted"><day>26</day><month>5</month><year>2006</year></date></history><permissions><copyright-statement> © 2006 Ding and Dokholyan.</copyright-statement><copyright-year>2006</copyright-year><license xlink:href="http://creativecommons.org/licenses/by/4.0/"><license-p>This is an open-access article distributed under the terms of the Creative Commons Attribution License, which permits unrestricted use, distribution, and reproduction in any medium, provided the original author and source are properly credited.</license-p></license></permissions><!--<related-article preprintresearch10.1371/journal.pcbi.0020085.eorsimple>Emergence of Protein Fold Families through Rational Design</related-article>--><abstract><p>Diverse proteins with similar structures are grouped into families of homologs and analogs, if their sequence similarity is higher or lower, respectively, than 20%–30%. It was suggested that protein homologs and analogs originate from a common ancestor and diverge in their distinct evolutionary time scales, emerging as a consequence of the physical properties of the protein sequence space. Although a number of studies have determined key signatures of protein family organization, the sequence-structure factors that differentiate the two evolution-related protein families remain unknown. Here, we stipulate that subtle structural changes, which appear due to accumulating mutations in the homologous families, lead to distinct packing of the protein core and, thus, novel compositions of core residues. The latter process leads to the formation of distinct families of homologs. We propose that such differentiation results in the formation of analogous families. To test our postulate, we developed a molecular modeling and design toolkit, Medusa, to computationally design protein sequences that correspond to the same fold family. We find that analogous proteins emerge when a backbone structure deviates only 1–2 Å root-mean-square deviation from the original structure. For close homologs, core residues are highly conserved. However, when the overall sequence similarity drops to ~25%–30%, the composition of core residues starts to diverge, thereby forming novel families of protein homologs. This direct observation of the formation of protein homologs within a specific fold family supports our hypothesis. The conservation of amino acids in designed sequences recapitulates that of the naturally occurring sequences, thereby validating our computational design methodology.</p></abstract><abstract abstract-type="synopsis"><title>Synopsis</title><p>Studies of known proteins have revealed intriguing co-organization of their sequences and structures. Proteins with sequence similarity higher than 25%–30% usually adopt a similar structure and are called homologs, whereas those with low sequence similarity (&lt;20%) can share the same structure and are referred as analogs. The origin of such co-organization has been a topic of extensive discussions among protein folding, design, and evolution research communities, because understanding of the emergence of homologs and analogs in the protein universe has broad implications for our ability to rationally manipulate proteins. In this study, the authors developed a molecular modeling and design method, Medusa, to computationally design diversified protein sequences that correspond to similar backbone structures, which determine a protein fold family. Using Medusa, the authors directly demonstrated the formation of distinct protein homologs within a specific fold family when the structure deviates only 1–2 Å away from the original structure. The study suggests that subtle structural changes, which appear due to accumulating mutations in the families of homologs, lead to a distinct packing of the protein core and, thus, novel compositions of core residues. The latter process leads to the formation of distinct families of homologs.</p></abstract><counts><page-count count="9"/></counts><custom-meta-group><custom-meta><meta-name>citation</meta-name><meta-value>Ding F, Dokholyan NV (2006) Emergence of protein fold families through rational design. PLoS Comput Biol 2(7): e85. DOI: <ext-link ext-link-type="doi" xlink:href="10.1371/journal.pcbi.0020085">10.1371/journal.pcbi.0020085</ext-link></meta-value></custom-meta></custom-meta-group></article-meta></front></article>