<article xmlns="https://jats.nlm.nih.gov/ns/archiving/1.2/" xmlns:xsi="http://www.w3.org/2001/XMLSchema-instance" xmlns:ali="http://www.niso.org/schemas/ali/1.0/" xmlns:mml="http://www.w3.org/1998/Math/MathML" xmlns:xlink="http://www.w3.org/1999/xlink" xsi:schemaLocation="https://jats.nlm.nih.gov/ns/archiving/1.2/ https://jats.nlm.nih.gov/archiving/1.2/xsd/JATS-archivearticle1.xsd" article-type="research-article"><front><journal-meta><journal-id journal-id-type="nlm-ta">PLoS Comput Biol</journal-id><journal-id journal-id-type="iso-abbrev">PLoS Comput. Biol</journal-id><journal-id journal-id-type="publisher-id">pcbi</journal-id><journal-id journal-id-type="publisher-id">plcb</journal-id><journal-id journal-id-type="pmc">ploscomp</journal-id><journal-title-group><journal-title>PLoS Computational Biology</journal-title></journal-title-group><issn pub-type="ppub">1553-734X</issn><issn pub-type="epub">1553-7358</issn><publisher><publisher-name>Public Library of Science</publisher-name><publisher-loc>San Francisco, USA</publisher-loc></publisher></journal-meta><article-meta><article-id pub-id-type="accession">PMC1534074</article-id><article-id pub-id-type="pmcid">PMC1534074</article-id><article-id pub-id-type="pmc-uid">1534074</article-id><article-id pub-id-type="pmid">16895435</article-id><article-id pub-id-type="pmid">16895435</article-id><article-id pub-id-type="doi">10.1371/journal.pcbi.0020101</article-id><article-id pub-id-type="publisher-id">06-PLCB-RA-0123R2</article-id><article-id pub-id-type="sici">plcb-02-08-04</article-id><article-categories><subj-group subj-group-type="heading"><subject>Research Article</subject></subj-group><subj-group subj-group-type="Discipline"><subject>Bioinformatics - Computational Biology</subject><subject>Biotechnology</subject><subject>Genetics/Genomics</subject><subject>Microbiology</subject><subject>Systems Biology</subject></subj-group><subj-group subj-group-type="System Taxonomy"><subject>Eubacteria</subject><subject>Escherichia Coli</subject><subject>Lac Operon</subject></subj-group></article-categories><title-group><article-title>Matrix Formalism to Describe Functional States of Transcriptional Regulatory Systems</article-title><alt-title alt-title-type="running-head">Matrix Formalism for Regulatory Systems</alt-title></title-group><contrib-group><contrib contrib-type="author" equal-contrib="yes"><name><surname>Gianchandani</surname><given-names>Erwin P</given-names></name><xref ref-type="aff" rid="aff1">1</xref></contrib><contrib contrib-type="author" equal-contrib="yes"><name><surname>Papin</surname><given-names>Jason A</given-names></name><xref ref-type="aff" rid="aff1">1</xref><xref ref-type="corresp" rid="cor1">*</xref></contrib><contrib contrib-type="author"><name><surname>Price</surname><given-names>Nathan D</given-names></name><xref ref-type="aff" rid="aff2">2</xref><xref ref-type="author-notes" rid="n105">¤</xref></contrib><contrib contrib-type="author"><name><surname>Joyce</surname><given-names>Andrew R</given-names></name><xref ref-type="aff" rid="aff3">3</xref></contrib><contrib contrib-type="author"><name><surname>Palsson</surname><given-names>Bernhard O</given-names></name><xref ref-type="aff" rid="aff2">2</xref></contrib></contrib-group><aff id="aff1"><label>1</label> Department of Biomedical Engineering, University of Virginia, Charlottesville, Virginia, United States of America
</aff><aff id="aff2"><label>2</label> Department of Bioengineering, University of California San Diego, La Jolla, California, United States of America
</aff><aff id="aff3"><label>3</label> Bioinformatics Program, University of California San Diego, La Jolla, California, United States of America
</aff><contrib-group><contrib contrib-type="editor"><name><surname>Albert</surname><given-names>Reka</given-names></name><role>Editor</role><xref ref-type="aff" rid="edit1"/></contrib></contrib-group><aff id="edit1">Pennsylvania State University, United States of America</aff><author-notes><corresp id="cor1">* To whom correspondence should be addressed. E-mail: <email>papin@virginia.edu</email></corresp><fn id="n105" fn-type="present-address"><p>¤ Current address: Institute for Systems Biology, Seattle, Washington, United States of America</p></fn></author-notes><pub-date pub-type="ppub"><month>8</month><year>2006</year></pub-date><pub-date pub-type="epub"><day>11</day><month>8</month><year>2006</year></pub-date><volume>2</volume><issue>8</issue><elocation-id>e101</elocation-id><history><date date-type="received"><day>3</day><month>4</month><year>2006</year></date><date date-type="accepted"><day>26</day><month>6</month><year>2006</year></date></history><permissions><copyright-statement> © 2006 Gianchandani et al.</copyright-statement><copyright-year>2006</copyright-year><license xlink:href="http://creativecommons.org/licenses/by/4.0/"><license-p>This is an open-access article distributed under the terms of the Creative Commons Attribution License, which permits unrestricted use, distribution, and reproduction in any medium, provided the original author and source are properly credited.</license-p></license></permissions><abstract><p>Complex regulatory networks control the transcription state of a genome. These transcriptional regulatory networks (TRNs) have been mathematically described using a Boolean formalism, in which the state of a gene is represented as either transcribed or not transcribed in response to regulatory signals. The Boolean formalism results in a series of regulatory rules for the individual genes of a TRN that in turn can be used to link environmental cues to the transcription state of a genome, thereby forming a complete transcriptional regulatory system (TRS). Herein, we develop a formalism that represents such a set of regulatory rules in a matrix form. Matrix formalism allows for the systemic characterization of the properties of a TRS and facilitates the computation of the transcriptional state of the genome under any given set of environmental conditions. Additionally, it provides a means to incorporate mechanistic detail of a TRS as it becomes available. In this study, the regulatory network matrix, <bold>R</bold>, for a prototypic TRS is characterized and the fundamental subspaces of this matrix are described. We illustrate how the matrix representation of a TRS coupled with its environment (<bold>R*</bold>) allows for a sampling of all possible expression states of a given network, and furthermore, how the fundamental subspaces of the matrix provide a way to study key TRS features and may assist in experimental design.</p></abstract><abstract abstract-type="synopsis"><title>Synopsis</title><p>Complex regulatory networks control the transcription state of a genome that defines the components of a biochemical network. These transcriptional regulatory networks have been mathematically described. The purpose of many such mathematical models is to allow for the prediction of gene expression under a variety of environmental conditions. However, to date, quantitative models have been limited in scope due to a paucity of relevant data, and models of larger networks have been limited in their quantitative predictive power. Herein, Gianchandani and colleagues present a formalism that represents regulatory rules in a matrix form which attempts to address these issues. This matrix formalism allows for the systemic characterization of the properties of a transcriptional regulatory system and facilitates the computation of the transcriptional state of the corresponding genome under any given set of environmental conditions. Additionally, it provides a means to incorporate mechanistic detail of a transcriptional regulatory system as it becomes available. The authors illustrate how this matrix representation allows for a sampling of all possible expression states of a given network and provides a way to study key features. They also present how it may assist in experimental design to interrogate genome-scale cellular networks.</p></abstract><counts><page-count count="16"/></counts><custom-meta-group><custom-meta><meta-name>citation</meta-name><meta-value>Gianchandani EP, Papin JA, Price ND, Joyce AR, Palsson BO (2006) Matrix formalism to describe functional states of transcriptional regulatory systems. PLoS Comput Biol 2(8): e101. DOI: <ext-link ext-link-type="doi" xlink:href="10.1371/journal.pcbi.0020101">10.1371/journal.pcbi.0020101</ext-link></meta-value></custom-meta></custom-meta-group></article-meta></front></article>