<article xmlns="https://jats.nlm.nih.gov/ns/archiving/1.2/" xmlns:xsi="http://www.w3.org/2001/XMLSchema-instance" xmlns:ali="http://www.niso.org/schemas/ali/1.0/" xmlns:mml="http://www.w3.org/1998/Math/MathML" xmlns:xlink="http://www.w3.org/1999/xlink" xsi:schemaLocation="https://jats.nlm.nih.gov/ns/archiving/1.2/ https://jats.nlm.nih.gov/archiving/1.2/xsd/JATS-archivearticle1.xsd" article-type="research-article"><front><journal-meta><journal-id journal-id-type="nlm-ta">PLoS Comput Biol</journal-id><journal-id journal-id-type="iso-abbrev">PLoS Comput. Biol</journal-id><journal-id journal-id-type="publisher-id">pcbi</journal-id><journal-id journal-id-type="publisher-id">plcb</journal-id><journal-id journal-id-type="pmc">ploscomp</journal-id><journal-title-group><journal-title>PLoS Computational Biology</journal-title></journal-title-group><issn pub-type="ppub">1553-734X</issn><issn pub-type="epub">1553-7358</issn><publisher><publisher-name>Public Library of Science</publisher-name><publisher-loc>San Francisco, USA</publisher-loc></publisher></journal-meta><article-meta><article-id pub-id-type="accession">PMC1937015</article-id><article-id pub-id-type="pmcid">PMC1937015</article-id><article-id pub-id-type="pmc-uid">1937015</article-id><article-id pub-id-type="pmid">17676949</article-id><article-id pub-id-type="pmid">17676949</article-id><article-id pub-id-type="doi">10.1371/journal.pcbi.0030153</article-id><article-id pub-id-type="publisher-id">07-PLCB-RA-0196R2</article-id><article-id pub-id-type="sici">plcb-03-08-05</article-id><article-categories><subj-group subj-group-type="heading"><subject>Research Article</subject></subj-group><subj-group subj-group-type="Discipline"><subject>Biophysics</subject><subject>Computational Biology</subject><subject>Mathematics</subject></subj-group><subj-group subj-group-type="System Taxonomy"><subject>Information Theory</subject><subject>Chemotaxis</subject><subject>Noise</subject></subj-group></article-categories><title-group><article-title>An Information-Theoretic Characterization of the Optimal Gradient Sensing Response of Cells</article-title><alt-title alt-title-type="running-head">Information-Theoretic Optimal Gradient Sensing</alt-title></title-group><contrib-group><contrib contrib-type="author"><name><surname>Andrews</surname><given-names>Burton W</given-names></name><xref ref-type="aff" rid="aff1"/></contrib><contrib contrib-type="author"><name><surname>Iglesias</surname><given-names>Pablo A</given-names></name><xref ref-type="aff" rid="aff1"/><xref ref-type="corresp" rid="cor1">*</xref></contrib></contrib-group><aff id="aff1">Department of Electrical and Computer Engineering, The Johns Hopkins University, Baltimore, Maryland, United States of America</aff><contrib-group><contrib contrib-type="editor"><name><surname>Asthagiri</surname><given-names>Anand</given-names></name><role>Editor</role><xref ref-type="aff" rid="edit1"/></contrib></contrib-group><aff id="edit1">California Institute of Technology, United States of America</aff><author-notes><corresp id="cor1">* To whom correspondence should be addressed. E-mail: <email>pi@jhu.edu</email></corresp></author-notes><pub-date pub-type="ppub"><month>8</month><year>2007</year></pub-date><pub-date pub-type="epub"><day>3</day><month>8</month><year>2007</year></pub-date><pub-date pub-type="epreprint"><day>18</day><month>6</month><year>2007</year></pub-date><volume>3</volume><issue>8</issue><elocation-id>e153</elocation-id><history><date date-type="received"><day>12</day><month>4</month><year>2007</year></date><date date-type="accepted"><day>18</day><month>6</month><year>2007</year></date></history><permissions><copyright-statement> © 2007 Andrews and Iglesias.</copyright-statement><copyright-year>2007</copyright-year><license xlink:href="http://creativecommons.org/licenses/by/4.0/"><license-p>This is an open-access article distributed under the terms of the Creative Commons Attribution License, which permits unrestricted use, distribution, and reproduction in any medium, provided the original author and source are properly credited.</license-p></license></permissions><!--<related-article preprintResearch Article10.1371/journal.pcbi.0030153.eorRA1doisimple>An information-theoretic characterization of the optimal gradient sensing response of cells</related-article>--><abstract><p>Many cellular systems rely on the ability to interpret spatial heterogeneities in chemoattractant concentration to direct cell migration. The accuracy of this process is limited by stochastic fluctuations in the concentration of the external signal and in the internal signaling components. Here we use information theory to determine the optimal scheme to detect the location of an external chemoattractant source in the presence of noise. We compute the minimum amount of mutual information needed between the chemoattractant gradient and the internal signal to achieve a prespecified chemotactic accuracy. We show that more accurate chemotaxis requires greater mutual information. We also demonstrate that a priori information can improve chemotaxis efficiency. We compare the optimal signaling schemes with existing experimental measurements and models of eukaryotic gradient sensing. Remarkably, there is good quantitative agreement between the optimal response when no a priori assumption is made about the location of the existing source, and the observed experimental response of unpolarized <named-content content-type="genus-species">Dictyostelium discoideum</named-content> cells. In contrast, the measured response of polarized <named-content content-type="genus-species">D. discoideum</named-content> cells matches closely the optimal scheme, assuming prior knowledge of the external gradient—for example, through prolonged chemotaxis in a given direction. Our results demonstrate that different observed classes of responses in cells (polarized and unpolarized) are optimal under varying information assumptions.</p></abstract><abstract abstract-type="summary"><title>Author Summary</title><sec id="st1"><title/><p>For many cell types, the direction of migration is determined in response to spatial differences in the concentration of chemoattractant, a process known as chemotaxis. Precise chemotaxis—that is, motility with low directional distortion—requires that cells make accurate decisions based on the stochastic fluctuations inherent in cell-surface receptor occupancy. Here, we use rate distortion theory, a branch of information theory, to determine chemotaxis strategies for cells based on this imperfect information about their environment. In engineering, rate distortion theory provides the information processing capabilities required to achieve a desired accuracy. We demonstrate that more accurate chemotaxis requires greater information. We also show that a priori information can improve chemotaxis efficiency. We compare the optimal signaling schemes to existing experimental measurements and models of eukaryotic gradient sensing and demonstrate that different observed types of cellular responses (polarized and unpolarized) are optimal under varying information assumptions. Our results also highlight the constraints that noise places on the performance of cellular systems.</p></sec></abstract><counts><page-count count="9"/></counts><custom-meta-group><custom-meta><meta-name>citation</meta-name><meta-value>Andrews BW, Iglesias PA (2007) An information-theoretic characterization of the optimal gradient sensing response of cells. PLoS Comput Biol 3(8): e153. doi:<ext-link ext-link-type="doi" xlink:href="10.1371/journal.pcbi.0030153">10.1371/journal.pcbi.0030153</ext-link></meta-value></custom-meta></custom-meta-group></article-meta></front></article>