<article xmlns="https://jats.nlm.nih.gov/ns/archiving/1.2/" xmlns:xsi="http://www.w3.org/2001/XMLSchema-instance" xmlns:ali="http://www.niso.org/schemas/ali/1.0/" xmlns:mml="http://www.w3.org/1998/Math/MathML" xmlns:xlink="http://www.w3.org/1999/xlink" xsi:schemaLocation="https://jats.nlm.nih.gov/ns/archiving/1.2/ https://jats.nlm.nih.gov/archiving/1.2/xsd/JATS-archivearticle1.xsd" article-type="research-article"><front><journal-meta><journal-id journal-id-type="nlm-ta">PLoS Comput Biol</journal-id><journal-id journal-id-type="iso-abbrev">PLoS Comput. Biol</journal-id><journal-id journal-id-type="publisher-id">pcbi</journal-id><journal-id journal-id-type="publisher-id">plcb</journal-id><journal-id journal-id-type="pmc">ploscomp</journal-id><journal-title-group><journal-title>PLoS Computational Biology</journal-title></journal-title-group><issn pub-type="ppub">1553-734X</issn><issn pub-type="epub">1553-7358</issn><publisher><publisher-name>Public Library of Science</publisher-name><publisher-loc>San Francisco, USA</publisher-loc></publisher></journal-meta><article-meta><article-id pub-id-type="accession">PMC1635541</article-id><article-id pub-id-type="pmcid">PMC1635541</article-id><article-id pub-id-type="pmc-uid">1635541</article-id><article-id pub-id-type="pmid">17096593</article-id><article-id pub-id-type="pmid">17096593</article-id><article-id pub-id-type="doi">10.1371/journal.pcbi.0020153</article-id><article-id pub-id-type="publisher-id">06-PLCB-RA-0224R3</article-id><article-id pub-id-type="sici">plcb-02-11-08</article-id><article-categories><subj-group subj-group-type="heading"><subject>Research Article</subject></subj-group><subj-group subj-group-type="Discipline"><subject>Bioinformatics - Computational Biology</subject><subject>Molecular Biology - Structural Biology</subject><subject>Neuroscience</subject></subj-group><subj-group subj-group-type="System Taxonomy"><subject>Rattus (Rat)</subject></subj-group></article-categories><title-group><article-title>Structural Modeling of Protein Interactions by Analogy: Application to PSD-95</article-title><alt-title alt-title-type="running-head">Modeling of Protein Interactions by Analogy</alt-title></title-group><contrib-group><contrib contrib-type="author"><name><surname>Korkin</surname><given-names>Dmitry</given-names></name><xref ref-type="aff" rid="aff1">1</xref><xref ref-type="aff" rid="aff2">2</xref><xref ref-type="aff" rid="aff3">3</xref></contrib><contrib contrib-type="author"><name><surname>Davis</surname><given-names>Fred P</given-names></name><xref ref-type="aff" rid="aff1">1</xref><xref ref-type="aff" rid="aff2">2</xref><xref ref-type="aff" rid="aff3">3</xref></contrib><contrib contrib-type="author"><name><surname>Alber</surname><given-names>Frank</given-names></name><xref ref-type="aff" rid="aff1">1</xref><xref ref-type="aff" rid="aff2">2</xref><xref ref-type="aff" rid="aff3">3</xref></contrib><contrib contrib-type="author"><name><surname>Luong</surname><given-names>Tinh</given-names></name><xref ref-type="aff" rid="aff4">4</xref></contrib><contrib contrib-type="author"><name><surname>Shen</surname><given-names>Min-Yi</given-names></name><xref ref-type="aff" rid="aff1">1</xref><xref ref-type="aff" rid="aff2">2</xref><xref ref-type="aff" rid="aff3">3</xref></contrib><contrib contrib-type="author"><name><surname>Lucic</surname><given-names>Vladan</given-names></name><xref ref-type="aff" rid="aff5">5</xref></contrib><contrib contrib-type="author"><name><surname>Kennedy</surname><given-names>Mary B</given-names></name><xref ref-type="aff" rid="aff4">4</xref></contrib><contrib contrib-type="author"><name><surname>Sali</surname><given-names>Andrej</given-names></name><xref ref-type="aff" rid="aff1">1</xref><xref ref-type="aff" rid="aff2">2</xref><xref ref-type="aff" rid="aff3">3</xref><xref ref-type="corresp" rid="cor1">*</xref></contrib></contrib-group><aff id="aff1"><label>1</label> Department of Biopharmaceutical Sciences, University of California San Francisco, San Francisco, California, United States of America
</aff><aff id="aff2"><label>2</label> Department of Pharmaceutical Chemistry, University of California San Francisco, San Francisco, California, United States of America
</aff><aff id="aff3"><label>3</label> California Institute for Quantitative Biomedical Research, University of California San Francisco, San Francisco, California, United States of America
</aff><aff id="aff4"><label>4</label> Division of Biology, California Institute of Technology, Pasadena, California, United States of America
</aff><aff id="aff5"><label>5</label> Department of Structural Biology, Max Planck Institute of Biochemistry, Martinsried, Germany
</aff><contrib-group><contrib contrib-type="editor"><name><surname>Rost</surname><given-names>Burkhard</given-names></name><role>Editor</role><xref ref-type="aff" rid="edit1"/></contrib></contrib-group><aff id="edit1">Columbia University, United States of America</aff><author-notes><corresp id="cor1">* To whom correspondence should be addressed. E-mail: <email>sali@salilab.org</email></corresp></author-notes><pub-date pub-type="ppub"><month>11</month><year>2006</year></pub-date><pub-date pub-type="epub"><day>10</day><month>11</month><year>2006</year></pub-date><pub-date pub-type="epreprint"><day>5</day><month>10</month><year>2006</year></pub-date><volume>2</volume><issue>11</issue><elocation-id>e153</elocation-id><history><date date-type="received"><day>8</day><month>6</month><year>2006</year></date><date date-type="accepted"><day>4</day><month>10</month><year>2006</year></date></history><permissions><copyright-statement> © 2006 Korkin et al.</copyright-statement><copyright-year>2006</copyright-year><license xlink:href="http://creativecommons.org/licenses/by/4.0/"><license-p>This is an open-access article distributed under the terms of the Creative Commons Attribution License, which permits unrestricted use, distribution, and reproduction in any medium, provided the original author and source are properly credited.</license-p></license></permissions><!--<related-article preprintResearch Article10.1371/journal.pcbi.0020153.eorsimple>Structural Modeling of Protein Interactions by Analogy: Application to PSD-95</related-article>--><abstract><p>We describe comparative patch analysis for modeling the structures of multidomain proteins and protein complexes, and apply it to the PSD-95 protein. Comparative patch analysis is a hybrid of comparative modeling based on a template complex and protein docking, with a greater applicability than comparative modeling and a higher accuracy than docking. It relies on structurally defined interactions of each of the complex components, or their homologs, with any other protein, irrespective of its fold. For each component, its known binding modes with other proteins of any fold are collected and expanded by the known binding modes of its homologs. These modes are then used to restrain conventional molecular docking, resulting in a set of binary domain complexes that are subsequently ranked by geometric complementarity and a statistical potential. The method is evaluated by predicting 20 binary complexes of known structure. It is able to correctly identify the binding mode in 70% of the benchmark complexes compared with 30% for protein docking. We applied comparative patch analysis to model the complex of the third PSD-95, DLG, and ZO-1 (PDZ) domain and the SH3-GK domains in the PSD-95 protein, whose structure is unknown. In the first predicted configuration of the domains, PDZ interacts with SH3, leaving both the GMP-binding site of guanylate kinase (GK) and the C-terminus binding cleft of PDZ accessible, while in the second configuration PDZ interacts with GK, burying both binding sites. We suggest that the two alternate configurations correspond to the different functional forms of PSD-95 and provide a possible structural description for the experimentally observed cooperative folding transitions in PSD-95 and its homologs. More generally, we expect that comparative patch analysis will provide useful spatial restraints for the structural characterization of an increasing number of binary and higher-order protein complexes.</p></abstract><abstract abstract-type="synopsis"><title>Synopsis</title><p>Protein–protein interactions play a crucial role in many cellular processes. An important step towards a mechanistic description of these processes is a structural characterization of the proteins and their complexes. The authors developed a new approach to modeling the structure of protein complexes and multidomain proteins. The approach, called comparative patch analysis, complements the two currently existing approaches for structural modeling of protein complexes, comparative modeling, and protein docking. It limits the configurations refined by molecular docking to the structurally defined interactions of each of the complex components, or their homologs, with any other protein, irrespective of its fold; the final prediction corresponds to the best-scoring refined configuration. The authors applied comparative patch analysis to predict the structure of the core fragment of PSD-95, a five-domain protein that plays a major role in the postsynaptic density at neuronal synapses. The study suggests two alternate configurations of the core fragment that potentially correspond to the different functional forms of PSD-95. This finding provides a possible structural explanation for the experimentally observed cooperative folding transitions in PSD-95 and its homologs.</p></abstract><counts><page-count count="12"/></counts><custom-meta-group><custom-meta><meta-name>citation</meta-name><meta-value>Korkin D, Davis FP, Alber F, Luong T, Shen MY, et al. (2006) Modeling of protein interactions by analogy: Application to PSD-95. PLoS Comput Biol 2(11): e153. doi:<ext-link ext-link-type="doi" xlink:href="10.1371/journal.pcbi.0020153">10.1371/journal.pcbi.0020153</ext-link></meta-value></custom-meta></custom-meta-group></article-meta></front></article>