<article xmlns="https://jats.nlm.nih.gov/ns/archiving/1.2/" xmlns:xsi="http://www.w3.org/2001/XMLSchema-instance" xmlns:ali="http://www.niso.org/schemas/ali/1.0/" xmlns:mml="http://www.w3.org/1998/Math/MathML" xmlns:xlink="http://www.w3.org/1999/xlink" xsi:schemaLocation="https://jats.nlm.nih.gov/ns/archiving/1.2/ https://jats.nlm.nih.gov/archiving/1.2/xsd/JATS-archivearticle1.xsd" article-type="review-article"><front><journal-meta><journal-id journal-id-type="nlm-ta">PLoS Comput Biol</journal-id><journal-id journal-id-type="iso-abbrev">PLoS Comput. Biol</journal-id><journal-id journal-id-type="publisher-id">pcbi</journal-id><journal-id journal-id-type="publisher-id">plcb</journal-id><journal-id journal-id-type="pmc">ploscomp</journal-id><journal-title-group><journal-title>PLoS Computational Biology</journal-title></journal-title-group><issn pub-type="ppub">1553-734X</issn><issn pub-type="epub">1553-7358</issn><publisher><publisher-name>Public Library of Science</publisher-name><publisher-loc>San Francisco, USA</publisher-loc></publisher></journal-meta><article-meta><article-id pub-id-type="accession">PMC1933473</article-id><article-id pub-id-type="pmcid">PMC1933473</article-id><article-id pub-id-type="pmc-uid">1933473</article-id><article-id pub-id-type="pmid">17676980</article-id><article-id pub-id-type="pmid">17676980</article-id><article-id pub-id-type="doi">10.1371/journal.pcbi.0030138</article-id><article-id pub-id-type="publisher-id">06-PLCB-RV-0522R2</article-id><article-id pub-id-type="sici">plcb-03-07-14</article-id><article-categories><subj-group subj-group-type="heading"><subject>Review</subject></subj-group><subj-group subj-group-type="Discipline"><subject>Cell Biology</subject><subject>Mathematics</subject></subj-group><subj-group subj-group-type="System Taxonomy"><subject>Eukaryotes</subject></subj-group></article-categories><title-group><article-title>Quantitative Analysis of Cell Nucleus Organisation</article-title><alt-title alt-title-type="running-head">N/A</alt-title></title-group><contrib-group><contrib contrib-type="author"><name><surname>Shiels</surname><given-names>Carol</given-names></name><xref ref-type="fn" rid="n103"/></contrib><contrib contrib-type="author"><name><surname>Adams</surname><given-names>Niall M</given-names></name><xref ref-type="fn" rid="n103"/></contrib><contrib contrib-type="author"><name><surname>Islam</surname><given-names>Suhail A</given-names></name><xref ref-type="fn" rid="n103"/></contrib><contrib contrib-type="author"><name><surname>Stephens</surname><given-names>David A</given-names></name><xref ref-type="fn" rid="n103"/></contrib><contrib contrib-type="author"><name><surname>Freemont</surname><given-names>Paul S</given-names></name><xref ref-type="corresp" rid="cor1"><sup>*</sup></xref><xref ref-type="fn" rid="n103"/></contrib></contrib-group><contrib-group><contrib contrib-type="editor"><name><surname>McEntyre</surname><given-names>Johanna</given-names></name><role>Editor</role><xref ref-type="aff" rid="edit1"/></contrib></contrib-group><aff id="edit1">National Center for Biotechnology Information, United States of America</aff><author-notes><corresp id="cor1">* To whom correspondence should be addressed. E-mail: <email>p.freemont@imperial.ac.uk</email></corresp></author-notes><pub-date pub-type="ppub"><month>7</month><year>2007</year></pub-date><pub-date pub-type="epub"><day>27</day><month>7</month><year>2007</year></pub-date><volume>3</volume><issue>7</issue><elocation-id>e138</elocation-id><permissions><copyright-statement> © 2007 Shiels et al.</copyright-statement><copyright-year>2007</copyright-year><license xlink:href="http://creativecommons.org/licenses/by/4.0/"><license-p>This is an open-access article distributed under the terms of the Creative Commons Attribution License, which permits unrestricted use, distribution, and reproduction in any medium, provided the original author and source are properly credited.</license-p></license></permissions><abstract><p>There are almost 1,300 entries for higher eukaryotes in the Nuclear Protein Database. The proteins' subcellular distribution patterns within interphase nuclei can be complex, ranging from diffuse to punctate or microspeckled, yet they all work together in a coordinated and controlled manner within the three-dimensional confines of the nuclear volume. In this review we describe recent advances in the use of quantitative methods to understand nuclear spatial organisation and discuss some of the practical applications resulting from this work.</p></abstract><counts><page-count count="8"/></counts><custom-meta-group><custom-meta><meta-name>citation</meta-name><meta-value>Shiels C, Adams NM, Islam SA, Stephens DA, Freemont PS (2007) Quantitative analysis of cell nucleus organisation. PLoS Comput Biol 3(7): e138. doi:<ext-link ext-link-type="doi" xlink:href="10.1371/journal.pcbi.0030138">10.1371/journal.pcbi.0030138</ext-link></meta-value></custom-meta></custom-meta-group></article-meta></front></article>