<article xmlns="https://jats.nlm.nih.gov/ns/archiving/1.2/" xmlns:xsi="http://www.w3.org/2001/XMLSchema-instance" xmlns:ali="http://www.niso.org/schemas/ali/1.0/" xmlns:mml="http://www.w3.org/1998/Math/MathML" xmlns:xlink="http://www.w3.org/1999/xlink" xsi:schemaLocation="https://jats.nlm.nih.gov/ns/archiving/1.2/ https://jats.nlm.nih.gov/archiving/1.2/xsd/JATS-archivearticle1.xsd" article-type="research-article"><front><journal-meta><journal-id journal-id-type="nlm-ta">PLoS Comput Biol</journal-id><journal-id journal-id-type="iso-abbrev">PLoS Comput. Biol</journal-id><journal-id journal-id-type="publisher-id">pcbi</journal-id><journal-id journal-id-type="publisher-id">plcb</journal-id><journal-id journal-id-type="pmc">ploscomp</journal-id><journal-title-group><journal-title>PLoS Computational Biology</journal-title></journal-title-group><issn pub-type="ppub">1553-734X</issn><issn pub-type="epub">1553-7358</issn><publisher><publisher-name>Public Library of Science</publisher-name><publisher-loc>San Francisco, USA</publisher-loc></publisher></journal-meta><article-meta><article-id pub-id-type="accession">PMC1584324</article-id><article-id pub-id-type="pmcid">PMC1584324</article-id><article-id pub-id-type="pmc-uid">1584324</article-id><article-id pub-id-type="pmid">17009864</article-id><article-id pub-id-type="pmid">17009864</article-id><article-id pub-id-type="doi">10.1371/journal.pcbi.0020133</article-id><article-id pub-id-type="publisher-id">06-PLCB-RA-0085R2</article-id><article-id pub-id-type="sici">plcb-02-09-15</article-id><article-categories><subj-group subj-group-type="heading"><subject>Research Article</subject></subj-group><subj-group subj-group-type="Discipline"><subject>Bioinformatics - Computational Biology</subject><subject>Evolution</subject><subject>Genetics/Genomics</subject><subject>Genetics/Genome Projects</subject><subject>Genetics/Comparative Genomics</subject><subject>Genetics/Functional Genomics</subject><subject>Genetics/Evolution</subject></subj-group><subj-group subj-group-type="System Taxonomy"><subject>Dog</subject><subject>Human</subject><subject>Mammals</subject></subj-group></article-categories><title-group><article-title>Phylogenetic Reconstruction of Orthology, Paralogy, and Conserved Synteny for Dog and Human</article-title><alt-title alt-title-type="running-head">Predicting Orthology and Paralogy</alt-title></title-group><contrib-group><contrib contrib-type="author"><name><surname>Goodstadt</surname><given-names>Leo</given-names></name><xref ref-type="corresp" rid="cor1">*</xref><xref ref-type="aff" rid="aff1"/></contrib><contrib contrib-type="author"><name><surname>Ponting</surname><given-names>Chris P</given-names></name><xref ref-type="aff" rid="aff1"/></contrib></contrib-group><aff id="aff1">Medical Research Council Functional Genetics Unit, University of Oxford, Department of Physiology, Anatomy, and Genetics, Oxford, United Kingdom</aff><contrib-group><contrib contrib-type="editor"><name><surname>Weinstock</surname><given-names>George</given-names></name><role>Editor</role><xref ref-type="aff" rid="edit1"/></contrib></contrib-group><aff id="edit1">Baylor College of Medicine, United States of America</aff><author-notes><corresp id="cor1">* To whom correspondence should be addressed. E-mail: <email>leo.goodstadt@anat.ox.ac.uk</email></corresp></author-notes><pub-date pub-type="ppub"><month>9</month><year>2006</year></pub-date><pub-date pub-type="epub"><day>29</day><month>9</month><year>2006</year></pub-date><volume>2</volume><issue>9</issue><elocation-id>e133</elocation-id><history><date date-type="received"><day>9</day><month>3</month><year>2006</year></date><date date-type="accepted"><day>21</day><month>8</month><year>2006</year></date></history><permissions><copyright-statement> © 2006 Goodstadt and Ponting.</copyright-statement><copyright-year>2006</copyright-year><license xlink:href="http://creativecommons.org/licenses/by/4.0/"><license-p>This is an open-access article distributed under the terms of the Creative Commons Attribution License, which permits unrestricted use, distribution, and reproduction in any medium, provided the original author and source are properly credited.</license-p></license></permissions><abstract><p>Accurate predictions of orthology and paralogy relationships are necessary to infer human molecular function from experiments in model organisms. Previous genome-scale approaches to predicting these relationships have been limited by their use of protein similarity and their failure to take into account multiple splicing events and gene prediction errors. We have developed PhyOP, a new phylogenetic orthology prediction pipeline based on synonymous rate estimates, which accurately predicts orthology and paralogy relationships for transcripts, genes, exons, or genomic segments between closely related genomes. We were able to identify orthologue relationships to human genes for 93% of all dog genes from Ensembl. Among 1:1 orthologues, the alignments covered a median of 97.4% of protein sequences, and 92% of orthologues shared essentially identical gene structures. PhyOP accurately recapitulated genomic maps of conserved synteny. Benchmarking against predictions from Ensembl and Inparanoid showed that PhyOP is more accurate, especially in its predictions of paralogy. Nearly half (46%) of PhyOP paralogy predictions are unique. Using PhyOP to investigate orthologues and paralogues in the human and dog genomes, we found that the human assembly contains 3-fold more gene duplications than the dog. Species-specific duplicate genes, or “in-paralogues,” are generally shorter and have fewer exons than 1:1 orthologues, which is consistent with selective constraints and mutation biases based on the sizes of duplicated genes. In-paralogues have experienced elevated amino acid and synonymous nucleotide substitution rates. Duplicates possess similar biological functions for either the dog or human lineages. Having accounted for 2,954 likely pseudogenes and gene fragments, and after separating 346 erroneously merged genes, we estimated that the human genome encodes a minimum of 19,700 protein-coding genes, similar to the gene count of nematode worms. PhyOP is a fast and robust approach to orthology prediction that will be applicable to whole genomes from multiple closely related species. PhyOP will be particularly useful in predicting orthology for mammalian genomes that have been incompletely sequenced, and for large families of rapidly duplicating genes.</p></abstract><abstract abstract-type="synopsis"><title>Synopsis</title><p>Biologists often exploit the evolutionary relationships between proteins in order to explain how their findings are relevant to the biology of other species, including <italic>Homo sapiens.</italic> The most natural way to define these relationships is to draw family trees showing, for example, which human protein is the counterpart (“orthologue”) of a protein in dog, and which human proteins have arisen by recent duplication of existing genes (“paralogues”). On a small-scale this is relatively straightforward, but it is difficult to do this automatically on a genome-wide scale. In this paper the authors describe a new approach to drawing a giant family tree of all proteins from humans and dogs. They show how this tree allows them to refine some protein predictions and discard others that are likely to be nonfunctional dead sequences. Family relationships can show how the dog and human genomes have been rearranged since their last common ancestor. In addition, they help to identify the proteins that are specific to either dog or human, and which contribute to these species' biological differences. Giant trees, drawn from this method, will help to associate the differences, duplications, and evolution of proteins in different mammals with their distinctive physiologies and behaviours.</p></abstract><counts><page-count count="17"/></counts><custom-meta-group><custom-meta><meta-name>citation</meta-name><meta-value>Goodstadt L, Ponting CP (2006) Phylogenetic reconstruction of orthology, paralogy, and conserved synteny for dog and human. PLoS Comput Biol 2(9): e133. DOI: <ext-link ext-link-type="doi" xlink:href="10.1371/journal.pcbi.0020133">10.1371/journal.pcbi.0020133</ext-link></meta-value></custom-meta></custom-meta-group></article-meta></front></article>