<article xmlns="https://jats.nlm.nih.gov/ns/archiving/1.2/" xmlns:xsi="http://www.w3.org/2001/XMLSchema-instance" xmlns:ali="http://www.niso.org/schemas/ali/1.0/" xmlns:mml="http://www.w3.org/1998/Math/MathML" xmlns:xlink="http://www.w3.org/1999/xlink" xsi:schemaLocation="https://jats.nlm.nih.gov/ns/archiving/1.2/ https://jats.nlm.nih.gov/archiving/1.2/xsd/JATS-archivearticle1.xsd" article-type="research-article"><front><journal-meta><journal-id journal-id-type="nlm-ta">PLoS Comput Biol</journal-id><journal-id journal-id-type="iso-abbrev">PLoS Comput. Biol</journal-id><journal-id journal-id-type="publisher-id">pcbi</journal-id><journal-id journal-id-type="publisher-id">plcb</journal-id><journal-id journal-id-type="pmc">ploscomp</journal-id><journal-title-group><journal-title>PLoS Computational Biology</journal-title></journal-title-group><issn pub-type="ppub">1553-734X</issn><issn pub-type="epub">1553-7358</issn><publisher><publisher-name>Public Library of Science</publisher-name><publisher-loc>San Francisco, USA</publisher-loc></publisher></journal-meta><article-meta><article-id pub-id-type="accession">PMC1479089</article-id><article-id pub-id-type="pmcid">PMC1479089</article-id><article-id pub-id-type="pmc-uid">1479089</article-id><article-id pub-id-type="pmid">16789819</article-id><article-id pub-id-type="pmid">16789819</article-id><article-id pub-id-type="doi">10.1371/journal.pcbi.0020068</article-id><article-id pub-id-type="publisher-id">05-PLCB-RA-0373R2</article-id><article-id pub-id-type="sici">plcb-02-06-09</article-id><article-categories><subj-group subj-group-type="heading"><subject>Research Article</subject></subj-group><subj-group subj-group-type="Discipline"><subject>Bioinformatics - Computational Biology</subject><subject>Biotechnology</subject><subject>Cancer Biology</subject><subject>Systems Biology</subject></subj-group><subj-group subj-group-type="System Taxonomy"><subject>Homo (Human)</subject></subj-group></article-categories><title-group><article-title>Inference of Disease-Related Molecular Logic from Systems-Based Microarray Analysis</article-title><alt-title alt-title-type="running-head">Entropy Minimization and Boolean Parsimony</alt-title></title-group><contrib-group><contrib contrib-type="author"><name><surname>Varadan</surname><given-names>Vinay</given-names></name><xref ref-type="aff" rid="aff1"/></contrib><contrib contrib-type="author"><name><surname>Anastassiou</surname><given-names>Dimitris</given-names></name><xref ref-type="corresp" rid="cor1">*</xref><xref ref-type="aff" rid="aff1"/></contrib></contrib-group><aff id="aff1">Department of Electrical Engineering and Center for Computational Biology and Bioinformatics (C2B2), Columbia University, New York, New York, United States of America</aff><contrib-group><contrib contrib-type="editor"><name><surname>Eisen</surname><given-names>Michael</given-names></name><role>Editor</role><xref ref-type="aff" rid="edit1"/></contrib></contrib-group><aff id="edit1">University of California Berkeley, United States of America</aff><author-notes><corresp id="cor1">* To whom correspondence should be addressed. E-mail: <email>anastas@ee.columbia.edu</email></corresp></author-notes><pub-date pub-type="ppub"><month>6</month><year>2006</year></pub-date><pub-date pub-type="epub"><day>16</day><month>6</month><year>2006</year></pub-date><pub-date pub-type="epreprint"><day>4</day><month>5</month><year>2006</year></pub-date><volume>2</volume><issue>6</issue><elocation-id>e68</elocation-id><history><date date-type="received"><day>27</day><month>12</month><year>2005</year></date><date date-type="accepted"><day>4</day><month>5</month><year>2006</year></date></history><permissions><copyright-statement> © 2006 Varadan and Anastassiou.</copyright-statement><copyright-year>2006</copyright-year><license xlink:href="http://creativecommons.org/licenses/by/4.0/"><license-p>This is an open-access article distributed under the terms of the Creative Commons Attribution License, which permits unrestricted use, distribution, and reproduction in any medium, provided the original author and source are properly credited.</license-p></license></permissions><!--<related-article preprintresearch10.1371/journal.pcbi.0020068.eorsimple>Inference of Disease-Related Molecular Logic from Systems-Based Microarray Analysis</related-article>--><abstract><p>Computational analysis of gene expression data from microarrays has been useful for medical diagnosis and prognosis. The ability to analyze such data at the level of biological modules, rather than individual genes, has been recognized as important for improving our understanding of disease-related pathways. It has proved difficult, however, to infer pathways from microarray data by deriving modules of multiple synergistically interrelated genes, rather than individual genes. Here we propose a systems-based approach called Entropy Minimization and Boolean Parsimony (EMBP) that identifies, directly from gene expression data, modules of genes that are jointly associated with disease. Furthermore, the technique provides insight into the underlying biomolecular logic by inferring a logic function connecting the joint expression levels in a gene module with the outcome of disease. Coupled with biological knowledge, this information can be useful for identifying disease-related pathways, suggesting potential therapeutic approaches for interfering with the functions of such pathways. We present an example providing such gene modules associated with prostate cancer from publicly available gene expression data, and we successfully validate the results on additional independently derived data. Our results indicate a link between prostate cancer and cellular damage from oxidative stress combined with inhibition of apoptotic mechanisms normally triggered by such damage.</p></abstract><abstract abstract-type="synopsis"><title>Synopsis</title><p>Diseases such as cancer are often associated with malfunctioning pathways involving several genes. Identifying modules of such genes and how the genes in each module interact with each other is helpful toward understanding the nature of these diseases. Here the authors provide a novel computational method for discovering such modules of genes merely from two sets of gene expression data, one from healthy tissues and one from tissues suffering from a particular disease. The method is based on the concept of identifying sets of genes whose joint expression state predicts the presence or absence of a particular disease with minimum uncertainty. Once such gene sets have been identified, we can then further use the microarray data to determine the “logic” that connects the genes' individual expression states related to the outcome of the disease. In turn, this logic may give us valuable insight into the nature of the pathways and how we may target some elements of these pathways for therapeutic purposes. The authors apply this methodology in a particular example and conclude that prostate cancer is often associated with cellular damage from oxidative stress combined with the inhibition of the apoptotic mechanisms normally activated by such damage.</p></abstract><counts><page-count count="13"/></counts><custom-meta-group><custom-meta><meta-name>citation</meta-name><meta-value>Varadan V, Anastassiou D (2006) Inference of disease-related molecular logic from systems-based microarray analysis. PLoS Comput Biol 2(6): e68. DOI: <ext-link ext-link-type="doi" xlink:href="10.1371/journal.pcbi.0020068">10.1371/journal.pcbi.0020068</ext-link></meta-value></custom-meta></custom-meta-group></article-meta></front></article>