<article xmlns="https://jats.nlm.nih.gov/ns/archiving/1.2/" xmlns:xsi="http://www.w3.org/2001/XMLSchema-instance" xmlns:ali="http://www.niso.org/schemas/ali/1.0/" xmlns:mml="http://www.w3.org/1998/Math/MathML" xmlns:xlink="http://www.w3.org/1999/xlink" xsi:schemaLocation="https://jats.nlm.nih.gov/ns/archiving/1.2/ https://jats.nlm.nih.gov/archiving/1.2/xsd/JATS-archivearticle1.xsd" article-type="research-article"><front><journal-meta><journal-id journal-id-type="nlm-ta">PLoS Comput Biol</journal-id><journal-id journal-id-type="iso-abbrev">PLoS Comput. Biol</journal-id><journal-id journal-id-type="publisher-id">pcbi</journal-id><journal-id journal-id-type="publisher-id">plcb</journal-id><journal-id journal-id-type="pmc">ploscomp</journal-id><journal-title-group><journal-title>PLoS Computational Biology</journal-title></journal-title-group><issn pub-type="ppub">1553-734X</issn><issn pub-type="epub">1553-7358</issn><publisher><publisher-name>Public Library of Science</publisher-name><publisher-loc>San Francisco, USA</publisher-loc></publisher></journal-meta><article-meta><article-id pub-id-type="accession">PMC1853126</article-id><article-id pub-id-type="pmcid">PMC1853126</article-id><article-id pub-id-type="pmc-uid">1853126</article-id><article-id pub-id-type="pmid">17447837</article-id><article-id pub-id-type="pmid">17447837</article-id><article-id pub-id-type="doi">10.1371/journal.pcbi.0030067</article-id><article-id pub-id-type="publisher-id">06-PLCB-RA-0350R3</article-id><article-id pub-id-type="sici">plcb-03-04-12</article-id><article-categories><subj-group subj-group-type="heading"><subject>Research Article</subject></subj-group><subj-group subj-group-type="Discipline"><subject>Genetics and Genomics</subject></subj-group><subj-group subj-group-type="System Taxonomy"><subject>Mammals</subject></subj-group></article-categories><title-group><article-title>Regulatory Circuit of Human MicroRNA Biogenesis</article-title><alt-title alt-title-type="running-head">Regulation of Human MicroRNAs</alt-title></title-group><contrib-group><contrib contrib-type="author"><name><surname>Lee</surname><given-names>Ji</given-names></name><xref ref-type="aff" rid="aff1">1</xref><xref ref-type="aff" rid="aff2">2</xref></contrib><contrib contrib-type="author"><name><surname>Li</surname><given-names>Zhihua</given-names></name><xref ref-type="aff" rid="aff1">1</xref></contrib><contrib contrib-type="author"><name><surname>Brower-Sinning</surname><given-names>Rachel</given-names></name><xref ref-type="aff" rid="aff1">1</xref></contrib><contrib contrib-type="author"><name><surname>John</surname><given-names>Bino</given-names></name><xref ref-type="aff" rid="aff1">1</xref><xref ref-type="aff" rid="aff3">3</xref><xref ref-type="corresp" rid="cor1">*</xref></contrib></contrib-group><aff id="aff1"><label>1</label> Department of Computational Biology, University of Pittsburgh School of Medicine, Pittsburgh, Pennsylvania, United States of America
</aff><aff id="aff2"><label>2</label> Department of Bioengineering, Pennsylvania State University, University Park, Pennsylvania, United States of America
</aff><aff id="aff3"><label>3</label> University of Pittsburgh Cancer Institute, Pittsburgh, Pennsylvania, United States of America
</aff><contrib-group><contrib contrib-type="editor"><name><surname>Bourne</surname><given-names>Philip E</given-names></name><role>Editor</role><xref ref-type="aff" rid="edit1"/></contrib></contrib-group><aff id="edit1">University of California San Diego, United States of America</aff><author-notes><corresp id="cor1">* To whom correspondence should be addressed. E-mail: <email>john@johnlab.org</email></corresp></author-notes><pub-date pub-type="ppub"><month>4</month><year>2007</year></pub-date><pub-date pub-type="epub"><day>20</day><month>4</month><year>2007</year></pub-date><pub-date pub-type="epreprint"><day>27</day><month>2</month><year>2007</year></pub-date><volume>3</volume><issue>4</issue><elocation-id>e67</elocation-id><history><date date-type="received"><day>24</day><month>8</month><year>2006</year></date><date date-type="accepted"><day>27</day><month>2</month><year>2007</year></date></history><permissions><copyright-statement> © 2007 Lee et al.</copyright-statement><copyright-year>2007</copyright-year><license xlink:href="http://creativecommons.org/licenses/by/4.0/"><license-p>This is an open-access article distributed under the terms of the Creative Commons Attribution License, which permits unrestricted use, distribution, and reproduction in any medium, provided the original author and source are properly credited.</license-p></license></permissions><!--<related-article preprintResearch Article10.1371/journal.pcbi.0030067.eorsimple>Regulatory circuit of human microRNA biogenesis</related-article>--><abstract><p>miRNAs (microRNAs) are a class of endogenous small RNAs that are thought to negatively regulate protein production. Aberrant expression of many miRNAs is linked to cancer and other diseases. Little is known about the factors that regulate the expression of miRNAs. We have identified numerous regulatory elements upstream of miRNA genes that are likely to be essential to the transcriptional and posttranscriptional regulation of miRNAs. Newly identified regulatory motifs occur frequently and in multiple copies upstream of miRNAs. The motifs are highly enriched in G and C nucleotides, in comparison with the nucleotide composition of miRNA upstream sequences. Although the motifs were predicted using sequences that are upstream of miRNAs, we find that 99% of the top-predicted motifs preferentially occur within the first 500 nucleotides upstream of the transcription start sites of protein-coding genes; the observed preference in location underscores the validity and importance of the motifs identified in this study. Our study also raises the possibility that a considerable number of well-characterized, disease-associated transcription factors (TFs) of protein-coding genes contribute to the abnormal miRNA expression in diseases such as cancer. Further analysis of predicted miRNA–protein interactions lead us to hypothesize that TFs that include c-Myb, NF-Y, Sp-1, MTF-1, and AP-2α are master-regulators of miRNA expression. Our predictions are a solid starting point for the systematic elucidation of the causative basis for aberrant expression patterns of disease-related (e.g., cancer) miRNAs. Thus, we point out that focused studies of the TFs that regulate miRNAs will be paramount in developing cures for miRNA-related diseases. The identification of the miRNA regulatory motifs was facilitated by a new computational method, K<italic>-</italic>Factor. K-Factor predicts regulatory motifs in a set of functionally related sequences, without relying on evolutionary conservation.</p></abstract><abstract abstract-type="summary"><title>Author Summary</title><sec id="st1"><title/><p>microRNAs (miRNAs) are unusually small RNAs that are thought to control the production of proteins in the cell. Recent studies have linked miRNAs to several types of cancers. Several studies strongly suggest that miRNAs could be useful as diagnostic and prognostic markers of various cancers. Thus, although miRNAs appear to have opened up a new chapter in cancer biology, the fundamental question regarding why miRNAs are strongly associated with diseases such as cancer remain unclear. Here, we endeavored to systematically identify the factors that regulate miRNA biogenesis. We first identified a large number of DNA sequence elements that are characteristic of miRNA genes, using a new computational method named K-Factor. The sequence elements were then used to match known protein binding sites to identify specific proteins (transcription factors (TF)) that regulate miRNA biogenesis. Based on our observations, we put forward the hypothesis that a number of known TFs are primarily responsible for the aberrant regulation of miRNAs in cancer and other diseases.</p></sec></abstract><counts><page-count count="12"/></counts><custom-meta-group><custom-meta><meta-name>citation</meta-name><meta-value>Lee J, Li Z, Brower-Sinning R, John B (2007) Regulatory circuit of human microRNA biogenesis. PLoS Comput Biol 3(4): e67. doi:<ext-link ext-link-type="doi" xlink:href="10.1371/journal.pcbi.0030067">10.1371/journal.pcbi.0030067</ext-link></meta-value></custom-meta></custom-meta-group></article-meta></front></article>