<article xmlns="https://jats.nlm.nih.gov/ns/archiving/1.2/" xmlns:xsi="http://www.w3.org/2001/XMLSchema-instance" xmlns:ali="http://www.niso.org/schemas/ali/1.0/" xmlns:mml="http://www.w3.org/1998/Math/MathML" xmlns:xlink="http://www.w3.org/1999/xlink" xsi:schemaLocation="https://jats.nlm.nih.gov/ns/archiving/1.2/ https://jats.nlm.nih.gov/archiving/1.2/xsd/JATS-archivearticle1.xsd" article-type="review-article"><front><journal-meta><journal-id journal-id-type="nlm-ta">PLoS Comput Biol</journal-id><journal-id journal-id-type="iso-abbrev">PLoS Comput. Biol</journal-id><journal-id journal-id-type="publisher-id">pcbi</journal-id><journal-id journal-id-type="publisher-id">plcb</journal-id><journal-id journal-id-type="pmc">ploscomp</journal-id><journal-title-group><journal-title>PLoS Computational Biology</journal-title></journal-title-group><issn pub-type="ppub">1553-734X</issn><issn pub-type="epub">1553-7358</issn><publisher><publisher-name>Public Library of Science</publisher-name><publisher-loc>San Francisco, USA</publisher-loc></publisher></journal-meta><article-meta><article-id pub-id-type="accession">PMC1239902</article-id><article-id pub-id-type="pmcid">PMC1239902</article-id><article-id pub-id-type="pmc-uid">1239902</article-id><article-id pub-id-type="pmid">16201007</article-id><article-id pub-id-type="pmid">16201007</article-id><article-id pub-id-type="doi">10.1371/journal.pcbi.0010042</article-id><article-id pub-id-type="publisher-id">05-PLCB-RV-0136R1</article-id><article-id pub-id-type="sici">plcb-01-04-08</article-id><article-categories><subj-group subj-group-type="heading"><subject>Review</subject></subj-group><subj-group subj-group-type="Discipline"><subject>Bioinformatics - Computational Biology</subject><subject>Neuroscience</subject><subject>Psychology</subject><subject>Systems Biology</subject></subj-group><subj-group subj-group-type="System Taxonomy"><subject>Homo (Human)</subject><subject>Primates</subject><subject>Mammals</subject><subject>Rattus (Rat)</subject><subject>Mus (Mouse)</subject></subj-group></article-categories><title-group><article-title>The Human Connectome: A Structural Description of the Human Brain</article-title><alt-title alt-title-type="running-head">Review</alt-title></title-group><contrib-group><contrib contrib-type="author"><name><surname>Sporns</surname><given-names>Olaf</given-names></name><xref ref-type="corresp" rid="cor1">*</xref><xref ref-type="author-notes" rid="n103"/></contrib><contrib contrib-type="author"><name><surname>Tononi</surname><given-names>Giulio</given-names></name><xref ref-type="author-notes" rid="n103"/></contrib><contrib contrib-type="author"><name><surname>Kötter</surname><given-names>Rolf</given-names></name><xref ref-type="author-notes" rid="n103"/></contrib></contrib-group><author-notes><fn fn-type="current-aff" id="n103"><p>Olaf Sporns is in the Department of Psychology and Programs in Neuroscience and Cognitive Science, Indiana University, Bloomington, Indiana, United States of America. Giulio Tononi is in the Department of Psychiatry, University of Wisconsin, Madison, Wisconsin, United States of America. Rolf Kötter is at C. and O. Vogt Brain Research Institute and Institute of Anatomy II, Heinrich Heine University, Düsseldorf, Germany.</p></fn><corresp id="cor1">*To whom correspondence should be addressed. E-mail: <email>osporns@indiana.edu</email></corresp></author-notes><pub-date pub-type="ppub"><month>9</month><year>2005</year></pub-date><pub-date pub-type="epub"><day>30</day><month>9</month><year>2005</year></pub-date><volume>1</volume><issue>4</issue><elocation-id>e42</elocation-id><permissions><copyright-statement>Copyright: © 2005 Sporns et al.</copyright-statement><copyright-year>2005</copyright-year><license xlink:href="http://creativecommons.org/licenses/by/4.0/"><license-p>This is an open-access article distributed under the terms of the Creative Commons Attribution License, which permits unrestricted use, distribution, and reproduction in any medium, provided the original author and source are properly credited.</license-p></license></permissions><abstract><title>ABSTRACT</title><p>The connection matrix of the human brain (the human “connectome”) represents an indispensable foundation for basic and applied neurobiological research. However, the network of anatomical connections linking the neuronal elements of the human brain is still largely unknown. While some databases or collations of large-scale anatomical connection patterns exist for other mammalian species, there is currently no connection matrix of the human brain, nor is there a coordinated research effort to collect, archive, and disseminate this important information. We propose a research strategy to achieve this goal, and discuss its potential impact.</p></abstract><custom-meta-group><custom-meta><meta-name>Citation:</meta-name><meta-value>Sporns O, Tononi G, Kötter R (2005) The human connectome: A structural description of the human brain. PLoS Comput Biol 1(4): e42.</meta-value></custom-meta></custom-meta-group></article-meta></front></article>