<article xmlns="https://jats.nlm.nih.gov/ns/archiving/1.2/" xmlns:xsi="http://www.w3.org/2001/XMLSchema-instance" xmlns:ali="http://www.niso.org/schemas/ali/1.0/" xmlns:mml="http://www.w3.org/1998/Math/MathML" xmlns:xlink="http://www.w3.org/1999/xlink" xsi:schemaLocation="https://jats.nlm.nih.gov/ns/archiving/1.2/ https://jats.nlm.nih.gov/archiving/1.2/xsd/JATS-archivearticle1.xsd" article-type="research-article"><front><journal-meta><journal-id journal-id-type="nlm-ta">PLoS Comput Biol</journal-id><journal-id journal-id-type="iso-abbrev">PLoS Comput. Biol</journal-id><journal-id journal-id-type="publisher-id">pcbi</journal-id><journal-id journal-id-type="publisher-id">plcb</journal-id><journal-id journal-id-type="pmc">ploscomp</journal-id><journal-title-group><journal-title>PLoS Computational Biology</journal-title></journal-title-group><issn pub-type="ppub">1553-734X</issn><issn pub-type="epub">1553-7358</issn><publisher><publisher-name>Public Library of Science</publisher-name><publisher-loc>San Francisco, USA</publisher-loc></publisher></journal-meta><article-meta><article-id pub-id-type="accession">PMC1475713</article-id><article-id pub-id-type="pmcid">PMC1475713</article-id><article-id pub-id-type="pmc-uid">1475713</article-id><article-id pub-id-type="pmid">16789812</article-id><article-id pub-id-type="pmid">16789812</article-id><article-id pub-id-type="doi">10.1371/journal.pcbi.0020055</article-id><article-id pub-id-type="publisher-id">05-PLCB-RA-0235R2</article-id><article-id pub-id-type="sici">plcb-02-06-03</article-id><article-categories><subj-group subj-group-type="heading"><subject>Research Article</subject></subj-group><subj-group subj-group-type="Discipline"><subject>Immunology</subject></subj-group><subj-group subj-group-type="System Taxonomy"><subject>Immunology</subject><subject>Mathematical Model</subject></subj-group></article-categories><title-group><article-title>How Does Cross-Reactive Stimulation Affect the Longevity of CD8+ T Cell Memory?</article-title><alt-title alt-title-type="running-head">Immunological Memory</alt-title></title-group><contrib-group><contrib contrib-type="author" equal-contrib="yes"><name><surname>Ganusov</surname><given-names>Vitaly V</given-names></name><xref ref-type="aff" rid="aff1">1</xref><xref ref-type="author-notes" rid="n106">¤</xref></contrib><contrib contrib-type="author"><name><surname>Pilyugin</surname><given-names>Sergei S</given-names></name><xref ref-type="aff" rid="aff2">2</xref></contrib><contrib contrib-type="author"><name><surname>Ahmed</surname><given-names>Rafi</given-names></name><xref ref-type="aff" rid="aff3">3</xref></contrib><contrib contrib-type="author" equal-contrib="yes"><name><surname>Antia</surname><given-names>Rustom</given-names></name><xref ref-type="aff" rid="aff1">1</xref><xref ref-type="corresp" rid="cor1">*</xref></contrib></contrib-group><aff id="aff1"><label>1</label> Department of Biology, Emory University, Atlanta, Georgia, United States of America
</aff><aff id="aff2"><label>2</label> Department of Mathematics, University of Florida, Gainesville Florida, United States of America
</aff><aff id="aff3"><label>3</label> Emory Vaccine Center, Emory University, Atlanta, Georgia, United States of America
</aff><contrib-group><contrib contrib-type="editor"><name><surname>Bonhoeffer</surname><given-names>Sebastion</given-names></name><role>Editor</role><xref ref-type="aff" rid="edit1"/></contrib></contrib-group><aff id="edit1">ETH, Zürich, Switzerland</aff><author-notes><corresp id="cor1">* To whom correspondence should be addressed. E-mail: <email>rantia@emory.edu</email></corresp><fn id="n106" fn-type="present-address"><p>¤ Current address: Theoretical Biology, Utrecht University, Utrecht, Netherlands</p></fn></author-notes><pub-date pub-type="ppub"><month>6</month><year>2006</year></pub-date><pub-date pub-type="epub"><day>9</day><month>6</month><year>2006</year></pub-date><pub-date pub-type="epreprint"><day>10</day><month>4</month><year>2006</year></pub-date><volume>2</volume><issue>6</issue><elocation-id>e55</elocation-id><history><date date-type="received"><day>9</day><month>9</month><year>2005</year></date><date date-type="accepted"><day>10</day><month>4</month><year>2006</year></date></history><permissions><copyright-statement> © 2006 Ganusov et al.</copyright-statement><copyright-year>2006</copyright-year><license xlink:href="http://creativecommons.org/licenses/by/4.0/"><license-p>This is an open-access article distributed under the terms of the Creative Commons Attribution License, which permits unrestricted use, distribution, and reproduction in any medium, provided the original author and source are properly credited.</license-p></license></permissions><!--<related-article preprintresearch10.1371/journal.pcbi.0020055.eorsimple>How Does Cross-Reactive Stimulation Affect the Longevity of CD8+ T Cell Memory?</related-article>--><abstract><p>Immunological memory—the ability to “remember” previously encountered pathogens and respond faster upon re-exposure is a central feature of the immune response in vertebrates. The cross-reactive stimulation hypothesis for the maintenance of memory proposes that memory cells specific for a given pathogen are maintained by cross-reactive stimulation following infections with other (unrelated) pathogens. We use mathematical models to examine the cross-reactive stimulation hypothesis. We find that: (i) the direct boosting of cross-reactive lineages only provides a very small increase in the average longevity of immunological memory; (ii) the expansion of cross-reactive lineages can indirectly increase the longevity of memory by reducing the magnitude of expansion of new naive lineages which occupy space in the memory compartment and are responsible for the decline in memory; (iii) cross-reactive stimulation results in variation in the rates of decline of different lineages of memory cells and enrichment of memory cell population for cells that are cross-reactive for the pathogens to which the individual has been exposed.</p></abstract><abstract abstract-type="synopsis"><title>Synopsis</title><p>Immunological memory—the ability to “remember” previously encountered pathogens and respond faster on re-exposure—is a central feature of the immune response of vertebrates. Exposure to a pathogen results in the clonal expansion of a few relatively rare clones of immune cells which are specific for the pathogen to form a population large enough to control the pathogen. Immunological memory arises from the maintenance of an elevated numbers of these pathogen-specific immune cells. There has been much debate on the contribution of different processes such as the persistence of antigen, cross-reactive stimulation, and homeostasis to the maintenance of the elevated number of “memory” cells. Models have been useful in understanding the contributions of these various processes to the maintenance of memory. The models have shown that the decline rate of memory specific for previously encountered pathogens arises due to exposure to new pathogens—this causes the replacement of a fraction of “old” memory cells with memory cells specific for new pathogens. In this paper Ganusov, Antia, and colleagues use mathematical models to explore how the ability of cross-reactive memory cells to respond to the antigens on more than one pathogen can help in the maintenance of immunological memory.</p></abstract><counts><page-count count="10"/></counts><custom-meta-group><custom-meta><meta-name>citation</meta-name><meta-value>Ganusov VV, Pilyugin SS, Ahmed R, Antia R (2006) How does cross-reactive stimulation affect the longevity of CD8+ T cell memory? PLoS Comput Biol 2(6): e55. DOI: <ext-link ext-link-type="doi" xlink:href="10.1371/journal.pcbi.0020055">10.1371/journal.pcbi.0020055</ext-link></meta-value></custom-meta></custom-meta-group></article-meta></front></article>