<article xmlns="https://jats.nlm.nih.gov/ns/archiving/1.2/" xmlns:xsi="http://www.w3.org/2001/XMLSchema-instance" xmlns:ali="http://www.niso.org/schemas/ali/1.0/" xmlns:mml="http://www.w3.org/1998/Math/MathML" xmlns:xlink="http://www.w3.org/1999/xlink" xsi:schemaLocation="https://jats.nlm.nih.gov/ns/archiving/1.2/ https://jats.nlm.nih.gov/archiving/1.2/xsd/JATS-archivearticle1.xsd" article-type="research-article"><front><journal-meta><journal-id journal-id-type="nlm-ta">PLoS Comput Biol</journal-id><journal-id journal-id-type="iso-abbrev">PLoS Comput. Biol</journal-id><journal-id journal-id-type="publisher-id">pcbi</journal-id><journal-id journal-id-type="publisher-id">plcb</journal-id><journal-id journal-id-type="pmc">ploscomp</journal-id><journal-title-group><journal-title>PLoS Computational Biology</journal-title></journal-title-group><issn pub-type="ppub">1553-734X</issn><issn pub-type="epub">1553-7358</issn><publisher><publisher-name>Public Library of Science</publisher-name><publisher-loc>San Francisco, USA</publisher-loc></publisher></journal-meta><article-meta><article-id pub-id-type="accession">PMC1557588</article-id><article-id pub-id-type="pmcid">PMC1557588</article-id><article-id pub-id-type="pmc-uid">1557588</article-id><article-id pub-id-type="pmid">16948528</article-id><article-id pub-id-type="pmid">16948528</article-id><article-id pub-id-type="doi">10.1371/journal.pcbi.0020113</article-id><article-id pub-id-type="publisher-id">06-PLCB-RA-0206R1</article-id><article-id pub-id-type="sici">plcb-02-09-02</article-id><article-categories><subj-group subj-group-type="heading"><subject>Research Article</subject></subj-group><subj-group subj-group-type="Discipline"><subject>Bioinformatics - Computational Biology</subject><subject>Genetics/Genomics</subject><subject>Genetics/Chromosome Biology</subject><subject>Genetics/Epigenetics</subject></subj-group><subj-group subj-group-type="System Taxonomy"><subject>Homo (Human)</subject><subject>Mammals</subject></subj-group></article-categories><title-group><article-title>Evidence of Influence of Genomic DNA Sequence on Human X Chromosome Inactivation</article-title><alt-title alt-title-type="running-head">DNA Sequence Predicts X Inactivation</alt-title></title-group><contrib-group><contrib contrib-type="author"><name><surname>Wang</surname><given-names>Zhong</given-names></name><xref ref-type="aff" rid="aff1"/></contrib><contrib contrib-type="author"><name><surname>Willard</surname><given-names>Huntington F</given-names></name><xref ref-type="aff" rid="aff1"/></contrib><contrib contrib-type="author"><name><surname>Mukherjee</surname><given-names>Sayan</given-names></name><xref ref-type="aff" rid="aff1"/></contrib><contrib contrib-type="author"><name><surname>Furey</surname><given-names>Terrence S</given-names></name><xref ref-type="corresp" rid="cor1">*</xref><xref ref-type="aff" rid="aff1"/></contrib></contrib-group><aff id="aff1">Institute for Genome Sciences and Policy, Duke University, Durham, North Carolina, United States of America</aff><contrib-group><contrib contrib-type="editor"><name><surname>Henikoff</surname><given-names>Steven</given-names></name><role>Editor</role><xref ref-type="aff" rid="edit1"/></contrib></contrib-group><aff id="edit1">Fred Hutchinson Cancer Research Center, United States of America</aff><author-notes><corresp id="cor1">* To whom correspondence should be addressed. E-mail: <email>terry.furey@duke.edu</email></corresp></author-notes><pub-date pub-type="ppub"><month>9</month><year>2006</year></pub-date><pub-date pub-type="epub"><day>1</day><month>9</month><year>2006</year></pub-date><pub-date pub-type="epreprint"><day>17</day><month>7</month><year>2006</year></pub-date><volume>2</volume><issue>9</issue><elocation-id>e113</elocation-id><history><date date-type="received"><day>26</day><month>5</month><year>2006</year></date><date date-type="accepted"><day>17</day><month>7</month><year>2006</year></date></history><permissions><copyright-statement> © 2006 Wang et al.</copyright-statement><copyright-year>2006</copyright-year><license xlink:href="http://creativecommons.org/licenses/by/4.0/"><license-p>This is an open-access article distributed under the terms of the Creative Commons Attribution License, which permits unrestricted use, distribution, and reproduction in any medium, provided the original author and source are properly credited.</license-p></license></permissions><!--<related-article preprintResearch Article10.1371/journal.pcbi.0020113.eorsimple>Evidence of Influence of Genomic DNA Sequence on Human X Chromosome Inactivation</related-article>--><abstract><p>A significant number of human X-linked genes escape X chromosome inactivation and are thus expressed from both the active and inactive X chromosomes. The basis for escape from inactivation and the potential role of the X chromosome primary DNA sequence in determining a gene's X inactivation status is unclear. Using a combination of the X chromosome sequence and a comprehensive X inactivation profile of more than 600 genes, two independent yet complementary approaches were used to systematically investigate the relationship between X inactivation and DNA sequence features. First, statistical analyses revealed that a number of repeat features, including long interspersed nuclear element (LINE) and mammalian-wide interspersed repeat repetitive elements, are significantly enriched in regions surrounding transcription start sites of genes that are subject to inactivation, while Alu repetitive elements and short motifs containing ACG/CGT are significantly enriched in those that escape inactivation. Second, linear support vector machine classifiers constructed using primary DNA sequence features were used to correctly predict the X inactivation status for &gt;80% of all X-linked genes. We further identified a small set of features that are important for accurate classification, among which LINE-1 and LINE-2 content show the greatest individual discriminatory power. Finally, as few as 12 features can be used for accurate support vector machine classification. Taken together, these results suggest that features of the underlying primary DNA sequence of the human X chromosome may influence the spreading and/or maintenance of X inactivation.</p></abstract><abstract abstract-type="synopsis"><title>Synopsis</title><p>Female mammals have two X chromosomes while males have one X and one Y chromosome. To equalize dosage of X chromosome genes in males and females, one X in female cells is inactivated, repressing the expression of most genes on the chromosome. Despite the chromosome-wide nature of X inactivation, at least 10%–15% of genes “escape” this inactivation in human females and are still expressed on the inactivated X. Whether a gene escapes or is subject to inactivation is thought to be determined epigenetically, and it is unknown to what extent, if at all, the underlying genomic DNA sequence of the chromosome plays a role. In this work, the authors show that the DNA sequence surrounding genes that escape inactivation is significantly different from the sequence surrounding genes that are subject to inactivation. In fact, a small number of DNA sequence features can be used to predict with high accuracy whether a gene will escape or be subject to this silencing. This establishes strong evidence that epigenetic regulation is, at least in part, dependent on genomic sequence and organization and provides a list of candidate sequence features whose role(s) in X inactivation can now be explored.</p></abstract><counts><page-count count="10"/></counts><custom-meta-group><custom-meta><meta-name>citation</meta-name><meta-value>Wang Z, Willard HF, Mukherjee S, Furey TS (2006) Evidence of influence of genomic DNA sequence on human X chromosome inactivation. PLoS Comput Biol 2(9): e113. DOI: <ext-link ext-link-type="doi" xlink:href="10.1371/journal.pcbi.0020113">10.1371/journal.pcbi.0020113</ext-link></meta-value></custom-meta></custom-meta-group></article-meta></front></article>