<article xmlns="https://jats.nlm.nih.gov/ns/archiving/1.2/" xmlns:xsi="http://www.w3.org/2001/XMLSchema-instance" xmlns:ali="http://www.niso.org/schemas/ali/1.0/" xmlns:mml="http://www.w3.org/1998/Math/MathML" xmlns:xlink="http://www.w3.org/1999/xlink" xsi:schemaLocation="https://jats.nlm.nih.gov/ns/archiving/1.2/ https://jats.nlm.nih.gov/archiving/1.2/xsd/JATS-archivearticle1.xsd" article-type="research-article"><front><journal-meta><journal-id journal-id-type="nlm-ta">PLoS Comput Biol</journal-id><journal-id journal-id-type="iso-abbrev">PLoS Comput. Biol</journal-id><journal-id journal-id-type="publisher-id">pcbi</journal-id><journal-id journal-id-type="publisher-id">plcb</journal-id><journal-id journal-id-type="pmc">ploscomp</journal-id><journal-title-group><journal-title>PLoS Computational Biology</journal-title></journal-title-group><issn pub-type="ppub">1553-734X</issn><issn pub-type="epub">1553-7358</issn><publisher><publisher-name>Public Library of Science</publisher-name><publisher-loc>San Francisco, USA</publisher-loc></publisher></journal-meta><article-meta><article-id pub-id-type="accession">PMC1584325</article-id><article-id pub-id-type="pmcid">PMC1584325</article-id><article-id pub-id-type="pmc-uid">1584325</article-id><article-id pub-id-type="pmid">17009865</article-id><article-id pub-id-type="pmid">17009865</article-id><article-id pub-id-type="doi">10.1371/journal.pcbi.0020134</article-id><article-id pub-id-type="publisher-id">06-PLCB-RA-0160R2</article-id><article-id pub-id-type="sici">plcb-02-09-16</article-id><article-categories><subj-group subj-group-type="heading"><subject>Research Article</subject></subj-group><subj-group subj-group-type="Discipline"><subject>Bioinformatics - Computational Biology</subject></subj-group><subj-group subj-group-type="System Taxonomy"><subject>None</subject></subj-group></article-categories><title-group><article-title>Targeted Molecular Dynamics Study of C-Loop Closure and Channel Gating in Nicotinic Receptors</article-title><alt-title alt-title-type="running-head">Targeted Molecular Dynamics of C-Loop Closure</alt-title></title-group><contrib-group><contrib contrib-type="author"><name><surname>Cheng</surname><given-names>Xiaolin</given-names></name><xref ref-type="aff" rid="aff1">1</xref><xref ref-type="aff" rid="aff2">2</xref><xref ref-type="corresp" rid="cor1">*</xref></contrib><contrib contrib-type="author"><name><surname>Wang</surname><given-names>Hailong</given-names></name><xref ref-type="aff" rid="aff3">3</xref></contrib><contrib contrib-type="author"><name><surname>Grant</surname><given-names>Barry</given-names></name><xref ref-type="aff" rid="aff2">2</xref></contrib><contrib contrib-type="author"><name><surname>Sine</surname><given-names>Steven M</given-names></name><xref ref-type="aff" rid="aff3">3</xref></contrib><contrib contrib-type="author"><name><surname>McCammon</surname><given-names>J. Andrew</given-names></name><xref ref-type="aff" rid="aff1">1</xref><xref ref-type="aff" rid="aff2">2</xref><xref ref-type="aff" rid="aff4">4</xref></contrib></contrib-group><aff id="aff1"><label>1</label>Howard Hughes Medical Institute, University of California San Diego, La Jolla, California, United States of America
</aff><aff id="aff2"><label>2</label>NSF Center for Theoretical Biophysics, Department of Chemistry and Biochemistry, University of California San Diego, La Jolla, California, United States of America
</aff><aff id="aff3"><label>3</label>Receptor Biology Laboratory, Department of Physiology and Biomedical Engineering, Mayo Clinic College of Medicine, Rochester, Minnesota, United States of America
</aff><aff id="aff4"><label>4</label>Department of Pharmacology, University of California San Diego, La Jolla, California, United States of America
</aff><contrib-group><contrib contrib-type="editor"><name><surname>Murray</surname><given-names>Diana</given-names></name><role>Editor</role><xref ref-type="aff" rid="edit1"/></contrib></contrib-group><aff id="edit1">Weill Medical College of Cornell University, United States of America</aff><author-notes><corresp id="cor1">* To whom correspondence should be addressed. E-mail: <email>xcheng@mccammon.ucsd.edu</email></corresp></author-notes><pub-date pub-type="ppub"><month>9</month><year>2006</year></pub-date><pub-date pub-type="epub"><day>29</day><month>9</month><year>2006</year></pub-date><pub-date pub-type="epreprint"><day>23</day><month>8</month><year>2006</year></pub-date><volume>2</volume><issue>9</issue><elocation-id>e134</elocation-id><history><date date-type="received"><day>28</day><month>4</month><year>2006</year></date><date date-type="accepted"><day>23</day><month>8</month><year>2006</year></date></history><permissions><copyright-statement> © 2006 Cheng et al.</copyright-statement><copyright-year>2006</copyright-year><license xlink:href="http://creativecommons.org/licenses/by/4.0/"><license-p>This is an open-access article distributed under the terms of the Creative Commons Attribution License, which permits unrestricted use, distribution, and reproduction in any medium, provided the original author and source are properly credited.</license-p></license></permissions><!--<related-article preprintResearch Article10.1371/journal.pcbi.0020134.eorsimple>Targeted molecular dynamics study of C-loop closure and channel gating in nicotinic receptors</related-article>--><abstract><p>The initial coupling between ligand binding and channel gating in the human α7 nicotinic acetylcholine receptor (nAChR) has been investigated with targeted molecular dynamics (TMD) simulation. During the simulation, eight residues at the tip of the C-loop in two alternating subunits were forced to move toward a ligand-bound conformation as captured in the crystallographic structure of acetylcholine binding protein (AChBP) in complex with carbamoylcholine. Comparison of apo- and ligand-bound AChBP structures shows only minor rearrangements distal from the ligand-binding site. In contrast, comparison of apo and TMD simulation structures of the nAChR reveals significant changes toward the bottom of the ligand-binding domain. These structural rearrangements are subsequently translated to the pore domain, leading to a partly open channel within 4 ns of TMD simulation. Furthermore, we confirmed that two highly conserved residue pairs, one located near the ligand-binding pocket (Lys145 and Tyr188), and the other located toward the bottom of the ligand-binding domain (Arg206 and Glu45), are likely to play important roles in coupling agonist binding to channel gating. Overall, our simulations suggest that gating movements of the α7 receptor may involve relatively small structural changes within the ligand-binding domain, implying that the gating transition is energy-efficient and can be easily modulated by agonist binding/unbinding.</p></abstract><abstract abstract-type="synopsis"><title>Synopsis</title><p>Nicotinic acetylcholine receptors are ligand-gated ion channels responsible for neurotransmitter-mediated signal transduction at synapses throughout the central and peripheral nervous systems. Binding of neurotransmitter molecules to subunit interfaces in the N-terminal extracellular domain induces structural rearrangements of the membrane-spanning domain permitting the influx of cations. A full understanding of how the conformational changes propagate from the ligand-binding site to the pore domain is of great interest to biologists, yet remains to be established. Using a special simulation technique known as targeted molecular dynamics, Cheng and colleagues probed the early stages of ligand-induced conformational rearrangements that may lead to channel opening. During the simulation, Cheng et al. observed a sequence of conformational changes that stem from the ligand-binding site to the transmembrane domain resulting in a wider channel. From these results, they suggest that gating movements may entail only small structural changes in the ligand-binding domain, implying that channel gating is energy-efficient and can readily be modulated by the binding/unbinding of agonist molecules.</p></abstract><counts><page-count count="12"/></counts><custom-meta-group><custom-meta><meta-name>citation</meta-name><meta-value>Cheng X, Wang H, Grant B, Sine SM, McCammon JA (2006) Targeted molecular dynamics study of C-loop closure and channel gating in nicotinic receptors. PLoS Comput Biol 2(9): e134. DOI: <ext-link ext-link-type="doi" xlink:href="10.1371/journal.pcbi.0020134">10.1371/journal.pcbi.0020134</ext-link></meta-value></custom-meta></custom-meta-group></article-meta></front></article>