<article xmlns="https://jats.nlm.nih.gov/ns/archiving/1.2/" xmlns:xsi="http://www.w3.org/2001/XMLSchema-instance" xmlns:ali="http://www.niso.org/schemas/ali/1.0/" xmlns:mml="http://www.w3.org/1998/Math/MathML" xmlns:xlink="http://www.w3.org/1999/xlink" xsi:schemaLocation="https://jats.nlm.nih.gov/ns/archiving/1.2/ https://jats.nlm.nih.gov/archiving/1.2/xsd/JATS-archivearticle1.xsd" article-type="other"><front><journal-meta><journal-id journal-id-type="nlm-ta">PLoS Comput Biol</journal-id><journal-id journal-id-type="iso-abbrev">PLoS Comput. Biol</journal-id><journal-id journal-id-type="publisher-id">pcbi</journal-id><journal-id journal-id-type="publisher-id">plcb</journal-id><journal-id journal-id-type="pmc">ploscomp</journal-id><journal-title-group><journal-title>PLoS Computational Biology</journal-title></journal-title-group><issn pub-type="ppub">1553-734X</issn><issn pub-type="epub">1553-7358</issn><publisher><publisher-name>Public Library of Science</publisher-name><publisher-loc>San Francisco, USA</publisher-loc></publisher></journal-meta><article-meta><article-id pub-id-type="accession">PMC1447654</article-id><article-id pub-id-type="pmcid">PMC1447654</article-id><article-id pub-id-type="pmc-uid">1447654</article-id><article-id pub-id-type="pmid">16683017</article-id><article-id pub-id-type="pmid">16683017</article-id><article-id pub-id-type="doi">10.1371/journal.pcbi.0020036</article-id><article-id pub-id-type="sici">plcb-02-04-10</article-id><article-categories><subj-group subj-group-type="heading"><subject>Education</subject></subj-group></article-categories><title-group><article-title>Practical Strategies for Discovering Regulatory DNA Sequence Motifs</article-title></title-group><contrib-group><contrib contrib-type="author"><name><surname>MacIsaac</surname><given-names>Kenzie D</given-names></name><xref ref-type="author-notes" rid="aff1"/></contrib><contrib contrib-type="author"><name><surname>Fraenkel</surname><given-names>Ernest</given-names></name><xref ref-type="corresp" rid="cor1">*</xref><xref ref-type="author-notes" rid="aff1"/></contrib></contrib-group><author-notes><corresp id="cor1"> * To whom correspondence should be addressed. E-mail: <email>fraenkel-admin@mit.edu</email></corresp><fn id="aff1" fn-type="current-aff"><p>Kenzie D. MacIsaac is in the Department of Electrical Engineering and Computer Science, Cambridge, Massachusetts, United States of America. Ernest Fraenkel is in the Biological Engineering Division, Massachusetts Institute of Technology, Cambridge, Massachusetts, United States of America. Kenzie D. MacIsaac and Ernest Fraenkel are both in the Computer Science and Artificial Intelligence Laboratory, Massachusetts Institute of Technology, Cambridge, Massachusetts, United States of America.</p></fn></author-notes><pub-date pub-type="ppub"><month>4</month><year>2006</year></pub-date><pub-date pub-type="epub"><day>28</day><month>4</month><year>2006</year></pub-date><volume>2</volume><issue>4</issue><elocation-id>e36</elocation-id><permissions><copyright-statement> © 2006 MacIsaac and Fraenkel.</copyright-statement><copyright-year>2006</copyright-year><license xlink:href="http://creativecommons.org/licenses/by/4.0/"><license-p>This is an open-access article distributed under the terms of the Creative Commons Attribution License, which permits unrestricted use, distribution, and reproduction in any medium, provided the original author and source are properly credited.</license-p></license></permissions><counts><page-count count="10"/></counts><custom-meta-group><custom-meta><meta-name>Citation:</meta-name><meta-value>MacIsaac KD, Fraenkel E (2006) Practical strategies for discovering regulatory DNA sequence motifs. PLoS Comput Biol 2(4): e36. DOI: <ext-link ext-link-type="doi" xlink:href="10.1371/journal.pcbi.0020036">10.1371/journal.pcbi.0020036</ext-link></meta-value></custom-meta></custom-meta-group></article-meta></front></article>