<article xmlns="https://jats.nlm.nih.gov/ns/archiving/1.2/" xmlns:xsi="http://www.w3.org/2001/XMLSchema-instance" xmlns:ali="http://www.niso.org/schemas/ali/1.0/" xmlns:mml="http://www.w3.org/1998/Math/MathML" xmlns:xlink="http://www.w3.org/1999/xlink" xsi:schemaLocation="https://jats.nlm.nih.gov/ns/archiving/1.2/ https://jats.nlm.nih.gov/archiving/1.2/xsd/JATS-archivearticle1.xsd" article-type="research-article"><front><journal-meta><journal-id journal-id-type="nlm-ta">PLoS Comput Biol</journal-id><journal-id journal-id-type="iso-abbrev">PLoS Comput. Biol</journal-id><journal-id journal-id-type="publisher-id">pcbi</journal-id><journal-id journal-id-type="publisher-id">plcb</journal-id><journal-id journal-id-type="pmc">ploscomp</journal-id><journal-title-group><journal-title>PLoS Computational Biology</journal-title></journal-title-group><issn pub-type="ppub">1553-734X</issn><issn pub-type="epub">1553-7358</issn><publisher><publisher-name>Public Library of Science</publisher-name><publisher-loc>San Francisco, USA</publisher-loc></publisher></journal-meta><article-meta><article-id pub-id-type="accession">PMC1676029</article-id><article-id pub-id-type="pmcid">PMC1676029</article-id><article-id pub-id-type="pmc-uid">1676029</article-id><article-id pub-id-type="pmid">17140285</article-id><article-id pub-id-type="pmid">17140285</article-id><article-id pub-id-type="doi">10.1371/journal.pcbi.0020173</article-id><article-id pub-id-type="publisher-id">06-PLCB-RA-0149R2</article-id><article-id pub-id-type="sici">plcb-02-12-01</article-id><article-categories><subj-group subj-group-type="heading"><subject>Research Article</subject></subj-group><subj-group subj-group-type="Discipline"><subject>Bioinformatics - Computational Biology</subject><subject>Genetics/Genomics</subject><subject>Genetics/Evolution</subject><subject>Microbiology</subject></subj-group><subj-group subj-group-type="System Taxonomy"><subject>Eubacteria</subject><subject>Archaea</subject></subj-group></article-categories><title-group><article-title>Protein Homology Network Families Reveal Step-Wise Diversification of Type III and Type IV Secretion Systems</article-title><alt-title alt-title-type="running-head">Protein Homology Network Families</alt-title></title-group><contrib-group><contrib contrib-type="author"><name><surname>Medini</surname><given-names>Duccio</given-names></name><xref ref-type="aff" rid="aff1"/></contrib><contrib contrib-type="author"><name><surname>Covacci</surname><given-names>Antonello</given-names></name><xref ref-type="corresp" rid="cor1">*</xref><xref ref-type="aff" rid="aff1"/></contrib><contrib contrib-type="author"><name><surname>Donati</surname><given-names>Claudio</given-names></name><xref ref-type="aff" rid="aff1"/></contrib></contrib-group><aff id="aff1">Cellular Microbiology and BioInformatics Unit, Novartis Vaccines and Diagnostics, Siena, Italy</aff><contrib-group><contrib contrib-type="editor"><name><surname>Hacker</surname><given-names>Joerg</given-names></name><role>Editor</role><xref ref-type="aff" rid="edit1"/></contrib></contrib-group><aff id="edit1">Institut für Molekulare Infektionsbiologie der Universität, Germany</aff><author-notes><corresp id="cor1">* To whom correspondence should be addressed. E-mail: <email>antonello_covacci@chiron.com</email></corresp></author-notes><pub-date pub-type="ppub"><month>12</month><year>2006</year></pub-date><pub-date pub-type="epub"><day>1</day><month>12</month><year>2006</year></pub-date><volume>2</volume><issue>12</issue><elocation-id>e173</elocation-id><history><date date-type="received"><day>24</day><month>4</month><year>2006</year></date><date date-type="accepted"><day>16</day><month>10</month><year>2006</year></date></history><permissions><copyright-statement> © 2006 Medini et al.</copyright-statement><copyright-year>2006</copyright-year><license xlink:href="http://creativecommons.org/licenses/by/4.0/"><license-p>This is an open-access article distributed under the terms of the Creative Commons Attribution License, which permits unrestricted use, distribution, and reproduction in any medium, provided the original author and source are properly credited.</license-p></license></permissions><abstract><p>From the analysis of 251 prokaryotic genomes stored in public databases, the 761,260 deduced proteins were used to reconstruct a complete set of bacterial proteic families. Using the new <italic>Overlap</italic> algorithm, we have partitioned the Protein Homology Network (PHN), where the proteins are the nodes and the links represent homology relationships. The algorithm identifies the densely connected regions of the PHN that define the families of homologous proteins, here called PHN-Families, recognizing the phylogenetic relationships embedded in the network. By direct comparison with a manually curated dataset, we assessed that this classification algorithm generates data of quality similar to a human expert. Then, we explored the network to identify families involved in the assembly of Type III and Type IV secretion systems (T3SS and T4SS). We noticed that, beside a core of conserved functions (eight proteins for T3SS, seven for T4SS), a variable set of accessory components is always present (one to nine for T3SS, one to five for T4SS). Each member of the core corresponds to a single PHN-Family, while accessory proteins are distributed among different pure families. The PHN-Family classification suggests that T3SS and T4SS have been assembled through a step-wise, discontinuous process, by complementing the conserved core with subgroups of nonconserved proteins. Such genetic modules, independently recruited and probably tuned on specific effectors, contribute to the functional specialization of these organelles to different microenvironments.</p></abstract><abstract abstract-type="synopsis"><title>Synopsis</title><p>Proteins evolved from a common ancestor are said to be homologues and to constitute a “family” with potentially similar structures, functions, and interactions. The problem of identifying “real” protein families based on amino acid sequence conservation has been the subject of extensive debate, because algorithms that search for pairwise homologies can miss important relations and produce false hits. The availability of a large number of sequenced genomes now allows us to map the full set of protein similarity relationships into a Protein Homology Network (PHN), and protein families appear naturally as dense, highly connected regions of the network. In this study, Medini, Covacci, and Donati describe a new method that identifies these regions of the PHN, and generate a set of protein families (PHN-Families) that correlate with protein function and phylogeny, with a quality comparable to family sets curated by human experts. The method is completely unsupervised and can be applied to any number of genomes. The authors test the biological relevance of the PHN-Families obtained by studying the members of Type III and Type IV secretion systems, showing that this classification can also be used to identify the evolutionary events that led to the formation of multiprotein structures.</p></abstract><counts><page-count count="9"/></counts><custom-meta-group><custom-meta><meta-name>citation</meta-name><meta-value>Medini D, Covacci A, Donati C (2006) Protein homology network families reveal step-wise diversification of Type III and Type IV secretion systems. PLoS Comput Biol 2(12): e173. doi:<ext-link ext-link-type="doi" xlink:href="10.1371/journal.pcbi.0020173">10.1371/journal.pcbi.0020173</ext-link></meta-value></custom-meta></custom-meta-group></article-meta></front></article>