<article xmlns="https://jats.nlm.nih.gov/ns/archiving/1.2/" xmlns:xsi="http://www.w3.org/2001/XMLSchema-instance" xmlns:ali="http://www.niso.org/schemas/ali/1.0/" xmlns:mml="http://www.w3.org/1998/Math/MathML" xmlns:xlink="http://www.w3.org/1999/xlink" xsi:schemaLocation="https://jats.nlm.nih.gov/ns/archiving/1.2/ https://jats.nlm.nih.gov/archiving/1.2/xsd/JATS-archivearticle1.xsd" article-type="research-article"><front><journal-meta><journal-id journal-id-type="nlm-ta">PLoS Comput Biol</journal-id><journal-id journal-id-type="iso-abbrev">PLoS Comput. Biol</journal-id><journal-id journal-id-type="publisher-id">pcbi</journal-id><journal-id journal-id-type="publisher-id">plcb</journal-id><journal-id journal-id-type="pmc">ploscomp</journal-id><journal-title-group><journal-title>PLoS Computational Biology</journal-title></journal-title-group><issn pub-type="ppub">1553-734X</issn><issn pub-type="epub">1553-7358</issn><publisher><publisher-name>Public Library of Science</publisher-name><publisher-loc>San Francisco, USA</publisher-loc></publisher></journal-meta><article-meta><article-id pub-id-type="accession">PMC1285061</article-id><article-id pub-id-type="pmcid">PMC1285061</article-id><article-id pub-id-type="pmc-uid">1285061</article-id><article-id pub-id-type="pmid">16299589</article-id><article-id pub-id-type="pmid">16299589</article-id><article-id pub-id-type="doi">10.1371/journal.pcbi.0010062</article-id><article-id pub-id-type="publisher-id">05-PLCB-RA-0178R3</article-id><article-id pub-id-type="sici">plcb-01-06-04</article-id><article-categories><subj-group subj-group-type="heading"><subject>Research Article</subject></subj-group><subj-group subj-group-type="Discipline"><subject>Bioinformatics - Computational Biology</subject><subject>Molecular Biology - Structural Biology</subject><subject>Neuroscience</subject></subj-group><subj-group subj-group-type="System Taxonomy"><subject>Mus (Mouse)</subject></subj-group></article-categories><title-group><article-title>The Association of Tetrameric Acetylcholinesterase with ColQ Tail: A Block Normal Mode Analysis</article-title><alt-title alt-title-type="running-head">Association of AChE with ColQ Tail</alt-title></title-group><contrib-group><contrib contrib-type="author"><name><surname>Zhang</surname><given-names>Deqiang</given-names></name><xref ref-type="aff" rid="aff1">1</xref><xref ref-type="aff" rid="aff2">2</xref><xref ref-type="aff" rid="aff3">3</xref><xref ref-type="corresp" rid="cor1">*</xref></contrib><contrib contrib-type="author"><name><surname>McCammon</surname><given-names>J. Andrew</given-names></name><xref ref-type="aff" rid="aff1">1</xref><xref ref-type="aff" rid="aff2">2</xref><xref ref-type="aff" rid="aff3">3</xref><xref ref-type="aff" rid="aff4">4</xref></contrib></contrib-group><aff id="aff1"><label>1</label> Howard Hughes Medical Institute, University of California, San Diego, California, United States of America
</aff><aff id="aff2"><label>2</label> Department of Chemistry and Biochemistry, University of California, San Diego, California, United States of America
</aff><aff id="aff3"><label>3</label> Center for Theoretical Biological Physics, University of California, San Diego, California, United States of America
</aff><aff id="aff4"><label>4</label> Department of Pharmacology, University of California, San Diego, California, United States of America
</aff><contrib-group><contrib contrib-type="editor"><name><surname>Murray</surname><given-names>Diana</given-names></name><role>Editor</role><xref ref-type="aff" rid="edit1"/></contrib></contrib-group><aff id="edit1">Weill Medical College of Cornell University, United States of America</aff><author-notes><corresp id="cor1">*To whom correspondence should be addressed. E-mail: <email>dzhang@mccammon.ucsd.edu</email></corresp></author-notes><pub-date pub-type="ppub"><month>11</month><year>2005</year></pub-date><pub-date pub-type="epub"><day>18</day><month>11</month><year>2005</year></pub-date><pub-date pub-type="epreprint"><day>19</day><month>10</month><year>2005</year></pub-date><volume>1</volume><issue>6</issue><elocation-id>e62</elocation-id><history><date date-type="received"><day>26</day><month>7</month><year>2005</year></date><date date-type="accepted"><day>19</day><month>10</month><year>2005</year></date></history><permissions><copyright-statement>Copyright: © 2005 Zhang and McCammon.</copyright-statement><copyright-year>2005</copyright-year><license xlink:href="http://creativecommons.org/licenses/by/4.0/"><license-p>This is an open-access article distributed under the terms of the Creative Commons Attribution License, which permits unrestricted use, distribution, and reproduction in any medium, provided the original author and source are properly credited.</license-p></license></permissions><!--<related-article preprintresearch10.1371/journal.pcbi.0010062.eorsimple>
				        The Association of Tetrameric Acetylcholinesterase with ColQ Tail: A Block Normal Mode Analysis
			      </related-article>--><abstract><p>Acetylcholinesterase (AChE) rapidly hydrolyzes acetylcholine in the neuromuscular junctions and other cholinergic synapses to terminate the neuronal signal. In physiological conditions, AChE exists as tetramers associated with the proline-rich attachment domain (PRAD) of either collagen-like Q subunit (ColQ) or proline-rich membrane-anchoring protein. Crystallographic studies have revealed that different tetramer forms may be present, and it is not clear whether one or both are relevant under physiological conditions. Recently, the crystal structure of the tryptophan amphiphilic tetramerization (WAT) domain of AChE associated with PRAD ([WAT]<sub>4</sub>PRAD), which mimics the interface between ColQ and AChE tetramer, became available. In this study we built a complete tetrameric mouse [AChE<sub>T</sub>]<sub>4</sub>–ColQ atomic structure model, based on the crystal structure of the [WAT]<sub>4</sub>PRAD complex. The structure was optimized using energy minimization. Block normal mode analysis was done to investigate the low-frequency motions of the complex and to correlate the structure model with the two known crystal structures of AChE tetramer. Significant low-frequency motions among the catalytic domains of the four AChE subunits were observed, while the [WAT]<sub>4</sub>PRAD part held the complex together. Normal mode involvement analysis revealed that the two lowest frequency modes were primarily involved in the conformational changes leading to the two crystal structures. The first 30 normal modes can account for more than 75% of the conformational changes in both cases. The evidence further supports the idea of a flexible tetramer model for AChE. This model can be used to study the implications of the association of AChE with ColQ.</p></abstract><abstract abstract-type="synopsis"><title>Synopsis</title><p>Acetylcholinesterase (AChE) breaks down acetylcholine in the neuromuscular junction and other cholinergic synapses to terminate neuronal signals. AChE exists as tetramers anchored by structural subunits to the cell membranes in the brain or the basal lamina in the neuromuscular junction. Based on a crystal structure of the tetramerization domain of AChE with a proline-rich attachment domain of the anchoring proteins, a symmetric model of the complex of AChE tetramer with the anchoring protein tail was constructed. Block normal mode analysis revealed the presence of several low-frequency, low-barrier normal modes corresponding to inter-subunit motions. Previous crystal structures of AChE tetramer could be rationalized using these normal modes. These low-frequency modes are due to the presence of a flexible hinge in the structure of AChE. This study paints a picture of a flexible AChE tetramer with different conformational states interconverting easily under physiological conditions, which has important implications on the function of AChE. In particular, AChE is not trapped in the compact tetramer structure, for which access of substrate to two of the active sites is somewhat limited. Rather, the tetramer fluctuates to expose all four of its active sites to ensure rapid removal of acetylcholine.</p></abstract><counts><page-count count="8"/></counts><custom-meta-group><custom-meta><meta-name>Citation:</meta-name><meta-value>Zhang D, McCammon JA (2005) The association of tetrameric acetylcholinesterase with ColQ tail: A block normal mode analysis. PLoS Comput Biol 1(6): e62.</meta-value></custom-meta></custom-meta-group></article-meta></front></article>