<article xmlns="https://jats.nlm.nih.gov/ns/archiving/1.2/" xmlns:xsi="http://www.w3.org/2001/XMLSchema-instance" xmlns:ali="http://www.niso.org/schemas/ali/1.0/" xmlns:mml="http://www.w3.org/1998/Math/MathML" xmlns:xlink="http://www.w3.org/1999/xlink" xsi:schemaLocation="https://jats.nlm.nih.gov/ns/archiving/1.2/ https://jats.nlm.nih.gov/archiving/1.2/xsd/JATS-archivearticle1.xsd" article-type="research-article"><front><journal-meta><journal-id journal-id-type="nlm-ta">PLoS Comput Biol</journal-id><journal-id journal-id-type="iso-abbrev">PLoS Comput. Biol</journal-id><journal-id journal-id-type="publisher-id">pcbi</journal-id><journal-id journal-id-type="publisher-id">plcb</journal-id><journal-id journal-id-type="pmc">ploscomp</journal-id><journal-title-group><journal-title>PLoS Computational Biology</journal-title></journal-title-group><issn pub-type="ppub">1553-734X</issn><issn pub-type="epub">1553-7358</issn><publisher><publisher-name>Public Library of Science</publisher-name><publisher-loc>San Francisco, USA</publisher-loc></publisher></journal-meta><article-meta><article-id pub-id-type="accession">PMC1314884</article-id><article-id pub-id-type="pmcid">PMC1314884</article-id><article-id pub-id-type="pmc-uid">1314884</article-id><article-id pub-id-type="pmid">16362074</article-id><article-id pub-id-type="pmid">16362074</article-id><article-id pub-id-type="doi">10.1371/journal.pcbi.0010075</article-id><article-id pub-id-type="publisher-id">05-PLCB-RA-0090R3</article-id><article-id pub-id-type="sici">plcb-01-07-06</article-id><article-categories><subj-group subj-group-type="heading"><subject>Research Article</subject></subj-group><subj-group subj-group-type="Discipline"><subject>Bioinformatics - Computational Biology</subject><subject>Evolution</subject></subj-group><subj-group subj-group-type="System Taxonomy"><subject>None</subject></subj-group></article-categories><title-group><article-title>Genome Trees from Conservation Profiles</article-title><alt-title alt-title-type="running-head">Species Trees from Phylogenetic Profiles</alt-title></title-group><contrib-group><contrib contrib-type="author"><name><surname>Tekaia</surname><given-names>Fredj</given-names></name><xref ref-type="aff" rid="aff1">1</xref><xref ref-type="corresp" rid="cor1">*</xref><xref ref-type="aff" rid="aff1"/></contrib><contrib contrib-type="author"><name><surname>Yeramian</surname><given-names>Edouard</given-names></name><xref ref-type="aff" rid="aff2">2</xref><xref ref-type="aff" rid="aff1"/></contrib></contrib-group><aff id="aff1"><label>1</label> Unité de Génétique Moléculaire des Levures (URA 2171 CNRS and UFR927 Univ. P.M. Curie), Institut Pasteur, Paris, France
</aff><aff id="aff2"><label>2</label> Unité de Bio-Informatique Structurale (URA 2185 CNRS), Institut Pasteur, Paris, France
</aff><contrib-group><contrib contrib-type="editor"><name><surname>Bourne</surname><given-names>Philip</given-names></name><role>Editor</role><xref ref-type="aff" rid="edit1"/></contrib></contrib-group><aff id="edit1">University of California San Diego, United States of America</aff><author-notes><corresp id="cor1">* To whom correspondence should be addressed. E-mail: <email>tekaia@pasteur.fr</email></corresp></author-notes><pub-date pub-type="ppub"><month>12</month><year>2005</year></pub-date><pub-date pub-type="epub"><day>16</day><month>12</month><year>2005</year></pub-date><volume>1</volume><issue>7</issue><elocation-id>e75</elocation-id><history><date date-type="received"><day>2</day><month>5</month><year>2005</year></date><date date-type="accepted"><day>10</day><month>11</month><year>2005</year></date></history><permissions><copyright-statement>Copyright: © 2005 Tekaia and Yeramian.</copyright-statement><copyright-year>2005</copyright-year><license xlink:href="http://creativecommons.org/licenses/by/4.0/"><license-p>This is an open-access article distributed under the terms of the Creative Commons Attribution License, which permits unrestricted use, distribution, and reproduction in any medium, provided the original author and source are properly credited.</license-p></license></permissions><abstract><p>The concept of the genome tree depends on the potential evolutionary significance in the clustering of species according to similarities in the gene content of their genomes. In this respect, genome trees have often been identified with species trees. With the rapid expansion of genome sequence data it becomes of increasing importance to develop accurate methods for grasping global trends for the phylogenetic signals that mutually link the various genomes. We therefore derive here the methodological concept of genome trees based on protein conservation profiles in multiple species. The basic idea in this derivation is that the multi-component “presence-absence” protein conservation profiles permit tracking of common evolutionary histories of genes across multiple genomes. We show that a significant reduction in informational redundancy is achieved by considering only the subset of distinct conservation profiles. Beyond these basic ideas, we point out various pitfalls and limitations associated with the data handling, paving the way for further improvements. As an illustration for the methods, we analyze a genome tree based on the above principles, along with a series of other trees derived from the same data and based on pair-wise comparisons (ancestral duplication-conservation and shared orthologs). In all trees we observe a sharp discrimination between the three primary domains of life: Bacteria, Archaea, and Eukarya. The new genome tree, based on conservation profiles, displays a significant correspondence with classically recognized taxonomical groupings, along with a series of departures from such conventional clusterings.</p></abstract><abstract abstract-type="synopsis"><title>Synopsis</title><p>Since Darwin's <italic>Origin of Species</italic> and Haeckel's <italic>Tree of Life,</italic> systematic biology has attempted to classify species into “family trees.” Genomics has provided a new framework permitting descriptions of sibling relations between species on the basis of their complete genetic blueprints. While trees based on single genes (rRNA), or limited numbers of genes have been useful, genome trees derived from complete genome comparisons should lead to more complete pictures of phylogenetic relations between various organisms. In order to reach such a global vision, procedures to establish sibling relationships should depend on an overall comparison that captures the evolutionary fates of proteins jointly in multiple genomes. This paper aims to establish a methodological basis to use genuine multidimensional procedures in the construction of genome trees. This approach completes the derivation of trees based on more classical techniques of pair-wise comparison between species. The authors survey classification schemes emerging from this approach, which either supports traditional views, such as the separation between the three phylogenetic domains Bacteria, Archaea, and Eukarya, or challenges them by suggesting, for example, intermingled clusterings of Proteobacteria with various other bacterial species.</p></abstract><counts><page-count count="13"/></counts><custom-meta-group><custom-meta><meta-name>Citation:</meta-name><meta-value>Tekaia F, Yeramian E (2005) Genome trees from conservation profiles. PLoS Comput Biol 1(7): e75.</meta-value></custom-meta></custom-meta-group></article-meta></front></article>