<article xmlns="https://jats.nlm.nih.gov/ns/archiving/1.2/" xmlns:xsi="http://www.w3.org/2001/XMLSchema-instance" xmlns:ali="http://www.niso.org/schemas/ali/1.0/" xmlns:mml="http://www.w3.org/1998/Math/MathML" xmlns:xlink="http://www.w3.org/1999/xlink" xsi:schemaLocation="https://jats.nlm.nih.gov/ns/archiving/1.2/ https://jats.nlm.nih.gov/archiving/1.2/xsd/JATS-archivearticle1.xsd" article-type="research-article"><front><journal-meta><journal-id journal-id-type="nlm-ta">PLoS Comput Biol</journal-id><journal-id journal-id-type="iso-abbrev">PLoS Comput. Biol</journal-id><journal-id journal-id-type="publisher-id">pcbi</journal-id><journal-id journal-id-type="publisher-id">plcb</journal-id><journal-id journal-id-type="pmc">ploscomp</journal-id><journal-title-group><journal-title>PLoS Computational Biology</journal-title></journal-title-group><issn pub-type="ppub">1553-734X</issn><issn pub-type="epub">1553-7358</issn><publisher><publisher-name>Public Library of Science</publisher-name><publisher-loc>San Francisco, USA</publisher-loc></publisher></journal-meta><article-meta><article-id pub-id-type="accession">PMC1479086</article-id><article-id pub-id-type="pmcid">PMC1479086</article-id><article-id pub-id-type="pmc-uid">1479086</article-id><article-id pub-id-type="pmid">16789816</article-id><article-id pub-id-type="pmid">16789816</article-id><article-id pub-id-type="doi">10.1371/journal.pcbi.0020064</article-id><article-id pub-id-type="publisher-id">06-PLCB-RA-0012R3</article-id><article-id pub-id-type="sici">plcb-02-06-08</article-id><article-categories><subj-group subj-group-type="heading"><subject>Research Article</subject></subj-group><subj-group subj-group-type="Discipline"><subject>HIV - AIDS</subject><subject>Immunology</subject><subject>Statistics</subject><subject>Virology</subject></subj-group><subj-group subj-group-type="System Taxonomy"><subject>Viruses</subject></subj-group></article-categories><title-group><article-title>On Modeling HIV and T Cells In Vivo: Assessing Causal Estimators in Vaccine Trials</article-title><alt-title alt-title-type="running-head">Modeling Vaccine Efficacy</alt-title></title-group><contrib-group><contrib contrib-type="author"><name><surname>Wick</surname><given-names>W. David</given-names></name><xref ref-type="corresp" rid="cor1">*</xref><xref ref-type="aff" rid="aff1"/></contrib><contrib contrib-type="author"><name><surname>Gilbert</surname><given-names>Peter B</given-names></name><xref ref-type="aff" rid="aff1"/></contrib><contrib contrib-type="author"><name><surname>Self</surname><given-names>Steven G</given-names></name><xref ref-type="aff" rid="aff1"/></contrib></contrib-group><aff id="aff1">Statistical Center for HIV and AIDS Research and Prevention, Fred Hutchinson Cancer Research Center, Seattle, Washington, United States of America</aff><contrib-group><contrib contrib-type="editor"><name><surname>Bonhoeffer</surname><given-names>Sebastion</given-names></name><role>Editor</role><xref ref-type="aff" rid="edit1"/></contrib></contrib-group><aff id="edit1">ETH, Zürich, Switzerland</aff><author-notes><corresp id="cor1">* To whom correspondence should be addressed. E-mail: <email>wick@scharp.org</email></corresp></author-notes><pub-date pub-type="ppub"><month>6</month><year>2006</year></pub-date><pub-date pub-type="epub"><day>16</day><month>6</month><year>2006</year></pub-date><pub-date pub-type="epreprint"><day>24</day><month>4</month><year>2006</year></pub-date><volume>2</volume><issue>6</issue><elocation-id>e64</elocation-id><history><date date-type="received"><day>10</day><month>1</month><year>2006</year></date><date date-type="accepted"><day>10</day><month>4</month><year>2006</year></date></history><permissions><copyright-statement> © 2006 Wick et al.</copyright-statement><copyright-year>2006</copyright-year><license xlink:href="http://creativecommons.org/licenses/by/4.0/"><license-p>This is an open-access article distributed under the terms of the Creative Commons Attribution License, which permits unrestricted use, distribution, and reproduction in any medium, provided the original author and source are properly credited.</license-p></license></permissions><!--<related-article preprintresearch10.1371/journal.pcbi.0020064.eorsimple>On Modeling HIV and T Cells In Vivo: Assessing Causal Estimators in Vaccine Trials</related-article>--><abstract><p>The first efficacy trials—named STEP—of a T cell vaccine against HIV/AIDS began in 2004. The unprecedented structure of these trials raised new modeling and statistical challenges. Is it plausible that memory T cells, as opposed to antibodies, can actually prevent infection? If they fail at prevention, to what extent can they ameliorate disease? And how do we estimate efficacy in a vaccine trial with two primary endpoints, one traditional, one entirely novel (viral load after infection), and where the latter may be influenced by selection bias due to the former? In preparation for the STEP trials, biostatisticians developed novel techniques for estimating a causal effect of a vaccine on viral load, while accounting for post-randomization selection bias. But these techniques have not been tested in biologically plausible scenarios. We introduce new stochastic models of T cell and HIV kinetics, making use of new estimates of the rate that cytotoxic T lymphocytes—CTLs; the so-called killer T cells—can kill HIV-infected cells. Based on these models, we make the surprising discovery that it is not entirely implausible that HIV-specific CTLs might prevent infection—as the designers explicitly acknowledged when they chose the endpoints of the STEP trials. By simulating thousands of trials, we demonstrate that the new statistical methods can correctly identify an efficacious vaccine, while protecting against a false conclusion that the vaccine exacerbates disease. In addition to uncovering a surprising immunological scenario, our results illustrate the utility of mechanistic modeling in biostatistics.</p></abstract><abstract abstract-type="synopsis"><title>Synopsis</title><p>In traditional biostatistics, mechanistic modeling of the relevant biology usually plays no role, because regulatory agencies will not, quite understandably, license vaccines or drugs on the basis of theories. But the second wave of trials of HIV vaccines will test two conjectures simultaneously. The theoretical possibility that these new, nonclassical, T cell–directed vaccines will prevent some infections while only ameliorating disease in others required biostatisticians to invent new ways of estimating vaccine efficacy. When only the one traditional endpoint—infection—is analyzed, the randomization to vaccine or placebo groups protects against bias. But the new techniques required input from experts on the plausible range of bias introduced by post-randomization selection (by infected state) for the second analysis. Here mechanistic modeling can play a role in evaluating the statistical methodology in biologically plausible settings. By simulating thousands of trials using their models, Wick, Gilbert, and Self were able to demonstrate that the methods protected from falsely concluding a harmful effect of the vaccine on disease. They also noted that the so-called killer T cells, as opposed to antibodies raised by a traditional vaccine, may actually be able to prevent some infections—a conclusion rather surprising for most immunologists and virologists, but which had to be allowed for when designing the vaccine trials.</p></abstract><counts><page-count count="10"/></counts><custom-meta-group><custom-meta><meta-name>citation</meta-name><meta-value>Wick WD, Gilbert PB, Self SG (2006) On modeling HIV and T cells in vivo: Assessing causal estimators in vaccine trials. PLoS Comput Biol 2(6): e64. DOI: <ext-link ext-link-type="doi" xlink:href="10.1371/journal.pcbi.0020064">10.1371/journal.pcbi.0020064</ext-link></meta-value></custom-meta></custom-meta-group></article-meta></front></article>