<article xmlns="https://jats.nlm.nih.gov/ns/archiving/1.2/" xmlns:xsi="http://www.w3.org/2001/XMLSchema-instance" xmlns:ali="http://www.niso.org/schemas/ali/1.0/" xmlns:mml="http://www.w3.org/1998/Math/MathML" xmlns:xlink="http://www.w3.org/1999/xlink" xsi:schemaLocation="https://jats.nlm.nih.gov/ns/archiving/1.2/ https://jats.nlm.nih.gov/archiving/1.2/xsd/JATS-archivearticle1.xsd" article-type="research-article"><front><journal-meta><journal-id journal-id-type="nlm-ta">PLoS Comput Biol</journal-id><journal-id journal-id-type="iso-abbrev">PLoS Comput. Biol</journal-id><journal-id journal-id-type="publisher-id">pcbi</journal-id><journal-id journal-id-type="publisher-id">plcb</journal-id><journal-id journal-id-type="pmc">ploscomp</journal-id><journal-title-group><journal-title>PLoS Computational Biology</journal-title></journal-title-group><issn pub-type="ppub">1553-734X</issn><issn pub-type="epub">1553-7358</issn><publisher><publisher-name>Public Library of Science</publisher-name></publisher></journal-meta><article-meta><article-id pub-id-type="accession">PMC1183516</article-id><article-id pub-id-type="pmcid">PMC1183516</article-id><article-id pub-id-type="pmc-uid">1183516</article-id><article-id pub-id-type="pmid">16103899</article-id><article-id pub-id-type="pmid">16103899</article-id><article-id pub-id-type="doi">10.1371/journal.pcbi.0010010</article-id><article-id pub-id-type="publisher-id">05-PLCB-RA-0018R2</article-id><article-id pub-id-type="sici">plcb-01-01-08</article-id><article-categories><subj-group subj-group-type="heading"><subject>Research Article</subject></subj-group><subj-group subj-group-type="Discipline"><subject>Bioinformatics - Computational Biology</subject></subj-group><subj-group subj-group-type="System Taxonomy"><subject>None</subject></subj-group></article-categories><title-group><article-title>Extraction of Transcript Diversity from Scientific Literature</article-title><alt-title alt-title-type="running-head">Text Mining for Alternative Transcripts</alt-title></title-group><contrib-group><contrib contrib-type="author"><name><surname>Shah</surname><given-names>Parantu K</given-names></name><xref ref-type="aff" rid="aff1">1</xref><xref ref-type="aff" rid="aff2">2</xref></contrib><contrib contrib-type="author"><name><surname>Jensen</surname><given-names>Lars J</given-names></name><xref ref-type="aff" rid="aff1">1</xref></contrib><contrib contrib-type="author"><name><surname>Boué</surname><given-names>Stéphanie</given-names></name><xref ref-type="aff" rid="aff1">1</xref></contrib><contrib contrib-type="author"><name><surname>Bork</surname><given-names>Peer</given-names></name><xref ref-type="aff" rid="aff1">1</xref><xref ref-type="aff" rid="aff2">2</xref><xref ref-type="corresp" rid="cor1">*</xref></contrib></contrib-group><aff id="aff1"><label>1</label> Structural and Computational Biology Program, European Molecular Biology Laboratory, Heidelberg, Germany
</aff><aff id="aff2"><label>2</label> Max Delbrück Centre for Molecular Medicine, Berlin-Buch, Germany
</aff><contrib-group><contrib contrib-type="editor"><name><surname>Bourne</surname><given-names>Philip</given-names></name><role>Editor</role><xref ref-type="aff" rid="edit1"/></contrib></contrib-group><aff id="edit1">University of California at San Diego, United States of America</aff><author-notes><corresp id="cor1">* To whom correspondence should be addressed. E-mail: <email>bork@embl.de</email></corresp></author-notes><pub-date pub-type="ppub"><month>6</month><year>2005</year></pub-date><pub-date pub-type="epub"><day>24</day><month>6</month><year>2005</year></pub-date><volume>1</volume><issue>1</issue><elocation-id>e10</elocation-id><history><date date-type="received"><day>1</day><month>2</month><year>2005</year></date><date date-type="accepted"><day>21</day><month>5</month><year>2005</year></date></history><permissions><copyright-statement>Copyright: © 2005 Shah et al.</copyright-statement><copyright-year>2005</copyright-year><license xlink:href="http://creativecommons.org/licenses/by/4.0/"><license-p>This is an open-access article distributed under the terms of the Creative Commons Attribution License, which permits unrestricted use, distribution, and reproduction in any medium, provided the original author and source are properly credited.</license-p></license></permissions><abstract><p>Transcript diversity generated by alternative splicing and associated mechanisms contributes heavily to the functional complexity of biological systems. The numerous examples of the mechanisms and functional implications of these events are scattered throughout the scientific literature. Thus, it is crucial to have a tool that can automatically extract the relevant facts and collect them in a knowledge base that can aid the interpretation of data from high-throughput methods. We have developed and applied a composite text-mining method for extracting information on transcript diversity from the entire MEDLINE database in order to create a database of genes with alternative transcripts. It contains information on tissue specificity, number of isoforms, causative mechanisms, functional implications, and experimental methods used for detection. We have mined this resource to identify 959 instances of tissue-specific splicing. Our results in combination with those from EST-based methods suggest that alternative splicing is the preferred mechanism for generating transcript diversity in the nervous system. We provide new annotations for 1,860 genes with the potential for generating transcript diversity. We assign the MeSH term “alternative splicing” to 1,536 additional abstracts in the MEDLINE database and suggest new MeSH terms for other events. We have successfully extracted information about transcript diversity and semiautomatically generated a database, LSAT, that can provide a quantitative understanding of the mechanisms behind tissue-specific gene expression. LSAT (Literature Support for Alternative Transcripts) is publicly available at <ext-link ext-link-type="uri" xlink:href="http://www.bork.embl.de/LSAT/">http://www.bork.embl.de/LSAT/</ext-link>.</p></abstract><abstract abstract-type="synopsis"><title>Synopsis</title><sec id="st1"><title/><p>Given the functional complexity of higher eukaryotes, the relatively small number of genes in the human and other mammalian genomes came as a surprise to the scientific community. Later it was discovered that the majority of genes are subject to alternative splicing (“cutting and pasting”) or associated mechanisms that ultimately increase the diversity of transcripts that code for proteins. Studies exploring transcript diversity are currently dominated by high-throughput experiments and computational methods; however, the quality of such data should be assessed against a reliable reference set based on single-gene studies. Unfortunately, the latter type of information is scattered throughout the scientific literature. The authors have thus developed a computational approach for extracting information on alternative transcripts from MEDLINE abstracts and used it to create a database, LSAT. LSAT (Literature Support for Alternative Transcripts) provides information for more than 4,000 genes from about 14,000 abstracts. This database can provide a quantitative understanding of the mechanisms behind tissue-specific gene expression based on single-gene studies, which we show agrees well with EST-based studies (these studies involve tissue-specific splicing detected by the analysis of libraries of expressed sequence tags [ESTs]). These results indicate that mechanisms like alternative splicing, alternative promoters, and alternative polyadenylation work in concert to generate and regulate transcript diversity. More generally, information extraction of complex biological process seems feasible and can also complement large-scale data generation in other areas to assign functions to genes.</p></sec></abstract><counts><page-count count="7"/></counts><custom-meta-group><custom-meta><meta-name>Citation:</meta-name><meta-value>Shah PK, Jensen LJ, Boué S, Bork P (2005) Extraction of transcript diversity from scientific literature. PLoS Comput Biol 1(1): e10.</meta-value></custom-meta></custom-meta-group></article-meta></front></article>