<article xmlns="https://jats.nlm.nih.gov/ns/archiving/1.2/" xmlns:xsi="http://www.w3.org/2001/XMLSchema-instance" xmlns:ali="http://www.niso.org/schemas/ali/1.0/" xmlns:mml="http://www.w3.org/1998/Math/MathML" xmlns:xlink="http://www.w3.org/1999/xlink" xsi:schemaLocation="https://jats.nlm.nih.gov/ns/archiving/1.2/ https://jats.nlm.nih.gov/archiving/1.2/xsd/JATS-archivearticle1.xsd" article-type="research-article"><front><journal-meta><journal-id journal-id-type="nlm-ta">PLoS Comput Biol</journal-id><journal-id journal-id-type="iso-abbrev">PLoS Comput. Biol</journal-id><journal-id journal-id-type="publisher-id">pcbi</journal-id><journal-id journal-id-type="publisher-id">plcb</journal-id><journal-id journal-id-type="pmc">ploscomp</journal-id><journal-title-group><journal-title>PLoS Computational Biology</journal-title></journal-title-group><issn pub-type="ppub">1553-734X</issn><issn pub-type="epub">1553-7358</issn><publisher><publisher-name>Public Library of Science</publisher-name><publisher-loc>San Francisco, USA</publisher-loc></publisher></journal-meta><article-meta><article-id pub-id-type="accession">PMC1475715</article-id><article-id pub-id-type="pmcid">PMC1475715</article-id><article-id pub-id-type="pmc-uid">1475715</article-id><article-id pub-id-type="pmid">16789822</article-id><article-id pub-id-type="pmid">16789822</article-id><article-id pub-id-type="doi">10.1371/journal.pcbi.0020056</article-id><article-id pub-id-type="publisher-id">05-PLCB-RA-0324R2</article-id><article-id pub-id-type="sici">plcb-02-06-02</article-id><article-categories><subj-group subj-group-type="heading"><subject>Research Article</subject></subj-group><subj-group subj-group-type="Discipline"><subject>Bioinformatics - Computational Biology</subject><subject>Development</subject></subj-group><subj-group subj-group-type="System Taxonomy"><subject>Eukaryotes</subject></subj-group></article-categories><title-group><article-title>Moving Forward Moving Backward: Directional Sorting of Chemotactic Cells due to Size and Adhesion Differences</article-title><alt-title alt-title-type="running-head">Directional Cell Sorting</alt-title></title-group><contrib-group><contrib contrib-type="author"><name><surname>Käfer</surname><given-names>Jos</given-names></name><xref ref-type="author-notes" rid="n104">¤</xref><xref ref-type="aff" rid="aff1"/></contrib><contrib contrib-type="author"><name><surname>Hogeweg</surname><given-names>Paulien</given-names></name><xref ref-type="aff" rid="aff1"/></contrib><contrib contrib-type="author"><name><surname>Marée</surname><given-names>Athanasius F. M</given-names></name><xref ref-type="corresp" rid="cor1">*</xref><xref ref-type="aff" rid="aff1"/></contrib></contrib-group><aff id="aff1">Theoretical Biology and Bioinformatics, Utrecht University, Utrecht, Netherlands</aff><contrib-group><contrib contrib-type="editor"><name><surname>Steinberg</surname><given-names>Malcolm</given-names></name><role>Editor</role><xref ref-type="aff" rid="edit1"/></contrib></contrib-group><aff id="edit1">Princeton University, United States of America</aff><author-notes><corresp id="cor1">* To whom correspondence should be addressed. E-mail: <email>A.F.M.Maree@bio.uu.nl</email></corresp><fn id="n104" fn-type="present-address"><p>¤ Current address: Laboratoire de Spectrométrie Physique, CNRS/Université Joseph Fourier, Grenoble, France</p></fn></author-notes><pub-date pub-type="ppub"><month>6</month><year>2006</year></pub-date><pub-date pub-type="epub"><day>9</day><month>6</month><year>2006</year></pub-date><volume>2</volume><issue>6</issue><elocation-id>e56</elocation-id><history><date date-type="received"><day>14</day><month>11</month><year>2005</year></date><date date-type="accepted"><day>10</day><month>4</month><year>2006</year></date></history><permissions><copyright-statement> © 2006 Käfer et al.</copyright-statement><copyright-year>2006</copyright-year><license xlink:href="http://creativecommons.org/licenses/by/4.0/"><license-p>This is an open-access article distributed under the terms of the Creative Commons Attribution License, which permits unrestricted use, distribution, and reproduction in any medium, provided the original author and source are properly credited.</license-p></license></permissions><abstract><p>Differential movement of individual cells within tissues is an important yet poorly understood process in biological development. Here we present a computational study of cell sorting caused by a combination of cell adhesion and chemotaxis, where we assume that all cells respond equally to the chemotactic signal. To capture in our model mesoscopic properties of biological cells, such as their size and deformability, we use the Cellular Potts Model, a multiscale, cell-based Monte Carlo model. We demonstrate a rich array of cell-sorting phenomena, which depend on a combination of mescoscopic cell properties and tissue level constraints. Under the conditions studied, cell sorting is a fast process, which scales linearly with tissue size. We demonstrate the occurrence of “absolute negative mobility”, which means that cells may move in the direction opposite to the applied force (here chemotaxis). Moreover, during the sorting, cells may even reverse the direction of motion. Another interesting phenomenon is “minority sorting”, where the direction of movement does not depend on cell type, but on the frequency of the cell type in the tissue. A special case is the cAMP-wave-driven chemotaxis of <italic>Dictyostelium</italic> cells, which generates pressure waves that guide the sorting. The mechanisms we describe can easily be overlooked in studies of differential cell movement, hence certain experimental observations may be misinterpreted.</p></abstract><abstract abstract-type="synopsis"><title>Synopsis</title><p>The movements of biological cells during the development of an organism depend on the physical characteristics of these cells. Genetic regulation of (developmental) cell movements, in order to have an effect, must operate through or in accordance with these physical properties. With this framework in mind, the authors use a computational model to investigate the interaction of two important phenomena, namely differential adhesion and chemotaxis. Authors Käfer, Hogeweg, and Marée show that this interaction leads to fast cell sorting, a process during which the cells actually move in a specific direction, which can even be opposite to the direction of chemotaxis. The direction of motion does not only depend on intrinsic cell properties (such as cell size or the strength of the homotypic and heterotypic bonds) but also on the pattern formation that takes place during the sorting, as well as on general tissue properties. For example, both the formation of cell clusters and the level of confinement of the tissue can completely turn around the direction of sorting. The authors demonstrate that to fully understand cell tissue dynamics, it is essential to take into account mesoscopic cell properties, such as size, shape, and deformability. Because physically driven processes can profoundly influence the movement of biological cells, this should not be neglected in explanations for observed cell movement patterns.</p></abstract><counts><page-count count="12"/></counts><custom-meta-group><custom-meta><meta-name>citation</meta-name><meta-value>Käfer J, Hogeweg P, Marée AFM (2006) Moving forward moving backward: Directional sorting of chemotactic cells due to size and adhesion differences. PLoS Comput Biol 2(6): e56. DOI: <ext-link ext-link-type="doi" xlink:href="10.1371/journal.pcbi.0020056">10.1371/journal.pcbi.0020056</ext-link></meta-value></custom-meta></custom-meta-group></article-meta></front></article>