<article xmlns="https://jats.nlm.nih.gov/ns/archiving/1.2/" xmlns:xsi="http://www.w3.org/2001/XMLSchema-instance" xmlns:ali="http://www.niso.org/schemas/ali/1.0/" xmlns:mml="http://www.w3.org/1998/Math/MathML" xmlns:xlink="http://www.w3.org/1999/xlink" xsi:schemaLocation="https://jats.nlm.nih.gov/ns/archiving/1.2/ https://jats.nlm.nih.gov/archiving/1.2/xsd/JATS-archivearticle1.xsd" article-type="research-article"><front><journal-meta><journal-id journal-id-type="nlm-ta">PLoS Comput Biol</journal-id><journal-id journal-id-type="iso-abbrev">PLoS Comput. Biol</journal-id><journal-id journal-id-type="publisher-id">pcbi</journal-id><journal-id journal-id-type="publisher-id">plcb</journal-id><journal-id journal-id-type="pmc">ploscomp</journal-id><journal-title-group><journal-title>PLoS Computational Biology</journal-title></journal-title-group><issn pub-type="ppub">1553-734X</issn><issn pub-type="epub">1553-7358</issn><publisher><publisher-name>Public Library of Science</publisher-name><publisher-loc>San Francisco, USA</publisher-loc></publisher></journal-meta><article-meta><article-id pub-id-type="accession">PMC2041979</article-id><article-id pub-id-type="pmcid">PMC2041979</article-id><article-id pub-id-type="pmc-uid">2041979</article-id><article-id pub-id-type="pmid">17967053</article-id><article-id pub-id-type="doi">10.1371/journal.pcbi.0030206</article-id><article-id pub-id-type="publisher-id">07-PLCB-RA-0100R3</article-id><article-id pub-id-type="sici">plcb-03-10-14</article-id><article-categories><subj-group subj-group-type="heading"><subject>Research Article</subject></subj-group><subj-group subj-group-type="Discipline"><subject>Computational Biology</subject><subject>Molecular Biology</subject></subj-group><subj-group subj-group-type="System Taxonomy"><subject>Eukaryotes</subject><subject>Animals</subject><subject>Vertebrates</subject><subject>Mammals</subject><subject>Mus (Mouse)</subject></subj-group></article-categories><title-group><article-title>Construction, Visualisation, and Clustering of Transcription Networks from Microarray Expression Data</article-title><alt-title alt-title-type="running-head">Network Analysis of Transcriptomics Data</alt-title></title-group><contrib-group><contrib contrib-type="author"><name><surname>Freeman</surname><given-names>Tom C</given-names></name><xref ref-type="aff" rid="aff1">1</xref><xref ref-type="aff" rid="aff2">2</xref><xref ref-type="corresp" rid="cor1">*</xref></contrib><contrib contrib-type="author"><name><surname>Goldovsky</surname><given-names>Leon</given-names></name><xref ref-type="aff" rid="aff3">3</xref><xref ref-type="fn" rid="n103">¤</xref></contrib><contrib contrib-type="author"><name><surname>Brosch</surname><given-names>Markus</given-names></name><xref ref-type="aff" rid="aff2">2</xref></contrib><contrib contrib-type="author"><name><surname>van Dongen</surname><given-names>Stijn</given-names></name><xref ref-type="aff" rid="aff2">2</xref></contrib><contrib contrib-type="author"><name><surname>Mazière</surname><given-names>Pierre</given-names></name><xref ref-type="aff" rid="aff2">2</xref></contrib><contrib contrib-type="author"><name><surname>Grocock</surname><given-names>Russell J</given-names></name><xref ref-type="aff" rid="aff2">2</xref></contrib><contrib contrib-type="author"><name><surname>Freilich</surname><given-names>Shiri</given-names></name><xref ref-type="aff" rid="aff3">3</xref><xref ref-type="fn" rid="n103">¤</xref></contrib><contrib contrib-type="author"><name><surname>Thornton</surname><given-names>Janet</given-names></name><xref ref-type="aff" rid="aff3">3</xref></contrib><contrib contrib-type="author"><name><surname>Enright</surname><given-names>Anton J</given-names></name><xref ref-type="aff" rid="aff2">2</xref><xref ref-type="corresp" rid="cor1">*</xref></contrib></contrib-group><aff id="aff1"><label>1</label> Division of Pathway Medicine, University of Edinburgh Medical School, Edinburgh, United Kingdom
</aff><aff id="aff2"><label>2</label> Wellcome Trust Sanger Institute, Hinxton, Cambridge, United Kingdom
</aff><aff id="aff3"><label>3</label> European Bioinformatics Institute, Hinxton, Cambridge, United Kingdom
</aff><contrib-group><contrib contrib-type="editor"><name><surname>Robertson</surname><given-names>David L</given-names></name><role>Editor</role><xref ref-type="aff" rid="edit1"/></contrib></contrib-group><aff id="edit1">University of Manchester, United Kingdom</aff><author-notes><corresp id="cor1">* To whom correspondence should be addressed. E-mail: <email>tfreeman@staffmail.ed.ac.uk</email> (TCF); <email>aje@sanger.ac.uk</email> (AJE)</corresp></author-notes><pub-date pub-type="ppub"><month>10</month><year>2007</year></pub-date><pub-date pub-type="epub"><day>26</day><month>10</month><year>2007</year></pub-date><volume>3</volume><issue>10</issue><elocation-id>e206</elocation-id><history><date date-type="received"><day>27</day><month>2</month><year>2007</year></date><date date-type="accepted"><day>5</day><month>9</month><year>2007</year></date></history><permissions><copyright-statement> © 2007 Freeman et al.</copyright-statement><copyright-year>2007</copyright-year><license xlink:href="http://creativecommons.org/licenses/by/4.0/"><license-p>This is an open-access article distributed under the terms of the Creative Commons Attribution License, which permits unrestricted use, distribution, and reproduction in any medium, provided the original author and source are properly credited.</license-p></license></permissions><abstract><p>Network analysis transcends conventional pairwise approaches to data analysis as the context of components in a network graph can be taken into account. Such approaches are increasingly being applied to genomics data, where functional linkages are used to connect genes or proteins. However, while microarray gene expression datasets are now abundant and of high quality, few approaches have been developed for analysis of such data in a network context. We present a novel approach for 3-D visualisation and analysis of transcriptional networks generated from microarray data. These networks consist of nodes representing transcripts connected by virtue of their expression profile similarity across multiple conditions. Analysing genome-wide gene transcription across 61 mouse tissues, we describe the unusual topography of the large and highly structured networks produced, and demonstrate how they can be used to visualise, cluster, and mine large datasets. This approach is fast, intuitive, and versatile, and allows the identification of biological relationships that may be missed by conventional analysis techniques. This work has been implemented in a freely available open-source application named BioLayout <italic>Express</italic>
<sup>3D</sup>.</p></abstract><abstract abstract-type="summary"><title>Author Summary</title><sec id="st1"><title/><p>This paper describes a novel approach for analysis of gene expression data. In this approach, normalized gene expression data is transformed into a graph where nodes in the graph represent transcripts connected to each other by virtue of their coexpression across multiple tissues or samples. The graph paradigm has many advantages for such analyses. Graph clustering of the derived network performs extremely well in comparison to traditional pairwise schemes. We show that this approach is robust and able to accommodate large datasets such as the Genomics Institute of the Novartis Research Foundation mouse tissue atlas. The entire approach and algorithms are combined into a single open-source JAVA application that allows users to perform this analysis and further mining on their own data and to visualize the results interactively in 3-D. The approach is not limited to gene expression data but would also be useful for other complex biological datasets. We use the method to investigate the relationship between the phylogenetic age of transcripts and their tissue specificity.</p></sec></abstract><counts><page-count count="11"/></counts><custom-meta-group><custom-meta><meta-name>citation</meta-name><meta-value>Freeman TC, Goldovsky L, Brosch M, van Dongen S, Mazière P, et al. (2007) Construction, visualisation, and clustering of transcription networks from microarray expression data. PLoS Comput Biol 3(10): e206. doi:<ext-link ext-link-type="doi" xlink:href="10.1371/journal.pcbi.0030206">10.1371/journal.pcbi.0030206</ext-link></meta-value></custom-meta></custom-meta-group></article-meta></front></article>