<article xmlns="https://jats.nlm.nih.gov/ns/archiving/1.2/" xmlns:xsi="http://www.w3.org/2001/XMLSchema-instance" xmlns:ali="http://www.niso.org/schemas/ali/1.0/" xmlns:mml="http://www.w3.org/1998/Math/MathML" xmlns:xlink="http://www.w3.org/1999/xlink" xsi:schemaLocation="https://jats.nlm.nih.gov/ns/archiving/1.2/ https://jats.nlm.nih.gov/archiving/1.2/xsd/JATS-archivearticle1.xsd" article-type="research-article"><front><journal-meta><journal-id journal-id-type="nlm-ta">PLoS Comput Biol</journal-id><journal-id journal-id-type="iso-abbrev">PLoS Comput. Biol</journal-id><journal-id journal-id-type="publisher-id">pcbi</journal-id><journal-id journal-id-type="publisher-id">plcb</journal-id><journal-id journal-id-type="pmc">ploscomp</journal-id><journal-title-group><journal-title>PLoS Computational Biology</journal-title></journal-title-group><issn pub-type="ppub">1553-734X</issn><issn pub-type="epub">1553-7358</issn><publisher><publisher-name>Public Library of Science</publisher-name><publisher-loc>San Francisco, USA</publisher-loc></publisher></journal-meta><article-meta><article-id pub-id-type="accession">PMC2082503</article-id><article-id pub-id-type="pmcid">PMC2082503</article-id><article-id pub-id-type="pmc-uid">2082503</article-id><article-id pub-id-type="pmid">18039026</article-id><article-id pub-id-type="pmid">18039026</article-id><article-id pub-id-type="doi">10.1371/journal.pcbi.0030214</article-id><article-id pub-id-type="publisher-id">06-PLCB-RA-0398R2</article-id><article-id pub-id-type="sici">plcb-03-11-19</article-id><article-categories><subj-group subj-group-type="heading"><subject>Research Article</subject></subj-group><subj-group subj-group-type="Discipline"><subject>Computational Biology</subject><subject>Mathematics</subject></subj-group><subj-group subj-group-type="System Taxonomy"><subject>Saccharomyces</subject><subject>Caenorhabditis</subject><subject>Drosophila</subject></subj-group></article-categories><title-group><article-title>Where Have All the Interactions Gone? Estimating the Coverage of Two-Hybrid Protein Interaction Maps</article-title><alt-title alt-title-type="running-head">Estimating Coverage</alt-title></title-group><contrib-group><contrib contrib-type="author"><name><surname>Huang</surname><given-names>Hailiang</given-names></name><xref ref-type="aff" rid="aff1">1</xref></contrib><contrib contrib-type="author"><name><surname>Jedynak</surname><given-names>Bruno M</given-names></name><xref ref-type="aff" rid="aff2">2</xref><xref ref-type="aff" rid="aff3">3</xref></contrib><contrib contrib-type="author"><name><surname>Bader</surname><given-names>Joel S</given-names></name><xref ref-type="aff" rid="aff1">1</xref><xref ref-type="aff" rid="aff4">4</xref><xref ref-type="corresp" rid="cor1">*</xref></contrib></contrib-group><aff id="aff1"><label>1</label> Department of Biomedical Engineering, Johns Hopkins University, Baltimore, Maryland, United States of America
</aff><aff id="aff2"><label>2</label> Department of Applied Mathematics and Statistics, Johns Hopkins University, Baltimore, Maryland, United States of America
</aff><aff id="aff3"><label>3</label> Laboratoire de Mathématiques Paul Painlevé, USTL, Villeneuve d'Ascq, France
</aff><aff id="aff4"><label>4</label> High-Throughput Biology Center, Johns Hopkins School of Medicine, Baltimore, Maryland, United States of America
</aff><contrib-group><contrib contrib-type="editor"><name><surname>Russell</surname><given-names>Robert B</given-names></name><role>Editor</role><xref ref-type="aff" rid="edit1"/></contrib></contrib-group><aff id="edit1">European Molecular Biology Laboratory, Germany</aff><author-notes><corresp id="cor1">* To whom correspondence should be addressed. E-mail: <email>joel.bader@jhu.edu</email></corresp></author-notes><pub-date pub-type="ppub"><month>11</month><year>2007</year></pub-date><pub-date pub-type="epub"><day>23</day><month>11</month><year>2007</year></pub-date><pub-date pub-type="epreprint"><day>21</day><month>9</month><year>2007</year></pub-date><volume>3</volume><issue>11</issue><elocation-id>e214</elocation-id><history><date date-type="received"><day>15</day><month>9</month><year>2006</year></date><date date-type="accepted"><day>20</day><month>9</month><year>2007</year></date></history><permissions><copyright-statement> © 2007 Huang et al.</copyright-statement><copyright-year>2007</copyright-year><license xlink:href="http://creativecommons.org/licenses/by/4.0/"><license-p>This is an open-access article distributed under the terms of the Creative Commons Attribution License, which permits unrestricted use, distribution, and reproduction in any medium, provided the original author and source are properly credited.</license-p></license></permissions><!--<related-article preprintResearch Article10.1371/journal.pcbi.0030214.eorRA1doisimple>Where Have All the Interactions Gone? Estimating the Coverage of Two-Hybrid Protein Interaction Maps</related-article>--><abstract><p>Yeast two-hybrid screens are an important method for mapping pairwise physical interactions between proteins. The fraction of interactions detected in independent screens can be very small, and an outstanding challenge is to determine the reason for the low overlap. Low overlap can arise from either a high false-discovery rate (interaction sets have low overlap because each set is contaminated by a large number of stochastic false-positive interactions) or a high false-negative rate (interaction sets have low overlap because each misses many true interactions). We extend capture–recapture theory to provide the first unified model for false-positive and false-negative rates for two-hybrid screens. Analysis of yeast, worm, and fly data indicates that 25% to 45% of the reported interactions are likely false positives. Membrane proteins have higher false-discovery rates on average, and signal transduction proteins have lower rates. The overall false-negative rate ranges from 75% for worm to 90% for fly, which arises from a roughly 50% false-negative rate due to statistical undersampling and a 55% to 85% false-negative rate due to proteins that appear to be systematically lost from the assays. Finally, statistical model selection conclusively rejects the Erdös-Rényi network model in favor of the power law model for yeast and the truncated power law for worm and fly degree distributions. Much as genome sequencing coverage estimates were essential for planning the human genome sequencing project, the coverage estimates developed here will be valuable for guiding future proteomic screens. All software and datasets are available in <xref ref-type="supplementary-material" rid="pcbi-0030214-sd001">Datasets S1</xref> and <xref ref-type="supplementary-material" rid="pcbi-0030214-sd002">S2</xref>, <xref ref-type="supplementary-material" rid="pcbi-0030214-sg001">Figures S1</xref>–<xref ref-type="supplementary-material" rid="pcbi-0030214-sg005">S5</xref>, and <xref ref-type="supplementary-material" rid="pcbi-0030214-st001">Tables S1</xref>−<xref ref-type="supplementary-material" rid="pcbi-0030214-st006">S6</xref>, and are also available from our Web site, <ext-link ext-link-type="uri" xlink:href="http://www.baderzone.org">http://www.baderzone.org</ext-link>.</p></abstract><abstract abstract-type="summary"><title>Author Summary</title><sec id="st1"><title/><p>The genome sequence of an organism provides a parts list of proteins, but not an instruction manual for assembling the parts into a cell. Assembly instructions now come from experiments such as two-hybrid screens that detect physical interactions between pairs of proteins. Defining the resources required for generating a full interaction map requires accurate estimates of the false-negative and false-positive rates of genome-scale screens. Two-hybrid screens often select a query protein and sample its interaction partners. True partners may be missed, and false partners may be spuriously identified. This sampling process resembles a capture–recapture experiment, except that classical capture–recapture theory assumes no false positives. Novel extensions to capture–recapture theory permit its application to proteomic screens. This new theory provides statistically grounded answers to long-standing questions: false-discovery rates of high-throughput screens (possibly over 50% per unique interaction, but probably no more than 15% per clone); the quality of different screening libraries; protein properties leading to “sticky” or “promiscuous” interactions; the global network topology; and, most importantly, the coverage of existing two-hybrid maps. Models estimate roughly 30,000 total pairwise interactions in yeast and 500,000 to 1,000,000 in metazoans. The majority of these interactions remain to be discovered.</p></sec></abstract><counts><page-count count="20"/></counts><custom-meta-group><custom-meta><meta-name>citation</meta-name><meta-value>Huang H, Jedynak BM, Bader JS (2007) Where have all the interactions gone? Estimating the coverage of two-hybrid protein interaction maps. PLoS Comput Biol 3(11): e214. doi:<ext-link ext-link-type="doi" xlink:href="10.1371/journal.pcbi.0030214">10.1371/journal.pcbi.0030214</ext-link></meta-value></custom-meta></custom-meta-group></article-meta></front></article>