<article xmlns="https://jats.nlm.nih.gov/ns/archiving/1.2/" xmlns:xsi="http://www.w3.org/2001/XMLSchema-instance" xmlns:ali="http://www.niso.org/schemas/ali/1.0/" xmlns:mml="http://www.w3.org/1998/Math/MathML" xmlns:xlink="http://www.w3.org/1999/xlink" xsi:schemaLocation="https://jats.nlm.nih.gov/ns/archiving/1.2/ https://jats.nlm.nih.gov/archiving/1.2/xsd/JATS-archivearticle1.xsd" article-type="research-article"><front><journal-meta><journal-id journal-id-type="nlm-ta">PLoS Comput Biol</journal-id><journal-id journal-id-type="iso-abbrev">PLoS Comput. Biol</journal-id><journal-id journal-id-type="publisher-id">pcbi</journal-id><journal-id journal-id-type="publisher-id">plcb</journal-id><journal-id journal-id-type="pmc">ploscomp</journal-id><journal-title-group><journal-title>PLoS Computational Biology</journal-title></journal-title-group><issn pub-type="ppub">1553-734X</issn><issn pub-type="epub">1553-7358</issn><publisher><publisher-name>Public Library of Science</publisher-name><publisher-loc>San Francisco, USA</publisher-loc></publisher></journal-meta><article-meta><article-id pub-id-type="accession">PMC2065887</article-id><article-id pub-id-type="pmcid">PMC2065887</article-id><article-id pub-id-type="pmc-uid">2065887</article-id><article-id pub-id-type="pmid">17997599</article-id><article-id pub-id-type="pmid">17997599</article-id><article-id pub-id-type="doi">10.1371/journal.pcbi.0030228</article-id><article-id pub-id-type="publisher-id">07-PLCB-RA-0373R2</article-id><article-id pub-id-type="sici">plcb-03-11-14</article-id><article-categories><subj-group subj-group-type="heading"><subject>Research Article</subject></subj-group><subj-group subj-group-type="Discipline"><subject>Neuroscience</subject></subj-group><subj-group subj-group-type="System Taxonomy"><subject>Homo (Human)</subject><subject>Schizophrenia</subject><subject>Attractor Networks</subject><subject>Neuronal Networks</subject><subject>Spiking Dynamics</subject></subj-group></article-categories><title-group><article-title>A Dynamical Systems Hypothesis of Schizophrenia</article-title><alt-title alt-title-type="running-head">Schizophrenia</alt-title></title-group><contrib-group><contrib contrib-type="author"><name><surname>Loh</surname><given-names>Marco</given-names></name><xref ref-type="aff" rid="aff1">1</xref></contrib><contrib contrib-type="author"><name><surname>Rolls</surname><given-names>Edmund T</given-names></name><xref ref-type="aff" rid="aff2">2</xref><xref ref-type="corresp" rid="cor1">*</xref></contrib><contrib contrib-type="author"><name><surname>Deco</surname><given-names>Gustavo</given-names></name><xref ref-type="aff" rid="aff1">1</xref><xref ref-type="aff" rid="aff3">3</xref></contrib></contrib-group><aff id="aff1"><label>1</label> Department of Technology, Universitas Pompeu Fabra, Barcelona, Spain
</aff><aff id="aff2"><label>2</label> Department of Experimental Psychology, University of Oxford, Oxford, United Kindgom
</aff><aff id="aff3"><label>3</label> Institució Catalana de Recerca i Estudis Avançats, Barcelona, Spain
</aff><contrib-group><contrib contrib-type="editor"><name><surname>Friston</surname><given-names>Karl J</given-names></name><role>Editor</role><xref ref-type="aff" rid="edit1"/></contrib></contrib-group><aff id="edit1">University College London, United Kingdom</aff><author-notes><corresp id="cor1">* To whom correspondence should be addressed. E-mail: <email>Edmund.Rolls@psy.ox.ac.uk</email></corresp></author-notes><pub-date pub-type="ppub"><month>11</month><year>2007</year></pub-date><pub-date pub-type="epub"><day>9</day><month>11</month><year>2007</year></pub-date><volume>3</volume><issue>11</issue><elocation-id>e228</elocation-id><history><date date-type="received"><day>2</day><month>7</month><year>2007</year></date><date date-type="accepted"><day>3</day><month>10</month><year>2007</year></date></history><permissions><copyright-statement> © 2007 Loh et al.</copyright-statement><copyright-year>2007</copyright-year><license xlink:href="http://creativecommons.org/licenses/by/4.0/"><license-p>This is an open-access article distributed under the terms of the Creative Commons Attribution License, which permits unrestricted use, distribution, and reproduction in any medium, provided the original author and source are properly credited.</license-p></license></permissions><abstract><p>We propose a top-down approach to the symptoms of schizophrenia based on a statistical dynamical framework. We show that a reduced depth in the basins of attraction of cortical attractor states destabilizes the activity at the network level due to the constant statistical fluctuations caused by the stochastic spiking of neurons. In integrate-and-fire network simulations, a decrease in the NMDA receptor conductances, which reduces the depth of the attractor basins, decreases the stability of short-term memory states and increases distractibility. The cognitive symptoms of schizophrenia such as distractibility, working memory deficits, or poor attention could be caused by this instability of attractor states in prefrontal cortical networks. Lower firing rates are also produced, and in the orbitofrontal and anterior cingulate cortex could account for the negative symptoms, including a reduction of emotions. Decreasing the GABA as well as the NMDA conductances produces not only switches between the attractor states, but also jumps from spontaneous activity into one of the attractors. We relate this to the positive symptoms of schizophrenia, including delusions, paranoia, and hallucinations, which may arise because the basins of attraction are shallow and there is instability in temporal lobe semantic memory networks, leading thoughts to move too freely round the attractor energy landscape.</p></abstract><abstract abstract-type="summary"><title>Author Summary</title><sec id="st1"><title/><p>One of the hallmarks of schizophrenia is the complexity and heterogeneity of the illness. We propose that part of the reason for the inconsistent symptoms may be a reduced signal-to-noise ratio and increased statistical fluctuations in different cortical brain networks. The novelty of the approach described here is that instead of basing our hypothesis purely on biological mechanisms, we develop a top-down approach based on the different types of symptoms and relate them to instabilities in attractor neural networks. Schizophrenia is characterized by cognitive, negative, and positive symptoms. We propose which characteristic effects in a dynamical system could cause these symptoms, and investigate our hypothesis in a computational model. We implement an integrate-and-fire network model and focus on the alterations of synaptic channels activated via NMDA and GABA receptors. We found that a decrease in the NMDA receptor conductance could contribute to both the cognitive and negative symptoms by reducing the neuronal firing rates and the stability of the attractor states. A reduction of both NMDA and GABA conductance causes an instability of the attractor states related to the positive symptoms. Overall, we provide a framework to discuss schizophrenia in a dynamical system framework.</p></sec></abstract><counts><page-count count="11"/></counts><custom-meta-group><custom-meta><meta-name>citation</meta-name><meta-value>Loh M, Rolls ET, Deco G (2007) A dynamical systems hypothesis of schizophrenia. PLoS Comput Biol 3(11): e228. doi:<ext-link ext-link-type="doi" xlink:href="10.1371/journal.pcbi.0030228">10.1371/journal.pcbi.0030228</ext-link></meta-value></custom-meta></custom-meta-group></article-meta></front></article>