<article xmlns="https://jats.nlm.nih.gov/ns/archiving/1.2/" xmlns:xsi="http://www.w3.org/2001/XMLSchema-instance" xmlns:ali="http://www.niso.org/schemas/ali/1.0/" xmlns:mml="http://www.w3.org/1998/Math/MathML" xmlns:xlink="http://www.w3.org/1999/xlink" xsi:schemaLocation="https://jats.nlm.nih.gov/ns/archiving/1.2/ https://jats.nlm.nih.gov/archiving/1.2/xsd/JATS-archivearticle1.xsd" article-type="research-article"><front><journal-meta><journal-id journal-id-type="nlm-ta">PLoS Comput Biol</journal-id><journal-id journal-id-type="iso-abbrev">PLoS Comput. Biol</journal-id><journal-id journal-id-type="publisher-id">pcbi</journal-id><journal-id journal-id-type="publisher-id">plcb</journal-id><journal-id journal-id-type="pmc">ploscomp</journal-id><journal-title-group><journal-title>PLoS Computational Biology</journal-title></journal-title-group><issn pub-type="ppub">1553-734X</issn><issn pub-type="epub">1553-7358</issn><publisher><publisher-name>Public Library of Science</publisher-name><publisher-loc>San Francisco, USA</publisher-loc></publisher></journal-meta><article-meta><article-id pub-id-type="accession">PMC2098865</article-id><article-id pub-id-type="pmcid">PMC2098865</article-id><article-id pub-id-type="pmc-uid">2098865</article-id><article-id pub-id-type="pmid">18052543</article-id><article-id pub-id-type="pmid">18052543</article-id><article-id pub-id-type="doi">10.1371/journal.pcbi.0030238</article-id><article-id pub-id-type="publisher-id">07-PLCB-RA-0376R2</article-id><article-id pub-id-type="sici">plcb-03-11-28</article-id><article-categories><subj-group subj-group-type="heading"><subject>Research Article</subject></subj-group><subj-group subj-group-type="Discipline"><subject>Computational Biology</subject><subject>Plant Biology</subject></subj-group><subj-group subj-group-type="System Taxonomy"><subject>Arabidopsis</subject><subject>Oryza</subject><subject>Populus</subject></subj-group></article-categories><title-group><article-title>Intragenomic Matching Reveals a Huge Potential for miRNA-Mediated Regulation in Plants</article-title><alt-title alt-title-type="running-head">Plant miRNAs and Targets</alt-title></title-group><contrib-group><contrib contrib-type="author" equal-contrib="yes"><name><surname>Lindow</surname><given-names>Morten</given-names></name><xref ref-type="fn" rid="n104">¤</xref><xref ref-type="corresp" rid="cor1">*</xref><xref ref-type="aff" rid="aff1"/></contrib><contrib contrib-type="author" equal-contrib="yes"><name><surname>Jacobsen</surname><given-names>Anders</given-names></name><xref ref-type="aff" rid="aff1"/></contrib><contrib contrib-type="author"><name><surname>Nygaard</surname><given-names>Sanne</given-names></name><xref ref-type="aff" rid="aff1"/></contrib><contrib contrib-type="author"><name><surname>Mang</surname><given-names>Yuan</given-names></name><xref ref-type="aff" rid="aff1"/></contrib><contrib contrib-type="author"><name><surname>Krogh</surname><given-names>Anders</given-names></name><xref ref-type="aff" rid="aff1"/></contrib></contrib-group><aff id="aff1">Bioinformatics Centre, Department of Molecular Biology and Biotech Research and Innovation Centre, University of Copenhagen, Copenhagen, Denmark</aff><contrib-group><contrib contrib-type="editor"><name><surname>Alexandrov</surname><given-names>Nickolai</given-names></name><role>Editor</role><xref ref-type="aff" rid="edit1"/></contrib></contrib-group><aff id="edit1">Ceres Inc., United States of America</aff><author-notes><corresp id="cor1">* To whom correspondence should be addressed. E-mail: <email>morten@binf.ku.dk</email></corresp></author-notes><pub-date pub-type="ppub"><month>11</month><year>2007</year></pub-date><pub-date pub-type="epub"><day>30</day><month>11</month><year>2007</year></pub-date><volume>3</volume><issue>11</issue><elocation-id>e238</elocation-id><history><date date-type="received"><day>2</day><month>7</month><year>2007</year></date><date date-type="accepted"><day>17</day><month>10</month><year>2007</year></date></history><permissions><copyright-statement> © 2007 Lindow et al.</copyright-statement><copyright-year>2007</copyright-year><license xlink:href="http://creativecommons.org/licenses/by/4.0/"><license-p>This is an open-access article distributed under the terms of the Creative Commons Attribution License, which permits unrestricted use, distribution, and reproduction in any medium, provided the original author and source are properly credited.</license-p></license></permissions><abstract><p>microRNAs (miRNAs) are important post-transcriptional regulators, but the extent of this regulation is uncertain, both with regard to the number of miRNA genes and their targets. Using an algorithm based on intragenomic matching of potential miRNAs and their targets coupled with support vector machine classification of miRNA precursors, we explore the potential for regulation by miRNAs in three plant genomes: <italic>Arabidopsis thaliana, Populus trichocarpa,</italic> and <italic>Oryza sativa.</italic> We find that the intragenomic matching in conjunction with a supervised learning approach contains enough information to allow reliable computational prediction of miRNA candidates without requiring conservation across species. Using this method, we identify ∼1,200, ∼2,500, and ∼2,100 miRNA candidate genes capable of extensive base-pairing to potential target mRNAs in <italic>A. thaliana, P. trichocarpa,</italic> and <italic>O. sativa,</italic> respectively. This is more than five times the number of currently annotated miRNAs in the plants. Many of these candidates are derived from repeat regions, yet they seem to contain the features necessary for correct processing by the miRNA machinery. Conservation analysis indicates that only a few of the candidates are conserved between the species. We conclude that there is a large potential for miRNA-mediated regulatory interactions encoded in the genomes of the investigated plants. We hypothesize that some of these interactions may be realized under special environmental conditions, while others can readily be recruited when organisms diverge and adapt to new niches.</p></abstract><abstract abstract-type="summary"><title>Author Summary</title><sec id="st1"><title/><p>microRNAs (miRNAs) are small RNA molecules that regulate gene expression by complementary basepairing to mRNAs. In plants, this base-pairing is almost perfect along the whole length of miRNAs. This long stretch of complementarity makes it relatively easy to make computational predictions of the targets for known miRNAs. To predict novel miRNA genes, we take advantage of this and reverse the target prediction: instead of predicting targets for known miRNAs, we predict novel miRNA candidates for all known mRNAs. Because matching between target and miRNA candidates is integral to the method, it is possible to achieve good predictions without having to rely on evolutionary conservation, as most other current methods do. This means that we can predict new miRNAs that are specific to an organism. Interestingly, this could help explain the difference between species that have very similar protein-coding genes, but highly different phenotypes. Furthermore, it turns out that many of these new miRNA candidates derive from genomic repeat regions such as transposons, which points to a possible active role for repeats/transposons in the regulation of gene expression.</p></sec></abstract><counts><page-count count="12"/></counts><custom-meta-group><custom-meta><meta-name>citation</meta-name><meta-value>Lindow M, Jacobsen A, Nygaard S, Mang Y, Krogh A (2007) Intragenomic matching reveals a huge potential for miRNA-mediated regulation in plants. PLoS Comput Biol 3(11): e238. doi:<ext-link ext-link-type="doi" xlink:href="10.1371/journal.pcbi.0030238">10.1371/journal.pcbi.0030238</ext-link></meta-value></custom-meta></custom-meta-group></article-meta></front></article>