<article xmlns="https://jats.nlm.nih.gov/ns/archiving/1.2/" xmlns:xsi="http://www.w3.org/2001/XMLSchema-instance" xmlns:ali="http://www.niso.org/schemas/ali/1.0/" xmlns:mml="http://www.w3.org/1998/Math/MathML" xmlns:xlink="http://www.w3.org/1999/xlink" xsi:schemaLocation="https://jats.nlm.nih.gov/ns/archiving/1.2/ https://jats.nlm.nih.gov/archiving/1.2/xsd/JATS-archivearticle1.xsd" article-type="other"><front><journal-meta><journal-id journal-id-type="nlm-ta">PLoS Comput Biol</journal-id><journal-id journal-id-type="iso-abbrev">PLoS Comput. Biol</journal-id><journal-id journal-id-type="publisher-id">pcbi</journal-id><journal-id journal-id-type="publisher-id">plcb</journal-id><journal-id journal-id-type="pmc">ploscomp</journal-id><journal-title-group><journal-title>PLoS Computational Biology</journal-title></journal-title-group><issn pub-type="ppub">1553-734X</issn><issn pub-type="epub">1553-7358</issn><publisher><publisher-name>Public Library of Science</publisher-name><publisher-loc>San Francisco, USA</publisher-loc></publisher></journal-meta><article-meta><article-id pub-id-type="accession">PMC2041965</article-id><article-id pub-id-type="pmcid">PMC2041965</article-id><article-id pub-id-type="pmc-uid">2041965</article-id><article-id pub-id-type="pmid">17967046</article-id><article-id pub-id-type="doi">10.1371/journal.pcbi.0030185</article-id><article-id pub-id-type="publisher-id">07-PLCB-PV-0138R3</article-id><article-id pub-id-type="sici">plcb-03-11-01</article-id><article-categories><subj-group subj-group-type="heading"><subject>Perspectives</subject></subj-group><subj-group subj-group-type="Discipline"><subject>Biotechnology</subject><subject>Computational Biology</subject></subj-group><subj-group subj-group-type="System Taxonomy"><subject>None</subject></subj-group></article-categories><title-group><article-title>Computational Biology in Brazil</article-title><alt-title alt-title-type="running-head">Computational Biology in Brazil</alt-title></title-group><contrib-group><contrib contrib-type="author"><name><surname>Neshich</surname><given-names>Goran</given-names></name><xref ref-type="corresp" rid="cor1"/></contrib></contrib-group><contrib-group><contrib contrib-type="editor"><name><surname>Bourne</surname><given-names>Philip E</given-names></name><role>Editor</role><xref ref-type="aff" rid="edit1"/></contrib></contrib-group><aff id="edit1">University of California San Diego, United States of America</aff><author-notes><corresp id="cor1">Goran Neshich is with the Embrapa Informática Agropecuária, Campinas, Brazil. E-mail: <email>neshich@cbi.cnptia.embrapa.br</email></corresp></author-notes><pub-date pub-type="ppub"><month>10</month><year>2007</year></pub-date><pub-date pub-type="epub"><day>26</day><month>10</month><year>2007</year></pub-date><volume>3</volume><issue>10</issue><elocation-id>e185</elocation-id><permissions><copyright-statement> © 2007 Goran Neshich.</copyright-statement><copyright-year>2007</copyright-year><license xlink:href="http://creativecommons.org/licenses/by/4.0/"><license-p>This is an open-access article distributed under the terms of the Creative Commons Attribution License, which permits unrestricted use, distribution, and reproduction in any medium, provided the original author and source are properly credited.</license-p></license></permissions><counts><page-count count="4"/></counts><custom-meta-group><custom-meta><meta-name>citation</meta-name><meta-value>Neshich G (2007) Computational Biology in Brazil. PLoS Comput Biol 3(10): e185. doi:<ext-link ext-link-type="doi" xlink:href="10.1371/journal.pcbi.0030185">10.1371/journal.pcbi.0030185</ext-link></meta-value></custom-meta></custom-meta-group></article-meta></front></article>