<article xmlns="https://jats.nlm.nih.gov/ns/archiving/1.2/" xmlns:xsi="http://www.w3.org/2001/XMLSchema-instance" xmlns:ali="http://www.niso.org/schemas/ali/1.0/" xmlns:mml="http://www.w3.org/1998/Math/MathML" xmlns:xlink="http://www.w3.org/1999/xlink" xsi:schemaLocation="https://jats.nlm.nih.gov/ns/archiving/1.2/ https://jats.nlm.nih.gov/archiving/1.2/xsd/JATS-archivearticle1.xsd" article-type="research-article"><front><journal-meta><journal-id journal-id-type="nlm-ta">PLoS Comput Biol</journal-id><journal-id journal-id-type="iso-abbrev">PLoS Comput. Biol</journal-id><journal-id journal-id-type="publisher-id">pcbi</journal-id><journal-id journal-id-type="publisher-id">plcb</journal-id><journal-id journal-id-type="pmc">ploscomp</journal-id><journal-title-group><journal-title>PLoS Computational Biology</journal-title></journal-title-group><issn pub-type="ppub">1553-734X</issn><issn pub-type="epub">1553-7358</issn><publisher><publisher-name>Public Library of Science</publisher-name><publisher-loc>San Francisco, USA</publisher-loc></publisher></journal-meta><article-meta><article-id pub-id-type="accession">PMC2134964</article-id><article-id pub-id-type="pmcid">PMC2134964</article-id><article-id pub-id-type="pmc-uid">2134964</article-id><article-id pub-id-type="pmid">18069886</article-id><article-id pub-id-type="pmid">18069886</article-id><article-id pub-id-type="doi">10.1371/journal.pcbi.0030241</article-id><article-id pub-id-type="publisher-id">07-PLCB-RA-0163R3</article-id><article-id pub-id-type="sici">plcb-03-12-01</article-id><article-categories><subj-group subj-group-type="heading"><subject>Research Article</subject></subj-group><subj-group subj-group-type="Discipline"><subject>Biophysics</subject><subject>Computational Biology</subject></subj-group><subj-group subj-group-type="System Taxonomy"><subject>Eubacteria</subject></subj-group></article-categories><title-group><article-title>Stereochemical Criteria for Prediction of the Effects of Proline Mutations on Protein Stability</article-title><alt-title alt-title-type="running-head">Pro Mutant Stability Prediction</alt-title></title-group><contrib-group><contrib contrib-type="author"><name><surname>Bajaj</surname><given-names>Kanika</given-names></name><xref ref-type="aff" rid="aff1">1</xref></contrib><contrib contrib-type="author"><name><surname>Madhusudhan</surname><given-names>M. S</given-names></name><xref ref-type="aff" rid="aff2">2</xref></contrib><contrib contrib-type="author"><name><surname>Adkar</surname><given-names>Bharat V</given-names></name><xref ref-type="aff" rid="aff1">1</xref></contrib><contrib contrib-type="author"><name><surname>Chakrabarti</surname><given-names>Purbani</given-names></name><xref ref-type="aff" rid="aff1">1</xref></contrib><contrib contrib-type="author"><name><surname>Ramakrishnan</surname><given-names>C</given-names></name><xref ref-type="aff" rid="aff1">1</xref></contrib><contrib contrib-type="author"><name><surname>Sali</surname><given-names>Andrej</given-names></name><xref ref-type="aff" rid="aff2">2</xref></contrib><contrib contrib-type="author"><name><surname>Varadarajan</surname><given-names>Raghavan</given-names></name><xref ref-type="aff" rid="aff1">1</xref><xref ref-type="aff" rid="aff3">3</xref><xref ref-type="corresp" rid="cor1">*</xref></contrib></contrib-group><aff id="aff1"><label>1</label> Molecular Biophysics Unit, Indian Institute of Science, Bangalore, India
</aff><aff id="aff2"><label>2</label> Department of Biopharmaceutical Sciences and Pharmaceutical Chemistry, University of California San Francisco, San Francisco, California, United States of America
</aff><aff id="aff3"><label>3</label> Chemical Biology Unit, Jawaharlal Nehru Center for Advanced Scientific Research, Jakkur, Bangalore, India
</aff><contrib-group><contrib contrib-type="editor"><name><surname>Bourne</surname><given-names>Philip E</given-names></name><role>Editor</role><xref ref-type="aff" rid="edit1"/></contrib></contrib-group><aff id="edit1">University of California San Diego, United States of America</aff><author-notes><corresp id="cor1">* To whom correspondence should be addressed. E-mail: <email>varadar@mbu.iisc.ernet.in</email></corresp></author-notes><pub-date pub-type="ppub"><month>12</month><year>2007</year></pub-date><pub-date pub-type="epub"><day>7</day><month>12</month><year>2007</year></pub-date><pub-date pub-type="epreprint"><day>22</day><month>10</month><year>2007</year></pub-date><volume>3</volume><issue>12</issue><elocation-id>e241</elocation-id><history><date date-type="received"><day>30</day><month>3</month><year>2007</year></date><date date-type="accepted"><day>19</day><month>10</month><year>2007</year></date></history><permissions><copyright-statement> © 2007 Bajaj et al.</copyright-statement><copyright-year>2007</copyright-year><license xlink:href="http://creativecommons.org/licenses/by/4.0/"><license-p>This is an open-access article distributed under the terms of the Creative Commons Attribution License, which permits unrestricted use, distribution, and reproduction in any medium, provided the original author and source are properly credited.</license-p></license></permissions><!--<related-article preprintResearch Article10.1371/journal.pcbi.0030241.eorRA1doisimple>Stereochemical Criteria for Prediction of the Effects of Proline Mutations on Protein Stability</related-article>--><abstract><p>When incorporated into a polypeptide chain, proline (Pro) differs from all other naturally occurring amino acid residues in two important respects. The φ dihedral angle of Pro is constrained to values close to −65° and Pro lacks an amide hydrogen. Consequently, mutations which result in introduction of Pro can significantly affect protein stability. In the present work, we describe a procedure to accurately predict the effect of Pro introduction on protein thermodynamic stability. Seventy-seven of the 97 non-Pro amino acid residues in the model protein, CcdB, were individually mutated to Pro, and the in vivo activity of each mutant was characterized. A decision tree to classify the mutation as perturbing or nonperturbing was created by correlating stereochemical properties of mutants to activity data. The stereochemical properties including main chain dihedral angle φ and main chain amide H-bonds (hydrogen bonds) were determined from 3D models of the mutant proteins built using MODELLER. We assessed the performance of the decision tree on a large dataset of 163 single-site Pro mutations of T4 lysozyme, 74 nsSNPs, and 52 other Pro substitutions from the literature. The overall accuracy of this algorithm was found to be 81% in the case of CcdB, 77% in the case of lysozyme, 76% in the case of nsSNPs, and 71% in the case of other Pro substitution data. The accuracy of Pro scanning mutagenesis for secondary structure assignment was also assessed and found to be at best 69%. Our prediction procedure will be useful in annotating uncharacterized nsSNPs of disease-associated proteins and for protein engineering and design.</p></abstract><abstract abstract-type="summary"><title>Author Summary</title><sec id="st1"><title/><p>Unlike other amino acids that constitute proteins, Proline is missing a vital hydrogen atom and also bestows local structural rigidity to the three-dimensional (3D) structure of proteins. In some locations, proline can be introduced with little or no detrimental effect to protein function, while at others it is destabilizing and can result in significant degradation or aggregation of the protein. To determine the features of protein 3D structure that tolerate the introduction of prolines, each of the 101 amino acid residues of the protein CcdB were replaced with Proline, and the functional consequence of the mutations were observed. On correlating these data to features of protein 3D structure, a decision tree was generated to predict the functional consequences of proline mutations in proteins of known (or accurately modeled) 3D structure. The performance of the tree was assessed on three different datasets that contained a total of 289 proline mutants in 37 different proteins. The average accuracy of prediction was 75%. The decision tree will be useful in predicting if known but uncharacterized proline mutations in disease-related proteins are likely to have adverse effects. It will also be useful in engineering and designing new proteins and peptides.</p></sec></abstract><counts><page-count count="11"/></counts><custom-meta-group><custom-meta><meta-name>citation</meta-name><meta-value>Bajaj K, Madhusudhan MS, Adkar BV, Chakrabarti P, Ramakrishnan C, et al. (2007) Stereochemical criteria for prediction of the effects of proline mutations on protein stability. PLoS Comput Biol 3(12): e241. doi:<ext-link ext-link-type="doi" xlink:href="10.1371/journal.pcbi.0030241">10.1371/journal.pcbi.0030241</ext-link></meta-value></custom-meta></custom-meta-group></article-meta></front></article>