<article xmlns="https://jats.nlm.nih.gov/ns/archiving/1.2/" xmlns:xsi="http://www.w3.org/2001/XMLSchema-instance" xmlns:ali="http://www.niso.org/schemas/ali/1.0/" xmlns:mml="http://www.w3.org/1998/Math/MathML" xmlns:xlink="http://www.w3.org/1999/xlink" xsi:schemaLocation="https://jats.nlm.nih.gov/ns/archiving/1.2/ https://jats.nlm.nih.gov/archiving/1.2/xsd/JATS-archivearticle1.xsd" article-type="research-article"><front><journal-meta><journal-id journal-id-type="nlm-ta">PLoS Comput Biol</journal-id><journal-id journal-id-type="iso-abbrev">PLoS Comput. Biol</journal-id><journal-id journal-id-type="publisher-id">pcbi</journal-id><journal-id journal-id-type="publisher-id">plcb</journal-id><journal-id journal-id-type="pmc">ploscomp</journal-id><journal-title-group><journal-title>PLoS Computational Biology</journal-title></journal-title-group><issn pub-type="ppub">1553-734X</issn><issn pub-type="epub">1553-7358</issn><publisher><publisher-name>Public Library of Science</publisher-name><publisher-loc>San Francisco, USA</publisher-loc></publisher></journal-meta><article-meta><article-id pub-id-type="accession">PMC2134963</article-id><article-id pub-id-type="pmcid">PMC2134963</article-id><article-id pub-id-type="pmc-uid">2134963</article-id><article-id pub-id-type="pmid">18085818</article-id><article-id pub-id-type="pmid">18085818</article-id><article-id pub-id-type="doi">10.1371/journal.pcbi.0030247</article-id><article-id pub-id-type="publisher-id">07-PLCB-RA-0454R2</article-id><article-id pub-id-type="sici">plcb-03-12-06</article-id><article-categories><subj-group subj-group-type="heading"><subject>Research Article</subject></subj-group><subj-group subj-group-type="Discipline"><subject>Computational Biology</subject><subject>Evolutionary Biology</subject></subj-group><subj-group subj-group-type="System Taxonomy"><subject>Homo (Human)</subject><subject>Primates</subject><subject>Mammals</subject></subj-group></article-categories><title-group><article-title>Comparative Genomics Search for Losses of Long-Established Genes on the Human Lineage</article-title><alt-title alt-title-type="running-head">Comparative Genomics Search for Adaptive Gene Loss</alt-title></title-group><contrib-group><contrib contrib-type="author"><name><surname>Zhu</surname><given-names>Jingchun</given-names></name><xref ref-type="aff" rid="aff1">1</xref></contrib><contrib contrib-type="author"><name><surname>Sanborn</surname><given-names>J. Zachary</given-names></name><xref ref-type="aff" rid="aff1">1</xref></contrib><contrib contrib-type="author"><name><surname>Diekhans</surname><given-names>Mark</given-names></name><xref ref-type="aff" rid="aff1">1</xref></contrib><contrib contrib-type="author"><name><surname>Lowe</surname><given-names>Craig B</given-names></name><xref ref-type="aff" rid="aff1">1</xref></contrib><contrib contrib-type="author"><name><surname>Pringle</surname><given-names>Tom H</given-names></name><xref ref-type="aff" rid="aff1">1</xref></contrib><contrib contrib-type="author"><name><surname>Haussler</surname><given-names>David</given-names></name><xref ref-type="aff" rid="aff1">1</xref><xref ref-type="aff" rid="aff2">2</xref><xref ref-type="corresp" rid="cor1">*</xref></contrib></contrib-group><aff id="aff1"><label>1</label> Center for Biomolecular Science and Engineering, University of California Santa Cruz, Santa Cruz, California, United States of America
</aff><aff id="aff2"><label>2</label> Howard Hughes Medical Institute, University of California Santa Cruz, Santa Cruz, California, United States of America
</aff><contrib-group><contrib contrib-type="editor"><name><surname>Stormo</surname><given-names>Gary</given-names></name><role>Editor</role><xref ref-type="aff" rid="edit1"/></contrib></contrib-group><aff id="edit1">Washington University, United States of America</aff><author-notes><corresp id="cor1">* To whom correspondence should be addressed. E-mail: <email>haussler@soe.ucsc.edu</email></corresp></author-notes><pub-date pub-type="ppub"><month>12</month><year>2007</year></pub-date><pub-date pub-type="epub"><day>14</day><month>12</month><year>2007</year></pub-date><pub-date pub-type="epreprint"><day>30</day><month>10</month><year>2007</year></pub-date><volume>3</volume><issue>12</issue><elocation-id>e247</elocation-id><history><date date-type="received"><day>31</day><month>7</month><year>2007</year></date><date date-type="accepted"><day>30</day><month>10</month><year>2007</year></date></history><permissions><copyright-statement> © 2007 Zhu et al.</copyright-statement><copyright-year>2007</copyright-year><license xlink:href="https://creativecommons.org/publicdomain/zero/1.0/"><license-p>This is an open-access article distributed under the terms of the Creative Commons Public Domain declaration, which stipulates that, once placed in the public domain, this work may be freely reproduced, distributed, transmitted, modified, built upon, or otherwise used by anyone for any lawful purpose.</license-p></license></permissions><!--<related-article preprintResearch Article10.1371/journal.pcbi.0030247.eorRA1doisimple>Comparative Genomics Search for Losses of Long-Established Genes on the Human Lineage</related-article>--><abstract><p>Taking advantage of the complete genome sequences of several mammals, we developed a novel method to detect losses of well-established genes in the human genome through syntenic mapping of gene structures between the human, mouse, and dog genomes. Unlike most previous genomic methods for pseudogene identification, this analysis is able to differentiate losses of well-established genes from pseudogenes formed shortly after segmental duplication or generated via retrotransposition. Therefore, it enables us to find genes that were inactivated long after their birth, which were likely to have evolved nonredundant biological functions before being inactivated. The method was used to look for gene losses along the human lineage during the approximately 75 million years (My) since the common ancestor of primates and rodents (the euarchontoglire crown group). We identified 26 losses of well-established genes in the human genome that were all lost at least 50 My after their birth. Many of them were previously characterized pseudogenes in the human genome, such as <italic>GULO</italic> and <italic>UOX</italic>. Our methodology is highly effective at identifying losses of single-copy genes of ancient origin, allowing us to find a few well-known pseudogenes in the human genome missed by previous high-throughput genome-wide studies. In addition to confirming previously known gene losses, we identified 16 previously uncharacterized human pseudogenes that are definitive losses of long-established genes. Among them is <italic>ACYL3</italic>, an ancient enzyme present in archaea, bacteria, and eukaryotes, but lost approximately 6 to 8 Mya in the ancestor of humans and chimps. Although losses of well-established genes do not equate to adaptive gene losses, they are a useful proxy to use when searching for such genetic changes. This is especially true for adaptive losses that occurred more than 250,000 years ago, since any genetic evidence of the selective sweep indicative of such an event has been erased.</p></abstract><abstract abstract-type="summary"><title>Author Summary</title><sec id="st1"><title/><p>One of the most important questions in biology is to identify the genetic changes underlying evolution, especially those along the lineage leading to the modern human. Although counterintuitive, losing a gene might actually bring a selective advantage to the organism. This type of gene loss is called adaptive gene loss. Although a few cases have been characterized in the literature, this is the first study to address adaptive gene losses on a scale of the whole human genome and a time period of up to 75 million years. The difficulty of identifying adaptive gene losses is in part the large number of pseudogenes in the human genome. To circumvent this problem, we used two methods to enrich the process for the adaptive candidates. The first is a novel approach for pseudogene detection that is highly sensitive in identifying single-copy pseudogenes that bear no apparent sequence homology to any functional human genes. Second, we used the length of time a gene is functional before loss as a proxy for biological importance, which allows us to differentiate losses of long-established genes from mere losses due to functional redundancy after gene duplication.</p></sec></abstract><counts><page-count count="12"/></counts><custom-meta-group><custom-meta><meta-name>citation</meta-name><meta-value>Zhu J, Sanborn JZ, Diekhans M, Lowe CB, Pringle TH, et al. (2007) Comparative genomics search for losses of long-established genes on the human lineage. PLoS Comput Biol 3(12): e247. doi:<ext-link ext-link-type="doi" xlink:href="10.1371/journal.pcbi.0030247">10.1371/journal.pcbi.0030247</ext-link></meta-value></custom-meta></custom-meta-group></article-meta></front></article>