<article xmlns="https://jats.nlm.nih.gov/ns/archiving/1.2/" xmlns:xsi="http://www.w3.org/2001/XMLSchema-instance" xmlns:ali="http://www.niso.org/schemas/ali/1.0/" xmlns:mml="http://www.w3.org/1998/Math/MathML" xmlns:xlink="http://www.w3.org/1999/xlink" xsi:schemaLocation="https://jats.nlm.nih.gov/ns/archiving/1.2/ https://jats.nlm.nih.gov/archiving/1.2/xsd/JATS-archivearticle1.xsd" article-type="correction"><front><journal-meta><journal-id journal-id-type="nlm-ta">PLoS Comput Biol</journal-id><journal-id journal-id-type="iso-abbrev">PLoS Comput. Biol</journal-id><journal-id journal-id-type="publisher-id">pcbi</journal-id><journal-id journal-id-type="publisher-id">plcb</journal-id><journal-id journal-id-type="pmc">ploscomp</journal-id><journal-title-group><journal-title>PLoS Computational Biology</journal-title></journal-title-group><issn pub-type="ppub">1553-734X</issn><issn pub-type="epub">1553-7358</issn><publisher><publisher-name>Public Library of Science</publisher-name><publisher-loc>San Francisco, USA</publisher-loc></publisher></journal-meta><article-meta><article-id pub-id-type="accession">PMC2041982</article-id><article-id pub-id-type="pmcid">PMC2041982</article-id><article-id pub-id-type="pmc-uid">2041982</article-id><article-id pub-id-type="doi">10.1371/journal.pcbi.0030223</article-id><article-id pub-id-type="publisher-id">07-PLCB-CN-0579</article-id><article-id pub-id-type="sici">plcb-03-10-16</article-id><article-categories><subj-group subj-group-type="heading"><subject>Correction</subject></subj-group></article-categories><title-group><article-title>Correction: Signal Propagation in Proteins and Relation to Equilibrium Fluctuations</article-title></title-group><contrib-group><contrib contrib-type="author"><name><surname>Chennubhotla</surname><given-names>Chakra</given-names></name></contrib><contrib contrib-type="author"><name><surname>Bahar</surname><given-names>Ivet</given-names></name></contrib></contrib-group><pub-date pub-type="ppub"><month>10</month><year>2007</year></pub-date><pub-date pub-type="epub"><day>26</day><month>10</month><year>2007</year></pub-date><volume>3</volume><issue>10</issue><elocation-id>e223</elocation-id><permissions><copyright-statement>Copyright: © 2007 Chennubhotla and Bahar.</copyright-statement><copyright-year>2007</copyright-year><license xlink:href="http://creativecommons.org/licenses/by/4.0/"><license-p>This is an open-access article distributed under the terms of the Creative Commons Attribution License, which permits unrestricted use, distribution, and reproduction in any medium, provided the original author and source are properly credited.</license-p></license></permissions><related-article id="d35e76" related-article-type="corrected-article" ext-link-type="doi" xlink:href="10.1371/journal.pcbi.0030172" xlink:title="Research Article" vol="3" page="e172"><article-title>Signal Propagation in Proteins and Relation to Equilibrium Fluctuations</article-title></related-article><counts><page-count count="1"/></counts><custom-meta-group><custom-meta><meta-name>citation</meta-name><meta-value>Chennubhotla C, Bahar I (2007) Correction: Signal propagation in proteins and relation to equilibrium fluctuations. PLoS Comput Biol 3(10): e223. doi: <ext-link ext-link-type="doi" xlink:href="10.1371/journal.pcbi.0030223">10.1371/journal.pcbi.0030223</ext-link></meta-value></custom-meta></custom-meta-group></article-meta></front></article>