<article xmlns="https://jats.nlm.nih.gov/ns/archiving/1.2/" xmlns:xsi="http://www.w3.org/2001/XMLSchema-instance" xmlns:ali="http://www.niso.org/schemas/ali/1.0/" xmlns:mml="http://www.w3.org/1998/Math/MathML" xmlns:xlink="http://www.w3.org/1999/xlink" xsi:schemaLocation="https://jats.nlm.nih.gov/ns/archiving/1.2/ https://jats.nlm.nih.gov/archiving/1.2/xsd/JATS-archivearticle1.xsd" article-type="research-article"><front><journal-meta><journal-id journal-id-type="nlm-ta">PLoS Comput Biol</journal-id><journal-id journal-id-type="iso-abbrev">PLoS Comput. Biol</journal-id><journal-id journal-id-type="publisher-id">pcbi</journal-id><journal-id journal-id-type="publisher-id">plcb</journal-id><journal-id journal-id-type="pmc">ploscomp</journal-id><journal-title-group><journal-title>PLoS Computational Biology</journal-title></journal-title-group><issn pub-type="ppub">1553-734X</issn><issn pub-type="epub">1553-7358</issn><publisher><publisher-name>Public Library of Science</publisher-name><publisher-loc>San Francisco, USA</publisher-loc></publisher></journal-meta><article-meta><article-id pub-id-type="accession">PMC2098864</article-id><article-id pub-id-type="pmcid">PMC2098864</article-id><article-id pub-id-type="pmc-uid">2098864</article-id><article-id pub-id-type="pmid">18052542</article-id><article-id pub-id-type="pmid">18052542</article-id><article-id pub-id-type="doi">10.1371/journal.pcbi.0030237</article-id><article-id pub-id-type="publisher-id">07-PLCB-RA-0126R3</article-id><article-id pub-id-type="sici">plcb-03-11-29</article-id><article-categories><subj-group subj-group-type="heading"><subject>Research Article</subject></subj-group><subj-group subj-group-type="Discipline"><subject>Biochemistry</subject><subject>Evolutionary Biology</subject><subject>Genetics and Genomics</subject><subject>Molecular Biology</subject></subj-group><subj-group subj-group-type="System Taxonomy"><subject>Eukaryotes</subject><subject>Prokaryotes</subject></subj-group></article-categories><title-group><article-title>Predicting Protein Function with Hierarchical Phylogenetic Profiles: The Gene3D Phylo-Tuner Method Applied to Eukaryotic Genomes</article-title><alt-title alt-title-type="running-head">Predicting Protein Function with Profiles</alt-title></title-group><contrib-group><contrib contrib-type="author"><name><surname>Ranea</surname><given-names>Juan A. G</given-names></name><xref ref-type="corresp" rid="cor1">*</xref><xref ref-type="aff" rid="aff1"/></contrib><contrib contrib-type="author"><name><surname>Yeats</surname><given-names>Corin</given-names></name><xref ref-type="aff" rid="aff1"/></contrib><contrib contrib-type="author"><name><surname>Grant</surname><given-names>Alastair</given-names></name><xref ref-type="aff" rid="aff1"/></contrib><contrib contrib-type="author"><name><surname>Orengo</surname><given-names>Christine A</given-names></name><xref ref-type="aff" rid="aff1"/></contrib></contrib-group><aff id="aff1">Department of Biochemistry and Molecular Biology, University College London, London, United Kingdom</aff><contrib-group><contrib contrib-type="editor"><name><surname>Rost</surname><given-names>Burkhard</given-names></name><role>Editor</role><xref ref-type="aff" rid="edit1"/></contrib></contrib-group><aff id="edit1">Columbia University, United States of America</aff><author-notes><corresp id="cor1">* To whom correspondence should be addressed. E-mail: <email>ranea@biochem.ucl.ac.uk</email></corresp></author-notes><pub-date pub-type="ppub"><month>11</month><year>2007</year></pub-date><pub-date pub-type="epub"><day>30</day><month>11</month><year>2007</year></pub-date><pub-date pub-type="epreprint"><day>18</day><month>3</month><year>2007</year></pub-date><volume>3</volume><issue>11</issue><elocation-id>e237</elocation-id><history><date date-type="received"><day>14</day><month>3</month><year>2007</year></date><date date-type="accepted"><day>17</day><month>10</month><year>2007</year></date></history><permissions><copyright-statement> Copyright: © 2007 Ranea et al. This is an open-access article distributed under the terms of the Creative Commons Attribution License, which permits unrestricted use, distribution, and reproduction in any medium, provided the original author and source are credited.</copyright-statement><copyright-year> 2007</copyright-year><license xlink:href="http://creativecommons.org/licenses/by/4.0/"><license-p>This is an open-access article distributed under the terms of the Creative Commons Attribution License, which permits unrestricted use, distribution, and reproduction in any medium, provided the original author and source are properly credited.</license-p></license></permissions><!--<related-article preprintResearch Article10.1371/journal.pcbi.0030237.eorRA1doisimple>  Predicting Protein Function with Hierarchical Phylogenetic Profiles: The Gene3D Phylo-Tuner Method Applied to Eukaryotic Genomes</related-article>--><abstract><p>“Phylogenetic profiling” is based on the hypothesis that during evolution functionally or physically interacting genes are likely to be inherited or eliminated in a codependent manner. Creating presence–absence profiles of orthologous genes is now a common and powerful way of identifying functionally associated genes. In this approach, correctly determining orthology, as a means of identifying functional equivalence between two genes, is a critical and nontrivial step and largely explains why previous work in this area has mainly focused on using presence–absence profiles in prokaryotic species. Here, we demonstrate that eukaryotic genomes have a high proportion of multigene families whose phylogenetic profile distributions are poor in presence–absence information content. This feature makes them prone to orthology mis-assignment and unsuited to standard profile-based prediction methods. Using CATH structural domain assignments from the Gene3D database for 13 complete eukaryotic genomes, we have developed a novel modification of the phylogenetic profiling method that uses genome copy number of each domain superfamily to predict functional relationships. In our approach, superfamilies are subclustered at ten levels of sequence identity—from 30% to 100%—and phylogenetic profiles built at each level. All the profiles are compared using normalised Euclidean distances to identify those with correlated changes in their domain copy number. We demonstrate that two protein families will “auto-tune” with strong co-evolutionary signals when their profiles are compared at the similarity levels that capture their functional relationship. Our method finds functional relationships that are not detectable by the conventional presence–absence profile comparisons, and it does not require a priori any fixed criteria to define orthologous genes.</p></abstract><abstract abstract-type="summary"><title>Author Summary</title><sec id="st1"><title/><p>The vast number of protein sequences being determined by the international genomics projects means that it is not possible to functionally characterise all the proteins through direct experimentation. One of the more successful electronic methods for detecting functionally associated genes has been through the comparison of genes' phylogenetic profiles. This method is based on the hypothesis that two functionally related genes will show very similar presence–absence profile patterns throughout different organisms. Whilst these methods have grown increasingly sophisticated, they have largely been based on detecting functionally homologous genes in different species (technically known as orthologous genes) and thus better suited to prokaryotic genomes, where this can be done more easily. We have developed a new type of hierarchical phylogenetic profile by subdividing protein families into subclusters in different sequence identity levels. This new approach encapsulates a more realistic model of the functional variation that uneven natural selection pressure produces on different protein families and organisms, and it can detect functional relationships between protein families without the initial application of rigid sequence similarity thresholds or complex protocols for orthology assignment. These advantages are especially useful in eukaryotes since the larger average size of eukaryotic multigene families makes them more prone to orthology mis-assignment than in prokaryotes.</p></sec></abstract><counts><page-count count="13"/></counts><custom-meta-group><custom-meta><meta-name>citation</meta-name><meta-value>Ranea JAG, Yeats C, Grant A, Orengo CA (2007) Predicting protein function with hierarchical phylogenetic profiles: The Gene3D Phylo-Tuner method applied to Eukaryotic genomes. PLoS Comput Biol 3(11): e237. doi:<ext-link ext-link-type="doi" xlink:href="10.1371/journal.pcbi.0030237">10.1371/journal.pcbi.0030237</ext-link></meta-value></custom-meta></custom-meta-group></article-meta></front></article>