<article xmlns="https://jats.nlm.nih.gov/ns/archiving/1.2/" xmlns:xsi="http://www.w3.org/2001/XMLSchema-instance" xmlns:ali="http://www.niso.org/schemas/ali/1.0/" xmlns:mml="http://www.w3.org/1998/Math/MathML" xmlns:xlink="http://www.w3.org/1999/xlink" xsi:schemaLocation="https://jats.nlm.nih.gov/ns/archiving/1.2/ https://jats.nlm.nih.gov/archiving/1.2/xsd/JATS-archivearticle1.xsd" article-type="research-article"><front><journal-meta><journal-id journal-id-type="nlm-ta">PLoS Comput Biol</journal-id><journal-id journal-id-type="iso-abbrev">PLoS Comput. Biol</journal-id><journal-id journal-id-type="publisher-id">pcbi</journal-id><journal-id journal-id-type="publisher-id">plcb</journal-id><journal-id journal-id-type="pmc">ploscomp</journal-id><journal-title-group><journal-title>PLoS Computational Biology</journal-title></journal-title-group><issn pub-type="ppub">1553-734X</issn><issn pub-type="epub">1553-7358</issn><publisher><publisher-name>Public Library of Science</publisher-name><publisher-loc>San Francisco, USA</publisher-loc></publisher></journal-meta><article-meta><article-id pub-id-type="accession">PMC2000972</article-id><article-id pub-id-type="pmcid">PMC2000972</article-id><article-id pub-id-type="pmc-uid">2000972</article-id><article-id pub-id-type="pmid">17922569</article-id><article-id pub-id-type="doi">10.1371/journal.pcbi.0030192</article-id><article-id pub-id-type="publisher-id">07-PLCB-RA-0091R2</article-id><article-id pub-id-type="sici">plcb-03-10-03</article-id><article-categories><subj-group subj-group-type="heading"><subject>Research Article</subject></subj-group><subj-group subj-group-type="Discipline"><subject>Computational Biology</subject></subj-group><subj-group subj-group-type="System Taxonomy"><subject>In Vitro</subject><subject>Bacteria</subject><subject>Rhizobium</subject><subject>None</subject></subj-group></article-categories><title-group><article-title>Metabolic Reconstruction and Modeling of Nitrogen Fixation in <named-content content-type="genus-species">Rhizobium etli</named-content>
</article-title><alt-title alt-title-type="running-head">Metabolic Reconstruction Model Nitrogen Fixation</alt-title></title-group><contrib-group><contrib contrib-type="author"><name><surname>Resendis-Antonio</surname><given-names>Osbaldo</given-names></name><xref ref-type="aff" rid="aff1">1</xref><xref ref-type="aff" rid="aff2">2</xref></contrib><contrib contrib-type="author"><name><surname>Reed</surname><given-names>Jennifer L</given-names></name><xref ref-type="aff" rid="aff1">1</xref></contrib><contrib contrib-type="author"><name><surname>Encarnación</surname><given-names>Sergio</given-names></name><xref ref-type="aff" rid="aff2">2</xref></contrib><contrib contrib-type="author"><name><surname>Collado-Vides</surname><given-names>Julio</given-names></name><xref ref-type="aff" rid="aff2">2</xref></contrib><contrib contrib-type="author"><name><surname>Palsson</surname><given-names>Bernhard Ø</given-names></name><xref ref-type="aff" rid="aff1">1</xref><xref ref-type="corresp" rid="cor1">*</xref></contrib></contrib-group><aff id="aff1"><label>1</label> Bioengineering Department, University of California San Diego, La Jolla, California, United States of America
</aff><aff id="aff2"><label>2</label> Centro de Ciencias Genomicas, Universidad Nacional Autónoma de México, Cuernavaca, Morelos, México
</aff><contrib-group><contrib contrib-type="editor"><name><surname>Miyano</surname><given-names>Satoru</given-names></name><role>Editor</role><xref ref-type="aff" rid="edit1"/></contrib></contrib-group><aff id="edit1">The University of Tokyo, Japan</aff><author-notes><corresp id="cor1">* To whom correspondence should be addressed. E-mail: <email>bpalsson@bioeng.ucsd.edu</email></corresp></author-notes><pub-date pub-type="ppub"><month>10</month><year>2007</year></pub-date><pub-date pub-type="epub"><day>5</day><month>10</month><year>2007</year></pub-date><pub-date pub-type="epreprint"><day>17</day><month>8</month><year>2007</year></pub-date><volume>3</volume><issue>10</issue><elocation-id>e192</elocation-id><history><date date-type="received"><day>20</day><month>2</month><year>2007</year></date><date date-type="accepted"><day>17</day><month>8</month><year>2007</year></date></history><permissions><copyright-statement> © 2007 Resendis-Antonio et al.</copyright-statement><copyright-year>2007</copyright-year><license xlink:href="http://creativecommons.org/licenses/by/4.0/"><license-p>This is an open-access article distributed under the terms of the Creative Commons Attribution License, which permits unrestricted use, distribution, and reproduction in any medium, provided the original author and source are properly credited.</license-p></license></permissions><!--<related-article preprintResearch Article10.1371/journal.pcbi.0030192.eorRA1doisimple>Metabolic Reconstruction and Modeling of Nitrogen Fixation in Rhizobium etli</related-article>--><abstract><p><italic>Rhizobiaceas</italic> are bacteria that fix nitrogen during symbiosis with plants. This symbiotic relationship is crucial for the nitrogen cycle, and understanding symbiotic mechanisms is a scientific challenge with direct applications in agronomy and plant development. <italic>Rhizobium etli</italic> is a bacteria which provides legumes with ammonia (among other chemical compounds), thereby stimulating plant growth. A genome-scale approach, integrating the biochemical information available for <italic>R. etli</italic>, constitutes an important step toward understanding the symbiotic relationship and its possible improvement. In this work we present a genome-scale metabolic reconstruction (iOR363) for <italic>R. etli</italic> CFN42, which includes 387 metabolic and transport reactions across 26 metabolic pathways. This model was used to analyze the physiological capabilities of <named-content content-type="genus-species">R. etli</named-content> during stages of nitrogen fixation. To study the physiological capacities in silico, an objective function was formulated to simulate symbiotic nitrogen fixation. Flux balance analysis (FBA) was performed, and the predicted active metabolic pathways agreed qualitatively with experimental observations. In addition, predictions for the effects of gene deletions during nitrogen fixation in <italic>Rhizobia</italic> in silico also agreed with reported experimental data. Overall, we present some evidence supporting that FBA of the reconstructed metabolic network for <named-content content-type="genus-species">R. etli</named-content> provides results that are in agreement with physiological observations. Thus, as for other organisms, the reconstructed genome-scale metabolic network provides an important framework which allows us to compare model predictions with experimental measurements and eventually generate hypotheses on ways to improve nitrogen fixation.</p></abstract><abstract abstract-type="summary"><title>Author Summary</title><sec id="st1"><title/><p>Nitrogen fixation is an important process for improving plant development in crops. Overall, it constitutes a central role in the nitrogen cycle which is essential to life. In this work we were interested in understanding nitrogen fixation in <named-content content-type="genus-species">Rhizobium etli</named-content> from a genome-scale perspective. Using the genome annotation and scientific literature, we reconstructed the metabolic network for <named-content content-type="genus-species">R. etli</named-content>, a bacterium that fixes nitrogen. The reconstructed metabolic network was used to analyze how this network is utilized during nitrogen fixation. From this metabolic network, we built a model that was found to be in agreement with the general biochemical properties of <italic>Rhizobia</italic>, when it fixes nitrogen. Additionally, we have included an analysis of how gene deletions affect symbiotic nitrogen fixation. We propose that the metabolic reconstruction presented here can be useful as a theoretical template to understand and suggest a hypothesis for improving nitrogen fixation and its biochemical interaction with plants.</p></sec></abstract><counts><page-count count="9"/></counts><custom-meta-group><custom-meta><meta-name>citation</meta-name><meta-value>Resendis-Antonio O, Reed JL, Encarnación S, Collado-Vides J, Palsson BØ (2007) Metabolic reconstruction and modeling of nitrogen fixation in <named-content content-type="genus-species">Rhizobium etli</named-content>. PLoS Comput Biol 3(10): e192. doi:<ext-link ext-link-type="doi" xlink:href="10.1371/journal.pcbi.0030192">10.1371/journal.pcbi.0030192</ext-link></meta-value></custom-meta></custom-meta-group></article-meta></front></article>