<article xmlns="https://jats.nlm.nih.gov/ns/archiving/1.2/" xmlns:xsi="http://www.w3.org/2001/XMLSchema-instance" xmlns:ali="http://www.niso.org/schemas/ali/1.0/" xmlns:mml="http://www.w3.org/1998/Math/MathML" xmlns:xlink="http://www.w3.org/1999/xlink" xsi:schemaLocation="https://jats.nlm.nih.gov/ns/archiving/1.2/ https://jats.nlm.nih.gov/archiving/1.2/xsd/JATS-archivearticle1.xsd" article-type="research-article"><front><journal-meta><journal-id journal-id-type="nlm-ta">PLoS Comput Biol</journal-id><journal-id journal-id-type="iso-abbrev">PLoS Comput. Biol</journal-id><journal-id journal-id-type="publisher-id">pcbi</journal-id><journal-id journal-id-type="publisher-id">plcb</journal-id><journal-id journal-id-type="pmc">ploscomp</journal-id><journal-title-group><journal-title>PLoS Computational Biology</journal-title></journal-title-group><issn pub-type="ppub">1553-734X</issn><issn pub-type="epub">1553-7358</issn><publisher><publisher-name>Public Library of Science</publisher-name><publisher-loc>San Francisco, USA</publisher-loc></publisher></journal-meta><article-meta><article-id pub-id-type="accession">PMC2082501</article-id><article-id pub-id-type="pmcid">PMC2082501</article-id><article-id pub-id-type="pmc-uid">2082501</article-id><article-id pub-id-type="pmid">18039028</article-id><article-id pub-id-type="pmid">18039028</article-id><article-id pub-id-type="doi">10.1371/journal.pcbi.0030235</article-id><article-id pub-id-type="publisher-id">07-PLCB-RA-0439R2</article-id><article-id pub-id-type="sici">plcb-03-11-22</article-id><article-categories><subj-group subj-group-type="heading"><subject>Research Article</subject></subj-group><subj-group subj-group-type="Discipline"><subject>Computational Biology</subject><subject>Genetics and Genomics</subject></subj-group><subj-group subj-group-type="System Taxonomy"><subject>Homo (Human)</subject></subj-group></article-categories><title-group><article-title>A Universal Mechanism Ties Genotype to Phenotype in Trinucleotide Diseases</article-title><alt-title alt-title-type="running-head">A Mechanism for Trinucleotide Diseases</alt-title></title-group><contrib-group><contrib contrib-type="author"><name><surname>Kaplan</surname><given-names>Shai</given-names></name><xref ref-type="aff" rid="aff1">1</xref><xref ref-type="aff" rid="aff2">2</xref></contrib><contrib contrib-type="author"><name><surname>Itzkovitz</surname><given-names>Shalev</given-names></name><xref ref-type="aff" rid="aff1">1</xref><xref ref-type="aff" rid="aff3">3</xref></contrib><contrib contrib-type="author"><name><surname>Shapiro</surname><given-names>Ehud</given-names></name><xref ref-type="aff" rid="aff1">1</xref><xref ref-type="aff" rid="aff3">3</xref><xref ref-type="corresp" rid="cor1">*</xref></contrib></contrib-group><aff id="aff1"><label>1</label> Department of Biological Chemistry, Weizmann Institute of Science, Rehovot, Israel
</aff><aff id="aff2"><label>2</label> Department of Molecular Cell Biology, Weizmann Institute of Science, Rehovot, Israel
</aff><aff id="aff3"><label>3</label> Department of Computer Science and Applied Mathematics, Weizmann Institute of Science, Rehovot, Israel
</aff><contrib-group><contrib contrib-type="editor"><name><surname>Stormo</surname><given-names>Gary</given-names></name><role>Editor</role><xref ref-type="aff" rid="edit1"/></contrib></contrib-group><aff id="edit1">Washington University, United States of America</aff><author-notes><corresp id="cor1">* To whom correspondence should be addressed. E-mail: <email>ehud.shapiro@weizmann.ac.il</email></corresp></author-notes><pub-date pub-type="ppub"><month>11</month><year>2007</year></pub-date><pub-date pub-type="epub"><day>23</day><month>11</month><year>2007</year></pub-date><pub-date pub-type="epreprint"><day>16</day><month>10</month><year>2007</year></pub-date><volume>3</volume><issue>11</issue><elocation-id>e235</elocation-id><history><date date-type="received"><day>24</day><month>7</month><year>2007</year></date><date date-type="accepted"><day>15</day><month>10</month><year>2007</year></date></history><permissions><copyright-statement> © 2007 Kaplan et al.</copyright-statement><copyright-year>2007</copyright-year><license xlink:href="http://creativecommons.org/licenses/by/4.0/"><license-p>This is an open-access article distributed under the terms of the Creative Commons Attribution License, which permits unrestricted use, distribution, and reproduction in any medium, provided the original author and source are properly credited.</license-p></license></permissions><!--<related-article preprintResearch Article10.1371/journal.pcbi.0030235.eorRA1doisimple>A Universal Mechanism Ties Genotype to Phenotype in Trinucleotide Diseases</related-article>--><abstract><p>Trinucleotide hereditary diseases such as Huntington disease and Friedreich ataxia are cureless diseases associated with inheriting an abnormally large number of DNA trinucleotide repeats in a gene. The genes associated with different diseases are unrelated and harbor a trinucleotide repeat in different functional regions; therefore, it is striking that many of these diseases have similar correlations between their genotype, namely the number of inherited repeats and age of onset and progression phenotype. These correlations remain unexplained despite more than a decade of research. Although mechanisms have been proposed for several trinucleotide diseases, none of the proposals, being disease-specific, can account for the commonalities among these diseases. Here, we propose a universal mechanism in which length-dependent somatic repeat expansion occurs during the patient's lifetime toward a pathological threshold. Our mechanism uniformly explains for the first time to our knowledge the genotype–phenotype correlations common to trinucleotide disease and is well-supported by both experimental and clinical data. In addition, mathematical analysis of the mechanism provides simple explanations to a wide range of phenomena such as the exponential decrease of the age-of-onset curve, similar onset but faster progression in patients with Huntington disease with homozygous versus heterozygous mutation, and correlation of age of onset with length of the short allele but not with the long allele in Friedreich ataxia. If our proposed universal mechanism proves to be the core component of the actual mechanisms of specific trinucleotide diseases, it would open the search for a uniform treatment for all these diseases, possibly by delaying the somatic expansion process.</p></abstract><abstract abstract-type="summary"><title>Author Summary</title><sec id="st1"><title/><p>Trinucleotide diseases are a broad family of hereditary diseases characterized genetically by an expanded DNA region consisting of a repeated three-letter code. Patients inheriting such an abnormal DNA region experience sudden disease onset at an age that inversely depends on the size of the expanded region, followed by inevitable and highly predictable suffering and death. Despite more than a decade of research, the underlying mechanism of these diseases remains an enigma. Although the genes implicated with the various trinucleotide diseases are unrelated, and the defects in these genes occur in different parts of the DNA coding for the gene, the diseases' shared characteristics suggest a common mechanism underlies their root cause. We suggest a mechanism that uniformly explains how the inherited DNA repeats genetically encode the time of onset and the rate of progression of trinucleotide diseases. It suggests the disease manifests and progresses through the further expansion of the inherited abnormally expanded DNA region. It explains the clinical data of many diseases in this family, including previously unexplained onset-related phenomena. It also predicts that a general therapy for these diseases would be a drug or procedure that successfully interferes with the ongoing expansion of the disease trinucleotide repeat.</p></sec></abstract><counts><page-count count="8"/></counts><custom-meta-group><custom-meta><meta-name>citation</meta-name><meta-value>Kaplan S, Itzkovitz S, Shapiro E (2007) A universal mechanism ties genotype to phenotype in trinucleotide diseases. PLoS Comput Biol 3(11): e235. doi:<ext-link ext-link-type="doi" xlink:href="10.1371/journal.pcbi.0030235">10.1371/journal.pcbi.0030235</ext-link></meta-value></custom-meta></custom-meta-group></article-meta></front></article>