<article xmlns="https://jats.nlm.nih.gov/ns/archiving/1.2/" xmlns:xsi="http://www.w3.org/2001/XMLSchema-instance" xmlns:ali="http://www.niso.org/schemas/ali/1.0/" xmlns:mml="http://www.w3.org/1998/Math/MathML" xmlns:xlink="http://www.w3.org/1999/xlink" xsi:schemaLocation="https://jats.nlm.nih.gov/ns/archiving/1.2/ https://jats.nlm.nih.gov/archiving/1.2/xsd/JATS-archivearticle1.xsd" article-type="research-article"><front><journal-meta><journal-id journal-id-type="nlm-ta">PLoS Comput Biol</journal-id><journal-id journal-id-type="iso-abbrev">PLoS Comput. Biol</journal-id><journal-id journal-id-type="publisher-id">pcbi</journal-id><journal-id journal-id-type="publisher-id">plcb</journal-id><journal-id journal-id-type="pmc">ploscomp</journal-id><journal-title-group><journal-title>PLoS Computational Biology</journal-title></journal-title-group><issn pub-type="ppub">1553-734X</issn><issn pub-type="epub">1553-7358</issn><publisher><publisher-name>Public Library of Science</publisher-name><publisher-loc>San Francisco, USA</publisher-loc></publisher></journal-meta><article-meta><article-id pub-id-type="accession">PMC2065892</article-id><article-id pub-id-type="pmcid">PMC2065892</article-id><article-id pub-id-type="pmc-uid">2065892</article-id><article-id pub-id-type="pmid">17997594</article-id><article-id pub-id-type="pmid">17997594</article-id><article-id pub-id-type="doi">10.1371/journal.pcbi.0030216</article-id><article-id pub-id-type="publisher-id">07-PLCB-RA-0296R2</article-id><article-id pub-id-type="sici">plcb-03-11-15</article-id><article-categories><subj-group subj-group-type="heading"><subject>Research Article</subject></subj-group><subj-group subj-group-type="Discipline"><subject>Computational Biology</subject><subject>Computational Biology</subject><subject>Computational Biology</subject><subject>Evolutionary Biology</subject><subject>Evolutionary Biology</subject></subj-group><subj-group subj-group-type="System Taxonomy"><subject>Drosophila</subject></subj-group></article-categories><title-group><article-title>MORPH: Probabilistic Alignment Combined with Hidden Markov Models of <italic>cis</italic>-Regulatory Modules</article-title><alt-title alt-title-type="running-head">Probabilistic Alignment of CRMs</alt-title></title-group><contrib-group><contrib contrib-type="author"><name><surname>Sinha</surname><given-names>Saurabh</given-names></name><xref ref-type="corresp" rid="cor1">*</xref><xref ref-type="aff" rid="aff1"/></contrib><contrib contrib-type="author"><name><surname>He</surname><given-names>Xin</given-names></name><xref ref-type="aff" rid="aff1"/></contrib></contrib-group><aff id="aff1">Department of Computer Science, University of Illinois at Urbana-Champaign, Urbana, Illinois, United States of America</aff><contrib-group><contrib contrib-type="editor"><name><surname>Pilpel</surname><given-names>Yitzhak</given-names></name><role>Editor</role><xref ref-type="aff" rid="edit1"/></contrib></contrib-group><aff id="edit1">Weizmann Institute of Science, Israel</aff><author-notes><corresp id="cor1">* To whom correspondence should be addressed. E-mail: <email>sinhas@cs.uiuc.edu</email></corresp></author-notes><pub-date pub-type="ppub"><month>11</month><year>2007</year></pub-date><pub-date pub-type="epub"><day>9</day><month>11</month><year>2007</year></pub-date><pub-date pub-type="epreprint"><day>24</day><month>9</month><year>2007</year></pub-date><volume>3</volume><issue>11</issue><elocation-id>e216</elocation-id><history><date date-type="received"><day>30</day><month>5</month><year>2007</year></date><date date-type="accepted"><day>21</day><month>9</month><year>2007</year></date></history><permissions><copyright-statement> © 2007 Sinha and He.</copyright-statement><copyright-year>2007</copyright-year><license xlink:href="http://creativecommons.org/licenses/by/4.0/"><license-p>This is an open-access article distributed under the terms of the Creative Commons Attribution License, which permits unrestricted use, distribution, and reproduction in any medium, provided the original author and source are properly credited.</license-p></license></permissions><!--<related-article preprintResearch Article10.1371/journal.pcbi.0030216.eorRA1doisimple>MORPH: Probabilistic Alignment Combined with Hidden Markov Models of cis-Regulatory Modules</related-article>--><abstract><p>The discovery and analysis of <italic>cis-</italic>regulatory modules (CRMs) in metazoan genomes is crucial for understanding the transcriptional control of development and many other biological processes. Cross-species sequence comparison holds much promise for improving computational prediction of CRMs, for elucidating their binding site composition, and for understanding how they evolve. Current methods for analyzing orthologous CRMs from multiple species rely upon sequence alignments produced by off-the-shelf alignment algorithms, which do not exploit the presence of binding sites in the sequences. We present here a unified probabilistic framework, called MORPH, that integrates the alignment task with binding site predictions, allowing more robust CRM analysis in two species. The framework sums over all possible alignments of two sequences, thus accounting for alignment ambiguities in a natural way. We perform extensive tests on orthologous CRMs from two moderately diverged species <named-content content-type="genus-species">Drosophila melanogaster</named-content> and <named-content content-type="genus-species">D. mojavensis</named-content>, to demonstrate the advantages of the new approach. We show that it can overcome certain computational artifacts of traditional alignment tools and provide a different, likely more accurate, picture of <italic>cis-</italic>regulatory evolution than that obtained from existing methods. The burgeoning field of <italic>cis-</italic>regulatory evolution, which is amply supported by the availability of many related genomes, is currently thwarted by the lack of accurate alignments of regulatory regions. Our work will fill in this void and enable more reliable analysis of CRM evolution.</p></abstract><abstract abstract-type="summary"><title>Author Summary</title><sec id="st1"><title/><p>Interspecies comparison of regulatory sequences is a major focus in the bioinformatics community today. There is extensive ongoing effort toward measuring the extent and patterns of binding site turnover in <italic>cis-</italic>regulatory modules. A major roadblock in such an analysis has been the fact that traditional alignment methods are not very accurate for regulatory sequences. This is partly because the alignment is performed independently from the binding site predictions and turnover analysis. This article describes a new computational method to compare and align two orthologous regulatory sequences. It uses a unified probabilistic framework to perform alignment and binding site prediction simultaneously, rather than one after the other. Predictions of binding sites and their evolutionary relationships are obtained after summing over all possible alignments, making them robust to alignment ambiguities. The method can also be used to predict new <italic>cis-</italic>regulatory modules. The article presents extensive applications of the method on synthetic as well as real data. These include the analysis of over 200 <italic>cis-</italic>regulatory modules in <named-content content-type="genus-species">D. melanogaster</named-content> and their orthologs in <named-content content-type="genus-species">D. mojavensis</named-content>. This analysis reveals a significantly greater degree of conservation of binding sites between these two species than will be inferred from existing alignment tools.</p></sec></abstract><counts><page-count count="15"/></counts><custom-meta-group><custom-meta><meta-name>citation</meta-name><meta-value>Sinha S, He X (2007) MORPH: Probabilistic alignment combined with hidden Markov models of <italic>cis-</italic>regulatory modules. PLoS Comput Biol 3(11): e216. doi:<ext-link ext-link-type="doi" xlink:href="10.1371/journal.pcbi.0030216">10.1371/journal.pcbi.0030216</ext-link></meta-value></custom-meta></custom-meta-group></article-meta></front></article>