<article xmlns="https://jats.nlm.nih.gov/ns/archiving/1.2/" xmlns:xsi="http://www.w3.org/2001/XMLSchema-instance" xmlns:ali="http://www.niso.org/schemas/ali/1.0/" xmlns:mml="http://www.w3.org/1998/Math/MathML" xmlns:xlink="http://www.w3.org/1999/xlink" xsi:schemaLocation="https://jats.nlm.nih.gov/ns/archiving/1.2/ https://jats.nlm.nih.gov/archiving/1.2/xsd/JATS-archivearticle1.xsd" article-type="research-article"><front><journal-meta><journal-id journal-id-type="nlm-ta">PLoS Comput Biol</journal-id><journal-id journal-id-type="iso-abbrev">PLoS Comput. Biol</journal-id><journal-id journal-id-type="publisher-id">pcbi</journal-id><journal-id journal-id-type="publisher-id">plcb</journal-id><journal-id journal-id-type="pmc">ploscomp</journal-id><journal-title-group><journal-title>PLoS Computational Biology</journal-title></journal-title-group><issn pub-type="ppub">1553-734X</issn><issn pub-type="epub">1553-7358</issn><publisher><publisher-name>Public Library of Science</publisher-name><publisher-loc>San Francisco, USA</publisher-loc></publisher></journal-meta><article-meta><article-id pub-id-type="accession">PMC2174978</article-id><article-id pub-id-type="pmcid">PMC2174978</article-id><article-id pub-id-type="pmc-uid">2174978</article-id><article-id pub-id-type="pmid">18179280</article-id><article-id pub-id-type="pmid">18179280</article-id><article-id pub-id-type="doi">10.1371/journal.pcbi.0040002</article-id><article-id pub-id-type="publisher-id">07-PLCB-RA-0425R2</article-id><article-id pub-id-type="sici">plcb-04-01-01</article-id><article-categories><subj-group subj-group-type="heading"><subject>Research Article</subject></subj-group><subj-group subj-group-type="Discipline"><subject>Computational Biology</subject><subject>Mathematics</subject><subject>Neurological Disorders</subject><subject>Neuroscience</subject></subj-group><subj-group subj-group-type="System Taxonomy"><subject>Homo (Human)</subject></subj-group></article-categories><title-group><article-title>Genes and (Common) Pathways Underlying Drug Addiction</article-title><alt-title alt-title-type="running-head">Genes and Pathways Underlying Addiction</alt-title></title-group><contrib-group><contrib contrib-type="author"><name><surname>Li</surname><given-names>Chuan-Yun</given-names></name><xref ref-type="aff" rid="aff1"/></contrib><contrib contrib-type="author"><name><surname>Mao</surname><given-names>Xizeng</given-names></name><xref ref-type="aff" rid="aff1"/></contrib><contrib contrib-type="author"><name><surname>Wei</surname><given-names>Liping</given-names></name><xref ref-type="corresp" rid="cor1">*</xref><xref ref-type="aff" rid="aff1"/></contrib></contrib-group><aff id="aff1">Center for Bioinformatics, National Laboratory of Protein Engineering and Plant Genetic Engineering, College of Life Sciences, Peking University, Beijing, People's Republic of China</aff><contrib-group><contrib contrib-type="editor"><name><surname>Karp</surname><given-names>Peter D</given-names></name><role>Editor</role><xref ref-type="aff" rid="edit1"/></contrib></contrib-group><aff id="edit1">SRI Artificial Intelligence Center, United States of America</aff><author-notes><corresp id="cor1">* To whom correspondence should be addressed. E-mail: <email>weilp@mail.cbi.pku.edu.cn</email></corresp></author-notes><pub-date pub-type="ppub"><month>1</month><year>2008</year></pub-date><pub-date pub-type="epub"><day>4</day><month>1</month><year>2008</year></pub-date><pub-date pub-type="epreprint"><day>20</day><month>11</month><year>2007</year></pub-date><volume>4</volume><issue>1</issue><elocation-id>e2</elocation-id><history><date date-type="received"><day>18</day><month>7</month><year>2007</year></date><date date-type="accepted"><day>19</day><month>11</month><year>2007</year></date></history><permissions><copyright-statement> © 2008 Li et al.</copyright-statement><copyright-year>2008</copyright-year><license xlink:href="http://creativecommons.org/licenses/by/4.0/"><license-p>This is an open-access article distributed under the terms of the Creative Commons Attribution License, which permits unrestricted use, distribution, and reproduction in any medium, provided the original author and source are properly credited.</license-p></license></permissions><!--<related-article preprintResearch Article10.1371/journal.pcbi.0040002.eorRA1doisimple>Genes and (Common) Pathways Underlying Drug Addiction</related-article>--><abstract><p>Drug addiction is a serious worldwide problem with strong genetic and environmental influences. Different technologies have revealed a variety of genes and pathways underlying addiction; however, each individual technology can be biased and incomplete. We integrated 2,343 items of evidence from peer-reviewed publications between 1976 and 2006 linking genes and chromosome regions to addiction by single-gene strategies, microrray, proteomics, or genetic studies. We identified 1,500 human addiction-related genes and developed KARG (<ext-link ext-link-type="uri" xlink:href="http://karg.cbi.pku.edu.cn">http://karg.cbi.pku.edu.cn</ext-link>), the first molecular database for addiction-related genes with extensive annotations and a friendly Web interface. We then performed a meta-analysis of 396 genes that were supported by two or more independent items of evidence to identify 18 molecular pathways that were statistically significantly enriched, covering both upstream signaling events and downstream effects. Five molecular pathways significantly enriched for all four different types of addictive drugs were identified as common pathways which may underlie shared rewarding and addictive actions, including two new ones, GnRH signaling pathway and gap junction. We connected the common pathways into a hypothetical common molecular network for addiction. We observed that fast and slow positive feedback loops were interlinked through CAMKII, which may provide clues to explain some of the irreversible features of addiction.</p></abstract><abstract abstract-type="summary"><title>Author Summary</title><sec id="st1"><title/><p>Drug addiction has become one of the most serious problems in the world. It has been estimated that genetic factors contribute to 40%–60% of the vulnerability to drug addiction, and environmental factors provide the remainder. What are the genes and pathways underlying addiction? Is there a common molecular network underlying addiction to different abusive substances? Is there any network property that may explain the long-lived and often irreversible molecular and structural changes after addiction? These important questions were traditionally studied experimentally. The explosion of genomic and proteomic data in recent years both enabled and necessitated bioinformatic studies of addiction. We integrated data derived from multiple technology platforms and collected 2,343 items of evidence linking genes and chromosome regions to addiction. We identified 18 statistically significantly enriched molecular pathways. In particular, five of them were common for four types of addictive drugs, which may underlie shared rewarding and addictive actions, including two new ones, GnRH signaling pathway and gap junction. We connected the common pathways into a hypothetical common molecular network for addiction. We observed that fast and slow positive feedback loops were interlinked through CAMKII, which may provide clues to explain some of the irreversible features of addiction.</p></sec></abstract><counts><page-count count="7"/></counts><custom-meta-group><custom-meta><meta-name>citation</meta-name><meta-value>Li CY, Mao X, Wei L (2008) Genes and (common) pathways underlying drug addiction. PLoS Comput Biol 4(1): e2. doi:<ext-link ext-link-type="doi" xlink:href="10.1371/journal.pcbi.0040002">10.1371/journal.pcbi.0040002</ext-link></meta-value></custom-meta></custom-meta-group></article-meta></front></article>