<article xmlns="https://jats.nlm.nih.gov/ns/archiving/1.2/" xmlns:xsi="http://www.w3.org/2001/XMLSchema-instance" xmlns:ali="http://www.niso.org/schemas/ali/1.0/" xmlns:mml="http://www.w3.org/1998/Math/MathML" xmlns:xlink="http://www.w3.org/1999/xlink" xsi:schemaLocation="https://jats.nlm.nih.gov/ns/archiving/1.2/ https://jats.nlm.nih.gov/archiving/1.2/xsd/JATS-archivearticle1.xsd" article-type="research-article"><front><journal-meta><journal-id journal-id-type="nlm-ta">PLoS Comput Biol</journal-id><journal-id journal-id-type="iso-abbrev">PLoS Comput. Biol</journal-id><journal-id journal-id-type="publisher-id">pcbi</journal-id><journal-id journal-id-type="publisher-id">plcb</journal-id><journal-id journal-id-type="pmc">ploscomp</journal-id><journal-title-group><journal-title>PLoS Computational Biology</journal-title></journal-title-group><issn pub-type="ppub">1553-734X</issn><issn pub-type="epub">1553-7358</issn><publisher><publisher-name>Public Library of Science</publisher-name><publisher-loc>San Francisco, USA</publisher-loc></publisher></journal-meta><article-meta><article-id pub-id-type="accession">PMC2098861</article-id><article-id pub-id-type="pmcid">PMC2098861</article-id><article-id pub-id-type="pmc-uid">2098861</article-id><article-id pub-id-type="pmid">18052540</article-id><article-id pub-id-type="pmid">18052540</article-id><article-id pub-id-type="doi">10.1371/journal.pcbi.0030233</article-id><article-id pub-id-type="publisher-id">07-PLCB-RA-0323R2</article-id><article-id pub-id-type="sici">plcb-03-11-26</article-id><article-categories><subj-group subj-group-type="heading"><subject>Research Article</subject></subj-group><subj-group subj-group-type="Discipline"><subject>Biophysics</subject><subject>Computational Biology</subject><subject>Developmental Biology</subject></subj-group><subj-group subj-group-type="System Taxonomy"><subject>Drosophila</subject><subject>Zea</subject></subj-group></article-categories><title-group><article-title>Small Regulatory RNAs May Sharpen Spatial Expression Patterns </article-title><alt-title alt-title-type="running-head">miRNAs May Sharpen Expression Patterns</alt-title></title-group><contrib-group><contrib contrib-type="author" equal-contrib="yes"><name><surname>Levine</surname><given-names>Erel</given-names></name><xref ref-type="aff" rid="aff1"/></contrib><contrib contrib-type="author" equal-contrib="yes"><name><surname>McHale</surname><given-names>Peter</given-names></name><xref ref-type="aff" rid="aff1"/></contrib><contrib contrib-type="author"><name><surname>Levine</surname><given-names>Herbert</given-names></name><xref ref-type="corresp" rid="cor1">*</xref><xref ref-type="aff" rid="aff1"/></contrib></contrib-group><aff id="aff1">Center for Theoretical Biological Physics, University of California San Diego, La Jolla, California, United States of America</aff><contrib-group><contrib contrib-type="editor"><name><surname>Crampin</surname><given-names>Edmund John</given-names></name><role>Editor</role><xref ref-type="aff" rid="edit1"/></contrib></contrib-group><aff id="edit1">University of Auckland, New Zealand</aff><author-notes><corresp id="cor1">* To whom correspondence should be addressed. E-mail: <email>hlevine@ucsd.edu</email></corresp></author-notes><pub-date pub-type="ppub"><month>11</month><year>2007</year></pub-date><pub-date pub-type="epub"><day>30</day><month>11</month><year>2007</year></pub-date><volume>3</volume><issue>11</issue><elocation-id>e233</elocation-id><history><date date-type="received"><day>11</day><month>6</month><year>2007</year></date><date date-type="accepted"><day>12</day><month>10</month><year>2007</year></date></history><permissions><copyright-statement> © 2007 Levine et al.</copyright-statement><copyright-year>2007</copyright-year><license xlink:href="http://creativecommons.org/licenses/by/4.0/"><license-p>This is an open-access article distributed under the terms of the Creative Commons Attribution License, which permits unrestricted use, distribution, and reproduction in any medium, provided the original author and source are properly credited.</license-p></license></permissions><abstract><p>The precise establishment of gene expression patterns is a crucial step in development. Formation of a sharp boundary between high and low spatial expression domains requires a genetic mechanism that exhibits sensitivity, yet is robust to fluctuations, a demand that may not be easily achieved by morphogens alone. Recently, it has been demonstrated that small RNAs (and, in particular, microRNAs) play many roles in embryonic development. Whereas some RNAs are essential for embryogenesis, others are limited to fine-tuning a predetermined gene expression pattern. Here, we explore the possibility that small RNAs participate in sharpening a gene expression profile that was crudely established by a morphogen. To this end, we study a model in which small RNAs interact with a target gene and diffusively move from cell to cell. Though diffusion generally smoothens spatial expression patterns, we find that intercellular mobility of small RNAs is actually critical in sharpening the interface between target expression domains in a robust manner. This sharpening occurs as small RNAs diffuse into regions of low mRNA expression and eliminate target molecules therein, but cannot affect regions of high mRNA levels. We discuss the applicability of our results, as examples, to the case of leaf polarity establishment in maize and Hox patterning in the early <italic>Drosophila</italic> embryo. Our findings point out the functional significance of some mechanistic properties, such as mobility of small RNAs and the irreversibility of their interactions. These properties are yet to be established directly for most classes of small RNAs. An indirect yet simple experimental test of the proposed mechanism is suggested in some detail.</p></abstract><abstract abstract-type="summary"><title>Author Summary</title><sec id="st1"><title/><p>Early embryonic development depends on robust patterning along the axes of the embryo. At the cellular level, neighboring segments are often identified via the concentrations of several gene products: the expression of such a gene may, for example, be high in the cells of one segment, and negligible in those of another. Recently, it has been suggested that small RNA molecules, such as microRNAs, may play a role in establishing a sharp boundary between two neighboring segments, but are not required for the overall patterning. Here, we investigate this possibility using a mathematical model, which assumes that small RNAs diffuse in the tissue. Surprisingly, we find that mobility of the small RNAs may generate a sharp interface in the expression profile of its target gene. We analyze the properties of the interaction between the two molecules that are required to achieve this function. An experimentally testable prediction is detailed, and two possible realizations in the fruit fly and in maize are discussed.</p></sec></abstract><counts><page-count count="10"/></counts><custom-meta-group><custom-meta><meta-name>citation</meta-name><meta-value>Levine E, McHale P, Levine H (2007) Small regulatory RNAs may sharpen spatial expression patterns. PLoS Comput Biol 3(11): e233. doi: <ext-link ext-link-type="doi" xlink:href="10.1371/journal.pcbi.0030233">10.1371/journal.pcbi.0030233</ext-link></meta-value></custom-meta></custom-meta-group></article-meta></front></article>