<article xmlns="https://jats.nlm.nih.gov/ns/archiving/1.2/" xmlns:xsi="http://www.w3.org/2001/XMLSchema-instance" xmlns:ali="http://www.niso.org/schemas/ali/1.0/" xmlns:mml="http://www.w3.org/1998/Math/MathML" xmlns:xlink="http://www.w3.org/1999/xlink" xsi:schemaLocation="https://jats.nlm.nih.gov/ns/archiving/1.2/ https://jats.nlm.nih.gov/archiving/1.2/xsd/JATS-archivearticle1.xsd" article-type="research-article"><front><journal-meta><journal-id journal-id-type="nlm-ta">PLoS Comput Biol</journal-id><journal-id journal-id-type="iso-abbrev">PLoS Comput. Biol</journal-id><journal-id journal-id-type="publisher-id">pcbi</journal-id><journal-id journal-id-type="publisher-id">plcb</journal-id><journal-id journal-id-type="pmc">ploscomp</journal-id><journal-title-group><journal-title>PLoS Computational Biology</journal-title></journal-title-group><issn pub-type="ppub">1553-734X</issn><issn pub-type="epub">1553-7358</issn><publisher><publisher-name>Public Library of Science</publisher-name><publisher-loc>San Francisco, USA</publisher-loc></publisher></journal-meta><article-meta><article-id pub-id-type="accession">PMC2098860</article-id><article-id pub-id-type="pmcid">PMC2098860</article-id><article-id pub-id-type="pmc-uid">2098860</article-id><article-id pub-id-type="pmid">18052539</article-id><article-id pub-id-type="pmid">18052539</article-id><article-id pub-id-type="doi">10.1371/journal.pcbi.0030232</article-id><article-id pub-id-type="publisher-id">07-PLCB-RA-0109R2</article-id><article-id pub-id-type="sici">plcb-03-11-25</article-id><article-categories><subj-group subj-group-type="heading"><subject>Research Article</subject></subj-group><subj-group subj-group-type="Discipline"><subject>Computational Biology</subject></subj-group><subj-group subj-group-type="System Taxonomy"><subject>None</subject></subj-group></article-categories><title-group><article-title>CATHEDRAL: A Fast and Effective Algorithm to Predict Folds and Domain Boundaries from Multidomain Protein Structures</article-title><alt-title alt-title-type="running-head">A Novel Algorithm</alt-title></title-group><contrib-group><contrib contrib-type="author" equal-contrib="yes"><name><surname>Redfern</surname><given-names>Oliver C</given-names></name><xref ref-type="aff" rid="aff1">1</xref><xref ref-type="corresp" rid="cor1">*</xref></contrib><contrib contrib-type="author" equal-contrib="yes"><name><surname>Harrison</surname><given-names>Andrew</given-names></name><xref ref-type="aff" rid="aff1">1</xref><xref ref-type="aff" rid="aff2">2</xref></contrib><contrib contrib-type="author"><name><surname>Dallman</surname><given-names>Tim</given-names></name><xref ref-type="aff" rid="aff1">1</xref></contrib><contrib contrib-type="author"><name><surname>Pearl</surname><given-names>Frances M. G</given-names></name><xref ref-type="aff" rid="aff1">1</xref></contrib><contrib contrib-type="author"><name><surname>Orengo</surname><given-names>Christine A</given-names></name><xref ref-type="aff" rid="aff1">1</xref></contrib></contrib-group><aff id="aff1"><label>1</label> Department of Biochemistry and Molecular Biology, University College London, London, United Kingdom
</aff><aff id="aff2"><label>2</label> Department of Mathematical Sciences and Biological Sciences, University of Essex, Wivenhoe Park, Colchester, United Kingdom
</aff><contrib-group><contrib contrib-type="editor"><name><surname>Russell</surname><given-names>Robert B</given-names></name><role>Editor</role><xref ref-type="aff" rid="edit1"/></contrib></contrib-group><aff id="edit1">European Molecular Biology Laboratory, Germany</aff><author-notes><corresp id="cor1">* To whom correspondence should be addressed. E-mail: <email>ollie@biochem.ucl.ac.uk</email></corresp></author-notes><pub-date pub-type="ppub"><month>11</month><year>2007</year></pub-date><pub-date pub-type="epub"><day>30</day><month>11</month><year>2007</year></pub-date><volume>3</volume><issue>11</issue><elocation-id>e232</elocation-id><history><date date-type="received"><day>2</day><month>3</month><year>2007</year></date><date date-type="accepted"><day>11</day><month>10</month><year>2007</year></date></history><permissions><copyright-statement> © 2007 Redfern et al.</copyright-statement><copyright-year>2007</copyright-year><license xlink:href="http://creativecommons.org/licenses/by/4.0/"><license-p>This is an open-access article distributed under the terms of the Creative Commons Attribution License, which permits unrestricted use, distribution, and reproduction in any medium, provided the original author and source are properly credited.</license-p></license></permissions><abstract><p>We present CATHEDRAL, an iterative protocol for determining the location of previously observed protein folds in novel multidomain protein structures. CATHEDRAL builds on the features of a fast secondary-structure–based method (using graph theory) to locate known folds within a multidomain context and a residue-based, double-dynamic programming algorithm, which is used to align members of the target fold groups against the query protein structure to identify the closest relative and assign domain boundaries. To increase the fidelity of the assignments, a support vector machine is used to provide an optimal scoring scheme. Once a domain is verified, it is excised, and the search protocol is repeated in an iterative fashion until all recognisable domains have been identified. We have performed an initial benchmark of CATHEDRAL against other publicly available structure comparison methods using a consensus dataset of domains derived from the CATH and SCOP domain classifications. CATHEDRAL shows superior performance in fold recognition and alignment accuracy when compared with many equivalent methods. If a novel multidomain structure contains a known fold, CATHEDRAL will locate it in 90% of cases, with &lt;1% false positives. For nearly 80% of assigned domains in a manually validated test set, the boundaries were correctly delineated within a tolerance of ten residues. For the remaining cases, previously classified domains were very remotely related to the query chain so that embellishments to the core of the fold caused significant differences in domain sizes and manual refinement of the boundaries was necessary. To put this performance in context, a well-established sequence method based on hidden Markov models was only able to detect 65% of domains, with 33% of the subsequent boundaries assigned within ten residues. Since, on average, 50% of newly determined protein structures contain more than one domain unit, and typically 90% or more of these domains are already classified in CATH, CATHEDRAL will considerably facilitate the automation of protein structure classification.</p></abstract><abstract abstract-type="summary"><title>Author Summary</title><sec id="st1"><title/><p>Proteins comprise individual folding units known as domains, with a significant proportion containing two or more (multidomain structures). Each domain is thought to represent a unit of evolution and adopts a specific fold. Detecting domains is often the first step in classifying proteins into evolutionary families for studying the relationship between sequence, structure, and function. Automatically identifying domains from structural data is problematic due to the fact that domains vary substantially in their compactness and geometric separation from one another in the whole protein. We present a novel method, CATHEDRAL, which iteratively identifies each domain by comparing a query structure against a library of manually verified domains in the CATH domain database through computational structure comparison. We find that CATHEDRAL is able to outperform the majority of popular structure comparison methods for finding structural relatives. Furthermore, it is able to accurately identify domain boundaries and outperform other methods of structure-based domain prediction for the majority of proteins. CATHEDRAL is available as a Webserver to provide domain annotations for the community and hence aid in structural and functional characterisation of newly solved protein structures.</p></sec></abstract><counts><page-count count="15"/></counts><custom-meta-group><custom-meta><meta-name>citation</meta-name><meta-value>Redfern OC, Harrison A, Dallman T, Pearl FMG, Orengo CA (2007) CATHEDRAL: A fast and effective algorithm to predict folds and domain boundaries from multidomain protein structures. PLoS Comput Biol 3(11): e232. doi:<ext-link ext-link-type="doi" xlink:href="10.1371/journal.pcbi.0030232">10.1371/journal.pcbi.0030232</ext-link></meta-value></custom-meta></custom-meta-group></article-meta></front></article>