<article xmlns="https://jats.nlm.nih.gov/ns/archiving/1.2/" xmlns:xsi="http://www.w3.org/2001/XMLSchema-instance" xmlns:ali="http://www.niso.org/schemas/ali/1.0/" xmlns:mml="http://www.w3.org/1998/Math/MathML" xmlns:xlink="http://www.w3.org/1999/xlink" xsi:schemaLocation="https://jats.nlm.nih.gov/ns/archiving/1.2/ https://jats.nlm.nih.gov/archiving/1.2/xsd/JATS-archivearticle1.xsd" article-type="research-article"><front><journal-meta><journal-id journal-id-type="nlm-ta">PLoS Comput Biol</journal-id><journal-id journal-id-type="iso-abbrev">PLoS Comput. Biol</journal-id><journal-id journal-id-type="publisher-id">pcbi</journal-id><journal-id journal-id-type="publisher-id">plcb</journal-id><journal-id journal-id-type="pmc">ploscomp</journal-id><journal-title-group><journal-title>PLoS Computational Biology</journal-title></journal-title-group><issn pub-type="ppub">1553-734X</issn><issn pub-type="epub">1553-7358</issn><publisher><publisher-name>Public Library of Science</publisher-name><publisher-loc>San Francisco, USA</publisher-loc></publisher></journal-meta><article-meta><article-id pub-id-type="accession">PMC2098847</article-id><article-id pub-id-type="pmcid">PMC2098847</article-id><article-id pub-id-type="pmc-uid">2098847</article-id><article-id pub-id-type="pmid">18052534</article-id><article-id pub-id-type="pmid">18052534</article-id><article-id pub-id-type="doi">10.1371/journal.pcbi.0030217</article-id><article-id pub-id-type="publisher-id">07-PLCB-RA-0389R2</article-id><article-id pub-id-type="sici">plcb-03-11-24</article-id><article-categories><subj-group subj-group-type="heading"><subject>Research Article</subject></subj-group><subj-group subj-group-type="Discipline"><subject>Biophysics</subject><subject>Biotechnology</subject><subject>Computational Biology</subject><subject>Oncology</subject></subj-group><subj-group subj-group-type="System Taxonomy"><subject>Homo (Human)</subject></subj-group></article-categories><title-group><article-title>In Silico Elucidation of the Molecular Mechanism Defining the Adverse Effect of Selective Estrogen Receptor Modulators</article-title><alt-title alt-title-type="running-head">Molecular Mechanism for Adverse Drug Effect</alt-title></title-group><contrib-group><contrib contrib-type="author"><name><surname>Xie</surname><given-names>Lei</given-names></name><xref ref-type="aff" rid="aff1">1</xref></contrib><contrib contrib-type="author"><name><surname>Wang</surname><given-names>Jian</given-names></name><xref ref-type="aff" rid="aff2">2</xref></contrib><contrib contrib-type="author"><name><surname>Bourne</surname><given-names>Philip E</given-names></name><xref ref-type="aff" rid="aff1">1</xref><xref ref-type="aff" rid="aff3">3</xref><xref ref-type="corresp" rid="cor1">*</xref></contrib></contrib-group><aff id="aff1"><label>1</label> San Diego Supercomputer Center, University of California San Diego, La Jolla, California, United States of America
</aff><aff id="aff2"><label>2</label> Bioinformatics Program, University of California San Diego, La Jolla, California, United States of America
</aff><aff id="aff3"><label>3</label> Skaggs School of Pharmacy and Pharmaceutical Sciences, University of California San Diego, La Jolla, California, United States of America
</aff><contrib-group><contrib contrib-type="editor"><name><surname>McCammon</surname><given-names>J. Andrew</given-names></name><role>Editor</role><xref ref-type="aff" rid="edit1"/></contrib></contrib-group><aff id="edit1">University of California San Diego, United States of America</aff><author-notes><corresp id="cor1">* To whom correspondence should be addressed. E-mail: <email>bourne@sdsc.edu</email></corresp></author-notes><pub-date pub-type="ppub"><month>11</month><year>2007</year></pub-date><pub-date pub-type="epub"><day>30</day><month>11</month><year>2007</year></pub-date><pub-date pub-type="epreprint"><day>26</day><month>9</month><year>2007</year></pub-date><volume>3</volume><issue>11</issue><elocation-id>e217</elocation-id><history><date date-type="received"><day>4</day><month>7</month><year>2007</year></date><date date-type="accepted"><day>26</day><month>9</month><year>2007</year></date></history><permissions><copyright-statement> © 2007 Xie et al.</copyright-statement><copyright-year>2007</copyright-year><license xlink:href="http://creativecommons.org/licenses/by/4.0/"><license-p>This is an open-access article distributed under the terms of the Creative Commons Attribution License, which permits unrestricted use, distribution, and reproduction in any medium, provided the original author and source are properly credited.</license-p></license></permissions><!--<related-article preprintResearch Article10.1371/journal.pcbi.0030217.eorRA1doisimple>In Silico Elucidation of the Molecular Mechanism Defining the Adverse Effect of Selective Estrogen Receptor Modulators</related-article>--><abstract><p>Early identification of adverse effect of preclinical and commercial drugs is crucial in developing highly efficient therapeutics, since unexpected adverse drug effects account for one-third of all drug failures in drug development. To correlate protein–drug interactions at the molecule level with their clinical outcomes at the organism level, we have developed an integrated approach to studying protein–ligand interactions on a structural proteome-wide scale by combining protein functional site similarity search, small molecule screening, and protein–ligand binding affinity profile analysis. By applying this methodology, we have elucidated a possible molecular mechanism for the previously observed, but molecularly uncharacterized, side effect of selective estrogen receptor modulators (SERMs). The side effect involves the inhibition of the Sacroplasmic Reticulum Ca2+ ion channel ATPase protein (SERCA) transmembrane domain. The prediction provides molecular insight into reducing the adverse effect of SERMs and is supported by clinical and in vitro observations. The strategy used in this case study is being applied to discover off-targets for other commercially available pharmaceuticals. The process can be included in a drug discovery pipeline in an effort to optimize drug leads and reduce unwanted side effects.</p></abstract><abstract abstract-type="summary"><title>Author Summary</title><sec id="st1"><title/><p>Early identification of the side effects of preclinical and commercial drugs is crucial in developing highly efficient therapeutics, as unexpected side effects account for one-third of all drug failures in drug development and lead to drugs being withdrawn from the market. Compared with the experimental identification of off-target proteins that cause side effects, computational approaches not only save time and costs by providing a candidate list of potential off-targets, but also provide insight into understanding the molecular mechanisms of protein–drug interactions. In this paper we describe an integrated approach to identifying similar drug binding pockets across protein families that have different global shapes. In a case study, we elucidate a possible molecular mechanism for the observed side effects of selective estrogen receptor modulators (SERMs), which are widely used to treat and prevent breast cancer and other diseases. The prediction provides molecular insight into reducing the side effects of SERMs and is supported by clinical and biochemical observations. The strategy used in this case study is being applied to discover off-targets for other commercially available pharmaceuticals and to repurpose existing safe pharmaceuticals to treat different diseases. The process can be included in a drug discovery pipeline in an effort to optimize drug leads, reduce unwanted side effects, and accelerate development of new drugs.</p></sec></abstract><counts><page-count count="9"/></counts><custom-meta-group><custom-meta><meta-name>citation</meta-name><meta-value>Xie L, Wang J, Bourne PE (2007) In silico elucidation of the molecular mechanism defining the adverse effect of selective estrogen receptor modulators. PLoS Comput Biol 3(11): e217. doi:<ext-link ext-link-type="doi" xlink:href="10.1371/journal.pcbi.0030217">10.1371/journal.pcbi.0030217</ext-link></meta-value></custom-meta></custom-meta-group></article-meta></front></article>