<article xmlns="https://jats.nlm.nih.gov/ns/archiving/1.2/" xmlns:xsi="http://www.w3.org/2001/XMLSchema-instance" xmlns:ali="http://www.niso.org/schemas/ali/1.0/" xmlns:mml="http://www.w3.org/1998/Math/MathML" xmlns:xlink="http://www.w3.org/1999/xlink" xsi:schemaLocation="https://jats.nlm.nih.gov/ns/archiving/1.2/ https://jats.nlm.nih.gov/archiving/1.2/xsd/JATS-archivearticle1.xsd" article-type="research-article"><front><journal-meta><journal-id journal-id-type="nlm-ta">PLoS Comput Biol</journal-id><journal-id journal-id-type="iso-abbrev">PLoS Comput. Biol</journal-id><journal-id journal-id-type="publisher-id">pcbi</journal-id><journal-id journal-id-type="publisher-id">plcb</journal-id><journal-id journal-id-type="pmc">ploscomp</journal-id><journal-title-group><journal-title>PLoS Computational Biology</journal-title></journal-title-group><issn pub-type="ppub">1553-734X</issn><issn pub-type="epub">1553-7358</issn><publisher><publisher-name>Public Library of Science</publisher-name><publisher-loc>San Francisco, USA</publisher-loc></publisher></journal-meta><article-meta><article-id pub-id-type="accession">PMC2174979</article-id><article-id pub-id-type="pmcid">PMC2174979</article-id><article-id pub-id-type="pmc-uid">2174979</article-id><article-id pub-id-type="pmid">18179281</article-id><article-id pub-id-type="pmid">18179281</article-id><article-id pub-id-type="doi">10.1371/journal.pcbi.0040008</article-id><article-id pub-id-type="publisher-id">07-PLCB-RA-0525R2</article-id><article-id pub-id-type="sici">plcb-04-01-02</article-id><article-categories><subj-group subj-group-type="heading"><subject>Research Article</subject></subj-group><subj-group subj-group-type="Discipline"><subject>Biophysics</subject><subject>Computational Biology</subject></subj-group><subj-group subj-group-type="System Taxonomy"><subject>None</subject><subject>Saccharomyces</subject></subj-group></article-categories><title-group><article-title>Noise Propagation and Signaling Sensitivity in Biological Networks: A Role for Positive Feedback</article-title><alt-title alt-title-type="running-head">Noise Propagation and Signaling Sensitivity</alt-title></title-group><contrib-group><contrib contrib-type="author"><name><surname>Hornung</surname><given-names>Gil</given-names></name><xref ref-type="aff" rid="aff1">1</xref></contrib><contrib contrib-type="author"><name><surname>Barkai</surname><given-names>Naama</given-names></name><xref ref-type="aff" rid="aff2">2</xref><xref ref-type="aff" rid="aff3">3</xref><xref ref-type="corresp" rid="cor1">*</xref></contrib></contrib-group><aff id="aff1"><label>1</label> Department of Molecular Cell Biology, Weizmann Institute of Science, Rehovot, Israel
</aff><aff id="aff2"><label>2</label> Department of Molecular Genetics, Weizmann Institute of Science, Rehovot, Israel
</aff><aff id="aff3"><label>3</label> Department of Physics of Complex Systems, Weizmann Institute of Science, Rehovot, Israel
</aff><contrib-group><contrib contrib-type="editor"><name><surname>Arkin</surname><given-names>Adam P</given-names></name><role>Editor</role><xref ref-type="aff" rid="edit1"/></contrib></contrib-group><aff id="edit1">Lawrence Berkeley National Laboratory, United States of America</aff><author-notes><corresp id="cor1">* To whom correspondence should be addressed. E-mail: <email>naama.barkai@weizmann.ac.il</email></corresp></author-notes><pub-date pub-type="ppub"><month>1</month><year>2008</year></pub-date><pub-date pub-type="epub"><day>4</day><month>1</month><year>2008</year></pub-date><pub-date pub-type="epreprint"><day>5</day><month>12</month><year>2007</year></pub-date><volume>4</volume><issue>1</issue><elocation-id>e8</elocation-id><history><date date-type="received"><day>4</day><month>9</month><year>2007</year></date><date date-type="accepted"><day>3</day><month>12</month><year>2007</year></date></history><permissions><copyright-statement> © 2008 Hornung and Barkai.</copyright-statement><copyright-year>2008</copyright-year><license xlink:href="http://creativecommons.org/licenses/by/4.0/"><license-p>This is an open-access article distributed under the terms of the Creative Commons Attribution License, which permits unrestricted use, distribution, and reproduction in any medium, provided the original author and source are properly credited.</license-p></license></permissions><!--<related-article preprintResearch Article10.1371/journal.pcbi.0040008.eorRA1doisimple>Noise Propagation and Signaling Sensitivity in Biological Networks: A Role for Positive Feedback</related-article>--><abstract><p>Interactions between genes and proteins are crucial for efficient processing of internal or external signals, but this connectivity also amplifies stochastic fluctuations by propagating noise between components. Linear (unbranched) cascades were shown to exhibit an interplay between the sensitivity to changes in input signals and the ability to buffer noise. We searched for biological circuits that can maintain signaling sensitivity while minimizing noise propagation, focusing on cases where the noise is characterized by rapid fluctuations. Negative feedback can buffer this type of noise, but this buffering comes at the expense of an even greater reduction in signaling sensitivity. By systematically analyzing three-component circuits, we identify positive feedback as a central motif allowing for the buffering of propagated noise while maintaining sensitivity to long-term changes in input signals. We show analytically that noise reduction in the presence of positive feedback results from improved averaging of rapid fluctuations over time, and discuss in detail a particular implementation in the control of nutrient homeostasis in yeast. As the design of biological networks optimizes for multiple constraints, positive feedback can be used to improve sensitivity without a compromise in the ability to buffer propagated noise.</p></abstract><abstract abstract-type="summary"><title>Author Summary</title><sec id="st1"><title/><p>Biological circuits need to be sensitive to changes in environmental signals but at the same time buffer rapid fluctuations (noise) that might be imposed on this input. In this paper, we analyze the interplay between sensitivity to signals and the ability to buffer noise. Previous studies reported that negative feedback attenuates noise. We show, however, that this ability comes at the expense of an even more dramatic reduction in sensitivity. In fact, when comparing systems of the same sensitivity, a system with negative feedback is more amenable to noise than a system without such feedback. We searched for small biological circuits that can buffer noise while maintaining high sensitivity, and found that positive feedback exhibits this property. This ability of positive feedback to buffer noise reflects its slowed-down dynamics. We discuss general requirements for the function of positive feedback as a noise-filtering device and describe a particular implementation that appears to function in yeast nutrient homeostasis. Our study emphasizes the need to consider multiple constraints when analyzing the design logic of biological networks.</p></sec></abstract><counts><page-count count="7"/></counts><custom-meta-group><custom-meta><meta-name>citation</meta-name><meta-value>Hornung G, Barkai N (2008) Noise propagation and signaling sensitivity in biological networks: A role for positive feedback. PLoS Comput Biol 4(1): e8. doi:<ext-link ext-link-type="doi" xlink:href="10.1371/journal.pcbi.0040008.eor">10.1371/journal.pcbi.0040008</ext-link></meta-value></custom-meta></custom-meta-group></article-meta></front></article>