<article xmlns="https://jats.nlm.nih.gov/ns/archiving/1.2/" xmlns:xsi="http://www.w3.org/2001/XMLSchema-instance" xmlns:ali="http://www.niso.org/schemas/ali/1.0/" xmlns:mml="http://www.w3.org/1998/Math/MathML" xmlns:xlink="http://www.w3.org/1999/xlink" xsi:schemaLocation="https://jats.nlm.nih.gov/ns/archiving/1.2/ https://jats.nlm.nih.gov/archiving/1.2/xsd/JATS-archivearticle1.xsd" article-type="research-article"><front><journal-meta><journal-id journal-id-type="nlm-ta">PLoS Comput Biol</journal-id><journal-id journal-id-type="iso-abbrev">PLoS Comput. Biol</journal-id><journal-id journal-id-type="publisher-id">pcbi</journal-id><journal-id journal-id-type="publisher-id">plcb</journal-id><journal-id journal-id-type="pmc">ploscomp</journal-id><journal-title-group><journal-title>PLoS Computational Biology</journal-title></journal-title-group><issn pub-type="ppub">1553-734X</issn><issn pub-type="epub">1553-7358</issn><publisher><publisher-name>Public Library of Science</publisher-name><publisher-loc>San Francisco, USA</publisher-loc></publisher></journal-meta><article-meta><article-id pub-id-type="accession">PMC2041980</article-id><article-id pub-id-type="pmcid">PMC2041980</article-id><article-id pub-id-type="pmc-uid">2041980</article-id><article-id pub-id-type="pmid">17953478</article-id><article-id pub-id-type="doi">10.1371/journal.pcbi.0030207</article-id><article-id pub-id-type="publisher-id">06-PLCB-RA-0528R2</article-id><article-id pub-id-type="sici">plcb-03-10-10</article-id><article-categories><subj-group subj-group-type="heading"><subject>Research Article</subject></subj-group><subj-group subj-group-type="Discipline"><subject>Cell Biology</subject><subject>Computational Biology</subject><subject>Genetics and Genomics</subject><subject>Mathematics</subject></subj-group><subj-group subj-group-type="System Taxonomy"><subject>Mus (Mouse)</subject></subj-group></article-categories><title-group><article-title>Empirical Multiscale Networks of Cellular Regulation</article-title><alt-title alt-title-type="running-head">Multiscale Cellular Level Regulation</alt-title></title-group><contrib-group><contrib contrib-type="author"><name><surname>de Bivort</surname><given-names>Benjamin</given-names></name><xref ref-type="aff" rid="aff1">1</xref><xref ref-type="corresp" rid="cor1">*</xref></contrib><contrib contrib-type="author"><name><surname>Huang</surname><given-names>Sui</given-names></name><xref ref-type="aff" rid="aff2">2</xref><xref ref-type="aff" rid="aff3">3</xref><xref ref-type="aff" rid="aff4">4</xref></contrib><contrib contrib-type="author"><name><surname>Bar-Yam</surname><given-names>Yaneer</given-names></name><xref ref-type="aff" rid="aff5">5</xref></contrib></contrib-group><aff id="aff1"><label>1</label> Department of Molecular and Cellular Biology, Harvard University, Cambridge, Massachusetts, United States of America
</aff><aff id="aff2"><label>2</label> Vascular Biology Program, Children's Hospital and Harvard Medical School, Boston, Massachusetts, United States of America
</aff><aff id="aff3"><label>3</label> Department of Pathology, Children's Hospital and Harvard Medical School, Boston, Massachusetts, United States of America
</aff><aff id="aff4"><label>4</label> Department of Surgery, Children's Hospital and Harvard Medical School, Boston, Massachusetts, United States of America
</aff><aff id="aff5"><label>5</label> New England Complex Systems Institute, Cambridge, Massachusetts, United States of America
</aff><contrib-group><contrib contrib-type="editor"><name><surname>Pilpel</surname><given-names>Yitzhak</given-names></name><role>Editor</role><xref ref-type="aff" rid="edit1"/></contrib></contrib-group><aff id="edit1">Weizmann Institute of Science, Israel</aff><author-notes><corresp id="cor1">* To whom correspondence should be addressed. E-mail: <email>bivort@fas.harvard.edu</email></corresp></author-notes><pub-date pub-type="ppub"><month>10</month><year>2007</year></pub-date><pub-date pub-type="epub"><day>19</day><month>10</month><year>2007</year></pub-date><volume>3</volume><issue>10</issue><elocation-id>e207</elocation-id><history><date date-type="received"><day>18</day><month>12</month><year>2006</year></date><date date-type="accepted"><day>7</day><month>9</month><year>2007</year></date></history><permissions><copyright-statement> © 2007 de Bivort et al.</copyright-statement><copyright-year>2007</copyright-year><license xlink:href="http://creativecommons.org/licenses/by/4.0/"><license-p>This is an open-access article distributed under the terms of the Creative Commons Attribution License, which permits unrestricted use, distribution, and reproduction in any medium, provided the original author and source are properly credited.</license-p></license></permissions><abstract><p>Grouping genes by similarity of expression across multiple cellular conditions enables the identification of cellular modules. The known functions of genes enable the characterization of the aggregate biological functions of these modules. In this paper, we use a high-throughput approach to identify the effective mutual regulatory interactions between modules composed of mouse genes from the Alliance for Cell Signaling (AfCS) murine B-lymphocyte database which tracks the response of ∼15,000 genes following chemokine perturbation. This analysis reveals principles of cellular organization that we discuss along four conceptual axes. (1) Regulatory implications: the derived collection of influences between any two modules quantifies intuitive as well as unexpected regulatory interactions. (2) Behavior across scales: trends across global networks of varying resolution (composed of various numbers of modules) reveal principles of assembly of high-level behaviors from smaller components. (3) Temporal behavior: tracking the mutual module influences over different time intervals provides features of regulation dynamics such as duration, persistence, and periodicity. (4) Gene Ontology correspondence: the association of modules to known biological roles of individual genes describes the organization of functions within coexpressed modules of various sizes. We present key specific results in each of these four areas, as well as derive general principles of cellular organization. At the coarsest scale, the entire transcriptional network contains five divisions: two divisions devoted to ATP production/biosynthesis and DNA replication that activate all other divisions, an “extracellular interaction” division that represses all other divisions, and two divisions (proliferation/differentiation and membrane infrastructure) that activate and repress other divisions in specific ways consistent with cell cycle control.</p></abstract><abstract abstract-type="summary"><title>Author Summary</title><sec id="st1"><title/><p>In a eukaryotic organism such as the mouse, the complete transcriptional network contains ∼15,000 genes and up to 225 million regulatory relationships between pairs of genes. Determining all of these relationships is currently intractable using traditional experimental techniques, and, thus, a comprehensive description of the entire mouse transcriptional network is elusive. Alternatively, one can apply the limited amount of experimental data to determine the entire transcriptional network at a less detailed, higher level. This is analogous to considering a map of the world resolved to the kilometer rather than to the millimeter. Here, we derive from mouse microarray data several high-scale transcriptional networks by determining the mutual effective regulatory influences of large modules of genes. In particular, global transcriptional networks containing 12 to 72 modules are derived, and analysis of these multiscale networks reveals properties of the transcriptional network that are universal at all scales (e.g., maintenance of homeostasis) and properties that vary as a function of scale (e.g., the fractions of module pairs that exert mutual regulation). In addition, we describe how cellular functions associated with large modules (those containing many genes) are composed of more specific functions associated with smaller modules.</p></sec></abstract><counts><page-count count="11"/></counts><custom-meta-group><custom-meta><meta-name>citation</meta-name><meta-value>de Bivort B, Huang S, Bar-Yam Y (2007) Empirical multiscale networks of cellular regulation. PLoS Comput Biol 3(10): e207. doi:<ext-link ext-link-type="doi" xlink:href="10.1371/journal.pcbi.0030207">10.1371/journal.pcbi.0030207</ext-link></meta-value></custom-meta></custom-meta-group></article-meta></front></article>