<article xmlns="https://jats.nlm.nih.gov/ns/archiving/1.2/" xmlns:xsi="http://www.w3.org/2001/XMLSchema-instance" xmlns:ali="http://www.niso.org/schemas/ali/1.0/" xmlns:mml="http://www.w3.org/1998/Math/MathML" xmlns:xlink="http://www.w3.org/1999/xlink" xsi:schemaLocation="https://jats.nlm.nih.gov/ns/archiving/1.2/ https://jats.nlm.nih.gov/archiving/1.2/xsd/JATS-archivearticle1.xsd" article-type="other"><front><journal-meta><journal-id journal-id-type="nlm-ta">PLoS Comput Biol</journal-id><journal-id journal-id-type="iso-abbrev">PLoS Comput. Biol</journal-id><journal-id journal-id-type="publisher-id">pcbi</journal-id><journal-id journal-id-type="publisher-id">plcb</journal-id><journal-id journal-id-type="pmc">ploscomp</journal-id><journal-title-group><journal-title>PLoS Computational Biology</journal-title></journal-title-group><issn pub-type="ppub">1553-734X</issn><issn pub-type="epub">1553-7358</issn><publisher><publisher-name>Public Library of Science</publisher-name><publisher-loc>San Francisco, USA</publisher-loc></publisher></journal-meta><article-meta><article-id pub-id-type="accession">PMC2098836</article-id><article-id pub-id-type="pmcid">PMC2098836</article-id><article-id pub-id-type="pmc-uid">2098836</article-id><article-id pub-id-type="pmid">18052533</article-id><article-id pub-id-type="pmid">18052533</article-id><article-id pub-id-type="doi">10.1371/journal.pcbi.0030199</article-id><article-id pub-id-type="publisher-id">06-PLCB-EN-0505R5</article-id><article-id pub-id-type="sici">plcb-03-11-06</article-id><article-categories><subj-group subj-group-type="heading"><subject>Education</subject></subj-group><subj-group subj-group-type="Discipline"><subject>Computer Science</subject><subject>Genetics and Genomics</subject></subj-group><subj-group subj-group-type="System Taxonomy"><subject>None</subject></subj-group></article-categories><title-group><article-title>A Primer on Python for Life Science Researchers</article-title><alt-title alt-title-type="running-head">N/A</alt-title></title-group><contrib-group><contrib contrib-type="author"><name><surname>Bassi</surname><given-names>Sebastian</given-names></name><xref ref-type="corresp" rid="cor1"/></contrib></contrib-group><contrib-group><contrib contrib-type="editor"><name><surname>Lewitter</surname><given-names>Fran</given-names></name><role>Editor</role><xref ref-type="aff" rid="edit1"/></contrib></contrib-group><aff id="edit1">Whitehead Institute, United States of America</aff><author-notes><corresp id="cor1">Sebastian Bassi is with the Universidad Nacional de Quilmes, Buenos Aires, Argentina. E-mail: <email>sbassi@genes.unq.edu.ar</email></corresp></author-notes><pub-date pub-type="ppub"><month>11</month><year>2007</year></pub-date><pub-date pub-type="epub"><day>30</day><month>11</month><year>2007</year></pub-date><volume>3</volume><issue>11</issue><elocation-id>e199</elocation-id><permissions><copyright-statement> © 2007 Sebastian Bassi.</copyright-statement><copyright-year>2007</copyright-year><license xlink:href="http://creativecommons.org/licenses/by/4.0/"><license-p>This is an open-access article distributed under the terms of the Creative Commons Attribution License, which permits unrestricted use, distribution, and reproduction in any medium, provided the original author and source are properly credited.</license-p></license></permissions><counts><page-count count="6"/></counts><custom-meta-group><custom-meta><meta-name>citation</meta-name><meta-value>Bassi S (2007) A primer on Python for life science researchers. PLoS Comput Biol 3(11): e199. doi:<ext-link ext-link-type="doi" xlink:href="10.1371/journal.pcbi.0030199">10.1371/journal.pcbi.0030199</ext-link></meta-value></custom-meta><custom-meta><meta-name>article-logo</meta-name><meta-value>tutorial_logo.jpg</meta-value></custom-meta></custom-meta-group></article-meta></front></article>