<article xmlns="https://jats.nlm.nih.gov/ns/archiving/1.2/" xmlns:xsi="http://www.w3.org/2001/XMLSchema-instance" xmlns:ali="http://www.niso.org/schemas/ali/1.0/" xmlns:mml="http://www.w3.org/1998/Math/MathML" xmlns:xlink="http://www.w3.org/1999/xlink" xsi:schemaLocation="https://jats.nlm.nih.gov/ns/archiving/1.2/ https://jats.nlm.nih.gov/archiving/1.2/xsd/JATS-archivearticle1.xsd" article-type="editorial"><front><journal-meta><journal-id journal-id-type="nlm-ta">PLoS Comput Biol</journal-id><journal-id journal-id-type="iso-abbrev">PLoS Comput. Biol</journal-id><journal-id journal-id-type="publisher-id">pcbi</journal-id><journal-id journal-id-type="publisher-id">plcb</journal-id><journal-id journal-id-type="pmc">ploscomp</journal-id><journal-title-group><journal-title>PLoS Computational Biology</journal-title></journal-title-group><issn pub-type="ppub">1553-734X</issn><issn pub-type="epub">1553-7358</issn><publisher><publisher-name>Public Library of Science</publisher-name><publisher-loc>San Francisco, USA</publisher-loc></publisher></journal-meta><article-meta><article-id pub-id-type="accession">PMC2041981</article-id><article-id pub-id-type="pmcid">PMC2041981</article-id><article-id pub-id-type="pmc-uid">2041981</article-id><article-id pub-id-type="pmid">17967054</article-id><article-id pub-id-type="doi">10.1371/journal.pcbi.0030213</article-id><article-id pub-id-type="publisher-id">07-PLCB-ED-0557R1</article-id><article-id pub-id-type="sici">plcb-03-10-12</article-id><article-categories><subj-group subj-group-type="heading"><subject>Editorial</subject></subj-group><subj-group subj-group-type="Discipline"><subject>Computational Biology</subject><subject>Genetics and Genomics</subject><subject>Non-Clinical Medicine</subject><subject>Physics</subject><subject>Public Health and Epidemiology</subject><subject>Science Policy</subject></subj-group><subj-group subj-group-type="System Taxonomy"><subject>None</subject></subj-group></article-categories><title-group><article-title>Ten Simple Rules for Doing Your Best Research, According to Hamming</article-title><alt-title alt-title-type="running-head">Hamming's "Rules" for Doing Your Best Research</alt-title></title-group><contrib-group><contrib contrib-type="author"><name><surname>Erren</surname><given-names>Thomas C</given-names></name><xref ref-type="corresp" rid="cor2">*</xref><xref ref-type="fn" rid="n110"/></contrib><contrib contrib-type="author"><name><surname>Cullen</surname><given-names>Paul</given-names></name><xref ref-type="fn" rid="n110"/></contrib><contrib contrib-type="author"><name><surname>Erren</surname><given-names>Michael</given-names></name><xref ref-type="fn" rid="n110"/></contrib><contrib contrib-type="author"><name><surname>Bourne</surname><given-names>Philip E</given-names></name><xref ref-type="fn" rid="n110"/></contrib></contrib-group><author-notes><corresp id="cor2">*To whom correspondence should be addressed. E-mail: <email>tim.erren@uni-koeln.de</email></corresp></author-notes><pub-date pub-type="ppub"><month>10</month><year>2007</year></pub-date><pub-date pub-type="epub"><day>26</day><month>10</month><year>2007</year></pub-date><volume>3</volume><issue>10</issue><elocation-id>e213</elocation-id><permissions><copyright-statement> © 2007 Erren et al.</copyright-statement><copyright-year>2007</copyright-year><license xlink:href="http://creativecommons.org/licenses/by/4.0/"><license-p>This is an open-access article distributed under the terms of the Creative Commons Attribution License, which permits unrestricted use, distribution, and reproduction in any medium, provided the original author and source are properly credited.</license-p></license></permissions><counts><page-count count="2"/></counts><custom-meta-group><custom-meta><meta-name>citation</meta-name><meta-value>Erren TC, Cullen P, Erren M, Bourne PE (2007) Ten simple rules for doing your best research, according to Hamming. PLoS Comput Biol 3(10): e213. doi:<ext-link ext-link-type="doi" xlink:href="10.1371/journal.pcbi.0030213">10.1371/journal.pcbi.0030213</ext-link></meta-value></custom-meta></custom-meta-group></article-meta></front></article>