<article xmlns="https://jats.nlm.nih.gov/ns/archiving/1.2/" xmlns:xsi="http://www.w3.org/2001/XMLSchema-instance" xmlns:ali="http://www.niso.org/schemas/ali/1.0/" xmlns:mml="http://www.w3.org/1998/Math/MathML" xmlns:xlink="http://www.w3.org/1999/xlink" xsi:schemaLocation="https://jats.nlm.nih.gov/ns/archiving/1.2/ https://jats.nlm.nih.gov/archiving/1.2/xsd/JATS-archivearticle1.xsd" article-type="research-article"><front><journal-meta><journal-id journal-id-type="nlm-ta">PLoS Comput Biol</journal-id><journal-id journal-id-type="iso-abbrev">PLoS Comput. Biol</journal-id><journal-id journal-id-type="publisher-id">pcbi</journal-id><journal-id journal-id-type="publisher-id">plcb</journal-id><journal-id journal-id-type="pmc">ploscomp</journal-id><journal-title-group><journal-title>PLoS Computational Biology</journal-title></journal-title-group><issn pub-type="ppub">1553-734X</issn><issn pub-type="epub">1553-7358</issn><publisher><publisher-name>Public Library of Science</publisher-name><publisher-loc>San Francisco, USA</publisher-loc></publisher></journal-meta><article-meta><article-id pub-id-type="accession">PMC2186362</article-id><article-id pub-id-type="pmcid">PMC2186362</article-id><article-id pub-id-type="pmc-uid">2186362</article-id><article-id pub-id-type="pmid">18193939</article-id><article-id pub-id-type="pmid">18193939</article-id><article-id pub-id-type="doi">10.1371/journal.pcbi.0040003</article-id><article-id pub-id-type="publisher-id">07-PLCB-RA-0203R4</article-id><article-id pub-id-type="sici">plcb-04-01-05</article-id><article-categories><subj-group subj-group-type="heading"><subject>Research Article</subject></subj-group><subj-group subj-group-type="Discipline"><subject>Biophysics</subject><subject>Computational Biology</subject></subj-group><subj-group subj-group-type="System Taxonomy"><subject>None</subject></subj-group></article-categories><title-group><article-title>A Generic Mechanism for Adaptive Growth Rate Regulation </article-title><alt-title alt-title-type="running-head">A Mechanism for Adaptive Growth Regulation</alt-title></title-group><contrib-group><contrib contrib-type="author"><name><surname>Furusawa</surname><given-names>Chikara</given-names></name><xref ref-type="aff" rid="aff1">1</xref><xref ref-type="aff" rid="aff2">2</xref><xref ref-type="corresp" rid="cor1">*</xref></contrib><contrib contrib-type="author"><name><surname>Kaneko</surname><given-names>Kunihiko</given-names></name><xref ref-type="aff" rid="aff2">2</xref><xref ref-type="aff" rid="aff3">3</xref></contrib></contrib-group><aff id="aff1"><label>1</label> Department of Bioinformatics Engineering, Graduate School of Information Science and Technology, Osaka University, Suita, Osaka, Japan
</aff><aff id="aff2"><label>2</label> Complex Systems Biology Project, ERATO, JST, Komaba, Meguro-ku, Tokyo, Japan
</aff><aff id="aff3"><label>3</label> Department of Pure and Applied Sciences, University of Tokyo, Komaba, Meguro-ku, Tokyo, Japan
</aff><contrib-group><contrib contrib-type="editor"><name><surname>Cohen</surname><given-names>Pinchas</given-names></name><role>Editor</role><xref ref-type="aff" rid="edit1"/></contrib></contrib-group><aff id="edit1">University of California Los Angeles, United States of America</aff><author-notes><corresp id="cor1">* To whom correspondence should be addressed. E-mail: <email>furusawa@ist.osaka-u.ac.jp</email></corresp></author-notes><pub-date pub-type="ppub"><month>1</month><year>2008</year></pub-date><pub-date pub-type="epub"><day>11</day><month>1</month><year>2008</year></pub-date><volume>4</volume><issue>1</issue><elocation-id>e3</elocation-id><history><date date-type="received"><day>16</day><month>4</month><year>2007</year></date><date date-type="accepted"><day>21</day><month>11</month><year>2007</year></date></history><permissions><copyright-statement> © 2008 Furusawa and Kaneko.</copyright-statement><copyright-year>2008</copyright-year><license xlink:href="http://creativecommons.org/licenses/by/4.0/"><license-p>This is an open-access article distributed under the terms of the Creative Commons Attribution License, which permits unrestricted use, distribution, and reproduction in any medium, provided the original author and source are properly credited.</license-p></license></permissions><abstract><p>How can a microorganism adapt to a variety of environmental conditions despite the existence of a limited number of signal transduction mechanisms? We show that for any growing cells whose gene expression fluctuate stochastically, the adaptive cellular state is inevitably selected by noise, even without a specific signal transduction network for it. In general, changes in protein concentration in a cell are given by its synthesis minus dilution and degradation, both of which are proportional to the rate of cell growth. In an adaptive state with a higher growth speed, both terms are large and balanced. Under the presence of noise in gene expression, the adaptive state is less affected by stochasticity since both the synthesis and dilution terms are large, while for a nonadaptive state both the terms are smaller so that cells are easily kicked out of the original state by noise. Hence, escape time from a cellular state and the cellular growth rate are negatively correlated. This leads to a selection of adaptive states with higher growth rates, and model simulations confirm this selection to take place in general. The results suggest a general form of adaptation that has never been brought to light—a process that requires no specific mechanisms for sensory adaptation. The present scheme may help explain a wide range of cellular adaptive responses including the metabolic flux optimization for maximal cell growth.</p></abstract><abstract abstract-type="summary"><title>Author Summary</title><sec id="st1"><title/><p>Adaptation of living systems to various environmental conditions is one of the most universal phenomena in biology. As is well known from the paradigmatic case in the <named-content content-type="genus-species">Escherichia coli</named-content> lac-operon system, cellular adaptation is generally understood as a physiological shift that is elicited by regulation of genes with specific signal transduction machinery. However, here is an unsolved paradox. If such strategy is the only means by which cells can adapt to a different environment, cells cannot survive a novel environment before a signal transduction apparatus has a chance to evolve. Some form of nonspecific adaptation must allow cells to grow robustly in the novel environment, as is also suggested by recent experiments. This is natural considering that a huge set of signal transduction mechanisms would otherwise be needed for all potential environmental conditions that cells may face. Our theoretical study demonstrates that, in fact, changes in gene expression pattern can be adaptive; i.e., a state most favorable for cells' survival is selected without explicit hardwired regulatory circuits. This occurs inevitably for any cells that grow under stochastic gene expression. Our mechanism is generic and explains why cells adapt and grow optimally in a variety of environments, taking advantage of stochasticity.</p></sec></abstract><counts><page-count count="8"/></counts><custom-meta-group><custom-meta><meta-name>citation</meta-name><meta-value>Furusawa C, Kaneko K (2008) A generic mechanism for adaptive growth rate regulation. PLoS Comput Biol 4(1): e3. doi:<ext-link ext-link-type="doi" xlink:href="10.1371/journal.pcbi.0040003">10.1371/journal.pcbi.0040003</ext-link></meta-value></custom-meta></custom-meta-group></article-meta></front></article>