<article xmlns="https://jats.nlm.nih.gov/ns/archiving/1.2/" xmlns:xsi="http://www.w3.org/2001/XMLSchema-instance" xmlns:ali="http://www.niso.org/schemas/ali/1.0/" xmlns:mml="http://www.w3.org/1998/Math/MathML" xmlns:xlink="http://www.w3.org/1999/xlink" xsi:schemaLocation="https://jats.nlm.nih.gov/ns/archiving/1.2/ https://jats.nlm.nih.gov/archiving/1.2/xsd/JATS-archivearticle1.xsd" article-type="other"><front><journal-meta><journal-id journal-id-type="nlm-ta">PLoS Comput Biol</journal-id><journal-id journal-id-type="iso-abbrev">PLoS Comput. Biol</journal-id><journal-id journal-id-type="publisher-id">pcbi</journal-id><journal-id journal-id-type="publisher-id">plcb</journal-id><journal-id journal-id-type="pmc">ploscomp</journal-id><journal-title-group><journal-title>PLoS Computational Biology</journal-title></journal-title-group><issn pub-type="ppub">1553-734X</issn><issn pub-type="epub">1553-7358</issn><publisher><publisher-name>Public Library of Science</publisher-name><publisher-loc>San Francisco, USA</publisher-loc></publisher></journal-meta><article-meta><article-id pub-id-type="accession">PMC2041964</article-id><article-id pub-id-type="pmcid">PMC2041964</article-id><article-id pub-id-type="pmc-uid">2041964</article-id><article-id pub-id-type="pmid">17967045</article-id><article-id pub-id-type="doi">10.1371/journal.pcbi.0030183</article-id><article-id pub-id-type="publisher-id">07-PLCB-MI-0241R1</article-id><article-id pub-id-type="sici">plcb-03-10-01</article-id><article-categories><subj-group subj-group-type="heading"><subject>Message from ISCB</subject></subj-group></article-categories><title-group><article-title>Getting Started in Tiling Microarray Analysis</article-title><alt-title alt-title-type="running-head">N/A</alt-title></title-group><contrib-group><contrib contrib-type="author"><name><surname>Liu</surname><given-names>X. Shirley</given-names></name></contrib><xref ref-type="corresp" rid="cor1"/></contrib-group><contrib-group><contrib contrib-type="editor"><name><surname>Troyanskaya</surname><given-names>Olga</given-names></name><role>Editor</role></contrib><xref ref-type="aff" rid="edit1"/></contrib-group><aff id="edit1">Princeton University, United States of America</aff><author-notes><corresp id="cor1">X. Shirley Liu is with the Department of Biostatistics and Computational Biology, Dana-Farber Cancer Institute, Harvard School of Public Health, Boston, Massachusetts, United States of America. E-mail: <email>xsliu@jimmy.harvard.edu</email></corresp></author-notes><pub-date pub-type="ppub"><month>10</month><year>2007</year></pub-date><pub-date pub-type="epub"><day>26</day><month>10</month><year>2007</year></pub-date><volume>3</volume><issue>10</issue><elocation-id>e183</elocation-id><permissions><copyright-statement> © 2007 X. Shirley Liu.</copyright-statement><copyright-year>2007</copyright-year><license xlink:href="http://creativecommons.org/licenses/by/4.0/"><license-p>This is an open-access article distributed under the terms of the Creative Commons Attribution License, which permits unrestricted use, distribution, and reproduction in any medium, provided the original author and source are properly credited.</license-p></license></permissions><related-article id="d35e90" related-article-type="companion" ext-link-type="doi" xlink:href="10.1371/journal.pcbi.0030224" xlink:title="Message from ISCB" vol="3" page="e224"><article-title>"Getting Started In...": A Series Not to Miss</article-title></related-article><counts><page-count count="3"/></counts><custom-meta-group><custom-meta><meta-name>citation</meta-name><meta-value>Liu XS (2007) Getting started in tiling microarray analysis. PLoS Comput Biol 3(10): e183. doi:<ext-link ext-link-type="doi" xlink:href="10.1371/journal.pcbi.0030183">10.1371/journal.pcbi.0030183</ext-link></meta-value></custom-meta></custom-meta-group></article-meta></front></article>