<article xmlns="https://jats.nlm.nih.gov/ns/archiving/1.2/" xmlns:xsi="http://www.w3.org/2001/XMLSchema-instance" xmlns:ali="http://www.niso.org/schemas/ali/1.0/" xmlns:mml="http://www.w3.org/1998/Math/MathML" xmlns:xlink="http://www.w3.org/1999/xlink" xsi:schemaLocation="https://jats.nlm.nih.gov/ns/archiving/1.2/ https://jats.nlm.nih.gov/archiving/1.2/xsd/JATS-archivearticle1.xsd" article-type="research-article"><front><journal-meta><journal-id journal-id-type="nlm-ta">PLoS Comput Biol</journal-id><journal-id journal-id-type="iso-abbrev">PLoS Comput. Biol</journal-id><journal-id journal-id-type="publisher-id">pcbi</journal-id><journal-id journal-id-type="publisher-id">plcb</journal-id><journal-id journal-id-type="pmc">ploscomp</journal-id><journal-title-group><journal-title>PLoS Computational Biology</journal-title></journal-title-group><issn pub-type="ppub">1553-734X</issn><issn pub-type="epub">1553-7358</issn><publisher><publisher-name>Public Library of Science</publisher-name><publisher-loc>San Francisco, USA</publisher-loc></publisher></journal-meta><article-meta><article-id pub-id-type="accession">PMC2211532</article-id><article-id pub-id-type="pmcid">PMC2211532</article-id><article-id pub-id-type="pmc-uid">2211532</article-id><article-id pub-id-type="pmid">18225943</article-id><article-id pub-id-type="pmid">18225943</article-id><article-id pub-id-type="doi">10.1371/journal.pcbi.0040013</article-id><article-id pub-id-type="publisher-id">07-PLCB-RA-0460R3</article-id><article-id pub-id-type="sici">plcb-04-01-17</article-id><article-categories><subj-group subj-group-type="heading"><subject>Research Article</subject></subj-group><subj-group subj-group-type="Discipline"><subject>Computational Biology</subject><subject>Genetics and Genomics</subject><subject>Molecular Biology</subject></subj-group><subj-group subj-group-type="System Taxonomy"><subject>Saccharomyces</subject></subj-group></article-categories><title-group><article-title>Genomic Sequence Is Highly Predictive of Local Nucleosome Depletion</article-title><alt-title alt-title-type="running-head">Prediction of Local Nucleosome Depletion</alt-title></title-group><contrib-group><contrib contrib-type="author"><name><surname>Yuan</surname><given-names>Guo-Cheng</given-names></name><xref ref-type="aff" rid="aff1">1</xref><xref ref-type="aff" rid="aff2">2</xref><xref ref-type="corresp" rid="cor1">*</xref></contrib><contrib contrib-type="author"><name><surname>Liu</surname><given-names>Jun S</given-names></name><xref ref-type="aff" rid="aff1">1</xref><xref ref-type="aff" rid="aff3">3</xref><xref ref-type="corresp" rid="cor1">*</xref></contrib></contrib-group><aff id="aff1"><label>1</label> Department of Biostatistics, Harvard School of Public Health, Boston, Massachusetts, United States of America
</aff><aff id="aff2"><label>2</label> Department of Biostatistics and Computational Biology, Dana-Farber Cancer Institute, Boston, Massachusetts, United States of America
</aff><aff id="aff3"><label>3</label> Department of Statistics, Harvard University, Cambridge, Massachusetts, United States of America
</aff><contrib-group><contrib contrib-type="editor"><name><surname>Bernstein</surname><given-names>Brad</given-names></name><role>Editor</role><xref ref-type="aff" rid="edit1"/></contrib></contrib-group><aff id="edit1">Broad Institute of Harvard and MIT, United States of America</aff><author-notes><corresp id="cor1">* To whom correspondence should be addressed. E-mail: <email>gcyuan@jimmy.harvard.edu</email> (GY); <email>jliu@stat.harvard.edu</email> (JSL)</corresp></author-notes><pub-date pub-type="ppub"><month>1</month><year>2008</year></pub-date><pub-date pub-type="epub"><day>25</day><month>1</month><year>2008</year></pub-date><pub-date pub-type="epreprint"><day>13</day><month>12</month><year>2007</year></pub-date><volume>4</volume><issue>1</issue><elocation-id>e13</elocation-id><history><date date-type="received"><day>1</day><month>8</month><year>2007</year></date><date date-type="accepted"><day>10</day><month>12</month><year>2007</year></date></history><permissions><copyright-statement> © 2008 Yuan and Liu.</copyright-statement><copyright-year>2008</copyright-year><license xlink:href="http://creativecommons.org/licenses/by/4.0/"><license-p>This is an open-access article distributed under the terms of the Creative Commons Attribution License, which permits unrestricted use, distribution, and reproduction in any medium, provided the original author and source are properly credited.</license-p></license></permissions><abstract><p>The regulation of DNA accessibility through nucleosome positioning is important for transcription control. Computational models have been developed to predict genome-wide nucleosome positions from DNA sequences, but these models consider only nucleosome sequences, which may have limited their power. We developed a statistical multi-resolution approach to identify a sequence signature, called the N-score, that distinguishes nucleosome binding DNA from non-nucleosome DNA. This new approach has significantly improved the prediction accuracy. The sequence information is highly predictive for local nucleosome enrichment or depletion, whereas predictions of the exact positions are only modestly more accurate than a null model, suggesting the importance of other regulatory factors in fine-tuning the nucleosome positions. The N-score in promoter regions is negatively correlated with gene expression levels. Regulatory elements are enriched in low N-score regions. While our model is derived from yeast data, the N-score pattern computed from this model agrees well with recent high-resolution protein-binding data in human.</p></abstract><abstract abstract-type="synopsis"><title>Author Summary</title><p>A eukaryotic genome is packaged into chromatin. The chromatin not only makes it possible to fit the relatively long genome into a tiny nucleus, but also plays an important regulatory role. The nucleosome is the fundamental repeating unit of chromatin. High-resolution tiling array experiments have shown that many nucleosomes are well-positioned in vivo, consistent with an important regulatory role. However, the mechanisms that determine nucleosome positioning are still poorly understood. We have developed a novel computational method for predicting nucleosome positions using only the genomic sequence information. The method detects periodic sequence signatures that discriminate nucleosome sequences from linker sequences. We show that this approach has significantly improved predictive power compared to previous studies. Interestingly, the most predictable regions tend to be located where stringent regulations are needed, i.e., the neighborhood of a transcription start site. This model predicts that nucleosome occupancy is not strongly controlled by short DNA sequence motifs but rather progressively controlled by regular organization of short elements into periodic patterns. We also provide evidence that sequence specificity for nucleosome binding is conserved from yeast to human.</p></abstract><counts><page-count count="11"/></counts><custom-meta-group><custom-meta><meta-name>citation</meta-name><meta-value>Yuan G-C, Liu JS (2008) Genomic sequence is highly predictive of local nucleosome depletion. PLoS Comput Biol 4(1): e13. doi:<ext-link ext-link-type="doi" xlink:href="10.1371/journal.pcbi.0040013">10.1371/journal.pcbi.0040013</ext-link></meta-value></custom-meta></custom-meta-group></article-meta></front></article>