<article xmlns="https://jats.nlm.nih.gov/ns/archiving/1.2/" xmlns:xsi="http://www.w3.org/2001/XMLSchema-instance" xmlns:ali="http://www.niso.org/schemas/ali/1.0/" xmlns:mml="http://www.w3.org/1998/Math/MathML" xmlns:xlink="http://www.w3.org/1999/xlink" xsi:schemaLocation="https://jats.nlm.nih.gov/ns/archiving/1.2/ https://jats.nlm.nih.gov/archiving/1.2/xsd/JATS-archivearticle1.xsd" article-type="research-article"><front><journal-meta><journal-id journal-id-type="nlm-ta">PLoS Comput Biol</journal-id><journal-id journal-id-type="iso-abbrev">PLoS Comput. Biol</journal-id><journal-id journal-id-type="publisher-id">pcbi</journal-id><journal-id journal-id-type="publisher-id">plcb</journal-id><journal-id journal-id-type="pmc">ploscomp</journal-id><journal-title-group><journal-title>PLoS Computational Biology</journal-title></journal-title-group><issn pub-type="ppub">1553-734X</issn><issn pub-type="epub">1553-7358</issn><publisher><publisher-name>Public Library of Science</publisher-name><publisher-loc>San Francisco, USA</publisher-loc></publisher></journal-meta><article-meta><article-id pub-id-type="accession">PMC2041975</article-id><article-id pub-id-type="pmcid">PMC2041975</article-id><article-id pub-id-type="pmc-uid">2041975</article-id><article-id pub-id-type="pmid">17967049</article-id><article-id pub-id-type="doi">10.1371/journal.pcbi.0030198</article-id><article-id pub-id-type="publisher-id">07-PLCB-RA-0097R3</article-id><article-id pub-id-type="sici">plcb-03-10-19</article-id><article-categories><subj-group subj-group-type="heading"><subject>Research Article</subject></subj-group><subj-group subj-group-type="Discipline"><subject>Computational Biology</subject></subj-group><subj-group subj-group-type="System Taxonomy"><subject>Saccharomyces</subject></subj-group></article-categories><title-group><article-title>Evolutionary Models for Formation of Network Motifs and Modularity in the <italic>Saccharomyces</italic> Transcription Factor Network</article-title><alt-title alt-title-type="running-head">Evolutionary Models of Motifs and Modularity</alt-title></title-group><contrib-group><contrib contrib-type="author"><name><surname>Ward</surname><given-names>Jonathan J</given-names></name><xref ref-type="aff" rid="aff1">1</xref><xref ref-type="aff" rid="aff2">2</xref><xref ref-type="corresp" rid="cor1">*</xref></contrib><contrib contrib-type="author"><name><surname>Thornton</surname><given-names>Janet M</given-names></name><xref ref-type="aff" rid="aff1">1</xref></contrib></contrib-group><aff id="aff1"><label>1</label> European Bioinformatics Institute, Wellcome Trust Genome Campus, Hinxton, Cambridge, United Kingdom
</aff><aff id="aff2"><label>2</label> European Molecular Biology Laboratory (EMBL), Heidelberg, Germany
</aff><contrib-group><contrib contrib-type="editor"><name><surname>Kishony</surname><given-names>Roy</given-names></name><role>Editor</role><xref ref-type="aff" rid="edit1"/></contrib></contrib-group><aff id="edit1">Harvard University, United States of America</aff><author-notes><corresp id="cor1">* To whom correspondence should be addressed. E-mail: <email>jward@embl.de</email></corresp></author-notes><pub-date pub-type="ppub"><month>10</month><year>2007</year></pub-date><pub-date pub-type="epub"><day>26</day><month>10</month><year>2007</year></pub-date><pub-date pub-type="epreprint"><day>27</day><month>8</month><year>2007</year></pub-date><volume>3</volume><issue>10</issue><elocation-id>e198</elocation-id><history><date date-type="received"><day>23</day><month>2</month><year>2007</year></date><date date-type="accepted"><day>27</day><month>8</month><year>2007</year></date></history><permissions><copyright-statement> © 2007 Ward and Thornton.</copyright-statement><copyright-year>2007</copyright-year><license xlink:href="http://creativecommons.org/licenses/by/4.0/"><license-p>This is an open-access article distributed under the terms of the Creative Commons Attribution License, which permits unrestricted use, distribution, and reproduction in any medium, provided the original author and source are properly credited.</license-p></license></permissions><!--<related-article preprintResearch Article10.1371/journal.pcbi.0030198.eorRA1doisimple>Evolutionary Models for Formation of Network Motifs and Modularity in the Saccharomyces Transcription Factor Network</related-article>--><abstract><p>Many natural and artificial networks contain overrepresented subgraphs, which have been termed network motifs. In this article, we investigate the processes that led to the formation of the two most common network motifs in eukaryote transcription factor networks: the bi-fan motif and the feed-forward loop. Around 100 million y ago, the common ancestor of the <italic>Saccharomyces</italic> clade underwent a whole-genome duplication event. The simultaneous duplication of the genes created by this event enabled the origin of many network motifs to be established. The data suggest that there are two primary mechanisms that are involved in motif formation. The first mechanism, enabled by the substantial plasticity in promoter regions, is rewiring of connections as a result of positive environmental selection. The second is duplication of transcription factors, which is also shown to be involved in the formation of intermediate-scale network modularity. These two evolutionary processes are complementary, with the pre-existence of network motifs enabling duplicated transcription factors to bind different targets despite structural constraints on their DNA-binding specificities. This process may facilitate the creation of novel expression states and the increases in regulatory complexity associated with higher eukaryotes.</p></abstract><abstract abstract-type="summary"><title>Author Summary</title><sec id="st1"><title/><p>Networks are a simple and general way of representing natural phenomena that range in scale from the social interactions between people to the organization of circuits on a microchip. Many networks have been found to contain repeated patterns of connections between small groups of nodes. These patterns, termed network motifs, are thought to be involved in controlling the flow of information through the network. This article investigates the processes that led to the formation of the two most common types of motif in the network controlling gene expression in baker's yeast. Around 100 million y ago, yeast's ancestor underwent a whole-genome duplication, which resulted in the organism containing four copies of each gene rather than the usual two. The duplicated genes that remain in the yeast genome are used to infer the two mechanisms that give rise to network motifs. These are rewiring of interactions between genes, and the duplication of proteins that control gene expression (transcription factors). These two processes are complementary with the rewiring mechanism enabling duplicated transcription factors to regulate the expression of different genes. It appears likely that these two processes are involved in enabling the increases in complexity that are associated with multicellular life.</p></sec></abstract><counts><page-count count="10"/></counts><custom-meta-group><custom-meta><meta-name>citation</meta-name><meta-value>Ward JJ, Thornton JM (2007) Evolutionary models for formation of network motifs and modularity in the <italic>Saccharomyces</italic> transcription factor network. PLoS Comput Biol 3(10): e198. doi:<ext-link ext-link-type="doi" xlink:href="10.1371/journal.pcbi.0030198">10.1371/journal.pcbi.0030198</ext-link></meta-value></custom-meta></custom-meta-group></article-meta></front></article>