<article xmlns="https://jats.nlm.nih.gov/ns/archiving/1.2/" xmlns:xsi="http://www.w3.org/2001/XMLSchema-instance" xmlns:ali="http://www.niso.org/schemas/ali/1.0/" xmlns:mml="http://www.w3.org/1998/Math/MathML" xmlns:xlink="http://www.w3.org/1999/xlink" xsi:schemaLocation="https://jats.nlm.nih.gov/ns/archiving/1.2/ https://jats.nlm.nih.gov/archiving/1.2/xsd/JATS-archivearticle1.xsd" article-type="research-article"><front><journal-meta><journal-id journal-id-type="nlm-ta">PLoS Comput Biol</journal-id><journal-id journal-id-type="iso-abbrev">PLoS Comput. Biol</journal-id><journal-id journal-id-type="publisher-id">pcbi</journal-id><journal-id journal-id-type="publisher-id">plcb</journal-id><journal-id journal-id-type="pmc">ploscomp</journal-id><journal-title-group><journal-title>PLoS Computational Biology</journal-title></journal-title-group><issn pub-type="ppub">1553-734X</issn><issn pub-type="epub">1553-7358</issn><publisher><publisher-name>Public Library of Science</publisher-name><publisher-loc>San Francisco, USA</publisher-loc></publisher></journal-meta><article-meta><article-id pub-id-type="accession">PMC2082504</article-id><article-id pub-id-type="pmcid">PMC2082504</article-id><article-id pub-id-type="pmc-uid">2082504</article-id><article-id pub-id-type="pmid">18039027</article-id><article-id pub-id-type="pmid">18039027</article-id><article-id pub-id-type="doi">10.1371/journal.pcbi.0030231</article-id><article-id pub-id-type="publisher-id">07-PLCB-RA-0289R2</article-id><article-id pub-id-type="sici">plcb-03-11-21</article-id><article-categories><subj-group subj-group-type="heading"><subject>Research Article</subject></subj-group><subj-group subj-group-type="Discipline"><subject>Computational Biology</subject><subject>Evolutionary Biology</subject><subject>Virology</subject></subj-group><subj-group subj-group-type="System Taxonomy"><subject>Viruses</subject></subj-group></article-categories><title-group><article-title>An Evolutionary-Network Model Reveals Stratified Interactions in the V3 Loop of the HIV-1 Envelope</article-title><alt-title alt-title-type="running-head">Evolutionary-Network Model of HIV-1 V3</alt-title></title-group><contrib-group><contrib contrib-type="author"><name><surname>Poon</surname><given-names>Art F. Y</given-names></name><xref ref-type="aff" rid="aff1">1</xref><xref ref-type="corresp" rid="cor1">*</xref></contrib><contrib contrib-type="author"><name><surname>Lewis</surname><given-names>Fraser I</given-names></name><xref ref-type="aff" rid="aff2">2</xref><xref ref-type="fn" rid="n104">¤</xref></contrib><contrib contrib-type="author"><name><surname>Pond</surname><given-names>Sergei L. Kosakovsky</given-names></name><xref ref-type="aff" rid="aff1">1</xref></contrib><contrib contrib-type="author"><name><surname>Frost</surname><given-names>Simon D. W</given-names></name><xref ref-type="aff" rid="aff1">1</xref></contrib></contrib-group><aff id="aff1"><label>1</label> Department of Pathology, University of California San Diego, La Jolla, California, United States of America
</aff><aff id="aff2"><label>2</label> Institute of Evolutionary Biology, University of Edinburgh, Edinburgh, Scotland, United Kingdom
</aff><contrib-group><contrib contrib-type="editor"><name><surname>Shakhnovich</surname><given-names>Eugene I</given-names></name><role>Editor</role><xref ref-type="aff" rid="edit1"/></contrib></contrib-group><aff id="edit1">Harvard University, United States of America</aff><author-notes><corresp id="cor1">* To whom correspondence should be addressed. E-mail: <email>afpoon@ucsd.edu</email></corresp></author-notes><pub-date pub-type="ppub"><month>11</month><year>2007</year></pub-date><pub-date pub-type="epub"><day>23</day><month>11</month><year>2007</year></pub-date><pub-date pub-type="epreprint"><day>11</day><month>10</month><year>2007</year></pub-date><volume>3</volume><issue>11</issue><elocation-id>e231</elocation-id><history><date date-type="received"><day>25</day><month>5</month><year>2007</year></date><date date-type="accepted"><day>11</day><month>10</month><year>2007</year></date></history><permissions><copyright-statement> © 2007 Poon et al.</copyright-statement><copyright-year>2007</copyright-year><license xlink:href="http://creativecommons.org/licenses/by/4.0/"><license-p>This is an open-access article distributed under the terms of the Creative Commons Attribution License, which permits unrestricted use, distribution, and reproduction in any medium, provided the original author and source are properly credited.</license-p></license></permissions><!--<related-article preprintResearch Article10.1371/journal.pcbi.0030231.eorRA1doisimple>An Evolutionary-Network Model Reveals Stratified Interactions in the V3 Loop of the HIV-1 Envelope</related-article>--><abstract><p>The third variable loop (V3) of the human immunodeficiency virus type 1 (HIV-1) envelope is a principal determinant of antibody neutralization and progression to AIDS. Although it is undoubtedly an important target for vaccine research, extensive genetic variation in V3 remains an obstacle to the development of an effective vaccine. Comparative methods that exploit the abundance of sequence data can detect interactions between residues of rapidly evolving proteins such as the HIV-1 envelope, revealing biological constraints on their variability. However, previous studies have relied implicitly on two biologically unrealistic assumptions: (1) that founder effects in the evolutionary history of the sequences can be ignored, and; (2) that statistical associations between residues occur exclusively in pairs. We show that comparative methods that neglect the evolutionary history of extant sequences are susceptible to a high rate of false positives (20%–40%). Therefore, we propose a new method to detect interactions that relaxes both of these assumptions. First, we reconstruct the evolutionary history of extant sequences by maximum likelihood, shifting focus from extant sequence variation to the underlying substitution events. Second, we analyze the joint distribution of substitution events among positions in the sequence as a Bayesian graphical model, in which each branch in the phylogeny is a unit of observation. We perform extensive validation of our models using both simulations and a control case of known interactions in HIV-1 protease, and apply this method to detect interactions within V3 from a sample of 1,154 HIV-1 envelope sequences. Our method greatly reduces the number of false positives due to founder effects, while capturing several higher-order interactions among V3 residues. By mapping these interactions to a structural model of the V3 loop, we find that the loop is stratified into distinct evolutionary clusters. We extend our model to detect interactions between the V3 and C4 domains of the HIV-1 envelope, and account for the uncertainty in mapping substitutions to the tree with a parametric bootstrap.</p></abstract><abstract abstract-type="summary"><title>Author Summary</title><sec id="st1"><title/><p>The third variable loop (V3) of the human immunodeficiency virus type 1 (HIV-1) envelope is a principal determinant of viral growth characteristics and an important target for the immune system. Interactions between residues of V3 allow the virus to shift between combinations of residues to escape the immune system while retaining its structure and functions. Comparative study of HIV-1 V3 sequences can detect such interactions by the covariation of sites in the sequence, which can then be used to inform vaccine development, but current methods for detecting such associations rely on biologically unrealistic assumptions. We demonstrate that these assumptions cause an excessive number of spurious associations, and present a new approach that couples phylogenetic and Bayesian network models, and greatly reduces this number while retaining the ability to detect real associations. Our analysis reveals that the V3 loop is stratified into discrete layers of interacting residues, suggesting a partition of functions along this viral structure with implications for vaccine development.</p></sec></abstract><counts><page-count count="12"/></counts><custom-meta-group><custom-meta><meta-name>citation</meta-name><meta-value>Poon AFY, Lewis FI, Kosakovsky Pond SL, Frost SDW (2007) An evolutionary-network model reveals stratified interactions in the V3 loop of the HIV-1 envelope. PLoS Comput Biol 3(11): e231. doi:<ext-link ext-link-type="doi" xlink:href="10.1371/journal.pcbi.0030231">10.1371/journal.pcbi.0030231</ext-link></meta-value></custom-meta></custom-meta-group></article-meta></front></article>