<article xmlns="https://jats.nlm.nih.gov/ns/archiving/1.2/" xmlns:xsi="http://www.w3.org/2001/XMLSchema-instance" xmlns:ali="http://www.niso.org/schemas/ali/1.0/" xmlns:mml="http://www.w3.org/1998/Math/MathML" xmlns:xlink="http://www.w3.org/1999/xlink" xsi:schemaLocation="https://jats.nlm.nih.gov/ns/archiving/1.2/ https://jats.nlm.nih.gov/archiving/1.2/xsd/JATS-archivearticle1.xsd" article-type="research-article"><front><journal-meta><journal-id journal-id-type="nlm-ta">PLoS Comput Biol</journal-id><journal-id journal-id-type="iso-abbrev">PLoS Comput. Biol</journal-id><journal-id journal-id-type="publisher-id">pcbi</journal-id><journal-id journal-id-type="publisher-id">plcb</journal-id><journal-id journal-id-type="pmc">ploscomp</journal-id><journal-title-group><journal-title>PLoS Computational Biology</journal-title></journal-title-group><issn pub-type="ppub">1553-734X</issn><issn pub-type="epub">1553-7358</issn><publisher><publisher-name>Public Library of Science</publisher-name><publisher-loc>San Francisco, USA</publisher-loc></publisher></journal-meta><article-meta><article-id pub-id-type="accession">PMC2134960</article-id><article-id pub-id-type="pmcid">PMC2134960</article-id><article-id pub-id-type="pmc-uid">2134960</article-id><article-id pub-id-type="pmid">18085819</article-id><article-id pub-id-type="pmid">18085819</article-id><article-id pub-id-type="doi">10.1371/journal.pcbi.0030250</article-id><article-id pub-id-type="publisher-id">07-PLCB-RA-0324R2</article-id><article-id pub-id-type="sici">plcb-03-12-07</article-id><article-categories><subj-group subj-group-type="heading"><subject>Research Article</subject></subj-group><subj-group subj-group-type="Discipline"><subject>Developmental Biology</subject><subject>Evolutionary Biology</subject><subject>Non-Clinical Medicine</subject></subj-group><subj-group subj-group-type="System Taxonomy"><subject>Animals</subject></subj-group></article-categories><title-group><article-title>Animal Cell Differentiation Patterns Suppress Somatic Evolution</article-title><alt-title alt-title-type="running-head">Cell Differentiation and Somatic Evolution</alt-title></title-group><contrib-group><contrib contrib-type="author"><name><surname>Pepper</surname><given-names>John W</given-names></name><xref ref-type="aff" rid="aff1">1</xref><xref ref-type="aff" rid="aff2">2</xref><xref ref-type="corresp" rid="cor1">*</xref></contrib><contrib contrib-type="author"><name><surname>Sprouffske</surname><given-names>Kathleen</given-names></name><xref ref-type="aff" rid="aff3">3</xref><xref ref-type="aff" rid="aff4">4</xref></contrib><contrib contrib-type="author"><name><surname>Maley</surname><given-names>Carlo C</given-names></name><xref ref-type="aff" rid="aff4">4</xref></contrib></contrib-group><aff id="aff1"><label>1</label> Department of Ecology and Evolutionary Biology, University of Arizona, Tucson, Arizona, United States of America
</aff><aff id="aff2"><label>2</label> The Santa Fe Institute, Santa Fe, New Mexico, United States of America
</aff><aff id="aff3"><label>3</label> Genomics and Computational Biology Program, University of Pennsylvania, Philadelphia, Pennsylvania, United States of America
</aff><aff id="aff4"><label>4</label> Systems Biology Division, The Wistar Institute, Philadelphia, Pennsylvania, United States of America
</aff><contrib-group><contrib contrib-type="editor"><name><surname>Meyers</surname><given-names>Lauren Ancel</given-names></name><role>Editor</role><xref ref-type="aff" rid="edit1"/></contrib></contrib-group><aff id="edit1">University of Texas at Austin, United States of America</aff><author-notes><corresp id="cor1">* To whom correspondence should be addressed. E-mail: <email>jpepper1@email.arizona.edu</email></corresp></author-notes><pub-date pub-type="ppub"><month>12</month><year>2007</year></pub-date><pub-date pub-type="epub"><day>14</day><month>12</month><year>2007</year></pub-date><pub-date pub-type="epreprint"><day>1</day><month>11</month><year>2007</year></pub-date><volume>3</volume><issue>12</issue><elocation-id>e250</elocation-id><history><date date-type="received"><day>11</day><month>6</month><year>2007</year></date><date date-type="accepted"><day>31</day><month>10</month><year>2007</year></date></history><permissions><copyright-statement> © 2007 Pepper et al.</copyright-statement><copyright-year>2007</copyright-year><license xlink:href="http://creativecommons.org/licenses/by/4.0/"><license-p>This is an open-access article distributed under the terms of the Creative Commons Attribution License, which permits unrestricted use, distribution, and reproduction in any medium, provided the original author and source are properly credited.</license-p></license></permissions><!--<related-article preprintResearch Article10.1371/journal.pcbi.0030250.eorRA1doisimple>Animal Cell Differentiation Patterns Suppress Somatic Evolution</related-article>--><abstract><p>Cell differentiation in multicellular organisms has the obvious function during development of creating new cell types. However, in long-lived organisms with extensive cell turnover, cell differentiation often continues after new cell types are no longer needed or produced. Here, we address the question of why this is true. It is believed that multicellular organisms could not have arisen or been evolutionarily stable without possessing mechanisms to suppress somatic selection among cells within organisms, which would otherwise disrupt organismal integrity. Here, we propose that one such mechanism is a specific pattern of ongoing cell differentiation commonly found in metazoans with cell turnover, which we call “serial differentiation.” This pattern involves a sequence of differentiation stages, starting with self-renewing somatic stem cells and proceeding through several (non–self-renewing) transient amplifying cell stages before ending with terminally differentiated cells. To test the hypothesis that serial differentiation can suppress somatic evolution, we used an agent-based computer simulation of cell population dynamics and evolution within tissues. The results indicate that, relative to other, simpler patterns, tissues organized into serial differentiation experience lower rates of detrimental cell-level evolution. Self-renewing cell populations are susceptible to somatic evolution, while those that are not self-renewing are not. We find that a mutation disrupting differentiation can create a new self-renewing cell population that is vulnerable to somatic evolution. These results are relevant not only to understanding the evolutionary origins of multicellularity, but also the causes of pathologies such as cancer and senescence in extant metazoans, including humans.</p></abstract><abstract abstract-type="summary"><title>Author Summary</title><sec id="st1"><title/><p>Darwinian natural selection and evolution is usually studied in populations of organisms. However, it is possible, in principle, in any population of cells, including the population of cells that constitutes a multicellular animal. Such “somatic” evolution among cells within an organism tends to reduce their cooperation, and thus to threaten the integrity of the organism. It is believed that this problem must have been solved somehow to allow the evolutionary emergence of multicellular animals. However, it has also been suggested that some pervasive pathologies reflect the persistence of some level of somatic evolution Here, we propose that a well-known pattern of ongoing cell differentiation in the mature tissues of animals functions to suppress somatic evolution. We test his hypothesis using a computer simulation of cell population dynamics and evolution. The results are consistent with our hypothesis, and suggest that cancer and senescent decline with aging may be attributable to a failure of this mechanism to completely suppress cellular evolution.</p></sec></abstract><counts><page-count count="14"/></counts><custom-meta-group><custom-meta><meta-name>citation</meta-name><meta-value>Pepper JW, Sprouffske K, Maley CC (2007) Animal cell differentiation patterns suppress somatic evolution. PLoS Comput Biol 3(12): e250. doi:<ext-link ext-link-type="doi" xlink:href="10.1371/journal.pcbi.0030250">10.1371/journal.pcbi.0030250</ext-link></meta-value></custom-meta></custom-meta-group></article-meta></front></article>