<article xmlns="https://jats.nlm.nih.gov/ns/archiving/1.2/" xmlns:xsi="http://www.w3.org/2001/XMLSchema-instance" xmlns:ali="http://www.niso.org/schemas/ali/1.0/" xmlns:mml="http://www.w3.org/1998/Math/MathML" xmlns:xlink="http://www.w3.org/1999/xlink" xsi:schemaLocation="https://jats.nlm.nih.gov/ns/archiving/1.2/ https://jats.nlm.nih.gov/archiving/1.2/xsd/JATS-archivearticle1.xsd" article-type="research-article"><front><journal-meta><journal-id journal-id-type="nlm-ta">PLoS Comput Biol</journal-id><journal-id journal-id-type="iso-abbrev">PLoS Comput. Biol</journal-id><journal-id journal-id-type="publisher-id">pcbi</journal-id><journal-id journal-id-type="publisher-id">plcb</journal-id><journal-id journal-id-type="pmc">ploscomp</journal-id><journal-title-group><journal-title>PLoS Computational Biology</journal-title></journal-title-group><issn pub-type="ppub">1553-734X</issn><issn pub-type="epub">1553-7358</issn><publisher><publisher-name>Public Library of Science</publisher-name><publisher-loc>San Francisco, USA</publisher-loc></publisher></journal-meta><article-meta><article-id pub-id-type="accession">PMC2062474</article-id><article-id pub-id-type="pmcid">PMC2062474</article-id><article-id pub-id-type="pmc-uid">2062474</article-id><article-id pub-id-type="pmid">17983265</article-id><article-id pub-id-type="pmid">17983265</article-id><article-id pub-id-type="doi">10.1371/journal.pcbi.0030219</article-id><article-id pub-id-type="publisher-id">07-PLCB-RA-0184R2</article-id><article-id pub-id-type="sici">plcb-03-11-03</article-id><article-categories><subj-group subj-group-type="heading"><subject>Research Article</subject></subj-group><subj-group subj-group-type="Discipline"><subject>Evolutionary Biology</subject><subject>Genetics and Genomics</subject></subj-group><subj-group subj-group-type="System Taxonomy"><subject>Eukaryotes</subject><subject>Eubacteria</subject></subj-group></article-categories><title-group><article-title>From Endosymbiont to Host-Controlled Organelle: The Hijacking of Mitochondrial Protein Synthesis and Metabolism </article-title><alt-title alt-title-type="running-head">Evolution of the Mitochondrial Metabolism</alt-title></title-group><contrib-group><contrib contrib-type="author"><name><surname>Gabaldón</surname><given-names>Toni</given-names></name><xref ref-type="fn" rid="n104">¤</xref><xref ref-type="corresp" rid="cor1">*</xref><xref ref-type="aff" rid="aff1"/></contrib><contrib contrib-type="author"><name><surname>Huynen</surname><given-names>Martijn A</given-names></name><xref ref-type="aff" rid="aff1"/></contrib></contrib-group><aff id="aff1">Nijmegen Center for Molecular Life Sciences, Center for Molecular and Biomolecular Informatics, University of Nijmegen, Nijmegen, The Netherlands</aff><contrib-group><contrib contrib-type="editor"><name><surname>Subramaniam</surname><given-names>Shankar</given-names></name><role>Editor</role><xref ref-type="aff" rid="edit1"/></contrib></contrib-group><aff id="edit1">University of California San Diego, United States of America</aff><author-notes><corresp id="cor1">* To whom correspondence should be addressed. E-mail: <email>tgabaldon@cipf.es</email></corresp></author-notes><pub-date pub-type="ppub"><month>11</month><year>2007</year></pub-date><pub-date pub-type="epub"><day>2</day><month>11</month><year>2007</year></pub-date><pub-date pub-type="epreprint"><day>26</day><month>9</month><year>2007</year></pub-date><volume>3</volume><issue>11</issue><elocation-id>e219</elocation-id><history><date date-type="received"><day>5</day><month>4</month><year>2007</year></date><date date-type="accepted"><day>26</day><month>9</month><year>2007</year></date></history><permissions><copyright-statement> © 2007 Gabaldón and Huynen.</copyright-statement><copyright-year>2007</copyright-year><license xlink:href="http://creativecommons.org/licenses/by/4.0/"><license-p>This is an open-access article distributed under the terms of the Creative Commons Attribution License, which permits unrestricted use, distribution, and reproduction in any medium, provided the original author and source are properly credited.</license-p></license></permissions><!--<related-article preprintResearch Article10.1371/journal.pcbi.0030219.eorRA1doisimple>From Endosymbiont to Host-Controlled Organelle: The Hijacking of Mitochondrial Protein Synthesis and Metabolism</related-article>--><abstract><p>Mitochondria are eukaryotic organelles that originated from the endosymbiosis of an alpha-proteobacterium. To gain insight into the evolution of the mitochondrial proteome as it proceeded through the transition from a free-living cell to a specialized organelle, we compared a reconstructed ancestral proteome of the mitochondrion with the proteomes of alpha-proteobacteria as well as with the mitochondrial proteomes in yeast and man. Overall, there has been a large turnover of the mitochondrial proteome during the evolution of mitochondria. Early in the evolution of the mitochondrion, proteins involved in cell envelope synthesis have virtually disappeared, whereas proteins involved in replication, transcription, cell division, transport, regulation, and signal transduction have been replaced by eukaryotic proteins. More than half of what remains from the mitochondrial ancestor in modern mitochondria corresponds to translation, including post-translational modifications, and to metabolic pathways that are directly, or indirectly, involved in energy conversion. Altogether, the results indicate that the eukaryotic host has hijacked the proto-mitochondrion, taking control of its protein synthesis and metabolism.</p></abstract><abstract abstract-type="summary"><title>Author Summary</title><sec id="st1"><title/><p>Mitochondria are compartments from the eukaryotic cell that originated from the endosymbiosys of an alpha-proteobacterium. The bacterial-like metabolism of this early endosymbiont was thought to differ substantially from that of modern mitochondria, but so far we do not know the details of this bacterium-to-organelle transformation. To address this issue, we used an evolutionary approach to find genes derived from the ancestor of mitochondria. By identifying eukaryotic genes that are closely related to alpha-proteobacterial ones, we reconstructed a set of genes derived from the mitochondrial ancestor. We used that set to infer the ancestral mitochondrial metabolism, and subsequently compared it with those of modern mitochondria, as reconstructed from proteomics data from yeast and human. This allowed us to trace the metabolic evolution of mitochondria. What we found is that there has been a large turnover of the protein content of mitochondria, which has affected some pathways more than others. Pathways for protein synthesis and those involved in energy conversion have been preferentially retained in the mitochondrion, whereas those involved in replication, transcription, cell division, transport, regulation, and signal transduction have been replaced by eukaryotic proteins. Our findings show how the eukaryotic host has taken control of the endosymbiont, effectively hijacking those pathways that it could use.</p></sec></abstract><counts><page-count count="10"/></counts><custom-meta-group><custom-meta><meta-name>citation</meta-name><meta-value>Gabaldón T, Huynen MA (2007) From endosymbiont to host-controlled organelle: the hijacking of mitochondrial protein synthesis and metabolism. PLoS Comput Biol 3(11): e219. doi:<ext-link ext-link-type="doi" xlink:href="10.1371/journal.pcbi.0030219">10.1371/journal.pcbi.0030219</ext-link></meta-value></custom-meta></custom-meta-group></article-meta></front></article>