<article xmlns="https://jats.nlm.nih.gov/ns/archiving/1.2/" xmlns:xsi="http://www.w3.org/2001/XMLSchema-instance" xmlns:ali="http://www.niso.org/schemas/ali/1.0/" xmlns:mml="http://www.w3.org/1998/Math/MathML" xmlns:xlink="http://www.w3.org/1999/xlink" xsi:schemaLocation="https://jats.nlm.nih.gov/ns/archiving/1.2/ https://jats.nlm.nih.gov/archiving/1.2/xsd/JATS-archivearticle1.xsd" article-type="research-article"><front><journal-meta><journal-id journal-id-type="nlm-ta">PLoS Comput Biol</journal-id><journal-id journal-id-type="iso-abbrev">PLoS Comput. Biol</journal-id><journal-id journal-id-type="publisher-id">pcbi</journal-id><journal-id journal-id-type="publisher-id">plcb</journal-id><journal-id journal-id-type="pmc">ploscomp</journal-id><journal-title-group><journal-title>PLoS Computational Biology</journal-title></journal-title-group><issn pub-type="ppub">1553-734X</issn><issn pub-type="epub">1553-7358</issn><publisher><publisher-name>Public Library of Science</publisher-name><publisher-loc>San Francisco, USA</publisher-loc></publisher></journal-meta><article-meta><article-id pub-id-type="accession">PMC2082502</article-id><article-id pub-id-type="pmcid">PMC2082502</article-id><article-id pub-id-type="pmc-uid">2082502</article-id><article-id pub-id-type="pmid">18039025</article-id><article-id pub-id-type="pmid">18039025</article-id><article-id pub-id-type="doi">10.1371/journal.pcbi.0030203</article-id><article-id pub-id-type="publisher-id">07-PLCB-RA-0037R3</article-id><article-id pub-id-type="sici">plcb-03-11-18</article-id><article-categories><subj-group subj-group-type="heading"><subject>Research Article</subject></subj-group><subj-group subj-group-type="Discipline"><subject>Computational Biology</subject><subject>Evolutionary Biology</subject></subj-group><subj-group subj-group-type="System Taxonomy"><subject>Saccharomyces</subject></subj-group></article-categories><title-group><article-title>Phenotypic Mutation Rates and the Abundance of Abnormal Proteins in Yeast</article-title><alt-title alt-title-type="running-head">Phenotypic Mutations and Abnormal Proteins</alt-title></title-group><contrib-group><contrib contrib-type="author"><name><surname>Willensdorfer</surname><given-names>Martin</given-names></name><xref ref-type="aff" rid="aff1">1</xref><xref ref-type="aff" rid="aff2">2</xref><xref ref-type="corresp" rid="cor1">*</xref></contrib><contrib contrib-type="author"><name><surname>Bürger</surname><given-names>Reinhard</given-names></name><xref ref-type="aff" rid="aff1">1</xref><xref ref-type="aff" rid="aff3">3</xref></contrib><contrib contrib-type="author"><name><surname>Nowak</surname><given-names>Martin A</given-names></name><xref ref-type="aff" rid="aff1">1</xref><xref ref-type="aff" rid="aff4">4</xref></contrib></contrib-group><aff id="aff1"><label>1</label> Program for Evolutionary Dynamics, Harvard University, Cambridge, Massachusetts, United States of America
</aff><aff id="aff2"><label>2</label> Department of Molecular and Cellular Biology, Harvard University, Cambridge, Massachusetts, United States of America
</aff><aff id="aff3"><label>3</label> Department of Mathematics, University of Vienna, Vienna, Austria
</aff><aff id="aff4"><label>4</label> Department of Mathematics, Department of Organismic and Evolutionary Biology, Harvard University, Cambridge, Massachusetts, United States of America
</aff><contrib-group><contrib contrib-type="editor"><name><surname>Ancel Meyers</surname><given-names>Lauren</given-names></name><role>Editor</role><xref ref-type="aff" rid="edit1"/></contrib></contrib-group><aff id="edit1">University of Texas Austin, United States of America</aff><author-notes><corresp id="cor1">* To whom correspondence should be addressed. E-mail: <email>ma.wi@gmx.at</email></corresp></author-notes><pub-date pub-type="ppub"><month>11</month><year>2007</year></pub-date><pub-date pub-type="epub"><day>23</day><month>11</month><year>2007</year></pub-date><pub-date pub-type="epreprint"><day>6</day><month>9</month><year>2007</year></pub-date><volume>3</volume><issue>11</issue><elocation-id>e203</elocation-id><history><date date-type="received"><day>24</day><month>1</month><year>2007</year></date><date date-type="accepted"><day>5</day><month>9</month><year>2007</year></date></history><permissions><copyright-statement> © 2007 Willensdorfer et al.</copyright-statement><copyright-year>2007</copyright-year><license xlink:href="http://creativecommons.org/licenses/by/4.0/"><license-p>This is an open-access article distributed under the terms of the Creative Commons Attribution License, which permits unrestricted use, distribution, and reproduction in any medium, provided the original author and source are properly credited.</license-p></license></permissions><!--<related-article preprintResearch Article10.1371/journal.pcbi.0030203.eorRA1doisimple>Phenotypic Mutation Rates and the Abundance of Abnormal Proteins in Yeast</related-article>--><abstract><p>Phenotypic mutations are errors that occur during protein synthesis. These errors lead to amino acid substitutions that give rise to abnormal proteins. Experiments suggest that such errors are quite common. We present a model to study the effect of phenotypic mutation rates on the amount of abnormal proteins in a cell. In our model, genes are regulated to synthesize a certain number of functional proteins. During this process, depending on the phenotypic mutation rate, abnormal proteins are generated. We use data on protein length and abundance in <named-content content-type="genus-species">Saccharomyces cerevisiae</named-content> to parametrize our model. We calculate that for small phenotypic mutation rates most abnormal proteins originate from highly expressed genes that are on average nearly twice as large as the average yeast protein. For phenotypic mutation rates much above 5 × 10<sup>−4</sup>, the error-free synthesis of large proteins is nearly impossible and lowly expressed, very large proteins contribute more and more to the amount of abnormal proteins in a cell. This fact leads to a steep increase of the amount of abnormal proteins for phenotypic mutation rates above 5 × 10<sup>−4</sup>. Simulations show that this property leads to an upper limit for the phenotypic mutation rate of approximately 2 × 10<sup>−3</sup> even if the costs for abnormal proteins are extremely low. We also consider the adaptation of individual proteins. Individual genes/proteins can decrease their phenotypic mutation rate by using preferred codons or by increasing their robustness against amino acid substitutions. We discuss the similarities and differences between the two mechanisms and show that they can only slow down but not prevent the rapid increase of the amount of abnormal proteins. Our work allows us to estimate the phenotypic mutation rate based on data on the fraction of abnormal proteins. For <named-content content-type="genus-species">S. cerevisiae</named-content>, we predict that the value for the phenotypic mutation rate is between 2 × 10<sup>−4</sup> and 6 × 10<sup>−4</sup>.</p></abstract><abstract abstract-type="summary"><title>Author Summary</title><sec id="st1"><title/><p>A functional protein machinery, built from genetic information, is central to every living organism. Surprisingly, the decoding of genes into amino acid sequences is fairly inaccurate. Errors in this process (phenotypic mutations) are several orders of magnitude more frequent than errors during DNA replication (genotypic mutations). Many researchers have explored the evolution of genotypic mutation rates, but there are as yet few investigations into the evolutionary dynamics of phenotypic mutation rates. Here we present a mathematical model that describes the effect of phenotypic mutation on the amount of abnormal proteins in cells. We parameterize our model using data from yeast (<named-content content-type="genus-species">Saccharomyces cerevisiae</named-content>). We show that for phenotypic mutation rates above 5 × 10<sup>−4</sup> per amino acid, the error-free synthesis of large proteins becomes nearly impossible. We estimate the phenotypic mutation rate of <named-content content-type="genus-species">S. cerevisiae</named-content> to be between 2 × 10<sup>−4</sup> and 6 × 10<sup>−4</sup> per amino acid.</p></sec></abstract><counts><page-count count="14"/></counts><custom-meta-group><custom-meta><meta-name>citation</meta-name><meta-value>Willensdorfer M, Bürger R, Nowak MA (2007) Phenotypic mutation rates and the abundance of abnormal proteins in yeast. PLoS Comput Biol 3(11): e203. doi:<ext-link ext-link-type="doi" xlink:href="10.1371/journal.pcbi.0030203">10.1371/journal.pcbi.0030203</ext-link></meta-value></custom-meta></custom-meta-group></article-meta></front></article>