<article xmlns="https://jats.nlm.nih.gov/ns/archiving/1.2/" xmlns:xsi="http://www.w3.org/2001/XMLSchema-instance" xmlns:ali="http://www.niso.org/schemas/ali/1.0/" xmlns:mml="http://www.w3.org/1998/Math/MathML" xmlns:xlink="http://www.w3.org/1999/xlink" xsi:schemaLocation="https://jats.nlm.nih.gov/ns/archiving/1.2/ https://jats.nlm.nih.gov/archiving/1.2/xsd/JATS-archivearticle1.xsd" article-type="other"><front><journal-meta><journal-id journal-id-type="nlm-ta">PLoS Comput Biol</journal-id><journal-id journal-id-type="iso-abbrev">PLoS Comput. Biol</journal-id><journal-id journal-id-type="publisher-id">pcbi</journal-id><journal-id journal-id-type="publisher-id">plcb</journal-id><journal-id journal-id-type="pmc">ploscomp</journal-id><journal-title-group><journal-title>PLoS Computational Biology</journal-title></journal-title-group><issn pub-type="ppub">1553-734X</issn><issn pub-type="epub">1553-7358</issn><publisher><publisher-name>Public Library of Science</publisher-name><publisher-loc>San Francisco, USA</publisher-loc></publisher></journal-meta><article-meta><article-id pub-id-type="accession">PMC2041983</article-id><article-id pub-id-type="pmcid">PMC2041983</article-id><article-id pub-id-type="pmc-uid">2041983</article-id><article-id pub-id-type="pmid">17967055</article-id><article-id pub-id-type="doi">10.1371/journal.pcbi.0030224</article-id><article-id pub-id-type="publisher-id">07-PLCB-ED-0544</article-id><article-id pub-id-type="sici">plcb-03-10-18</article-id><article-categories><subj-group subj-group-type="heading"><subject>Message from ISCB</subject></subj-group></article-categories><title-group><article-title>“Getting Started In…”: A Series Not to Miss</article-title><alt-title alt-title-type="running-head">"Getting Started In...": A Series Not to Miss</alt-title></title-group><contrib-group><contrib contrib-type="author"><name><surname>Troyanskaya</surname><given-names>Olga</given-names></name><xref ref-type="corresp" rid="cor1"/></contrib></contrib-group><author-notes><corresp id="cor1">Olga Troyanskaya is with the Lewis-Sigler Institute for Integrative Genomics and the Department of Computer Science, Princeton University, Princeton, New Jersey, United States of America. E-mail: <email>ogt@cs.princeton.edu</email></corresp></author-notes><pub-date pub-type="ppub"><month>10</month><year>2007</year></pub-date><pub-date pub-type="epub"><day>26</day><month>10</month><year>2007</year></pub-date><volume>3</volume><issue>10</issue><elocation-id>e224</elocation-id><permissions><copyright-statement> © 2007 Olga Troyanskaya.</copyright-statement><copyright-year>2007</copyright-year><license xlink:href="http://creativecommons.org/licenses/by/4.0/"><license-p>This is an open-access article distributed under the terms of the Creative Commons Attribution License, which permits unrestricted use, distribution, and reproduction in any medium, provided the original author and source are properly credited.</license-p></license></permissions><related-article id="d35e78" related-article-type="companion" ext-link-type="doi" xlink:href="10.1371/journal.pcbi.0030183" xlink:title="Message from ISCB" vol="3" page="e183"><article-title>Getting Started in Tiling Microarray Analysis</article-title></related-article><counts><page-count count="1"/></counts><custom-meta-group><custom-meta><meta-name>citation</meta-name><meta-value>Troyanskaya O (2007) “Getting Started In…”: A series not to miss. PLoS Comput Biol 3(10): e224. doi:<ext-link ext-link-type="doi" xlink:href="10.1371/journal.pcbi.0030224">10.1371/journal.pcbi.0030224</ext-link></meta-value></custom-meta></custom-meta-group></article-meta></front></article>