<article xmlns="https://jats.nlm.nih.gov/ns/archiving/1.2/" xmlns:xsi="http://www.w3.org/2001/XMLSchema-instance" xmlns:ali="http://www.niso.org/schemas/ali/1.0/" xmlns:mml="http://www.w3.org/1998/Math/MathML" xmlns:xlink="http://www.w3.org/1999/xlink" xsi:schemaLocation="https://jats.nlm.nih.gov/ns/archiving/1.2/ https://jats.nlm.nih.gov/archiving/1.2/xsd/JATS-archivearticle1.xsd" article-type="other"><front><journal-meta><journal-id journal-id-type="nlm-ta">PLoS Comput Biol</journal-id><journal-id journal-id-type="iso-abbrev">PLoS Comput. Biol</journal-id><journal-id journal-id-type="publisher-id">pcbi</journal-id><journal-id journal-id-type="publisher-id">plcb</journal-id><journal-id journal-id-type="pmc">ploscomp</journal-id><journal-title-group><journal-title>PLoS Computational Biology</journal-title></journal-title-group><issn pub-type="ppub">1553-734X</issn><issn pub-type="epub">1553-7358</issn><publisher><publisher-name>Public Library of Science</publisher-name><publisher-loc>San Francisco, USA</publisher-loc></publisher></journal-meta><article-meta><article-id pub-id-type="accession">PMC2217581</article-id><article-id pub-id-type="pmcid">PMC2217581</article-id><article-id pub-id-type="pmc-uid">2217581</article-id><article-id pub-id-type="pmid">18463692</article-id><article-id pub-id-type="pmid">18463692</article-id><article-id pub-id-type="doi">10.1371/journal.pcbi.0040025</article-id><article-id pub-id-type="publisher-id">07-PLCB-C-0746R1</article-id><article-id pub-id-type="sici">plcb-04-01-12</article-id><article-categories><subj-group subj-group-type="heading"><subject>Correspondence</subject></subj-group><subj-group subj-group-type="Discipline"><subject>Computational Biology</subject><subject>Evolutionary Biology</subject><subject>Virology</subject></subj-group><subj-group subj-group-type="System Taxonomy"><subject>Viruses</subject></subj-group></article-categories><title-group><article-title>Comparison of Immunogen Designs That Optimize Peptide Coverage: Reply to Fischer et al</article-title><alt-title alt-title-type="running-head">Author Response to Fischer et al., 2007a</alt-title></title-group><contrib-group><contrib contrib-type="author"><name><surname>Nickle</surname><given-names>David C</given-names></name><xref ref-type="fn" rid="n101"/></contrib><contrib contrib-type="author"><name><surname>Jojic</surname><given-names>Nebojsa</given-names></name><xref ref-type="fn" rid="n101"/></contrib><contrib contrib-type="author"><name><surname>Heckerman</surname><given-names>David</given-names></name><xref ref-type="fn" rid="n101"/></contrib><contrib contrib-type="author"><name><surname>Jojic</surname><given-names>Vladimir</given-names></name><xref ref-type="fn" rid="n101"/></contrib><contrib contrib-type="author"><name><surname>Kirovski</surname><given-names>Darko</given-names></name><xref ref-type="fn" rid="n101"/></contrib><contrib contrib-type="author"><name><surname>Rolland</surname><given-names>Morgane</given-names></name><xref ref-type="fn" rid="n101"/></contrib><contrib contrib-type="author"><name><surname>Kosakovsky Pond</surname><given-names>Sergei</given-names></name><xref ref-type="fn" rid="n101"/></contrib><contrib contrib-type="author"><name><surname>Mullins</surname><given-names>James I</given-names></name><xref ref-type="fn" rid="n101"/></contrib></contrib-group><pub-date pub-type="ppub"><month>1</month><year>2008</year></pub-date><pub-date pub-type="epub"><day>25</day><month>1</month><year>2008</year></pub-date><volume>4</volume><issue>1</issue><elocation-id>e25</elocation-id><permissions><copyright-statement> © 2008 Nickle et al.</copyright-statement><copyright-year>2008</copyright-year><license xlink:href="http://creativecommons.org/licenses/by/4.0/"><license-p>This is an open-access article distributed under the terms of the Creative Commons Attribution License, which permits unrestricted use, distribution, and reproduction in any medium, provided the original author and source are properly credited.</license-p></license></permissions><counts><page-count count="2"/></counts><custom-meta-group><custom-meta><meta-name>citation</meta-name><meta-value>Nickle DC, Jojic N, Heckerman D, Jojic V, Kirovski D, et al. (2008) Comparison of immunogen designs that optimize peptide coverage: Reply to Fischer et al. PLoS Comput Biol 4(1): e25. doi:<ext-link ext-link-type="doi" xlink:href="10.1371/journal.pcbi.0040025">10.1371/journal.pcbi.0040025</ext-link></meta-value></custom-meta></custom-meta-group></article-meta></front></article>