<article xmlns="https://jats.nlm.nih.gov/ns/archiving/1.2/" xmlns:xsi="http://www.w3.org/2001/XMLSchema-instance" xmlns:ali="http://www.niso.org/schemas/ali/1.0/" xmlns:mml="http://www.w3.org/1998/Math/MathML" xmlns:xlink="http://www.w3.org/1999/xlink" xsi:schemaLocation="https://jats.nlm.nih.gov/ns/archiving/1.2/ https://jats.nlm.nih.gov/archiving/1.2/xsd/JATS-archivearticle1.xsd" article-type="research-article"><front><journal-meta><journal-id journal-id-type="nlm-ta">PLoS Comput Biol</journal-id><journal-id journal-id-type="iso-abbrev">PLoS Comput. Biol</journal-id><journal-id journal-id-type="publisher-id">pcbi</journal-id><journal-id journal-id-type="publisher-id">plcb</journal-id><journal-id journal-id-type="pmc">ploscomp</journal-id><journal-title-group><journal-title>PLoS Computational Biology</journal-title></journal-title-group><issn pub-type="ppub">1553-734X</issn><issn pub-type="epub">1553-7358</issn><publisher><publisher-name>Public Library of Science</publisher-name><publisher-loc>San Francisco, USA</publisher-loc></publisher></journal-meta><article-meta><article-id pub-id-type="accession">PMC2065893</article-id><article-id pub-id-type="pmcid">PMC2065893</article-id><article-id pub-id-type="pmc-uid">2065893</article-id><article-id pub-id-type="pmid">17997595</article-id><article-id pub-id-type="pmid">17997595</article-id><article-id pub-id-type="doi">10.1371/journal.pcbi.0030218</article-id><article-id pub-id-type="publisher-id">07-PLCB-RA-0291R2</article-id><article-id pub-id-type="sici">plcb-03-11-12</article-id><article-categories><subj-group subj-group-type="heading"><subject>Research Article</subject></subj-group><subj-group subj-group-type="Discipline"><subject>Computational Biology</subject></subj-group><subj-group subj-group-type="System Taxonomy"><subject>Eukaryotes</subject></subj-group></article-categories><title-group><article-title>Stochastic Noise and Synchronisation during <italic>Dictyostelium</italic> Aggregation Make cAMP Oscillations Robust</article-title><alt-title alt-title-type="running-head">Robustness of<italic>Dictyostelium</italic> cAMP Oscillations</alt-title></title-group><contrib-group><contrib contrib-type="author"><name><surname>Kim</surname><given-names>Jongrae</given-names></name><xref ref-type="aff" rid="aff1">1</xref><xref ref-type="aff" rid="aff2">2</xref><xref ref-type="corresp" rid="cor1">*</xref></contrib><contrib contrib-type="author"><name><surname>Heslop-Harrison</surname><given-names>Pat</given-names></name><xref ref-type="aff" rid="aff2">2</xref><xref ref-type="aff" rid="aff3">3</xref></contrib><contrib contrib-type="author"><name><surname>Postlethwaite</surname><given-names>Ian</given-names></name><xref ref-type="aff" rid="aff1">1</xref><xref ref-type="aff" rid="aff2">2</xref></contrib><contrib contrib-type="author"><name><surname>Bates</surname><given-names>Declan G</given-names></name><xref ref-type="aff" rid="aff1">1</xref><xref ref-type="aff" rid="aff2">2</xref></contrib></contrib-group><aff id="aff1"><label>1</label> Control and Instrumentation Group, Department of Engineering, University of Leicester, Leicester, United Kingdom
</aff><aff id="aff2"><label>2</label> Systems Biology Laboratory, University of Leicester, Leicester, United Kingdom
</aff><aff id="aff3"><label>3</label> Department of Biology, University of Leicester, Leicester, United Kingdom
</aff><contrib-group><contrib contrib-type="editor"><name><surname>Loomis</surname><given-names>William F</given-names></name><role>Editor</role><xref ref-type="aff" rid="edit1"/></contrib></contrib-group><aff id="edit1">University of California San Diego, United States of America</aff><author-notes><corresp id="cor1">* To whom correspondence should be addressed. E-mail: <email>jkim@aero.gla.ac.uk</email></corresp></author-notes><pub-date pub-type="ppub"><month>11</month><year>2007</year></pub-date><pub-date pub-type="epub"><day>9</day><month>11</month><year>2007</year></pub-date><pub-date pub-type="epreprint"><day>26</day><month>9</month><year>2007</year></pub-date><volume>3</volume><issue>11</issue><elocation-id>e218</elocation-id><history><date date-type="received"><day>31</day><month>7</month><year>2007</year></date><date date-type="accepted"><day>25</day><month>9</month><year>2007</year></date></history><permissions><copyright-statement> © 2007 Kim et al.</copyright-statement><copyright-year>2007</copyright-year><license xlink:href="http://creativecommons.org/licenses/by/4.0/"><license-p>This is an open-access article distributed under the terms of the Creative Commons Attribution License, which permits unrestricted use, distribution, and reproduction in any medium, provided the original author and source are properly credited.</license-p></license></permissions><!--<related-article preprintResearch Article10.1371/journal.pcbi.0030218.eorRA1doisimple>Stochastic Noise and Synchronisation during Dictyostelium Aggregation Make cAMP Oscillations Robust</related-article>--><abstract><p>Stable and robust oscillations in the concentration of adenosine 3′, 5′-cyclic monophosphate (cAMP) are observed during the aggregation phase of starvation-induced development in <named-content content-type="genus-species">Dictyostelium discoideum</named-content>. In this paper we use mathematical modelling together with ideas from robust control theory to identify two factors which appear to make crucial contributions to ensuring the robustness of these oscillations. Firstly, we show that stochastic fluctuations in the molecular interactions play an important role in preserving stable oscillations in the face of variations in the kinetics of the intracellular network. Secondly, we show that synchronisation of the aggregating cells through the diffusion of extracellular cAMP is a key factor in ensuring robustness of the oscillatory waves of cAMP observed in <italic>Dictyostelium</italic> cell cultures to cell-to-cell variations. A striking and quite general implication of the results is that the robustness analysis of models of oscillating biomolecular networks (circadian clocks, Ca<sup>2+</sup> oscillations, etc.) can only be done reliably by using stochastic simulations, even in the case where molecular concentrations are very high.</p></abstract><abstract abstract-type="summary"><title>Author Summary</title><sec id="st1"><title/><p>The molecular network, which underlies the oscillations in the concentration of adenosine 3′, 5′-cyclic monophosphate (cAMP) during the aggregation phase of starvation-induced development in <named-content content-type="genus-species">Dictyostelium discoideum</named-content>, achieves remarkable levels of robust performance in the face of environmental variations and cellular heterogeneity. However, the reasons for this robustness remain poorly understood. Tools and concepts from the field of control engineering provide powerful methods for uncovering the mechanisms underlying the robustness of these types of biological systems. Using such methods, two important factors contributing to the robustness of cAMP oscillations in <italic>Dictyostelium</italic> are revealed. First, stochastic fluctuations in the molecular interactions of the intracellular network, arising from random or directional noise and biological sources, play an important role in preserving stable oscillations in the face of variations in the kinetics of the network. Second, synchronisation of the aggregating cells through the diffusion of extracellular cAMP appears to be a key factor in ensuring robustness to cell-to-cell variations of the oscillatory waves of cAMP observed in <italic>Dictyostelium</italic> cell cultures. The conclusions have important general implications for the robustness of oscillating biomolecular networks (whether seen at organism, cell, or intracellular levels and including circadian clocks or Ca<sup>2+</sup> oscillations, etc.), and suggest that such analysis can be conducted more reliably by using models including stochastic simulations, even in the case where molecular concentrations are very high.</p></sec></abstract><counts><page-count count="9"/></counts><custom-meta-group><custom-meta><meta-name>citation</meta-name><meta-value>Kim J, Heslop-Harrison P, Postlethwaite I, Bates DG (2007) Stochastic noise and synchronisation during <italic>Dictyostelium</italic> aggregation make cAMP oscillations robust. PLoS Comput Biol 3(11): e218. doi:<ext-link ext-link-type="doi" xlink:href="10.1371/journal.pcbi.0030218">10.1371/journal.pcbi.0030218</ext-link></meta-value></custom-meta></custom-meta-group></article-meta></front></article>