<article xmlns="https://jats.nlm.nih.gov/ns/archiving/1.2/" xmlns:xsi="http://www.w3.org/2001/XMLSchema-instance" xmlns:ali="http://www.niso.org/schemas/ali/1.0/" xmlns:mml="http://www.w3.org/1998/Math/MathML" xmlns:xlink="http://www.w3.org/1999/xlink" xsi:schemaLocation="https://jats.nlm.nih.gov/ns/archiving/1.2/ https://jats.nlm.nih.gov/archiving/1.2/xsd/JATS-archivearticle1.xsd" article-type="research-article"><front><journal-meta><journal-id journal-id-type="nlm-ta">PLoS Comput Biol</journal-id><journal-id journal-id-type="iso-abbrev">PLoS Comput. Biol</journal-id><journal-id journal-id-type="publisher-id">pcbi</journal-id><journal-id journal-id-type="publisher-id">plcb</journal-id><journal-id journal-id-type="pmc">ploscomp</journal-id><journal-title-group><journal-title>PLoS Computational Biology</journal-title></journal-title-group><issn pub-type="ppub">1553-734X</issn><issn pub-type="epub">1553-7358</issn><publisher><publisher-name>Public Library of Science</publisher-name><publisher-loc>San Francisco, USA</publisher-loc></publisher></journal-meta><article-meta><article-id pub-id-type="accession">PMC2065894</article-id><article-id pub-id-type="pmcid">PMC2065894</article-id><article-id pub-id-type="pmc-uid">2065894</article-id><article-id pub-id-type="pmid">17997596</article-id><article-id pub-id-type="pmid">17997596</article-id><article-id pub-id-type="doi">10.1371/journal.pcbi.0030222</article-id><article-id pub-id-type="publisher-id">07-PLCB-RA-0312R2</article-id><article-id pub-id-type="sici">plcb-03-11-09</article-id><article-categories><subj-group subj-group-type="heading"><subject>Research Article</subject></subj-group><subj-group subj-group-type="Discipline"><subject>Computational Biology</subject><subject>Genetics and Genomics</subject></subj-group><subj-group subj-group-type="System Taxonomy"><subject>Mus (Mouse)</subject><subject>Homo (Human)</subject></subj-group></article-categories><title-group><article-title>Computational Analysis of Mouse piRNA Sequence and Biogenesis</article-title><alt-title alt-title-type="running-head">piRNA Sequence Analysis</alt-title></title-group><contrib-group><contrib contrib-type="author"><name><surname>Betel</surname><given-names>Doron</given-names></name><xref ref-type="aff" rid="aff1">1</xref><xref ref-type="corresp" rid="cor1">*</xref></contrib><contrib contrib-type="author"><name><surname>Sheridan</surname><given-names>Robert</given-names></name><xref ref-type="aff" rid="aff1">1</xref></contrib><contrib contrib-type="author"><name><surname>Marks</surname><given-names>Debora S</given-names></name><xref ref-type="aff" rid="aff2">2</xref></contrib><contrib contrib-type="author"><name><surname>Sander</surname><given-names>Chris</given-names></name><xref ref-type="aff" rid="aff1">1</xref></contrib></contrib-group><aff id="aff1"><label>1</label> Computational and Systems Biology Center, Memorial Sloan-Kettering Cancer Center, New York, New York, United States of America
</aff><aff id="aff2"><label>2</label> Department of Systems Biology, Harvard Medical School, Boston, Massachusetts, United States of America
</aff><contrib-group><contrib contrib-type="editor"><name><surname>Kim</surname><given-names>Narry</given-names></name><role>Editor</role><xref ref-type="aff" rid="edit1"/></contrib></contrib-group><aff id="edit1">Seoul National University, Republic of Korea</aff><author-notes><corresp id="cor1">* To whom correspondence should be addressed. E-mail: <email>betel@cbio.mskcc.org</email></corresp></author-notes><pub-date pub-type="ppub"><month>11</month><year>2007</year></pub-date><pub-date pub-type="epub"><day>9</day><month>11</month><year>2007</year></pub-date><pub-date pub-type="epreprint"><day>26</day><month>9</month><year>2007</year></pub-date><volume>3</volume><issue>11</issue><elocation-id>e222</elocation-id><history><date date-type="received"><day>6</day><month>6</month><year>2007</year></date><date date-type="accepted"><day>27</day><month>9</month><year>2007</year></date></history><permissions><copyright-statement> © 2007 Betel et al.</copyright-statement><copyright-year>2007</copyright-year><license xlink:href="http://creativecommons.org/licenses/by/4.0/"><license-p>This is an open-access article distributed under the terms of the Creative Commons Attribution License, which permits unrestricted use, distribution, and reproduction in any medium, provided the original author and source are properly credited.</license-p></license></permissions><!--<related-article preprintResearch Article10.1371/journal.pcbi.0030222.eorRA1doisimple>Computational Analysis of Mouse piRNA Sequence and Biogenesis</related-article>--><abstract><p>The recent discovery of a new class of 30-nucleotide long RNAs in mammalian testes, called PIWI-interacting RNA (piRNA), with similarities to microRNAs and repeat-associated small interfering RNAs (rasiRNAs), has raised puzzling questions regarding their biogenesis and function. We report a comparative analysis of currently available piRNA sequence data from the pachytene stage of mouse spermatogenesis that sheds light on their sequence diversity and mechanism of biogenesis. We conclude that (i) there are at least four times as many piRNAs in mouse testes than currently known; (ii) piRNAs, which originate from long precursor transcripts, are generated by quasi-random enzymatic processing that is guided by a weak sequence signature at the piRNA 5′ends resulting in a large number of distinct sequences; and (iii) many of the piRNA clusters contain inverted repeats segments capable of forming double-strand RNA fold-back segments that may initiate piRNA processing analogous to transposon silencing.</p></abstract><abstract abstract-type="summary"><title>Author Summary</title><sec id="st1"><title/><p>The discovery of a new class of mammalian small regulatory RNAs termed PIWI-interacting RNA (piRNA) has extended the diverse family of small regulatory RNAs. PIWI proteins are a subclass of the larger Argonaute proteins family, of which the Ago members bind microRNAs and play a critical role in gene silencing. Despite the homology between PIWI and Ago proteins, piRNAs are strikingly different from microRNAs in their length, expression pattern, and genomic organization. In contrast, piRNAs are similar to repeat-associated small interfering RNA (rasiRNAs), a class of small RNAs that are responsible for transposon silencing in <italic>Drosophila</italic> germline, although it is unclear if piRNAs function in a similar way. This paper describes a computational comparison and analysis of the existing comprehensive piRNA datasets identified independently by three groups at the pachytene stage in mouse spermatogenesis. We find that the studies have identified similar genomic piRNA clusters, but differ substantially in the piRNAs that were cloned from those clusters. Based on these results we quantify the expected number of piRNAs and suggest that the processing of piRNAs from genomic transcripts is quasi-random. We find that a weak sequence signature may guide the piRNA 5′end processing that accounts for the departure from fully random processing. We further show partial evidence that piRNA biogenesis may be initiated by neighboring transposable elements.</p></sec></abstract><counts><page-count count="9"/></counts><custom-meta-group><custom-meta><meta-name>citation</meta-name><meta-value>Betel D, Sheridan R, Marks DS, Sander C (2007) Computational analysis of mouse piRNA sequence and biogenesis. PLoS Comput Biol 3(11): e222. doi:<ext-link ext-link-type="doi" xlink:href="10.1371/journal.pcbi.0030222">10.1371/journal.pcbi.0030222</ext-link></meta-value></custom-meta></custom-meta-group></article-meta></front></article>