<article xmlns="https://dtd.nlm.nih.gov/ns/archiving/2.3/" xmlns:xsi="http://www.w3.org/2001/XMLSchema-instance" xmlns:mml="http://www.w3.org/1998/Math/MathML" xmlns:xlink="http://www.w3.org/1999/xlink" xsi:schemaLocation="https://dtd.nlm.nih.gov/ns/archiving/2.3/ https://dtd.nlm.nih.gov/archiving/2.3/xsd/archivearticle.xsd" article-type="research-article"><front><journal-meta><journal-id journal-id-type="nlm-ta">BMC Bioinformatics</journal-id><journal-title>BMC Bioinformatics</journal-title><issn pub-type="epub">1471-2105</issn><publisher><publisher-name>BioMed Central</publisher-name><publisher-loc>London</publisher-loc></publisher></journal-meta><article-meta><article-id pub-id-type="accession">PMC1187876</article-id><article-id pub-id-type="pmcid">PMC1187876</article-id><article-id pub-id-type="pmc-uid">1187876</article-id><article-id pub-id-type="pmid">16042779</article-id><article-id pub-id-type="publisher-id">1471-2105-6-187</article-id><article-id pub-id-type="pmid">16042779</article-id><article-id pub-id-type="doi">10.1186/1471-2105-6-187</article-id><article-categories><subj-group subj-group-type="heading"><subject>Methodology Article</subject></subj-group></article-categories><title-group><article-title>Rank-invariant resampling based estimation of false discovery rate for analysis of small sample microarray data</article-title></title-group><contrib-group><contrib id="A1" contrib-type="author"><name><surname>Jain</surname><given-names>Nitin</given-names></name><xref ref-type="aff" rid="I1">1</xref><email>njain@alumni.virginia.edu</email></contrib><contrib id="A2" contrib-type="author"><name><surname>Cho</surname><given-names>HyungJun</given-names></name><xref ref-type="aff" rid="I1">1</xref><email>hcho@virginia.edu</email></contrib><contrib id="A3" contrib-type="author"><name><surname>O'Connell</surname><given-names>Michael</given-names></name><xref ref-type="aff" rid="I2">2</xref><email>moconnell@insightful.com</email></contrib><contrib id="A4" corresp="yes" contrib-type="author"><name><surname>Lee</surname><given-names>Jae K</given-names></name><xref ref-type="aff" rid="I1">1</xref><email>jaeklee@virginia.edu</email></contrib></contrib-group><aff id="I1"><label>1</label>Division of Biostatistics and Epidemiology, Department of Health Evaluation Sciences, University of Virginia School of Medicine, Hospital West Complex, Room. 3181, P.O. Box 800717, Charlottesville, VA 22908-0717, USA</aff><aff id="I2"><label>2</label>Insightful Corporation, 2505 Meridian Parkway Suite 175, Durham, NC 27713, USA</aff><pub-date pub-type="collection"><year>2005</year></pub-date><pub-date pub-type="epub"><day>22</day><month>7</month><year>2005</year></pub-date><volume>6</volume><fpage>187</fpage><lpage>187</lpage><ext-link ext-link-type="uri" xlink:href="http://www.biomedcentral.com/1471-2105/6/187"/><history><date date-type="received"><day>10</day><month>2</month><year>2005</year></date><date date-type="accepted"><day>22</day><month>7</month><year>2005</year></date></history><permissions><copyright-statement>Copyright © 2005 Jain et al; licensee BioMed Central Ltd.</copyright-statement><copyright-year>2005</copyright-year><copyright-holder>Jain et al; licensee BioMed Central Ltd.</copyright-holder><license license-type="open-access" xlink:href="http://creativecommons.org/licenses/by/2.0"><p>This is an Open Access article distributed under the terms of the Creative Commons Attribution License (<ext-link ext-link-type="uri" xlink:href="http://creativecommons.org/licenses/by/2.0"/>), which permits unrestricted use, distribution, and reproduction in any medium, provided the original work is properly cited.</p><!--<rdf xmlns="http://web.resource.org/cc/" xmlns:rdf="http://www.w3.org/1999/02/22-rdf-syntax-ns#" xmlns:dc="http://purl.org/dc/elements/1.1" xmlns:dcterms="http://purl.org/dc/terms"><Work xmlns:dc="http://purl.org/dc/elements/1.1/" xmlns:dcterms="http://purl.org/dc/terms/" rdf:about=""><license rdf:resource="http://creativecommons.org/licenses/by/2.0"/><dc:type rdf:resource="http://purl.org/dc/dcmitype/Text"/><dc:author>
               Jain
               Nitin
               
               njain@alumni.virginia.edu
            </dc:author><dc:title>
            Rank-invariant resampling based estimation of false discovery rate for analysis of small sample microarray data
         </dc:title><dc:date>2005</dc:date><dcterms:bibliographicCitation>BMC Bioinformatics 6(1): 187-. (2005)</dcterms:bibliographicCitation><dc:identifier type="sici">1471-2105(2005)6:1&#x0003c;187&#x0003e;</dc:identifier><dcterms:isPartOf>urn:ISSN:1471-2105</dcterms:isPartOf><License rdf:about="http://creativecommons.org/licenses/by/2.0"><permits rdf:resource="http://web.resource.org/cc/Reproduction" xmlns=""/><permits rdf:resource="http://web.resource.org/cc/Distribution" xmlns=""/><requires rdf:resource="http://web.resource.org/cc/Notice" xmlns=""/><requires rdf:resource="http://web.resource.org/cc/Attribution" xmlns=""/><permits rdf:resource="http://web.resource.org/cc/DerivativeWorks" xmlns=""/></License></Work></rdf>--></license></permissions><abstract><sec><title>Background</title><p>The evaluation of statistical significance has become a critical process in identifying differentially expressed genes in microarray studies. Classical p-value adjustment methods for multiple comparisons such as family-wise error rate (FWER) have been found to be too conservative in analyzing large-screening microarray data, and the False Discovery Rate (FDR), the expected proportion of false positives among all positives, has been recently suggested as an alternative for controlling false positives. Several statistical approaches have been used to estimate and control FDR, but these may not provide reliable FDR estimation when applied to microarray data sets with a small number of replicates.</p></sec><sec><title>Results</title><p>We propose a rank-invariant resampling (RIR) based approach to FDR evaluation. Our proposed method generates a biologically relevant null distribution, which maintains similar variability to observed microarray data. We compare the performance of our RIR-based FDR estimation with that of four other popular methods. Our approach outperforms the other methods both in simulated and real microarray data.</p></sec><sec><title>Conclusion</title><p>We found that the SAM's random shuffling and SPLOSH approaches were liberal and the other two theoretical methods were too conservative while our RIR approach provided more accurate FDR estimation than the other approaches.</p></sec></abstract></article-meta></front></article>