<article xmlns="https://jats.nlm.nih.gov/ns/archiving/1.2/" xmlns:xsi="http://www.w3.org/2001/XMLSchema-instance" xmlns:mml="http://www.w3.org/1998/Math/MathML" xmlns:xlink="http://www.w3.org/1999/xlink" xsi:schemaLocation="https://jats.nlm.nih.gov/ns/archiving/1.2/ https://jats.nlm.nih.gov/archiving/1.2/xsd/JATS-archivearticle1.xsd" article-type="research-article"><front><journal-meta><journal-id journal-id-type="nlm-ta">BMC Bioinformatics</journal-id><journal-title-group><journal-title>BMC Bioinformatics</journal-title></journal-title-group><issn pub-type="epub">1471-2105</issn><publisher><publisher-name>BioMed Central</publisher-name></publisher></journal-meta><article-meta><article-id pub-id-type="accession">PMC111185</article-id><article-id pub-id-type="pmcid">PMC111185</article-id><article-id pub-id-type="pmc-uid">111185</article-id><article-id pub-id-type="pmid">11972896</article-id><article-id pub-id-type="publisher-id">1471-2105-3-12</article-id><article-id pub-id-type="pmid">11972896</article-id><article-id pub-id-type="doi">10.1186/1471-2105-3-12</article-id><article-categories><subj-group subj-group-type="heading"><subject>Methodology article</subject></subj-group></article-categories><title-group><article-title>CoreGenes: A computational tool for identifying and cataloging "core" genes in a set of small genomes</article-title></title-group><contrib-group><contrib contrib-type="author" id="A1"><name><surname>Zafar</surname><given-names>Nikhat</given-names></name><xref ref-type="aff" rid="I1">1</xref><email>nikhatzafar@yahoo.com</email></contrib><contrib contrib-type="author" id="A2"><name><surname>Mazumder</surname><given-names>Raja</given-names></name><xref ref-type="aff" rid="I1">1</xref><email>rmazumde@yahoo.com</email></contrib><contrib contrib-type="author" corresp="yes" id="A3"><name><surname>Seto</surname><given-names>Donald</given-names></name><xref ref-type="aff" rid="I1">1</xref><xref ref-type="aff" rid="I2">2</xref><email>dseto@gmu.edu</email></contrib></contrib-group><aff id="I1"><label>1</label>School of Computational Sciences, George Mason University, 10900 University Boulevard, MSN 4E3, Manassas, VA 20110 USA</aff><aff id="I2"><label>2</label>Center for Biomedical Genomics and Informatics, College of Arts and Sciences, George Mason University, 10900 University Boulevard, MSN 4E3, Manassas, VA 20110 USA</aff><pub-date pub-type="collection"><year>2002</year></pub-date><pub-date pub-type="epub"><day>24</day><month>4</month><year>2002</year></pub-date><volume>3</volume><fpage>12</fpage><lpage>12</lpage><history><date date-type="received"><day>27</day><month>11</month><year>2001</year></date><date date-type="accepted"><day>24</day><month>4</month><year>2002</year></date></history><permissions><copyright-statement>Copyright ©2002 Zafar et al; licensee BioMed Central Ltd. This is an Open Access article: verbatim copying and redistribution of this article are permitted in all media for any purpose, provided this notice is preserved along with the article's original URL.</copyright-statement><copyright-year>2002</copyright-year><copyright-holder>Zafar et al; licensee BioMed Central Ltd. This is an Open Access article: verbatim copying and redistribution of this article are permitted in all media for any purpose, provided this notice is preserved along with the article's original URL.</copyright-holder></permissions><self-uri xlink:href="http://www.biomedcentral.com/1471-2105/3/12"/><abstract><sec><title>Background</title><p>Improvements in DNA sequencing technology and methodology have led to the rapid expansion of databases comprising DNA sequence, gene and genome data. Lower operational costs and heightened interest resulting from initial intriguing novel discoveries from genomics are also contributing to the accumulation of these data sets. A major challenge is to analyze and to mine data from these databases, especially whole genomes. There is a need for computational tools that look globally at genomes for data mining.</p></sec><sec><title>Results</title><p>CoreGenes is a global JAVA-based interactive data mining tool that identifies and catalogs a "core" set of genes from two to five small whole genomes simultaneously. CoreGenes performs hierarchical and iterative BLASTP analyses using one genome as a reference and another as a query. Subsequent query genomes are compared against each newly generated "consensus." These iterations lead to a matrix comprising related genes from this set of genomes, e. g., viruses, mitochondria and chloroplasts. Currently the software is limited to small genomes on the order of 330 kilobases or less.</p></sec><sec><title>Conclusion</title><p>A computational tool CoreGenes has been developed to analyze small whole genomes globally. BLAST score-related and putatively essential "core" gene data are displayed as a table with links to GenBank for further data on the genes of interest. This web resource is available at <ext-link ext-link-type="uri" xlink:href="http://pumpkins.ib3.gmu.edu:8080/CoreGenes">http://pumpkins.ib3.gmu.edu:8080/CoreGenes</ext-link> or <ext-link ext-link-type="uri" xlink:href="http://www.bif.atcc.org/CoreGenes">http://www.bif.atcc.org/CoreGenes</ext-link>.</p></sec></abstract></article-meta></front></article>