<article xmlns="https://dtd.nlm.nih.gov/ns/archiving/2.3/" xmlns:xsi="http://www.w3.org/2001/XMLSchema-instance" xmlns:mml="http://www.w3.org/1998/Math/MathML" xmlns:xlink="http://www.w3.org/1999/xlink" xsi:schemaLocation="https://dtd.nlm.nih.gov/ns/archiving/2.3/ https://dtd.nlm.nih.gov/archiving/2.3/xsd/archivearticle.xsd" article-type="research-article"><front><journal-meta><journal-id journal-id-type="nlm-ta">BMC Bioinformatics</journal-id><journal-title>BMC Bioinformatics</journal-title><issn pub-type="epub">1471-2105</issn><publisher><publisher-name>BioMed Central</publisher-name><publisher-loc>London</publisher-loc></publisher></journal-meta><article-meta><article-id pub-id-type="accession">PMC1190160</article-id><article-id pub-id-type="pmcid">PMC1190160</article-id><article-id pub-id-type="pmc-uid">1190160</article-id><article-id pub-id-type="pmid">16095538</article-id><article-id pub-id-type="publisher-id">1471-2105-6-202</article-id><article-id pub-id-type="pmid">16095538</article-id><article-id pub-id-type="doi">10.1186/1471-2105-6-202</article-id><article-categories><subj-group subj-group-type="heading"><subject>Methodology Article</subject></subj-group></article-categories><title-group><article-title>PALSSE: A program to delineate linear secondary structural elements from protein structures</article-title></title-group><contrib-group><contrib id="A1" contrib-type="author"><name><surname>Majumdar</surname><given-names>Indraneel</given-names></name><xref ref-type="aff" rid="I2">2</xref><email>indraneel@chop.swmed.edu</email></contrib><contrib id="A2" contrib-type="author"><name><surname>Krishna</surname><given-names>S Sri</given-names></name><xref ref-type="aff" rid="I2">2</xref><email>krishna@sdsc.edu</email></contrib><contrib id="A3" corresp="yes" contrib-type="author"><name><surname>Grishin</surname><given-names>Nick V</given-names></name><xref ref-type="aff" rid="I1">1</xref><xref ref-type="aff" rid="I2">2</xref><email>grishin@chop.swmed.edu</email></contrib></contrib-group><aff id="I1"><label>1</label>Howard Hughes Medical Institute, University of Texas Southwestern Medical Center, 5323 Harry Hines Blvd. Dallas, TX 75390, USA</aff><aff id="I2"><label>2</label>Department of Biochemistry, University of Texas Southwestern Medical Center, 5323 Harry Hines Blvd., Dallas, TX 75390, USA</aff><pub-date pub-type="collection"><year>2005</year></pub-date><pub-date pub-type="epub"><day>11</day><month>8</month><year>2005</year></pub-date><volume>6</volume><fpage>202</fpage><lpage>202</lpage><ext-link ext-link-type="uri" xlink:href="http://www.biomedcentral.com/1471-2105/6/202"/><history><date date-type="received"><day>28</day><month>1</month><year>2005</year></date><date date-type="accepted"><day>11</day><month>8</month><year>2005</year></date></history><permissions><copyright-statement>Copyright © 2005 Majumdar et al; licensee BioMed Central Ltd.</copyright-statement><copyright-year>2005</copyright-year><copyright-holder>Majumdar et al; licensee BioMed Central Ltd.</copyright-holder><license license-type="open-access" xlink:href="http://creativecommons.org/licenses/by/2.0"><p>This is an Open Access article distributed under the terms of the Creative Commons Attribution License (<ext-link ext-link-type="uri" xlink:href="http://creativecommons.org/licenses/by/2.0"/>), which permits unrestricted use, distribution, and reproduction in any medium, provided the original work is properly cited.</p><!--<rdf xmlns="http://web.resource.org/cc/" xmlns:rdf="http://www.w3.org/1999/02/22-rdf-syntax-ns#" xmlns:dc="http://purl.org/dc/elements/1.1" xmlns:dcterms="http://purl.org/dc/terms"><Work xmlns:dc="http://purl.org/dc/elements/1.1/" xmlns:dcterms="http://purl.org/dc/terms/" rdf:about=""><license rdf:resource="http://creativecommons.org/licenses/by/2.0"/><dc:type rdf:resource="http://purl.org/dc/dcmitype/Text"/><dc:author>
               Majumdar
               Indraneel
               
               indraneel@chop.swmed.edu
            </dc:author><dc:title>
            PALSSE: A program to delineate linear secondary structural elements from protein structures
         </dc:title><dc:date>2005</dc:date><dcterms:bibliographicCitation>BMC Bioinformatics 6(1): 202-. (2005)</dcterms:bibliographicCitation><dc:identifier type="sici">1471-2105(2005)6:1&#x0003c;202&#x0003e;</dc:identifier><dcterms:isPartOf>urn:ISSN:1471-2105</dcterms:isPartOf><License rdf:about="http://creativecommons.org/licenses/by/2.0"><permits rdf:resource="http://web.resource.org/cc/Reproduction" xmlns=""/><permits rdf:resource="http://web.resource.org/cc/Distribution" xmlns=""/><requires rdf:resource="http://web.resource.org/cc/Notice" xmlns=""/><requires rdf:resource="http://web.resource.org/cc/Attribution" xmlns=""/><permits rdf:resource="http://web.resource.org/cc/DerivativeWorks" xmlns=""/></License></Work></rdf>--></license></permissions><abstract><sec><title>Background</title><p>The majority of residues in protein structures are involved in the formation of α-helices and β-strands. These distinctive secondary structure patterns can be used to represent a protein for visual inspection and in vector-based protein structure comparison. Success of such structural comparison methods depends crucially on the accurate identification and delineation of secondary structure elements.</p></sec><sec><title>Results</title><p>We have developed a method <bold>PALSSE (Predictive Assignment of Linear Secondary Structure Elements) </bold>that delineates secondary structure elements (SSEs) from protein C<sub>α </sub>coordinates and specifically addresses the requirements of vector-based protein similarity searches. Our program identifies two types of secondary structures: helix and β-strand, typically those that can be well approximated by vectors. In contrast to traditional secondary structure algorithms, which identify a secondary structure state for every residue in a protein chain, our program attributes residues to linear SSEs. Consecutive elements may overlap, thus allowing residues located at the overlapping region to have more than one secondary structure type.</p></sec><sec><title>Conclusion</title><p>PALSSE is predictive in nature and can assign about 80% of the protein chain to SSEs as compared to 53% by DSSP and 57% by P-SEA. Such a generous assignment ensures almost every residue is part of an element and is used in structural comparisons. Our results are in agreement with human judgment and DSSP. The method is robust to coordinate errors and can be used to define SSEs even in poorly refined and low-resolution structures. The program and results are available at <ext-link ext-link-type="uri" xlink:href="http://prodata.swmed.edu/palsse/"/>.</p></sec></abstract></article-meta></front></article>