<article xmlns="https://jats.nlm.nih.gov/ns/archiving/1.2/" xmlns:xsi="http://www.w3.org/2001/XMLSchema-instance" xmlns:mml="http://www.w3.org/1998/Math/MathML" xmlns:xlink="http://www.w3.org/1999/xlink" xsi:schemaLocation="https://jats.nlm.nih.gov/ns/archiving/1.2/ https://jats.nlm.nih.gov/archiving/1.2/xsd/JATS-archivearticle1.xsd" article-type="research-article"><front><journal-meta><journal-id journal-id-type="nlm-ta">BMC Bioinformatics</journal-id><journal-title-group><journal-title>BMC Bioinformatics</journal-title></journal-title-group><issn pub-type="epub">1471-2105</issn><publisher><publisher-name>BioMed Central</publisher-name></publisher></journal-meta><article-meta><article-id pub-id-type="accession">PMC137596</article-id><article-id pub-id-type="pmcid">PMC137596</article-id><article-id pub-id-type="pmc-uid">137596</article-id><article-id pub-id-type="pmid">12398795</article-id><article-id pub-id-type="publisher-id">1471-2105-3-31</article-id><article-id pub-id-type="pmid">12398795</article-id><article-id pub-id-type="doi">10.1186/1471-2105-3-31</article-id><article-categories><subj-group subj-group-type="heading"><subject>Research article</subject></subj-group></article-categories><title-group><article-title>Making sense of EST sequences by CLOBBing them</article-title></title-group><contrib-group><contrib contrib-type="author" corresp="yes" id="A1"><name><surname>Parkinson</surname><given-names>John</given-names></name><xref ref-type="aff" rid="I1">1</xref><email>john.parkinson@ed.ac.uk</email></contrib><contrib contrib-type="author" id="A2"><name><surname>Guiliano</surname><given-names>David B</given-names></name><xref ref-type="aff" rid="I1">1</xref><email>dguilian@ucl.ac.uk</email></contrib><contrib contrib-type="author" id="A3"><name><surname>Blaxter</surname><given-names>Mark</given-names></name><xref ref-type="aff" rid="I1">1</xref><email>mark.blaxter@ed.ac.uk</email></contrib></contrib-group><aff id="I1"><label>1</label>Institute of Cell, Animal and Population Biology, University of Edinburgh, Edinburgh EH9 3JT, UK</aff><pub-date pub-type="collection"><year>2002</year></pub-date><pub-date pub-type="epub"><day>25</day><month>10</month><year>2002</year></pub-date><volume>3</volume><fpage>31</fpage><lpage>31</lpage><history><date date-type="received"><day>20</day><month>8</month><year>2002</year></date><date date-type="accepted"><day>25</day><month>10</month><year>2002</year></date></history><permissions><copyright-statement>Copyright ©2002 Parkinson et al; licensee BioMed Central Ltd. This is an Open Access article: verbatim copying and redistribution of this article are permitted in all media for any purpose, provided this notice is preserved along with the article's original URL.</copyright-statement><copyright-year>2002</copyright-year><copyright-holder>Parkinson et al; licensee BioMed Central Ltd. This is an Open Access article: verbatim copying and redistribution of this article are permitted in all media for any purpose, provided this notice is preserved along with the article's original URL.</copyright-holder></permissions><self-uri xlink:href="http://www.biomedcentral.com/1471-2105/3/31"/><abstract><sec><title>Background</title><p>Expressed sequence tags (ESTs) are single pass reads from randomly selected cDNA clones. They provide a highly cost-effective method to access and identify expressed genes. However, they are often prone to sequencing errors and typically define incomplete transcripts. To increase the amount of information obtainable from ESTs and reduce sequencing errors, it is necessary to cluster ESTs into groups sharing significant sequence similarity.</p></sec><sec><title>Results</title><p>As part of our ongoing EST programs investigating 'orphan' genomes, we have developed a clustering algorithm, CLOBB (<bold>Cl</bold>uster <bold>o</bold>n the <bold>b</bold>asis of <bold>B</bold>LAST similarity) to identify and cluster ESTs. CLOBB may be used incrementally, preserving original cluster designations. It tracks cluster-specific events such as merging, identifies 'superclusters' of related clusters and avoids the expansion of chimeric clusters. Based on the Perl scripting language, CLOBB is highly portable relying only on a local installation of NCBI's freely available BLAST executable and can be usefully applied to &gt; 95 % of the current EST datasets. Analysis of the <italic>Danio rerio</italic> EST dataset demonstrates that CLOBB compares favourably with two less portable systems, UniGene and TIGR Gene Indices.</p></sec><sec><title>Conclusions</title><p>CLOBB provides a highly portable EST clustering solution and is freely downloaded from: <ext-link ext-link-type="uri" xlink:href="http://www.nematodes.org/CLOBB">http://www.nematodes.org/CLOBB</ext-link></p></sec></abstract></article-meta></front></article>