<article xmlns="https://dtd.nlm.nih.gov/ns/archiving/2.3/" xmlns:xsi="http://www.w3.org/2001/XMLSchema-instance" xmlns:mml="http://www.w3.org/1998/Math/MathML" xmlns:xlink="http://www.w3.org/1999/xlink" xsi:schemaLocation="https://dtd.nlm.nih.gov/ns/archiving/2.3/ https://dtd.nlm.nih.gov/archiving/2.3/xsd/archivearticle.xsd" article-type="research-article"><front><journal-meta><journal-id journal-id-type="nlm-ta">BMC Bioinformatics</journal-id><journal-title>BMC Bioinformatics</journal-title><issn pub-type="epub">1471-2105</issn><publisher><publisher-name>BioMed Central</publisher-name><publisher-loc>London</publisher-loc></publisher></journal-meta><article-meta><article-id pub-id-type="accession">PMC166134</article-id><article-id pub-id-type="pmcid">PMC166134</article-id><article-id pub-id-type="pmc-uid">166134</article-id><article-id pub-id-type="pmid">12775220</article-id><article-id pub-id-type="publisher-id">1471-2105-4-20</article-id><article-id pub-id-type="pmid">12775220</article-id><article-id pub-id-type="doi">10.1186/1471-2105-4-20</article-id><article-categories><subj-group subj-group-type="heading"><subject>Methodology Article</subject></subj-group></article-categories><title-group><article-title>Information extraction from full text scientific articles: Where are the keywords?</article-title></title-group><contrib-group><contrib id="A1" contrib-type="author"><name><surname>Shah</surname><given-names>Parantu K</given-names></name><xref ref-type="aff" rid="I1">1</xref><xref ref-type="aff" rid="I2">2</xref><email>shah@embl.de</email></contrib><contrib id="A2" contrib-type="author"><name><surname>Perez-Iratxeta</surname><given-names>Carolina</given-names></name><xref ref-type="aff" rid="I1">1</xref><xref ref-type="aff" rid="I2">2</xref><email>cperez@embl.de</email></contrib><contrib id="A3" corresp="yes" contrib-type="author"><name><surname>Bork</surname><given-names>Peer</given-names></name><xref ref-type="aff" rid="I1">1</xref><xref ref-type="aff" rid="I2">2</xref><email>bork@embl.de</email></contrib><contrib id="A4" contrib-type="author"><name><surname>Andrade</surname><given-names>Miguel A</given-names></name><xref ref-type="aff" rid="I1">1</xref><xref ref-type="aff" rid="I2">2</xref><xref ref-type="aff" rid="I3">3</xref><email>andrade@embl.de</email></contrib></contrib-group><aff id="I1"><label>1</label>Biocomputing, European Molecular Biology Laboratory, Heidelberg, Germany</aff><aff id="I2"><label>2</label>Department of Bioinformatics, Max Delbrück Center for Molecular Medicine, Berlin-Buch, Germany</aff><aff id="I3"><label>3</label>Present address: Bioinformatics group, Ottawa Health Research Institute, Ottawa, Canada</aff><pub-date pub-type="collection"><year>2003</year></pub-date><pub-date pub-type="epub"><day>29</day><month>5</month><year>2003</year></pub-date><volume>4</volume><fpage>20</fpage><lpage>20</lpage><ext-link ext-link-type="uri" xlink:href="http://www.biomedcentral.com/1471-2105/4/20"/><history><date date-type="received"><day>5</day><month>3</month><year>2003</year></date><date date-type="accepted"><day>29</day><month>5</month><year>2003</year></date></history><permissions><copyright-statement>Copyright © 2003 Shah et al; licensee BioMed Central Ltd. This is an Open Access article: verbatim copying and redistribution of this article are permitted in all media for any purpose, provided this notice is preserved along with the article's original URL.</copyright-statement><copyright-year>2003</copyright-year><copyright-holder>Shah et al; licensee BioMed Central Ltd. This is an Open Access article: verbatim copying and redistribution of this article are permitted in all media for any purpose, provided this notice is preserved along with the article's original URL.</copyright-holder></permissions><abstract><sec><title>Background</title><p>To date, many of the methods for information extraction of biological information from scientific articles are restricted to the abstract of the article. However, full text articles in electronic version, which offer larger sources of data, are currently available. Several questions arise as to whether the effort of scanning full text articles is worthy, or whether the information that can be extracted from the different sections of an article can be relevant.</p></sec><sec><title>Results</title><p>In this work we addressed those questions showing that the keyword content of the different sections of a standard scientific article (abstract, introduction, methods, results, and discussion) is very heterogeneous.</p></sec><sec><title>Conclusions</title><p>Although the abstract contains the best ratio of keywords per total of words, other sections of the article may be a better source of biologically relevant data.</p></sec></abstract><kwd-group><kwd>Information extraction</kwd><kwd>full text article</kwd><kwd>keyword</kwd><kwd>gene name</kwd><kwd>data mining</kwd><kwd>text mining</kwd></kwd-group></article-meta></front></article>