<article xmlns="https://jats.nlm.nih.gov/ns/archiving/1.2/" xmlns:xsi="http://www.w3.org/2001/XMLSchema-instance" xmlns:mml="http://www.w3.org/1998/Math/MathML" xmlns:xlink="http://www.w3.org/1999/xlink" xsi:schemaLocation="https://jats.nlm.nih.gov/ns/archiving/1.2/ https://jats.nlm.nih.gov/archiving/1.2/xsd/JATS-archivearticle1.xsd" article-type="research-article"><front><journal-meta><journal-id journal-id-type="nlm-ta">BMC Bioinformatics</journal-id><journal-title-group><journal-title>BMC Bioinformatics</journal-title></journal-title-group><issn pub-type="epub">1471-2105</issn><publisher><publisher-name>BioMed Central</publisher-name></publisher></journal-meta><article-meta><article-id pub-id-type="accession">PMC126254</article-id><article-id pub-id-type="pmcid">PMC126254</article-id><article-id pub-id-type="pmc-uid">126254</article-id><article-id pub-id-type="pmid">12194703</article-id><article-id pub-id-type="publisher-id">1471-2105-3-22</article-id><article-id pub-id-type="pmid">12194703</article-id><article-id pub-id-type="doi">10.1186/1471-2105-3-22</article-id><article-categories><subj-group subj-group-type="heading"><subject>Research article</subject></subj-group></article-categories><title-group><article-title>Microarray results: how accurate are they?</article-title></title-group><contrib-group><contrib contrib-type="author" corresp="yes" id="A1"><name><surname>Kothapalli</surname><given-names>Ravi</given-names></name><xref ref-type="aff" rid="I1">1</xref><xref ref-type="aff" rid="I2">2</xref><email>kothapar@moffitt.usf.edu</email></contrib><contrib contrib-type="author" id="A2"><name><surname>Yoder</surname><given-names>Sean J</given-names></name><xref ref-type="aff" rid="I1">1</xref><xref ref-type="aff" rid="I2">2</xref><email>yodersj@moffitt.usf.edu</email></contrib><contrib contrib-type="author" id="A3"><name><surname>Mane</surname><given-names>Shrikant</given-names></name><xref ref-type="aff" rid="I1">1</xref><email>Shrikantmane@yale.edu</email></contrib><contrib contrib-type="author" id="A4"><name><surname>Loughran</surname><given-names>Thomas P</given-names><suffix>Jr</suffix></name><xref ref-type="aff" rid="I1">1</xref><xref ref-type="aff" rid="I2">2</xref><email>Loughrat@moffitt.usf.edu</email></contrib></contrib-group><aff id="I1"><label>1</label>Hematologic Malignancies, Molecular Oncology and Clinical Investigations Programs, Department of Interdisciplinary Oncology Program, H. Lee Moffitt Cancer Center and Research Institute</aff><aff id="I2"><label>2</label>Department of Internal Medicine, University of South Florida, College of Medicine, Tampa, Florida, 33612, USA</aff><pub-date pub-type="collection"><year>2002</year></pub-date><pub-date pub-type="epub"><day>23</day><month>8</month><year>2002</year></pub-date><volume>3</volume><fpage>22</fpage><lpage>22</lpage><history><date date-type="received"><day>6</day><month>5</month><year>2002</year></date><date date-type="accepted"><day>23</day><month>8</month><year>2002</year></date></history><permissions><copyright-statement>Copyright ©2002 Kothapalli et al; licensee BioMed Central Ltd. This is an Open Access article: verbatim copying and redistribution of this article are permitted in all media for any purpose, provided this notice is preserved along with the article's original URL.</copyright-statement><copyright-year>2002</copyright-year><copyright-holder>Kothapalli et al; licensee BioMed Central Ltd. This is an Open Access article: verbatim copying and redistribution of this article are permitted in all media for any purpose, provided this notice is preserved along with the article's original URL.</copyright-holder></permissions><self-uri xlink:href="http://www.biomedcentral.com/1471-2105/3/22"/><abstract><sec><title>Background</title><p>DNA microarray technology is a powerful technique that was recently developed in order to analyze thousands of genes in a short time. Presently, microarrays, or chips, of the cDNA type and oligonucleotide type are available from several sources. The number of publications in this area is increasing exponentially. </p></sec><sec><title>Results</title><p>In this study, microarray data obtained from two different commercially available systems were critically evaluated. Our analysis revealed several inconsistencies in the data obtained from the two different microarrays. Problems encountered included inconsistent sequence fidelity of the spotted microarrays, variability of differential expression, low specificity of cDNA microarray probes, discrepancy in fold-change calculation and lack of probe specificity for different isoforms of a gene.</p></sec><sec><title>Conclusions</title><p>In view of these pitfalls, data from microarray analysis need to be interpreted cautiously.</p></sec></abstract></article-meta></front></article>