<article xmlns="https://dtd.nlm.nih.gov/ns/archiving/2.3/" xmlns:xsi="http://www.w3.org/2001/XMLSchema-instance" xmlns:mml="http://www.w3.org/1998/Math/MathML" xmlns:xlink="http://www.w3.org/1999/xlink" xsi:schemaLocation="https://dtd.nlm.nih.gov/ns/archiving/2.3/ https://dtd.nlm.nih.gov/archiving/2.3/xsd/archivearticle.xsd" article-type="research-article"><front><journal-meta><journal-id journal-id-type="nlm-ta">BMC Bioinformatics</journal-id><journal-title>BMC Bioinformatics</journal-title><issn pub-type="epub">1471-2105</issn><publisher><publisher-name>BioMed Central</publisher-name><publisher-loc>London</publisher-loc></publisher></journal-meta><article-meta><article-id pub-id-type="accession">PMC1184061</article-id><article-id pub-id-type="pmcid">PMC1184061</article-id><article-id pub-id-type="pmc-uid">1184061</article-id><article-id pub-id-type="pmid">16014175</article-id><article-id pub-id-type="publisher-id">1471-2105-6-176</article-id><article-id pub-id-type="pmid">16014175</article-id><article-id pub-id-type="doi">10.1186/1471-2105-6-176</article-id><article-categories><subj-group subj-group-type="heading"><subject>Research Article</subject></subj-group></article-categories><title-group><article-title>Quantitative analysis of EGR proteins binding to DNA: assessing additivity in both the binding site and the protein</article-title></title-group><contrib-group><contrib id="A1" contrib-type="author"><name><surname>Liu</surname><given-names>Jiajian</given-names></name><xref ref-type="aff" rid="I1">1</xref><email>jjliu@ural.wustl.edu</email></contrib><contrib id="A2" corresp="yes" contrib-type="author"><name><surname>Stormo</surname><given-names>Gary D</given-names></name><xref ref-type="aff" rid="I1">1</xref><email>stormo@genetics.wustl.edu</email></contrib></contrib-group><aff id="I1"><label>1</label>Department of Genetics, Washington University School of Medicine, 660 S Euclid, Box 8232, St. Louis, MO 63110, U.S.A</aff><pub-date pub-type="collection"><year>2005</year></pub-date><pub-date pub-type="epub"><day>13</day><month>7</month><year>2005</year></pub-date><volume>6</volume><fpage>176</fpage><lpage>176</lpage><ext-link ext-link-type="uri" xlink:href="http://www.biomedcentral.com/1471-2105/6/176"/><history><date date-type="received"><day>13</day><month>4</month><year>2005</year></date><date date-type="accepted"><day>13</day><month>7</month><year>2005</year></date></history><permissions><copyright-statement>Copyright © 2005 Liu and Stormo; licensee BioMed Central Ltd.</copyright-statement><copyright-year>2005</copyright-year><copyright-holder>Liu and Stormo; licensee BioMed Central Ltd.</copyright-holder><license license-type="open-access" xlink:href="http://creativecommons.org/licenses/by/2.0"><p>This is an Open Access article distributed under the terms of the Creative Commons Attribution License (<ext-link ext-link-type="uri" xlink:href="http://creativecommons.org/licenses/by/2.0"/>), which permits unrestricted use, distribution, and reproduction in any medium, provided the original work is properly cited.</p><!--<rdf xmlns="http://web.resource.org/cc/" xmlns:rdf="http://www.w3.org/1999/02/22-rdf-syntax-ns#" xmlns:dc="http://purl.org/dc/elements/1.1" xmlns:dcterms="http://purl.org/dc/terms"><Work xmlns:dc="http://purl.org/dc/elements/1.1/" xmlns:dcterms="http://purl.org/dc/terms/" rdf:about=""><license rdf:resource="http://creativecommons.org/licenses/by/2.0"/><dc:type rdf:resource="http://purl.org/dc/dcmitype/Text"/><dc:author>
               Liu
               Jiajian
               
               jjliu@ural.wustl.edu
            </dc:author><dc:title>
            Quantitative analysis of EGR proteins binding to DNA: assessing additivity in both the binding site and the protein
         </dc:title><dc:date>2005</dc:date><dcterms:bibliographicCitation>BMC Bioinformatics 6(1): 176-. (2005)</dcterms:bibliographicCitation><dc:identifier type="sici">1471-2105(2005)6:1&#x0003c;176&#x0003e;</dc:identifier><dcterms:isPartOf>urn:ISSN:1471-2105</dcterms:isPartOf><License rdf:about="http://creativecommons.org/licenses/by/2.0"><permits rdf:resource="http://web.resource.org/cc/Reproduction" xmlns=""/><permits rdf:resource="http://web.resource.org/cc/Distribution" xmlns=""/><requires rdf:resource="http://web.resource.org/cc/Notice" xmlns=""/><requires rdf:resource="http://web.resource.org/cc/Attribution" xmlns=""/><permits rdf:resource="http://web.resource.org/cc/DerivativeWorks" xmlns=""/></License></Work></rdf>--></license></permissions><abstract><sec><title>Background</title><p>Recognition codes for protein-DNA interactions typically assume that the interacting positions contribute additively to the binding energy. While this is known to not be precisely true, an additive model over the DNA positions can be a good approximation, at least for some proteins. Much less information is available about whether the protein positions contribute additively to the interaction.</p></sec><sec><title>Results</title><p>Using EGR zinc finger proteins, we measure the binding affinity of six different variants of the protein to each of six different variants of the consensus binding site. Both the protein and binding site variants include single and double mutations that allow us to assess how well additive models can account for the data. For each protein and DNA alone we find that additive models are good approximations, but over the combined set of data there are context effects that limit their accuracy. However, a small modification to the purely additive model, with only three additional parameters, improves the fit significantly.</p></sec><sec><title>Conclusion</title><p>The additive model holds very well for every DNA site and every protein included in this study, but clear context dependence in the interactions was detected. A simple modification to the independent model provides a better fit to the complete data.</p></sec></abstract></article-meta></front></article>