<article xmlns="https://dtd.nlm.nih.gov/ns/archiving/2.3/" xmlns:xsi="http://www.w3.org/2001/XMLSchema-instance" xmlns:mml="http://www.w3.org/1998/Math/MathML" xmlns:xlink="http://www.w3.org/1999/xlink" xsi:schemaLocation="https://dtd.nlm.nih.gov/ns/archiving/2.3/ https://dtd.nlm.nih.gov/archiving/2.3/xsd/archivearticle.xsd" article-type="research-article"><front><journal-meta><journal-id journal-id-type="nlm-ta">BMC Bioinformatics</journal-id><journal-title>BMC Bioinformatics</journal-title><issn pub-type="epub">1471-2105</issn><publisher><publisher-name>BioMed Central</publisher-name><publisher-loc>London</publisher-loc></publisher></journal-meta><article-meta><article-id pub-id-type="accession">PMC1190155</article-id><article-id pub-id-type="pmcid">PMC1190155</article-id><article-id pub-id-type="pmc-uid">1190155</article-id><article-id pub-id-type="pmid">16011808</article-id><article-id pub-id-type="publisher-id">1471-2105-6-174</article-id><article-id pub-id-type="pmid">16011808</article-id><article-id pub-id-type="doi">10.1186/1471-2105-6-174</article-id><article-categories><subj-group subj-group-type="heading"><subject>Research Article</subject></subj-group></article-categories><title-group><article-title>Protein subcellular localization prediction for Gram-negative bacteria using amino acid subalphabets and a combination of multiple support vector machines</article-title></title-group><contrib-group><contrib id="A1" contrib-type="author"><name><surname>Wang</surname><given-names>Jiren</given-names></name><xref ref-type="aff" rid="I1">1</xref><email>jiren@bii.a-star.edu.sg</email></contrib><contrib id="A2" contrib-type="author"><name><surname>Sung</surname><given-names>Wing-Kin</given-names></name><xref ref-type="aff" rid="I2">2</xref><email>ksung@comp.nus.edu.sg</email></contrib><contrib id="A3" corresp="yes" contrib-type="author"><name><surname>Krishnan</surname><given-names>Arun</given-names></name><xref ref-type="aff" rid="I1">1</xref><email>arun@bii.a-star.edu.sg</email></contrib><contrib id="A4" corresp="yes" contrib-type="author"><name><surname>Li</surname><given-names>Kuo-Bin</given-names></name><xref ref-type="aff" rid="I1">1</xref><email>kuobin@bii.a-star.edu.sg</email></contrib></contrib-group><aff id="I1"><label>1</label>Bioinformatics Institute, 30 Biopolis Street, #07-01 Matrix, Singapore 138671</aff><aff id="I2"><label>2</label>Department of Computer Science, National University of Singapore, 3 Science Drive 2, Singapore 117543</aff><pub-date pub-type="collection"><year>2005</year></pub-date><pub-date pub-type="epub"><day>13</day><month>7</month><year>2005</year></pub-date><volume>6</volume><fpage>174</fpage><lpage>174</lpage><ext-link ext-link-type="uri" xlink:href="http://www.biomedcentral.com/1471-2105/6/174"/><history><date date-type="received"><day>14</day><month>2</month><year>2005</year></date><date date-type="accepted"><day>13</day><month>7</month><year>2005</year></date></history><permissions><copyright-statement>Copyright © 2005 Wang et al; licensee BioMed Central Ltd.</copyright-statement><copyright-year>2005</copyright-year><copyright-holder>Wang et al; licensee BioMed Central Ltd.</copyright-holder><license license-type="open-access" xlink:href="http://creativecommons.org/licenses/by/2.0"><p>This is an Open Access article distributed under the terms of the Creative Commons Attribution License (<ext-link ext-link-type="uri" xlink:href="http://creativecommons.org/licenses/by/2.0"/>), which permits unrestricted use, distribution, and reproduction in any medium, provided the original work is properly cited.</p><!--<rdf xmlns="http://web.resource.org/cc/" xmlns:rdf="http://www.w3.org/1999/02/22-rdf-syntax-ns#" xmlns:dc="http://purl.org/dc/elements/1.1" xmlns:dcterms="http://purl.org/dc/terms"><Work xmlns:dc="http://purl.org/dc/elements/1.1/" xmlns:dcterms="http://purl.org/dc/terms/" rdf:about=""><license rdf:resource="http://creativecommons.org/licenses/by/2.0"/><dc:type rdf:resource="http://purl.org/dc/dcmitype/Text"/><dc:author>
               Wang
               Jiren
               
               jiren@bii.a-star.edu.sg
            </dc:author><dc:title>
            Protein subcellular localization prediction for Gram-negative bacteria using amino acid subalphabets and a combination of multiple support vector machines
         </dc:title><dc:date>2005</dc:date><dcterms:bibliographicCitation>BMC Bioinformatics 6(1): 174-. (2005)</dcterms:bibliographicCitation><dc:identifier type="sici">1471-2105(2005)6:1&#x0003c;174&#x0003e;</dc:identifier><dcterms:isPartOf>urn:ISSN:1471-2105</dcterms:isPartOf><License rdf:about="http://creativecommons.org/licenses/by/2.0"><permits rdf:resource="http://web.resource.org/cc/Reproduction" xmlns=""/><permits rdf:resource="http://web.resource.org/cc/Distribution" xmlns=""/><requires rdf:resource="http://web.resource.org/cc/Notice" xmlns=""/><requires rdf:resource="http://web.resource.org/cc/Attribution" xmlns=""/><permits rdf:resource="http://web.resource.org/cc/DerivativeWorks" xmlns=""/></License></Work></rdf>--></license></permissions><abstract><sec><title>Background</title><p>Predicting the subcellular localization of proteins is important for determining the function of proteins. Previous works focused on predicting protein localization in Gram-negative bacteria obtained good results. However, these methods had relatively low accuracies for the localization of extracellular proteins. This paper studies ways to improve the accuracy for predicting extracellular localization in Gram-negative bacteria.</p></sec><sec><title>Results</title><p>We have developed a system for predicting the subcellular localization of proteins for Gram-negative bacteria based on amino acid subalphabets and a combination of multiple support vector machines. The recall of the extracellular site and overall recall of our predictor reach 86.0% and 89.8%, respectively, in 5-fold cross-validation. To the best of our knowledge, these are the most accurate results for predicting subcellular localization in Gram-negative bacteria.</p></sec><sec><title>Conclusion</title><p>Clustering 20 amino acids into a few groups by the proposed greedy algorithm provides a new way to extract features from protein sequences to cover more adjacent amino acids and hence reduce the dimensionality of the input vector of protein features. It was observed that a good amino acid grouping leads to an increase in prediction performance. Furthermore, a proper choice of a subset of complementary support vector machines constructed by different features of proteins maximizes the prediction accuracy.</p></sec></abstract></article-meta></front></article>