<article xmlns="https://dtd.nlm.nih.gov/ns/archiving/2.3/" xmlns:xsi="http://www.w3.org/2001/XMLSchema-instance" xmlns:mml="http://www.w3.org/1998/Math/MathML" xmlns:xlink="http://www.w3.org/1999/xlink" xsi:schemaLocation="https://dtd.nlm.nih.gov/ns/archiving/2.3/ https://dtd.nlm.nih.gov/archiving/2.3/xsd/archivearticle.xsd" article-type="research-article"><front><journal-meta><journal-id journal-id-type="nlm-ta">BMC Bioinformatics</journal-id><journal-title>BMC Bioinformatics</journal-title><issn pub-type="epub">1471-2105</issn><publisher><publisher-name>BioMed Central</publisher-name><publisher-loc>London</publisher-loc></publisher></journal-meta><article-meta><article-id pub-id-type="accession">PMC165441</article-id><article-id pub-id-type="pmcid">PMC165441</article-id><article-id pub-id-type="pmc-uid">165441</article-id><article-id pub-id-type="pmid">12793912</article-id><article-id pub-id-type="publisher-id">1471-2105-4-23</article-id><article-id pub-id-type="pmid">12793912</article-id><article-id pub-id-type="doi">10.1186/1471-2105-4-23</article-id><article-categories><subj-group subj-group-type="heading"><subject>Research Article</subject></subj-group></article-categories><title-group><article-title>Importing statistical measures into Artemis enhances gene identification in the <italic>Leishmania </italic>genome project</article-title></title-group><contrib-group><contrib id="A1" contrib-type="author"><name><surname>Aggarwal</surname><given-names>Gautam</given-names></name><xref ref-type="aff" rid="I1">1</xref><email>gaggarwal@sbri.org</email></contrib><contrib id="A2" contrib-type="author"><name><surname>Worthey</surname><given-names>EA</given-names></name><xref ref-type="aff" rid="I1">1</xref><email>lworthey@sbri.org</email></contrib><contrib id="A3" contrib-type="author"><name><surname>McDonagh</surname><given-names>Paul D</given-names></name><xref ref-type="aff" rid="I2">2</xref><email>pmcdonagh@rii.com</email></contrib><contrib id="A4" corresp="yes" contrib-type="author"><name><surname>Myler</surname><given-names>Peter J</given-names></name><xref ref-type="aff" rid="I1">1</xref><xref ref-type="aff" rid="I3">3</xref><email>peter.myler@sbri.org</email></contrib></contrib-group><aff id="I1"><label>1</label>Seattle Biomedical Research Institute 4 Nickerson Street, Seattle, WA 98109, USA</aff><aff id="I2"><label>2</label>Immunex Corporation, 51 University Street, Seattle, WA 98101, USA</aff><aff id="I3"><label>3</label>Departments of Pathobiology and Medical Education and Biomedical Informatics, University of Washington, Seattle, WA 98195, USA</aff><pub-date pub-type="collection"><year>2003</year></pub-date><pub-date pub-type="epub"><day>7</day><month>6</month><year>2003</year></pub-date><volume>4</volume><fpage>23</fpage><lpage>23</lpage><ext-link ext-link-type="uri" xlink:href="http://www.biomedcentral.com/1471-2105/4/23"/><history><date date-type="received"><day>19</day><month>2</month><year>2003</year></date><date date-type="accepted"><day>7</day><month>6</month><year>2003</year></date></history><permissions><copyright-statement>Copyright © 2003 Aggarwal et al; licensee BioMed Central Ltd. This is an Open Access article: verbatim copying and redistribution of this article are permitted in all media for any purpose, provided this notice is preserved along with the article's original URL.</copyright-statement><copyright-year>2003</copyright-year><copyright-holder>Aggarwal et al; licensee BioMed Central Ltd. This is an Open Access article: verbatim copying and redistribution of this article are permitted in all media for any purpose, provided this notice is preserved along with the article's original URL.</copyright-holder></permissions><abstract><sec><title>Background</title><p>Seattle Biomedical Research Institute (SBRI) as part of the <italic>Leishmania </italic>Genome Network (LGN) is sequencing chromosomes of the trypanosomatid protozoan species <italic>Leishmania major</italic>. At SBRI, chromosomal sequence is annotated using a combination of trained and untrained non-consensus gene-prediction algorithms with A<sc>RTEMIS</sc>, an annotation platform with rich and user-friendly interfaces.</p></sec><sec><title>Results</title><p>Here we describe a methodology used to import results from three different protein-coding gene-prediction algorithms (G<sc>LIMMER</sc>, T<sc>ESTCODE</sc> and G<sc>ENESCAN</sc>) into the A<sc>RTEMIS</sc> sequence viewer and annotation tool. Comparison of these methods, along with the C<sc>ODON</sc>U<sc>SAGE</sc> algorithm built into A<sc>RTEMIS</sc>, shows the importance of combining methods to more accurately annotate the <italic>L. major </italic>genomic sequence.</p></sec><sec><title>Conclusion</title><p>An improvised and powerful tool for gene prediction has been developed by importing data from widely-used algorithms into an existing annotation platform. This approach is especially fruitful in the <italic>Leishmania </italic>genome project where there is large proportion of novel genes requiring manual annotation.</p></sec></abstract></article-meta></front></article>