<article xmlns="https://dtd.nlm.nih.gov/ns/archiving/2.3/" xmlns:xsi="http://www.w3.org/2001/XMLSchema-instance" xmlns:mml="http://www.w3.org/1998/Math/MathML" xmlns:xlink="http://www.w3.org/1999/xlink" xsi:schemaLocation="https://dtd.nlm.nih.gov/ns/archiving/2.3/ https://dtd.nlm.nih.gov/archiving/2.3/xsd/archivearticle.xsd" article-type="research-article"><front><journal-meta><journal-id journal-id-type="nlm-ta">BMC Bioinformatics</journal-id><journal-title>BMC Bioinformatics</journal-title><issn pub-type="epub">1471-2105</issn><publisher><publisher-name>BioMed Central</publisher-name><publisher-loc>London</publisher-loc></publisher></journal-meta><article-meta><article-id pub-id-type="accession">PMC1174863</article-id><article-id pub-id-type="pmcid">PMC1174863</article-id><article-id pub-id-type="pmc-uid">1174863</article-id><article-id pub-id-type="pmid">15890068</article-id><article-id pub-id-type="publisher-id">1471-2105-6-114</article-id><article-id pub-id-type="pmid">15890068</article-id><article-id pub-id-type="doi">10.1186/1471-2105-6-114</article-id><article-categories><subj-group subj-group-type="heading"><subject>Research Article</subject></subj-group></article-categories><title-group><article-title>CAGER: classification analysis of gene expression regulation using multiple information sources</article-title></title-group><contrib-group><contrib id="A1" contrib-type="author"><name><surname>Ruan</surname><given-names>Jianhua</given-names></name><xref ref-type="aff" rid="I1">1</xref><email>jruan@cse.wustl.edu</email></contrib><contrib id="A2" corresp="yes" contrib-type="author"><name><surname>Zhang</surname><given-names>Weixiong</given-names></name><xref ref-type="aff" rid="I1">1</xref><xref ref-type="aff" rid="I2">2</xref><email>zhang@cse.wustl.edu</email></contrib></contrib-group><aff id="I1"><label>1</label>Department of Computer Science and Engineering, Washington University, St. Louis, MO 63130, USA</aff><aff id="I2"><label>2</label>Department of Genetics, Washington University School of Medicine, St. Louis, MO 63110, USA</aff><pub-date pub-type="collection"><year>2005</year></pub-date><pub-date pub-type="epub"><day>12</day><month>5</month><year>2005</year></pub-date><volume>6</volume><fpage>114</fpage><lpage>114</lpage><ext-link ext-link-type="uri" xlink:href="http://www.biomedcentral.com/1471-2105/6/114"/><history><date date-type="received"><day>3</day><month>11</month><year>2004</year></date><date date-type="accepted"><day>12</day><month>5</month><year>2005</year></date></history><copyright-statement>Copyright © 2005 Ruan and Zhang; licensee BioMed Central Ltd.</copyright-statement><license license-type="open-access" xlink:href="http://creativecommons.org/licenses/by/2.0"><p>This is an Open Access article distributed under the terms of the Creative Commons Attribution License (<ext-link ext-link-type="uri" xlink:href="http://creativecommons.org/licenses/by/2.0"/>), which permits unrestricted use, distribution, and reproduction in any medium, provided the original work is properly cited.</p></license><abstract><sec><title>Background</title><p>Many classification approaches have been applied to analyzing transcriptional regulation of gene expressions. These methods build models that can explain a gene's expression level from the regulatory elements (features) on its promoter sequence. Different types of features, such as experimentally verified binding motifs, motifs discovered by computer programs, or transcription factor binding data measured with Chromatin Immunoprecipitation (ChIP) assays, have been used towards this goal. Each type of features has been shown successful in modeling gene transcriptional regulation under certain conditions. However, no comparison has been made to evaluate the relative merit of these features. Furthermore, most publicly available classification tools were not designed specifically for modeling transcriptional regulation, and do not allow the user to combine different types of features.</p></sec><sec><title>Results</title><p>In this study, we use a specific classification method, decision trees, to model transcriptional regulation in yeast with features based on predefined motifs, automatically identified motifs, ChlP-chip data, or their combinations. We compare the accuracies and stability of these models, and analyze their capabilities in identifying functionally related genes. Furthermore, we design and implement a user-friendly web server called CAGER (Classification Analysis of Gene Expression Regulation) that integrates several software components for automated analysis of transcriptional regulation using decision trees. Finally, we use CAGER to study the transcriptional regulation of <italic>Arabidopsis </italic>genes in response to abscisic acid, and report some interesting new results.</p></sec><sec><title>Conclusion</title><p>Models built with ChlP-chip data suffer from low accuracies when the condition under which gene expressions are measured is significantly different from the condition under which the ChIP experiment is conducted. Models built with automatically identified motifs can sometimes discover new features, but their modeling accuracies may have been over-estimated in previous studies. Furthermore, models built with automatically identified motifs are not stable with respect to noises. A combination of ChlP-chip data and predefined motifs can substantially improve modeling accuracies, and is effective in identifying true regulons. The CAGER web server, which is freely available at <ext-link ext-link-type="uri" xlink:href="http://cic.cs.wustl.edu/CAGER/"/>, allows the user to select combinations of different feature types for building decision trees, and interact with the models graphically. We believe that it will be a useful tool to facilitate the discovery of gene transcriptional regulatory networks.</p></sec></abstract></article-meta></front></article>