<article xmlns="https://dtd.nlm.nih.gov/ns/archiving/2.3/" xmlns:xsi="http://www.w3.org/2001/XMLSchema-instance" xmlns:mml="http://www.w3.org/1998/Math/MathML" xmlns:xlink="http://www.w3.org/1999/xlink" xsi:schemaLocation="https://dtd.nlm.nih.gov/ns/archiving/2.3/ https://dtd.nlm.nih.gov/archiving/2.3/xsd/archivearticle.xsd" article-type="research-article"><front><journal-meta><journal-id journal-id-type="nlm-ta">BMC Bioinformatics</journal-id><journal-title>BMC Bioinformatics</journal-title><issn pub-type="epub">1471-2105</issn><publisher><publisher-name>BioMed Central</publisher-name><publisher-loc>London</publisher-loc></publisher></journal-meta><article-meta><article-id pub-id-type="accession">PMC1173085</article-id><article-id pub-id-type="pmcid">PMC1173085</article-id><article-id pub-id-type="pmc-uid">1173085</article-id><article-id pub-id-type="pmid">15921507</article-id><article-id pub-id-type="publisher-id">1471-2105-6-128</article-id><article-id pub-id-type="pmid">15921507</article-id><article-id pub-id-type="doi">10.1186/1471-2105-6-128</article-id><article-categories><subj-group subj-group-type="heading"><subject>Research Article</subject></subj-group></article-categories><title-group><article-title>Integrative analysis of multiple gene expression profiles with quality-adjusted effect size models</article-title></title-group><contrib-group><contrib id="A1" contrib-type="author"><name><surname>Hu</surname><given-names>Pingzhao</given-names></name><xref ref-type="aff" rid="I1">1</xref><email>phu@sickkids.ca</email></contrib><contrib id="A2" contrib-type="author"><name><surname>Greenwood</surname><given-names>Celia MT</given-names></name><xref ref-type="aff" rid="I1">1</xref><xref ref-type="aff" rid="I2">2</xref><email>celia.greenwood@utoronto.ca</email></contrib><contrib id="A3" corresp="yes" contrib-type="author"><name><surname>Beyene</surname><given-names>Joseph</given-names></name><xref ref-type="aff" rid="I1">1</xref><xref ref-type="aff" rid="I2">2</xref><email>joseph@utstat.toronto.edu</email></contrib></contrib-group><aff id="I1"><label>1</label>The Hospital for Sick Children Research Institute, 555 University Ave., Toronto, ON, M5G 1X8, Canada</aff><aff id="I2"><label>2</label>Department of Public Health Sciences, University of Toronto, 1 King's College Circle, Toronto, ON, M5S 1A8, Canada</aff><pub-date pub-type="collection"><year>2005</year></pub-date><pub-date pub-type="epub"><day>27</day><month>5</month><year>2005</year></pub-date><volume>6</volume><fpage>128</fpage><lpage>128</lpage><ext-link ext-link-type="uri" xlink:href="http://www.biomedcentral.com/1471-2105/6/128"/><history><date date-type="received"><day>24</day><month>1</month><year>2005</year></date><date date-type="accepted"><day>27</day><month>5</month><year>2005</year></date></history><copyright-statement>Copyright © 2005 Hu et al; licensee BioMed Central Ltd.</copyright-statement><license license-type="open-access" xlink:href="http://creativecommons.org/licenses/by/2.0"><p>This is an Open Access article distributed under the terms of the Creative Commons Attribution License (<ext-link ext-link-type="uri" xlink:href="http://creativecommons.org/licenses/by/2.0"/>), which permits unrestricted use, distribution, and reproduction in any medium, provided the original work is properly cited.</p></license><abstract><sec><title>Background</title><p>With the explosion of microarray studies, an enormous amount of data is being produced. Systematic integration of gene expression data from different sources increases statistical power of detecting differentially expressed genes and allows assessment of heterogeneity. The challenge, however, is in designing and implementing efficient analytic methodologies for combination of data generated by different research groups.</p></sec><sec><title>Results</title><p>We extended traditional effect size models to combine information from different microarray datasets by incorporating a quality measure for each gene in each study into the effect size estimation. We illustrated our method by integrating two datasets generated using different Affymetrix oligonucleotide types. Our results indicate that the proposed quality-adjusted weighting strategy for modelling inter-study variation of gene expression profiles not only increases consistency and decreases heterogeneous results between these two datasets, but also identifies many more differentially expressed genes than methods proposed previously.</p></sec><sec><title>Conclusion</title><p>Data integration and synthesis is becoming increasingly important. We live in a high-throughput era where technologies constantly change leaving behind a trail of data with different forms, shapes and sizes. Statistical and computational methodologies are therefore critical for extracting the most out of these related but not identical sources of data.</p></sec></abstract></article-meta></front></article>