<article xmlns="https://jats.nlm.nih.gov/ns/archiving/1.2/" xmlns:xsi="http://www.w3.org/2001/XMLSchema-instance" xmlns:mml="http://www.w3.org/1998/Math/MathML" xmlns:xlink="http://www.w3.org/1999/xlink" xsi:schemaLocation="https://jats.nlm.nih.gov/ns/archiving/1.2/ https://jats.nlm.nih.gov/archiving/1.2/xsd/JATS-archivearticle1.xsd" article-type="research-article"><front><journal-meta><journal-id journal-id-type="nlm-ta">BMC Bioinformatics</journal-id><journal-title-group><journal-title>BMC Bioinformatics</journal-title></journal-title-group><issn pub-type="epub">1471-2105</issn><publisher><publisher-name>BioMed Central</publisher-name></publisher></journal-meta><article-meta><article-id pub-id-type="accession">PMC102759</article-id><article-id pub-id-type="pmcid">PMC102759</article-id><article-id pub-id-type="pmc-uid">102759</article-id><article-id pub-id-type="pmid">11929612</article-id><article-id pub-id-type="publisher-id">1471-2105-3-10</article-id><article-id pub-id-type="pmid">11929612</article-id><article-id pub-id-type="doi">10.1186/1471-2105-3-10</article-id><article-categories><subj-group subj-group-type="heading"><subject>Research article</subject></subj-group></article-categories><title-group><article-title>RNA:(guanine-N2) methyltransferases RsmC/RsmD and their homologs revisited – bioinformatic analysis and prediction of the active site based on the uncharacterized Mj0882 protein structure</article-title></title-group><contrib-group><contrib contrib-type="author" corresp="yes" id="A1"><name><surname>Bujnicki</surname><given-names>Janusz M</given-names></name><xref ref-type="aff" rid="I1">1</xref><email>iamb@wp.pl</email></contrib><contrib contrib-type="author" id="A2"><name><surname>Rychlewski</surname><given-names>Leszek</given-names></name><xref ref-type="aff" rid="I2">2</xref><email>leszek@bioinfo.pl</email></contrib></contrib-group><aff id="I1"><label>1</label>Bioinformatics Laboratory, International Institute of Cell and Molecular Biology, ul. ks. Trojdena 4, 02-109 Warsaw, Poland</aff><aff id="I2"><label>2</label>BioInfoBank, ul. Limanowskiego 24A, 60-744 Poznan, Poland</aff><pub-date pub-type="collection"><year>2002</year></pub-date><pub-date pub-type="epub"><day>3</day><month>4</month><year>2002</year></pub-date><volume>3</volume><fpage>10</fpage><lpage>10</lpage><history><date date-type="received"><day>29</day><month>9</month><year>2001</year></date><date date-type="accepted"><day>3</day><month>4</month><year>2002</year></date></history><permissions><copyright-statement>Copyright ©2002 Bujnicki and Rychlewski; licensee BioMed Central Ltd. This is an Open Access article: verbatim copying and redistribution of this article are permitted in all media for any purpose, provided this notice is preserved along with the article's original URL.</copyright-statement><copyright-year>2002</copyright-year><copyright-holder>Bujnicki and Rychlewski; licensee BioMed Central Ltd. This is an Open Access article: verbatim copying and redistribution of this article are permitted in all media for any purpose, provided this notice is preserved along with the article's original URL.</copyright-holder></permissions><self-uri xlink:href="http://www.biomedcentral.com/1471-2105/3/10"/><abstract><sec><title>Background</title><p><italic>Escherichia coli</italic> guanine-N2 (m<sup>2</sup>G) methyltransferases (MTases) RsmC and RsmD modify nucleosides G1207 and G966 of 16S rRNA. They possess a common MTase domain in the C-terminus and a variable region in the N-terminus. Their C-terminal domain is related to the YbiN family of hypothetical MTases, but nothing is known about the structure or function of the N-terminal domain.</p></sec><sec><title>Results</title><p>Using a combination of sequence database searches and fold recognition methods it has been demonstrated that the N-termini of RsmC and RsmD are related to each other and that they represent a "degenerated" version of the C-terminal MTase domain. Novel members of the YbiN family from Archaea and Eukaryota were also indentified. It is inferred that YbiN and both domains of RsmC and RsmD are closely related to a family of putative MTases from Gram-positive bacteria and Archaea, typified by the Mj0882 protein from <italic>M. jannaschii</italic> (1dus in PDB). Based on the results of sequence analysis and structure prediction, the residues involved in cofactor binding, target recognition and catalysis were identified, and the mechanism of the guanine-N2 methyltransfer reaction was proposed.</p></sec><sec><title>Conclusions</title><p>Using the known Mj0882 structure, a comprehensive analysis of sequence-structure-function relationships in the family of genuine and putative m<sup>2</sup>G MTases was performed. The results provide novel insight into the mechanism of m<sup>2</sup>G methylation and will serve as a platform for experimental analysis of numerous uncharacterized N-MTases.</p></sec></abstract></article-meta></front></article>