<article xmlns="https://dtd.nlm.nih.gov/ns/archiving/2.3/" xmlns:xsi="http://www.w3.org/2001/XMLSchema-instance" xmlns:mml="http://www.w3.org/1998/Math/MathML" xmlns:xlink="http://www.w3.org/1999/xlink" xsi:schemaLocation="https://dtd.nlm.nih.gov/ns/archiving/2.3/ https://dtd.nlm.nih.gov/archiving/2.3/xsd/archivearticle.xsd" article-type="product-review"><front><journal-meta><journal-id journal-id-type="nlm-ta">BMC Bioinformatics</journal-id><journal-title>BMC Bioinformatics</journal-title><issn pub-type="epub">1471-2105</issn><publisher><publisher-name>BioMed Central</publisher-name><publisher-loc>London</publisher-loc></publisher></journal-meta><article-meta><article-id pub-id-type="accession">PMC1087836</article-id><article-id pub-id-type="pmcid">PMC1087836</article-id><article-id pub-id-type="pmc-uid">1087836</article-id><article-id pub-id-type="pmid">15826305</article-id><article-id pub-id-type="publisher-id">1471-2105-6-95</article-id><article-id pub-id-type="pmid">15826305</article-id><article-id pub-id-type="doi">10.1186/1471-2105-6-95</article-id><article-categories><subj-group subj-group-type="heading"><subject>Software</subject></subj-group></article-categories><title-group><article-title>Statistical Viewer: a tool to upload and integrate linkage and association data as plots displayed within the Ensembl genome browser</article-title></title-group><contrib-group><contrib id="A1" corresp="yes" contrib-type="author"><name><surname>Stenger</surname><given-names>Judith E</given-names></name><xref ref-type="aff" rid="I1">1</xref><xref ref-type="aff" rid="I2">2</xref><email>judy.stenger@duke.edu</email></contrib><contrib id="A2" contrib-type="author"><name><surname>Xu</surname><given-names>Hong</given-names></name><xref ref-type="aff" rid="I1">1</xref><xref ref-type="aff" rid="I2">2</xref><email>hxu@chg.duhs.duke.edu</email></contrib><contrib id="A3" contrib-type="author"><name><surname>Haynes</surname><given-names>Carol</given-names></name><xref ref-type="aff" rid="I1">1</xref><xref ref-type="aff" rid="I2">2</xref><email>carol@chg.duhs.duke.edu</email></contrib><contrib id="A4" contrib-type="author"><name><surname>Hauser</surname><given-names>Elizabeth R</given-names></name><xref ref-type="aff" rid="I1">1</xref><xref ref-type="aff" rid="I2">2</xref><email>ehauser@chg.duhs.duke.edu</email></contrib><contrib id="A5" contrib-type="author"><name><surname>Pericak-Vance</surname><given-names>Margaret</given-names></name><xref ref-type="aff" rid="I1">1</xref><xref ref-type="aff" rid="I2">2</xref><email>mpv@chg.duhs.duke.edu</email></contrib><contrib id="A6" contrib-type="author"><name><surname>Goldschmidt-Clermont</surname><given-names>Pascal J</given-names></name><xref ref-type="aff" rid="I2">2</xref><email>pascal.goldschmidt@duke.edu</email></contrib><contrib id="A7" contrib-type="author"><name><surname>Vance</surname><given-names>Jeffery M</given-names></name><xref ref-type="aff" rid="I1">1</xref><xref ref-type="aff" rid="I2">2</xref><email>jeff@chg.duhs.duke.edu</email></contrib></contrib-group><aff id="I1"><label>1</label>The Duke Center for Human Genetics, Duke University Medical Center, Durham, North Carolina 27710, USA</aff><aff id="I2"><label>2</label>Department of Medicine, Duke University Medical Center, Durham, NC 27710, USA</aff><pub-date pub-type="collection"><year>2005</year></pub-date><pub-date pub-type="epub"><day>12</day><month>4</month><year>2005</year></pub-date><volume>6</volume><fpage>95</fpage><lpage>95</lpage><ext-link ext-link-type="uri" xlink:href="http://www.biomedcentral.com/1471-2105/6/95"/><history><date date-type="received"><day>15</day><month>12</month><year>2004</year></date><date date-type="accepted"><day>12</day><month>4</month><year>2005</year></date></history><copyright-statement>Copyright © 2005 Stenger et al; licensee BioMed Central Ltd.</copyright-statement><license license-type="open-access" xlink:href="http://creativecommons.org/licenses/by/2.0"><p>This is an Open Access article distributed under the terms of the Creative Commons Attribution License (<ext-link ext-link-type="uri" xlink:href="http://creativecommons.org/licenses/by/2.0"/>), which permits unrestricted use, distribution, and reproduction in any medium, provided the original work is properly cited.</p></license><abstract><sec><title>Background</title><p>To facilitate efficient selection and the prioritization of candidate complex disease susceptibility genes for association analysis, increasingly comprehensive annotation tools are essential to integrate, visualize and analyze vast quantities of disparate data generated by genomic screens, public human genome sequence annotation and ancillary biological databases. We have developed a plug-in package for Ensembl called "Statistical Viewer" that facilitates the analysis of genomic features and annotation in the regions of interest defined by linkage analysis.</p></sec><sec><title>Results</title><p>Statistical Viewer is an add-on package to the open-source Ensembl Genome Browser and Annotation System that displays disease study-specific linkage and/or association data as 2 dimensional plots in new panels in the context of Ensembl's Contig View and Cyto View pages. An enhanced upload server facilitates the upload of statistical data, as well as additional feature annotation to be displayed in DAS tracts, in the form of Excel Files. The Statistical View panel, drawn directly under the ideogram, illustrates lod score values for markers from a study of interest that are plotted against their position in base pairs. A module called "Get Map" easily converts the genetic locations of markers to genomic coordinates. The graph is placed under the corresponding ideogram features a synchronized vertical sliding selection box that is seamlessly integrated into Ensembl's Contig- and Cyto- View pages to choose the region to be displayed in Ensembl's "Overview" and "Detailed View" panels. To resolve Association and Fine mapping data plots, a "Detailed Statistic View" plot corresponding to the "Detailed View" may be displayed underneath.</p></sec><sec><title>Conclusion</title><p>Features mapping to regions of linkage are accentuated when Statistic View is used in conjunction with the Distributed Annotation System (DAS) to display supplemental laboratory information such as differentially expressed disease genes in private data tracks. Statistic View is a novel and powerful visual feature that enhances Ensembl's utility as valuable resource for integrative genomic-based approaches to the identification of candidate disease susceptibility genes. At present there are no other tools that provide for the visualization of 2-dimensional plots of quantitative data scores against genomic coordinates in the context of a primary public genome annotation browser.</p></sec></abstract></article-meta></front></article>