<article xmlns="https://dtd.nlm.nih.gov/ns/archiving/2.3/" xmlns:xsi="http://www.w3.org/2001/XMLSchema-instance" xmlns:mml="http://www.w3.org/1998/Math/MathML" xmlns:xlink="http://www.w3.org/1999/xlink" xsi:schemaLocation="https://dtd.nlm.nih.gov/ns/archiving/2.3/ https://dtd.nlm.nih.gov/archiving/2.3/xsd/archivearticle.xsd" article-type="research-article"><front><journal-meta><journal-id journal-id-type="nlm-ta">BMC Bioinformatics</journal-id><journal-title>BMC Bioinformatics</journal-title><issn pub-type="epub">1471-2105</issn><publisher><publisher-name>BioMed Central</publisher-name><publisher-loc>London</publisher-loc></publisher></journal-meta><article-meta><article-id pub-id-type="accession">PMC1173082</article-id><article-id pub-id-type="pmcid">PMC1173082</article-id><article-id pub-id-type="pmc-uid">1173082</article-id><article-id pub-id-type="pmid">15943884</article-id><article-id pub-id-type="publisher-id">1471-2105-6-122</article-id><article-id pub-id-type="pmid">15943884</article-id><article-id pub-id-type="doi">10.1186/1471-2105-6-122</article-id><article-categories><subj-group subj-group-type="heading"><subject>Database</subject></subj-group></article-categories><title-group><article-title>SuperLigands – a database of ligand structures derived from the Protein Data Bank</article-title></title-group><contrib-group><contrib id="A1" corresp="yes" contrib-type="author"><name><surname>Michalsky</surname><given-names>Elke</given-names></name><xref ref-type="aff" rid="I1">1</xref><email>elke.michalsky@charite.de</email></contrib><contrib id="A2" contrib-type="author"><name><surname>Dunkel</surname><given-names>Mathias</given-names></name><xref ref-type="aff" rid="I1">1</xref><email>mathias.dunkel@charite.de</email></contrib><contrib id="A3" contrib-type="author"><name><surname>Goede</surname><given-names>Andrean</given-names></name><xref ref-type="aff" rid="I1">1</xref><email>andrean.goede@charite.de</email></contrib><contrib id="A4" contrib-type="author"><name><surname>Preissner</surname><given-names>Robert</given-names></name><xref ref-type="aff" rid="I1">1</xref><email>robert.preissner@charite.de</email></contrib></contrib-group><aff id="I1"><label>1</label>BCB (Berlin Center for Genome Based Bioinformatics) at Institute of Biochemistry, Charité (University Medicine Berlin), Monbijoustr. 2, 10117 Berlin, Germany</aff><pub-date pub-type="collection"><year>2005</year></pub-date><pub-date pub-type="epub"><day>19</day><month>5</month><year>2005</year></pub-date><volume>6</volume><fpage>122</fpage><lpage>122</lpage><ext-link ext-link-type="uri" xlink:href="http://www.biomedcentral.com/1471-2105/6/122"/><history><date date-type="received"><day>3</day><month>2</month><year>2005</year></date><date date-type="accepted"><day>19</day><month>5</month><year>2005</year></date></history><copyright-statement>Copyright © 2005 Michalsky et al; licensee BioMed Central Ltd.</copyright-statement><license license-type="open-access" xlink:href="http://creativecommons.org/licenses/by/2.0"><p>This is an Open Access article distributed under the terms of the Creative Commons Attribution License (<ext-link ext-link-type="uri" xlink:href="http://creativecommons.org/licenses/by/2.0"/>), which permits unrestricted use, distribution, and reproduction in any medium, provided the original work is properly cited.</p></license><abstract><sec><title>Background</title><p>Currently, the PDB contains approximately 29,000 protein structures comprising over 70,000 experimentally determined three-dimensional structures of over 5,000 different low molecular weight compounds. Information about these PDB ligands can be very helpful in the field of molecular modelling and prediction, particularly for the prediction of protein binding sites and function.</p></sec><sec><title>Description</title><p>Here we present an Internet accessible database delivering PDB ligands in the MDL Mol file format which, in contrast to the PDB format, includes information about bond types. Structural similarity of the compounds can be detected by calculation of Tanimoto coefficients and by three-dimensional superposition. Topological similarity of PDB ligands to known drugs can be assessed via Tanimoto coefficients.</p></sec><sec><title>Conclusion</title><p><italic>SuperLigands </italic>supplements the set of existing resources of information about small molecules bound to PDB structures. Allowing for three-dimensional comparison of the compounds as a novel feature, this database represents a valuable means of analysis and prediction in the field of biological and medical research.</p></sec></abstract></article-meta></front></article>