<article xmlns="https://jats.nlm.nih.gov/ns/archiving/1.2/" xmlns:xsi="http://www.w3.org/2001/XMLSchema-instance" xmlns:mml="http://www.w3.org/1998/Math/MathML" xmlns:xlink="http://www.w3.org/1999/xlink" xsi:schemaLocation="https://jats.nlm.nih.gov/ns/archiving/1.2/ https://jats.nlm.nih.gov/archiving/1.2/xsd/JATS-archivearticle1.xsd" article-type="research-article"><front><journal-meta><journal-id journal-id-type="nlm-ta">BMC Bioinformatics</journal-id><journal-title-group><journal-title>BMC Bioinformatics</journal-title></journal-title-group><issn pub-type="epub">1471-2105</issn><publisher><publisher-name>BioMed Central</publisher-name></publisher></journal-meta><article-meta><article-id pub-id-type="accession">PMC119857</article-id><article-id pub-id-type="pmcid">PMC119857</article-id><article-id pub-id-type="pmc-uid">119857</article-id><article-id pub-id-type="pmid">12162795</article-id><article-id pub-id-type="publisher-id">1471-2105-3-21</article-id><article-id pub-id-type="pmid">12162795</article-id><article-id pub-id-type="doi">10.1186/1471-2105-3-21</article-id><article-categories><subj-group subj-group-type="heading"><subject>Research article</subject></subj-group></article-categories><title-group><article-title>The SGS3 protein involved in PTGS finds a family</article-title></title-group><contrib-group><contrib contrib-type="author" corresp="yes" id="A1"><name><surname>Bateman</surname><given-names>Alex</given-names></name><xref ref-type="aff" rid="I1">1</xref><email>agb@sanger.ac.uk</email></contrib></contrib-group><aff id="I1"><label>1</label>The Wellcome Trust Sanger Institute, Wellcome Trust Genome Campus, Hinxton, Cambridge, CB10 1SA, UK</aff><pub-date pub-type="collection"><year>2002</year></pub-date><pub-date pub-type="epub"><day>5</day><month>8</month><year>2002</year></pub-date><volume>3</volume><fpage>21</fpage><lpage>21</lpage><history><date date-type="received"><day>11</day><month>7</month><year>2002</year></date><date date-type="accepted"><day>5</day><month>8</month><year>2002</year></date></history><permissions><copyright-statement>Copyright ©2002 Bateman; licensee BioMed Central Ltd. This is an Open Access article: verbatim copying and redistribution of this article are permitted in all media for any purpose, provided this notice is preserved along with the article's original URL.</copyright-statement><copyright-year>2002</copyright-year><copyright-holder>Bateman; licensee BioMed Central Ltd. This is an Open Access article: verbatim copying and redistribution of this article are permitted in all media for any purpose, provided this notice is preserved along with the article's original URL.</copyright-holder></permissions><self-uri xlink:href="http://www.biomedcentral.com/1471-2105/3/21"/><abstract><sec><title>Background</title><p>Post transcriptional gene silencing (PTGS) is a recently discovered phenomenon that is an area of intense research interest. Components of the PTGS machinery are being discovered by genetic and bioinformatics approaches, but the picture is not yet complete.</p></sec><sec><title>Results</title><p>The gene for the PTGS impaired Arabidopsis mutant <italic>sgs3</italic> was recently cloned and was not found to have similarity to any other known protein. By a detailed analysis of the sequence of SGS3 we have defined three new protein domains: the XH domain, the XS domain and the zf-XS domain, that are shared with a large family of uncharacterised plant proteins. This work implicates these plant proteins in PTGS.</p></sec><sec><title>Conclusion</title><p>The enigmatic SGS3 protein has been found to contain two predicted domains in common with a family of plant proteins. The other members of this family have been predicted to be transcription factors, however this function seems unlikely based on this analysis. A bioinformatics approach has implicated a new family of plant proteins related to SGS3 as potential candidates for PTGS related functions.</p></sec></abstract></article-meta></front></article>