<article xmlns="https://dtd.nlm.nih.gov/ns/archiving/2.3/" xmlns:xsi="http://www.w3.org/2001/XMLSchema-instance" xmlns:mml="http://www.w3.org/1998/Math/MathML" xmlns:xlink="http://www.w3.org/1999/xlink" xsi:schemaLocation="https://dtd.nlm.nih.gov/ns/archiving/2.3/ https://dtd.nlm.nih.gov/archiving/2.3/xsd/archivearticle.xsd" article-type="product-review"><front><journal-meta><journal-id journal-id-type="nlm-ta">BMC Bioinformatics</journal-id><journal-title>BMC Bioinformatics</journal-title><issn pub-type="epub">1471-2105</issn><publisher><publisher-name>BioMed Central</publisher-name><publisher-loc>London</publisher-loc></publisher></journal-meta><article-meta><article-id pub-id-type="accession">PMC1156870</article-id><article-id pub-id-type="pmcid">PMC1156870</article-id><article-id pub-id-type="pmc-uid">1156870</article-id><article-id pub-id-type="pmid">15921531</article-id><article-id pub-id-type="publisher-id">1471-2105-6-130</article-id><article-id pub-id-type="pmid">15921531</article-id><article-id pub-id-type="doi">10.1186/1471-2105-6-130</article-id><article-categories><subj-group subj-group-type="heading"><subject>Software</subject></subj-group></article-categories><title-group><article-title>Vestige: Maximum likelihood phylogenetic footprinting</article-title></title-group><contrib-group><contrib id="A1" corresp="yes" contrib-type="author"><name><surname>Wakefield</surname><given-names>Matthew J</given-names></name><xref ref-type="aff" rid="I1">1</xref><xref ref-type="aff" rid="I2">2</xref><email>matthew.wakefield@anu.edu.au</email></contrib><contrib id="A2" contrib-type="author"><name><surname>Maxwell</surname><given-names>Peter</given-names></name><xref ref-type="aff" rid="I3">3</xref><xref ref-type="aff" rid="I4">4</xref><email>peter.maxwell@anu.edu.au</email></contrib><contrib id="A3" contrib-type="author"><name><surname>Huttley</surname><given-names>Gavin A</given-names></name><xref ref-type="aff" rid="I3">3</xref><xref ref-type="aff" rid="I4">4</xref><email>gavin.huttley@anu.edu.au</email></contrib></contrib-group><aff id="I1"><label>1</label>Predictive Medicine Group, John Curtin School of Medical Research, The Australian National University, Canberra 0200 ACT Australia</aff><aff id="I2"><label>2</label>ARC Centre for Kangaroo Genomics, John Curtin School of Medical Research, The Australian National University, Canberra 0200 ACT Australia</aff><aff id="I3"><label>3</label>Computational Genomics Laboratory, John Curtin School of Medical Research, The Australian National University, Canberra 0200 ACT Australia</aff><aff id="I4"><label>4</label>Centre for BioInformation Science, John Curtin School of Medical Research, The Australian National University, Canberra 0200 ACT Australia</aff><pub-date pub-type="collection"><year>2005</year></pub-date><pub-date pub-type="epub"><day>29</day><month>5</month><year>2005</year></pub-date><volume>6</volume><fpage>130</fpage><lpage>130</lpage><ext-link ext-link-type="uri" xlink:href="http://www.biomedcentral.com/1471-2105/6/130"/><history><date date-type="received"><day>10</day><month>1</month><year>2005</year></date><date date-type="accepted"><day>29</day><month>5</month><year>2005</year></date></history><copyright-statement>Copyright © 2005 Wakefield et al; licensee BioMed Central Ltd.</copyright-statement><license license-type="open-access" xlink:href="http://creativecommons.org/licenses/by/2.0"><p>This is an Open Access article distributed under the terms of the Creative Commons Attribution License (<ext-link ext-link-type="uri" xlink:href="http://creativecommons.org/licenses/by/2.0"/>), which permits unrestricted use, distribution, and reproduction in any medium, provided the original work is properly cited.</p></license><abstract><sec><title>Background</title><p>Phylogenetic footprinting is the identification of functional regions of DNA by their evolutionary conservation. This is achieved by comparing orthologous regions from multiple species and identifying the DNA regions that have diverged less than neutral DNA. Vestige is a phylogenetic footprinting package built on the PyEvolve toolkit that uses probabilistic molecular evolutionary modelling to represent aspects of sequence evolution, including the conventional divergence measure employed by other footprinting approaches. In addition to measuring the divergence, Vestige allows the expansion of the definition of a phylogenetic footprint to include variation in the distribution of any molecular evolutionary processes. This is achieved by displaying the distribution of model parameters that represent partitions of molecular evolutionary substitutions. Examination of the spatial incidence of these effects across regions of the genome can identify DNA segments that differ in the nature of the evolutionary process.</p></sec><sec><title>Results</title><p>Vestige was applied to a reference dataset of the <italic>SCL </italic>locus from four species and provided clear identification of the known conserved regions in this dataset. To demonstrate the flexibility to use diverse models of molecular evolution and dissect the nature of the evolutionary process Vestige was used to footprint the Ka/Ks ratio in primate <italic>BRCA1 </italic>with a codon model of evolution. Two regions of putative adaptive evolution were identified illustrating the ability of Vestige to represent the spatial distribution of distinct molecular evolutionary processes.</p></sec><sec><title>Conclusion</title><p>Vestige provides a flexible, open platform for phylogenetic footprinting. Underpinned by the PyEvolve toolkit, Vestige provides a framework for visualising the signatures of evolutionary processes across the genome of numerous organisms simultaneously. By exploiting the maximum-likelihood statistical framework, the complex interplay between mutational processes, DNA repair and selection can be evaluated both spatially (along a sequence alignment) and temporally (for each branch of the tree) providing visual indicators to the attributes and functions of DNA sequences.</p></sec></abstract></article-meta></front></article>