<article xmlns="https://dtd.nlm.nih.gov/ns/archiving/2.3/" xmlns:xsi="http://www.w3.org/2001/XMLSchema-instance" xmlns:mml="http://www.w3.org/1998/Math/MathML" xmlns:xlink="http://www.w3.org/1999/xlink" xsi:schemaLocation="https://dtd.nlm.nih.gov/ns/archiving/2.3/ https://dtd.nlm.nih.gov/archiving/2.3/xsd/archivearticle.xsd" article-type="research-article"><front><journal-meta><journal-id journal-id-type="nlm-ta">BMC Bioinformatics</journal-id><journal-title>BMC Bioinformatics</journal-title><issn pub-type="epub">1471-2105</issn><publisher><publisher-name>BioMed Central</publisher-name><publisher-loc>London</publisher-loc></publisher></journal-meta><article-meta><article-id pub-id-type="accession">PMC1097716</article-id><article-id pub-id-type="pmcid">PMC1097716</article-id><article-id pub-id-type="pmc-uid">1097716</article-id><article-id pub-id-type="pmid">15831105</article-id><article-id pub-id-type="publisher-id">1471-2105-6-99</article-id><article-id pub-id-type="pmid">15831105</article-id><article-id pub-id-type="doi">10.1186/1471-2105-6-99</article-id><article-categories><subj-group subj-group-type="heading"><subject>Research Article</subject></subj-group></article-categories><title-group><article-title>Improved profile HMM performance by assessment of critical algorithmic features in SAM and HMMER</article-title></title-group><contrib-group><contrib id="A1" contrib-type="author"><name><surname>Wistrand</surname><given-names>Markus</given-names></name><xref ref-type="aff" rid="I1">1</xref><email>markus.wistrand@cgb.ki.se</email></contrib><contrib id="A2" corresp="yes" contrib-type="author"><name><surname>Sonnhammer</surname><given-names>Erik LL</given-names></name><xref ref-type="aff" rid="I1">1</xref><email>erik.sonnhammer@cgb.ki.se</email></contrib></contrib-group><aff id="I1"><label>1</label>Center for Genomics and Bioinformatics, Karolinska Institutet, S-17177 Stockholm, Sweden</aff><pub-date pub-type="collection"><year>2005</year></pub-date><pub-date pub-type="epub"><day>15</day><month>4</month><year>2005</year></pub-date><volume>6</volume><fpage>99</fpage><lpage>99</lpage><ext-link ext-link-type="uri" xlink:href="http://www.biomedcentral.com/1471-2105/6/99"/><history><date date-type="received"><day>1</day><month>2</month><year>2005</year></date><date date-type="accepted"><day>15</day><month>4</month><year>2005</year></date></history><copyright-statement>Copyright © 2005 Wistrand and Sonnhammer; licensee BioMed Central Ltd.</copyright-statement><license license-type="open-access" xlink:href="http://creativecommons.org/licenses/by/2.0"><p>This is an Open Access article distributed under the terms of the Creative Commons Attribution License (<ext-link ext-link-type="uri" xlink:href="http://creativecommons.org/licenses/by/2.0"/>), which permits unrestricted use, distribution, and reproduction in any medium, provided the original work is properly cited.</p></license><abstract><sec><title>Background</title><p>Profile hidden Markov model (HMM) techniques are among the most powerful methods for protein homology detection. Yet, the critical features for successful modelling are not fully known. In the present work we approached this by using two of the most popular HMM packages: SAM and HMMER. The programs' abilities to build models and score sequences were compared on a SCOP/Pfam based test set. The comparison was done separately for local and global HMM scoring.</p></sec><sec><title>Results</title><p>Using default settings, SAM was overall more sensitive. SAM's model estimation was superior, while HMMER's model scoring was more accurate. Critical features for model building were then analysed by comparing the two packages' algorithmic choices and parameters. The weighting between prior probabilities and multiple alignment counts held the primary explanation why SAM's model building was superior. Our analysis suggests that HMMER gives too much weight to the sequence counts. SAM's emission prior probabilities were also shown to be more sensitive. The relative sequence weighting schemes are different in the two packages but performed equivalently.</p></sec><sec><title>Conclusion</title><p>SAM model estimation was more sensitive, while HMMER model scoring was more accurate. By combining the best algorithmic features from both packages the accuracy was substantially improved compared to their default performance.</p></sec></abstract></article-meta></front></article>