<article xmlns="https://dtd.nlm.nih.gov/ns/archiving/2.3/" xmlns:xsi="http://www.w3.org/2001/XMLSchema-instance" xmlns:mml="http://www.w3.org/1998/Math/MathML" xmlns:xlink="http://www.w3.org/1999/xlink" xsi:schemaLocation="https://dtd.nlm.nih.gov/ns/archiving/2.3/ https://dtd.nlm.nih.gov/archiving/2.3/xsd/archivearticle.xsd" article-type="research-article"><front><journal-meta><journal-id journal-id-type="nlm-ta">BMC Bioinformatics</journal-id><journal-title>BMC Bioinformatics</journal-title><issn pub-type="epub">1471-2105</issn><publisher><publisher-name>BioMed Central</publisher-name><publisher-loc>London</publisher-loc></publisher></journal-meta><article-meta><article-id pub-id-type="accession">PMC1199581</article-id><article-id pub-id-type="pmcid">PMC1199581</article-id><article-id pub-id-type="pmc-uid">1199581</article-id><article-id pub-id-type="pmid">16042764</article-id><article-id pub-id-type="publisher-id">1471-2105-6-186</article-id><article-id pub-id-type="pmid">16042764</article-id><article-id pub-id-type="doi">10.1186/1471-2105-6-186</article-id><article-categories><subj-group subj-group-type="heading"><subject>Methodology Article</subject></subj-group></article-categories><title-group><article-title>Nonparametric tests for differential gene expression and interaction effects in multi-factorial microarray experiments</article-title></title-group><contrib-group><contrib id="A1" corresp="yes" contrib-type="author"><name><surname>Gao</surname><given-names>Xin</given-names></name><xref ref-type="aff" rid="I1">1</xref><email>xingao@mathstat.yorku.ca</email></contrib><contrib id="A2" contrib-type="author"><name><surname>Song</surname><given-names>Peter XK</given-names></name><xref ref-type="aff" rid="I2">2</xref><email>song@math.uwaterloo.ca</email></contrib></contrib-group><aff id="I1"><label>1</label>Department of Mathematics and Statistics, York University, 4700 Keele Street, Toronto, ON M3J 1P3, Canada</aff><aff id="I2"><label>2</label>Department of Statistics and Actuarial Science, University of Waterloo, 200 University Ave. W., Waterloo, ON N2L 3G1, Canada</aff><pub-date pub-type="collection"><year>2005</year></pub-date><pub-date pub-type="epub"><day>21</day><month>7</month><year>2005</year></pub-date><volume>6</volume><fpage>186</fpage><lpage>186</lpage><ext-link ext-link-type="uri" xlink:href="http://www.biomedcentral.com/1471-2105/6/186"/><history><date date-type="received"><day>19</day><month>4</month><year>2005</year></date><date date-type="accepted"><day>21</day><month>7</month><year>2005</year></date></history><permissions><copyright-statement>Copyright © 2005 Gao and Song; licensee BioMed Central Ltd.</copyright-statement><copyright-year>2005</copyright-year><copyright-holder>Gao and Song; licensee BioMed Central Ltd.</copyright-holder><license license-type="open-access" xlink:href="http://creativecommons.org/licenses/by/2.0"><p>This is an Open Access article distributed under the terms of the Creative Commons Attribution License (<ext-link ext-link-type="uri" xlink:href="http://creativecommons.org/licenses/by/2.0"/>), which permits unrestricted use, distribution, and reproduction in any medium, provided the original work is properly cited.</p><!--<rdf xmlns="http://web.resource.org/cc/" xmlns:rdf="http://www.w3.org/1999/02/22-rdf-syntax-ns#" xmlns:dc="http://purl.org/dc/elements/1.1" xmlns:dcterms="http://purl.org/dc/terms"><Work xmlns:dc="http://purl.org/dc/elements/1.1/" xmlns:dcterms="http://purl.org/dc/terms/" rdf:about=""><license rdf:resource="http://creativecommons.org/licenses/by/2.0"/><dc:type rdf:resource="http://purl.org/dc/dcmitype/Text"/><dc:author>
               Gao
               Xin
               
               xingao@mathstat.yorku.ca
            </dc:author><dc:title>
            Nonparametric tests for differential gene expression and interaction effects in multi-factorial microarray experiments
         </dc:title><dc:date>2005</dc:date><dcterms:bibliographicCitation>BMC Bioinformatics 6(1): 186-. (2005)</dcterms:bibliographicCitation><dc:identifier type="sici">1471-2105(2005)6:1&#x0003c;186&#x0003e;</dc:identifier><dcterms:isPartOf>urn:ISSN:1471-2105</dcterms:isPartOf><License rdf:about="http://creativecommons.org/licenses/by/2.0"><permits rdf:resource="http://web.resource.org/cc/Reproduction" xmlns=""/><permits rdf:resource="http://web.resource.org/cc/Distribution" xmlns=""/><requires rdf:resource="http://web.resource.org/cc/Notice" xmlns=""/><requires rdf:resource="http://web.resource.org/cc/Attribution" xmlns=""/><permits rdf:resource="http://web.resource.org/cc/DerivativeWorks" xmlns=""/></License></Work></rdf>--></license></permissions><abstract><sec><title>Background</title><p>Numerous nonparametric approaches have been proposed in literature to detect differential gene expression in the setting of two user-defined groups. However, there is a lack of nonparametric procedures to analyze microarray data with multiple factors attributing to the gene expression. Furthermore, incorporating interaction effects in the analysis of microarray data has long been of great interest to biological scientists, little of which has been investigated in the nonparametric framework.</p></sec><sec><title>Results</title><p>In this paper, we propose a set of nonparametric tests to detect treatment effects, clinical covariate effects, and interaction effects for multifactorial microarray data. When the distribution of expression data is skewed or heavy-tailed, the rank tests are substantially more powerful than the competing parametric F tests. On the other hand, in the case of light or medium-tailed distributions, the rank tests appear to be marginally less powerful than the parametric competitors.</p></sec><sec><title>Conclusion</title><p>The proposed rank tests enable us to detect differential gene expression and establish interaction effects for microarray data with various non-normally distributed expression measurements across genome. In the presence of outliers, they are advantageous alternative approaches to the existing parametric F tests due to the robustness feature.</p></sec></abstract></article-meta></front></article>