<article xmlns="https://jats.nlm.nih.gov/ns/archiving/1.2/" xmlns:xsi="http://www.w3.org/2001/XMLSchema-instance" xmlns:mml="http://www.w3.org/1998/Math/MathML" xmlns:xlink="http://www.w3.org/1999/xlink" xsi:schemaLocation="https://jats.nlm.nih.gov/ns/archiving/1.2/ https://jats.nlm.nih.gov/archiving/1.2/xsd/JATS-archivearticle1.xsd" article-type="research-article"><front><journal-meta><journal-id journal-id-type="nlm-ta">BMC Bioinformatics</journal-id><journal-title-group><journal-title>BMC Bioinformatics</journal-title></journal-title-group><issn pub-type="epub">1471-2105</issn><publisher><publisher-name>BioMed Central</publisher-name></publisher></journal-meta><article-meta><article-id pub-id-type="accession">PMC100321</article-id><article-id pub-id-type="pmcid">PMC100321</article-id><article-id pub-id-type="pmc-uid">100321</article-id><article-id pub-id-type="pmid">11882251</article-id><article-id pub-id-type="publisher-id">1471-2105-3-9</article-id><article-id pub-id-type="pmid">11882251</article-id><article-id pub-id-type="doi">10.1186/1471-2105-3-9</article-id><article-categories><subj-group subj-group-type="heading"><subject>Research article</subject></subj-group></article-categories><title-group><article-title>An algorithm and program for finding sequence specific oligo-nucleotide probes for species identification</article-title></title-group><contrib-group><contrib contrib-type="author" corresp="yes" id="A1"><name><surname>Pozhitkov</surname><given-names>Alexander E</given-names></name><xref ref-type="aff" rid="I1">1</xref><email>alex.pozhitkov@uni-koeln.de</email></contrib><contrib contrib-type="author" id="A2"><name><surname>Tautz</surname><given-names>Diethard</given-names></name><xref ref-type="aff" rid="I1">1</xref><email>tautz@uni-koeln.de</email></contrib></contrib-group><aff id="I1"><label>1</label>University of Cologne, Institute of Genetics, AG Tautz; Weyertal 121, D-50931 Cologne, Germany</aff><pub-date pub-type="collection"><year>2002</year></pub-date><pub-date pub-type="epub"><day>6</day><month>3</month><year>2002</year></pub-date><volume>3</volume><fpage>9</fpage><lpage>9</lpage><history><date date-type="received"><day>13</day><month>11</month><year>2001</year></date><date date-type="accepted"><day>6</day><month>3</month><year>2002</year></date></history><permissions><copyright-statement>Copyright ©2002 Pozhitkov and Tautz; licensee BioMed Central Ltd. This is an Open Access article: verbatim copying and redistribution of this article are permitted in all media for any purpose, provided this notice is preserved along with the article's original URL.</copyright-statement><copyright-year>2002</copyright-year><copyright-holder>Pozhitkov and Tautz; licensee BioMed Central Ltd. This is an Open Access article: verbatim copying and redistribution of this article are permitted in all media for any purpose, provided this notice is preserved along with the article's original URL.</copyright-holder></permissions><self-uri xlink:href="http://www.biomedcentral.com/1471-2105/3/9"/><abstract><sec><title>Background</title><p>The identification of species or species groups with specific oligo-nucleotides as molecular signatures is becoming increasingly popular for bacterial samples. However, it shows also great promise for other small organisms that are taxonomically difficult to tract.</p></sec><sec><title>Results</title><p>We have devised here an algorithm that aims to find the optimal probes for any given set of sequences. The program requires only a crude alignment of these sequences as input and is optimized for performance to deal also with very large datasets. The algorithm is designed such that the position of mismatches in the probes influences the selection and makes provision of single nucleotide outloops. Program implementations are available for Linux and Windows.</p></sec></abstract></article-meta></front></article>