<article xmlns="https://dtd.nlm.nih.gov/ns/archiving/2.3/" xmlns:xsi="http://www.w3.org/2001/XMLSchema-instance" xmlns:mml="http://www.w3.org/1998/Math/MathML" xmlns:xlink="http://www.w3.org/1999/xlink" xsi:schemaLocation="https://dtd.nlm.nih.gov/ns/archiving/2.3/ https://dtd.nlm.nih.gov/archiving/2.3/xsd/archivearticle.xsd" article-type="product-review"><front><journal-meta><journal-id journal-id-type="nlm-ta">BMC Bioinformatics</journal-id><journal-title>BMC Bioinformatics</journal-title><issn pub-type="epub">1471-2105</issn><publisher><publisher-name>BioMed Central</publisher-name><publisher-loc>London</publisher-loc></publisher></journal-meta><article-meta><article-id pub-id-type="accession">PMC1087476</article-id><article-id pub-id-type="pmcid">PMC1087476</article-id><article-id pub-id-type="pmc-uid">1087476</article-id><article-id pub-id-type="pmid">15829007</article-id><article-id pub-id-type="publisher-id">1471-2105-6-98</article-id><article-id pub-id-type="pmid">15829007</article-id><article-id pub-id-type="doi">10.1186/1471-2105-6-98</article-id><article-categories><subj-group subj-group-type="heading"><subject>Software</subject></subj-group></article-categories><title-group><article-title>ProGenExpress: Visualization of quantitative data on prokaryotic genomes</article-title></title-group><contrib-group><contrib id="A1" corresp="yes" contrib-type="author"><name><surname>Watson</surname><given-names>Michael</given-names></name><xref ref-type="aff" rid="I1">1</xref><email>michael.watson@bbsrc.ac.uk</email></contrib></contrib-group><aff id="I1"><label>1</label>Institute for Animal Health, Compton laboratory, High street, Compton, Newbury, RG20 7NN, UK</aff><pub-date pub-type="collection"><year>2005</year></pub-date><pub-date pub-type="epub"><day>13</day><month>4</month><year>2005</year></pub-date><volume>6</volume><fpage>98</fpage><lpage>98</lpage><ext-link ext-link-type="uri" xlink:href="http://www.biomedcentral.com/1471-2105/6/98"/><history><date date-type="received"><day>9</day><month>2</month><year>2005</year></date><date date-type="accepted"><day>13</day><month>4</month><year>2005</year></date></history><copyright-statement>Copyright © 2005 Watson; licensee BioMed Central Ltd.</copyright-statement><license license-type="open-access" xlink:href="http://creativecommons.org/licenses/by/2.0"><p>This is an Open Access article distributed under the terms of the Creative Commons Attribution License (<ext-link ext-link-type="uri" xlink:href="http://creativecommons.org/licenses/by/2.0"/>), which permits unrestricted use, distribution, and reproduction in any medium, provided the original work is properly cited.</p></license><abstract><sec><title>Background</title><p>The integration of genomic information with quantitative experimental data is a key component of systems biology. An increasing number of microbial genomes are being sequenced, leading to an increasing amount of data from post-genomics technologies. The genomes of prokaryotes contain many structures of interest, such as operons, pathogenicity islands and prophage sequences, whose behaviour is of interest during infection and disease. There is a need for simple and novel tools to display and analyse data from these integrated datasets, and we have developed ProGenExpress as a tool for visualising arbitrarily complex numerical data in the context of prokaryotic genomes.</p></sec><sec><title>Results</title><p>Here we describe ProGenExpress, an R package that allows researchers to easily and quickly visualize quantitative measurements, such as those produced by microarray experiments, in the context of the genome organization of sequenced prokaryotes. Data from microarrays, proteomics or other whole-genome technologies can be accurately displayed on the genome. ProGenExpress can also search for novel regions of interest that consist of groups of adjacent genes that show similar patterns across the experimental data set. We demonstrate ProGenExpress with microarray data from a time-course experiment involving <italic>Salmonella typhimurium</italic>.</p></sec><sec><title>Conclusion</title><p>ProGenExpress can be used to visualize quantitative data from complex experiments in the context of the genome of sequenced prokaryotes, and to find novel regions of interest.</p></sec></abstract></article-meta></front></article>