<article xmlns="https://dtd.nlm.nih.gov/ns/archiving/2.3/" xmlns:xsi="http://www.w3.org/2001/XMLSchema-instance" xmlns:mml="http://www.w3.org/1998/Math/MathML" xmlns:xlink="http://www.w3.org/1999/xlink" xsi:schemaLocation="https://dtd.nlm.nih.gov/ns/archiving/2.3/ https://dtd.nlm.nih.gov/archiving/2.3/xsd/archivearticle.xsd" article-type="research-article"><front><journal-meta><journal-id journal-id-type="nlm-ta">BMC Bioinformatics</journal-id><journal-title>BMC Bioinformatics</journal-title><issn pub-type="epub">1471-2105</issn><publisher><publisher-name>BioMed Central</publisher-name><publisher-loc>London</publisher-loc></publisher></journal-meta><article-meta><article-id pub-id-type="accession">PMC1087830</article-id><article-id pub-id-type="pmcid">PMC1087830</article-id><article-id pub-id-type="pmc-uid">1087830</article-id><article-id pub-id-type="pmid">15784139</article-id><article-id pub-id-type="publisher-id">1471-2105-6-66</article-id><article-id pub-id-type="pmid">15784139</article-id><article-id pub-id-type="doi">10.1186/1471-2105-6-66</article-id><article-categories><subj-group subj-group-type="heading"><subject>Research Article</subject></subj-group></article-categories><title-group><article-title>DIALIGN-T: An improved algorithm for segment-based multiple sequence alignment</article-title></title-group><contrib-group><contrib id="A1" contrib-type="author"><name><surname>Subramanian</surname><given-names>Amarendran R</given-names></name><xref ref-type="aff" rid="I1">1</xref><email>subraman@informatik.uni-tuebingen.de</email></contrib><contrib id="A2" contrib-type="author"><name><surname>Weyer-Menkhoff</surname><given-names>Jan</given-names></name><xref ref-type="aff" rid="I2">2</xref><email>jweyer@gwdg.de</email></contrib><contrib id="A3" contrib-type="author"><name><surname>Kaufmann</surname><given-names>Michael</given-names></name><xref ref-type="aff" rid="I1">1</xref><email>mk@informatik.uni-tuebingen.de</email></contrib><contrib id="A4" corresp="yes" contrib-type="author"><name><surname>Morgenstern</surname><given-names>Burkhard</given-names></name><xref ref-type="aff" rid="I2">2</xref><email>burkhard@gobics.de</email></contrib></contrib-group><aff id="I1"><label>1</label>University of Tübingen, Wilhelm-Schickard-Institut für Informatik, Sand 13, 72076 Tübingen, Germany</aff><aff id="I2"><label>2</label>University of Göttingen, Institute of Microbiology and Genetics, Goldschmidtstr. 1, 37077 Göttingen, Germany</aff><pub-date pub-type="collection"><year>2005</year></pub-date><pub-date pub-type="epub"><day>22</day><month>3</month><year>2005</year></pub-date><volume>6</volume><fpage>66</fpage><lpage>66</lpage><ext-link ext-link-type="uri" xlink:href="http://www.biomedcentral.com/1471-2105/6/66"/><history><date date-type="received"><day>1</day><month>11</month><year>2004</year></date><date date-type="accepted"><day>22</day><month>3</month><year>2005</year></date></history><copyright-statement>Copyright © 2005 Subramanian et al; licensee BioMed Central Ltd.</copyright-statement><license license-type="open-access" xlink:href="http://creativecommons.org/licenses/by/2.0"><p>This is an Open Access article distributed under the terms of the Creative Commons Attribution License (<ext-link ext-link-type="uri" xlink:href="http://creativecommons.org/licenses/by/2.0"/>), which permits unrestricted use, distribution, and reproduction in any medium, provided the original work is properly cited.</p></license><abstract><sec><title>Background</title><p>We present a complete re-implementation of the segment-based approach to multiple protein alignment that contains a number of improvements compared to the previous version 2.2 of <italic>DIALIGN</italic>. This previous version is superior to Needleman-Wunsch-based multi-alignment programs on <italic>locally </italic>related sequence sets. However, it is often outperformed by these methods on data sets with <italic>global </italic>but weak similarity at the primary-sequence level.</p></sec><sec><title>Results</title><p>In the present paper, we discuss strengths and weaknesses of DIALIGN in view of the underlying <italic>objective function</italic>. Based on these results, we propose several heuristics to improve the segment-based alignment approach. For pairwise alignment, we implemented a fragment-chaining algorithm that favours chains of low-scoring local alignments over isolated high-scoring fragments. For multiple alignment, we use an improved <italic>greedy </italic>procedure that is less sensitive to spurious local sequence similarities. To evaluate our method on globally related protein families, we used the well-known database <italic>BAliBASE</italic>. For benchmarking tests on locally related sequences, we created a new reference database called <italic>IRMBASE </italic>which consists of simulated conserved motifs implanted into non-related random sequences.</p></sec><sec><title>Conclusion</title><p>On BAliBASE, our new program performs significantly better than the previous version of DIALIGN and is comparable to the standard global aligner CLUSTAL W, though it is outperformed by some newly developed programs that focus on global alignment. On the locally related test sets in IRMBASE, our method outperforms all other programs that we evaluated.</p></sec></abstract></article-meta></front></article>