<article xmlns="https://dtd.nlm.nih.gov/ns/archiving/2.3/" xmlns:xsi="http://www.w3.org/2001/XMLSchema-instance" xmlns:mml="http://www.w3.org/1998/Math/MathML" xmlns:xlink="http://www.w3.org/1999/xlink" xsi:schemaLocation="https://dtd.nlm.nih.gov/ns/archiving/2.3/ https://dtd.nlm.nih.gov/archiving/2.3/xsd/archivearticle.xsd" article-type="research-article"><front><journal-meta><journal-id journal-id-type="nlm-ta">BMC Bioinformatics</journal-id><journal-title>BMC Bioinformatics</journal-title><issn pub-type="epub">1471-2105</issn><publisher><publisher-name>BioMed Central</publisher-name><publisher-loc>London</publisher-loc></publisher></journal-meta><article-meta><article-id pub-id-type="accession">PMC140037</article-id><article-id pub-id-type="pmcid">PMC140037</article-id><article-id pub-id-type="pmc-uid">140037</article-id><article-id pub-id-type="pmid">12513700</article-id><article-id pub-id-type="publisher-id">1471-2105-4-1</article-id><article-id pub-id-type="pmid">12513700</article-id><article-id pub-id-type="doi">10.1186/1471-2105-4-1</article-id><article-categories><subj-group subj-group-type="heading"><subject>Methodology Article</subject></subj-group></article-categories><title-group><article-title>SeqVISTA: a graphical tool for sequence feature visualization and comparison</article-title></title-group><contrib-group><contrib id="A1" contrib-type="author"><name><surname>Hu</surname><given-names>Zhenjun</given-names></name><xref ref-type="aff" rid="I1">1</xref><email>zjhu@bu.edu</email></contrib><contrib id="A2" contrib-type="author"><name><surname>Frith</surname><given-names>Martin</given-names></name><xref ref-type="aff" rid="I1">1</xref><email>mfrith@bu.edu</email></contrib><contrib id="A3" contrib-type="author"><name><surname>Niu</surname><given-names>Tianhua</given-names></name><xref ref-type="aff" rid="I2">2</xref><email>niu@bioinfo.stat.harvard.edu</email></contrib><contrib id="A4" corresp="yes" contrib-type="author"><name><surname>Weng</surname><given-names>Zhiping</given-names></name><xref ref-type="aff" rid="I1">1</xref><xref ref-type="aff" rid="I3">3</xref><email>zhiping@bu.edu</email></contrib></contrib-group><aff id="I1"><label>1</label>Bioinformatics Program, Boston University, Boston, MA, 02215, USA</aff><aff id="I2"><label>2</label>Program for Population Genetics, Harvard University, Boston, Mass, 02115, USA</aff><aff id="I3"><label>3</label>Department of Biomedical Engineering, Boston University, Boston, MA, 02215, USA</aff><pub-date pub-type="collection"><year>2003</year></pub-date><pub-date pub-type="epub"><day>4</day><month>1</month><year>2003</year></pub-date><volume>4</volume><fpage>1</fpage><lpage>1</lpage><ext-link ext-link-type="uri" xlink:href="http://www.biomedcentral.com/1471-2105/4/1"/><history><date date-type="received"><day>15</day><month>9</month><year>2002</year></date><date date-type="accepted"><day>4</day><month>1</month><year>2003</year></date></history><permissions><copyright-statement>Copyright © 2003 Hu et al; licensee BioMed Central Ltd. This is an Open Access article: verbatim copying and redistribution of this article are permitted in all media for any purpose, provided this notice is preserved along with the article's original URL.</copyright-statement><copyright-year>2003</copyright-year><copyright-holder>Hu et al; licensee BioMed Central Ltd. This is an Open Access article: verbatim copying and redistribution of this article are permitted in all media for any purpose, provided this notice is preserved along with the article's original URL.</copyright-holder></permissions><abstract><sec><title>Background</title><p>Many readers will sympathize with the following story. You are viewing a gene sequence in Entrez, and you want to find whether it contains a particular sequence motif. You reach for the browser's "find in page" button, but those darn spaces every 10 bp get in the way. And what if the motif is on the opposite strand? Subsequently, your favorite sequence analysis software informs you that there is an interesting feature at position 13982–14013. By painstakingly counting the 10 bp blocks, you are able to examine the sequence at this location. But now you want to see what other features have been annotated close by, and this information is buried several screenfuls higher up the web page.</p></sec><sec><title>Results</title><p>SeqVISTA presents a holistic, graphical view of features annotated on nucleotide or protein sequences. This interactive tool highlights the residues in the sequence that correspond to features chosen by the user, and allows easy searching for sequence motifs or extraction of particular subsequences. SeqVISTA is able to display results from diverse sequence analysis tools in an integrated fashion, and aims to provide much-needed unity to the bioinformatics resources scattered around the Internet. Our viewer may be launched on a GenBank record by a single click of a button installed in the web browser.</p></sec><sec><title>Conclusion</title><p>SeqVISTA allows insights to be gained by viewing the totality of sequence annotations and predictions, which may be more revealing than the sum of their parts. SeqVISTA runs on any operating system with a Java 1.4 virtual machine. It is freely available to academic users at <ext-link ext-link-type="uri" xlink:href="http://zlab.bu.edu/SeqVISTA"/>.</p></sec></abstract></article-meta></front></article>