<article xmlns="https://dtd.nlm.nih.gov/ns/archiving/2.3/" xmlns:xsi="http://www.w3.org/2001/XMLSchema-instance" xmlns:mml="http://www.w3.org/1998/Math/MathML" xmlns:xlink="http://www.w3.org/1999/xlink" xsi:schemaLocation="https://dtd.nlm.nih.gov/ns/archiving/2.3/ https://dtd.nlm.nih.gov/archiving/2.3/xsd/archivearticle.xsd" article-type="research-article"><front><journal-meta><journal-id journal-id-type="nlm-ta">BMC Bioinformatics</journal-id><journal-title>BMC Bioinformatics</journal-title><issn pub-type="epub">1471-2105</issn><publisher><publisher-name>BioMed Central</publisher-name><publisher-loc>London</publisher-loc></publisher></journal-meta><article-meta><article-id pub-id-type="accession">PMC166169</article-id><article-id pub-id-type="pmcid">PMC166169</article-id><article-id pub-id-type="pmc-uid">166169</article-id><article-id pub-id-type="pmid">12854978</article-id><article-id pub-id-type="publisher-id">1471-2105-4-29</article-id><article-id pub-id-type="pmid">12854978</article-id><article-id pub-id-type="doi">10.1186/1471-2105-4-29</article-id><article-categories><subj-group subj-group-type="heading"><subject>Methodology Article</subject></subj-group></article-categories><title-group><article-title>MatGAT: An application that generates similarity/identity matrices using protein or DNA sequences</article-title></title-group><contrib-group><contrib id="A1" corresp="yes" contrib-type="author"><name><surname>Campanella</surname><given-names>James J</given-names></name><xref ref-type="aff" rid="I1">1</xref><email>james.campanella@montclair.edu</email></contrib><contrib id="A2" contrib-type="author"><name><surname>Bitincka</surname><given-names>Ledion</given-names></name><xref ref-type="aff" rid="I1">1</xref><email>bitinckal1@mail.montclair.edu</email></contrib><contrib id="A3" contrib-type="author"><name><surname>Smalley</surname><given-names>John</given-names></name><xref ref-type="aff" rid="I1">1</xref><email>smalley@mail.montclair.edu</email></contrib></contrib-group><aff id="I1"><label>1</label>Montclair State University, Department of Biology and Molecular Biology, 1 Normal Avenue, Montclair, New Jersey 07043 USA</aff><pub-date pub-type="collection"><year>2003</year></pub-date><pub-date pub-type="epub"><day>10</day><month>7</month><year>2003</year></pub-date><volume>4</volume><fpage>29</fpage><lpage>29</lpage><ext-link ext-link-type="uri" xlink:href="http://www.biomedcentral.com/1471-2105/4/29"/><history><date date-type="received"><day>9</day><month>5</month><year>2003</year></date><date date-type="accepted"><day>10</day><month>7</month><year>2003</year></date></history><permissions><copyright-statement>Copyright © 2003 Campanella et al; licensee BioMed Central Ltd. This is an Open Access article: verbatim copying and redistribution of this article are permitted in all media for any purpose, provided this notice is preserved along with the article's original URL.</copyright-statement><copyright-year>2003</copyright-year><copyright-holder>Campanella et al; licensee BioMed Central Ltd. This is an Open Access article: verbatim copying and redistribution of this article are permitted in all media for any purpose, provided this notice is preserved along with the article's original URL.</copyright-holder></permissions><abstract><sec><title>Background</title><p>The rapid increase in the amount of protein and DNA sequence information available has become almost overwhelming to researchers. So much information is now accessible that high-quality, functional gene analysis and categorization has become a major goal for many laboratories. To aid in this categorization, there is a need for non-commercial software that is able to both align sequences and also calculate pairwise levels of similarity/identity.</p></sec><sec><title>Results</title><p>We have developed MatGAT (Matrix Global Alignment Tool), a simple, easy to use computer application that generates similarity/identity matrices for DNA or protein sequences without needing pre-alignment of the data.</p></sec><sec><title>Conclusions</title><p>The advantages of this program over other software are that it is open-source freeware, can analyze a large number of sequences simultaneously, can visualize both sequence alignment and similarity/identity values concurrently, employs global alignment in calculations, and has been formatted to run under both the Unix and the Microsoft Windows Operating Systems. We are presently completing the Macintosh-based version of the program.</p></sec></abstract><kwd-group><kwd>nucleic acid</kwd><kwd>protein</kwd><kwd>sequence</kwd><kwd>alignment</kwd><kwd>pairwise analysis</kwd><kwd>similarity matrix</kwd></kwd-group></article-meta></front></article>