<article xmlns="https://dtd.nlm.nih.gov/ns/archiving/2.3/" xmlns:xsi="http://www.w3.org/2001/XMLSchema-instance" xmlns:mml="http://www.w3.org/1998/Math/MathML" xmlns:xlink="http://www.w3.org/1999/xlink" xsi:schemaLocation="https://dtd.nlm.nih.gov/ns/archiving/2.3/ https://dtd.nlm.nih.gov/archiving/2.3/xsd/archivearticle.xsd" article-type="research-article"><front><journal-meta><journal-id journal-id-type="nlm-ta">BMC Bioinformatics</journal-id><journal-title>BMC Bioinformatics</journal-title><issn pub-type="epub">1471-2105</issn><publisher><publisher-name>BioMed Central</publisher-name><publisher-loc>London</publisher-loc></publisher></journal-meta><article-meta><article-id pub-id-type="accession">PMC1190158</article-id><article-id pub-id-type="pmcid">PMC1190158</article-id><article-id pub-id-type="pmc-uid">1190158</article-id><article-id pub-id-type="pmid">16076399</article-id><article-id pub-id-type="publisher-id">1471-2105-6-194</article-id><article-id pub-id-type="pmid">16076399</article-id><article-id pub-id-type="doi">10.1186/1471-2105-6-194</article-id><article-categories><subj-group subj-group-type="heading"><subject>Methodology Article</subject></subj-group></article-categories><title-group><article-title>Functional annotation by identification of local surface similarities: a novel tool for structural genomics</article-title></title-group><contrib-group><contrib id="A1" corresp="yes" contrib-type="author"><name><surname>Ferrè</surname><given-names>Fabrizio</given-names></name><xref ref-type="aff" rid="I1">1</xref><xref ref-type="aff" rid="I2">2</xref><email>ferref@bc.edu</email></contrib><contrib id="A2" contrib-type="author"><name><surname>Ausiello</surname><given-names>Gabriele</given-names></name><xref ref-type="aff" rid="I2">2</xref><email>ausiello@cbm.bio.uniroma2.it</email></contrib><contrib id="A3" contrib-type="author"><name><surname>Zanzoni</surname><given-names>Andreas</given-names></name><xref ref-type="aff" rid="I2">2</xref><email>zanzoni@cbm.bio.uniroma2.it</email></contrib><contrib id="A4" contrib-type="author"><name><surname>Helmer-Citterich</surname><given-names>Manuela</given-names></name><xref ref-type="aff" rid="I2">2</xref><email>citterich@uniroma2.it</email></contrib></contrib-group><aff id="I1"><label>1</label>Boston College, Biology Department, Chestnut Hill MA, USA</aff><aff id="I2"><label>2</label>Centre for Molecular Bioinformatics, Department of Biology, University of Rome Tor Vergata, Italy</aff><pub-date pub-type="collection"><year>2005</year></pub-date><pub-date pub-type="epub"><day>2</day><month>8</month><year>2005</year></pub-date><volume>6</volume><fpage>194</fpage><lpage>194</lpage><ext-link ext-link-type="uri" xlink:href="http://www.biomedcentral.com/1471-2105/6/194"/><history><date date-type="received"><day>26</day><month>1</month><year>2005</year></date><date date-type="accepted"><day>2</day><month>8</month><year>2005</year></date></history><permissions><copyright-statement>Copyright © 2005 Ferrè et al; licensee BioMed Central Ltd.</copyright-statement><copyright-year>2005</copyright-year><copyright-holder>Ferrè et al; licensee BioMed Central Ltd.</copyright-holder><license license-type="open-access" xlink:href="http://creativecommons.org/licenses/by/2.0"><p>This is an Open Access article distributed under the terms of the Creative Commons Attribution License (<ext-link ext-link-type="uri" xlink:href="http://creativecommons.org/licenses/by/2.0"/>), which permits unrestricted use, distribution, and reproduction in any medium, provided the original work is properly cited.</p><!--<rdf xmlns="http://web.resource.org/cc/" xmlns:rdf="http://www.w3.org/1999/02/22-rdf-syntax-ns#" xmlns:dc="http://purl.org/dc/elements/1.1" xmlns:dcterms="http://purl.org/dc/terms"><Work xmlns:dc="http://purl.org/dc/elements/1.1/" xmlns:dcterms="http://purl.org/dc/terms/" rdf:about=""><license rdf:resource="http://creativecommons.org/licenses/by/2.0"/><dc:type rdf:resource="http://purl.org/dc/dcmitype/Text"/><dc:author>
               Ferr&#x000e8;
               Fabrizio
               
               
               ferref@bc.edu
            </dc:author><dc:title>
            Functional annotation by identification of local surface similarities: a novel tool for structural genomics
         </dc:title><dc:date>2005</dc:date><dcterms:bibliographicCitation>BMC Bioinformatics 6(1): 194-. (2005)</dcterms:bibliographicCitation><dc:identifier type="sici">1471-2105(2005)6:1&#x0003c;194&#x0003e;</dc:identifier><dcterms:isPartOf>urn:ISSN:1471-2105</dcterms:isPartOf><License rdf:about="http://creativecommons.org/licenses/by/2.0"><permits rdf:resource="http://web.resource.org/cc/Reproduction" xmlns=""/><permits rdf:resource="http://web.resource.org/cc/Distribution" xmlns=""/><requires rdf:resource="http://web.resource.org/cc/Notice" xmlns=""/><requires rdf:resource="http://web.resource.org/cc/Attribution" xmlns=""/><permits rdf:resource="http://web.resource.org/cc/DerivativeWorks" xmlns=""/></License></Work></rdf>--></license></permissions><abstract><sec><title>Background</title><p>Protein function is often dependent on subsets of solvent-exposed residues that may exist in a similar three-dimensional configuration in non homologous proteins thus having different order and/or spacing in the sequence. Hence, functional annotation by means of sequence or fold similarity is not adequate for such cases.</p></sec><sec><title>Results</title><p>We describe a method for the function-related annotation of protein structures by means of the detection of local structural similarity with a library of annotated functional sites. An automatic procedure was used to annotate the function of local surface regions. Next, we employed a sequence-independent algorithm to compare exhaustively these functional patches with a larger collection of protein surface cavities. After tuning and validating the algorithm on a dataset of well annotated structures, we applied it to a list of protein structures that are classified as being of unknown function in the Protein Data Bank. By this strategy, we were able to provide functional clues to proteins that do not show any significant sequence or global structural similarity with proteins in the current databases.</p></sec><sec><title>Conclusion</title><p>This method is able to spot structural similarities associated to function-related similarities, independently on sequence or fold resemblance, therefore is a valuable tool for the functional analysis of uncharacterized proteins. Results are available at <ext-link ext-link-type="uri" xlink:href="http://cbm.bio.uniroma2.it/surface/structuralGenomics.html"/></p></sec></abstract></article-meta></front></article>