<article xmlns="https://dtd.nlm.nih.gov/ns/archiving/2.3/" xmlns:xsi="http://www.w3.org/2001/XMLSchema-instance" xmlns:mml="http://www.w3.org/1998/Math/MathML" xmlns:xlink="http://www.w3.org/1999/xlink" xsi:schemaLocation="https://dtd.nlm.nih.gov/ns/archiving/2.3/ https://dtd.nlm.nih.gov/archiving/2.3/xsd/archivearticle.xsd" article-type="product-review"><front><journal-meta><journal-id journal-id-type="nlm-ta">BMC Bioinformatics</journal-id><journal-title>BMC Bioinformatics</journal-title><issn pub-type="epub">1471-2105</issn><publisher><publisher-name>BioMed Central</publisher-name><publisher-loc>London</publisher-loc></publisher></journal-meta><article-meta><article-id pub-id-type="accession">PMC1131891</article-id><article-id pub-id-type="pmcid">PMC1131891</article-id><article-id pub-id-type="pmc-uid">1131891</article-id><article-id pub-id-type="pmid">15799782</article-id><article-id pub-id-type="publisher-id">1471-2105-6-79</article-id><article-id pub-id-type="pmid">15799782</article-id><article-id pub-id-type="doi">10.1186/1471-2105-6-79</article-id><article-categories><subj-group subj-group-type="heading"><subject>Software</subject></subj-group></article-categories><title-group><article-title>MAPPER: a search engine for the computational identification of putative transcription factor binding sites in multiple genomes</article-title></title-group><contrib-group><contrib id="A1" contrib-type="author"><name><surname>Marinescu</surname><given-names>Voichita D</given-names></name><xref ref-type="aff" rid="I1">1</xref><email>vdmarinescu@chip.org</email></contrib><contrib id="A2" contrib-type="author"><name><surname>Kohane</surname><given-names>Isaac S</given-names></name><xref ref-type="aff" rid="I1">1</xref><email>isaac_kohane@harvard.edu</email></contrib><contrib id="A3" corresp="yes" contrib-type="author"><name><surname>Riva</surname><given-names>Alberto</given-names></name><xref ref-type="aff" rid="I1">1</xref><email>alberto.riva@childrens.harvard.edu</email></contrib></contrib-group><aff id="I1"><label>1</label>Children's Hospital Informatics Program, Children's Hospital Boston, Harvard Medical School,300 Longwood Avenue, Boston, MA 02115, USA</aff><pub-date pub-type="collection"><year>2005</year></pub-date><pub-date pub-type="epub"><day>30</day><month>3</month><year>2005</year></pub-date><volume>6</volume><fpage>79</fpage><lpage>79</lpage><ext-link ext-link-type="uri" xlink:href="http://www.biomedcentral.com/1471-2105/6/79"/><history><date date-type="received"><day>6</day><month>8</month><year>2004</year></date><date date-type="accepted"><day>30</day><month>3</month><year>2005</year></date></history><copyright-statement>Copyright © 2005 Marinescu et al; licensee BioMed Central Ltd.</copyright-statement><license license-type="open-access" xlink:href="http://creativecommons.org/licenses/by/2.0"><p>This is an Open Access article distributed under the terms of the Creative Commons Attribution License (<ext-link ext-link-type="uri" xlink:href="http://creativecommons.org/licenses/by/2.0"/>), which permits unrestricted use, distribution, and reproduction in any medium, provided the original work is properly cited.</p></license><abstract><sec><title>Background</title><p><italic>Cis</italic>-regulatory modules are combinations of regulatory elements occurring in close proximity to each other that control the spatial and temporal expression of genes. The ability to identify them in a genome-wide manner depends on the availability of accurate models and of search methods able to detect putative regulatory elements with enhanced sensitivity and specificity.</p></sec><sec><title>Results</title><p>We describe the implementation of a search method for putative transcription factor binding sites (TFBSs) based on hidden Markov models built from alignments of known sites. We built 1,079 models of TFBSs using experimentally determined sequence alignments of sites provided by the TRANSFAC and JASPAR databases and used them to scan sequences of the human, mouse, fly, worm and yeast genomes. In several cases tested the method identified correctly experimentally characterized sites, with better specificity and sensitivity than other similar computational methods. Moreover, a large-scale comparison using synthetic data showed that in the majority of cases our method performed significantly better than a nucleotide weight matrix-based method.</p></sec><sec><title>Conclusion</title><p>The search engine, available at <ext-link ext-link-type="uri" xlink:href="http://mapper.chip.org"/>, allows the identification, visualization and selection of putative TFBSs occurring in the promoter or other regions of a gene from the human, mouse, fly, worm and yeast genomes. In addition it allows the user to upload a sequence to query and to build a model by supplying a multiple sequence alignment of binding sites for a transcription factor of interest. Due to its extensive database of models, powerful search engine and flexible interface, MAPPER represents an effective resource for the large-scale computational analysis of transcriptional regulation.</p></sec></abstract></article-meta></front></article>