<article xmlns="https://dtd.nlm.nih.gov/ns/archiving/2.3/" xmlns:xsi="http://www.w3.org/2001/XMLSchema-instance" xmlns:mml="http://www.w3.org/1998/Math/MathML" xmlns:xlink="http://www.w3.org/1999/xlink" xsi:schemaLocation="https://dtd.nlm.nih.gov/ns/archiving/2.3/ https://dtd.nlm.nih.gov/archiving/2.3/xsd/archivearticle.xsd" article-type="research-article"><front><journal-meta><journal-id journal-id-type="nlm-ta">BMC Bioinformatics</journal-id><journal-title>BMC Bioinformatics</journal-title><issn pub-type="epub">1471-2105</issn><publisher><publisher-name>BioMed Central</publisher-name><publisher-loc>London</publisher-loc></publisher></journal-meta><article-meta><article-id pub-id-type="accession">PMC161812</article-id><article-id pub-id-type="pmcid">PMC161812</article-id><article-id pub-id-type="pmc-uid">161812</article-id><article-id pub-id-type="pmid">12769821</article-id><article-id pub-id-type="publisher-id">1471-2105-4-19</article-id><article-id pub-id-type="pmid">12769821</article-id><article-id pub-id-type="doi">10.1186/1471-2105-4-19</article-id><article-categories><subj-group subj-group-type="heading"><subject>Research Article</subject></subj-group></article-categories><title-group><article-title>Identification of signature and primers specific to genus <italic>Pseudomonas </italic>using mismatched patterns of 16S rDNA sequences</article-title></title-group><contrib-group><contrib id="A1" corresp="yes" contrib-type="author"><name><surname>Purohit</surname><given-names>HJ</given-names></name><xref ref-type="aff" rid="I1">1</xref><email>hemantdrd@hotmail.com</email></contrib><contrib id="A2" contrib-type="author"><name><surname>Raje</surname><given-names>DV</given-names></name><xref ref-type="aff" rid="I1">1</xref><email>dv_raje@hotmail.com</email></contrib><contrib id="A3" contrib-type="author"><name><surname>Kapley</surname><given-names>A</given-names></name><xref ref-type="aff" rid="I1">1</xref><email>atyadrd@hotmail.com</email></contrib></contrib-group><aff id="I1"><label>1</label>Environmental Modeling and Genomics Division, National Environmental Engineering Research Institute, Nehru Marg, Nagpur – 440020 (MS) India</aff><pub-date pub-type="collection"><year>2003</year></pub-date><pub-date pub-type="epub"><day>22</day><month>5</month><year>2003</year></pub-date><volume>4</volume><fpage>19</fpage><lpage>19</lpage><ext-link ext-link-type="uri" xlink:href="http://www.biomedcentral.com/1471-2105/4/19"/><history><date date-type="received"><day>5</day><month>11</month><year>2002</year></date><date date-type="accepted"><day>22</day><month>5</month><year>2003</year></date></history><permissions><copyright-statement>Copyright © 2003 Purohit et al; licensee BioMed Central Ltd. This is an Open Access article: verbatim copying and redistribution of this article are permitted in all media for any purpose, provided this notice is preserved along with the article's original URL.</copyright-statement><copyright-year>2003</copyright-year><copyright-holder>Purohit et al; licensee BioMed Central Ltd. This is an Open Access article: verbatim copying and redistribution of this article are permitted in all media for any purpose, provided this notice is preserved along with the article's original URL.</copyright-holder></permissions><abstract><sec><title>Background</title><p><italic>Pseudomonas</italic>, a soil bacterium, has been observed as a dominant genus that survives in different habitats with wide hostile conditions. We had a basic assumption that the species level variation in 16S rDNA sequences of a bacterial genus is mainly due to substitutions rather than insertion or deletion of bases. Keeping this in view, the aim was to identify a region of 16S rDNA sequence and within that focus on substitution prone stretches indicating species level variation and to derive patterns from these stretches that are specific to the genus.</p></sec><sec><title>Results</title><p>Repeating elements that are highly conserved across different species of <italic>Pseudomonas </italic>were considered as guiding markers to locate a region within the 16S gene. Four repeating patterns showing more than 80% consistency across fifty different species of <italic>Pseudomonas </italic>were identified. The sub-sequences between the repeating patterns yielded a continuous region of 495 bases. The sub-sequences after alignment and using Shanon's entropy measure yielded a consensus pattern. A stretch of 24 base positions in this region, showing maximum variations across the sampled sequences was focused for possible genus specific patterns. Nine patterns in this stretch showed nearly 70% specificity to the target genus. These patterns were further used to obtain a signature that is highly specific to <italic>Pseudomonas</italic>. The signature region was used to design PCR primers, which yielded a PCR product of 150 bp whose specificity was validated through a sample experiment.</p></sec><sec><title>Conclusions</title><p>The developed approach was successfully applied to genus <italic>Pseudomonas</italic>. It could be tried in other bacterial genera to obtain respective signature patterns and thereby PCR primers, for their rapid tracking in the environmental samples.</p></sec></abstract></article-meta></front></article>