<article xmlns="https://dtd.nlm.nih.gov/ns/archiving/2.3/" xmlns:xsi="http://www.w3.org/2001/XMLSchema-instance" xmlns:mml="http://www.w3.org/1998/Math/MathML" xmlns:xlink="http://www.w3.org/1999/xlink" xsi:schemaLocation="https://dtd.nlm.nih.gov/ns/archiving/2.3/ https://dtd.nlm.nih.gov/archiving/2.3/xsd/archivearticle.xsd" article-type="research-article"><front><journal-meta><journal-id journal-id-type="nlm-ta">BMC Bioinformatics</journal-id><journal-title>BMC Bioinformatics</journal-title><issn pub-type="epub">1471-2105</issn><publisher><publisher-name>BioMed Central</publisher-name><publisher-loc>London</publisher-loc></publisher></journal-meta><article-meta><article-id pub-id-type="accession">PMC1087827</article-id><article-id pub-id-type="pmcid">PMC1087827</article-id><article-id pub-id-type="pmc-uid">1087827</article-id><article-id pub-id-type="pmid">15840174</article-id><article-id pub-id-type="publisher-id">1471-2105-6-102</article-id><article-id pub-id-type="pmid">15840174</article-id><article-id pub-id-type="doi">10.1186/1471-2105-6-102</article-id><article-categories><subj-group subj-group-type="heading"><subject>Research Article</subject></subj-group></article-categories><title-group><article-title>Evolutionary distance estimation and fidelity of pair wise sequence alignment</article-title></title-group><contrib-group><contrib id="A1" corresp="yes" contrib-type="author"><name><surname>Rosenberg</surname><given-names>Michael S</given-names></name><xref ref-type="aff" rid="I1">1</xref><email>msr@asu.edu</email></contrib></contrib-group><aff id="I1"><label>1</label>Center for Evolutionary Functional Genomics, The Biodesign Institute, and the School of Life Sciences, Arizona State University, Tempe, AZ 84287-4501, USA</aff><pub-date pub-type="collection"><year>2005</year></pub-date><pub-date pub-type="epub"><day>19</day><month>4</month><year>2005</year></pub-date><volume>6</volume><fpage>102</fpage><lpage>102</lpage><ext-link ext-link-type="uri" xlink:href="http://www.biomedcentral.com/1471-2105/6/102"/><history><date date-type="received"><day>16</day><month>12</month><year>2004</year></date><date date-type="accepted"><day>19</day><month>4</month><year>2005</year></date></history><copyright-statement>Copyright © 2005 Rosenberg; licensee BioMed Central Ltd.</copyright-statement><license license-type="open-access" xlink:href="http://creativecommons.org/licenses/by/2.0"><p>This is an Open Access article distributed under the terms of the Creative Commons Attribution License (<ext-link ext-link-type="uri" xlink:href="http://creativecommons.org/licenses/by/2.0"/>), which permits unrestricted use, distribution, and reproduction in any medium, provided the original work is properly cited.</p></license><abstract><sec><title>Background</title><p>Evolutionary distances are a critical measure in comparative genomics and molecular evolutionary biology. A simulation study was used to examine the effect of alignment accuracy of DNA sequences on evolutionary distance estimation.</p></sec><sec><title>Results</title><p>Under the studied conditions, distance estimation was relatively unaffected by alignment error (50% or more of the sites incorrectly aligned) as long as 50% or more of the sites were identical among the sequences (observed <italic>P</italic>-distance &lt; 0.5). Beyond this threshold, the alignment procedure artificially inflates the apparent sequence identity, skewing distance estimates, and creating alignments that are essentially indistinguishable from random data. This general result was independent of substitution model, sequence length, and insertion and deletion size and rate.</p></sec><sec><title>Conclusion</title><p>Examination of the estimated sequence identity may yield some guidance as to the accuracy of the alignment. Inaccurate alignments are expected to have large effects on analyses dependent on site specificity, but analyses that depend on evolutionary distance may be somewhat robust to alignment error as long as fewer than half of the sites have diverged.</p></sec></abstract></article-meta></front></article>