<article xmlns="https://dtd.nlm.nih.gov/ns/archiving/2.3/" xmlns:xsi="http://www.w3.org/2001/XMLSchema-instance" xmlns:mml="http://www.w3.org/1998/Math/MathML" xmlns:xlink="http://www.w3.org/1999/xlink" xsi:schemaLocation="https://dtd.nlm.nih.gov/ns/archiving/2.3/ https://dtd.nlm.nih.gov/archiving/2.3/xsd/archivearticle.xsd" article-type="product-review"><front><journal-meta><journal-id journal-id-type="nlm-ta">BMC Bioinformatics</journal-id><journal-title>BMC Bioinformatics</journal-title><issn pub-type="epub">1471-2105</issn><publisher><publisher-name>BioMed Central</publisher-name><publisher-loc>London</publisher-loc></publisher></journal-meta><article-meta><article-id pub-id-type="accession">PMC1087473</article-id><article-id pub-id-type="pmcid">PMC1087473</article-id><article-id pub-id-type="pmc-uid">1087473</article-id><article-id pub-id-type="pmid">15790390</article-id><article-id pub-id-type="publisher-id">1471-2105-6-74</article-id><article-id pub-id-type="pmid">15790390</article-id><article-id pub-id-type="doi">10.1186/1471-2105-6-74</article-id><article-categories><subj-group subj-group-type="heading"><subject>Software</subject></subj-group></article-categories><title-group><article-title>Providing visualisation support for the analysis of anatomy ontology data</article-title></title-group><contrib-group><contrib id="A1" corresp="yes" contrib-type="author"><name><surname>Dadzie</surname><given-names>Aba-Sah</given-names></name><xref ref-type="aff" rid="I1">1</xref><email>ceead@macs.hw.ac.uk</email></contrib><contrib id="A2" contrib-type="author"><name><surname>Burger</surname><given-names>Albert</given-names></name><xref ref-type="aff" rid="I1">1</xref><xref ref-type="aff" rid="I2">2</xref><email>ab@macs.hw.ac.uk</email></contrib></contrib-group><aff id="I1"><label>1</label>School of Mathematical and Computer Sciences, Heriot-Watt University, Edinburgh EH14 4AS, Scotland</aff><aff id="I2"><label>2</label>Medical Research Council, Human Genetics Unit, Western General Hospital, Edinburgh EH4 2XU, Scotland</aff><pub-date pub-type="collection"><year>2005</year></pub-date><pub-date pub-type="epub"><day>24</day><month>3</month><year>2005</year></pub-date><volume>6</volume><fpage>74</fpage><lpage>74</lpage><ext-link ext-link-type="uri" xlink:href="http://www.biomedcentral.com/1471-2105/6/74"/><history><date date-type="received"><day>18</day><month>8</month><year>2004</year></date><date date-type="accepted"><day>24</day><month>3</month><year>2005</year></date></history><copyright-statement>Copyright © 2005 Dadzie and Burger; licensee BioMed Central Ltd.</copyright-statement><license license-type="open-access" xlink:href="http://creativecommons.org/licenses/by/2.0"><p>This is an Open Access article distributed under the terms of the Creative Commons Attribution License (<ext-link ext-link-type="uri" xlink:href="http://creativecommons.org/licenses/by/2.0"/>), which permits unrestricted use, distribution, and reproduction in any medium, provided the original work is properly cited.</p></license><abstract><sec><title>Background</title><p>Improvements in technology have been accompanied by the generation of large amounts of complex data. This same technology must be harnessed effectively if the knowledge stored within the data is to be retrieved. Storing data in ontologies aids its management; ontologies serve as controlled vocabularies that promote data exchange and re-use, improving analysis.</p><p>The Edinburgh Mouse Atlas Project stores the developmental stages of the mouse embryo in anatomy ontologies. This project is looking at the use of visual data overviews for intuitive analysis of the ontology data.</p></sec><sec><title>Results</title><p>A prototype has been developed that visualises the ontologies using directed acyclic graphs in two dimensions, with the ability to study detail in regions of interest in isolation or within the context of the overview. This is followed by the development of a technique that layers individual anatomy ontologies in three-dimensional space, so that relationships across multiple data sets may be mapped using physical links drawn along the third axis.</p></sec><sec><title>Conclusion</title><p>Usability evaluations of the applications confirmed advantages in visual analysis of complex data. This project will look next at data input from multiple sources, and continue to develop the techniques presented to provide intuitive identification of relationships that span multiple ontologies.</p></sec></abstract></article-meta></front></article>