<article xmlns="https://jats.nlm.nih.gov/ns/archiving/1.2/" xmlns:xsi="http://www.w3.org/2001/XMLSchema-instance" xmlns:mml="http://www.w3.org/1998/Math/MathML" xmlns:xlink="http://www.w3.org/1999/xlink" xsi:schemaLocation="https://jats.nlm.nih.gov/ns/archiving/1.2/ https://jats.nlm.nih.gov/archiving/1.2/xsd/JATS-archivearticle1.xsd" article-type="research-article"><front><journal-meta><journal-id journal-id-type="nlm-ta">BMC Bioinformatics</journal-id><journal-title-group><journal-title>BMC Bioinformatics</journal-title></journal-title-group><issn pub-type="epub">1471-2105</issn><publisher><publisher-name>BioMed Central</publisher-name></publisher></journal-meta><article-meta><article-id pub-id-type="accession">PMC116673</article-id><article-id pub-id-type="pmcid">PMC116673</article-id><article-id pub-id-type="pmc-uid">116673</article-id><article-id pub-id-type="pmid">12067419</article-id><article-id pub-id-type="publisher-id">1471-2105-3-16</article-id><article-id pub-id-type="pmid">12067419</article-id><article-id pub-id-type="doi">10.1186/1471-2105-3-16</article-id><article-categories><subj-group subj-group-type="heading"><subject>Research article</subject></subj-group></article-categories><title-group><article-title>Identifying functional relationships among human genes by systematic analysis of biological literature</article-title></title-group><contrib-group><contrib contrib-type="author" corresp="yes" id="A1"><name><surname>Tao</surname><given-names>Yong-Chuan</given-names></name><xref ref-type="aff" rid="I1">1</xref><email>yong-chuan.tao@pharma.novartis.com</email></contrib><contrib contrib-type="author" id="A2"><name><surname>Leibel</surname><given-names>Rudolph L</given-names></name><xref ref-type="aff" rid="I2">2</xref><email>rl232@columbia.edu</email></contrib></contrib-group><aff id="I1"><label>1</label>Life Science Informatics Unit, Functional Genomics Area, Novartis Pharmaceuticals, Summit, NJ 07901, USA</aff><aff id="I2"><label>2</label>Division of Molecular Genetics, Department of Pediatrics, Columbia University, New York, NY 10032, USA</aff><pub-date pub-type="collection"><year>2002</year></pub-date><pub-date pub-type="epub"><day>7</day><month>6</month><year>2002</year></pub-date><volume>3</volume><fpage>16</fpage><lpage>16</lpage><history><date date-type="received"><day>5</day><month>4</month><year>2002</year></date><date date-type="accepted"><day>7</day><month>6</month><year>2002</year></date></history><permissions><copyright-statement>Copyright ©2002 Tao and Leibel; licensee BioMed Central Ltd. This is an Open Access article: verbatim copying and redistribution of this article are permitted in all media for any purpose, provided this notice is preserved along with the article's original URL.</copyright-statement><copyright-year>2002</copyright-year><copyright-holder>Tao and Leibel; licensee BioMed Central Ltd. This is an Open Access article: verbatim copying and redistribution of this article are permitted in all media for any purpose, provided this notice is preserved along with the article's original URL.</copyright-holder></permissions><self-uri xlink:href="http://www.biomedcentral.com/1471-2105/3/16"/><abstract><sec><title>Background</title><p>The availability of biomedical literature in electronic format has made it possible to implement automatic text processing methods to expose implicit relationships among different documents, and more importantly, the functional relationships among the molecules and processes that these documents describe.</p></sec><sec><title>Results</title><p>A computational strategy that identifies functionally related human genes by detecting the implicit relationships among the publications cited under each gene in the Online Mendelian Inheritance in Man (OMIM) was implemented. The implementation was based on a substantially modified version of the kernel document method. The improvements include assigning a calculated weight for a document to indicate its importance in establishing the relationship between two documents, and using multiple kernel documents to reflect the multiple functions of the same gene. An example of using this strategy to identify genes related to the apoptosis pathway in human was given.</p></sec><sec><title>Conclusions</title><p>The results showed that this method can indeed produce meaningful results when applied to human genes.</p></sec></abstract></article-meta></front></article>