<article xmlns="https://dtd.nlm.nih.gov/ns/archiving/2.3/" xmlns:xsi="http://www.w3.org/2001/XMLSchema-instance" xmlns:mml="http://www.w3.org/1998/Math/MathML" xmlns:xlink="http://www.w3.org/1999/xlink" xsi:schemaLocation="https://dtd.nlm.nih.gov/ns/archiving/2.3/ https://dtd.nlm.nih.gov/archiving/2.3/xsd/archivearticle.xsd" article-type="product-review"><front><journal-meta><journal-id journal-id-type="nlm-ta">BMC Bioinformatics</journal-id><journal-title>BMC Bioinformatics</journal-title><issn pub-type="epub">1471-2105</issn><publisher><publisher-name>BioMed Central</publisher-name><publisher-loc>London</publisher-loc></publisher></journal-meta><article-meta><article-id pub-id-type="accession">PMC1186019</article-id><article-id pub-id-type="pmcid">PMC1186019</article-id><article-id pub-id-type="pmc-uid">1186019</article-id><article-id pub-id-type="pmid">16022740</article-id><article-id pub-id-type="publisher-id">1471-2105-6-178</article-id><article-id pub-id-type="pmid">16022740</article-id><article-id pub-id-type="doi">10.1186/1471-2105-6-178</article-id><article-categories><subj-group subj-group-type="heading"><subject>Software</subject></subj-group></article-categories><title-group><article-title>Approaching the taxonomic affiliation of unidentified sequences in public databases – an example from the mycorrhizal fungi</article-title></title-group><contrib-group><contrib id="A1" corresp="yes" contrib-type="author"><name><surname>Nilsson</surname><given-names>R Henrik</given-names></name><xref ref-type="aff" rid="I1">1</xref><email>henrik.nilsson@botany.gu.se</email></contrib><contrib id="A2" contrib-type="author"><name><surname>Kristiansson</surname><given-names>Erik</given-names></name><xref ref-type="aff" rid="I2">2</xref><email>erikkr@math.chalmers.se</email></contrib><contrib id="A3" contrib-type="author"><name><surname>Ryberg</surname><given-names>Martin</given-names></name><xref ref-type="aff" rid="I1">1</xref><email>martin.ryberg@botany.gu.se</email></contrib><contrib id="A4" contrib-type="author"><name><surname>Larsson</surname><given-names>Karl-Henrik</given-names></name><xref ref-type="aff" rid="I1">1</xref><email>karl-henrik.larsson@botany.gu.se</email></contrib></contrib-group><aff id="I1"><label>1</label>Göteborg University, Botanical Institute, Box 461, 405 30 Göteborg, Sweden</aff><aff id="I2"><label>2</label>Chalmers University of Technology, Mathematical Sciences, 412 96 Göteborg, Sweden</aff><pub-date pub-type="collection"><year>2005</year></pub-date><pub-date pub-type="epub"><day>18</day><month>7</month><year>2005</year></pub-date><volume>6</volume><fpage>178</fpage><lpage>178</lpage><ext-link ext-link-type="uri" xlink:href="http://www.biomedcentral.com/1471-2105/6/178"/><history><date date-type="received"><day>24</day><month>3</month><year>2005</year></date><date date-type="accepted"><day>18</day><month>7</month><year>2005</year></date></history><permissions><copyright-statement>Copyright © 2005 Nilsson et al; licensee BioMed Central Ltd.</copyright-statement><copyright-year>2005</copyright-year><copyright-holder>Nilsson et al; licensee BioMed Central Ltd.</copyright-holder><license license-type="open-access" xlink:href="http://creativecommons.org/licenses/by/2.0"><p>This is an Open Access article distributed under the terms of the Creative Commons Attribution License (<ext-link ext-link-type="uri" xlink:href="http://creativecommons.org/licenses/by/2.0"/>), which permits unrestricted use, distribution, and reproduction in any medium, provided the original work is properly cited.</p><!--<rdf xmlns="http://web.resource.org/cc/" xmlns:rdf="http://www.w3.org/1999/02/22-rdf-syntax-ns#" xmlns:dc="http://purl.org/dc/elements/1.1" xmlns:dcterms="http://purl.org/dc/terms"><Work xmlns:dc="http://purl.org/dc/elements/1.1/" xmlns:dcterms="http://purl.org/dc/terms/" rdf:about=""><license rdf:resource="http://creativecommons.org/licenses/by/2.0"/><dc:type rdf:resource="http://purl.org/dc/dcmitype/Text"/><dc:author>
               Nilsson
               R Henrik
               
               henrik.nilsson@botany.gu.se
            </dc:author><dc:title>
            Approaching the taxonomic affiliation of unidentified sequences in public databases &#x02013; an example from the mycorrhizal fungi
         </dc:title><dc:date>2005</dc:date><dcterms:bibliographicCitation>BMC Bioinformatics 6(1): 178-. (2005)</dcterms:bibliographicCitation><dc:identifier type="sici">1471-2105(2005)6:1&#x0003c;178&#x0003e;</dc:identifier><dcterms:isPartOf>urn:ISSN:1471-2105</dcterms:isPartOf><License rdf:about="http://creativecommons.org/licenses/by/2.0"><permits rdf:resource="http://web.resource.org/cc/Reproduction" xmlns=""/><permits rdf:resource="http://web.resource.org/cc/Distribution" xmlns=""/><requires rdf:resource="http://web.resource.org/cc/Notice" xmlns=""/><requires rdf:resource="http://web.resource.org/cc/Attribution" xmlns=""/><permits rdf:resource="http://web.resource.org/cc/DerivativeWorks" xmlns=""/></License></Work></rdf>--></license></permissions><abstract><sec><title>Background</title><p>During the last few years, DNA sequence analysis has become one of the primary means of taxonomic identification of species, particularly so for species that are minute or otherwise lack distinct, readily obtainable morphological characters. Although the number of sequences available for comparison in public databases such as GenBank increases exponentially, only a minuscule fraction of all organisms have been sequenced, leaving taxon sampling a momentous problem for sequence-based taxonomic identification. When querying GenBank with a set of unidentified sequences, a considerable proportion typically lack fully identified matches, forming an ever-mounting pile of sequences that the researcher will have to monitor manually in the hope that new, clarifying sequences have been submitted by other researchers. To alleviate these concerns, a project to automatically monitor select unidentified sequences in GenBank for taxonomic progress through repeated local BLAST searches was initiated. Mycorrhizal fungi – a field where species identification often is prohibitively complex – and the much used <italic>ITS </italic>locus were chosen as test bed.</p></sec><sec><title>Results</title><p>A Perl script package called <italic>emerencia </italic>is presented. On a regular basis, it downloads select sequences from GenBank, separates the identified sequences from those insufficiently identified, and performs BLAST searches between these two datasets, storing all results in an SQL database. On the accompanying web-service <ext-link ext-link-type="uri" xlink:href="http://emerencia.math.chalmers.se"/>, users can monitor the taxonomic progress of insufficiently identified sequences over time, either through active searches or by signing up for e-mail notification upon disclosure of better matches. Other search categories, such as listing all insufficiently identified sequences (and their present best fully identified matches) publication-wise, are also available.</p></sec><sec><title>Discussion</title><p>The ever-increasing use of DNA sequences for identification purposes largely falls back on the assumption that public sequence databases contain a thorough sampling of taxonomically well-annotated sequences. Taxonomy, held by some to be an old-fashioned trade, has accordingly never been more important. <italic>emerencia </italic>does not automate the taxonomic process, but it does allow researchers to focus their efforts elsewhere than countless manual BLAST runs and arduous sieving of BLAST hit lists. The <italic>emerencia </italic>system is available on an open source basis for local installation with any organism and gene group as targets.</p></sec></abstract></article-meta></front></article>