<article xmlns="https://dtd.nlm.nih.gov/ns/archiving/2.3/" xmlns:xsi="http://www.w3.org/2001/XMLSchema-instance" xmlns:mml="http://www.w3.org/1998/Math/MathML" xmlns:xlink="http://www.w3.org/1999/xlink" xsi:schemaLocation="https://dtd.nlm.nih.gov/ns/archiving/2.3/ https://dtd.nlm.nih.gov/archiving/2.3/xsd/archivearticle.xsd" article-type="research-article"><front><journal-meta><journal-id journal-id-type="nlm-ta">BMC Bioinformatics</journal-id><journal-title>BMC Bioinformatics</journal-title><issn pub-type="epub">1471-2105</issn><publisher><publisher-name>BioMed Central</publisher-name><publisher-loc>London</publisher-loc></publisher></journal-meta><article-meta><article-id pub-id-type="accession">PMC1181625</article-id><article-id pub-id-type="pmcid">PMC1181625</article-id><article-id pub-id-type="pmc-uid">1181625</article-id><article-id pub-id-type="pmid">15958165</article-id><article-id pub-id-type="publisher-id">1471-2105-6-148</article-id><article-id pub-id-type="pmid">15958165</article-id><article-id pub-id-type="doi">10.1186/1471-2105-6-148</article-id><article-categories><subj-group subj-group-type="heading"><subject>Research Article</subject></subj-group></article-categories><title-group><article-title>Feature selection and classification for microarray data analysis: Evolutionary methods for identifying predictive genes</article-title></title-group><contrib-group><contrib id="A1" corresp="yes" contrib-type="author"><name><surname>Jirapech-Umpai</surname><given-names>Thanyaluk</given-names></name><xref ref-type="aff" rid="I1">1</xref><email>thanya@eng.cmu.ac.th</email></contrib><contrib id="A2" contrib-type="author"><name><surname>Aitken</surname><given-names>Stuart</given-names></name><xref ref-type="aff" rid="I1">1</xref><email>stuart@aiai.ed.ac.uk</email></contrib></contrib-group><aff id="I1"><label>1</label>School of Informatics, The University of Edinburgh, Edinburgh EH8 9LE, United Kingdom</aff><pub-date pub-type="collection"><year>2005</year></pub-date><pub-date pub-type="epub"><day>15</day><month>6</month><year>2005</year></pub-date><volume>6</volume><fpage>148</fpage><lpage>148</lpage><ext-link ext-link-type="uri" xlink:href="http://www.biomedcentral.com/1471-2105/6/148"/><history><date date-type="received"><day>3</day><month>12</month><year>2004</year></date><date date-type="accepted"><day>15</day><month>6</month><year>2005</year></date></history><permissions><copyright-statement>Copyright © 2005 Jirapech-Umpai and Aitken; licensee BioMed Central Ltd.</copyright-statement><copyright-year>2005</copyright-year><copyright-holder>Jirapech-Umpai and Aitken; licensee BioMed Central Ltd.</copyright-holder><license license-type="open-access" xlink:href="http://creativecommons.org/licenses/by/2.0"><p>This is an Open Access article distributed under the terms of the Creative Commons Attribution License (<ext-link ext-link-type="uri" xlink:href="http://creativecommons.org/licenses/by/2.0"/>), which permits unrestricted use, distribution, and reproduction in any medium, provided the original work is properly cited.</p><!--<rdf xmlns="http://web.resource.org/cc/" xmlns:rdf="http://www.w3.org/1999/02/22-rdf-syntax-ns#" xmlns:dc="http://purl.org/dc/elements/1.1" xmlns:dcterms="http://purl.org/dc/terms"><Work xmlns:dc="http://purl.org/dc/elements/1.1/" xmlns:dcterms="http://purl.org/dc/terms/" rdf:about=""><license rdf:resource="http://creativecommons.org/licenses/by/2.0"/><dc:type rdf:resource="http://purl.org/dc/dcmitype/Text"/><dc:author>
               Jirapech-Umpai
               Thanyaluk
               
               thanya@eng.cmu.ac.th
            </dc:author><dc:title>
            Feature selection and classification for microarray data analysis: Evolutionary methods for identifying predictive genes
         </dc:title><dc:date>2005</dc:date><dcterms:bibliographicCitation>BMC Bioinformatics 6(1): 148-. (2005)</dcterms:bibliographicCitation><dc:identifier type="sici">1471-2105(2005)6:1&#x0003c;148&#x0003e;</dc:identifier><dcterms:isPartOf>urn:ISSN:1471-2105</dcterms:isPartOf><License rdf:about="http://creativecommons.org/licenses/by/2.0"><permits rdf:resource="http://web.resource.org/cc/Reproduction" xmlns=""/><permits rdf:resource="http://web.resource.org/cc/Distribution" xmlns=""/><requires rdf:resource="http://web.resource.org/cc/Notice" xmlns=""/><requires rdf:resource="http://web.resource.org/cc/Attribution" xmlns=""/><permits rdf:resource="http://web.resource.org/cc/DerivativeWorks" xmlns=""/></License></Work></rdf>--></license></permissions><abstract><sec><title>Background</title><p>In the clinical context, samples assayed by microarray are often classified by cell line or tumour type and it is of interest to discover a set of genes that can be used as class predictors. The leukemia dataset of Golub <italic>et al. </italic>[<xref ref-type="bibr" rid="B1">1</xref>] and the NCI60 dataset of Ross <italic>et al. </italic>[<xref ref-type="bibr" rid="B2">2</xref>] present multiclass classification problems where three tumour types and nine cell lines respectively must be identified. We apply an evolutionary algorithm to identify the near-optimal set of predictive genes that classify the data. We also examine the initial gene selection step whereby the most informative genes are selected from the genes assayed.</p></sec><sec><title>Results</title><p>In the absence of feature selection, classification accuracy on the training data is typically good, but not replicated on the testing data. Gene selection using the RankGene software [<xref ref-type="bibr" rid="B3">3</xref>] is shown to significantly improve performance on the testing data. Further, we show that the choice of feature selection criteria can have a significant effect on accuracy. The evolutionary algorithm is shown to perform stably across the space of possible parameter settings – indicating the robustness of the approach. We assess performance using a low variance estimation technique, and present an analysis of the genes most often selected as predictors.</p></sec><sec><title>Conclusion</title><p>The computational methods we have developed perform robustly and accurately, and yield results in accord with clinical knowledge: A Z-score analysis of the genes most frequently selected identifies genes known to discriminate AML and Pre-T ALL leukemia. This study also confirms that significantly different sets of genes are found to be most discriminatory as the sample classes are refined.</p></sec></abstract></article-meta></front></article>