<article xmlns="https://jats.nlm.nih.gov/ns/archiving/1.2/" xmlns:xsi="http://www.w3.org/2001/XMLSchema-instance" xmlns:mml="http://www.w3.org/1998/Math/MathML" xmlns:xlink="http://www.w3.org/1999/xlink" xsi:schemaLocation="https://jats.nlm.nih.gov/ns/archiving/1.2/ https://jats.nlm.nih.gov/archiving/1.2/xsd/JATS-archivearticle1.xsd" article-type="research-article"><front><journal-meta><journal-id journal-id-type="nlm-ta">BMC Bioinformatics</journal-id><journal-title-group><journal-title>BMC Bioinformatics</journal-title></journal-title-group><issn pub-type="epub">1471-2105</issn><publisher><publisher-name>BioMed Central</publisher-name></publisher></journal-meta><article-meta><article-id pub-id-type="accession">PMC137597</article-id><article-id pub-id-type="pmcid">PMC137597</article-id><article-id pub-id-type="pmc-uid">137597</article-id><article-id pub-id-type="pmid">12456269</article-id><article-id pub-id-type="publisher-id">1471-2105-3-33</article-id><article-id pub-id-type="pmid">12456269</article-id><article-id pub-id-type="doi">10.1186/1471-2105-3-33</article-id><article-categories><subj-group subj-group-type="heading"><subject>Research article</subject></subj-group></article-categories><title-group><article-title>Development and production of an oligonucleotide MuscleChip: use for validation of ambiguous ESTs</article-title></title-group><contrib-group><contrib contrib-type="author" id="A1"><name><surname>Borup</surname><given-names>Rehannah HA</given-names></name><xref ref-type="aff" rid="I1">1</xref><email>rborup@cnmcresearch.org</email></contrib><contrib contrib-type="author" id="A2"><name><surname>Toppo</surname><given-names>Stefano</given-names></name><xref ref-type="aff" rid="I2">2</xref><email>stefano@cribi.unipd.it</email></contrib><contrib contrib-type="author" id="A3"><name><surname>Chen</surname><given-names>Yi-Wen</given-names></name><xref ref-type="aff" rid="I1">1</xref><email>ychen@cnmcresearch.org</email></contrib><contrib contrib-type="author" id="A4"><name><surname>Teslovich</surname><given-names>Tanya M</given-names></name><xref ref-type="aff" rid="I1">1</xref><email>tteslovich@cnmcresearch.org</email></contrib><contrib contrib-type="author" id="A5"><name><surname>Lanfranchi</surname><given-names>Gerolamo</given-names></name><xref ref-type="aff" rid="I2">2</xref><email>lanfra@cribi.unipd.it</email></contrib><contrib contrib-type="author" id="A6"><name><surname>Valle</surname><given-names>Giorgio</given-names></name><xref ref-type="aff" rid="I2">2</xref><email>giorgio.valle@unipd.it</email></contrib><contrib contrib-type="author" corresp="yes" id="A7"><name><surname>Hoffman</surname><given-names>Eric P</given-names></name><xref ref-type="aff" rid="I1">1</xref><email>ehoffman@cnmcresearch.org</email></contrib></contrib-group><aff id="I1"><label>1</label>Research Center for Genetic Medicine, Children's National Medical Center, 111 Michigan Avenue N.W, Washington, DC 20010, USA</aff><aff id="I2"><label>2</label>CRIBI Institute, University of Padova, Padova, Italy</aff><pub-date pub-type="collection"><year>2002</year></pub-date><pub-date pub-type="epub"><day>29</day><month>10</month><year>2002</year></pub-date><volume>3</volume><fpage>33</fpage><lpage>33</lpage><history><date date-type="received"><day>16</day><month>7</month><year>2002</year></date><date date-type="accepted"><day>29</day><month>10</month><year>2002</year></date></history><permissions><copyright-statement>Copyright ©2002 Borup et al; licensee BioMed Central Ltd. This is an Open Access article: verbatim copying and redistribution of this article are permitted in all media for any purpose, provided this notice is preserved along with the article's original URL.</copyright-statement><copyright-year>2002</copyright-year><copyright-holder>Borup et al; licensee BioMed Central Ltd. This is an Open Access article: verbatim copying and redistribution of this article are permitted in all media for any purpose, provided this notice is preserved along with the article's original URL.</copyright-holder></permissions><self-uri xlink:href="http://www.biomedcentral.com/1471-2105/3/33"/><abstract><sec><title>Background</title><p>We describe the development, validation, and use of a highly redundant 120,000 oligonucleotide microarray (MuscleChip) containing 4,601 probe sets representing 1,150 known genes expressed in muscle and 2,075 EST clusters from a non-normalized subtracted muscle EST sequencing project (28,074 EST sequences). This set included 369 novel EST clusters showing no match to previously characterized proteins in any database. Each probe set was designed to contain 20–32 25 mer oligonucleotides (10–16 paired perfect match and mismatch probe pairs per gene), with each probe evaluated for hybridization kinetics (Tm) and similarity to other sequences. The 120,000 oligonucleotides were synthesized by photolithography and light-activated chemistry on each microarray.</p></sec><sec><title>Results</title><p>Hybridization of human muscle cRNAs to this MuscleChip (33 samples) showed a correlation of 0.6 between the number of ESTs sequenced in each cluster and hybridization intensity. Out of 369 novel EST clusters not showing any similarity to previously characterized proteins, we focused on 250 EST clusters that were represented by robust probe sets on the MuscleChip fulfilling all stringent rules. 102 (41%) were found to be consistently "present" by analysis of hybridization to human muscle RNA, of which 40 ESTs (39%) could be genome anchored to potential transcription units in the human genome sequence. 19 ESTs of the 40 ESTs were furthermore computer-predicted as exons by one or more than three gene identification algorithms.</p></sec><sec><title>Conclusion</title><p>Our analysis found 40 transcriptionally validated, genome-anchored novel EST clusters to be expressed in human muscle. As most of these ESTs were low copy clusters (duplex and triplex) in the original 28,000 EST project, the identification of these as significantly expressed is a robust validation of the transcript units that permits subsequent focus on the <underline>novel</underline> proteins encoded by these genes.</p></sec></abstract><kwd-group><kwd>Expression profiling</kwd><kwd>oligonucleotide microarrays</kwd><kwd>Affymetrix</kwd><kwd>muscle</kwd><kwd>EST</kwd></kwd-group></article-meta></front></article>