<article xmlns="https://dtd.nlm.nih.gov/ns/archiving/2.3/" xmlns:xsi="http://www.w3.org/2001/XMLSchema-instance" xmlns:mml="http://www.w3.org/1998/Math/MathML" xmlns:xlink="http://www.w3.org/1999/xlink" xsi:schemaLocation="https://dtd.nlm.nih.gov/ns/archiving/2.3/ https://dtd.nlm.nih.gov/archiving/2.3/xsd/archivearticle.xsd" article-type="product-review"><front><journal-meta><journal-id journal-id-type="nlm-ta">BMC Bioinformatics</journal-id><journal-title>BMC Bioinformatics</journal-title><issn pub-type="epub">1471-2105</issn><publisher><publisher-name>BioMed Central</publisher-name><publisher-loc>London</publisher-loc></publisher></journal-meta><article-meta><article-id pub-id-type="accession">PMC1187873</article-id><article-id pub-id-type="pmcid">PMC1187873</article-id><article-id pub-id-type="pmc-uid">1187873</article-id><article-id pub-id-type="pmid">16026613</article-id><article-id pub-id-type="publisher-id">1471-2105-6-179</article-id><article-id pub-id-type="pmid">16026613</article-id><article-id pub-id-type="doi">10.1186/1471-2105-6-179</article-id><article-categories><subj-group subj-group-type="heading"><subject>Software</subject></subj-group></article-categories><title-group><article-title>Processing methods for differential analysis of LC/MS profile data</article-title></title-group><contrib-group><contrib id="A1" contrib-type="author"><name><surname>Katajamaa</surname><given-names>Mikko</given-names></name><xref ref-type="aff" rid="I1">1</xref><email>mikko.katajamaa@btk.fi</email></contrib><contrib id="A2" corresp="yes" contrib-type="author"><name><surname>Orešič</surname><given-names>Matej</given-names></name><xref ref-type="aff" rid="I2">2</xref><email>matej.oresic@vtt.fi</email></contrib></contrib-group><aff id="I1"><label>1</label>Turku Centre for Biotechnology, Tykistökatu 6, FIN-20521, Turku, Finland</aff><aff id="I2"><label>2</label>VTT Biotechnology, Tietotie 2, P.O. Box 1500, FIN-02044 VTT, Espoo, Finland</aff><pub-date pub-type="collection"><year>2005</year></pub-date><pub-date pub-type="epub"><day>18</day><month>7</month><year>2005</year></pub-date><volume>6</volume><fpage>179</fpage><lpage>179</lpage><ext-link ext-link-type="uri" xlink:href="http://www.biomedcentral.com/1471-2105/6/179"/><history><date date-type="received"><day>8</day><month>3</month><year>2005</year></date><date date-type="accepted"><day>18</day><month>7</month><year>2005</year></date></history><permissions><copyright-statement>Copyright © 2005 Katajamaa and Orešič; licensee BioMed Central Ltd.</copyright-statement><copyright-year>2005</copyright-year><copyright-holder>Katajamaa and Orešič; licensee BioMed Central Ltd.</copyright-holder><license license-type="open-access" xlink:href="http://creativecommons.org/licenses/by/2.0"><p>This is an Open Access article distributed under the terms of the Creative Commons Attribution License (<ext-link ext-link-type="uri" xlink:href="http://creativecommons.org/licenses/by/2.0"/>), which permits unrestricted use, distribution, and reproduction in any medium, provided the original work is properly cited.</p><!--<rdf xmlns="http://web.resource.org/cc/" xmlns:rdf="http://www.w3.org/1999/02/22-rdf-syntax-ns#" xmlns:dc="http://purl.org/dc/elements/1.1" xmlns:dcterms="http://purl.org/dc/terms"><Work xmlns:dc="http://purl.org/dc/elements/1.1/" xmlns:dcterms="http://purl.org/dc/terms/" rdf:about=""><license rdf:resource="http://creativecommons.org/licenses/by/2.0"/><dc:type rdf:resource="http://purl.org/dc/dcmitype/Text"/><dc:author>
               Katajamaa
               Mikko
               
               mikko.katajamaa@btk.fi
            </dc:author><dc:title>
            Processing methods for differential analysis of LC/MS profile data
         </dc:title><dc:date>2005</dc:date><dcterms:bibliographicCitation>BMC Bioinformatics 6(1): 179-. (2005)</dcterms:bibliographicCitation><dc:identifier type="sici">1471-2105(2005)6:1&#x0003c;179&#x0003e;</dc:identifier><dcterms:isPartOf>urn:ISSN:1471-2105</dcterms:isPartOf><License rdf:about="http://creativecommons.org/licenses/by/2.0"><permits rdf:resource="http://web.resource.org/cc/Reproduction" xmlns=""/><permits rdf:resource="http://web.resource.org/cc/Distribution" xmlns=""/><requires rdf:resource="http://web.resource.org/cc/Notice" xmlns=""/><requires rdf:resource="http://web.resource.org/cc/Attribution" xmlns=""/><permits rdf:resource="http://web.resource.org/cc/DerivativeWorks" xmlns=""/></License></Work></rdf>--></license></permissions><abstract><sec><title>Background</title><p>Liquid chromatography coupled to mass spectrometry (LC/MS) has been widely used in proteomics and metabolomics research. In this context, the technology has been increasingly used for differential profiling, i.e. broad screening of biomolecular components across multiple samples in order to elucidate the observed phenotypes and discover biomarkers. One of the major challenges in this domain remains development of better solutions for processing of LC/MS data.</p></sec><sec><title>Results</title><p>We present a software package <italic>MZmine </italic>that enables differential LC/MS analysis of metabolomics data. This software is a toolbox containing methods for all data processing stages preceding differential analysis: spectral filtering, peak detection, alignment and normalization. Specifically, we developed and implemented a new recursive peak search algorithm and a secondary peak picking method for improving already aligned results, as well as a normalization tool that uses multiple internal standards. Visualization tools enable comparative viewing of data across multiple samples. Peak lists can be exported into other data analysis programs. The toolbox has already been utilized in a wide range of applications. We demonstrate its utility on an example of metabolic profiling of <italic>Catharanthus roseus </italic>cell cultures.</p></sec><sec><title>Conclusion</title><p>The software is freely available under the GNU General Public License and it can be obtained from the project web page at: <ext-link ext-link-type="uri" xlink:href="http://mzmine.sourceforge.net/"/>.</p></sec></abstract></article-meta></front></article>