<article xmlns="https://dtd.nlm.nih.gov/ns/archiving/2.3/" xmlns:xsi="http://www.w3.org/2001/XMLSchema-instance" xmlns:mml="http://www.w3.org/1998/Math/MathML" xmlns:xlink="http://www.w3.org/1999/xlink" xsi:schemaLocation="https://dtd.nlm.nih.gov/ns/archiving/2.3/ https://dtd.nlm.nih.gov/archiving/2.3/xsd/archivearticle.xsd" article-type="other"><front><journal-meta><journal-id journal-id-type="nlm-ta">BMC Bioinformatics</journal-id><journal-title>BMC Bioinformatics</journal-title><issn pub-type="epub">1471-2105</issn><publisher><publisher-name>BioMed Central</publisher-name><publisher-loc>London</publisher-loc></publisher></journal-meta><article-meta><article-id pub-id-type="accession">PMC1188054</article-id><article-id pub-id-type="pmcid">PMC1188054</article-id><article-id pub-id-type="pmc-uid">1188054</article-id><article-id pub-id-type="pmid">16033654</article-id><article-id pub-id-type="publisher-id">1471-2105-6-183</article-id><article-id pub-id-type="pmid">16033654</article-id><article-id pub-id-type="doi">10.1186/1471-2105-6-183</article-id><article-categories><subj-group subj-group-type="heading"><subject>Correspondence</subject></subj-group></article-categories><title-group><article-title>Inconsistencies over time in 5% of NetAffx probe-to-gene annotations</article-title></title-group><contrib-group><contrib id="A1" contrib-type="author"><name><surname>Perez-Iratxeta</surname><given-names>Carolina</given-names></name><xref ref-type="aff" rid="I1">1</xref><email>cperez-iratxeta@ohri.ca</email></contrib><contrib id="A2" corresp="yes" contrib-type="author"><name><surname>Andrade</surname><given-names>Miguel A</given-names></name><xref ref-type="aff" rid="I1">1</xref><email>mandrade@ohri.ca</email></contrib></contrib-group><aff id="I1"><label>1</label>Ontario Genomics Innovation Centre, Ottawa Health Research Institute, 501 Smyth Rd, Ottawa, Ontario K1H 8L6, Canada</aff><pub-date pub-type="collection"><year>2005</year></pub-date><pub-date pub-type="epub"><day>20</day><month>7</month><year>2005</year></pub-date><volume>6</volume><fpage>183</fpage><lpage>183</lpage><ext-link ext-link-type="uri" xlink:href="http://www.biomedcentral.com/1471-2105/6/183"/><history><date date-type="received"><day>30</day><month>3</month><year>2005</year></date><date date-type="accepted"><day>20</day><month>7</month><year>2005</year></date></history><permissions><copyright-statement>Copyright © 2005 Perez-Iratxeta and Andrade; licensee BioMed Central Ltd.</copyright-statement><copyright-year>2005</copyright-year><copyright-holder>Perez-Iratxeta and Andrade; licensee BioMed Central Ltd.</copyright-holder><license license-type="open-access" xlink:href="http://creativecommons.org/licenses/by/2.0"><p>This is an Open Access article distributed under the terms of the Creative Commons Attribution License (<ext-link ext-link-type="uri" xlink:href="http://creativecommons.org/licenses/by/2.0"/>), which permits unrestricted use, distribution, and reproduction in any medium, provided the original work is properly cited.</p><!--<rdf xmlns="http://web.resource.org/cc/" xmlns:rdf="http://www.w3.org/1999/02/22-rdf-syntax-ns#" xmlns:dc="http://purl.org/dc/elements/1.1" xmlns:dcterms="http://purl.org/dc/terms"><Work xmlns:dc="http://purl.org/dc/elements/1.1/" xmlns:dcterms="http://purl.org/dc/terms/" rdf:about=""><license rdf:resource="http://creativecommons.org/licenses/by/2.0"/><dc:type rdf:resource="http://purl.org/dc/dcmitype/Text"/><dc:author>
               Perez-Iratxeta
               Carolina
               
               cperez-iratxeta@ohri.ca
            </dc:author><dc:title>
            Inconsistencies over time in 5% of NetAffx probe-to-gene annotations
         </dc:title><dc:date>2005</dc:date><dcterms:bibliographicCitation>BMC Bioinformatics 6(1): 183-. (2005)</dcterms:bibliographicCitation><dc:identifier type="sici">1471-2105(2005)6:1&#x0003c;183&#x0003e;</dc:identifier><dcterms:isPartOf>urn:ISSN:1471-2105</dcterms:isPartOf><License rdf:about="http://creativecommons.org/licenses/by/2.0"><permits rdf:resource="http://web.resource.org/cc/Reproduction" xmlns=""/><permits rdf:resource="http://web.resource.org/cc/Distribution" xmlns=""/><requires rdf:resource="http://web.resource.org/cc/Notice" xmlns=""/><requires rdf:resource="http://web.resource.org/cc/Attribution" xmlns=""/><permits rdf:resource="http://web.resource.org/cc/DerivativeWorks" xmlns=""/></License></Work></rdf>--></license></permissions><abstract><sec><title>Background</title><p>DNA microarray probes are designed to match particular mRNA transcripts, often based on expressed sequences like ESTs, or cDNAs, many times incomplete. As a result, the relations between probes and genes can change as the sequence data are updated. However, it is frequent that the reported results of microarray analyses are given just as lists of genes without any reference to the underlying probes.</p></sec><sec><title>Results</title><p>We show for a particular commercial microarray design that the number of probes associated to some genes change with time. These changes concern approximately 5% of the probe sets across the history of annotation releases over a two year span.</p></sec><sec><title>Conclusion</title><p>We recommend to report probe set identifiers when publishing microarray results, and to submit those analyses to microarray public databases to ensure that the interpretation of the data is updated with the latest set of annotations.</p></sec></abstract></article-meta></front></article>