<article xmlns="https://dtd.nlm.nih.gov/ns/archiving/2.3/" xmlns:xsi="http://www.w3.org/2001/XMLSchema-instance" xmlns:mml="http://www.w3.org/1998/Math/MathML" xmlns:xlink="http://www.w3.org/1999/xlink" xsi:schemaLocation="https://dtd.nlm.nih.gov/ns/archiving/2.3/ https://dtd.nlm.nih.gov/archiving/2.3/xsd/archivearticle.xsd" article-type="research-article"><front><journal-meta><journal-id journal-id-type="nlm-ta">BMC Bioinformatics</journal-id><journal-title>BMC Bioinformatics</journal-title><issn pub-type="epub">1471-2105</issn><publisher><publisher-name>BioMed Central</publisher-name><publisher-loc>London</publisher-loc></publisher></journal-meta><article-meta><article-id pub-id-type="accession">PMC1127019</article-id><article-id pub-id-type="pmcid">PMC1127019</article-id><article-id pub-id-type="pmc-uid">1127019</article-id><article-id pub-id-type="pmid">15833142</article-id><article-id pub-id-type="publisher-id">1471-2105-6-100</article-id><article-id pub-id-type="pmid">15833142</article-id><article-id pub-id-type="doi">10.1186/1471-2105-6-100</article-id><article-categories><subj-group subj-group-type="heading"><subject>Research Article</subject></subj-group></article-categories><title-group><article-title>Filtering high-throughput protein-protein interaction data using a combination of genomic features</article-title></title-group><contrib-group><contrib id="A1" contrib-type="author"><name><surname>Patil</surname><given-names>Ashwini</given-names></name><xref ref-type="aff" rid="I1">1</xref><xref ref-type="aff" rid="I2">2</xref><email>ashwini@protein.osaka-u.ac.jp</email></contrib><contrib id="A2" corresp="yes" contrib-type="author"><name><surname>Nakamura</surname><given-names>Haruki</given-names></name><xref ref-type="aff" rid="I1">1</xref><email>harukin@protein.osaka-u.ac.jp</email></contrib></contrib-group><aff id="I1"><label>1</label>Institute for Protein Research, Osaka University, 3-2 Yamadaoka, Suita, Osaka 565-0871, Japan</aff><aff id="I2"><label>2</label>Department of Biology, Graduate School of Science, Osaka University, 1-1 Machikaneyama-cho, Toyonaka, Osaka 560-0043, Japan</aff><pub-date pub-type="collection"><year>2005</year></pub-date><pub-date pub-type="epub"><day>18</day><month>4</month><year>2005</year></pub-date><volume>6</volume><fpage>100</fpage><lpage>100</lpage><ext-link ext-link-type="uri" xlink:href="http://www.biomedcentral.com/1471-2105/6/100"/><history><date date-type="received"><day>21</day><month>12</month><year>2004</year></date><date date-type="accepted"><day>18</day><month>4</month><year>2005</year></date></history><copyright-statement>Copyright © 2005 Patil and Nakamura; licensee BioMed Central Ltd.</copyright-statement><license license-type="open-access" xlink:href="http://creativecommons.org/licenses/by/2.0"><p>This is an Open Access article distributed under the terms of the Creative Commons Attribution License (<ext-link ext-link-type="uri" xlink:href="http://creativecommons.org/licenses/by/2.0"/>), which permits unrestricted use, distribution, and reproduction in any medium, provided the original work is properly cited.</p></license><abstract><sec><title>Background</title><p>Protein-protein interaction data used in the creation or prediction of molecular networks is usually obtained from large scale or high-throughput experiments. This experimental data is liable to contain a large number of spurious interactions. Hence, there is a need to validate the interactions and filter out the incorrect data before using them in prediction studies.</p></sec><sec><title>Results</title><p>In this study, we use a combination of 3 genomic features – structurally known interacting Pfam domains, Gene Ontology annotations and sequence homology – as a means to assign reliability to the protein-protein interactions in <italic>Saccharomyces cerevisiae </italic>determined by high-throughput experiments. Using Bayesian network approaches, we show that protein-protein interactions from high-throughput data supported by one or more genomic features have a higher likelihood ratio and hence are more likely to be real interactions. Our method has a high sensitivity (90%) and good specificity (63%). We show that 56% of the interactions from high-throughput experiments in <italic>Saccharomyces cerevisiae </italic>have high reliability. We use the method to estimate the number of true interactions in the high-throughput protein-protein interaction data sets in <italic>Caenorhabditis elegans</italic>, <italic>Drosophila melanogaster </italic>and <italic>Homo sapiens </italic>to be 27%, 18% and 68% respectively. Our results are available for searching and downloading at <ext-link ext-link-type="uri" xlink:href="http://helix.protein.osaka-u.ac.jp/htp/"/>.</p></sec><sec><title>Conclusion</title><p>A combination of genomic features that include sequence, structure and annotation information is a good predictor of true interactions in large and noisy high-throughput data sets. The method has a very high sensitivity and good specificity and can be used to assign a likelihood ratio, corresponding to the reliability, to each interaction.</p></sec></abstract></article-meta></front></article>