<article xmlns="https://dtd.nlm.nih.gov/ns/archiving/2.3/" xmlns:xsi="http://www.w3.org/2001/XMLSchema-instance" xmlns:mml="http://www.w3.org/1998/Math/MathML" xmlns:xlink="http://www.w3.org/1999/xlink" xsi:schemaLocation="https://dtd.nlm.nih.gov/ns/archiving/2.3/ https://dtd.nlm.nih.gov/archiving/2.3/xsd/archivearticle.xsd" article-type="research-article"><front><journal-meta><journal-id journal-id-type="nlm-ta">BMC Bioinformatics</journal-id><journal-title>BMC Bioinformatics</journal-title><issn pub-type="epub">1471-2105</issn><publisher><publisher-name>BioMed Central</publisher-name><publisher-loc>London</publisher-loc></publisher></journal-meta><article-meta><article-id pub-id-type="accession">PMC1166540</article-id><article-id pub-id-type="pmcid">PMC1166540</article-id><article-id pub-id-type="pmc-uid">1166540</article-id><article-id pub-id-type="pmid">15910684</article-id><article-id pub-id-type="publisher-id">1471-2105-6-123</article-id><article-id pub-id-type="pmid">15910684</article-id><article-id pub-id-type="doi">10.1186/1471-2105-6-123</article-id><article-categories><subj-group subj-group-type="heading"><subject>Research Article</subject></subj-group></article-categories><title-group><article-title>Genome comparison without alignment using shortest unique substrings</article-title></title-group><contrib-group><contrib id="A1" contrib-type="author"><name><surname>Haubold</surname><given-names>Bernhard</given-names></name><xref ref-type="aff" rid="I1">1</xref><email>bernhard.haubold@fh-weihenstephan.de</email></contrib><contrib id="A2" contrib-type="author"><name><surname>Pierstorff</surname><given-names>Nora</given-names></name><xref ref-type="aff" rid="I2">2</xref><email>nora.pierstorff@uni-koeln.de</email></contrib><contrib id="A3" contrib-type="author"><name><surname>Möller</surname><given-names>Friedrich</given-names></name><xref ref-type="aff" rid="I3">3</xref><email>friedrich.moeller@charite.de</email></contrib><contrib id="A4" corresp="yes" contrib-type="author"><name><surname>Wiehe</surname><given-names>Thomas</given-names></name><xref ref-type="aff" rid="I2">2</xref><email>twiehe@uni-koeln.de</email></contrib></contrib-group><aff id="I1"><label>1</label>Department of Biotechnology &amp; Bioinformatics, University of Applied Sciences, Weihenstephan, Germany</aff><aff id="I2"><label>2</label>Institute of Genetics, Universität zu Köln, Zülpicher Straße 47, 50674 Köln, Germany</aff><aff id="I3"><label>3</label>Berlin Center for Genome Based Bioinformatics and Freie Universität, Berlin, Germany</aff><pub-date pub-type="collection"><year>2005</year></pub-date><pub-date pub-type="epub"><day>23</day><month>5</month><year>2005</year></pub-date><volume>6</volume><fpage>123</fpage><lpage>123</lpage><ext-link ext-link-type="uri" xlink:href="http://www.biomedcentral.com/1471-2105/6/123"/><history><date date-type="received"><day>9</day><month>11</month><year>2004</year></date><date date-type="accepted"><day>23</day><month>5</month><year>2005</year></date></history><copyright-statement>Copyright © 2005 Haubold et al; licensee BioMed Central Ltd.</copyright-statement><license license-type="open-access" xlink:href="http://creativecommons.org/licenses/by/2.0"><p>This is an Open Access article distributed under the terms of the Creative Commons Attribution License (<ext-link ext-link-type="uri" xlink:href="http://creativecommons.org/licenses/by/2.0"/>), which permits unrestricted use, distribution, and reproduction in any medium, provided the original work is properly cited.</p></license><abstract><sec><title>Background</title><p>Sequence comparison by alignment is a fundamental tool of molecular biology. In this paper we show how a number of sequence comparison tasks, including the detection of unique genomic regions, can be accomplished efficiently without an alignment step. Our procedure for nucleotide sequence comparison is based on shortest unique substrings. These are substrings which occur only once within the sequence or set of sequences analysed and which cannot be further reduced in length without losing the property of uniqueness. Such substrings can be detected using generalized suffix trees.</p></sec><sec><title>Results</title><p>We find that the shortest unique substrings in <italic>Caenorhabditis elegans</italic>, human and mouse are no longer than 11 bp in the autosomes of these organisms. In mouse and human these unique substrings are significantly clustered in upstream regions of known genes. Moreover, the probability of finding such short unique substrings in the genomes of human or mouse by chance is extremely small. We derive an analytical expression for the null distribution of shortest unique substrings, given the GC-content of the query sequences. Furthermore, we apply our method to rapidly detect unique genomic regions in the genome of <italic>Staphylococcus aureus </italic>strain MSSA476 compared to four other staphylococcal genomes.</p></sec><sec><title>Conclusion</title><p>We combine a method to rapidly search for shortest unique substrings in DNA sequences and a derivation of their null distribution. We show that unique regions in an arbitrary sample of genomes can be efficiently detected with this method. The corresponding programs shustring (SHortest Unique subSTRING) and shulen are written in C and available at <ext-link ext-link-type="uri" xlink:href="http://adenine.biz.fh-weihenstephan.de/shustring/"/>.</p></sec></abstract></article-meta></front></article>