<article xmlns="https://jats.nlm.nih.gov/ns/archiving/1.2/" xmlns:xsi="http://www.w3.org/2001/XMLSchema-instance" xmlns:mml="http://www.w3.org/1998/Math/MathML" xmlns:xlink="http://www.w3.org/1999/xlink" xsi:schemaLocation="https://jats.nlm.nih.gov/ns/archiving/1.2/ https://jats.nlm.nih.gov/archiving/1.2/xsd/JATS-archivearticle1.xsd" article-type="research-article"><front><journal-meta><journal-id journal-id-type="nlm-ta">BMC Bioinformatics</journal-id><journal-title-group><journal-title>BMC Bioinformatics</journal-title></journal-title-group><issn pub-type="epub">1471-2105</issn><publisher><publisher-name>BioMed Central</publisher-name></publisher></journal-meta><article-meta><article-id pub-id-type="accession">PMC139975</article-id><article-id pub-id-type="pmcid">PMC139975</article-id><article-id pub-id-type="pmc-uid">139975</article-id><article-id pub-id-type="pmid">12398796</article-id><article-id pub-id-type="publisher-id">1471-2105-3-30</article-id><article-id pub-id-type="pmid">12398796</article-id><article-id pub-id-type="doi">10.1186/1471-2105-3-30</article-id><article-categories><subj-group subj-group-type="heading"><subject>Research article</subject></subj-group></article-categories><title-group><article-title>Computational detection of genomic <italic>cis-</italic>regulatory modules applied to body patterning in the early <italic>Drosophila</italic> embryo</article-title></title-group><contrib-group><contrib contrib-type="author" corresp="yes" id="A1"><name><surname>Rajewsky</surname><given-names>Nikolaus</given-names></name><xref ref-type="aff" rid="I1">1</xref><email>nr@edsb.rockefeller.edu</email></contrib><contrib contrib-type="author" id="A2"><name><surname>Vergassola</surname><given-names>Massimo</given-names></name><xref ref-type="aff" rid="I1">1</xref><xref ref-type="aff" rid="I3">3</xref><email>massimo@obs-nice.fr</email></contrib><contrib contrib-type="author" id="A3"><name><surname>Gaul</surname><given-names>Ulrike</given-names></name><xref ref-type="aff" rid="I2">2</xref><email>gaul@mail.rockefeller.edu</email></contrib><contrib contrib-type="author" corresp="yes" id="A4"><name><surname>Siggia</surname><given-names>Eric D</given-names></name><xref ref-type="aff" rid="I1">1</xref><email>siggia@eds3.rockefeller.edu</email></contrib></contrib-group><aff id="I1"><label>1</label>Center for Studies in Physics and Biology, The Rockefeller University, 1230 York Avenue, New York, NY, USA</aff><aff id="I2"><label>2</label>Laboratory for Developmental Neurogenetics, The Rockefeller University, 1230 York Avenue, New York, NY, USA</aff><aff id="I3"><label>3</label>CNRS, Observatoire Côte d'Azur, Lab. G. D. Cassini, Nice, France</aff><pub-date pub-type="collection"><year>2002</year></pub-date><pub-date pub-type="epub"><day>24</day><month>10</month><year>2002</year></pub-date><volume>3</volume><fpage>30</fpage><lpage>30</lpage><history><date date-type="received"><day>29</day><month>8</month><year>2002</year></date><date date-type="accepted"><day>24</day><month>10</month><year>2002</year></date></history><permissions><copyright-statement>Copyright ©2002 Rajewsky et al; licensee BioMed Central Ltd. This is an Open Access article: verbatim copying and redistribution of this article are permitted in all media for any purpose, provided this notice is preserved along with the article's original URL.</copyright-statement><copyright-year>2002</copyright-year><copyright-holder>Rajewsky et al; licensee BioMed Central Ltd. This is an Open Access article: verbatim copying and redistribution of this article are permitted in all media for any purpose, provided this notice is preserved along with the article's original URL.</copyright-holder></permissions><self-uri xlink:href="http://www.biomedcentral.com/1471-2105/3/30"/><abstract><sec><title>Background</title><p>Regulation of gene transcription is crucial for the function and development of all organisms. While gene prediction programs that identify protein coding sequence are used with remarkable success in the annotation of genomes, the development of computational methods to analyze noncoding regions and to delineate transcriptional control elements is still in its infancy.</p></sec><sec><title>Results</title><p>Here we present novel algorithms to detect <italic>cis-</italic>regulatory modules through genome wide scans for clusters of transcription factor binding sites using three levels of prior information. When binding sites for the factors are known, our statistical segmentation algorithm, Ahab, yields about 150 putative gap gene regulated modules, with no adjustable parameters other than a window size. If one or more related modules are known, but no binding sites, repeated motifs can be found by a customized Gibbs sampler and input to Ahab, to predict genes with similar regulation. Finally using only the genome, we developed a third algorithm, Argos, that counts and scores clusters of overrepresented motifs in a window of sequence. Argos recovers many of the known modules, upstream of the segmentation genes, with no training data.</p></sec><sec><title>Conclusions</title><p>We have demonstrated, in the case of body patterning in the Drosophila embryo, that our algorithms allow the genome-wide identification of regulatory modules. We believe that Ahab overcomes many problems of recent approaches and we estimated the false positive rate to be about 50%. Argos is the first successful attempt to predict regulatory modules using only the genome without training data. Complete results and module predictions across the Drosophila genome are available at <ext-link ext-link-type="uri" xlink:href="http://uqbar.rockefeller.edu/~siggia/">http://uqbar.rockefeller.edu/~siggia/</ext-link>.</p></sec></abstract></article-meta></front></article>