<article xmlns="https://dtd.nlm.nih.gov/ns/archiving/2.3/" xmlns:xsi="http://www.w3.org/2001/XMLSchema-instance" xmlns:mml="http://www.w3.org/1998/Math/MathML" xmlns:xlink="http://www.w3.org/1999/xlink" xsi:schemaLocation="https://dtd.nlm.nih.gov/ns/archiving/2.3/ https://dtd.nlm.nih.gov/archiving/2.3/xsd/archivearticle.xsd" article-type="research-article"><front><journal-meta><journal-id journal-id-type="nlm-ta">BMC Bioinformatics</journal-id><journal-title>BMC Bioinformatics</journal-title><issn pub-type="epub">1471-2105</issn><publisher><publisher-name>BioMed Central</publisher-name><publisher-loc>London</publisher-loc></publisher></journal-meta><article-meta><article-id pub-id-type="accession">PMC1182350</article-id><article-id pub-id-type="pmcid">PMC1182350</article-id><article-id pub-id-type="pmc-uid">1182350</article-id><article-id pub-id-type="pmid">15963230</article-id><article-id pub-id-type="publisher-id">1471-2105-6-152</article-id><article-id pub-id-type="pmid">15963230</article-id><article-id pub-id-type="doi">10.1186/1471-2105-6-152</article-id><article-categories><subj-group subj-group-type="heading"><subject>Research Article</subject></subj-group></article-categories><title-group><article-title>pSLIP: SVM based protein subcellular localization prediction using multiple physicochemical properties</article-title></title-group><contrib-group><contrib id="A1" contrib-type="author"><name><surname>Sarda</surname><given-names>Deepak</given-names></name><xref ref-type="aff" rid="I1">1</xref><email>deepak@bii.a-star.edu.sg</email></contrib><contrib id="A2" contrib-type="author"><name><surname>Chua</surname><given-names>Gek Huey</given-names></name><xref ref-type="aff" rid="I1">1</xref><email>chuagh@bii.a-star.edu.sg</email></contrib><contrib id="A3" contrib-type="author"><name><surname>Li</surname><given-names>Kuo-Bin</given-names></name><xref ref-type="aff" rid="I1">1</xref><email>kuobin@bii.a-star.edu.sg</email></contrib><contrib id="A4" corresp="yes" contrib-type="author"><name><surname>Krishnan</surname><given-names>Arun</given-names></name><xref ref-type="aff" rid="I1">1</xref><email>arun@bii.a-star.edu.sg</email></contrib></contrib-group><aff id="I1"><label>1</label>Bioinformatics Institute, 30, Biopolis Street, #07-01, Singapore – 138671</aff><pub-date pub-type="collection"><year>2005</year></pub-date><pub-date pub-type="epub"><day>17</day><month>6</month><year>2005</year></pub-date><volume>6</volume><fpage>152</fpage><lpage>152</lpage><ext-link ext-link-type="uri" xlink:href="http://www.biomedcentral.com/1471-2105/6/152"/><history><date date-type="received"><day>1</day><month>12</month><year>2004</year></date><date date-type="accepted"><day>17</day><month>6</month><year>2005</year></date></history><permissions><copyright-statement>Copyright © 2005 Sarda et al; licensee BioMed Central Ltd.</copyright-statement><copyright-year>2005</copyright-year><copyright-holder>Sarda et al; licensee BioMed Central Ltd.</copyright-holder><license license-type="open-access" xlink:href="http://creativecommons.org/licenses/by/2.0"><p>This is an Open Access article distributed under the terms of the Creative Commons Attribution License (<ext-link ext-link-type="uri" xlink:href="http://creativecommons.org/licenses/by/2.0"/>), which permits unrestricted use, distribution, and reproduction in any medium, provided the original work is properly cited.</p><!--<rdf xmlns="http://web.resource.org/cc/" xmlns:rdf="http://www.w3.org/1999/02/22-rdf-syntax-ns#" xmlns:dc="http://purl.org/dc/elements/1.1" xmlns:dcterms="http://purl.org/dc/terms"><Work xmlns:dc="http://purl.org/dc/elements/1.1/" xmlns:dcterms="http://purl.org/dc/terms/" rdf:about=""><license rdf:resource="http://creativecommons.org/licenses/by/2.0"/><dc:type rdf:resource="http://purl.org/dc/dcmitype/Text"/><dc:author>
               Sarda
               Deepak
               
               deepak@bii.a-star.edu.sg
            </dc:author><dc:title>
            pSLIP: SVM based protein subcellular localization prediction using multiple physicochemical properties
         </dc:title><dc:date>2005</dc:date><dcterms:bibliographicCitation>BMC Bioinformatics 6(1): 152-. (2005)</dcterms:bibliographicCitation><dc:identifier type="sici">1471-2105(2005)6:1&#x0003c;152&#x0003e;</dc:identifier><dcterms:isPartOf>urn:ISSN:1471-2105</dcterms:isPartOf><License rdf:about="http://creativecommons.org/licenses/by/2.0"><permits rdf:resource="http://web.resource.org/cc/Reproduction" xmlns=""/><permits rdf:resource="http://web.resource.org/cc/Distribution" xmlns=""/><requires rdf:resource="http://web.resource.org/cc/Notice" xmlns=""/><requires rdf:resource="http://web.resource.org/cc/Attribution" xmlns=""/><permits rdf:resource="http://web.resource.org/cc/DerivativeWorks" xmlns=""/></License></Work></rdf>--></license></permissions><abstract><sec><title>Background</title><p>Protein subcellular localization is an important determinant of protein function and hence, reliable methods for prediction of localization are needed. A number of prediction algorithms have been developed based on amino acid compositions or on the N-terminal characteristics (signal peptides) of proteins. However, such approaches lead to a loss of contextual information. Moreover, where information about the physicochemical properties of amino acids has been used, the methods employed to exploit that information are less than optimal and could use the information more effectively.</p></sec><sec><title>Results</title><p>In this paper, we propose a new algorithm called pSLIP which uses Support Vector Machines (SVMs) in conjunction with multiple physicochemical properties of amino acids to predict protein subcellular localization in eukaryotes across six different locations, namely, chloroplast, cytoplasmic, extracellular, mitochondrial, nuclear and plasma membrane. The algorithm was applied to the dataset provided by Park and Kanehisa and we obtained prediction accuracies for the different classes ranging from 87.7% – 97.0% with an overall accuracy of 93.1%.</p></sec><sec><title>Conclusion</title><p>This study presents a physicochemical property based protein localization prediction algorithm. Unlike other algorithms, contextual information is preserved by dividing the protein sequences into clusters. The prediction accuracy shows an improvement over other algorithms based on various types of amino acid composition (single, pair and gapped pair). We have also implemented a web server to predict protein localization across the six classes (available at <ext-link ext-link-type="uri" xlink:href="http://pslip.bii.a-star.edu.sg/"/>).</p></sec></abstract></article-meta></front></article>