<article xmlns="https://dtd.nlm.nih.gov/ns/archiving/2.3/" xmlns:xsi="http://www.w3.org/2001/XMLSchema-instance" xmlns:mml="http://www.w3.org/1998/Math/MathML" xmlns:xlink="http://www.w3.org/1999/xlink" xsi:schemaLocation="https://dtd.nlm.nih.gov/ns/archiving/2.3/ https://dtd.nlm.nih.gov/archiving/2.3/xsd/archivearticle.xsd" article-type="research-article"><front><journal-meta><journal-id journal-id-type="nlm-ta">BMC Bioinformatics</journal-id><journal-title>BMC Bioinformatics</journal-title><issn pub-type="epub">1471-2105</issn><publisher><publisher-name>BioMed Central</publisher-name><publisher-loc>London</publisher-loc></publisher></journal-meta><article-meta><article-id pub-id-type="accession">PMC153502</article-id><article-id pub-id-type="pmcid">PMC153502</article-id><article-id pub-id-type="pmc-uid">153502</article-id><article-id pub-id-type="pmid">12659637</article-id><article-id pub-id-type="publisher-id">1471-2105-4-10</article-id><article-id pub-id-type="pmid">12659637</article-id><article-id pub-id-type="doi">10.1186/1471-2105-4-10</article-id><article-categories><subj-group subj-group-type="heading"><subject>Research Article</subject></subj-group></article-categories><title-group><article-title>Modeling gene expression measurement error: a quasi-likelihood approach</article-title></title-group><contrib-group><contrib id="A1" corresp="yes" contrib-type="author"><name><surname>Strimmer</surname><given-names>Korbinian</given-names></name><xref ref-type="aff" rid="I1">1</xref><email>strimmer@stat.uni-muenchen.de</email></contrib></contrib-group><aff id="I1"><label>1</label>Department of Statistics, University of Munich, Ludwigstrasse 33, D-80539 Munich, Germany</aff><pub-date pub-type="collection"><year>2003</year></pub-date><pub-date pub-type="epub"><day>20</day><month>3</month><year>2003</year></pub-date><volume>4</volume><fpage>10</fpage><lpage>10</lpage><ext-link ext-link-type="uri" xlink:href="http://www.biomedcentral.com/1471-2105/4/10"/><history><date date-type="received"><day>30</day><month>8</month><year>2002</year></date><date date-type="accepted"><day>20</day><month>3</month><year>2003</year></date></history><permissions><copyright-statement>Copyright © 2003 Strimmer; licensee BioMed Central Ltd. This is an Open Access article: verbatim copying and redistribution of this article are permitted in all media for any purpose, provided this notice is preserved along with the article's original URL.</copyright-statement><copyright-year>2003</copyright-year><copyright-holder>Strimmer; licensee BioMed Central Ltd. This is an Open Access article: verbatim copying and redistribution of this article are permitted in all media for any purpose, provided this notice is preserved along with the article's original URL.</copyright-holder></permissions><abstract><sec><title>Background</title><p>Using suitable error models for gene expression measurements is essential in the statistical analysis of microarray data. However, the true probabilistic model underlying gene expression intensity readings is generally not known. Instead, in currently used approaches some simple parametric model is assumed (usually a transformed normal distribution) or the empirical distribution is estimated. However, both these strategies may not be optimal for gene expression data, as the non-parametric approach ignores known structural information whereas the fully parametric models run the risk of misspecification. A further related problem is the choice of a suitable scale for the model (e.g. observed vs. log-scale).</p></sec><sec><title>Results</title><p>Here a simple semi-parametric model for gene expression measurement error is presented. In this approach inference is based an approximate likelihood function (the extended quasi-likelihood). Only partial knowledge about the unknown true distribution is required to construct this function. In case of gene expression this information is available in the form of the postulated (e.g. quadratic) variance structure of the data.</p><p>As the quasi-likelihood behaves (almost) like a proper likelihood, it allows for the estimation of calibration and variance parameters, and it is also straightforward to obtain corresponding approximate confidence intervals. Unlike most other frameworks, it also allows analysis on any preferred scale, i.e. both on the original linear scale as well as on a transformed scale. It can also be employed in regression approaches to model systematic (e.g. array or dye) effects.</p></sec><sec><title>Conclusions</title><p>The quasi-likelihood framework provides a simple and versatile approach to analyze gene expression data that does not make any strong distributional assumptions about the underlying error model. For several simulated as well as real data sets it provides a better fit to the data than competing models. In an example it also improved the power of tests to identify differential expression.</p></sec></abstract></article-meta></front></article>