<article xmlns="https://dtd.nlm.nih.gov/ns/archiving/2.3/" xmlns:xsi="http://www.w3.org/2001/XMLSchema-instance" xmlns:mml="http://www.w3.org/1998/Math/MathML" xmlns:xlink="http://www.w3.org/1999/xlink" xsi:schemaLocation="https://dtd.nlm.nih.gov/ns/archiving/2.3/ https://dtd.nlm.nih.gov/archiving/2.3/xsd/archivearticle.xsd" article-type="product-review"><front><journal-meta><journal-id journal-id-type="nlm-ta">BMC Bioinformatics</journal-id><journal-title>BMC Bioinformatics</journal-title><issn pub-type="epub">1471-2105</issn><publisher><publisher-name>BioMed Central</publisher-name><publisher-loc>London</publisher-loc></publisher></journal-meta><article-meta><article-id pub-id-type="accession">PMC1182352</article-id><article-id pub-id-type="pmcid">PMC1182352</article-id><article-id pub-id-type="pmc-uid">1182352</article-id><article-id pub-id-type="pmid">15987530</article-id><article-id pub-id-type="publisher-id">1471-2105-6-164</article-id><article-id pub-id-type="pmid">15987530</article-id><article-id pub-id-type="doi">10.1186/1471-2105-6-164</article-id><article-categories><subj-group subj-group-type="heading"><subject>Software</subject></subj-group></article-categories><title-group><article-title>Species-specific analysis of protein sequence motifs using mutual information</article-title></title-group><contrib-group><contrib id="A1" contrib-type="author"><name><surname>Hummel</surname><given-names>Jan</given-names></name><xref ref-type="aff" rid="I1">1</xref><email>hummel@mpimp-golm.mpg.de</email></contrib><contrib id="A2" contrib-type="author"><name><surname>Keshvari</surname><given-names>Nima</given-names></name><xref ref-type="aff" rid="I1">1</xref><email>keshvari@mpimp-golm.mpg.de</email></contrib><contrib id="A3" contrib-type="author"><name><surname>Weckwerth</surname><given-names>Wolfram</given-names></name><xref ref-type="aff" rid="I1">1</xref><email>weckwerth@mpimp-golm.mpg.de</email></contrib><contrib id="A4" corresp="yes" contrib-type="author"><name><surname>Selbig</surname><given-names>Joachim</given-names></name><xref ref-type="aff" rid="I1">1</xref><xref ref-type="aff" rid="I2">2</xref><email>selbig@mpimp-golm.mpg.de</email></contrib></contrib-group><aff id="I1"><label>1</label>Max Planck Institute of Molecular Plant Physiology, Am Mühlenberg 1, D-14424 Potsdam, Germany</aff><aff id="I2"><label>2</label>University of Potsdam, Institutes of Biochemistry/Biology and Computer Science, c/o Max Planck Institute of Molecular Plant Physiology, Am Mühlenberg 1, D-14424 Potsdam, Germany</aff><pub-date pub-type="collection"><year>2005</year></pub-date><pub-date pub-type="epub"><day>29</day><month>6</month><year>2005</year></pub-date><volume>6</volume><fpage>164</fpage><lpage>164</lpage><ext-link ext-link-type="uri" xlink:href="http://www.biomedcentral.com/1471-2105/6/164"/><history><date date-type="received"><day>3</day><month>3</month><year>2005</year></date><date date-type="accepted"><day>29</day><month>6</month><year>2005</year></date></history><permissions><copyright-statement>Copyright © 2005 Hummel et al; licensee BioMed Central Ltd.</copyright-statement><copyright-year>2005</copyright-year><copyright-holder>Hummel et al; licensee BioMed Central Ltd.</copyright-holder><license license-type="open-access" xlink:href="http://creativecommons.org/licenses/by/2.0"><p>This is an Open Access article distributed under the terms of the Creative Commons Attribution License (<ext-link ext-link-type="uri" xlink:href="http://creativecommons.org/licenses/by/2.0"/>), which permits unrestricted use, distribution, and reproduction in any medium, provided the original work is properly cited.</p><!--<rdf xmlns="http://web.resource.org/cc/" xmlns:rdf="http://www.w3.org/1999/02/22-rdf-syntax-ns#" xmlns:dc="http://purl.org/dc/elements/1.1" xmlns:dcterms="http://purl.org/dc/terms"><Work xmlns:dc="http://purl.org/dc/elements/1.1/" xmlns:dcterms="http://purl.org/dc/terms/" rdf:about=""><license rdf:resource="http://creativecommons.org/licenses/by/2.0"/><dc:type rdf:resource="http://purl.org/dc/dcmitype/Text"/><dc:author>
               Hummel
               Jan
               
               hummel@mpimp-golm.mpg.de
            </dc:author><dc:title>
            Species-specific analysis of protein sequence motifs using mutual information
         </dc:title><dc:date>2005</dc:date><dcterms:bibliographicCitation>BMC Bioinformatics 6(1): 164-. (2005)</dcterms:bibliographicCitation><dc:identifier type="sici">1471-2105(2005)6:1&#x0003c;164&#x0003e;</dc:identifier><dcterms:isPartOf>urn:ISSN:1471-2105</dcterms:isPartOf><License rdf:about="http://creativecommons.org/licenses/by/2.0"><permits rdf:resource="http://web.resource.org/cc/Reproduction" xmlns=""/><permits rdf:resource="http://web.resource.org/cc/Distribution" xmlns=""/><requires rdf:resource="http://web.resource.org/cc/Notice" xmlns=""/><requires rdf:resource="http://web.resource.org/cc/Attribution" xmlns=""/><permits rdf:resource="http://web.resource.org/cc/DerivativeWorks" xmlns=""/></License></Work></rdf>--></license></permissions><abstract><sec><title>Background</title><p>Protein sequence motifs are by definition short fragments of conserved amino acids, often associated with a specific function. Accordingly protein sequence profiles derived from multiple sequence alignments provide an alternative description of functional motifs characterizing families of related sequences. Such profiles conveniently reflect functional necessities by pointing out proximity at conserved sequence positions as well as depicting distances at variable positions. Discovering significant conservation characteristics within the variable positions of profiles mirrors group-specific and, in particular, evolutionary features of the underlying sequences.</p></sec><sec><title>Results</title><p>We describe the tool <bold><italic>PRO</italic></bold><italic>file analysis based on </italic><bold><italic>M</italic></bold><italic>utual </italic><bold><italic>I</italic></bold><italic>nformation </italic>(PROMI) that enables comparative analysis of user-classified protein sequences. PROMI is implemented as a web service using Perl and R as well as other publicly available packages and tools on the server-side. On the client-side platform-independence is achieved by generally applied internet delivery standards. As one possible application analysis of the zinc finger C<sub>2</sub>H<sub>2</sub>-type protein domain is introduced to illustrate the functionality of the tool.</p></sec><sec><title>Conclusion</title><p>The web service PROMI should assist researchers to detect evolutionary correlations in protein profiles of defined biological sequences. It is available at <ext-link ext-link-type="uri" xlink:href="http://promi.mpimp-golm.mpg.de"/> where additional documentation can be found.</p></sec></abstract></article-meta></front></article>