<article xmlns="https://jats.nlm.nih.gov/ns/archiving/1.2/" xmlns:xsi="http://www.w3.org/2001/XMLSchema-instance" xmlns:mml="http://www.w3.org/1998/Math/MathML" xmlns:xlink="http://www.w3.org/1999/xlink" xsi:schemaLocation="https://jats.nlm.nih.gov/ns/archiving/1.2/ https://jats.nlm.nih.gov/archiving/1.2/xsd/JATS-archivearticle1.xsd" article-type="research-article"><front><journal-meta><journal-id journal-id-type="nlm-ta">BMC Bioinformatics</journal-id><journal-title-group><journal-title>BMC Bioinformatics</journal-title></journal-title-group><issn pub-type="epub">1471-2105</issn><publisher><publisher-name>BioMed Central</publisher-name></publisher></journal-meta><article-meta><article-id pub-id-type="accession">PMC139978</article-id><article-id pub-id-type="pmcid">PMC139978</article-id><article-id pub-id-type="pmc-uid">139978</article-id><article-id pub-id-type="pmid">12482327</article-id><article-id pub-id-type="publisher-id">1471-2105-3-38</article-id><article-id pub-id-type="pmid">12482327</article-id><article-id pub-id-type="doi">10.1186/1471-2105-3-38</article-id><article-categories><subj-group subj-group-type="heading"><subject>Research article</subject></subj-group></article-categories><title-group><article-title>Quantifying robustness of biochemical network models</article-title></title-group><contrib-group><contrib contrib-type="author" id="A1"><name><surname>Ma</surname><given-names>Lan</given-names></name><xref ref-type="aff" rid="I1">1</xref><email>lma@jhu.edu</email></contrib><contrib contrib-type="author" corresp="yes" id="A2"><name><surname>Iglesias</surname><given-names>Pablo A</given-names></name><xref ref-type="aff" rid="I1">1</xref><email>pi@jhu.edu</email></contrib></contrib-group><aff id="I1"><label>1</label>Department of Electrical and Computer Engineering, The Johns Hopkins University, Baltimore, MD USA</aff><pub-date pub-type="collection"><year>2002</year></pub-date><pub-date pub-type="epub"><day>13</day><month>12</month><year>2002</year></pub-date><volume>3</volume><fpage>38</fpage><lpage>38</lpage><history><date date-type="received"><day>30</day><month>8</month><year>2002</year></date><date date-type="accepted"><day>13</day><month>12</month><year>2002</year></date></history><permissions><copyright-statement>Copyright ©2002 Ma and Iglesias; licensee BioMed Central Ltd. This is an Open Access article: verbatim copying and redistribution of this article are permitted in all media for any purpose, provided this notice is preserved along with the article's original URL.</copyright-statement><copyright-year>2002</copyright-year><copyright-holder>Ma and Iglesias; licensee BioMed Central Ltd. This is an Open Access article: verbatim copying and redistribution of this article are permitted in all media for any purpose, provided this notice is preserved along with the article's original URL.</copyright-holder></permissions><self-uri xlink:href="http://www.biomedcentral.com/1471-2105/3/38"/><abstract><sec><title>Background</title><p>Robustness of mathematical models of biochemical networks is important for validation purposes and can be used as a means of selecting between different competing models. Tools for quantifying parametric robustness are needed.</p></sec><sec><title>Results</title><p>Two techniques for describing quantitatively the robustness of an oscillatory model were presented and contrasted. Single-parameter bifurcation analysis was used to evaluate the stability robustness of the limit cycle oscillation as well as the frequency and amplitude of oscillations. A tool from control engineering – the structural singular value (SSV) – was used to quantify robust stability of the limit cycle. Using SSV analysis, we find very poor robustness when the model's parameters are allowed to vary.</p></sec><sec><title>Conclusion</title><p>The results show the usefulness of incorporating SSV analysis to single parameter sensitivity analysis to quantify robustness.</p></sec></abstract></article-meta></front></article>