<article xmlns="https://dtd.nlm.nih.gov/ns/archiving/2.3/" xmlns:xsi="http://www.w3.org/2001/XMLSchema-instance" xmlns:mml="http://www.w3.org/1998/Math/MathML" xmlns:xlink="http://www.w3.org/1999/xlink" xsi:schemaLocation="https://dtd.nlm.nih.gov/ns/archiving/2.3/ https://dtd.nlm.nih.gov/archiving/2.3/xsd/archivearticle.xsd" article-type="product-review"><front><journal-meta><journal-id journal-id-type="nlm-ta">BMC Bioinformatics</journal-id><journal-title>BMC Bioinformatics</journal-title><issn pub-type="epub">1471-2105</issn><publisher><publisher-name>BioMed Central</publisher-name><publisher-loc>London</publisher-loc></publisher></journal-meta><article-meta><article-id pub-id-type="accession">PMC1187875</article-id><article-id pub-id-type="pmcid">PMC1187875</article-id><article-id pub-id-type="pmc-uid">1187875</article-id><article-id pub-id-type="pmid">16033659</article-id><article-id pub-id-type="publisher-id">1471-2105-6-185</article-id><article-id pub-id-type="pmid">16033659</article-id><article-id pub-id-type="doi">10.1186/1471-2105-6-185</article-id><article-categories><subj-group subj-group-type="heading"><subject>Software</subject></subj-group></article-categories><title-group><article-title>PSI-BLAST-ISS: an intermediate sequence search tool for estimation of the position-specific alignment reliability</article-title></title-group><contrib-group><contrib id="A1" contrib-type="author"><name><surname>Margelevičius</surname><given-names>Mindaugas</given-names></name><xref ref-type="aff" rid="I1">1</xref><email>minmar@ibt.lt</email></contrib><contrib id="A2" corresp="yes" contrib-type="author"><name><surname>Venclovas</surname><given-names>Česlovas</given-names></name><xref ref-type="aff" rid="I1">1</xref><email>venclovas@ibt.lt</email></contrib></contrib-group><aff id="I1"><label>1</label>Institute of Biotechnology, Graičiūno 8, LT-02241 Vilnius, Lithuania</aff><pub-date pub-type="collection"><year>2005</year></pub-date><pub-date pub-type="epub"><day>21</day><month>7</month><year>2005</year></pub-date><volume>6</volume><fpage>185</fpage><lpage>185</lpage><ext-link ext-link-type="uri" xlink:href="http://www.biomedcentral.com/1471-2105/6/185"/><history><date date-type="received"><day>17</day><month>3</month><year>2005</year></date><date date-type="accepted"><day>21</day><month>7</month><year>2005</year></date></history><permissions><copyright-statement>Copyright © 2005 Margelevičius and Venclovas; licensee BioMed Central Ltd.</copyright-statement><copyright-year>2005</copyright-year><copyright-holder>Margelevičius and Venclovas; licensee BioMed Central Ltd.</copyright-holder><license license-type="open-access" xlink:href="http://creativecommons.org/licenses/by/2.0"><p>This is an Open Access article distributed under the terms of the Creative Commons Attribution License (<ext-link ext-link-type="uri" xlink:href="http://creativecommons.org/licenses/by/2.0"/>), which permits unrestricted use, distribution, and reproduction in any medium, provided the original work is properly cited.</p><!--<rdf xmlns="http://web.resource.org/cc/" xmlns:rdf="http://www.w3.org/1999/02/22-rdf-syntax-ns#" xmlns:dc="http://purl.org/dc/elements/1.1" xmlns:dcterms="http://purl.org/dc/terms"><Work xmlns:dc="http://purl.org/dc/elements/1.1/" xmlns:dcterms="http://purl.org/dc/terms/" rdf:about=""><license rdf:resource="http://creativecommons.org/licenses/by/2.0"/><dc:type rdf:resource="http://purl.org/dc/dcmitype/Text"/><dc:author>
               Margelevi&#x0010d;ius
               Mindaugas
               
               minmar@ibt.lt
            </dc:author><dc:title>
            PSI-BLAST-ISS: an intermediate sequence search tool for estimation of the position-specific alignment reliability
         </dc:title><dc:date>2005</dc:date><dcterms:bibliographicCitation>BMC Bioinformatics 6(1): 185-. (2005)</dcterms:bibliographicCitation><dc:identifier type="sici">1471-2105(2005)6:1&#x0003c;185&#x0003e;</dc:identifier><dcterms:isPartOf>urn:ISSN:1471-2105</dcterms:isPartOf><License rdf:about="http://creativecommons.org/licenses/by/2.0"><permits rdf:resource="http://web.resource.org/cc/Reproduction" xmlns=""/><permits rdf:resource="http://web.resource.org/cc/Distribution" xmlns=""/><requires rdf:resource="http://web.resource.org/cc/Notice" xmlns=""/><requires rdf:resource="http://web.resource.org/cc/Attribution" xmlns=""/><permits rdf:resource="http://web.resource.org/cc/DerivativeWorks" xmlns=""/></License></Work></rdf>--></license></permissions><abstract><sec><title>Background</title><p>Protein sequence alignments have become indispensable for virtually any evolutionary, structural or functional study involving proteins. Modern sequence search and comparison methods combined with rapidly increasing sequence data often can reliably match even distantly related proteins that share little sequence similarity. However, even highly significant matches generally may have incorrectly aligned regions. Therefore when exact residue correspondence is used to transfer biological information from one aligned sequence to another, it is critical to know which alignment regions are reliable and which may contain alignment errors.</p></sec><sec><title>Results</title><p>PSI-BLAST-ISS is a standalone Unix-based tool designed to delineate reliable regions of sequence alignments as well as to suggest potential variants in unreliable regions. The region-specific reliability is assessed by producing multiple sequence alignments in different sequence contexts followed by the analysis of the consistency of alignment variants. The PSI-BLAST-ISS output enables the user to simultaneously analyze alignment reliability between query and multiple homologous sequences. In addition, PSI-BLAST-ISS can be used to detect distantly related homologous proteins. The software is freely available at: <ext-link ext-link-type="uri" xlink:href="http://www.ibt.lt/bioinformatics/iss"/>.</p></sec><sec><title>Conclusion</title><p>PSI-BLAST-ISS is an effective reliability assessment tool that can be useful in applications such as comparative modelling or analysis of individual sequence regions. It favorably compares with the existing similar software both in the performance and functional features.</p></sec></abstract></article-meta></front></article>