<article xmlns="https://dtd.nlm.nih.gov/ns/archiving/2.3/" xmlns:xsi="http://www.w3.org/2001/XMLSchema-instance" xmlns:mml="http://www.w3.org/1998/Math/MathML" xmlns:xlink="http://www.w3.org/1999/xlink" xsi:schemaLocation="https://dtd.nlm.nih.gov/ns/archiving/2.3/ https://dtd.nlm.nih.gov/archiving/2.3/xsd/archivearticle.xsd" article-type="research-article"><front><journal-meta><journal-id journal-id-type="nlm-ta">BMC Bioinformatics</journal-id><journal-title>BMC Bioinformatics</journal-title><issn pub-type="epub">1471-2105</issn><publisher><publisher-name>BioMed Central</publisher-name><publisher-loc>London</publisher-loc></publisher></journal-meta><article-meta><article-id pub-id-type="accession">PMC1180820</article-id><article-id pub-id-type="pmcid">PMC1180820</article-id><article-id pub-id-type="pmc-uid">1180820</article-id><article-id pub-id-type="pmid">15972097</article-id><article-id pub-id-type="publisher-id">1471-2105-6-157</article-id><article-id pub-id-type="pmid">15972097</article-id><article-id pub-id-type="doi">10.1186/1471-2105-6-157</article-id><article-categories><subj-group subj-group-type="heading"><subject>Research Article</subject></subj-group></article-categories><title-group><article-title>Contextual weighting for Support Vector Machines in literature mining: an application to gene versus protein name disambiguation</article-title></title-group><contrib-group><contrib id="A1" corresp="yes" contrib-type="author"><name><surname>Pahikkala</surname><given-names>Tapio</given-names></name><xref ref-type="aff" rid="I1">1</xref><email>tapio.pahikkala@it.utu.fi</email></contrib><contrib id="A2" contrib-type="author"><name><surname>Ginter</surname><given-names>Filip</given-names></name><xref ref-type="aff" rid="I1">1</xref><email>filip.ginter@it.utu.fi</email></contrib><contrib id="A3" contrib-type="author"><name><surname>Boberg</surname><given-names>Jorma</given-names></name><xref ref-type="aff" rid="I1">1</xref><email>jorma.boberg@it.utu.fi</email></contrib><contrib id="A4" contrib-type="author"><name><surname>Järvinen</surname><given-names>Jouni</given-names></name><xref ref-type="aff" rid="I1">1</xref><email>jouni.jarvinen@it.utu.fi</email></contrib><contrib id="A5" contrib-type="author"><name><surname>Salakoski</surname><given-names>Tapio</given-names></name><xref ref-type="aff" rid="I1">1</xref><email>tapio.salakoski@it.utu.fi</email></contrib></contrib-group><aff id="I1"><label>1</label>Department of Information Technology, University of Turku and Turku Centre for Computer Science (TUCS), Lemminkäisenkatu 14 A, 20520 Turku, Finland</aff><pub-date pub-type="collection"><year>2005</year></pub-date><pub-date pub-type="epub"><day>22</day><month>6</month><year>2005</year></pub-date><volume>6</volume><fpage>157</fpage><lpage>157</lpage><ext-link ext-link-type="uri" xlink:href="http://www.biomedcentral.com/1471-2105/6/157"/><history><date date-type="received"><day>12</day><month>7</month><year>2004</year></date><date date-type="accepted"><day>22</day><month>6</month><year>2005</year></date></history><permissions><copyright-statement>Copyright © 2005 Pahikkala et al; licensee BioMed Central Ltd.</copyright-statement><copyright-year>2005</copyright-year><copyright-holder>Pahikkala et al; licensee BioMed Central Ltd.</copyright-holder><license license-type="open-access" xlink:href="http://creativecommons.org/licenses/by/2.0"><p>This is an Open Access article distributed under the terms of the Creative Commons Attribution License (<ext-link ext-link-type="uri" xlink:href="http://creativecommons.org/licenses/by/2.0"/>), which permits unrestricted use, distribution, and reproduction in any medium, provided the original work is properly cited.</p><!--<rdf xmlns="http://web.resource.org/cc/" xmlns:rdf="http://www.w3.org/1999/02/22-rdf-syntax-ns#" xmlns:dc="http://purl.org/dc/elements/1.1" xmlns:dcterms="http://purl.org/dc/terms"><Work xmlns:dc="http://purl.org/dc/elements/1.1/" xmlns:dcterms="http://purl.org/dc/terms/" rdf:about=""><license rdf:resource="http://creativecommons.org/licenses/by/2.0"/><dc:type rdf:resource="http://purl.org/dc/dcmitype/Text"/><dc:author>
               Pahikkala
               Tapio
               
               tapio.pahikkala@it.utu.fi
            </dc:author><dc:title>
            Contextual weighting for Support Vector Machines in literature mining: an application to gene versus protein name disambiguation
         </dc:title><dc:date>2005</dc:date><dcterms:bibliographicCitation>BMC Bioinformatics 6(1): 157-. (2005)</dcterms:bibliographicCitation><dc:identifier type="sici">1471-2105(2005)6:1&#x0003c;157&#x0003e;</dc:identifier><dcterms:isPartOf>urn:ISSN:1471-2105</dcterms:isPartOf><License rdf:about="http://creativecommons.org/licenses/by/2.0"><permits rdf:resource="http://web.resource.org/cc/Reproduction" xmlns=""/><permits rdf:resource="http://web.resource.org/cc/Distribution" xmlns=""/><requires rdf:resource="http://web.resource.org/cc/Notice" xmlns=""/><requires rdf:resource="http://web.resource.org/cc/Attribution" xmlns=""/><permits rdf:resource="http://web.resource.org/cc/DerivativeWorks" xmlns=""/></License></Work></rdf>--></license></permissions><abstract><sec><title>Background</title><p>The ability to distinguish between genes and proteins is essential for understanding biological text. Support Vector Machines (SVMs) have been proven to be very efficient in general data mining tasks. We explore their capability for the gene versus protein name disambiguation task.</p></sec><sec><title>Results</title><p>We incorporated into the conventional SVM a weighting scheme based on distances of context words from the word to be disambiguated. This weighting scheme increased the performance of SVMs by five percentage points giving performance better than 85% as measured by the area under ROC curve and outperformed the Weighted Additive Classifier, which also incorporates the weighting, and the Naive Bayes classifier.</p></sec><sec><title>Conclusion</title><p>We show that the performance of SVMs can be improved by the proposed weighting scheme. Furthermore, our results suggest that in this study the increase of the classification performance due to the weighting is greater than that obtained by selecting the underlying classifier or the kernel part of the SVM.</p></sec></abstract></article-meta></front></article>