<article xmlns="https://dtd.nlm.nih.gov/ns/archiving/2.3/" xmlns:xsi="http://www.w3.org/2001/XMLSchema-instance" xmlns:mml="http://www.w3.org/1998/Math/MathML" xmlns:xlink="http://www.w3.org/1999/xlink" xsi:schemaLocation="https://dtd.nlm.nih.gov/ns/archiving/2.3/ https://dtd.nlm.nih.gov/archiving/2.3/xsd/archivearticle.xsd" article-type="product-review"><front><journal-meta><journal-id journal-id-type="nlm-ta">BMC Bioinformatics</journal-id><journal-title>BMC Bioinformatics</journal-title><issn pub-type="epub">1471-2105</issn><publisher><publisher-name>BioMed Central</publisher-name><publisher-loc>London</publisher-loc></publisher></journal-meta><article-meta><article-id pub-id-type="accession">PMC1190154</article-id><article-id pub-id-type="pmcid">PMC1190154</article-id><article-id pub-id-type="pmc-uid">1190154</article-id><article-id pub-id-type="pmid">15998470</article-id><article-id pub-id-type="publisher-id">1471-2105-6-168</article-id><article-id pub-id-type="pmid">15998470</article-id><article-id pub-id-type="doi">10.1186/1471-2105-6-168</article-id><article-categories><subj-group subj-group-type="heading"><subject>Software</subject></subj-group></article-categories><title-group><article-title>High-Throughput GoMiner, an 'industrial-strength' integrative gene ontology tool for interpretation of multiple-microarray experiments, with application to studies of Common Variable Immune Deficiency (CVID)</article-title></title-group><contrib-group><contrib id="A1" equal-contrib="yes" contrib-type="author"><name><surname>Zeeberg</surname><given-names>Barry R</given-names></name><xref ref-type="aff" rid="I1">1</xref><email>barry@discover.nci.nih.gov</email></contrib><contrib id="A2" equal-contrib="yes" contrib-type="author"><name><surname>Qin</surname><given-names>Haiying</given-names></name><xref ref-type="aff" rid="I2">2</xref><email>qinh@mail.nih.gov</email></contrib><contrib id="A3" contrib-type="author"><name><surname>Narasimhan</surname><given-names>Sudarshan</given-names></name><xref ref-type="aff" rid="I3">3</xref><email>naraisms@mail.nih.gov</email></contrib><contrib id="A4" contrib-type="author"><name><surname>Sunshine</surname><given-names>Margot</given-names></name><xref ref-type="aff" rid="I3">3</xref><email>margots@mail.nih.gov</email></contrib><contrib id="A5" contrib-type="author"><name><surname>Cao</surname><given-names>Hong</given-names></name><xref ref-type="aff" rid="I3">3</xref><email>caohong@mail.nih.gov</email></contrib><contrib id="A6" contrib-type="author"><name><surname>Kane</surname><given-names>David W</given-names></name><xref ref-type="aff" rid="I3">3</xref><email>David_Kane@sra.com</email></contrib><contrib id="A7" contrib-type="author"><name><surname>Reimers</surname><given-names>Mark</given-names></name><xref ref-type="aff" rid="I3">3</xref><email>reimersm@mail.nih.gov</email></contrib><contrib id="A8" contrib-type="author"><name><surname>Stephens</surname><given-names>Robert M</given-names></name><xref ref-type="aff" rid="I4">4</xref><email>bobs@ncifcrf.gov</email></contrib><contrib id="A9" contrib-type="author"><name><surname>Bryant</surname><given-names>David</given-names></name><xref ref-type="aff" rid="I4">4</xref><email>bryantd@ncifcrf.gov</email></contrib><contrib id="A10" contrib-type="author"><name><surname>Burt</surname><given-names>Stanley K</given-names></name><xref ref-type="aff" rid="I4">4</xref><email>sb314f@nih.gov</email></contrib><contrib id="A11" contrib-type="author"><name><surname>Elnekave</surname><given-names>Eldad</given-names></name><xref ref-type="aff" rid="I5">5</xref><email>EElnekave@niaid.nih.gov</email></contrib><contrib id="A12" contrib-type="author"><name><surname>Hari</surname><given-names>Danielle M</given-names></name><xref ref-type="aff" rid="I5">5</xref><email>danielle@aol.com</email></contrib><contrib id="A13" contrib-type="author"><name><surname>Wynn</surname><given-names>Thomas A</given-names></name><xref ref-type="aff" rid="I5">5</xref><email>twynn@niaid.nih.gov</email></contrib><contrib id="A14" contrib-type="author"><name><surname>Cunningham-Rundles</surname><given-names>Charlotte</given-names></name><xref ref-type="aff" rid="I6">6</xref><email>charlotte.cunningham-rundles@mssm.edu</email></contrib><contrib id="A15" contrib-type="author"><name><surname>Stewart</surname><given-names>Donn M</given-names></name><xref ref-type="aff" rid="I2">2</xref><email>dstew@helix.nih.gov</email></contrib><contrib id="A16" contrib-type="author"><name><surname>Nelson</surname><given-names>David</given-names></name><xref ref-type="aff" rid="I2">2</xref><email>dln@helix.nih.gov</email></contrib><contrib id="A17" corresp="yes" contrib-type="author"><name><surname>Weinstein</surname><given-names>John N</given-names></name><xref ref-type="aff" rid="I1">1</xref><email>weinstein@dtpax2.ncifcrf.gov</email></contrib></contrib-group><aff id="I1"><label>1</label>Genomics and Bioinformatics Group, Laboratory of Molecular Pharmacology, National Cancer Institute, National Institutes of Health, Bethesda, MD 20892, USA</aff><aff id="I2"><label>2</label>Metabolism Branch, National Cancer Institute, National Institutes of Health, Bethesda, MD 20892, USA</aff><aff id="I3"><label>3</label>SRA International, 4300 Fair Lakes CT, Fairfax, VA 22033, USA</aff><aff id="I4"><label>4</label>Advanced Biomedical Computing Center, National Cancer Institute at Frederick, SAIC Frederick, PO Box B, Frederick, MD, 21702, USA</aff><aff id="I5"><label>5</label>Laboratory of Parasitic Disease, National Institute of Allergy and Infectious Diseases, National Institutes of Health, Bethesda, MD 20892, USA</aff><aff id="I6"><label>6</label>The Mount Sinai Medical Center, 1425 Madison Avenue, New York, NY 10029, USA</aff><pub-date pub-type="collection"><year>2005</year></pub-date><pub-date pub-type="epub"><day>5</day><month>7</month><year>2005</year></pub-date><volume>6</volume><fpage>168</fpage><lpage>168</lpage><ext-link ext-link-type="uri" xlink:href="http://www.biomedcentral.com/1471-2105/6/168"/><history><date date-type="received"><day>23</day><month>2</month><year>2005</year></date><date date-type="accepted"><day>5</day><month>7</month><year>2005</year></date></history><permissions><copyright-statement>Copyright © 2005 Zeeberg et al; licensee BioMed Central Ltd.</copyright-statement><copyright-year>2005</copyright-year><copyright-holder>Zeeberg et al; licensee BioMed Central Ltd.</copyright-holder><license license-type="open-access" xlink:href="http://creativecommons.org/licenses/by/2.0"><p>This is an Open Access article distributed under the terms of the Creative Commons Attribution License (<ext-link ext-link-type="uri" xlink:href="http://creativecommons.org/licenses/by/2.0"/>), which permits unrestricted use, distribution, and reproduction in any medium, provided the original work is properly cited.</p><!--<rdf xmlns="http://web.resource.org/cc/" xmlns:rdf="http://www.w3.org/1999/02/22-rdf-syntax-ns#" xmlns:dc="http://purl.org/dc/elements/1.1" xmlns:dcterms="http://purl.org/dc/terms"><Work xmlns:dc="http://purl.org/dc/elements/1.1/" xmlns:dcterms="http://purl.org/dc/terms/" rdf:about=""><license rdf:resource="http://creativecommons.org/licenses/by/2.0"/><dc:type rdf:resource="http://purl.org/dc/dcmitype/Text"/><dc:author>
               Zeeberg
               R
               Barry
               
               barry@discover.nci.nih.gov
            </dc:author><dc:title>
            High-Throughput GoMiner, an 'industrial-strength' integrative gene ontology tool for interpretation of multiple-microarray experiments, with application to studies of Common Variable Immune Deficiency (CVID)
         </dc:title><dc:date>2005</dc:date><dcterms:bibliographicCitation>BMC Bioinformatics 6(1): 168-. (2005)</dcterms:bibliographicCitation><dc:identifier type="sici">1471-2105(2005)6:1&#x0003c;168&#x0003e;</dc:identifier><dcterms:isPartOf>urn:ISSN:1471-2105</dcterms:isPartOf><License rdf:about="http://creativecommons.org/licenses/by/2.0"><permits rdf:resource="http://web.resource.org/cc/Reproduction" xmlns=""/><permits rdf:resource="http://web.resource.org/cc/Distribution" xmlns=""/><requires rdf:resource="http://web.resource.org/cc/Notice" xmlns=""/><requires rdf:resource="http://web.resource.org/cc/Attribution" xmlns=""/><permits rdf:resource="http://web.resource.org/cc/DerivativeWorks" xmlns=""/></License></Work></rdf>--></license></permissions><abstract><sec><title>Background</title><p>We previously developed GoMiner, an application that organizes lists of 'interesting' genes (for example, under-and overexpressed genes from a microarray experiment) for biological interpretation in the context of the Gene Ontology. The original version of GoMiner was oriented toward visualization and interpretation of the results from a single microarray (or other high-throughput experimental platform), using a graphical user interface. Although that version can be used to examine the results from a number of microarrays one at a time, that is a rather tedious task, and original GoMiner includes no apparatus for obtaining a global picture of results from an experiment that consists of multiple microarrays. We wanted to provide a computational resource that automates the analysis of multiple microarrays and then integrates the results across all of them in useful exportable output files and visualizations.</p></sec><sec><title>Results</title><p>We now introduce a new tool, High-Throughput GoMiner, that has those capabilities and a number of others: It (i) efficiently performs the computationally-intensive task of automated batch processing of an arbitrary number of microarrays, (ii) produces a human-or computer-readable report that rank-orders the multiple microarray results according to the number of significant GO categories, (iii) integrates the multiple microarray results by providing organized, global clustered image map visualizations of the relationships of significant GO categories, (iv) provides a fast form of 'false discovery rate' multiple comparisons calculation, and (v) provides annotations and visualizations for relating transcription factor binding sites to genes and GO categories.</p></sec><sec><title>Conclusion</title><p>High-Throughput GoMiner achieves the desired goal of providing a computational resource that automates the analysis of multiple microarrays and integrates results across all of the microarrays. For illustration, we show an application of this new tool to the interpretation of altered gene expression patterns in Common Variable Immune Deficiency (CVID). High-Throughput GoMiner will be useful in a wide range of applications, including the study of time-courses, evaluation of multiple drug treatments, comparison of multiple gene knock-outs or knock-downs, and screening of large numbers of chemical derivatives generated from a promising lead compound.</p></sec></abstract></article-meta></front></article>