<article xmlns="https://dtd.nlm.nih.gov/ns/archiving/2.3/" xmlns:xsi="http://www.w3.org/2001/XMLSchema-instance" xmlns:mml="http://www.w3.org/1998/Math/MathML" xmlns:xlink="http://www.w3.org/1999/xlink" xsi:schemaLocation="https://dtd.nlm.nih.gov/ns/archiving/2.3/ https://dtd.nlm.nih.gov/archiving/2.3/xsd/archivearticle.xsd" article-type="product-review"><front><journal-meta><journal-id journal-id-type="nlm-ta">BMC Bioinformatics</journal-id><journal-title>BMC Bioinformatics</journal-title><issn pub-type="epub">1471-2105</issn><publisher><publisher-name>BioMed Central</publisher-name><publisher-loc>London</publisher-loc></publisher></journal-meta><article-meta><article-id pub-id-type="accession">PMC1182355</article-id><article-id pub-id-type="pmcid">PMC1182355</article-id><article-id pub-id-type="pmc-uid">1182355</article-id><article-id pub-id-type="pmid">16011796</article-id><article-id pub-id-type="publisher-id">1471-2105-6-170</article-id><article-id pub-id-type="pmid">16011796</article-id><article-id pub-id-type="doi">10.1186/1471-2105-6-170</article-id><article-categories><subj-group subj-group-type="heading"><subject>Software</subject></subj-group></article-categories><title-group><article-title>SeqX: a tool to detect, analyze and visualize residue co-locations in protein and nucleic acid structures</article-title></title-group><contrib-group><contrib id="A1" corresp="yes" contrib-type="author"><name><surname>Biro</surname><given-names>Jan C</given-names></name><xref ref-type="aff" rid="I1">1</xref><email>jan.biro@sbcglobal.net</email></contrib><contrib id="A2" contrib-type="author"><name><surname>Fördös</surname><given-names>Gergely</given-names></name><xref ref-type="aff" rid="I2">2</xref><email>fordos@bio.iit.bme.hu</email></contrib></contrib-group><aff id="I1"><label>1</label>Homulus Foundation, 88 Howard, #1205, San Francisco, CA 94 105-1649, USA</aff><aff id="I2"><label>2</label>Department of Control Engineering and Information Technology, Budapest University of Technology and Economics, Magyar tudósok körútja 2. Budapest 1117, Hungary</aff><pub-date pub-type="collection"><year>2005</year></pub-date><pub-date pub-type="epub"><day>12</day><month>7</month><year>2005</year></pub-date><volume>6</volume><fpage>170</fpage><lpage>170</lpage><ext-link ext-link-type="uri" xlink:href="http://www.biomedcentral.com/1471-2105/6/170"/><history><date date-type="received"><day>11</day><month>2</month><year>2005</year></date><date date-type="accepted"><day>12</day><month>7</month><year>2005</year></date></history><permissions><copyright-statement>Copyright © 2005 Biro and Fördös; licensee BioMed Central Ltd.</copyright-statement><copyright-year>2005</copyright-year><copyright-holder>Biro and Fördös; licensee BioMed Central Ltd.</copyright-holder><license license-type="open-access" xlink:href="http://creativecommons.org/licenses/by/2.0"><p>This is an Open Access article distributed under the terms of the Creative Commons Attribution License (<ext-link ext-link-type="uri" xlink:href="http://creativecommons.org/licenses/by/2.0"/>), which permits unrestricted use, distribution, and reproduction in any medium, provided the original work is properly cited.</p><!--<rdf xmlns="http://web.resource.org/cc/" xmlns:rdf="http://www.w3.org/1999/02/22-rdf-syntax-ns#" xmlns:dc="http://purl.org/dc/elements/1.1" xmlns:dcterms="http://purl.org/dc/terms"><Work xmlns:dc="http://purl.org/dc/elements/1.1/" xmlns:dcterms="http://purl.org/dc/terms/" rdf:about=""><license rdf:resource="http://creativecommons.org/licenses/by/2.0"/><dc:type rdf:resource="http://purl.org/dc/dcmitype/Text"/><dc:author>
               Biro
               C
               Jan
               
               jan.biro@sbcglobal.net
            </dc:author><dc:title>
            SeqX: a tool to detect, analyze and visualize residue co-locations in protein and nucleic acid structures
         </dc:title><dc:date>2005</dc:date><dcterms:bibliographicCitation>BMC Bioinformatics 6(1): 170-. (2005)</dcterms:bibliographicCitation><dc:identifier type="sici">1471-2105(2005)6:1&#x0003c;170&#x0003e;</dc:identifier><dcterms:isPartOf>urn:ISSN:1471-2105</dcterms:isPartOf><License rdf:about="http://creativecommons.org/licenses/by/2.0"><permits rdf:resource="http://web.resource.org/cc/Reproduction" xmlns=""/><permits rdf:resource="http://web.resource.org/cc/Distribution" xmlns=""/><requires rdf:resource="http://web.resource.org/cc/Notice" xmlns=""/><requires rdf:resource="http://web.resource.org/cc/Attribution" xmlns=""/><permits rdf:resource="http://web.resource.org/cc/DerivativeWorks" xmlns=""/></License></Work></rdf>--></license></permissions><abstract><sec><title>Background</title><p>The interacting residues of protein and nucleic acid sequences are close to each other – they are co-located. Structure databases (like Protein Data Bank, PDB and Nucleic Acid Data Bank, NDB) contain all information about these co-locations; however it is not an easy task to penetrate this complex information. We developed a JAVA tool, called SeqX for this purpose.</p></sec><sec><title>Results</title><p>SeqX tool is useful to detect, analyze and visualize residue co-locations in protein and nucleic acid structures. The user</p><p>a. selects a structure from PDB;</p><p>b. chooses an atom that is commonly present in every residues of the nucleic acid and/or protein structure(s)</p><p>c. defines a distance from these atoms (3–15 Å). The SeqX tool detects every residue that is located within the defined distances from the defined "backbone" atom(s); provides a DotPlot-like visualization (Residues Contact Map), and calculates the frequency of every possible residue pairs (Residue Contact Table) in the observed structure. It is possible to exclude +/- 1 to 10 neighbor residues in the same polymeric chain from detection, which greatly improves the specificity of detections (up to 60% when tested on dsDNA). Results obtained on protein structures showed highly significant correlations with results obtained from literature (p &lt; 0.0001, n = 210, four different subsets). The co-location frequency of physico-chemically compatible amino acids is significantly higher than is calculated and expected in random protein sequences (p &lt; 0.0001, n = 80).</p></sec><sec><title>Conclusion</title><p>The tool is simple and easy to use and provides a quick and reliable visualization and analyses of residue co-locations in protein and nucleic acid structures.</p></sec><sec><title>Availability and requirements</title><p><ext-link ext-link-type="uri" xlink:href="http://janbiro.com/Downloads.html"/> SeqX, Java J2SE Runtime Environment 5.0 (available from [see <xref ref-type="supplementary-material" rid="S1">Additional file 1</xref>] <ext-link ext-link-type="uri" xlink:href="http://www.sun.com"/>) and at least a 1 GHz processor and with a minimum 256 Mb RAM. Source codes are available from the authors.</p></sec></abstract></article-meta></front></article>