<article xmlns="https://jats.nlm.nih.gov/ns/archiving/1.2/" xmlns:xsi="http://www.w3.org/2001/XMLSchema-instance" xmlns:mml="http://www.w3.org/1998/Math/MathML" xmlns:xlink="http://www.w3.org/1999/xlink" xsi:schemaLocation="https://jats.nlm.nih.gov/ns/archiving/1.2/ https://jats.nlm.nih.gov/archiving/1.2/xsd/JATS-archivearticle1.xsd" article-type="research-article"><front><journal-meta><journal-id journal-id-type="nlm-ta">BMC Bioinformatics</journal-id><journal-title-group><journal-title>BMC Bioinformatics</journal-title></journal-title-group><issn pub-type="epub">1471-2105</issn><publisher><publisher-name>BioMed Central</publisher-name></publisher></journal-meta><article-meta><article-id pub-id-type="accession">PMC137598</article-id><article-id pub-id-type="pmcid">PMC137598</article-id><article-id pub-id-type="pmc-uid">137598</article-id><article-id pub-id-type="pmid">12387731</article-id><article-id pub-id-type="publisher-id">1471-2105-3-28</article-id><article-id pub-id-type="pmid">12387731</article-id><article-id pub-id-type="doi">10.1186/1471-2105-3-28</article-id><article-categories><subj-group subj-group-type="heading"><subject>Methodology article</subject></subj-group></article-categories><title-group><article-title>Efficient Boolean implementation of universal sequence maps (bUSM)</article-title></title-group><contrib-group><contrib contrib-type="author" id="A1"><name><surname>Schwacke</surname><given-names>John</given-names></name><xref ref-type="aff" rid="I1">1</xref><email>schwacke@musc.edu</email></contrib><contrib contrib-type="author" corresp="yes" id="A2"><name><surname>Almeida</surname><given-names>Jonas S</given-names></name><xref ref-type="aff" rid="I1">1</xref><email>almeidaj@musc.edu</email></contrib></contrib-group><aff id="I1"><label>1</label>Department of Biometry and Epidemiology, Medical University of South Carolina, 135 Cannon Street, Suite 303, PO Box 250835, Charleston SC 29425, USA</aff><pub-date pub-type="collection"><year>2002</year></pub-date><pub-date pub-type="epub"><day>21</day><month>10</month><year>2002</year></pub-date><volume>3</volume><fpage>28</fpage><lpage>28</lpage><history><date date-type="received"><day>2</day><month>7</month><year>2002</year></date><date date-type="accepted"><day>21</day><month>10</month><year>2002</year></date></history><permissions><copyright-statement>Copyright ©2002 Schwacke and Almeida; licensee BioMed Central Ltd. This is an Open Access article: verbatim copying and redistribution of this article are permitted in all media for any purpose, provided this notice is preserved along with the article's original URL.</copyright-statement><copyright-year>2002</copyright-year><copyright-holder>Schwacke and Almeida; licensee BioMed Central Ltd. This is an Open Access article: verbatim copying and redistribution of this article are permitted in all media for any purpose, provided this notice is preserved along with the article's original URL.</copyright-holder></permissions><self-uri xlink:href="http://www.biomedcentral.com/1471-2105/3/28"/><abstract><sec><title>Background</title><p>Recently, Almeida and Vinga offered a new approach for the representation of arbitrary discrete sequences, referred to as Universal Sequence Maps (USM), and discussed its applicability to genomic sequence analysis. Their work generalizes and extends Chaos Game Representation (CGR) of DNA for arbitrary discrete sequences.</p></sec><sec><title>Results</title><p>We have considered issues associated with the practical implementation of USMs and offer a variation on the algorithm that: 1) eliminates the overestimation of similar segment lengths, 2) permits the identification of arbitrarily long similar segments in the context of finite word length coordinate representations, 3) uses more computationally efficient operations, and 4) provides a simple conversion for recovering the USM coordinates. Computational performance comparisons and examples are provided.</p></sec><sec><title>Conclusions</title><p>We have shown that the desirable properties of the USM encoding of nucleotide sequences can be retained in a practical implementation of the algorithm. In addition, the proposed implementation enables determination of local sequence identity at increased speed.</p></sec></abstract></article-meta></front></article>