<article xmlns="https://dtd.nlm.nih.gov/ns/archiving/2.3/" xmlns:xsi="http://www.w3.org/2001/XMLSchema-instance" xmlns:mml="http://www.w3.org/1998/Math/MathML" xmlns:xlink="http://www.w3.org/1999/xlink" xsi:schemaLocation="https://dtd.nlm.nih.gov/ns/archiving/2.3/ https://dtd.nlm.nih.gov/archiving/2.3/xsd/archivearticle.xsd" article-type="research-article"><front><journal-meta><journal-id journal-id-type="nlm-ta">BMC Bioinformatics</journal-id><journal-title>BMC Bioinformatics</journal-title><issn pub-type="epub">1471-2105</issn><publisher><publisher-name>BioMed Central</publisher-name><publisher-loc>London</publisher-loc></publisher></journal-meta><article-meta><article-id pub-id-type="accession">PMC1097715</article-id><article-id pub-id-type="pmcid">PMC1097715</article-id><article-id pub-id-type="pmc-uid">1097715</article-id><article-id pub-id-type="pmid">15819989</article-id><article-id pub-id-type="publisher-id">1471-2105-6-92</article-id><article-id pub-id-type="pmid">15819989</article-id><article-id pub-id-type="doi">10.1186/1471-2105-6-92</article-id><article-categories><subj-group subj-group-type="heading"><subject>Research Article</subject></subj-group></article-categories><title-group><article-title>Shortest triplet clustering: reconstructing large phylogenies using representative sets</article-title></title-group><contrib-group><contrib id="A1" contrib-type="author"><name><surname>Sy Vinh</surname><given-names>Le</given-names></name><xref ref-type="aff" rid="I2">2</xref><email>vinh@cs.uni-duesseldorf.de</email></contrib><contrib id="A2" corresp="yes" contrib-type="author"><name><surname>von Haeseler</surname><given-names>Arndt</given-names></name><xref ref-type="aff" rid="I1">1</xref><xref ref-type="aff" rid="I2">2</xref><email>haeseler@cs.uni-duesseldorf.de</email></contrib></contrib-group><aff id="I1"><label>1</label>Heinrich-Heine-Universität Düsseldorf, WE Informatik, Universitätstr. 1, D-040225 Düsseldorf, Germany</aff><aff id="I2"><label>2</label>Forschungszentrum Jülich, Germany</aff><pub-date pub-type="collection"><year>2005</year></pub-date><pub-date pub-type="epub"><day>8</day><month>4</month><year>2005</year></pub-date><volume>6</volume><fpage>92</fpage><lpage>92</lpage><ext-link ext-link-type="uri" xlink:href="http://www.biomedcentral.com/1471-2105/6/92"/><history><date date-type="received"><day>29</day><month>11</month><year>2004</year></date><date date-type="accepted"><day>8</day><month>4</month><year>2005</year></date></history><copyright-statement>Copyright © 2005 Sy Vinh and von Haeseler; licensee BioMed Central Ltd.</copyright-statement><license license-type="open-access" xlink:href="http://creativecommons.org/licenses/by/2.0"><p>This is an Open Access article distributed under the terms of the Creative Commons Attribution License (<ext-link ext-link-type="uri" xlink:href="http://creativecommons.org/licenses/by/2.0"/>), which permits unrestricted use, distribution, and reproduction in any medium, provided the original work is properly cited.</p></license><abstract><sec><title>Background</title><p>Understanding the evolutionary relationships among species based on their genetic information is one of the primary objectives in phylogenetic analysis. Reconstructing phylogenies for large data sets is still a challenging task in Bioinformatics.</p></sec><sec><title>Results</title><p>We propose a new distance-based clustering method, <italic>the shortest triplet clustering algorithm (STC)</italic>, to reconstruct phylogenies. The main idea is the introduction of a natural definition of so-called <italic>k-representative sets</italic>. Based on <italic>k</italic>-representative sets, <italic>shortest triplets </italic>are reconstructed and serve as building blocks for the STC algorithm to agglomerate sequences for tree reconstruction in <italic>O</italic>(<italic>n</italic><sup>2</sup>) time for <italic>n </italic>sequences.</p><p>Simulations show that STC gives better topological accuracy than other tested methods that also build a first starting tree. STC appears as a very good method to start the tree reconstruction. However, all tested methods give similar results if balanced nearest neighbor interchange (BNNI) is applied as a post-processing step. BNNI leads to an improvement in all instances. The program is available at <ext-link ext-link-type="uri" xlink:href="http://www.bi.uni-duesseldorf.de/software/stc/"/>.</p></sec><sec><title>Conclusion</title><p>The results demonstrate that the new approach efficiently reconstructs phylogenies for large data sets. We found that BNNI boosts the topological accuracy of all methods including STC, therefore, one should use BNNI as a post-processing step to get better topological accuracy.</p></sec></abstract></article-meta></front></article>