<article xmlns="https://dtd.nlm.nih.gov/ns/archiving/2.3/" xmlns:xsi="http://www.w3.org/2001/XMLSchema-instance" xmlns:mml="http://www.w3.org/1998/Math/MathML" xmlns:xlink="http://www.w3.org/1999/xlink" xsi:schemaLocation="https://dtd.nlm.nih.gov/ns/archiving/2.3/ https://dtd.nlm.nih.gov/archiving/2.3/xsd/archivearticle.xsd" article-type="research-article"><front><journal-meta><journal-id journal-id-type="nlm-ta">BMC Bioinformatics</journal-id><journal-title>BMC Bioinformatics</journal-title><issn pub-type="epub">1471-2105</issn><publisher><publisher-name>BioMed Central</publisher-name><publisher-loc>London</publisher-loc></publisher></journal-meta><article-meta><article-id pub-id-type="accession">PMC1173089</article-id><article-id pub-id-type="pmcid">PMC1173089</article-id><article-id pub-id-type="pmc-uid">1173089</article-id><article-id pub-id-type="pmid">15941477</article-id><article-id pub-id-type="publisher-id">1471-2105-6-142</article-id><article-id pub-id-type="pmid">15941477</article-id><article-id pub-id-type="doi">10.1186/1471-2105-6-142</article-id><article-categories><subj-group subj-group-type="heading"><subject>Commentary</subject></subj-group></article-categories><title-group><article-title>Which gene did you mean?</article-title></title-group><contrib-group><contrib id="A1" corresp="yes" contrib-type="author"><name><surname>Mons</surname><given-names>Barend</given-names></name><xref ref-type="aff" rid="I1">1</xref><xref ref-type="aff" rid="I2">2</xref><email>b.mons@erasmusmc.nl</email></contrib></contrib-group><aff id="I1"><label>1</label>Biosemantics Group Rotterdam, Department of Medical Informatics, Erasmus MC – University Medical Center Rotterdam, P.O. Box 1738, NL-3000 DR Rotterdam, the Netherlands</aff><aff id="I2"><label>2</label>MGC – Human and Clinical Genetics, Leiden University Medical Center, Wassenaarseweg 72, 2333AL LEIDEN, the Netherlands</aff><pub-date pub-type="collection"><year>2005</year></pub-date><pub-date pub-type="epub"><day>7</day><month>6</month><year>2005</year></pub-date><volume>6</volume><fpage>142</fpage><lpage>142</lpage><ext-link ext-link-type="uri" xlink:href="http://www.biomedcentral.com/1471-2105/6/142"/><history><date date-type="received"><day>26</day><month>5</month><year>2005</year></date><date date-type="accepted"><day>7</day><month>6</month><year>2005</year></date></history><copyright-statement>Copyright © 2005 Mons; licensee BioMed Central Ltd.</copyright-statement><license license-type="open-access" xlink:href="http://creativecommons.org/licenses/by/2.0"><p>This is an Open Access article distributed under the terms of the Creative Commons Attribution License (<ext-link ext-link-type="uri" xlink:href="http://creativecommons.org/licenses/by/2.0"/>), which permits unrestricted use, distribution, and reproduction in any medium, provided the original work is properly cited.</p></license><abstract><p>Computational Biology needs computer-readable information records. Increasingly, meta-analysed and pre-digested information is being used in the follow up of high throughput experiments and other investigations that yield massive data sets. Semantic enrichment of plain text is crucial for computer aided analysis. In general people will think about semantic tagging as just another form of text mining, and that term has quite a negative connotation in the minds of some biologists who have been disappointed by classical approaches of text mining. Efforts so far have tried to develop tools and technologies that retrospectively extract the correct information from text, which is usually full of ambiguities. Although remarkable results have been obtained in experimental circumstances, the wide spread use of information mining tools is lagging behind earlier expectations. This commentary proposes to make semantic tagging an integral process to electronic publishing.</p></abstract></article-meta></front></article>