<article xmlns="https://dtd.nlm.nih.gov/ns/archiving/2.3/" xmlns:xsi="http://www.w3.org/2001/XMLSchema-instance" xmlns:mml="http://www.w3.org/1998/Math/MathML" xmlns:xlink="http://www.w3.org/1999/xlink" xsi:schemaLocation="https://dtd.nlm.nih.gov/ns/archiving/2.3/ https://dtd.nlm.nih.gov/archiving/2.3/xsd/archivearticle.xsd" article-type="research-article"><front><journal-meta><journal-id journal-id-type="nlm-ta">BMC Bioinformatics</journal-id><journal-title>BMC Bioinformatics</journal-title><issn pub-type="epub">1471-2105</issn><publisher><publisher-name>BioMed Central</publisher-name><publisher-loc>London</publisher-loc></publisher></journal-meta><article-meta><article-id pub-id-type="accession">PMC1131890</article-id><article-id pub-id-type="pmcid">PMC1131890</article-id><article-id pub-id-type="pmc-uid">1131890</article-id><article-id pub-id-type="pmid">15869708</article-id><article-id pub-id-type="publisher-id">1471-2105-6-111</article-id><article-id pub-id-type="pmid">15869708</article-id><article-id pub-id-type="doi">10.1186/1471-2105-6-111</article-id><article-categories><subj-group subj-group-type="heading"><subject>Research Article</subject></subj-group></article-categories><title-group><article-title>Refined repetitive sequence searches utilizing a fast hash function and cross species information retrievals</article-title></title-group><contrib-group><contrib id="A1" contrib-type="author"><name><surname>Reneker</surname><given-names>Jeff</given-names></name><xref ref-type="aff" rid="I1">1</xref><xref ref-type="aff" rid="I2">2</xref><email>jeff@diglib1.cecs.missouri.edu</email></contrib><contrib id="A2" corresp="yes" contrib-type="author"><name><surname>Shyu</surname><given-names>Chi-Ren</given-names></name><xref ref-type="aff" rid="I1">1</xref><xref ref-type="aff" rid="I2">2</xref><email>shyuc@missouri.edu</email></contrib></contrib-group><aff id="I1"><label>1</label>Department of Computer Science, University of Missouri, Columbia, USA</aff><aff id="I2"><label>2</label>Department of Health Management &amp; Informatics, University of Missouri, Columbia, USA</aff><pub-date pub-type="collection"><year>2005</year></pub-date><pub-date pub-type="epub"><day>3</day><month>5</month><year>2005</year></pub-date><volume>6</volume><fpage>111</fpage><lpage>111</lpage><ext-link ext-link-type="uri" xlink:href="http://www.biomedcentral.com/1471-2105/6/111"/><history><date date-type="received"><day>28</day><month>12</month><year>2004</year></date><date date-type="accepted"><day>3</day><month>5</month><year>2005</year></date></history><copyright-statement>Copyright © 2005 Reneker and Shyu; licensee BioMed Central Ltd.</copyright-statement><license license-type="open-access" xlink:href="http://creativecommons.org/licenses/by/2.0"><p>This is an Open Access article distributed under the terms of the Creative Commons Attribution License (<ext-link ext-link-type="uri" xlink:href="http://creativecommons.org/licenses/by/2.0"/>), which permits unrestricted use, distribution, and reproduction in any medium, provided the original work is properly cited.</p></license><abstract><sec><title>Background</title><p>Searching for small tandem/disperse repetitive DNA sequences streamlines many biomedical research processes. For instance, whole genomic array analysis in yeast has revealed 22 PHO-regulated genes. The promoter regions of all but one of them contain at least one of the two core Pho4p binding sites, CACGTG and CACGTT. In humans, microsatellites play a role in a number of rare neurodegenerative diseases such as spinocerebellar ataxia type 1 (SCA1). SCA1 is a hereditary neurodegenerative disease caused by an expanded CAG repeat in the coding sequence of the gene. In bacterial pathogens, microsatellites are proposed to regulate expression of some virulence factors. For example, bacteria commonly generate intra-strain diversity through phase variation which is strongly associated with virulence determinants. A recent analysis of the complete sequences of the <italic>Helicobacter pylori </italic>strains 26695 and J99 has identified 46 putative phase-variable genes among the two genomes through their association with homopolymeric tracts and dinucleotide repeats. Life scientists are increasingly interested in studying the function of small sequences of DNA. However, current search algorithms often generate thousands of matches – most of which are irrelevant to the researcher.</p></sec><sec><title>Results</title><p>We present our hash function as well as our search algorithm to locate small sequences of DNA within multiple genomes. Our system applies information retrieval algorithms to discover knowledge of cross-species conservation of repeat sequences. We discuss our incorporation of the Gene Ontology (GO) database into these algorithms. We conduct an exhaustive time analysis of our system for various repetitive sequence lengths. For instance, a search for eight bases of sequence within 3.224 GBases on 49 different chromosomes takes 1.147 seconds on average. To illustrate the relevance of the search results, we conduct a search with and without added annotation terms for the yeast Pho4p binding sites, CACGTG and CACGTT. Also, a cross-species search is presented to illustrate how potential hidden correlations in genomic data can be quickly discerned. The findings in one species are used as a catalyst to discover something new in another species. These experiments also demonstrate that our system performs well while searching multiple genomes – without the main memory constraints present in other systems.</p></sec><sec><title>Conclusion</title><p>We present a time-efficient algorithm to locate small segments of DNA and concurrently to search the annotation data accompanying the sequence. Genome-wide searches for short sequences often return hundreds of hits. Our experiments show that subsequently searching the annotation data can refine and focus the results for the user. Our algorithms are also space-efficient in terms of main memory requirements. Source code is available upon request.</p></sec></abstract></article-meta></front></article>