<article xmlns="https://dtd.nlm.nih.gov/ns/archiving/2.3/" xmlns:xsi="http://www.w3.org/2001/XMLSchema-instance" xmlns:mml="http://www.w3.org/1998/Math/MathML" xmlns:xlink="http://www.w3.org/1999/xlink" xsi:schemaLocation="https://dtd.nlm.nih.gov/ns/archiving/2.3/ https://dtd.nlm.nih.gov/archiving/2.3/xsd/archivearticle.xsd" article-type="product-review"><front><journal-meta><journal-id journal-id-type="nlm-ta">BMC Bioinformatics</journal-id><journal-title>BMC Bioinformatics</journal-title><issn pub-type="epub">1471-2105</issn><publisher><publisher-name>BioMed Central</publisher-name><publisher-loc>London</publisher-loc></publisher></journal-meta><article-meta><article-id pub-id-type="accession">PMC1127110</article-id><article-id pub-id-type="pmcid">PMC1127110</article-id><article-id pub-id-type="pmc-uid">1127110</article-id><article-id pub-id-type="pmid">15819976</article-id><article-id pub-id-type="publisher-id">1471-2105-6-91</article-id><article-id pub-id-type="pmid">15819976</article-id><article-id pub-id-type="doi">10.1186/1471-2105-6-91</article-id><article-categories><subj-group subj-group-type="heading"><subject>Software</subject></subj-group></article-categories><title-group><article-title>A restraint molecular dynamics and simulated annealing approach for protein homology modeling utilizing mean angles</article-title></title-group><contrib-group><contrib id="A1" contrib-type="author"><name><surname>Möglich</surname><given-names>Andreas</given-names></name><xref ref-type="aff" rid="I1">1</xref><xref ref-type="aff" rid="I2">2</xref><email>andreas.moeglich@unibas.ch</email></contrib><contrib id="A2" contrib-type="author"><name><surname>Weinfurtner</surname><given-names>Daniel</given-names></name><xref ref-type="aff" rid="I1">1</xref><xref ref-type="aff" rid="I3">3</xref><email>daniel.weinfurtner@ch.tum.de</email></contrib><contrib id="A3" contrib-type="author"><name><surname>Maurer</surname><given-names>Till</given-names></name><xref ref-type="aff" rid="I1">1</xref><xref ref-type="aff" rid="I4">4</xref><email>till.maurer@bc.boehringer-ingelheim.com</email></contrib><contrib id="A4" contrib-type="author"><name><surname>Gronwald</surname><given-names>Wolfram</given-names></name><xref ref-type="aff" rid="I1">1</xref><email>wolfram.gronwald@biologie.uni-regensburg.de</email></contrib><contrib id="A5" corresp="yes" contrib-type="author"><name><surname>Kalbitzer</surname><given-names>Hans Robert</given-names></name><xref ref-type="aff" rid="I1">1</xref><email>hans-robert.kalbitzer@biologie.uni-regensburg.de</email></contrib></contrib-group><aff id="I1"><label>1</label>Institut für Biophysik und physikalische Biochemie, Universität Regensburg, Universitätsstr. 31, D-93053 Regensburg, Germany</aff><aff id="I2"><label>2</label>Department of Biophysical Chemistry, Biozentrum, University of Basel, Klingelbergstr. 70, CH-4056 Basel, Switzerland</aff><aff id="I3"><label>3</label>Institut für Organische Chemie und Biochemie, Technische Universität München, Lichtenbergstr. 4, D-85747 Garching, Germany</aff><aff id="I4"><label>4</label>Department of Lead Discovery, Boehringer Ingelheim Pharma GmbH, Birkendorfer Str. 65, D-88397 Biberach, Germany</aff><pub-date pub-type="collection"><year>2005</year></pub-date><pub-date pub-type="epub"><day>8</day><month>4</month><year>2005</year></pub-date><volume>6</volume><fpage>91</fpage><lpage>91</lpage><ext-link ext-link-type="uri" xlink:href="http://www.biomedcentral.com/1471-2105/6/91"/><history><date date-type="received"><day>1</day><month>9</month><year>2004</year></date><date date-type="accepted"><day>8</day><month>4</month><year>2005</year></date></history><copyright-statement>Copyright © 2005 Möglich et al; licensee BioMed Central Ltd.</copyright-statement><license license-type="open-access" xlink:href="http://creativecommons.org/licenses/by/2.0"><p>This is an Open Access article distributed under the terms of the Creative Commons Attribution License (<ext-link ext-link-type="uri" xlink:href="http://creativecommons.org/licenses/by/2.0"/>), which permits unrestricted use, distribution, and reproduction in any medium, provided the original work is properly cited.</p></license><abstract><sec><title>Background</title><p>We have developed the program PERMOL for semi-automated homology modeling of proteins. It is based on restrained molecular dynamics using a simulated annealing protocol in torsion angle space. As main restraints defining the optimal local geometry of the structure weighted mean dihedral angles and their standard deviations are used which are calculated with an algorithm described earlier by Döker <italic>et al</italic>. (1999, <italic>BBRC</italic>, <bold>257</bold>, 348–350). The overall long-range contacts are established via a small number of distance restraints between atoms involved in hydrogen bonds and backbone atoms of conserved residues. Employing the restraints generated by PERMOL three-dimensional structures are obtained using standard molecular dynamics programs such as DYANA or CNS.</p></sec><sec><title>Results</title><p>To test this modeling approach it has been used for predicting the structure of the histidine-containing phosphocarrier protein HPr from <italic>E. coli </italic>and the structure of the human peroxisome proliferator activated receptor <italic>γ </italic>(Ppar <italic>γ</italic>). The divergence between the modeled HPr and the previously determined X-ray structure was comparable to the divergence between the X-ray structure and the published NMR structure. The modeled structure of Ppar <italic>γ </italic>was also very close to the previously solved X-ray structure with an RMSD of 0.262 nm for the backbone atoms.</p></sec><sec><title>Conclusion</title><p>In summary, we present a new method for homology modeling capable of producing high-quality structure models. An advantage of the method is that it can be used in combination with incomplete NMR data to obtain reasonable structure models in accordance with the experimental data.</p></sec></abstract></article-meta></front></article>