<article xmlns="https://dtd.nlm.nih.gov/ns/archiving/2.3/" xmlns:xsi="http://www.w3.org/2001/XMLSchema-instance" xmlns:mml="http://www.w3.org/1998/Math/MathML" xmlns:xlink="http://www.w3.org/1999/xlink" xsi:schemaLocation="https://dtd.nlm.nih.gov/ns/archiving/2.3/ https://dtd.nlm.nih.gov/archiving/2.3/xsd/archivearticle.xsd" article-type="product-review"><front><journal-meta><journal-id journal-id-type="nlm-ta">BMC Bioinformatics</journal-id><journal-title>BMC Bioinformatics</journal-title><issn pub-type="epub">1471-2105</issn><publisher><publisher-name>BioMed Central</publisher-name><publisher-loc>London</publisher-loc></publisher></journal-meta><article-meta><article-id pub-id-type="accession">PMC1181624</article-id><article-id pub-id-type="pmcid">PMC1181624</article-id><article-id pub-id-type="pmc-uid">1181624</article-id><article-id pub-id-type="pmid">15958161</article-id><article-id pub-id-type="publisher-id">1471-2105-6-147</article-id><article-id pub-id-type="pmid">15958161</article-id><article-id pub-id-type="doi">10.1186/1471-2105-6-147</article-id><article-categories><subj-group subj-group-type="heading"><subject>Software</subject></subj-group></article-categories><title-group><article-title>Alkahest NuclearBLAST : a user-friendly BLAST management and analysis system</article-title></title-group><contrib-group><contrib id="A1" equal-contrib="yes" contrib-type="author"><name><surname>Diener</surname><given-names>Stephen E</given-names></name><xref ref-type="aff" rid="I1">1</xref><email>sediener@unity.ncsu.edu</email></contrib><contrib id="A2" equal-contrib="yes" contrib-type="author"><name><surname>Houfek</surname><given-names>Thomas D</given-names></name><xref ref-type="aff" rid="I2">2</xref><email>tdhoufek@unity.ncsu.edu</email></contrib><contrib id="A3" contrib-type="author"><name><surname>Kalat</surname><given-names>Sam E</given-names></name><xref ref-type="aff" rid="I2">2</xref><email>samkalat@sneakrets.com</email></contrib><contrib id="A4" contrib-type="author"><name><surname>Windham</surname><given-names>DE</given-names></name><xref ref-type="aff" rid="I1">1</xref><email>dewindha@unity.ncsu.edu</email></contrib><contrib id="A5" contrib-type="author"><name><surname>Burke</surname><given-names>Mark</given-names></name><xref ref-type="aff" rid="I2">2</xref><email>mark_burke@ncsu.edu</email></contrib><contrib id="A6" contrib-type="author"><name><surname>Opperman</surname><given-names>Charles</given-names></name><xref ref-type="aff" rid="I2">2</xref><email>warthog@unity.ncsu.edu</email></contrib><contrib id="A7" corresp="yes" contrib-type="author"><name><surname>Dean</surname><given-names>Ralph A</given-names></name><xref ref-type="aff" rid="I1">1</xref><email>ralph_dean@ncsu.edu</email></contrib></contrib-group><aff id="I1"><label>1</label>Fungal Genomics Laboratory, Center for Integrated Fungal Research, North Carolina State University, Raleigh, NC 27695, USA</aff><aff id="I2"><label>2</label>Plant Nematode Genetics Group, North Carolina State University, Raleigh, NC 27695, USA</aff><pub-date pub-type="collection"><year>2005</year></pub-date><pub-date pub-type="epub"><day>15</day><month>6</month><year>2005</year></pub-date><volume>6</volume><fpage>147</fpage><lpage>147</lpage><ext-link ext-link-type="uri" xlink:href="http://www.biomedcentral.com/1471-2105/6/147"/><history><date date-type="received"><day>10</day><month>12</month><year>2004</year></date><date date-type="accepted"><day>15</day><month>6</month><year>2005</year></date></history><permissions><copyright-statement>Copyright © 2005 Diener et al; licensee BioMed Central Ltd.</copyright-statement><copyright-year>2005</copyright-year><copyright-holder>Diener et al; licensee BioMed Central Ltd.</copyright-holder><license license-type="open-access" xlink:href="http://creativecommons.org/licenses/by/2.0"><p>This is an Open Access article distributed under the terms of the Creative Commons Attribution License (<ext-link ext-link-type="uri" xlink:href="http://creativecommons.org/licenses/by/2.0"/>), which permits unrestricted use, distribution, and reproduction in any medium, provided the original work is properly cited.</p><!--<rdf xmlns="http://web.resource.org/cc/" xmlns:rdf="http://www.w3.org/1999/02/22-rdf-syntax-ns#" xmlns:dc="http://purl.org/dc/elements/1.1" xmlns:dcterms="http://purl.org/dc/terms"><Work xmlns:dc="http://purl.org/dc/elements/1.1/" xmlns:dcterms="http://purl.org/dc/terms/" rdf:about=""><license rdf:resource="http://creativecommons.org/licenses/by/2.0"/><dc:type rdf:resource="http://purl.org/dc/dcmitype/Text"/><dc:author>
               Diener
               E
               Stephen
               
               sediener@unity.ncsu.edu
            </dc:author><dc:title>
            Alkahest NuclearBLAST : a user-friendly BLAST management and analysis system
         </dc:title><dc:date>2005</dc:date><dcterms:bibliographicCitation>BMC Bioinformatics 6(1): 147-. (2005)</dcterms:bibliographicCitation><dc:identifier type="sici">1471-2105(2005)6:1&#x0003c;147&#x0003e;</dc:identifier><dcterms:isPartOf>urn:ISSN:1471-2105</dcterms:isPartOf><License rdf:about="http://creativecommons.org/licenses/by/2.0"><permits rdf:resource="http://web.resource.org/cc/Reproduction" xmlns=""/><permits rdf:resource="http://web.resource.org/cc/Distribution" xmlns=""/><requires rdf:resource="http://web.resource.org/cc/Notice" xmlns=""/><requires rdf:resource="http://web.resource.org/cc/Attribution" xmlns=""/><permits rdf:resource="http://web.resource.org/cc/DerivativeWorks" xmlns=""/></License></Work></rdf>--></license></permissions><abstract><sec><title>Background -</title><p>Sequencing of EST and BAC end datasets is no longer limited to large research groups. Drops in per-base pricing have made high throughput sequencing accessible to individual investigators. However, there are few options available which provide a free and user-friendly solution to the BLAST result storage and data mining needs of biologists.</p></sec><sec><title>Results -</title><p>Here we describe NuclearBLAST, a batch BLAST analysis, storage and management system designed for the biologist. It is a wrapper for NCBI BLAST which provides a user-friendly web interface which includes a request wizard and the ability to view and mine the results. All BLAST results are stored in a MySQL database which allows for more advanced data-mining through supplied command-line utilities or direct database access. NuclearBLAST can be installed on a single machine or clustered amongst a number of machines to improve analysis throughput. NuclearBLAST provides a platform which eases data-mining of multiple BLAST results. With the supplied scripts, the program can export data into a spreadsheet-friendly format, automatically assign Gene Ontology terms to sequences and provide bi-directional best hits between two datasets. Users with SQL experience can use the database to ask even more complex questions and extract any subset of data they require.</p></sec><sec><title>Conclusion -</title><p>This tool provides a user-friendly interface for requesting, viewing and mining of BLAST results which makes the management and data-mining of large sets of BLAST analyses tractable to biologists.</p></sec></abstract></article-meta></front></article>