<article xmlns="https://dtd.nlm.nih.gov/ns/archiving/2.3/" xmlns:xsi="http://www.w3.org/2001/XMLSchema-instance" xmlns:mml="http://www.w3.org/1998/Math/MathML" xmlns:xlink="http://www.w3.org/1999/xlink" xsi:schemaLocation="https://dtd.nlm.nih.gov/ns/archiving/2.3/ https://dtd.nlm.nih.gov/archiving/2.3/xsd/archivearticle.xsd" article-type="product-review"><front><journal-meta><journal-id journal-id-type="nlm-ta">BMC Bioinformatics</journal-id><journal-title>BMC Bioinformatics</journal-title><issn pub-type="epub">1471-2105</issn><publisher><publisher-name>BioMed Central</publisher-name><publisher-loc>London</publisher-loc></publisher></journal-meta><article-meta><article-id pub-id-type="accession">PMC1182349</article-id><article-id pub-id-type="pmcid">PMC1182349</article-id><article-id pub-id-type="pmc-uid">1182349</article-id><article-id pub-id-type="pmid">15960857</article-id><article-id pub-id-type="publisher-id">1471-2105-6-151</article-id><article-id pub-id-type="pmid">15960857</article-id><article-id pub-id-type="doi">10.1186/1471-2105-6-151</article-id><article-categories><subj-group subj-group-type="heading"><subject>Software</subject></subj-group></article-categories><title-group><article-title>AutoFACT: An <underline>Auto</underline>matic <underline>F</underline>unctional <underline>A</underline>nnotation and <underline>C</underline>lassification <underline>T</underline>ool</article-title></title-group><contrib-group><contrib id="A1" corresp="yes" contrib-type="author"><name><surname>Koski</surname><given-names>Liisa B</given-names></name><xref ref-type="aff" rid="I1">1</xref><email>lkoski@bch.umontreal.ca</email></contrib><contrib id="A2" contrib-type="author"><name><surname>Gray</surname><given-names>Michael W</given-names></name><xref ref-type="aff" rid="I2">2</xref><email>m.w.gray@dal.ca</email></contrib><contrib id="A3" contrib-type="author"><name><surname>Lang</surname><given-names>B Franz</given-names></name><xref ref-type="aff" rid="I1">1</xref><email>franz.lang@umontreal.ca</email></contrib><contrib id="A4" contrib-type="author"><name><surname>Burger</surname><given-names>Gertraud</given-names></name><xref ref-type="aff" rid="I1">1</xref><email>gertraud.burger@umontreal.ca</email></contrib></contrib-group><aff id="I1"><label>1</label>Robert-Cedergren Center for Bioinformatics and Genomics, Université de Montréal, Montréal, Quebec, Canada</aff><aff id="I2"><label>2</label>Department of Biochemistry and Molecular Biology, Dalhousie University, Halifax, Nova Scotia, Canada</aff><pub-date pub-type="collection"><year>2005</year></pub-date><pub-date pub-type="epub"><day>16</day><month>6</month><year>2005</year></pub-date><volume>6</volume><fpage>151</fpage><lpage>151</lpage><ext-link ext-link-type="uri" xlink:href="http://www.biomedcentral.com/1471-2105/6/151"/><history><date date-type="received"><day>2</day><month>3</month><year>2005</year></date><date date-type="accepted"><day>16</day><month>6</month><year>2005</year></date></history><permissions><copyright-statement>Copyright © 2005 Koski et al; licensee BioMed Central Ltd.</copyright-statement><copyright-year>2005</copyright-year><copyright-holder>Koski et al; licensee BioMed Central Ltd.</copyright-holder><license license-type="open-access" xlink:href="http://creativecommons.org/licenses/by/2.0"><p>This is an Open Access article distributed under the terms of the Creative Commons Attribution License (<ext-link ext-link-type="uri" xlink:href="http://creativecommons.org/licenses/by/2.0"/>), which permits unrestricted use, distribution, and reproduction in any medium, provided the original work is properly cited.</p><!--<rdf xmlns="http://web.resource.org/cc/" xmlns:rdf="http://www.w3.org/1999/02/22-rdf-syntax-ns#" xmlns:dc="http://purl.org/dc/elements/1.1" xmlns:dcterms="http://purl.org/dc/terms"><Work xmlns:dc="http://purl.org/dc/elements/1.1/" xmlns:dcterms="http://purl.org/dc/terms/" rdf:about=""><license rdf:resource="http://creativecommons.org/licenses/by/2.0"/><dc:type rdf:resource="http://purl.org/dc/dcmitype/Text"/><dc:author>
               Koski
               B
               Liisa
               
               lkoski@bch.umontreal.ca
            </dc:author><dc:title>
            AutoFACT: An Automatic Functional Annotation and Classification Tool
         </dc:title><dc:date>2005</dc:date><dcterms:bibliographicCitation>BMC Bioinformatics 6(1): 151-. (2005)</dcterms:bibliographicCitation><dc:identifier type="sici">1471-2105(2005)6:1&#x0003c;151&#x0003e;</dc:identifier><dcterms:isPartOf>urn:ISSN:1471-2105</dcterms:isPartOf><License rdf:about="http://creativecommons.org/licenses/by/2.0"><permits rdf:resource="http://web.resource.org/cc/Reproduction" xmlns=""/><permits rdf:resource="http://web.resource.org/cc/Distribution" xmlns=""/><requires rdf:resource="http://web.resource.org/cc/Notice" xmlns=""/><requires rdf:resource="http://web.resource.org/cc/Attribution" xmlns=""/><permits rdf:resource="http://web.resource.org/cc/DerivativeWorks" xmlns=""/></License></Work></rdf>--></license></permissions><abstract><sec><title>Background</title><p>Assignment of function to new molecular sequence data is an essential step in genomics projects. The usual process involves similarity searches of a given sequence against one or more databases, an arduous process for large datasets.</p></sec><sec><title>Results</title><p>We present AutoFACT, a fully automated and customizable annotation tool that assigns biologically informative functions to a sequence. Key features of this tool are that it (1) analyzes nucleotide and protein sequence data; (2) determines the most informative functional description by combining multiple BLAST reports from several user-selected databases; (3) assigns putative metabolic pathways, functional classes, enzyme classes, GeneOntology terms and locus names; and (4) generates output in HTML, text and GFF formats for the user's convenience. We have compared AutoFACT to four well-established annotation pipelines. The error rate of functional annotation is estimated to be only between 1–2%. Comparison of AutoFACT to the traditional top-BLAST-hit annotation method shows that our procedure increases the number of functionally informative annotations by approximately 50%.</p></sec><sec><title>Conclusion</title><p>AutoFACT will serve as a useful annotation tool for smaller sequencing groups lacking dedicated bioinformatics staff. It is implemented in PERL and runs on LINUX/UNIX platforms. AutoFACT is available at <ext-link ext-link-type="uri" xlink:href="http://megasun.bch.umontreal.ca/Software/AutoFACT.htm"/>.</p></sec></abstract></article-meta></front></article>