<article xmlns="https://jats.nlm.nih.gov/ns/archiving/1.2/" xmlns:xsi="http://www.w3.org/2001/XMLSchema-instance" xmlns:mml="http://www.w3.org/1998/Math/MathML" xmlns:xlink="http://www.w3.org/1999/xlink" xsi:schemaLocation="https://jats.nlm.nih.gov/ns/archiving/1.2/ https://jats.nlm.nih.gov/archiving/1.2/xsd/JATS-archivearticle1.xsd" article-type="research-article"><front><journal-meta><journal-id journal-id-type="nlm-ta">BMC Bioinformatics</journal-id><journal-title-group><journal-title>BMC Bioinformatics</journal-title></journal-title-group><issn pub-type="epub">1471-2105</issn><publisher><publisher-name>BioMed Central</publisher-name></publisher></journal-meta><article-meta><article-id pub-id-type="accession">PMC126253</article-id><article-id pub-id-type="pmcid">PMC126253</article-id><article-id pub-id-type="pmc-uid">126253</article-id><article-id pub-id-type="pmid">12204100</article-id><article-id pub-id-type="publisher-id">1471-2105-3-23</article-id><article-id pub-id-type="pmid">12204100</article-id><article-id pub-id-type="doi">10.1186/1471-2105-3-23</article-id><article-categories><subj-group subj-group-type="heading"><subject>Research article</subject></subj-group></article-categories><title-group><article-title>Computational method for reducing variance with Affymetrix microarrays</article-title></title-group><contrib-group><contrib contrib-type="author" corresp="yes" id="A1"><name><surname>Welle</surname><given-names>Stephen</given-names></name><xref ref-type="aff" rid="I1">1</xref><email>stephen_welle@urmc.rochester.edu</email></contrib><contrib contrib-type="author" id="A2"><name><surname>Brooks</surname><given-names>Andrew I</given-names></name><xref ref-type="aff" rid="I2">2</xref><email>andrew_brooks@urmc.rochester.edu</email></contrib><contrib contrib-type="author" id="A3"><name><surname>Thornton</surname><given-names>Charles A</given-names></name><xref ref-type="aff" rid="I3">3</xref><email>charles_thornton@urmc.rochester.edu</email></contrib></contrib-group><aff id="I1"><label>1</label>Departments of Medicine, Pharmacology &amp; Physiology, University of Rochester, Rochester, NY 14642, USA</aff><aff id="I2"><label>2</label>Functional Genomics Center, Department of Environmental Medicine, University of Rochester, Rochester, NY 14642, USA</aff><aff id="I3"><label>3</label>Department of Neurology, University of Rochester, Rochester, NY 14642, USA</aff><pub-date pub-type="collection"><year>2002</year></pub-date><pub-date pub-type="epub"><day>30</day><month>8</month><year>2002</year></pub-date><volume>3</volume><fpage>23</fpage><lpage>23</lpage><history><date date-type="received"><day>5</day><month>6</month><year>2002</year></date><date date-type="accepted"><day>30</day><month>8</month><year>2002</year></date></history><permissions><copyright-statement>Copyright ©2002 Welle et al; licensee BioMed Central Ltd. This is an Open Access article: verbatim copying and redistribution of this article are permitted in all media for any purpose, provided this notice is preserved along with the article's original URL.</copyright-statement><copyright-year>2002</copyright-year><copyright-holder>Welle et al; licensee BioMed Central Ltd. This is an Open Access article: verbatim copying and redistribution of this article are permitted in all media for any purpose, provided this notice is preserved along with the article's original URL.</copyright-holder></permissions><self-uri xlink:href="http://www.biomedcentral.com/1471-2105/3/23"/><abstract><sec><title>Background</title><p>Affymetrix microarrays are used by many laboratories to generate gene expression profiles. Generally, only large differences (&gt; 1.7-fold) between conditions have been reported. Computational methods to reduce inter-array variability might be of value when attempting to detect smaller differences. We examined whether inter-array variability could be reduced by using data based on the Affymetrix algorithm for pairwise comparisons between arrays (ratio method) rather than data based on the algorithm for analysis of individual arrays (signal method). Six HG-U95A arrays that probed mRNA from young (21–31 yr old) human muscle were compared with six arrays that probed mRNA from older (62–77 yr old) muscle.</p></sec><sec><title>Results</title><p>Differences in mean expression levels of young and old subjects were small, rarely &gt; 1.5-fold. The mean within-group coefficient of variation for 4629 mRNAs expressed in muscle was 20% according to the ratio method and 25% according to the signal method. The ratio method yielded more differences according to t-tests (124 vs. 98 differences at P &lt; 0.01), rank sum tests (107 vs. 85 differences at P &lt; 0.01), and the Significance Analysis of Microarrays method (124 vs. 56 differences with false detection rate &lt; 20%; 20 vs. 0 differences with false detection rate &lt; 5%). The ratio method also improved consistency between results of the initial scan and results of the antibody-enhanced scan.</p></sec><sec><title>Conclusion</title><p>The ratio method reduces inter-array variance and thereby enhances statistical power.</p></sec></abstract></article-meta></front></article>