<article xmlns="https://dtd.nlm.nih.gov/ns/archiving/2.3/" xmlns:xsi="http://www.w3.org/2001/XMLSchema-instance" xmlns:mml="http://www.w3.org/1998/Math/MathML" xmlns:xlink="http://www.w3.org/1999/xlink" xsi:schemaLocation="https://dtd.nlm.nih.gov/ns/archiving/2.3/ https://dtd.nlm.nih.gov/archiving/2.3/xsd/archivearticle.xsd" article-type="product-review"><front><journal-meta><journal-id journal-id-type="nlm-ta">BMC Bioinformatics</journal-id><journal-title>BMC Bioinformatics</journal-title><issn pub-type="epub">1471-2105</issn><publisher><publisher-name>BioMed Central</publisher-name><publisher-loc>London</publisher-loc></publisher></journal-meta><article-meta><article-id pub-id-type="accession">PMC1175843</article-id><article-id pub-id-type="pmcid">PMC1175843</article-id><article-id pub-id-type="pmc-uid">1175843</article-id><article-id pub-id-type="pmid">15929789</article-id><article-id pub-id-type="publisher-id">1471-2105-6-135</article-id><article-id pub-id-type="pmid">15929789</article-id><article-id pub-id-type="doi">10.1186/1471-2105-6-135</article-id><article-categories><subj-group subj-group-type="heading"><subject>Software</subject></subj-group></article-categories><title-group><article-title>YANA – a software tool for analyzing flux modes, gene-expression and enzyme activities</article-title></title-group><contrib-group><contrib id="A1" contrib-type="author"><name><surname>Schwarz</surname><given-names>Roland</given-names></name><xref ref-type="aff" rid="I1">1</xref><email>roland.schwarz@biozentrum.uni-wuerzburg.de</email></contrib><contrib id="A2" contrib-type="author"><name><surname>Musch</surname><given-names>Patrick</given-names></name><xref ref-type="aff" rid="I2">2</xref><email>musch@chemie.uni-wuerzburg.de</email></contrib><contrib id="A3" contrib-type="author"><name><surname>von Kamp</surname><given-names>Axel</given-names></name><xref ref-type="aff" rid="I3">3</xref><email>kamp@minet.uni-jena.de</email></contrib><contrib id="A4" contrib-type="author"><name><surname>Engels</surname><given-names>Bernd</given-names></name><xref ref-type="aff" rid="I2">2</xref><email>bernd@chemie.uni-wuerzburg.de</email></contrib><contrib id="A5" contrib-type="author"><name><surname>Schirmer</surname><given-names>Heiner</given-names></name><xref ref-type="aff" rid="I4">4</xref><email>heiner.schirmer@bzh.uni-heidelberg.de</email></contrib><contrib id="A6" contrib-type="author"><name><surname>Schuster</surname><given-names>Stefan</given-names></name><xref ref-type="aff" rid="I3">3</xref><email>schuster@minet.uni-jena.de</email></contrib><contrib id="A7" corresp="yes" contrib-type="author"><name><surname>Dandekar</surname><given-names>Thomas</given-names></name><xref ref-type="aff" rid="I1">1</xref><xref ref-type="aff" rid="I5">5</xref><email>dandekar@biozentrum.uni-wuerzburg.de</email></contrib></contrib-group><aff id="I1"><label>1</label>Dept of Bioinformatics, Biocenter, University of Würzburg; Germany</aff><aff id="I2"><label>2</label>Dept of Theoretical Chemistry, Organikum, University of Würzburg, Germany</aff><aff id="I3"><label>3</label>Dept of Bioinformatics, University of Jena, Germany</aff><aff id="I4"><label>4</label>Center for Biochemistry (BZH), University of Heidelberg, Germany</aff><aff id="I5"><label>5</label>Structural and Computational Biology, EMBL, Heidelberg, Germany</aff><pub-date pub-type="collection"><year>2005</year></pub-date><pub-date pub-type="epub"><day>1</day><month>6</month><year>2005</year></pub-date><volume>6</volume><fpage>135</fpage><lpage>135</lpage><ext-link ext-link-type="uri" xlink:href="http://www.biomedcentral.com/1471-2105/6/135"/><history><date date-type="received"><day>3</day><month>2</month><year>2005</year></date><date date-type="accepted"><day>1</day><month>6</month><year>2005</year></date></history><copyright-statement>Copyright © 2005 Schwarz et al; licensee BioMed Central Ltd.</copyright-statement><license license-type="open-access" xlink:href="http://creativecommons.org/licenses/by/2.0"><p>This is an Open Access article distributed under the terms of the Creative Commons Attribution License (<ext-link ext-link-type="uri" xlink:href="http://creativecommons.org/licenses/by/2.0"/>), which permits unrestricted use, distribution, and reproduction in any medium, provided the original work is properly cited.</p></license><abstract><sec><title>Background</title><p>A number of algorithms for steady state analysis of metabolic networks have been developed over the years. Of these, Elementary Mode Analysis (EMA) has proven especially useful. Despite its low user-friendliness, METATOOL as a reliable high-performance implementation of the algorithm has been the instrument of choice up to now. As reported here, the analysis of metabolic networks has been improved by an editor and analyzer of metabolic flux modes. Analysis routines for expression levels and the most central, well connected metabolites and their metabolic connections are of particular interest.</p></sec><sec><title>Results</title><p>YANA features a platform-independent, dedicated toolbox for metabolic networks with a graphical user interface to calculate (integrating METATOOL), edit (including support for the SBML format), visualize, centralize, and compare elementary flux modes. Further, YANA calculates expected flux distributions for a given Elementary Mode (EM) activity pattern and vice versa. Moreover, a dissection algorithm, a centralization algorithm, and an average diameter routine can be used to simplify and analyze complex networks. Proteomics or gene expression data give a rough indication of some individual enzyme activities, whereas the complete flux distribution in the network is often not known. As such data are noisy, YANA features a fast evolutionary algorithm (EA) for the prediction of EM activities with minimum error, including alerts for inconsistent experimental data. We offer the possibility to include further known constraints (e.g. growth constraints) in the EA calculation process. The redox metabolism around glutathione reductase serves as an illustration example. All software and documentation are available for download at <ext-link ext-link-type="uri" xlink:href="http://yana.bioapps.biozentrum.uni-wuerzburg.de"/>.</p></sec><sec><title>Conclusion</title><p>A graphical toolbox and an editor for METATOOL as well as a series of additional routines for metabolic network analyses constitute a new user-friendly software for such efforts.</p></sec></abstract></article-meta></front></article>