<article xmlns="https://dtd.nlm.nih.gov/ns/archiving/2.3/" xmlns:xsi="http://www.w3.org/2001/XMLSchema-instance" xmlns:mml="http://www.w3.org/1998/Math/MathML" xmlns:xlink="http://www.w3.org/1999/xlink" xsi:schemaLocation="https://dtd.nlm.nih.gov/ns/archiving/2.3/ https://dtd.nlm.nih.gov/archiving/2.3/xsd/archivearticle.xsd" article-type="research-article"><front><journal-meta><journal-id journal-id-type="nlm-ta">BMC Bioinformatics</journal-id><journal-title>BMC Bioinformatics</journal-title><issn pub-type="epub">1471-2105</issn><publisher><publisher-name>BioMed Central</publisher-name><publisher-loc>London</publisher-loc></publisher></journal-meta><article-meta><article-id pub-id-type="accession">PMC1090559</article-id><article-id pub-id-type="pmcid">PMC1090559</article-id><article-id pub-id-type="pmc-uid">1090559</article-id><article-id pub-id-type="pmid">15826317</article-id><article-id pub-id-type="publisher-id">1471-2105-6-97</article-id><article-id pub-id-type="pmid">15826317</article-id><article-id pub-id-type="doi">10.1186/1471-2105-6-97</article-id><article-categories><subj-group subj-group-type="heading"><subject>Research Article</subject></subj-group></article-categories><title-group><article-title>Many accurate small-discriminatory feature subsets exist in microarray transcript data: biomarker discovery</article-title></title-group><contrib-group><contrib id="A1" corresp="yes" contrib-type="author"><name><surname>Grate</surname><given-names>Leslie R</given-names></name><xref ref-type="aff" rid="I1">1</xref><email>lesliegrate@comcast.net</email></contrib></contrib-group><aff id="I1"><label>1</label>Life Sciences Division, Lawrence Berkeley National Laboratory, Berkeley CA 94720 USA</aff><pub-date pub-type="collection"><year>2005</year></pub-date><pub-date pub-type="epub"><day>13</day><month>4</month><year>2005</year></pub-date><volume>6</volume><fpage>97</fpage><lpage>97</lpage><ext-link ext-link-type="uri" xlink:href="http://www.biomedcentral.com/1471-2105/6/97"/><history><date date-type="received"><day>19</day><month>10</month><year>2004</year></date><date date-type="accepted"><day>13</day><month>4</month><year>2005</year></date></history><copyright-statement>Copyright © 2005 Grate; licensee BioMed Central Ltd.</copyright-statement><license license-type="open-access" xlink:href="http://creativecommons.org/licenses/by/2.0"><p>This is an Open Access article distributed under the terms of the Creative Commons Attribution License (<ext-link ext-link-type="uri" xlink:href="http://creativecommons.org/licenses/by/2.0"/>), which permits unrestricted use, distribution, and reproduction in any medium, provided the original work is properly cited.</p></license><abstract><sec><title>Background</title><p>Molecular profiling generates abundance measurements for thousands of gene transcripts in biological samples such as normal and tumor tissues (data points). Given such two-class high-dimensional data, many methods have been proposed for classifying data points into one of the two classes. However, finding very small sets of features able to correctly classify the data is problematic as the fundamental mathematical proposition is hard. Existing methods can find "small" feature sets, but give no hint how close this is to the true minimum size. Without fundamental mathematical advances, finding true minimum-size sets will remain elusive, and more importantly for the microarray community there will be no methods for finding them.</p></sec><sec><title>Results</title><p>We use the brute force approach of exhaustive search through all genes, gene pairs (and for some data sets gene triples). Each unique gene combination is analyzed with a few-parameter linear-hyperplane classification method looking for those combinations that form training error-free classifiers. All 10 published data sets studied are found to contain predictive small feature sets. Four contain thousands of gene pairs and 6 have single genes that perfectly discriminate.</p></sec><sec><title>Conclusion</title><p>This technique discovered small sets of genes (3 or less) in published data that form accurate classifiers, yet were not reported in the prior publications. This could be a common characteristic of microarray data, thus making looking for them worth the computational cost. Such small gene sets could indicate biomarkers and portend simple medical diagnostic tests. We recommend checking for small gene sets routinely. We find 4 gene pairs and many gene triples in the large hepatocellular carcinoma (HCC, Liver cancer) data set of Chen <italic>et al</italic>. The key component of these is the "placental gene of unknown function", PLAC8. Our HMM modeling indicates PLAC8 might have a domain like part of lP59's crystal structure (a Non-Covalent Endonuclease lii-Dna Complex). The previously identified HCC biomarker gene, glypican 3 (GPC3), is part of an accurate gene triple involving MT1E and ARHE. We also find small gene sets that distinguish leukemia subtypes in the large pediatric acute lymphoblastic leukemia cancer set of Yeoh <italic>et al</italic>.</p></sec></abstract></article-meta></front></article>