<article xmlns="https://dtd.nlm.nih.gov/ns/archiving/2.3/" xmlns:xsi="http://www.w3.org/2001/XMLSchema-instance" xmlns:mml="http://www.w3.org/1998/Math/MathML" xmlns:xlink="http://www.w3.org/1999/xlink" xsi:schemaLocation="https://dtd.nlm.nih.gov/ns/archiving/2.3/ https://dtd.nlm.nih.gov/archiving/2.3/xsd/archivearticle.xsd" article-type="product-review"><front><journal-meta><journal-id journal-id-type="nlm-ta">BMC Bioinformatics</journal-id><journal-title>BMC Bioinformatics</journal-title><issn pub-type="epub">1471-2105</issn><publisher><publisher-name>BioMed Central</publisher-name><publisher-loc>London</publisher-loc></publisher></journal-meta><article-meta><article-id pub-id-type="accession">PMC1090551</article-id><article-id pub-id-type="pmcid">PMC1090551</article-id><article-id pub-id-type="pmc-uid">1090551</article-id><article-id pub-id-type="pmid">15836795</article-id><article-id pub-id-type="publisher-id">1471-2105-6-101</article-id><article-id pub-id-type="pmid">15836795</article-id><article-id pub-id-type="doi">10.1186/1471-2105-6-101</article-id><article-categories><subj-group subj-group-type="heading"><subject>Software</subject></subj-group></article-categories><title-group><article-title>MARS: Microarray analysis, retrieval, and storage system</article-title></title-group><contrib-group><contrib id="A1" equal-contrib="yes" contrib-type="author"><name><surname>Maurer</surname><given-names>Michael</given-names></name><xref ref-type="aff" rid="I1">1</xref><email>michael.maurer@gmail.com</email></contrib><contrib id="A2" equal-contrib="yes" contrib-type="author"><name><surname>Molidor</surname><given-names>Robert</given-names></name><xref ref-type="aff" rid="I1">1</xref><email>robert.molidor@tugraz.at</email></contrib><contrib id="A3" equal-contrib="yes" contrib-type="author"><name><surname>Sturn</surname><given-names>Alexander</given-names></name><xref ref-type="aff" rid="I1">1</xref><email>alexander.sturn@tugraz.at</email></contrib><contrib id="A4" contrib-type="author"><name><surname>Hartler</surname><given-names>Juergen</given-names></name><xref ref-type="aff" rid="I1">1</xref><email>juergen.hartler@tugraz.at</email></contrib><contrib id="A5" contrib-type="author"><name><surname>Hackl</surname><given-names>Hubert</given-names></name><xref ref-type="aff" rid="I1">1</xref><email>hubert.hackl@tugraz.at</email></contrib><contrib id="A6" contrib-type="author"><name><surname>Stocker</surname><given-names>Gernot</given-names></name><xref ref-type="aff" rid="I1">1</xref><email>gernot.stocker@tugraz.at</email></contrib><contrib id="A7" contrib-type="author"><name><surname>Prokesch</surname><given-names>Andreas</given-names></name><xref ref-type="aff" rid="I1">1</xref><email>andreas.prokesch@tugraz.at</email></contrib><contrib id="A8" contrib-type="author"><name><surname>Scheideler</surname><given-names>Marcel</given-names></name><xref ref-type="aff" rid="I1">1</xref><email>marcel.scheideler@tugraz.at</email></contrib><contrib id="A9" corresp="yes" contrib-type="author"><name><surname>Trajanoski</surname><given-names>Zlatko</given-names></name><xref ref-type="aff" rid="I1">1</xref><email>zlatko.trajanoski@tugraz.at</email></contrib></contrib-group><aff id="I1"><label>1</label>Institute for Genomics and Bioinformatics and Christian Doppler Laboratory for Genomics and Bioinformatics, Graz University of Technology, Petersgasse 14, 8010 Graz, Austria</aff><pub-date pub-type="collection"><year>2005</year></pub-date><pub-date pub-type="epub"><day>18</day><month>4</month><year>2005</year></pub-date><volume>6</volume><fpage>101</fpage><lpage>101</lpage><ext-link ext-link-type="uri" xlink:href="http://www.biomedcentral.com/1471-2105/6/101"/><history><date date-type="received"><day>3</day><month>2</month><year>2005</year></date><date date-type="accepted"><day>18</day><month>4</month><year>2005</year></date></history><copyright-statement>Copyright © 2005 Maurer et al; licensee BioMed Central Ltd.</copyright-statement><license license-type="open-access" xlink:href="http://creativecommons.org/licenses/by/2.0"><p>This is an Open Access article distributed under the terms of the Creative Commons Attribution License (<ext-link ext-link-type="uri" xlink:href="http://creativecommons.org/licenses/by/2.0"/>), which permits unrestricted use, distribution, and reproduction in any medium, provided the original work is properly cited.</p></license><abstract><sec><title>Background</title><p>Microarray analysis has become a widely used technique for the study of gene-expression patterns on a genomic scale. As more and more laboratories are adopting microarray technology, there is a need for powerful and easy to use microarray databases facilitating array fabrication, labeling, hybridization, and data analysis. The wealth of data generated by this high throughput approach renders adequate database and analysis tools crucial for the pursuit of insights into the transcriptomic behavior of cells.</p></sec><sec><title>Results</title><p>MARS (Microarray Analysis and Retrieval System) provides a comprehensive MIAME supportive suite for storing, retrieving, and analyzing multi color microarray data. The system comprises a laboratory information management system (LIMS), a quality control management, as well as a sophisticated user management system. MARS is fully integrated into an analytical pipeline of microarray image analysis, normalization, gene expression clustering, and mapping of gene expression data onto biological pathways. The incorporation of ontologies and the use of MAGE-ML enables an export of studies stored in MARS to public repositories and other databases accepting these documents.</p></sec><sec><title>Conclusion</title><p>We have developed an integrated system tailored to serve the specific needs of microarray based research projects using a unique fusion of Web based and standalone applications connected to the latest J2EE application server technology. The presented system is freely available for academic and non-profit institutions. More information can be found at <ext-link ext-link-type="uri" xlink:href="http://genome.tugraz.at"/>.</p></sec></abstract></article-meta></front></article>