<article xmlns="https://dtd.nlm.nih.gov/ns/archiving/2.3/" xmlns:xsi="http://www.w3.org/2001/XMLSchema-instance" xmlns:mml="http://www.w3.org/1998/Math/MathML" xmlns:xlink="http://www.w3.org/1999/xlink" xsi:schemaLocation="https://dtd.nlm.nih.gov/ns/archiving/2.3/ https://dtd.nlm.nih.gov/archiving/2.3/xsd/archivearticle.xsd" article-type="research-article"><front><journal-meta><journal-id journal-id-type="nlm-ta">BMC Bioinformatics</journal-id><journal-title>BMC Bioinformatics</journal-title><issn pub-type="epub">1471-2105</issn><publisher><publisher-name>BioMed Central</publisher-name><publisher-loc>London</publisher-loc></publisher></journal-meta><article-meta><article-id pub-id-type="accession">PMC151681</article-id><article-id pub-id-type="pmcid">PMC151681</article-id><article-id pub-id-type="pmc-uid">151681</article-id><article-id pub-id-type="pmid">12600280</article-id><article-id pub-id-type="publisher-id">1471-2105-4-7</article-id><article-id pub-id-type="pmid">12600280</article-id><article-id pub-id-type="doi">10.1186/1471-2105-4-7</article-id><article-categories><subj-group subj-group-type="heading"><subject>Research Article</subject></subj-group></article-categories><title-group><article-title>A format for databasing and comparison of AFLP fingerprint profiles</article-title></title-group><contrib-group><contrib id="A1" corresp="yes" contrib-type="author"><name><surname>Hong</surname><given-names>Yan</given-names></name><xref ref-type="aff" rid="I1">1</xref><email>hongy@tll.org.sg</email></contrib><contrib id="A2" contrib-type="author"><name><surname>Chuah</surname><given-names>Aaron</given-names></name><xref ref-type="aff" rid="I1">1</xref><email>aaron@tll.org.sg</email></contrib></contrib-group><aff id="I1"><label>1</label>Temasek Life Sciences Laboratory, 1 Research Link, National University of Singapore, Singapore 117604</aff><pub-date pub-type="collection"><year>2003</year></pub-date><pub-date pub-type="epub"><day>25</day><month>2</month><year>2003</year></pub-date><volume>4</volume><fpage>7</fpage><lpage>7</lpage><ext-link ext-link-type="uri" xlink:href="http://www.biomedcentral.com/1471-2105/4/7"/><history><date date-type="received"><day>17</day><month>11</month><year>2002</year></date><date date-type="accepted"><day>25</day><month>2</month><year>2003</year></date></history><permissions><copyright-statement>Copyright © 2003 Hong and Chuah; licensee BioMed Central Ltd. This is an Open Access article: verbatim copying and redistribution of this article are permitted in all media for any purpose, provided this notice is preserved along with the article's original URL.</copyright-statement><copyright-year>2003</copyright-year><copyright-holder>Hong and Chuah; licensee BioMed Central Ltd. This is an Open Access article: verbatim copying and redistribution of this article are permitted in all media for any purpose, provided this notice is preserved along with the article's original URL.</copyright-holder></permissions><abstract><sec><title>Background</title><p>Amplified fragment length polymorphism (AFLP) is a PCR-based technique that involves restriction of genomic DNA followed by ligation of adaptors to the fragments generated and selective PCR amplification of a subset of these fragments. The amplified fragments are separated on a sequencing gel and visualized by autoradiography or fluorescent sequencing equipment. AFLP allows high-resolution genotyping but the lack of a format for databasing and comparison of AFLP fingerprint profiles limits its wider applications in profiling large numbers of biological samples.</p></sec><sec><title>Results</title><p>A scheme is described to represent a DNA fingerprint profile with a nucleotide sequence-like format in which the information line contains the minimal necessary details to interpret an AFLP DNA fingerprint profile. They include technique used, information on restriction enzymes, primer combination, biological source for DNA materials, fragment sizing and annotation. The bodylines contain information on size and relative intensity of DNA fragments by a string of defined alphabets or symbols. Algorithms for normalizing raw data, binning of fragments and comparing AFLP DNA fingerprint profiles are described. Firstly, the peak heights are normalized against their average and then represented by five symbols according to their relative intensities. Secondly, a binning algorithm based loosely on common springs and rubber bands is applied, which positions sequence fragments into their best possible integer approximations. A BLAST-like reward-penalty concept is used to compare AFLP fingerprint profiles by matching peaks using two metrics: score and percentage of similarity. A software package was developed based on our scheme and proposed algorithms. Example of use this software is given in evaluating novelty of a new tropical orchid cultivar by comparing its AFLP fingerprint profile against those of related commercial cultivars in a database.</p></sec><sec><title>Conclusions</title><p>AFLP DNA fingerprint profiles can be databased and compared effectively with software developed based on our scheme and algorithms. It will facilitate wider use of this DNA fingerprinting technique in areas such as forensic study, intellectual property protection for biological materials and biodiversity management. Moreover, the same concepts can be applied to databasing and comparing DNA fingerprint profiles obtained with other DNA fingerprint techniques.</p></sec></abstract></article-meta></front></article>