<article xmlns="https://dtd.nlm.nih.gov/ns/archiving/2.3/" xmlns:xsi="http://www.w3.org/2001/XMLSchema-instance" xmlns:mml="http://www.w3.org/1998/Math/MathML" xmlns:xlink="http://www.w3.org/1999/xlink" xsi:schemaLocation="https://dtd.nlm.nih.gov/ns/archiving/2.3/ https://dtd.nlm.nih.gov/archiving/2.3/xsd/archivearticle.xsd" article-type="research-article"><front><journal-meta><journal-id journal-id-type="nlm-ta">BMC Bioinformatics</journal-id><journal-title>BMC Bioinformatics</journal-title><issn pub-type="epub">1471-2105</issn><publisher><publisher-name>BioMed Central</publisher-name><publisher-loc>London</publisher-loc></publisher></journal-meta><article-meta><article-id pub-id-type="accession">PMC1084343</article-id><article-id pub-id-type="pmcid">PMC1084343</article-id><article-id pub-id-type="pmc-uid">1084343</article-id><article-id pub-id-type="pmid">15799785</article-id><article-id pub-id-type="publisher-id">1471-2105-6-80</article-id><article-id pub-id-type="pmid">15799785</article-id><article-id pub-id-type="doi">10.1186/1471-2105-6-80</article-id><article-categories><subj-group subj-group-type="heading"><subject>Methodology Article</subject></subj-group></article-categories><title-group><article-title>Correlation test to assess low-level processing of high-density oligonucleotide microarray data</article-title></title-group><contrib-group><contrib id="A1" corresp="yes" contrib-type="author"><name><surname>Ploner</surname><given-names>Alexander</given-names></name><xref ref-type="aff" rid="I1">1</xref><email>Alexander.Ploner@meb.ki.se</email></contrib><contrib id="A2" contrib-type="author"><name><surname>Miller</surname><given-names>Lance D</given-names></name><xref ref-type="aff" rid="I2">2</xref><email>millerl@gis.a-star.edu.sg</email></contrib><contrib id="A3" contrib-type="author"><name><surname>Hall</surname><given-names>Per</given-names></name><xref ref-type="aff" rid="I1">1</xref><email>Per.Hall@meb.ki.se</email></contrib><contrib id="A4" contrib-type="author"><name><surname>Bergh</surname><given-names>Jonas</given-names></name><xref ref-type="aff" rid="I3">3</xref><email>Jonas.Bergh@cck.ki.se</email></contrib><contrib id="A5" contrib-type="author"><name><surname>Pawitan</surname><given-names>Yudi</given-names></name><xref ref-type="aff" rid="I1">1</xref><email>Yudi.Pawitan@meb.ki.se</email></contrib></contrib-group><aff id="I1"><label>1</label>Medical Epidemiology and Biostatistics, Karolinska Institutet, Stockholm, Sweden</aff><aff id="I2"><label>2</label>Genome Institute of Singapore, Singapore</aff><aff id="I3"><label>3</label>Department of Oncology and Pathology, Cancer Center Karolinska, Radiumhemmet, Karolinska Institutet and University Hospital, Stockholm</aff><pub-date pub-type="collection"><year>2005</year></pub-date><pub-date pub-type="epub"><day>31</day><month>3</month><year>2005</year></pub-date><volume>6</volume><fpage>80</fpage><lpage>80</lpage><ext-link ext-link-type="uri" xlink:href="http://www.biomedcentral.com/1471-2105/6/80"/><history><date date-type="received"><day>8</day><month>12</month><year>2004</year></date><date date-type="accepted"><day>31</day><month>3</month><year>2005</year></date></history><copyright-statement>Copyright © 2005 Ploner et al; licensee BioMed Central Ltd.</copyright-statement><license license-type="open-access" xlink:href="http://creativecommons.org/licenses/by/2.0"><p>This is an Open Access article distributed under the terms of the Creative Commons Attribution License (<ext-link ext-link-type="uri" xlink:href="http://creativecommons.org/licenses/by/2.0"/>), which permits unrestricted use, distribution, and reproduction in any medium, provided the original work is properly cited.</p></license><abstract><sec><title>Background</title><p>There are currently a number of competing techniques for low-level processing of oligonucleotide array data. The choice of technique has a profound effect on subsequent statistical analyses, but there is no method to assess whether a particular technique is appropriate for a specific data set, without reference to external data.</p></sec><sec><title>Results</title><p>We analyzed coregulation between genes in order to detect insufficient normalization between arrays, where coregulation is measured in terms of statistical correlation. In a large collection of genes, a random pair of genes should have on average zero correlation, hence allowing a correlation test. For all data sets that we evaluated, and the three most commonly used low-level processing procedures including MAS5, RMA and MBEI, the housekeeping-gene normalization failed the test. For a real clinical data set, RMA and MBEI showed significant correlation for absent genes. We also found that a second round of normalization on the probe set level improved normalization significantly throughout.</p></sec><sec><title>Conclusion</title><p>Previous evaluation of low-level processing in the literature has been limited to artificial spike-in and mixture data sets. In the absence of a known gold-standard, the correlation criterion allows us to assess the appropriateness of low-level processing of a specific data set and the success of normalization for subsets of genes.</p></sec></abstract></article-meta></front></article>