<article xmlns="https://dtd.nlm.nih.gov/ns/archiving/2.3/" xmlns:xsi="http://www.w3.org/2001/XMLSchema-instance" xmlns:mml="http://www.w3.org/1998/Math/MathML" xmlns:xlink="http://www.w3.org/1999/xlink" xsi:schemaLocation="https://dtd.nlm.nih.gov/ns/archiving/2.3/ https://dtd.nlm.nih.gov/archiving/2.3/xsd/archivearticle.xsd" article-type="research-article"><front><journal-meta><journal-id journal-id-type="nlm-ta">BMC Bioinformatics</journal-id><journal-title>BMC Bioinformatics</journal-title><issn pub-type="epub">1471-2105</issn><publisher><publisher-name>BioMed Central</publisher-name><publisher-loc>London</publisher-loc></publisher></journal-meta><article-meta><article-id pub-id-type="accession">PMC153504</article-id><article-id pub-id-type="pmcid">PMC153504</article-id><article-id pub-id-type="pmc-uid">153504</article-id><article-id pub-id-type="pmid">12697067</article-id><article-id pub-id-type="publisher-id">1471-2105-4-12</article-id><article-id pub-id-type="pmid">12697067</article-id><article-id pub-id-type="doi">10.1186/1471-2105-4-12</article-id><article-categories><subj-group subj-group-type="heading"><subject>Methodology Article</subject></subj-group></article-categories><title-group><article-title>Significance analysis of lexical bias in microarray data</article-title></title-group><contrib-group><contrib id="A1" corresp="yes" contrib-type="author"><name><surname>Kim</surname><given-names>Charles C</given-names></name><xref ref-type="aff" rid="I1">1</xref><email>cckim@stanford.edu</email></contrib><contrib id="A2" contrib-type="author"><name><surname>Falkow</surname><given-names>Stanley</given-names></name><xref ref-type="aff" rid="I1">1</xref><email>falkow@stanford.edu</email></contrib></contrib-group><aff id="I1"><label>1</label>Microbiology and Immunology, Stanford University Medical Center, Stanford, CA, 94305, USA</aff><pub-date pub-type="collection"><year>2003</year></pub-date><pub-date pub-type="epub"><day>3</day><month>4</month><year>2003</year></pub-date><volume>4</volume><fpage>12</fpage><lpage>12</lpage><ext-link ext-link-type="uri" xlink:href="http://www.biomedcentral.com/1471-2105/4/12"/><history><date date-type="received"><day>8</day><month>1</month><year>2003</year></date><date date-type="accepted"><day>3</day><month>4</month><year>2003</year></date></history><permissions><copyright-statement>Copyright © 2003 Kim and Falkow; licensee BioMed Central Ltd. This is an Open Access article: verbatim copying and redistribution of this article are permitted in all media for any purpose, provided this notice is preserved along with the article's original URL.</copyright-statement><copyright-year>2003</copyright-year><copyright-holder>Kim and Falkow; licensee BioMed Central Ltd. This is an Open Access article: verbatim copying and redistribution of this article are permitted in all media for any purpose, provided this notice is preserved along with the article's original URL.</copyright-holder></permissions><abstract><sec><title>Background</title><p>Genes that are determined to be significantly differentially regulated in microarray analyses often appear to have functional commonalities, such as being components of the same biochemical pathway. This results in certain words being under- or overrepresented in the list of genes. Distinguishing between biologically meaningful trends and artifacts of annotation and analysis procedures is of the utmost importance, as only true biological trends are of interest for further experimentation. A number of sophisticated methods for identification of significant lexical trends are currently available, but these methods are generally too cumbersome for practical use by most microarray users.</p></sec><sec><title>Results</title><p>We have developed a tool, LACK, for calculating the statistical significance of apparent lexical bias in microarray datasets. The frequency of a user-specified list of search terms in a list of genes which are differentially regulated is assessed for statistical significance by comparison to randomly generated datasets. The simplicity of the input files and user interface targets the average microarray user who wishes to have a statistical measure of apparent lexical trends in analyzed datasets without the need for bioinformatics skills. The software is available as Perl source or a Windows executable.</p></sec><sec><title>Conclusion</title><p>We have used LACK in our laboratory to generate biological hypotheses based on our microarray data. We demonstrate the program's utility using an example in which we confirm significant upregulation of SPI-2 pathogenicity island of <italic>Salmonella enterica </italic>serovar Typhimurium by the cation chelator dipyridyl.</p></sec></abstract></article-meta></front></article>