<article xmlns="https://dtd.nlm.nih.gov/ns/archiving/2.3/" xmlns:xsi="http://www.w3.org/2001/XMLSchema-instance" xmlns:mml="http://www.w3.org/1998/Math/MathML" xmlns:xlink="http://www.w3.org/1999/xlink" xsi:schemaLocation="https://dtd.nlm.nih.gov/ns/archiving/2.3/ https://dtd.nlm.nih.gov/archiving/2.3/xsd/archivearticle.xsd" article-type="research-article"><front><journal-meta><journal-id journal-id-type="nlm-ta">BMC Bioinformatics</journal-id><journal-title>BMC Bioinformatics</journal-title><issn pub-type="epub">1471-2105</issn><publisher><publisher-name>BioMed Central</publisher-name><publisher-loc>London</publisher-loc></publisher></journal-meta><article-meta><article-id pub-id-type="accession">PMC1127109</article-id><article-id pub-id-type="pmcid">PMC1127109</article-id><article-id pub-id-type="pmc-uid">1127109</article-id><article-id pub-id-type="pmid">15877815</article-id><article-id pub-id-type="publisher-id">1471-2105-6-112</article-id><article-id pub-id-type="pmid">15877815</article-id><article-id pub-id-type="doi">10.1186/1471-2105-6-112</article-id><article-categories><subj-group subj-group-type="heading"><subject>Research Article</subject></subj-group></article-categories><title-group><article-title>Confirmation of human protein interaction data by human expression data</article-title></title-group><contrib-group><contrib id="A1" contrib-type="author"><name><surname>Hahn</surname><given-names>Andreas</given-names></name><xref ref-type="aff" rid="I1">1</xref><email>andreas.hahn@mpi-sb.mpg.de</email></contrib><contrib id="A2" contrib-type="author"><name><surname>Rahnenführer</surname><given-names>Jörg</given-names></name><xref ref-type="aff" rid="I1">1</xref><email>rahnenfj@mpi-sb.mpg.de</email></contrib><contrib id="A3" contrib-type="author"><name><surname>Talwar</surname><given-names>Priti</given-names></name><xref ref-type="aff" rid="I1">1</xref><email>priti.talwar@mpi-sb.mpg.de</email></contrib><contrib id="A4" corresp="yes" contrib-type="author"><name><surname>Lengauer</surname><given-names>Thomas</given-names></name><xref ref-type="aff" rid="I1">1</xref><email>thomas.lengauer@mpi-sb.mpg.de</email></contrib></contrib-group><aff id="I1"><label>1</label>Max-Planck-Institute for Informatics, Stuhlsatzenhausweg 85, D-66123 Saarbrücken, Germany</aff><pub-date pub-type="collection"><year>2005</year></pub-date><pub-date pub-type="epub"><day>6</day><month>5</month><year>2005</year></pub-date><volume>6</volume><fpage>112</fpage><lpage>112</lpage><ext-link ext-link-type="uri" xlink:href="http://www.biomedcentral.com/1471-2105/6/112"/><history><date date-type="received"><day>22</day><month>9</month><year>2004</year></date><date date-type="accepted"><day>6</day><month>5</month><year>2005</year></date></history><copyright-statement>Copyright © 2005 Hahn et al; licensee BioMed Central Ltd.</copyright-statement><license license-type="open-access" xlink:href="http://creativecommons.org/licenses/by/2.0"><p>This is an Open Access article distributed under the terms of the Creative Commons Attribution License (<ext-link ext-link-type="uri" xlink:href="http://creativecommons.org/licenses/by/2.0"/>), which permits unrestricted use, distribution, and reproduction in any medium, provided the original work is properly cited.</p></license><abstract><sec><title>Background</title><p>With microarray technology the expression of thousands of genes can be measured simultaneously. It is well known that the expression levels of genes of interacting proteins are correlated significantly more strongly in <italic>Saccharomyces cerevisiae </italic>than those of proteins that are not interacting. The objective of this work is to investigate whether this observation extends to the human genome.</p></sec><sec><title>Results</title><p>We investigated the quantitative relationship between expression levels of genes encoding interacting proteins and genes encoding random protein pairs. Therefore we studied 1369 interacting human protein pairs and human gene expression levels of 155 arrays. We were able to establish a statistically significantly higher correlation between the expression levels of genes whose proteins interact compared to random protein pairs. Additionally we were able to provide evidence that genes encoding proteins belonging to the same GO-class show correlated expression levels.</p></sec><sec><title>Conclusion</title><p>This finding is concurrent with the naive hypothesis that the scales of production of interacting proteins are linked because an efficient interaction demands that involved proteins are available to some degree. The goal of further research in this field will be to understand the biological mechanisms behind this observation.</p></sec></abstract></article-meta></front></article>