<article xmlns="https://dtd.nlm.nih.gov/ns/archiving/2.3/" xmlns:xsi="http://www.w3.org/2001/XMLSchema-instance" xmlns:mml="http://www.w3.org/1998/Math/MathML" xmlns:xlink="http://www.w3.org/1999/xlink" xsi:schemaLocation="https://dtd.nlm.nih.gov/ns/archiving/2.3/ https://dtd.nlm.nih.gov/archiving/2.3/xsd/archivearticle.xsd" article-type="research-article"><front><journal-meta><journal-id journal-id-type="nlm-ta">BMC Bioinformatics</journal-id><journal-title>BMC Bioinformatics</journal-title><issn pub-type="epub">1471-2105</issn><publisher><publisher-name>BioMed Central</publisher-name><publisher-loc>London</publisher-loc></publisher></journal-meta><article-meta><article-id pub-id-type="accession">PMC1175842</article-id><article-id pub-id-type="pmcid">PMC1175842</article-id><article-id pub-id-type="pmc-uid">1175842</article-id><article-id pub-id-type="pmid">15910690</article-id><article-id pub-id-type="publisher-id">1471-2105-6-125</article-id><article-id pub-id-type="pmid">15910690</article-id><article-id pub-id-type="doi">10.1186/1471-2105-6-125</article-id><article-categories><subj-group subj-group-type="heading"><subject>Methodology Article</subject></subj-group></article-categories><title-group><article-title>Detection of nuclei in 4D Nomarski DIC microscope images of early Caenorhabditis elegans embryos using local image entropy and object tracking</article-title></title-group><contrib-group><contrib id="A1" contrib-type="author"><name><surname>Hamahashi</surname><given-names>Shugo</given-names></name><xref ref-type="aff" rid="I1">1</xref><xref ref-type="aff" rid="I2">2</xref><xref ref-type="aff" rid="I3">3</xref><email>shugo@so.bio.keio.ac.jp</email></contrib><contrib id="A2" corresp="yes" contrib-type="author"><name><surname>Onami</surname><given-names>Shuichi</given-names></name><xref ref-type="aff" rid="I1">1</xref><xref ref-type="aff" rid="I2">2</xref><xref ref-type="aff" rid="I3">3</xref><email>sonami@bio.keio.ac.jp</email></contrib><contrib id="A3" contrib-type="author"><name><surname>Kitano</surname><given-names>Hiroaki</given-names></name><xref ref-type="aff" rid="I1">1</xref><xref ref-type="aff" rid="I2">2</xref><xref ref-type="aff" rid="I4">4</xref><email>kitano@csl.sony.co.jp</email></contrib></contrib-group><aff id="I1"><label>1</label>Kitano Symbiotic Systems Project, ERATO, Japan Science and Technology Corporation, M31 6A, 6-31-15 Jingumae, Shibuya, Tokyo 150-0001, Japan</aff><aff id="I2"><label>2</label>Graduate School of Science and Technology, Keio University, 3-14-1 Hiyoshi, Kohoku, Yokohama 223-8522, Japan</aff><aff id="I3"><label>3</label>Institute for Bioinformatics Research and Development (BIRD), Japan Science and Technology Agency, 5-3 Yonbancho, Chiyoda, Tokyo 102-0081, Japan</aff><aff id="I4"><label>4</label>Sony Computer Science Laboratories, Inc., 3-14-13 Higashi-Gotanda, Shinagawa, Tokyo 141-0022, Japan</aff><pub-date pub-type="collection"><year>2005</year></pub-date><pub-date pub-type="epub"><day>24</day><month>5</month><year>2005</year></pub-date><volume>6</volume><fpage>125</fpage><lpage>125</lpage><ext-link ext-link-type="uri" xlink:href="http://www.biomedcentral.com/1471-2105/6/125"/><history><date date-type="received"><day>16</day><month>12</month><year>2004</year></date><date date-type="accepted"><day>24</day><month>5</month><year>2005</year></date></history><copyright-statement>Copyright © 2005 Hamahashi et al; licensee BioMed Central Ltd.</copyright-statement><license license-type="open-access" xlink:href="http://creativecommons.org/licenses/by/2.0"><p>This is an Open Access article distributed under the terms of the Creative Commons Attribution License (<ext-link ext-link-type="uri" xlink:href="http://creativecommons.org/licenses/by/2.0"/>), which permits unrestricted use, distribution, and reproduction in any medium, provided the original work is properly cited.</p></license><abstract><sec><title>Background</title><p>The ability to detect nuclei in embryos is essential for studying the development of multicellular organisms. A system of automated nuclear detection has already been tested on a set of four-dimensional (4D) Nomarski differential interference contrast (DIC) microscope images of <italic>Caenorhabditis elegans </italic>embryos. However, the system needed laborious hand-tuning of its parameters every time a new image set was used. It could not detect nuclei in the process of cell division, and could detect nuclei only from the two- to eight-cell stages.</p></sec><sec><title>Results</title><p>We developed a system that automates the detection of nuclei in a set of 4D DIC microscope images of <italic>C. elegans </italic>embryos. Local image entropy is used to produce regions of the images that have the image texture of the nucleus. From these regions, those that actually detect nuclei are manually selected at the first and last time points of the image set, and an object-tracking algorithm then selects regions that detect nuclei in between the first and last time points. The use of local image entropy makes the system applicable to multiple image sets without the need to change its parameter values. The use of an object-tracking algorithm enables the system to detect nuclei in the process of cell division. The system detected nuclei with high sensitivity and specificity from the one- to 24-cell stages.</p></sec><sec><title>Conclusion</title><p>A combination of local image entropy and an object-tracking algorithm enabled highly objective and productive detection of nuclei in a set of 4D DIC microscope images of <italic>C. elegans </italic>embryos. The system will facilitate genomic and computational analyses of <italic>C. elegans </italic>embryos.</p></sec></abstract></article-meta></front></article>