<article xmlns="https://dtd.nlm.nih.gov/ns/archiving/2.3/" xmlns:xsi="http://www.w3.org/2001/XMLSchema-instance" xmlns:mml="http://www.w3.org/1998/Math/MathML" xmlns:xlink="http://www.w3.org/1999/xlink" xsi:schemaLocation="https://dtd.nlm.nih.gov/ns/archiving/2.3/ https://dtd.nlm.nih.gov/archiving/2.3/xsd/archivearticle.xsd" article-type="research-article"><front><journal-meta><journal-id journal-id-type="nlm-ta">BMC Bioinformatics</journal-id><journal-title>BMC Bioinformatics</journal-title><issn pub-type="epub">1471-2105</issn><publisher><publisher-name>BioMed Central</publisher-name><publisher-loc>London</publisher-loc></publisher></journal-meta><article-meta><article-id pub-id-type="accession">PMC1131888</article-id><article-id pub-id-type="pmcid">PMC1131888</article-id><article-id pub-id-type="pmc-uid">1131888</article-id><article-id pub-id-type="pmid">15850477</article-id><article-id pub-id-type="publisher-id">1471-2105-6-105</article-id><article-id pub-id-type="pmid">15850477</article-id><article-id pub-id-type="doi">10.1186/1471-2105-6-105</article-id><article-categories><subj-group subj-group-type="heading"><subject>Research Article</subject></subj-group></article-categories><title-group><article-title>Detailed protein sequence alignment based on Spectral Similarity Score (SSS)</article-title></title-group><contrib-group><contrib id="A1" corresp="yes" contrib-type="author"><name><surname>Gupta</surname><given-names>Kshitiz</given-names></name><xref ref-type="aff" rid="I1">1</xref><xref ref-type="aff" rid="I2">2</xref><xref ref-type="aff" rid="I3">3</xref><email>kshitiz@cse.iitb.ac.in</email></contrib><contrib id="A2" contrib-type="author"><name><surname>Thomas</surname><given-names>Dina</given-names></name><xref ref-type="aff" rid="I1">1</xref><email>dina@cse.iitb.ac.in</email></contrib><contrib id="A3" contrib-type="author"><name><surname>Vidya</surname><given-names>SV</given-names></name><xref ref-type="aff" rid="I4">4</xref><email>svvidya@yahoo.com</email></contrib><contrib id="A4" corresp="yes" contrib-type="author"><name><surname>Venkatesh</surname><given-names>KV</given-names></name><xref ref-type="aff" rid="I2">2</xref><xref ref-type="aff" rid="I3">3</xref><email>venks@che.iitb.ac.in</email></contrib><contrib id="A5" contrib-type="author"><name><surname>Ramakumar</surname><given-names>S</given-names></name><xref ref-type="aff" rid="I4">4</xref><xref ref-type="aff" rid="I5">5</xref><email>ramak@physics.iisc.ernet.in</email></contrib></contrib-group><aff id="I1"><label>1</label>Department of Computer Science &amp; Engineering, Indian Institute of Technology, Bombay, Mumbai, India</aff><aff id="I2"><label>2</label>Department of Chemical Engineering, Indian Institute of Technology, Bombay, Mumbai, India</aff><aff id="I3"><label>3</label>School of Biosciences &amp; Bioengineering, Indian Institute of Technology, Bombay, Mumbai, India</aff><aff id="I4"><label>4</label>Department of Physics, Indian Institute of Science, Bangalore, India</aff><aff id="I5"><label>5</label>Bioinformatics Center, Indian Institute of Science, Bangalore, India</aff><pub-date pub-type="collection"><year>2005</year></pub-date><pub-date pub-type="epub"><day>23</day><month>4</month><year>2005</year></pub-date><volume>6</volume><fpage>105</fpage><lpage>105</lpage><ext-link ext-link-type="uri" xlink:href="http://www.biomedcentral.com/1471-2105/6/105"/><history><date date-type="received"><day>1</day><month>2</month><year>2005</year></date><date date-type="accepted"><day>23</day><month>4</month><year>2005</year></date></history><copyright-statement>Copyright © 2005 Gupta et al; licensee BioMed Central Ltd.</copyright-statement><license license-type="open-access" xlink:href="http://creativecommons.org/licenses/by/2.0"><p>This is an Open Access article distributed under the terms of the Creative Commons Attribution License (<ext-link ext-link-type="uri" xlink:href="http://creativecommons.org/licenses/by/2.0"/>), which permits unrestricted use, distribution, and reproduction in any medium, provided the original work is properly cited.</p></license><abstract><sec><title>Background</title><p>The chemical property and biological function of a protein is a direct consequence of its primary structure. Several algorithms have been developed which determine alignment and similarity of primary protein sequences. However, character based similarity cannot provide insight into the structural aspects of a protein. We present a method based on spectral similarity to compare subsequences of amino acids that behave similarly but are not aligned well by considering amino acids as mere characters. This approach finds a similarity score between sequences based on any given attribute, like hydrophobicity of amino acids, on the basis of spectral information after partial conversion to the frequency domain.</p></sec><sec><title>Results</title><p>Distance matrices of various branches of the human kinome, that is the full complement of human kinases, were developed that matched the phylogenetic tree of the human kinome establishing the efficacy of the global alignment of the algorithm. PKCd and PKCe kinases share close biological properties and structural similarities but do not give high scores with character based alignments. Detailed comparison established close similarities between subsequences that do not have any significant character identity. We compared their known 3D structures to establish that the algorithm is able to pick subsequences that are not considered similar by character based matching algorithms but share structural similarities. Similarly many subsequences with low character identity were picked between xyna-theau and xyna-clotm F/10 xylanases. Comparison of 3D structures of the subsequences confirmed the claim of similarity in structure.</p></sec><sec><title>Conclusion</title><p>An algorithm is developed which is inspired by successful application of spectral similarity applied to music sequences. The method captures subsequences that do not align by traditional character based alignment tools but give rise to similar secondary and tertiary structures. The Spectral Similarity Score (SSS) is an extension to the conventional similarity methods and results indicate that it holds a strong potential for analysis of various biological sequences and structural variations in proteins.</p></sec></abstract></article-meta></front></article>