<article xmlns="https://dtd.nlm.nih.gov/ns/archiving/2.3/" xmlns:xsi="http://www.w3.org/2001/XMLSchema-instance" xmlns:mml="http://www.w3.org/1998/Math/MathML" xmlns:xlink="http://www.w3.org/1999/xlink" xsi:schemaLocation="https://dtd.nlm.nih.gov/ns/archiving/2.3/ https://dtd.nlm.nih.gov/archiving/2.3/xsd/archivearticle.xsd" article-type="research-article"><front><journal-meta><journal-id journal-id-type="nlm-ta">BMC Bioinformatics</journal-id><journal-title>BMC Bioinformatics</journal-title><issn pub-type="epub">1471-2105</issn><publisher><publisher-name>BioMed Central</publisher-name><publisher-loc>London</publisher-loc></publisher></journal-meta><article-meta><article-id pub-id-type="accession">PMC1127107</article-id><article-id pub-id-type="pmcid">PMC1127107</article-id><article-id pub-id-type="pmc-uid">1127107</article-id><article-id pub-id-type="pmid">15850491</article-id><article-id pub-id-type="publisher-id">1471-2105-6-107</article-id><article-id pub-id-type="pmid">15850491</article-id><article-id pub-id-type="doi">10.1186/1471-2105-6-107</article-id><article-categories><subj-group subj-group-type="heading"><subject>Methodology Article</subject></subj-group></article-categories><title-group><article-title>Redefinition of Affymetrix probe sets by sequence overlap with cDNA microarray probes reduces cross-platform inconsistencies in cancer-associated gene expression measurements</article-title></title-group><contrib-group><contrib id="A1" contrib-type="author"><name><surname>Carter</surname><given-names>Scott L</given-names></name><xref ref-type="aff" rid="I1">1</xref><email>scott.carter@childrens.harvard.edu</email></contrib><contrib id="A2" contrib-type="author"><name><surname>Eklund</surname><given-names>Aron C</given-names></name><xref ref-type="aff" rid="I2">2</xref><email>aeklund@rics.bwh.harvard.edu</email></contrib><contrib id="A3" contrib-type="author"><name><surname>Mecham</surname><given-names>Brigham H</given-names></name><xref ref-type="aff" rid="I1">1</xref><email>bhmecham@u.washington.edu</email></contrib><contrib id="A4" contrib-type="author"><name><surname>Kohane</surname><given-names>Isaac S</given-names></name><xref ref-type="aff" rid="I1">1</xref><email>isaac_kohane@harvard.edu</email></contrib><contrib id="A5" corresp="yes" contrib-type="author"><name><surname>Szallasi</surname><given-names>Zoltan</given-names></name><xref ref-type="aff" rid="I1">1</xref><email>zszallasi@chip.org</email></contrib></contrib-group><aff id="I1"><label>1</label>Children's Hospital Informatics Program, Harvard Medical School, Boston, MA, 02115 USA</aff><aff id="I2"><label>2</label>Laboratory of Functional Genomics, Brigham and Women's Hospital, 65 Landsdowne Street, Cambridge, MA 02139, USA</aff><pub-date pub-type="collection"><year>2005</year></pub-date><pub-date pub-type="epub"><day>25</day><month>4</month><year>2005</year></pub-date><volume>6</volume><fpage>107</fpage><lpage>107</lpage><ext-link ext-link-type="uri" xlink:href="http://www.biomedcentral.com/1471-2105/6/107"/><history><date date-type="received"><day>10</day><month>1</month><year>2005</year></date><date date-type="accepted"><day>25</day><month>4</month><year>2005</year></date></history><copyright-statement>Copyright © 2005 Carter et al; licensee BioMed Central Ltd.</copyright-statement><license license-type="open-access" xlink:href="http://creativecommons.org/licenses/by/2.0"><p>This is an Open Access article distributed under the terms of the Creative Commons Attribution License (<ext-link ext-link-type="uri" xlink:href="http://creativecommons.org/licenses/by/2.0"/>), which permits unrestricted use, distribution, and reproduction in any medium, provided the original work is properly cited.</p></license><abstract><sec><title>Background</title><p>Comparison of data produced on different microarray platforms often shows surprising discordance. It is not clear whether this discrepancy is caused by noisy data or by improper probe matching between platforms. We investigated whether the significant level of inconsistency between results produced by alternative gene expression microarray platforms could be reduced by stringent sequence matching of microarray probes. We mapped the short oligo probes of the Affymetrix platform onto cDNA clones of the Stanford microarray platform. Affymetrix probes were reassigned to redefined probe sets if they mapped to the same cDNA clone sequence, regardless of the original manufacturer-defined grouping. The NCI-60 gene expression profiles produced by Affymetrix HuFL platform were recalculated using these redefined probe sets and compared to previously published cDNA measurements of the same panel of RNA samples.</p></sec><sec><title>Results</title><p>The redefined probe sets displayed a substantially higher level of cross-platform consistency at the level of gene correlation, cell line correlation and unsupervised hierarchical clustering. The same strategy allowed an almost complete correspondence of breast cancer subtype classification between Affymetrix gene chip and cDNA microarray derived gene expression data, and gave an increased level of similarity between normal lung derived gene expression profiles using the two technologies. In total, two Affymetrix gene-chip platforms were remapped to three cDNA platforms in the various cross-platform analyses, resulting in improved concordance in each case.</p></sec><sec><title>Conclusion</title><p>We have shown that probes which target overlapping transcript sequence regions on cDNA microarrays and Affymetrix gene-chips exhibit a greater level of concordance than the corresponding Unigene or sequence matched features. This method will be useful for the integrated analysis of gene expression data generated by multiple disparate measurement platforms.</p></sec></abstract></article-meta></front></article>