<article xmlns="https://dtd.nlm.nih.gov/ns/archiving/2.3/" xmlns:xsi="http://www.w3.org/2001/XMLSchema-instance" xmlns:mml="http://www.w3.org/1998/Math/MathML" xmlns:xlink="http://www.w3.org/1999/xlink" xsi:schemaLocation="https://dtd.nlm.nih.gov/ns/archiving/2.3/ https://dtd.nlm.nih.gov/archiving/2.3/xsd/archivearticle.xsd" article-type="research-article"><front><journal-meta><journal-id journal-id-type="nlm-ta">BMC Bioinformatics</journal-id><journal-title>BMC Bioinformatics</journal-title><issn pub-type="epub">1471-2105</issn><publisher><publisher-name>BioMed Central</publisher-name><publisher-loc>London</publisher-loc></publisher></journal-meta><article-meta><article-id pub-id-type="accession">PMC1156867</article-id><article-id pub-id-type="pmcid">PMC1156867</article-id><article-id pub-id-type="pmc-uid">1156867</article-id><article-id pub-id-type="pmid">15890080</article-id><article-id pub-id-type="publisher-id">1471-2105-6-115</article-id><article-id pub-id-type="pmid">15890080</article-id><article-id pub-id-type="doi">10.1186/1471-2105-6-115</article-id><article-categories><subj-group subj-group-type="heading"><subject>Methodology Article</subject></subj-group></article-categories><title-group><article-title>Visualization methods for statistical analysis of microarray clusters</article-title></title-group><contrib-group><contrib id="A1" contrib-type="author"><name><surname>Hibbs</surname><given-names>Matthew A</given-names></name><xref ref-type="aff" rid="I1">1</xref><xref ref-type="aff" rid="I2">2</xref><email>mhibbs@cs.princeton.edu</email></contrib><contrib id="A2" contrib-type="author"><name><surname>Dirksen</surname><given-names>Nathaniel C</given-names></name><xref ref-type="aff" rid="I1">1</xref><email>ndirksen@cs.princeton.edu</email></contrib><contrib id="A3" contrib-type="author"><name><surname>Li</surname><given-names>Kai</given-names></name><xref ref-type="aff" rid="I1">1</xref><email>li@cs.princeton.edu</email></contrib><contrib id="A4" corresp="yes" contrib-type="author"><name><surname>Troyanskaya</surname><given-names>Olga G</given-names></name><xref ref-type="aff" rid="I1">1</xref><xref ref-type="aff" rid="I2">2</xref><email>ogt@cs.princeton.edu</email></contrib></contrib-group><aff id="I1"><label>1</label>Computer Science Department, Princeton University, 35 Olden Street, Princeton, NJ 08544, USA</aff><aff id="I2"><label>2</label>Lewis-Sigler Institute for Integrative Genomics, Princeton, NJ 08544, USA</aff><pub-date pub-type="collection"><year>2005</year></pub-date><pub-date pub-type="epub"><day>12</day><month>5</month><year>2005</year></pub-date><volume>6</volume><fpage>115</fpage><lpage>115</lpage><ext-link ext-link-type="uri" xlink:href="http://www.biomedcentral.com/1471-2105/6/115"/><history><date date-type="received"><day>17</day><month>12</month><year>2004</year></date><date date-type="accepted"><day>12</day><month>5</month><year>2005</year></date></history><copyright-statement>Copyright © 2005 Hibbs et al; licensee BioMed Central Ltd.</copyright-statement><license license-type="open-access" xlink:href="http://creativecommons.org/licenses/by/2.0"><p>This is an Open Access article distributed under the terms of the Creative Commons Attribution License (<ext-link ext-link-type="uri" xlink:href="http://creativecommons.org/licenses/by/2.0"/>), which permits unrestricted use, distribution, and reproduction in any medium, provided the original work is properly cited.</p></license><abstract><sec><title>Background</title><p>The most common method of identifying groups of functionally related genes in microarray data is to apply a clustering algorithm. However, it is impossible to determine which clustering algorithm is most appropriate to apply, and it is difficult to verify the results of any algorithm due to the lack of a gold-standard. Appropriate data visualization tools can aid this analysis process, but existing visualization methods do not specifically address this issue.</p></sec><sec><title>Results</title><p>We present several visualization techniques that incorporate meaningful statistics that are noise-robust for the purpose of analyzing the results of clustering algorithms on microarray data. This includes a rank-based visualization method that is more robust to noise, a difference display method to aid assessments of cluster quality and detection of outliers, and a projection of high dimensional data into a three dimensional space in order to examine relationships between clusters. Our methods are interactive and are dynamically linked together for comprehensive analysis. Further, our approach applies to both protein and gene expression microarrays, and our architecture is scalable for use on both desktop/laptop screens and large-scale display devices. This methodology is implemented in GeneVAnD (Genomic Visual ANalysis of Datasets) and is available at <ext-link ext-link-type="uri" xlink:href="http://function.princeton.edu/GeneVAnD"/>.</p></sec><sec><title>Conclusion</title><p>Incorporating relevant statistical information into data visualizations is key for analysis of large biological datasets, particularly because of high levels of noise and the lack of a gold-standard for comparisons. We developed several new visualization techniques and demonstrated their effectiveness for evaluating cluster quality and relationships between clusters.</p></sec></abstract></article-meta></front></article>