<article xmlns="https://dtd.nlm.nih.gov/ns/archiving/2.3/" xmlns:xsi="http://www.w3.org/2001/XMLSchema-instance" xmlns:mml="http://www.w3.org/1998/Math/MathML" xmlns:xlink="http://www.w3.org/1999/xlink" xsi:schemaLocation="https://dtd.nlm.nih.gov/ns/archiving/2.3/ https://dtd.nlm.nih.gov/archiving/2.3/xsd/archivearticle.xsd" article-type="research-article"><front><journal-meta><journal-id journal-id-type="nlm-ta">BMC Bioinformatics</journal-id><journal-title>BMC Bioinformatics</journal-title><issn pub-type="epub">1471-2105</issn><publisher><publisher-name>BioMed Central</publisher-name><publisher-loc>London</publisher-loc></publisher></journal-meta><article-meta><article-id pub-id-type="accession">PMC1192790</article-id><article-id pub-id-type="pmcid">PMC1192790</article-id><article-id pub-id-type="pmc-uid">1192790</article-id><article-id pub-id-type="pmid">15985178</article-id><article-id pub-id-type="publisher-id">1471-2105-6-159</article-id><article-id pub-id-type="pmid">15985178</article-id><article-id pub-id-type="doi">10.1186/1471-2105-6-159</article-id><article-categories><subj-group subj-group-type="heading"><subject>Methodology Article</subject></subj-group></article-categories><title-group><article-title>Full cyclic coordinate descent: solving the protein loop closure problem in C<italic>α </italic>space</article-title></title-group><contrib-group><contrib id="A1" contrib-type="author"><name><surname>Boomsma</surname><given-names>Wouter</given-names></name><xref ref-type="aff" rid="I1">1</xref><email>wb@binf.ku.dk</email></contrib><contrib id="A2" corresp="yes" contrib-type="author"><name><surname>Hamelryck</surname><given-names>Thomas</given-names></name><xref ref-type="aff" rid="I1">1</xref><email>thamelry@binf.ku.dk</email></contrib></contrib-group><aff id="I1"><label>1</label>Bioinformatics center, Institute of Molecular Biology and Physiology, University of Copenhagen, Universitetsparken 15, Building 10, DK-2100 Copenhagen, Denmark</aff><pub-date pub-type="collection"><year>2005</year></pub-date><pub-date pub-type="epub"><day>28</day><month>6</month><year>2005</year></pub-date><volume>6</volume><fpage>159</fpage><lpage>159</lpage><ext-link ext-link-type="uri" xlink:href="http://www.biomedcentral.com/1471-2105/6/159"/><history><date date-type="received"><day>25</day><month>4</month><year>2005</year></date><date date-type="accepted"><day>28</day><month>6</month><year>2005</year></date></history><permissions><copyright-statement>Copyright © 2005 Boomsma and Hamelryck; licensee BioMed Central Ltd.</copyright-statement><copyright-year>2005</copyright-year><copyright-holder>Boomsma and Hamelryck; licensee BioMed Central Ltd.</copyright-holder><license license-type="open-access" xlink:href="http://creativecommons.org/licenses/by/2.0"><p>This is an Open Access article distributed under the terms of the Creative Commons Attribution License (<ext-link ext-link-type="uri" xlink:href="http://creativecommons.org/licenses/by/2.0"/>), which permits unrestricted use, distribution, and reproduction in any medium, provided the original work is properly cited.</p><!--<rdf xmlns="http://web.resource.org/cc/" xmlns:rdf="http://www.w3.org/1999/02/22-rdf-syntax-ns#" xmlns:dc="http://purl.org/dc/elements/1.1" xmlns:dcterms="http://purl.org/dc/terms"><Work xmlns:dc="http://purl.org/dc/elements/1.1/" xmlns:dcterms="http://purl.org/dc/terms/" rdf:about=""><license rdf:resource="http://creativecommons.org/licenses/by/2.0"/><dc:type rdf:resource="http://purl.org/dc/dcmitype/Text"/><dc:author>
               Boomsma
               Wouter
               
               wb@binf.ku.dk
            </dc:author><dc:title>
            Full cyclic coordinate descent: solving the protein loop closure problem in C&#x003b1; space
         </dc:title><dc:date>2005</dc:date><dcterms:bibliographicCitation>BMC Bioinformatics 6(1): 159-. (2005)</dcterms:bibliographicCitation><dc:identifier type="sici">1471-2105(2005)6:1&#x0003c;159&#x0003e;</dc:identifier><dcterms:isPartOf>urn:ISSN:1471-2105</dcterms:isPartOf><License rdf:about="http://creativecommons.org/licenses/by/2.0"><permits rdf:resource="http://web.resource.org/cc/Reproduction" xmlns=""/><permits rdf:resource="http://web.resource.org/cc/Distribution" xmlns=""/><requires rdf:resource="http://web.resource.org/cc/Notice" xmlns=""/><requires rdf:resource="http://web.resource.org/cc/Attribution" xmlns=""/><permits rdf:resource="http://web.resource.org/cc/DerivativeWorks" xmlns=""/></License></Work></rdf>--></license></permissions><abstract><sec><title>Background</title><p>Various forms of the so-called <italic>loop closure problem </italic>are crucial to protein structure prediction methods. Given an N- and a C-terminal end, the problem consists of finding a suitable segment of a certain length that bridges the ends seamlessly.</p><p>In homology modelling, the problem arises in predicting loop regions. In <italic>de novo </italic>protein structure prediction, the problem is encountered when implementing local moves for Markov Chain Monte Carlo simulations.</p><p>Most loop closure algorithms keep the bond angles fixed or semi-fixed, and only vary the dihedral angles. This is appropriate for a full-atom protein backbone, since the bond angles can be considered as fixed, while the (<italic>φ</italic>, <italic>ψ</italic>) dihedral angles are variable. However, many <italic>de novo </italic>structure prediction methods use protein models that only consist of C<italic>α </italic>atoms, or otherwise do not make use of all backbone atoms. These methods require a method that alters both bond and dihedral angles, since the pseudo bond angle between three consecutive C<italic>α </italic>atoms also varies considerably.</p></sec><sec><title>Results</title><p>Here we present a method that solves the loop closure problem for C<italic>α </italic>only protein models. We developed a variant of Cyclic Coordinate Descent (CCD), an inverse kinematics method from the field of robotics, which was recently applied to the loop closure problem. Since the method alters both bond and dihedral angles, which is equivalent to applying a full rotation matrix, we call our method Full CCD (FCDD). FCCD replaces CCD's vector-based optimization of a rotation around an axis with a singular value decomposition-based optimization of a general rotation matrix. The method is easy to implement and numerically stable.</p></sec><sec><title>Conclusion</title><p>We tested the method's performance on sets of random protein C<italic>α </italic>segments between 5 and 30 amino acids long, and a number of loops of length 4, 8 and 12. FCCD is fast, has a high success rate and readily generates conformations close to those of real loops. The presence of constraints on the angles only has a small effect on the performance. A reference implementation of FCCD in Python is available as supplementary information.</p></sec></abstract></article-meta></front></article>