<article xmlns="https://dtd.nlm.nih.gov/ns/archiving/2.3/" xmlns:xsi="http://www.w3.org/2001/XMLSchema-instance" xmlns:mml="http://www.w3.org/1998/Math/MathML" xmlns:xlink="http://www.w3.org/1999/xlink" xsi:schemaLocation="https://dtd.nlm.nih.gov/ns/archiving/2.3/ https://dtd.nlm.nih.gov/archiving/2.3/xsd/archivearticle.xsd" article-type="research-article"><front><journal-meta><journal-id journal-id-type="nlm-ta">BMC Bioinformatics</journal-id><journal-title>BMC Bioinformatics</journal-title><issn pub-type="epub">1471-2105</issn><publisher><publisher-name>BioMed Central</publisher-name><publisher-loc>London</publisher-loc></publisher></journal-meta><article-meta><article-id pub-id-type="accession">PMC1174864</article-id><article-id pub-id-type="pmcid">PMC1174864</article-id><article-id pub-id-type="pmc-uid">1174864</article-id><article-id pub-id-type="pmid">15924626</article-id><article-id pub-id-type="publisher-id">1471-2105-6-131</article-id><article-id pub-id-type="pmid">15924626</article-id><article-id pub-id-type="doi">10.1186/1471-2105-6-131</article-id><article-categories><subj-group subj-group-type="heading"><subject>Research Article</subject></subj-group></article-categories><title-group><article-title>Gene finding in the chicken genome</article-title></title-group><contrib-group><contrib id="A1" corresp="yes" contrib-type="author"><name><surname>Eyras</surname><given-names>Eduardo</given-names></name><xref ref-type="aff" rid="I1">1</xref><email>eeyras@imim.es</email></contrib><contrib id="A2" contrib-type="author"><name><surname>Reymond</surname><given-names>Alexandre</given-names></name><xref ref-type="aff" rid="I2">2</xref><xref ref-type="aff" rid="I3">3</xref><email>alexandre.reymond@unil.ch</email></contrib><contrib id="A3" contrib-type="author"><name><surname>Castelo</surname><given-names>Robert</given-names></name><xref ref-type="aff" rid="I1">1</xref><email>rcastelo@imim.es</email></contrib><contrib id="A4" contrib-type="author"><name><surname>Bye</surname><given-names>Jacqueline M</given-names></name><xref ref-type="aff" rid="I4">4</xref><email>jmb@sanger.ac.uk</email></contrib><contrib id="A5" contrib-type="author"><name><surname>Camara</surname><given-names>Francisco</given-names></name><xref ref-type="aff" rid="I1">1</xref><email>fcamara@imim.es</email></contrib><contrib id="A6" contrib-type="author"><name><surname>Flicek</surname><given-names>Paul</given-names></name><xref ref-type="aff" rid="I5">5</xref><email>pflicek@cs.wustl.edu</email></contrib><contrib id="A7" contrib-type="author"><name><surname>Huckle</surname><given-names>Elizabeth J</given-names></name><xref ref-type="aff" rid="I4">4</xref><email>ejh@sanger.ac.uk</email></contrib><contrib id="A8" contrib-type="author"><name><surname>Parra</surname><given-names>Genis</given-names></name><xref ref-type="aff" rid="I1">1</xref><email>gparra@imim.es</email></contrib><contrib id="A9" contrib-type="author"><name><surname>Shteynberg</surname><given-names>David D</given-names></name><xref ref-type="aff" rid="I5">5</xref><email>dds@cs.wustl.edu</email></contrib><contrib id="A10" contrib-type="author"><name><surname>Wyss</surname><given-names>Carine</given-names></name><xref ref-type="aff" rid="I2">2</xref><email>carine.wyss@medecine.unige.ch</email></contrib><contrib id="A11" contrib-type="author"><name><surname>Rogers</surname><given-names>Jane</given-names></name><xref ref-type="aff" rid="I4">4</xref><email>jrh@sanger.ac.uk</email></contrib><contrib id="A12" contrib-type="author"><name><surname>Antonarakis</surname><given-names>Stylianos E</given-names></name><xref ref-type="aff" rid="I2">2</xref><email>stylianos.antonarakis@medecine.unige.ch</email></contrib><contrib id="A13" contrib-type="author"><name><surname>Birney</surname><given-names>Ewan</given-names></name><xref ref-type="aff" rid="I6">6</xref><email>birney@ebi.ac.uk</email></contrib><contrib id="A14" contrib-type="author"><name><surname>Guigo</surname><given-names>Roderic</given-names></name><xref ref-type="aff" rid="I1">1</xref><email>rguigo@imim.es</email></contrib><contrib id="A15" contrib-type="author"><name><surname>Brent</surname><given-names>Michael R</given-names></name><xref ref-type="aff" rid="I5">5</xref><email>brent@cse.wustl.edu</email></contrib></contrib-group><aff id="I1"><label>1</label>Research Group in Biomedical Informatics, Institut Municipal d'Investigacio Medica/Universitat Pompeu Fabra/Centre de Regulacio Genomica, E08003 Barcelona, Catalonia, Spain</aff><aff id="I2"><label>2</label>Department of Genetic Medicine and Development, University of Geneva, Medical School and University Hospital of Geneva, CMU, 1, rue Michel Servet, 1211 Geneva, Switzerland</aff><aff id="I3"><label>3</label>Center for Integrative Genomics, University of Lausanne, 1015 Lausanne, Switzerland</aff><aff id="I4"><label>4</label>The Wellcome Trust Sanger Institute, Wellcome Trust Genome Campus, Hinxton, Cambridge CB10 1SA, UK</aff><aff id="I5"><label>5</label>Laboratory for Computational Genomics and Department of Computer Science, Campus Box 1045, Washington University, One Brookings Drive, St Louis, Missouri 63130, USA</aff><aff id="I6"><label>6</label>EBI, Wellcome Trust Genome Campus, Hinxton, Cambridge CB10 1SD, UK</aff><pub-date pub-type="collection"><year>2005</year></pub-date><pub-date pub-type="epub"><day>30</day><month>5</month><year>2005</year></pub-date><volume>6</volume><fpage>131</fpage><lpage>131</lpage><ext-link ext-link-type="uri" xlink:href="http://www.biomedcentral.com/1471-2105/6/131"/><history><date date-type="received"><day>26</day><month>10</month><year>2004</year></date><date date-type="accepted"><day>30</day><month>5</month><year>2005</year></date></history><copyright-statement>Copyright © 2005 Eyras et al; licensee BioMed Central Ltd.</copyright-statement><license license-type="open-access" xlink:href="http://creativecommons.org/licenses/by/2.0"><p>This is an Open Access article distributed under the terms of the Creative Commons Attribution License (<ext-link ext-link-type="uri" xlink:href="http://creativecommons.org/licenses/by/2.0"/>), which permits unrestricted use, distribution, and reproduction in any medium, provided the original work is properly cited.</p></license><abstract><sec><title>Background</title><p>Despite the continuous production of genome sequence for a number of organisms, reliable, comprehensive, and cost effective gene prediction remains problematic. This is particularly true for genomes for which there is not a large collection of known gene sequences, such as the recently published chicken genome. We used the chicken sequence to test comparative and homology-based gene-finding methods followed by experimental validation as an effective genome annotation method.</p></sec><sec><title>Results</title><p>We performed experimental evaluation by RT-PCR of three different computational gene finders, Ensembl, SGP2 and TWINSCAN, applied to the chicken genome. A Venn diagram was computed and each component of it was evaluated. The results showed that <italic>de novo </italic>comparative methods can identify up to about 700 chicken genes with no previous evidence of expression, and can correctly extend about 40% of homology-based predictions at the 5' end.</p></sec><sec><title>Conclusions</title><p><italic>De novo </italic>comparative gene prediction followed by experimental verification is effective at enhancing the annotation of the newly sequenced genomes provided by standard homology-based methods.</p></sec></abstract></article-meta></front></article>