<article xmlns="https://dtd.nlm.nih.gov/ns/archiving/2.3/" xmlns:xsi="http://www.w3.org/2001/XMLSchema-instance" xmlns:mml="http://www.w3.org/1998/Math/MathML" xmlns:xlink="http://www.w3.org/1999/xlink" xsi:schemaLocation="https://dtd.nlm.nih.gov/ns/archiving/2.3/ https://dtd.nlm.nih.gov/archiving/2.3/xsd/archivearticle.xsd" article-type="research-article"><front><journal-meta><journal-id journal-id-type="nlm-ta">BMC Bioinformatics</journal-id><journal-title>BMC Bioinformatics</journal-title><issn pub-type="epub">1471-2105</issn><publisher><publisher-name>BioMed Central</publisher-name><publisher-loc>London</publisher-loc></publisher></journal-meta><article-meta><article-id pub-id-type="accession">PMC166151</article-id><article-id pub-id-type="pmcid">PMC166151</article-id><article-id pub-id-type="pmc-uid">166151</article-id><article-id pub-id-type="pmid">12823867</article-id><article-id pub-id-type="publisher-id">1471-2105-4-26</article-id><article-id pub-id-type="pmid">12823867</article-id><article-id pub-id-type="doi">10.1186/1471-2105-4-26</article-id><article-categories><subj-group subj-group-type="heading"><subject>Methodology Article</subject></subj-group></article-categories><title-group><article-title>Statistical implications of pooling RNA samples for microarray experiments</article-title></title-group><contrib-group><contrib id="A1" corresp="yes" contrib-type="author"><name><surname>Peng</surname><given-names>Xuejun</given-names></name><xref ref-type="aff" rid="I1">1</xref><email>peng@ms.uky.edu</email></contrib><contrib id="A2" contrib-type="author"><name><surname>Wood</surname><given-names>Constance L</given-names></name><xref ref-type="aff" rid="I1">1</xref><email>cwood@uky.edu</email></contrib><contrib id="A3" contrib-type="author"><name><surname>Blalock</surname><given-names>Eric M</given-names></name><xref ref-type="aff" rid="I2">2</xref><email>emblal@uky.edu</email></contrib><contrib id="A4" contrib-type="author"><name><surname>Chen</surname><given-names>Kuey Chu</given-names></name><xref ref-type="aff" rid="I2">2</xref><email>kueyc@uky.edu</email></contrib><contrib id="A5" contrib-type="author"><name><surname>Landfield</surname><given-names>Philip W</given-names></name><xref ref-type="aff" rid="I2">2</xref><email>pwland@uky.edu</email></contrib><contrib id="A6" contrib-type="author"><name><surname>Stromberg</surname><given-names>Arnold J</given-names></name><xref ref-type="aff" rid="I1">1</xref><email>astro@ms.uky.edu</email></contrib></contrib-group><aff id="I1"><label>1</label>Department of Statistics, University of Kentucky, Lexington, KY 40506, USA</aff><aff id="I2"><label>2</label>Department of Molecular and Biomedical Pharmacology, University of Kentucky, Lexington, KY 40536, USA</aff><pub-date pub-type="collection"><year>2003</year></pub-date><pub-date pub-type="epub"><day>24</day><month>6</month><year>2003</year></pub-date><volume>4</volume><fpage>26</fpage><lpage>26</lpage><ext-link ext-link-type="uri" xlink:href="http://www.biomedcentral.com/1471-2105/4/26"/><history><date date-type="received"><day>2</day><month>12</month><year>2002</year></date><date date-type="accepted"><day>24</day><month>6</month><year>2003</year></date></history><permissions><copyright-statement>Copyright © 2003 Peng et al; licensee BioMed Central Ltd. This is an Open Access article: verbatim copying and redistribution of this article are permitted in all media for any purpose, provided this notice is preserved along with the article's original URL.</copyright-statement><copyright-year>2003</copyright-year><copyright-holder>Peng et al; licensee BioMed Central Ltd. This is an Open Access article: verbatim copying and redistribution of this article are permitted in all media for any purpose, provided this notice is preserved along with the article's original URL.</copyright-holder></permissions><abstract><sec><title>Background</title><p>Microarray technology has become a very important tool for studying gene expression profiles under various conditions. Biologists often pool RNA samples extracted from different subjects onto a single microarray chip to help defray the cost of microarray experiments as well as to correct for the technical difficulty in getting sufficient RNA from a single subject. However, the statistical, technical and financial implications of pooling have not been explicitly investigated.</p></sec><sec><title>Results</title><p>Modeling the resulting gene expression from sample pooling as a mixture of individual responses, we derived expressions for the experimental error and provided both upper and lower bounds for its value in terms of the variability among individuals and the number of RNA samples pooled. Using "virtual" pooling of data from real experiments and computer simulations, we investigated the statistical properties of RNA sample pooling. Our study reveals that pooling biological samples appropriately is statistically valid and efficient for microarray experiments. Furthermore, optimal pooling design(s) can be found to meet statistical requirements while minimizing total cost.</p></sec><sec><title>Conclusions</title><p>Appropriate RNA pooling can provide equivalent power and improve efficiency and cost-effectiveness for microarray experiments with a modest increase in total number of subjects. Pooling schemes in terms of replicates of subjects and arrays can be compared before experiments are conducted.</p></sec></abstract><kwd-group><kwd>Microarray experiment design</kwd><kwd>Replicates</kwd><kwd>Pooling</kwd><kwd>Power</kwd><kwd>Sample size estimation</kwd></kwd-group></article-meta></front></article>