<article xmlns="https://dtd.nlm.nih.gov/ns/archiving/2.3/" xmlns:xsi="http://www.w3.org/2001/XMLSchema-instance" xmlns:mml="http://www.w3.org/1998/Math/MathML" xmlns:xlink="http://www.w3.org/1999/xlink" xsi:schemaLocation="https://dtd.nlm.nih.gov/ns/archiving/2.3/ https://dtd.nlm.nih.gov/archiving/2.3/xsd/archivearticle.xsd" article-type="research-article"><front><journal-meta><journal-id journal-id-type="nlm-ta">BMC Bioinformatics</journal-id><journal-title>BMC Bioinformatics</journal-title><issn pub-type="epub">1471-2105</issn><publisher><publisher-name>BioMed Central</publisher-name><publisher-loc>London</publisher-loc></publisher></journal-meta><article-meta><article-id pub-id-type="accession">PMC1183189</article-id><article-id pub-id-type="pmcid">PMC1183189</article-id><article-id pub-id-type="pmc-uid">1183189</article-id><article-id pub-id-type="pmid">15941488</article-id><article-id pub-id-type="publisher-id">1471-2105-6-144</article-id><article-id pub-id-type="pmid">15941488</article-id><article-id pub-id-type="doi">10.1186/1471-2105-6-144</article-id><article-categories><subj-group subj-group-type="heading"><subject>Methodology Article</subject></subj-group></article-categories><title-group><article-title>PAGE: Parametric Analysis of Gene Set Enrichment</article-title></title-group><contrib-group><contrib id="A1" corresp="yes" contrib-type="author"><name><surname>Kim</surname><given-names>Seon-Young</given-names></name><xref ref-type="aff" rid="I2">2</xref><email>kimsy@kribb.re.kr</email></contrib><contrib id="A2" corresp="yes" contrib-type="author"><name><surname>Volsky</surname><given-names>David J</given-names></name><xref ref-type="aff" rid="I1">1</xref><xref ref-type="aff" rid="I3">3</xref><email>djv4@columbia.edu</email></contrib></contrib-group><aff id="I1"><label>1</label>Molecular Virology Division, St. Luke's-Roosevelt Hospital Center and Columbia University, New York, NY 10019, USA</aff><aff id="I2"><label>2</label>Human Genomics Laboratory, Genome Research Center, Korea Research, Institute of Biosciences and Biotechnology 52 Eoeun-dong Yuseong-gu,  Daejon, 305-333, Korea</aff><aff id="I3"><label>3</label>Molecular Virology Division, St. Luke's-Roosevelt Hospital Center  432 West 58th, Street Antenucci Building, Room 709 New York, NY  10019, USA</aff><pub-date pub-type="collection"><year>2005</year></pub-date><pub-date pub-type="epub"><day>8</day><month>6</month><year>2005</year></pub-date><volume>6</volume><fpage>144</fpage><lpage>144</lpage><ext-link ext-link-type="uri" xlink:href="http://www.biomedcentral.com/1471-2105/6/144"/><history><date date-type="received"><day>20</day><month>12</month><year>2004</year></date><date date-type="accepted"><day>8</day><month>6</month><year>2005</year></date></history><permissions><copyright-statement>Copyright © 2005 Kim and Volsky; licensee BioMed Central Ltd.</copyright-statement><copyright-year>2005</copyright-year><copyright-holder>Kim and Volsky; licensee BioMed Central Ltd.</copyright-holder><license license-type="open-access" xlink:href="http://creativecommons.org/licenses/by/2.0"><p>This is an Open Access article distributed under the terms of the Creative Commons Attribution License (<ext-link ext-link-type="uri" xlink:href="http://creativecommons.org/licenses/by/2.0"/>), which permits unrestricted use, distribution, and reproduction in any medium, provided the original work is properly cited.</p><!--<rdf xmlns="http://web.resource.org/cc/" xmlns:rdf="http://www.w3.org/1999/02/22-rdf-syntax-ns#" xmlns:dc="http://purl.org/dc/elements/1.1" xmlns:dcterms="http://purl.org/dc/terms"><Work xmlns:dc="http://purl.org/dc/elements/1.1/" xmlns:dcterms="http://purl.org/dc/terms/" rdf:about=""><license rdf:resource="http://creativecommons.org/licenses/by/2.0"/><dc:type rdf:resource="http://purl.org/dc/dcmitype/Text"/><dc:author>
               Kim
               Seon-Young
               
               kimsy@kribb.re.kr
            </dc:author><dc:title>
            PAGE: Parametric Analysis of Gene Set Enrichment
         </dc:title><dc:date>2005</dc:date><dcterms:bibliographicCitation>BMC Bioinformatics 6(1): 144-. (2005)</dcterms:bibliographicCitation><dc:identifier type="sici">1471-2105(2005)6:1&#x0003c;144&#x0003e;</dc:identifier><dcterms:isPartOf>urn:ISSN:1471-2105</dcterms:isPartOf><License rdf:about="http://creativecommons.org/licenses/by/2.0"><permits rdf:resource="http://web.resource.org/cc/Reproduction" xmlns=""/><permits rdf:resource="http://web.resource.org/cc/Distribution" xmlns=""/><requires rdf:resource="http://web.resource.org/cc/Notice" xmlns=""/><requires rdf:resource="http://web.resource.org/cc/Attribution" xmlns=""/><permits rdf:resource="http://web.resource.org/cc/DerivativeWorks" xmlns=""/></License></Work></rdf>--></license></permissions><abstract><sec><title>Background</title><p>Gene set enrichment analysis (GSEA) is a microarray data analysis method that uses predefined gene sets and ranks of genes to identify significant biological changes in microarray data sets. GSEA is especially useful when gene expression changes in a given microarray data set is minimal or moderate.</p></sec><sec><title>Results</title><p>We developed a modified gene set enrichment analysis method based on a parametric statistical analysis model. Compared with GSEA, the parametric analysis of gene set enrichment (PAGE) detected a larger number of significantly altered gene sets and their p-values were lower than the corresponding p-values calculated by GSEA. Because PAGE uses normal distribution for statistical inference, it requires less computation than GSEA, which needs repeated computation of the permutated data set. PAGE was able to detect significantly changed gene sets from microarray data irrespective of different Affymetrix probe level analysis methods or different microarray platforms. Comparison of two aged muscle microarray data sets at gene set level using PAGE revealed common biological themes better than comparison at individual gene level.</p></sec><sec><title>Conclusion</title><p>PAGE was statistically more sensitive and required much less computational effort than GSEA, it could identify significantly changed biological themes from microarray data irrespective of analysis methods or microarray platforms, and it was useful in comparison of multiple microarray data sets. We offer PAGE as a useful microarray analysis method.</p></sec></abstract></article-meta></front></article>