<article xmlns="https://jats.nlm.nih.gov/ns/archiving/1.2/" xmlns:xsi="http://www.w3.org/2001/XMLSchema-instance" xmlns:mml="http://www.w3.org/1998/Math/MathML" xmlns:xlink="http://www.w3.org/1999/xlink" xsi:schemaLocation="https://jats.nlm.nih.gov/ns/archiving/1.2/ https://jats.nlm.nih.gov/archiving/1.2/xsd/JATS-archivearticle1.xsd" article-type="research-article"><front><journal-meta><journal-id journal-id-type="nlm-ta">BMC Bioinformatics</journal-id><journal-title-group><journal-title>BMC Bioinformatics</journal-title></journal-title-group><issn pub-type="epub">1471-2105</issn><publisher><publisher-name>BioMed Central</publisher-name></publisher></journal-meta><article-meta><article-id pub-id-type="accession">PMC128831</article-id><article-id pub-id-type="pmcid">PMC128831</article-id><article-id pub-id-type="pmc-uid">128831</article-id><article-id pub-id-type="pmid">12220483</article-id><article-id pub-id-type="publisher-id">1471-2105-3-24</article-id><article-id pub-id-type="pmid">12220483</article-id><article-id pub-id-type="doi">10.1186/1471-2105-3-24</article-id><article-categories><subj-group subj-group-type="heading"><subject>Research article</subject></subj-group></article-categories><title-group><article-title>The functional importance of disease-associated mutation</article-title></title-group><contrib-group><contrib contrib-type="author" id="A1"><name><surname>Mooney</surname><given-names>Sean D</given-names></name><xref ref-type="aff" rid="I1">1</xref><email>mooney@smi.stanford.edu</email></contrib><contrib contrib-type="author" corresp="yes" id="A2"><name><surname>Klein</surname><given-names>Teri E</given-names></name><xref ref-type="aff" rid="I1">1</xref><email>teri.klein@stanford.edu</email></contrib></contrib-group><aff id="I1"><label>1</label>Department of Genetics and Stanford Medical Informatics Division, Stanford University, Stanford, California, 94305, USA</aff><pub-date pub-type="collection"><year>2002</year></pub-date><pub-date pub-type="epub"><day>9</day><month>9</month><year>2002</year></pub-date><volume>3</volume><fpage>24</fpage><lpage>24</lpage><history><date date-type="received"><day>22</day><month>7</month><year>2002</year></date><date date-type="accepted"><day>9</day><month>9</month><year>2002</year></date></history><permissions><copyright-statement>Copyright ©2002 Mooney and Klein; licensee BioMed Central Ltd. This is an Open Access article: verbatim copying and redistribution of this article are permitted in all media for any purpose, provided this notice is preserved along with the article's original URL.</copyright-statement><copyright-year>2002</copyright-year><copyright-holder>Mooney and Klein; licensee BioMed Central Ltd. This is an Open Access article: verbatim copying and redistribution of this article are permitted in all media for any purpose, provided this notice is preserved along with the article's original URL.</copyright-holder></permissions><self-uri xlink:href="http://www.biomedcentral.com/1471-2105/3/24"/><abstract><sec><title>Background</title><p>For many years, scientists believed that point mutations in genes are the genetic switches for somatic and inherited diseases such as cystic fibrosis, phenylketonuria and cancer. Some of these mutations likely alter a protein's function in a manner that is deleterious, and they should occur in functionally important regions of the protein products of genes. Here we show that disease-associated mutations occur in regions of genes that are conserved, and can identify likely disease-causing mutations.</p></sec><sec><title>Results</title><p>To show this, we have determined conservation patterns for 6185 non-synonymous and heritable disease-associated mutations in 231 genes. We define a parameter, the conservation ratio, as the ratio of average negative entropy of analyzable positions with reported mutations to that of every analyzable position in the gene sequence. We found that 84.0% of the 231 genes have conservation ratios less than one. 139 genes had eleven or more analyzable mutations and 88.0% of those had conservation ratios less than one.</p></sec><sec><title>Conclusions</title><p>These results indicate that phylogenetic information is a powerful tool for the study of disease-associated mutations. Our alignments and analysis has been made available as part of the database at <ext-link ext-link-type="uri" xlink:href="http://cancer.stanford.edu/mut-paper/">http://cancer.stanford.edu/mut-paper/</ext-link>. Within this dataset, each position is annotated with the analysis, so the most likely disease-causing mutations can be identified.</p></sec></abstract></article-meta></front></article>