<article xmlns="https://dtd.nlm.nih.gov/ns/archiving/2.3/" xmlns:xsi="http://www.w3.org/2001/XMLSchema-instance" xmlns:mml="http://www.w3.org/1998/Math/MathML" xmlns:xlink="http://www.w3.org/1999/xlink" xsi:schemaLocation="https://dtd.nlm.nih.gov/ns/archiving/2.3/ https://dtd.nlm.nih.gov/archiving/2.3/xsd/archivearticle.xsd" article-type="product-review"><front><journal-meta><journal-id journal-id-type="nlm-ta">BMC Bioinformatics</journal-id><journal-title>BMC Bioinformatics</journal-title><issn pub-type="epub">1471-2105</issn><publisher><publisher-name>BioMed Central</publisher-name><publisher-loc>London</publisher-loc></publisher></journal-meta><article-meta><article-id pub-id-type="accession">PMC1190157</article-id><article-id pub-id-type="pmcid">PMC1190157</article-id><article-id pub-id-type="pmc-uid">1190157</article-id><article-id pub-id-type="pmid">16042800</article-id><article-id pub-id-type="publisher-id">1471-2105-6-189</article-id><article-id pub-id-type="pmid">16042800</article-id><article-id pub-id-type="doi">10.1186/1471-2105-6-189</article-id><article-categories><subj-group subj-group-type="heading"><subject>Software</subject></subj-group></article-categories><title-group><article-title>GObar: A Gene Ontology based analysis and visualization tool for gene sets</article-title></title-group><contrib-group><contrib id="A1" contrib-type="author"><name><surname>Lee</surname><given-names>Jason SM</given-names></name><xref ref-type="aff" rid="I1">1</xref><email>jayboy78@gmail.com</email></contrib><contrib id="A2" contrib-type="author"><name><surname>Katari</surname><given-names>Gurpreet</given-names></name><xref ref-type="aff" rid="I1">1</xref><email>katarig@cshl.org</email></contrib><contrib id="A3" corresp="yes" contrib-type="author"><name><surname>Sachidanandam</surname><given-names>Ravi</given-names></name><xref ref-type="aff" rid="I1">1</xref><email>sachidan@cshl.org</email></contrib></contrib-group><aff id="I1"><label>1</label>Cold Spring Harbor Laboratory, Cold Spring Harbor, NY, USA</aff><pub-date pub-type="collection"><year>2005</year></pub-date><pub-date pub-type="epub"><day>25</day><month>7</month><year>2005</year></pub-date><volume>6</volume><fpage>189</fpage><lpage>189</lpage><ext-link ext-link-type="uri" xlink:href="http://www.biomedcentral.com/1471-2105/6/189"/><history><date date-type="received"><day>18</day><month>4</month><year>2005</year></date><date date-type="accepted"><day>25</day><month>7</month><year>2005</year></date></history><permissions><copyright-statement>Copyright © 2005 Lee et al; licensee BioMed Central Ltd.</copyright-statement><copyright-year>2005</copyright-year><copyright-holder>Lee et al; licensee BioMed Central Ltd.</copyright-holder><license license-type="open-access" xlink:href="http://creativecommons.org/licenses/by/2.0"><p>This is an Open Access article distributed under the terms of the Creative Commons Attribution License (<ext-link ext-link-type="uri" xlink:href="http://creativecommons.org/licenses/by/2.0"/>), which permits unrestricted use, distribution, and reproduction in any medium, provided the original work is properly cited.</p><!--<rdf xmlns="http://web.resource.org/cc/" xmlns:rdf="http://www.w3.org/1999/02/22-rdf-syntax-ns#" xmlns:dc="http://purl.org/dc/elements/1.1" xmlns:dcterms="http://purl.org/dc/terms"><Work xmlns:dc="http://purl.org/dc/elements/1.1/" xmlns:dcterms="http://purl.org/dc/terms/" rdf:about=""><license rdf:resource="http://creativecommons.org/licenses/by/2.0"/><dc:type rdf:resource="http://purl.org/dc/dcmitype/Text"/><dc:author>
               Lee
               SM
               Jason
               
               jayboy78@gmail.com
            </dc:author><dc:title>
            GObar: A Gene Ontology based analysis and visualization tool for gene sets
         </dc:title><dc:date>2005</dc:date><dcterms:bibliographicCitation>BMC Bioinformatics 6(1): 189-. (2005)</dcterms:bibliographicCitation><dc:identifier type="sici">1471-2105(2005)6:1&#x0003c;189&#x0003e;</dc:identifier><dcterms:isPartOf>urn:ISSN:1471-2105</dcterms:isPartOf><License rdf:about="http://creativecommons.org/licenses/by/2.0"><permits rdf:resource="http://web.resource.org/cc/Reproduction" xmlns=""/><permits rdf:resource="http://web.resource.org/cc/Distribution" xmlns=""/><requires rdf:resource="http://web.resource.org/cc/Notice" xmlns=""/><requires rdf:resource="http://web.resource.org/cc/Attribution" xmlns=""/><permits rdf:resource="http://web.resource.org/cc/DerivativeWorks" xmlns=""/></License></Work></rdf>--></license></permissions><abstract><sec><title>Background</title><p>Microarray experiments, as well as other genomic analyses, often result in large gene sets containing up to several hundred genes. The biological significance of such sets of genes is, usually, not readily apparent.</p><p>Identification of the functions of the genes in the set can help highlight features of interest. The Gene Ontology Consortium [<xref ref-type="bibr" rid="B1">1</xref>] has annotated genes in several model organisms using a controlled vocabulary of terms and placed the terms on a Gene Ontology (<bold>GO</bold>), which comprises three disjoint hierarchies for <italic>Molecular functions</italic>, <italic>Biological processes </italic>and <italic>Cellular locations</italic>. The annotations can be used to identify functions that are enriched in the set, but this analysis can be misleading since the underlying distribution of genes among various functions is not uniform. For example, a large number of genes in a set might be kinases just because the genome contains many kinases.</p></sec><sec><title>Results</title><p>We use the Gene Ontology hierarchy and the annotations to pick significant functions and pathways by comparing the distribution of functions in a given gene list against the distribution of all the genes in the genome, using the hypergeometric distribution to assign probabilities. <bold>GObar </bold>is a web-based visualizer that implements this algorithm.</p><p>The public website for GObar [<xref ref-type="bibr" rid="B2">2</xref>] can analyse gene lists from the yeast (S. cervisiae), fly (D. Melanogaster), mouse (M. musculus) and human (H. sapiens) genomes. It also allows visualization of the GO tree, as well as placement of a single gene on the GO hierarchy. We analyse a gene list from a genomic study of pre-mRNA splicing to demonstrate the utility of GObar.</p></sec><sec><title>Conclusion</title><p>GObar is freely available as a web-based tool at <ext-link ext-link-type="uri" xlink:href="http://katahdin.cshl.org:9331/GO"/>[<xref ref-type="bibr" rid="B2">2</xref>] and can help analyze and visualize gene lists from genomic analyses.</p></sec></abstract></article-meta></front></article>