<article xmlns="https://dtd.nlm.nih.gov/ns/archiving/2.3/" xmlns:xsi="http://www.w3.org/2001/XMLSchema-instance" xmlns:mml="http://www.w3.org/1998/Math/MathML" xmlns:xlink="http://www.w3.org/1999/xlink" xsi:schemaLocation="https://dtd.nlm.nih.gov/ns/archiving/2.3/ https://dtd.nlm.nih.gov/archiving/2.3/xsd/archivearticle.xsd" article-type="research-article"><front><journal-meta><journal-id journal-id-type="nlm-ta">BMC Bioinformatics</journal-id><journal-title>BMC Bioinformatics</journal-title><issn pub-type="epub">1471-2105</issn><publisher><publisher-name>BioMed Central</publisher-name><publisher-loc>London</publisher-loc></publisher></journal-meta><article-meta><article-id pub-id-type="accession">PMC1131889</article-id><article-id pub-id-type="pmcid">PMC1131889</article-id><article-id pub-id-type="pmc-uid">1131889</article-id><article-id pub-id-type="pmid">15857510</article-id><article-id pub-id-type="publisher-id">1471-2105-6-108</article-id><article-id pub-id-type="pmid">15857510</article-id><article-id pub-id-type="doi">10.1186/1471-2105-6-108</article-id><article-categories><subj-group subj-group-type="heading"><subject>Research Article</subject></subj-group></article-categories><title-group><article-title><italic>Scoredist</italic>: A simple and robust protein sequence distance estimator</article-title></title-group><contrib-group><contrib id="A1" corresp="yes" contrib-type="author"><name><surname>Sonnhammer</surname><given-names>Erik LL</given-names></name><xref ref-type="aff" rid="I1">1</xref><email>erik.sonnhammer@cgb.ki.se</email></contrib><contrib id="A2" contrib-type="author"><name><surname>Hollich</surname><given-names>Volker</given-names></name><xref ref-type="aff" rid="I1">1</xref><email>volker.hollich@cgb.ki.se</email></contrib></contrib-group><aff id="I1"><label>1</label>Center for Genomics and Bioinformatics, Karolinska Institutet, Berzelius väg 35, 171 77 Stockholm, Sweden</aff><pub-date pub-type="collection"><year>2005</year></pub-date><pub-date pub-type="epub"><day>27</day><month>4</month><year>2005</year></pub-date><volume>6</volume><fpage>108</fpage><lpage>108</lpage><ext-link ext-link-type="uri" xlink:href="http://www.biomedcentral.com/1471-2105/6/108"/><history><date date-type="received"><day>30</day><month>12</month><year>2004</year></date><date date-type="accepted"><day>27</day><month>4</month><year>2005</year></date></history><copyright-statement>Copyright © 2005 Sonnhammer and Hollich; licensee BioMed Central Ltd.</copyright-statement><license license-type="open-access" xlink:href="http://creativecommons.org/licenses/by/2.0"><p>This is an Open Access article distributed under the terms of the Creative Commons Attribution License (<ext-link ext-link-type="uri" xlink:href="http://creativecommons.org/licenses/by/2.0"/>), which permits unrestricted use, distribution, and reproduction in any medium, provided the original work is properly cited.</p></license><abstract><sec><title>Background</title><p>Distance-based methods are popular for reconstructing evolutionary trees thanks to their speed and generality. A number of methods exist for estimating distances from sequence alignments, which often involves some sort of correction for multiple substitutions. The problem is to accurately estimate the number of true substitutions given an observed alignment. So far, the most accurate protein distance estimators have looked for the optimal matrix in a series of transition probability matrices, <italic>e.g. </italic>the Dayhoff series. The evolutionary distance between two aligned sequences is here estimated as the evolutionary distance of the optimal matrix. The optimal matrix can be found either by an iterative search for the Maximum Likelihood matrix, or by integration to find the Expected Distance. As a consequence, these methods are more complex to implement and computationally heavier than correction-based methods. Another problem is that the result may vary substantially depending on the evolutionary model used for the matrices. An ideal distance estimator should produce consistent and accurate distances independent of the evolutionary model used.</p></sec><sec><title>Results</title><p>We propose a correction-based protein sequence estimator called <italic>Scoredist</italic>. It uses a logarithmic correction of observed divergence based on the alignment score according to the BLOSUM62 score matrix. We evaluated <italic>Scoredist </italic>and a number of optimal matrix methods using three evolutionary models for both training and testing Dayhoff, Jones-Taylor-Thornton, and Müller-Vingron, as well as Whelan and Goldman solely for testing. Test alignments with known distances between 0.01 and 2 substitutions per position (1–200 PAM) were simulated using ROSE. <italic>Scoredist </italic>proved as accurate as the optimal matrix methods, yet substantially more robust. When trained on one model but tested on another one, <italic>Scoredist </italic>was nearly always more accurate. The Jukes-Cantor and Kimura correction methods were also tested, but were substantially less accurate.</p></sec><sec><title>Conclusion</title><p>The <italic>Scoredist </italic>distance estimator is fast to implement and run, and combines robustness with accuracy. <italic>Scoredist </italic>has been incorporated into the Belvu alignment viewer, which is available at <ext-link ext-link-type="ftp" xlink:href="ftp://ftp.cgb.ki.se/pub/prog/belvu/"/>.</p></sec></abstract></article-meta></front></article>