<article xmlns="https://dtd.nlm.nih.gov/ns/archiving/2.3/" xmlns:xsi="http://www.w3.org/2001/XMLSchema-instance" xmlns:mml="http://www.w3.org/1998/Math/MathML" xmlns:xlink="http://www.w3.org/1999/xlink" xsi:schemaLocation="https://dtd.nlm.nih.gov/ns/archiving/2.3/ https://dtd.nlm.nih.gov/archiving/2.3/xsd/archivearticle.xsd" article-type="research-article"><front><journal-meta><journal-id journal-id-type="nlm-ta">BMC Bioinformatics</journal-id><journal-title>BMC Bioinformatics</journal-title><issn pub-type="epub">1471-2105</issn><publisher><publisher-name>BioMed Central</publisher-name><publisher-loc>London</publisher-loc></publisher></journal-meta><article-meta><article-id pub-id-type="accession">PMC1097714</article-id><article-id pub-id-type="pmcid">PMC1097714</article-id><article-id pub-id-type="pmc-uid">1097714</article-id><article-id pub-id-type="pmid">15865625</article-id><article-id pub-id-type="publisher-id">1471-2105-6-110</article-id><article-id pub-id-type="pmid">15865625</article-id><article-id pub-id-type="doi">10.1186/1471-2105-6-110</article-id><article-categories><subj-group subj-group-type="heading"><subject>Research Article</subject></subj-group></article-categories><title-group><article-title>Ab initio identification of putative human transcription factor binding sites by comparative genomics</article-title></title-group><contrib-group><contrib id="A1" contrib-type="author"><name><surname>Corà</surname><given-names>D</given-names></name><xref ref-type="aff" rid="I1">1</xref><email>cora@to.infn.it</email></contrib><contrib id="A2" contrib-type="author"><name><surname>Herrmann</surname><given-names>C</given-names></name><xref ref-type="aff" rid="I2">2</xref><email>herrmann@ibdm.univ-mrs.fr</email></contrib><contrib id="A3" contrib-type="author"><name><surname>Dieterich</surname><given-names>C</given-names></name><xref ref-type="aff" rid="I3">3</xref><email>dieteric@molgen.mpg.de</email></contrib><contrib id="A4" contrib-type="author"><name><surname>Di Cunto</surname><given-names>F</given-names></name><xref ref-type="aff" rid="I4">4</xref><email>ferdinando.dicunto@unito.it</email></contrib><contrib id="A5" contrib-type="author"><name><surname>Provero</surname><given-names>P</given-names></name><xref ref-type="aff" rid="I4">4</xref><email>paolo.provero@to.infn.it</email></contrib><contrib id="A6" corresp="yes" contrib-type="author"><name><surname>Caselle</surname><given-names>M</given-names></name><xref ref-type="aff" rid="I1">1</xref><email>caselle@to.infn.it</email></contrib></contrib-group><aff id="I1"><label>1</label>Dipartimento di Fisica Teorica dell'Università degli Studi di Torino and INFN, Via P. Giuria 1 – I 10125 Torino, Italy</aff><aff id="I2"><label>2</label>LGPD-IBDM, Université de la Méditerranée / CNRS, Campus de Luminy Case 907 – F-13288 Marseille Cedex 9, France</aff><aff id="I3"><label>3</label>Max-Planck-Institute for Molecular Genetics, Ihnestrasse 73 – D-14195 Berlin, Germany</aff><aff id="I4"><label>4</label>Dipartimento di Genetica, Biologia e Biochimica dell'Università di Torino, Via Santena 5 bis – I-10126 Torino, Italy</aff><pub-date pub-type="collection"><year>2005</year></pub-date><pub-date pub-type="epub"><day>2</day><month>5</month><year>2005</year></pub-date><volume>6</volume><fpage>110</fpage><lpage>110</lpage><ext-link ext-link-type="uri" xlink:href="http://www.biomedcentral.com/1471-2105/6/110"/><history><date date-type="received"><day>2</day><month>12</month><year>2004</year></date><date date-type="accepted"><day>2</day><month>5</month><year>2005</year></date></history><copyright-statement>Copyright © 2005 Corà et al; licensee BioMed Central Ltd.</copyright-statement><license license-type="open-access" xlink:href="http://creativecommons.org/licenses/by/2.0"><p>This is an Open Access article distributed under the terms of the Creative Commons Attribution License (<ext-link ext-link-type="uri" xlink:href="http://creativecommons.org/licenses/by/2.0"/>), which permits unrestricted use, distribution, and reproduction in any medium, provided the original work is properly cited.</p></license><abstract><sec><title>Background</title><p>Understanding transcriptional regulation of gene expression is one of the greatest challenges of modern molecular biology. A central role in this mechanism is played by transcription factors, which typically bind to specific, short DNA sequence motifs usually located in the upstream region of the regulated genes. We discuss here a simple and powerful approach for the ab initio identification of these cis-regulatory motifs. The method we present integrates several elements: human-mouse comparison, statistical analysis of genomic sequences and the concept of coregulation. We apply it to a complete scan of the human genome.</p></sec><sec><title>Results</title><p>By using the catalogue of conserved upstream sequences collected in the CORG database we construct sets of genes sharing the same overrepresented motif (short DNA sequence) in their upstream regions both in human and in mouse. We perform this construction for all possible motifs from 5 to 8 nucleotides in length and then filter the resulting sets looking for two types of evidence of coregulation: first, we analyze the Gene Ontology annotation of the genes in the set, searching for statistically significant common annotations; second, we analyze the expression profiles of the genes in the set as measured by microarray experiments, searching for evidence of coexpression. The sets which pass one or both filters are conjectured to contain a significant fraction of coregulated genes, and the upstream motifs characterizing the sets are thus good candidates to be the binding sites of the TF's involved in such regulation.</p><p>In this way we find various known motifs and also some new candidate binding sites.</p></sec><sec><title>Conclusion</title><p>We have discussed a new integrated algorithm for the "ab initio" identification of transcription factor binding sites in the human genome. The method is based on three ingredients: comparative genomics, overrepresentation, different types of coregulation. The method is applied to a full-scan of the human genome, giving satisfactory results.</p></sec></abstract></article-meta></front></article>