<article xmlns="https://dtd.nlm.nih.gov/ns/archiving/2.3/" xmlns:xsi="http://www.w3.org/2001/XMLSchema-instance" xmlns:mml="http://www.w3.org/1998/Math/MathML" xmlns:xlink="http://www.w3.org/1999/xlink" xsi:schemaLocation="https://dtd.nlm.nih.gov/ns/archiving/2.3/ https://dtd.nlm.nih.gov/archiving/2.3/xsd/archivearticle.xsd" article-type="product-review"><front><journal-meta><journal-id journal-id-type="nlm-ta">BMC Bioinformatics</journal-id><journal-title>BMC Bioinformatics</journal-title><issn pub-type="epub">1471-2105</issn><publisher><publisher-name>BioMed Central</publisher-name><publisher-loc>London</publisher-loc></publisher></journal-meta><article-meta><article-id pub-id-type="accession">PMC1175080</article-id><article-id pub-id-type="pmcid">PMC1175080</article-id><article-id pub-id-type="pmc-uid">1175080</article-id><article-id pub-id-type="pmid">15938750</article-id><article-id pub-id-type="publisher-id">1471-2105-6-138</article-id><article-id pub-id-type="pmid">15938750</article-id><article-id pub-id-type="doi">10.1186/1471-2105-6-138</article-id><article-categories><subj-group subj-group-type="heading"><subject>Software</subject></subj-group></article-categories><title-group><article-title>libcov: A C++ bioinformatic library to manipulate protein structures, sequence alignments and phylogeny</article-title></title-group><contrib-group><contrib id="A1" contrib-type="author"><name><surname>Butt</surname><given-names>Davin</given-names></name><xref ref-type="aff" rid="I1">1</xref><email>davin@cs.dal.ca</email></contrib><contrib id="A2" contrib-type="author"><name><surname>Roger</surname><given-names>Andrew J</given-names></name><xref ref-type="aff" rid="I2">2</xref><xref ref-type="aff" rid="I3">3</xref><email>andrew.roger@dal.ca</email></contrib><contrib id="A3" corresp="yes" contrib-type="author"><name><surname>Blouin</surname><given-names>Christian</given-names></name><xref ref-type="aff" rid="I1">1</xref><xref ref-type="aff" rid="I2">2</xref><xref ref-type="aff" rid="I3">3</xref><email>cblouin@cs.dal.ca</email></contrib></contrib-group><aff id="I1"><label>1</label>Faculty of Computer Science, Dalhousie University, 6050 University Ave. Halifax, NS, B3H 1W5, Canada</aff><aff id="I2"><label>2</label>Dept. of Biochemistry and Molecular Biology, Dalhousie University, Tupper Medical Building, Halifax, NS, B3H 1X5, Canada</aff><aff id="I3"><label>3</label>Canadian Institute for Advanced Research (CIAR)</aff><pub-date pub-type="collection"><year>2005</year></pub-date><pub-date pub-type="epub"><day>6</day><month>6</month><year>2005</year></pub-date><volume>6</volume><fpage>138</fpage><lpage>138</lpage><ext-link ext-link-type="uri" xlink:href="http://www.biomedcentral.com/1471-2105/6/138"/><history><date date-type="received"><day>5</day><month>11</month><year>2004</year></date><date date-type="accepted"><day>6</day><month>6</month><year>2005</year></date></history><copyright-statement>Copyright © 2005 Butt et al; licensee BioMed Central Ltd.</copyright-statement><license license-type="open-access" xlink:href="http://creativecommons.org/licenses/by/2.0"><p>This is an Open Access article distributed under the terms of the Creative Commons Attribution License (<ext-link ext-link-type="uri" xlink:href="http://creativecommons.org/licenses/by/2.0"/>), which permits unrestricted use, distribution, and reproduction in any medium, provided the original work is properly cited.</p></license><abstract><sec><title>Background</title><p>An increasing number of bioinformatics methods are considering the phylogenetic relationships between biological sequences. Implementing new methodologies using the maximum likelihood phylogenetic framework can be a time consuming task.</p></sec><sec><title>Results</title><p>The bioinformatics library libcov is a collection of C++ classes that provides a high and low-level interface to maximum likelihood phylogenetics, sequence analysis and a data structure for structural biological methods. libcov can be used to compute likelihoods, search tree topologies, estimate site rates, cluster sequences, manipulate tree structures and compare phylogenies for a broad selection of applications.</p></sec><sec><title>Conclusion</title><p>Using this library, it is possible to rapidly prototype applications that use the sophistication of phylogenetic likelihoods without getting involved in a major software engineering project. libcov is thus a potentially valuable building block to develop in-house methodologies in the field of protein phylogenetics.</p></sec></abstract></article-meta></front></article>