<article xmlns="https://dtd.nlm.nih.gov/ns/archiving/2.3/" xmlns:xsi="http://www.w3.org/2001/XMLSchema-instance" xmlns:mml="http://www.w3.org/1998/Math/MathML" xmlns:xlink="http://www.w3.org/1999/xlink" xsi:schemaLocation="https://dtd.nlm.nih.gov/ns/archiving/2.3/ https://dtd.nlm.nih.gov/archiving/2.3/xsd/archivearticle.xsd" article-type="research-article"><front><journal-meta><journal-id journal-id-type="nlm-ta">BMC Bioinformatics</journal-id><journal-title>BMC Bioinformatics</journal-title><issn pub-type="epub">1471-2105</issn><publisher><publisher-name>BioMed Central</publisher-name><publisher-loc>London</publisher-loc></publisher></journal-meta><article-meta><article-id pub-id-type="accession">PMC194751</article-id><article-id pub-id-type="pmcid">PMC194751</article-id><article-id pub-id-type="pmc-uid">194751</article-id><article-id pub-id-type="pmid">12952559</article-id><article-id pub-id-type="publisher-id">1471-2105-4-34</article-id><article-id pub-id-type="pmid">12952559</article-id><article-id pub-id-type="doi">10.1186/1471-2105-4-34</article-id><article-categories><subj-group subj-group-type="heading"><subject>Database</subject></subj-group></article-categories><title-group><article-title>ELISA: Structure-Function Inferences based on statistically significant and evolutionarily inspired observations</article-title></title-group><contrib-group><contrib id="A1" contrib-type="author"><name><surname>Shakhnovich</surname><given-names>Boris E</given-names></name><xref ref-type="aff" rid="I1">1</xref><email>borya@bu.edu</email></contrib><contrib id="A2" contrib-type="author"><name><surname>Harvey</surname><given-names>John M</given-names></name><xref ref-type="aff" rid="I1">1</xref><email>max10@bu.edu</email></contrib><contrib id="A3" contrib-type="author"><name><surname>Comeau</surname><given-names>Steve</given-names></name><xref ref-type="aff" rid="I1">1</xref><email>scomeau@bu.edu</email></contrib><contrib id="A4" contrib-type="author"><name><surname>Lorenz</surname><given-names>David</given-names></name><xref ref-type="aff" rid="I1">1</xref><email>dlorenz@bu.edu</email></contrib><contrib id="A5" contrib-type="author"><name><surname>DeLisi</surname><given-names>Charles</given-names></name><xref ref-type="aff" rid="I1">1</xref><email>delisi@bu.edu</email></contrib><contrib id="A6" corresp="yes" contrib-type="author"><name><surname>Shakhnovich</surname><given-names>Eugene</given-names></name><xref ref-type="aff" rid="I2">2</xref><email>eugene@belok.harvard.edu</email></contrib></contrib-group><aff id="I1"><label>1</label>BioInformatics Program, Boston University, Boston, MA, 02215, USA</aff><aff id="I2"><label>2</label>Department of Chemistry and Chemical Biology, Harvard University, Cambridge, MA 02138, USA</aff><pub-date pub-type="collection"><year>2003</year></pub-date><pub-date pub-type="epub"><day>2</day><month>9</month><year>2003</year></pub-date><volume>4</volume><fpage>34</fpage><lpage>34</lpage><ext-link ext-link-type="uri" xlink:href="http://www.biomedcentral.com/1471-2105/4/34"/><history><date date-type="received"><day>23</day><month>5</month><year>2003</year></date><date date-type="accepted"><day>2</day><month>9</month><year>2003</year></date></history><permissions><copyright-statement>Copyright © 2003 Shakhnovich et al; licensee BioMed Central Ltd. This is an Open Access article: verbatim copying and redistribution of this article are permitted in all media for any purpose, provided this notice is preserved along with the article's original URL.</copyright-statement><copyright-year>2003</copyright-year><copyright-holder>Shakhnovich et al; licensee BioMed Central Ltd. This is an Open Access article: verbatim copying and redistribution of this article are permitted in all media for any purpose, provided this notice is preserved along with the article's original URL.</copyright-holder></permissions><abstract><p>The problem of functional annotation based on homology modeling is primary to current bioinformatics research. Researchers have noted regularities in sequence, structure and even chromosome organization that allow valid functional cross-annotation. However, these methods provide a lot of false negatives due to limited specificity inherent in the system. We want to create an evolutionarily inspired organization of data that would approach the issue of structure-function correlation from a new, probabilistic perspective. Such organization has possible applications in phylogeny, modeling of functional evolution and structural determination. ELISA (Evolutionary Lineage Inferred from Structural Analysis, <ext-link ext-link-type="uri" xlink:href="http://romi.bu.edu/elisa"/>) is an online database that combines functional annotation with structure and sequence homology modeling to place proteins into sequence-structure-function "neighborhoods". The atomic unit of the database is a set of sequences and structural templates that those sequences encode. A graph that is built from the structural comparison of these templates is called PDUG (protein domain universe graph). We introduce a method of functional inference through a probabilistic calculation done on an arbitrary set of PDUG nodes. Further, all PDUG structures are mapped onto all fully sequenced proteomes allowing an easy interface for evolutionary analysis and research into comparative proteomics. ELISA is the first database with applicability to evolutionary structural genomics explicitly in mind.</p><p>Availability: The database is available at <ext-link ext-link-type="uri" xlink:href="http://romi.bu.edu/elisa"/>.</p></abstract><kwd-group><kwd>Database</kwd><kwd>Bioinformatics</kwd><kwd>Functional Annotations</kwd><kwd>Structure Determination</kwd></kwd-group></article-meta></front></article>