<article xmlns="https://dtd.nlm.nih.gov/ns/archiving/2.3/" xmlns:xsi="http://www.w3.org/2001/XMLSchema-instance" xmlns:mml="http://www.w3.org/1998/Math/MathML" xmlns:xlink="http://www.w3.org/1999/xlink" xsi:schemaLocation="https://dtd.nlm.nih.gov/ns/archiving/2.3/ https://dtd.nlm.nih.gov/archiving/2.3/xsd/archivearticle.xsd" article-type="research-article"><front><journal-meta><journal-id journal-id-type="nlm-ta">BMC Bioinformatics</journal-id><journal-title>BMC Bioinformatics</journal-title><issn pub-type="epub">1471-2105</issn><publisher><publisher-name>BioMed Central</publisher-name><publisher-loc>London</publisher-loc></publisher></journal-meta><article-meta><article-id pub-id-type="accession">PMC1090557</article-id><article-id pub-id-type="pmcid">PMC1090557</article-id><article-id pub-id-type="pmc-uid">1090557</article-id><article-id pub-id-type="pmid">15817134</article-id><article-id pub-id-type="publisher-id">1471-2105-6-90</article-id><article-id pub-id-type="pmid">15817134</article-id><article-id pub-id-type="doi">10.1186/1471-2105-6-90</article-id><article-categories><subj-group subj-group-type="heading"><subject>Methodology Article</subject></subj-group></article-categories><title-group><article-title>Individual sequences in large sets of gene sequences may be distinguished efficiently by combinations of shared sub-sequences</article-title></title-group><contrib-group><contrib id="A1" equal-contrib="yes" corresp="yes" contrib-type="author"><name><surname>Gibbs</surname><given-names>Mark J</given-names></name><xref ref-type="aff" rid="I1">1</xref><email>mark.gibbs@anu.edu.au</email></contrib><contrib id="A2" contrib-type="author"><name><surname>Armstrong</surname><given-names>John S</given-names></name><xref ref-type="aff" rid="I1">1</xref><email>john.armstrong@anu.edu.au</email></contrib><contrib id="A3" contrib-type="author"><name><surname>Gibbs</surname><given-names>Adrian J</given-names></name><xref ref-type="aff" rid="I1">1</xref><email>adrian.gibbs@anu.edu.au</email></contrib></contrib-group><aff id="I1"><label>1</label>School of Botany and Zoology, Faculty of Science, Australian National University, ACT 0200, Australia</aff><pub-date pub-type="collection"><year>2005</year></pub-date><pub-date pub-type="epub"><day>8</day><month>4</month><year>2005</year></pub-date><volume>6</volume><fpage>90</fpage><lpage>90</lpage><ext-link ext-link-type="uri" xlink:href="http://www.biomedcentral.com/1471-2105/6/90"/><history><date date-type="received"><day>9</day><month>12</month><year>2004</year></date><date date-type="accepted"><day>8</day><month>4</month><year>2005</year></date></history><copyright-statement>Copyright © 2005 Gibbs et al; licensee BioMed Central Ltd.</copyright-statement><license license-type="open-access" xlink:href="http://creativecommons.org/licenses/by/2.0"><p>This is an Open Access article distributed under the terms of the Creative Commons Attribution License (<ext-link ext-link-type="uri" xlink:href="http://creativecommons.org/licenses/by/2.0"/>), which permits unrestricted use, distribution, and reproduction in any medium, provided the original work is properly cited.</p></license><abstract><sec><title>Background</title><p>Most current DNA diagnostic tests for identifying organisms use specific oligonucleotide probes that are complementary in sequence to, and hence only hybridise with the DNA of one target species. By contrast, in traditional taxonomy, specimens are usually identified by 'dichotomous keys' that use combinations of characters shared by different members of the target set. Using one specific character for each target is the least efficient strategy for identification. Using combinations of shared bisectionally-distributed characters is much more efficient, and this strategy is most efficient when they separate the targets in a progressively binary way.</p></sec><sec><title>Results</title><p>We have developed a practical method for finding minimal sets of sub-sequences that identify individual sequences, and could be targeted by combinations of probes, so that the efficient strategy of traditional taxonomic identification could be used in DNA diagnosis. The sizes of minimal sub-sequence sets depended mostly on sequence diversity and sub-sequence length and interactions between these parameters. We found that 201 distinct cytochrome oxidase subunit-1 (CO1) genes from moths (<italic>Lepidoptera</italic>) were distinguished using only 15 sub-sequences 20 nucleotides long, whereas only 8–10 sub-sequences 6–10 nucleotides long were required to distinguish the CO1 genes of 92 species from the 9 largest orders of insects.</p></sec><sec><title>Conclusion</title><p>The presence/absence of sub-sequences in a set of gene sequences can be used like the questions in a traditional dichotomous taxonomic key; hybridisation probes complementary to such sub-sequences should provide a very efficient means for identifying individual species, subtypes or genotypes. Sequence diversity and sub-sequence length are the major factors that determine the numbers of distinguishing sub-sequences in any set of sequences.</p></sec></abstract></article-meta></front></article>