<article xmlns="https://dtd.nlm.nih.gov/ns/archiving/2.3/" xmlns:xsi="http://www.w3.org/2001/XMLSchema-instance" xmlns:mml="http://www.w3.org/1998/Math/MathML" xmlns:xlink="http://www.w3.org/1999/xlink" xsi:schemaLocation="https://dtd.nlm.nih.gov/ns/archiving/2.3/ https://dtd.nlm.nih.gov/archiving/2.3/xsd/archivearticle.xsd" article-type="research-article"><front><journal-meta><journal-id journal-id-type="nlm-ta">BMC Bioinformatics</journal-id><journal-title>BMC Bioinformatics</journal-title><issn pub-type="epub">1471-2105</issn><publisher><publisher-name>BioMed Central</publisher-name><publisher-loc>London</publisher-loc></publisher></journal-meta><article-meta><article-id pub-id-type="accession">PMC194174</article-id><article-id pub-id-type="pmcid">PMC194174</article-id><article-id pub-id-type="pmc-uid">194174</article-id><article-id pub-id-type="pmid">12930545</article-id><article-id pub-id-type="publisher-id">1471-2105-4-32</article-id><article-id pub-id-type="pmid">12930545</article-id><article-id pub-id-type="doi">10.1186/1471-2105-4-32</article-id><article-categories><subj-group subj-group-type="heading"><subject>Database</subject></subj-group></article-categories><title-group><article-title>The Longhorn Array Database (LAD): An Open-Source, MIAME compliant implementation of the Stanford Microarray Database (SMD)</article-title></title-group><contrib-group><contrib id="A1" contrib-type="author"><name><surname>Killion</surname><given-names>Patrick J</given-names></name><xref ref-type="aff" rid="I1">1</xref><email>pkillion@mail.utexas.edu</email></contrib><contrib id="A2" contrib-type="author"><name><surname>Sherlock</surname><given-names>Gavin</given-names></name><xref ref-type="aff" rid="I2">2</xref><email>sherlock@genome.stanford.edu</email></contrib><contrib id="A3" corresp="yes" contrib-type="author"><name><surname>Iyer</surname><given-names>Vishwanath R</given-names></name><xref ref-type="aff" rid="I1">1</xref><email>vishy@mail.utexas.edu</email></contrib></contrib-group><aff id="I1"><label>1</label>Section of Molecular Genetics and Microbiology, Institute for Cellular and Molecular Biology, University of Texas at Austin, Austin, TX 78712-0159, USA</aff><aff id="I2"><label>2</label>Department of Genetics, Stanford University School of Medicine, Stanford, CA 94305-5120, USA</aff><pub-date pub-type="collection"><year>2003</year></pub-date><pub-date pub-type="epub"><day>20</day><month>8</month><year>2003</year></pub-date><volume>4</volume><fpage>32</fpage><lpage>32</lpage><ext-link ext-link-type="uri" xlink:href="http://www.biomedcentral.com/1471-2105/4/32"/><history><date date-type="received"><day>9</day><month>6</month><year>2003</year></date><date date-type="accepted"><day>20</day><month>8</month><year>2003</year></date></history><permissions><copyright-statement>Copyright © 2003 Killion et al; licensee BioMed Central Ltd. This is an Open Access article: verbatim copying and redistribution of this article are permitted in all media for any purpose, provided this notice is preserved along with the article's original URL.</copyright-statement><copyright-year>2003</copyright-year><copyright-holder>Killion et al; licensee BioMed Central Ltd. This is an Open Access article: verbatim copying and redistribution of this article are permitted in all media for any purpose, provided this notice is preserved along with the article's original URL.</copyright-holder></permissions><abstract><sec><title>Background</title><p>The power of microarray analysis can be realized only if data is systematically archived and linked to biological annotations as well as analysis algorithms.</p></sec><sec><title>Description</title><p>The Longhorn Array Database (LAD) is a MIAME compliant microarray database that operates on PostgreSQL and Linux. It is a fully open source version of the Stanford Microarray Database (SMD), one of the largest microarray databases. LAD is available at <ext-link ext-link-type="uri" xlink:href="http://www.longhornarraydatabase.org"/></p></sec><sec><title>Conclusions</title><p>Our development of LAD provides a simple, free, open, reliable and proven solution for storage and analysis of two-color microarray data.</p></sec></abstract></article-meta></front></article>