<article xmlns="https://dtd.nlm.nih.gov/ns/archiving/2.3/" xmlns:xsi="http://www.w3.org/2001/XMLSchema-instance" xmlns:mml="http://www.w3.org/1998/Math/MathML" xmlns:xlink="http://www.w3.org/1999/xlink" xsi:schemaLocation="https://dtd.nlm.nih.gov/ns/archiving/2.3/ https://dtd.nlm.nih.gov/archiving/2.3/xsd/archivearticle.xsd" article-type="research-article"><front><journal-meta><journal-id journal-id-type="nlm-ta">BMC Bioinformatics</journal-id><journal-title>BMC Bioinformatics</journal-title><issn pub-type="epub">1471-2105</issn><publisher><publisher-name>BioMed Central</publisher-name><publisher-loc>London</publisher-loc></publisher></journal-meta><article-meta><article-id pub-id-type="accession">PMC1182354</article-id><article-id pub-id-type="pmcid">PMC1182354</article-id><article-id pub-id-type="pmc-uid">1182354</article-id><article-id pub-id-type="pmid">16008837</article-id><article-id pub-id-type="publisher-id">1471-2105-6-169</article-id><article-id pub-id-type="pmid">16008837</article-id><article-id pub-id-type="doi">10.1186/1471-2105-6-169</article-id><article-categories><subj-group subj-group-type="heading"><subject>Research Article</subject></subj-group></article-categories><title-group><article-title>DCD – a novel plant specific domain in proteins involved in development and programmed cell death</article-title></title-group><contrib-group><contrib id="A1" equal-contrib="yes" corresp="yes" contrib-type="author"><name><surname>Tenhaken</surname><given-names>Raimund</given-names></name><xref ref-type="aff" rid="I1">1</xref><email>R.Tenhaken@em.uni-frankfurt.de</email></contrib><contrib id="A2" equal-contrib="yes" contrib-type="author"><name><surname>Doerks</surname><given-names>Tobias</given-names></name><xref ref-type="aff" rid="I2">2</xref><email>doerks@embl.de</email></contrib><contrib id="A3" contrib-type="author"><name><surname>Bork</surname><given-names>Peer</given-names></name><xref ref-type="aff" rid="I2">2</xref><email>bork@embl.de</email></contrib></contrib-group><aff id="I1"><label>1</label>Plant Molecular Biology, University of Frankfurt, Marie-Curie-Str. 9, 60439 Frankfurt, Germany</aff><aff id="I2"><label>2</label>European Molecular Biology Laboratory, Meyerhofstr. 1, 69102 Heidelberg, Germany</aff><pub-date pub-type="collection"><year>2005</year></pub-date><pub-date pub-type="epub"><day>11</day><month>7</month><year>2005</year></pub-date><volume>6</volume><fpage>169</fpage><lpage>169</lpage><ext-link ext-link-type="uri" xlink:href="http://www.biomedcentral.com/1471-2105/6/169"/><history><date date-type="received"><day>4</day><month>4</month><year>2005</year></date><date date-type="accepted"><day>11</day><month>7</month><year>2005</year></date></history><permissions><copyright-statement>Copyright © 2005 Tenhaken et al; licensee BioMed Central Ltd.</copyright-statement><copyright-year>2005</copyright-year><copyright-holder>Tenhaken et al; licensee BioMed Central Ltd.</copyright-holder><license license-type="open-access" xlink:href="http://creativecommons.org/licenses/by/2.0"><p>This is an Open Access article distributed under the terms of the Creative Commons Attribution License (<ext-link ext-link-type="uri" xlink:href="http://creativecommons.org/licenses/by/2.0"/>), which permits unrestricted use, distribution, and reproduction in any medium, provided the original work is properly cited.</p><!--<rdf xmlns="http://web.resource.org/cc/" xmlns:rdf="http://www.w3.org/1999/02/22-rdf-syntax-ns#" xmlns:dc="http://purl.org/dc/elements/1.1" xmlns:dcterms="http://purl.org/dc/terms"><Work xmlns:dc="http://purl.org/dc/elements/1.1/" xmlns:dcterms="http://purl.org/dc/terms/" rdf:about=""><license rdf:resource="http://creativecommons.org/licenses/by/2.0"/><dc:type rdf:resource="http://purl.org/dc/dcmitype/Text"/><dc:author>
               Tenhaken
               Raimund
               
               R.Tenhaken@em.uni-frankfurt.de
            </dc:author><dc:title>
            DCD &#x02013; a novel plant specific domain in proteins involved in development and programmed cell death
         </dc:title><dc:date>2005</dc:date><dcterms:bibliographicCitation>BMC Bioinformatics 6(1): 169-. (2005)</dcterms:bibliographicCitation><dc:identifier type="sici">1471-2105(2005)6:1&#x0003c;169&#x0003e;</dc:identifier><dcterms:isPartOf>urn:ISSN:1471-2105</dcterms:isPartOf><License rdf:about="http://creativecommons.org/licenses/by/2.0"><permits rdf:resource="http://web.resource.org/cc/Reproduction" xmlns=""/><permits rdf:resource="http://web.resource.org/cc/Distribution" xmlns=""/><requires rdf:resource="http://web.resource.org/cc/Notice" xmlns=""/><requires rdf:resource="http://web.resource.org/cc/Attribution" xmlns=""/><permits rdf:resource="http://web.resource.org/cc/DerivativeWorks" xmlns=""/></License></Work></rdf>--></license></permissions><abstract><sec><title>Background</title><p>Recognition of microbial pathogens by plants triggers the <italic>hypersensitive reaction</italic>, a common form of programmed cell death in plants. These dying cells generate signals that activate the plant immune system and alarm the neighboring cells as well as the whole plant to activate defense responses to limit the spread of the pathogen. The molecular mechanisms behind the <italic>hypersensitive reaction </italic>are largely unknown except for the recognition process of pathogens. We delineate the NRP-gene in soybean, which is specifically induced during this programmed cell death and contains a novel protein domain, which is commonly found in different plant proteins.</p></sec><sec><title>Results</title><p>The sequence analysis of the protein, encoded by the NRP-gene from soybean, led to the identification of a novel domain, which we named DCD, because it is found in plant proteins involved in <bold><underline>d</underline></bold>evelopment and <bold><underline>c</underline></bold>ell <bold><underline>d</underline></bold>eath. The domain is shared by several proteins in the <italic>Arabidopsis </italic>and the rice genomes, which otherwise show a different protein architecture. Biological studies indicate a role of these proteins in phytohormone response, embryo development and programmed cell by pathogens or ozone.</p></sec><sec><title>Conclusion</title><p>It is tempting to speculate, that the DCD domain mediates signaling in plant development and programmed cell death and could thus be used to identify interacting proteins to gain further molecular insights into these processes.</p></sec></abstract></article-meta></front></article>