<article xmlns="https://dtd.nlm.nih.gov/ns/archiving/2.3/" xmlns:xsi="http://www.w3.org/2001/XMLSchema-instance" xmlns:mml="http://www.w3.org/1998/Math/MathML" xmlns:xlink="http://www.w3.org/1999/xlink" xsi:schemaLocation="https://dtd.nlm.nih.gov/ns/archiving/2.3/ https://dtd.nlm.nih.gov/archiving/2.3/xsd/archivearticle.xsd" article-type="research-article"><front><journal-meta><journal-id journal-id-type="nlm-ta">BMC Bioinformatics</journal-id><journal-title>BMC Bioinformatics</journal-title><issn pub-type="epub">1471-2105</issn><publisher><publisher-name>BioMed Central</publisher-name><publisher-loc>London</publisher-loc></publisher></journal-meta><article-meta><article-id pub-id-type="accession">PMC149348</article-id><article-id pub-id-type="pmcid">PMC149348</article-id><article-id pub-id-type="pmc-uid">149348</article-id><article-id pub-id-type="pmid">12549981</article-id><article-id pub-id-type="publisher-id">1471-2105-4-4</article-id><article-id pub-id-type="pmid">12549981</article-id><article-id pub-id-type="doi">10.1186/1471-2105-4-4</article-id><article-categories><subj-group subj-group-type="heading"><subject>Research Article</subject></subj-group></article-categories><title-group><article-title>Computer aided analysis of additional chromosome aberrations in Philadelphia chromosome positive acute lymphoblastic leukaemia using a simplified computer readable cytogenetic notation</article-title></title-group><contrib-group><contrib id="A1" contrib-type="author"><name><surname>Bradtke</surname><given-names>Jutta</given-names></name><xref ref-type="aff" rid="I1">1</xref><email>bradtke@mailer.uni-marburg.de</email></contrib><contrib id="A2" contrib-type="author"><name><surname>Balz</surname><given-names>Harald</given-names></name><xref ref-type="aff" rid="I1">1</xref><email>balz@mailer.uni-marburg.de</email></contrib><contrib id="A3" contrib-type="author"><name><surname>Fonatsch</surname><given-names>Christa</given-names></name><xref ref-type="aff" rid="I2">2</xref><email>christa.fonatsch@univie.ac.at</email></contrib><contrib id="A4" contrib-type="author"><name><surname>Heinze</surname><given-names>Barbara</given-names></name><xref ref-type="aff" rid="I3">3</xref><email>barbara.heinze@medizin.uni-ulm.de</email></contrib><contrib id="A5" contrib-type="author"><name><surname>Jauch</surname><given-names>Anna</given-names></name><xref ref-type="aff" rid="I4">4</xref><email>anna_jauch@med.uni-heidelberg.de</email></contrib><contrib id="A6" contrib-type="author"><name><surname>Mohr</surname><given-names>Brigitte</given-names></name><xref ref-type="aff" rid="I5">5</xref><email>mohr@mk1.med.tu-dresden.de</email></contrib><contrib id="A7" contrib-type="author"><name><surname>Schoch</surname><given-names>Claudia</given-names></name><xref ref-type="aff" rid="I6">6</xref><email>cschoch@med3.med.uni-muenchen.de</email></contrib><contrib id="A8" corresp="yes" contrib-type="author"><name><surname>Rieder</surname><given-names>Harald</given-names></name><xref ref-type="aff" rid="I1">1</xref><email>rieder@mailer.uni-marburg.de</email></contrib></contrib-group><aff id="I1"><label>1</label>Institute of Clinical Genetics, Philipps-University, Bahnhofstraβe 7, Marburg, 35037, Germany</aff><aff id="I2"><label>2</label>Institute for Medical Biology, University of Vienna, Währinger Straβe 10, Vienna, 1090, Austria</aff><aff id="I3"><label>3</label>Clinic of Haematology and Oncology, University Hospital, Parkstr.11, Ulm, 89073, Germany</aff><aff id="I4"><label>4</label>Institute of Human Genetics, University of Heidelberg, Im Neuenheimer Feld 328, Heidelberg, 69120, Germany</aff><aff id="I5"><label>5</label>Clinic of Haematology and Oncology, University Hospital, Fetscherstraβe 74, Dresden, 07307, Germany</aff><aff id="I6"><label>6</label>Department of Internal Medicine III, University of Munich, Marchionistraβe 15, Munich, 81377, Germany</aff><pub-date pub-type="collection"><year>2003</year></pub-date><pub-date pub-type="epub"><day>28</day><month>1</month><year>2003</year></pub-date><volume>4</volume><fpage>4</fpage><lpage>4</lpage><ext-link ext-link-type="uri" xlink:href="http://www.biomedcentral.com/1471-2105/4/4"/><history><date date-type="received"><day>26</day><month>11</month><year>2002</year></date><date date-type="accepted"><day>28</day><month>1</month><year>2003</year></date></history><permissions><copyright-statement>Copyright © 2003 Bradtke et al; licensee BioMed Central Ltd. This is an Open Access article: verbatim copying and redistribution of this article are permitted in all media for any purpose, provided this notice is preserved along with the article's original URL.</copyright-statement><copyright-year>2003</copyright-year><copyright-holder>Bradtke et al; licensee BioMed Central Ltd. This is an Open Access article: verbatim copying and redistribution of this article are permitted in all media for any purpose, provided this notice is preserved along with the article's original URL.</copyright-holder></permissions><abstract><sec><title>Background</title><p>The analysis of complex cytogenetic databases of distinct leukaemia entities may help to detect rare recurring chromosome aberrations, minimal common regions of gains and losses, and also hot spots of genomic rearrangements. The patterns of the karyotype alterations may provide insights into the genetic pathways of disease progression.</p></sec><sec><title>Results</title><p>We developed a simplified computer readable cytogenetic notation (SCCN) by which chromosome findings are normalised at a resolution of 400 bands. Lost or gained chromosomes or chromosome segments are specified in detail, and ranges of chromosome breakpoint assignments are recorded. Software modules were written to summarise the recorded chromosome changes with regard to the respective chromosome involvement. To assess the degree of karyotype alterations the ploidy levels and numbers of numerical and structural changes were recorded separately, and summarised in a complex karyotype aberration score (CKAS). The SCCN and CKAS were used to analyse the extend and the spectrum of additional chromosome aberrations in 94 patients with Philadelphia chromosome positive (Ph-positive) acute lymphoblastic leukemia (ALL) and secondary chromosome anomalies. Dosage changes of chromosomal material represented 92.1% of all additional events. Recurring regions of chromosome losses were identified. Structural rearrangements affecting (peri)centromeric chromosome regions were recorded in 24.6% of the cases.</p></sec><sec><title>Conclusions</title><p>SCCN and CKAS provide unifying elements between karyotypes and computer processable data formats. They proved to be useful in the investigation of additional chromosome aberrations in Ph-positive ALL, and may represent a step towards full automation of the analysis of large and complex karyotype databases.</p></sec></abstract></article-meta></front></article>