<article xmlns="https://dtd.nlm.nih.gov/ns/archiving/2.3/" xmlns:xsi="http://www.w3.org/2001/XMLSchema-instance" xmlns:mml="http://www.w3.org/1998/Math/MathML" xmlns:xlink="http://www.w3.org/1999/xlink" xsi:schemaLocation="https://dtd.nlm.nih.gov/ns/archiving/2.3/ https://dtd.nlm.nih.gov/archiving/2.3/xsd/archivearticle.xsd" article-type="other"><front><journal-meta><journal-id journal-id-type="nlm-ta">BMC Bioinformatics</journal-id><journal-title>BMC Bioinformatics</journal-title><issn pub-type="epub">1471-2105</issn><publisher><publisher-name>BioMed Central</publisher-name><publisher-loc>London</publisher-loc></publisher></journal-meta><article-meta><article-id pub-id-type="accession">PMC1173086</article-id><article-id pub-id-type="pmcid">PMC1173086</article-id><article-id pub-id-type="pmc-uid">1173086</article-id><article-id pub-id-type="pmid">15921534</article-id><article-id pub-id-type="publisher-id">1471-2105-6-129</article-id><article-id pub-id-type="pmid">15921534</article-id><article-id pub-id-type="doi">10.1186/1471-2105-6-129</article-id><article-categories><subj-group subj-group-type="heading"><subject>Correspondence</subject></subj-group></article-categories><title-group><article-title>Considerations when using the significance analysis of microarrays (SAM) algorithm</article-title></title-group><contrib-group><contrib id="A1" corresp="yes" contrib-type="author"><name><surname>Larsson</surname><given-names>Ola</given-names></name><xref ref-type="aff" rid="I1">1</xref><email>ola.larsson@cgb.ki.se</email></contrib><contrib id="A2" contrib-type="author"><name><surname>Wahlestedt</surname><given-names>Claes</given-names></name><xref ref-type="aff" rid="I1">1</xref><email>claes.wahlestedt@cgb.ki.se</email></contrib><contrib id="A3" corresp="yes" contrib-type="author"><name><surname>Timmons</surname><given-names>James A</given-names></name><xref ref-type="aff" rid="I1">1</xref><email>jamie.timmons@fyfa.ki.se</email></contrib></contrib-group><aff id="I1"><label>1</label>Center for Genomics and Bioinformatics, Karolinska Institutet, Berzelius Väg. 35. 171 77 Stockholm, Sweden</aff><pub-date pub-type="collection"><year>2005</year></pub-date><pub-date pub-type="epub"><day>29</day><month>5</month><year>2005</year></pub-date><volume>6</volume><fpage>129</fpage><lpage>129</lpage><ext-link ext-link-type="uri" xlink:href="http://www.biomedcentral.com/1471-2105/6/129"/><history><date date-type="received"><day>2</day><month>5</month><year>2005</year></date><date date-type="accepted"><day>29</day><month>5</month><year>2005</year></date></history><copyright-statement>Copyright © 2005 Larsson et al; licensee BioMed Central Ltd.</copyright-statement><license license-type="open-access" xlink:href="http://creativecommons.org/licenses/by/2.0"><p>This is an Open Access article distributed under the terms of the Creative Commons Attribution License (<ext-link ext-link-type="uri" xlink:href="http://creativecommons.org/licenses/by/2.0"/>), which permits unrestricted use, distribution, and reproduction in any medium, provided the original work is properly cited.</p></license><abstract><sec><title>Background</title><p>Users of microarray technology typically strive to use universally acceptable data analysis strategies to determine significant expression changes in their experiments. One of the most frequently utilised methods for gene expression data analysis is SAM (significance analysis of microarrays). The impact of selection thresholds, on the output from SAM, may critically alter the conclusion of a study, yet this consideration has not been systematically evaluated in any publication.</p></sec><sec><title>Results</title><p>We have examined the effect of discrete data selection criteria (qualification criteria for inclusion) and response thresholds (out-put filtering) on the number of significant genes reported by SAM. The use of a reduced data set by applying arbitrary restrictions vis-à-vis abundance calls (e.g. from D-chip) or application of the fold change (FC) option within SAM (named the FC hurdle hereafter), can substantially alter the significant gene list when running SAM in Microsoft Excel. We determined that for a given <italic>final </italic>FC criteria (e.g. 1.5 fold change) the FC hurdle applied within Microsoft Excel SAM alters the number of reported genes above the <italic>final </italic>FC criteria. The reason is that the FC hurdle changes the composition of the control data set, such that a different significance level (q-value) is obtained for any given gene. This effect can be so large that it changes subsequent <italic>post hoc </italic>analysis interpretation, such as ontology overrepresentation analysis.</p></sec><sec><title>Conclusion</title><p>Our results argue for caution when using SAM. All data sets analysed with SAM could be reanalysed taking into account the potential impact of the use of arbitrary thresholds to trim data sets before significance testing.</p></sec></abstract></article-meta></front></article>