<article xmlns="https://dtd.nlm.nih.gov/ns/archiving/2.3/" xmlns:xsi="http://www.w3.org/2001/XMLSchema-instance" xmlns:mml="http://www.w3.org/1998/Math/MathML" xmlns:xlink="http://www.w3.org/1999/xlink" xsi:schemaLocation="https://dtd.nlm.nih.gov/ns/archiving/2.3/ https://dtd.nlm.nih.gov/archiving/2.3/xsd/archivearticle.xsd" article-type="research-article"><front><journal-meta><journal-id journal-id-type="nlm-ta">BMC Bioinformatics</journal-id><journal-title>BMC Bioinformatics</journal-title><issn pub-type="epub">1471-2105</issn><publisher><publisher-name>BioMed Central</publisher-name><publisher-loc>London</publisher-loc></publisher></journal-meta><article-meta><article-id pub-id-type="accession">PMC1127068</article-id><article-id pub-id-type="pmcid">PMC1127068</article-id><article-id pub-id-type="pmc-uid">1127068</article-id><article-id pub-id-type="pmid">15850479</article-id><article-id pub-id-type="publisher-id">1471-2105-6-106</article-id><article-id pub-id-type="pmid">15850479</article-id><article-id pub-id-type="doi">10.1186/1471-2105-6-106</article-id><article-categories><subj-group subj-group-type="heading"><subject>Methodology Article</subject></subj-group></article-categories><title-group><article-title>Quadratic regression analysis for gene discovery and pattern recognition for non-cyclic short time-course microarray experiments</article-title></title-group><contrib-group><contrib id="A1" corresp="yes" contrib-type="author"><name><surname>Liu</surname><given-names>Hua</given-names></name><xref ref-type="aff" rid="I1">1</xref><email>hualiu@ms.uky.edu</email></contrib><contrib id="A2" contrib-type="author"><name><surname>Tarima</surname><given-names>Sergey</given-names></name><xref ref-type="aff" rid="I1">1</xref><email>stari@ms.uky.edu</email></contrib><contrib id="A3" contrib-type="author"><name><surname>Borders</surname><given-names>Aaron S</given-names></name><xref ref-type="aff" rid="I2">2</xref><email>abord2@uky.edu</email></contrib><contrib id="A4" contrib-type="author"><name><surname>Getchell</surname><given-names>Thomas V</given-names></name><xref ref-type="aff" rid="I2">2</xref><xref ref-type="aff" rid="I4">4</xref><email>tgetche@email.uky.edu</email></contrib><contrib id="A5" contrib-type="author"><name><surname>Getchell</surname><given-names>Marilyn L</given-names></name><xref ref-type="aff" rid="I3">3</xref><xref ref-type="aff" rid="I4">4</xref><email>mgetch@email.uky.edu</email></contrib><contrib id="A6" contrib-type="author"><name><surname>Stromberg</surname><given-names>Arnold J</given-names></name><xref ref-type="aff" rid="I1">1</xref><email>astro@ms.uky.edu</email></contrib></contrib-group><aff id="I1"><label>1</label>Department of Statistics, University of Kentucky, Lexington, KY 40506, USA</aff><aff id="I2"><label>2</label>Department of Physiology, University of Kentucky, Lexington, KY 40536, USA</aff><aff id="I3"><label>3</label>Department of Anatomy and Neurobiology, University of Kentucky, Lexington, KY 40536, USA</aff><aff id="I4"><label>4</label>Sanders-Brown Center on Aging, University of Kentucky, Lexington, KY 40536, USA</aff><pub-date pub-type="collection"><year>2005</year></pub-date><pub-date pub-type="epub"><day>25</day><month>4</month><year>2005</year></pub-date><volume>6</volume><fpage>106</fpage><lpage>106</lpage><ext-link ext-link-type="uri" xlink:href="http://www.biomedcentral.com/1471-2105/6/106"/><history><date date-type="received"><day>25</day><month>8</month><year>2004</year></date><date date-type="accepted"><day>25</day><month>4</month><year>2005</year></date></history><copyright-statement>Copyright © 2005 Liu et al; licensee BioMed Central Ltd.</copyright-statement><license license-type="open-access" xlink:href="http://creativecommons.org/licenses/by/2.0"><p>This is an Open Access article distributed under the terms of the Creative Commons Attribution License (<ext-link ext-link-type="uri" xlink:href="http://creativecommons.org/licenses/by/2.0"/>), which permits unrestricted use, distribution, and reproduction in any medium, provided the original work is properly cited.</p></license><abstract><sec><title>Background</title><p>Cluster analyses are used to analyze microarray time-course data for gene discovery and pattern recognition. However, in general, these methods do not take advantage of the fact that time is a continuous variable, and existing clustering methods often group biologically unrelated genes together.</p></sec><sec><title>Results</title><p>We propose a quadratic regression method for identification of differentially expressed genes and classification of genes based on their temporal expression profiles for non-cyclic short time-course microarray data. This method treats time as a continuous variable, therefore preserves actual time information. We applied this method to a microarray time-course study of gene expression at short time intervals following deafferentation of olfactory receptor neurons. Nine regression patterns have been identified and shown to fit gene expression profiles better than k-means clusters. EASE analysis identified over-represented functional groups in each regression pattern and each k-means cluster, which further demonstrated that the regression method provided more biologically meaningful classifications of gene expression profiles than the k-means clustering method. Comparison with Peddada et al.'s order-restricted inference method showed that our method provides a different perspective on the temporal gene profiles. Reliability study indicates that regression patterns have the highest reliabilities.</p></sec><sec><title>Conclusion</title><p>Our results demonstrate that the proposed quadratic regression method improves gene discovery and pattern recognition for non-cyclic short time-course microarray data. With a freely accessible Excel macro, investigators can readily apply this method to their microarray data.</p></sec></abstract></article-meta></front></article>