<article xmlns="https://dtd.nlm.nih.gov/ns/archiving/2.3/" xmlns:xsi="http://www.w3.org/2001/XMLSchema-instance" xmlns:mml="http://www.w3.org/1998/Math/MathML" xmlns:xlink="http://www.w3.org/1999/xlink" xsi:schemaLocation="https://dtd.nlm.nih.gov/ns/archiving/2.3/ https://dtd.nlm.nih.gov/archiving/2.3/xsd/archivearticle.xsd" article-type="product-review"><front><journal-meta><journal-id journal-id-type="nlm-ta">BMC Bioinformatics</journal-id><journal-title>BMC Bioinformatics</journal-title><issn pub-type="epub">1471-2105</issn><publisher><publisher-name>BioMed Central</publisher-name><publisher-loc>London</publisher-loc></publisher></journal-meta><article-meta><article-id pub-id-type="accession">PMC1181622</article-id><article-id pub-id-type="pmcid">PMC1181622</article-id><article-id pub-id-type="pmc-uid">1181622</article-id><article-id pub-id-type="pmid">15929795</article-id><article-id pub-id-type="publisher-id">1471-2105-6-137</article-id><article-id pub-id-type="pmid">15929795</article-id><article-id pub-id-type="doi">10.1186/1471-2105-6-137</article-id><article-categories><subj-group subj-group-type="heading"><subject>Software</subject></subj-group></article-categories><title-group><article-title><italic>SplitTester </italic>: software to identify domains responsible for functional divergence in protein family</article-title></title-group><contrib-group><contrib id="A1" contrib-type="author"><name><surname>Gao</surname><given-names>Xiang</given-names></name><xref ref-type="aff" rid="I1">1</xref><email>gaoxiang@iastate.edu</email></contrib><contrib id="A2" contrib-type="author"><name><surname>Vander Velden</surname><given-names>Kent A </given-names></name><xref ref-type="aff" rid="I2">2</xref><xref ref-type="aff" rid="I3">3</xref><email>kent.vandervelden@pioneer.com</email></contrib><contrib id="A3" corresp="yes" contrib-type="author"><name><surname>Voytas</surname><given-names>Daniel F</given-names></name><xref ref-type="aff" rid="I1">1</xref><email>voytas@iastate.edu</email></contrib><contrib id="A4" corresp="yes" contrib-type="author"><name><surname>Gu</surname><given-names>Xun</given-names></name><xref ref-type="aff" rid="I1">1</xref><email>xgu@iastate.edu</email></contrib></contrib-group><aff id="I1"><label>1</label>Department of Genetics, Development &amp; Cell Biology, Iowa State University, Ames, Iowa 50011, USA</aff><aff id="I2"><label>2</label>Bioinformatics and Computational Biology Program, Iowa State University, Ames, Iowa 50011, USA</aff><aff id="I3"><label>3</label>Pioneer Hi-Bred International, Inc., Johnston, Iowa 50131, USA</aff><pub-date pub-type="collection"><year>2005</year></pub-date><pub-date pub-type="epub"><day>1</day><month>6</month><year>2005</year></pub-date><volume>6</volume><fpage>137</fpage><lpage>137</lpage><ext-link ext-link-type="uri" xlink:href="http://www.biomedcentral.com/1471-2105/6/137"/><history><date date-type="received"><day>14</day><month>1</month><year>2005</year></date><date date-type="accepted"><day>1</day><month>6</month><year>2005</year></date></history><permissions><copyright-statement>Copyright © 2005 Gao et al; licensee BioMed Central Ltd.</copyright-statement><copyright-year>2005</copyright-year><copyright-holder>Gao et al; licensee BioMed Central Ltd.</copyright-holder><license license-type="open-access" xlink:href="http://creativecommons.org/licenses/by/2.0"><p>This is an Open Access article distributed under the terms of the Creative Commons Attribution License (<ext-link ext-link-type="uri" xlink:href="http://creativecommons.org/licenses/by/2.0"/>), which permits unrestricted use, distribution, and reproduction in any medium, provided the original work is properly cited.</p><!--<rdf xmlns="http://web.resource.org/cc/" xmlns:rdf="http://www.w3.org/1999/02/22-rdf-syntax-ns#" xmlns:dc="http://purl.org/dc/elements/1.1" xmlns:dcterms="http://purl.org/dc/terms"><Work xmlns:dc="http://purl.org/dc/elements/1.1/" xmlns:dcterms="http://purl.org/dc/terms/" rdf:about=""><license rdf:resource="http://creativecommons.org/licenses/by/2.0"/><dc:type rdf:resource="http://purl.org/dc/dcmitype/Text"/><dc:author>
               Gao
               Xiang
               
               gaoxiang@iastate.edu
            </dc:author><dc:title>
            SplitTester : software to identify domains responsible for functional divergence in protein family
         </dc:title><dc:date>2005</dc:date><dcterms:bibliographicCitation>BMC Bioinformatics 6(1): 137-. (2005)</dcterms:bibliographicCitation><dc:identifier type="sici">1471-2105(2005)6:1&#x0003c;137&#x0003e;</dc:identifier><dcterms:isPartOf>urn:ISSN:1471-2105</dcterms:isPartOf><License rdf:about="http://creativecommons.org/licenses/by/2.0"><permits rdf:resource="http://web.resource.org/cc/Reproduction" xmlns=""/><permits rdf:resource="http://web.resource.org/cc/Distribution" xmlns=""/><requires rdf:resource="http://web.resource.org/cc/Notice" xmlns=""/><requires rdf:resource="http://web.resource.org/cc/Attribution" xmlns=""/><permits rdf:resource="http://web.resource.org/cc/DerivativeWorks" xmlns=""/></License></Work></rdf>--></license></permissions><abstract><sec><title>Background</title><p>Many protein families have undergone functional divergence after gene duplications such that current subgroups of the family carry out overlapping but distinct biological roles. For the protein families with known functional subtypes (a functional split), we developed the software, <italic>SplitTester</italic>, to identify potential regions that are responsible for the observed distinct functional subtypes within the same protein family.</p></sec><sec><title>Results</title><p>Our software, <italic>SplitTester</italic>, takes a multiple protein sequences alignment as input, generated from protein members of two subgroups with known functional divergence. <italic>SplitTester </italic>was designed to construct the neighbor joining tree (a split cluster) from variable-sized sliding windows across the alignment in a process called <italic>split-clustering</italic>. <italic>SplitTester </italic>identifies the regions, whose split cluster is consistent with the functional split, but may be inconsistent with the phylogeny of the protein family. We hypothesize that at least some number of these identified regions, which are not following a random mutation process, are responsible for the observed functional split. To test our method, we used reverse transcriptase from a group of <italic>Pseudoviridae </italic>retrotransposons: to identify residues specific for diverged primer recognition. Candidate regions were then mapped onto the three dimensional structures of reverse transcriptase. The locations of these amino acids within the enzyme are consistent with their biological roles.</p></sec><sec><title>Conclusion</title><p><italic>SplitTester </italic>aims to identify specific domain sequences responsible for functional divergence of subgroups within a protein family. From the analysis of retroelements reverse transcriptase family, we successfully identified the regions splitting this family according to the primer specificity, implying their functions in the specific primer selection.</p></sec></abstract></article-meta></front></article>