<article xmlns="https://dtd.nlm.nih.gov/ns/archiving/2.3/" xmlns:xsi="http://www.w3.org/2001/XMLSchema-instance" xmlns:mml="http://www.w3.org/1998/Math/MathML" xmlns:xlink="http://www.w3.org/1999/xlink" xsi:schemaLocation="https://dtd.nlm.nih.gov/ns/archiving/2.3/ https://dtd.nlm.nih.gov/archiving/2.3/xsd/archivearticle.xsd" article-type="research-article"><front><journal-meta><journal-id journal-id-type="nlm-ta">BMC Bioinformatics</journal-id><journal-title>BMC Bioinformatics</journal-title><issn pub-type="epub">1471-2105</issn><publisher><publisher-name>BioMed Central</publisher-name><publisher-loc>London</publisher-loc></publisher></journal-meta><article-meta><article-id pub-id-type="accession">PMC1199580</article-id><article-id pub-id-type="pmcid">PMC1199580</article-id><article-id pub-id-type="pmc-uid">1199580</article-id><article-id pub-id-type="pmid">16029499</article-id><article-id pub-id-type="publisher-id">1471-2105-6-182</article-id><article-id pub-id-type="pmid">16029499</article-id><article-id pub-id-type="doi">10.1186/1471-2105-6-182</article-id><article-categories><subj-group subj-group-type="heading"><subject>Methodology Article</subject></subj-group></article-categories><title-group><article-title>Comparison of codon usage measures and their applicability in prediction of microbial gene expressivity</article-title></title-group><contrib-group><contrib id="A1" contrib-type="author"><name><surname>Supek</surname><given-names>Fran</given-names></name><xref ref-type="aff" rid="I1">1</xref><email>fsupek@public.srce.hr</email></contrib><contrib id="A2" corresp="yes" contrib-type="author"><name><surname>Vlahoviček</surname><given-names>Kristian</given-names></name><xref ref-type="aff" rid="I1">1</xref><xref ref-type="aff" rid="I2">2</xref><email>kristian@icgeb.org</email></contrib></contrib-group><aff id="I1"><label>1</label>Department of Molecular Biology, Division of Biology, Faculty of Science, Zagreb University, Rooseveltov trg 6, 10000 Zagreb, Croatia</aff><aff id="I2"><label>2</label>Protein Structure and Bioinformatics, International Centre for Genetic Engineering and Biotechnology, Padriciano 99, 34012 Trieste, Italy</aff><pub-date pub-type="collection"><year>2005</year></pub-date><pub-date pub-type="epub"><day>19</day><month>7</month><year>2005</year></pub-date><volume>6</volume><fpage>182</fpage><lpage>182</lpage><ext-link ext-link-type="uri" xlink:href="http://www.biomedcentral.com/1471-2105/6/182"/><history><date date-type="received"><day>11</day><month>2</month><year>2005</year></date><date date-type="accepted"><day>19</day><month>7</month><year>2005</year></date></history><permissions><copyright-statement>Copyright © 2005 Supek and Vlahoviček; licensee BioMed Central Ltd.</copyright-statement><copyright-year>2005</copyright-year><copyright-holder>Supek and Vlahoviček; licensee BioMed Central Ltd.</copyright-holder><license license-type="open-access" xlink:href="http://creativecommons.org/licenses/by/2.0"><p>This is an Open Access article distributed under the terms of the Creative Commons Attribution License (<ext-link ext-link-type="uri" xlink:href="http://creativecommons.org/licenses/by/2.0"/>), which permits unrestricted use, distribution, and reproduction in any medium, provided the original work is properly cited.</p><!--<rdf xmlns="http://web.resource.org/cc/" xmlns:rdf="http://www.w3.org/1999/02/22-rdf-syntax-ns#" xmlns:dc="http://purl.org/dc/elements/1.1" xmlns:dcterms="http://purl.org/dc/terms"><Work xmlns:dc="http://purl.org/dc/elements/1.1/" xmlns:dcterms="http://purl.org/dc/terms/" rdf:about=""><license rdf:resource="http://creativecommons.org/licenses/by/2.0"/><dc:type rdf:resource="http://purl.org/dc/dcmitype/Text"/><dc:author>
               Supek
               Fran
               
               fsupek@public.srce.hr
            </dc:author><dc:title>
            Comparison of codon usage measures and their applicability in prediction of microbial gene expressivity
         </dc:title><dc:date>2005</dc:date><dcterms:bibliographicCitation>BMC Bioinformatics 6(1): 182-. (2005)</dcterms:bibliographicCitation><dc:identifier type="sici">1471-2105(2005)6:1&#x0003c;182&#x0003e;</dc:identifier><dcterms:isPartOf>urn:ISSN:1471-2105</dcterms:isPartOf><License rdf:about="http://creativecommons.org/licenses/by/2.0"><permits rdf:resource="http://web.resource.org/cc/Reproduction" xmlns=""/><permits rdf:resource="http://web.resource.org/cc/Distribution" xmlns=""/><requires rdf:resource="http://web.resource.org/cc/Notice" xmlns=""/><requires rdf:resource="http://web.resource.org/cc/Attribution" xmlns=""/><permits rdf:resource="http://web.resource.org/cc/DerivativeWorks" xmlns=""/></License></Work></rdf>--></license></permissions><abstract><sec><title>Background</title><p>There are a number of methods (also called: measures) currently in use that quantify codon usage in genes. These measures are often influenced by other sequence properties, such as length. This can introduce strong methodological bias into measurements; therefore we attempted to develop a method free from such dependencies. One of the common applications of codon usage analyses is to quantitatively predict gene expressivity.</p></sec><sec><title>Results</title><p>We compared the performance of several commonly used measures and a novel method we introduce in this paper – Measure Independent of Length and Composition (MILC). Large, randomly generated sequence sets were used to test for dependence on (i) sequence length, (ii) overall amount of codon bias and (iii) codon bias discrepancy in the sequences. A derivative of the method, named MELP (MILC-based Expression Level Predictor) can be used to quantitatively predict gene expression levels from genomic data. It was compared to other similar predictors by examining their correlation with actual, experimentally obtained mRNA or protein abundances.</p></sec><sec><title>Conclusion</title><p>We have established that MILC is a generally applicable measure, being resistant to changes in gene length and overall nucleotide composition, and introducing little noise into measurements. Other methods, however, may also be appropriate in certain applications. Our efforts to quantitatively predict gene expression levels in several prokaryotes and unicellular eukaryotes met with varying levels of success, depending on the experimental dataset and predictor used. Out of all methods, MELP and Rainer Merkl's GCB method had the most consistent behaviour. A 'reference set' containing known ribosomal protein genes appears to be a valid starting point for a codon usage-based expressivity prediction.</p></sec></abstract></article-meta></front></article>