<article xmlns="https://dtd.nlm.nih.gov/ns/archiving/2.3/" xmlns:xsi="http://www.w3.org/2001/XMLSchema-instance" xmlns:mml="http://www.w3.org/1998/Math/MathML" xmlns:xlink="http://www.w3.org/1999/xlink" xsi:schemaLocation="https://dtd.nlm.nih.gov/ns/archiving/2.3/ https://dtd.nlm.nih.gov/archiving/2.3/xsd/archivearticle.xsd" article-type="research-article"><front><journal-meta><journal-id journal-id-type="nlm-ta">BMC Bioinformatics</journal-id><journal-title>BMC Bioinformatics</journal-title><issn pub-type="epub">1471-2105</issn><publisher><publisher-name>BioMed Central</publisher-name></publisher></journal-meta><article-meta><article-id pub-id-type="accession">PMC139977</article-id><article-id pub-id-type="pmcid">PMC139977</article-id><article-id pub-id-type="pmc-uid">139977</article-id><article-id pub-id-type="pmid">12487631</article-id><article-id pub-id-type="publisher-id">1471-2105-3-39</article-id><article-id pub-id-type="pmid">12487631</article-id><article-id pub-id-type="doi">10.1186/1471-2105-3-39</article-id><article-categories><subj-group subj-group-type="heading"><subject>Research Article</subject></subj-group></article-categories><title-group><article-title>Species-specific protein sequence and fold optimizations</article-title></title-group><contrib-group><contrib id="A1" contrib-type="author"><name><surname>Dumontier</surname><given-names>Michel</given-names></name><xref ref-type="aff" rid="I1">1</xref><xref ref-type="aff" rid="I2">2</xref><email>micheld@mshri.on.ca</email></contrib><contrib id="A2" contrib-type="author"><name><surname>Michalickova</surname><given-names>Katerina</given-names></name><xref ref-type="aff" rid="I1">1</xref><xref ref-type="aff" rid="I2">2</xref><email>katerina@mshri.on.ca</email></contrib><contrib id="A3" corresp="yes" contrib-type="author"><name><surname>Hogue</surname><given-names>Christopher WV</given-names></name><xref ref-type="aff" rid="I1">1</xref><xref ref-type="aff" rid="I2">2</xref><email>hogue@mshri.on.ca</email></contrib></contrib-group><aff id="I1"><label>1</label>Department of Biochemistry, University of Toronto, Toronto, Ontario, M5S 1A8, Canada</aff><aff id="I2"><label>2</label>Samuel Lunenfeld Research Institute, Mount Sinai Hospital, 600 University Ave., Toronto, Ontario, M5G 1X5  Canada</aff><pub-date pub-type="collection"><year>2002</year></pub-date><pub-date pub-type="epub"><day>17</day><month>12</month><year>2002</year></pub-date><volume>3</volume><fpage>39</fpage><lpage>39</lpage><ext-link ext-link-type="uri" xlink:href="http://www.biomedcentral.com/1471-2105/3/39"/><history><date date-type="received"><day>11</day><month>7</month><year>2002</year></date><date date-type="accepted"><day>17</day><month>12</month><year>2002</year></date></history><permissions><copyright-statement>Copyright © 2002 Dumontier et al; licensee BioMed Central Ltd. This is an Open Access article: verbatim copying and redistribution of this article are permitted in all media for any purpose, provided this notice is preserved along with the article's original URL.</copyright-statement><copyright-year>2002</copyright-year><copyright-holder>Dumontier et al; licensee BioMed Central Ltd. This is an Open Access article: verbatim copying and redistribution of this article are permitted in all media for any purpose, provided this notice is preserved along with the article's original URL.</copyright-holder></permissions><abstract><sec><title>Background</title><p>An organism's ability to adapt to its particular environmental niche is of fundamental importance to its survival and proliferation. In the largest study of its kind, we sought to identify and exploit the amino-acid signatures that make species-specific protein adaptation possible across 100 complete genomes.</p></sec><sec><title>Results</title><p>Environmental niche was determined to be a significant factor in variability from correspondence analysis using the amino acid composition of over 360,000 predicted open reading frames (ORFs) from 17 archae, 76 bacteria and 7 eukaryote complete genomes. Additionally, we found clusters of phylogenetically unrelated archae and bacteria that share similar environments by amino acid composition clustering. Composition analyses of conservative, domain-based homology modeling suggested an enrichment of small hydrophobic residues Ala, Gly, Val and charged residues Asp, Glu, His and Arg across all genomes. However, larger aromatic residues Phe, Trp and Tyr are reduced in folds, and these results were not affected by low complexity biases. We derived two simple log-odds scoring functions from ORFs (C<sub>G</sub>) and folds (C<sub>F</sub>) for each of the complete genomes. C<sub>F </sub>achieved an average cross-validation success rate of 85 ± 8% whereas the C<sub>G </sub>detected 73 ± 9% species-specific sequences when competing against all other non-redundant C<sub>G</sub>. Continuously updated results are available at <ext-link ext-link-type="uri" xlink:href="http://genome.mshri.on.ca"/>.</p></sec><sec><title>Conclusion</title><p>Our analysis of amino acid compositions from the complete genomes provides stronger evidence for species-specific and environmental residue preferences in genomic sequences as well as in folds. Scoring functions derived from this work will be useful in future protein engineering experiments and possibly in identifying horizontal transfer events.</p></sec></abstract></article-meta></front></article>