<article xmlns="https://dtd.nlm.nih.gov/ns/archiving/2.3/" xmlns:xsi="http://www.w3.org/2001/XMLSchema-instance" xmlns:mml="http://www.w3.org/1998/Math/MathML" xmlns:xlink="http://www.w3.org/1999/xlink" xsi:schemaLocation="https://dtd.nlm.nih.gov/ns/archiving/2.3/ https://dtd.nlm.nih.gov/archiving/2.3/xsd/archivearticle.xsd" article-type="research-article"><front><journal-meta><journal-id journal-id-type="nlm-ta">BMC Bioinformatics</journal-id><journal-title>BMC Bioinformatics</journal-title><issn pub-type="epub">1471-2105</issn><publisher><publisher-name>BioMed Central</publisher-name><publisher-loc>London</publisher-loc></publisher></journal-meta><article-meta><article-id pub-id-type="accession">PMC1183190</article-id><article-id pub-id-type="pmcid">PMC1183190</article-id><article-id pub-id-type="pmc-uid">1183190</article-id><article-id pub-id-type="pmid">15958172</article-id><article-id pub-id-type="publisher-id">1471-2105-6-149</article-id><article-id pub-id-type="pmid">15958172</article-id><article-id pub-id-type="doi">10.1186/1471-2105-6-149</article-id><article-categories><subj-group subj-group-type="heading"><subject>Research Article</subject></subj-group></article-categories><title-group><article-title>Thesaurus-based disambiguation of gene symbols</article-title></title-group><contrib-group><contrib id="A1" contrib-type="author"><name><surname>Schijvenaars</surname><given-names>Bob JA</given-names></name><xref ref-type="aff" rid="I1">1</xref><email>r.schijvenaars@erasmusmc.nl</email></contrib><contrib id="A2" contrib-type="author"><name><surname>Mons</surname><given-names>Barend</given-names></name><xref ref-type="aff" rid="I1">1</xref><email>b.mons@erasmusmc.nl</email></contrib><contrib id="A3" contrib-type="author"><name><surname>Weeber</surname><given-names>Marc</given-names></name><xref ref-type="aff" rid="I1">1</xref><email>m.weeber@erasmusmc.nl</email></contrib><contrib id="A4" contrib-type="author"><name><surname>Schuemie</surname><given-names>Martijn J</given-names></name><xref ref-type="aff" rid="I1">1</xref><email>m.schuemie@erasmusmc.nl</email></contrib><contrib id="A5" contrib-type="author"><name><surname>van Mulligen</surname><given-names>Erik M</given-names></name><xref ref-type="aff" rid="I1">1</xref><email>e.vanmulligen@erasmusmc.nl</email></contrib><contrib id="A6" contrib-type="author"><name><surname>Wain</surname><given-names>Hester M</given-names></name><xref ref-type="aff" rid="I2">2</xref><email>nome@galton.ucl.ac.uk</email></contrib><contrib id="A7" corresp="yes" contrib-type="author"><name><surname>Kors</surname><given-names>Jan A</given-names></name><xref ref-type="aff" rid="I1">1</xref><email>j.kors@erasmusmc.nl</email></contrib></contrib-group><aff id="I1"><label>1</label>Department of Medical Informatics, Erasmus University Medical Center Rotterdam, P.O. Box 1738, 3000 DR Rotterdam, The Netherlands</aff><aff id="I2"><label>2</label>HUGO Gene Nomenclature Committee, Department of Biology, University College London, Wolfson House, 4 Stephenson Way, London NW1 2HE, UK</aff><pub-date pub-type="collection"><year>2005</year></pub-date><pub-date pub-type="epub"><day>16</day><month>6</month><year>2005</year></pub-date><volume>6</volume><fpage>149</fpage><lpage>149</lpage><ext-link ext-link-type="uri" xlink:href="http://www.biomedcentral.com/1471-2105/6/149"/><history><date date-type="received"><day>22</day><month>11</month><year>2004</year></date><date date-type="accepted"><day>16</day><month>6</month><year>2005</year></date></history><permissions><copyright-statement>Copyright © 2005 Schijvenaars et al; licensee BioMed Central Ltd.</copyright-statement><copyright-year>2005</copyright-year><copyright-holder>Schijvenaars et al; licensee BioMed Central Ltd.</copyright-holder><license license-type="open-access" xlink:href="http://creativecommons.org/licenses/by/2.0"><p>This is an Open Access article distributed under the terms of the Creative Commons Attribution License (<ext-link ext-link-type="uri" xlink:href="http://creativecommons.org/licenses/by/2.0"/>), which permits unrestricted use, distribution, and reproduction in any medium, provided the original work is properly cited.</p><!--<rdf xmlns="http://web.resource.org/cc/" xmlns:rdf="http://www.w3.org/1999/02/22-rdf-syntax-ns#" xmlns:dc="http://purl.org/dc/elements/1.1" xmlns:dcterms="http://purl.org/dc/terms"><Work xmlns:dc="http://purl.org/dc/elements/1.1/" xmlns:dcterms="http://purl.org/dc/terms/" rdf:about=""><license rdf:resource="http://creativecommons.org/licenses/by/2.0"/><dc:type rdf:resource="http://purl.org/dc/dcmitype/Text"/><dc:author>
               Schijvenaars
               JA
               Bob
               
               r.schijvenaars@erasmusmc.nl
            </dc:author><dc:title>
            Thesaurus-based disambiguation of gene symbols
         </dc:title><dc:date>2005</dc:date><dcterms:bibliographicCitation>BMC Bioinformatics 6(1): 149-. (2005)</dcterms:bibliographicCitation><dc:identifier type="sici">1471-2105(2005)6:1&#x0003c;149&#x0003e;</dc:identifier><dcterms:isPartOf>urn:ISSN:1471-2105</dcterms:isPartOf><License rdf:about="http://creativecommons.org/licenses/by/2.0"><permits rdf:resource="http://web.resource.org/cc/Reproduction" xmlns=""/><permits rdf:resource="http://web.resource.org/cc/Distribution" xmlns=""/><requires rdf:resource="http://web.resource.org/cc/Notice" xmlns=""/><requires rdf:resource="http://web.resource.org/cc/Attribution" xmlns=""/><permits rdf:resource="http://web.resource.org/cc/DerivativeWorks" xmlns=""/></License></Work></rdf>--></license></permissions><abstract><sec><title>Background</title><p>Massive text mining of the biological literature holds great promise of relating disparate information and discovering new knowledge. However, disambiguation of gene symbols is a major bottleneck.</p></sec><sec><title>Results</title><p>We developed a simple thesaurus-based disambiguation algorithm that can operate with very little training data. The thesaurus comprises the information from five human genetic databases and MeSH. The extent of the homonym problem for human gene symbols is shown to be substantial (33% of the genes in our combined thesaurus had one or more ambiguous symbols), not only because one symbol can refer to multiple genes, but also because a gene symbol can have many non-gene meanings. A test set of 52,529 Medline abstracts, containing 690 ambiguous human gene symbols taken from OMIM, was automatically generated. Overall accuracy of the disambiguation algorithm was up to 92.7% on the test set.</p></sec><sec><title>Conclusion</title><p>The ambiguity of human gene symbols is substantial, not only because one symbol may denote multiple genes but particularly because many symbols have other, non-gene meanings. The proposed disambiguation approach resolves most ambiguities in our test set with high accuracy, including the important gene/not a gene decisions. The algorithm is fast and scalable, enabling gene-symbol disambiguation in massive text mining applications.</p></sec></abstract></article-meta></front></article>