<article xmlns="https://dtd.nlm.nih.gov/ns/archiving/2.3/" xmlns:xsi="http://www.w3.org/2001/XMLSchema-instance" xmlns:mml="http://www.w3.org/1998/Math/MathML" xmlns:xlink="http://www.w3.org/1999/xlink" xsi:schemaLocation="https://dtd.nlm.nih.gov/ns/archiving/2.3/ https://dtd.nlm.nih.gov/archiving/2.3/xsd/archivearticle.xsd" article-type="research-article"><front><journal-meta><journal-id journal-id-type="nlm-ta">BMC Bioinformatics</journal-id><journal-title>BMC Bioinformatics</journal-title><issn pub-type="epub">1471-2105</issn><publisher><publisher-name>BioMed Central</publisher-name><publisher-loc>London</publisher-loc></publisher></journal-meta><article-meta><article-id pub-id-type="accession">PMC1189357</article-id><article-id pub-id-type="pmcid">PMC1189357</article-id><article-id pub-id-type="pmc-uid">1189357</article-id><article-id pub-id-type="pmid">15987513</article-id><article-id pub-id-type="publisher-id">1471-2105-6-165</article-id><article-id pub-id-type="pmid">15987513</article-id><article-id pub-id-type="doi">10.1186/1471-2105-6-165</article-id><article-categories><subj-group subj-group-type="heading"><subject>Methodology Article</subject></subj-group></article-categories><title-group><article-title>Identifying differential expression in multiple SAGE libraries: an overdispersed log-linear model approach</article-title></title-group><contrib-group><contrib id="A1" contrib-type="author"><name><surname>Lu</surname><given-names>Jun</given-names></name><xref ref-type="aff" rid="I1">1</xref><email>lu000014@mc.duke.edu</email></contrib><contrib id="A2" contrib-type="author"><name><surname>Tomfohr</surname><given-names>John K</given-names></name><xref ref-type="aff" rid="I1">1</xref><email>tomfohr@duke.edu</email></contrib><contrib id="A3" corresp="yes" contrib-type="author"><name><surname>Kepler</surname><given-names>Thomas B</given-names></name><xref ref-type="aff" rid="I1">1</xref><email>keple003@mc.duke.edu</email></contrib></contrib-group><aff id="I1"><label>1</label>Department of Biostatistics &amp; Bioinformatics, Duke University, Durham, North Carolina 27708, USA</aff><pub-date pub-type="collection"><year>2005</year></pub-date><pub-date pub-type="epub"><day>29</day><month>6</month><year>2005</year></pub-date><volume>6</volume><fpage>165</fpage><lpage>165</lpage><ext-link ext-link-type="uri" xlink:href="http://www.biomedcentral.com/1471-2105/6/165"/><history><date date-type="received"><day>4</day><month>3</month><year>2005</year></date><date date-type="accepted"><day>29</day><month>6</month><year>2005</year></date></history><permissions><copyright-statement>Copyright © 2005 Lu et al; licensee BioMed Central Ltd.</copyright-statement><copyright-year>2005</copyright-year><copyright-holder>Lu et al; licensee BioMed Central Ltd.</copyright-holder><license license-type="open-access" xlink:href="http://creativecommons.org/licenses/by/2.0"><p>This is an Open Access article distributed under the terms of the Creative Commons Attribution License (<ext-link ext-link-type="uri" xlink:href="http://creativecommons.org/licenses/by/2.0"/>), which permits unrestricted use, distribution, and reproduction in any medium, provided the original work is properly cited.</p><!--<rdf xmlns="http://web.resource.org/cc/" xmlns:rdf="http://www.w3.org/1999/02/22-rdf-syntax-ns#" xmlns:dc="http://purl.org/dc/elements/1.1" xmlns:dcterms="http://purl.org/dc/terms"><Work xmlns:dc="http://purl.org/dc/elements/1.1/" xmlns:dcterms="http://purl.org/dc/terms/" rdf:about=""><license rdf:resource="http://creativecommons.org/licenses/by/2.0"/><dc:type rdf:resource="http://purl.org/dc/dcmitype/Text"/><dc:author>
               Lu
               Jun
               
               lu000014@mc.duke.edu
            </dc:author><dc:title>
            Identifying differential expression in multiple SAGE libraries: an overdispersed log-linear model approach
         </dc:title><dc:date>2005</dc:date><dcterms:bibliographicCitation>BMC Bioinformatics 6(1): 165-. (2005)</dcterms:bibliographicCitation><dc:identifier type="sici">1471-2105(2005)6:1&#x0003c;165&#x0003e;</dc:identifier><dcterms:isPartOf>urn:ISSN:1471-2105</dcterms:isPartOf><License rdf:about="http://creativecommons.org/licenses/by/2.0"><permits rdf:resource="http://web.resource.org/cc/Reproduction" xmlns=""/><permits rdf:resource="http://web.resource.org/cc/Distribution" xmlns=""/><requires rdf:resource="http://web.resource.org/cc/Notice" xmlns=""/><requires rdf:resource="http://web.resource.org/cc/Attribution" xmlns=""/><permits rdf:resource="http://web.resource.org/cc/DerivativeWorks" xmlns=""/></License></Work></rdf>--></license></permissions><abstract><sec><title>Background</title><p>In testing for differential gene expression involving multiple serial analysis of gene expression (SAGE) libraries, it is critical to account for both between and within library variation. Several methods have been proposed, including the <italic>t </italic>test, <italic>t</italic><sub><italic>w </italic></sub>test, and an overdispersed logistic regression approach. The merits of these tests, however, have not been fully evaluated. Questions still remain on whether further improvements can be made.</p></sec><sec><title>Results</title><p>In this article, we introduce an overdispersed log-linear model approach to analyzing SAGE; we evaluate and compare its performance with three other tests: the two-sample <italic>t </italic>test, <italic>t</italic><sub><italic>w </italic></sub>test and another based on overdispersed logistic linear regression. Analysis of simulated and real datasets show that both the log-linear and logistic overdispersion methods generally perform better than the <italic>t </italic>and <italic>t</italic><sub><italic>w </italic></sub>tests; the log-linear method is further found to have better performance than the logistic method, showing equal or higher statistical power over a range of parameter values and with different data distributions.</p></sec><sec><title>Conclusion</title><p>Overdispersed log-linear models provide an attractive and reliable framework for analyzing SAGE experiments involving multiple libraries. For convenience, the implementation of this method is available through a user-friendly web-interface available at <ext-link ext-link-type="uri" xlink:href="http://www.cbcb.duke.edu/sage"/>.</p></sec></abstract></article-meta></front></article>