<article xmlns="https://dtd.nlm.nih.gov/ns/archiving/2.3/" xmlns:xsi="http://www.w3.org/2001/XMLSchema-instance" xmlns:mml="http://www.w3.org/1998/Math/MathML" xmlns:xlink="http://www.w3.org/1999/xlink" xsi:schemaLocation="https://dtd.nlm.nih.gov/ns/archiving/2.3/ https://dtd.nlm.nih.gov/archiving/2.3/xsd/archivearticle.xsd" article-type="product-review"><front><journal-meta><journal-id journal-id-type="nlm-ta">BMC Bioinformatics</journal-id><journal-title>BMC Bioinformatics</journal-title><issn pub-type="epub">1471-2105</issn><publisher><publisher-name>BioMed Central</publisher-name><publisher-loc>London</publisher-loc></publisher></journal-meta><article-meta><article-id pub-id-type="accession">PMC1188056</article-id><article-id pub-id-type="pmcid">PMC1188056</article-id><article-id pub-id-type="pmc-uid">1188056</article-id><article-id pub-id-type="pmid">16083500</article-id><article-id pub-id-type="publisher-id">1471-2105-6-198</article-id><article-id pub-id-type="pmid">16083500</article-id><article-id pub-id-type="doi">10.1186/1471-2105-6-198</article-id><article-categories><subj-group subj-group-type="heading"><subject>Software</subject></subj-group></article-categories><title-group><article-title>FIGENIX: Intelligent automation of genomic annotation: expertise integration in a new software platform</article-title></title-group><contrib-group><contrib id="A1" equal-contrib="yes" corresp="yes" contrib-type="author"><name><surname>Gouret</surname><given-names>Philippe</given-names></name><xref ref-type="aff" rid="I1">1</xref><email>Philippe.Gouret@up.univ-mrs.fr</email></contrib><contrib id="A2" contrib-type="author"><name><surname>Vitiello</surname><given-names>Vérane</given-names></name><xref ref-type="aff" rid="I1">1</xref><email>verane17@yahoo.fr</email></contrib><contrib id="A3" contrib-type="author"><name><surname>Balandraud</surname><given-names>Nathalie</given-names></name><xref ref-type="aff" rid="I1">1</xref><email>npbalandraud@yahoo.fr</email></contrib><contrib id="A4" contrib-type="author"><name><surname>Gilles</surname><given-names>André</given-names></name><xref ref-type="aff" rid="I1">1</xref><email>a.gilles@up.univ-mrs.fr</email></contrib><contrib id="A5" equal-contrib="yes" contrib-type="author"><name><surname>Pontarotti</surname><given-names>Pierre</given-names></name><xref ref-type="aff" rid="I1">1</xref><email>Pierre.Pontarotti@up.univ-mrs.fr</email></contrib><contrib id="A6" equal-contrib="yes" contrib-type="author"><name><surname>Danchin</surname><given-names>Etienne GJ</given-names></name><xref ref-type="aff" rid="I1">1</xref><xref ref-type="aff" rid="I2">2</xref><email>edanchin@up.univ-mrs.fr</email></contrib></contrib-group><aff id="I1"><label>1</label>Phylogenomics Laboratory. EA 3781 EGEE (Evolution, Genome, Environment), Université de Provence, Case 36, Pl. V. Hugo, 13331 Marseille Cedex 03. France</aff><aff id="I2"><label>2</label>AFMB-UMR 6098- CNRS - U1 - U2 Glycogenomics and Biomedical Structural Biology Case 932, 163 Avenue de Luminy 13288 Marseille cedex 09, France</aff><pub-date pub-type="collection"><year>2005</year></pub-date><pub-date pub-type="epub"><day>5</day><month>8</month><year>2005</year></pub-date><volume>6</volume><fpage>198</fpage><lpage>198</lpage><ext-link ext-link-type="uri" xlink:href="http://www.biomedcentral.com/1471-2105/6/198"/><history><date date-type="received"><day>21</day><month>4</month><year>2005</year></date><date date-type="accepted"><day>5</day><month>8</month><year>2005</year></date></history><permissions><copyright-statement>Copyright © 2005 Gouret et al; licensee BioMed Central Ltd.</copyright-statement><copyright-year>2005</copyright-year><copyright-holder>Gouret et al; licensee BioMed Central Ltd.</copyright-holder><license license-type="open-access" xlink:href="http://creativecommons.org/licenses/by/2.0"><p>This is an Open Access article distributed under the terms of the Creative Commons Attribution License (<ext-link ext-link-type="uri" xlink:href="http://creativecommons.org/licenses/by/2.0"/>), which permits unrestricted use, distribution, and reproduction in any medium, provided the original work is properly cited.</p><!--<rdf xmlns="http://web.resource.org/cc/" xmlns:rdf="http://www.w3.org/1999/02/22-rdf-syntax-ns#" xmlns:dc="http://purl.org/dc/elements/1.1" xmlns:dcterms="http://purl.org/dc/terms"><Work xmlns:dc="http://purl.org/dc/elements/1.1/" xmlns:dcterms="http://purl.org/dc/terms/" rdf:about=""><license rdf:resource="http://creativecommons.org/licenses/by/2.0"/><dc:type rdf:resource="http://purl.org/dc/dcmitype/Text"/><dc:author>
               Gouret
               Philippe
               
               Philippe.Gouret@up.univ-mrs.fr
            </dc:author><dc:title>
            FIGENIX: Intelligent automation of genomic annotation: expertise integration in a new software platform
         </dc:title><dc:date>2005</dc:date><dcterms:bibliographicCitation>BMC Bioinformatics 6(1): 198-. (2005)</dcterms:bibliographicCitation><dc:identifier type="sici">1471-2105(2005)6:1&#x0003c;198&#x0003e;</dc:identifier><dcterms:isPartOf>urn:ISSN:1471-2105</dcterms:isPartOf><License rdf:about="http://creativecommons.org/licenses/by/2.0"><permits rdf:resource="http://web.resource.org/cc/Reproduction" xmlns=""/><permits rdf:resource="http://web.resource.org/cc/Distribution" xmlns=""/><requires rdf:resource="http://web.resource.org/cc/Notice" xmlns=""/><requires rdf:resource="http://web.resource.org/cc/Attribution" xmlns=""/><permits rdf:resource="http://web.resource.org/cc/DerivativeWorks" xmlns=""/></License></Work></rdf>--></license></permissions><abstract><sec><title>Background</title><p>Two of the main objectives of the genomic and post-genomic era are to structurally and functionally annotate genomes which consists of detecting genes' position and structure, and inferring their function (as well as of other features of genomes). Structural and functional annotation both require the complex chaining of numerous different software, algorithms and methods under the supervision of a biologist. The automation of these pipelines is necessary to manage huge amounts of data released by sequencing projects. Several pipelines already automate some of these complex chaining but still necessitate an important contribution of biologists for supervising and controlling the results at various steps.</p></sec><sec><title>Results</title><p>Here we propose an innovative automated platform, FIGENIX, which includes an expert system capable to substitute to human expertise at several key steps. FIGENIX currently automates complex pipelines of structural and functional annotation under the supervision of the expert system (which allows for example to make key decisions, check intermediate results or refine the dataset). The quality of the results produced by FIGENIX is comparable to those obtained by expert biologists with a drastic gain in terms of time costs and avoidance of errors due to the human manipulation of data.</p></sec><sec><title>Conclusion</title><p>The core engine and expert system of the FIGENIX platform currently handle complex annotation processes of broad interest for the genomic community. They could be easily adapted to new, or more specialized pipelines, such as for example the annotation of miRNAs, the classification of complex multigenic families, annotation of regulatory elements and other genomic features of interest.</p></sec></abstract></article-meta></front></article>