<article xmlns="https://dtd.nlm.nih.gov/ns/archiving/2.3/" xmlns:xsi="http://www.w3.org/2001/XMLSchema-instance" xmlns:mml="http://www.w3.org/1998/Math/MathML" xmlns:xlink="http://www.w3.org/1999/xlink" xsi:schemaLocation="https://dtd.nlm.nih.gov/ns/archiving/2.3/ https://dtd.nlm.nih.gov/archiving/2.3/xsd/archivearticle.xsd" article-type="research-article"><front><journal-meta><journal-id journal-id-type="nlm-ta">BMC Bioinformatics</journal-id><journal-title>BMC Bioinformatics</journal-title><issn pub-type="epub">1471-2105</issn><publisher><publisher-name>BioMed Central</publisher-name><publisher-loc>London</publisher-loc></publisher></journal-meta><article-meta><article-id pub-id-type="accession">PMC1189081</article-id><article-id pub-id-type="pmcid">PMC1189081</article-id><article-id pub-id-type="pmc-uid">1189081</article-id><article-id pub-id-type="pmid">16018805</article-id><article-id pub-id-type="publisher-id">1471-2105-6-177</article-id><article-id pub-id-type="pmid">16018805</article-id><article-id pub-id-type="doi">10.1186/1471-2105-6-177</article-id><article-categories><subj-group subj-group-type="heading"><subject>Methodology Article</subject></subj-group></article-categories><title-group><article-title>Dissecting systems-wide data using mixture models: application to identify affected cellular processes</article-title></title-group><contrib-group><contrib id="A1" contrib-type="author"><name><surname>Svensson</surname><given-names>J Peter</given-names></name><xref ref-type="aff" rid="I1">1</xref><xref ref-type="aff" rid="I2">2</xref><email>p.svensson@lumc.nl</email></contrib><contrib id="A2" contrib-type="author"><name><surname>de Menezes</surname><given-names>Renée X</given-names></name><xref ref-type="aff" rid="I3">3</xref><email>r.x.menezes@lumc.nl</email></contrib><contrib id="A3" contrib-type="author"><name><surname>Turesson</surname><given-names>Ingela</given-names></name><xref ref-type="aff" rid="I2">2</xref><email>ingela.turesson@onkologi.uu.se</email></contrib><contrib id="A4" contrib-type="author"><name><surname>Giphart-Gassler</surname><given-names>Micheline</given-names></name><xref ref-type="aff" rid="I1">1</xref><email>m.giphart-gassler@lumc.nl</email></contrib><contrib id="A5" corresp="yes" contrib-type="author"><name><surname>Vrieling</surname><given-names>Harry</given-names></name><xref ref-type="aff" rid="I1">1</xref><email>h.vrieling@lumc.nl</email></contrib></contrib-group><aff id="I1"><label>1</label>Department of Toxicogenetics, Leiden University Medical Centre, P.O. Box 9503, 2300 RA Leiden, the Netherlands</aff><aff id="I2"><label>2</label>Department of Oncology, Radiology and Clinical Immunology, Academic Hospital, 751 85 Uppsala, Sweden</aff><aff id="I3"><label>3</label>Department of Medical Statistics, Leiden University Medical Centre, P.O. Box 9604, 2300 RA Leiden, the Netherlands</aff><pub-date pub-type="collection"><year>2005</year></pub-date><pub-date pub-type="epub"><day>14</day><month>7</month><year>2005</year></pub-date><volume>6</volume><fpage>177</fpage><lpage>177</lpage><ext-link ext-link-type="uri" xlink:href="http://www.biomedcentral.com/1471-2105/6/177"/><history><date date-type="received"><day>8</day><month>12</month><year>2004</year></date><date date-type="accepted"><day>14</day><month>7</month><year>2005</year></date></history><permissions><copyright-statement>Copyright © 2005 Svensson et al; licensee BioMed Central Ltd.</copyright-statement><copyright-year>2005</copyright-year><copyright-holder>Svensson et al; licensee BioMed Central Ltd.</copyright-holder><license license-type="open-access" xlink:href="http://creativecommons.org/licenses/by/2.0"><p>This is an Open Access article distributed under the terms of the Creative Commons Attribution License (<ext-link ext-link-type="uri" xlink:href="http://creativecommons.org/licenses/by/2.0"/>), which permits unrestricted use, distribution, and reproduction in any medium, provided the original work is properly cited.</p><!--<rdf xmlns="http://web.resource.org/cc/" xmlns:rdf="http://www.w3.org/1999/02/22-rdf-syntax-ns#" xmlns:dc="http://purl.org/dc/elements/1.1" xmlns:dcterms="http://purl.org/dc/terms"><Work xmlns:dc="http://purl.org/dc/elements/1.1/" xmlns:dcterms="http://purl.org/dc/terms/" rdf:about=""><license rdf:resource="http://creativecommons.org/licenses/by/2.0"/><dc:type rdf:resource="http://purl.org/dc/dcmitype/Text"/><dc:author>
               Svensson
               J Peter
               
               
               p.svensson@lumc.nl
            </dc:author><dc:title>
            Dissecting systems-wide data using mixture models: application to identify affected cellular processes
         </dc:title><dc:date>2005</dc:date><dcterms:bibliographicCitation>BMC Bioinformatics 6(1): 177-. (2005)</dcterms:bibliographicCitation><dc:identifier type="sici">1471-2105(2005)6:1&#x0003c;177&#x0003e;</dc:identifier><dcterms:isPartOf>urn:ISSN:1471-2105</dcterms:isPartOf><License rdf:about="http://creativecommons.org/licenses/by/2.0"><permits rdf:resource="http://web.resource.org/cc/Reproduction" xmlns=""/><permits rdf:resource="http://web.resource.org/cc/Distribution" xmlns=""/><requires rdf:resource="http://web.resource.org/cc/Notice" xmlns=""/><requires rdf:resource="http://web.resource.org/cc/Attribution" xmlns=""/><permits rdf:resource="http://web.resource.org/cc/DerivativeWorks" xmlns=""/></License></Work></rdf>--></license></permissions><abstract><sec><title>Background</title><p>Functional analysis of data from genome-scale experiments, such as microarrays, requires an extensive selection of differentially expressed genes. Under many conditions, the proportion of differentially expressed genes is considerable, making the selection criteria a balance between the inclusion of false positives and the exclusion of false negatives.</p></sec><sec><title>Results</title><p>We developed an analytical method to determine a <italic>p</italic>-value threshold from a microarray experiment that is dependent on the quality and design of the data set. To this aim, populations of <italic>p</italic>-values are modeled as mathematical functions in which the parameters to describe these functions are estimated in an unsupervised manner. The strength of the method is exemplified by its application to a published gene expression data set of sporadic and familial breast tumors with <italic>BRCA1 </italic>or <italic>BRCA2 </italic>mutations.</p></sec><sec><title>Conclusion</title><p>We present an objective and unsupervised way to set thresholds adapted to the quality and design of the experiment. The resulting mathematical description of the data sets of genome-scale experiments enables a probabilistic approach in systems biology.</p></sec></abstract></article-meta></front></article>