<article xmlns="https://dtd.nlm.nih.gov/ns/archiving/2.3/" xmlns:xsi="http://www.w3.org/2001/XMLSchema-instance" xmlns:mml="http://www.w3.org/1998/Math/MathML" xmlns:xlink="http://www.w3.org/1999/xlink" xsi:schemaLocation="https://dtd.nlm.nih.gov/ns/archiving/2.3/ https://dtd.nlm.nih.gov/archiving/2.3/xsd/archivearticle.xsd" article-type="research-article"><front><journal-meta><journal-id journal-id-type="nlm-ta">BMC Bioinformatics</journal-id><journal-title>BMC Bioinformatics</journal-title><issn pub-type="epub">1471-2105</issn><publisher><publisher-name>BioMed Central</publisher-name><publisher-loc>London</publisher-loc></publisher></journal-meta><article-meta><article-id pub-id-type="accession">PMC1149499</article-id><article-id pub-id-type="pmcid">PMC1149499</article-id><article-id pub-id-type="pmc-uid">1149499</article-id><article-id pub-id-type="pmid">15941476</article-id><article-id pub-id-type="publisher-id">1471-2105-6-141</article-id><article-id pub-id-type="pmid">15941476</article-id><article-id pub-id-type="doi">10.1186/1471-2105-6-141</article-id><article-categories><subj-group subj-group-type="heading"><subject>Commentary</subject></subj-group></article-categories><title-group><article-title>Chemistry in Bioinformatics</article-title></title-group><contrib-group><contrib equal-contrib="yes" contrib-type="author"><name><surname>Murray-Rust</surname><given-names>Peter</given-names></name><xref ref-type="aff" rid="I1">1</xref><email>pm286@cam.ac.uk</email></contrib><contrib equal-contrib="yes" contrib-type="author"><name><surname>Mitchell</surname><given-names>John BO</given-names></name><xref ref-type="aff" rid="I1">1</xref><email>jbom1@cam.ac.uk</email></contrib><contrib equal-contrib="yes" corresp="yes" contrib-type="author"><name><surname>Rzepa</surname><given-names>Henry S</given-names></name><xref ref-type="aff" rid="I2">2</xref><email>rzepa@ic.ac.uk</email></contrib></contrib-group><aff id="I1"><label>1</label>Unilever Centre for Molecular Science Informatics, Department of Chemistry, University of Cambridge, Lensfield Road, Cambridge. CB2 1EW, UK.</aff><aff id="I2"><label>2</label>Department of Chemistry, Imperial College London, SW7 2AY, UK.</aff><pub-date pub-type="collection"><year>2005</year></pub-date><pub-date pub-type="epub"><day>7</day><month>6</month><year>2005</year></pub-date><volume>6</volume><fpage>141</fpage><lpage>141</lpage><ext-link ext-link-type="uri" xlink:href="http://www.biomedcentral.com/1471-2105/6/141"/><history><date date-type="received"><day>11</day><month>5</month><year>2005</year></date><date date-type="accepted"><day>7</day><month>6</month><year>2005</year></date></history><copyright-statement>Copyright © 2005 Murray-Rust et al; licensee BioMed Central Ltd.</copyright-statement><license license-type="open-access" xlink:href="http://creativecommons.org/licenses/by/2.0"><p>This is an Open Access article distributed under the terms of the Creative Commons Attribution License (<ext-link ext-link-type="uri" xlink:href="http://creativecommons.org/licenses/by/2.0"/>), which permits unrestricted use, distribution, and reproduction in any medium, provided the original work is properly cited.</p></license><abstract><p>Chemical information is now seen as critical for most areas of life sciences. But unlike Bioinformatics, where data is openly available and freely re-usable, most chemical information is closed and cannot be re-distributed without permission. This has led to a failure to adopt modern informatics and software techniques and therefore paucity of chemistry in bioinformatics. New technology, however, offers the hope of making chemical data (compounds and properties) free during the authoring process. We argue that the technology is already available; we require a collective agreement to enhance publication protocols.</p></abstract></article-meta></front></article>