<article xmlns="https://dtd.nlm.nih.gov/ns/archiving/2.3/" xmlns:xsi="http://www.w3.org/2001/XMLSchema-instance" xmlns:mml="http://www.w3.org/1998/Math/MathML" xmlns:xlink="http://www.w3.org/1999/xlink" xsi:schemaLocation="https://dtd.nlm.nih.gov/ns/archiving/2.3/ https://dtd.nlm.nih.gov/archiving/2.3/xsd/archivearticle.xsd" article-type="research-article"><front><journal-meta><journal-id journal-id-type="nlm-ta">BMC Bioinformatics</journal-id><journal-title>BMC Bioinformatics</journal-title><issn pub-type="epub">1471-2105</issn><publisher><publisher-name>BioMed Central</publisher-name><publisher-loc>London</publisher-loc></publisher></journal-meta><article-meta><article-id pub-id-type="accession">PMC1188055</article-id><article-id pub-id-type="pmcid">PMC1188055</article-id><article-id pub-id-type="pmc-uid">1188055</article-id><article-id pub-id-type="pmid">16033657</article-id><article-id pub-id-type="publisher-id">1471-2105-6-184</article-id><article-id pub-id-type="pmid">16033657</article-id><article-id pub-id-type="doi">10.1186/1471-2105-6-184</article-id><article-categories><subj-group subj-group-type="heading"><subject>Methodology Article</subject></subj-group></article-categories><title-group><article-title>A computational approach for identifying pathogenicity islands in prokaryotic genomes</article-title></title-group><contrib-group><contrib id="A1" contrib-type="author"><name><surname>Yoon</surname><given-names>Sung Ho</given-names></name><xref ref-type="aff" rid="I1">1</xref><email>moncher@kribb.re.kr</email></contrib><contrib id="A2" contrib-type="author"><name><surname>Hur</surname><given-names>Cheol-Goo</given-names></name><xref ref-type="aff" rid="I1">1</xref><email>hurlee@kribb.re.kr</email></contrib><contrib id="A3" contrib-type="author"><name><surname>Kang</surname><given-names>Ho-Young</given-names></name><xref ref-type="aff" rid="I1">1</xref><email>kangho@kribb.re.kr</email></contrib><contrib id="A4" contrib-type="author"><name><surname>Kim</surname><given-names>Yeoun Hee</given-names></name><xref ref-type="aff" rid="I1">1</xref><email>kimyh75@kribb.re.kr</email></contrib><contrib id="A5" contrib-type="author"><name><surname>Oh</surname><given-names>Tae Kwang</given-names></name><xref ref-type="aff" rid="I2">2</xref><email>otk@kribb.re.kr</email></contrib><contrib id="A6" corresp="yes" contrib-type="author"><name><surname>Kim</surname><given-names>Jihyun F</given-names></name><xref ref-type="aff" rid="I1">1</xref><email>jfk@kribb.re.kr</email></contrib></contrib-group><aff id="I1"><label>1</label>Genome Research Center, Korea Research Institute of Bioscience and Biotechnology (KRIBB), 52 Oun-dong, Yuseong, Daejeon 305-333, Korea</aff><aff id="I2"><label>2</label>21C Frontier Microbial Genomics and Applications Center, KRIBB, 52 Oun-dong, Yuseong, Daejeon 305-333, Korea</aff><pub-date pub-type="collection"><year>2005</year></pub-date><pub-date pub-type="epub"><day>21</day><month>7</month><year>2005</year></pub-date><volume>6</volume><fpage>184</fpage><lpage>184</lpage><ext-link ext-link-type="uri" xlink:href="http://www.biomedcentral.com/1471-2105/6/184"/><history><date date-type="received"><day>16</day><month>5</month><year>2005</year></date><date date-type="accepted"><day>21</day><month>7</month><year>2005</year></date></history><permissions><copyright-statement>Copyright © 2005 Yoon et al; licensee BioMed Central Ltd.</copyright-statement><copyright-year>2005</copyright-year><copyright-holder>Yoon et al; licensee BioMed Central Ltd.</copyright-holder><license license-type="open-access" xlink:href="http://creativecommons.org/licenses/by/2.0"><p>This is an Open Access article distributed under the terms of the Creative Commons Attribution License (<ext-link ext-link-type="uri" xlink:href="http://creativecommons.org/licenses/by/2.0"/>), which permits unrestricted use, distribution, and reproduction in any medium, provided the original work is properly cited.</p><!--<rdf xmlns="http://web.resource.org/cc/" xmlns:rdf="http://www.w3.org/1999/02/22-rdf-syntax-ns#" xmlns:dc="http://purl.org/dc/elements/1.1" xmlns:dcterms="http://purl.org/dc/terms"><Work xmlns:dc="http://purl.org/dc/elements/1.1/" xmlns:dcterms="http://purl.org/dc/terms/" rdf:about=""><license rdf:resource="http://creativecommons.org/licenses/by/2.0"/><dc:type rdf:resource="http://purl.org/dc/dcmitype/Text"/><dc:author>
               Yoon
               Sung Ho
               
               moncher@kribb.re.kr
            </dc:author><dc:title>
            A computational approach for identifying pathogenicity islands in prokaryotic genomes
         </dc:title><dc:date>2005</dc:date><dcterms:bibliographicCitation>BMC Bioinformatics 6(1): 184-. (2005)</dcterms:bibliographicCitation><dc:identifier type="sici">1471-2105(2005)6:1&#x0003c;184&#x0003e;</dc:identifier><dcterms:isPartOf>urn:ISSN:1471-2105</dcterms:isPartOf><License rdf:about="http://creativecommons.org/licenses/by/2.0"><permits rdf:resource="http://web.resource.org/cc/Reproduction" xmlns=""/><permits rdf:resource="http://web.resource.org/cc/Distribution" xmlns=""/><requires rdf:resource="http://web.resource.org/cc/Notice" xmlns=""/><requires rdf:resource="http://web.resource.org/cc/Attribution" xmlns=""/><permits rdf:resource="http://web.resource.org/cc/DerivativeWorks" xmlns=""/></License></Work></rdf>--></license></permissions><abstract><sec><title>Background</title><p>Pathogenicity islands (PAIs), distinct genomic segments of pathogens encoding virulence factors, represent a subgroup of genomic islands (GIs) that have been acquired by horizontal gene transfer event. Up to now, computational approaches for identifying PAIs have been focused on the detection of genomic regions which only differ from the rest of the genome in their base composition and codon usage. These approaches often lead to the identification of genomic islands, rather than PAIs.</p></sec><sec><title>Results</title><p>We present a computational method for detecting potential PAIs in complete prokaryotic genomes by combining sequence similarities and abnormalities in genomic composition. We first collected 207 GenBank accessions containing either part or all of the reported PAI loci. In sequenced genomes, strips of PAI-homologs were defined based on the proximity of the homologs of genes in the same PAI accession. An algorithm reminiscent of sequence-assembly procedure was then devised to merge overlapping or adjacent genomic strips into a large genomic region. Among the defined genomic regions, PAI-like regions were identified by the presence of homolog(s) of virulence genes. Also, GIs were postulated by calculating G+C content anomalies and codon usage bias. Of 148 prokaryotic genomes examined, 23 pathogenic and 6 non-pathogenic bacteria contained 77 candidate PAIs that partly or entirely overlap GIs.</p></sec><sec><title>Conclusion</title><p>Supporting the validity of our method, included in the list of candidate PAIs were thirty four PAIs previously identified from genome sequencing papers. Furthermore, in some instances, our method was able to detect entire PAIs for those only partial sequences are available. Our method was proven to be an efficient method for demarcating the potential PAIs in our study. Also, the function(s) and origin(s) of a candidate PAI can be inferred by investigating the PAI queries comprising it. Identification and analysis of potential PAIs in prokaryotic genomes will broaden our knowledge on the structure and properties of PAIs and the evolution of bacterial pathogenesis.</p></sec></abstract></article-meta></front></article>