<article xmlns="https://dtd.nlm.nih.gov/ns/archiving/2.3/" xmlns:xsi="http://www.w3.org/2001/XMLSchema-instance" xmlns:mml="http://www.w3.org/1998/Math/MathML" xmlns:xlink="http://www.w3.org/1999/xlink" xsi:schemaLocation="https://dtd.nlm.nih.gov/ns/archiving/2.3/ https://dtd.nlm.nih.gov/archiving/2.3/xsd/archivearticle.xsd" article-type="product-review"><front><journal-meta><journal-id journal-id-type="nlm-ta">BMC Bioinformatics</journal-id><journal-title>BMC Bioinformatics</journal-title><issn pub-type="epub">1471-2105</issn><publisher><publisher-name>BioMed Central</publisher-name><publisher-loc>London</publisher-loc></publisher></journal-meta><article-meta><article-id pub-id-type="accession">PMC1187877</article-id><article-id pub-id-type="pmcid">PMC1187877</article-id><article-id pub-id-type="pmc-uid">1187877</article-id><article-id pub-id-type="pmid">16048644</article-id><article-id pub-id-type="publisher-id">1471-2105-6-192</article-id><article-id pub-id-type="pmid">16048644</article-id><article-id pub-id-type="doi">10.1186/1471-2105-6-192</article-id><article-categories><subj-group subj-group-type="heading"><subject>Software</subject></subj-group></article-categories><title-group><article-title>Storing, linking, and mining microarray databases using SRS</article-title></title-group><contrib-group><contrib id="A1" contrib-type="author"><name><surname>Veldhoven</surname><given-names>Antoine</given-names></name><xref ref-type="aff" rid="I1">1</xref><email>antoine@b2bdsl.nl</email></contrib><contrib id="A2" contrib-type="author"><name><surname>Lange</surname><given-names>Don de</given-names></name><xref ref-type="aff" rid="I1">1</xref><email>d.delange@erasmusmc.nl</email></contrib><contrib id="A3" contrib-type="author"><name><surname>Smid</surname><given-names>Marcel</given-names></name><xref ref-type="aff" rid="I2">2</xref><email>m.smid@erasmusmc.nl</email></contrib><contrib id="A4" contrib-type="author"><name><surname>de Jager</surname><given-names>Victor</given-names></name><xref ref-type="aff" rid="I3">3</xref><email>victor.de.jager@nbic.nl</email></contrib><contrib id="A5" contrib-type="author"><name><surname>Kors</surname><given-names>Jan A</given-names></name><xref ref-type="aff" rid="I4">4</xref><email>j.kors@erasmusmc.nl</email></contrib><contrib id="A6" corresp="yes" contrib-type="author"><name><surname>Jenster</surname><given-names>Guido</given-names></name><xref ref-type="aff" rid="I1">1</xref><email>g.jenster@erasmusmc.nl</email></contrib></contrib-group><aff id="I1"><label>1</label>Department of Urology, Josephine Nefkens Institute, Erasmus MC, P.O. Box 1738, 3000 DR Rotterdam, The Netherlands</aff><aff id="I2"><label>2</label>Medical Oncology, Erasmus MC, Rotterdam, The Netherlands</aff><aff id="I3"><label>3</label>Bioinformatics, Erasmus MC, Rotterdam, The Netherlands</aff><aff id="I4"><label>4</label>Medical Informatics, Erasmus MC, Rotterdam, The Netherlands</aff><pub-date pub-type="collection"><year>2005</year></pub-date><pub-date pub-type="epub"><day>27</day><month>7</month><year>2005</year></pub-date><volume>6</volume><fpage>192</fpage><lpage>192</lpage><ext-link ext-link-type="uri" xlink:href="http://www.biomedcentral.com/1471-2105/6/192"/><history><date date-type="received"><day>6</day><month>5</month><year>2005</year></date><date date-type="accepted"><day>27</day><month>7</month><year>2005</year></date></history><permissions><copyright-statement>Copyright © 2005 Veldhoven et al; licensee BioMed Central Ltd.</copyright-statement><copyright-year>2005</copyright-year><copyright-holder>Veldhoven et al; licensee BioMed Central Ltd.</copyright-holder><license license-type="open-access" xlink:href="http://creativecommons.org/licenses/by/2.0"><p>This is an Open Access article distributed under the terms of the Creative Commons Attribution License (<ext-link ext-link-type="uri" xlink:href="http://creativecommons.org/licenses/by/2.0"/>), which permits unrestricted use, distribution, and reproduction in any medium, provided the original work is properly cited.</p><!--<rdf xmlns="http://web.resource.org/cc/" xmlns:rdf="http://www.w3.org/1999/02/22-rdf-syntax-ns#" xmlns:dc="http://purl.org/dc/elements/1.1" xmlns:dcterms="http://purl.org/dc/terms"><Work xmlns:dc="http://purl.org/dc/elements/1.1/" xmlns:dcterms="http://purl.org/dc/terms/" rdf:about=""><license rdf:resource="http://creativecommons.org/licenses/by/2.0"/><dc:type rdf:resource="http://purl.org/dc/dcmitype/Text"/><dc:author>
               Veldhoven
               Antoine
               
               antoine@b2bdsl.nl
            </dc:author><dc:title>
            Storing, linking, and mining microarray databases using SRS
         </dc:title><dc:date>2005</dc:date><dcterms:bibliographicCitation>BMC Bioinformatics 6(1): 192-. (2005)</dcterms:bibliographicCitation><dc:identifier type="sici">1471-2105(2005)6:1&#x0003c;192&#x0003e;</dc:identifier><dcterms:isPartOf>urn:ISSN:1471-2105</dcterms:isPartOf><License rdf:about="http://creativecommons.org/licenses/by/2.0"><permits rdf:resource="http://web.resource.org/cc/Reproduction" xmlns=""/><permits rdf:resource="http://web.resource.org/cc/Distribution" xmlns=""/><requires rdf:resource="http://web.resource.org/cc/Notice" xmlns=""/><requires rdf:resource="http://web.resource.org/cc/Attribution" xmlns=""/><permits rdf:resource="http://web.resource.org/cc/DerivativeWorks" xmlns=""/></License></Work></rdf>--></license></permissions><abstract><sec><title>Background</title><p>SRS (Sequence Retrieval System) has proven to be a valuable platform for storing, linking, and querying biological databases. Due to the availability of a broad range of different scientific databases in SRS, it has become a useful platform to incorporate and mine microarray data to facilitate the analyses of biological questions and non-hypothesis driven quests. Here we report various solutions and tools for integrating and mining annotated expression data in SRS.</p></sec><sec><title>Results</title><p>We devised an Auto-Upload Tool by which microarray data can be automatically imported into SRS. The dataset can be linked to other databases and user access can be set. The linkage comprehensiveness of microarray platforms to other platforms and biological databases was examined in a network of scientific databases. The stored microarray data can also be made accessible to external programs for further processing. For example, we built an interface to a program called Venn Mapper, which collects its microarray data from SRS, processes the data by creating Venn diagrams, and saves the data for interpretation.</p></sec><sec><title>Conclusion</title><p>SRS is a useful database system to store, link and query various scientific datasets, including microarray data. The user-friendly Auto-Upload Tool makes SRS accessible to biologists for linking and mining user-owned databases.</p></sec></abstract></article-meta></front></article>