<article xmlns="https://jats.nlm.nih.gov/ns/archiving/1.2/" xmlns:xsi="http://www.w3.org/2001/XMLSchema-instance" xmlns:mml="http://www.w3.org/1998/Math/MathML" xmlns:xlink="http://www.w3.org/1999/xlink" xsi:schemaLocation="https://jats.nlm.nih.gov/ns/archiving/1.2/ https://jats.nlm.nih.gov/archiving/1.2/xsd/JATS-archivearticle1.xsd" article-type="research-article"><front><journal-meta><journal-id journal-id-type="nlm-ta">BMC Bioinformatics</journal-id><journal-title-group><journal-title>BMC Bioinformatics</journal-title></journal-title-group><issn pub-type="epub">1471-2105</issn><publisher><publisher-name>BioMed Central</publisher-name></publisher></journal-meta><article-meta><article-id pub-id-type="accession">PMC119856</article-id><article-id pub-id-type="pmcid">PMC119856</article-id><article-id pub-id-type="pmc-uid">119856</article-id><article-id pub-id-type="pmid">12150718</article-id><article-id pub-id-type="publisher-id">1471-2105-3-20</article-id><article-id pub-id-type="pmid">12150718</article-id><article-id pub-id-type="doi">10.1186/1471-2105-3-20</article-id><article-categories><subj-group subj-group-type="heading"><subject>Methodology article</subject></subj-group></article-categories><title-group><article-title>Kangaroo – A pattern-matching program for biological sequences</article-title></title-group><contrib-group><contrib contrib-type="author" id="A1"><name><surname>Betel</surname><given-names>Doron</given-names></name><xref ref-type="aff" rid="I1">1</xref><xref ref-type="aff" rid="I2">2</xref><email>betel@mshri.on.ca</email></contrib><contrib contrib-type="author" corresp="yes" id="A2"><name><surname>Hogue</surname><given-names>Christopher WV</given-names></name><xref ref-type="aff" rid="I1">1</xref><xref ref-type="aff" rid="I2">2</xref><email>hogue@mshri.on.ca</email></contrib></contrib-group><aff id="I1"><label>1</label>Department of Biochemistry, University of Toronto, Toronto, Ontario, M5S 1A8, Canada</aff><aff id="I2"><label>2</label>Samuel Lunenfeld Research Institute, Mount Sinai Hospital, 600 University Ave., Toronto, Ontario,  M5G 1X5, Canada</aff><pub-date pub-type="collection"><year>2002</year></pub-date><pub-date pub-type="epub"><day>31</day><month>7</month><year>2002</year></pub-date><volume>3</volume><fpage>20</fpage><lpage>20</lpage><history><date date-type="received"><day>5</day><month>7</month><year>2002</year></date><date date-type="accepted"><day>31</day><month>7</month><year>2002</year></date></history><permissions><copyright-statement>Copyright ©2002 Betel and Hogue; licensee BioMed Central Ltd. This is an Open Access article: verbatim copying and redistribution of this article are permitted in all media for any purpose, provided this notice is preserved along with the article's original URL.</copyright-statement><copyright-year>2002</copyright-year><copyright-holder>Betel and Hogue; licensee BioMed Central Ltd. This is an Open Access article: verbatim copying and redistribution of this article are permitted in all media for any purpose, provided this notice is preserved along with the article's original URL.</copyright-holder></permissions><self-uri xlink:href="http://www.biomedcentral.com/1471-2105/3/20"/><abstract><sec><title>Background</title><p>Biologists are often interested in performing a simple database search to identify proteins or genes that contain a well-defined sequence pattern. Many databases do not provide straightforward or readily available query tools to perform simple searches, such as identifying transcription binding sites, protein motifs, or repetitive DNA sequences. However, in many cases simple pattern-matching searches can reveal a wealth of information. We present in this paper a regular expression pattern-matching tool that was used to identify short repetitive DNA sequences in human coding regions for the purpose of identifying potential mutation sites in mismatch repair deficient cells.</p></sec><sec><title>Results</title><p>Kangaroo is a web-based regular expression pattern-matching program that can search for patterns in DNA, protein, or coding region sequences in ten different organisms. The program is implemented to facilitate a wide range of queries with no restriction on the length or complexity of the query expression. The program is accessible on the web at <ext-link ext-link-type="uri" xlink:href="http://bioinfo.mshri.on.ca/kangaroo/">http://bioinfo.mshri.on.ca/kangaroo/</ext-link> and the source code is freely distributed at <ext-link ext-link-type="uri" xlink:href="http://sourceforge.net/projects/slritools/">http://sourceforge.net/projects/slritools/</ext-link>.</p></sec><sec><title>Conclusion</title><p>A low-level simple pattern-matching application can prove to be a useful tool in many research settings. For example, Kangaroo was used to identify potential genetic targets in a human colorectal cancer variant that is characterized by a high frequency of mutations in coding regions containing mononucleotide repeats.</p></sec></abstract></article-meta></front></article>