<article xmlns="https://jats.nlm.nih.gov/ns/archiving/1.2/" xmlns:xsi="http://www.w3.org/2001/XMLSchema-instance" xmlns:mml="http://www.w3.org/1998/Math/MathML" xmlns:xlink="http://www.w3.org/1999/xlink" xsi:schemaLocation="https://jats.nlm.nih.gov/ns/archiving/1.2/ https://jats.nlm.nih.gov/archiving/1.2/xsd/JATS-archivearticle1.xsd" article-type="research-article"><front><journal-meta><journal-id journal-id-type="nlm-ta">BMC Bioinformatics</journal-id><journal-title-group><journal-title>BMC Bioinformatics</journal-title></journal-title-group><issn pub-type="epub">1471-2105</issn><publisher><publisher-name>BioMed Central</publisher-name></publisher></journal-meta><article-meta><article-id pub-id-type="accession">PMC129981</article-id><article-id pub-id-type="pmcid">PMC129981</article-id><article-id pub-id-type="pmc-uid">129981</article-id><article-id pub-id-type="pmid">12225620</article-id><article-id pub-id-type="publisher-id">1471-2105-3-25</article-id><article-id pub-id-type="pmid">12225620</article-id><article-id pub-id-type="doi">10.1186/1471-2105-3-25</article-id><article-categories><subj-group subj-group-type="heading"><subject>Research article</subject></subj-group></article-categories><title-group><article-title>Prediction of MHC class I binding peptides, using SVMHC</article-title></title-group><contrib-group><contrib contrib-type="author" id="A1"><name><surname>Dönnes</surname><given-names>Pierre</given-names></name><xref ref-type="aff" rid="I1">1</xref><email>pierre@bioinf.uni-sb.de</email></contrib><contrib contrib-type="author" corresp="yes" id="A2"><name><surname>Elofsson</surname><given-names>Arne</given-names></name><xref ref-type="aff" rid="I2">2</xref><email>arne@sbc.su.se</email></contrib></contrib-group><aff id="I1"><label>1</label>Center for Bioinformatics Saar, Saarland University, D-660 41 Saarbrücken, Germany</aff><aff id="I2"><label>2</label>Stockholm Bioinformatics Center, SCFAB, Stockholm University, SE-106 91 Stockholm, Sweden</aff><pub-date pub-type="collection"><year>2002</year></pub-date><pub-date pub-type="epub"><day>11</day><month>9</month><year>2002</year></pub-date><volume>3</volume><fpage>25</fpage><lpage>25</lpage><history><date date-type="received"><day>22</day><month>3</month><year>2002</year></date><date date-type="accepted"><day>11</day><month>9</month><year>2002</year></date></history><permissions><copyright-statement>Copyright ©2002 Dönnes and Elofsson; licensee BioMed Central Ltd. This is an Open Access article: verbatim copying and redistribution of this article are permitted in all media for any purpose, provided this notice is preserved along with the article's original URL.</copyright-statement><copyright-year>2002</copyright-year><copyright-holder>Dönnes and Elofsson; licensee BioMed Central Ltd. This is an Open Access article: verbatim copying and redistribution of this article are permitted in all media for any purpose, provided this notice is preserved along with the article's original URL.</copyright-holder></permissions><self-uri xlink:href="http://www.biomedcentral.com/1471-2105/3/25"/><abstract><sec><title>Background</title><p>T-cells are key players in regulating a specific immune response. Activation of cytotoxic T-cells requires recognition of specific peptides bound to Major Histocompatibility Complex (MHC) class I molecules. MHC-peptide complexes are potential tools for diagnosis and treatment of pathogens and cancer, as well as for the development of peptide vaccines. Only one in 100 to 200 potential binders actually binds to a certain MHC molecule, therefore a good prediction method for MHC class I binding peptides can reduce the number of candidate binders that need to be synthesized and tested.</p></sec><sec><title>Results</title><p>Here, we present a novel approach, SVMHC, based on support vector machines to predict the binding of peptides to MHC class I molecules. This method seems to perform slightly better than two profile based methods, SYFPEITHI and HLA_BIND. The implementation of SVMHC is quite simple and does not involve any manual steps, therefore as more data become available it is trivial to provide prediction for more MHC types. SVMHC currently contains prediction for 26 MHC class I types from the MHCPEP database or alternatively 6 MHC class I types from the higher quality SYFPEITHI database. The prediction models for these MHC types are implemented in a public web service available at <ext-link ext-link-type="uri" xlink:href="http://www.sbc.su.se/svmhc/">http://www.sbc.su.se/svmhc/</ext-link>.</p></sec><sec><title>Conclusions</title><p>Prediction of MHC class I binding peptides using Support Vector Machines, shows high performance and is easy to apply to a large number of MHC class I types. As more peptide data are put into MHC databases, SVMHC can easily be updated to give prediction for additional MHC class I types. We suggest that the number of binding peptides needed for SVM training is at least 20 sequences.</p></sec></abstract><kwd-group><kwd>MHC class I</kwd><kwd>Peptide prediction</kwd><kwd>Machine Learning</kwd><kwd>Support Vector Machines</kwd></kwd-group></article-meta></front></article>