<article xmlns="https://dtd.nlm.nih.gov/ns/archiving/2.3/" xmlns:xsi="http://www.w3.org/2001/XMLSchema-instance" xmlns:mml="http://www.w3.org/1998/Math/MathML" xmlns:xlink="http://www.w3.org/1999/xlink" xsi:schemaLocation="https://dtd.nlm.nih.gov/ns/archiving/2.3/ https://dtd.nlm.nih.gov/archiving/2.3/xsd/archivearticle.xsd" article-type="editorial"><front><journal-meta><journal-id journal-id-type="nlm-ta">BMC Bioinformatics</journal-id><journal-title>BMC Bioinformatics</journal-title><issn pub-type="epub">1471-2105</issn><publisher><publisher-name>BioMed Central</publisher-name><publisher-loc>London</publisher-loc></publisher></journal-meta><article-meta><article-id pub-id-type="accession">PMC1149498</article-id><article-id pub-id-type="pmcid">PMC1149498</article-id><article-id pub-id-type="pmc-uid">1149498</article-id><article-id pub-id-type="pmid">15941469</article-id><article-id pub-id-type="publisher-id">1471-2105-6-140</article-id><article-id pub-id-type="pmid">15941469</article-id><article-id pub-id-type="doi">10.1186/1471-2105-6-140</article-id><article-categories><subj-group subj-group-type="heading"><subject>Editorial</subject></subj-group></article-categories><title-group><article-title>BMC Bioinformatics comes of age </article-title></title-group><contrib-group><contrib corresp="yes" contrib-type="author"><name><surname>Cockerill</surname><given-names>Matthew J</given-names></name><xref ref-type="aff" rid="I1">1</xref><email>matt@biomedcentral.com</email></contrib></contrib-group><aff id="I1"><label>1</label>Director of Operations, BioMed Central Ltd, Middlesex House, 34-42 Cleveland Street, London, W1T 4LB, UK</aff><pub-date pub-type="collection"><year>2005</year></pub-date><pub-date pub-type="epub"><day>7</day><month>6</month><year>2005</year></pub-date><volume>6</volume><fpage>140</fpage><lpage>140</lpage><ext-link ext-link-type="uri" xlink:href="http://www.biomedcentral.com/1471-2105/6/140"/><history><date date-type="received"><day>26</day><month>5</month><year>2005</year></date><date date-type="accepted"><day>7</day><month>6</month><year>2005</year></date></history><copyright-statement>Copyright © 2005 Cockerill; licensee BioMed Central Ltd.</copyright-statement><license license-type="open-access" xlink:href="http://creativecommons.org/licenses/by/2.0"><p>This is an Open Access article distributed under the terms of the Creative Commons Attribution License (<ext-link ext-link-type="uri" xlink:href="http://creativecommons.org/licenses/by/2.0"/>), which permits unrestricted use, distribution, and reproduction in any medium, provided the original work is properly cited.</p></license></article-meta></front></article>