<article xmlns="https://dtd.nlm.nih.gov/ns/archiving/2.3/" xmlns:xsi="http://www.w3.org/2001/XMLSchema-instance" xmlns:mml="http://www.w3.org/1998/Math/MathML" xmlns:xlink="http://www.w3.org/1999/xlink" xsi:schemaLocation="https://dtd.nlm.nih.gov/ns/archiving/2.3/ https://dtd.nlm.nih.gov/archiving/2.3/xsd/archivearticle.xsd" article-type="correction"><front><journal-meta><journal-id journal-id-type="nlm-ta">BMC Bioinformatics</journal-id><journal-title>BMC Bioinformatics</journal-title><issn pub-type="epub">1471-2105</issn><publisher><publisher-name>BioMed Central</publisher-name><publisher-loc>London</publisher-loc></publisher></journal-meta><article-meta><article-id pub-id-type="accession">PMC1187878</article-id><article-id pub-id-type="pmcid">PMC1187878</article-id><article-id pub-id-type="pmc-uid">1187878</article-id><article-id pub-id-type="publisher-id">1471-2105-6-193</article-id><article-id pub-id-type="doi">10.1186/1471-2105-6-193</article-id><article-categories><subj-group subj-group-type="heading"><subject>Correction</subject></subj-group></article-categories><title-group><article-title>An empirical analysis of training protocols for probabilistic gene finders</article-title></title-group><contrib-group><contrib id="A1" corresp="yes" contrib-type="author"><name><surname>Majoros</surname><given-names>William H</given-names></name><xref ref-type="aff" rid="I1">1</xref><email>william.majoros@duke.edu</email></contrib><contrib id="A2" contrib-type="author"><name><surname>Salzberg</surname><given-names>Steven L</given-names></name><xref ref-type="aff" rid="I1">1</xref><email>salzberg@umiacs.umd.edu</email></contrib></contrib-group><aff id="I1"><label>1</label>The Institute for Genomic Research, 9712 Medical Center Drive, Rockville, MD 20850, USA</aff><pub-date pub-type="collection"><year>2005</year></pub-date><pub-date pub-type="epub"><day>1</day><month>8</month><year>2005</year></pub-date><volume>6</volume><fpage>193</fpage><lpage>193</lpage><ext-link ext-link-type="uri" xlink:href="http://www.biomedcentral.com/1471-2105/6/193"/><history><date date-type="received"><day>1</day><month>8</month><year>2005</year></date><date date-type="accepted"><day>1</day><month>8</month><year>2005</year></date></history><permissions><copyright-statement>Copyright © 2005 Majoros and Salzberg; licensee BioMed Central Ltd.</copyright-statement><copyright-year>2005</copyright-year><copyright-holder>Majoros and Salzberg; licensee BioMed Central Ltd.</copyright-holder><license license-type="open-access" xlink:href="http://creativecommons.org/licenses/by/2.0"><p>This is an Open Access article distributed under the terms of the Creative Commons Attribution License (<ext-link ext-link-type="uri" xlink:href="http://creativecommons.org/licenses/by/2.0"/>), which permits unrestricted use, distribution, and reproduction in any medium, provided the original work is properly cited.</p><!--<rdf xmlns="http://web.resource.org/cc/" xmlns:rdf="http://www.w3.org/1999/02/22-rdf-syntax-ns#" xmlns:dc="http://purl.org/dc/elements/1.1" xmlns:dcterms="http://purl.org/dc/terms"><Work xmlns:dc="http://purl.org/dc/elements/1.1/" xmlns:dcterms="http://purl.org/dc/terms/" rdf:about=""><license rdf:resource="http://creativecommons.org/licenses/by/2.0"/><dc:type rdf:resource="http://purl.org/dc/dcmitype/Text"/><dc:author>
               Majoros
               H
               William
               
               william.majoros@duke.edu
            </dc:author><dc:title>
            An empirical analysis of training protocols for probabilistic gene finders
         </dc:title><dc:date>2005</dc:date><dcterms:bibliographicCitation>BMC Bioinformatics 6(1): 193-. (2005)</dcterms:bibliographicCitation><dc:identifier type="sici">1471-2105(2005)6:1&#x0003c;193&#x0003e;</dc:identifier><dcterms:isPartOf>urn:ISSN:1471-2105</dcterms:isPartOf><License rdf:about="http://creativecommons.org/licenses/by/2.0"><permits rdf:resource="http://web.resource.org/cc/Reproduction" xmlns=""/><permits rdf:resource="http://web.resource.org/cc/Distribution" xmlns=""/><requires rdf:resource="http://web.resource.org/cc/Notice" xmlns=""/><requires rdf:resource="http://web.resource.org/cc/Attribution" xmlns=""/><permits rdf:resource="http://web.resource.org/cc/DerivativeWorks" xmlns=""/></License></Work></rdf>--></license></permissions><related-article related-article-type="corrected-article" vol="5" page="206" id="N0x98c8a90N0x9a3fb00" xlink:href="15613242" ext-link-type="pubmed"/></article-meta></front></article>