<article xmlns="https://jats.nlm.nih.gov/ns/archiving/1.2/" xmlns:xsi="http://www.w3.org/2001/XMLSchema-instance" xmlns:mml="http://www.w3.org/1998/Math/MathML" xmlns:xlink="http://www.w3.org/1999/xlink" xsi:schemaLocation="https://jats.nlm.nih.gov/ns/archiving/1.2/ https://jats.nlm.nih.gov/archiving/1.2/xsd/JATS-archivearticle1.xsd" article-type="correction"><front><journal-meta><journal-id journal-id-type="nlm-ta">BMC Bioinformatics</journal-id><journal-title-group><journal-title>BMC Bioinformatics</journal-title></journal-title-group><issn pub-type="epub">1471-2105</issn><publisher><publisher-name>BioMed Central</publisher-name></publisher></journal-meta><article-meta><article-id pub-id-type="accession">PMC116672</article-id><article-id pub-id-type="pmcid">PMC116672</article-id><article-id pub-id-type="pmc-uid">116672</article-id><article-id pub-id-type="publisher-id">1471-2105-3-15</article-id><article-id pub-id-type="doi">10.1186/1471-2105-3-15</article-id><article-categories><subj-group subj-group-type="heading"><subject>Correction</subject></subj-group></article-categories><title-group><article-title>The Comparative RNA Web (CRW) Site: an online database of comparative sequence and structure information for ribosomal, intron, and other RNAs: Correction</article-title></title-group><contrib-group><contrib contrib-type="author" corresp="yes" id="A1"><name><surname>Cannone</surname><given-names>Jamie J</given-names></name><xref ref-type="aff" rid="I1">1</xref><email>cannone@mail.utexas.edu</email></contrib><contrib contrib-type="author" id="A2"><name><surname>Subramanian</surname><given-names>Sankar</given-names></name><xref ref-type="aff" rid="I1">1</xref><xref ref-type="aff" rid="I2">2</xref><email>sankar@asu.edu</email></contrib><contrib contrib-type="author" id="A3"><name><surname>Schnare</surname><given-names>Murray N</given-names></name><xref ref-type="aff" rid="I3">3</xref><email>mschnare@rsu.biochem.dal.ca</email></contrib><contrib contrib-type="author" id="A4"><name><surname>Collett</surname><given-names>James R</given-names></name><xref ref-type="aff" rid="I1">1</xref><email>colletj@ccwf.cc.utexas.edu</email></contrib><contrib contrib-type="author" id="A5"><name><surname>D'Souza</surname><given-names>Lisa M</given-names></name><xref ref-type="aff" rid="I1">1</xref><email>lisadsouza@mail.utexas.edu</email></contrib><contrib contrib-type="author" id="A6"><name><surname>Du</surname><given-names>Yushi</given-names></name><xref ref-type="aff" rid="I1">1</xref><email>ysdu@cs.utexas.edu</email></contrib><contrib contrib-type="author" id="A7"><name><surname>Feng</surname><given-names>Brian</given-names></name><xref ref-type="aff" rid="I1">1</xref><email>bfeng@mail.utexas.edu</email></contrib><contrib contrib-type="author" id="A8"><name><surname>Lin</surname><given-names>Nan</given-names></name><xref ref-type="aff" rid="I1">1</xref><email>nanlinemail@yahoo.com</email></contrib><contrib contrib-type="author" id="A9"><name><surname>Madabusi</surname><given-names>Lakshmi V</given-names></name><xref ref-type="aff" rid="I1">1</xref><xref ref-type="aff" rid="I4">4</xref><email>lmadabusi@ambion.com</email></contrib><contrib contrib-type="author" id="A10"><name><surname>Müller</surname><given-names>Kirsten M</given-names></name><xref ref-type="aff" rid="I1">1</xref><xref ref-type="aff" rid="I5">5</xref><email>kmmuller@sciborg.uwaterloo.ca</email></contrib><contrib contrib-type="author" id="A11"><name><surname>Pande</surname><given-names>Nupur</given-names></name><xref ref-type="aff" rid="I1">1</xref><email>nupur@mail.utexas.edu</email></contrib><contrib contrib-type="author" id="A12"><name><surname>Shang</surname><given-names>Zhidi</given-names></name><xref ref-type="aff" rid="I1">1</xref><email>shangzd2001@yahoo.com</email></contrib><contrib contrib-type="author" id="A13"><name><surname>Yu</surname><given-names>Nan</given-names></name><xref ref-type="aff" rid="I1">1</xref><email>nanyu@mail.utexas.edu</email></contrib><contrib contrib-type="author" id="A14"><name><surname>Gutell</surname><given-names>Robin R</given-names></name><xref ref-type="aff" rid="I1">1</xref><email>rgutell@pundit.icmb.utexas.edu</email></contrib></contrib-group><aff id="I1"><label>1</label>Institute for Cellular and Molecular Biology, Section of Integrative Biology, University of Texas at Austin, 2500 Speedway, Austin, TX 78712-1095, USA</aff><aff id="I2"><label>2</label>Department of Biology, Arizona State University, Tempe, AZ 85287-1501, USA</aff><aff id="I3"><label>3</label>Department of Biochemistry and Molecular Biology, Dalhousie University, Halifax, Nova Scotia B3H 4H7, Canada</aff><aff id="I4"><label>4</label>Ambion, Inc., Austin, TX 78744-1832, USA</aff><aff id="I5"><label>5</label>Department of Biology, University of Waterloo, Waterloo, Ontario N2L 3G1, Canada</aff><pub-date pub-type="collection"><year>2002</year></pub-date><pub-date pub-type="epub"><day>31</day><month>5</month><year>2002</year></pub-date><volume>3</volume><fpage>15</fpage><lpage>15</lpage><history><date date-type="received"><day>31</day><month>5</month><year>2002</year></date><date date-type="accepted"><day>31</day><month>5</month><year>2002</year></date></history><permissions><copyright-statement>Copyright ©2002 Cannone et al; licensee BioMed Central Ltd. This is an Open Access article: verbatim copying and redistribution of this article are permitted in all media for any purpose, provided this notice is preserved along with the article's original URL.</copyright-statement><copyright-year>2002</copyright-year><copyright-holder>Cannone et al; licensee BioMed Central Ltd. This is an Open Access article: verbatim copying and redistribution of this article are permitted in all media for any purpose, provided this notice is preserved along with the article's original URL.</copyright-holder></permissions><self-uri xlink:href="http://www.biomedcentral.com/1471-2105/3/15"/><related-article related-article-type="corrected-article" vol="3" page="2" id="d31e6" xlink:href="11869452" ext-link-type="pubmed"/></article-meta></front></article>