<article xmlns="https://jats.nlm.nih.gov/ns/archiving/1.2/" xmlns:xsi="http://www.w3.org/2001/XMLSchema-instance" xmlns:mml="http://www.w3.org/1998/Math/MathML" xmlns:xlink="http://www.w3.org/1999/xlink" xsi:schemaLocation="https://jats.nlm.nih.gov/ns/archiving/1.2/ https://jats.nlm.nih.gov/archiving/1.2/xsd/JATS-archivearticle1.xsd" article-type="research-article"><front><journal-meta><journal-id journal-id-type="nlm-ta">BMC Bioinformatics</journal-id><journal-title-group><journal-title>BMC Bioinformatics</journal-title></journal-title-group><issn pub-type="epub">1471-2105</issn><publisher><publisher-name>BioMed Central</publisher-name></publisher></journal-meta><article-meta><article-id pub-id-type="accession">PMC130177</article-id><article-id pub-id-type="pmcid">PMC130177</article-id><article-id pub-id-type="pmc-uid">130177</article-id><article-id pub-id-type="pmid">12366869</article-id><article-id pub-id-type="publisher-id">1471-2105-3-27</article-id><article-id pub-id-type="pmid">12366869</article-id><article-id pub-id-type="doi">10.1186/1471-2105-3-27</article-id><article-categories><subj-group subj-group-type="heading"><subject>Methodology article</subject></subj-group></article-categories><title-group><article-title>Oliz, a suite of Perl scripts that assist in the design of microarrays using 50mer oligonucleotides from the 3' untranslated region</article-title></title-group><contrib-group><contrib contrib-type="author" corresp="yes" id="A1"><name><surname>Chen</surname><given-names>Hao</given-names></name><xref ref-type="aff" rid="I1">1</xref><email>hchen@utmem.edu</email></contrib><contrib contrib-type="author" corresp="yes" id="A2"><name><surname>Sharp</surname><given-names>Burt M</given-names></name><xref ref-type="aff" rid="I1">1</xref><email>bsharp@utmem.edu</email></contrib></contrib-group><aff id="I1"><label>1</label>Department of Pharmacology, University of Tennessee Health Science Center, Memphis, TN 38163 USA</aff><pub-date pub-type="collection"><year>2002</year></pub-date><pub-date pub-type="epub"><day>6</day><month>10</month><year>2002</year></pub-date><volume>3</volume><fpage>27</fpage><lpage>27</lpage><history><date date-type="received"><day>7</day><month>4</month><year>2002</year></date><date date-type="accepted"><day>6</day><month>10</month><year>2002</year></date></history><permissions><copyright-statement>Copyright ©2002 Chen and Sharp; licensee BioMed Central Ltd. This is an Open Access article: verbatim copying and redistribution of this article are permitted in all media for any purpose, provided this notice is preserved along with the article's original URL.</copyright-statement><copyright-year>2002</copyright-year><copyright-holder>Chen and Sharp; licensee BioMed Central Ltd. This is an Open Access article: verbatim copying and redistribution of this article are permitted in all media for any purpose, provided this notice is preserved along with the article's original URL.</copyright-holder></permissions><self-uri xlink:href="http://www.biomedcentral.com/1471-2105/3/27"/><abstract><sec><title>Background</title><p>Identifying reliable oligonucleotide sequences for use in microarray experiments is a complex process. Two key issues are the accuracy of the input sequences and the specificity of the oligonucleotide sequences.</p></sec><sec><title>Results</title><p>We provide a suite of Perl scripts that facilitates the search for gene-specific oligonucleotides for microarray experiments. Genes of interest are first identified in the form of UniGene clusters. The sequences of these clusters were extracted and assembled into contigs to increase their accuracy. The 3' untranslated region (3'UTR) of the contig was parsed. Then, multiple 50mer oligonucleotide sequences with similar melting temperature were obtained from each 3'UTR. These sequences were analyzed for gene specificity. Five Cy3-labeled cDNAs were used to empirically verify the specificity of a set of 1814 50mers.</p></sec><sec><title>Conclusion</title><p>Oliz can be used to select oligonucleotide sequences for microarrays. Oliz is freely available for academic users at <ext-link ext-link-type="uri" xlink:href="http://www.utmem.edu/pharmacology/otherlinks/oliz.html">http://www.utmem.edu/pharmacology/otherlinks/oliz.html</ext-link></p></sec></abstract><kwd-group><kwd>oligonucleotide microarray</kwd><kwd>Perl</kwd><kwd>UniGene</kwd></kwd-group></article-meta></front></article>