<article xmlns="https://dtd.nlm.nih.gov/ns/archiving/2.3/" xmlns:xsi="http://www.w3.org/2001/XMLSchema-instance" xmlns:mml="http://www.w3.org/1998/Math/MathML" xmlns:xlink="http://www.w3.org/1999/xlink" xsi:schemaLocation="https://dtd.nlm.nih.gov/ns/archiving/2.3/ https://dtd.nlm.nih.gov/archiving/2.3/xsd/archivearticle.xsd" article-type="research-article"><front><journal-meta><journal-id journal-id-type="nlm-ta">BMC Bioinformatics</journal-id><journal-title>BMC Bioinformatics</journal-title><issn pub-type="epub">1471-2105</issn><publisher><publisher-name>BioMed Central</publisher-name><publisher-loc>London</publisher-loc></publisher></journal-meta><article-meta><article-id pub-id-type="accession">PMC1090555</article-id><article-id pub-id-type="pmcid">PMC1090555</article-id><article-id pub-id-type="pmc-uid">1090555</article-id><article-id pub-id-type="pmid">15817129</article-id><article-id pub-id-type="publisher-id">1471-2105-6-88</article-id><article-id pub-id-type="pmid">15817129</article-id><article-id pub-id-type="doi">10.1186/1471-2105-6-88</article-id><article-categories><subj-group subj-group-type="heading"><subject>Methodology Article</subject></subj-group></article-categories><title-group><article-title>Building a protein name dictionary from full text: a machine learning term extraction approach</article-title></title-group><contrib-group><contrib id="A1" contrib-type="author"><name><surname>Shi</surname><given-names>Lei</given-names></name><xref ref-type="aff" rid="I1">1</xref><email>les2007@med.cornell.edu</email></contrib><contrib id="A2" corresp="yes" contrib-type="author"><name><surname>Campagne</surname><given-names>Fabien</given-names></name><xref ref-type="aff" rid="I1">1</xref><email>fac2003@med.cornell.edu</email></contrib></contrib-group><aff id="I1"><label>1</label>Institute for Computational Biomedicine and Dept. of Physiology and Biophysics, Weill Cornell Medical College; 1300 York Ave; New York, NY 10021, USA</aff><pub-date pub-type="collection"><year>2005</year></pub-date><pub-date pub-type="epub"><day>7</day><month>4</month><year>2005</year></pub-date><volume>6</volume><fpage>88</fpage><lpage>88</lpage><ext-link ext-link-type="uri" xlink:href="http://www.biomedcentral.com/1471-2105/6/88"/><history><date date-type="received"><day>1</day><month>2</month><year>2005</year></date><date date-type="accepted"><day>7</day><month>4</month><year>2005</year></date></history><copyright-statement>Copyright © 2005 Shi and Campagne; licensee BioMed Central Ltd.</copyright-statement><license license-type="open-access" xlink:href="http://creativecommons.org/licenses/by/2.0"><p>This is an Open Access article distributed under the terms of the Creative Commons Attribution License (<ext-link ext-link-type="uri" xlink:href="http://creativecommons.org/licenses/by/2.0"/>), which permits unrestricted use, distribution, and reproduction in any medium, provided the original work is properly cited.</p></license><abstract><sec><title>Background</title><p>The majority of information in the biological literature resides in full text articles, instead of abstracts. Yet, abstracts remain the focus of many publicly available literature data mining tools. Most literature mining tools rely on pre-existing lexicons of biological names, often extracted from curated gene or protein databases. This is a limitation, because such databases have low coverage of the many name variants which are used to refer to biological entities in the literature.</p></sec><sec><title>Results</title><p>We present an approach to recognize named entities in full text. The approach collects high frequency terms in an article, and uses support vector machines (SVM) to identify biological entity names. It is also computationally efficient and robust to noise commonly found in full text material. We use the method to create a protein name dictionary from a set of 80,528 full text articles. Only 8.3% of the names in this dictionary match SwissProt description lines. We assess the quality of the dictionary by studying its protein name recognition performance in full text.</p></sec><sec><title>Conclusion</title><p>This dictionary term lookup method compares favourably to other published methods, supporting the significance of our direct extraction approach. The method is strong in recognizing name variants not found in SwissProt.</p></sec></abstract></article-meta></front></article>