<article xmlns="https://dtd.nlm.nih.gov/ns/archiving/2.3/" xmlns:xsi="http://www.w3.org/2001/XMLSchema-instance" xmlns:mml="http://www.w3.org/1998/Math/MathML" xmlns:xlink="http://www.w3.org/1999/xlink" xsi:schemaLocation="https://dtd.nlm.nih.gov/ns/archiving/2.3/ https://dtd.nlm.nih.gov/archiving/2.3/xsd/archivearticle.xsd" article-type="research-article"><front><journal-meta><journal-id journal-id-type="nlm-ta">BMC Bioinformatics</journal-id><journal-title>BMC Bioinformatics</journal-title><issn pub-type="epub">1471-2105</issn><publisher><publisher-name>BioMed Central</publisher-name><publisher-loc>London</publisher-loc></publisher></journal-meta><article-meta><article-id pub-id-type="accession">PMC1173088</article-id><article-id pub-id-type="pmcid">PMC1173088</article-id><article-id pub-id-type="pmc-uid">1173088</article-id><article-id pub-id-type="pmid">15927081</article-id><article-id pub-id-type="publisher-id">1471-2105-6-134</article-id><article-id pub-id-type="pmid">15927081</article-id><article-id pub-id-type="doi">10.1186/1471-2105-6-134</article-id><article-categories><subj-group subj-group-type="heading"><subject>Research Article</subject></subj-group></article-categories><title-group><article-title>Empirical codon substitution matrix</article-title></title-group><contrib-group><contrib id="A1" contrib-type="author"><name><surname>Schneider</surname><given-names>Adrian</given-names></name><xref ref-type="aff" rid="I1">1</xref><email>schneadr@inf.ethz.ch</email></contrib><contrib id="A2" corresp="yes" contrib-type="author"><name><surname>Cannarozzi</surname><given-names>Gina M</given-names></name><xref ref-type="aff" rid="I1">1</xref><email>cgina@inf.ethz.ch</email></contrib><contrib id="A3" contrib-type="author"><name><surname>Gonnet</surname><given-names>Gaston H</given-names></name><xref ref-type="aff" rid="I1">1</xref><email>gonnet@inf.ethz.ch</email></contrib></contrib-group><aff id="I1"><label>1</label>Institute of Computational Science, Swiss Federal Institute of Technology, Zurich, Switzerland</aff><pub-date pub-type="collection"><year>2005</year></pub-date><pub-date pub-type="epub"><day>1</day><month>6</month><year>2005</year></pub-date><volume>6</volume><fpage>134</fpage><lpage>134</lpage><ext-link ext-link-type="uri" xlink:href="http://www.biomedcentral.com/1471-2105/6/134"/><history><date date-type="received"><day>20</day><month>1</month><year>2005</year></date><date date-type="accepted"><day>1</day><month>6</month><year>2005</year></date></history><copyright-statement>Copyright © 2005 Schneider et al; licensee BioMed Central Ltd.</copyright-statement><license license-type="open-access" xlink:href="http://creativecommons.org/licenses/by/2.0"><p>This is an Open Access article distributed under the terms of the Creative Commons Attribution License (<ext-link ext-link-type="uri" xlink:href="http://creativecommons.org/licenses/by/2.0"/>), which permits unrestricted use, distribution, and reproduction in any medium, provided the original work is properly cited.</p></license><abstract><sec><title>Background</title><p>Codon substitution probabilities are used in many types of molecular evolution studies such as determining Ka/Ks ratios, creating ancestral DNA sequences or aligning coding DNA. Until the recent dramatic increase in genomic data enabled construction of empirical matrices, researchers relied on parameterized models of codon evolution. Here we present the first empirical codon substitution matrix entirely built from alignments of coding sequences from vertebrate DNA and thus provide an alternative to parameterized models of codon evolution.</p></sec><sec><title>Results</title><p>A set of 17,502 alignments of orthologous sequences from five vertebrate genomes yielded 8.3 million aligned codons from which the number of substitutions between codons were counted. From this data, both a probability matrix and a matrix of similarity scores were computed. They are 64 × 64 matrices describing the substitutions between all codons. Substitutions from sense codons to stop codons are not considered, resulting in block diagonal matrices consisting of 61 × 61 entries for the sense codons and 3 × 3 entries for the stop codons.</p></sec><sec><title>Conclusion</title><p>The amount of genomic data currently available allowed for the construction of an empirical codon substitution matrix. However, more sequence data is still needed to construct matrices from different subsets of DNA, specific to kingdoms, evolutionary distance or different amount of synonymous change. Codon mutation matrices have advantages for alignments up to medium evolutionary distances and for usages that require DNA such as ancestral reconstruction of DNA sequences and the calculation of Ka/Ks ratios.</p></sec></abstract></article-meta></front></article>