<article xmlns="https://dtd.nlm.nih.gov/ns/archiving/2.3/" xmlns:xsi="http://www.w3.org/2001/XMLSchema-instance" xmlns:mml="http://www.w3.org/1998/Math/MathML" xmlns:xlink="http://www.w3.org/1999/xlink" xsi:schemaLocation="https://dtd.nlm.nih.gov/ns/archiving/2.3/ https://dtd.nlm.nih.gov/archiving/2.3/xsd/archivearticle.xsd" article-type="research-article"><front><journal-meta><journal-id journal-id-type="nlm-ta">BMC Bioinformatics</journal-id><journal-title>BMC Bioinformatics</journal-title><issn pub-type="epub">1471-2105</issn><publisher><publisher-name>BioMed Central</publisher-name><publisher-loc>London</publisher-loc></publisher></journal-meta><article-meta><article-id pub-id-type="accession">PMC1181805</article-id><article-id pub-id-type="pmcid">PMC1181805</article-id><article-id pub-id-type="pmc-uid">1181805</article-id><article-id pub-id-type="pmid">15949044</article-id><article-id pub-id-type="publisher-id">1471-2105-6-145</article-id><article-id pub-id-type="pmid">15949044</article-id><article-id pub-id-type="doi">10.1186/1471-2105-6-145</article-id><article-categories><subj-group subj-group-type="heading"><subject>Database</subject></subj-group></article-categories><title-group><article-title>Satellog: A database for the identification and prioritization of satellite repeats in disease association studies</article-title></title-group><contrib-group><contrib id="A1" corresp="yes" contrib-type="author"><name><surname>Missirlis</surname><given-names>Perseus I</given-names></name><xref ref-type="aff" rid="I1">1</xref><email>perseusm@bcgsc.ca</email></contrib><contrib id="A2" contrib-type="author"><name><surname>Mead</surname><given-names>Carri-Lyn R</given-names></name><xref ref-type="aff" rid="I1">1</xref><email>cmead@bcgsc.ca</email></contrib><contrib id="A3" contrib-type="author"><name><surname>Butland</surname><given-names>Stefanie L</given-names></name><xref ref-type="aff" rid="I2">2</xref><email>butland@bioinformatics.ubc.ca</email></contrib><contrib id="A4" contrib-type="author"><name><surname>Ouellette</surname><given-names>BF Francis</given-names></name><xref ref-type="aff" rid="I2">2</xref><email>francis@bioinformatics.ubc.ca</email></contrib><contrib id="A5" contrib-type="author"><name><surname>Devon</surname><given-names>Rebecca S</given-names></name><xref ref-type="aff" rid="I3">3</xref><email>Rebecca.Devon@ed.ac.uk</email></contrib><contrib id="A6" contrib-type="author"><name><surname>Leavitt</surname><given-names>Blair R</given-names></name><xref ref-type="aff" rid="I3">3</xref><email>bleavitt@cmmt.ubc.ca</email></contrib><contrib id="A7" contrib-type="author"><name><surname>Holt</surname><given-names>Robert A</given-names></name><xref ref-type="aff" rid="I1">1</xref><xref ref-type="aff" rid="I4">4</xref><email>rholt@bcgsc.ca</email></contrib></contrib-group><aff id="I1"><label>1</label>Genome Sciences Centre, BC Cancer Agency, Suite 100, 570 West 7th Ave, Vancouver, BC, V5Z 4S6, Canada</aff><aff id="I2"><label>2</label>UBC Bioinformatics Centre, University of British Columbia, 950 West 28th Ave, Vancouver, BC V5Z 4H4, Canada</aff><aff id="I3"><label>3</label>Centre for Molecular Medicine and Therapeutics, University of British Columbia, 950 West 28th Avenue, Vancouver, B.C., V5Z 4H4, Canada</aff><aff id="I4"><label>4</label>Department of Psychiatry, University of British Columbia, 2255 Wesbrook Mall, Vancouver, BC, V6T 2A1, Canada</aff><pub-date pub-type="collection"><year>2005</year></pub-date><pub-date pub-type="epub"><day>10</day><month>6</month><year>2005</year></pub-date><volume>6</volume><fpage>145</fpage><lpage>145</lpage><ext-link ext-link-type="uri" xlink:href="http://www.biomedcentral.com/1471-2105/6/145"/><history><date date-type="received"><day>12</day><month>1</month><year>2005</year></date><date date-type="accepted"><day>10</day><month>6</month><year>2005</year></date></history><permissions><copyright-statement>Copyright © 2005 Missirlis et al; licensee BioMed Central Ltd.</copyright-statement><copyright-year>2005</copyright-year><copyright-holder>Missirlis et al; licensee BioMed Central Ltd.</copyright-holder><license license-type="open-access" xlink:href="http://creativecommons.org/licenses/by/2.0"><p>This is an Open Access article distributed under the terms of the Creative Commons Attribution License (<ext-link ext-link-type="uri" xlink:href="http://creativecommons.org/licenses/by/2.0"/>), which permits unrestricted use, distribution, and reproduction in any medium, provided the original work is properly cited.</p><!--<rdf xmlns="http://web.resource.org/cc/" xmlns:rdf="http://www.w3.org/1999/02/22-rdf-syntax-ns#" xmlns:dc="http://purl.org/dc/elements/1.1" xmlns:dcterms="http://purl.org/dc/terms"><Work xmlns:dc="http://purl.org/dc/elements/1.1/" xmlns:dcterms="http://purl.org/dc/terms/" rdf:about=""><license rdf:resource="http://creativecommons.org/licenses/by/2.0"/><dc:type rdf:resource="http://purl.org/dc/dcmitype/Text"/><dc:author>
               Missirlis
               I
               Perseus
               
               perseusm@bcgsc.ca
            </dc:author><dc:title>
            Satellog: A database for the identification and prioritization of satellite repeats in disease association studies
         </dc:title><dc:date>2005</dc:date><dcterms:bibliographicCitation>BMC Bioinformatics 6(1): 145-. (2005)</dcterms:bibliographicCitation><dc:identifier type="sici">1471-2105(2005)6:1&#x0003c;145&#x0003e;</dc:identifier><dcterms:isPartOf>urn:ISSN:1471-2105</dcterms:isPartOf><License rdf:about="http://creativecommons.org/licenses/by/2.0"><permits rdf:resource="http://web.resource.org/cc/Reproduction" xmlns=""/><permits rdf:resource="http://web.resource.org/cc/Distribution" xmlns=""/><requires rdf:resource="http://web.resource.org/cc/Notice" xmlns=""/><requires rdf:resource="http://web.resource.org/cc/Attribution" xmlns=""/><permits rdf:resource="http://web.resource.org/cc/DerivativeWorks" xmlns=""/></License></Work></rdf>--></license></permissions><abstract><sec><title>Background</title><p>To date, 35 human diseases, some of which also exhibit anticipation, have been associated with unstable repeats. Anticipation has been reported in a number of diseases in which repeat expansion may have a role in etiology. Despite the growing importance of unstable repeats in disease, currently no resource exists for the prioritization of repeats. Here we present Satellog, a database that catalogs all pure 1–16 repeat unit satellite repeats in the human genome along with supplementary data. Satellog analyzes each pure repeat in UniGene clusters for evidence of repeat polymorphism.</p></sec><sec><title>Results</title><p>A total of 5,546 such repeats were identified, providing the first indication of many novel polymorphic sites in the genome. Overall, polymorphic repeats were over-represented within 3'-UTR sequence relative to 5'-UTR and coding sequence. Interestingly, we observed that repeat polymorphism within coding sequence is restricted to trinucleotide repeats whereas UTR sequence tolerated a wider range of repeat period polymorphisms. For each pure repeat we also calculate its repeat length percentile rank, its location either within or adjacent to EnsEMBL genes, and its expression profile in normal tissues according to the GeneNote database.</p></sec><sec><title>Conclusion</title><p>Satellog provides the ability to dynamically prioritize repeats based on any of their characteristics (i.e. repeat unit, class, period, length, repeat length percentile rank, genomic co-ordinates), polymorphism profile within UniGene, proximity to or presence within gene regions (i.e. cds, UTR, 15 kb upstream etc.), metadata of the genes they are detected within and gene expression profiles within normal human tissues. Unstable repeats associated with 31 diseases were analyzed in Satellog to evaluate their common repeat properties. The utility of Satellog was highlighted by prioritizing repeats for Huntington's disease and schizophrenia. Satellog is available online at <ext-link ext-link-type="uri" xlink:href="http://satellog.bcgsc.ca"/>.</p></sec></abstract></article-meta></front></article>