<article xmlns="https://dtd.nlm.nih.gov/ns/archiving/2.3/" xmlns:xsi="http://www.w3.org/2001/XMLSchema-instance" xmlns:mml="http://www.w3.org/1998/Math/MathML" xmlns:xlink="http://www.w3.org/1999/xlink" xsi:schemaLocation="https://dtd.nlm.nih.gov/ns/archiving/2.3/ https://dtd.nlm.nih.gov/archiving/2.3/xsd/archivearticle.xsd" article-type="product-review"><front><journal-meta><journal-id journal-id-type="nlm-ta">BMC Bioinformatics</journal-id><journal-title>BMC Bioinformatics</journal-title><issn pub-type="epub">1471-2105</issn><publisher><publisher-name>BioMed Central</publisher-name><publisher-loc>London</publisher-loc></publisher></journal-meta><article-meta><article-id pub-id-type="accession">PMC1177927</article-id><article-id pub-id-type="pmcid">PMC1177927</article-id><article-id pub-id-type="pmc-uid">1177927</article-id><article-id pub-id-type="pmid">15960854</article-id><article-id pub-id-type="publisher-id">1471-2105-6-150</article-id><article-id pub-id-type="pmid">15960854</article-id><article-id pub-id-type="doi">10.1186/1471-2105-6-150</article-id><article-categories><subj-group subj-group-type="heading"><subject>Software</subject></subj-group></article-categories><title-group><article-title>AnovArray: a set of SAS macros for the analysis of variance of gene expression data</article-title></title-group><contrib-group><contrib id="A1" corresp="yes" contrib-type="author"><name><surname>Hennequet-Antier</surname><given-names>Christelle</given-names></name><xref ref-type="aff" rid="I1">1</xref><email>Christelle.Hennequet-Antier@jouy.inra.fr</email></contrib><contrib id="A2" contrib-type="author"><name><surname>Chiapello</surname><given-names>Hélène</given-names></name><xref ref-type="aff" rid="I1">1</xref><email>Helene.Chiapello@jouy.inra.fr</email></contrib><contrib id="A3" contrib-type="author"><name><surname>Piot</surname><given-names>Karine</given-names></name><xref ref-type="aff" rid="I1">1</xref><email>karine.piot@ibph.pharma.univ-montp1.fr</email></contrib><contrib id="A4" contrib-type="author"><name><surname>Degrelle</surname><given-names>Séverine</given-names></name><xref ref-type="aff" rid="I3">3</xref><email>Severine.Degrelle@jouy.inra.fr</email></contrib><contrib id="A5" contrib-type="author"><name><surname>Hue</surname><given-names>Isabelle</given-names></name><xref ref-type="aff" rid="I3">3</xref><email>Isabelle.Hue@jouy.inra.fr</email></contrib><contrib id="A6" contrib-type="author"><name><surname>Renard</surname><given-names>Jean-Paul</given-names></name><xref ref-type="aff" rid="I3">3</xref><email>Jean-Paul.Renard@jouy.inra.fr</email></contrib><contrib id="A7" contrib-type="author"><name><surname>Rodolphe</surname><given-names>François</given-names></name><xref ref-type="aff" rid="I1">1</xref><email>Francois.Rodolphe@jouy.inra.fr</email></contrib><contrib id="A8" contrib-type="author"><name><surname>Robin</surname><given-names>Stéphane</given-names></name><xref ref-type="aff" rid="I2">2</xref><email>robin@inapg.inra.fr</email></contrib></contrib-group><aff id="I1"><label>1</label>Unité Mathématique, Informatique et Génome, INRA, 78352 Jouy-en-Josas, France</aff><aff id="I2"><label>2</label>INA-PG / INRA 16 rue Claude Bernard, F-75231 PARIS cedex 05 – France</aff><aff id="I3"><label>3</label>Unité Biologie du Développement et de la Reproduction, INRA, 78352 Jouy-en-Josas, France</aff><pub-date pub-type="collection"><year>2005</year></pub-date><pub-date pub-type="epub"><day>16</day><month>6</month><year>2005</year></pub-date><volume>6</volume><fpage>150</fpage><lpage>150</lpage><ext-link ext-link-type="uri" xlink:href="http://www.biomedcentral.com/1471-2105/6/150"/><history><date date-type="received"><day>18</day><month>1</month><year>2005</year></date><date date-type="accepted"><day>16</day><month>6</month><year>2005</year></date></history><permissions><copyright-statement>Copyright © 2005 Hennequet-Antier et al; licensee BioMed Central Ltd.</copyright-statement><copyright-year>2005</copyright-year><copyright-holder>Hennequet-Antier et al; licensee BioMed Central Ltd.</copyright-holder><license license-type="open-access" xlink:href="http://creativecommons.org/licenses/by/2.0"><p>This is an Open Access article distributed under the terms of the Creative Commons Attribution License (<ext-link ext-link-type="uri" xlink:href="http://creativecommons.org/licenses/by/2.0"/>), which permits unrestricted use, distribution, and reproduction in any medium, provided the original work is properly cited.</p><!--<rdf xmlns="http://web.resource.org/cc/" xmlns:rdf="http://www.w3.org/1999/02/22-rdf-syntax-ns#" xmlns:dc="http://purl.org/dc/elements/1.1" xmlns:dcterms="http://purl.org/dc/terms"><Work xmlns:dc="http://purl.org/dc/elements/1.1/" xmlns:dcterms="http://purl.org/dc/terms/" rdf:about=""><license rdf:resource="http://creativecommons.org/licenses/by/2.0"/><dc:type rdf:resource="http://purl.org/dc/dcmitype/Text"/><dc:author>
               Hennequet-Antier
               Christelle
               
               Christelle.Hennequet-Antier@jouy.inra.fr
            </dc:author><dc:title>
            AnovArray: a set of SAS macros for the analysis of variance of gene expression data
         </dc:title><dc:date>2005</dc:date><dcterms:bibliographicCitation>BMC Bioinformatics 6(1): 150-. (2005)</dcterms:bibliographicCitation><dc:identifier type="sici">1471-2105(2005)6:1&#x0003c;150&#x0003e;</dc:identifier><dcterms:isPartOf>urn:ISSN:1471-2105</dcterms:isPartOf><License rdf:about="http://creativecommons.org/licenses/by/2.0"><permits rdf:resource="http://web.resource.org/cc/Reproduction" xmlns=""/><permits rdf:resource="http://web.resource.org/cc/Distribution" xmlns=""/><requires rdf:resource="http://web.resource.org/cc/Notice" xmlns=""/><requires rdf:resource="http://web.resource.org/cc/Attribution" xmlns=""/><permits rdf:resource="http://web.resource.org/cc/DerivativeWorks" xmlns=""/></License></Work></rdf>--></license></permissions><abstract><sec><title>Background</title><p>Analysis of variance is a powerful approach to identify differentially expressed genes in a complex experimental design for microarray and macroarray data. The advantage of the anova model is the possibility to evaluate multiple sources of variation in an experiment.</p></sec><sec><title>Results</title><p>AnovArray is a package implementing ANOVA for gene expression data using SAS<sup>® </sup>statistical software. The originality of the package is 1) to quantify the different sources of variation on all genes together, 2) to provide a quality control of the model, 3) to propose two models for a gene's variance estimation and to perform a correction for multiple comparisons.</p></sec><sec><title>Conclusion</title><p>AnovArray is freely available at <ext-link ext-link-type="uri" xlink:href="http://www-mig.jouy.inra.fr/stat/AnovArray"/> and requires only SAS<sup>® </sup>statistical software.</p></sec></abstract></article-meta></front></article>