<article xmlns="https://dtd.nlm.nih.gov/ns/archiving/2.3/" xmlns:xsi="http://www.w3.org/2001/XMLSchema-instance" xmlns:mml="http://www.w3.org/1998/Math/MathML" xmlns:xlink="http://www.w3.org/1999/xlink" xsi:schemaLocation="https://dtd.nlm.nih.gov/ns/archiving/2.3/ https://dtd.nlm.nih.gov/archiving/2.3/xsd/archivearticle.xsd" article-type="research-article"><front><journal-meta><journal-id journal-id-type="nlm-ta">BMC Bioinformatics</journal-id><journal-title>BMC Bioinformatics</journal-title><issn pub-type="epub">1471-2105</issn><publisher><publisher-name>BioMed Central</publisher-name><publisher-loc>London</publisher-loc></publisher></journal-meta><article-meta><article-id pub-id-type="accession">PMC1087828</article-id><article-id pub-id-type="pmcid">PMC1087828</article-id><article-id pub-id-type="pmc-uid">1087828</article-id><article-id pub-id-type="pmid">15847681</article-id><article-id pub-id-type="publisher-id">1471-2105-6-104</article-id><article-id pub-id-type="pmid">15847681</article-id><article-id pub-id-type="doi">10.1186/1471-2105-6-104</article-id><article-categories><subj-group subj-group-type="heading"><subject>Research Article</subject></subj-group></article-categories><title-group><article-title>A method for the prediction of GPCRs coupling specificity to G-proteins using refined profile Hidden Markov Models</article-title></title-group><contrib-group><contrib id="A1" contrib-type="author"><name><surname>Sgourakis</surname><given-names>Nikolaos G</given-names></name><xref ref-type="aff" rid="I1">1</xref><email>nsgourakis@biol.uoa.gr</email></contrib><contrib id="A2" contrib-type="author"><name><surname>Bagos</surname><given-names>Pantelis G</given-names></name><xref ref-type="aff" rid="I1">1</xref><email>pbagos@biol.uoa.gr</email></contrib><contrib id="A3" contrib-type="author"><name><surname>Papasaikas</surname><given-names>Panagiotis K</given-names></name><xref ref-type="aff" rid="I1">1</xref><email>ppapasaik@biol.uoa.gr</email></contrib><contrib id="A4" corresp="yes" contrib-type="author"><name><surname>Hamodrakas</surname><given-names>Stavros J</given-names></name><xref ref-type="aff" rid="I1">1</xref><email>shamodr@cc.uoa.gr</email></contrib></contrib-group><aff id="I1"><label>1</label>Department of Cell Biology and Biophysics, Faculty of Biology, University of Athens, Athens 157 01, Greece</aff><pub-date pub-type="collection"><year>2005</year></pub-date><pub-date pub-type="epub"><day>22</day><month>4</month><year>2005</year></pub-date><volume>6</volume><fpage>104</fpage><lpage>104</lpage><ext-link ext-link-type="uri" xlink:href="http://www.biomedcentral.com/1471-2105/6/104"/><history><date date-type="received"><day>1</day><month>11</month><year>2004</year></date><date date-type="accepted"><day>22</day><month>4</month><year>2005</year></date></history><copyright-statement>Copyright © 2005 Sgourakis et al; licensee BioMed Central Ltd.</copyright-statement><license license-type="open-access" xlink:href="http://creativecommons.org/licenses/by/2.0"><p>This is an Open Access article distributed under the terms of the Creative Commons Attribution License (<ext-link ext-link-type="uri" xlink:href="http://creativecommons.org/licenses/by/2.0"/>), which permits unrestricted use, distribution, and reproduction in any medium, provided the original work is properly cited.</p></license><abstract><sec><title>Background</title><p>G- Protein coupled receptors (GPCRs) comprise the largest group of eukaryotic cell surface receptors with great pharmacological interest. A broad range of native ligands interact and activate GPCRs, leading to signal transduction within cells. Most of these responses are mediated through the interaction of GPCRs with heterotrimeric GTP-binding proteins (G-proteins). Due to the information explosion in biological sequence databases, the development of software algorithms that could predict properties of GPCRs is important. Experimental data reported in the literature suggest that heterotrimeric G-proteins interact with parts of the activated receptor at the transmembrane helix-intracellular loop interface. Utilizing this information and membrane topology information, we have developed an intensive exploratory approach to generate a refined library of statistical models (Hidden Markov Models) that predict the coupling preference of GPCRs to heterotrimeric G-proteins. The method predicts the coupling preferences of GPCRs to G<sub>s</sub>, G<sub>i/o </sub>and G<sub>q/11</sub>, but not G<sub>12/13 </sub>subfamilies.</p></sec><sec><title>Results</title><p>Using a dataset of 282 GPCR sequences of known coupling preference to G-proteins and adopting a five-fold cross-validation procedure, the method yielded an 89.7% correct classification rate. In a validation set comprised of all receptor sequences that are species homologues to GPCRs with known coupling preferences, excluding the sequences used to train the models, our method yields a correct classification rate of 91.0%. Furthermore, promiscuous coupling properties were correctly predicted for 6 of the 24 GPCRs that are known to interact with more than one subfamily of G-proteins.</p></sec><sec><title>Conclusion</title><p>Our method demonstrates high correct classification rate. Unlike previously published methods performing the same task, it does not require any transmembrane topology prediction in a preceding step. A web-server for the prediction of GPCRs coupling specificity to G-proteins available for non-commercial users is located at <ext-link ext-link-type="uri" xlink:href="http://bioinformatics.biol.uoa.gr/PRED-COUPLE"/>.</p></sec></abstract></article-meta></front></article>