<article xmlns="https://dtd.nlm.nih.gov/ns/archiving/2.3/" xmlns:xsi="http://www.w3.org/2001/XMLSchema-instance" xmlns:mml="http://www.w3.org/1998/Math/MathML" xmlns:xlink="http://www.w3.org/1999/xlink" xsi:schemaLocation="https://dtd.nlm.nih.gov/ns/archiving/2.3/ https://dtd.nlm.nih.gov/archiving/2.3/xsd/archivearticle.xsd" article-type="research-article"><front><journal-meta><journal-id journal-id-type="nlm-ta">BMC Bioinformatics</journal-id><journal-title>BMC Bioinformatics</journal-title><issn pub-type="epub">1471-2105</issn><publisher><publisher-name>BioMed Central</publisher-name><publisher-loc>London</publisher-loc></publisher></journal-meta><article-meta><article-id pub-id-type="accession">PMC1168888</article-id><article-id pub-id-type="pmcid">PMC1168888</article-id><article-id pub-id-type="pmc-uid">1168888</article-id><article-id pub-id-type="pmid">15892890</article-id><article-id pub-id-type="publisher-id">1471-2105-6-117</article-id><article-id pub-id-type="pmid">15892890</article-id><article-id pub-id-type="doi">10.1186/1471-2105-6-117</article-id><article-categories><subj-group subj-group-type="heading"><subject>Methodology Article</subject></subj-group></article-categories><title-group><article-title>Robust detection of periodic time series measured from biological systems</article-title></title-group><contrib-group><contrib id="A1" equal-contrib="yes" contrib-type="author"><name><surname>Ahdesmäki</surname><given-names>Miika</given-names></name><xref ref-type="aff" rid="I1">1</xref><email>miika.ahdesmaki@tut.fi</email></contrib><contrib id="A2" equal-contrib="yes" corresp="yes" contrib-type="author"><name><surname>Lähdesmäki</surname><given-names>Harri</given-names></name><xref ref-type="aff" rid="I1">1</xref><email>harri.lahdesmaki@tut.fi</email></contrib><contrib id="A3" contrib-type="author"><name><surname>Pearson</surname><given-names>Ron</given-names></name><xref ref-type="aff" rid="I2">2</xref><email>ronald.pearson@prosanos.com</email></contrib><contrib id="A4" contrib-type="author"><name><surname>Huttunen</surname><given-names>Heikki</given-names></name><xref ref-type="aff" rid="I1">1</xref><email>heikki.huttunen@tut.fi</email></contrib><contrib id="A5" contrib-type="author"><name><surname>Yli-Harja</surname><given-names>Olli</given-names></name><xref ref-type="aff" rid="I1">1</xref><email>olli.yli-harja@tut.fi</email></contrib></contrib-group><aff id="I1"><label>1</label>Institute of Signal Processing, Tampere University of Technology, P.O. Box 553, 33101 Tampere, Finland</aff><aff id="I2"><label>2</label>ProSanos Corporation, Harrisburg PA 17101, USA</aff><pub-date pub-type="collection"><year>2005</year></pub-date><pub-date pub-type="epub"><day>13</day><month>5</month><year>2005</year></pub-date><volume>6</volume><fpage>117</fpage><lpage>117</lpage><ext-link ext-link-type="uri" xlink:href="http://www.biomedcentral.com/1471-2105/6/117"/><history><date date-type="received"><day>4</day><month>3</month><year>2005</year></date><date date-type="accepted"><day>13</day><month>5</month><year>2005</year></date></history><copyright-statement>Copyright © 2005 Ahdesmäki et al; licensee BioMed Central Ltd.</copyright-statement><license license-type="open-access" xlink:href="http://creativecommons.org/licenses/by/2.0"><p>This is an Open Access article distributed under the terms of the Creative Commons Attribution License (<ext-link ext-link-type="uri" xlink:href="http://creativecommons.org/licenses/by/2.0"/>), which permits unrestricted use, distribution, and reproduction in any medium, provided the original work is properly cited.</p></license><abstract><sec><title>Background</title><p>Periodic phenomena are widespread in biology. The problem of finding periodicity in biological time series can be viewed as a multiple hypothesis testing of the spectral content of a given time series. The exact noise characteristics are unknown in many bioinformatics applications. Furthermore, the observed time series can exhibit other non-idealities, such as outliers, short length and distortion from the original wave form. Hence, the computational methods should preferably be robust against such anomalies in the data.</p></sec><sec><title>Results</title><p>We propose a general-purpose robust testing procedure for finding periodic sequences in multiple time series data. The proposed method is based on a robust spectral estimator which is incorporated into the hypothesis testing framework using a so-called <italic>g</italic>-statistic together with correction for multiple testing. This results in a robust testing procedure which is insensitive to heavy contamination of outliers, missing-values, short time series, nonlinear distortions, and is completely insensitive to any monotone nonlinear distortions. The performance of the methods is evaluated by performing extensive simulations. In addition, we compare the proposed method with another recent statistical signal detection estimator that uses Fisher's test, based on the Gaussian noise assumption. The results demonstrate that the proposed robust method provides remarkably better robustness properties. Moreover, the performance of the proposed method is preferable also in the standard Gaussian case. We validate the performance of the proposed method on real data on which the method performs very favorably.</p></sec><sec><title>Conclusion</title><p>As the time series measured from biological systems are usually short and prone to contain different kinds of non-idealities, we are very optimistic about the multitude of possible applications for our proposed robust statistical periodicity detection method.</p></sec><sec><title>Availability</title><p>The presented methods have been implemented in Matlab and in R. Codes are available on request. Supplementary material is available at: <ext-link ext-link-type="uri" xlink:href="http://www.cs.tut.fi/sgn/csb/robustperiodic/"/>.</p></sec></abstract></article-meta></front></article>