<article xmlns="https://jats.nlm.nih.gov/ns/archiving/1.2/" xmlns:xsi="http://www.w3.org/2001/XMLSchema-instance" xmlns:mml="http://www.w3.org/1998/Math/MathML" xmlns:xlink="http://www.w3.org/1999/xlink" xsi:schemaLocation="https://jats.nlm.nih.gov/ns/archiving/1.2/ https://jats.nlm.nih.gov/archiving/1.2/xsd/JATS-archivearticle1.xsd" article-type="research-article"><front><journal-meta><journal-id journal-id-type="nlm-ta">BMC Bioinformatics</journal-id><journal-title-group><journal-title>BMC Bioinformatics</journal-title></journal-title-group><issn pub-type="epub">1471-2105</issn><publisher><publisher-name>BioMed Central</publisher-name></publisher></journal-meta><article-meta><article-id pub-id-type="accession">PMC139976</article-id><article-id pub-id-type="pmcid">PMC139976</article-id><article-id pub-id-type="pmc-uid">139976</article-id><article-id pub-id-type="pmid">12431279</article-id><article-id pub-id-type="publisher-id">1471-2105-3-35</article-id><article-id pub-id-type="pmid">12431279</article-id><article-id pub-id-type="doi">10.1186/1471-2105-3-35</article-id><article-categories><subj-group subj-group-type="heading"><subject>Methodology article</subject></subj-group></article-categories><title-group><article-title>FunSpec: a web-based cluster interpreter for yeast</article-title></title-group><contrib-group><contrib contrib-type="author" id="A1"><name><surname>Robinson</surname><given-names>Mark D</given-names></name><xref ref-type="aff" rid="I1">1</xref><email>m.robinson@utoronto.ca</email></contrib><contrib contrib-type="author" id="A2"><name><surname>Grigull</surname><given-names>Jörg</given-names></name><xref ref-type="aff" rid="I1">1</xref><email>jorg.grigull@utoronto.ca</email></contrib><contrib contrib-type="author" id="A3"><name><surname>Mohammad</surname><given-names>Naveed</given-names></name><xref ref-type="aff" rid="I1">1</xref><email>naveed.mohammad@utoronto.ca</email></contrib><contrib contrib-type="author" corresp="yes" id="A4"><name><surname>Hughes</surname><given-names>Timothy R</given-names></name><xref ref-type="aff" rid="I1">1</xref><xref ref-type="aff" rid="I2">2</xref><email>t.hughes@utoronto.ca</email></contrib></contrib-group><aff id="I1"><label>1</label>Banting and Best Department of Medical Research, University of Toronto, Toronto, Canada</aff><aff id="I2"><label>2</label>Department of Medical Genetics and Microbiology, University of Toronto, Toronto, Canada</aff><pub-date pub-type="collection"><year>2002</year></pub-date><pub-date pub-type="epub"><day>13</day><month>11</month><year>2002</year></pub-date><volume>3</volume><fpage>35</fpage><lpage>35</lpage><history><date date-type="received"><day>8</day><month>9</month><year>2002</year></date><date date-type="accepted"><day>13</day><month>11</month><year>2002</year></date></history><permissions><copyright-statement>Copyright ©2002 Robinson et al; licensee BioMed Central Ltd. This is an Open Access article: verbatim copying and redistribution of this article are permitted in all media for any purpose, provided this notice is preserved along with the article's original URL.</copyright-statement><copyright-year>2002</copyright-year><copyright-holder>Robinson et al; licensee BioMed Central Ltd. This is an Open Access article: verbatim copying and redistribution of this article are permitted in all media for any purpose, provided this notice is preserved along with the article's original URL.</copyright-holder></permissions><self-uri xlink:href="http://www.biomedcentral.com/1471-2105/3/35"/><abstract><sec><title>Background</title><p>For effective exposition of biological information, especially with regard to analysis of large-scale data types, researchers need immediate access to multiple categorical knowledge bases and need summary information presented to them on collections of genes, as opposed to the typical one gene at a time.</p></sec><sec><title>Results</title><p>We present here a web-based tool (FunSpec) for statistical evaluation of groups of genes and proteins (e.g. co-regulated genes, protein complexes, genetic interactors) with respect to existing annotations (e.g. functional roles, biochemical properties, localization). FunSpec is available online at <ext-link ext-link-type="uri" xlink:href="http://funspec.med.utoronto.ca">http://funspec.med.utoronto.ca</ext-link></p></sec><sec><title>Conclusion</title><p>FunSpec is helpful for interpretation of any data type that generates groups of related genes and proteins, such as gene expression clustering and protein complexes, and is useful for predictive methods employing "guilt-by-association."</p></sec></abstract></article-meta></front></article>