<article xmlns="https://dtd.nlm.nih.gov/ns/archiving/2.3/" xmlns:xsi="http://www.w3.org/2001/XMLSchema-instance" xmlns:mml="http://www.w3.org/1998/Math/MathML" xmlns:xlink="http://www.w3.org/1999/xlink" xsi:schemaLocation="https://dtd.nlm.nih.gov/ns/archiving/2.3/ https://dtd.nlm.nih.gov/archiving/2.3/xsd/archivearticle.xsd" article-type="research-article"><front><journal-meta><journal-id journal-id-type="nlm-ta">BMC Bioinformatics</journal-id><journal-title>BMC Bioinformatics</journal-title><issn pub-type="epub">1471-2105</issn><publisher><publisher-name>BioMed Central</publisher-name><publisher-loc>London</publisher-loc></publisher></journal-meta><article-meta><article-id pub-id-type="accession">PMC183838</article-id><article-id pub-id-type="pmcid">PMC183838</article-id><article-id pub-id-type="pmc-uid">183838</article-id><article-id pub-id-type="pmid">12846935</article-id><article-id pub-id-type="publisher-id">1471-2105-4-28</article-id><article-id pub-id-type="pmid">12846935</article-id><article-id pub-id-type="doi">10.1186/1471-2105-4-28</article-id><article-categories><subj-group subj-group-type="heading"><subject>Methodology Article</subject></subj-group></article-categories><title-group><article-title>Optimization
of neural network architecture using genetic programming improves
detection and modeling of gene-gene interactions in studies of human
diseases</article-title></title-group><contrib-group><contrib id="A1" contrib-type="author"><name><surname>Ritchie</surname><given-names>Marylyn D</given-names></name><xref ref-type="aff" rid="I1">1</xref><email>ritchie@phg.mc.vanderbilt.edu</email></contrib><contrib id="A2" contrib-type="author"><name><surname>White</surname><given-names>Bill C</given-names></name><xref ref-type="aff" rid="I1">1</xref><email>bwhite@phg.mc.vanderbilt.edu</email></contrib><contrib id="A3" contrib-type="author"><name><surname>Parker</surname><given-names>Joel S</given-names></name><xref ref-type="aff" rid="I1">1</xref><email>parkerjs@email.unc.edu</email></contrib><contrib id="A4" contrib-type="author"><name><surname>Hahn</surname><given-names>Lance W</given-names></name><xref ref-type="aff" rid="I1">1</xref><email>hahn@phg.mc.vanderbilt.edu</email></contrib><contrib id="A5" corresp="yes" contrib-type="author"><name><surname>Moore</surname><given-names>Jason H</given-names></name><xref ref-type="aff" rid="I1">1</xref><email>moore@phg.mc.vanderbilt.edu</email></contrib></contrib-group><aff id="I1"><label>1</label>Program in Human Genetics
and Department of Molecular Physiology and Biophysics, Vanderbilt
University Medical School, Nashville, TN, 37232-0700, USA</aff><pub-date pub-type="collection"><year>2003</year></pub-date><pub-date pub-type="epub"><day>7</day><month>7</month><year>2003</year></pub-date><volume>4</volume><fpage>28</fpage><lpage>28</lpage><ext-link ext-link-type="uri" xlink:href="http://www.biomedcentral.com/1471-2105/4/28"/><history><date date-type="received"><day>12</day><month>3</month><year>2003</year></date><date date-type="accepted"><day>7</day><month>7</month><year>2003</year></date></history><permissions><copyright-statement>Copyright © 2003 Ritchie et al; licensee BioMed Central Ltd. This is an Open Access article: verbatim copying and redistribution of this article are permitted in all media for any purpose, provided this notice is preserved along with the article's original URL.</copyright-statement><copyright-year>2003</copyright-year><copyright-holder>Ritchie et al; licensee BioMed Central Ltd. This is an Open Access article: verbatim copying and redistribution of this article are permitted in all media for any purpose, provided this notice is preserved along with the article's original URL.</copyright-holder></permissions><abstract><sec><title>Background</title><p>Appropriate definition
of neural network architecture prior to data analysis is crucial
for successful data mining. This can be challenging when the underlying
model of the data is unknown. The goal of this study was to determine
whether optimizing neural network architecture using genetic programming
as a machine learning strategy would improve the ability of neural networks
to model and detect nonlinear interactions among genes in studies
of common human diseases.</p></sec><sec><title>Results</title><p>Using simulated
data, we show that a genetic programming optimized neural network approach
is able to model gene-gene interactions as well as a traditional
back propagation neural network. Furthermore, the genetic programming
optimized neural network is better than the traditional back propagation
neural network approach in terms of predictive ability and power
to detect gene-gene interactions when non-functional polymorphisms
are present.</p></sec><sec><title>Conclusion</title><p>This study suggests
that a machine learning strategy for optimizing neural network architecture
may be preferable to traditional trial-and-error approaches for
the identification and characterization of gene-gene interactions
in common, complex human diseases.</p></sec></abstract></article-meta></front></article>