<article xmlns="https://jats.nlm.nih.gov/ns/archiving/1.2/" xmlns:xsi="http://www.w3.org/2001/XMLSchema-instance" xmlns:mml="http://www.w3.org/1998/Math/MathML" xmlns:xlink="http://www.w3.org/1999/xlink" xsi:schemaLocation="https://jats.nlm.nih.gov/ns/archiving/1.2/ https://jats.nlm.nih.gov/archiving/1.2/xsd/JATS-archivearticle1.xsd" article-type="research-article"><front><journal-meta><journal-id journal-id-type="nlm-ta">BMC Bioinformatics</journal-id><journal-title-group><journal-title>BMC Bioinformatics</journal-title></journal-title-group><issn pub-type="epub">1471-2105</issn><publisher><publisher-name>BioMed Central</publisher-name></publisher></journal-meta><article-meta><article-id pub-id-type="accession">PMC137599</article-id><article-id pub-id-type="pmcid">PMC137599</article-id><article-id pub-id-type="pmc-uid">137599</article-id><article-id pub-id-type="pmid">12413400</article-id><article-id pub-id-type="publisher-id">1471-2105-3-34</article-id><article-id pub-id-type="pmid">12413400</article-id><article-categories><subj-group subj-group-type="heading"><subject>Research article</subject></subj-group></article-categories><title-group><article-title>Automated modelling of signal transduction networks</article-title></title-group><contrib-group><contrib contrib-type="author" id="A1"><name><surname>Steffen</surname><given-names>Martin</given-names></name><xref ref-type="aff" rid="I1">1</xref><email>steffen@rascal.med.harvard.edu</email></contrib><contrib contrib-type="author" id="A2"><name><surname>Petti</surname><given-names>Allegra</given-names></name><xref ref-type="aff" rid="I1">1</xref><email>petti@fas.harvard.edu</email></contrib><contrib contrib-type="author" id="A3"><name><surname>Aach</surname><given-names>John</given-names></name><xref ref-type="aff" rid="I1">1</xref><xref ref-type="aff" rid="I2">2</xref><email>aach@genetics.med.harvard.edu</email></contrib><contrib contrib-type="author" id="A4"><name><surname>D'haeseleer</surname><given-names>Patrik</given-names></name><xref ref-type="aff" rid="I1">1</xref><xref ref-type="aff" rid="I2">2</xref><email>patrik@genetics.med.harvard.edu</email></contrib><contrib contrib-type="author" corresp="yes" id="A5"><name><surname>Church</surname><given-names>George</given-names></name><xref ref-type="aff" rid="I1">1</xref><xref ref-type="aff" rid="I2">2</xref><email>church@arep.med.harvard.edu</email></contrib></contrib-group><aff id="I1"><label>1</label>Dept. of Genetics, Harvard Medical School, 200 Longwood Avenue, Boston, Massachusetts, 02115, USA</aff><aff id="I2"><label>2</label>Lipper Center for Computational Genetics, Harvard Medical School, 200 Longwood Avenue, Boston, Massachusetts, 02115, USA</aff><pub-date pub-type="collection"><year>2002</year></pub-date><pub-date pub-type="epub"><day>1</day><month>11</month><year>2002</year></pub-date><volume>3</volume><fpage>34</fpage><lpage>34</lpage><history><date date-type="received"><day>26</day><month>8</month><year>2002</year></date><date date-type="accepted"><day>1</day><month>11</month><year>2002</year></date></history><permissions><copyright-statement>Copyright ©2002 Steffen et al; licensee BioMed Central Ltd. This article is published in Open Access: verbatim copying and redistribution of this article are permitted in all media for any purpose, provided this notice is preserved along with the article's original URL.</copyright-statement><copyright-year>2002</copyright-year><copyright-holder>Steffen et al; licensee BioMed Central Ltd. This article is published in Open Access: verbatim copying and redistribution of this article are permitted in all media for any purpose, provided this notice is preserved along with the article's original URL.</copyright-holder></permissions><self-uri xlink:href="http://www.biomedcentral.com/1471-2105/3/34"/><abstract><sec><title>Background</title><p>Intracellular signal transduction is achieved by networks of proteins and small molecules that transmit information from the cell surface to the nucleus, where they ultimately effect transcriptional changes. Understanding the mechanisms cells use to accomplish this important process requires a detailed molecular description of the networks involved.</p></sec><sec><title>Results</title><p>We have developed a computational approach for generating static models of signal transduction networks which utilizes protein-interaction maps generated from large-scale two-hybrid screens and expression profiles from DNA microarrays. Networks are determined entirely by integrating protein-protein interaction data with microarray expression data, without prior knowledge of any pathway intermediates. In effect, this is equivalent to extracting subnetworks of the protein interaction dataset whose members have the most correlated expression profiles.</p></sec><sec><title>Conclusion</title><p>We show that our technique accurately reconstructs MAP Kinase signaling networks in <italic>Saccharomyces cerevisiae</italic>. This approach should enhance our ability to model signaling networks and to discover new components of known networks. More generally, it provides a method for synthesizing molecular data, either individual transcript abundance measurements or pairwise protein interactions, into higher level structures, such as pathways and networks.</p></sec></abstract></article-meta></front></article>