<article xmlns="https://dtd.nlm.nih.gov/ns/archiving/2.3/" xmlns:xsi="http://www.w3.org/2001/XMLSchema-instance" xmlns:mml="http://www.w3.org/1998/Math/MathML" xmlns:xlink="http://www.w3.org/1999/xlink" xsi:schemaLocation="https://dtd.nlm.nih.gov/ns/archiving/2.3/ https://dtd.nlm.nih.gov/archiving/2.3/xsd/archivearticle.xsd" article-type="research-article"><front><journal-meta><journal-id journal-id-type="nlm-ta">BMC Bioinformatics</journal-id><journal-title>BMC Bioinformatics</journal-title><issn pub-type="epub">1471-2105</issn><publisher><publisher-name>BioMed Central</publisher-name><publisher-loc>London</publisher-loc></publisher></journal-meta><article-meta><article-id pub-id-type="accession">PMC1177925</article-id><article-id pub-id-type="pmcid">PMC1177925</article-id><article-id pub-id-type="pmc-uid">1177925</article-id><article-id pub-id-type="pmid">15929793</article-id><article-id pub-id-type="publisher-id">1471-2105-6-136</article-id><article-id pub-id-type="pmid">15929793</article-id><article-id pub-id-type="doi">10.1186/1471-2105-6-136</article-id><article-categories><subj-group subj-group-type="heading"><subject>Methodology Article</subject></subj-group></article-categories><title-group><article-title>AVID: An integrative framework for discovering functional relationships among proteins</article-title></title-group><contrib-group><contrib id="A1" contrib-type="author"><name><surname>Jiang</surname><given-names>Taijiao</given-names></name><xref ref-type="aff" rid="I1">1</xref><email>taijiao@moon.ibp.ac.cn</email></contrib><contrib id="A2" corresp="yes" contrib-type="author"><name><surname>Keating</surname><given-names>Amy E</given-names></name><xref ref-type="aff" rid="I1">1</xref><email>keating@mit.edu</email></contrib></contrib-group><aff id="I1"><label>1</label>Department of Biology, Massachusetts Institute of Technology, Cambridge, USA</aff><pub-date pub-type="collection"><year>2005</year></pub-date><pub-date pub-type="epub"><day>1</day><month>6</month><year>2005</year></pub-date><volume>6</volume><fpage>136</fpage><lpage>136</lpage><ext-link ext-link-type="uri" xlink:href="http://www.biomedcentral.com/1471-2105/6/136"/><history><date date-type="received"><day>14</day><month>12</month><year>2004</year></date><date date-type="accepted"><day>1</day><month>6</month><year>2005</year></date></history><copyright-statement>Copyright © 2005 Jiang and Keating; licensee BioMed Central Ltd.</copyright-statement><license license-type="open-access" xlink:href="http://creativecommons.org/licenses/by/2.0"><p>This is an Open Access article distributed under the terms of the Creative Commons Attribution License (<ext-link ext-link-type="uri" xlink:href="http://creativecommons.org/licenses/by/2.0"/>), which permits unrestricted use, distribution, and reproduction in any medium, provided the original work is properly cited.</p></license><abstract><sec><title>Background</title><p>Determining the functions of uncharacterized proteins is one of the most pressing problems in the post-genomic era. Large scale protein-protein interaction assays, global mRNA expression analyses and systematic protein localization studies provide experimental information that can be used for this purpose. The data from such experiments contain many false positives and false negatives, but can be processed using computational methods to provide reliable information about protein-protein relationships and protein function. An outstanding and important goal is to predict detailed functional annotation for all uncharacterized proteins that is reliable enough to effectively guide experiments.</p></sec><sec><title>Results</title><p>We present AVID, a computational method that uses a multi-stage learning framework to integrate experimental results with sequence information, generating networks reflecting functional similarities among proteins. We illustrate use of the networks by making predictions of detailed Gene Ontology (GO) annotations in three categories: molecular function, biological process, and cellular component. Applied to the yeast <italic>Saccharomyces cerevisiae</italic>, AVID provides 37,451 pair-wise functional linkages between 4,191 proteins. These relationships are ~65–78% accurate, as assessed by cross-validation testing. Assignments of highly detailed functional descriptors to proteins, based on the networks, are estimated to be ~67% accurate for GO categories describing molecular function and cellular component and ~52% accurate for terms describing biological process. The predictions cover 1,490 proteins with no previous annotation in GO and also assign more detailed functions to many proteins annotated only with less descriptive terms. Predictions made by AVID are largely distinct from those made by other methods. Out of 37,451 predicted pair-wise relationships, the greatest number shared in common with another method is 3,413.</p></sec><sec><title>Conclusion</title><p>AVID provides three networks reflecting functional associations among proteins. We use these networks to generate new, highly detailed functional predictions for roughly half of the yeast proteome that are reliable enough to drive targeted experimental investigations. The predictions suggest many specific, testable hypotheses. All of the data are available as downloadable files as well as through an interactive website at <ext-link ext-link-type="uri" xlink:href="http://web.mit.edu/biology/keating/AVID"/>. Thus, AVID will be a valuable resource for experimental biologists.</p></sec></abstract></article-meta></front></article>