<article xmlns="https://dtd.nlm.nih.gov/ns/archiving/2.3/" xmlns:xsi="http://www.w3.org/2001/XMLSchema-instance" xmlns:mml="http://www.w3.org/1998/Math/MathML" xmlns:xlink="http://www.w3.org/1999/xlink" xsi:schemaLocation="https://dtd.nlm.nih.gov/ns/archiving/2.3/ https://dtd.nlm.nih.gov/archiving/2.3/xsd/archivearticle.xsd" article-type="research-article"><front><journal-meta><journal-id journal-id-type="nlm-ta">BMC Bioinformatics</journal-id><journal-title>BMC Bioinformatics</journal-title><issn pub-type="epub">1471-2105</issn><publisher><publisher-name>BioMed Central</publisher-name><publisher-loc>London</publisher-loc></publisher></journal-meta><article-meta><article-id pub-id-type="accession">PMC1184060</article-id><article-id pub-id-type="pmcid">PMC1184060</article-id><article-id pub-id-type="pmc-uid">1184060</article-id><article-id pub-id-type="pmid">15987529</article-id><article-id pub-id-type="publisher-id">1471-2105-6-163</article-id><article-id pub-id-type="pmid">15987529</article-id><article-id pub-id-type="doi">10.1186/1471-2105-6-163</article-id><article-categories><subj-group subj-group-type="heading"><subject>Research Article</subject></subj-group></article-categories><title-group><article-title>Signal transduction pathway profiling of individual tumor samples</article-title></title-group><contrib-group><contrib id="A1" contrib-type="author"><name><surname>Breslin</surname><given-names>Thomas</given-names></name><xref ref-type="aff" rid="I1">1</xref><email>thomas@thep.lu.se</email></contrib><contrib id="A2" contrib-type="author"><name><surname>Krogh</surname><given-names>Morten</given-names></name><xref ref-type="aff" rid="I1">1</xref><email>mkrogh@thep.lu.se</email></contrib><contrib id="A3" corresp="yes" contrib-type="author"><name><surname>Peterson</surname><given-names>Carsten</given-names></name><xref ref-type="aff" rid="I1">1</xref><email>carsten@thep.lu.se</email></contrib><contrib id="A4" contrib-type="author"><name><surname>Troein</surname><given-names>Carl</given-names></name><xref ref-type="aff" rid="I1">1</xref><email>carl@thep.lu.se</email></contrib></contrib-group><aff id="I1"><label>1</label>Complex Systems Division, Department of Theoretical Physics, University of Lund, Sölvegatan 14A, SE-223 62 Lund, Sweden</aff><pub-date pub-type="collection"><year>2005</year></pub-date><pub-date pub-type="epub"><day>29</day><month>6</month><year>2005</year></pub-date><volume>6</volume><fpage>163</fpage><lpage>163</lpage><ext-link ext-link-type="uri" xlink:href="http://www.biomedcentral.com/1471-2105/6/163"/><history><date date-type="received"><day>14</day><month>3</month><year>2005</year></date><date date-type="accepted"><day>29</day><month>6</month><year>2005</year></date></history><permissions><copyright-statement>Copyright © 2005 Breslin et al; licensee BioMed Central Ltd.</copyright-statement><copyright-year>2005</copyright-year><copyright-holder>Breslin et al; licensee BioMed Central Ltd.</copyright-holder><license license-type="open-access" xlink:href="http://creativecommons.org/licenses/by/2.0"><p>This is an Open Access article distributed under the terms of the Creative Commons Attribution License (<ext-link ext-link-type="uri" xlink:href="http://creativecommons.org/licenses/by/2.0"/>), which permits unrestricted use, distribution, and reproduction in any medium, provided the original work is properly cited.</p><!--<rdf xmlns="http://web.resource.org/cc/" xmlns:rdf="http://www.w3.org/1999/02/22-rdf-syntax-ns#" xmlns:dc="http://purl.org/dc/elements/1.1" xmlns:dcterms="http://purl.org/dc/terms"><Work xmlns:dc="http://purl.org/dc/elements/1.1/" xmlns:dcterms="http://purl.org/dc/terms/" rdf:about=""><license rdf:resource="http://creativecommons.org/licenses/by/2.0"/><dc:type rdf:resource="http://purl.org/dc/dcmitype/Text"/><dc:author>
               Breslin
               Thomas
               
               thomas@thep.lu.se
            </dc:author><dc:title>
            Signal transduction pathway profiling of individual tumor samples
         </dc:title><dc:date>2005</dc:date><dcterms:bibliographicCitation>BMC Bioinformatics 6(1): 163-. (2005)</dcterms:bibliographicCitation><dc:identifier type="sici">1471-2105(2005)6:1&#x0003c;163&#x0003e;</dc:identifier><dcterms:isPartOf>urn:ISSN:1471-2105</dcterms:isPartOf><License rdf:about="http://creativecommons.org/licenses/by/2.0"><permits rdf:resource="http://web.resource.org/cc/Reproduction" xmlns=""/><permits rdf:resource="http://web.resource.org/cc/Distribution" xmlns=""/><requires rdf:resource="http://web.resource.org/cc/Notice" xmlns=""/><requires rdf:resource="http://web.resource.org/cc/Attribution" xmlns=""/><permits rdf:resource="http://web.resource.org/cc/DerivativeWorks" xmlns=""/></License></Work></rdf>--></license></permissions><abstract><sec><title>Background</title><p>Signal transduction pathways convey information from the outside of the cell to transcription factors, which in turn regulate gene expression. Our objective is to analyze tumor gene expression data from microarrays in the context of such pathways.</p></sec><sec><title>Results</title><p>We use pathways compiled from the TRANSPATH/TRANSFAC databases and the literature, and three publicly available cancer microarray data sets. Variation in pathway activity, across the samples, is gauged by the degree of correlation between downstream targets of a pathway. Two correlation scores are applied; one considers all pairs of downstream targets, and the other considers only pairs without common transcription factors. Several pathways are found to be differentially active in the data sets using these scores. Moreover, we devise a score for pathway activity in individual samples, based on the average expression value of the downstream targets. Statistical significance is assigned to the scores using permutation of genes as null model. Hence, for individual samples, the status of a pathway is given as a sign, + or -, and a <italic>p</italic>-value. This approach defines a projection of high-dimensional gene expression data onto low-dimensional pathway activity scores. For each dataset and many pathways we find a much larger number of significant samples than expected by chance. Finally, we find that several sample-wise pathway activities are significantly associated with clinical classifications of the samples.</p></sec><sec><title>Conclusion</title><p>This study shows that it is feasible to infer signal transduction pathway activity, in individual samples, from gene expression data. Furthermore, these pathway activities are biologically relevant in the three cancer data sets.</p></sec></abstract></article-meta></front></article>