<article xmlns="https://dtd.nlm.nih.gov/ns/archiving/2.3/" xmlns:xsi="http://www.w3.org/2001/XMLSchema-instance" xmlns:mml="http://www.w3.org/1998/Math/MathML" xmlns:xlink="http://www.w3.org/1999/xlink" xsi:schemaLocation="https://dtd.nlm.nih.gov/ns/archiving/2.3/ https://dtd.nlm.nih.gov/archiving/2.3/xsd/archivearticle.xsd" article-type="research-article"><front><journal-meta><journal-id journal-id-type="nlm-ta">BMC Bioinformatics</journal-id><journal-title>BMC Bioinformatics</journal-title><issn pub-type="epub">1471-2105</issn><publisher><publisher-name>BioMed Central</publisher-name><publisher-loc>London</publisher-loc></publisher></journal-meta><article-meta><article-id pub-id-type="accession">PMC165662</article-id><article-id pub-id-type="pmcid">PMC165662</article-id><article-id pub-id-type="pmc-uid">165662</article-id><article-id pub-id-type="pmid">12795817</article-id><article-id pub-id-type="publisher-id">1471-2105-4-24</article-id><article-id pub-id-type="pmid">12795817</article-id><article-id pub-id-type="doi">10.1186/1471-2105-4-24</article-id><article-categories><subj-group subj-group-type="heading"><subject>Research Article</subject></subj-group></article-categories><title-group><article-title>A data review and re-assessment of ovarian cancer serum proteomic profiling</article-title></title-group><contrib-group><contrib id="A1" corresp="yes" contrib-type="author"><name><surname>Sorace</surname><given-names>James M</given-names></name><xref ref-type="aff" rid="I1">1</xref><xref ref-type="aff" rid="I2">2</xref><xref ref-type="aff" rid="I3">3</xref><email>jmsorace@ix.netcom.com</email></contrib><contrib id="A2" contrib-type="author"><name><surname>Zhan</surname><given-names>Min</given-names></name><xref ref-type="aff" rid="I4">4</xref><email>MZHAN@epi.umaryland.edu</email></contrib></contrib-group><aff id="I1"><label>1</label>Department of Pathology and Laboratory Services, Veterans Administration Maryland Health Care System, Baltimore, 21201, USA</aff><aff id="I2"><label>2</label>Department of Information Systems, University of Maryland Baltimore County, Baltimore County Maryland, 21250, USA</aff><aff id="I3"><label>3</label>Department of Pathology, University of Maryland School of Medicine, Baltimore, 21201, USA</aff><aff id="I4"><label>4</label>Department of Epidemiology and Preventive Medicine, University of Maryland School of Medicine, Baltimore, 21201, USA</aff><pub-date pub-type="collection"><year>2003</year></pub-date><pub-date pub-type="epub"><day>9</day><month>6</month><year>2003</year></pub-date><volume>4</volume><fpage>24</fpage><lpage>24</lpage><ext-link ext-link-type="uri" xlink:href="http://www.biomedcentral.com/1471-2105/4/24"/><history><date date-type="received"><day>28</day><month>3</month><year>2003</year></date><date date-type="accepted"><day>9</day><month>6</month><year>2003</year></date></history><permissions><copyright-statement>Copyright © 2003 Sorace and Zhan; licensee BioMed Central Ltd. This is an Open Access article: verbatim copying and redistribution of this article are permitted in all media for any purpose, provided this notice is preserved along with the article's original URL.</copyright-statement><copyright-year>2003</copyright-year><copyright-holder>Sorace and Zhan; licensee BioMed Central Ltd. This is an Open Access article: verbatim copying and redistribution of this article are permitted in all media for any purpose, provided this notice is preserved along with the article's original URL.</copyright-holder></permissions><abstract><sec><title>Background</title><p>The early detection of ovarian cancer has the potential to dramatically reduce mortality. Recently, the use of mass spectrometry to develop profiles of patient serum proteins, combined with advanced data mining algorithms has been reported as a promising method to achieve this goal. In this report, we analyze the Ovarian Dataset 8-7-02 downloaded from the Clinical Proteomics Program Databank website, using nonparametric statistics and stepwise discriminant analysis to develop rules to diagnose patients, as well as to understand general patterns in the data that may guide future research.</p></sec><sec><title>Results</title><p>The mass spectrometry serum profiles derived from cancer and controls exhibited numerous statistical differences. For example, use of the Wilcoxon test in comparing the intensity at each of the 15,154 mass to charge (M/Z) values between the cancer and controls, resulted in the detection of 3,591 M/Z values whose intensities differed by a p-value of 10<sup>-6 </sup>or less. The region containing the M/Z values of greatest statistical difference between cancer and controls occurred at M/Z values less than 500. For example the M/Z values of 2.7921478 and 245.53704 could be used to significantly separate the cancer from control groups. Three other sets of M/Z values were developed using a training set that could distinguish between cancer and control subjects in a test set with 100% sensitivity and specificity.</p></sec><sec><title>Conclusion</title><p>The ability to discriminate between cancer and control subjects based on the M/Z values of 2.7921478 and 245.53704 reveals the existence of a significant non-biologic experimental bias between these two groups. This bias may invalidate attempts to use this dataset to find patterns of reproducible diagnostic value. To minimize false discovery, results using mass spectrometry and data mining algorithms should be carefully reviewed and benchmarked with routine statistical methods.</p></sec></abstract></article-meta></front></article>