<article xmlns="https://dtd.nlm.nih.gov/ns/archiving/2.3/" xmlns:xsi="http://www.w3.org/2001/XMLSchema-instance" xmlns:mml="http://www.w3.org/1998/Math/MathML" xmlns:xlink="http://www.w3.org/1999/xlink" xsi:schemaLocation="https://dtd.nlm.nih.gov/ns/archiving/2.3/ https://dtd.nlm.nih.gov/archiving/2.3/xsd/archivearticle.xsd" article-type="product-review"><front><journal-meta><journal-id journal-id-type="nlm-ta">BMC Bioinformatics</journal-id><journal-title>BMC Bioinformatics</journal-title><issn pub-type="epub">1471-2105</issn><publisher><publisher-name>BioMed Central</publisher-name><publisher-loc>London</publisher-loc></publisher></journal-meta><article-meta><article-id pub-id-type="accession">PMC1181626</article-id><article-id pub-id-type="pmcid">PMC1181626</article-id><article-id pub-id-type="pmc-uid">1181626</article-id><article-id pub-id-type="pmid">15967031</article-id><article-id pub-id-type="publisher-id">1471-2105-6-154</article-id><article-id pub-id-type="pmid">15967031</article-id><article-id pub-id-type="doi">10.1186/1471-2105-6-154</article-id><article-categories><subj-group subj-group-type="heading"><subject>Software</subject></subj-group></article-categories><title-group><article-title>Tools enabling the elucidation of molecular pathways active in human disease: Application to Hepatitis C virus infection</article-title></title-group><contrib-group><contrib id="A1" contrib-type="author"><name><surname>Reiss</surname><given-names>David J</given-names></name><xref ref-type="aff" rid="I1">1</xref><email>dreiss@systemsbiology.org</email></contrib><contrib id="A2" contrib-type="author"><name><surname>Avila-Campillo</surname><given-names>Iliana</given-names></name><xref ref-type="aff" rid="I1">1</xref><email>iavila@systemsbiology.org</email></contrib><contrib id="A3" contrib-type="author"><name><surname>Thorsson</surname><given-names>Vesteinn</given-names></name><xref ref-type="aff" rid="I1">1</xref><email>thorsson@systemsbiology.org</email></contrib><contrib id="A4" contrib-type="author"><name><surname>Schwikowski</surname><given-names>Benno</given-names></name><xref ref-type="aff" rid="I1">1</xref><xref ref-type="aff" rid="I2">2</xref><email>benno@pasteur.fr</email></contrib><contrib id="A5" corresp="yes" contrib-type="author"><name><surname>Galitski</surname><given-names>Timothy</given-names></name><xref ref-type="aff" rid="I1">1</xref><email>tgalitski@systemsbiology.org</email></contrib></contrib-group><aff id="I1"><label>1</label>Institute for Systems Biology, 1441 N. 34<sup>th </sup>Street, Seattle, WA 98103, USA</aff><aff id="I2"><label>2</label>Institut Pasteur, 25–28 Rue du Dr. Roux, 75724 Paris CEDEX 15, France</aff><pub-date pub-type="collection"><year>2005</year></pub-date><pub-date pub-type="epub"><day>20</day><month>6</month><year>2005</year></pub-date><volume>6</volume><fpage>154</fpage><lpage>154</lpage><ext-link ext-link-type="uri" xlink:href="http://www.biomedcentral.com/1471-2105/6/154"/><history><date date-type="received"><day>25</day><month>2</month><year>2005</year></date><date date-type="accepted"><day>20</day><month>6</month><year>2005</year></date></history><permissions><copyright-statement>Copyright © 2005 Reiss et al; licensee BioMed Central Ltd.</copyright-statement><copyright-year>2005</copyright-year><copyright-holder>Reiss et al; licensee BioMed Central Ltd.</copyright-holder><license license-type="open-access" xlink:href="http://creativecommons.org/licenses/by/2.0"><p>This is an Open Access article distributed under the terms of the Creative Commons Attribution License (<ext-link ext-link-type="uri" xlink:href="http://creativecommons.org/licenses/by/2.0"/>), which permits unrestricted use, distribution, and reproduction in any medium, provided the original work is properly cited.</p><!--<rdf xmlns="http://web.resource.org/cc/" xmlns:rdf="http://www.w3.org/1999/02/22-rdf-syntax-ns#" xmlns:dc="http://purl.org/dc/elements/1.1" xmlns:dcterms="http://purl.org/dc/terms"><Work xmlns:dc="http://purl.org/dc/elements/1.1/" xmlns:dcterms="http://purl.org/dc/terms/" rdf:about=""><license rdf:resource="http://creativecommons.org/licenses/by/2.0"/><dc:type rdf:resource="http://purl.org/dc/dcmitype/Text"/><dc:author>
               Reiss
               J
               David
               
               dreiss@systemsbiology.org
            </dc:author><dc:title>
            Tools enabling the elucidation of molecular pathways active in human disease: Application to Hepatitis C virus infection
         </dc:title><dc:date>2005</dc:date><dcterms:bibliographicCitation>BMC Bioinformatics 6(1): 154-. (2005)</dcterms:bibliographicCitation><dc:identifier type="sici">1471-2105(2005)6:1&#x0003c;154&#x0003e;</dc:identifier><dcterms:isPartOf>urn:ISSN:1471-2105</dcterms:isPartOf><License rdf:about="http://creativecommons.org/licenses/by/2.0"><permits rdf:resource="http://web.resource.org/cc/Reproduction" xmlns=""/><permits rdf:resource="http://web.resource.org/cc/Distribution" xmlns=""/><requires rdf:resource="http://web.resource.org/cc/Notice" xmlns=""/><requires rdf:resource="http://web.resource.org/cc/Attribution" xmlns=""/><permits rdf:resource="http://web.resource.org/cc/DerivativeWorks" xmlns=""/></License></Work></rdf>--></license></permissions><abstract><sec><title>Background</title><p>The extraction of biological knowledge from genome-scale data sets requires its analysis in the context of additional biological information. The importance of integrating experimental data sets with molecular interaction networks has been recognized and applied to the study of model organisms, but its systematic application to the study of human disease has lagged behind due to the lack of tools for performing such integration.</p></sec><sec><title>Results</title><p>We have developed techniques and software tools for simplifying and streamlining the process of integration of diverse experimental data types in molecular networks, as well as for the analysis of these networks. We applied these techniques to extract, from genomic expression data from Hepatitis C virus-infected liver tissue, potentially useful hypotheses related to the onset of this disease. Our integration of the expression data with large-scale molecular interaction networks and subsequent analyses identified molecular pathways that appear to be induced or repressed in the response to Hepatitis C viral infection.</p></sec><sec><title>Conclusion</title><p>The methods and tools we have implemented allow for the efficient dynamic integration and analysis of diverse data in a major human disease system. This integrated data set in turn enabled simple analyses to yield hypotheses related to the response to Hepatitis C viral infection.</p></sec></abstract></article-meta></front></article>