<article xmlns="https://jats.nlm.nih.gov/ns/archiving/1.2/" xmlns:xsi="http://www.w3.org/2001/XMLSchema-instance" xmlns:mml="http://www.w3.org/1998/Math/MathML" xmlns:xlink="http://www.w3.org/1999/xlink" xsi:schemaLocation="https://jats.nlm.nih.gov/ns/archiving/1.2/ https://jats.nlm.nih.gov/archiving/1.2/xsd/JATS-archivearticle1.xsd" article-type="research-article"><front><journal-meta><journal-id journal-id-type="nlm-ta">BMC Bioinformatics</journal-id><journal-title-group><journal-title>BMC Bioinformatics</journal-title></journal-title-group><issn pub-type="epub">1471-2105</issn><publisher><publisher-name>BioMed Central</publisher-name></publisher></journal-meta><article-meta><article-id pub-id-type="accession">PMC130042</article-id><article-id pub-id-type="pmcid">PMC130042</article-id><article-id pub-id-type="pmc-uid">130042</article-id><article-id pub-id-type="pmid">12356337</article-id><article-id pub-id-type="publisher-id">1471-2105-3-26</article-id><article-id pub-id-type="pmid">12356337</article-id><article-id pub-id-type="doi">10.1186/1471-2105-3-26</article-id><article-categories><subj-group subj-group-type="heading"><subject>Research article</subject></subj-group></article-categories><title-group><article-title>Expression profiling of human renal carcinomas with functional taxonomic analysis</article-title></title-group><contrib-group><contrib contrib-type="author" corresp="yes" id="A1"><name><surname>Gieseg</surname><given-names>Michael A</given-names></name><xref ref-type="aff" rid="I1">1</xref><email>Michael.Gieseg@pfizer.com</email></contrib><contrib contrib-type="author" id="A2"><name><surname>Cody</surname><given-names>Theresa</given-names></name><xref ref-type="aff" rid="I1">1</xref><email>Theresa.Cody@pfizer.com</email></contrib><contrib contrib-type="author" id="A3"><name><surname>Man</surname><given-names>Michael Z</given-names></name><xref ref-type="aff" rid="I1">1</xref><email>Michael.Man@pfizer.com</email></contrib><contrib contrib-type="author" id="A4"><name><surname>Madore</surname><given-names>Steven J</given-names></name><xref ref-type="aff" rid="I1">1</xref><email>Steven.Madore@pfizer.com</email></contrib><contrib contrib-type="author" id="A5"><name><surname>Rubin</surname><given-names>Mark A</given-names></name><xref ref-type="aff" rid="I2">2</xref><email>marubin@umich.edu</email></contrib><contrib contrib-type="author" id="A6"><name><surname>Kaldjian</surname><given-names>Eric P</given-names></name><xref ref-type="aff" rid="I1">1</xref><xref ref-type="aff" rid="I2">2</xref><email>Eric.Kaldjian@pfizer.com</email></contrib></contrib-group><aff id="I1"><label>1</label>Pfizer Global Research &amp; Development, 2800 Plymouth Rd, Ann Arbor, Michigan 48105, USA</aff><aff id="I2"><label>2</label>Department of Pathology, University of Michigan Medical School, Ann Arbor, Michigan 48109, USA</aff><pub-date pub-type="collection"><year>2002</year></pub-date><pub-date pub-type="epub"><day>30</day><month>9</month><year>2002</year></pub-date><volume>3</volume><fpage>26</fpage><lpage>26</lpage><history><date date-type="received"><day>19</day><month>5</month><year>2002</year></date><date date-type="accepted"><day>30</day><month>9</month><year>2002</year></date></history><permissions><copyright-statement>Copyright ©2002 Gieseg et al; licensee BioMed Central Ltd. This is an Open Access article: verbatim copying and redistribution of this article are permitted in all media for any purpose, provided this notice is preserved along with the article's original URL.</copyright-statement><copyright-year>2002</copyright-year><copyright-holder>Gieseg et al; licensee BioMed Central Ltd. This is an Open Access article: verbatim copying and redistribution of this article are permitted in all media for any purpose, provided this notice is preserved along with the article's original URL.</copyright-holder></permissions><self-uri xlink:href="http://www.biomedcentral.com/1471-2105/3/26"/><abstract><sec><title>Background</title><p>Molecular characterization has contributed to the understanding of the inception, progression, treatment and prognosis of cancer. Nucleic acid array-based technologies extend molecular characterization of tumors to thousands of gene products. To effectively discriminate between tumor sub-types, reliable laboratory techniques and analytic methods are required.</p></sec><sec><title>Results</title><p>We derived mRNA expression profiles from 21 human tissue samples (eight normal kidneys and 13 kidney tumors) and two pooled samples using the Affymetrix GeneChip platform. A panel of ten clustering algorithms combined with four data pre-processing methods identified a consensus cluster dendrogram in 18 of 40 analyses and of these 16 used a logarithmic transformation. Within the consensus dendrogram the expression profiles of the samples grouped according to tissue type; clear cell and chromophobe carcinomas displayed distinctly different gene expression patterns. By using a rigorous statistical selection based method we identified 355 genes that showed significant (p &lt; 0.001) gene expression changes in clear cell renal carcinomas compared to normal kidney. These genes were classified with a tool to conceptualize expression patterns called "Functional Taxonomy". Each tumor type had a distinct "signature," with a high number of genes in the categories of Metabolism, Signal Transduction, and Cellular and Matrix Organization and Adhesion.</p></sec><sec><title>Conclusions</title><p>Affymetrix GeneChip profiling differentiated clear cell and chromophobe carcinomas from one another and from normal kidney cortex. Clustering methods that used logarithmic transformation of data sets produced dendrograms consistent with the sample biology. Functional taxonomy provided a practical approach to the interpretation of gene expression data.</p></sec></abstract></article-meta></front></article>