<article xmlns="https://dtd.nlm.nih.gov/ns/archiving/2.3/" xmlns:xsi="http://www.w3.org/2001/XMLSchema-instance" xmlns:mml="http://www.w3.org/1998/Math/MathML" xmlns:xlink="http://www.w3.org/1999/xlink" xsi:schemaLocation="https://dtd.nlm.nih.gov/ns/archiving/2.3/ https://dtd.nlm.nih.gov/archiving/2.3/xsd/archivearticle.xsd" article-type="research-article"><front><journal-meta><journal-id journal-id-type="nlm-ta">BMC Bioinformatics</journal-id><journal-title>BMC Bioinformatics</journal-title><issn pub-type="epub">1471-2105</issn><publisher><publisher-name>BioMed Central</publisher-name><publisher-loc>London</publisher-loc></publisher></journal-meta><article-meta><article-id pub-id-type="accession">PMC1168889</article-id><article-id pub-id-type="pmcid">PMC1168889</article-id><article-id pub-id-type="pmc-uid">1168889</article-id><article-id pub-id-type="pmid">15892887</article-id><article-id pub-id-type="publisher-id">1471-2105-6-118</article-id><article-id pub-id-type="pmid">15892887</article-id><article-id pub-id-type="doi">10.1186/1471-2105-6-118</article-id><article-categories><subj-group subj-group-type="heading"><subject>Methodology Article</subject></subj-group></article-categories><title-group><article-title>Computing expectation values for RNA motifs using discrete convolutions</article-title></title-group><contrib-group><contrib id="A1" contrib-type="author"><name><surname>Lambert</surname><given-names>André</given-names></name><xref ref-type="aff" rid="I1">1</xref><email>lambert@cpt.univ-mrs.fr</email></contrib><contrib id="A2" contrib-type="author"><name><surname>Legendre</surname><given-names>Matthieu</given-names></name><xref ref-type="aff" rid="I2">2</xref><email>legendre@tagc.univ-mrs.fr</email></contrib><contrib id="A3" contrib-type="author"><name><surname>Fontaine</surname><given-names>Jean-Fred</given-names></name><xref ref-type="aff" rid="I2">2</xref><xref ref-type="aff" rid="I3">3</xref><email>jean-fred.fontaine@univ-angers.fr</email></contrib><contrib id="A4" corresp="yes" contrib-type="author"><name><surname>Gautheret</surname><given-names>Daniel</given-names></name><xref ref-type="aff" rid="I2">2</xref><email>gautheret@esil.univ-mrs.fr</email></contrib></contrib-group><aff id="I1"><label>1</label>CNRS UMR 6207, Université de la Méditerranée, Luminy Case 907, 13288 Marseille cedex 9, France</aff><aff id="I2"><label>2</label>INSERM ERM 206, Université de la Méditerranée, Luminy Case 928, 13288 Marseille Cedex 9, France</aff><aff id="I3"><label>3</label>INSERM EMI U 00.18, CHU d'Angers, 49033 Angers, France</aff><pub-date pub-type="collection"><year>2005</year></pub-date><pub-date pub-type="epub"><day>13</day><month>5</month><year>2005</year></pub-date><volume>6</volume><fpage>118</fpage><lpage>118</lpage><ext-link ext-link-type="uri" xlink:href="http://www.biomedcentral.com/1471-2105/6/118"/><history><date date-type="received"><day>8</day><month>3</month><year>2005</year></date><date date-type="accepted"><day>13</day><month>5</month><year>2005</year></date></history><copyright-statement>Copyright © 2005 Lambert et al; licensee BioMed Central Ltd.</copyright-statement><license license-type="open-access" xlink:href="http://creativecommons.org/licenses/by/2.0"><p>This is an Open Access article distributed under the terms of the Creative Commons Attribution License (<ext-link ext-link-type="uri" xlink:href="http://creativecommons.org/licenses/by/2.0"/>), which permits unrestricted use, distribution, and reproduction in any medium, provided the original work is properly cited.</p></license><abstract><sec><title>Background</title><p>Computational biologists use Expectation values (E-values) to estimate the number of solutions that can be expected by chance during a database scan. Here we focus on computing Expectation values for RNA motifs defined by single-strand and helix lod-score profiles with variable helix spans. Such E-values cannot be computed assuming a normal score distribution and their estimation previously required lengthy simulations.</p></sec><sec><title>Results</title><p>We introduce discrete convolutions as an accurate and fast mean to estimate score distributions of lod-score profiles. This method provides excellent score estimations for all single-strand or helical elements tested and also applies to the combination of elements into larger, complex, motifs. Further, the estimated distributions remain accurate even when pseudocounts are introduced into the lod-score profiles. Estimated score distributions are then easily converted into E-values.</p></sec><sec><title>Conclusion</title><p>A good agreement was observed between computed E-values and simulations for a number of complete RNA motifs. This method is now implemented into the ERPIN software, but it can be applied as well to any search procedure based on ungapped profiles with statistically independent columns.</p></sec></abstract></article-meta></front></article>