<article xmlns="https://dtd.nlm.nih.gov/ns/archiving/2.3/" xmlns:xsi="http://www.w3.org/2001/XMLSchema-instance" xmlns:mml="http://www.w3.org/1998/Math/MathML" xmlns:xlink="http://www.w3.org/1999/xlink" xsi:schemaLocation="https://dtd.nlm.nih.gov/ns/archiving/2.3/ https://dtd.nlm.nih.gov/archiving/2.3/xsd/archivearticle.xsd" article-type="research-article"><front><journal-meta><journal-id journal-id-type="nlm-ta">BMC Bioinformatics</journal-id><journal-title>BMC Bioinformatics</journal-title><issn pub-type="epub">1471-2105</issn><publisher><publisher-name>BioMed Central</publisher-name><publisher-loc>London</publisher-loc></publisher></journal-meta><article-meta><article-id pub-id-type="accession">PMC1199582</article-id><article-id pub-id-type="pmcid">PMC1199582</article-id><article-id pub-id-type="pmc-uid">1199582</article-id><article-id pub-id-type="pmid">16078990</article-id><article-id pub-id-type="publisher-id">1471-2105-6-196</article-id><article-id pub-id-type="pmid">16078990</article-id><article-id pub-id-type="doi">10.1186/1471-2105-6-196</article-id><article-categories><subj-group subj-group-type="heading"><subject>Database</subject></subj-group></article-categories><title-group><article-title>COPASAAR – A database for proteomic analysis of single amino acid repeats</article-title></title-group><contrib-group><contrib id="A1" contrib-type="author"><name><surname>Depledge</surname><given-names>Daniel P</given-names></name><xref ref-type="aff" rid="I1">1</xref><email>dan_depledge@hotmail.com</email></contrib><contrib id="A2" corresp="yes" contrib-type="author"><name><surname>Dalby</surname><given-names>Andrew R</given-names></name><xref ref-type="aff" rid="I1">1</xref><email>A.R.Dalby@exeter.ac.uk</email></contrib></contrib-group><aff id="I1"><label>1</label>Schools of Biological and Chemical Sciences and Engineering, Computer Science and Mathematics, Washington Singer Laboratories, University of Exeter, Prince of Wales Road, Exeter, EX4 4PS UK</aff><pub-date pub-type="collection"><year>2005</year></pub-date><pub-date pub-type="epub"><day>3</day><month>8</month><year>2005</year></pub-date><volume>6</volume><fpage>196</fpage><lpage>196</lpage><ext-link ext-link-type="uri" xlink:href="http://www.biomedcentral.com/1471-2105/6/196"/><history><date date-type="received"><day>18</day><month>2</month><year>2005</year></date><date date-type="accepted"><day>3</day><month>8</month><year>2005</year></date></history><permissions><copyright-statement>Copyright © 2005 Depledge and Dalby; licensee BioMed Central Ltd.</copyright-statement><copyright-year>2005</copyright-year><copyright-holder>Depledge and Dalby; licensee BioMed Central Ltd.</copyright-holder><license license-type="open-access" xlink:href="http://creativecommons.org/licenses/by/2.0"><p>This is an Open Access article distributed under the terms of the Creative Commons Attribution License (<ext-link ext-link-type="uri" xlink:href="http://creativecommons.org/licenses/by/2.0"/>), which permits unrestricted use, distribution, and reproduction in any medium, provided the original work is properly cited.</p><!--<rdf xmlns="http://web.resource.org/cc/" xmlns:rdf="http://www.w3.org/1999/02/22-rdf-syntax-ns#" xmlns:dc="http://purl.org/dc/elements/1.1" xmlns:dcterms="http://purl.org/dc/terms"><Work xmlns:dc="http://purl.org/dc/elements/1.1/" xmlns:dcterms="http://purl.org/dc/terms/" rdf:about=""><license rdf:resource="http://creativecommons.org/licenses/by/2.0"/><dc:type rdf:resource="http://purl.org/dc/dcmitype/Text"/><dc:author>
               Depledge
               P
               Daniel
               
               dan_depledge@hotmail.com
            </dc:author><dc:title>
            COPASAAR &#x02013; A database for proteomic analysis of single amino acid repeats
         </dc:title><dc:date>2005</dc:date><dcterms:bibliographicCitation>BMC Bioinformatics 6(1): 196-. (2005)</dcterms:bibliographicCitation><dc:identifier type="sici">1471-2105(2005)6:1&#x0003c;196&#x0003e;</dc:identifier><dcterms:isPartOf>urn:ISSN:1471-2105</dcterms:isPartOf><License rdf:about="http://creativecommons.org/licenses/by/2.0"><permits rdf:resource="http://web.resource.org/cc/Reproduction" xmlns=""/><permits rdf:resource="http://web.resource.org/cc/Distribution" xmlns=""/><requires rdf:resource="http://web.resource.org/cc/Notice" xmlns=""/><requires rdf:resource="http://web.resource.org/cc/Attribution" xmlns=""/><permits rdf:resource="http://web.resource.org/cc/DerivativeWorks" xmlns=""/></License></Work></rdf>--></license></permissions><abstract><sec><title>Background</title><p>Single amino acid repeats make up a significant proportion in all of the proteomes that have currently been determined. They have been shown to be functionally and medically significant, and are associated with cancers and neuro-degenerative diseases such as Huntington's Chorea, where a poly-glutamine repeat is responsible for causing the disease. The COPASAAR database is a new tool to facilitate the rapid analysis of single amino acid repeats at a proteome level. The database aims to simplify the comparison of repeat distributions between proteomes in order to provide a better understanding of their function and evolution.</p></sec><sec><title>Results</title><p>A comparative analysis of all proteomes in the database (currently 244) shows that single amino acid repeats account for about 12–14% of the proteome of any given species. They are more common in eukaryotes (14%) than in either archaea or bacteria (both 13%). Individual analyses of proteomes show that long single amino acid repeats (6+ residues) are much more common in the Eukaryotes and that longer repeats are usually made up of hydrophilic amino acids such as glutamine, glutamic acid, asparagine, aspartic acid and serine.</p></sec><sec><title>Conclusion</title><p>COPASAAR is a useful tool for comparative proteomics that provides rapid access to amino acid repeat data that can be readily data-mined. The COPASAAR database can be queried at the kingdom, proteome or individual protein level. As the amount of available proteome data increases this will be increasingly important in order to automate proteome comparison. The insights gained from these studies will give a better insight into the evolution of protein sequence and function.</p></sec></abstract></article-meta></front></article>