<article xmlns="https://jats.nlm.nih.gov/ns/archiving/1.2/" xmlns:xsi="http://www.w3.org/2001/XMLSchema-instance" xmlns:mml="http://www.w3.org/1998/Math/MathML" xmlns:xlink="http://www.w3.org/1999/xlink" xsi:schemaLocation="https://jats.nlm.nih.gov/ns/archiving/1.2/ https://jats.nlm.nih.gov/archiving/1.2/xsd/JATS-archivearticle1.xsd" article-type="research-article"><front><journal-meta><journal-id journal-id-type="nlm-ta">BMC Bioinformatics</journal-id><journal-title-group><journal-title>BMC Bioinformatics</journal-title></journal-title-group><issn pub-type="epub">1471-2105</issn><publisher><publisher-name>BioMed Central</publisher-name></publisher></journal-meta><article-meta><article-id pub-id-type="accession">PMC139979</article-id><article-id pub-id-type="pmcid">PMC139979</article-id><article-id pub-id-type="pmc-uid">139979</article-id><article-id pub-id-type="pmid">12493080</article-id><article-id pub-id-type="publisher-id">1471-2105-3-40</article-id><article-id pub-id-type="pmid">12493080</article-id><article-id pub-id-type="doi">10.1186/1471-2105-3-40</article-id><article-categories><subj-group subj-group-type="heading"><subject>Methodology article</subject></subj-group></article-categories><title-group><article-title>ORFer – retrieval of protein sequences and open reading frames from GenBank and storage into relational databases or text files</article-title></title-group><contrib-group><contrib contrib-type="author" corresp="yes" id="A1"><name><surname>Büssow</surname><given-names>Konrad</given-names></name><xref ref-type="aff" rid="I1">1</xref><email>buessow@molgen.mpg.de</email></contrib><contrib contrib-type="author" id="A2"><name><surname>Hoffmann</surname><given-names>Steve</given-names></name><xref ref-type="aff" rid="I1">1</xref><email>Hoffmann@stud-mailer.uni-marburg.de</email></contrib><contrib contrib-type="author" id="A3"><name><surname>Sievert</surname><given-names>Volker</given-names></name><xref ref-type="aff" rid="I1">1</xref><email>sievert@molgen.mpg.de</email></contrib></contrib-group><aff id="I1"><label>1</label>Protein Structure Factory, Max Planck Institute of Molecular Genetics, Heubnerweg 6, 14059 Berlin, Germany</aff><pub-date pub-type="collection"><year>2002</year></pub-date><pub-date pub-type="epub"><day>19</day><month>12</month><year>2002</year></pub-date><volume>3</volume><fpage>40</fpage><lpage>40</lpage><history><date date-type="received"><day>20</day><month>9</month><year>2002</year></date><date date-type="accepted"><day>19</day><month>12</month><year>2002</year></date></history><permissions><copyright-statement>Copyright ©2002 Büssow et al; licensee BioMed Central Ltd. This is an Open Access article: verbatim copying and redistribution of this article are permitted in all media for any purpose, provided this notice is preserved along with the article's original URL.</copyright-statement><copyright-year>2002</copyright-year><copyright-holder>Büssow et al; licensee BioMed Central Ltd. This is an Open Access article: verbatim copying and redistribution of this article are permitted in all media for any purpose, provided this notice is preserved along with the article's original URL.</copyright-holder></permissions><self-uri xlink:href="http://www.biomedcentral.com/1471-2105/3/40"/><abstract><sec><title>Background</title><p>Functional genomics involves the parallel experimentation with large sets of proteins. This requires management of large sets of open reading frames as a prerequisite of the cloning and recombinant expression of these proteins.</p></sec><sec><title>Results</title><p>A Java program was developed for retrieval of protein and nucleic acid sequences and annotations from NCBI GenBank, using the XML sequence format. Annotations retrieved by ORFer include sequence name, organism and also the completeness of the sequence. The program has a graphical user interface, although it can be used in a non-interactive mode. For protein sequences, the program also extracts the open reading frame sequence, if available, and checks its correct translation. ORFer accepts user input in the form of single or lists of GenBank GI identifiers or accession numbers. It can be used to extract complete sets of open reading frames and protein sequences from any kind of GenBank sequence entry, including complete genomes or chromosomes. Sequences are either stored with their features in a relational database or can be exported as text files in Fasta or tabulator delimited format. The ORFer program is freely available at <ext-link ext-link-type="uri" xlink:href="http://www.proteinstrukturfabrik.de/orfer">http://www.proteinstrukturfabrik.de/orfer</ext-link>.</p></sec><sec><title>Conclusion</title><p>The ORFer program allows for fast retrieval of DNA sequences, protein sequences and their open reading frames and sequence annotations from GenBank. Furthermore, storage of sequences and features in a relational database is supported. Such a database can supplement a laboratory information system (LIMS) with appropriate sequence information.</p></sec></abstract></article-meta></front></article>