<article xmlns="https://dtd.nlm.nih.gov/ns/archiving/2.3/" xmlns:xsi="http://www.w3.org/2001/XMLSchema-instance" xmlns:mml="http://www.w3.org/1998/Math/MathML" xmlns:xlink="http://www.w3.org/1999/xlink" xsi:schemaLocation="https://dtd.nlm.nih.gov/ns/archiving/2.3/ https://dtd.nlm.nih.gov/archiving/2.3/xsd/archivearticle.xsd" article-type="research-article"><front><journal-meta><journal-id journal-id-type="nlm-ta">BMC Bioinformatics</journal-id><journal-title>BMC Bioinformatics</journal-title><issn pub-type="epub">1471-2105</issn><publisher><publisher-name>BioMed Central</publisher-name><publisher-loc>London</publisher-loc></publisher></journal-meta><article-meta><article-id pub-id-type="accession">PMC1190153</article-id><article-id pub-id-type="pmcid">PMC1190153</article-id><article-id pub-id-type="pmc-uid">1190153</article-id><article-id pub-id-type="pmid">15987504</article-id><article-id pub-id-type="publisher-id">1471-2105-6-162</article-id><article-id pub-id-type="pmid">15987504</article-id><article-id pub-id-type="doi">10.1186/1471-2105-6-162</article-id><article-categories><subj-group subj-group-type="heading"><subject>Methodology Article</subject></subj-group></article-categories><title-group><article-title>Theme discovery from gene lists for identification and viewing of multiple functional groups</article-title></title-group><contrib-group><contrib id="A1" contrib-type="author"><name><surname>Pehkonen</surname><given-names>Petri</given-names></name><xref ref-type="aff" rid="I1">1</xref><xref ref-type="aff" rid="I2">2</xref><email>petri.pehkonen@uku.fi</email></contrib><contrib id="A2" contrib-type="author"><name><surname>Wong</surname><given-names>Garry</given-names></name><xref ref-type="aff" rid="I1">1</xref><email>garry.wong@uku.fi</email></contrib><contrib id="A3" corresp="yes" contrib-type="author"><name><surname>Törönen</surname><given-names>Petri</given-names></name><xref ref-type="aff" rid="I1">1</xref><xref ref-type="aff" rid="I3">3</xref><email>petri.toronen@helsinki.fi</email></contrib></contrib-group><aff id="I1"><label>1</label>Department of Neurobiology, A.I. Virtanen-Institute, University of Kuopio P.O. Box 1627, FIN-70211 Kuopio, Finland</aff><aff id="I2"><label>2</label>Department of Computer Science, University of Kuopio P.O. Box 1627, FIN-70211 Kuopio, Finland</aff><aff id="I3"><label>3</label>Bioinformatics Group, Institute of Biotechnology, P.O. Box 56, 00014 University of Helsinki, Finland</aff><pub-date pub-type="collection"><year>2005</year></pub-date><pub-date pub-type="epub"><day>29</day><month>6</month><year>2005</year></pub-date><volume>6</volume><fpage>162</fpage><lpage>162</lpage><ext-link ext-link-type="uri" xlink:href="http://www.biomedcentral.com/1471-2105/6/162"/><history><date date-type="received"><day>18</day><month>3</month><year>2005</year></date><date date-type="accepted"><day>29</day><month>6</month><year>2005</year></date></history><permissions><copyright-statement>Copyright © 2005 Pehkonen et al; licensee BioMed Central Ltd.</copyright-statement><copyright-year>2005</copyright-year><copyright-holder>Pehkonen et al; licensee BioMed Central Ltd.</copyright-holder><license license-type="open-access" xlink:href="http://creativecommons.org/licenses/by/2.0"><p>This is an Open Access article distributed under the terms of the Creative Commons Attribution License (<ext-link ext-link-type="uri" xlink:href="http://creativecommons.org/licenses/by/2.0"/>), which permits unrestricted use, distribution, and reproduction in any medium, provided the original work is properly cited.</p><!--<rdf xmlns="http://web.resource.org/cc/" xmlns:rdf="http://www.w3.org/1999/02/22-rdf-syntax-ns#" xmlns:dc="http://purl.org/dc/elements/1.1" xmlns:dcterms="http://purl.org/dc/terms"><Work xmlns:dc="http://purl.org/dc/elements/1.1/" xmlns:dcterms="http://purl.org/dc/terms/" rdf:about=""><license rdf:resource="http://creativecommons.org/licenses/by/2.0"/><dc:type rdf:resource="http://purl.org/dc/dcmitype/Text"/><dc:author>
               Pehkonen
               Petri
               
               
               petri.pehkonen@uku.fi
            </dc:author><dc:title>
            Theme discovery from gene lists for identification and viewing of multiple functional groups
         </dc:title><dc:date>2005</dc:date><dcterms:bibliographicCitation>BMC Bioinformatics 6(1): 162-. (2005)</dcterms:bibliographicCitation><dc:identifier type="sici">1471-2105(2005)6:1&#x0003c;162&#x0003e;</dc:identifier><dcterms:isPartOf>urn:ISSN:1471-2105</dcterms:isPartOf><License rdf:about="http://creativecommons.org/licenses/by/2.0"><permits rdf:resource="http://web.resource.org/cc/Reproduction" xmlns=""/><permits rdf:resource="http://web.resource.org/cc/Distribution" xmlns=""/><requires rdf:resource="http://web.resource.org/cc/Notice" xmlns=""/><requires rdf:resource="http://web.resource.org/cc/Attribution" xmlns=""/><permits rdf:resource="http://web.resource.org/cc/DerivativeWorks" xmlns=""/></License></Work></rdf>--></license></permissions><abstract><sec><title>Background</title><p>High throughput methods of the genome era produce vast amounts of data in the form of gene lists. These lists are large and difficult to interpret without advanced computational or bioinformatic tools. Most existing methods analyse a gene list as a single entity although it is comprised of multiple gene groups associated with separate biological functions. Therefore it is imperative to define and visualize gene groups with unique functionality within gene lists.</p></sec><sec><title>Results</title><p>In order to analyse the functional heterogeneity within a gene list, we have developed a method that clusters genes to groups with homogenous functionalities. The method uses Non-negative Matrix Factorization (NMF) to create several clustering results with varying numbers of clusters. The obtained clustering results are combined into a simple graphical presentation showing the functional groups over-represented in the analyzed gene list. We demonstrate its performance on two data sets and show results that improve upon existing methods. The comparison also shows that our method creates a more simplified view that aids in discovery of biological themes within the list and discards less informative classes from the results.</p></sec><sec><title>Conclusion</title><p>The presented method and associated software are useful for the identification and interpretation of biological functions associated with gene lists and are especially useful for the analysis of large lists.</p></sec></abstract></article-meta></front></article>