<article xmlns="https://dtd.nlm.nih.gov/ns/archiving/2.3/" xmlns:xsi="http://www.w3.org/2001/XMLSchema-instance" xmlns:mml="http://www.w3.org/1998/Math/MathML" xmlns:xlink="http://www.w3.org/1999/xlink" xsi:schemaLocation="https://dtd.nlm.nih.gov/ns/archiving/2.3/ https://dtd.nlm.nih.gov/archiving/2.3/xsd/archivearticle.xsd" article-type="research-article"><front><journal-meta><journal-id journal-id-type="nlm-ta">BMC Bioinformatics</journal-id><journal-title>BMC Bioinformatics</journal-title><issn pub-type="epub">1471-2105</issn><publisher><publisher-name>BioMed Central</publisher-name><publisher-loc>London</publisher-loc></publisher></journal-meta><article-meta><article-id pub-id-type="accession">PMC1090556</article-id><article-id pub-id-type="pmcid">PMC1090556</article-id><article-id pub-id-type="pmc-uid">1090556</article-id><article-id pub-id-type="pmid">15817128</article-id><article-id pub-id-type="publisher-id">1471-2105-6-89</article-id><article-id pub-id-type="pmid">15817128</article-id><article-id pub-id-type="doi">10.1186/1471-2105-6-89</article-id><article-categories><subj-group subj-group-type="heading"><subject>Methodology Article</subject></subj-group></article-categories><title-group><article-title>A method for aligning RNA secondary structures and its application to RNA motif detection</article-title></title-group><contrib-group><contrib id="A1" contrib-type="author"><name><surname>Liu</surname><given-names>Jianghui</given-names></name><xref ref-type="aff" rid="I1">1</xref><xref ref-type="aff" rid="I2">2</xref><email>jl7@oak.njit.edu</email></contrib><contrib id="A2" contrib-type="author"><name><surname>Wang</surname><given-names>Jason TL</given-names></name><xref ref-type="aff" rid="I2">2</xref><email>wangj@oak.njit.edu</email></contrib><contrib id="A3" contrib-type="author"><name><surname>Hu</surname><given-names>Jun</given-names></name><xref ref-type="aff" rid="I1">1</xref><email>huju@umdnj.edu</email></contrib><contrib id="A4" corresp="yes" contrib-type="author"><name><surname>Tian</surname><given-names>Bin</given-names></name><xref ref-type="aff" rid="I1">1</xref><email>btian@umdnj.edu</email></contrib></contrib-group><aff id="I1"><label>1</label>Department of Biochemistry and Molecular Biology, New Jersey Medical School, University of Medicine and Dentistry of New Jersey, Newark, NJ 07101, USA</aff><aff id="I2"><label>2</label>Department of Computer Science, New Jersey Institute of Technology, University Heights, Newark, NJ 07102, USA</aff><pub-date pub-type="collection"><year>2005</year></pub-date><pub-date pub-type="epub"><day>7</day><month>4</month><year>2005</year></pub-date><volume>6</volume><fpage>89</fpage><lpage>89</lpage><ext-link ext-link-type="uri" xlink:href="http://www.biomedcentral.com/1471-2105/6/89"/><history><date date-type="received"><day>4</day><month>12</month><year>2004</year></date><date date-type="accepted"><day>7</day><month>4</month><year>2005</year></date></history><copyright-statement>Copyright © 2005 Liu et al; licensee BioMed Central Ltd.</copyright-statement><license license-type="open-access" xlink:href="http://creativecommons.org/licenses/by/2.0"><p>This is an Open Access article distributed under the terms of the Creative Commons Attribution License (<ext-link ext-link-type="uri" xlink:href="http://creativecommons.org/licenses/by/2.0"/>), which permits unrestricted use, distribution, and reproduction in any medium, provided the original work is properly cited.</p></license><abstract><sec><title>Background</title><p>Alignment of RNA secondary structures is important in studying functional RNA motifs. In recent years, much progress has been made in RNA motif finding and structure alignment. However, existing tools either require a large number of prealigned structures or suffer from high time complexities. This makes it difficult for the tools to process RNAs whose prealigned structures are unavailable or process very large RNA structure databases.</p></sec><sec><title>Results</title><p>We present here an efficient tool called RSmatch for aligning RNA secondary structures and for motif detection. Motivated by widely used algorithms for RNA folding, we decompose an RNA secondary structure into a set of atomic structure components that are further organized by a tree model to capture the structural particularities. RSmatch can find the optimal global or local alignment between two RNA secondary structures using two scoring matrices, one for single-stranded regions and the other for double-stranded regions. The time complexity of RSmatch is <italic>O(mn) </italic>where <italic>m </italic>is the size of the query structure and <italic>n </italic>that of the subject structure. When applied to searching a structure database, RSmatch can find similar RNA substructures, and is capable of conducting multiple structure alignment and iterative database search. Therefore it can be used to identify functional RNA motifs. The accuracy of RSmatch is tested by experiments using a number of known RNA structures, including simple stem-loops and complex structures containing junctions.</p></sec><sec><title>Conclusion</title><p>With respect to computing efficiency and accuracy, RSmatch compares favorably with other tools for RNA structure alignment and motif detection. This tool shall be useful to researchers interested in comparing RNA structures obtained from wet lab experiments or RNA folding programs, particularly when the size of the structure dataset is large.</p></sec></abstract></article-meta></front></article>