<article xmlns="https://dtd.nlm.nih.gov/ns/archiving/2.3/" xmlns:xsi="http://www.w3.org/2001/XMLSchema-instance" xmlns:mml="http://www.w3.org/1998/Math/MathML" xmlns:xlink="http://www.w3.org/1999/xlink" xsi:schemaLocation="https://dtd.nlm.nih.gov/ns/archiving/2.3/ https://dtd.nlm.nih.gov/archiving/2.3/xsd/archivearticle.xsd" article-type="research-article"><front><journal-meta><journal-id journal-id-type="nlm-ta">BMC Bioinformatics</journal-id><journal-title>BMC Bioinformatics</journal-title><issn pub-type="epub">1471-2105</issn><publisher><publisher-name>BioMed Central</publisher-name><publisher-loc>London</publisher-loc></publisher></journal-meta><article-meta><article-id pub-id-type="accession">PMC1164402</article-id><article-id pub-id-type="pmcid">PMC1164402</article-id><article-id pub-id-type="pmc-uid">1164402</article-id><article-id pub-id-type="pmid">15941473</article-id><article-id pub-id-type="publisher-id">1471-2105-6-143</article-id><article-id pub-id-type="pmid">15941473</article-id><article-id pub-id-type="doi">10.1186/1471-2105-6-143</article-id><article-categories><subj-group subj-group-type="heading"><subject>Methodology Article</subject></subj-group></article-categories><title-group><article-title>Discovery of protein-protein interactions using a combination of linguistic, statistical and graphical information</article-title></title-group><contrib-group><contrib id="A1" corresp="yes" contrib-type="author"><name><surname>Cooper</surname><given-names>James W</given-names></name><xref ref-type="aff" rid="I1">1</xref><email>jwcnmr@watson.ibm.com</email></contrib><contrib id="A2" contrib-type="author"><name><surname>Kershenbaum</surname><given-names>Aaron</given-names></name><xref ref-type="aff" rid="I2">2</xref><email>aaronk@watson.ibm.com</email></contrib></contrib-group><aff id="I1"><label>1</label>Text Analytics, IBM Thomas J Watson Research Center, PO Box 704, Yorktown Heights, NY 10598, USA</aff><aff id="I2"><label>2</label>Bioinformatics, IBM Thomas J Watson Research Center, PO Box 218, YorktownHeights, NY 10598, USA</aff><pub-date pub-type="collection"><year>2005</year></pub-date><pub-date pub-type="epub"><day>7</day><month>6</month><year>2005</year></pub-date><volume>6</volume><fpage>143</fpage><lpage>143</lpage><ext-link ext-link-type="uri" xlink:href="http://www.biomedcentral.com/1471-2105/6/143"/><history><date date-type="received"><day>3</day><month>11</month><year>2004</year></date><date date-type="accepted"><day>7</day><month>6</month><year>2005</year></date></history><copyright-statement>Copyright © 2005 Cooper and Kershenbaum; licensee BioMed Central Ltd.</copyright-statement><license license-type="open-access" xlink:href="http://creativecommons.org/licenses/by/2.0"><p>This is an Open Access article distributed under the terms of the Creative Commons Attribution License (<ext-link ext-link-type="uri" xlink:href="http://creativecommons.org/licenses/by/2.0"/>), which permits unrestricted use, distribution, and reproduction in any medium, provided the original work is properly cited.</p></license><abstract><sec><title>Background</title><p>The rapid publication of important research in the biomedical literature makes it increasingly difficult for researchers to keep current with significant work in their area of interest.</p></sec><sec><title>Results</title><p>This paper reports a scalable method for the discovery of protein-protein interactions in Medline abstracts, using a combination of text analytics, statistical and graphical analysis, and a set of easily implemented rules. Applying these techniques to 12,300 abstracts, a precision of 0.61 and a recall of 0.97 were obtained, (f = 0.74) and when allowing for two-hop and three-hop relations discovered by graphical analysis, the precision was 0.74 (f = 0.83).</p></sec><sec><title>Conclusion</title><p>This combination of linguistic and statistical approaches appears to provide the highest precision and recall thus far reported in detecting protein-protein relations using text analytic approaches.</p></sec></abstract></article-meta></front></article>