<article xmlns="https://dtd.nlm.nih.gov/ns/archiving/2.3/" xmlns:xsi="http://www.w3.org/2001/XMLSchema-instance" xmlns:mml="http://www.w3.org/1998/Math/MathML" xmlns:xlink="http://www.w3.org/1999/xlink" xsi:schemaLocation="https://dtd.nlm.nih.gov/ns/archiving/2.3/ https://dtd.nlm.nih.gov/archiving/2.3/xsd/archivearticle.xsd" article-type="research-article"><front><journal-meta><journal-id journal-id-type="nlm-ta">BMC Bioinformatics</journal-id><journal-title>BMC Bioinformatics</journal-title><issn pub-type="epub">1471-2105</issn><publisher><publisher-name>BioMed Central</publisher-name><publisher-loc>London</publisher-loc></publisher></journal-meta><article-meta><article-id pub-id-type="accession">PMC1087832</article-id><article-id pub-id-type="pmcid">PMC1087832</article-id><article-id pub-id-type="pmc-uid">1087832</article-id><article-id pub-id-type="pmid">15790427</article-id><article-id pub-id-type="publisher-id">1471-2105-6-77</article-id><article-id pub-id-type="pmid">15790427</article-id><article-id pub-id-type="doi">10.1186/1471-2105-6-77</article-id><article-categories><subj-group subj-group-type="heading"><subject>Research Article</subject></subj-group></article-categories><title-group><article-title>Comparative mapping of sequence-based and structure-based protein domains</article-title></title-group><contrib-group><contrib id="A1" corresp="yes" contrib-type="author"><name><surname>Zhang</surname><given-names>Ya</given-names></name><xref ref-type="aff" rid="I1">1</xref><xref ref-type="aff" rid="I2">2</xref><xref ref-type="aff" rid="I3">3</xref><email>yzz100@psu.edu</email></contrib><contrib id="A2" contrib-type="author"><name><surname>Chandonia</surname><given-names>John-Marc</given-names></name><xref ref-type="aff" rid="I1">1</xref><email>JMChandonia@lbl.gov</email></contrib><contrib id="A3" contrib-type="author"><name><surname>Ding</surname><given-names>Chris</given-names></name><xref ref-type="aff" rid="I2">2</xref><email>chqding@lbl.gov</email></contrib><contrib id="A4" corresp="yes" contrib-type="author"><name><surname>Holbrook</surname><given-names>Stephen R</given-names></name><xref ref-type="aff" rid="I1">1</xref><email>srholbrook@lbl.gov</email></contrib></contrib-group><aff id="I1"><label>1</label>Physical Biosciences Division, Lawrence Berkeley National Laboratory, Berkeley, CA 94720, USA</aff><aff id="I2"><label>2</label>Computational Research Division, Lawrence Berkeley National Laboratory, Berkeley, CA 94720, USA</aff><aff id="I3"><label>3</label>School of Information Sciences and Technology, The Pennsylvania State University, University Park, PA 16802, USA</aff><pub-date pub-type="collection"><year>2005</year></pub-date><pub-date pub-type="epub"><day>25</day><month>3</month><year>2005</year></pub-date><volume>6</volume><fpage>77</fpage><lpage>77</lpage><ext-link ext-link-type="uri" xlink:href="http://www.biomedcentral.com/1471-2105/6/77"/><history><date date-type="received"><day>3</day><month>11</month><year>2004</year></date><date date-type="accepted"><day>25</day><month>3</month><year>2005</year></date></history><copyright-statement>Copyright © 2005 Zhang et al; licensee BioMed Central Ltd.</copyright-statement><license license-type="open-access" xlink:href="http://creativecommons.org/licenses/by/2.0"><p>This is an Open Access article distributed under the terms of the Creative Commons Attribution License (<ext-link ext-link-type="uri" xlink:href="http://creativecommons.org/licenses/by/2.0"/>), which permits unrestricted use, distribution, and reproduction in any medium, provided the original work is properly cited.</p></license><abstract><sec><title>Background</title><p>Protein domains have long been an ill-defined concept in biology. They are generally described as autonomous folding units with evolutionary and functional independence. Both structure-based and sequence-based domain definitions have been widely used. But whether these types of models alone can capture all essential features of domains is still an open question.</p></sec><sec sec-type="methods"><title>Methods</title><p>Here we provide insight on domain definitions through comparative mapping of two domain classification databases, one sequence-based (Pfam) and the other structure-based (SCOP). A mapping score is defined to indicate the significance of the mapping, and the properties of the mapping matrices are studied.</p></sec><sec><title>Results</title><p>The mapping results show a general agreement between the two databases, as well as many interesting areas of disagreement. In the cases of disagreement, the functional and evolutionary characteristics of the domains are examined to determine which domain definition is biologically more informative.</p></sec></abstract></article-meta></front></article>