<article xmlns="https://dtd.nlm.nih.gov/ns/archiving/2.3/" xmlns:xsi="http://www.w3.org/2001/XMLSchema-instance" xmlns:mml="http://www.w3.org/1998/Math/MathML" xmlns:xlink="http://www.w3.org/1999/xlink" xsi:schemaLocation="https://dtd.nlm.nih.gov/ns/archiving/2.3/ https://dtd.nlm.nih.gov/archiving/2.3/xsd/archivearticle.xsd" article-type="research-article"><front><journal-meta><journal-id journal-id-type="nlm-ta">BMC Bioinformatics</journal-id><journal-title>BMC Bioinformatics</journal-title><issn pub-type="epub">1471-2105</issn><publisher><publisher-name>BioMed Central</publisher-name><publisher-loc>London</publisher-loc></publisher></journal-meta><article-meta><article-id pub-id-type="accession">PMC153505</article-id><article-id pub-id-type="pmcid">PMC153505</article-id><article-id pub-id-type="pmc-uid">153505</article-id><article-id pub-id-type="pmid">12689349</article-id><article-id pub-id-type="publisher-id">1471-2105-4-6</article-id><article-id pub-id-type="pmid">12689349</article-id><article-id pub-id-type="doi">10.1186/1471-2105-4-6</article-id><article-categories><subj-group subj-group-type="heading"><subject>Methodology Article</subject></subj-group></article-categories><title-group><article-title>GapCoder automates the use of indel characters in phylogenetic analysis</article-title></title-group><contrib-group><contrib id="A1" corresp="yes" contrib-type="author"><name><surname>Young</surname><given-names>Nelson D</given-names></name><xref ref-type="aff" rid="I1">1</xref><email>youngnd@duq.edu</email></contrib><contrib id="A2" contrib-type="author"><name><surname>Healy</surname><given-names>John</given-names></name><xref ref-type="aff" rid="I2">2</xref><email>praehotec8@yahoo.com</email></contrib></contrib-group><aff id="I1"><label>1</label>Department of Biological Sciences, Duquesne University, Pittsburgh, PA 15219, USA</aff><aff id="I2"><label>2</label>Biology Department, Trinity University, 715 Stadium Dr., San Antonio, TX 78212, USA</aff><pub-date pub-type="collection"><year>2003</year></pub-date><pub-date pub-type="epub"><day>19</day><month>2</month><year>2003</year></pub-date><volume>4</volume><fpage>6</fpage><lpage>6</lpage><ext-link ext-link-type="uri" xlink:href="http://www.biomedcentral.com/1471-2105/4/6"/><history><date date-type="received"><day>29</day><month>11</month><year>2002</year></date><date date-type="accepted"><day>19</day><month>2</month><year>2003</year></date></history><permissions><copyright-statement>Copyright © 2003 Young and Healy; licensee BioMed Central Ltd. This is an Open Access article: verbatim copying and redistribution of this article are permitted in all media for any purpose, provided this notice is preserved along with the article's original URL.</copyright-statement><copyright-year>2003</copyright-year><copyright-holder>Young and Healy; licensee BioMed Central Ltd. This is an Open Access article: verbatim copying and redistribution of this article are permitted in all media for any purpose, provided this notice is preserved along with the article's original URL.</copyright-holder></permissions><abstract><sec><title>Background</title><p>Several ways of incorporating indels into phylogenetic analysis have been suggested. Simple indel coding has two strengths: (1) biological realism and (2) efficiency of analysis. In the method, each indel with different start and/or end positions is considered to be a separate character. The presence/absence of these indel characters is then added to the data set.</p></sec><sec><title>Algorithm</title><p>We have written a program, GapCoder to automate this procedure. The program can input PIR format aligned datasets, find the indels and add the indel-based characters. The output is a NEXUS format file, which includes a table showing what region each indel characters is based on. If regions are excluded from analysis, this table makes it easy to identify the corresponding indel characters for exclusion.</p></sec><sec><title>Discussion</title><p>Manual implementation of the simple indel coding method can be very time-consuming, especially in data sets where indels are numerous and/or overlapping. GapCoder automates this method and is therefore particularly useful during procedures where phylogenetic analyses need to be repeated many times, such as when different alignments are being explored or when various taxon or character sets are being explored. GapCoder is currently available for Windows from <ext-link ext-link-type="uri" xlink:href="http://www.home.duq.edu/~youngnd/GapCoder"/>.</p></sec></abstract></article-meta></front></article>