<article xmlns="https://dtd.nlm.nih.gov/ns/archiving/2.3/" xmlns:xsi="http://www.w3.org/2001/XMLSchema-instance" xmlns:mml="http://www.w3.org/1998/Math/MathML" xmlns:xlink="http://www.w3.org/1999/xlink" xsi:schemaLocation="https://dtd.nlm.nih.gov/ns/archiving/2.3/ https://dtd.nlm.nih.gov/archiving/2.3/xsd/archivearticle.xsd" article-type="research-article"><front><journal-meta><journal-id journal-id-type="nlm-ta">BMC Bioinformatics</journal-id><journal-title>BMC Bioinformatics</journal-title><issn pub-type="epub">1471-2105</issn><publisher><publisher-name>BioMed Central</publisher-name><publisher-loc>London</publisher-loc></publisher></journal-meta><article-meta><article-id pub-id-type="accession">PMC1087831</article-id><article-id pub-id-type="pmcid">PMC1087831</article-id><article-id pub-id-type="pmc-uid">1087831</article-id><article-id pub-id-type="pmid">15790388</article-id><article-id pub-id-type="publisher-id">1471-2105-6-76</article-id><article-id pub-id-type="pmid">15790388</article-id><article-id pub-id-type="doi">10.1186/1471-2105-6-76</article-id><article-categories><subj-group subj-group-type="heading"><subject>Research Article</subject></subj-group></article-categories><title-group><article-title>An Entropy-based gene selection method for cancer classification using microarray data</article-title></title-group><contrib-group><contrib id="A1" contrib-type="author"><name><surname>Liu</surname><given-names>Xiaoxing</given-names></name><xref ref-type="aff" rid="I1">1</xref><email>xiaoxing@bii.a-star.edu.sg</email></contrib><contrib id="A2" corresp="yes" contrib-type="author"><name><surname>Krishnan</surname><given-names>Arun</given-names></name><xref ref-type="aff" rid="I1">1</xref><email>arun@bii.a-star.edu.sg</email></contrib><contrib id="A3" contrib-type="author"><name><surname>Mondry</surname><given-names>Adrian</given-names></name><xref ref-type="aff" rid="I1">1</xref><email>adrian@bii.a-star.edu.sg</email></contrib></contrib-group><aff id="I1"><label>1</label>Bioinformatics Institute, 30, Biopolis Street, #07-01, (S) 138671, Singapore</aff><pub-date pub-type="collection"><year>2005</year></pub-date><pub-date pub-type="epub"><day>24</day><month>3</month><year>2005</year></pub-date><volume>6</volume><fpage>76</fpage><lpage>76</lpage><ext-link ext-link-type="uri" xlink:href="http://www.biomedcentral.com/1471-2105/6/76"/><history><date date-type="received"><day>13</day><month>7</month><year>2004</year></date><date date-type="accepted"><day>24</day><month>3</month><year>2005</year></date></history><copyright-statement>Copyright © 2005 Liu et al; licensee BioMed Central Ltd.</copyright-statement><license license-type="open-access" xlink:href="http://creativecommons.org/licenses/by/2.0"><p>This is an Open Access article distributed under the terms of the Creative Commons Attribution License (<ext-link ext-link-type="uri" xlink:href="http://creativecommons.org/licenses/by/2.0"/>), which permits unrestricted use, distribution, and reproduction in any medium, provided the original work is properly cited.</p></license><abstract><sec><title>Background</title><p>Accurate diagnosis of cancer subtypes remains a challenging problem. Building classifiers based on gene expression data is a promising approach; yet the selection of non-redundant but relevant genes is difficult.</p><p>The selected gene set should be small enough to allow diagnosis even in regular clinical laboratories and ideally identify genes involved in cancer-specific regulatory pathways. Here an entropy-based method is proposed that selects genes related to the different cancer classes while at the same time reducing the redundancy among the genes.</p></sec><sec><title>Results</title><p>The present study identifies a subset of features by maximizing the relevance and minimizing the redundancy of the selected genes. A merit called <italic>normalized mutual information </italic>is employed to measure the relevance and the redundancy of the genes. In order to find a more representative subset of features, an iterative procedure is adopted that incorporates an initial clustering followed by data partitioning and the application of the algorithm to each of the partitions. A leave-one-out approach then selects the most commonly selected genes across all the different runs and the gene selection algorithm is applied again to pare down the list of selected genes until a <italic>minimal </italic>subset is obtained that gives a satisfactory accuracy of classification.</p><p>The algorithm was applied to three different data sets and the results obtained were compared to work done by others using the same data sets</p></sec><sec><title>Conclusion</title><p>This study presents an entropy-based iterative algorithm for selecting genes from microarray data that are able to classify various cancer sub-types with high accuracy. In addition, the feature set obtained is very compact, that is, the redundancy between genes is reduced to a large extent. This implies that classifiers can be built with a smaller subset of genes.</p></sec></abstract></article-meta></front></article>