<article xmlns="https://dtd.nlm.nih.gov/ns/archiving/2.3/" xmlns:xsi="http://www.w3.org/2001/XMLSchema-instance" xmlns:mml="http://www.w3.org/1998/Math/MathML" xmlns:xlink="http://www.w3.org/1999/xlink" xsi:schemaLocation="https://dtd.nlm.nih.gov/ns/archiving/2.3/ https://dtd.nlm.nih.gov/archiving/2.3/xsd/archivearticle.xsd" article-type="research-article"><front><journal-meta><journal-id journal-id-type="nlm-ta">BMC Bioinformatics</journal-id><journal-title>BMC Bioinformatics</journal-title><issn pub-type="epub">1471-2105</issn><publisher><publisher-name>BioMed Central</publisher-name><publisher-loc>London</publisher-loc></publisher></journal-meta><article-meta><article-id pub-id-type="accession">PMC155539</article-id><article-id pub-id-type="pmcid">PMC155539</article-id><article-id pub-id-type="pmc-uid">155539</article-id><article-id pub-id-type="pmid">12697066</article-id><article-id pub-id-type="publisher-id">1471-2105-4-13</article-id><article-id pub-id-type="pmid">12697066</article-id><article-id pub-id-type="doi">10.1186/1471-2105-4-13</article-id><article-categories><subj-group subj-group-type="heading"><subject>Research Article</subject></subj-group></article-categories><title-group><article-title>Neural network analysis of lymphoma microarray data: prognosis and diagnosis near-perfect</article-title></title-group><contrib-group><contrib id="A1" corresp="yes" contrib-type="author"><name><surname>O'Neill</surname><given-names>Michael C</given-names></name><xref ref-type="aff" rid="I1">1</xref><email>moneill@umbc.edu</email></contrib><contrib id="A2" contrib-type="author"><name><surname>Song</surname><given-names>Li</given-names></name><xref ref-type="aff" rid="I1">1</xref><email>lsong1@umbc.edu</email></contrib></contrib-group><aff id="I1"><label>1</label>Department of Biological Sciences, University of Maryland, Baltimore County Baltimore, Maryland 21250, USA</aff><pub-date pub-type="collection"><year>2003</year></pub-date><pub-date pub-type="epub"><day>10</day><month>4</month><year>2003</year></pub-date><volume>4</volume><fpage>13</fpage><lpage>13</lpage><ext-link ext-link-type="uri" xlink:href="http://www.biomedcentral.com/1471-2105/4/13"/><history><date date-type="received"><day>12</day><month>3</month><year>2003</year></date><date date-type="accepted"><day>10</day><month>4</month><year>2003</year></date></history><permissions><copyright-statement>Copyright © 2003 O'Neill and Song; licensee BioMed Central Ltd. This is an Open Access article: verbatim copying and redistribution of this article are permitted in all media for any purpose, provided this notice is preserved along with the article's original URL.</copyright-statement><copyright-year>2003</copyright-year><copyright-holder>O'Neill and Song; licensee BioMed Central Ltd. This is an Open Access article: verbatim copying and redistribution of this article are permitted in all media for any purpose, provided this notice is preserved along with the article's original URL.</copyright-holder></permissions><abstract><sec><title>Background</title><p>Microarray chips are being rapidly deployed as a major tool in genomic research. To date most of the analysis of the enormous amount of information provided on these chips has relied on clustering techniques and other standard statistical procedures. These methods, particularly with regard to cancer patient prognosis, have generally been inadequate in providing the reduced gene subsets required for perfect classification.</p></sec><sec><title>Results</title><p>Networks trained on microarray data from DLBCL lymphoma patients have, for the first time, been able to predict the long-term survival of individual patients with 100% accuracy. Other networks were able to distinguish DLBCL lymphoma donors from other donors, including donors with other lymphomas, with 99% accuracy. Differentiating the trained network can narrow the gene profile to less than three dozen genes for each classification.</p></sec><sec><title>Conclusions</title><p>Here we show that artificial neural networks are a superior tool for digesting microarray data both with regard to making distinctions based on the data and with regard to providing very specific reference as to which genes were most important in making the correct distinction in each case.</p></sec></abstract><kwd-group><kwd>diffuse large B-cell lymphoma</kwd><kwd>microarray data</kwd><kwd>neural networks</kwd><kwd>prognosis</kwd><kwd>diagnosis</kwd></kwd-group></article-meta></front></article>