<article xmlns="https://dtd.nlm.nih.gov/ns/archiving/2.3/" xmlns:xsi="http://www.w3.org/2001/XMLSchema-instance" xmlns:mml="http://www.w3.org/1998/Math/MathML" xmlns:xlink="http://www.w3.org/1999/xlink" xsi:schemaLocation="https://dtd.nlm.nih.gov/ns/archiving/2.3/ https://dtd.nlm.nih.gov/archiving/2.3/xsd/archivearticle.xsd" article-type="product-review"><front><journal-meta><journal-id journal-id-type="nlm-ta">BMC Bioinformatics</journal-id><journal-title>BMC Bioinformatics</journal-title><issn pub-type="epub">1471-2105</issn><publisher><publisher-name>BioMed Central</publisher-name><publisher-loc>London</publisher-loc></publisher></journal-meta><article-meta><article-id pub-id-type="accession">PMC1087835</article-id><article-id pub-id-type="pmcid">PMC1087835</article-id><article-id pub-id-type="pmc-uid">1087835</article-id><article-id pub-id-type="pmid">15819992</article-id><article-id pub-id-type="publisher-id">1471-2105-6-93</article-id><article-id pub-id-type="pmid">15819992</article-id><article-id pub-id-type="doi">10.1186/1471-2105-6-93</article-id><article-categories><subj-group subj-group-type="heading"><subject>Software</subject></subj-group></article-categories><title-group><article-title>Windows .NET Network Distributed Basic Local Alignment Search Toolkit (W.ND-BLAST)</article-title></title-group><contrib-group><contrib id="A1" corresp="yes" contrib-type="author"><name><surname>Dowd</surname><given-names>Scot E</given-names></name><xref ref-type="aff" rid="I1">1</xref><email>sdowd@lbk.ars.usda.gov</email></contrib><contrib id="A2" contrib-type="author"><name><surname>Zaragoza</surname><given-names>Joaquin</given-names></name><xref ref-type="aff" rid="I1">1</xref><email>jzaragoza@lbk.ars.usda.gov</email></contrib><contrib id="A3" contrib-type="author"><name><surname>Rodriguez</surname><given-names>Javier R</given-names></name><xref ref-type="aff" rid="I2">2</xref><email>vrodriguez@lbk.ars.usda.gov</email></contrib><contrib id="A4" contrib-type="author"><name><surname>Oliver</surname><given-names>Melvin J</given-names></name><xref ref-type="aff" rid="I2">2</xref><email>moliver@lbk.ars.usda.gov</email></contrib><contrib id="A5" contrib-type="author"><name><surname>Payton</surname><given-names>Paxton R</given-names></name><xref ref-type="aff" rid="I2">2</xref><email>ppayton@lbk.ars.usda.gov</email></contrib></contrib-group><aff id="I1"><label>1</label>Livestock Issues Research Unit, Agriculture Research Service, USDA, Lubbock, TX, USA</aff><aff id="I2"><label>2</label>Plant Stress and Germplasm Development Research Unit, Agriculture Research Service, USDA, Lubbock, TX, USA</aff><pub-date pub-type="collection"><year>2005</year></pub-date><pub-date pub-type="epub"><day>8</day><month>4</month><year>2005</year></pub-date><volume>6</volume><fpage>93</fpage><lpage>93</lpage><ext-link ext-link-type="uri" xlink:href="http://www.biomedcentral.com/1471-2105/6/93"/><history><date date-type="received"><day>1</day><month>11</month><year>2004</year></date><date date-type="accepted"><day>8</day><month>4</month><year>2005</year></date></history><copyright-statement>Copyright © 2005 Dowd et al; licensee BioMed Central Ltd.</copyright-statement><license license-type="open-access" xlink:href="http://creativecommons.org/licenses/by/2.0"><p>This is an Open Access article distributed under the terms of the Creative Commons Attribution License (<ext-link ext-link-type="uri" xlink:href="http://creativecommons.org/licenses/by/2.0"/>), which permits unrestricted use, distribution, and reproduction in any medium, provided the original work is properly cited.</p></license><abstract><sec><title>Background</title><p>BLAST is one of the most common and useful tools for Genetic Research. This paper describes a software application we have termed Windows .NET Distributed Basic Local Alignment Search Toolkit (W.ND-BLAST), which enhances the BLAST utility by improving usability, fault recovery, and scalability in a Windows desktop environment. Our goal was to develop an easy to use, fault tolerant, high-throughput BLAST solution that incorporates a comprehensive BLAST result viewer with curation and annotation functionality.</p></sec><sec><title>Results</title><p>W.ND-BLAST is a comprehensive Windows-based software toolkit that targets researchers, including those with minimal computer skills, and provides the ability increase the performance of BLAST by distributing BLAST queries to any number of Windows based machines across local area networks (LAN). W.ND-BLAST provides intuitive Graphic User Interfaces (GUI) for BLAST database creation, BLAST execution, BLAST output evaluation and BLAST result exportation. This software also provides several layers of fault tolerance and fault recovery to prevent loss of data if nodes or master machines fail. This paper lays out the functionality of W.ND-BLAST. W.ND-BLAST displays close to 100% performance efficiency when distributing tasks to 12 remote computers of the same performance class. A high throughput BLAST job which took 662.68 minutes (11 hours) on one average machine was completed in 44.97 minutes when distributed to 17 nodes, which included lower performance class machines. Finally, there is a comprehensive high-throughput BLAST Output Viewer (BOV) and Annotation Engine components, which provides comprehensive exportation of BLAST hits to text files, annotated fasta files, tables, or association files.</p></sec><sec><title>Conclusion</title><p>W.ND-BLAST provides an interactive tool that allows scientists to easily utilizing their available computing resources for high throughput and comprehensive sequence analyses. The install package for W.ND-BLAST is freely downloadable from <ext-link ext-link-type="uri" xlink:href="http://liru.ars.usda.gov/mainbioinformatics.html"/>. With registration the software is free, installation, networking, and usage instructions are provided as well as a support forum.</p></sec></abstract></article-meta></front></article>