<article xmlns="https://jats.nlm.nih.gov/ns/archiving/1.2/" xmlns:xsi="http://www.w3.org/2001/XMLSchema-instance" xmlns:mml="http://www.w3.org/1998/Math/MathML" xmlns:xlink="http://www.w3.org/1999/xlink" xsi:schemaLocation="https://jats.nlm.nih.gov/ns/archiving/1.2/ https://jats.nlm.nih.gov/archiving/1.2/xsd/JATS-archivearticle1.xsd" article-type="research-article"><front><journal-meta><journal-id journal-id-type="nlm-ta">BMC Bioinformatics</journal-id><journal-title-group><journal-title>BMC Bioinformatics</journal-title></journal-title-group><issn pub-type="epub">1471-2105</issn><publisher><publisher-name>BioMed Central</publisher-name></publisher></journal-meta><article-meta><article-id pub-id-type="accession">PMC138791</article-id><article-id pub-id-type="pmcid">PMC138791</article-id><article-id pub-id-type="pmc-uid">138791</article-id><article-id pub-id-type="pmid">12401134</article-id><article-id pub-id-type="publisher-id">1471-2105-3-32</article-id><article-id pub-id-type="pmid">12401134</article-id><article-id pub-id-type="doi">10.1186/1471-2105-3-32</article-id><article-categories><subj-group subj-group-type="heading"><subject>Methodology article</subject></subj-group></article-categories><title-group><article-title>SeqHound: biological sequence and structure database as a platform for bioinformatics research</article-title></title-group><contrib-group><contrib contrib-type="author" id="A1"><name><surname>Michalickova</surname><given-names>Katerina</given-names></name><xref ref-type="aff" rid="I1">1</xref><xref ref-type="aff" rid="I2">2</xref><email>katerina@mshri.on.ca</email></contrib><contrib contrib-type="author" id="A2"><name><surname>Bader</surname><given-names>Gary D</given-names></name><xref ref-type="aff" rid="I1">1</xref><xref ref-type="aff" rid="I2">2</xref><email>gary.bader@utoronto.ca</email></contrib><contrib contrib-type="author" id="A3"><name><surname>Dumontier</surname><given-names>Michel</given-names></name><xref ref-type="aff" rid="I1">1</xref><xref ref-type="aff" rid="I2">2</xref><email>micheld@mshri.on.ca</email></contrib><contrib contrib-type="author" id="A4"><name><surname>Lieu</surname><given-names>Hao</given-names></name><xref ref-type="aff" rid="I2">2</xref><email>lieu@mshri.on.ca</email></contrib><contrib contrib-type="author" id="A5"><name><surname>Betel</surname><given-names>Doron</given-names></name><xref ref-type="aff" rid="I1">1</xref><xref ref-type="aff" rid="I2">2</xref><email>betel@mshri.on.ca</email></contrib><contrib contrib-type="author" id="A6"><name><surname>Isserlin</surname><given-names>Ruth</given-names></name><xref ref-type="aff" rid="I1">1</xref><xref ref-type="aff" rid="I2">2</xref><email>ruth.isserlin@utoronto.ca</email></contrib><contrib contrib-type="author" corresp="yes" id="A7"><name><surname>Hogue</surname><given-names>Christopher WV</given-names></name><xref ref-type="aff" rid="I1">1</xref><xref ref-type="aff" rid="I2">2</xref><email>hogue@mshri.on.ca</email></contrib></contrib-group><aff id="I1"><label>1</label>Department of Biochemistry, University of Toronto, Toronto, Ontario, Canada M5S 1A8</aff><aff id="I2"><label>2</label>Samuel Lunenfeld Research Institute, 600 University Avenue, Toronto, Ontario, Canada M5G 1X5</aff><pub-date pub-type="collection"><year>2002</year></pub-date><pub-date pub-type="epub"><day>25</day><month>10</month><year>2002</year></pub-date><volume>3</volume><fpage>32</fpage><lpage>32</lpage><history><date date-type="received"><day>1</day><month>8</month><year>2002</year></date><date date-type="accepted"><day>25</day><month>10</month><year>2002</year></date></history><permissions><copyright-statement>Copyright ©2002 Michalickova et al; licensee BioMed Central Ltd. This is an Open Access article: verbatim copying and redistribution of this article are permitted in all media for any purpose, provided this notice is preserved along with the article's original URL.</copyright-statement><copyright-year>2002</copyright-year><copyright-holder>Michalickova et al; licensee BioMed Central Ltd. This is an Open Access article: verbatim copying and redistribution of this article are permitted in all media for any purpose, provided this notice is preserved along with the article's original URL.</copyright-holder></permissions><self-uri xlink:href="http://www.biomedcentral.com/1471-2105/3/32"/><abstract><sec><title>Background</title><p>SeqHound has been developed as an integrated biological sequence, taxonomy, annotation and 3-D structure database system. It provides a high-performance server platform for bioinformatics research in a locally-hosted environment.</p></sec><sec><title>Results</title><p>SeqHound is based on the National Center for Biotechnology Information data model and programming tools. It offers daily updated contents of all Entrez sequence databases in addition to 3-D structural data and information about sequence redundancies, sequence neighbours, taxonomy, complete genomes, functional annotation including Gene Ontology terms and literature links to PubMed. SeqHound is accessible via a web server through a Perl, C or C++ remote API or an optimized local API. It provides functionality necessary to retrieve specialized subsets of sequences, structures and structural domains. Sequences may be retrieved in FASTA, GenBank, ASN.1 and XML formats. Structures are available in ASN.1, XML and PDB formats. Emphasis has been placed on complete genomes, taxonomy, domain and functional annotation as well as 3-D structural functionality in the API, while fielded text indexing functionality remains under development. SeqHound also offers a streamlined WWW interface for simple web-user queries.</p></sec><sec><title>Conclusions</title><p>The system has proven useful in several published bioinformatics projects such as the BIND database and offers a cost-effective infrastructure for research. SeqHound will continue to develop and be provided as a service of the Blueprint Initiative at the Samuel Lunenfeld Research Institute. The source code and examples are available under the terms of the GNU public license at the Sourceforge site <ext-link ext-link-type="uri" xlink:href="http://sourceforge.net/projects/slritools/">http://sourceforge.net/projects/slritools/</ext-link> in the SLRI Toolkit.</p></sec></abstract><kwd-group><kwd>sequence database</kwd><kwd>structure database</kwd><kwd>local database resource</kwd></kwd-group></article-meta></front></article>