<article xmlns="https://dtd.nlm.nih.gov/ns/archiving/2.3/" xmlns:xsi="http://www.w3.org/2001/XMLSchema-instance" xmlns:mml="http://www.w3.org/1998/Math/MathML" xmlns:xlink="http://www.w3.org/1999/xlink" xsi:schemaLocation="https://dtd.nlm.nih.gov/ns/archiving/2.3/ https://dtd.nlm.nih.gov/archiving/2.3/xsd/archivearticle.xsd" article-type="product-review"><front><journal-meta><journal-id journal-id-type="nlm-ta">BMC Bioinformatics</journal-id><journal-title>BMC Bioinformatics</journal-title><issn pub-type="epub">1471-2105</issn><publisher><publisher-name>BioMed Central</publisher-name><publisher-loc>London</publisher-loc></publisher></journal-meta><article-meta><article-id pub-id-type="accession">PMC1087834</article-id><article-id pub-id-type="pmcid">PMC1087834</article-id><article-id pub-id-type="pmc-uid">1087834</article-id><article-id pub-id-type="pmid">15813968</article-id><article-id pub-id-type="publisher-id">1471-2105-6-86</article-id><article-id pub-id-type="pmid">15813968</article-id><article-id pub-id-type="doi">10.1186/1471-2105-6-86</article-id><article-categories><subj-group subj-group-type="heading"><subject>Software</subject></subj-group></article-categories><title-group><article-title>HDBStat!: A platform-independent software suite for statistical analysis of high dimensional biology data</article-title></title-group><contrib-group><contrib id="A1" contrib-type="author"><name><surname>Trivedi</surname><given-names>Prinal</given-names></name><xref ref-type="aff" rid="I1">1</xref><email>PatelHP@uab.edu</email></contrib><contrib id="A2" contrib-type="author"><name><surname>Edwards</surname><given-names>Jode W</given-names></name><xref ref-type="aff" rid="I1">1</xref><xref ref-type="aff" rid="I3">3</xref><email>Jode@iastate.edu</email></contrib><contrib id="A3" contrib-type="author"><name><surname>Wang</surname><given-names>Jelai</given-names></name><xref ref-type="aff" rid="I1">1</xref><email>JelaiW@uab.edu</email></contrib><contrib id="A4" contrib-type="author"><name><surname>Gadbury</surname><given-names>Gary L</given-names></name><xref ref-type="aff" rid="I1">1</xref><xref ref-type="aff" rid="I2">2</xref><email>GadburyG@umr.edu</email></contrib><contrib id="A5" contrib-type="author"><name><surname>Srinivasasainagendra</surname><given-names>Vinodh</given-names></name><xref ref-type="aff" rid="I1">1</xref><email>Vinodh@uab.edu</email></contrib><contrib id="A6" contrib-type="author"><name><surname>Zakharkin</surname><given-names>Stanislav O</given-names></name><xref ref-type="aff" rid="I1">1</xref><email>Stas@uab.edu</email></contrib><contrib id="A7" contrib-type="author"><name><surname>Kim</surname><given-names>Kyoungmi</given-names></name><xref ref-type="aff" rid="I1">1</xref><email>Kyoungmi@uab.edu</email></contrib><contrib id="A8" contrib-type="author"><name><surname>Mehta</surname><given-names>Tapan</given-names></name><xref ref-type="aff" rid="I1">1</xref><email>Tapan@uab.edu</email></contrib><contrib id="A9" contrib-type="author"><name><surname>Brand</surname><given-names>Jacob PL</given-names></name><xref ref-type="aff" rid="I1">1</xref><xref ref-type="aff" rid="I4">4</xref><email>BrandJP@pbrc.edu</email></contrib><contrib id="A10" contrib-type="author"><name><surname>Patki</surname><given-names>Amit</given-names></name><xref ref-type="aff" rid="I1">1</xref><email>APatki@uab.edu</email></contrib><contrib id="A11" contrib-type="author"><name><surname>Page</surname><given-names>Grier P</given-names></name><xref ref-type="aff" rid="I1">1</xref><email>GPage@uab.edu</email></contrib><contrib id="A12" corresp="yes" contrib-type="author"><name><surname>Allison</surname><given-names>David B</given-names></name><xref ref-type="aff" rid="I1">1</xref><email>DAllison@uab.edu</email></contrib></contrib-group><aff id="I1"><label>1</label>Section on Statistical Genetics, Department of Biostatistics, University of Alabama at Birmingham, Birmingham, AL 35294, USA</aff><aff id="I2"><label>2</label>Department of Mathematics and Statistics, University of Missouri-Rolla, Rolla, MO 65409, USA</aff><aff id="I3"><label>3</label>Department of Agronomy, Iowa State University, Ames, IA 50011, USA</aff><aff id="I4"><label>4</label>Pennington Biomedical Research Center, 6400 Perkins Rd., Baton Rouge, LA 70808, USA</aff><pub-date pub-type="collection"><year>2005</year></pub-date><pub-date pub-type="epub"><day>6</day><month>4</month><year>2005</year></pub-date><volume>6</volume><fpage>86</fpage><lpage>86</lpage><ext-link ext-link-type="uri" xlink:href="http://www.biomedcentral.com/1471-2105/6/86"/><history><date date-type="received"><day>29</day><month>11</month><year>2004</year></date><date date-type="accepted"><day>6</day><month>4</month><year>2005</year></date></history><copyright-statement>Copyright © 2005 Trivedi et al; licensee BioMed Central Ltd.</copyright-statement><license license-type="open-access" xlink:href="http://creativecommons.org/licenses/by/2.0"><p>This is an Open Access article distributed under the terms of the Creative Commons Attribution License (<ext-link ext-link-type="uri" xlink:href="http://creativecommons.org/licenses/by/2.0"/>), which permits unrestricted use, distribution, and reproduction in any medium, provided the original work is properly cited.</p></license><abstract><sec><title>Background</title><p>Many efforts in microarray data analysis are focused on providing tools and methods for the qualitative analysis of microarray data. HDBStat! (High-Dimensional Biology-Statistics) is a software package designed for analysis of high dimensional biology data such as microarray data. It was initially developed for the analysis of microarray gene expression data, but it can also be used for some applications in proteomics and other aspects of genomics. HDBStat! provides statisticians and biologists a flexible and easy-to-use interface to analyze complex microarray data using a variety of methods for data preprocessing, quality control analysis and hypothesis testing.</p></sec><sec><title>Results</title><p>Results generated from data preprocessing methods, quality control analysis and hypothesis testing methods are output in the form of Excel CSV tables, graphs and an Html report summarizing data analysis.</p></sec><sec><title>Conclusion</title><p>HDBStat! is a platform-independent software that is freely available to academic institutions and non-profit organizations. It can be downloaded from our website <ext-link ext-link-type="uri" xlink:href="http://www.soph.uab.edu/ssg_content.asp?id=1164"/>.</p></sec></abstract></article-meta></front></article>