<article xmlns="https://dtd.nlm.nih.gov/ns/archiving/2.3/" xmlns:xsi="http://www.w3.org/2001/XMLSchema-instance" xmlns:mml="http://www.w3.org/1998/Math/MathML" xmlns:xlink="http://www.w3.org/1999/xlink" xsi:schemaLocation="https://dtd.nlm.nih.gov/ns/archiving/2.3/ https://dtd.nlm.nih.gov/archiving/2.3/xsd/archivearticle.xsd" article-type="research-article"><front><journal-meta><journal-id journal-id-type="nlm-ta">BMC Bioinformatics</journal-id><journal-title>BMC Bioinformatics</journal-title><issn pub-type="epub">1471-2105</issn><publisher><publisher-name>BioMed Central</publisher-name><publisher-loc>London</publisher-loc></publisher></journal-meta><article-meta><article-id pub-id-type="accession">PMC1087829</article-id><article-id pub-id-type="pmcid">PMC1087829</article-id><article-id pub-id-type="pmc-uid">1087829</article-id><article-id pub-id-type="pmid">15780137</article-id><article-id pub-id-type="publisher-id">1471-2105-6-63</article-id><article-id pub-id-type="pmid">15780137</article-id><article-id pub-id-type="doi">10.1186/1471-2105-6-63</article-id><article-categories><subj-group subj-group-type="heading"><subject>Research Article</subject></subj-group></article-categories><title-group><article-title>Evolutionary models for insertions and deletions in a probabilistic modeling framework</article-title></title-group><contrib-group><contrib id="A1" corresp="yes" contrib-type="author"><name><surname>Rivas</surname><given-names>Elena</given-names></name><xref ref-type="aff" rid="I1">1</xref><email>elena@genetics.wustl.edu</email></contrib></contrib-group><aff id="I1"><label>1</label>Department of Genetics, Washington University School of Medicine, 4444 Forest Park Blvd., Saint Louis, Missouri 63108 USA</aff><pub-date pub-type="collection"><year>2005</year></pub-date><pub-date pub-type="epub"><day>21</day><month>3</month><year>2005</year></pub-date><volume>6</volume><fpage>63</fpage><lpage>63</lpage><ext-link ext-link-type="uri" xlink:href="http://www.biomedcentral.com/1471-2105/6/63"/><history><date date-type="received"><day>16</day><month>12</month><year>2004</year></date><date date-type="accepted"><day>21</day><month>3</month><year>2005</year></date></history><copyright-statement>Copyright © 2005 Rivas; licensee BioMed Central Ltd.</copyright-statement><license license-type="open-access" xlink:href="http://creativecommons.org/licenses/by/2.0"><p>This is an Open Access article distributed under the terms of the Creative Commons Attribution License (<ext-link ext-link-type="uri" xlink:href="http://creativecommons.org/licenses/by/2.0"/>), which permits unrestricted use, distribution, and reproduction in any medium, provided the original work is properly cited.</p></license><abstract><sec><title>Background</title><p>Probabilistic models for sequence comparison (such as hidden Markov models and pair hidden Markov models for proteins and mRNAs, or their context-free grammar counterparts for structural RNAs) often assume a fixed degree of divergence. Ideally we would like these models to be conditional on evolutionary divergence time.</p><p>Probabilistic models of substitution events are well established, but there has not been a completely satisfactory theoretical framework for modeling insertion and deletion events.</p></sec><sec><title>Results</title><p>I have developed a method for extending standard Markov substitution models to include gap characters, and another method for the evolution of state transition probabilities in a probabilistic model. These methods use instantaneous rate matrices in a way that is more general than those used for substitution processes, and are sufficient to provide time-dependent models for standard linear and affine gap penalties, respectively.</p><p>Given a probabilistic model, we can make all of its emission probabilities (including gap characters) and all its transition probabilities conditional on a chosen divergence time. To do this, we only need to know the parameters of the model at one particular divergence time instance, as well as the parameters of the model at the two extremes of zero and infinite divergence.</p><p>I have implemented these methods in a new generation of the RNA genefinder QRNA (eQRNA).</p></sec><sec><title>Conclusion</title><p>These methods can be applied to incorporate evolutionary models of insertions and deletions into any hidden Markov model or stochastic context-free grammar, in a pair or profile form, for sequence modeling.</p></sec></abstract></article-meta></front></article>