<article xmlns="https://dtd.nlm.nih.gov/ns/archiving/2.3/" xmlns:xsi="http://www.w3.org/2001/XMLSchema-instance" xmlns:mml="http://www.w3.org/1998/Math/MathML" xmlns:xlink="http://www.w3.org/1999/xlink" xsi:schemaLocation="https://dtd.nlm.nih.gov/ns/archiving/2.3/ https://dtd.nlm.nih.gov/archiving/2.3/xsd/archivearticle.xsd" article-type="research-article"><front><journal-meta><journal-id journal-id-type="nlm-ta">BMC Bioinformatics</journal-id><journal-title>BMC Bioinformatics</journal-title><issn pub-type="epub">1471-2105</issn><publisher><publisher-name>BioMed Central</publisher-name><publisher-loc>London</publisher-loc></publisher></journal-meta><article-meta><article-id pub-id-type="accession">PMC1189079</article-id><article-id pub-id-type="pmcid">PMC1189079</article-id><article-id pub-id-type="pmc-uid">1189079</article-id><article-id pub-id-type="pmid">15992406</article-id><article-id pub-id-type="publisher-id">1471-2105-6-166</article-id><article-id pub-id-type="pmid">15992406</article-id><article-id pub-id-type="doi">10.1186/1471-2105-6-166</article-id><article-categories><subj-group subj-group-type="heading"><subject>Methodology Article</subject></subj-group></article-categories><title-group><article-title>Quality assessment of microarrays: Visualization of spatial artifacts and quantitation of regional biases</article-title></title-group><contrib-group><contrib id="A1" corresp="yes" contrib-type="author"><name><surname>Reimers</surname><given-names>Mark</given-names></name><xref ref-type="aff" rid="I1">1</xref><email>reimersm@mail.nih.gov</email></contrib><contrib id="A2" contrib-type="author"><name><surname>Weinstein</surname><given-names>John N</given-names></name><xref ref-type="aff" rid="I1">1</xref><email>weinstein@dtpax2.ncifcrf.gov</email></contrib></contrib-group><aff id="I1"><label>1</label>Genomics &amp; Bioinformatics Group, Laboratory of Molecular Pharmacology, Center for Cancer Research, National Cancer Institute, Bethesda Maryland, 20892 USA</aff><pub-date pub-type="collection"><year>2005</year></pub-date><pub-date pub-type="epub"><day>1</day><month>7</month><year>2005</year></pub-date><volume>6</volume><fpage>166</fpage><lpage>166</lpage><ext-link ext-link-type="uri" xlink:href="http://www.biomedcentral.com/1471-2105/6/166"/><history><date date-type="received"><day>23</day><month>11</month><year>2004</year></date><date date-type="accepted"><day>1</day><month>7</month><year>2005</year></date></history><permissions><copyright-statement>Copyright © 2005 Reimers and Weinstein; licensee BioMed Central Ltd.</copyright-statement><copyright-year>2005</copyright-year><copyright-holder>Reimers and Weinstein; licensee BioMed Central Ltd.</copyright-holder><license license-type="open-access" xlink:href="http://creativecommons.org/licenses/by/2.0"><p>This is an Open Access article distributed under the terms of the Creative Commons Attribution License (<ext-link ext-link-type="uri" xlink:href="http://creativecommons.org/licenses/by/2.0"/>), which permits unrestricted use, distribution, and reproduction in any medium, provided the original work is properly cited.</p><!--<rdf xmlns="http://web.resource.org/cc/" xmlns:rdf="http://www.w3.org/1999/02/22-rdf-syntax-ns#" xmlns:dc="http://purl.org/dc/elements/1.1" xmlns:dcterms="http://purl.org/dc/terms"><Work xmlns:dc="http://purl.org/dc/elements/1.1/" xmlns:dcterms="http://purl.org/dc/terms/" rdf:about=""><license rdf:resource="http://creativecommons.org/licenses/by/2.0"/><dc:type rdf:resource="http://purl.org/dc/dcmitype/Text"/><dc:author>
               Reimers
               Mark
               
               reimersm@mail.nih.gov
            </dc:author><dc:title>
            Quality assessment of microarrays: Visualization of spatial artifacts and quantitation of regional biases
         </dc:title><dc:date>2005</dc:date><dcterms:bibliographicCitation>BMC Bioinformatics 6(1): 166-. (2005)</dcterms:bibliographicCitation><dc:identifier type="sici">1471-2105(2005)6:1&#x0003c;166&#x0003e;</dc:identifier><dcterms:isPartOf>urn:ISSN:1471-2105</dcterms:isPartOf><License rdf:about="http://creativecommons.org/licenses/by/2.0"><permits rdf:resource="http://web.resource.org/cc/Reproduction" xmlns=""/><permits rdf:resource="http://web.resource.org/cc/Distribution" xmlns=""/><requires rdf:resource="http://web.resource.org/cc/Notice" xmlns=""/><requires rdf:resource="http://web.resource.org/cc/Attribution" xmlns=""/><permits rdf:resource="http://web.resource.org/cc/DerivativeWorks" xmlns=""/></License></Work></rdf>--></license></permissions><abstract><sec><title>Background</title><p>Quality-control is an important issue in the analysis of gene expression microarrays. One type of problem is regional bias, in which one region of a chip shows artifactually high or low intensities (or ratios in a two-channel array) relative to the majority of the chip. Current practice in quality assessment for microarrays does not address regional biases.</p></sec><sec><title>Results</title><p>We present methods implemented in R for visualizing regional biases and other spatial artifacts on spotted microarrays and Affymetrix chips. We also propose a statistical index to quantify regional bias and investigate its typical distribution on spotted and Affymetrix arrays.</p><p>We demonstrate that notable regional biases occur on both Affymetrix and spotted arrays and that they can make a significant difference in the case of spotted microarray results. Although strong biases are also seen at the level of individual probes on Affymetrix chips, the gene expression measures are less affected, especially when the RMA method is used to summarize intensities for the probe sets. A web application program for visualization and quantitation of regional bias is provided at <ext-link ext-link-type="uri" xlink:href="http://www.discover.nci.nih.gov/affytools"/>.</p></sec><sec><title>Conclusion</title><p>Researchers should visualize and measure the regional biases and should estimate their impact on gene expression measurements obtained. Here, we (i) introduce pictorial visualizations of the spatial biases; (ii) present for Affymetrix chips a useful resolution of the biases into two components, one related to background, the other to intensity scale factor; (iii) introduce a single parameter to reflect the global bias present across an array. We also examine the pattern distribution of such biases and conclude that algorithms based on smoothing are unlikely to compensate adequately for them.</p></sec></abstract></article-meta></front></article>