<article xmlns="https://dtd.nlm.nih.gov/ns/archiving/2.3/" xmlns:xsi="http://www.w3.org/2001/XMLSchema-instance" xmlns:mml="http://www.w3.org/1998/Math/MathML" xmlns:xlink="http://www.w3.org/1999/xlink" xsi:schemaLocation="https://dtd.nlm.nih.gov/ns/archiving/2.3/ https://dtd.nlm.nih.gov/archiving/2.3/xsd/archivearticle.xsd" article-type="research-article"><front><journal-meta><journal-id journal-id-type="nlm-ta">BMC Bioinformatics</journal-id><journal-title>BMC Bioinformatics</journal-title><issn pub-type="epub">1471-2105</issn><publisher><publisher-name>BioMed Central</publisher-name><publisher-loc>London</publisher-loc></publisher></journal-meta><article-meta><article-id pub-id-type="accession">PMC156619</article-id><article-id pub-id-type="pmcid">PMC156619</article-id><article-id pub-id-type="pmc-uid">156619</article-id><article-id pub-id-type="pmid">12740029</article-id><article-id pub-id-type="publisher-id">1471-2105-4-17</article-id><article-id pub-id-type="pmid">12740029</article-id><article-id pub-id-type="doi">10.1186/1471-2105-4-17</article-id><article-categories><subj-group subj-group-type="heading"><subject>Research Article</subject></subj-group></article-categories><title-group><article-title>A comparison of Pfam and MEROPS: Two databases, one comprehensive, and one specialised.</article-title></title-group><contrib-group><contrib id="A1" corresp="yes" contrib-type="author"><name><surname>Studholme</surname><given-names>David J</given-names></name><xref ref-type="aff" rid="I1">1</xref><email>ds2@sanger.ac.uk</email></contrib><contrib id="A2" contrib-type="author"><name><surname>Rawlings</surname><given-names>Neil D</given-names></name><xref ref-type="aff" rid="I1">1</xref><email>ndr@sanger.ac.uk</email></contrib><contrib id="A3" contrib-type="author"><name><surname>Barrett</surname><given-names>Alan J</given-names></name><xref ref-type="aff" rid="I1">1</xref><email>ab9@sanger.ac.uk</email></contrib><contrib id="A4" contrib-type="author"><name><surname>Bateman</surname><given-names>Alex</given-names></name><xref ref-type="aff" rid="I1">1</xref><email>agb@sanger.ac.uk</email></contrib></contrib-group><aff id="I1"><label>1</label>Wellcome Trust Sanger Institute, Wellcome Trust Genome Campus, Hinxton, Cambridge, UK</aff><pub-date pub-type="collection"><year>2003</year></pub-date><pub-date pub-type="epub"><day>9</day><month>5</month><year>2003</year></pub-date><volume>4</volume><fpage>17</fpage><lpage>17</lpage><ext-link ext-link-type="uri" xlink:href="http://www.biomedcentral.com/1471-2105/4/17"/><history><date date-type="received"><day>20</day><month>3</month><year>2003</year></date><date date-type="accepted"><day>9</day><month>5</month><year>2003</year></date></history><permissions><copyright-statement>Copyright © 2003 Studholme et al; licensee BioMed Central Ltd. This is an Open Access article: verbatim copying and redistribution of this article are permitted in all media for any purpose, provided this notice is preserved along with the article's original URL.</copyright-statement><copyright-year>2003</copyright-year><copyright-holder>Studholme et al; licensee BioMed Central Ltd. This is an Open Access article: verbatim copying and redistribution of this article are permitted in all media for any purpose, provided this notice is preserved along with the article's original URL.</copyright-holder></permissions><abstract><sec><title>Background</title><p>We wished to compare two databases based on sequence similarity: one that aims to be comprehensive in its coverage of known sequences, and one that specialises in a relatively small subset of known sequences. One of the motivations behind this study was quality control. Pfam is a comprehensive collection of alignments and hidden Markov models representing families of proteins and domains. MEROPS is a catalogue and classification of enzymes with proteolytic activity (peptidases or proteases). These secondary databases are used by researchers worldwide, yet their contents are not peer reviewed. Therefore, we hoped that a systematic comparison of the contents of Pfam and MEROPS would highlight missing members and false-positives leading to improvements in quality of both databases. An additional reason for carrying out this study was to explore the extent of consensus in the definition of a protein family.</p></sec><sec><title>Results</title><p>About half (89 out of 174) of the peptidase families in MEROPS overlapped single Pfam families. A further 32 MEROPS families overlapped multiple Pfam families. Where possible, new Pfam families were built to represent most of the MEROPS families that did not overlap Pfam. When comparing the numbers of sequences found in the overlap between a MEROPS family and its corresponding Pfam family, in most cases the overlap was substantial (52 pairs of MEROPS and Pfam families had an intersection size of greater than 75% of the union) but there were some differences in the sets of sequences included in the MEROPS families versus the overlapping Pfam families.</p></sec><sec><title>Conclusions</title><p>A number of the discrepancies between MEROPS families and their corresponding Pfam families arose from differences in the aims and philosophies of the two databases. Examination of some of the discrepancies highlighted additional members of families, which have subsequently been added in both Pfam and MEROPS. This has led to improvements in the quality of both databases. Overall there was a great deal of consensus between the databases in definitions of a protein family.</p></sec></abstract></article-meta></front></article>