<article xmlns="https://dtd.nlm.nih.gov/ns/archiving/2.3/" xmlns:xsi="http://www.w3.org/2001/XMLSchema-instance" xmlns:mml="http://www.w3.org/1998/Math/MathML" xmlns:xlink="http://www.w3.org/1999/xlink" xsi:schemaLocation="https://dtd.nlm.nih.gov/ns/archiving/2.3/ https://dtd.nlm.nih.gov/archiving/2.3/xsd/archivearticle.xsd" article-type="product-review"><front><journal-meta><journal-id journal-id-type="nlm-ta">BMC Bioinformatics</journal-id><journal-title>BMC Bioinformatics</journal-title><issn pub-type="epub">1471-2105</issn><publisher><publisher-name>BioMed Central</publisher-name><publisher-loc>London</publisher-loc></publisher></journal-meta><article-meta><article-id pub-id-type="accession">PMC1183192</article-id><article-id pub-id-type="pmcid">PMC1183192</article-id><article-id pub-id-type="pmc-uid">1183192</article-id><article-id pub-id-type="pmid">16042814</article-id><article-id pub-id-type="publisher-id">1471-2105-6-190</article-id><article-id pub-id-type="pmid">16042814</article-id><article-id pub-id-type="doi">10.1186/1471-2105-6-190</article-id><article-categories><subj-group subj-group-type="heading"><subject>Software</subject></subj-group></article-categories><title-group><article-title>Information theory-based algorithm for <italic>in silico </italic>prediction of PCR products with whole genomic sequences as templates</article-title></title-group><contrib-group><contrib id="A1" contrib-type="author"><name><surname>Cao</surname><given-names>Youfang</given-names></name><xref ref-type="aff" rid="I1">1</xref><email>yfcao@sjtu.edu.cn</email></contrib><contrib id="A2" contrib-type="author"><name><surname>Wang</surname><given-names>Lianjie</given-names></name><xref ref-type="aff" rid="I2">2</xref><email>lpzhao@sjtu.edu.cn</email></contrib><contrib id="A3" contrib-type="author"><name><surname>Xu</surname><given-names>Kexue</given-names></name><xref ref-type="aff" rid="I4">4</xref><email>lpzhao@sjtu.edu.cn</email></contrib><contrib id="A4" contrib-type="author"><name><surname>Kou</surname><given-names>Chunhai</given-names></name><xref ref-type="aff" rid="I3">3</xref><email>lpzhao@sjtu.edu.cn</email></contrib><contrib id="A5" contrib-type="author"><name><surname>Zhang</surname><given-names>Yulei</given-names></name><xref ref-type="aff" rid="I1">1</xref><email>zhangyulei@sjtu.edu.cn</email></contrib><contrib id="A6" contrib-type="author"><name><surname>Wei</surname><given-names>Guifang</given-names></name><xref ref-type="aff" rid="I1">1</xref><email>gfwei@sjtu.edu.cn</email></contrib><contrib id="A7" contrib-type="author"><name><surname>He</surname><given-names>Junjian</given-names></name><xref ref-type="aff" rid="I1">1</xref><email>future@sjtu.edu.cn</email></contrib><contrib id="A8" contrib-type="author"><name><surname>Wang</surname><given-names>Yunfang</given-names></name><xref ref-type="aff" rid="I1">1</xref><email>wangyunfang@citiz.net</email></contrib><contrib id="A9" corresp="yes" contrib-type="author"><name><surname>Zhao</surname><given-names>Liping</given-names></name><xref ref-type="aff" rid="I1">1</xref><email>lpzhao@sjtu.edu.cn</email></contrib></contrib-group><aff id="I1"><label>1</label>School of Life Science and Biotechnology, Shanghai Jiao Tong University, Shanghai 200240, China</aff><aff id="I2"><label>2</label>Department of Food Science and Engineering, Northwest Institute of Light Industry, Xianyang 712081, Shaanxi, China</aff><aff id="I3"><label>3</label>Department of Computer Science, Shanghai Jiao Tong University, Shanghai 200240, China</aff><aff id="I4"><label>4</label>Institute of Botany, Chinese Academy of Sciences, Beijing 100093, China</aff><pub-date pub-type="collection"><year>2005</year></pub-date><pub-date pub-type="epub"><day>26</day><month>7</month><year>2005</year></pub-date><volume>6</volume><fpage>190</fpage><lpage>190</lpage><ext-link ext-link-type="uri" xlink:href="http://www.biomedcentral.com/1471-2105/6/190"/><history><date date-type="received"><day>18</day><month>3</month><year>2005</year></date><date date-type="accepted"><day>26</day><month>7</month><year>2005</year></date></history><permissions><copyright-statement>Copyright © 2005 Cao et al; licensee BioMed Central Ltd.</copyright-statement><copyright-year>2005</copyright-year><copyright-holder>Cao et al; licensee BioMed Central Ltd.</copyright-holder><license license-type="open-access" xlink:href="http://creativecommons.org/licenses/by/2.0"><p>This is an Open Access article distributed under the terms of the Creative Commons Attribution License (<ext-link ext-link-type="uri" xlink:href="http://creativecommons.org/licenses/by/2.0"/>), which permits unrestricted use, distribution, and reproduction in any medium, provided the original work is properly cited.</p><!--<rdf xmlns="http://web.resource.org/cc/" xmlns:rdf="http://www.w3.org/1999/02/22-rdf-syntax-ns#" xmlns:dc="http://purl.org/dc/elements/1.1" xmlns:dcterms="http://purl.org/dc/terms"><Work xmlns:dc="http://purl.org/dc/elements/1.1/" xmlns:dcterms="http://purl.org/dc/terms/" rdf:about=""><license rdf:resource="http://creativecommons.org/licenses/by/2.0"/><dc:type rdf:resource="http://purl.org/dc/dcmitype/Text"/><dc:author>
               Cao
               Youfang
               
               yfcao@sjtu.edu.cn
            </dc:author><dc:title>
            Information theory-based algorithm for in silico prediction of PCR products with whole genomic sequences as templates
         </dc:title><dc:date>2005</dc:date><dcterms:bibliographicCitation>BMC Bioinformatics 6(1): 190-. (2005)</dcterms:bibliographicCitation><dc:identifier type="sici">1471-2105(2005)6:1&#x0003c;190&#x0003e;</dc:identifier><dcterms:isPartOf>urn:ISSN:1471-2105</dcterms:isPartOf><License rdf:about="http://creativecommons.org/licenses/by/2.0"><permits rdf:resource="http://web.resource.org/cc/Reproduction" xmlns=""/><permits rdf:resource="http://web.resource.org/cc/Distribution" xmlns=""/><requires rdf:resource="http://web.resource.org/cc/Notice" xmlns=""/><requires rdf:resource="http://web.resource.org/cc/Attribution" xmlns=""/><permits rdf:resource="http://web.resource.org/cc/DerivativeWorks" xmlns=""/></License></Work></rdf>--></license></permissions><abstract><sec><title>Background</title><p>A new algorithm for assessing similarity between primer and template has been developed based on the hypothesis that annealing of primer to template is an information transfer process.</p></sec><sec><title>Results</title><p>Primer sequence is converted to a vector of the full potential hydrogen numbers (3 for G or C, 2 for A or T), while template sequence is converted to a vector of the actual hydrogen bond numbers formed after primer annealing. The former is considered as source information and the latter destination information. An information coefficient is calculated as a measure for fidelity of this information transfer process and thus a measure of similarity between primer and potential annealing site on template.</p></sec><sec><title>Conclusion</title><p>Successful prediction of PCR products from whole genomic sequences with a computer program based on the algorithm demonstrated the potential of this new algorithm in areas like <italic>in silico </italic>PCR and gene finding.</p></sec></abstract></article-meta></front></article>