<article xmlns="https://dtd.nlm.nih.gov/ns/archiving/2.3/" xmlns:xsi="http://www.w3.org/2001/XMLSchema-instance" xmlns:mml="http://www.w3.org/1998/Math/MathML" xmlns:xlink="http://www.w3.org/1999/xlink" xsi:schemaLocation="https://dtd.nlm.nih.gov/ns/archiving/2.3/ https://dtd.nlm.nih.gov/archiving/2.3/xsd/archivearticle.xsd" article-type="research-article"><front><journal-meta><journal-id journal-id-type="nlm-ta">BMC Bioinformatics</journal-id><journal-title>BMC Bioinformatics</journal-title><issn pub-type="epub">1471-2105</issn><publisher><publisher-name>BioMed Central</publisher-name><publisher-loc>London</publisher-loc></publisher></journal-meta><article-meta><article-id pub-id-type="accession">PMC149346</article-id><article-id pub-id-type="pmcid">PMC149346</article-id><article-id pub-id-type="pmc-uid">149346</article-id><article-id pub-id-type="pmid">12525261</article-id><article-id pub-id-type="publisher-id">1471-2105-4-2</article-id><article-id pub-id-type="pmid">12525261</article-id><article-id pub-id-type="doi">10.1186/1471-2105-4-2</article-id><article-categories><subj-group subj-group-type="heading"><subject>Methodology Article</subject></subj-group></article-categories><title-group><article-title>An automated method for finding molecular complexes in large protein interaction networks</article-title></title-group><contrib-group><contrib id="A1" contrib-type="author"><name><surname>Bader</surname><given-names>Gary D</given-names></name><xref ref-type="aff" rid="I1">1</xref><xref ref-type="aff" rid="I2">2</xref><email>gary.bader@utoronto.ca</email></contrib><contrib id="A2" corresp="yes" contrib-type="author"><name><surname>Hogue</surname><given-names>Christopher WV</given-names></name><xref ref-type="aff" rid="I1">1</xref><email>hogue@mshri.on.ca</email></contrib></contrib-group><aff id="I1"><label>1</label>Samuel Lunenfeld Research Institute, Mt. Sinai Hospital, Toronto ON Canada M5G 1X5, Dept. of Biochemistry, University of Toronto, Toronto ON Canada M5S 1A8</aff><aff id="I2"><label>2</label>Current address: Memorial Sloan-Kettering Cancer Center 1275 York Avenue, Box 460, New York, NY, 10021, USA</aff><pub-date pub-type="collection"><year>2003</year></pub-date><pub-date pub-type="epub"><day>13</day><month>1</month><year>2003</year></pub-date><volume>4</volume><fpage>2</fpage><lpage>2</lpage><ext-link ext-link-type="uri" xlink:href="http://www.biomedcentral.com/1471-2105/4/2"/><history><date date-type="received"><day>4</day><month>9</month><year>2002</year></date><date date-type="accepted"><day>13</day><month>1</month><year>2003</year></date></history><permissions><copyright-statement>Copyright © 2003 Bader and Hogue; licensee BioMed Central Ltd. This is an Open Access article: verbatim copying and redistribution of this article are permitted in all media for any purpose, provided this notice is preserved along with the article's original URL.</copyright-statement><copyright-year>2003</copyright-year><copyright-holder>Bader and Hogue; licensee BioMed Central Ltd. This is an Open Access article: verbatim copying and redistribution of this article are permitted in all media for any purpose, provided this notice is preserved along with the article's original URL.</copyright-holder></permissions><abstract><sec><title>Background</title><p>Recent advances in proteomics technologies such as two-hybrid, phage display and mass spectrometry have enabled us to create a detailed map of biomolecular interaction networks. Initial mapping efforts have already produced a wealth of data. As the size of the interaction set increases, databases and computational methods will be required to store, visualize and analyze the information in order to effectively aid in knowledge discovery.</p></sec><sec><title>Results</title><p>This paper describes a novel graph theoretic clustering algorithm, "Molecular Complex Detection" (MCODE), that detects densely connected regions in large protein-protein interaction networks that may represent molecular complexes. The method is based on vertex weighting by local neighborhood density and outward traversal from a locally dense seed protein to isolate the dense regions according to given parameters. The algorithm has the advantage over other graph clustering methods of having a directed mode that allows fine-tuning of clusters of interest without considering the rest of the network and allows examination of cluster interconnectivity, which is relevant for protein networks. Protein interaction and complex information from the yeast <italic>Saccharomyces cerevisiae </italic>was used for evaluation.</p></sec><sec><title>Conclusion</title><p>Dense regions of protein interaction networks can be found, based solely on connectivity data, many of which correspond to known protein complexes. The algorithm is not affected by a known high rate of false positives in data from high-throughput interaction techniques. The program is available from <ext-link ext-link-type="ftp" xlink:href="ftp://ftp.mshri.on.ca/pub/BIND/Tools/MCODE"/>.</p></sec></abstract></article-meta></front></article>