<article xmlns="https://dtd.nlm.nih.gov/ns/archiving/2.3/" xmlns:xsi="http://www.w3.org/2001/XMLSchema-instance" xmlns:mml="http://www.w3.org/1998/Math/MathML" xmlns:xlink="http://www.w3.org/1999/xlink" xsi:schemaLocation="https://dtd.nlm.nih.gov/ns/archiving/2.3/ https://dtd.nlm.nih.gov/archiving/2.3/xsd/archivearticle.xsd" article-type="research-article"><front><journal-meta><journal-id journal-id-type="nlm-ta">BMC Bioinformatics</journal-id><journal-title>BMC Bioinformatics</journal-title><issn pub-type="epub">1471-2105</issn><publisher><publisher-name>BioMed Central</publisher-name><publisher-loc>London</publisher-loc></publisher></journal-meta><article-meta><article-id pub-id-type="accession">PMC1140076</article-id><article-id pub-id-type="pmcid">PMC1140076</article-id><article-id pub-id-type="pmc-uid">1140076</article-id><article-id pub-id-type="pmid">15807889</article-id><article-id pub-id-type="publisher-id">1471-2105-6-84</article-id><article-id pub-id-type="pmid">15807889</article-id><article-id pub-id-type="doi">10.1186/1471-2105-6-84</article-id><article-categories><subj-group subj-group-type="heading"><subject>Research Article</subject></subj-group></article-categories><title-group><article-title>Scoring functions for transcription factor binding site prediction</article-title></title-group><contrib-group><contrib id="A1" corresp="yes" contrib-type="author"><name><surname>Friberg</surname><given-names>Markus</given-names></name><xref ref-type="aff" rid="I1">1</xref><email>friberg@inf.ethz.ch</email></contrib><contrib id="A2" contrib-type="author"><name><surname>von Rohr</surname><given-names>Peter</given-names></name><xref ref-type="aff" rid="I1">1</xref><email>vonrohr@inf.ethz.ch</email></contrib><contrib id="A3" contrib-type="author"><name><surname>Gonnet</surname><given-names>Gaston</given-names></name><xref ref-type="aff" rid="I1">1</xref><email>gonnet@inf.ethz.ch</email></contrib></contrib-group><aff id="I1"><label>1</label>Institute of Computational Science, ETH, 8092 Zurich, Switzerland</aff><pub-date pub-type="collection"><year>2005</year></pub-date><pub-date pub-type="epub"><day>4</day><month>4</month><year>2005</year></pub-date><volume>6</volume><fpage>84</fpage><lpage>84</lpage><ext-link ext-link-type="uri" xlink:href="http://www.biomedcentral.com/1471-2105/6/84"/><history><date date-type="received"><day>12</day><month>11</month><year>2004</year></date><date date-type="accepted"><day>4</day><month>4</month><year>2005</year></date></history><copyright-statement>Copyright © 2005 Friberg et al; licensee BioMed Central Ltd.</copyright-statement><license license-type="open-access" xlink:href="http://creativecommons.org/licenses/by/2.0"><p>This is an Open Access article distributed under the terms of the Creative Commons Attribution License (<ext-link ext-link-type="uri" xlink:href="http://creativecommons.org/licenses/by/2.0"/>), which permits unrestricted use, distribution, and reproduction in any medium, provided the original work is properly cited.</p></license><abstract><sec><title>Background</title><p>Transcription factor binding site (TFBS) prediction is a difficult problem, which requires a good scoring function to discriminate between real binding sites and background noise. Many scoring functions have been proposed in the literature, but it is difficult to assess their relative performance, because they are implemented in different software tools using different search methods and different TFBS representations.</p></sec><sec><title>Results</title><p>Here we compare how several scoring functions perform on both real and semi-simulated data sets in a common test environment. We have also developed two new scoring functions and included them in the comparison. The data sets are from the yeast (<italic>S. cerevisiae</italic>) genome.</p><p>Our new scoring function LLBG (least likely under the background model) performs best in this study. It achieves the best average rank for the correct motifs. Scoring functions based on positional bias performed quite poorly in this study.</p></sec><sec><title>Conclusion</title><p>LLBG may provide an interesting alternative to current scoring functions for TFBS prediction.</p></sec></abstract></article-meta></front></article>