<article xmlns="https://dtd.nlm.nih.gov/ns/archiving/2.3/" xmlns:xsi="http://www.w3.org/2001/XMLSchema-instance" xmlns:mml="http://www.w3.org/1998/Math/MathML" xmlns:xlink="http://www.w3.org/1999/xlink" xsi:schemaLocation="https://dtd.nlm.nih.gov/ns/archiving/2.3/ https://dtd.nlm.nih.gov/archiving/2.3/xsd/archivearticle.xsd" article-type="product-review"><front><journal-meta><journal-id journal-id-type="nlm-ta">BMC Bioinformatics</journal-id><journal-title>BMC Bioinformatics</journal-title><issn pub-type="epub">1471-2105</issn><publisher><publisher-name>BioMed Central</publisher-name><publisher-loc>London</publisher-loc></publisher></journal-meta><article-meta><article-id pub-id-type="accession">PMC1166541</article-id><article-id pub-id-type="pmcid">PMC1166541</article-id><article-id pub-id-type="pmc-uid">1166541</article-id><article-id pub-id-type="pmid">15921519</article-id><article-id pub-id-type="publisher-id">1471-2105-6-127</article-id><article-id pub-id-type="pmid">15921519</article-id><article-id pub-id-type="doi">10.1186/1471-2105-6-127</article-id><article-categories><subj-group subj-group-type="heading"><subject>Software</subject></subj-group></article-categories><title-group><article-title>Phylogenetic reconstruction of ancestral character states for gene expression and mRNA splicing data</article-title></title-group><contrib-group><contrib id="A1" contrib-type="author"><name><surname>Rossnes</surname><given-names>Roald</given-names></name><xref ref-type="aff" rid="I1">1</xref><email>roald@rossnes.org</email></contrib><contrib id="A2" contrib-type="author"><name><surname>Eidhammer</surname><given-names>Ingvar</given-names></name><xref ref-type="aff" rid="I1">1</xref><email>ingvar@ii.uib.no</email></contrib><contrib id="A3" corresp="yes" contrib-type="author"><name><surname>Liberles</surname><given-names>David A</given-names></name><xref ref-type="aff" rid="I1">1</xref><email>liberles@cbu.uib.no</email></contrib></contrib-group><aff id="I1"><label>1</label>Computational Biology Unit, Bergen Centre for Computational Science, University of Bergen, 5020 Bergen, Norway</aff><pub-date pub-type="collection"><year>2005</year></pub-date><pub-date pub-type="epub"><day>27</day><month>5</month><year>2005</year></pub-date><volume>6</volume><fpage>127</fpage><lpage>127</lpage><ext-link ext-link-type="uri" xlink:href="http://www.biomedcentral.com/1471-2105/6/127"/><history><date date-type="received"><day>23</day><month>2</month><year>2005</year></date><date date-type="accepted"><day>27</day><month>5</month><year>2005</year></date></history><copyright-statement>Copyright © 2005 Rossnes et al; licensee BioMed Central Ltd.</copyright-statement><license license-type="open-access" xlink:href="http://creativecommons.org/licenses/by/2.0"><p>This is an Open Access article distributed under the terms of the Creative Commons Attribution License (<ext-link ext-link-type="uri" xlink:href="http://creativecommons.org/licenses/by/2.0"/>), which permits unrestricted use, distribution, and reproduction in any medium, provided the original work is properly cited.</p></license><abstract><sec><title>Background</title><p>As genomes evolve after speciation, gene content, coding sequence, gene expression, and splicing all diverge with time from ancestors with close relatives. A minimum evolution general method for continuous character analysis in a phylogenetic perspective is presented that allows for reconstruction of ancestral character states and for measuring along branch evolution.</p></sec><sec><title>Results</title><p>A software package for reconstruction of continuous character traits, like relative gene expression levels or alternative splice site usage data is presented and is available for download at <ext-link ext-link-type="uri" xlink:href="http://www.rossnes.org/phyrex"/>. This program was applied to a primate gene expression dataset to detect transcription factor binding sites that have undergone substitution, potentially having driven lineage-specific differences in gene expression.</p></sec><sec><title>Conclusion</title><p>Systematic analysis of lineage-specific evolution is becoming the cornerstone of comparative genomics. New methods, like phyrex, extend the capabilities of comparative genomics by tracing the evolution of additional biomolecular processes.</p></sec></abstract></article-meta></front></article>