<article xmlns="https://dtd.nlm.nih.gov/ns/archiving/2.3/" xmlns:xsi="http://www.w3.org/2001/XMLSchema-instance" xmlns:mml="http://www.w3.org/1998/Math/MathML" xmlns:xlink="http://www.w3.org/1999/xlink" xsi:schemaLocation="https://dtd.nlm.nih.gov/ns/archiving/2.3/ https://dtd.nlm.nih.gov/archiving/2.3/xsd/archivearticle.xsd" article-type="research-article"><front><journal-meta><journal-id journal-id-type="nlm-ta">BMC Bioinformatics</journal-id><journal-title>BMC Bioinformatics</journal-title><issn pub-type="epub">1471-2105</issn><publisher><publisher-name>BioMed Central</publisher-name><publisher-loc>London</publisher-loc></publisher></journal-meta><article-meta><article-id pub-id-type="accession">PMC1181806</article-id><article-id pub-id-type="pmcid">PMC1181806</article-id><article-id pub-id-type="pmc-uid">1181806</article-id><article-id pub-id-type="pmid">15975141</article-id><article-id pub-id-type="publisher-id">1471-2105-6-158</article-id><article-id pub-id-type="pmid">15975141</article-id><article-id pub-id-type="doi">10.1186/1471-2105-6-158</article-id><article-categories><subj-group subj-group-type="heading"><subject>Research Article</subject></subj-group></article-categories><title-group><article-title>Sequence signature analysis of chromosome identity in three <italic>Drosophila </italic>species</article-title></title-group><contrib-group><contrib id="A1" equal-contrib="yes" contrib-type="author"><name><surname>Stenberg</surname><given-names>Per</given-names></name><xref ref-type="aff" rid="I1">1</xref><email>per.stenberg@molbiol.umu.se</email></contrib><contrib id="A2" equal-contrib="yes" corresp="yes" contrib-type="author"><name><surname>Pettersson</surname><given-names>Fredrik</given-names></name><xref ref-type="aff" rid="I2">2</xref><email>fredrik.pettersson@chem.umu.se</email></contrib><contrib id="A3" contrib-type="author"><name><surname>Saura</surname><given-names>Anja O</given-names></name><xref ref-type="aff" rid="I3">3</xref><email>saura@mappi.helsinki.fi</email></contrib><contrib id="A4" contrib-type="author"><name><surname>Berglund</surname><given-names>Anders</given-names></name><xref ref-type="aff" rid="I2">2</xref><email>anders.e.berglund@pharmacia.com</email></contrib><contrib id="A5" contrib-type="author"><name><surname>Larsson</surname><given-names>Jan</given-names></name><xref ref-type="aff" rid="I1">1</xref><email>jan.larsson@ucmp.umu.se</email></contrib></contrib-group><aff id="I1"><label>1</label>UCMP, Umeå University, Umeå, Sweden</aff><aff id="I2"><label>2</label>Research Group for Chemometrics, Department of Chemistry, Umeå University, Umeå, Sweden</aff><aff id="I3"><label>3</label>Department of Genetics, University of Helsinki, Helsinki, Finland</aff><pub-date pub-type="collection"><year>2005</year></pub-date><pub-date pub-type="epub"><day>23</day><month>6</month><year>2005</year></pub-date><volume>6</volume><fpage>158</fpage><lpage>158</lpage><ext-link ext-link-type="uri" xlink:href="http://www.biomedcentral.com/1471-2105/6/158"/><history><date date-type="received"><day>13</day><month>12</month><year>2004</year></date><date date-type="accepted"><day>23</day><month>6</month><year>2005</year></date></history><permissions><copyright-statement>Copyright © 2005 Stenberg et al; licensee BioMed Central Ltd.</copyright-statement><copyright-year>2005</copyright-year><copyright-holder>Stenberg et al; licensee BioMed Central Ltd.</copyright-holder><license license-type="open-access" xlink:href="http://creativecommons.org/licenses/by/2.0"><p>This is an Open Access article distributed under the terms of the Creative Commons Attribution License (<ext-link ext-link-type="uri" xlink:href="http://creativecommons.org/licenses/by/2.0"/>), which permits unrestricted use, distribution, and reproduction in any medium, provided the original work is properly cited.</p><!--<rdf xmlns="http://web.resource.org/cc/" xmlns:rdf="http://www.w3.org/1999/02/22-rdf-syntax-ns#" xmlns:dc="http://purl.org/dc/elements/1.1" xmlns:dcterms="http://purl.org/dc/terms"><Work xmlns:dc="http://purl.org/dc/elements/1.1/" xmlns:dcterms="http://purl.org/dc/terms/" rdf:about=""><license rdf:resource="http://creativecommons.org/licenses/by/2.0"/><dc:type rdf:resource="http://purl.org/dc/dcmitype/Text"/><dc:author>
               Stenberg
               Per
               
               per.stenberg@molbiol.umu.se
            </dc:author><dc:title>
            Sequence signature analysis of chromosome identity in three Drosophila species
         </dc:title><dc:date>2005</dc:date><dcterms:bibliographicCitation>BMC Bioinformatics 6(1): 158-. (2005)</dcterms:bibliographicCitation><dc:identifier type="sici">1471-2105(2005)6:1&#x0003c;158&#x0003e;</dc:identifier><dcterms:isPartOf>urn:ISSN:1471-2105</dcterms:isPartOf><License rdf:about="http://creativecommons.org/licenses/by/2.0"><permits rdf:resource="http://web.resource.org/cc/Reproduction" xmlns=""/><permits rdf:resource="http://web.resource.org/cc/Distribution" xmlns=""/><requires rdf:resource="http://web.resource.org/cc/Notice" xmlns=""/><requires rdf:resource="http://web.resource.org/cc/Attribution" xmlns=""/><permits rdf:resource="http://web.resource.org/cc/DerivativeWorks" xmlns=""/></License></Work></rdf>--></license></permissions><abstract><sec><title>Background</title><p>All eukaryotic organisms need to distinguish each of their chromosomes. A few protein complexes have been described that recognise entire, specific chromosomes, for instance dosage compensation complexes and the recently discovered autosome-specific Painting of Fourth (POF) protein in <italic>Drosophila</italic>. However, no sequences have been found that are chromosome-specific and distributed over the entire length of the respective chromosome. Here, we present a new, unbiased, exhaustive computational method that was used to probe three <italic>Drosophila </italic>genomes for chromosome-specific sequences.</p></sec><sec><title>Results</title><p>By combining genome annotations and cytological data with multivariate statistics related to three <italic>Drosophila </italic>genomes we found sequence signatures that distinguish Muller's F-elements (chromosome 4 in <italic>D. melanogaster</italic>) from all other chromosomes in <italic>Drosophila </italic>that are not attributable to differences in nucleotide composition, simple sequence repeats or repeated elements. Based on these signatures we identified complex motifs that are strongly overrepresented in the F-elements and found indications that the <italic>D. melanogaster </italic>motif may be involved in POF-binding to the F-element. In addition, the X-chromosomes of <italic>D. melanogaster </italic>and <italic>D. yakuba </italic>can be distinguished from the other chromosomes, albeit to a lesser extent. Surprisingly, the conservation of the F-element sequence signatures extends not only between species separated by approximately 55 Myr, but also linearly along the sequenced part of the F-elements.</p></sec><sec><title>Conclusion</title><p>Our results suggest that chromosome-distinguishing features are not exclusive to the sex chromosomes, but are also present on at least one autosome (the F-element) in <italic>Drosophila</italic>.</p></sec></abstract></article-meta></front></article>