<article xmlns="https://dtd.nlm.nih.gov/ns/archiving/2.3/" xmlns:xsi="http://www.w3.org/2001/XMLSchema-instance" xmlns:mml="http://www.w3.org/1998/Math/MathML" xmlns:xlink="http://www.w3.org/1999/xlink" xsi:schemaLocation="https://dtd.nlm.nih.gov/ns/archiving/2.3/ https://dtd.nlm.nih.gov/archiving/2.3/xsd/archivearticle.xsd" article-type="research-article"><front><journal-meta><journal-id journal-id-type="nlm-ta">BMC Bioinformatics</journal-id><journal-title>BMC Bioinformatics</journal-title><issn pub-type="epub">1471-2105</issn><publisher><publisher-name>BioMed Central</publisher-name><publisher-loc>London</publisher-loc></publisher></journal-meta><article-meta><article-id pub-id-type="accession">PMC1187871</article-id><article-id pub-id-type="pmcid">PMC1187871</article-id><article-id pub-id-type="pmc-uid">1187871</article-id><article-id pub-id-type="pmid">16011797</article-id><article-id pub-id-type="publisher-id">1471-2105-6-171</article-id><article-id pub-id-type="pmid">16011797</article-id><article-id pub-id-type="doi">10.1186/1471-2105-6-171</article-id><article-categories><subj-group subj-group-type="heading"><subject>Research Article</subject></subj-group></article-categories><title-group><article-title>Systematic determination of the mosaic structure of bacterial genomes: species backbone versus strain-specific loops</article-title></title-group><contrib-group><contrib id="A1" corresp="yes" contrib-type="author"><name><surname>Chiapello</surname><given-names>H</given-names></name><xref ref-type="aff" rid="I1">1</xref><email>helene.chiapello@jouy.inra.fr</email></contrib><contrib id="A2" contrib-type="author"><name><surname>Bourgait</surname><given-names>I</given-names></name><xref ref-type="aff" rid="I1">1</xref><email>isabelle.bourgait@jouy.inra.fr</email></contrib><contrib id="A3" contrib-type="author"><name><surname>Sourivong</surname><given-names>F</given-names></name><xref ref-type="aff" rid="I1">1</xref><email>fsourivong@wanadoo.fr</email></contrib><contrib id="A4" contrib-type="author"><name><surname>Heuclin</surname><given-names>G</given-names></name><xref ref-type="aff" rid="I1">1</xref><email>g.heuclin@tele2.fr</email></contrib><contrib id="A5" contrib-type="author"><name><surname>Gendrault-Jacquemard</surname><given-names>A</given-names></name><xref ref-type="aff" rid="I1">1</xref><email>annie.jacquemard@jouy.inra.fr</email></contrib><contrib id="A6" contrib-type="author"><name><surname>Petit</surname><given-names>M-A</given-names></name><xref ref-type="aff" rid="I2">2</xref><email>marie-agnes.petit@jouy.inra.fr</email></contrib><contrib id="A7" contrib-type="author"><name><surname>El Karoui</surname><given-names>M</given-names></name><xref ref-type="aff" rid="I2">2</xref><email>meriem.el-karoui@jouy.inra.fr</email></contrib></contrib-group><aff id="I1"><label>1</label>Mathématique, Informatique &amp; Génome, INRA Domaine de Vilvert, 78352 Jouy-en-Josas cedex, France</aff><aff id="I2"><label>2</label>Unité de Recherches Laitières et Génétique Appliquée, INRA Domaine de Vilvert, 78352 Jouy-en-Josas cedex, France</aff><pub-date pub-type="collection"><year>2005</year></pub-date><pub-date pub-type="epub"><day>12</day><month>7</month><year>2005</year></pub-date><volume>6</volume><fpage>171</fpage><lpage>171</lpage><ext-link ext-link-type="uri" xlink:href="http://www.biomedcentral.com/1471-2105/6/171"/><history><date date-type="received"><day>5</day><month>4</month><year>2005</year></date><date date-type="accepted"><day>12</day><month>7</month><year>2005</year></date></history><permissions><copyright-statement>Copyright © 2005 Chiapello et al; licensee BioMed Central Ltd.</copyright-statement><copyright-year>2005</copyright-year><copyright-holder>Chiapello et al; licensee BioMed Central Ltd.</copyright-holder><license license-type="open-access" xlink:href="http://creativecommons.org/licenses/by/2.0"><p>This is an Open Access article distributed under the terms of the Creative Commons Attribution License (<ext-link ext-link-type="uri" xlink:href="http://creativecommons.org/licenses/by/2.0"/>), which permits unrestricted use, distribution, and reproduction in any medium, provided the original work is properly cited.</p><!--<rdf xmlns="http://web.resource.org/cc/" xmlns:rdf="http://www.w3.org/1999/02/22-rdf-syntax-ns#" xmlns:dc="http://purl.org/dc/elements/1.1" xmlns:dcterms="http://purl.org/dc/terms"><Work xmlns:dc="http://purl.org/dc/elements/1.1/" xmlns:dcterms="http://purl.org/dc/terms/" rdf:about=""><license rdf:resource="http://creativecommons.org/licenses/by/2.0"/><dc:type rdf:resource="http://purl.org/dc/dcmitype/Text"/><dc:author>
               Chiapello
               H
               
               helene.chiapello@jouy.inra.fr
            </dc:author><dc:title>
            Systematic determination of the mosaic structure of bacterial genomes: species backbone versus strain-specific loops
         </dc:title><dc:date>2005</dc:date><dcterms:bibliographicCitation>BMC Bioinformatics 6(1): 171-. (2005)</dcterms:bibliographicCitation><dc:identifier type="sici">1471-2105(2005)6:1&#x0003c;171&#x0003e;</dc:identifier><dcterms:isPartOf>urn:ISSN:1471-2105</dcterms:isPartOf><License rdf:about="http://creativecommons.org/licenses/by/2.0"><permits rdf:resource="http://web.resource.org/cc/Reproduction" xmlns=""/><permits rdf:resource="http://web.resource.org/cc/Distribution" xmlns=""/><requires rdf:resource="http://web.resource.org/cc/Notice" xmlns=""/><requires rdf:resource="http://web.resource.org/cc/Attribution" xmlns=""/><permits rdf:resource="http://web.resource.org/cc/DerivativeWorks" xmlns=""/></License></Work></rdf>--></license></permissions><abstract><sec><title>Background</title><p>Public databases now contain multitude of complete bacterial genomes, including several genomes of the same species. The available data offers new opportunities to address questions about bacterial genome evolution, a task that requires reliable fine comparison data of closely related genomes. Recent analyses have shown, using pairwise whole genome alignments, that it is possible to segment bacterial genomes into a common conserved backbone and strain-specific sequences called loops.</p></sec><sec><title>Results</title><p>Here, we generalize this approach and propose a strategy that allows systematic and non-biased genome segmentation based on multiple genome alignments. Segmentation analyses, as applied to 13 different bacterial species, confirmed the feasibility of our approach to discern the 'mosaic' organization of bacterial genomes. Segmentation results are available through a Web interface permitting functional analysis, extraction and visualization of the backbone/loops structure of documented genomes. To illustrate the potential of this approach, we performed a precise analysis of the mosaic organization of three <italic>E. coli </italic>strains and functional characterization of the loops.</p></sec><sec><title>Conclusion</title><p>The segmentation results including the backbone/loops structure of 13 bacterial species genomes are new and available for use by the scientific community at the URL: <ext-link ext-link-type="uri" xlink:href="http://genome.jouy.inra.fr/mosaic"/>.</p></sec></abstract></article-meta></front></article>