<article xmlns="https://dtd.nlm.nih.gov/ns/archiving/2.3/" xmlns:xsi="http://www.w3.org/2001/XMLSchema-instance" xmlns:mml="http://www.w3.org/1998/Math/MathML" xmlns:xlink="http://www.w3.org/1999/xlink" xsi:schemaLocation="https://dtd.nlm.nih.gov/ns/archiving/2.3/ https://dtd.nlm.nih.gov/archiving/2.3/xsd/archivearticle.xsd" article-type="research-article"><front><journal-meta><journal-id journal-id-type="nlm-ta">BMC Bioinformatics</journal-id><journal-title>BMC Bioinformatics</journal-title><issn pub-type="epub">1471-2105</issn><publisher><publisher-name>BioMed Central</publisher-name><publisher-loc>London</publisher-loc></publisher></journal-meta><article-meta><article-id pub-id-type="accession">PMC270062</article-id><article-id pub-id-type="pmcid">PMC270062</article-id><article-id pub-id-type="pmc-uid">270062</article-id><article-id pub-id-type="pmid">14536023</article-id><article-id pub-id-type="publisher-id">1471-2105-4-46</article-id><article-id pub-id-type="pmid">14536023</article-id><article-id pub-id-type="doi">10.1186/1471-2105-4-46</article-id><article-categories><subj-group subj-group-type="heading"><subject>Research Article</subject></subj-group></article-categories><title-group><article-title>Domain analysis of the tubulin cofactor system: a model for tubulin folding and dimerization</article-title></title-group><contrib-group><contrib id="A1" contrib-type="author"><name><surname>Grynberg</surname><given-names>Marcin</given-names></name><xref ref-type="aff" rid="I1">1</xref><xref ref-type="aff" rid="I2">2</xref><email>marcin@ljcrf.edu</email></contrib><contrib id="A2" contrib-type="author"><name><surname>Jaroszewski</surname><given-names>Lukasz</given-names></name><xref ref-type="aff" rid="I3">3</xref><email>lukasz@sdsc.edu</email></contrib><contrib id="A3" corresp="yes" contrib-type="author"><name><surname>Godzik</surname><given-names>Adam</given-names></name><xref ref-type="aff" rid="I2">2</xref><email>adam@ljcrf.edu</email></contrib></contrib-group><aff id="I1"><label>1</label>Institute of Biochemistry and Biophysics, Polish Academy of Sciences, 5A Pawinskiego St, 02-106 Warsaw, Poland</aff><aff id="I2"><label>2</label>The Burnham Institute, 10901 N. Torrey Pines Rd., La Jolla, CA 92037, USA</aff><aff id="I3"><label>3</label>current address Bioinformatics Core for Joint Center for Structural Genomics, UCSD, 9500 Gillman Dr. La Jolla, CA 92093, USA</aff><pub-date pub-type="collection"><year>2003</year></pub-date><pub-date pub-type="epub"><day>10</day><month>10</month><year>2003</year></pub-date><volume>4</volume><fpage>46</fpage><lpage>46</lpage><ext-link ext-link-type="uri" xlink:href="http://www.biomedcentral.com/1471-2105/4/46"/><history><date date-type="received"><day>20</day><month>1</month><year>2003</year></date><date date-type="accepted"><day>10</day><month>10</month><year>2003</year></date></history><permissions><copyright-statement>Copyright © 2003 Grynberg et al; licensee BioMed Central Ltd. This is an Open Access article: verbatim copying and redistribution of this article are permitted in all media for any purpose, provided this notice is preserved along with the article's original URL.</copyright-statement><copyright-year>2003</copyright-year><copyright-holder>Grynberg et al; licensee BioMed Central Ltd. This is an Open Access article: verbatim copying and redistribution of this article are permitted in all media for any purpose, provided this notice is preserved along with the article's original URL.</copyright-holder></permissions><abstract><sec><title>Background</title><p>The correct folding and dimerization of tubulins, before their addition to the microtubular structure, needs a group of conserved proteins called cofactors A to E. The biochemical analysis of cofactors gave an insight to their general functions, however not much is known about the domain structure and detailed, molecular function of these proteins.</p></sec><sec><title>Results</title><p>Combining modelling and fold prediction tools, we present 3D models of all cofactors, including several previously unannotated domains of cofactors B-E. Apart from the new HEAT and Armadillo domains in cofactor D and an unusual spectrin-like domain in cofactor C, we have identified a new subfamily of ubiquitin-like domains in cofactors B and E. Together, these observations provide a reliable, molecular level model of cofactor complex.</p></sec><sec><title>Conclusion</title><p>Distant homology searches allowed the identification of unknown regions of cofactors as self-reliant domains and allow us to present a detailed hypothesis of how a cofactor complex performs its function.</p></sec></abstract></article-meta></front></article>