<article xmlns="https://dtd.nlm.nih.gov/ns/archiving/2.3/" xmlns:xsi="http://www.w3.org/2001/XMLSchema-instance" xmlns:mml="http://www.w3.org/1998/Math/MathML" xmlns:xlink="http://www.w3.org/1999/xlink" xsi:schemaLocation="https://dtd.nlm.nih.gov/ns/archiving/2.3/ https://dtd.nlm.nih.gov/archiving/2.3/xsd/archivearticle.xsd" article-type="product-review"><front><journal-meta><journal-id journal-id-type="nlm-ta">BMC Bioinformatics</journal-id><journal-title>BMC Bioinformatics</journal-title><issn pub-type="epub">1471-2105</issn><publisher><publisher-name>BioMed Central</publisher-name><publisher-loc>London</publisher-loc></publisher></journal-meta><article-meta><article-id pub-id-type="accession">PMC272928</article-id><article-id pub-id-type="pmcid">PMC272928</article-id><article-id pub-id-type="pmc-uid">272928</article-id><article-id pub-id-type="pmid">14583100</article-id><article-id pub-id-type="publisher-id">1471-2105-4-51</article-id><article-id pub-id-type="pmid">14583100</article-id><article-id pub-id-type="doi">10.1186/1471-2105-4-51</article-id><article-categories><subj-group subj-group-type="heading"><subject>Software</subject></subj-group></article-categories><title-group><article-title>A knowledge discovery object model API for Java</article-title></title-group><contrib-group><contrib id="A1" contrib-type="author"><name><surname>Zuyderduyn</surname><given-names>Scott D</given-names></name><xref ref-type="aff" rid="I1">1</xref><email>scottz@bcgsc.ca</email></contrib><contrib id="A2" corresp="yes" contrib-type="author"><name><surname>Jones</surname><given-names>Steven JM</given-names></name><xref ref-type="aff" rid="I1">1</xref><email>sjones@bcgsc.ca</email></contrib></contrib-group><aff id="I1"><label>1</label>Canada's Michael Smith Genome Sciences Centre, BC Cancer Agency, 600 West 10<sup>th </sup>Ave., Vancouver, Canada</aff><pub-date pub-type="collection"><year>2003</year></pub-date><pub-date pub-type="epub"><day>28</day><month>10</month><year>2003</year></pub-date><volume>4</volume><fpage>51</fpage><lpage>51</lpage><ext-link ext-link-type="uri" xlink:href="http://www.biomedcentral.com/1471-2105/4/51"/><history><date date-type="received"><day>11</day><month>7</month><year>2003</year></date><date date-type="accepted"><day>28</day><month>10</month><year>2003</year></date></history><permissions><copyright-statement>Copyright © 2003 Zuyderduyn and Jones; licensee BioMed Central Ltd. This is an Open Access article: verbatim copying and redistribution of this article are permitted in all media for any purpose, provided this notice is preserved along with the article's original URL.</copyright-statement><copyright-year>2003</copyright-year><copyright-holder>Zuyderduyn and Jones; licensee BioMed Central Ltd. This is an Open Access article: verbatim copying and redistribution of this article are permitted in all media for any purpose, provided this notice is preserved along with the article's original URL.</copyright-holder></permissions><abstract><sec><title>Background</title><p>Biological data resources have become heterogeneous and derive from multiple sources. This introduces challenges in the management and utilization of this data in software development. Although efforts are underway to create a standard format for the transmission and storage of biological data, this objective has yet to be fully realized.</p></sec><sec><title>Results</title><p>This work describes an application programming interface (API) that provides a framework for developing an effective biological knowledge ontology for Java-based software projects. The API provides a robust framework for the data acquisition and management needs of an ontology implementation. In addition, the API contains classes to assist in creating GUIs to represent this data visually.</p></sec><sec><title>Conclusions</title><p>The Knowledge Discovery Object Model (KDOM) API is particularly useful for medium to large applications, or for a number of smaller software projects with common characteristics or objectives. KDOM can be coupled effectively with other biologically relevant APIs and classes. Source code, libraries, documentation and examples are available at <ext-link ext-link-type="uri" xlink:href="http://www.bcgsc.ca/bioinfo/software"/>.</p></sec></abstract></article-meta></front></article>