<article xmlns="https://dtd.nlm.nih.gov/ns/archiving/2.3/" xmlns:xsi="http://www.w3.org/2001/XMLSchema-instance" xmlns:mml="http://www.w3.org/1998/Math/MathML" xmlns:xlink="http://www.w3.org/1999/xlink" xsi:schemaLocation="https://dtd.nlm.nih.gov/ns/archiving/2.3/ https://dtd.nlm.nih.gov/archiving/2.3/xsd/archivearticle.xsd" article-type="research-article"><front><journal-meta><journal-id journal-id-type="nlm-ta">BMC Bioinformatics</journal-id><journal-title>BMC Bioinformatics</journal-title><issn pub-type="epub">1471-2105</issn><publisher><publisher-name>BioMed Central</publisher-name><publisher-loc>London</publisher-loc></publisher></journal-meta><article-meta><article-id pub-id-type="accession">PMC272927</article-id><article-id pub-id-type="pmcid">PMC272927</article-id><article-id pub-id-type="pmc-uid">272927</article-id><article-id pub-id-type="pmid">14552657</article-id><article-id pub-id-type="publisher-id">1471-2105-4-48</article-id><article-id pub-id-type="pmid">14552657</article-id><article-id pub-id-type="doi">10.1186/1471-2105-4-48</article-id><article-categories><subj-group subj-group-type="heading"><subject>Research Article</subject></subj-group></article-categories><title-group><article-title>Trustworthiness and metrics in visualizing similarity of gene expression</article-title></title-group><contrib-group><contrib id="A1" corresp="yes" contrib-type="author"><name><surname>Kaski</surname><given-names>Samuel</given-names></name><xref ref-type="aff" rid="I1">1</xref><email>samuel.kaski@hut.fi</email></contrib><contrib id="A2" contrib-type="author"><name><surname>Nikkilä</surname><given-names>Janne</given-names></name><xref ref-type="aff" rid="I1">1</xref><email>janne.nikkila@hut.fi</email></contrib><contrib id="A3" contrib-type="author"><name><surname>Oja</surname><given-names>Merja</given-names></name><xref ref-type="aff" rid="I1">1</xref><email>merja.oja@hut.fi</email></contrib><contrib id="A4" contrib-type="author"><name><surname>Venna</surname><given-names>Jarkko</given-names></name><xref ref-type="aff" rid="I1">1</xref><email>jarkko.venna@hut.fi</email></contrib><contrib id="A5" contrib-type="author"><name><surname>Törönen</surname><given-names>Petri</given-names></name><xref ref-type="aff" rid="I2">2</xref><email>toronen@hytti.uku.fi</email></contrib><contrib id="A6" contrib-type="author"><name><surname>Castrén</surname><given-names>Eero</given-names></name><xref ref-type="aff" rid="I2">2</xref><xref ref-type="aff" rid="I3">3</xref><email>Eero.Castren@uku.fi</email></contrib></contrib-group><aff id="I1"><label>1</label>Neural Networks Research Centre, Helsinki University of Technology P.O. Box 9800, FIN-02015 HUT, Finland</aff><aff id="I2"><label>2</label>A.I. Virtanen-Institute, University of Kuopio P.O. Box 1627, FIN-70211 Kuopio, Finland</aff><aff id="I3"><label>3</label>Neuroscience Center, University of Helsinki, P.O. Box 56, 00014 Helsinki, Finland</aff><pub-date pub-type="collection"><year>2003</year></pub-date><pub-date pub-type="epub"><day>13</day><month>10</month><year>2003</year></pub-date><volume>4</volume><fpage>48</fpage><lpage>48</lpage><ext-link ext-link-type="uri" xlink:href="http://www.biomedcentral.com/1471-2105/4/48"/><history><date date-type="received"><day>10</day><month>6</month><year>2003</year></date><date date-type="accepted"><day>13</day><month>10</month><year>2003</year></date></history><permissions><copyright-statement>Copyright © 2003 Kaski et al; licensee BioMed Central Ltd. This is an Open Access article: verbatim copying and redistribution of this article are permitted in all media for any purpose, provided this notice is preserved along with the article's original URL.</copyright-statement><copyright-year>2003</copyright-year><copyright-holder>Kaski et al; licensee BioMed Central Ltd. This is an Open Access article: verbatim copying and redistribution of this article are permitted in all media for any purpose, provided this notice is preserved along with the article's original URL.</copyright-holder></permissions><abstract><sec><title>Background</title><p>Conventionally, the first step in analyzing the large and high-dimensional data sets measured by microarrays is visual exploration. Dendrograms of hierarchical clustering, self-organizing maps (SOMs), and multidimensional scaling have been used to visualize similarity relationships of data samples. We address two central properties of the methods: (i) Are the visualizations <italic>trustworthy</italic>, i.e., if two samples are visualized to be similar, are they really similar? (ii) The metric. The measure of similarity determines the result; we propose using a new <italic>learning metrics principle </italic>to derive a metric from interrelationships among data sets.</p></sec><sec><title>Results</title><p>The trustworthiness of hierarchical clustering, multidimensional scaling, and the self-organizing map were compared in visualizing similarity relationships among gene expression profiles. The self-organizing map was the best except that hierarchical clustering was the most trustworthy for the most similar profiles. Trustworthiness can be further increased by treating separately those genes for which the visualization is least trustworthy. We then proceed to improve the metric. The distance measure between the expression profiles is adjusted to measure differences relevant to functional classes of the genes. The genes for which the new metric is the most different from the usual correlation metric are listed and visualized with one of the visualization methods, the self-organizing map, computed in the new metric.</p></sec><sec><title>Conclusions</title><p>The conjecture from the methodological results is that the self-organizing map can be recommended to complement the usual hierarchical clustering for visualizing and exploring gene expression data. Discarding the least trustworthy samples and improving the metric still improves it.</p></sec></abstract></article-meta></front></article>