<article xmlns="https://dtd.nlm.nih.gov/ns/archiving/2.3/" xmlns:xsi="http://www.w3.org/2001/XMLSchema-instance" xmlns:mml="http://www.w3.org/1998/Math/MathML" xmlns:xlink="http://www.w3.org/1999/xlink" xsi:schemaLocation="https://dtd.nlm.nih.gov/ns/archiving/2.3/ https://dtd.nlm.nih.gov/archiving/2.3/xsd/archivearticle.xsd" article-type="research-article"><front><journal-meta><journal-id journal-id-type="nlm-ta">BMC Bioinformatics</journal-id><journal-title>BMC Bioinformatics</journal-title><issn pub-type="epub">1471-2105</issn><publisher><publisher-name>BioMed Central</publisher-name><publisher-loc>London</publisher-loc></publisher></journal-meta><article-meta><article-id pub-id-type="accession">PMC239859</article-id><article-id pub-id-type="pmcid">PMC239859</article-id><article-id pub-id-type="pmc-uid">239859</article-id><article-id pub-id-type="pmid">14499004</article-id><article-id pub-id-type="publisher-id">1471-2105-4-44</article-id><article-id pub-id-type="pmid">14499004</article-id><article-id pub-id-type="doi">10.1186/1471-2105-4-44</article-id><article-categories><subj-group subj-group-type="heading"><subject>Methodology Article</subject></subj-group></article-categories><title-group><article-title>RSEARCH: Finding homologs of single structured RNA sequences</article-title></title-group><contrib-group><contrib id="A1" contrib-type="author"><name><surname>Klein</surname><given-names>Robert J</given-names></name><xref ref-type="aff" rid="I1">1</xref><email>rjklein@linkage.rockefeller.edu</email></contrib><contrib id="A2" corresp="yes" contrib-type="author"><name><surname>Eddy</surname><given-names>Sean R</given-names></name><xref ref-type="aff" rid="I1">1</xref><email>eddy@genetics.wustl.edu</email></contrib></contrib-group><aff id="I1"><label>1</label>Howard Hughes Medical Institute &amp; Department of Genetics, Washington University School of Medicine, Saint Louis, Missouri 63110 USA</aff><pub-date pub-type="collection"><year>2003</year></pub-date><pub-date pub-type="epub"><day>22</day><month>9</month><year>2003</year></pub-date><volume>4</volume><fpage>44</fpage><lpage>44</lpage><ext-link ext-link-type="uri" xlink:href="http://www.biomedcentral.com/1471-2105/4/44"/><history><date date-type="received"><day>25</day><month>6</month><year>2003</year></date><date date-type="accepted"><day>22</day><month>9</month><year>2003</year></date></history><permissions><copyright-statement>Copyright © 2003 Klein and Eddy; licensee BioMed Central Ltd. This is an Open Access article: verbatim copying and redistribution of this article are permitted in all media for any purpose, provided this notice is preserved along with the article's original URL.</copyright-statement><copyright-year>2003</copyright-year><copyright-holder>Klein and Eddy; licensee BioMed Central Ltd. This is an Open Access article: verbatim copying and redistribution of this article are permitted in all media for any purpose, provided this notice is preserved along with the article's original URL.</copyright-holder></permissions><abstract><sec><title>Background</title><p>For many RNA molecules, secondary structure rather than primary sequence is the evolutionarily conserved feature. No programs have yet been published that allow searching a sequence database for homologs of a single RNA molecule on the basis of secondary structure.</p></sec><sec><title>Results</title><p>We have developed a program, RSEARCH, that takes a single RNA sequence with its secondary structure and utilizes a local alignment algorithm to search a database for homologous RNAs. For this purpose, we have developed a series of base pair and single nucleotide substitution matrices for RNA sequences called RIBOSUM matrices. RSEARCH reports the statistical confidence for each hit as well as the structural alignment of the hit. We show several examples in which RSEARCH outperforms the primary sequence search programs BLAST and SSEARCH. The primary drawback of the program is that it is slow. The C code for RSEARCH is freely available from our lab's website.</p></sec><sec><title>Conclusion</title><p>RSEARCH outperforms primary sequence programs in finding homologs of structured RNA sequences.</p></sec></abstract></article-meta></front></article>