<article xmlns="https://dtd.nlm.nih.gov/ns/archiving/2.3/" xmlns:xsi="http://www.w3.org/2001/XMLSchema-instance" xmlns:mml="http://www.w3.org/1998/Math/MathML" xmlns:xlink="http://www.w3.org/1999/xlink" xsi:schemaLocation="https://dtd.nlm.nih.gov/ns/archiving/2.3/ https://dtd.nlm.nih.gov/archiving/2.3/xsd/archivearticle.xsd" article-type="research-article"><front><journal-meta><journal-id journal-id-type="nlm-ta">BMC Bioinformatics</journal-id><journal-title>BMC Bioinformatics</journal-title><issn pub-type="epub">1471-2105</issn><publisher><publisher-name>BioMed Central</publisher-name><publisher-loc>London</publisher-loc></publisher></journal-meta><article-meta><article-id pub-id-type="accession">PMC222958</article-id><article-id pub-id-type="pmcid">PMC222958</article-id><article-id pub-id-type="pmc-uid">222958</article-id><article-id pub-id-type="pmid">12967349</article-id><article-id pub-id-type="publisher-id">1471-2105-4-40</article-id><article-id pub-id-type="pmid">12967349</article-id><article-id pub-id-type="doi">10.1186/1471-2105-4-40</article-id><article-categories><subj-group subj-group-type="heading"><subject>Methodology Article</subject></subj-group></article-categories><title-group><article-title>Probabilistic estimation of microarray data reliability and underlying gene expression</article-title></title-group><contrib-group><contrib id="A1" corresp="yes" contrib-type="author"><name><surname>Bilke</surname><given-names>Sven</given-names></name><xref ref-type="aff" rid="I1">1</xref><email>sven@thep.lu.se</email></contrib><contrib id="A2" contrib-type="author"><name><surname>Breslin</surname><given-names>Thomas</given-names></name><xref ref-type="aff" rid="I1">1</xref><email>thomas@thep.lu.se</email></contrib><contrib id="A3" contrib-type="author"><name><surname>Sigvardsson</surname><given-names>Mikael</given-names></name><xref ref-type="aff" rid="I2">2</xref><email>Mikael.Sigvardsson@stemcell.lu.se</email></contrib></contrib-group><aff id="I1"><label>1</label>Complex Systems Division, Department of Theoretical Physics, University of Lund, Sölvegatan 14A, SE-223 62 Lund, Sweden</aff><aff id="I2"><label>2</label>The Laboratory for Cell Differentiation Studies, Department for Stem Cell Biology, BMC B12, SE-22185 Lund, Sweden</aff><pub-date pub-type="collection"><year>2003</year></pub-date><pub-date pub-type="epub"><day>10</day><month>9</month><year>2003</year></pub-date><volume>4</volume><fpage>40</fpage><lpage>40</lpage><ext-link ext-link-type="uri" xlink:href="http://www.biomedcentral.com/1471-2105/4/40"/><history><date date-type="received"><day>16</day><month>1</month><year>2003</year></date><date date-type="accepted"><day>10</day><month>9</month><year>2003</year></date></history><permissions><copyright-statement>Copyright © 2003 Bilke et al; licensee BioMed Central Ltd. This is an Open Access article: verbatim copying and redistribution of this article are permitted in all media for any purpose, provided this notice is preserved along with the article's original URL.</copyright-statement><copyright-year>2003</copyright-year><copyright-holder>Bilke et al; licensee BioMed Central Ltd. This is an Open Access article: verbatim copying and redistribution of this article are permitted in all media for any purpose, provided this notice is preserved along with the article's original URL.</copyright-holder></permissions><abstract><sec><title>Background</title><p>The availability of high throughput methods for measurement of mRNA concentrations makes the reliability of conclusions drawn from the data and global quality control of samples and hybridization important issues. We address these issues by an information theoretic approach, applied to discretized expression values in replicated gene expression data.</p></sec><sec><title>Results</title><p>Our approach yields a quantitative measure of two important parameter classes: First, the probability <italic>P</italic>(σ|<italic>S</italic>) that a gene is in the biological state σ in a certain variety, given its observed expression <italic>S </italic>in the samples of that variety. Second, sample specific error probabilities which serve as consistency indicators of the measured samples of each variety. The method and its limitations are tested on gene expression data for developing murine B-cells and a <italic>t</italic>-test is used as reference. On a set of known genes it performs better than the <italic>t</italic>-test despite the crude discretization into only two expression levels. The consistency indicators, i.e. the error probabilities, correlate well with variations in the biological material and thus prove efficient.</p></sec><sec><title>Conclusions</title><p>The proposed method is effective in determining differential gene expression and sample reliability in replicated microarray data. Already at two discrete expression levels in each sample, it gives a good explanation of the data and is comparable to standard techniques.</p></sec></abstract></article-meta></front></article>