<article xmlns="https://dtd.nlm.nih.gov/ns/archiving/2.3/" xmlns:xsi="http://www.w3.org/2001/XMLSchema-instance" xmlns:mml="http://www.w3.org/1998/Math/MathML" xmlns:xlink="http://www.w3.org/1999/xlink" xsi:schemaLocation="https://dtd.nlm.nih.gov/ns/archiving/2.3/ https://dtd.nlm.nih.gov/archiving/2.3/xsd/archivearticle.xsd" article-type="research-article"><front><journal-meta><journal-id journal-id-type="nlm-ta">BMC Bioinformatics</journal-id><journal-title>BMC Bioinformatics</journal-title><issn pub-type="epub">1471-2105</issn><publisher><publisher-name>BioMed Central</publisher-name><publisher-loc>London</publisher-loc></publisher></journal-meta><article-meta><article-id pub-id-type="accession">PMC212256</article-id><article-id pub-id-type="pmcid">PMC212256</article-id><article-id pub-id-type="pmc-uid">212256</article-id><article-id pub-id-type="pmid">12962547</article-id><article-id pub-id-type="publisher-id">1471-2105-4-37</article-id><article-id pub-id-type="pmid">12962547</article-id><article-id pub-id-type="doi">10.1186/1471-2105-4-37</article-id><article-categories><subj-group subj-group-type="heading"><subject>Research Article</subject></subj-group></article-categories><title-group><article-title>Sex genes for genomic analysis in human brain: internal controls for comparison of probe level data extraction.</article-title></title-group><contrib-group><contrib id="A1" contrib-type="author"><name><surname>Galfalvy</surname><given-names>Hanga C</given-names></name><xref ref-type="aff" rid="I1">1</xref><email>hanga@neuron.cpmc.columbia.edu</email></contrib><contrib id="A2" contrib-type="author"><name><surname>Erraji-Benchekroun</surname><given-names>Loubna</given-names></name><xref ref-type="aff" rid="I1">1</xref><xref ref-type="aff" rid="I2">2</xref><email>loerraji@neuron.cpmc.columbia.edu</email></contrib><contrib id="A3" contrib-type="author"><name><surname>Smyrniotopoulos</surname><given-names>Peggy</given-names></name><xref ref-type="aff" rid="I1">1</xref><email>psmyrni@neuron.cpmc.columbia.edu</email></contrib><contrib id="A4" contrib-type="author"><name><surname>Pavlidis</surname><given-names>Paul</given-names></name><xref ref-type="aff" rid="I3">3</xref><email>pp175@columbia.edu</email></contrib><contrib id="A5" contrib-type="author"><name><surname>Ellis</surname><given-names>Steven P</given-names></name><xref ref-type="aff" rid="I1">1</xref><xref ref-type="aff" rid="I2">2</xref><email>ellis@neuron.cpmc.columbia.edu</email></contrib><contrib id="A6" contrib-type="author"><name><surname>Mann</surname><given-names>J John</given-names></name><xref ref-type="aff" rid="I1">1</xref><xref ref-type="aff" rid="I2">2</xref><email>jjm@columbia.edu</email></contrib><contrib id="A7" corresp="yes" contrib-type="author"><name><surname>Sibille</surname><given-names>Etienne</given-names></name><xref ref-type="aff" rid="I1">1</xref><xref ref-type="aff" rid="I2">2</xref><email>es574@columbia.edu</email></contrib><contrib id="A8" contrib-type="author"><name><surname>Arango</surname><given-names>Victoria</given-names></name><xref ref-type="aff" rid="I1">1</xref><xref ref-type="aff" rid="I2">2</xref><email>varango@neuron.cpmc.columbia.edu</email></contrib></contrib-group><aff id="I1"><label>1</label>Department of Neuroscience, New York State Psychiatric Institute, New York, NY 10032, USA</aff><aff id="I2"><label>2</label>Department of Psychiatry, Columbia University, 1051 Riverside Drive, New York, NY 10032, USA</aff><aff id="I3"><label>3</label>Genome Center, Department of Biomedical Informatics, Columbia University, 1051 Riverside Drive, New York, NY 10032, USA</aff><pub-date pub-type="collection"><year>2003</year></pub-date><pub-date pub-type="epub"><day>8</day><month>9</month><year>2003</year></pub-date><volume>4</volume><fpage>37</fpage><lpage>37</lpage><ext-link ext-link-type="uri" xlink:href="http://www.biomedcentral.com/1471-2105/4/37"/><history><date date-type="received"><day>21</day><month>3</month><year>2003</year></date><date date-type="accepted"><day>8</day><month>9</month><year>2003</year></date></history><permissions><copyright-statement>Copyright © 2003 Galfalvy et al; licensee BioMed Central Ltd. This is an Open Access article: verbatim copying and redistribution of this article are permitted in all media for any purpose, provided this notice is preserved along with the article's original URL.</copyright-statement><copyright-year>2003</copyright-year><copyright-holder>Galfalvy et al; licensee BioMed Central Ltd. This is an Open Access article: verbatim copying and redistribution of this article are permitted in all media for any purpose, provided this notice is preserved along with the article's original URL.</copyright-holder></permissions><abstract><sec><title>Background</title><p>Genomic studies of complex tissues pose unique analytical challenges for assessment of data quality, performance of statistical methods used for data extraction, and detection of differentially expressed genes. Ideally, to assess the accuracy of gene expression analysis methods, one needs a set of genes which are known to be differentially expressed in the samples and which can be used as a "gold standard". We introduce the idea of using sex-chromosome genes as an alternative to spiked-in control genes or simulations for assessment of microarray data and analysis methods.</p></sec><sec><title>Results</title><p>Expression of sex-chromosome genes were used as true internal biological controls to compare alternate probe-level data extraction algorithms (Microarray Suite 5.0 [MAS5.0], Model Based Expression Index [MBEI] and Robust Multi-array Average [RMA]), to assess microarray data quality and to establish some statistical guidelines for analyzing large-scale gene expression. These approaches were implemented on a large new dataset of human brain samples. RMA-generated gene expression values were markedly less variable and more reliable than MAS5.0 and MBEI-derived values. A statistical technique controlling the false discovery rate was applied to adjust for multiple testing, as an alternative to the Bonferroni method, and showed no evidence of false negative results. Fourteen probesets, representing nine Y- and two X-chromosome linked genes, displayed significant sex differences in brain prefrontal cortex gene expression.</p></sec><sec><title>Conclusion</title><p>In this study, we have demonstrated the use of sex genes as true biological internal controls for genomic analysis of complex tissues, and suggested analytical guidelines for testing alternate oligonucleotide microarray data extraction protocols and for adjusting multiple statistical analysis of differentially expressed genes. Our results also provided evidence for sex differences in gene expression in the brain prefrontal cortex, supporting the notion of a putative direct role of sex-chromosome genes in differentiation and maintenance of sexual dimorphism of the central nervous system. Importantly, these analytical approaches are applicable to all microarray studies that include male and female human or animal subjects.</p></sec></abstract></article-meta></front></article>