<article xmlns="https://dtd.nlm.nih.gov/ns/archiving/2.3/" xmlns:xsi="http://www.w3.org/2001/XMLSchema-instance" xmlns:mml="http://www.w3.org/1998/Math/MathML" xmlns:xlink="http://www.w3.org/1999/xlink" xsi:schemaLocation="https://dtd.nlm.nih.gov/ns/archiving/2.3/ https://dtd.nlm.nih.gov/archiving/2.3/xsd/archivearticle.xsd" article-type="research-article"><front><journal-meta><journal-id journal-id-type="nlm-ta">BMC Bioinformatics</journal-id><journal-title>BMC Bioinformatics</journal-title><issn pub-type="epub">1471-2105</issn><publisher><publisher-name>BioMed Central</publisher-name><publisher-loc>London</publisher-loc></publisher></journal-meta><article-meta><article-id pub-id-type="accession">PMC280651</article-id><article-id pub-id-type="pmcid">PMC280651</article-id><article-id pub-id-type="pmc-uid">280651</article-id><article-id pub-id-type="pmid">14583099</article-id><article-id pub-id-type="publisher-id">1471-2105-4-52</article-id><article-id pub-id-type="pmid">14583099</article-id><article-id pub-id-type="doi">10.1186/1471-2105-4-52</article-id><article-categories><subj-group subj-group-type="heading"><subject>Research Article</subject></subj-group></article-categories><title-group><article-title>LEAping to conclusions: A computational reanalysis of late embryogenesis abundant proteins and their possible roles</article-title></title-group><contrib-group><contrib id="A1" corresp="yes" contrib-type="author"><name><surname>Wise</surname><given-names>Michael J</given-names></name><xref ref-type="aff" rid="I1">1</xref><email>mw263@cam.ac.uk</email></contrib></contrib-group><aff id="I1"><label>1</label>Department of Genetics Cambridge University Cambridge U.K</aff><pub-date pub-type="collection"><year>2003</year></pub-date><pub-date pub-type="epub"><day>29</day><month>10</month><year>2003</year></pub-date><volume>4</volume><fpage>52</fpage><lpage>52</lpage><ext-link ext-link-type="uri" xlink:href="http://www.biomedcentral.com/1471-2105/4/52"/><history><date date-type="received"><day>29</day><month>5</month><year>2003</year></date><date date-type="accepted"><day>29</day><month>10</month><year>2003</year></date></history><permissions><copyright-statement>Copyright © 2003 Wise; licensee BioMed Central Ltd. This is an Open Access article: verbatim copying and redistribution of this article are permitted in all media for any purpose, provided this notice is preserved along with the article's original URL.</copyright-statement><copyright-year>2003</copyright-year><copyright-holder>Wise; licensee BioMed Central Ltd. This is an Open Access article: verbatim copying and redistribution of this article are permitted in all media for any purpose, provided this notice is preserved along with the article's original URL.</copyright-holder></permissions><abstract><sec><title>Background</title><p>The late embryogenesis abundant (LEA) proteins cover a number of loosely related groups of proteins, originally found in plants but now being found in non-plant species. Their precise function is unknown, though considerable evidence suggests that LEA proteins are involved in desiccation resistance. Using a number of statistically-based bioinformatics tools the classification of a large set of LEA proteins, covering all Groups, is reexamined together with some previous findings. Searches based on peptide composition return proteins with similar composition to different LEA Groups; keyword clustering is then applied to reveal keywords and phrases suggestive of the Groups' properties.</p></sec><sec><title>Results</title><p>Previous research has suggested that glycine is characteristic of LEA proteins, but it is only highly over-represented in Groups 1 and 2, while alanine, thought characteristic of Group 2, is over-represented in Group 3, 4 and 6 but under-represented in Groups 1 and 2. However, for LEA Groups 1 2 and 3 it is shown that glutamine is very significantly over-represented, while cysteine, phenylalanine, isoleucine, leucine and tryptophan are significantly under-represented. There is also evidence that the Group 4 LEA proteins are more appropriately redistributed to Group 2 and Group 3. Similarly, Group 5 is better found among the Group 3 LEA proteins.</p></sec><sec><title>Conclusions</title><p>There is evidence that Group 2 and Group 3 LEA proteins, though distinct, might be related. This relationship is also evident in the overlapping sets of keywords for the two Groups, emphasising alpha-helical structure and, at a larger scale, filaments, all of which fits well with experimental evidence that proteins from both Groups are natively unstructured, but become structured under stress conditions. The keywords support localisation of LEA proteins both in the nucleus and associated with the cytoskeleton, and a mode of action similar to chaperones, perhaps the cold shock chaperones, via a role in DNA-binding. In general, non-globular and low-complexity proteins, such as the LEA proteins, pose particular challenges in determining their functions and modes of action. Rather than masking off and ignoring low-complexity domains, novel tools and tool combinations are needed which are capable of analysing such proteins in their entirety.</p></sec></abstract></article-meta></front></article>