<article xmlns="https://dtd.nlm.nih.gov/ns/archiving/2.3/" xmlns:xsi="http://www.w3.org/2001/XMLSchema-instance" xmlns:mml="http://www.w3.org/1998/Math/MathML" xmlns:xlink="http://www.w3.org/1999/xlink" xsi:schemaLocation="https://dtd.nlm.nih.gov/ns/archiving/2.3/ https://dtd.nlm.nih.gov/archiving/2.3/xsd/archivearticle.xsd" article-type="product-review"><front><journal-meta><journal-id journal-id-type="nlm-ta">BMC Bioinformatics</journal-id><journal-title>BMC Bioinformatics</journal-title><issn pub-type="epub">1471-2105</issn><publisher><publisher-name>BioMed Central</publisher-name><publisher-loc>London</publisher-loc></publisher></journal-meta><article-meta><article-id pub-id-type="accession">PMC200972</article-id><article-id pub-id-type="pmcid">PMC200972</article-id><article-id pub-id-type="pmc-uid">200972</article-id><article-id pub-id-type="pmid">12952558</article-id><article-id pub-id-type="publisher-id">1471-2105-4-35</article-id><article-id pub-id-type="pmid">12952558</article-id><article-id pub-id-type="doi">10.1186/1471-2105-4-35</article-id><article-categories><subj-group subj-group-type="heading"><subject>Software</subject></subj-group></article-categories><title-group><article-title>OrthoParaMap: Distinguishing orthologs from paralogs by integrating comparative genome data and gene phylogenies</article-title></title-group><contrib-group><contrib id="A1" corresp="yes" contrib-type="author"><name><surname>Cannon</surname><given-names>Steven B</given-names></name><xref ref-type="aff" rid="I1">1</xref><email>cann0010@umn.edu</email></contrib><contrib id="A2" contrib-type="author"><name><surname>Young</surname><given-names>Nevin D</given-names></name><xref ref-type="aff" rid="I1">1</xref><xref ref-type="aff" rid="I2">2</xref><email>neviny@umn.edu</email></contrib></contrib-group><aff id="I1"><label>1</label>Plant Biology Department, University of Minnesota, St. Paul, MN 55108, USA</aff><aff id="I2"><label>2</label>Plant Pathology Department, University of Minnesota, St. Paul, MN 55108, USA</aff><pub-date pub-type="collection"><year>2003</year></pub-date><pub-date pub-type="epub"><day>2</day><month>9</month><year>2003</year></pub-date><volume>4</volume><fpage>35</fpage><lpage>35</lpage><ext-link ext-link-type="uri" xlink:href="http://www.biomedcentral.com/1471-2105/4/35"/><history><date date-type="received"><day>27</day><month>6</month><year>2003</year></date><date date-type="accepted"><day>2</day><month>9</month><year>2003</year></date></history><permissions><copyright-statement>Copyright © 2003 Cannon and Young; licensee BioMed Central Ltd. This is an Open Access article: verbatim copying and redistribution of this article are permitted in all media for any purpose, provided this notice is preserved along with the article's original URL.</copyright-statement><copyright-year>2003</copyright-year><copyright-holder>Cannon and Young; licensee BioMed Central Ltd. This is an Open Access article: verbatim copying and redistribution of this article are permitted in all media for any purpose, provided this notice is preserved along with the article's original URL.</copyright-holder></permissions><abstract><sec><title>Background</title><p>In eukaryotic genomes, most genes are members of gene families. When comparing genes from two species, therefore, most genes in one species will be homologous to multiple genes in the second. This often makes it difficult to distinguish orthologs (separated through speciation) from paralogs (separated by other types of gene duplication). Combining phylogenetic relationships and genomic position in both genomes helps to distinguish between these scenarios. This kind of comparison can also help to describe how gene families have evolved within a single genome that has undergone polyploidy or other large-scale duplications, as in the case of <italic>Arabidopsis thaliana </italic>– and probably most plant genomes.</p></sec><sec><title>Results</title><p>We describe a suite of programs called OrthoParaMap (OPM) that makes genomic comparisons, identifies syntenic regions, determines whether sets of genes in a gene family are related through speciation or internal chromosomal duplications, maps this information onto phylogenetic trees, and infers internal nodes within the phylogenetic tree that may represent local – as opposed to speciation or segmental – duplication. We describe the application of the software using three examples: the melanoma-associated antigen (MAGE) gene family on the X chromosomes of mouse and human; the 20S proteasome subunit gene family in <italic>Arabidopsis</italic>, and the major latex protein gene family in <italic>Arabidopsis</italic>.</p></sec><sec><title>Conclusion</title><p>OPM combines comparative genomic positional information and phylogenetic reconstructions to identify which gene duplications are likely to have arisen through internal genomic duplications (such as polyploidy), through speciation, or through local duplications (such as unequal crossing-over). The software is freely available at <ext-link ext-link-type="uri" xlink:href="http://www.tc.umn.edu/~cann0010/"/>.</p></sec></abstract></article-meta></front></article>