<article xmlns="https://dtd.nlm.nih.gov/ns/archiving/2.3/" xmlns:xsi="http://www.w3.org/2001/XMLSchema-instance" xmlns:mml="http://www.w3.org/1998/Math/MathML" xmlns:xlink="http://www.w3.org/1999/xlink" xsi:schemaLocation="https://dtd.nlm.nih.gov/ns/archiving/2.3/ https://dtd.nlm.nih.gov/archiving/2.3/xsd/archivearticle.xsd" article-type="research-article"><front><journal-meta><journal-id journal-id-type="nlm-ta">BMC Bioinformatics</journal-id><journal-title>BMC Bioinformatics</journal-title><issn pub-type="epub">1471-2105</issn><publisher><publisher-name>BioMed Central</publisher-name><publisher-loc>London</publisher-loc></publisher></journal-meta><article-meta><article-id pub-id-type="accession">PMC222959</article-id><article-id pub-id-type="pmcid">PMC222959</article-id><article-id pub-id-type="pmc-uid">222959</article-id><article-id pub-id-type="pmid">12969510</article-id><article-id pub-id-type="publisher-id">1471-2105-4-41</article-id><article-id pub-id-type="pmid">12969510</article-id><article-id pub-id-type="doi">10.1186/1471-2105-4-41</article-id><article-categories><subj-group subj-group-type="heading"><subject>Research Article</subject></subj-group></article-categories><title-group><article-title>The COG database: an updated version includes eukaryotes</article-title></title-group><contrib-group><contrib id="A1" corresp="yes" contrib-type="author"><name><surname>Tatusov</surname><given-names>Roman L</given-names></name><xref ref-type="aff" rid="I1">1</xref><email>tatusov@ncbi.nlm.nih.gov</email></contrib><contrib id="A2" contrib-type="author"><name><surname>Fedorova</surname><given-names>Natalie D</given-names></name><xref ref-type="aff" rid="I1">1</xref><email>fedorova@ncbi.nlm.nih.gov</email></contrib><contrib id="A3" contrib-type="author"><name><surname>Jackson</surname><given-names>John D</given-names></name><xref ref-type="aff" rid="I1">1</xref><email>jjackson@ncbi.nlm.nih.gov</email></contrib><contrib id="A4" contrib-type="author"><name><surname>Jacobs</surname><given-names>Aviva R</given-names></name><xref ref-type="aff" rid="I1">1</xref><email>jacobs@ncbi.nlm.nih.gov</email></contrib><contrib id="A5" contrib-type="author"><name><surname>Kiryutin</surname><given-names>Boris</given-names></name><xref ref-type="aff" rid="I1">1</xref><email>kiryutin@ncbi.nlm.nih.gov</email></contrib><contrib id="A6" contrib-type="author"><name><surname>Koonin</surname><given-names>Eugene V</given-names></name><xref ref-type="aff" rid="I1">1</xref><email>koonin@ncbi.nlm.nih.gov</email></contrib><contrib id="A7" contrib-type="author"><name><surname>Krylov</surname><given-names>Dmitri M</given-names></name><xref ref-type="aff" rid="I1">1</xref><email>krylov@ncbi.nlm.nih.gov</email></contrib><contrib id="A8" contrib-type="author"><name><surname>Mazumder</surname><given-names>Raja</given-names></name><xref ref-type="aff" rid="I2">2</xref><email>rm285@georgetown.edu</email></contrib><contrib id="A9" contrib-type="author"><name><surname>Mekhedov</surname><given-names>Sergei L</given-names></name><xref ref-type="aff" rid="I1">1</xref><email>mekhedov@ncbi.nlm.nih.gov</email></contrib><contrib id="A10" contrib-type="author"><name><surname>Nikolskaya</surname><given-names>Anastasia N</given-names></name><xref ref-type="aff" rid="I2">2</xref><email>ann2@georgetown.edu</email></contrib><contrib id="A11" contrib-type="author"><name><surname>Rao</surname><given-names>B Sridhar</given-names></name><xref ref-type="aff" rid="I1">1</xref><email>rao@ncbi.nlm.nih.gov</email></contrib><contrib id="A12" contrib-type="author"><name><surname>Smirnov</surname><given-names>Sergei</given-names></name><xref ref-type="aff" rid="I1">1</xref><email>smirnov@ncbi.nlm.nih.gov</email></contrib><contrib id="A13" contrib-type="author"><name><surname>Sverdlov</surname><given-names>Alexander V</given-names></name><xref ref-type="aff" rid="I1">1</xref><email>asverdlo@ncbi.nlm.nih.gov</email></contrib><contrib id="A14" contrib-type="author"><name><surname>Vasudevan</surname><given-names>Sona</given-names></name><xref ref-type="aff" rid="I1">1</xref><email>vasudeva@ncbi.nlm.nih.gov</email></contrib><contrib id="A15" contrib-type="author"><name><surname>Wolf</surname><given-names>Yuri I</given-names></name><xref ref-type="aff" rid="I1">1</xref><email>wolf@ncbi.nlm.nih.gov</email></contrib><contrib id="A16" contrib-type="author"><name><surname>Yin</surname><given-names>Jodie J</given-names></name><xref ref-type="aff" rid="I1">1</xref><email>yin@ncbi.nlm.nih.gov</email></contrib><contrib id="A17" contrib-type="author"><name><surname>Natale</surname><given-names>Darren A</given-names></name><xref ref-type="aff" rid="I2">2</xref><email>dan5@georgetown.edu</email></contrib></contrib-group><aff id="I1"><label>1</label>National Center for Biotechnology Information, National Library of Medicine, National Institutes of Health, Bethesda MD, USA</aff><aff id="I2"><label>2</label>Protein Information Resource, Georgetown University Medical Center, 3900 Reservoir Road, NW, Washington, DC 20007, USA</aff><pub-date pub-type="collection"><year>2003</year></pub-date><pub-date pub-type="epub"><day>11</day><month>9</month><year>2003</year></pub-date><volume>4</volume><fpage>41</fpage><lpage>41</lpage><ext-link ext-link-type="uri" xlink:href="http://www.biomedcentral.com/1471-2105/4/41"/><history><date date-type="received"><day>20</day><month>5</month><year>2003</year></date><date date-type="accepted"><day>11</day><month>9</month><year>2003</year></date></history><permissions><copyright-statement>Copyright © 2003 Tatusov et al; licensee BioMed Central Ltd. This is an Open Access article: verbatim copying and redistribution of this article are permitted in all media for any purpose, provided this notice is preserved along with the article's original URL.</copyright-statement><copyright-year>2003</copyright-year><copyright-holder>Tatusov et al; licensee BioMed Central Ltd. This is an Open Access article: verbatim copying and redistribution of this article are permitted in all media for any purpose, provided this notice is preserved along with the article's original URL.</copyright-holder></permissions><abstract><sec><title>Background</title><p>The availability of multiple, essentially complete genome sequences of prokaryotes and eukaryotes spurred both the demand and the opportunity for the construction of an evolutionary classification of genes from these genomes. Such a classification system based on orthologous relationships between genes appears to be a natural framework for comparative genomics and should facilitate both functional annotation of genomes and large-scale evolutionary studies.</p></sec><sec><title>Results</title><p>We describe here a major update of the previously developed system for delineation of Clusters of Orthologous Groups of proteins (COGs) from the sequenced genomes of prokaryotes and unicellular eukaryotes and the construction of clusters of predicted orthologs for 7 eukaryotic genomes, which we named KOGs after eu<underline>k</underline>aryotic <underline>o</underline>rthologous <underline>g</underline>roups. The COG collection currently consists of 138,458 proteins, which form 4873 COGs and comprise 75% of the 185,505 (predicted) proteins encoded in 66 genomes of unicellular organisms. The eu<underline>k</underline>aryotic <underline>o</underline>rthologous <underline>g</underline>roups (KOGs) include proteins from 7 eukaryotic genomes: three animals (the nematode <italic>Caenorhabditis elegans</italic>, the fruit fly <italic>Drosophila melanogaster </italic>and <italic>Homo sapiens</italic>), one plant, <italic>Arabidopsis thaliana</italic>, two fungi (<italic>Saccharomyces cerevisiae </italic>and <italic>Schizosaccharomyces pombe</italic>), and the intracellular microsporidian parasite <italic>Encephalitozoon cuniculi</italic>. The current KOG set consists of 4852 clusters of orthologs, which include 59,838 proteins, or ~54% of the analyzed eukaryotic 110,655 gene products. Compared to the coverage of the prokaryotic genomes with COGs, a considerably smaller fraction of eukaryotic genes could be included into the KOGs; addition of new eukaryotic genomes is expected to result in substantial increase in the coverage of eukaryotic genomes with KOGs. Examination of the phyletic patterns of KOGs reveals a conserved core represented in all analyzed species and consisting of ~20% of the KOG set. This conserved portion of the KOG set is much greater than the ubiquitous portion of the COG set (~1% of the COGs). In part, this difference is probably due to the small number of included eukaryotic genomes, but it could also reflect the relative compactness of eukaryotes as a clade and the greater evolutionary stability of eukaryotic genomes.</p></sec><sec><title>Conclusion</title><p>The updated collection of orthologous protein sets for prokaryotes and eukaryotes is expected to be a useful platform for functional annotation of newly sequenced genomes, including those of complex eukaryotes, and genome-wide evolutionary studies.</p></sec></abstract></article-meta></front></article>