<article xmlns="https://dtd.nlm.nih.gov/ns/archiving/2.3/" xmlns:xsi="http://www.w3.org/2001/XMLSchema-instance" xmlns:mml="http://www.w3.org/1998/Math/MathML" xmlns:xlink="http://www.w3.org/1999/xlink" xsi:schemaLocation="https://dtd.nlm.nih.gov/ns/archiving/2.3/ https://dtd.nlm.nih.gov/archiving/2.3/xsd/archivearticle.xsd" article-type="research-article"><front><journal-meta><journal-id journal-id-type="nlm-ta">BMC Bioinformatics</journal-id><journal-title>BMC Bioinformatics</journal-title><issn pub-type="epub">1471-2105</issn><publisher><publisher-name>BioMed Central</publisher-name><publisher-loc>London</publisher-loc></publisher></journal-meta><article-meta><article-id pub-id-type="accession">PMC280650</article-id><article-id pub-id-type="pmcid">PMC280650</article-id><article-id pub-id-type="pmc-uid">280650</article-id><article-id pub-id-type="pmid">14552658</article-id><article-id pub-id-type="publisher-id">1471-2105-4-47</article-id><article-id pub-id-type="pmid">14552658</article-id><article-id pub-id-type="doi">10.1186/1471-2105-4-47</article-id><article-categories><subj-group subj-group-type="heading"><subject>Methodology Article</subject></subj-group></article-categories><title-group><article-title>OXBench: A benchmark for evaluation of protein multiple sequence alignment accuracy</article-title></title-group><contrib-group><contrib id="A1" contrib-type="author"><name><surname>Raghava</surname><given-names>GPS</given-names></name><xref ref-type="aff" rid="I2">2</xref><xref ref-type="aff" rid="I3">3</xref><xref ref-type="aff" rid="I4">4</xref><email>raghava@imtech.res.in</email></contrib><contrib id="A2" contrib-type="author"><name><surname>Searle</surname><given-names>Stephen MJ</given-names></name><xref ref-type="aff" rid="I2">2</xref><xref ref-type="aff" rid="I5">5</xref><email>searle@sanger.ac.uk</email></contrib><contrib id="A3" contrib-type="author"><name><surname>Audley</surname><given-names>Patrick C</given-names></name><xref ref-type="aff" rid="I1">1</xref><email>paudley@compbio.dundee.ac.uk</email></contrib><contrib id="A4" contrib-type="author"><name><surname>Barber</surname><given-names>Jonathan D</given-names></name><xref ref-type="aff" rid="I1">1</xref><email>jon@compbio.dundee.ac.uk</email></contrib><contrib id="A5" corresp="yes" contrib-type="author"><name><surname>Barton</surname><given-names>Geoffrey J</given-names></name><xref ref-type="aff" rid="I1">1</xref><xref ref-type="aff" rid="I2">2</xref><xref ref-type="aff" rid="I3">3</xref><email>geoff@compbio.dundee.ac.uk</email></contrib></contrib-group><aff id="I1"><label>1</label>School of Life Sciences, University of Dundee, Dow St., Dundee, DD1 5EH, Scotland, UK</aff><aff id="I2"><label>2</label>European Molecular Biology Laboratory: European Bioinformatics Institute, Wellcome Trust Genome Campus, Hinxton, Cambridge, CB10 1SD, UK</aff><aff id="I3"><label>3</label>University of Oxford, Laboratory of Molecular Biophysics, Rex Richards Building, South Parks Road, Oxford, OX1 3QU, UK</aff><aff id="I4"><label>4</label>Bioinformatics Centre, Institute of Microbial Technology, Sector 39A, Chandigarh, India</aff><aff id="I5"><label>5</label>Sanger Institute, Wellcome Trust Genome Campus, Hinxton, Cambridge, CB10 1SA, UK</aff><pub-date pub-type="collection"><year>2003</year></pub-date><pub-date pub-type="epub"><day>10</day><month>10</month><year>2003</year></pub-date><volume>4</volume><fpage>47</fpage><lpage>47</lpage><ext-link ext-link-type="uri" xlink:href="http://www.biomedcentral.com/1471-2105/4/47"/><history><date date-type="received"><day>6</day><month>5</month><year>2003</year></date><date date-type="accepted"><day>10</day><month>10</month><year>2003</year></date></history><permissions><copyright-statement>Copyright © 2003 Raghava et al; licensee BioMed Central Ltd. This is an Open Access article: verbatim copying and redistribution of this article are permitted in all media for any purpose, provided this notice is preserved along with the article's original URL.</copyright-statement><copyright-year>2003</copyright-year><copyright-holder>Raghava et al; licensee BioMed Central Ltd. This is an Open Access article: verbatim copying and redistribution of this article are permitted in all media for any purpose, provided this notice is preserved along with the article's original URL.</copyright-holder></permissions><abstract><sec><title>Background</title><p>The alignment of two or more protein sequences provides a powerful guide in the prediction of the protein structure and in identifying key functional residues, however, the utility of any prediction is completely dependent on the accuracy of the alignment. In this paper we describe a suite of reference alignments derived from the comparison of protein three-dimensional structures together with evaluation measures and software that allow automatically generated alignments to be benchmarked. We test the OXBench benchmark suite on alignments generated by the AMPS multiple alignment method, then apply the suite to compare eight different multiple alignment algorithms. The benchmark shows the current state-of-the art for alignment accuracy and provides a baseline against which new alignment algorithms may be judged.</p></sec><sec><title>Results</title><p>The simple hierarchical multiple alignment algorithm, AMPS, performed as well as or better than more modern methods such as CLUSTALW once the PAM250 pair-score matrix was replaced by a BLOSUM series matrix. AMPS gave an accuracy in Structurally Conserved Regions (SCRs) of 89.9% over a set of 672 alignments. The T-COFFEE method on a data set of families with &lt;8 sequences gave 91.4% accuracy, significantly better than CLUSTALW (88.9%) and all other methods considered here. The complete suite is available from <ext-link ext-link-type="uri" xlink:href="http://www.compbio.dundee.ac.uk"/>.</p></sec><sec><title>Conclusions</title><p>The OXBench suite of reference alignments, evaluation software and results database provide a convenient method to assess progress in sequence alignment techniques. Evaluation measures that were <italic>dependent </italic>on comparison to a reference alignment were found to give good discrimination between methods. The STAMP S<sub><italic>c </italic></sub>Score which is <italic>independent </italic>of a reference alignment also gave good discrimination. Application of OXBench in this paper shows that with the exception of T-COFFEE, the majority of the improvement in alignment accuracy seen since 1985 stems from improved pair-score matrices rather than algorithmic refinements. The maximum theoretical alignment accuracy obtained by pooling results over all methods was 94.5% with 52.5% accuracy for alignments in the 0–10 percentage identity range. This suggests that further improvements in accuracy will be possible in the future.</p></sec></abstract><kwd-group><kwd>protein</kwd><kwd>multiple sequence alignment</kwd><kwd>benchmark</kwd><kwd>structural alignment</kwd></kwd-group></article-meta></front></article>