<article xmlns="https://dtd.nlm.nih.gov/ns/archiving/2.3/" xmlns:xsi="http://www.w3.org/2001/XMLSchema-instance" xmlns:mml="http://www.w3.org/1998/Math/MathML" xmlns:xlink="http://www.w3.org/1999/xlink" xsi:schemaLocation="https://dtd.nlm.nih.gov/ns/archiving/2.3/ https://dtd.nlm.nih.gov/archiving/2.3/xsd/archivearticle.xsd" article-type="research-article"><front><journal-meta><journal-id journal-id-type="nlm-ta">BMC Bioinformatics</journal-id><journal-title>BMC Bioinformatics</journal-title><issn pub-type="epub">1471-2105</issn><publisher><publisher-name>BioMed Central</publisher-name><publisher-loc>London</publisher-loc></publisher></journal-meta><article-meta><article-id pub-id-type="accession">PMC200968</article-id><article-id pub-id-type="pmcid">PMC200968</article-id><article-id pub-id-type="pmc-uid">200968</article-id><article-id pub-id-type="pmid">12950995</article-id><article-id pub-id-type="publisher-id">1471-2105-4-33</article-id><article-id pub-id-type="pmid">12950995</article-id><article-id pub-id-type="doi">10.1186/1471-2105-4-33</article-id><article-categories><subj-group subj-group-type="heading"><subject>Research Article</subject></subj-group></article-categories><title-group><article-title>Evaluation of normalization methods for microarray data</article-title></title-group><contrib-group><contrib id="A1" corresp="yes" contrib-type="author"><name><surname>Park</surname><given-names>Taesung</given-names></name><xref ref-type="aff" rid="I1">1</xref><email>tspark@stats.snu.ac.kr</email></contrib><contrib id="A2" contrib-type="author"><name><surname>Yi</surname><given-names>Sung-Gon</given-names></name><xref ref-type="aff" rid="I1">1</xref><email>skon@kr.FreeBSD.org</email></contrib><contrib id="A3" contrib-type="author"><name><surname>Kang</surname><given-names>Sung-Hyun</given-names></name><xref ref-type="aff" rid="I1">1</xref><email>gadin@statcom.snu.ac.kr</email></contrib><contrib id="A4" contrib-type="author"><name><surname>Lee</surname><given-names>SeungYeoun</given-names></name><xref ref-type="aff" rid="I2">2</xref><email>leesy@sejong.ac.kr</email></contrib><contrib id="A5" contrib-type="author"><name><surname>Lee</surname><given-names>Yong-Sung</given-names></name><xref ref-type="aff" rid="I3">3</xref><email>yongsung@hanyang.ac.kr</email></contrib><contrib id="A6" contrib-type="author"><name><surname>Simon</surname><given-names>Richard</given-names></name><xref ref-type="aff" rid="I4">4</xref><email>RSimon@nih.gov</email></contrib></contrib-group><aff id="I1"><label>1</label>Department of Statistics, Seoul National University, Seoul, Korea</aff><aff id="I2"><label>2</label>Department of Applied Mathematics, Sejong University, Seoul, Korea</aff><aff id="I3"><label>3</label>Department of Biochemistry, Hanyang University College of Medicine, Seoul, Korea</aff><aff id="I4"><label>4</label>Biometric Research Branch, Division of Cancer Treatment &amp; Diagnosis National Cancer Institute, Bethesda MD, USA</aff><pub-date pub-type="collection"><year>2003</year></pub-date><pub-date pub-type="epub"><day>2</day><month>9</month><year>2003</year></pub-date><volume>4</volume><fpage>33</fpage><lpage>33</lpage><ext-link ext-link-type="uri" xlink:href="http://www.biomedcentral.com/1471-2105/4/33"/><history><date date-type="received"><day>13</day><month>5</month><year>2003</year></date><date date-type="accepted"><day>2</day><month>9</month><year>2003</year></date></history><permissions><copyright-statement>Copyright © 2003 Park et al; licensee BioMed Central Ltd. This is an Open Access article: verbatim copying and redistribution of this article are permitted in all media for any purpose, provided this notice is preserved along with the article's original URL.</copyright-statement><copyright-year>2003</copyright-year><copyright-holder>Park et al; licensee BioMed Central Ltd. This is an Open Access article: verbatim copying and redistribution of this article are permitted in all media for any purpose, provided this notice is preserved along with the article's original URL.</copyright-holder></permissions><abstract><sec><title>Background</title><p>Microarray technology allows the monitoring of expression levels for thousands of genes simultaneously. This novel technique helps us to understand gene regulation as well as gene by gene interactions more systematically. In the microarray experiment, however, many undesirable systematic variations are observed. Even in replicated experiment, some variations are commonly observed. Normalization is the process of removing some sources of variation which affect the measured gene expression levels. Although a number of normalization methods have been proposed, it has been difficult to decide which methods perform best. Normalization plays an important role in the earlier stage of microarray data analysis. The subsequent analysis results are highly dependent on normalization.</p></sec><sec><title>Results</title><p>In this paper, we use the variability among the replicated slides to compare performance of normalization methods. We also compare normalization methods with regard to bias and mean square error using simulated data.</p></sec><sec><title>Conclusions</title><p>Our results show that intensity-dependent normalization often performs better than global normalization methods, and that linear and nonlinear normalization methods perform similarly. These conclusions are based on analysis of 36 cDNA microarrays of 3,840 genes obtained in an experiment to search for changes in gene expression profiles during neuronal differentiation of cortical stem cells. Simulation studies confirm our findings.</p></sec></abstract></article-meta></front></article>