<article xmlns="https://dtd.nlm.nih.gov/ns/archiving/2.3/" xmlns:xsi="http://www.w3.org/2001/XMLSchema-instance" xmlns:mml="http://www.w3.org/1998/Math/MathML" xmlns:xlink="http://www.w3.org/1999/xlink" xsi:schemaLocation="https://dtd.nlm.nih.gov/ns/archiving/2.3/ https://dtd.nlm.nih.gov/archiving/2.3/xsd/archivearticle.xsd" article-type="research-article"><front><journal-meta><journal-id journal-id-type="nlm-ta">BMC Bioinformatics</journal-id><journal-title>BMC Bioinformatics</journal-title><issn pub-type="epub">1471-2105</issn><publisher><publisher-name>BioMed Central</publisher-name><publisher-loc>London</publisher-loc></publisher></journal-meta><article-meta><article-id pub-id-type="accession">PMC272926</article-id><article-id pub-id-type="pmcid">PMC272926</article-id><article-id pub-id-type="pmc-uid">272926</article-id><article-id pub-id-type="pmid">14531933</article-id><article-id pub-id-type="publisher-id">1471-2105-4-45</article-id><article-id pub-id-type="pmid">14531933</article-id><article-id pub-id-type="doi">10.1186/1471-2105-4-45</article-id><article-categories><subj-group subj-group-type="heading"><subject>Research Article</subject></subj-group></article-categories><title-group><article-title>Visualisation and graph-theoretic analysis of a large-scale protein structural interactome</article-title></title-group><contrib-group><contrib id="A1" equal-contrib="yes" contrib-type="author"><name><surname>Bolser</surname><given-names>Dan</given-names></name><xref ref-type="aff" rid="I2">2</xref><email>dmb@mrc-dunn.cam.ac.uk</email></contrib><contrib id="A2" equal-contrib="yes" contrib-type="author"><name><surname>Dafas</surname><given-names>Panos</given-names></name><xref ref-type="aff" rid="I1">1</xref><email>panos@soi.city.ac.uk</email></contrib><contrib id="A3" equal-contrib="yes" contrib-type="author"><name><surname>Harrington</surname><given-names>Richard</given-names></name><xref ref-type="aff" rid="I2">2</xref><email>rah@mrc-dunn.cam.ac.uk</email></contrib><contrib id="A4" equal-contrib="yes" contrib-type="author"><name><surname>Park</surname><given-names>Jong</given-names></name><xref ref-type="aff" rid="I2">2</xref><xref ref-type="aff" rid="I3">3</xref><email>biopark@kaist.ac.kr</email></contrib><contrib id="A5" equal-contrib="yes" corresp="yes" contrib-type="author"><name><surname>Schroeder</surname><given-names>Michael</given-names></name><xref ref-type="aff" rid="I1">1</xref><email>msch@soi.city.ac.uk</email></contrib></contrib-group><aff id="I1"><label>1</label>Department of Computing, City University, London EC1V 0HB, UK</aff><aff id="I2"><label>2</label>Dunn Human Nutrition Unit, Medical Research Council, Cambridge CB2 2XY, UK</aff><aff id="I3"><label>3</label>Department of BioSystems, Korea Advanced Institute of Science and Technology, Korea</aff><pub-date pub-type="collection"><year>2003</year></pub-date><pub-date pub-type="epub"><day>8</day><month>10</month><year>2003</year></pub-date><volume>4</volume><fpage>45</fpage><lpage>45</lpage><ext-link ext-link-type="uri" xlink:href="http://www.biomedcentral.com/1471-2105/4/45"/><history><date date-type="received"><day>31</day><month>7</month><year>2003</year></date><date date-type="accepted"><day>8</day><month>10</month><year>2003</year></date></history><permissions><copyright-statement>Copyright © 2003 Bolser et al; licensee BioMed Central Ltd. This is an Open Access article: verbatim copying and redistribution of this article are permitted in all media for any purpose, provided this notice is preserved along with the article's original URL.</copyright-statement><copyright-year>2003</copyright-year><copyright-holder>Bolser et al; licensee BioMed Central Ltd. This is an Open Access article: verbatim copying and redistribution of this article are permitted in all media for any purpose, provided this notice is preserved along with the article's original URL.</copyright-holder></permissions><abstract><sec><title>Background</title><p>Large-scale protein interaction maps provide a new, global perspective with which to analyse protein function. PSIMAP, the Protein Structural Interactome Map, is a database of all the structurally observed interactions between superfamilies of protein domains with known three-dimensional structure in the PDB. PSIMAP incorporates both functional and evolutionary information into a single network.</p></sec><sec><title>Results</title><p>We present a global analysis of PSIMAP using several distinct network measures relating to centrality, interactivity, fault-tolerance, and taxonomic diversity. We found the following results: Centrality: we show that the center and barycenter of PSIMAP do not coincide, and that the superfamilies forming the barycenter relate to very general functions, while those constituting the center relate to enzymatic activity. Interactivity: we identify the P-loop and immunoglobulin superfamilies as the most highly interactive. We successfully use connectivity and cluster index, which characterise the connectivity of a superfamily's neighbourhood, to discover superfamilies of complex I and II. This is particularly significant as the structure of complex I is not yet solved. Taxonomic diversity: we found that highly interactive superfamilies are in general taxonomically very diverse and are thus amongst the oldest. Fault-tolerance: we found that the network is very robust as for the majority of superfamilies removal from the network will not break up the network.</p></sec><sec><title>Conclusions</title><p>Overall, we can single out the P-loop containing nucleotide triphosphate hydrolases superfamily as it is the most highly connected and has the highest taxonomic diversity. In addition, this superfamily has the highest interaction rank, is the barycenter of the network (it has the shortest average path to every other superfamily in the network), and is an articulation vertex, whose removal will disconnect the network. More generally, we conclude that the graph-theoretic and taxonomic analysis of PSIMAP is an important step towards the understanding of protein function and could be an important tool for tracing the evolution of life at the molecular level.</p></sec></abstract><kwd-group><kwd>Structural Interactome</kwd><kwd>Protein Interaction</kwd><kwd>Interactomics</kwd><kwd>Graph-theory</kwd><kwd>Interaction Rank</kwd><kwd>Taxonomic Diversity</kwd><kwd>PSIEYE</kwd><kwd>PSIMAP.</kwd></kwd-group></article-meta></front></article>