<article xmlns="https://dtd.nlm.nih.gov/ns/archiving/2.3/" xmlns:xsi="http://www.w3.org/2001/XMLSchema-instance" xmlns:mml="http://www.w3.org/1998/Math/MathML" xmlns:xlink="http://www.w3.org/1999/xlink" xsi:schemaLocation="https://dtd.nlm.nih.gov/ns/archiving/2.3/ https://dtd.nlm.nih.gov/archiving/2.3/xsd/archivearticle.xsd" article-type="research-article"><front><journal-meta><journal-id journal-id-type="nlm-ta">BMC Bioinformatics</journal-id><journal-title>BMC Bioinformatics</journal-title><issn pub-type="epub">1471-2105</issn><publisher><publisher-name>BioMed Central</publisher-name><publisher-loc>London</publisher-loc></publisher></journal-meta><article-meta><article-id pub-id-type="accession">PMC270063</article-id><article-id pub-id-type="pmcid">PMC270063</article-id><article-id pub-id-type="pmc-uid">270063</article-id><article-id pub-id-type="pmid">14563212</article-id><article-id pub-id-type="publisher-id">1471-2105-4-49</article-id><article-id pub-id-type="pmid">14563212</article-id><article-id pub-id-type="doi">10.1186/1471-2105-4-49</article-id><article-categories><subj-group subj-group-type="heading"><subject>Research Article</subject></subj-group></article-categories><title-group><article-title>The TROVE module: A common element in Telomerase, Ro and Vault ribonucleoproteins</article-title></title-group><contrib-group><contrib id="A1" corresp="yes" contrib-type="author"><name><surname>Bateman</surname><given-names>Alex</given-names></name><xref ref-type="aff" rid="I1">1</xref><email>agb@sanger.ac.uk</email></contrib><contrib id="A2" contrib-type="author"><name><surname>Kickhoefer</surname><given-names>Valerie</given-names></name><xref ref-type="aff" rid="I2">2</xref><email>VKick@mednet.ucla.edu</email></contrib></contrib-group><aff id="I1"><label>1</label>The Wellcome Trust Sanger Institute, Wellcome Trust Genome Campus, Hinxton, Cambridge, CB10 1SA, UK</aff><aff id="I2"><label>2</label>Department of Biological Chemistry and the Jonsson Comprehensive Cancer Center, The David Geffen School of Medicine, University of California, Los Angeles, California 90095-1737, USA</aff><pub-date pub-type="collection"><year>2003</year></pub-date><pub-date pub-type="epub"><day>16</day><month>10</month><year>2003</year></pub-date><volume>4</volume><fpage>49</fpage><lpage>49</lpage><ext-link ext-link-type="uri" xlink:href="http://www.biomedcentral.com/1471-2105/4/49"/><history><date date-type="received"><day>26</day><month>3</month><year>2003</year></date><date date-type="accepted"><day>16</day><month>10</month><year>2003</year></date></history><permissions><copyright-statement>Copyright © 2003 Bateman and Kickhoefer; licensee BioMed Central Ltd. This is an Open Access article: verbatim copying and redistribution of this article are permitted in all media for any purpose, provided this notice is preserved along with the article's original URL.</copyright-statement><copyright-year>2003</copyright-year><copyright-holder>Bateman and Kickhoefer; licensee BioMed Central Ltd. This is an Open Access article: verbatim copying and redistribution of this article are permitted in all media for any purpose, provided this notice is preserved along with the article's original URL.</copyright-holder></permissions><abstract><sec><title>Background</title><p>Ribonucleoproteins carry out a variety of important tasks in the cell. In this study we show that a number of these contain a novel module, that we speculate mediates RNA-binding.</p></sec><sec><title>Results</title><p>The TROVE module – Telomerase, Ro and Vault module – is found in TEP1 and Ro60 the protein components of three ribonucleoprotein particles. This novel module, consisting of one or more domains, may be involved in binding the RNA components of the three RNPs, which are telomerase RNA, Y RNA and vault RNA. A second conserved region in these proteins is shown to be a member of the vWA domain family. The vWA domain in TEP1 is closely related to the previously recognised vWA domain in VPARP a second component of the vault particle. This vWA domain may mediate interactions between these vault components or bind as yet unidentified components of the RNPs.</p></sec><sec><title>Conclusions</title><p>This work suggests that a number of ribonucleoprotein components use a common RNA-binding module. The TROVE module is also found in bacterial ribonucleoproteins suggesting an ancient origin for these ribonucleoproteins.</p></sec></abstract><kwd-group><kwd>Y RNA</kwd><kwd>vRNA</kwd><kwd>telomerase RNA</kwd><kwd>VPARP</kwd><kwd>TEP1</kwd><kwd>Ro60</kwd></kwd-group></article-meta></front></article>