<article xmlns="https://dtd.nlm.nih.gov/ns/archiving/2.3/" xmlns:xsi="http://www.w3.org/2001/XMLSchema-instance" xmlns:mml="http://www.w3.org/1998/Math/MathML" xmlns:xlink="http://www.w3.org/1999/xlink" xsi:schemaLocation="https://dtd.nlm.nih.gov/ns/archiving/2.3/ https://dtd.nlm.nih.gov/archiving/2.3/xsd/archivearticle.xsd" article-type="research-article"><front><journal-meta><journal-id journal-id-type="nlm-ta">BMC Bioinformatics</journal-id><journal-title>BMC Bioinformatics</journal-title><issn pub-type="epub">1471-2105</issn><publisher><publisher-name>BioMed Central</publisher-name><publisher-loc>London</publisher-loc></publisher></journal-meta><article-meta><article-id pub-id-type="accession">PMC29061</article-id><article-id pub-id-type="pmcid">PMC29061</article-id><article-id pub-id-type="pmc-uid">29061</article-id><article-id pub-id-type="pmid">11001586</article-id><article-id pub-id-type="publisher-id">1471-2105-1-1</article-id><article-id pub-id-type="pmid">11001586</article-id><article-id pub-id-type="doi">10.1186/1471-2105-1-1</article-id><article-categories><subj-group subj-group-type="heading"><subject>Research Article</subject></subj-group></article-categories><title-group><article-title>Metabolic flux balance analysis and the <italic>in silico</italic> analysis of <italic>Escherichia coli</italic> K-12 gene deletions</article-title></title-group><contrib-group><contrib id="A1" corresp="yes" contrib-type="author"><name><surname>Edwards</surname><given-names>Jeremy S</given-names></name><xref ref-type="aff" rid="I1">1</xref><xref ref-type="aff" rid="I2">2</xref><email>jedwards@arep.med.harvard.edu</email></contrib><contrib id="A2" corresp="yes" contrib-type="author"><name><surname>Palsson</surname><given-names>Bernhard O</given-names></name><xref ref-type="aff" rid="I1">1</xref><email>palsson@ucsd.edu</email></contrib></contrib-group><aff id="I1"><label>1</label>Department of Bioengineering, University of California, San Diego La Jolla, CA 92093-0412, USA</aff><aff id="I2"><label>2</label>Harvard Medical School Department of Genetics Warren Alpert Rm. 514 200 Longwood Ave. Boston, MA02115, USA</aff><pub-date pub-type="collection"><year>2000</year></pub-date><pub-date pub-type="epub"><day>27</day><month>7</month><year>2000</year></pub-date><volume>1</volume><fpage>1</fpage><lpage>1</lpage><ext-link ext-link-type="uri" xlink:href="http://www.biomedcentral.com/1471-2105/1/1"/><history><date date-type="received"><day>11</day><month>7</month><year>2000</year></date><date date-type="accepted"><day>27</day><month>7</month><year>2000</year></date></history><permissions><copyright-statement>Copyright © 2000 Edwards and Palsson; licensee BioMed Central Ltd. This is an Open Access article: verbatim copying and redistribution of this article are permitted in all media for any purpose, provided this notice is preserved along with the article's original URL.</copyright-statement><copyright-year>2000</copyright-year><copyright-holder>Edwards and Palsson; licensee BioMed Central Ltd. This is an Open Access article: verbatim copying and redistribution of this article are permitted in all media for any purpose, provided this notice is preserved along with the article's original URL.</copyright-holder></permissions><abstract><sec><title>Background</title><p>Genome sequencing and bioinformatics are producing detailed lists of the molecular components contained in many prokaryotic organisms. From this 'parts catalogue' of a microbial cell, <italic>in silico</italic> representations of integrated metabolic functions can be constructed and analyzed using flux balance analysis (FBA). FBA is particularly well-suited to study metabolic networks based on genomic, biochemical, and strain specific information.</p></sec><sec><title>Results</title><p>Herein, we have utilized FBA to interpret and analyze the metabolic capabilities of <italic>Escherichia coli</italic>. We have computationally mapped the metabolic capabilities of <italic>E. coli</italic> using FBA and examined the optimal utilization of the <italic>E. coli</italic> metabolic pathways as a function of environmental variables. We have used an <italic>in silico</italic> analysis to identify seven gene products of central metabolism (glycolysis, pentose phosphate pathway, TCA cycle, electron transport system) essential for aerobic growth of <italic>E. coli</italic> on glucose minimal media, and 15 gene products essential for anaerobic growth on glucose minimal media. The <italic>in silico tpi</italic><sup>-</sup>, <italic>zwf</italic>, and <italic>pta</italic><sup>-</sup> mutant strains were examined in more detail by mapping the capabilities of these <italic>in silico</italic> isogenic strains.</p></sec><sec><title>Conclusions</title><p>We found that computational models of <italic>E. coli</italic> metabolism based on physicochemical constraints can be used to interpret mutant behavior. These <italic>in silica</italic> results lead to a further understanding of the complex genotype-phenotype relation.</p><p>Supplementary information: <ext-link ext-link-type="uri" xlink:href="http://gcrg.ucsd.edu/supplementary_data/DeletionAnalysis/main.htm"/></p></sec></abstract></article-meta></front></article>