<article xmlns="https://dtd.nlm.nih.gov/ns/archiving/2.3/" xmlns:xsi="http://www.w3.org/2001/XMLSchema-instance" xmlns:mml="http://www.w3.org/1998/Math/MathML" xmlns:xlink="http://www.w3.org/1999/xlink" xsi:schemaLocation="https://dtd.nlm.nih.gov/ns/archiving/2.3/ https://dtd.nlm.nih.gov/archiving/2.3/xsd/archivearticle.xsd" article-type="product-review"><front><journal-meta><journal-id journal-id-type="nlm-ta">BMC Bioinformatics</journal-id><journal-title>BMC Bioinformatics</journal-title><issn pub-type="epub">1471-2105</issn><publisher><publisher-name>BioMed Central</publisher-name><publisher-loc>London</publisher-loc></publisher></journal-meta><article-meta><article-id pub-id-type="accession">PMC280652</article-id><article-id pub-id-type="pmcid">PMC280652</article-id><article-id pub-id-type="pmc-uid">280652</article-id><article-id pub-id-type="pmid">14594459</article-id><article-id pub-id-type="publisher-id">1471-2105-4-53</article-id><article-id pub-id-type="pmid">14594459</article-id><article-id pub-id-type="doi">10.1186/1471-2105-4-53</article-id><article-categories><subj-group subj-group-type="heading"><subject>Software</subject></subj-group></article-categories><title-group><article-title>GeneViTo: Visualizing gene-product functional and structural features in genomic datasets</article-title></title-group><contrib-group><contrib id="A1" equal-contrib="yes" contrib-type="author"><name><surname>Vernikos</surname><given-names>Georgios S</given-names></name><xref ref-type="aff" rid="I1">1</xref><email>gverniko@yahoo.gr</email></contrib><contrib id="A2" equal-contrib="yes" contrib-type="author"><name><surname>Gkogkas</surname><given-names>Christos G</given-names></name><xref ref-type="aff" rid="I1">1</xref><email>mubiol@yahoo.com</email></contrib><contrib id="A3" contrib-type="author"><name><surname>Promponas</surname><given-names>Vasilis J</given-names></name><xref ref-type="aff" rid="I1">1</xref><email>vprobon@biol.uoa.gr</email></contrib><contrib id="A4" corresp="yes" contrib-type="author"><name><surname>Hamodrakas</surname><given-names>Stavros J</given-names></name><xref ref-type="aff" rid="I1">1</xref><email>shamodr@cc.uoa.gr</email></contrib></contrib-group><aff id="I1"><label>1</label>Department of Cell Biology and Biophysics, Faculty of Biology, University of Athens, Panepistimiopolis, 15701, Athens, Greece</aff><pub-date pub-type="collection"><year>2003</year></pub-date><pub-date pub-type="epub"><day>31</day><month>10</month><year>2003</year></pub-date><volume>4</volume><fpage>53</fpage><lpage>53</lpage><ext-link ext-link-type="uri" xlink:href="http://www.biomedcentral.com/1471-2105/4/53"/><history><date date-type="received"><day>22</day><month>7</month><year>2003</year></date><date date-type="accepted"><day>31</day><month>10</month><year>2003</year></date></history><permissions><copyright-statement>Copyright © 2003 Vernikos et al; licensee BioMed Central Ltd. This is an Open Access article: verbatim copying and redistribution of this article are permitted in all media for any purpose, provided this notice is preserved along with the article's original URL.</copyright-statement><copyright-year>2003</copyright-year><copyright-holder>Vernikos et al; licensee BioMed Central Ltd. This is an Open Access article: verbatim copying and redistribution of this article are permitted in all media for any purpose, provided this notice is preserved along with the article's original URL.</copyright-holder></permissions><abstract><sec><title>Background</title><p>The availability of increasing amounts of sequence data from completely sequenced genomes boosts the development of new computational methods for automated genome annotation and comparative genomics. Therefore, there is a need for tools that facilitate the visualization of raw data and results produced by bioinformatics analysis, providing new means for interactive genome exploration. Visual inspection can be used as a basis to assess the quality of various analysis algorithms and to aid in-depth genomic studies.</p></sec><sec><title>Results</title><p>GeneViTo is a JAVA-based computer application that serves as a workbench for genome-wide analysis through visual interaction. The application deals with various experimental information concerning both DNA and protein sequences (derived from public sequence databases or proprietary data sources) and meta-data obtained by various prediction algorithms, classification schemes or user-defined features. Interaction with a Graphical User Interface (GUI) allows easy extraction of genomic and proteomic data referring to the sequence itself, sequence features, or general structural and functional features. Emphasis is laid on the potential comparison between annotation and prediction data in order to offer a supplement to the provided information, especially in cases of "poor" annotation, or an evaluation of available predictions. Moreover, desired information can be output in high quality JPEG image files for further elaboration and scientific use. A compilation of properly formatted GeneViTo input data for demonstration is available to interested readers for two completely sequenced prokaryotes, <italic>Chlamydia trachomatis </italic>and <italic>Methanococcus jannaschii.</italic></p></sec><sec><title>Conclusions</title><p>GeneViTo offers an inspectional view of genomic functional elements, concerning data stemming both from database annotation and analysis tools for an overall analysis of existing genomes. The application is compatible with Linux or Windows ME-2000-XP operating systems, provided that the appropriate Java Runtime Environment is already installed in the system.</p></sec></abstract></article-meta></front></article>