<article xmlns="https://dtd.nlm.nih.gov/ns/archiving/2.3/" xmlns:xsi="http://www.w3.org/2001/XMLSchema-instance" xmlns:mml="http://www.w3.org/1998/Math/MathML" xmlns:xlink="http://www.w3.org/1999/xlink" xsi:schemaLocation="https://dtd.nlm.nih.gov/ns/archiving/2.3/ https://dtd.nlm.nih.gov/archiving/2.3/xsd/archivearticle.xsd" article-type="product-review"><front><journal-meta><journal-id journal-id-type="nlm-ta">BMC Bioinformatics</journal-id><journal-title>BMC Bioinformatics</journal-title><issn pub-type="epub">1471-2105</issn><publisher><publisher-name>BioMed Central</publisher-name><publisher-loc>London</publisher-loc></publisher></journal-meta><article-meta><article-id pub-id-type="accession">PMC270064</article-id><article-id pub-id-type="pmcid">PMC270064</article-id><article-id pub-id-type="pmc-uid">270064</article-id><article-id pub-id-type="pmid">14565849</article-id><article-id pub-id-type="publisher-id">1471-2105-4-50</article-id><article-id pub-id-type="pmid">14565849</article-id><article-id pub-id-type="doi">10.1186/1471-2105-4-50</article-id><article-categories><subj-group subj-group-type="heading"><subject>Software</subject></subj-group></article-categories><title-group><article-title>Eval: A software package for analysis of genome annotations</article-title></title-group><contrib-group><contrib id="A1" contrib-type="author"><name><surname>Keibler</surname><given-names>Evan</given-names></name><xref ref-type="aff" rid="I1">1</xref><email>evan@cse.wustl.edu</email></contrib><contrib id="A2" corresp="yes" contrib-type="author"><name><surname>Brent</surname><given-names>Michael R</given-names></name><xref ref-type="aff" rid="I1">1</xref><email>brent@cse.wustl.edu</email></contrib></contrib-group><aff id="I1"><label>1</label>Department of Computer Science and Engineering, Washington University, St. Louis, MO 63130, USA</aff><pub-date pub-type="collection"><year>2003</year></pub-date><pub-date pub-type="epub"><day>17</day><month>10</month><year>2003</year></pub-date><volume>4</volume><fpage>50</fpage><lpage>50</lpage><ext-link ext-link-type="uri" xlink:href="http://www.biomedcentral.com/1471-2105/4/50"/><history><date date-type="received"><day>18</day><month>7</month><year>2003</year></date><date date-type="accepted"><day>17</day><month>10</month><year>2003</year></date></history><permissions><copyright-statement>Copyright © 2003 Keibler and Brent; licensee BioMed Central Ltd. This is an Open Access article: verbatim copying and redistribution of this article are permitted in all media for any purpose, provided this notice is preserved along with the article's original URL.</copyright-statement><copyright-year>2003</copyright-year><copyright-holder>Keibler and Brent; licensee BioMed Central Ltd. This is an Open Access article: verbatim copying and redistribution of this article are permitted in all media for any purpose, provided this notice is preserved along with the article's original URL.</copyright-holder></permissions><abstract><sec><title>Summary</title><p>Eval is a flexible tool for analyzing the performance of gene annotation systems. It provides summaries and graphical distributions for many descriptive statistics about any set of annotations, regardless of their source. It also compares sets of predictions to standard annotations and to one another. Input is in the standard Gene Transfer Format (GTF). Eval can be run interactively or via the command line, in which case output options include easily parsable tab-delimited files.</p></sec><sec><title>Availability</title><p>To obtain the module package with documentation, go to <ext-link ext-link-type="uri" xlink:href="http://genes.cse.wustl.edu/"/> and follow links for Resources, then Software. Please contact <email>brent@cse.wustl.edu</email></p></sec></abstract></article-meta></front></article>