<article xmlns="https://dtd.nlm.nih.gov/ns/archiving/2.3/" xmlns:xsi="http://www.w3.org/2001/XMLSchema-instance" xmlns:mml="http://www.w3.org/1998/Math/MathML" xmlns:xlink="http://www.w3.org/1999/xlink" xsi:schemaLocation="https://dtd.nlm.nih.gov/ns/archiving/2.3/ https://dtd.nlm.nih.gov/archiving/2.3/xsd/archivearticle.xsd" article-type="research-article"><front><journal-meta><journal-id journal-id-type="nlm-ta">BMC Bioinformatics</journal-id><journal-title>BMC Bioinformatics</journal-title><issn pub-type="epub">1471-2105</issn><publisher><publisher-name>BioMed Central</publisher-name><publisher-loc>London</publisher-loc></publisher></journal-meta><article-meta><article-id pub-id-type="accession">PMC200969</article-id><article-id pub-id-type="pmcid">PMC200969</article-id><article-id pub-id-type="pmc-uid">200969</article-id><article-id pub-id-type="pmid">12959646</article-id><article-id pub-id-type="publisher-id">1471-2105-4-36</article-id><article-id pub-id-type="pmid">12959646</article-id><article-id pub-id-type="doi">10.1186/1471-2105-4-36</article-id><article-categories><subj-group subj-group-type="heading"><subject>Methodology Article</subject></subj-group></article-categories><title-group><article-title>Cluster stability scores for microarray data in cancer studies</article-title></title-group><contrib-group><contrib id="A1" contrib-type="author"><name><surname>Smolkin</surname><given-names>Mark</given-names></name><xref ref-type="aff" rid="I1">1</xref><email>Marksmolkin@hotmail.com</email></contrib><contrib id="A2" corresp="yes" contrib-type="author"><name><surname>Ghosh</surname><given-names>Debashis</given-names></name><xref ref-type="aff" rid="I2">2</xref><email>ghoshd@umich.edu</email></contrib></contrib-group><aff id="I1"><label>1</label>Department of Health Evaluation Sciences, University of Virginia Medical Center, Charlottesville, Virginia, USA</aff><aff id="I2"><label>2</label>Department of Biostatistics, University of Michigan Ann Arbor, Michigan, USA</aff><pub-date pub-type="collection"><year>2003</year></pub-date><pub-date pub-type="epub"><day>6</day><month>9</month><year>2003</year></pub-date><volume>4</volume><fpage>36</fpage><lpage>36</lpage><ext-link ext-link-type="uri" xlink:href="http://www.biomedcentral.com/1471-2105/4/36"/><history><date date-type="received"><day>28</day><month>4</month><year>2003</year></date><date date-type="accepted"><day>6</day><month>9</month><year>2003</year></date></history><permissions><copyright-statement>Copyright © 2003 Smolkin and Ghosh; licensee BioMed Central Ltd. This is an Open Access article: verbatim copying and redistribution of this article are permitted in all media for any purpose, provided this notice is preserved along with the article's original URL.</copyright-statement><copyright-year>2003</copyright-year><copyright-holder>Smolkin and Ghosh; licensee BioMed Central Ltd. This is an Open Access article: verbatim copying and redistribution of this article are permitted in all media for any purpose, provided this notice is preserved along with the article's original URL.</copyright-holder></permissions><abstract><sec><title>Background</title><p>A potential benefit of profiling of tissue samples using microarrays is the generation of molecular fingerprints that will define subtypes of disease. Hierarchical clustering has been the primary analytical tool used to define disease subtypes from microarray experiments in cancer settings. Assessing cluster reliability poses a major complication in analyzing output from clustering procedures. While most work has focused on estimating the number of clusters in a dataset, the question of stability of individual-level clusters has not been addressed.</p></sec><sec><title>Results</title><p>We address this problem by developing cluster stability scores using subsampling techniques. These scores exploit the redundancy in biologically discriminatory information on the chip. Our approach is generic and can be used with any clustering method. We propose procedures for calculating cluster stability scores for situations involving both known and unknown numbers of clusters. We also develop cluster-size adjusted stability scores. The method is illustrated by application to data three cancer studies; one involving childhood cancers, the second involving B-cell lymphoma, and the final is from a malignant melanoma study.</p></sec><sec><title>Availability</title><p>Code implementing the proposed analytic method can be obtained at the second author's website.</p></sec></abstract></article-meta></front></article>