<article xmlns="https://dtd.nlm.nih.gov/ns/archiving/2.3/" xmlns:xsi="http://www.w3.org/2001/XMLSchema-instance" xmlns:mml="http://www.w3.org/1998/Math/MathML" xmlns:xlink="http://www.w3.org/1999/xlink" xsi:schemaLocation="https://dtd.nlm.nih.gov/ns/archiving/2.3/ https://dtd.nlm.nih.gov/archiving/2.3/xsd/archivearticle.xsd" article-type="research-article"><front><journal-meta><journal-id journal-id-type="nlm-ta">BMC Bioinformatics</journal-id><journal-title>BMC Bioinformatics</journal-title><issn pub-type="epub">1471-2105</issn><publisher><publisher-name>BioMed Central</publisher-name><publisher-loc>London</publisher-loc></publisher></journal-meta><article-meta><article-id pub-id-type="accession">PMC394315</article-id><article-id pub-id-type="pmcid">PMC394315</article-id><article-id pub-id-type="pmc-uid">394315</article-id><article-id pub-id-type="pmid">15113410</article-id><article-id pub-id-type="publisher-id">1471-2105-5-25</article-id><article-id pub-id-type="pmid">15113410</article-id><article-id pub-id-type="doi">10.1186/1471-2105-5-25</article-id><article-categories><subj-group subj-group-type="heading"><subject>Research Article</subject></subj-group></article-categories><title-group><article-title>A web services choreography scenario for interoperating bioinformatics applications</article-title></title-group><contrib-group><contrib id="A1" contrib-type="author"><name><surname>de Knikker</surname><given-names>Remko</given-names></name><xref ref-type="aff" rid="I1">1</xref><email>remkodeknikker@hotmail.com</email></contrib><contrib id="A2" contrib-type="author"><name><surname>Guo</surname><given-names>Youjun</given-names></name><xref ref-type="aff" rid="I1">1</xref><email>youjun.guo@yale.edu</email></contrib><contrib id="A3" contrib-type="author"><name><surname>Li</surname><given-names>Jin-long</given-names></name><xref ref-type="aff" rid="I1">1</xref><email>jin-long.li@yale.edu</email></contrib><contrib id="A4" contrib-type="author"><name><surname>Kwan</surname><given-names>Albert KH</given-names></name><xref ref-type="aff" rid="I2">2</xref><email>akhkwan@cecid.hku.hk</email></contrib><contrib id="A5" contrib-type="author"><name><surname>Yip</surname><given-names>Kevin Y</given-names></name><xref ref-type="aff" rid="I2">2</xref><email>ylyip@csis.hku.hk</email></contrib><contrib id="A6" contrib-type="author"><name><surname>Cheung</surname><given-names>David W</given-names></name><xref ref-type="aff" rid="I2">2</xref><email>dcheung@csis.hku.hk</email></contrib><contrib id="A7" corresp="yes" contrib-type="author"><name><surname>Cheung</surname><given-names>Kei-Hoi</given-names></name><xref ref-type="aff" rid="I1">1</xref><xref ref-type="aff" rid="I3">3</xref><email>kei.cheung@yale.edu</email></contrib></contrib-group><aff id="I1"><label>1</label>Center for Medical Informatics, Department of Anesthesiology, Yale University School of Medicine, PO Box 208009, New Haven, CT 06520, USA</aff><aff id="I2"><label>2</label>Department of Computer Science and Information Systems, University of Hong Kong, Pokfulam Road, Hong Kong</aff><aff id="I3"><label>3</label>Department of Genetics, Yale University School of Medicine, PO Box 208005, New Haven, CT 06520, USA</aff><pub-date pub-type="collection"><year>2004</year></pub-date><pub-date pub-type="epub"><day>10</day><month>3</month><year>2004</year></pub-date><volume>5</volume><fpage>25</fpage><lpage>25</lpage><ext-link ext-link-type="uri" xlink:href="http://www.biomedcentral.com/1471-2105/5/25"/><history><date date-type="received"><day>3</day><month>11</month><year>2003</year></date><date date-type="accepted"><day>10</day><month>3</month><year>2004</year></date></history><copyright-statement>Copyright © 2004 de Knikker et al; licensee BioMed Central Ltd. This is an Open Access article: verbatim copying and redistribution of this article are permitted in all media for any purpose, provided this notice is preserved along with the article's original URL.</copyright-statement><abstract><sec><title>Background</title><p>Very often genome-wide data analysis requires the interoperation of multiple databases and analytic tools. A large number of genome databases and bioinformatics applications are available through the web, but it is difficult to automate interoperation because: 1) the platforms on which the applications run are heterogeneous, 2) their web interface is not machine-friendly, 3) they use a non-standard format for data input and output, 4) they do not exploit standards to define application interface and message exchange, and 5) existing protocols for remote messaging are often not firewall-friendly. To overcome these issues, web services have emerged as a standard XML-based model for message exchange between heterogeneous applications. Web services engines have been developed to manage the configuration and execution of a web services workflow.</p></sec><sec><title>Results</title><p>To demonstrate the benefit of using web services over traditional web interfaces, we compare the two implementations of HAPI, a gene expression analysis utility developed by the University of California San Diego (UCSD) that allows visual characterization of groups or clusters of genes based on the biomedical literature. This utility takes a set of microarray spot IDs as input and outputs a hierarchy of MeSH Keywords that correlates to the input and is grouped by Medical Subject Heading (MeSH) category. While the HTML output is easy for humans to visualize, it is difficult for computer applications to interpret semantically. To facilitate the capability of machine processing, we have created a workflow of three web services that replicates the HAPI functionality. These web services use document-style messages, which means that messages are encoded in an XML-based format. We compared three approaches to the implementation of an XML-based workflow: a hard coded Java application, Collaxa BPEL Server and Taverna Workbench. The Java program functions as a web services engine and interoperates with these web services using a web services choreography language (BPEL4WS).</p></sec><sec><title>Conclusion</title><p>While it is relatively straightforward to implement and publish web services, the use of web services choreography engines is still in its infancy. However, industry-wide support and push for web services standards is quickly increasing the chance of success in using web services to unify heterogeneous bioinformatics applications. Due to the immaturity of currently available web services engines, it is still most practical to implement a simple, ad-hoc XML-based workflow by hard coding the workflow as a Java application. For advanced web service users the Collaxa BPEL engine facilitates a configuration and management environment that can fully handle XML-based workflow.</p></sec></abstract></article-meta></front></article>