<article xmlns="https://dtd.nlm.nih.gov/ns/archiving/2.3/" xmlns:xsi="http://www.w3.org/2001/XMLSchema-instance" xmlns:mml="http://www.w3.org/1998/Math/MathML" xmlns:xlink="http://www.w3.org/1999/xlink" xsi:schemaLocation="https://dtd.nlm.nih.gov/ns/archiving/2.3/ https://dtd.nlm.nih.gov/archiving/2.3/xsd/archivearticle.xsd" article-type="research-article"><front><journal-meta><journal-id journal-id-type="nlm-ta">BMC Bioinformatics</journal-id><journal-title>BMC Bioinformatics</journal-title><issn pub-type="epub">1471-2105</issn><publisher><publisher-name>BioMed Central</publisher-name><publisher-loc>London</publisher-loc></publisher></journal-meta><article-meta><article-id pub-id-type="accession">PMC328091</article-id><article-id pub-id-type="pmcid">PMC328091</article-id><article-id pub-id-type="pmc-uid">328091</article-id><article-id pub-id-type="pmid">14667254</article-id><article-id pub-id-type="publisher-id">1471-2105-4-62</article-id><article-id pub-id-type="pmid">14667254</article-id><article-id pub-id-type="doi">10.1186/1471-2105-4-62</article-id><article-categories><subj-group subj-group-type="heading"><subject>Methodology Article</subject></subj-group></article-categories><title-group><article-title>Statistical significance for hierarchical clustering in genetic association and microarray expression studies</article-title></title-group><contrib-group><contrib id="A1" corresp="yes" contrib-type="author"><name><surname>Levenstien</surname><given-names>Mark A</given-names></name><xref ref-type="aff" rid="I1">1</xref><email>markl@linkage.rockefeller.edu</email></contrib><contrib id="A2" contrib-type="author"><name><surname>Yang</surname><given-names>Yaning</given-names></name><xref ref-type="aff" rid="I1">1</xref><email>yyang@linkage.rockefeller.edu</email></contrib><contrib id="A3" contrib-type="author"><name><surname>Ott</surname><given-names>Jürg</given-names></name><xref ref-type="aff" rid="I1">1</xref><email>ott@linkage.rockefeller.edu</email></contrib></contrib-group><aff id="I1"><label>1</label>Laboratory of Statistical Genetics Rockefeller University New York, NY 10021, United States</aff><pub-date pub-type="collection"><year>2003</year></pub-date><pub-date pub-type="epub"><day>11</day><month>12</month><year>2003</year></pub-date><volume>4</volume><fpage>62</fpage><lpage>62</lpage><ext-link ext-link-type="uri" xlink:href="http://www.biomedcentral.com/1471-2105/4/62"/><history><date date-type="received"><day>30</day><month>7</month><year>2003</year></date><date date-type="accepted"><day>11</day><month>12</month><year>2003</year></date></history><permissions><copyright-statement>Copyright © 2003 Levenstien et al; licensee BioMed Central Ltd. This is an Open Access article: verbatim copying and redistribution of this article are permitted in all media for any purpose, provided this notice is preserved along with the article's original URL.</copyright-statement><copyright-year>2003</copyright-year><copyright-holder>Levenstien et al; licensee BioMed Central Ltd. This is an Open Access article: verbatim copying and redistribution of this article are permitted in all media for any purpose, provided this notice is preserved along with the article's original URL.</copyright-holder></permissions><abstract><sec><title>Background</title><p>With the increasing amount of data generated in molecular genetics laboratories, it is often difficult to make sense of results because of the vast number of different outcomes or variables studied. Examples include expression levels for large numbers of genes and haplotypes at large numbers of loci. It is then natural to group observations into smaller numbers of classes that allow for an easier overview and interpretation of the data. This grouping is often carried out in multiple steps with the aid of hierarchical cluster analysis, each step leading to a smaller number of classes by combining similar observations or classes. At each step, either implicitly or explicitly, researchers tend to interpret results and eventually focus on that set of classes providing the "best" (most significant) result. While this approach makes sense, the overall statistical significance of the experiment must include the clustering process, which modifies the grouping structure of the data and often removes variation.</p></sec><sec><title>Results</title><p>For hierarchically clustered data, we propose considering the strongest result or, equivalently, the smallest <italic>p</italic>-value as the experiment-wise statistic of interest and evaluating its significance level for a global assessment of statistical significance. We apply our approach to datasets from haplotype association and microarray expression studies where hierarchical clustering has been used.</p></sec><sec><title>Conclusion</title><p>In all of the cases we examine, we find that relying on one set of classes in the course of clustering leads to significance levels that are too small when compared with the significance level associated with an overall statistic that incorporates the process of clustering. In other words, relying on one step of clustering may furnish a formally significant result while the overall experiment is not significant.</p></sec></abstract></article-meta></front></article>