<article xmlns="https://dtd.nlm.nih.gov/ns/archiving/2.3/" xmlns:xsi="http://www.w3.org/2001/XMLSchema-instance" xmlns:mml="http://www.w3.org/1998/Math/MathML" xmlns:xlink="http://www.w3.org/1999/xlink" xsi:schemaLocation="https://dtd.nlm.nih.gov/ns/archiving/2.3/ https://dtd.nlm.nih.gov/archiving/2.3/xsd/archivearticle.xsd" article-type="research-article"><front><journal-meta><journal-id journal-id-type="nlm-ta">BMC Bioinformatics</journal-id><journal-title>BMC Bioinformatics</journal-title><issn pub-type="epub">1471-2105</issn><publisher><publisher-name>BioMed Central</publisher-name><publisher-loc>London</publisher-loc></publisher></journal-meta><article-meta><article-id pub-id-type="accession">PMC333424</article-id><article-id pub-id-type="pmcid">PMC333424</article-id><article-id pub-id-type="pmc-uid">333424</article-id><article-id pub-id-type="pmid">14718068</article-id><article-id pub-id-type="publisher-id">1471-2105-5-5</article-id><article-id pub-id-type="pmid">14718068</article-id><article-id pub-id-type="doi">10.1186/1471-2105-5-5</article-id><article-categories><subj-group subj-group-type="heading"><subject>Methodology Article</subject></subj-group></article-categories><title-group><article-title>Three-parameter lognormal distribution ubiquitously found in cDNA microarray data and its application to parametric data treatment</article-title></title-group><contrib-group><contrib id="A1" corresp="yes" contrib-type="author"><name><surname>Konishi</surname><given-names>Tomokazu</given-names></name><xref ref-type="aff" rid="I1">1</xref><email>konishi@akita-pu.ac.jp</email></contrib></contrib-group><aff id="I1"><label>1</label>Faculty of Bioresource Sciences, Akita Prefectural University, Akita 010-0195, Japan</aff><pub-date pub-type="collection"><year>2004</year></pub-date><pub-date pub-type="epub"><day>13</day><month>1</month><year>2004</year></pub-date><volume>5</volume><fpage>5</fpage><lpage>5</lpage><ext-link ext-link-type="uri" xlink:href="http://www.biomedcentral.com/1471-2105/5/5"/><history><date date-type="received"><day>19</day><month>9</month><year>2003</year></date><date date-type="accepted"><day>13</day><month>1</month><year>2004</year></date></history><copyright-statement>Copyright © 2004 Konishi; licensee BioMed Central Ltd. This is an Open Access article: verbatim copying and redistribution of this article are permitted in all media for any purpose, provided this notice is preserved along with the article's original URL.</copyright-statement><abstract><sec><title>Background</title><p>To cancel experimental variations, microarray data must be normalized prior to analysis. Where an appropriate model for statistical data distribution is available, a parametric method can normalize a group of data sets that have common distributions. Although such models have been proposed for microarray data, they have not always fit the distribution of real data and thus have been inappropriate for normalization. Consequently, microarray data in most cases have been normalized with non-parametric methods that adjust data in a pair-wise manner. However, data analysis and the integration of resultant knowledge among experiments have been difficult, since such normalization concepts lack a universal standard.</p></sec><sec><title>Results</title><p>A three-parameter lognormal distribution model was tested on over 300 sets of microarray data. The model treats the hybridization background, which is difficult to identify from images of hybridization, as one of the parameters. A rigorous coincidence of the model to data sets was found, proving the model's appropriateness for microarray data. In fact, a closer fitting to Northern analysis was obtained. The model showed inconsistency only at very strong or weak data intensities. Measurement of <italic>z</italic>-scores as well as calculated ratios was reproducible only among data in the model-consistent intensity range; also, the ratios were independent of signal intensity at the corresponding range.</p></sec><sec><title>Conclusion</title><p>The model could provide a universal standard for data, simplifying data analysis and knowledge integration. It was deduced that the ranges of inconsistency were caused by experimental errors or additive noise in the data; therefore, excluding the data corresponding to those marginal ranges will prevent misleading analytical conclusions.</p></sec></abstract></article-meta></front></article>