<article xmlns="https://dtd.nlm.nih.gov/ns/archiving/2.3/" xmlns:xsi="http://www.w3.org/2001/XMLSchema-instance" xmlns:mml="http://www.w3.org/1998/Math/MathML" xmlns:xlink="http://www.w3.org/1999/xlink" xsi:schemaLocation="https://dtd.nlm.nih.gov/ns/archiving/2.3/ https://dtd.nlm.nih.gov/archiving/2.3/xsd/archivearticle.xsd" article-type="research-article"><front><journal-meta><journal-id journal-id-type="nlm-ta">BMC Bioinformatics</journal-id><journal-title>BMC Bioinformatics</journal-title><issn pub-type="epub">1471-2105</issn><publisher><publisher-name>BioMed Central</publisher-name><publisher-loc>London</publisher-loc></publisher></journal-meta><article-meta><article-id pub-id-type="accession">PMC385222</article-id><article-id pub-id-type="pmcid">PMC385222</article-id><article-id pub-id-type="pmc-uid">385222</article-id><article-id pub-id-type="pmid">15070403</article-id><article-id pub-id-type="publisher-id">1471-2105-5-29</article-id><article-id pub-id-type="pmid">15070403</article-id><article-id pub-id-type="doi">10.1186/1471-2105-5-29</article-id><article-categories><subj-group subj-group-type="heading"><subject>Research Article</subject></subj-group></article-categories><title-group><article-title>A Hidden Markov Model method, capable of predicting and discriminating β-barrel outer membrane proteins</article-title></title-group><contrib-group><contrib id="A1" contrib-type="author"><name><surname>Bagos</surname><given-names>Pantelis G</given-names></name><xref ref-type="aff" rid="I1">1</xref><email>pbagos@biol.uoa.gr</email></contrib><contrib id="A2" contrib-type="author"><name><surname>Liakopoulos</surname><given-names>Theodore D</given-names></name><xref ref-type="aff" rid="I1">1</xref><email>liakop@biol.uoa.gr</email></contrib><contrib id="A3" contrib-type="author"><name><surname>Spyropoulos</surname><given-names>Ioannis C</given-names></name><xref ref-type="aff" rid="I1">1</xref><email>yiannos_s@yahoo.com</email></contrib><contrib id="A4" corresp="yes" contrib-type="author"><name><surname>Hamodrakas</surname><given-names>Stavros J</given-names></name><xref ref-type="aff" rid="I1">1</xref><email>shamodr@cc.uoa.gr</email></contrib></contrib-group><aff id="I1"><label>1</label>Department of Cell Biology and Biophysics, Faculty of Biology, University of Athens, Panepistimiopolis, Athens 15701, GREECE</aff><pub-date pub-type="collection"><year>2004</year></pub-date><pub-date pub-type="epub"><day>15</day><month>3</month><year>2004</year></pub-date><volume>5</volume><fpage>29</fpage><lpage>29</lpage><ext-link ext-link-type="uri" xlink:href="http://www.biomedcentral.com/1471-2105/5/29"/><history><date date-type="received"><day>21</day><month>11</month><year>2003</year></date><date date-type="accepted"><day>15</day><month>3</month><year>2004</year></date></history><copyright-statement>Copyright © 2004 Bagos et al; licensee BioMed Central Ltd. This is an Open Access article: verbatim copying and redistribution of this article are permitted in all media for any purpose, provided this notice is preserved along with the article's original URL.</copyright-statement><abstract><sec><title>Background</title><p>Integral membrane proteins constitute about 20–30% of all proteins in the fully sequenced genomes. They come in two structural classes, the α-helical and the β-barrel membrane proteins, demonstrating different physicochemical characteristics, structure and localization. While transmembrane segment prediction for the α-helical integral membrane proteins appears to be an easy task nowadays, the same is much more difficult for the β-barrel membrane proteins. We developed a method, based on a Hidden Markov Model, capable of predicting the transmembrane β-strands of the outer membrane proteins of gram-negative bacteria, and discriminating those from water-soluble proteins in large datasets. The model is trained in a discriminative manner, aiming at maximizing the probability of correct predictions rather than the likelihood of the sequences.</p></sec><sec><title>Results</title><p>The training has been performed on a non-redundant database of 14 outer membrane proteins with structures known at atomic resolution; it has been tested with a jacknife procedure, yielding a per residue accuracy of 84.2% and a correlation coefficient of 0.72, whereas for the self-consistency test the per residue accuracy was 88.1% and the correlation coefficient 0.824. The total number of correctly predicted topologies is 10 out of 14 in the self-consistency test, and 9 out of 14 in the jacknife. Furthermore, the model is capable of discriminating outer membrane from water-soluble proteins in large-scale applications, with a success rate of 88.8% and 89.2% for the correct classification of outer membrane and water-soluble proteins respectively, the highest rates obtained in the literature. That test has been performed independently on a set of known outer membrane proteins with low sequence identity with each other and also with the proteins of the training set.</p></sec><sec><title>Conclusion</title><p>Based on the above, we developed a strategy, that enabled us to screen the entire proteome of <italic>E. coli </italic>for outer membrane proteins. The results were satisfactory, thus the method presented here appears to be suitable for screening entire proteomes for the discovery of novel outer membrane proteins. A web interface available for non-commercial users is located at: <ext-link ext-link-type="uri" xlink:href="http://bioinformatics.biol.uoa.gr/PRED-TMBB"/>, and it is the only freely available HMM-based predictor for β-barrel outer membrane protein topology.</p></sec></abstract></article-meta></front></article>