<article xmlns="https://dtd.nlm.nih.gov/ns/archiving/2.3/" xmlns:xsi="http://www.w3.org/2001/XMLSchema-instance" xmlns:mml="http://www.w3.org/1998/Math/MathML" xmlns:xlink="http://www.w3.org/1999/xlink" xsi:schemaLocation="https://dtd.nlm.nih.gov/ns/archiving/2.3/ https://dtd.nlm.nih.gov/archiving/2.3/xsd/archivearticle.xsd" article-type="research-article"><front><journal-meta><journal-id journal-id-type="nlm-ta">BMC Bioinformatics</journal-id><journal-title>BMC Bioinformatics</journal-title><issn pub-type="epub">1471-2105</issn><publisher><publisher-name>BioMed Central</publisher-name><publisher-loc>London</publisher-loc></publisher></journal-meta><article-meta><article-id pub-id-type="accession">PMC302110</article-id><article-id pub-id-type="pmcid">PMC302110</article-id><article-id pub-id-type="pmc-uid">302110</article-id><article-id pub-id-type="pmid">14604445</article-id><article-id pub-id-type="publisher-id">1471-2105-4-55</article-id><article-id pub-id-type="pmid">14604445</article-id><article-id pub-id-type="doi">10.1186/1471-2105-4-55</article-id><article-categories><subj-group subj-group-type="heading"><subject>Research Article</subject></subj-group></article-categories><title-group><article-title>Reannotation of the CELO genome characterizes a set of previously unassigned open reading frames and points to novel modes of host interaction in avian adenoviruses</article-title></title-group><contrib-group><contrib id="A1" contrib-type="author"><name><surname>Washietl</surname><given-names>Stefan</given-names></name><xref ref-type="aff" rid="I1">1</xref><xref ref-type="aff" rid="I2">2</xref><email>wash@tbi.univie.ac.at</email></contrib><contrib id="A2" corresp="yes" contrib-type="author"><name><surname>Eisenhaber</surname><given-names>Frank</given-names></name><xref ref-type="aff" rid="I1">1</xref><email>Frank.Eisenhaber@imp.univie.ac.at</email></contrib></contrib-group><aff id="I1"><label>1</label>Research Institute of Molecular Pathology, Dr. Bohrgasse 7, A-1030 Vienna, Austria</aff><aff id="I2"><label>2</label>Current address: Institute for Theoretical Chemistry and Structural Biology, University of Vienna, Waehringerstrasse 17, A-1090 Vienna, Austria</aff><pub-date pub-type="collection"><year>2003</year></pub-date><pub-date pub-type="epub"><day>7</day><month>11</month><year>2003</year></pub-date><volume>4</volume><fpage>55</fpage><lpage>55</lpage><ext-link ext-link-type="uri" xlink:href="http://www.biomedcentral.com/1471-2105/4/55"/><history><date date-type="received"><day>2</day><month>9</month><year>2003</year></date><date date-type="accepted"><day>7</day><month>11</month><year>2003</year></date></history><permissions><copyright-statement>Copyright © 2003 Washietl and Eisenhaber; licensee BioMed Central Ltd. This is an Open Access article: verbatim copying and redistribution of this article are permitted in all media for any purpose, provided this notice is preserved along with the article's original URL.</copyright-statement><copyright-year>2003</copyright-year><copyright-holder>Washietl and Eisenhaber; licensee BioMed Central Ltd. This is an Open Access article: verbatim copying and redistribution of this article are permitted in all media for any purpose, provided this notice is preserved along with the article's original URL.</copyright-holder></permissions><abstract><sec><title>Background</title><p>The genome of the avian adenovirus Chicken Embryo Lethal Orphan (CELO) has two terminal regions without detectable homology in mammalian adenoviruses that are left without annotation in the initial analysis. Since adenoviruses have been a rich source of new insights into molecular cell biology and practical applications of CELO as gene a delivery vector are being considered, this genome appeared worth revisiting. We conducted a systematic reannotation and in-depth sequence analysis of the CELO genome.</p></sec><sec><title>Results</title><p>We describe a strongly diverged paralogous cluster including ORF-2, ORF-12, ORF-13, and ORF-14 with an ATPase/helicase domain most likely acquired from adeno-associated parvoviruses. None of these ORFs appear to have retained ATPase/helicase function and alternative functions (e.g. modulation of gene expression during the early life-cycle) must be considered in an adenoviral context. Further, we identified a cluster of three putative type-1-transmembrane glycoproteins with IG-like domains (ORF-9, ORF-10, ORF-11) which are good candidates to substitute for the missing immunomodulatory functions of mammalian adenoviruses. ORF-16 (located directly adjacent) displays distant homology to vertebrate mono-ADP-ribosyltransferases. Members of this family are known to be involved in immuno-regulation and similiar functions during CELO life cycle can be considered for this ORF. Finally, we describe a putative triglyceride lipase (merged ORF-18/19) with additional domains, which can be expected to have specific roles during the infection of birds, since they are unique to avian adenoviruses and Marek's disease-like viruses, a group of pathogenic avian herpesviruses.</p></sec><sec><title>Conclusions</title><p>We could characterize most of the previously unassigned ORFs pointing to functions in host-virus interaction. The results provide new directives for rationally designed experiments.</p></sec></abstract></article-meta></front></article>