<article xmlns="https://dtd.nlm.nih.gov/ns/archiving/2.3/" xmlns:xsi="http://www.w3.org/2001/XMLSchema-instance" xmlns:mml="http://www.w3.org/1998/Math/MathML" xmlns:xlink="http://www.w3.org/1999/xlink" xsi:schemaLocation="https://dtd.nlm.nih.gov/ns/archiving/2.3/ https://dtd.nlm.nih.gov/archiving/2.3/xsd/archivearticle.xsd" article-type="research-article"><front><journal-meta><journal-id journal-id-type="nlm-ta">BMC Bioinformatics</journal-id><journal-title>BMC Bioinformatics</journal-title><issn pub-type="epub">1471-2105</issn><publisher><publisher-name>BioMed Central</publisher-name><publisher-loc>London</publisher-loc></publisher></journal-meta><article-meta><article-id pub-id-type="accession">PMC319699</article-id><article-id pub-id-type="pmcid">PMC319699</article-id><article-id pub-id-type="pmc-uid">319699</article-id><article-id pub-id-type="pmid">14687415</article-id><article-id pub-id-type="publisher-id">1471-2105-4-64</article-id><article-id pub-id-type="pmid">14687415</article-id><article-id pub-id-type="doi">10.1186/1471-2105-4-64</article-id><article-categories><subj-group subj-group-type="heading"><subject>Research Article</subject></subj-group></article-categories><title-group><article-title>The PAM domain, a multi-protein complex-associated module with an all-alpha-helix fold</article-title></title-group><contrib-group><contrib id="A1" corresp="yes" contrib-type="author"><name><surname>Ciccarelli</surname><given-names>Francesca D</given-names></name><xref ref-type="aff" rid="I1">1</xref><xref ref-type="aff" rid="I2">2</xref><email>francesca.ciccarelli@embl.de</email></contrib><contrib id="A2" contrib-type="author"><name><surname>Izaurralde</surname><given-names>Elisa</given-names></name><xref ref-type="aff" rid="I1">1</xref><email>elisa.izaurralde@embl.de</email></contrib><contrib id="A3" contrib-type="author"><name><surname>Bork</surname><given-names>Peer</given-names></name><xref ref-type="aff" rid="I1">1</xref><xref ref-type="aff" rid="I2">2</xref><email>peer.bork@embl.de</email></contrib></contrib-group><aff id="I1"><label>1</label>European Molecular Biology Laboratory, Meyerhofstr. 1, 69012 Heidelberg, Germany</aff><aff id="I2"><label>2</label>Max-Delbrueck-Centrum, PO Box 740238, D-13092 Berlin, Germany</aff><pub-date pub-type="collection"><year>2003</year></pub-date><pub-date pub-type="epub"><day>19</day><month>12</month><year>2003</year></pub-date><volume>4</volume><fpage>64</fpage><lpage>64</lpage><ext-link ext-link-type="uri" xlink:href="http://www.biomedcentral.com/1471-2105/4/64"/><history><date date-type="received"><day>21</day><month>10</month><year>2003</year></date><date date-type="accepted"><day>19</day><month>12</month><year>2003</year></date></history><permissions><copyright-statement>Copyright © 2003 Ciccarelli et al; licensee BioMed Central Ltd. This is an Open Access article: verbatim copying and redistribution of this article are permitted in all media for any purpose, provided this notice is preserved along with the article's original URL.</copyright-statement><copyright-year>2003</copyright-year><copyright-holder>Ciccarelli et al; licensee BioMed Central Ltd. This is an Open Access article: verbatim copying and redistribution of this article are permitted in all media for any purpose, provided this notice is preserved along with the article's original URL.</copyright-holder></permissions><abstract><sec><title>Background</title><p>Multimeric protein complexes have a role in many cellular pathways and are highly interconnected with various other proteins. The characterization of their domain composition and organization provides useful information on the specific role of each region of their sequence.</p></sec><sec><title>Results</title><p>We identified a new module, the PAM domain (<underline>P</underline>CI/PINT <underline>a</underline>ssociated <underline>m</underline>odule), present in single subunits of well characterized multiprotein complexes, like the regulatory lid of the 26S proteasome, the COP-9 signalosome and the Sac3-Thp1 complex. This module is an around 200 residue long domain with a predicted TPR-like all-alpha-helical fold.</p></sec><sec><title>Conclusions</title><p>The occurrence of the PAM domain in specific subunits of multimeric protein complexes, together with the role of other all-alpha-helical folds in protein-protein interactions, suggest a function for this domain in mediating transient binding to diverse target proteins.</p></sec></abstract></article-meta></front></article>