<article xmlns="https://dtd.nlm.nih.gov/ns/archiving/2.3/" xmlns:xsi="http://www.w3.org/2001/XMLSchema-instance" xmlns:mml="http://www.w3.org/1998/Math/MathML" xmlns:xlink="http://www.w3.org/1999/xlink" xsi:schemaLocation="https://dtd.nlm.nih.gov/ns/archiving/2.3/ https://dtd.nlm.nih.gov/archiving/2.3/xsd/archivearticle.xsd" article-type="research-article"><front><journal-meta><journal-id journal-id-type="nlm-ta">BMC Bioinformatics</journal-id><journal-title>BMC Bioinformatics</journal-title><issn pub-type="epub">1471-2105</issn><publisher><publisher-name>BioMed Central</publisher-name><publisher-loc>London</publisher-loc></publisher></journal-meta><article-meta><article-id pub-id-type="accession">PMC317282</article-id><article-id pub-id-type="pmcid">PMC317282</article-id><article-id pub-id-type="pmc-uid">317282</article-id><article-id pub-id-type="pmid">14633289</article-id><article-id pub-id-type="publisher-id">1471-2105-4-59</article-id><article-id pub-id-type="pmid">14633289</article-id><article-id pub-id-type="doi">10.1186/1471-2105-4-59</article-id><article-categories><subj-group subj-group-type="heading"><subject>Research Article</subject></subj-group></article-categories><title-group><article-title>Cross-platform comparison and visualisation of gene expression data using co-inertia analysis</article-title></title-group><contrib-group><contrib id="A1" corresp="yes" contrib-type="author"><name><surname>Culhane</surname><given-names>Aedín C</given-names></name><xref ref-type="aff" rid="I1">1</xref><email>Aedin.Culhane@ucd.ie</email></contrib><contrib id="A2" contrib-type="author"><name><surname>Perrière</surname><given-names>Guy</given-names></name><xref ref-type="aff" rid="I2">2</xref><email>Perriere@biomserv.univ-lyon1.fr</email></contrib><contrib id="A3" contrib-type="author"><name><surname>Higgins</surname><given-names>Desmond G</given-names></name><xref ref-type="aff" rid="I1">1</xref><email>Des.Higgins@ucd.ie</email></contrib></contrib-group><aff id="I1"><label>1</label>Department of Biochemistry, Biosciences Institute, University College Cork, Cork, Ireland</aff><aff id="I2"><label>2</label>Laboratoire de Biométrie et Biologie Évolutive, UMR CNRS n°5558 Université Claude Bernard – Lyon 1, 43, bd. du 11 Novembre 1918, 69622 Villeurbanne Cedex, France</aff><pub-date pub-type="collection"><year>2003</year></pub-date><pub-date pub-type="epub"><day>21</day><month>11</month><year>2003</year></pub-date><volume>4</volume><fpage>59</fpage><lpage>59</lpage><ext-link ext-link-type="uri" xlink:href="http://www.biomedcentral.com/1471-2105/4/59"/><history><date date-type="received"><day>23</day><month>6</month><year>2003</year></date><date date-type="accepted"><day>21</day><month>11</month><year>2003</year></date></history><permissions><copyright-statement>Copyright © 2003 Culhane et al; licensee BioMed Central Ltd. This is an Open Access article: verbatim copying and redistribution of this article are permitted in all media for any purpose, provided this notice is preserved along with the article's original URL.</copyright-statement><copyright-year>2003</copyright-year><copyright-holder>Culhane et al; licensee BioMed Central Ltd. This is an Open Access article: verbatim copying and redistribution of this article are permitted in all media for any purpose, provided this notice is preserved along with the article's original URL.</copyright-holder></permissions><abstract><sec><title>Background</title><p>Rapid development of DNA microarray technology has resulted in different laboratories adopting numerous different protocols and technological platforms, which has severely impacted on the comparability of array data. Current cross-platform comparison of microarray gene expression data are usually based on cross-referencing the annotation of each gene transcript represented on the arrays, extracting a list of genes common to all arrays and comparing expression data of this gene subset. Unfortunately, filtering of genes to a subset represented across all arrays often excludes many thousands of genes, because different subsets of genes from the genome are represented on different arrays. We wish to describe the application of a powerful yet simple method for cross-platform comparison of gene expression data. Co-inertia analysis (CIA) is a multivariate method that identifies trends or co-relationships in multiple datasets which contain the same samples. CIA simultaneously finds ordinations (dimension reduction diagrams) from the datasets that are most similar. It does this by finding successive axes from the two datasets with maximum covariance. CIA can be applied to datasets where the number of variables (genes) far exceeds the number of samples (arrays) such is the case with microarray analyses.</p></sec><sec><title>Results</title><p>We illustrate the power of CIA for cross-platform analysis of gene expression data by using it to identify the main common relationships in expression profiles on a panel of 60 tumour cell lines from the National Cancer Institute (NCI) which have been subjected to microarray studies using both Affymetrix and spotted cDNA array technology. The co-ordinates of the CIA projections of the cell lines from each dataset are graphed in a bi-plot and are connected by a line, the length of which indicates the divergence between the two datasets. Thus, CIA provides graphical representation of consensus and divergence between the gene expression profiles from different microarray platforms. Secondly, the genes that define the main trends in the analysis can be easily identified.</p></sec><sec><title>Conclusions</title><p>CIA is a robust, efficient approach to coupling of gene expression datasets. CIA provides simple graphical representations of the results making it a particularly attractive method for the identification of relationships between large datasets.</p></sec></abstract></article-meta></front></article>