<article xmlns="https://dtd.nlm.nih.gov/ns/archiving/2.3/" xmlns:xsi="http://www.w3.org/2001/XMLSchema-instance" xmlns:mml="http://www.w3.org/1998/Math/MathML" xmlns:xlink="http://www.w3.org/1999/xlink" xsi:schemaLocation="https://dtd.nlm.nih.gov/ns/archiving/2.3/ https://dtd.nlm.nih.gov/archiving/2.3/xsd/archivearticle.xsd" article-type="research-article"><front><journal-meta><journal-id journal-id-type="nlm-ta">BMC Bioinformatics</journal-id><journal-title>BMC Bioinformatics</journal-title><issn pub-type="epub">1471-2105</issn><publisher><publisher-name>BioMed Central</publisher-name><publisher-loc>London</publisher-loc></publisher></journal-meta><article-meta><article-id pub-id-type="accession">PMC341902</article-id><article-id pub-id-type="pmcid">PMC341902</article-id><article-id pub-id-type="pmc-uid">341902</article-id><article-id pub-id-type="pmid">14690551</article-id><article-id pub-id-type="publisher-id">1471-2105-4-65</article-id><article-id pub-id-type="pmid">14690551</article-id><article-id pub-id-type="doi">10.1186/1471-2105-4-65</article-id><article-categories><subj-group subj-group-type="heading"><subject>Research Article</subject></subj-group></article-categories><title-group><article-title>Statistical extraction of <italic>Drosophila cis</italic>-regulatory modules using exhaustive assessment of local word frequency</article-title></title-group><contrib-group><contrib id="A1" contrib-type="author"><name><surname>Nazina</surname><given-names>Anna G</given-names></name><xref ref-type="aff" rid="I1">1</xref><email>agn202@nyu.edu</email></contrib><contrib id="A2" corresp="yes" contrib-type="author"><name><surname>Papatsenko</surname><given-names>Dmitri A</given-names></name><xref ref-type="aff" rid="I1">1</xref><email>dap5@mail.nyu.edu</email></contrib></contrib-group><aff id="I1"><label>1</label>Department of Biology, New York University, New York, USA</aff><pub-date pub-type="collection"><year>2003</year></pub-date><pub-date pub-type="epub"><day>22</day><month>12</month><year>2003</year></pub-date><volume>4</volume><fpage>65</fpage><lpage>65</lpage><ext-link ext-link-type="uri" xlink:href="http://www.biomedcentral.com/1471-2105/4/65"/><history><date date-type="received"><day>19</day><month>7</month><year>2003</year></date><date date-type="accepted"><day>22</day><month>12</month><year>2003</year></date></history><permissions><copyright-statement>Copyright © 2003 Nazina and Papatsenko; licensee BioMed Central Ltd. This is an Open Access article: verbatim copying and redistribution of this article are permitted in all media for any purpose, provided this notice is preserved along with the article's original URL.</copyright-statement><copyright-year>2003</copyright-year><copyright-holder>Nazina and Papatsenko; licensee BioMed Central Ltd. This is an Open Access article: verbatim copying and redistribution of this article are permitted in all media for any purpose, provided this notice is preserved along with the article's original URL.</copyright-holder></permissions><abstract><sec><title>Background</title><p>Transcription regulatory regions in higher eukaryotes are often represented by <italic>cis</italic>-regulatory modules (CRM) and are responsible for the formation of specific spatial and temporal gene expression patterns. These extended, ~1 KB, regions are found far from coding sequences and cannot be extracted from genome on the basis of their relative position to the coding regions.</p></sec><sec><title>Results</title><p>To explore the feasibility of CRM extraction from a genome, we generated an original training set, containing annotated sequence data for most of the known developmental CRMs from <italic>Drosophila</italic>. Based on this set of experimental data, we developed a strategy for statistical extraction of <italic>cis</italic>-regulatory modules from the genome, using exhaustive analysis of local word frequency (LWF). To assess the performance of our analysis, we measured the correlation between predictions generated by the LWF algorithm and the distribution of conserved non-coding regions in a number of <italic>Drosophila </italic>developmental genes.</p></sec><sec><title>Conclusions</title><p>In most of the cases tested, we observed high correlation (up to 0.6–0.8, measured on the entire gene locus) between the two independent techniques. We discuss computational strategies available for extraction of <italic>Drosophila </italic>CRMs and possible extensions of these methods.</p></sec></abstract></article-meta></front></article>