<article xmlns="https://dtd.nlm.nih.gov/ns/archiving/2.3/" xmlns:xsi="http://www.w3.org/2001/XMLSchema-instance" xmlns:mml="http://www.w3.org/1998/Math/MathML" xmlns:xlink="http://www.w3.org/1999/xlink" xsi:schemaLocation="https://dtd.nlm.nih.gov/ns/archiving/2.3/ https://dtd.nlm.nih.gov/archiving/2.3/xsd/archivearticle.xsd" article-type="product-review"><front><journal-meta><journal-id journal-id-type="nlm-ta">BMC Bioinformatics</journal-id><journal-title>BMC Bioinformatics</journal-title><issn pub-type="epub">1471-2105</issn><publisher><publisher-name>BioMed Central</publisher-name><publisher-loc>London</publisher-loc></publisher></journal-meta><article-meta><article-id pub-id-type="accession">PMC385221</article-id><article-id pub-id-type="pmcid">PMC385221</article-id><article-id pub-id-type="pmc-uid">385221</article-id><article-id pub-id-type="pmid">15070404</article-id><article-id pub-id-type="publisher-id">1471-2105-5-23</article-id><article-id pub-id-type="pmid">15070404</article-id><article-id pub-id-type="doi">10.1186/1471-2105-5-23</article-id><article-categories><subj-group subj-group-type="heading"><subject>Software</subject></subj-group></article-categories><title-group><article-title>Gene prediction using the Self-Organizing Map: automatic generation of multiple gene models</article-title></title-group><contrib-group><contrib id="A1" corresp="yes" contrib-type="author"><name><surname>Mahony</surname><given-names>Shaun</given-names></name><xref ref-type="aff" rid="I1">1</xref><email>shaun.mahony@nuigalway.ie</email></contrib><contrib id="A2" contrib-type="author"><name><surname>McInerney</surname><given-names>James O</given-names></name><xref ref-type="aff" rid="I2">2</xref><email>james.o.mcinerney@may.ie</email></contrib><contrib id="A3" contrib-type="author"><name><surname>Smith</surname><given-names>Terry J</given-names></name><xref ref-type="aff" rid="I1">1</xref><email>terry.smith@nuigalway.ie</email></contrib><contrib id="A4" contrib-type="author"><name><surname>Golden</surname><given-names>Aaron</given-names></name><xref ref-type="aff" rid="I3">3</xref><email>aaron.golden@nuigalway.ie</email></contrib></contrib-group><aff id="I1"><label>1</label>National Centre for Biomedical Engineering Science, NUI, Galway, Galway, Ireland</aff><aff id="I2"><label>2</label>Bioinformatics and Pharmacogenomics Laboratory, NUI, Maynooth, Co. Kildare, Ireland</aff><aff id="I3"><label>3</label>Department of Information Technology, NUI, Galway, Galway, Ireland</aff><pub-date pub-type="collection"><year>2004</year></pub-date><pub-date pub-type="epub"><day>5</day><month>3</month><year>2004</year></pub-date><volume>5</volume><fpage>23</fpage><lpage>23</lpage><ext-link ext-link-type="uri" xlink:href="http://www.biomedcentral.com/1471-2105/5/23"/><history><date date-type="received"><day>26</day><month>11</month><year>2003</year></date><date date-type="accepted"><day>5</day><month>3</month><year>2004</year></date></history><copyright-statement>Copyright © 2004 Mahony et al; licensee BioMed Central Ltd. This is an Open Access article: verbatim copying and redistribution of this article are permitted in all media for any purpose, provided this notice is preserved along with the article's original URL.</copyright-statement><abstract><sec><title>Background</title><p>Many current gene prediction methods use only one model to represent protein-coding regions in a genome, and so are less likely to predict the location of genes that have an atypical sequence composition. It is likely that future improvements in gene finding will involve the development of methods that can adequately deal with intra-genomic compositional variation.</p></sec><sec><title>Results</title><p>This work explores a new approach to gene-prediction, based on the Self-Organizing Map, which has the ability to automatically identify multiple gene models within a genome. The current implementation, named RescueNet, uses relative synonymous codon usage as the indicator of protein-coding potential.</p></sec><sec><title>Conclusions</title><p>While its raw accuracy rate can be less than other methods, RescueNet consistently identifies some genes that other methods do not, and should therefore be of interest to gene-prediction software developers and genome annotation teams alike. RescueNet is recommended for use in conjunction with, or as a complement to, other gene prediction methods.</p></sec></abstract></article-meta></front></article>