<article xmlns="https://dtd.nlm.nih.gov/ns/archiving/2.3/" xmlns:xsi="http://www.w3.org/2001/XMLSchema-instance" xmlns:mml="http://www.w3.org/1998/Math/MathML" xmlns:xlink="http://www.w3.org/1999/xlink" xsi:schemaLocation="https://dtd.nlm.nih.gov/ns/archiving/2.3/ https://dtd.nlm.nih.gov/archiving/2.3/xsd/archivearticle.xsd" article-type="research-article"><front><journal-meta><journal-id journal-id-type="nlm-ta">BMC Bioinformatics</journal-id><journal-title>BMC Bioinformatics</journal-title><issn pub-type="epub">1471-2105</issn><publisher><publisher-name>BioMed Central</publisher-name><publisher-loc>London</publisher-loc></publisher></journal-meta><article-meta><article-id pub-id-type="accession">PMC394317</article-id><article-id pub-id-type="pmcid">PMC394317</article-id><article-id pub-id-type="pmc-uid">394317</article-id><article-id pub-id-type="pmid">15113406</article-id><article-id pub-id-type="publisher-id">1471-2105-5-30</article-id><article-id pub-id-type="pmid">15113406</article-id><article-id pub-id-type="doi">10.1186/1471-2105-5-30</article-id><article-categories><subj-group subj-group-type="heading"><subject>Research Article</subject></subj-group></article-categories><title-group><article-title>Frequent occurrence of recognition Site-like sequences in the restriction endonucleases</article-title></title-group><contrib-group><contrib id="A1" corresp="yes" contrib-type="author"><name><surname>Biro</surname><given-names>Jan C</given-names></name><xref ref-type="aff" rid="I1">1</xref><xref ref-type="aff" rid="I2">2</xref><email>jan.biro@sbcglobal.net</email></contrib><contrib id="A2" contrib-type="author"><name><surname>Biro</surname><given-names>Josephine MK</given-names></name><xref ref-type="aff" rid="I2">2</xref><email>jan.biro@sbcglobal.net</email></contrib></contrib-group><aff id="I1"><label>1</label>Karolinska Institute, Stockholm, Sweden</aff><aff id="I2"><label>2</label>Homulus Informatics, 88 Howard, # 1205, San Francisco, 94 105 CA, USA</aff><pub-date pub-type="collection"><year>2004</year></pub-date><pub-date pub-type="epub"><day>16</day><month>3</month><year>2004</year></pub-date><volume>5</volume><fpage>30</fpage><lpage>30</lpage><ext-link ext-link-type="uri" xlink:href="http://www.biomedcentral.com/1471-2105/5/30"/><history><date date-type="received"><day>10</day><month>9</month><year>2003</year></date><date date-type="accepted"><day>16</day><month>3</month><year>2004</year></date></history><copyright-statement>Copyright © 2004 Biro and Biro; licensee BioMed Central Ltd. This is an Open Access article: verbatim copying and redistribution of this article are permitted in all media for any purpose, provided this notice is preserved along with the article's original URL.</copyright-statement><abstract><sec><title>Background</title><p>There are two different theories about the development of the genetic code. Woese suggested that it was developed in connection with the amino acid repertoire, while Crick argued that any connection between codons and amino acids is only the result of an "accident". This question is fundamental to understand the nature of specific protein-nucleic acid interactions.</p></sec><sec><title>Results</title><p>The nature of specific protein-nucleic acid interaction between restriction endonucleases (RE) and their recognition sequences (RS) was studied by bioinformatics methods. It was found that the frequency of 5–6 residue long RS-like oligonucleotides is unexpectedly high in the nucleic acid sequence of the corresponding RE (p &lt; 0.05 and p &lt; 0.001 respectively, n = 7). There is an extensive conservation of these RS-like sequences in RE isoschizomers. A review of the seven available crystallographic studies showed that the amino acids coded by codons that are subsets of recognition sequences were often closely located to the RS itself and they were in many cases directly adjacent to the codon-like triplets in the RS.</p><p>Fifty-five examples of this codon-amino acid co-localization are found and analyzed, which represents 41.5% of total 132 amino acids which are localized within 8 Å distance to the C1' atoms in the DNA. The average distance between the closest atoms in the codons and amino acids is 5.5 +/- 0.2 Å (mean +/- S.E.M, n = 55), while the distance between the nitrogen and oxygen atoms of the co-localized molecules is significantly shorter, (3.4 +/- 0.2 Å, p &lt; 0.001, n = 15), when positively charged amino acids are involved. This is indicating that an interaction between the nucleic- and amino acids might occur.</p></sec><sec><title>Conclusion</title><p>We interpret these results in favor of Woese and suggest that the genetic code is "rational" and there is a stereospecific relationship between the codes and the amino acids.</p></sec></abstract></article-meta></front></article>