<article xmlns="https://dtd.nlm.nih.gov/ns/archiving/2.3/" xmlns:xsi="http://www.w3.org/2001/XMLSchema-instance" xmlns:mml="http://www.w3.org/1998/Math/MathML" xmlns:xlink="http://www.w3.org/1999/xlink" xsi:schemaLocation="https://dtd.nlm.nih.gov/ns/archiving/2.3/ https://dtd.nlm.nih.gov/archiving/2.3/xsd/archivearticle.xsd" article-type="research-article"><front><journal-meta><journal-id journal-id-type="nlm-ta">BMC Bioinformatics</journal-id><journal-title>BMC Bioinformatics</journal-title><issn pub-type="epub">1471-2105</issn><publisher><publisher-name>BioMed Central</publisher-name><publisher-loc>London</publisher-loc></publisher></journal-meta><article-meta><article-id pub-id-type="accession">PMC331396</article-id><article-id pub-id-type="pmcid">PMC331396</article-id><article-id pub-id-type="pmc-uid">331396</article-id><article-id pub-id-type="pmid">14715089</article-id><article-id pub-id-type="publisher-id">1471-2105-5-4</article-id><article-id pub-id-type="pmid">14715089</article-id><article-id pub-id-type="doi">10.1186/1471-2105-5-4</article-id><article-categories><subj-group subj-group-type="heading"><subject>Database</subject></subj-group></article-categories><title-group><article-title>Identification of polymorphic tandem repeats by direct comparison of genome sequence from different bacterial strains : a web-based resource</article-title></title-group><contrib-group><contrib id="A1" corresp="yes" contrib-type="author"><name><surname>Denœud</surname><given-names>France</given-names></name><xref ref-type="aff" rid="I1">1</xref><email>France.Denoeud@igmors.u-psud.fr</email></contrib><contrib id="A2" contrib-type="author"><name><surname>Vergnaud</surname><given-names>Gilles</given-names></name><xref ref-type="aff" rid="I1">1</xref><xref ref-type="aff" rid="I2">2</xref><email>Gilles.Vergnaud@igmors.u-psud.fr</email></contrib></contrib-group><aff id="I1"><label>1</label>Laboratoire GPMS, Institut de Génétique et Microbiologie, Bat 400, Université Paris-Sud, 91405 Orsay cedex, France</aff><aff id="I2"><label>2</label>Centre d'Etudes du Bouchet, BP3, 91710 Vert le Petit, France</aff><pub-date pub-type="collection"><year>2004</year></pub-date><pub-date pub-type="epub"><day>12</day><month>1</month><year>2004</year></pub-date><volume>5</volume><fpage>4</fpage><lpage>4</lpage><ext-link ext-link-type="uri" xlink:href="http://www.biomedcentral.com/1471-2105/5/4"/><history><date date-type="received"><day>24</day><month>9</month><year>2003</year></date><date date-type="accepted"><day>12</day><month>1</month><year>2004</year></date></history><copyright-statement>Copyright © 2004 Denœud and Vergnaud; licensee BioMed Central Ltd. This is an Open Access article: verbatim copying and redistribution of this article are permitted in all media for any purpose, provided this notice is preserved along with the article's original URL.</copyright-statement><abstract><sec><title>Background</title><p>Polymorphic tandem repeat typing is a new generic technology which has been proved to be very efficient for bacterial pathogens such as <italic>B. anthracis</italic>, <italic>M. tuberculosis</italic>, <italic>P. aeruginosa</italic>, <italic>L. pneumophila</italic>, <italic>Y. pestis</italic>. The previously developed tandem repeats database takes advantage of the release of genome sequence data for a growing number of bacteria to facilitate the identification of tandem repeats. The development of an assay then requires the evaluation of tandem repeat polymorphism on well-selected sets of isolates. In the case of major human pathogens, such as <italic>S. aureus</italic>, more than one strain is being sequenced, so that tandem repeats most likely to be polymorphic can now be selected <italic>in silico </italic>based on genome sequence comparison.</p></sec><sec><title>Results</title><p>In addition to the previously described general Tandem Repeats Database, we have developed a tool to automatically identify tandem repeats of a different length in the genome sequence of two (or more) closely related bacterial strains. Genome comparisons are pre-computed. The results of the comparisons are parsed in a database, which can be conveniently queried over the internet according to criteria of practical value, including repeat unit length, predicted size difference, etc. Comparisons are available for 16 bacterial species, and the orthopox viruses, including the variola virus and three of its close neighbors.</p></sec><sec><title>Conclusions</title><p>We are presenting an internet-based resource to help develop and perform tandem repeats based bacterial strain typing. The tools accessible at <ext-link ext-link-type="uri" xlink:href="http://minisatellites.u-psud.fr"/> now comprise four parts. The Tandem Repeats Database enables the identification of tandem repeats across entire genomes. The Strain Comparison Page identifies tandem repeats differing between different genome sequences from the same species. The "Blast in the Tandem Repeats Database" facilitates the search for a known tandem repeat and the prediction of amplification product sizes. The "Bacterial Genotyping Page" is a service for strain identification at the subspecies level.</p></sec></abstract></article-meta></front></article>