<article xmlns="https://dtd.nlm.nih.gov/ns/archiving/2.3/" xmlns:xsi="http://www.w3.org/2001/XMLSchema-instance" xmlns:mml="http://www.w3.org/1998/Math/MathML" xmlns:xlink="http://www.w3.org/1999/xlink" xsi:schemaLocation="https://dtd.nlm.nih.gov/ns/archiving/2.3/ https://dtd.nlm.nih.gov/archiving/2.3/xsd/archivearticle.xsd" article-type="research-article"><front><journal-meta><journal-id journal-id-type="nlm-ta">BMC Bioinformatics</journal-id><journal-title>BMC Bioinformatics</journal-title><issn pub-type="epub">1471-2105</issn><publisher><publisher-name>BioMed Central</publisher-name><publisher-loc>London</publisher-loc></publisher></journal-meta><article-meta><article-id pub-id-type="accession">PMC344529</article-id><article-id pub-id-type="pmcid">PMC344529</article-id><article-id pub-id-type="pmc-uid">344529</article-id><article-id pub-id-type="pmid">14736341</article-id><article-id pub-id-type="publisher-id">1471-2105-5-6</article-id><article-id pub-id-type="pmid">14736341</article-id><article-id pub-id-type="doi">10.1186/1471-2105-5-6</article-id><article-categories><subj-group subj-group-type="heading"><subject>Research Article</subject></subj-group></article-categories><title-group><article-title>Benchmarking tools for the alignment of functional noncoding DNA</article-title></title-group><contrib-group><contrib id="A1" contrib-type="author"><name><surname>Pollard</surname><given-names>Daniel A</given-names></name><xref ref-type="aff" rid="I1">1</xref><email>dpollard@socrates.berkeley.edu</email></contrib><contrib id="A2" corresp="yes" contrib-type="author"><name><surname>Bergman</surname><given-names>Casey M</given-names></name><xref ref-type="aff" rid="I2">2</xref><xref ref-type="aff" rid="I3">3</xref><xref ref-type="aff" rid="I6">6</xref><email>cbergman@gen.cam.ac.uk</email></contrib><contrib id="A3" contrib-type="author"><name><surname>Stoye</surname><given-names>Jens</given-names></name><xref ref-type="aff" rid="I4">4</xref><email>stoye@techfak.uni-bielefeld.de</email></contrib><contrib id="A4" contrib-type="author"><name><surname>Celniker</surname><given-names>Susan E</given-names></name><xref ref-type="aff" rid="I2">2</xref><xref ref-type="aff" rid="I3">3</xref><email>celniker@fruitfly.org</email></contrib><contrib id="A5" contrib-type="author"><name><surname>Eisen</surname><given-names>Michael B</given-names></name><xref ref-type="aff" rid="I2">2</xref><xref ref-type="aff" rid="I5">5</xref><email>mbeisen@lbl.gov</email></contrib></contrib-group><aff id="I1"><label>1</label>Biophysics Graduate Group, University of California, Berkeley, CA 94720, USA</aff><aff id="I2"><label>2</label>Department of Genome Science, Life Science Division, Lawrence Orlando Berkeley National Laboratory, Berkeley, CA 94720, USA</aff><aff id="I3"><label>3</label>Berkeley <italic>Drosophila </italic>Genome Project, Lawrence Berkeley National Laboratory, Berkeley, CA 94720, USA</aff><aff id="I4"><label>4</label>Technische Fakultät, Universität Bielefeld, 33594 Bielefeld, Germany</aff><aff id="I5"><label>5</label>Department of Molecular and Cell Biology, University of California, Berkeley, CA 94720, USA</aff><aff id="I6"><label>6</label>Department of Genetics, University of Cambridge, Cambridge, UK CB2 3EH</aff><pub-date pub-type="collection"><year>2004</year></pub-date><pub-date pub-type="epub"><day>21</day><month>1</month><year>2004</year></pub-date><volume>5</volume><fpage>6</fpage><lpage>6</lpage><ext-link ext-link-type="uri" xlink:href="http://www.biomedcentral.com/1471-2105/5/6"/><history><date date-type="received"><day>5</day><month>11</month><year>2003</year></date><date date-type="accepted"><day>21</day><month>1</month><year>2004</year></date></history><copyright-statement>Copyright © 2004 Pollard et al; licensee BioMed Central Ltd. This is an Open Access article: verbatim copying and redistribution of this article are permitted in all media for any purpose, provided this notice is preserved along with the article's original URL.</copyright-statement><abstract><sec><title>Background</title><p>Numerous tools have been developed to align genomic sequences. However, their relative performance in specific applications remains poorly characterized. Alignments of protein-coding sequences typically have been benchmarked against "correct" alignments inferred from structural data. For noncoding sequences, where such independent validation is lacking, simulation provides an effective means to generate "correct" alignments with which to benchmark alignment tools.</p></sec><sec><title>Results</title><p>Using rates of noncoding sequence evolution estimated from the genus <italic>Drosophila</italic>, we simulated alignments over a range of divergence times under varying models incorporating point substitution, insertion/deletion events, and short blocks of constrained sequences such as those found in <italic>cis</italic>-regulatory regions. We then compared "correct" alignments generated by a modified version of the ROSE simulation platform to alignments of the simulated derived sequences produced by eight pairwise alignment tools (Avid, BlastZ, Chaos, ClustalW, DiAlign, Lagan, Needle, and WABA) to determine the off-the-shelf performance of each tool. As expected, the ability to align noncoding sequences accurately decreases with increasing divergence for all tools, and declines faster in the presence of insertion/deletion evolution. Global alignment tools (Avid, ClustalW, Lagan, and Needle) typically have higher sensitivity over entire noncoding sequences as well as in constrained sequences. Local tools (BlastZ, Chaos, and WABA) have lower overall sensitivity as a consequence of incomplete coverage, but have high specificity to detect constrained sequences as well as high sensitivity within the subset of sequences they align. Tools such as DiAlign, which generate both local and global outputs, produce alignments of constrained sequences with both high sensitivity and specificity for divergence distances in the range of 1.25–3.0 substitutions per site.</p></sec><sec><title>Conclusion</title><p>For species with genomic properties similar to <italic>Drosophila</italic>, we conclude that a single pair of optimally diverged species analyzed with a high performance alignment tool can yield accurate and specific alignments of functionally constrained noncoding sequences. Further algorithm development, optimization of alignment parameters, and benchmarking studies will be necessary to extract the maximal biological information from alignments of functional noncoding DNA.</p></sec></abstract></article-meta></front></article>