<article xmlns="https://dtd.nlm.nih.gov/ns/archiving/2.3/" xmlns:xsi="http://www.w3.org/2001/XMLSchema-instance" xmlns:mml="http://www.w3.org/1998/Math/MathML" xmlns:xlink="http://www.w3.org/1999/xlink" xsi:schemaLocation="https://dtd.nlm.nih.gov/ns/archiving/2.3/ https://dtd.nlm.nih.gov/archiving/2.3/xsd/archivearticle.xsd" article-type="research-article"><front><journal-meta><journal-id journal-id-type="nlm-ta">BMC Bioinformatics</journal-id><journal-title>BMC Bioinformatics</journal-title><issn pub-type="epub">1471-2105</issn><publisher><publisher-name>BioMed Central</publisher-name><publisher-loc>London</publisher-loc></publisher></journal-meta><article-meta><article-id pub-id-type="accession">PMC37351</article-id><article-id pub-id-type="pmcid">PMC37351</article-id><article-id pub-id-type="pmc-uid">37351</article-id><article-id pub-id-type="pmid">11504559</article-id><article-id pub-id-type="publisher-id">1471-2105-2-4</article-id><article-id pub-id-type="pmid">11504559</article-id><article-id pub-id-type="doi">10.1186/1471-2105-2-4</article-id><article-categories><subj-group subj-group-type="heading"><subject>Research Article</subject></subj-group></article-categories><title-group><article-title>The relationship between the L1 and L2 domains of the insulin and epidermal growth factor receptors and leucine-rich repeat modules</article-title></title-group><contrib-group><contrib id="A1" corresp="yes" contrib-type="author"><name><surname>Ward</surname><given-names>Colin W</given-names></name><xref ref-type="aff" rid="I1">1</xref><xref ref-type="aff" rid="I3">3</xref><email>Colin.Ward@hsn.csiro.au</email></contrib><contrib id="A2" contrib-type="author"><name><surname>Garrett</surname><given-names>Thomas PJ</given-names></name><xref ref-type="aff" rid="I2">2</xref><xref ref-type="aff" rid="I3">3</xref><email>Tom.Garrett@hsn.csiro.au</email></contrib></contrib-group><aff id="I1"><label>1</label>CSIRO Health Sciences and Nutrition, 343 Royal Parade Parkville, Victoria 3052, Australia</aff><aff id="I2"><label>2</label>Walter and Elisa Hall Institute, Royal Melbourne Hospital, Parkville, Victoria 3052, Australia</aff><aff id="I3"><label>3</label>Cooperative Research Centre for Cellular Growth Factors, Royal Melbourne Hospital, Parkville, Victoria, 3050, Australia</aff><pub-date pub-type="collection"><year>2001</year></pub-date><pub-date pub-type="epub"><day>27</day><month>7</month><year>2001</year></pub-date><volume>2</volume><fpage>4</fpage><lpage>4</lpage><ext-link ext-link-type="uri" xlink:href="http://www.biomedcentral.com/1471-2105/2/4"/><history><date date-type="received"><day>6</day><month>7</month><year>2001</year></date><date date-type="accepted"><day>27</day><month>7</month><year>2001</year></date></history><permissions><copyright-statement>Copyright © 2001 Ward and Garrett; licensee BioMed Central Ltd. This is an Open Access article: verbatim copying and redistribution of this article are permitted in all media for any purpose, provided this notice is preserved along with the article's original URL.</copyright-statement><copyright-year>2001</copyright-year><copyright-holder>Ward and Garrett; licensee BioMed Central Ltd. This is an Open Access article: verbatim copying and redistribution of this article are permitted in all media for any purpose, provided this notice is preserved along with the article's original URL.</copyright-holder></permissions><abstract><sec><title>Background</title><p>Leucine-rich repeats are one of the more common modules found in proteins. The leucine-rich repeat consensus motif is LxxLxLxxNxLxxLxxLxxLxx- where the first 11–12 residues are highly conserved and the remainder of the repeat can vary in size Leucine-rich repeat proteins have been subdivided into seven subfamilies, none of which include members of the epidermal growth factor receptor or insulin receptor families despite the similarity between the 3D structure of the L domains of the type I insulin-like growth factor receptor and some leucine-rich repeat proteins.</p></sec><sec><title>Results</title><p>Here we have used profile searches and multiple sequence alignments to identify the repeat motif Ixx-LxIxx-Nx-Lxx-Lxx-Lxx-Lxx- in the L1 and L2 domains of the insulin receptor and epidermal growth factor receptors. These analyses were aided by reference to the known three dimensional structures of the insulin-like growth factor type I receptor L domains and two members of the leucine rich repeat family, porcine ribonuclease inhibitor and internalin 1B. Pectate lyase, another beta helix protein, can also be seen to contain the sequence motif and much of the structural features characteristic of leucine-rich repeat proteins, despite the existence of major insertions in some of its repeats.</p></sec><sec><title>Conclusion</title><p>Multiple sequence alignments and comparisons of the 3D structures has shown that right-handed beta helix proteins such as pectate lyase and the L domains of members of the insulin receptor and epidermal growth factor receptor families, are members of the leucine-rich repeat superfamily.</p></sec></abstract></article-meta></front></article>