<article xmlns="https://dtd.nlm.nih.gov/ns/archiving/2.3/" xmlns:xsi="http://www.w3.org/2001/XMLSchema-instance" xmlns:mml="http://www.w3.org/1998/Math/MathML" xmlns:xlink="http://www.w3.org/1999/xlink" xsi:schemaLocation="https://dtd.nlm.nih.gov/ns/archiving/2.3/ https://dtd.nlm.nih.gov/archiving/2.3/xsd/archivearticle.xsd" article-type="research-article"><front><journal-meta><journal-id journal-id-type="nlm-ta">BMC Bioinformatics</journal-id><journal-title>BMC Bioinformatics</journal-title><issn pub-type="epub">1471-2105</issn><publisher><publisher-name>BioMed Central</publisher-name><publisher-loc>London</publisher-loc></publisher></journal-meta><article-meta><article-id pub-id-type="accession">PMC375524</article-id><article-id pub-id-type="pmcid">PMC375524</article-id><article-id pub-id-type="pmc-uid">375524</article-id><article-id pub-id-type="pmid">15053846</article-id><article-id pub-id-type="publisher-id">1471-2105-5-14</article-id><article-id pub-id-type="pmid">15053846</article-id><article-id pub-id-type="doi">10.1186/1471-2105-5-14</article-id><article-categories><subj-group subj-group-type="heading"><subject>Research Article</subject></subj-group></article-categories><title-group><article-title>Comparison of computational methods for identifying translation initiation sites in EST data</article-title></title-group><contrib-group><contrib id="A1" contrib-type="author"><name><surname>Nadershahi</surname><given-names>Afshin</given-names></name><xref ref-type="aff" rid="I1">1</xref><email>nade0043@umn.edu</email></contrib><contrib id="A2" contrib-type="author"><name><surname>Fahrenkrug</surname><given-names>Scott C</given-names></name><xref ref-type="aff" rid="I2">2</xref><email>fahre001@tc.umn.edu</email></contrib><contrib id="A3" corresp="yes" contrib-type="author"><name><surname>Ellis</surname><given-names>Lynda BM</given-names></name><xref ref-type="aff" rid="I3">3</xref><email>lynda@tc.umn.edu</email></contrib></contrib-group><aff id="I1"><label>1</label>College of Biological Science, University of Minnesota, St. Paul, MN 55108 USA</aff><aff id="I2"><label>2</label>Department of Animal Science, University of Minnesota, St. Paul, MN 55108 USA</aff><aff id="I3"><label>3</label>Department of Laboratory Medicine and Pathology, University of Minnesota, Minneapolis, MN 55455 USA</aff><pub-date pub-type="collection"><year>2004</year></pub-date><pub-date pub-type="epub"><day>16</day><month>2</month><year>2004</year></pub-date><volume>5</volume><fpage>14</fpage><lpage>14</lpage><ext-link ext-link-type="uri" xlink:href="http://www.biomedcentral.com/1471-2105/5/14"/><history><date date-type="received"><day>13</day><month>8</month><year>2003</year></date><date date-type="accepted"><day>16</day><month>2</month><year>2004</year></date></history><copyright-statement>Copyright © 2004 Nadershahi et al; licensee BioMed Central Ltd. This is an Open Access article: verbatim copying and redistribution of this article are permitted in all media for any purpose, provided this notice is preserved along with the article's original URL.</copyright-statement><abstract><sec><title>Background</title><p>Expressed Sequence Tag (EST) sequences are generally single-strand, single-pass sequences, only 200–600 nucleotides long, contain errors resulting in frame shifts, and represent different parts of their parent cDNA. If the cDNAs contain translation initiation sites, they may be suitable for functional genomics studies. We have compared five methods to predict translation initiation sites in EST data: first-ATG, ESTScan, Diogenes, Netstart, and ATGpr.</p></sec><sec><title>Results</title><p>A dataset of 100 EST sequences, 50 with and 50 without, translation initiation sites, was created. Based on analysis of this dataset, ATGpr is found to be the most accurate for predicting the presence versus absence of translation initiation sites. With a maximum accuracy of 76%, ATGpr more accurately predicts the position or absence of translation initiation sites than NetStart (57%) or Diogenes (50%). ATGpr similarly excels when start sites are known to be present (90%), whereas NetStart achieves only 60% overall accuracy. As a baseline for comparison, choosing the first ATG correctly identifies the translation initiation site in 74% of the sequences. ESTScan and Diogenes, consistent with their intended use, are able to identify open reading frames, but are unable to determine the precise position of translation initiation sites.</p></sec><sec><title>Conclusions</title><p>ATGpr demonstrates high sensitivity, specificity, and overall accuracy in identifying start sites while also rejecting incomplete sequences. A database of EST sequences suitable for validating programs for translation initiation site prediction is now available. These tools and materials may open an avenue for future improvements in start site prediction and EST analysis.</p></sec></abstract></article-meta></front></article>