<article xmlns="https://dtd.nlm.nih.gov/ns/archiving/2.3/" xmlns:xsi="http://www.w3.org/2001/XMLSchema-instance" xmlns:mml="http://www.w3.org/1998/Math/MathML" xmlns:xlink="http://www.w3.org/1999/xlink" xsi:schemaLocation="https://dtd.nlm.nih.gov/ns/archiving/2.3/ https://dtd.nlm.nih.gov/archiving/2.3/xsd/archivearticle.xsd" article-type="research-article"><front><journal-meta><journal-id journal-id-type="nlm-ta">BMC Bioinformatics</journal-id><journal-title>BMC Bioinformatics</journal-title><issn pub-type="epub">1471-2105</issn><publisher><publisher-name>BioMed Central</publisher-name><publisher-loc>London</publisher-loc></publisher></journal-meta><article-meta><article-id pub-id-type="accession">PMC373442</article-id><article-id pub-id-type="pmcid">PMC373442</article-id><article-id pub-id-type="pmc-uid">373442</article-id><article-id pub-id-type="pmid">15040818</article-id><article-id pub-id-type="publisher-id">1471-2105-5-19</article-id><article-id pub-id-type="pmid">15040818</article-id><article-id pub-id-type="doi">10.1186/1471-2105-5-19</article-id><article-categories><subj-group subj-group-type="heading"><subject>Methodology Article</subject></subj-group></article-categories><title-group><article-title>The tissue microarray data exchange specification: implementation by the Cooperative Prostate Cancer Tissue Resource</article-title></title-group><contrib-group><contrib id="A1" corresp="yes" contrib-type="author"><name><surname>Berman</surname><given-names>Jules J</given-names></name><xref ref-type="aff" rid="I1">1</xref><email>bermanj@mail.nih.gov</email></contrib><contrib id="A2" contrib-type="author"><name><surname>Datta</surname><given-names>Milton</given-names></name><xref ref-type="aff" rid="I2">2</xref><email>mdatta@mcw.edu</email></contrib><contrib id="A3" contrib-type="author"><name><surname>Kajdacsy-Balla</surname><given-names>Andre</given-names></name><xref ref-type="aff" rid="I3">3</xref><email>aballa@uic.edu</email></contrib><contrib id="A4" contrib-type="author"><name><surname>Melamed</surname><given-names>Jonathan</given-names></name><xref ref-type="aff" rid="I4">4</xref><email>Jonathan.melamed@med.nyu.edu</email></contrib><contrib id="A5" contrib-type="author"><name><surname>Orenstein</surname><given-names>Jan</given-names></name><xref ref-type="aff" rid="I5">5</xref><email>jorenstein@mfa.gwu.edu</email></contrib><contrib id="A6" contrib-type="author"><name><surname>Dobbin</surname><given-names>Kevin</given-names></name><xref ref-type="aff" rid="I1">1</xref><email>dobbinke@mail.nih.gov</email></contrib><contrib id="A7" contrib-type="author"><name><surname>Patel</surname><given-names>Ashok</given-names></name><xref ref-type="aff" rid="I6">6</xref><email>patelaa@MSX.UPMC.EDU</email></contrib><contrib id="A8" contrib-type="author"><name><surname>Dhir</surname><given-names>Rajiv</given-names></name><xref ref-type="aff" rid="I6">6</xref><email>dhirr@MSX.UPMC.EDU</email></contrib><contrib id="A9" contrib-type="author"><name><surname>Becich</surname><given-names>Michael J</given-names></name><xref ref-type="aff" rid="I6">6</xref><email>becich@msx.upmc.edu</email></contrib></contrib-group><aff id="I1"><label>1</label>Cancer Diagnosis Program, National Cancer Institute, National Institutes of Health, Bethesda, USA</aff><aff id="I2"><label>2</label>Department of Pathology, University of Wisconsin, Milwaukee, USA</aff><aff id="I3"><label>3</label>Department of Pathology, University of Illinois Medical Center, Chicago, USA</aff><aff id="I4"><label>4</label>Department of Pathology, New York Medical Center, New York, USA</aff><aff id="I5"><label>5</label>Department of Pathology, George Washington University Medical Center, Washington, D.C., USA</aff><aff id="I6"><label>6</label>Center for Pathology Informatics and Benedum Oncology Informatics Center, University of Pittsburgh Medical Center, Pittsburgh, USA</aff><pub-date pub-type="collection"><year>2004</year></pub-date><pub-date pub-type="epub"><day>27</day><month>2</month><year>2004</year></pub-date><volume>5</volume><fpage>19</fpage><lpage>19</lpage><ext-link ext-link-type="uri" xlink:href="http://www.biomedcentral.com/1471-2105/5/19"/><history><date date-type="received"><day>17</day><month>12</month><year>2003</year></date><date date-type="accepted"><day>27</day><month>2</month><year>2004</year></date></history><copyright-statement>Copyright © 2004 Berman et al; licensee BioMed Central Ltd. This is an Open Access article: verbatim copying and redistribution of this article are permitted in all media for any purpose, provided this notice is preserved along with the article's original URL.</copyright-statement><abstract><sec><title>Background</title><p>Tissue Microarrays (TMAs) have emerged as a powerful tool for examining the distribution of marker molecules in hundreds of different tissues displayed on a single slide. TMAs have been used successfully to validate candidate molecules discovered in gene array experiments. Like gene expression studies, TMA experiments are data intensive, requiring substantial information to interpret, replicate or validate. Recently, an open access Tissue Microarray Data Exchange Specification has been released that allows TMA data to be organized in a self-describing XML document annotated with well-defined common data elements. While this specification provides sufficient information for the reproduction of the experiment by outside research groups, its initial description did not contain instructions or examples of actual implementations, and no implementation studies have been published. The purpose of this paper is to demonstrate how the TMA Data Exchange Specification is implemented in a prostate cancer TMA.</p></sec><sec><title>Results</title><p>The Cooperative Prostate Cancer Tissue Resource (CPCTR) is funded by the National Cancer Institute to provide researchers with samples of prostate cancer annotated with demographic and clinical data. The CPCTR now offers prostate cancer TMAs and has implemented a TMA database conforming to the new open access Tissue Microarray Data Exchange Specification. The bulk of the TMA database consists of clinical and demographic data elements for 299 patient samples. These data elements were extracted from an Excel database using a transformative Perl script. The Perl script and the TMA database are open access documents distributed with this manuscript.</p></sec><sec><title>Conclusions</title><p>TMA databases conforming to the Tissue Microarray Data Exchange Specification can be merged with other TMA files, expanded through the addition of data elements, or linked to data contained in external biological databases. This article describes an open access implementation of the TMA Data Exchange Specification and provides detailed guidance to researchers who wish to use the Specification.</p></sec></abstract></article-meta></front></article>