<article xmlns="https://dtd.nlm.nih.gov/ns/archiving/2.3/" xmlns:xsi="http://www.w3.org/2001/XMLSchema-instance" xmlns:mml="http://www.w3.org/1998/Math/MathML" xmlns:xlink="http://www.w3.org/1999/xlink" xsi:schemaLocation="https://dtd.nlm.nih.gov/ns/archiving/2.3/ https://dtd.nlm.nih.gov/archiving/2.3/xsd/archivearticle.xsd" article-type="research-article"><front><journal-meta><journal-id journal-id-type="nlm-ta">BMC Bioinformatics</journal-id><journal-title>BMC Bioinformatics</journal-title><issn pub-type="epub">1471-2105</issn><publisher><publisher-name>BioMed Central</publisher-name><publisher-loc>London</publisher-loc></publisher></journal-meta><article-meta><article-id pub-id-type="accession">PMC370570</article-id><article-id pub-id-type="pmcid">PMC370570</article-id><article-id pub-id-type="pmc-uid">370570</article-id><article-id pub-id-type="pmid">15018655</article-id><article-id pub-id-type="publisher-id">1471-2105-5-11</article-id><article-id pub-id-type="pmid">15018655</article-id><article-id pub-id-type="doi">10.1186/1471-2105-5-11</article-id><article-categories><subj-group subj-group-type="heading"><subject>Database</subject></subj-group></article-categories><title-group><article-title>MuTrack: a genome analysis system for large-scale mutagenesis in the mouse</article-title></title-group><contrib-group><contrib id="A1" corresp="yes" contrib-type="author"><name><surname>Baker</surname><given-names>Erich J</given-names></name><xref ref-type="aff" rid="I1">1</xref><email>Erich_Baker@Baylor.edu</email></contrib><contrib id="A2" contrib-type="author"><name><surname>Galloway</surname><given-names>Leslie</given-names></name><xref ref-type="aff" rid="I2">2</xref><xref ref-type="aff" rid="I3">3</xref><email>gallowayld@ornl.gov</email></contrib><contrib id="A3" contrib-type="author"><name><surname>Jackson</surname><given-names>Barbara</given-names></name><xref ref-type="aff" rid="I4">4</xref><email>jacksonbl@ornl.gov</email></contrib><contrib id="A4" contrib-type="author"><name><surname>Schmoyer</surname><given-names>Denise</given-names></name><xref ref-type="aff" rid="I4">4</xref><email>schmoyerdd@ornl.gov</email></contrib><contrib id="A5" contrib-type="author"><name><surname>Snoddy</surname><given-names>Jay</given-names></name><xref ref-type="aff" rid="I2">2</xref><xref ref-type="aff" rid="I5">5</xref><email>Snoddyj@ornl.gov</email></contrib></contrib-group><aff id="I1"><label>1</label>Department of Computer Science, Baylor University, Waco, USA</aff><aff id="I2"><label>2</label>Life Sciences Division, Oak Ridge National Laboratories, Oak Ridge, USA</aff><aff id="I3"><label>3</label>Department of Ecology and Evolutionary Biology, University of Tennessee, Knoxville, USA</aff><aff id="I4"><label>4</label>Computer Science and Mathematics Division, Oak Ridge National Laboratories, Oak Ridge, USA</aff><aff id="I5"><label>5</label>Graduate School in Genome Science and Technology, University of Tennessee and Oak Ridge National Laboratories, Knoxville, USA</aff><pub-date pub-type="collection"><year>2004</year></pub-date><pub-date pub-type="epub"><day>3</day><month>2</month><year>2004</year></pub-date><volume>5</volume><fpage>11</fpage><lpage>11</lpage><ext-link ext-link-type="uri" xlink:href="http://www.biomedcentral.com/1471-2105/5/11"/><history><date date-type="received"><day>16</day><month>10</month><year>2003</year></date><date date-type="accepted"><day>3</day><month>2</month><year>2004</year></date></history><copyright-statement>Copyright © 2004 Baker et al; licensee BioMed Central Ltd. This is an Open Access article: verbatim copying and redistribution of this article are permitted in all media for any purpose, provided this notice is preserved along with the article's original URL.</copyright-statement><abstract><sec><title>Background</title><p>Modern biological research makes possible the comprehensive study and development of heritable mutations in the mouse model at high-throughput. Using techniques spanning genetics, molecular biology, histology, and behavioral science, researchers may examine, with varying degrees of granularity, numerous phenotypic aspects of mutant mouse strains directly pertinent to human disease states. Success of these and other genome-wide endeavors relies on a well-structured bioinformatics core that brings together investigators from widely dispersed institutions and enables them to seamlessly integrate data, observations and discussions.</p></sec><sec><title>Description</title><p>MuTrack was developed as the bioinformatics core for a large mouse phenotype screening effort. It is a comprehensive collection of on-line computational tools and tracks thousands of mutagenized mice from birth through senescence and death. It identifies the physical location of mice during an intensive phenotype screening process at several locations throughout the state of Tennessee and collects raw and processed experimental data from each domain. MuTrack's statistical package allows researchers to access a real-time analysis of mouse pedigrees for aberrant behavior, and subsequent recirculation and retesting. The end result is the classification of potential and actual heritable mutant mouse strains that become immediately available to outside researchers who have expressed interest in the mutant phenotype.</p></sec><sec><title>Conclusion</title><p>MuTrack demonstrates the effectiveness of using bioinformatics techniques in data collection, integration and analysis to identify unique result sets that are beyond the capacity of a solitary laboratory. By employing the research expertise of investigators at several institutions for a broad-ranging study, the TMGC has amplified the effectiveness of any one consortium member. The bioinformatics strategy presented here lends future collaborative efforts a template for a comprehensive approach to large-scale analysis.</p></sec></abstract></article-meta></front></article>