<article xmlns="https://dtd.nlm.nih.gov/ns/archiving/2.3/" xmlns:xsi="http://www.w3.org/2001/XMLSchema-instance" xmlns:mml="http://www.w3.org/1998/Math/MathML" xmlns:xlink="http://www.w3.org/1999/xlink" xsi:schemaLocation="https://dtd.nlm.nih.gov/ns/archiving/2.3/ https://dtd.nlm.nih.gov/archiving/2.3/xsd/archivearticle.xsd" article-type="research-article"><front><journal-meta><journal-id journal-id-type="nlm-ta">BMC Bioinformatics</journal-id><journal-title>BMC Bioinformatics</journal-title><issn pub-type="epub">1471-2105</issn><publisher><publisher-name>BioMed Central</publisher-name><publisher-loc>London</publisher-loc></publisher></journal-meta><article-meta><article-id pub-id-type="accession">PMC317694</article-id><article-id pub-id-type="pmcid">PMC317694</article-id><article-id pub-id-type="pmc-uid">317694</article-id><article-id pub-id-type="pmid">14715090</article-id><article-id pub-id-type="publisher-id">1471-2105-5-3</article-id><article-id pub-id-type="pmid">14715090</article-id><article-id pub-id-type="doi">10.1186/1471-2105-5-3</article-id><article-categories><subj-group subj-group-type="heading"><subject>Database</subject></subj-group></article-categories><title-group><article-title>VKCDB: Voltage-gated potassium channel database</article-title></title-group><contrib-group><contrib id="A1" contrib-type="author"><name><surname>Li</surname><given-names>Bin</given-names></name><xref ref-type="aff" rid="I1">1</xref><email>bli@ualberta.ca</email></contrib><contrib id="A2" corresp="yes" contrib-type="author"><name><surname>Gallin</surname><given-names>Warren J</given-names></name><xref ref-type="aff" rid="I1">1</xref><email>wgallin@ualberta.ca</email></contrib></contrib-group><aff id="I1"><label>1</label>Department of Biological Sciences, University of Alberta, Edmonton, Alberta T6G 2E9, Canada</aff><pub-date pub-type="collection"><year>2004</year></pub-date><pub-date pub-type="epub"><day>9</day><month>1</month><year>2004</year></pub-date><volume>5</volume><fpage>3</fpage><lpage>3</lpage><ext-link ext-link-type="uri" xlink:href="http://www.biomedcentral.com/1471-2105/5/3"/><history><date date-type="received"><day>1</day><month>9</month><year>2003</year></date><date date-type="accepted"><day>9</day><month>1</month><year>2004</year></date></history><copyright-statement>Copyright © 2004 Li and Gallin; licensee BioMed Central Ltd. This is an Open Access article: verbatim copying and redistribution of this article are permitted in all media for any purpose, provided this notice is preserved along with the article's original URL.</copyright-statement><abstract><sec><title>Background</title><p>The family of voltage-gated potassium channels comprises a functionally diverse group of membrane proteins. They help maintain and regulate the potassium ion-based component of the membrane potential and are thus central to many critical physiological processes. VKCDB (<underline>V</underline>oltage-gated potassium [<underline>K</underline>] <underline>C</underline>hannel <underline>D</underline>ata<underline>B</underline>ase) is a database of structural and functional data on these channels. It is designed as a resource for research on the molecular basis of voltage-gated potassium channel function.</p></sec><sec><title>Description</title><p>Voltage-gated potassium channel sequences were identified by using BLASTP to search GENBANK and SWISSPROT. Annotations for all voltage-gated potassium channels were selectively parsed and integrated into VKCDB. Electrophysiological and pharmacological data for the channels were collected from published journal articles. Transmembrane domain predictions by TMHMM and PHD are included for each VKCDB entry. Multiple sequence alignments of conserved domains of channels of the four Kv families and the KCNQ family are also included. Currently VKCDB contains 346 channel entries. It can be browsed and searched using a set of functionally relevant categories. Protein sequences can also be searched using a local BLAST engine.</p></sec><sec><title>Conclusions</title><p>VKCDB is a resource for comparative studies of voltage-gated potassium channels. The methods used to construct VKCDB are general; they can be used to create specialized databases for other protein families. VKCDB is accessible at <ext-link ext-link-type="uri" xlink:href="http://vkcdb.biology.ualberta.ca"/>.</p></sec></abstract></article-meta></front></article>