<article xmlns="https://dtd.nlm.nih.gov/ns/archiving/2.3/" xmlns:xsi="http://www.w3.org/2001/XMLSchema-instance" xmlns:mml="http://www.w3.org/1998/Math/MathML" xmlns:xlink="http://www.w3.org/1999/xlink" xsi:schemaLocation="https://dtd.nlm.nih.gov/ns/archiving/2.3/ https://dtd.nlm.nih.gov/archiving/2.3/xsd/archivearticle.xsd" article-type="product-review"><front><journal-meta><journal-id journal-id-type="nlm-ta">BMC Bioinformatics</journal-id><journal-title>BMC Bioinformatics</journal-title><issn pub-type="epub">1471-2105</issn><publisher><publisher-name>BioMed Central</publisher-name><publisher-loc>London</publisher-loc></publisher></journal-meta><article-meta><article-id pub-id-type="accession">PMC373529</article-id><article-id pub-id-type="pmcid">PMC373529</article-id><article-id pub-id-type="pmc-uid">373529</article-id><article-id pub-id-type="pmid">15040819</article-id><article-id pub-id-type="publisher-id">1471-2105-5-13</article-id><article-id pub-id-type="pmid">15040819</article-id><article-id pub-id-type="doi">10.1186/1471-2105-5-13</article-id><article-categories><subj-group subj-group-type="heading"><subject>Software</subject></subj-group></article-categories><title-group><article-title>SeeGH – A software tool for visualization of whole genome array comparative genomic hybridization data</article-title></title-group><contrib-group><contrib id="A1" corresp="yes" contrib-type="author"><name><surname>Chi</surname><given-names>Bryan</given-names></name><xref ref-type="aff" rid="I1">1</xref><email>bchi@bccrc.ca</email></contrib><contrib id="A2" contrib-type="author"><name><surname>deLeeuw</surname><given-names>Ronald J</given-names></name><xref ref-type="aff" rid="I1">1</xref><email>rdeleeuw@bccrc.ca</email></contrib><contrib id="A3" contrib-type="author"><name><surname>Coe</surname><given-names>Bradley P</given-names></name><xref ref-type="aff" rid="I1">1</xref><email>bcoe@bccrc.ca</email></contrib><contrib id="A4" contrib-type="author"><name><surname>MacAulay</surname><given-names>Calum</given-names></name><xref ref-type="aff" rid="I1">1</xref><email>cmacaula@bccancer.bc.ca</email></contrib><contrib id="A5" contrib-type="author"><name><surname>Lam</surname><given-names>Wan L</given-names></name><xref ref-type="aff" rid="I1">1</xref><email>wanlam@bccrc.ca</email></contrib></contrib-group><aff id="I1"><label>1</label>British Columbia Cancer Research Centre, British Columbia Cancer Agency 601 W.10th Ave. Vancouver B.C. V5Z 1L3 Canada</aff><pub-date pub-type="collection"><year>2004</year></pub-date><pub-date pub-type="epub"><day>9</day><month>2</month><year>2004</year></pub-date><volume>5</volume><fpage>13</fpage><lpage>13</lpage><ext-link ext-link-type="uri" xlink:href="http://www.biomedcentral.com/1471-2105/5/13"/><history><date date-type="received"><day>1</day><month>12</month><year>2003</year></date><date date-type="accepted"><day>9</day><month>2</month><year>2004</year></date></history><copyright-statement>Copyright © 2004 Chi et al; licensee BioMed Central Ltd. This is an Open Access article: verbatim copying and redistribution of this article are permitted in all media for any purpose, provided this notice is preserved along with the article's original URL.</copyright-statement><abstract><sec><title>Background</title><p>Array comparative genomic hybridization (CGH) is a technique which detects copy number differences in DNA segments. Complete sequencing of the human genome and the development of an array representing a tiling set of tens of thousands of DNA segments spanning the entire human genome has made high resolution copy number analysis throughout the genome possible. Since array CGH provides signal ratio for each DNA segment, visualization would require the reassembly of individual data points into chromosome profiles.</p></sec><sec><title>Results</title><p>We have developed a visualization tool for displaying whole genome array CGH data in the context of chromosomal location. SeeGH is an application that translates spot signal ratio data from array CGH experiments to displays of high resolution chromosome profiles. Data is imported from a simple tab delimited text file obtained from standard microarray image analysis software. SeeGH processes the signal ratio data and graphically displays it in a conventional CGH karyotype diagram with the added features of magnification and DNA segment annotation. In this process, SeeGH imports the data into a database, calculates the average ratio and standard deviation for each replicate spot, and links them to chromosome regions for graphical display. Once the data is displayed, users have the option of hiding or flagging DNA segments based on user defined criteria, and retrieve annotation information such as clone name, NCBI sequence accession number, ratio, base pair position on the chromosome, and standard deviation.</p></sec><sec><title>Conclusions</title><p>SeeGH represents a novel software tool used to view and analyze array CGH data. The software gives users the ability to view the data in an overall genomic view as well as magnify specific chromosomal regions facilitating the precise localization of genetic alterations. SeeGH is easily installed and runs on Microsoft Windows 2000 or later environments.</p></sec></abstract><kwd-group><kwd>Array comparitve genomic hybridization</kwd><kwd>aCGH</kwd></kwd-group></article-meta></front></article>