<article xmlns="https://dtd.nlm.nih.gov/ns/archiving/2.3/" xmlns:xsi="http://www.w3.org/2001/XMLSchema-instance" xmlns:mml="http://www.w3.org/1998/Math/MathML" xmlns:xlink="http://www.w3.org/1999/xlink" xsi:schemaLocation="https://dtd.nlm.nih.gov/ns/archiving/2.3/ https://dtd.nlm.nih.gov/archiving/2.3/xsd/archivearticle.xsd" article-type="research-article"><front><journal-meta><journal-id journal-id-type="nlm-ta">BMC Bioinformatics</journal-id><journal-title>BMC Bioinformatics</journal-title><issn pub-type="epub">1471-2105</issn><publisher><publisher-name>BioMed Central</publisher-name><publisher-loc>London</publisher-loc></publisher></journal-meta><article-meta><article-id pub-id-type="accession">PMC328086</article-id><article-id pub-id-type="pmcid">PMC328086</article-id><article-id pub-id-type="pmc-uid">328086</article-id><article-id pub-id-type="pmid">14678565</article-id><article-id pub-id-type="publisher-id">1471-2105-4-63</article-id><article-id pub-id-type="pmid">14678565</article-id><article-id pub-id-type="doi">10.1186/1471-2105-4-63</article-id><article-categories><subj-group subj-group-type="heading"><subject>Research Article</subject></subj-group></article-categories><title-group><article-title>AnaBench: a Web/CORBA-based workbench for biomolecular sequence analysis</article-title></title-group><contrib-group><contrib id="A1" corresp="yes" contrib-type="author"><name><surname>Badidi</surname><given-names>Elarbi</given-names></name><xref ref-type="aff" rid="I1">1</xref><email>me.badidi@umontreal.ca</email></contrib><contrib id="A2" contrib-type="author"><name><surname>De Sousa</surname><given-names>Cristina</given-names></name><xref ref-type="aff" rid="I1">1</xref><email>cristina_de_sousa@hotmail.com</email></contrib><contrib id="A3" contrib-type="author"><name><surname>Lang</surname><given-names>B Franz</given-names></name><xref ref-type="aff" rid="I1">1</xref><email>franz.lang@umontreal.ca</email></contrib><contrib id="A4" contrib-type="author"><name><surname>Burger</surname><given-names>Gertraud</given-names></name><xref ref-type="aff" rid="I1">1</xref><email>gertraud.burger@umontreal.ca</email></contrib></contrib-group><aff id="I1"><label>1</label>The Canadian Institute for Advanced Research, Program in Evolutionary Biology. Département de Biochimie, Université de Montréal, 2900, Boul. Édouard Montpetit, Montréal, QC H3T 1J4, Canada</aff><pub-date pub-type="collection"><year>2003</year></pub-date><pub-date pub-type="epub"><day>16</day><month>12</month><year>2003</year></pub-date><volume>4</volume><fpage>63</fpage><lpage>63</lpage><ext-link ext-link-type="uri" xlink:href="http://www.biomedcentral.com/1471-2105/4/63"/><history><date date-type="received"><day>24</day><month>7</month><year>2003</year></date><date date-type="accepted"><day>16</day><month>12</month><year>2003</year></date></history><permissions><copyright-statement>Copyright © 2003 Badidi et al; licensee BioMed Central Ltd. This is an Open Access article: verbatim copying and redistribution of this article are permitted in all media for any purpose, provided this notice is preserved along with the article's original URL.</copyright-statement><copyright-year>2003</copyright-year><copyright-holder>Badidi et al; licensee BioMed Central Ltd. This is an Open Access article: verbatim copying and redistribution of this article are permitted in all media for any purpose, provided this notice is preserved along with the article's original URL.</copyright-holder></permissions><abstract><sec><title>Background</title><p>Sequence data analyses such as gene identification, structure modeling or phylogenetic tree inference involve a variety of bioinformatics software tools. Due to the heterogeneity of bioinformatics tools in usage and data requirements, scientists spend much effort on technical issues including data format, storage and management of input and output, and memorization of numerous parameters and multi-step analysis procedures.</p></sec><sec><title>Results</title><p>In this paper, we present the design and implementation of AnaBench, an interactive, Web-based bioinformatics <bold>Ana</bold>lysis work<bold>Bench </bold>allowing streamlined data analysis. Our philosophy was to minimize the technical effort not only for the scientist who uses this environment to analyze data, but also for the administrator who manages and maintains the workbench. With new bioinformatics tools published daily, AnaBench permits easy incorporation of additional tools. This flexibility is achieved by employing a three-tier distributed architecture and recent technologies including CORBA middleware, Java, JDBC, and JSP. A CORBA server permits transparent access to a workbench management database, which stores information about the users, their data, as well as the description of all bioinformatics applications that can be launched from the workbench.</p></sec><sec><title>Conclusion</title><p>AnaBench is an efficient and intuitive interactive bioinformatics environment, which offers scientists application-driven, data-driven and protocol-driven analysis approaches. The prototype of AnaBench, managed by a team at the Université de Montréal, is accessible on-line at: <ext-link ext-link-type="uri" xlink:href="http://malawimonas.bcm.umontreal.ca:8091/anabench"/>. Please contact the authors for details about setting up a local-network AnaBench site elsewhere.</p></sec></abstract></article-meta></front></article>