<article xmlns="https://dtd.nlm.nih.gov/ns/archiving/2.3/" xmlns:xsi="http://www.w3.org/2001/XMLSchema-instance" xmlns:mml="http://www.w3.org/1998/Math/MathML" xmlns:xlink="http://www.w3.org/1999/xlink" xsi:schemaLocation="https://dtd.nlm.nih.gov/ns/archiving/2.3/ https://dtd.nlm.nih.gov/archiving/2.3/xsd/archivearticle.xsd" article-type="research-article"><front><journal-meta><journal-id journal-id-type="nlm-ta">BMC Bioinformatics</journal-id><journal-title>BMC Bioinformatics</journal-title><issn pub-type="epub">1471-2105</issn><publisher><publisher-name>BioMed Central</publisher-name><publisher-loc>London</publisher-loc></publisher></journal-meta><article-meta><article-id pub-id-type="accession">PMC385290</article-id><article-id pub-id-type="pmcid">PMC385290</article-id><article-id pub-id-type="pmc-uid">385290</article-id><article-id pub-id-type="pmid">15070405</article-id><article-id pub-id-type="publisher-id">1471-2105-5-21</article-id><article-id pub-id-type="pmid">15070405</article-id><article-id pub-id-type="doi">10.1186/1471-2105-5-21</article-id><article-categories><subj-group subj-group-type="heading"><subject>Methodology Article</subject></subj-group></article-categories><title-group><article-title>Cancer characterization and feature set extraction by discriminative margin clustering</article-title></title-group><contrib-group><contrib id="A1" corresp="yes" contrib-type="author"><name><surname>Munagala</surname><given-names>Kamesh</given-names></name><xref ref-type="aff" rid="I1">1</xref><email>kamesh@cmgm.stanford.edu</email></contrib><contrib id="A2" contrib-type="author"><name><surname>Tibshirani</surname><given-names>Robert</given-names></name><xref ref-type="aff" rid="I2">2</xref><email>tibs@stat.stanford.edu</email></contrib><contrib id="A3" contrib-type="author"><name><surname>Brown</surname><given-names>Patrick O</given-names></name><xref ref-type="aff" rid="I3">3</xref><email>pbrown@cmgm.stanford.edu</email></contrib></contrib-group><aff id="I1"><label>1</label>Department of Biochemistry, Stanford University School of Medicine. Address: 466 Gates Computer Science, Stanford CA 94305, USA</aff><aff id="I2"><label>2</label>Department of Health Research and Policy, and Department of Statistics, HRP T101C, Stanford CA 94305, USA</aff><aff id="I3"><label>3</label>Department of Biochemistry Stanford University School of Medicine, Beckman B439, Stanford CA 94305, USA</aff><pub-date pub-type="collection"><year>2004</year></pub-date><pub-date pub-type="epub"><day>3</day><month>3</month><year>2004</year></pub-date><volume>5</volume><fpage>21</fpage><lpage>21</lpage><ext-link ext-link-type="uri" xlink:href="http://www.biomedcentral.com/1471-2105/5/21"/><history><date date-type="received"><day>25</day><month>8</month><year>2003</year></date><date date-type="accepted"><day>3</day><month>3</month><year>2004</year></date></history><copyright-statement>Copyright © 2004 Munagala et al; licensee BioMed Central Ltd. This is an Open Access article: verbatim copying and redistribution of this article are permitted in all media for any purpose, provided this notice is preserved along with the article's original URL.</copyright-statement><abstract><sec><title>Background</title><p>A central challenge in the molecular diagnosis and treatment of cancer is to define a set of molecular features that, taken together, distinguish a given cancer, or type of cancer, from all normal cells and tissues.</p></sec><sec><title>Results</title><p>Discriminative margin clustering is a new technique for analyzing high dimensional quantitative datasets, specially applicable to gene expression data from microarray experiments related to cancer. The goal of the analysis is find highly specialized sub-types of a tumor type which are similar in having a small combination of genes which together provide a unique molecular portrait for distinguishing the sub-type from any normal cell or tissue. Detection of the products of these genes can then, in principle, provide a basis for detection and diagnosis of a cancer, and a therapy directed specifically at the distinguishing constellation of molecular features can, in principle, provide a way to eliminate the cancer cells, while minimizing toxicity to any normal cell.</p></sec><sec><title>Conclusions</title><p>The new methodology yields highly specialized tumor subtypes which are similar in terms of potential diagnostic markers.</p></sec></abstract></article-meta></front></article>