<article xmlns="https://dtd.nlm.nih.gov/ns/archiving/2.3/" xmlns:xsi="http://www.w3.org/2001/XMLSchema-instance" xmlns:mml="http://www.w3.org/1998/Math/MathML" xmlns:xlink="http://www.w3.org/1999/xlink" xsi:schemaLocation="https://dtd.nlm.nih.gov/ns/archiving/2.3/ https://dtd.nlm.nih.gov/archiving/2.3/xsd/archivearticle.xsd" article-type="research-article"><front><journal-meta><journal-id journal-id-type="nlm-ta">BMC Bioinformatics</journal-id><journal-title>BMC Bioinformatics</journal-title><issn pub-type="epub">1471-2105</issn><publisher><publisher-name>BioMed Central</publisher-name><publisher-loc>London</publisher-loc></publisher></journal-meta><article-meta><article-id pub-id-type="accession">PMC302112</article-id><article-id pub-id-type="pmcid">PMC302112</article-id><article-id pub-id-type="pmc-uid">302112</article-id><article-id pub-id-type="pmid">14629780</article-id><article-id pub-id-type="publisher-id">1471-2105-4-57</article-id><article-id pub-id-type="pmid">14629780</article-id><article-id pub-id-type="doi">10.1186/1471-2105-4-57</article-id><article-categories><subj-group subj-group-type="heading"><subject>Research Article</subject></subj-group></article-categories><title-group><article-title>Conservation of regulatory elements between two species of Drosophila</article-title></title-group><contrib-group><contrib id="A1" equal-contrib="yes" contrib-type="author"><name><surname>Emberly</surname><given-names>Eldon</given-names></name><xref ref-type="aff" rid="I1">1</xref><email>eemberly@edsc.rockefeller.edu</email></contrib><contrib id="A2" equal-contrib="yes" contrib-type="author"><name><surname>Rajewsky</surname><given-names>Nikolaus</given-names></name><xref ref-type="aff" rid="I2">2</xref><email>nikolaus.rajewsky@nyu.edu</email></contrib><contrib id="A3" corresp="yes" contrib-type="author"><name><surname>Siggia</surname><given-names>Eric D</given-names></name><xref ref-type="aff" rid="I1">1</xref><email>siggia@eds1.rockefeller.edu</email></contrib></contrib-group><aff id="I1"><label>1</label>Center for Studies in Physics and Biology, The Rockefeller University, 1230 York Avenue, New York, NY, USA</aff><aff id="I2"><label>2</label>Department of Biology, New York University, 1009 Main Building, 100 Washington Square East, New York, NY, USA</aff><pub-date pub-type="collection"><year>2003</year></pub-date><pub-date pub-type="epub"><day>20</day><month>11</month><year>2003</year></pub-date><volume>4</volume><fpage>57</fpage><lpage>57</lpage><ext-link ext-link-type="uri" xlink:href="http://www.biomedcentral.com/1471-2105/4/57"/><history><date date-type="received"><day>6</day><month>5</month><year>2003</year></date><date date-type="accepted"><day>20</day><month>11</month><year>2003</year></date></history><permissions><copyright-statement>Copyright © 2003 Emberly et al; licensee BioMed Central Ltd. This is an Open Access article: verbatim copying and redistribution of this article are permitted in all media for any purpose, provided this notice is preserved along with the article's original URL.</copyright-statement><copyright-year>2003</copyright-year><copyright-holder>Emberly et al; licensee BioMed Central Ltd. This is an Open Access article: verbatim copying and redistribution of this article are permitted in all media for any purpose, provided this notice is preserved along with the article's original URL.</copyright-holder></permissions><abstract><sec><title>Background</title><p>One of the important goals in the post-genomic era is to determine the regulatory elements within the non-coding DNA of a given organism's genome. The identification of functional <italic>cis</italic>-regulatory modules has proven difficult since the component factor binding sites are small and the rules governing their arrangement are poorly understood. However, the genomes of suitably diverged species help to predict regulatory elements based on the generally accepted assumption that conserved blocks of genomic sequence are likely to be functional. To judge the efficacy of strategies that prefilter by sequence conservation it is important to know to what extent the converse assumption holds, namely that functional elements common to both species will fall within these conserved blocks. The recently completed sequence of a second Drosophila species provides an opportunity to test this assumption for one of the experimentally best studied regulatory networks in multicellular organisms, the body patterning of the fly embryo.</p></sec><sec><title>Results</title><p>We find that 50%–70% of known binding sites reside in conserved sequence blocks, but these percentages are not greatly enriched over what is expected by chance. Finally, a computational genome-wide search in both species for regulatory modules based on clusters of binding sites suggests that genes central to the regulatory network are consistently recovered.</p></sec><sec><title>Conclusions</title><p>Our results indicate that binding sites remain clustered for these "core modules" while not necessarily residing in conserved blocks. This is an important clue as to how regulatory information is encoded in the genome and how modules evolve.</p></sec></abstract></article-meta></front></article>