<article xmlns="https://dtd.nlm.nih.gov/ns/archiving/2.3/" xmlns:xsi="http://www.w3.org/2001/XMLSchema-instance" xmlns:mml="http://www.w3.org/1998/Math/MathML" xmlns:xlink="http://www.w3.org/1999/xlink" xsi:schemaLocation="https://dtd.nlm.nih.gov/ns/archiving/2.3/ https://dtd.nlm.nih.gov/archiving/2.3/xsd/archivearticle.xsd" article-type="research-article"><front><journal-meta><journal-id journal-id-type="nlm-ta">BMC Bioinformatics</journal-id><journal-title>BMC Bioinformatics</journal-title><issn pub-type="epub">1471-2105</issn><publisher><publisher-name>BioMed Central</publisher-name><publisher-loc>London</publisher-loc></publisher></journal-meta><article-meta><article-id pub-id-type="accession">PMC375525</article-id><article-id pub-id-type="pmcid">PMC375525</article-id><article-id pub-id-type="pmc-uid">375525</article-id><article-id pub-id-type="pmid">15053845</article-id><article-id pub-id-type="publisher-id">1471-2105-5-18</article-id><article-id pub-id-type="pmid">15053845</article-id><article-id pub-id-type="doi">10.1186/1471-2105-5-18</article-id><article-categories><subj-group subj-group-type="heading"><subject>Research Article</subject></subj-group></article-categories><title-group><article-title>Quantifying the relationship between co-expression, co-regulation and gene function</article-title></title-group><contrib-group><contrib id="A1" corresp="yes" contrib-type="author"><name><surname>Allocco</surname><given-names>Dominic J</given-names></name><xref ref-type="aff" rid="I1">1</xref><xref ref-type="aff" rid="I2">2</xref><email>allocco@chip.org</email></contrib><contrib id="A2" contrib-type="author"><name><surname>Kohane</surname><given-names>Isaac S</given-names></name><xref ref-type="aff" rid="I1">1</xref><xref ref-type="aff" rid="I3">3</xref><email>isaac_kohane@harvard.edu</email></contrib><contrib id="A3" contrib-type="author"><name><surname>Butte</surname><given-names>Atul J</given-names></name><xref ref-type="aff" rid="I1">1</xref><xref ref-type="aff" rid="I3">3</xref><email>atul_butte@harvard.edu</email></contrib></contrib-group><aff id="I1"><label>1</label>Informatics Program, Children's Hospital, Boston, MA, USA</aff><aff id="I2"><label>2</label>Division of Cardiology, Beth Israel Deaconess Medical Center, Boston, MA, USA</aff><aff id="I3"><label>3</label>Division of Endocrinology, Children's Hospital, Boston, MA, USA</aff><pub-date pub-type="collection"><year>2004</year></pub-date><pub-date pub-type="epub"><day>25</day><month>2</month><year>2004</year></pub-date><volume>5</volume><fpage>18</fpage><lpage>18</lpage><ext-link ext-link-type="uri" xlink:href="http://www.biomedcentral.com/1471-2105/5/18"/><history><date date-type="received"><day>7</day><month>8</month><year>2003</year></date><date date-type="accepted"><day>25</day><month>2</month><year>2004</year></date></history><copyright-statement>Copyright © 2004 Allocco et al; licensee BioMed Central Ltd. This is an Open Access article: verbatim copying and redistribution of this article are permitted in all media for any purpose, provided this notice is preserved along with the article's original URL.</copyright-statement><abstract><sec><title>Background</title><p>It is thought that genes with similar patterns of mRNA expression and genes with similar functions are likely to be regulated via the same mechanisms. It has been difficult to quantitatively test these hypotheses on a large scale because there has been no general way of determining whether genes share a common regulatory mechanism. Here we use data from a recent genome wide binding analysis in combination with mRNA expression data and existing functional annotations to quantify the likelihood that genes with varying degrees of similarity in mRNA expression profile or function will be bound by a common transcription factor.</p></sec><sec><title>Results</title><p>Genes with strongly correlated mRNA expression profiles are more likely to have their promoter regions bound by a common transcription factor. This effect is present only at relatively high levels of expression similarity. In order for two genes to have a greater than 50% chance of sharing a common transcription factor binder, the correlation between their expression profiles (across the 611 microarrays used in our study) must be greater than 0.84. Genes with similar functional annotations are also more likely to be bound by a common transcription factor. Combining mRNA expression data with functional annotation results in a better predictive model than using either data source alone.</p></sec><sec><title>Conclusions</title><p>We demonstrate how mRNA expression data and functional annotations can be used together to estimate the probability that genes share a common regulatory mechanism. Existing microarray data and known functional annotations are sufficient to identify only a relatively small percentage of co-regulated genes.</p></sec></abstract></article-meta></front></article>