<article xmlns="https://dtd.nlm.nih.gov/ns/archiving/2.3/" xmlns:xsi="http://www.w3.org/2001/XMLSchema-instance" xmlns:mml="http://www.w3.org/1998/Math/MathML" xmlns:xlink="http://www.w3.org/1999/xlink" xsi:schemaLocation="https://dtd.nlm.nih.gov/ns/archiving/2.3/ https://dtd.nlm.nih.gov/archiving/2.3/xsd/archivearticle.xsd" article-type="research-article"><front><journal-meta><journal-id journal-id-type="nlm-ta">BMC Bioinformatics</journal-id><journal-title>BMC Bioinformatics</journal-title><issn pub-type="epub">1471-2105</issn><publisher><publisher-name>BioMed Central</publisher-name><publisher-loc>London</publisher-loc></publisher></journal-meta><article-meta><article-id pub-id-type="accession">PMC35360</article-id><article-id pub-id-type="pmcid">PMC35360</article-id><article-id pub-id-type="pmc-uid">35360</article-id><article-id pub-id-type="pmid">11483157</article-id><article-id pub-id-type="publisher-id">1471-2105-2-3</article-id><article-id pub-id-type="pmid">11483157</article-id><article-id pub-id-type="doi">10.1186/1471-2105-2-3</article-id><article-categories><subj-group subj-group-type="heading"><subject>Research Article</subject></subj-group></article-categories><title-group><article-title>Support Vector Machines for predicting protein structural class</article-title></title-group><contrib-group><contrib id="A1" corresp="yes" contrib-type="author"><name><surname>Cai</surname><given-names>Yu-Dong</given-names></name><xref ref-type="aff" rid="I1">1</xref><email>y.cai@umist.ac.uk</email></contrib><contrib id="A2" contrib-type="author"><name><surname>Liu</surname><given-names>Xiao-Jun</given-names></name><xref ref-type="aff" rid="I2">2</xref><email>x.liu@ed.ac.uk</email></contrib><contrib id="A3" contrib-type="author"><name><surname>Xu</surname><given-names>Xue-biao</given-names></name><xref ref-type="aff" rid="I3">3</xref><email>x.xu@cs.cf.ac.uk</email></contrib><contrib id="A4" contrib-type="author"><name><surname>Zhou</surname><given-names>Guo-Ping</given-names></name><xref ref-type="aff" rid="I4">4</xref><email>gbzhou@burnham-inst.org</email></contrib></contrib-group><aff id="I1"><label>1</label>Shanghai Research Centre of Biotechnology, Chinese Academy of Sciences, Shanghai, 200233, China</aff><aff id="I2"><label>2</label>Institute of Cell, Animal and Population Biology University of Edinburgh, West Mains Road, Edinburgh EH9 3JT, U.K</aff><aff id="I3"><label>3</label>Department of Computing Science, University of Wales, College of Cardiff, Queens Buildings, Newport Road, PO Box 916, Cardiff CF2 3XF, U.K</aff><aff id="I4"><label>4</label>Department of Structural Biology, Burnham Institute, La Jolla, California 92037, USA</aff><pub-date pub-type="collection"><year>2001</year></pub-date><pub-date pub-type="epub"><day>29</day><month>6</month><year>2001</year></pub-date><volume>2</volume><fpage>3</fpage><lpage>3</lpage><ext-link ext-link-type="uri" xlink:href="http://www.biomedcentral.com/1471-2105/2/3"/><history><date date-type="received"><day>24</day><month>5</month><year>2001</year></date><date date-type="accepted"><day>29</day><month>6</month><year>2001</year></date></history><permissions><copyright-statement>Copyright © 2001 Cai et al; licensee BioMed Central Ltd. This is an Open Access article: verbatim copying and redistribution of this article are permitted in all media for any purpose, provided this notice is preserved along with the article's original URL.</copyright-statement><copyright-year>2001</copyright-year><copyright-holder>Cai et al; licensee BioMed Central Ltd. This is an Open Access article: verbatim copying and redistribution of this article are permitted in all media for any purpose, provided this notice is preserved along with the article's original URL.</copyright-holder></permissions><abstract><sec><title>Background</title><p>We apply a new machine learning method, the so-called Support Vector Machine method, to predict the protein structural class. Support Vector Machine method is performed based on the database derived from SCOP, in which protein domains are classified based on known structures and the evolutionary relationships and the principles that govern their 3-D structure.</p></sec><sec><title>Results</title><p>High rates of both self-consistency and jackknife tests are obtained. The good results indicate that the structural class of a protein is considerably correlated with its amino acid composition.</p></sec><sec><title>Conclusions</title><p>It is expected that the Support Vector Machine method and the elegant component-coupled method, also named as the covariant discrimination algorithm, if complemented with each other, can provide a powerful computational tool for predicting the structural classes of proteins.</p></sec></abstract></article-meta></front></article>