<article xmlns="https://dtd.nlm.nih.gov/ns/archiving/2.3/" xmlns:xsi="http://www.w3.org/2001/XMLSchema-instance" xmlns:mml="http://www.w3.org/1998/Math/MathML" xmlns:xlink="http://www.w3.org/1999/xlink" xsi:schemaLocation="https://dtd.nlm.nih.gov/ns/archiving/2.3/ https://dtd.nlm.nih.gov/archiving/2.3/xsd/archivearticle.xsd" article-type="research-article"><front><journal-meta><journal-id journal-id-type="nlm-ta">BMC Bioinformatics</journal-id><journal-title>BMC Bioinformatics</journal-title><issn pub-type="epub">1471-2105</issn><publisher><publisher-name>BioMed Central</publisher-name><publisher-loc>London</publisher-loc></publisher></journal-meta><article-meta><article-id pub-id-type="accession">PMC394314</article-id><article-id pub-id-type="pmcid">PMC394314</article-id><article-id pub-id-type="pmc-uid">394314</article-id><article-id pub-id-type="pmid">15113412</article-id><article-id pub-id-type="publisher-id">1471-2105-5-22</article-id><article-id pub-id-type="pmid">15113412</article-id><article-id pub-id-type="doi">10.1186/1471-2105-5-22</article-id><article-categories><subj-group subj-group-type="heading"><subject>Methodology Article</subject></subj-group></article-categories><title-group><article-title>SIGI: score-based identification of genomic islands</article-title></title-group><contrib-group><contrib id="A1" corresp="yes" contrib-type="author"><name><surname>Merkl</surname><given-names>Rainer</given-names></name><xref ref-type="aff" rid="I1">1</xref><email>rmerkl@gwdg.de</email></contrib></contrib-group><aff id="I1"><label>1</label>Abteilung Molekulare Genetik und Präparative Molekularbiologie, Institut für Mikrobiologie und Genetik, Georg-August-Universität Göttingen and Göttingen Genomics Laboratory, Grisebachstr. 8, 37077 Göttingen, Germany</aff><pub-date pub-type="collection"><year>2004</year></pub-date><pub-date pub-type="epub"><day>3</day><month>3</month><year>2004</year></pub-date><volume>5</volume><fpage>22</fpage><lpage>22</lpage><ext-link ext-link-type="uri" xlink:href="http://www.biomedcentral.com/1471-2105/5/22"/><history><date date-type="received"><day>10</day><month>12</month><year>2003</year></date><date date-type="accepted"><day>3</day><month>3</month><year>2004</year></date></history><copyright-statement>Copyright © 2004 Merkl; licensee BioMed Central Ltd. This is an Open Access article: verbatim copying and redistribution of this article are permitted in all media for any purpose, provided this notice is preserved along with the article's original URL.</copyright-statement><abstract><sec><title>Background</title><p>Genomic islands can be observed in many microbial genomes. These stretches of DNA have a conspicuous composition with regard to sequence or encoded functions. Genomic islands are assumed to be frequently acquired <italic>via </italic>horizontal gene transfer. For the analysis of genome structure and the study of horizontal gene transfer, it is necessary to reliably identify and characterize these islands.</p></sec><sec><title>Results</title><p>A scoring scheme on codon frequencies</p><p>Score_G1G2(cdn) = log(f_G2(cdn) / f_G1(cdn))</p><p>was utilized. To analyse genes of a species <italic>G1 </italic>and to test their relatedness to species <italic>G2</italic>, scores were determined by applying the formula to log-odds derived from mean codon frequencies of the two genomes. A non-redundant set of nearly 400 codon usage tables comprising microbial species was derived; its members were used alternatively at position <italic>G2</italic>. Genes having at least one score value above a species-specific and dynamically determined cut-off value were analysed further. By means of cluster analysis, genes were identified that comprise clusters of statistically significant size. These clusters were predicted as genomic islands. Finally and individually for each of these genes, the taxonomical relation among those species responsible for significant scores was interpreted. The validity of the approach and its limitations were made plausible by an extensive analysis of natural genes and synthetic ones aimed at modelling the process of gene amelioration.</p></sec><sec><title>Conclusions</title><p>The method reliably allows to identify genomic island and the likely origin of alien genes.</p></sec></abstract></article-meta></front></article>