<article xmlns="https://dtd.nlm.nih.gov/ns/archiving/2.3/" xmlns:xsi="http://www.w3.org/2001/XMLSchema-instance" xmlns:mml="http://www.w3.org/1998/Math/MathML" xmlns:xlink="http://www.w3.org/1999/xlink" xsi:schemaLocation="https://dtd.nlm.nih.gov/ns/archiving/2.3/ https://dtd.nlm.nih.gov/archiving/2.3/xsd/archivearticle.xsd" article-type="research-article"><front><journal-meta><journal-id journal-id-type="nlm-ta">BMC Bioinformatics</journal-id><journal-title>BMC Bioinformatics</journal-title><issn pub-type="epub">1471-2105</issn><publisher><publisher-name>BioMed Central</publisher-name><publisher-loc>London</publisher-loc></publisher></journal-meta><article-meta><article-id pub-id-type="accession">PMC302113</article-id><article-id pub-id-type="pmcid">PMC302113</article-id><article-id pub-id-type="pmc-uid">302113</article-id><article-id pub-id-type="pmid">14651757</article-id><article-id pub-id-type="publisher-id">1471-2105-4-60</article-id><article-id pub-id-type="pmid">14651757</article-id><article-id pub-id-type="doi">10.1186/1471-2105-4-60</article-id><article-categories><subj-group subj-group-type="heading"><subject>Methodology Article</subject></subj-group></article-categories><title-group><article-title>Tumor classification and marker gene prediction by feature selection and fuzzy c-means clustering using microarray data</article-title></title-group><contrib-group><contrib id="A1" corresp="yes" contrib-type="author"><name><surname>Wang</surname><given-names>Junbai</given-names></name><xref ref-type="aff" rid="I1">1</xref><xref ref-type="aff" rid="I4">4</xref><email>junbaiw@radium.uio.no</email></contrib><contrib id="A2" contrib-type="author"><name><surname>Bø</surname><given-names>Trond Hellem</given-names></name><xref ref-type="aff" rid="I2">2</xref><email>trondb@ii.uib.no</email></contrib><contrib id="A3" contrib-type="author"><name><surname>Jonassen</surname><given-names>Inge</given-names></name><xref ref-type="aff" rid="I2">2</xref><xref ref-type="aff" rid="I3">3</xref><email>Inge.Jonassen@ii.uib.no</email></contrib><contrib id="A4" contrib-type="author"><name><surname>Myklebost</surname><given-names>Ola</given-names></name><xref ref-type="aff" rid="I1">1</xref><xref ref-type="aff" rid="I4">4</xref><email>ola.myklebost@biokjemi.uio.no</email></contrib><contrib id="A5" contrib-type="author"><name><surname>Hovig</surname><given-names>Eivind</given-names></name><xref ref-type="aff" rid="I1">1</xref><email>j.e.hovig@labmed.uio.no</email></contrib></contrib-group><aff id="I1"><label>1</label>Departments of Tumor Biology, The Norwegian Radium Hospital, N0310 Oslo, Norway</aff><aff id="I2"><label>2</label>Departments of Informatics, University of Bergen, HIB, N5020 Bergen, Norway</aff><aff id="I3"><label>3</label>Computational Biology Unit, Bergen Center for Computational Sciences, University of Bergen, Norway</aff><aff id="I4"><label>4</label>Department for Molecular Bioscience, University of OSLO, Norway</aff><pub-date pub-type="collection"><year>2003</year></pub-date><pub-date pub-type="epub"><day>2</day><month>12</month><year>2003</year></pub-date><volume>4</volume><fpage>60</fpage><lpage>60</lpage><ext-link ext-link-type="uri" xlink:href="http://www.biomedcentral.com/1471-2105/4/60"/><history><date date-type="received"><day>11</day><month>8</month><year>2003</year></date><date date-type="accepted"><day>2</day><month>12</month><year>2003</year></date></history><permissions><copyright-statement>Copyright © 2003 Wang et al; licensee BioMed Central Ltd. This is an Open Access article: verbatim copying and redistribution of this article are permitted in all media for any purpose, provided this notice is preserved along with the article's original URL.</copyright-statement><copyright-year>2003</copyright-year><copyright-holder>Wang et al; licensee BioMed Central Ltd. This is an Open Access article: verbatim copying and redistribution of this article are permitted in all media for any purpose, provided this notice is preserved along with the article's original URL.</copyright-holder></permissions><abstract><sec><title>Background</title><p>Using DNA microarrays, we have developed two novel models for tumor classification and target gene prediction. First, gene expression profiles are summarized by optimally selected Self-Organizing Maps (SOMs), followed by tumor sample classification by Fuzzy C-means clustering. Then, the prediction of marker genes is accomplished by either manual feature selection (visualizing the weighted/mean SOM component plane) or automatic feature selection (by pair-wise Fisher's linear discriminant).</p></sec><sec><title>Results</title><p>The proposed models were tested on four published datasets: (1) Leukemia (2) Colon cancer (3) Brain tumors and (4) NCI cancer cell lines. The models gave class prediction with markedly reduced error rates compared to other class prediction approaches, and the importance of feature selection on microarray data analysis was also emphasized.</p></sec><sec><title>Conclusions</title><p>Our models identify marker genes with predictive potential, often better than other available methods in the literature. The models are potentially useful for medical diagnostics and may reveal some insights into cancer classification. Additionally, we illustrated two limitations in tumor classification from microarray data related to the biology underlying the data, in terms of (1) the class size of data, and (2) the internal structure of classes. These limitations are not specific for the classification models used.</p></sec></abstract></article-meta></front></article>