<article xmlns="https://dtd.nlm.nih.gov/ns/archiving/2.3/" xmlns:xsi="http://www.w3.org/2001/XMLSchema-instance" xmlns:mml="http://www.w3.org/1998/Math/MathML" xmlns:xlink="http://www.w3.org/1999/xlink" xsi:schemaLocation="https://dtd.nlm.nih.gov/ns/archiving/2.3/ https://dtd.nlm.nih.gov/archiving/2.3/xsd/archivearticle.xsd" article-type="research-article"><front><journal-meta><journal-id journal-id-type="nlm-ta">BMC Bioinformatics</journal-id><journal-title>BMC Bioinformatics</journal-title><issn pub-type="epub">1471-2105</issn><publisher><publisher-name>BioMed Central</publisher-name><publisher-loc>London</publisher-loc></publisher></journal-meta><article-meta><article-id pub-id-type="accession">PMC341449</article-id><article-id pub-id-type="pmcid">PMC341449</article-id><article-id pub-id-type="pmc-uid">341449</article-id><article-id pub-id-type="pmid">15005801</article-id><article-id pub-id-type="publisher-id">1471-2105-5-9</article-id><article-id pub-id-type="pmid">15005801</article-id><article-id pub-id-type="doi">10.1186/1471-2105-5-9</article-id><article-categories><subj-group subj-group-type="heading"><subject>Research Article</subject></subj-group></article-categories><title-group><article-title>An XML standard for the dissemination of annotated 2D gel electrophoresis data complemented with mass spectrometry results</article-title></title-group><contrib-group><contrib id="A1" corresp="yes" contrib-type="author"><name><surname>Stanislaus</surname><given-names>Romesh</given-names></name><xref ref-type="aff" rid="I1">1</xref><email>stanisrc@musc.edu</email></contrib><contrib id="A2" contrib-type="author"><name><surname>Jiang</surname><given-names>Liu Hong</given-names></name><xref ref-type="aff" rid="I1">1</xref><email>jiangliu@musc.edu</email></contrib><contrib id="A3" contrib-type="author"><name><surname>Swartz</surname><given-names>Martha</given-names></name><xref ref-type="aff" rid="I2">2</xref><email>swartzm@musc.edu</email></contrib><contrib id="A4" contrib-type="author"><name><surname>Arthur</surname><given-names>John</given-names></name><xref ref-type="aff" rid="I2">2</xref><email>arthurj@musc.edu</email></contrib><contrib id="A5" contrib-type="author"><name><surname>Almeida</surname><given-names>Jonas S</given-names></name><xref ref-type="aff" rid="I1">1</xref><email>almeidaj@musc.edu</email></contrib></contrib-group><aff id="I1"><label>1</label>Department of Biostatistics, Bioinformatics and Epidemiology, Medical University of South Carolina, Charleston, South Carolina, USA</aff><aff id="I2"><label>2</label>Department of Medicine, Medical University of South Carolina, Charleston, South Carolina, USA</aff><pub-date pub-type="collection"><year>2004</year></pub-date><pub-date pub-type="epub"><day>29</day><month>1</month><year>2004</year></pub-date><volume>5</volume><fpage>9</fpage><lpage>9</lpage><ext-link ext-link-type="uri" xlink:href="http://www.biomedcentral.com/1471-2105/5/9"/><history><date date-type="received"><day>3</day><month>9</month><year>2003</year></date><date date-type="accepted"><day>29</day><month>1</month><year>2004</year></date></history><copyright-statement>Copyright © 2004 Stanislaus et al; licensee BioMed Central Ltd. This is an Open Access article: verbatim copying and redistribution of this article are permitted in all media for any purpose, provided this notice is preserved along with the article's original URL.</copyright-statement><abstract><sec><title>Background</title><p>Many proteomics initiatives require a seamless bioinformatics integration of a range of analytical steps between sample collection and systems modeling immediately assessable to the participants involved in the process. Proteomics profiling by 2D gel electrophoresis to the putative identification of differentially expressed proteins by comparison of mass spectrometry results with reference databases, includes many components of sample processing, not just analysis and interpretation, are regularly revisited and updated. In order for such updates and dissemination of data, a suitable data structure is needed. However, there are no such data structures currently available for the storing of data for multiple gels generated through a single proteomic experiments in a single XML file. This paper proposes a data structure based on XML standards to fill the void that exists between data generated by proteomics experiments and storing of data.</p></sec><sec><title>Results</title><p>In order to address the resulting procedural fluidity we have adopted and implemented a data model centered on the concept of <italic>annotated gel </italic>(AG) as the format for delivery and management of 2D Gel electrophoresis results. An eXtensible Markup Language (XML) schema is proposed to manage, analyze and disseminate annotated 2D Gel electrophoresis results. The structure of AG objects is formally represented using XML, resulting in the definition of the AGML syntax presented here.</p></sec><sec><title>Conclusion</title><p>The proposed schema accommodates data on the electrophoresis results as well as the mass-spectrometry analysis of selected gel spots. A web-based software library is being developed to handle data storage, analysis and graphic representation. Computational tools described will be made available at <ext-link ext-link-type="uri" xlink:href="http://bioinformatics.musc.edu/agml"/>. Our development of AGML provides a simple data structure for storing 2D gel electrophoresis data.</p></sec></abstract></article-meta></front></article>