<article xmlns="https://dtd.nlm.nih.gov/ns/archiving/2.3/" xmlns:xsi="http://www.w3.org/2001/XMLSchema-instance" xmlns:mml="http://www.w3.org/1998/Math/MathML" xmlns:xlink="http://www.w3.org/1999/xlink" xsi:schemaLocation="https://dtd.nlm.nih.gov/ns/archiving/2.3/ https://dtd.nlm.nih.gov/archiving/2.3/xsd/archivearticle.xsd" article-type="product-review"><front><journal-meta><journal-id journal-id-type="nlm-ta">BMC Bioinformatics</journal-id><journal-title>BMC Bioinformatics</journal-title><issn pub-type="epub">1471-2105</issn><publisher><publisher-name>BioMed Central</publisher-name><publisher-loc>London</publisher-loc></publisher></journal-meta><article-meta><article-id pub-id-type="accession">PMC356907</article-id><article-id pub-id-type="pmcid">PMC356907</article-id><article-id pub-id-type="pmc-uid">356907</article-id><article-id pub-id-type="pmid">15018654</article-id><article-id pub-id-type="publisher-id">1471-2105-5-12</article-id><article-id pub-id-type="pmid">15018654</article-id><article-id pub-id-type="doi">10.1186/1471-2105-5-12</article-id><article-categories><subj-group subj-group-type="heading"><subject>Software</subject></subj-group></article-categories><title-group><article-title>Array-A-Lizer: A serial DNA microarray quality analyzer</article-title></title-group><contrib-group><contrib id="A1" corresp="yes" contrib-type="author"><name><surname>Petri</surname><given-names>Andreas</given-names></name><xref ref-type="aff" rid="I1">1</xref><email>andp@novonordisk.com</email></contrib><contrib id="A2" contrib-type="author"><name><surname>Fleckner</surname><given-names>Jan</given-names></name><xref ref-type="aff" rid="I1">1</xref><email>jafl@novonordisk.com</email></contrib><contrib id="A3" contrib-type="author"><name><surname>Matthiessen</surname><given-names>Mads Wichmann</given-names></name><xref ref-type="aff" rid="I1">1</xref><email>bmc@madswichmann.dk</email></contrib></contrib-group><aff id="I1"><label>1</label>Department of Molecular Genetics, Novo Nordisk A/S, Bagsværd, 2880, Denmark</aff><pub-date pub-type="collection"><year>2004</year></pub-date><pub-date pub-type="epub"><day>9</day><month>2</month><year>2004</year></pub-date><volume>5</volume><fpage>12</fpage><lpage>12</lpage><ext-link ext-link-type="uri" xlink:href="http://www.biomedcentral.com/1471-2105/5/12"/><history><date date-type="received"><day>15</day><month>10</month><year>2003</year></date><date date-type="accepted"><day>9</day><month>2</month><year>2004</year></date></history><copyright-statement>Copyright © 2004 Petri et al; licensee BioMed Central Ltd. This is an Open Access article: verbatim copying and redistribution of this article are permitted in all media for any purpose, provided this notice is preserved along with the article's original URL.</copyright-statement><abstract><sec><title>Background</title><p>The proliferate nature of DNA microarray results have made it necessary to implement a uniform and quick quality control of experimental results to ensure the consistency of data across multiple experiments prior to actual data analysis.</p></sec><sec><title>Results</title><p>Array-A-Lizer is a small and convenient stand-alone tool providing the necessary initial analysis of hybridization quality of an unlimited number of microarray experiments. The experiments are analyzed for even hybridization across the slide and between fluorescent dyes in two-color experiments in spotted DNA microarrays.</p></sec><sec><title>Conclusions</title><p>Array-A-Lizer allows the expedient determination of the quality of multiple DNA microarray experiments allowing for a rapid initial screening of results before progressing to further data analysis. Array-A-Lizer is directed towards speed and ease-of-use allowing both the expert and non-expert microarray researcher to rapidly assess the quality of multiple microarray hybridizations. Array-A-Lizer is available from the Internet as both source code and as a binary installation package.</p></sec></abstract></article-meta></front></article>