<article xmlns="https://dtd.nlm.nih.gov/ns/archiving/2.3/" xmlns:xsi="http://www.w3.org/2001/XMLSchema-instance" xmlns:mml="http://www.w3.org/1998/Math/MathML" xmlns:xlink="http://www.w3.org/1999/xlink" xsi:schemaLocation="https://dtd.nlm.nih.gov/ns/archiving/2.3/ https://dtd.nlm.nih.gov/archiving/2.3/xsd/archivearticle.xsd" article-type="product-review"><front><journal-meta><journal-id journal-id-type="nlm-ta">BMC Bioinformatics</journal-id><journal-title>BMC Bioinformatics</journal-title><issn pub-type="epub">1471-2105</issn><publisher><publisher-name>BioMed Central</publisher-name><publisher-loc>London</publisher-loc></publisher></journal-meta><article-meta><article-id pub-id-type="accession">PMC408466</article-id><article-id pub-id-type="pmcid">PMC408466</article-id><article-id pub-id-type="pmc-uid">408466</article-id><article-id pub-id-type="pmid">15113411</article-id><article-id pub-id-type="publisher-id">1471-2105-5-24</article-id><article-id pub-id-type="pmid">15113411</article-id><article-id pub-id-type="doi">10.1186/1471-2105-5-24</article-id><article-categories><subj-group subj-group-type="heading"><subject>Software</subject></subj-group></article-categories><title-group><article-title>Biochemical Network Stochastic Simulator (BioNetS): software for stochastic modeling of biochemical networks</article-title></title-group><contrib-group><contrib id="A1" corresp="yes" contrib-type="author"><name><surname>Adalsteinsson</surname><given-names>David</given-names></name><xref ref-type="aff" rid="I1">1</xref><email>david@amath.unc.edu</email></contrib><contrib id="A2" contrib-type="author"><name><surname>McMillen</surname><given-names>David</given-names></name><xref ref-type="aff" rid="I2">2</xref><email>mcmillen@utm.utoronto.ca</email></contrib><contrib id="A3" contrib-type="author"><name><surname>Elston</surname><given-names>Timothy C</given-names></name><xref ref-type="aff" rid="I1">1</xref><email>telston@amath.unc.edu</email></contrib></contrib-group><aff id="I1"><label>1</label>Department of Mathematics, University of North Carolina at Chapel Hill, Chapel Hill, NC 27599-3250, USA</aff><aff id="I2"><label>2</label>Department of Chemical and Physical Sciences, University of Toronto at Mississauga, Mississauga, ON L5L 1C6, Canada</aff><pub-date pub-type="collection"><year>2004</year></pub-date><pub-date pub-type="epub"><day>8</day><month>3</month><year>2004</year></pub-date><volume>5</volume><fpage>24</fpage><lpage>24</lpage><ext-link ext-link-type="uri" xlink:href="http://www.biomedcentral.com/1471-2105/5/24"/><history><date date-type="received"><day>7</day><month>11</month><year>2003</year></date><date date-type="accepted"><day>8</day><month>3</month><year>2004</year></date></history><copyright-statement>Copyright © 2004 Adalsteinsson et al; licensee BioMed Central Ltd. This is an Open Access article: verbatim copying and redistribution of this article are permitted in all media for any purpose, provided this notice is preserved along with the article's original URL.</copyright-statement><abstract><sec><title>Background</title><p>Intrinsic fluctuations due to the stochastic nature of biochemical reactions can have large effects on the response of biochemical networks. This is particularly true for pathways that involve transcriptional regulation, where generally there are two copies of each gene and the number of messenger RNA (mRNA) molecules can be small. Therefore, there is a need for computational tools for developing and investigating stochastic models of biochemical networks.</p></sec><sec><title>Results</title><p>We have developed the software package Biochemical Network Stochastic Simulator (BioNetS) for efficiently
and accurately simulating stochastic models of biochemical networks. BioNetS has a graphical user interface that allows models to be entered in a straightforward manner, and allows the user to specify the type of random variable (discrete or continuous) for each chemical species in the network. The discrete variables are simulated using an efficient implementation of the Gillespie algorithm. For the continuous random variables, BioNetS constructs and numerically solves
the appropriate chemical Langevin equations. The software package has been developed to scale efficiently with network size, thereby allowing large systems to be studied. BioNetS runs as a BioSpice agent and can be downloaded from <ext-link ext-link-type="uri" xlink:href="http://www.biospice.org"/>. BioNetS also can be run as a stand alone package. All the required files are accessible from <ext-link ext-link-type="uri" xlink:href="http://x.amath.unc.edu/BioNetS"/>.</p></sec><sec><title>Conclusions</title><p>We have developed BioNetS to be a reliable tool for studying the stochastic dynamics of large biochemical networks. Important features of BioNetS are its ability to handle hybrid models that consist of both continuous and discrete random variables and its ability to model cell growth and division. We have verified the accuracy and efficiency of the numerical methods by considering several test systems.</p></sec></abstract></article-meta></front></article>