<article xmlns="https://dtd.nlm.nih.gov/ns/archiving/2.3/" xmlns:xsi="http://www.w3.org/2001/XMLSchema-instance" xmlns:mml="http://www.w3.org/1998/Math/MathML" xmlns:xlink="http://www.w3.org/1999/xlink" xsi:schemaLocation="https://dtd.nlm.nih.gov/ns/archiving/2.3/ https://dtd.nlm.nih.gov/archiving/2.3/xsd/archivearticle.xsd" article-type="research-article"><front><journal-meta><journal-id journal-id-type="nlm-ta">BMC Bioinformatics</journal-id><journal-title>BMC Bioinformatics</journal-title><issn pub-type="epub">1471-2105</issn><publisher><publisher-name>BioMed Central</publisher-name><publisher-loc>London</publisher-loc></publisher></journal-meta><article-meta><article-id pub-id-type="accession">PMC434489</article-id><article-id pub-id-type="pmcid">PMC434489</article-id><article-id pub-id-type="pmc-uid">434489</article-id><article-id pub-id-type="pmid">15117421</article-id><article-id pub-id-type="publisher-id">1471-2105-5-47</article-id><article-id pub-id-type="pmid">15117421</article-id><article-id pub-id-type="doi">10.1186/1471-2105-5-47</article-id><article-categories><subj-group subj-group-type="heading"><subject>Methodology Article</subject></subj-group></article-categories><title-group><article-title>Hybrid clustering for microarray image analysis combining intensity and shape features</article-title></title-group><contrib-group><contrib id="A1" corresp="yes" contrib-type="author"><name><surname>Rahnenführer</surname><given-names>Jörg</given-names></name><xref ref-type="aff" rid="I1">1</xref><email>rahnenfj@mpi-sb.mpg.de</email></contrib><contrib id="A2" contrib-type="author"><name><surname>Bozinov</surname><given-names>Daniel</given-names></name><xref ref-type="aff" rid="I2">2</xref><email>dbozinov@unmc.edu</email></contrib></contrib-group><aff id="I1"><label>1</label>Max-Planck-Institute for Informatics, Stuhlsatzenhausweg 85, D-66123 Saarbrücken, Germany</aff><aff id="I2"><label>2</label>Center for Human Molecular Genetics, Nebraska Medical Center, Omaha, NE 68198, USA</aff><pub-date pub-type="collection"><year>2004</year></pub-date><pub-date pub-type="epub"><day>29</day><month>4</month><year>2004</year></pub-date><volume>5</volume><fpage>47</fpage><lpage>47</lpage><ext-link ext-link-type="uri" xlink:href="http://www.biomedcentral.com/1471-2105/5/47"/><history><date date-type="received"><day>29</day><month>10</month><year>2003</year></date><date date-type="accepted"><day>29</day><month>4</month><year>2004</year></date></history><copyright-statement>Copyright © 2004 Rahnenführer and Bozinov; licensee BioMed Central Ltd. This is an Open Access article: verbatim copying and redistribution of this article are permitted in all media for any purpose, provided this notice is preserved along with the article's original URL.</copyright-statement><abstract><sec><title>Background</title><p>Image analysis is the first crucial step to obtain reliable results from microarray experiments. First, areas in the image belonging to single spots have to be identified. Then, those target areas have to be partitioned into foreground and background. Finally, two scalar values for the intensities have to be extracted. These goals have been tackled either by spot shape methods or intensity histogram methods, but it would be desirable to have hybrid algorithms which combine the advantages of both approaches.</p></sec><sec><title>Results</title><p>A new robust and adaptive histogram type method is pixel clustering, which has been successfully applied for detecting and quantifying microarray spots. This paper demonstrates how the spot shape can be effectively integrated in this approach. Based on the clustering results, a bivalence mask is constructed. It estimates the expected spot shape and is used to filter the data, improving the results of the cluster algorithm. The quality measure 'stability' is defined and evaluated on a real data set. The improved clustering method is compared with the established Spot software on a data set with replicates.</p></sec><sec><title>Conclusion</title><p>The new method presents a successful hybrid microarray image analysis solution. It incorporates both shape and histogram features and is specifically adapted to deal with typical microarray image characteristics. As a consequence of the filtering step pixels are divided into three groups, namely foreground, background and deletions. This allows a separate treatment of artifacts and their elimination from the further analysis.</p></sec></abstract></article-meta></front></article>