<article xmlns="https://dtd.nlm.nih.gov/ns/archiving/2.3/" xmlns:xsi="http://www.w3.org/2001/XMLSchema-instance" xmlns:mml="http://www.w3.org/1998/Math/MathML" xmlns:xlink="http://www.w3.org/1999/xlink" xsi:schemaLocation="https://dtd.nlm.nih.gov/ns/archiving/2.3/ https://dtd.nlm.nih.gov/archiving/2.3/xsd/archivearticle.xsd" article-type="product-review"><front><journal-meta><journal-id journal-id-type="nlm-ta">BMC Bioinformatics</journal-id><journal-title>BMC Bioinformatics</journal-title><issn pub-type="epub">1471-2105</issn><publisher><publisher-name>BioMed Central</publisher-name><publisher-loc>London</publisher-loc></publisher></journal-meta><article-meta><article-id pub-id-type="accession">PMC481056</article-id><article-id pub-id-type="pmcid">PMC481056</article-id><article-id pub-id-type="pmc-uid">481056</article-id><article-id pub-id-type="pmid">15253776</article-id><article-id pub-id-type="publisher-id">1471-2105-5-96</article-id><article-id pub-id-type="pmid">15253776</article-id><article-id pub-id-type="doi">10.1186/1471-2105-5-96</article-id><article-categories><subj-group subj-group-type="heading"><subject>Software</subject></subj-group></article-categories><title-group><article-title>Base-By-Base: Single nucleotide-level analysis of whole viral genome alignments</article-title></title-group><contrib-group><contrib id="A1" contrib-type="author"><name><surname>Brodie</surname><given-names>Ryan</given-names></name><xref ref-type="aff" rid="I1">1</xref><email>ryan@ryanbrodie.com</email></contrib><contrib id="A2" contrib-type="author"><name><surname>Smith</surname><given-names>Alex J</given-names></name><xref ref-type="aff" rid="I1">1</xref><email>ajsmith@uvic.ca</email></contrib><contrib id="A3" contrib-type="author"><name><surname>Roper</surname><given-names>Rachel L</given-names></name><xref ref-type="aff" rid="I2">2</xref><email>roperr@mail.ecu.edu</email></contrib><contrib id="A4" contrib-type="author"><name><surname>Tcherepanov</surname><given-names>Vasily</given-names></name><xref ref-type="aff" rid="I1">1</xref><email>vasilyt@uvic.ca</email></contrib><contrib id="A5" corresp="yes" contrib-type="author"><name><surname>Upton</surname><given-names>Chris</given-names></name><xref ref-type="aff" rid="I1">1</xref><email>cupton@uvic.ca</email></contrib></contrib-group><aff id="I1"><label>1</label>Biochemistry and Microbiology, University of Victoria, Victoria, B.C., V8W 3P6 Canada</aff><aff id="I2"><label>2</label>East Carolina University, Brody School of Medicine, Department of Microbiology &amp; Immunology, Greenville, NC 27858-4354, USA</aff><pub-date pub-type="collection"><year>2004</year></pub-date><pub-date pub-type="epub"><day>14</day><month>7</month><year>2004</year></pub-date><volume>5</volume><fpage>96</fpage><lpage>96</lpage><ext-link ext-link-type="uri" xlink:href="http://www.biomedcentral.com/1471-2105/5/96"/><history><date date-type="received"><day>5</day><month>5</month><year>2004</year></date><date date-type="accepted"><day>14</day><month>7</month><year>2004</year></date></history><copyright-statement>Copyright © 2004 Brodie et al; licensee BioMed Central Ltd. This is an Open Access article: verbatim copying and redistribution of this article are permitted in all media for any purpose, provided this notice is preserved along with the article's original URL.</copyright-statement><abstract><sec><title>Background</title><p>With ever increasing numbers of closely related virus genomes being sequenced, it has become desirable to be able to compare two genomes at a level more detailed than gene content because two strains of an organism may share the same set of predicted genes but still differ in their pathogenicity profiles. For example, detailed comparison of multiple isolates of the smallpox virus genome (each approximately 200 kb, with 200 genes) is not feasible without new bioinformatics tools.</p></sec><sec><title>Results</title><p>A software package, Base-By-Base, has been developed that provides visualization tools to enable researchers to 1) rapidly identify and correct alignment errors in large, multiple genome alignments; and 2) generate tabular and graphical output of differences between the genomes at the nucleotide level. Base-By-Base uses detailed annotation information about the aligned genomes and can list each predicted gene with nucleotide differences, display whether variations occur within promoter regions or coding regions and whether these changes result in amino acid substitutions. Base-By-Base can connect to our mySQL database (Virus Orthologous Clusters; VOCs) to retrieve detailed annotation information about the aligned genomes or use information from text files.</p></sec><sec><title>Conclusion</title><p>Base-By-Base enables users to quickly and easily compare large viral genomes; it highlights small differences that may be responsible for important phenotypic differences such as virulence. It is available via the Internet using Java Web Start and runs on Macintosh, PC and Linux operating systems with the Java 1.4 virtual machine.</p></sec></abstract></article-meta></front></article>