<article xmlns="https://dtd.nlm.nih.gov/ns/archiving/2.3/" xmlns:xsi="http://www.w3.org/2001/XMLSchema-instance" xmlns:mml="http://www.w3.org/1998/Math/MathML" xmlns:xlink="http://www.w3.org/1999/xlink" xsi:schemaLocation="https://dtd.nlm.nih.gov/ns/archiving/2.3/ https://dtd.nlm.nih.gov/archiving/2.3/xsd/archivearticle.xsd" article-type="research-article"><front><journal-meta><journal-id journal-id-type="nlm-ta">BMC Bioinformatics</journal-id><journal-title>BMC Bioinformatics</journal-title><issn pub-type="epub">1471-2105</issn><publisher><publisher-name>BioMed Central</publisher-name><publisher-loc>London</publisher-loc></publisher></journal-meta><article-meta><article-id pub-id-type="accession">PMC442121</article-id><article-id pub-id-type="pmcid">PMC442121</article-id><article-id pub-id-type="pmc-uid">442121</article-id><article-id pub-id-type="pmid">15180907</article-id><article-id pub-id-type="publisher-id">1471-2105-5-71</article-id><article-id pub-id-type="pmid">15180907</article-id><article-id pub-id-type="doi">10.1186/1471-2105-5-71</article-id><article-categories><subj-group subj-group-type="heading"><subject>Research Article</subject></subj-group></article-categories><title-group><article-title>Evaluation of several lightweight stochastic context-free grammars for RNA secondary structure prediction</article-title></title-group><contrib-group><contrib id="A1" contrib-type="author"><name><surname>Dowell</surname><given-names>Robin D</given-names></name><xref ref-type="aff" rid="I1">1</xref><email>robin@genetics.wustl.edu</email></contrib><contrib id="A2" corresp="yes" contrib-type="author"><name><surname>Eddy</surname><given-names>Sean R</given-names></name><xref ref-type="aff" rid="I1">1</xref><email>eddy@genetics.wustl.edu</email></contrib></contrib-group><aff id="I1"><label>1</label>Howard Hughes Medical Institute and Department of Genetics, Washington University School of Medicine, 4444 Forest Park Blvd. Box 8510, St. Louis, MO 63108 USA</aff><pub-date pub-type="collection"><year>2004</year></pub-date><pub-date pub-type="epub"><day>4</day><month>6</month><year>2004</year></pub-date><volume>5</volume><fpage>71</fpage><lpage>71</lpage><ext-link ext-link-type="uri" xlink:href="http://www.biomedcentral.com/1471-2105/5/71"/><history><date date-type="received"><day>19</day><month>4</month><year>2004</year></date><date date-type="accepted"><day>4</day><month>6</month><year>2004</year></date></history><copyright-statement>Copyright © 2004 Dowell and Eddy; licensee BioMed Central Ltd. This is an Open Access article: verbatim copying and redistribution of this article are permitted in all media for any purpose, provided this notice is preserved along with the article's original URL.</copyright-statement><abstract><sec><title>Background</title><p>RNA secondary structure prediction methods based on probabilistic modeling can be developed using stochastic context-free grammars (SCFGs). Such methods can readily combine different sources of information that can be expressed probabilistically, such as an evolutionary model of comparative RNA sequence analysis and a biophysical model of structure plausibility. However, the number of free parameters in an integrated model for consensus RNA structure prediction can become untenable if the underlying SCFG design is too complex. Thus a key question is, what small, simple SCFG designs perform best for RNA secondary structure prediction?</p></sec><sec><title>Results</title><p>Nine different small SCFGs were implemented to explore the tradeoffs between model complexity and prediction accuracy. Each model was tested for single sequence structure prediction accuracy on a benchmark set of RNA secondary structures.</p></sec><sec><title>Conclusions</title><p>Four SCFG designs had prediction accuracies near the performance of current energy minimization programs. One of these designs, introduced by Knudsen and Hein in their PFOLD algorithm, has only 21 free parameters and is significantly simpler than the others.</p></sec></abstract></article-meta></front></article>