<article xmlns="https://dtd.nlm.nih.gov/ns/archiving/2.3/" xmlns:xsi="http://www.w3.org/2001/XMLSchema-instance" xmlns:mml="http://www.w3.org/1998/Math/MathML" xmlns:xlink="http://www.w3.org/1999/xlink" xsi:schemaLocation="https://dtd.nlm.nih.gov/ns/archiving/2.3/ https://dtd.nlm.nih.gov/archiving/2.3/xsd/archivearticle.xsd" article-type="research-article"><front><journal-meta><journal-id journal-id-type="nlm-ta">BMC Bioinformatics</journal-id><journal-title>BMC Bioinformatics</journal-title><issn pub-type="epub">1471-2105</issn><publisher><publisher-name>BioMed Central</publisher-name><publisher-loc>London</publisher-loc></publisher></journal-meta><article-meta><article-id pub-id-type="accession">PMC411067</article-id><article-id pub-id-type="pmcid">PMC411067</article-id><article-id pub-id-type="pmc-uid">411067</article-id><article-id pub-id-type="pmid">15099405</article-id><article-id pub-id-type="publisher-id">1471-2105-5-42</article-id><article-id pub-id-type="pmid">15099405</article-id><article-id pub-id-type="doi">10.1186/1471-2105-5-42</article-id><article-categories><subj-group subj-group-type="heading"><subject>Research Article</subject></subj-group></article-categories><title-group><article-title>Leveraging two-way probe-level block design for identifying differential gene expression with high-density oligonucleotide arrays</article-title></title-group><contrib-group><contrib id="A1" contrib-type="author"><name><surname>Barrera</surname><given-names>Leah</given-names></name><xref ref-type="aff" rid="I1">1</xref><xref ref-type="aff" rid="I2">2</xref><email>lbarrera@bioinf.ucsd.edu</email></contrib><contrib id="A2" contrib-type="author"><name><surname>Benner</surname><given-names>Chris</given-names></name><xref ref-type="aff" rid="I1">1</xref><xref ref-type="aff" rid="I2">2</xref><email>cbenner@bioinf.ucsd.edu</email></contrib><contrib id="A3" contrib-type="author"><name><surname>Tao</surname><given-names>Yong-Chuan</given-names></name><xref ref-type="aff" rid="I3">3</xref><email>yong-chuan.tao@pharma.novartis.com</email></contrib><contrib id="A4" contrib-type="author"><name><surname>Winzeler</surname><given-names>Elizabeth</given-names></name><xref ref-type="aff" rid="I1">1</xref><xref ref-type="aff" rid="I4">4</xref><email>winzeler@gnf.org</email></contrib><contrib id="A5" corresp="yes" contrib-type="author"><name><surname>Zhou</surname><given-names>Yingyao</given-names></name><xref ref-type="aff" rid="I1">1</xref><email>zhou@gnf.org</email></contrib></contrib-group><aff id="I1"><label>1</label>Genomics Institute of the Novartis Research Foundation, 10675 John Jay Hopkins Drive, California 92121, USA</aff><aff id="I2"><label>2</label>Bioinformatics Graduate Program, University of California, San Diego, 9500 Gilman Drive, La Jolla, CA 92093, USA</aff><aff id="I3"><label>3</label>Novartis Institutes for Biomedical Research, 100 Technology Square, Cambridge, MA 02139, USA</aff><aff id="I4"><label>4</label>The Scripps Research Institute, La Jolla, California 92037, USA</aff><pub-date pub-type="collection"><year>2004</year></pub-date><pub-date pub-type="epub"><day>20</day><month>4</month><year>2004</year></pub-date><volume>5</volume><fpage>42</fpage><lpage>42</lpage><ext-link ext-link-type="uri" xlink:href="http://www.biomedcentral.com/1471-2105/5/42"/><history><date date-type="received"><day>23</day><month>12</month><year>2003</year></date><date date-type="accepted"><day>20</day><month>4</month><year>2004</year></date></history><copyright-statement>Copyright © 2004 Barrera et al; licensee BioMed Central Ltd. This is an Open Access article: verbatim copying and redistribution of this article are permitted in all media for any purpose, provided this notice is preserved along with the article's original URL.</copyright-statement><abstract><sec><title>Background</title><p>To identify differentially expressed genes across experimental conditions in oligonucleotide microarray experiments, existing statistical methods commonly use a summary of probe-level expression data for each probe set and compare replicates of these values across conditions using a form of the <italic>t</italic>-test or rank sum test. Here we propose the use of a statistical method that takes advantage of the built-in redundancy architecture of high-density oligonucleotide arrays.</p></sec><sec><title>Results</title><p>We employ parametric and nonparametric variants of two-way analysis of variance (ANOVA) on probe-level data to account for probe-level variation, and use the false-discovery rate (FDR) to account for simultaneous testing on thousands of genes (multiple testing problem). Using publicly available data sets, we systematically compared the performance of parametric two-way ANOVA and the nonparametric Mack-Skillings test to the <italic>t</italic>-test and Wilcoxon rank-sum test for detecting differentially expressed genes at varying levels of fold change, concentration, and sample size. Using receiver operating characteristic (ROC) curve comparisons, we observed that two-way methods with FDR control on sample sizes with 2–3 replicates exhibits the same high sensitivity and specificity as a <italic>t</italic>-test with FDR control on sample sizes with 6–9 replicates in detecting at least two-fold change.</p></sec><sec><title>Conclusions</title><p>Our results suggest that the two-way ANOVA methods using probe-level data are substantially more powerful tests for detecting differential gene expression than corresponding methods for probe-set level data.</p></sec></abstract><kwd-group><kwd>gene expression analysis</kwd><kwd>differential expression</kwd><kwd>high-density oligonucleotide array</kwd><kwd>ANOVA</kwd><kwd>FDR</kwd></kwd-group></article-meta></front></article>