<article xmlns="https://dtd.nlm.nih.gov/ns/archiving/2.3/" xmlns:xsi="http://www.w3.org/2001/XMLSchema-instance" xmlns:mml="http://www.w3.org/1998/Math/MathML" xmlns:xlink="http://www.w3.org/1999/xlink" xsi:schemaLocation="https://dtd.nlm.nih.gov/ns/archiving/2.3/ https://dtd.nlm.nih.gov/archiving/2.3/xsd/archivearticle.xsd" article-type="research-article"><front><journal-meta><journal-id journal-id-type="nlm-ta">BMC Bioinformatics</journal-id><journal-title>BMC Bioinformatics</journal-title><issn pub-type="epub">1471-2105</issn><publisher><publisher-name>BioMed Central</publisher-name><publisher-loc>London</publisher-loc></publisher></journal-meta><article-meta><article-id pub-id-type="accession">PMC449698</article-id><article-id pub-id-type="pmcid">PMC449698</article-id><article-id pub-id-type="pmc-uid">449698</article-id><article-id pub-id-type="pmid">15202953</article-id><article-id pub-id-type="publisher-id">1471-2105-5-77</article-id><article-id pub-id-type="pmid">15202953</article-id><article-id pub-id-type="doi">10.1186/1471-2105-5-77</article-id><article-categories><subj-group subj-group-type="heading"><subject>Methodology Article</subject></subj-group></article-categories><title-group><article-title>Comparing transformation methods for DNA microarray data</article-title></title-group><contrib-group><contrib id="A1" corresp="yes" contrib-type="author"><name><surname>Thygesen</surname><given-names>Helene H</given-names></name><xref ref-type="aff" rid="I1">1</xref><email>h.h.thygesen@amc.uva.nl</email></contrib><contrib id="A2" contrib-type="author"><name><surname>Zwinderman</surname><given-names>Aeilko H</given-names></name><xref ref-type="aff" rid="I1">1</xref><email>a.h.zwindermand@amc.uva.nl</email></contrib></contrib-group><aff id="I1"><label>1</label>Clinical Epidemiology and Biostatistics, Academisch Medisch Centrum, University of Amsterdam, Meibergdreef 9, 1100 DD Amsterdam, Netherlands</aff><pub-date pub-type="collection"><year>2004</year></pub-date><pub-date pub-type="epub"><day>17</day><month>6</month><year>2004</year></pub-date><volume>5</volume><fpage>77</fpage><lpage>77</lpage><ext-link ext-link-type="uri" xlink:href="http://www.biomedcentral.com/1471-2105/5/77"/><history><date date-type="received"><day>2</day><month>2</month><year>2004</year></date><date date-type="accepted"><day>17</day><month>6</month><year>2004</year></date></history><copyright-statement>Copyright © 2004 Thygesen and Zwinderman; licensee BioMed Central Ltd. This is an Open Access article: verbatim copying and redistribution of this article are permitted in all media for any purpose, provided this notice is preserved along with the article's original URL.</copyright-statement><abstract><sec><title>Background</title><p>When DNA microarray data are used for gene clustering, genotype/phenotype correlation studies, or tissue classification the signal intensities are usually transformed and normalized in several steps in order to improve comparability and signal/noise ratio. These steps may include subtraction of an estimated background signal, subtracting the reference signal, smoothing (to account for nonlinear measurement effects), and more. Different authors use different approaches, and it is generally not clear to users which method they should prefer.</p></sec><sec><title>Results</title><p>We used the ratio between biological variance and measurement variance (which is an F-like statistic) as a quality measure for transformation methods, and we demonstrate a method for maximizing that variance ratio on real data. We explore a number of transformations issues, including Box-Cox transformation, baseline shift, partial subtraction of the log-reference signal and smoothing. It appears that the optimal choice of parameters for the transformation methods depends on the data. Further, the behavior of the variance ratio, under the null hypothesis of zero biological variance, appears to depend on the choice of parameters.</p></sec><sec><title>Conclusions</title><p>The use of replicates in microarray experiments is important. Adjustment for the null-hypothesis behavior of the variance ratio is critical to the selection of transformation method.</p></sec></abstract></article-meta></front></article>