<article xmlns="https://dtd.nlm.nih.gov/ns/archiving/2.3/" xmlns:xsi="http://www.w3.org/2001/XMLSchema-instance" xmlns:mml="http://www.w3.org/1998/Math/MathML" xmlns:xlink="http://www.w3.org/1999/xlink" xsi:schemaLocation="https://dtd.nlm.nih.gov/ns/archiving/2.3/ https://dtd.nlm.nih.gov/archiving/2.3/xsd/archivearticle.xsd" article-type="product-review"><front><journal-meta><journal-id journal-id-type="nlm-ta">BMC Bioinformatics</journal-id><journal-title>BMC Bioinformatics</journal-title><issn pub-type="epub">1471-2105</issn><publisher><publisher-name>BioMed Central</publisher-name><publisher-loc>London</publisher-loc></publisher></journal-meta><article-meta><article-id pub-id-type="accession">PMC419980</article-id><article-id pub-id-type="pmcid">PMC419980</article-id><article-id pub-id-type="pmc-uid">419980</article-id><article-id pub-id-type="pmid">15096277</article-id><article-id pub-id-type="publisher-id">1471-2105-5-39</article-id><article-id pub-id-type="pmid">15096277</article-id><article-id pub-id-type="doi">10.1186/1471-2105-5-39</article-id><article-categories><subj-group subj-group-type="heading"><subject>Software</subject></subj-group></article-categories><title-group><article-title>MolTalk – a programming library for protein structures and structure analysis</article-title></title-group><contrib-group><contrib id="A1" corresp="yes" contrib-type="author"><name><surname>Diemand</surname><given-names>Alexander V</given-names></name><xref ref-type="aff" rid="I1">1</xref><email>alexander.diemand@isb-sib.ch</email></contrib><contrib id="A2" contrib-type="author"><name><surname>Scheib</surname><given-names>Holger</given-names></name><xref ref-type="aff" rid="I2">2</xref><email>holger.scheib@isb-sib.ch</email></contrib></contrib-group><aff id="I1"><label>1</label>University of Lausanne and Swiss Institute of Bioinformatics, 155, chemin de Boveresses, 1066 Epalinges s/Lausanne, Switzerland</aff><aff id="I2"><label>2</label>University of Geneva and Swiss Institute of Bioinformatics, Centre Médicale Universitaire, 1, rue Michel-Servet, 1211 Geneva 4, Switzerland</aff><pub-date pub-type="collection"><year>2004</year></pub-date><pub-date pub-type="epub"><day>19</day><month>4</month><year>2004</year></pub-date><volume>5</volume><fpage>39</fpage><lpage>39</lpage><ext-link ext-link-type="uri" xlink:href="http://www.biomedcentral.com/1471-2105/5/39"/><history><date date-type="received"><day>27</day><month>10</month><year>2003</year></date><date date-type="accepted"><day>19</day><month>4</month><year>2004</year></date></history><copyright-statement>Copyright © 2004 Diemand and Scheib; licensee BioMed Central Ltd. This is an Open Access article: verbatim copying and redistribution of this article are permitted in all media for any purpose, provided this notice is preserved along with the article's original URL.</copyright-statement><abstract><sec><title>Background</title><p>Two of the mostly unsolved but increasingly urgent problems for modern biologists are a) to quickly and easily analyse protein structures and b) to comprehensively mine the wealth of information, which is distributed along with the 3D co-ordinates by the Protein Data Bank (PDB). Tools which address this issue need to be highly flexible and powerful but at the same time must be freely available and easy to learn.</p></sec><sec><title>Results</title><p>We present MolTalk, an elaborate programming language, which consists of the programming library <italic>libmoltalk </italic>implemented in Objective-C and the Smalltalk-based interpreter MolTalk. MolTalk combines the advantages of an easy to learn and programmable procedural scripting with the flexibility and power of a full programming language.</p><p>An overview of currently available applications of MolTalk is given and with PDBChainSaw one such application is described in more detail. PDBChainSaw is a MolTalk-based parser and information extraction utility of PDB files. Weekly updates of the PDB are synchronised with PDBChainSaw and are available for free download from the MolTalk project page <ext-link ext-link-type="uri" xlink:href="http://www.moltalk.org"/> following the link to PDBChainSaw. For each chain in a protein structure, PDBChainSaw extracts the sequence from its co-ordinates and provides additional information from the PDB-file header section, such as scientific organism, compound name, and EC code.</p></sec><sec><title>Conclusion</title><p>MolTalk provides a rich set of methods to analyse and even modify experimentally determined or modelled protein structures. These methods vary in complexity and are thus suitable for beginners and advanced programmers alike. We envision MolTalk to be most valuable in the following applications:</p><p>1) To analyse protein structures repetitively in large-scale, i.e. to benchmark protein structure prediction methods or to evaluate structural models. The quality of the resulting 3D-models can be assessed by e.g. calculating a Ramachandran-Sasisekharan plot.</p><p>2) To quickly retrieve information for (a limited number of) macro-molecular structures, i.e. H-bonds, salt bridges, contacts between amino acids and ligands or at the interface between two chains.</p><p>3) To programme more complex structural bioinformatics software and to implement demanding algorithms through its portability to Objective-C, e.g. iMolTalk.</p><p>4) To be used as a front end to databases, e.g. PDBChainSaw.</p></sec></abstract></article-meta></front></article>