<article xmlns="https://dtd.nlm.nih.gov/ns/archiving/2.3/" xmlns:xsi="http://www.w3.org/2001/XMLSchema-instance" xmlns:mml="http://www.w3.org/1998/Math/MathML" xmlns:xlink="http://www.w3.org/1999/xlink" xsi:schemaLocation="https://dtd.nlm.nih.gov/ns/archiving/2.3/ https://dtd.nlm.nih.gov/archiving/2.3/xsd/archivearticle.xsd" article-type="product-review"><front><journal-meta><journal-id journal-id-type="nlm-ta">BMC Bioinformatics</journal-id><journal-title>BMC Bioinformatics</journal-title><issn pub-type="epub">1471-2105</issn><publisher><publisher-name>BioMed Central</publisher-name><publisher-loc>London</publisher-loc></publisher></journal-meta><article-meta><article-id pub-id-type="accession">PMC449701</article-id><article-id pub-id-type="pmcid">PMC449701</article-id><article-id pub-id-type="pmc-uid">449701</article-id><article-id pub-id-type="pmid">15222902</article-id><article-id pub-id-type="publisher-id">1471-2105-5-84</article-id><article-id pub-id-type="pmid">15222902</article-id><article-id pub-id-type="doi">10.1186/1471-2105-5-84</article-id><article-categories><subj-group subj-group-type="heading"><subject>Software</subject></subj-group></article-categories><title-group><article-title>Visualization and analysis of microarray and gene ontology data with treemaps</article-title></title-group><contrib-group><contrib id="A1" corresp="yes" contrib-type="author"><name><surname>Baehrecke</surname><given-names>Eric H</given-names></name><xref ref-type="aff" rid="I1">1</xref><email>baehreck@umbi.umd.edu</email></contrib><contrib id="A2" contrib-type="author"><name><surname>Dang</surname><given-names>Niem</given-names></name><xref ref-type="aff" rid="I2">2</xref><email>niem.dang@towersperrin.com</email></contrib><contrib id="A3" contrib-type="author"><name><surname>Babaria</surname><given-names>Ketan</given-names></name><xref ref-type="aff" rid="I2">2</xref><email>ketanb@gmail.com</email></contrib><contrib id="A4" contrib-type="author"><name><surname>Shneiderman</surname><given-names>Ben</given-names></name><xref ref-type="aff" rid="I2">2</xref><email>ben@cs.umd.edu</email></contrib></contrib-group><aff id="I1"><label>1</label>Center for Biosystems Research, University of Maryland Biotechnology Institute, College Park, Maryland 20742, USA</aff><aff id="I2"><label>2</label>Department of Computer Science and Human-Computer Interaction Laboratory, University of Maryland, College Park, Maryland 20742, USA</aff><pub-date pub-type="collection"><year>2004</year></pub-date><pub-date pub-type="epub"><day>28</day><month>6</month><year>2004</year></pub-date><volume>5</volume><fpage>84</fpage><lpage>84</lpage><ext-link ext-link-type="uri" xlink:href="http://www.biomedcentral.com/1471-2105/5/84"/><history><date date-type="received"><day>31</day><month>1</month><year>2004</year></date><date date-type="accepted"><day>28</day><month>6</month><year>2004</year></date></history><copyright-statement>Copyright © 2004 Baehrecke et al; licensee BioMed Central Ltd. This is an Open Access article: verbatim copying and redistribution of this article are permitted in all media for any purpose, provided this notice is preserved along with the article's original URL.</copyright-statement><abstract><sec><title>Background</title><p>The increasing complexity of genomic data presents several challenges for biologists. Limited computer monitor views of data complexity and the dynamic nature of data in the midst of discovery increase the challenge of integrating experimental results with information resources. The use of Gene Ontology enables researchers to summarize results of quantitative analyses in this framework, but the limitations of typical browser presentation restrict data access.</p></sec><sec><title>Results</title><p>Here we describe extensions to the treemap design to visualize and query genome data. Treemaps are a space-filling visualization technique for hierarchical structures that show attributes of leaf nodes by size and color-coding. Treemaps enable users to rapidly compare sizes of nodes and sub-trees, and we use Gene Ontology categories, levels of RNA, and other quantitative attributes of DNA microarray experiments as examples. Our implementation of treemaps, Treemap 4.0, allows user-defined filtering to focus on the data of greatest interest, and these queried files can be exported for secondary analyses. Links to model system web pages from Treemap 4.0 enable users access to details about specific genes without leaving the query platform.</p></sec><sec><title>Conclusions</title><p>Treemaps allow users to view and query the data from an experiment on a single computer monitor screen. Treemap 4.0 can be used to visualize various genome data, and is particularly useful for revealing patterns and details within complex data sets.</p></sec></abstract></article-meta></front></article>