<article xmlns="https://dtd.nlm.nih.gov/ns/archiving/2.3/" xmlns:xsi="http://www.w3.org/2001/XMLSchema-instance" xmlns:mml="http://www.w3.org/1998/Math/MathML" xmlns:xlink="http://www.w3.org/1999/xlink" xsi:schemaLocation="https://dtd.nlm.nih.gov/ns/archiving/2.3/ https://dtd.nlm.nih.gov/archiving/2.3/xsd/archivearticle.xsd" article-type="product-review"><front><journal-meta><journal-id journal-id-type="nlm-ta">BMC Bioinformatics</journal-id><journal-title>BMC Bioinformatics</journal-title><issn pub-type="epub">1471-2105</issn><publisher><publisher-name>BioMed Central</publisher-name><publisher-loc>London</publisher-loc></publisher></journal-meta><article-meta><article-id pub-id-type="accession">PMC419981</article-id><article-id pub-id-type="pmcid">PMC419981</article-id><article-id pub-id-type="pmc-uid">419981</article-id><article-id pub-id-type="pmid">15128433</article-id><article-id pub-id-type="publisher-id">1471-2105-5-52</article-id><article-id pub-id-type="pmid">15128433</article-id><article-id pub-id-type="doi">10.1186/1471-2105-5-52</article-id><article-categories><subj-group subj-group-type="heading"><subject>Software</subject></subj-group></article-categories><title-group><article-title>GeneOrder3.0: Software for comparing the order of genes in pairs of small bacterial genomes</article-title></title-group><contrib-group><contrib id="A1" equal-contrib="yes" contrib-type="author"><name><surname>Celamkoti</surname><given-names>Srikanth</given-names></name><xref ref-type="aff" rid="I1">1</xref><email>scelamko@gmu.edu</email></contrib><contrib id="A2" equal-contrib="yes" contrib-type="author"><name><surname>Kundeti</surname><given-names>Sashidhara</given-names></name><xref ref-type="aff" rid="I1">1</xref><email>skundeti@gmu.edu</email></contrib><contrib id="A3" contrib-type="author"><name><surname>Purkayastha</surname><given-names>Anjan</given-names></name><xref ref-type="aff" rid="I1">1</xref><email>purkayas@hotmail.com</email></contrib><contrib id="A4" contrib-type="author"><name><surname>Mazumder</surname><given-names>Raja</given-names></name><xref ref-type="aff" rid="I2">2</xref><email>rm285@georgetown.edu</email></contrib><contrib id="A5" contrib-type="author"><name><surname>Buck</surname><given-names>Charles</given-names></name><xref ref-type="aff" rid="I3">3</xref><email>cbuck@atcc.org</email></contrib><contrib id="A6" corresp="yes" contrib-type="author"><name><surname>Seto</surname><given-names>Donald</given-names></name><xref ref-type="aff" rid="I1">1</xref><email>dseto@gmu.edu</email></contrib></contrib-group><aff id="I1"><label>1</label>Bioinformatics and Computational Biology, School of Computational Sciences, George Mason University. 10900 University Boulevard, MSN 5B3, Manassas, VA 20110 USA</aff><aff id="I2"><label>2</label>Biochemistry and Molecular Biology Department, Georgetown University School of Medicine. 4000 Reservoir Road, Washington, D.C. 20057 USA</aff><aff id="I3"><label>3</label>Virology Program, American Type Culture Collection (ATCC). 10801 University Boulevard, Manassas, VA 20110, USA</aff><pub-date pub-type="collection"><year>2004</year></pub-date><pub-date pub-type="epub"><day>5</day><month>5</month><year>2004</year></pub-date><volume>5</volume><fpage>52</fpage><lpage>52</lpage><ext-link ext-link-type="uri" xlink:href="http://www.biomedcentral.com/1471-2105/5/52"/><history><date date-type="received"><day>16</day><month>1</month><year>2004</year></date><date date-type="accepted"><day>5</day><month>5</month><year>2004</year></date></history><copyright-statement>Copyright © 2004 Celamkoti et al; licensee BioMed Central Ltd. This is an Open Access article: verbatim copying and redistribution of this article are permitted in all media for any purpose, provided this notice is preserved along with the article's original URL.</copyright-statement><abstract><sec><title>Background</title><p>An increasing number of whole viral and bacterial genomes are being sequenced and deposited in public databases. In parallel to the mounting interest in whole genomes, the number of whole genome analyses software tools is also increasing. GeneOrder was originally developed to provide an analysis of genes between two genomes, allowing visualization of gene order and synteny comparisons of any small genomes. It was originally developed for comparing virus, mitochondrion and chloroplast genomes. This is now extended to small bacterial genomes of sizes less than 2 Mb.</p></sec><sec><title>Results</title><p>GeneOrder3.0 has been developed and validated successfully on several small bacterial genomes (ca. 580 kb to 1.83 Mb) archived in the NCBI GenBank database. It is an updated web-based "on-the-fly" computational tool allowing gene order and synteny comparisons of any two small bacterial genomes. Analyses of several bacterial genomes show that a large amount of gene and genome re-arrangement occurs, as seen with earlier DNA software tools. This can be displayed at the protein level using GeneOrder3.0. Whole genome alignments of genes are presented in both a table and a dot plot. This allows the detection of evolutionary more distant relationships since protein sequences are more conserved than DNA sequences.</p></sec><sec><title>Conclusions</title><p>GeneOrder3.0 allows researchers to perform comparative analysis of gene order and synteny in genomes of sizes up to 2 Mb "on-the-fly." Availability: <ext-link ext-link-type="uri" xlink:href="http://binf.gmu.edu/genometools.html"/> and <ext-link ext-link-type="uri" xlink:href="http://pasteur.atcc.org:8050/GeneOrder3.0"/>.</p></sec></abstract></article-meta></front></article>