<article xmlns="https://dtd.nlm.nih.gov/ns/archiving/2.3/" xmlns:xsi="http://www.w3.org/2001/XMLSchema-instance" xmlns:mml="http://www.w3.org/1998/Math/MathML" xmlns:xlink="http://www.w3.org/1999/xlink" xsi:schemaLocation="https://dtd.nlm.nih.gov/ns/archiving/2.3/ https://dtd.nlm.nih.gov/archiving/2.3/xsd/archivearticle.xsd" article-type="research-article"><front><journal-meta><journal-id journal-id-type="nlm-ta">BMC Bioinformatics</journal-id><journal-title>BMC Bioinformatics</journal-title><issn pub-type="epub">1471-2105</issn><publisher><publisher-name>BioMed Central</publisher-name><publisher-loc>London</publisher-loc></publisher></journal-meta><article-meta><article-id pub-id-type="accession">PMC434492</article-id><article-id pub-id-type="pmcid">PMC434492</article-id><article-id pub-id-type="pmc-uid">434492</article-id><article-id pub-id-type="pmid">15151695</article-id><article-id pub-id-type="publisher-id">1471-2105-5-63</article-id><article-id pub-id-type="pmid">15151695</article-id><article-id pub-id-type="doi">10.1186/1471-2105-5-63</article-id><article-categories><subj-group subj-group-type="heading"><subject>Methodology Article</subject></subj-group></article-categories><title-group><article-title>Spotting effect in microarray experiments</article-title></title-group><contrib-group><contrib id="A1" corresp="yes" contrib-type="author"><name><surname>Mary-Huard</surname><given-names>Tristan</given-names></name><xref ref-type="aff" rid="I1">1</xref><email>maryhuar@inapg.fr</email></contrib><contrib id="A2" contrib-type="author"><name><surname>Daudin</surname><given-names>Jean-Jacques</given-names></name><xref ref-type="aff" rid="I1">1</xref><email>daudin@inapg.fr</email></contrib><contrib id="A3" contrib-type="author"><name><surname>Robin</surname><given-names>Stéphane</given-names></name><xref ref-type="aff" rid="I1">1</xref><email>robin@inapg.fr</email></contrib><contrib id="A4" contrib-type="author"><name><surname>Bitton</surname><given-names>Frédérique</given-names></name><xref ref-type="aff" rid="I2">2</xref><email>bitton@urgv.fr</email></contrib><contrib id="A5" contrib-type="author"><name><surname>Cabannes</surname><given-names>Eric</given-names></name><xref ref-type="aff" rid="I3">3</xref><email>cabannes@pasteur.fr</email></contrib><contrib id="A6" contrib-type="author"><name><surname>Hilson</surname><given-names>Pierre</given-names></name><xref ref-type="aff" rid="I2">2</xref><xref ref-type="aff" rid="I4">4</xref><email>pihil@gengenp.rug.ac.be</email></contrib></contrib-group><aff id="I1"><label>1</label>Institut National Agronomique Paris-Grignon, 16 rue Claude Bernard, 75231 Paris, France</aff><aff id="I2"><label>2</label>UMR Génomique Végétale, INRA-CNRS-Université d'Evry, CP 5708, F-91057 Evry, France</aff><aff id="I3"><label>3</label>Laboratoire d'Immunologie Virale, Institut Pasteur, 28 rue du Docteur Roux, 75724 Paris, France</aff><aff id="I4"><label>4</label>Department of Plant Systems Biology, Flanders Interuniversity Institute for Biotechnology (VIB), Ghent University, Technologiepark 927, B-9052 Gent, Belgium</aff><pub-date pub-type="collection"><year>2004</year></pub-date><pub-date pub-type="epub"><day>19</day><month>5</month><year>2004</year></pub-date><volume>5</volume><fpage>63</fpage><lpage>63</lpage><ext-link ext-link-type="uri" xlink:href="http://www.biomedcentral.com/1471-2105/5/63"/><history><date date-type="received"><day>9</day><month>1</month><year>2004</year></date><date date-type="accepted"><day>19</day><month>5</month><year>2004</year></date></history><copyright-statement>Copyright © 2004 Mary-Huard et al; licensee BioMed Central Ltd. This is an Open Access article: verbatim copying and redistribution of this article are permitted in all media for any purpose, provided this notice is preserved along with the article's original URL.</copyright-statement><abstract><sec><title>Background</title><p>Microarray data must be normalized because they suffer from multiple biases. We have identified a source of spatial experimental variability that significantly affects data obtained with Cy3/Cy5 spotted glass arrays. It yields a periodic pattern altering both signal (Cy3/Cy5 ratio) and intensity across the array.</p></sec><sec><title>Results</title><p>Using the variogram, a geostatistical tool, we characterized the observed variability, called here the spotting effect because it most probably arises during steps in the array printing procedure.</p></sec><sec><title>Conclusions</title><p>The spotting effect is not appropriately corrected by current normalization methods, even by those addressing spatial variability. Importantly, the spotting effect may alter differential and clustering analysis.</p></sec></abstract></article-meta></front></article>