<article xmlns="https://dtd.nlm.nih.gov/ns/archiving/2.3/" xmlns:xsi="http://www.w3.org/2001/XMLSchema-instance" xmlns:mml="http://www.w3.org/1998/Math/MathML" xmlns:xlink="http://www.w3.org/1999/xlink" xsi:schemaLocation="https://dtd.nlm.nih.gov/ns/archiving/2.3/ https://dtd.nlm.nih.gov/archiving/2.3/xsd/archivearticle.xsd" article-type="research-article"><front><journal-meta><journal-id journal-id-type="nlm-ta">BMC Bioinformatics</journal-id><journal-title>BMC Bioinformatics</journal-title><issn pub-type="epub">1471-2105</issn><publisher><publisher-name>BioMed Central</publisher-name><publisher-loc>London</publisher-loc></publisher></journal-meta><article-meta><article-id pub-id-type="accession">PMC419331</article-id><article-id pub-id-type="pmcid">PMC419331</article-id><article-id pub-id-type="pmc-uid">419331</article-id><article-id pub-id-type="pmid">15061866</article-id><article-id pub-id-type="publisher-id">1471-2105-5-37</article-id><article-id pub-id-type="pmid">15061866</article-id><article-id pub-id-type="doi">10.1186/1471-2105-5-37</article-id><article-categories><subj-group subj-group-type="heading"><subject>Research Article</subject></subj-group></article-categories><title-group><article-title>Structural characterization of genomes by large scale sequence-structure threading</article-title></title-group><contrib-group><contrib id="A1" corresp="yes" contrib-type="author"><name><surname>Cherkasov</surname><given-names>Artem</given-names></name><xref ref-type="aff" rid="I1">1</xref><xref ref-type="aff" rid="I2">2</xref><email>artc@interchange.ubc.ca</email></contrib><contrib id="A2" contrib-type="author"><name><surname>Jones</surname><given-names>Steven JM</given-names></name><xref ref-type="aff" rid="I1">1</xref><email>sjones@bcgsc.ca</email></contrib></contrib-group><aff id="I1"><label>1</label>Genome Sciences Centre, British Columbia Cancer Agency, Vancouver, British Columbia, Canada</aff><aff id="I2"><label>2</label>Faculty of Medicine, University of British Columbia, Vancouver, British Columbia, Canada</aff><pub-date pub-type="collection"><year>2004</year></pub-date><pub-date pub-type="epub"><day>3</day><month>4</month><year>2004</year></pub-date><volume>5</volume><fpage>37</fpage><lpage>37</lpage><ext-link ext-link-type="uri" xlink:href="http://www.biomedcentral.com/1471-2105/5/37"/><history><date date-type="received"><day>9</day><month>10</month><year>2003</year></date><date date-type="accepted"><day>3</day><month>4</month><year>2004</year></date></history><copyright-statement>Copyright © 2004 Cherkasov and Jones; licensee BioMed Central Ltd. This is an Open Access article: verbatim copying and redistribution of this article are permitted in all media for any purpose, provided this notice is preserved along with the article's original URL.</copyright-statement><abstract><sec><title>Background</title><p>Using sequence-structure threading we have conducted structural characterization of complete proteomes of 37 archaeal, bacterial and eukaryotic organisms (including worm, fly, mouse and human) totaling 167,888 genes.</p></sec><sec><title>Results</title><p>The reported data represent first rather general evaluation of performance of full sequence-structure threading on multiple genomes providing opportunity to evaluate its general applicability for large scale studies.</p><p>According to the estimated results the sequence-structure threading has assigned protein folds to more then 60% of eukaryotic, 68% of archaeal and 70% of bacterial proteomes.</p><p>The repertoires of protein classes, architectures, topologies and homologous superfamilies (according to the CATH 2.4 classification) have been established for distant organisms and superkingdoms. It has been found that the average abundance of CATH classes decreases from "alpha and beta" to "mainly beta", followed by "mainly alpha" and "few secondary structures".</p><p>3-Layer (aba) Sandwich has been characterized as the most abundant protein architecture and Rossman fold as the most common topology.</p></sec><sec><title>Conclusion</title><p>The analysis of genomic occurrences of CATH 2.4 protein homologous superfamilies and topologies has revealed the power-law character of their distributions. The corresponding double logarithmic "frequency – genomic occurrence" dependences characteristic of scale-free systems have been established for individual organisms and for three superkingdoms.</p><p>Supplementary materials to this works are available at [<xref ref-type="bibr" rid="B1">1</xref>].</p></sec></abstract></article-meta></front></article>