<article xmlns="https://dtd.nlm.nih.gov/ns/archiving/2.3/" xmlns:xsi="http://www.w3.org/2001/XMLSchema-instance" xmlns:mml="http://www.w3.org/1998/Math/MathML" xmlns:xlink="http://www.w3.org/1999/xlink" xsi:schemaLocation="https://dtd.nlm.nih.gov/ns/archiving/2.3/ https://dtd.nlm.nih.gov/archiving/2.3/xsd/archivearticle.xsd" article-type="research-article"><front><journal-meta><journal-id journal-id-type="nlm-ta">BMC Bioinformatics</journal-id><journal-title>BMC Bioinformatics</journal-title><issn pub-type="epub">1471-2105</issn><publisher><publisher-name>BioMed Central</publisher-name><publisher-loc>London</publisher-loc></publisher></journal-meta><article-meta><article-id pub-id-type="accession">PMC406491</article-id><article-id pub-id-type="pmcid">PMC406491</article-id><article-id pub-id-type="pmc-uid">406491</article-id><article-id pub-id-type="pmid">15113409</article-id><article-id pub-id-type="publisher-id">1471-2105-5-26</article-id><article-id pub-id-type="pmid">15113409</article-id><article-id pub-id-type="doi">10.1186/1471-2105-5-26</article-id><article-categories><subj-group subj-group-type="heading"><subject>Research Article</subject></subj-group></article-categories><title-group><article-title>Computational protein biomarker prediction: a case study for prostate cancer</article-title></title-group><contrib-group><contrib id="A1" corresp="yes" contrib-type="author"><name><surname>Wagner</surname><given-names>Michael</given-names></name><xref ref-type="aff" rid="I1">1</xref><email>mwagner@cchmc.org</email></contrib><contrib id="A2" contrib-type="author"><name><surname>Naik</surname><given-names>Dayanand N</given-names></name><xref ref-type="aff" rid="I2">2</xref><email>dnaik@odu.edu</email></contrib><contrib id="A3" contrib-type="author"><name><surname>Pothen</surname><given-names>Alex</given-names></name><xref ref-type="aff" rid="I3">3</xref><email>pothen@cs.odu.edu</email></contrib><contrib id="A4" contrib-type="author"><name><surname>Kasukurti</surname><given-names>Srinivas</given-names></name><xref ref-type="aff" rid="I3">3</xref><email>skasukur@cs.odu.edu</email></contrib><contrib id="A5" contrib-type="author"><name><surname>Devineni</surname><given-names>Raghu Ram</given-names></name><xref ref-type="aff" rid="I3">3</xref><email>devin_r@cs.odu.edu</email></contrib><contrib id="A6" contrib-type="author"><name><surname>Adam</surname><given-names>Bao-Ling</given-names></name><xref ref-type="aff" rid="I4">4</xref><email>adambl@evms.edu</email></contrib><contrib id="A7" contrib-type="author"><name><surname>Semmes</surname><given-names>O John</given-names></name><xref ref-type="aff" rid="I4">4</xref><email>semmesoj@evms.edu</email></contrib><contrib id="A8" contrib-type="author"><name><surname>Wright</surname><given-names>George L</given-names><suffix>Jr</suffix></name><xref ref-type="aff" rid="I4">4</xref><email>wrightgl@evms.edu</email></contrib></contrib-group><aff id="I1"><label>1</label>Cincinnati Children's Hospital Research Foundation and Department of Biomedical Engineering, University of Cincinnati, Cincinnati, OH 45229, USA</aff><aff id="I2"><label>2</label>Department of Mathematics and Statistics, Old Dominion University, Norfolk, VA 23529, USA</aff><aff id="I3"><label>3</label>Department of Computer Science, Old Dominion University, Norfolk, VA 23529, USA</aff><aff id="I4"><label>4</label>Department of Microbiology and Molecular Cell Biology, Eastern Virginia Medical School, Norfolk, VA 23507, USA</aff><pub-date pub-type="collection"><year>2004</year></pub-date><pub-date pub-type="epub"><day>11</day><month>3</month><year>2004</year></pub-date><volume>5</volume><fpage>26</fpage><lpage>26</lpage><ext-link ext-link-type="uri" xlink:href="http://www.biomedcentral.com/1471-2105/5/26"/><history><date date-type="received"><day>6</day><month>12</month><year>2003</year></date><date date-type="accepted"><day>11</day><month>3</month><year>2004</year></date></history><copyright-statement>Copyright © 2004 Wagner et al; licensee BioMed Central Ltd. This is an Open Access article: verbatim copying and redistribution of this article are permitted in all media for any purpose, provided this notice is preserved along with the article's original URL.</copyright-statement><abstract><sec><title>Background</title><p>Recent technological advances in mass spectrometry pose challenges in computational mathematics and statistics to process the mass spectral data into predictive models with clinical and biological significance. We discuss several classification-based approaches to finding protein biomarker candidates using protein profiles obtained via mass spectrometry, and we assess their statistical significance. Our overall goal is to implicate peaks that have a high likelihood of being biologically linked to a given disease state, and thus to narrow the search for biomarker candidates.</p></sec><sec><title>Results</title><p>Thorough cross-validation studies and randomization tests are performed on a prostate cancer dataset with over 300 patients, obtained at the Eastern Virginia Medical School using SELDI-TOF mass spectrometry. We obtain average classification accuracies of 87% on a four-group classification problem using a two-stage linear SVM-based procedure and just 13 peaks, with other methods performing comparably.</p></sec><sec><title>Conclusions</title><p>Modern feature selection and classification methods are powerful techniques for both the identification of biomarker candidates and the related problem of building predictive models from protein mass spectrometric profiles. Cross-validation and randomization are essential tools that must be performed carefully in order not to bias the results unfairly. However, only a biological validation and identification of the underlying proteins will ultimately confirm the actual value and power of any computational predictions.</p></sec></abstract><kwd-group><kwd>ANOVA F-statistic</kwd><kwd>B/W ratio</kwd><kwd>biomarker discovery</kwd><kwd>feature (peak) selection</kwd><kwd>prostate cancer</kwd><kwd>SELD1-TOF mass spectrometry</kwd><kwd>statistical discrimination methods</kwd><kwd>support vector machine.</kwd></kwd-group></article-meta></front></article>