<article xmlns="https://dtd.nlm.nih.gov/ns/archiving/2.3/" xmlns:xsi="http://www.w3.org/2001/XMLSchema-instance" xmlns:mml="http://www.w3.org/1998/Math/MathML" xmlns:xlink="http://www.w3.org/1999/xlink" xsi:schemaLocation="https://dtd.nlm.nih.gov/ns/archiving/2.3/ https://dtd.nlm.nih.gov/archiving/2.3/xsd/archivearticle.xsd" article-type="research-article"><front><journal-meta><journal-id journal-id-type="nlm-ta">BMC Bioinformatics</journal-id><journal-title>BMC Bioinformatics</journal-title><issn pub-type="epub">1471-2105</issn><publisher><publisher-name>BioMed Central</publisher-name><publisher-loc>London</publisher-loc></publisher></journal-meta><article-meta><article-id pub-id-type="accession">PMC420234</article-id><article-id pub-id-type="pmcid">PMC420234</article-id><article-id pub-id-type="pmc-uid">420234</article-id><article-id pub-id-type="pmid">15119964</article-id><article-id pub-id-type="publisher-id">1471-2105-5-51</article-id><article-id pub-id-type="pmid">15119964</article-id><article-id pub-id-type="doi">10.1186/1471-2105-5-51</article-id><article-categories><subj-group subj-group-type="heading"><subject>Database</subject></subj-group></article-categories><title-group><article-title><italic>ASAView</italic>: Database and tool for solvent accessibility representation in proteins</article-title></title-group><contrib-group><contrib id="A1" corresp="yes" contrib-type="author"><name><surname>Ahmad</surname><given-names>Shandar</given-names></name><xref ref-type="aff" rid="I1">1</xref><email>shandar@bse.kyutech.ac.jp</email></contrib><contrib id="A2" contrib-type="author"><name><surname>Gromiha</surname><given-names>Michael</given-names></name><xref ref-type="aff" rid="I2">2</xref><email>michael-gromiha@aist.go.jp</email></contrib><contrib id="A3" contrib-type="author"><name><surname>Fawareh</surname><given-names>Hamed</given-names></name><xref ref-type="aff" rid="I3">3</xref><email>fawareh@zpu.edu.jo</email></contrib><contrib id="A4" contrib-type="author"><name><surname>Sarai</surname><given-names>Akinori</given-names></name><xref ref-type="aff" rid="I1">1</xref><email>sarai@bse.kyutech.ac.jp</email></contrib></contrib-group><aff id="I1"><label>1</label>Department of Biochemical Engineering and Science, Kyushu Institute of Technology, Iizuka 820 8502, Fukuoka-ken, Japan</aff><aff id="I2"><label>2</label>Computational Biology Research Center (CBRC), National Institute of Advanced Industrial Science and Technology (AIST), 2-41-6 Aomi, Koto-ku, Tokyo, Japan</aff><aff id="I3"><label>3</label>Computer Science Department, Zarka Private University, Zarka 13110, Jordan</aff><pub-date pub-type="collection"><year>2004</year></pub-date><pub-date pub-type="epub"><day>1</day><month>5</month><year>2004</year></pub-date><volume>5</volume><fpage>51</fpage><lpage>51</lpage><ext-link ext-link-type="uri" xlink:href="http://www.biomedcentral.com/1471-2105/5/51"/><history><date date-type="received"><day>20</day><month>11</month><year>2003</year></date><date date-type="accepted"><day>1</day><month>5</month><year>2004</year></date></history><copyright-statement>Copyright © 2004 Ahmad et al; licensee BioMed Central Ltd. This is an Open Access article: verbatim copying and redistribution of this article are permitted in all media for any purpose, provided this notice is preserved along with the article's original URL.</copyright-statement><abstract><sec><title>Background</title><p>Accessible surface area (ASA) or solvent accessibility of amino acids in a protein has important implications. Knowledge of surface residues helps in locating potential candidates of active sites. Therefore, a method to quickly see the surface residues in a two dimensional model would help to immediately understand the population of amino acid residues on the surface and in the inner core of the proteins.</p></sec><sec><title>Results</title><p><italic>ASAView </italic>is an algorithm, an application and a database of schematic representations of solvent accessibility of amino acid residues within proteins. A characteristic two-dimensional spiral plot of solvent accessibility provides a convenient graphical view of residues in terms of their exposed surface areas. In addition, sequential plots in the form of bar charts are also provided. Online plots of the proteins included in the entire Protein Data Bank (PDB), are provided for the entire protein as well as their chains separately.</p></sec><sec><title>Conclusions</title><p>These graphical plots of solvent accessibility are likely to provide a quick view of the overall topological distribution of residues in proteins. Chain-wise computation of solvent accessibility is also provided.</p></sec></abstract></article-meta></front></article>