<article xmlns="https://dtd.nlm.nih.gov/ns/archiving/2.3/" xmlns:xsi="http://www.w3.org/2001/XMLSchema-instance" xmlns:mml="http://www.w3.org/1998/Math/MathML" xmlns:xlink="http://www.w3.org/1999/xlink" xsi:schemaLocation="https://dtd.nlm.nih.gov/ns/archiving/2.3/ https://dtd.nlm.nih.gov/archiving/2.3/xsd/archivearticle.xsd" article-type="research-article"><front><journal-meta><journal-id journal-id-type="nlm-ta">BMC Bioinformatics</journal-id><journal-title>BMC Bioinformatics</journal-title><issn pub-type="epub">1471-2105</issn><publisher><publisher-name>BioMed Central</publisher-name><publisher-loc>London</publisher-loc></publisher></journal-meta><article-meta><article-id pub-id-type="accession">PMC449700</article-id><article-id pub-id-type="pmcid">PMC449700</article-id><article-id pub-id-type="pmc-uid">449700</article-id><article-id pub-id-type="pmid">15212693</article-id><article-id pub-id-type="publisher-id">1471-2105-5-79</article-id><article-id pub-id-type="pmid">15212693</article-id><article-id pub-id-type="doi">10.1186/1471-2105-5-79</article-id><article-categories><subj-group subj-group-type="heading"><subject>Database</subject></subj-group></article-categories><title-group><article-title>Phospho.ELM: A database of experimentally verified phosphorylation sites in eukaryotic proteins</article-title></title-group><contrib-group><contrib id="A1" equal-contrib="yes" contrib-type="author"><name><surname>Diella</surname><given-names>Francesca</given-names></name><xref ref-type="aff" rid="I1">1</xref><xref ref-type="aff" rid="I3">3</xref><email>diella@embl.de</email></contrib><contrib id="A2" equal-contrib="yes" contrib-type="author"><name><surname>Cameron</surname><given-names>Scott</given-names></name><xref ref-type="aff" rid="I2">2</xref><email>s.cameron@dundee.ac.uk</email></contrib><contrib id="A3" contrib-type="author"><name><surname>Gemünd</surname><given-names>Christine</given-names></name><xref ref-type="aff" rid="I3">3</xref><email>gemuend@embl.de</email></contrib><contrib id="A4" contrib-type="author"><name><surname>Linding</surname><given-names>Rune</given-names></name><xref ref-type="aff" rid="I3">3</xref><email>linding@embl.de</email></contrib><contrib id="A5" contrib-type="author"><name><surname>Via</surname><given-names>Allegra</given-names></name><xref ref-type="aff" rid="I4">4</xref><email>allegra@cbm.bio.uniroma2.it</email></contrib><contrib id="A6" contrib-type="author"><name><surname>Kuster</surname><given-names>Bernhard</given-names></name><xref ref-type="aff" rid="I1">1</xref><email>Bernhard.Kuester@cellzome.com</email></contrib><contrib id="A7" contrib-type="author"><name><surname>Sicheritz-Pontén</surname><given-names>Thomas</given-names></name><xref ref-type="aff" rid="I5">5</xref><email>thomas@cbs.dtu.dk</email></contrib><contrib id="A8" contrib-type="author"><name><surname>Blom</surname><given-names>Nikolaj</given-names></name><xref ref-type="aff" rid="I5">5</xref><email>nikob@cbs.dtu.dk</email></contrib><contrib id="A9" corresp="yes" contrib-type="author"><name><surname>Gibson</surname><given-names>Toby J</given-names></name><xref ref-type="aff" rid="I3">3</xref><email>toby.gibson@embl.de</email></contrib></contrib-group><aff id="I1"><label>1</label>Cellzome AG, Heidelberg, Germany</aff><aff id="I2"><label>2</label>Division of Biological Chemistry and Molecular Microbiology, University of Dundee, Dundee, UK</aff><aff id="I3"><label>3</label>Structural and Computational Biology Programme, European Molecular Biology Laboratory, 69012 Heidelberg, Germany</aff><aff id="I4"><label>4</label>Center for Molecular Biolinformatics Dept of Biology, Tor Vergata University, Rome, Italy</aff><aff id="I5"><label>5</label>Center for Biological Sequence Analysis-DTU Lyngby, Denmark</aff><pub-date pub-type="collection"><year>2004</year></pub-date><pub-date pub-type="epub"><day>22</day><month>6</month><year>2004</year></pub-date><volume>5</volume><fpage>79</fpage><lpage>79</lpage><ext-link ext-link-type="uri" xlink:href="http://www.biomedcentral.com/1471-2105/5/79"/><history><date date-type="received"><day>21</day><month>4</month><year>2004</year></date><date date-type="accepted"><day>22</day><month>6</month><year>2004</year></date></history><copyright-statement>Copyright © 2004 Diella et al; licensee BioMed Central Ltd. This is an Open Access article: verbatim copying and redistribution of this article are permitted in all media for any purpose, provided this notice is preserved along with the article's original URL.</copyright-statement><abstract><sec><title>Background</title><p>Post-translational phosphorylation is one of the most common protein modifications. Phosphoserine, threonine and tyrosine residues play critical roles in the regulation of many cellular processes. The fast growing number of research reports on protein phosphorylation points to a general need for an accurate database dedicated to phosphorylation to provide easily retrievable information on phosphoproteins.</p></sec><sec><title>Description</title><p>Phospho.ELM <ext-link ext-link-type="uri" xlink:href="http://phospho.elm.eu.org"/> is a new resource containing experimentally verified phosphorylation sites manually curated from the literature and is developed as part of the ELM (Eukaryotic Linear Motif) resource. Phospho.ELM constitutes the largest searchable collection of phosphorylation sites available to the research community. The Phospho.ELM entries store information about substrate proteins with the exact positions of residues known to be phosphorylated by cellular kinases. Additional annotation includes literature references, subcellular compartment, tissue distribution, and information about the signaling pathways involved as well as links to the molecular interaction database MINT. Phospho.ELM version 2.0 contains 1703 phosphorylation site instances for 556 phosphorylated proteins.</p></sec><sec><title>Conclusion</title><p>Phospho.ELM will be a valuable tool both for molecular biologists working on protein phosphorylation sites and for bioinformaticians developing computational predictions on the specificity of phosphorylation reactions.</p></sec></abstract><kwd-group><kwd>post-transcriptional modification</kwd><kwd>protein kinase</kwd><kwd>bioinformatics</kwd></kwd-group></article-meta></front></article>