<article xmlns="https://dtd.nlm.nih.gov/ns/archiving/2.3/" xmlns:xsi="http://www.w3.org/2001/XMLSchema-instance" xmlns:mml="http://www.w3.org/1998/Math/MathML" xmlns:xlink="http://www.w3.org/1999/xlink" xsi:schemaLocation="https://dtd.nlm.nih.gov/ns/archiving/2.3/ https://dtd.nlm.nih.gov/archiving/2.3/xsd/archivearticle.xsd" article-type="other"><front><journal-meta><journal-id journal-id-type="nlm-ta">BMC Bioinformatics</journal-id><journal-title>BMC Bioinformatics</journal-title><issn pub-type="epub">1471-2105</issn><publisher><publisher-name>BioMed Central</publisher-name><publisher-loc>London</publisher-loc></publisher></journal-meta><article-meta><article-id pub-id-type="accession">PMC459209</article-id><article-id pub-id-type="pmcid">PMC459209</article-id><article-id pub-id-type="pmc-uid">459209</article-id><article-id pub-id-type="pmid">15214961</article-id><article-id pub-id-type="publisher-id">1471-2105-5-80</article-id><article-id pub-id-type="pmid">15214961</article-id><article-id pub-id-type="doi">10.1186/1471-2105-5-80</article-id><article-categories><subj-group subj-group-type="heading"><subject>Correspondence</subject></subj-group></article-categories><title-group><article-title>Mistaken Identifiers: Gene name errors can be introduced inadvertently when using Excel in bioinformatics</article-title></title-group><contrib-group><contrib id="A1" equal-contrib="yes" contrib-type="author"><name><surname>Zeeberg</surname><given-names>Barry R</given-names></name><xref ref-type="aff" rid="I1">1</xref><email>barry@discover.nci.nih.gov</email></contrib><contrib id="A2" equal-contrib="yes" contrib-type="author"><name><surname>Riss</surname><given-names>Joseph</given-names></name><xref ref-type="aff" rid="I2">2</xref><email>rissj@helix.nih.gov</email></contrib><contrib id="A3" contrib-type="author"><name><surname>Kane</surname><given-names>David W</given-names></name><xref ref-type="aff" rid="I3">3</xref><email>david_kane@sra.com</email></contrib><contrib id="A4" contrib-type="author"><name><surname>Bussey</surname><given-names>Kimberly J</given-names></name><xref ref-type="aff" rid="I1">1</xref><email>busseyk@mail.nih.gov</email></contrib><contrib id="A5" contrib-type="author"><name><surname>Uchio</surname><given-names>Edward</given-names></name><xref ref-type="aff" rid="I4">4</xref><email>eu8v@nih.gov</email></contrib><contrib id="A6" contrib-type="author"><name><surname>Linehan</surname><given-names>W Marston</given-names></name><xref ref-type="aff" rid="I4">4</xref><email>linehanm@mail.nih.gov</email></contrib><contrib id="A7" contrib-type="author"><name><surname>Barrett</surname><given-names>J Carl</given-names></name><xref ref-type="aff" rid="I2">2</xref><email>barrett@mail.nih.gov</email></contrib><contrib id="A8" corresp="yes" contrib-type="author"><name><surname>Weinstein</surname><given-names>John N</given-names></name><xref ref-type="aff" rid="I1">1</xref><email>weinstein@dtpvx2.ncifcrf.gov</email></contrib></contrib-group><aff id="I1"><label>1</label>Genomics &amp; Bioinformatics Group, Laboratory of Molecular Pharmacology, Center for Cancer Research (CCR), National Cancer Institute (NCI), National Institutes of Health (NIH), Bldg 37 Rm 5041, NIH, 9000 Rockville Pike, Bethesda, MD 20892 USA</aff><aff id="I2"><label>2</label>Laboratory of Biosystems and Cancer, CCR, Bldg 37 Rm 5032, NIH, 9000 Rockville Pike, Bethesda, MD 20892 USA</aff><aff id="I3"><label>3</label>SRA International, 4300 Fair Lakes CT, Fairfax, VA 22033 USA</aff><aff id="I4"><label>4</label>Urologic Oncology Branch, Bldg 10 Rm 2B47, National Institutes of Health, Bethesda, MD 20892 USA</aff><pub-date pub-type="collection"><year>2004</year></pub-date><pub-date pub-type="epub"><day>23</day><month>6</month><year>2004</year></pub-date><volume>5</volume><fpage>80</fpage><lpage>80</lpage><ext-link ext-link-type="uri" xlink:href="http://www.biomedcentral.com/1471-2105/5/80"/><history><date date-type="received"><day>5</day><month>3</month><year>2004</year></date><date date-type="accepted"><day>23</day><month>6</month><year>2004</year></date></history><copyright-statement>Copyright © 2004 Zeeberg et al; licensee BioMed Central Ltd. This is an Open Access article: verbatim copying and redistribution of this article are permitted in all media for any purpose, provided this notice is preserved along with the article's original URL.</copyright-statement><abstract><sec><title>Background</title><p>When processing microarray data sets, we recently noticed that some gene names were being changed inadvertently to non-gene names.</p></sec><sec><title>Results</title><p>A little detective work traced the problem to default date format conversions and floating-point format conversions in the very useful Excel program package. The date conversions affect at least 30 gene names; the floating-point conversions affect at least 2,000 if Riken identifiers are included. These conversions are irreversible; the original gene names cannot be recovered.</p></sec><sec><title>Conclusions</title><p>Users of Excel for analyses involving gene names should be aware of this problem, which can cause genes, including medically important ones, to be lost from view and which has contaminated even carefully curated public databases. We provide work-arounds and scripts for circumventing the problem.</p></sec></abstract></article-meta></front></article>