<article xmlns="https://dtd.nlm.nih.gov/ns/archiving/2.3/" xmlns:xsi="http://www.w3.org/2001/XMLSchema-instance" xmlns:mml="http://www.w3.org/1998/Math/MathML" xmlns:xlink="http://www.w3.org/1999/xlink" xsi:schemaLocation="https://dtd.nlm.nih.gov/ns/archiving/2.3/ https://dtd.nlm.nih.gov/archiving/2.3/xsd/archivearticle.xsd" article-type="research-article"><front><journal-meta><journal-id journal-id-type="nlm-ta">BMC Bioinformatics</journal-id><journal-title>BMC Bioinformatics</journal-title><issn pub-type="epub">1471-2105</issn><publisher><publisher-name>BioMed Central</publisher-name><publisher-loc>London</publisher-loc></publisher></journal-meta><article-meta><article-id pub-id-type="accession">PMC415561</article-id><article-id pub-id-type="pmcid">PMC415561</article-id><article-id pub-id-type="pmc-uid">415561</article-id><article-id pub-id-type="pmid">15128432</article-id><article-id pub-id-type="publisher-id">1471-2105-5-53</article-id><article-id pub-id-type="pmid">15128432</article-id><article-id pub-id-type="doi">10.1186/1471-2105-5-53</article-id><article-categories><subj-group subj-group-type="heading"><subject>Methodology Article</subject></subj-group></article-categories><title-group><article-title>Statistical monitoring of weak spots for improvement of normalization and ratio estimates in microarrays</article-title></title-group><contrib-group><contrib id="A1" corresp="yes" contrib-type="author"><name><surname>Dozmorov</surname><given-names>Igor</given-names></name><xref ref-type="aff" rid="I1">1</xref><email>dozmorovi@omrf.ouhsc.edu</email></contrib><contrib id="A2" contrib-type="author"><name><surname>Knowlton</surname><given-names>Nicholas</given-names></name><xref ref-type="aff" rid="I1">1</xref><email>knowltonn@omrf.ouhsc.edu</email></contrib><contrib id="A3" contrib-type="author"><name><surname>Tang</surname><given-names>Yuhong</given-names></name><xref ref-type="aff" rid="I1">1</xref><email>tangy@omrf.ouhsc.edu</email></contrib><contrib id="A4" contrib-type="author"><name><surname>Centola</surname><given-names>Michael</given-names></name><xref ref-type="aff" rid="I1">1</xref><email>centolam@omrf.ouhsc.edu</email></contrib></contrib-group><aff id="I1"><label>1</label>Department of Arthritis and Immunology, Oklahoma Medical Research Foundation, Oklahoma City, OK, USA</aff><pub-date pub-type="collection"><year>2004</year></pub-date><pub-date pub-type="epub"><day>5</day><month>5</month><year>2004</year></pub-date><volume>5</volume><fpage>53</fpage><lpage>53</lpage><ext-link ext-link-type="uri" xlink:href="http://www.biomedcentral.com/1471-2105/5/53"/><history><date date-type="received"><day>13</day><month>12</month><year>2003</year></date><date date-type="accepted"><day>5</day><month>5</month><year>2004</year></date></history><copyright-statement>Copyright © 2004 Dozmorov et al; licensee BioMed Central Ltd. This is an Open Access article: verbatim copying and redistribution of this article are permitted in all media for any purpose, provided this notice is preserved along with the article's original URL.</copyright-statement><abstract><sec><title>Background</title><p>Several aspects of microarray data analysis are dependent on identification of genes expressed at or near the limits of detection. For example, regression-based normalization methods rely on the premise that most genes in compared samples are expressed at similar levels and therefore require accurate identification of nonexpressed genes (additive noise) so that they can be excluded from the normalization procedure. Moreover, key regulatory genes can maintain stringent control of a given response at low expression levels. If arbitrary cutoffs are used for distinguishing expressed from nonexpressed genes, some of these key regulatory genes may be unnecessarily excluded from the analysis. Unfortunately, no accurate method for differentiating additive noise from genes expressed at low levels is currently available.</p></sec><sec><title>Results</title><p>We developed a multistep procedure for analysis of mRNA expression data that robustly identifies the additive noise in a microarray experiment. This analysis is predicated on the fact that additive noise signals can be accurately identified by both distribution and statistical analysis.</p></sec><sec><title>Conclusions</title><p>Identification of additive noise in this manner allows exclusion of noncorrelated weak signals from regression-based normalization of compared profiles thus maximizing the accuracy of these methods. Moreover, genes expressed at very low levels can be clearly identified due to the fact that their expression distribution is stable and distinguishable from the random pattern of additive noise.</p></sec></abstract></article-meta></front></article>