<article xmlns="https://dtd.nlm.nih.gov/ns/archiving/2.3/" xmlns:xsi="http://www.w3.org/2001/XMLSchema-instance" xmlns:mml="http://www.w3.org/1998/Math/MathML" xmlns:xlink="http://www.w3.org/1999/xlink" xsi:schemaLocation="https://dtd.nlm.nih.gov/ns/archiving/2.3/ https://dtd.nlm.nih.gov/archiving/2.3/xsd/archivearticle.xsd" article-type="product-review"><front><journal-meta><journal-id journal-id-type="nlm-ta">BMC Bioinformatics</journal-id><journal-title>BMC Bioinformatics</journal-title><issn pub-type="epub">1471-2105</issn><publisher><publisher-name>BioMed Central</publisher-name><publisher-loc>London</publisher-loc></publisher></journal-meta><article-meta><article-id pub-id-type="accession">PMC419335</article-id><article-id pub-id-type="pmcid">PMC419335</article-id><article-id pub-id-type="pmc-uid">419335</article-id><article-id pub-id-type="pmid">15117420</article-id><article-id pub-id-type="publisher-id">1471-2105-5-48</article-id><article-id pub-id-type="pmid">15117420</article-id><article-id pub-id-type="doi">10.1186/1471-2105-5-48</article-id><article-categories><subj-group subj-group-type="heading"><subject>Software</subject></subj-group></article-categories><title-group><article-title>Visualising very large phylogenetic trees in three dimensional hyperbolic space</article-title></title-group><contrib-group><contrib id="A1" corresp="yes" contrib-type="author"><name><surname>Hughes</surname><given-names>Timothy</given-names></name><xref ref-type="aff" rid="I1">1</xref><email>tim@ii.uib.no</email></contrib><contrib id="A2" contrib-type="author"><name><surname>Hyun</surname><given-names>Young</given-names></name><xref ref-type="aff" rid="I2">2</xref><email>youngh@caida.org</email></contrib><contrib id="A3" contrib-type="author"><name><surname>Liberles</surname><given-names>David A</given-names></name><xref ref-type="aff" rid="I1">1</xref><email>liberles@cbu.uib.no</email></contrib></contrib-group><aff id="I1"><label>1</label>Computational Biology Unit Bergen Centre for Computational Science University of Bergen 5020 Bergen Norway</aff><aff id="I2"><label>2</label>Cooperative Association for Internet Data Analysis SDSC University of California – San Diego MC0505 9500 Gilman Drive La Jolla, CA 92093 USA</aff><pub-date pub-type="collection"><year>2004</year></pub-date><pub-date pub-type="epub"><day>29</day><month>4</month><year>2004</year></pub-date><volume>5</volume><fpage>48</fpage><lpage>48</lpage><ext-link ext-link-type="uri" xlink:href="http://www.biomedcentral.com/1471-2105/5/48"/><history><date date-type="received"><day>23</day><month>2</month><year>2004</year></date><date date-type="accepted"><day>29</day><month>4</month><year>2004</year></date></history><copyright-statement>Copyright © 2004 Hughes et al; licensee BioMed Central Ltd. This is an Open Access article: verbatim copying and redistribution of this article are permitted in all media for any purpose, provided this notice is preserved along with the article's original URL.</copyright-statement><abstract><sec><title>Background</title><p>Common existing phylogenetic tree visualisation tools are not able to display readable trees with more than a few thousand nodes. These existing methodologies are based in two dimensional space.</p></sec><sec><title>Results</title><p>We introduce the idea of visualising phylogenetic trees in three dimensional hyperbolic space with the Walrus graph visualisation tool and have developed a conversion tool that enables the conversion of standard phylogenetic tree formats to Walrus' format. With Walrus, it becomes possible to visualise and navigate phylogenetic trees with more than 100,000 nodes.</p></sec><sec><title>Conclusion</title><p>Walrus enables desktop visualisation of very large phylogenetic trees in 3 dimensional hyperbolic space. This application is potentially useful for visualisation of the tree of life and for functional genomics derivatives, like The Adaptive Evolution Database (TAED).</p></sec></abstract></article-meta></front></article>