<article xmlns="https://dtd.nlm.nih.gov/ns/archiving/2.3/" xmlns:xsi="http://www.w3.org/2001/XMLSchema-instance" xmlns:mml="http://www.w3.org/1998/Math/MathML" xmlns:xlink="http://www.w3.org/1999/xlink" xsi:schemaLocation="https://dtd.nlm.nih.gov/ns/archiving/2.3/ https://dtd.nlm.nih.gov/archiving/2.3/xsd/archivearticle.xsd" article-type="product-review"><front><journal-meta><journal-id journal-id-type="nlm-ta">BMC Bioinformatics</journal-id><journal-title>BMC Bioinformatics</journal-title><issn pub-type="epub">1471-2105</issn><publisher><publisher-name>BioMed Central</publisher-name><publisher-loc>London</publisher-loc></publisher></journal-meta><article-meta><article-id pub-id-type="accession">PMC441419</article-id><article-id pub-id-type="pmcid">PMC441419</article-id><article-id pub-id-type="pmc-uid">441419</article-id><article-id pub-id-type="pmid">15180909</article-id><article-id pub-id-type="publisher-id">1471-2105-5-69</article-id><article-id pub-id-type="pmid">15180909</article-id><article-id pub-id-type="doi">10.1186/1471-2105-5-69</article-id><article-categories><subj-group subj-group-type="heading"><subject>Software</subject></subj-group></article-categories><title-group><article-title>pdb-care (PDB CArbohydrate REsidue check): a program to support annotation of complex carbohydrate structures in PDB files</article-title></title-group><contrib-group><contrib id="A1" corresp="yes" contrib-type="author"><name><surname>Lütteke</surname><given-names>Thomas</given-names></name><xref ref-type="aff" rid="I1">1</xref><email>t.luetteke@dkfz-heidelberg.de</email></contrib><contrib id="A2" contrib-type="author"><name><surname>von der Lieth</surname><given-names>Claus-W</given-names></name><xref ref-type="aff" rid="I1">1</xref><email>w.vonderlieth@dkfz-heidelberg.de</email></contrib></contrib-group><aff id="I1"><label>1</label>German Cancer Research Center, Central Spectroscopic Department, Im Neuenheimer Feld 280, 69120 Heidelberg, Germany</aff><pub-date pub-type="collection"><year>2004</year></pub-date><pub-date pub-type="epub"><day>4</day><month>6</month><year>2004</year></pub-date><volume>5</volume><fpage>69</fpage><lpage>69</lpage><ext-link ext-link-type="uri" xlink:href="http://www.biomedcentral.com/1471-2105/5/69"/><history><date date-type="received"><day>29</day><month>3</month><year>2004</year></date><date date-type="accepted"><day>4</day><month>6</month><year>2004</year></date></history><copyright-statement>Copyright © 2004 Lütteke and von der Lieth; licensee BioMed Central Ltd. This is an Open Access article: verbatim copying and redistribution of this article are permitted in all media for any purpose, provided this notice is preserved along with the article's original URL.</copyright-statement><abstract><sec><title>Background</title><p>Carbohydrates are involved in a variety of fundamental biological processes and pathological situations. They therefore have a large pharmaceutical and diagnostic potential. Knowledge of the 3D structure of glycans is a prerequisite for a complete understanding of their biological functions. The largest source of biomolecular 3D structures is the Protein Data Bank. However, about 30% of all 1663 PDB entries (version September 2003) containing carbohydrates comprise errors in glycan description. Unfortunately, no software is currently available which aligns the 3D information with the reported assignments. It is the aim of this work to fill this gap.</p></sec><sec><title>Results</title><p>The <italic>pdb-care </italic>program <ext-link ext-link-type="uri" xlink:href="http://www.glycosciences.de/tools/pdb-care/"/> is able to identify and assign carbohydrate structures using only atom types and their 3D atom coordinates given in PDB-files. Looking up a translation table where systematic names and the respective PDB residue codes are listed, both assignments are compared and inconsistencies are reported. Additionally, the reliability of reported and calculated connectivities for molecules listed within the HETATOM records is checked and unusual values are reported.</p></sec><sec><title>Conclusion</title><p>Frequent use of pdb-care will help to improve the quality of carbohydrate data contained in the PDB. Automatic assignment of carbohydrate structures contained in PDB entries will enable the cross-linking of glycobiology resources with genomic and proteomic data collections.</p></sec></abstract></article-meta></front></article>