<article xmlns="https://dtd.nlm.nih.gov/ns/archiving/2.3/" xmlns:xsi="http://www.w3.org/2001/XMLSchema-instance" xmlns:mml="http://www.w3.org/1998/Math/MathML" xmlns:xlink="http://www.w3.org/1999/xlink" xsi:schemaLocation="https://dtd.nlm.nih.gov/ns/archiving/2.3/ https://dtd.nlm.nih.gov/archiving/2.3/xsd/archivearticle.xsd" article-type="correction"><front><journal-meta><journal-id journal-id-type="nlm-ta">BMC Bioinformatics</journal-id><journal-title>BMC Bioinformatics</journal-title><issn pub-type="epub">1471-2105</issn><publisher><publisher-name>BioMed Central</publisher-name><publisher-loc>London</publisher-loc></publisher></journal-meta><article-meta><article-id pub-id-type="accession">PMC459210</article-id><article-id pub-id-type="pmcid">PMC459210</article-id><article-id pub-id-type="pmc-uid">459210</article-id><article-id pub-id-type="publisher-id">1471-2105-5-82</article-id><article-id pub-id-type="doi">10.1186/1471-2105-5-82</article-id><article-categories><subj-group subj-group-type="heading"><subject>Correction</subject></subj-group></article-categories><title-group><article-title>Correction: Three-parameter lognormal distribution ubiquitously found in cDNA microarray data and its application to parametric data treatment</article-title></title-group><contrib-group><contrib id="A1" corresp="yes" contrib-type="author"><name><surname>Konishi</surname><given-names>Tomokazu</given-names></name><xref ref-type="aff" rid="I1">1</xref><email>konishi@akita-pu.ac.jp</email></contrib></contrib-group><aff id="I1"><label>1</label>Faculty of Bioresource Sciences, Akita Prefectural University, Akita 010-0195, Japan</aff><pub-date pub-type="collection"><year>2004</year></pub-date><pub-date pub-type="epub"><day>28</day><month>6</month><year>2004</year></pub-date><volume>5</volume><fpage>82</fpage><lpage>82</lpage><ext-link ext-link-type="uri" xlink:href="http://www.biomedcentral.com/1471-2105/5/82"/><history><date date-type="received"><day>28</day><month>6</month><year>2004</year></date><date date-type="accepted"><day>28</day><month>6</month><year>2004</year></date></history><copyright-statement>Copyright © 2004 Konishi; licensee BioMed Central Ltd. This is an Open Access article: verbatim copying and redistribution of this article are permitted in all media for any purpose, provided this notice is preserved along with the article's original URL.</copyright-statement><related-article related-article-type="corrected-article" vol="5" page="5" id="N0xa3a5308.0x9d3a668" xlink:href="14718068" ext-link-type="pubmed"/></article-meta></front></article>