<article xmlns="https://dtd.nlm.nih.gov/ns/archiving/2.3/" xmlns:xsi="http://www.w3.org/2001/XMLSchema-instance" xmlns:mml="http://www.w3.org/1998/Math/MathML" xmlns:xlink="http://www.w3.org/1999/xlink" xsi:schemaLocation="https://dtd.nlm.nih.gov/ns/archiving/2.3/ https://dtd.nlm.nih.gov/archiving/2.3/xsd/archivearticle.xsd" article-type="product-review"><front><journal-meta><journal-id journal-id-type="nlm-ta">BMC Bioinformatics</journal-id><journal-title>BMC Bioinformatics</journal-title><issn pub-type="epub">1471-2105</issn><publisher><publisher-name>BioMed Central</publisher-name><publisher-loc>London</publisher-loc></publisher></journal-meta><article-meta><article-id pub-id-type="accession">PMC406492</article-id><article-id pub-id-type="pmcid">PMC406492</article-id><article-id pub-id-type="pmc-uid">406492</article-id><article-id pub-id-type="pmid">15113408</article-id><article-id pub-id-type="publisher-id">1471-2105-5-27</article-id><article-id pub-id-type="pmid">15113408</article-id><article-id pub-id-type="doi">10.1186/1471-2105-5-27</article-id><article-categories><subj-group subj-group-type="heading"><subject>Software</subject></subj-group></article-categories><title-group><article-title>CisOrtho: A program pipeline for genome-wide identification of transcription factor target genes using phylogenetic footprinting</article-title></title-group><contrib-group><contrib id="A1" equal-contrib="yes" contrib-type="author"><name><surname>Bigelow</surname><given-names>Henry R</given-names></name><xref ref-type="aff" rid="I1">1</xref><email>hrb46@columbia.edu</email></contrib><contrib id="A2" equal-contrib="yes" contrib-type="author"><name><surname>Wenick</surname><given-names>Adam S</given-names></name><xref ref-type="aff" rid="I1">1</xref><email>asw33@columbia.edu</email></contrib><contrib id="A3" contrib-type="author"><name><surname>Wong</surname><given-names>Allan</given-names></name><xref ref-type="aff" rid="I1">1</xref><email>aw310@columbia.edu</email></contrib><contrib id="A4" corresp="yes" contrib-type="author"><name><surname>Hobert</surname><given-names>Oliver</given-names></name><xref ref-type="aff" rid="I1">1</xref><email>or38@columbia.edu</email></contrib></contrib-group><aff id="I1"><label>1</label>Department of Biochemistry and Molecular Biophysics, Columbia University, College of Physicians and Surgeons, 701 West 168th Street, New York, NY 10032, USA</aff><pub-date pub-type="collection"><year>2004</year></pub-date><pub-date pub-type="epub"><day>12</day><month>3</month><year>2004</year></pub-date><volume>5</volume><fpage>27</fpage><lpage>27</lpage><ext-link ext-link-type="uri" xlink:href="http://www.biomedcentral.com/1471-2105/5/27"/><history><date date-type="received"><day>21</day><month>1</month><year>2004</year></date><date date-type="accepted"><day>12</day><month>3</month><year>2004</year></date></history><copyright-statement>Copyright © 2004 Bigelow et al; licensee BioMed Central Ltd. This is an Open Access article: verbatim copying and redistribution of this article are permitted in all media for any purpose, provided this notice is preserved along with the article's original URL.</copyright-statement><abstract><sec><title>Background</title><p>All known genomes code for a large number of transcription factors. It is important to develop methods that will reveal how these transcription factors act on a genome wide level, that is, through what target genes they exert their function.</p></sec><sec><title>Results</title><p>We describe here a program pipeline aimed at identifying transcription factor target genes in whole genomes. Starting from a consensus binding site, represented as a weight matrix, potential sites in a pre-filtered genome are identified and then further filtered by assessing conservation of the putative site in the genome of a related species, a process called phylogenetic footprinting. CisOrtho has been successfully used to identify targets for two homeodomain transcription factors in the genomes of the nematodes <italic>Caenorhabditis elegans </italic>and <italic>Caenorhabditis briggsae.</italic></p></sec><sec><title>Conclusions</title><p>CisOrtho will identify targets of other nematode transcription factors whose DNA binding specificity is known and can be easily adapted to search other genomes for transcription factor targets.</p></sec></abstract></article-meta></front></article>