<article xmlns="https://dtd.nlm.nih.gov/ns/archiving/2.3/" xmlns:xsi="http://www.w3.org/2001/XMLSchema-instance" xmlns:mml="http://www.w3.org/1998/Math/MathML" xmlns:xlink="http://www.w3.org/1999/xlink" xsi:schemaLocation="https://dtd.nlm.nih.gov/ns/archiving/2.3/ https://dtd.nlm.nih.gov/archiving/2.3/xsd/archivearticle.xsd" article-type="product-review"><front><journal-meta><journal-id journal-id-type="nlm-ta">BMC Bioinformatics</journal-id><journal-title>BMC Bioinformatics</journal-title><issn pub-type="epub">1471-2105</issn><publisher><publisher-name>BioMed Central</publisher-name><publisher-loc>London</publisher-loc></publisher></journal-meta><article-meta><article-id pub-id-type="accession">PMC446184</article-id><article-id pub-id-type="pmcid">PMC446184</article-id><article-id pub-id-type="pmc-uid">446184</article-id><article-id pub-id-type="pmid">15189572</article-id><article-id pub-id-type="publisher-id">1471-2105-5-74</article-id><article-id pub-id-type="pmid">15189572</article-id><article-id pub-id-type="doi">10.1186/1471-2105-5-74</article-id><article-categories><subj-group subj-group-type="heading"><subject>Software</subject></subj-group></article-categories><title-group><article-title>M-CGH: Analysing microarray-based CGH experiments</article-title></title-group><contrib-group><contrib id="A1" corresp="yes" contrib-type="author"><name><surname>Wang</surname><given-names>Junbai</given-names></name><xref ref-type="aff" rid="I1">1</xref><xref ref-type="aff" rid="I2">2</xref><email>junbaiw@radium.uio.no</email></contrib><contrib id="A2" contrib-type="author"><name><surname>Meza-Zepeda</surname><given-names>Leonardo A</given-names></name><xref ref-type="aff" rid="I1">1</xref><xref ref-type="aff" rid="I2">2</xref><email>leonardm@radium.uio.no</email></contrib><contrib id="A3" contrib-type="author"><name><surname>Kresse</surname><given-names>Stine H</given-names></name><xref ref-type="aff" rid="I1">1</xref><xref ref-type="aff" rid="I3">3</xref><email>stinek@radium.uio.no</email></contrib><contrib id="A4" contrib-type="author"><name><surname>Myklebost</surname><given-names>Ola</given-names></name><xref ref-type="aff" rid="I1">1</xref><xref ref-type="aff" rid="I2">2</xref><email>olam@radium.uio.no</email></contrib></contrib-group><aff id="I1"><label>1</label>Department of Tumor Biology, The Norwegian Radium Hospital, Montebello, N-0310 Oslo, Norway</aff><aff id="I2"><label>2</label>Department of Molecular Biosciences, University of Oslo, Oslo, Norway</aff><aff id="I3"><label>3</label>Faculty of Medicine, University of Oslo, Oslo, Norway</aff><pub-date pub-type="collection"><year>2004</year></pub-date><pub-date pub-type="epub"><day>9</day><month>6</month><year>2004</year></pub-date><volume>5</volume><fpage>74</fpage><lpage>74</lpage><ext-link ext-link-type="uri" xlink:href="http://www.biomedcentral.com/1471-2105/5/74"/><history><date date-type="received"><day>19</day><month>3</month><year>2004</year></date><date date-type="accepted"><day>9</day><month>6</month><year>2004</year></date></history><copyright-statement>Copyright © 2004 Wang et al; licensee BioMed Central Ltd. This is an Open Access article: verbatim copying and redistribution of this article are permitted in all media for any purpose, provided this notice is preserved along with the article's original URL.</copyright-statement><abstract><sec><title>Background</title><p>Microarray-based comparative genomic hybridisation (array CGH) is a technique by which variation in relative copy numbers between two genomes can be analysed by competitive hybridisation to DNA microarrays. This technology has most commonly been used to detect chromosomal amplifications and deletions in cancer. Dedicated tools are needed to analyse the results of such experiments, which include appropriate visualisation, and to take into consideration the physical relation in the genome between the probes on the array.</p></sec><sec><title>Results</title><p>M-CGH is a MATLAB toolbox with a graphical user interface designed specifically for the analysis of array CGH experiments, with multiple approaches to ratio normalization. Specifically, the distributions of three classes of DNA copy numbers (gains, normal and losses) can be estimated using a maximum likelihood method. Amplicon boundaries are computed by either the fuzzy K-nearest neighbour method or a wavelet approach. The program also allows linking each genomic clone with the corresponding genomic information in the Ensembl database <ext-link ext-link-type="uri" xlink:href="http://www.ensembl.org"/>.</p></sec><sec><title>Conclusions</title><p>M-CGH, which encompasses the basic tools needed for analysing array CGH experiments, is freely available for academics <ext-link ext-link-type="uri" xlink:href="http://www.uio.no/~junbaiw/mcgh"/>, and does not require any other MATLAB toolbox.</p></sec></abstract></article-meta></front></article>