<article xmlns="https://dtd.nlm.nih.gov/ns/archiving/2.3/" xmlns:xsi="http://www.w3.org/2001/XMLSchema-instance" xmlns:mml="http://www.w3.org/1998/Math/MathML" xmlns:xlink="http://www.w3.org/1999/xlink" xsi:schemaLocation="https://dtd.nlm.nih.gov/ns/archiving/2.3/ https://dtd.nlm.nih.gov/archiving/2.3/xsd/archivearticle.xsd" article-type="product-review"><front><journal-meta><journal-id journal-id-type="nlm-ta">BMC Bioinformatics</journal-id><journal-title>BMC Bioinformatics</journal-title><issn pub-type="epub">1471-2105</issn><publisher><publisher-name>BioMed Central</publisher-name><publisher-loc>London</publisher-loc></publisher></journal-meta><article-meta><article-id pub-id-type="accession">PMC434495</article-id><article-id pub-id-type="pmcid">PMC434495</article-id><article-id pub-id-type="pmc-uid">434495</article-id><article-id pub-id-type="pmid">15180908</article-id><article-id pub-id-type="publisher-id">1471-2105-5-70</article-id><article-id pub-id-type="pmid">15180908</article-id><article-id pub-id-type="doi">10.1186/1471-2105-5-70</article-id><article-categories><subj-group subj-group-type="heading"><subject>Software</subject></subj-group></article-categories><title-group><article-title>Multiclass discovery in array data</article-title></title-group><contrib-group><contrib id="A1" contrib-type="author"><name><surname>Liu</surname><given-names>Yingchun</given-names></name><xref ref-type="aff" rid="I1">1</xref><email>spring@thep.lu.se</email></contrib><contrib id="A2" corresp="yes" contrib-type="author"><name><surname>Ringnér</surname><given-names>Markus</given-names></name><xref ref-type="aff" rid="I1">1</xref><email>markus@thep.lu.se</email></contrib></contrib-group><aff id="I1"><label>1</label>Complex Systems Division, Department of Theoretical Physics, Lund University, Sölvegatan 14A, SE-223 62 Lund, Sweden</aff><pub-date pub-type="collection"><year>2004</year></pub-date><pub-date pub-type="epub"><day>4</day><month>6</month><year>2004</year></pub-date><volume>5</volume><fpage>70</fpage><lpage>70</lpage><ext-link ext-link-type="uri" xlink:href="http://www.biomedcentral.com/1471-2105/5/70"/><history><date date-type="received"><day>21</day><month>1</month><year>2004</year></date><date date-type="accepted"><day>4</day><month>6</month><year>2004</year></date></history><copyright-statement>Copyright © 2004 Liu and Ringnér; licensee BioMed Central Ltd. This is an Open Access article: verbatim copying and redistribution of this article are permitted in all media for any purpose, provided this notice is preserved along with the article's original URL.</copyright-statement><abstract><sec><title>Background</title><p>A routine goal in the analysis of microarray data is to identify genes with expression levels that correlate with known classes of experiments. In a growing number of array data sets, it has been shown that there is an over-abundance of genes that discriminate between known classes as compared to expectations for random classes. Therefore, one can search for novel classes in array data by looking for partitions of experiments for which there are an over-abundance of discriminatory genes. We have previously used such an approach in a breast cancer study.</p></sec><sec><title>Results</title><p>We describe the implementation of an unsupervised classification method for class discovery in microarray data. The method allows for discovery of more than two classes. We applied our method on two published microarray data sets: small round blue cell tumors and breast tumors. The method predicts relevant classes in the data sets with high success rates.</p></sec><sec><title>Conclusions</title><p>We conclude that the proposed method is accurate and efficient in finding biologically relevant classes in microarray data. Additionally, the method is useful for quality control of microarray experiments. We have made the method available as a computer program.</p></sec></abstract></article-meta></front></article>