<article xmlns="https://dtd.nlm.nih.gov/ns/archiving/2.3/" xmlns:xsi="http://www.w3.org/2001/XMLSchema-instance" xmlns:mml="http://www.w3.org/1998/Math/MathML" xmlns:xlink="http://www.w3.org/1999/xlink" xsi:schemaLocation="https://dtd.nlm.nih.gov/ns/archiving/2.3/ https://dtd.nlm.nih.gov/archiving/2.3/xsd/archivearticle.xsd" article-type="research-article"><front><journal-meta><journal-id journal-id-type="nlm-ta">BMC Bioinformatics</journal-id><journal-title>BMC Bioinformatics</journal-title><issn pub-type="epub">1471-2105</issn><publisher><publisher-name>BioMed Central</publisher-name><publisher-loc>London</publisher-loc></publisher></journal-meta><article-meta><article-id pub-id-type="accession">PMC434494</article-id><article-id pub-id-type="pmcid">PMC434494</article-id><article-id pub-id-type="pmc-uid">434494</article-id><article-id pub-id-type="pmid">15175116</article-id><article-id pub-id-type="publisher-id">1471-2105-5-67</article-id><article-id pub-id-type="pmid">15175116</article-id><article-id pub-id-type="doi">10.1186/1471-2105-5-67</article-id><article-categories><subj-group subj-group-type="heading"><subject>Database</subject></subj-group></article-categories><title-group><article-title>Genome SEGE: A database for 'intronless' genes in eukaryotic genomes</article-title></title-group><contrib-group><contrib id="A1" contrib-type="author"><name><surname>Sakharkar</surname><given-names>Meena Kishore</given-names></name><xref ref-type="aff" rid="I1">1</xref><email>mmeena@ntu.edu.sg</email></contrib><contrib id="A2" corresp="yes" contrib-type="author"><name><surname>Kangueane</surname><given-names>Pandjassarame</given-names></name><xref ref-type="aff" rid="I1">1</xref><email>mpandjassarame@ntu.edu.sg</email></contrib></contrib-group><aff id="I1"><label>1</label>Nanyang Centre for Supercomputing and Visualization, School of Mechanical and Production Engineering, Nanyang Technological University, Singapore 639798</aff><pub-date pub-type="collection"><year>2004</year></pub-date><pub-date pub-type="epub"><day>2</day><month>6</month><year>2004</year></pub-date><volume>5</volume><fpage>67</fpage><lpage>67</lpage><ext-link ext-link-type="uri" xlink:href="http://www.biomedcentral.com/1471-2105/5/67"/><history><date date-type="received"><day>26</day><month>3</month><year>2004</year></date><date date-type="accepted"><day>2</day><month>6</month><year>2004</year></date></history><copyright-statement>Copyright © 2004 Sakharkar and Kangueane; licensee BioMed Central Ltd. This is an Open Access article: verbatim copying and redistribution of this article are permitted in all media for any purpose, provided this notice is preserved along with the article's original URL.</copyright-statement><abstract><sec><title>Background</title><p>A number of completely sequenced eukaryotic genome data are available in the public domain. Eukaryotic genes are either 'intron containing' or 'intronless'. Eukaryotic 'intronless' genes are interesting datasets for comparative genomics and evolutionary studies. The SEGE database containing a collection of eukaryotic single exon genes is available. However, SEGE is derived using GenBank. The redundant, incomplete and heterogeneous qualities of GenBank data are a bottleneck for biological investigation in comparative genomics and evolutionary studies. Such studies often require representative gene sets from each genome and this is possible only by deriving specific datasets from completely sequenced genome data. Thus Genome SEGE, a database for 'intronless' genes in completely sequenced eukaryotic genomes, has been constructed.</p><p><italic>Availability: </italic><ext-link ext-link-type="uri" xlink:href="http://sege.ntu.edu.sg/wester/intronless"/></p></sec><sec><title>Description</title><p>Eukaryotic 'intronless' genes are extracted from nine completely sequenced genomes (four of which are unicellular and five of which are multi-cellular). The complete dataset is available for download. Data subsets are also available for 'intronless' pseudo-genes. The database provides information on the distribution of 'intronless' genes in different genomes together with their length distributions in each genome. Additionally, the search tool provides pre-computed PROSITE motifs for each sequence in the database with appropriate hyperlinks to InterPro. A search facility is also available through the web server.</p></sec><sec><title>Conclusions</title><p>The unique features that distinguish Genome SEGE from SEGE is the service providing representative 'intronless' datasets for completely sequenced genomes. 'Intronless' gene sets available in this database will be of use for subsequent bio-computational analysis in comparative genomics and evolutionary studies. Such analysis may help to revisit the original genome data for re-examination and re-annotation.</p></sec></abstract></article-meta></front></article>