<article xmlns="https://dtd.nlm.nih.gov/ns/archiving/2.3/" xmlns:xsi="http://www.w3.org/2001/XMLSchema-instance" xmlns:mml="http://www.w3.org/1998/Math/MathML" xmlns:xlink="http://www.w3.org/1999/xlink" xsi:schemaLocation="https://dtd.nlm.nih.gov/ns/archiving/2.3/ https://dtd.nlm.nih.gov/archiving/2.3/xsd/archivearticle.xsd" article-type="research-article"><front><journal-meta><journal-id journal-id-type="nlm-ta">BMC Bioinformatics</journal-id><journal-title>BMC Bioinformatics</journal-title><issn pub-type="epub">1471-2105</issn><publisher><publisher-name>BioMed Central</publisher-name><publisher-loc>London</publisher-loc></publisher></journal-meta><article-meta><article-id pub-id-type="accession">PMC420457</article-id><article-id pub-id-type="pmcid">PMC420457</article-id><article-id pub-id-type="pmc-uid">420457</article-id><article-id pub-id-type="pmid">15163352</article-id><article-id pub-id-type="publisher-id">1471-2105-5-66</article-id><article-id pub-id-type="pmid">15163352</article-id><article-id pub-id-type="doi">10.1186/1471-2105-5-66</article-id><article-categories><subj-group subj-group-type="heading"><subject>Research Article</subject></subj-group></article-categories><title-group><article-title>Esub8: A novel tool to predict protein subcellular localizations in eukaryotic organisms</article-title></title-group><contrib-group><contrib id="A1" contrib-type="author"><name><surname>Cui</surname><given-names>Qinghua</given-names></name><xref ref-type="aff" rid="I1">1</xref><email>qhcui@nlpr.ia.ac.cn</email></contrib><contrib id="A2" corresp="yes" contrib-type="author"><name><surname>Jiang</surname><given-names>Tianzi</given-names></name><xref ref-type="aff" rid="I1">1</xref><email>jiangtz@nlpr.ia.ac.cn</email></contrib><contrib id="A3" contrib-type="author"><name><surname>Liu</surname><given-names>Bing</given-names></name><xref ref-type="aff" rid="I1">1</xref><email>bliu@nlpr.ia.ac.cn</email></contrib><contrib id="A4" contrib-type="author"><name><surname>Ma</surname><given-names>Songde</given-names></name><xref ref-type="aff" rid="I1">1</xref><email>masd@nlpr.ia.ac.cn</email></contrib></contrib-group><aff id="I1"><label>1</label>National Laboratory of Pattern Recognition, Institute of Automation, Chinese Academy of Sciences, Beijing 100080, P. R. China</aff><pub-date pub-type="collection"><year>2004</year></pub-date><pub-date pub-type="epub"><day>27</day><month>5</month><year>2004</year></pub-date><volume>5</volume><fpage>66</fpage><lpage>66</lpage><ext-link ext-link-type="uri" xlink:href="http://www.biomedcentral.com/1471-2105/5/66"/><history><date date-type="received"><day>16</day><month>12</month><year>2003</year></date><date date-type="accepted"><day>27</day><month>5</month><year>2004</year></date></history><copyright-statement>Copyright © 2004 Cui et al; licensee BioMed Central Ltd. This is an Open Access article: verbatim copying and redistribution of this article are permitted in all media for any purpose, provided this notice is preserved along with the article's original URL.</copyright-statement><abstract><sec><title>Background</title><p>Subcellular localization of a new protein sequence is very important and fruitful for understanding its function. As the number of new genomes has dramatically increased over recent years, a reliable and efficient system to predict protein subcellular location is urgently needed.</p></sec><sec><title>Results</title><p>Esub8 was developed to predict protein subcellular localizations for eukaryotic proteins based on amino acid composition. In this research, the proteins are classified into the following eight groups: chloroplast, cytoplasm, extracellular, Golgi apparatus, lysosome, mitochondria, nucleus and peroxisome. We know subcellular localization is a typical classification problem; consequently, a one-against-one (1-v-1) multi-class support vector machine was introduced to construct the classifier. Unlike previous methods, ours considers the order information of protein sequences by a different method. Our method is tested in three subcellular localization predictions for prokaryotic proteins and four subcellular localization predictions for eukaryotic proteins on Reinhardt's dataset. The results are then compared to several other methods. The total prediction accuracies of two tests are both 100% by a self-consistency test, and are 92.9% and 84.14% by the jackknife test, respectively. Esub8 also provides excellent results: the total prediction accuracies are 100% by a self-consistency test and 87% by the jackknife test.</p></sec><sec><title>Conclusions</title><p>Our method represents a different approach for predicting protein subcellular localization and achieved a satisfactory result; furthermore, we believe Esub8 will be a useful tool for predicting protein subcellular localizations in eukaryotic organisms.</p></sec></abstract></article-meta></front></article>