<article xmlns="https://dtd.nlm.nih.gov/ns/archiving/2.3/" xmlns:xsi="http://www.w3.org/2001/XMLSchema-instance" xmlns:mml="http://www.w3.org/1998/Math/MathML" xmlns:xlink="http://www.w3.org/1999/xlink" xsi:schemaLocation="https://dtd.nlm.nih.gov/ns/archiving/2.3/ https://dtd.nlm.nih.gov/archiving/2.3/xsd/archivearticle.xsd" article-type="research-article"><front><journal-meta><journal-id journal-id-type="nlm-ta">BMC Bioinformatics</journal-id><journal-title>BMC Bioinformatics</journal-title><issn pub-type="epub">1471-2105</issn><publisher><publisher-name>BioMed Central</publisher-name><publisher-loc>London</publisher-loc></publisher></journal-meta><article-meta><article-id pub-id-type="accession">PMC419405</article-id><article-id pub-id-type="pmcid">PMC419405</article-id><article-id pub-id-type="pmc-uid">419405</article-id><article-id pub-id-type="pmid">15090078</article-id><article-id pub-id-type="publisher-id">1471-2105-5-38</article-id><article-id pub-id-type="pmid">15090078</article-id><article-id pub-id-type="doi">10.1186/1471-2105-5-38</article-id><article-categories><subj-group subj-group-type="heading"><subject>Research Article</subject></subj-group></article-categories><title-group><article-title>Predicting co-complexed protein pairs using genomic and proteomic data integration</article-title></title-group><contrib-group><contrib id="A1" contrib-type="author"><name><surname>Zhang</surname><given-names>Lan V</given-names></name><xref ref-type="aff" rid="I1">1</xref><email>lan_zhang@student.hms.harvard.edu</email></contrib><contrib id="A2" contrib-type="author"><name><surname>Wong</surname><given-names>Sharyl L</given-names></name><xref ref-type="aff" rid="I1">1</xref><email>sharyl_wong@student.hms.harvard.edu</email></contrib><contrib id="A3" contrib-type="author"><name><surname>King</surname><given-names>Oliver D</given-names></name><xref ref-type="aff" rid="I1">1</xref><email>oliver_king@hms.harvard.edu</email></contrib><contrib id="A4" corresp="yes" contrib-type="author"><name><surname>Roth</surname><given-names>Frederick P</given-names></name><xref ref-type="aff" rid="I1">1</xref><email>fritz_roth@hms.harvard.edu</email></contrib></contrib-group><aff id="I1"><label>1</label>Department of Biological Chemistry and Molecular Pharmacology, Harvard Medical School, Boston, MA 02115, USA</aff><pub-date pub-type="collection"><year>2004</year></pub-date><pub-date pub-type="epub"><day>16</day><month>4</month><year>2004</year></pub-date><volume>5</volume><fpage>38</fpage><lpage>38</lpage><ext-link ext-link-type="uri" xlink:href="http://www.biomedcentral.com/1471-2105/5/38"/><history><date date-type="received"><day>3</day><month>11</month><year>2003</year></date><date date-type="accepted"><day>16</day><month>4</month><year>2004</year></date></history><copyright-statement>Copyright © 2004 Zhang et al; licensee BioMed Central Ltd. This is an Open Access article: verbatim copying and redistribution of this article are permitted in all media for any purpose, provided this notice is preserved along with the article's original URL.</copyright-statement><abstract><sec><title>Background</title><p>Identifying all protein-protein interactions in an organism is a major objective of proteomics. A related goal is to know which protein pairs are present in the same protein complex. High-throughput methods such as yeast two-hybrid (Y2H) and affinity purification coupled with mass spectrometry (APMS) have been used to detect interacting proteins on a genomic scale. However, both Y2H and APMS methods have substantial false-positive rates. Aside from high-throughput interaction screens, other gene- or protein-pair characteristics may also be informative of physical interaction. Therefore it is desirable to integrate multiple datasets and utilize their different predictive value for more accurate prediction of co-complexed relationship.</p></sec><sec><title>Results</title><p>Using a supervised machine learning approach – probabilistic decision tree, we integrated high-throughput protein interaction datasets and other gene- and protein-pair characteristics to predict co-complexed pairs (CCP) of proteins. Our predictions proved more sensitive and specific than predictions based on Y2H or APMS methods alone or in combination. Among the top predictions not annotated as CCPs in our reference set (obtained from the MIPS complex catalogue), a significant fraction was found to physically interact according to a separate database (YPD, Yeast Proteome Database), and the remaining predictions may potentially represent unknown CCPs.</p></sec><sec><title>Conclusions</title><p>We demonstrated that the probabilistic decision tree approach can be successfully used to predict co-complexed protein (CCP) pairs from other characteristics. Our top-scoring CCP predictions provide testable hypotheses for experimental validation.</p></sec></abstract><kwd-group><kwd>Protein-protein interaction</kwd><kwd>protein complex</kwd><kwd>decision tree</kwd><kwd>data integration</kwd><kwd>machine learning</kwd></kwd-group></article-meta></front></article>