<article xmlns="https://dtd.nlm.nih.gov/ns/archiving/2.3/" xmlns:xsi="http://www.w3.org/2001/XMLSchema-instance" xmlns:mml="http://www.w3.org/1998/Math/MathML" xmlns:xlink="http://www.w3.org/1999/xlink" xsi:schemaLocation="https://dtd.nlm.nih.gov/ns/archiving/2.3/ https://dtd.nlm.nih.gov/archiving/2.3/xsd/archivearticle.xsd" article-type="research-article"><front><journal-meta><journal-id journal-id-type="nlm-ta">BMC Bioinformatics</journal-id><journal-title>BMC Bioinformatics</journal-title><issn pub-type="epub">1471-2105</issn><publisher><publisher-name>BioMed Central</publisher-name><publisher-loc>London</publisher-loc></publisher></journal-meta><article-meta><article-id pub-id-type="accession">PMC421631</article-id><article-id pub-id-type="pmcid">PMC421631</article-id><article-id pub-id-type="pmc-uid">421631</article-id><article-id pub-id-type="pmid">15154966</article-id><article-id pub-id-type="publisher-id">1471-2105-5-64</article-id><article-id pub-id-type="pmid">15154966</article-id><article-id pub-id-type="doi">10.1186/1471-2105-5-64</article-id><article-categories><subj-group subj-group-type="heading"><subject>Methodology Article</subject></subj-group></article-categories><title-group><article-title>Feature selection for splice site prediction: A new method using EDA-based feature ranking</article-title></title-group><contrib-group><contrib id="A1" contrib-type="author"><name><surname>Saeys</surname><given-names>Yvan</given-names></name><xref ref-type="aff" rid="I1">1</xref><email>yvan.saeys@psb.ugent.be</email></contrib><contrib id="A2" contrib-type="author"><name><surname>Degroeve</surname><given-names>Sven</given-names></name><xref ref-type="aff" rid="I1">1</xref><email>sven.degroeve@psb.ugent.be</email></contrib><contrib id="A3" contrib-type="author"><name><surname>Aeyels</surname><given-names>Dirk</given-names></name><xref ref-type="aff" rid="I2">2</xref><email>dirk.aeyels@ugent.be</email></contrib><contrib id="A4" contrib-type="author"><name><surname>Rouzé</surname><given-names>Pierre</given-names></name><xref ref-type="aff" rid="I3">3</xref><email>pierre.rouze@psb.ugent.be</email></contrib><contrib id="A5" corresp="yes" contrib-type="author"><name><surname>Van de Peer</surname><given-names>Yves</given-names></name><xref ref-type="aff" rid="I1">1</xref><email>yves.vandepeer@psb.ugent.be</email></contrib></contrib-group><aff id="I1"><label>1</label>Department of Plant Systems Biology, Ghent University, Flanders Interuniversity Institute for Biotechnology (VIB), Technologiepark 927, B-9052 Ghent, Belgium</aff><aff id="I2"><label>2</label>SYSTeMS Research Group, Ghent University, Technologiepark 9, B-9052 Ghent, Belgium</aff><aff id="I3"><label>3</label>Laboratoire associé de l'INRA (France), Ghent University, Technologiepark 927, B-9052 Ghent, Belgium</aff><pub-date pub-type="collection"><year>2004</year></pub-date><pub-date pub-type="epub"><day>21</day><month>5</month><year>2004</year></pub-date><volume>5</volume><fpage>64</fpage><lpage>64</lpage><ext-link ext-link-type="uri" xlink:href="http://www.biomedcentral.com/1471-2105/5/64"/><history><date date-type="received"><day>16</day><month>12</month><year>2003</year></date><date date-type="accepted"><day>21</day><month>5</month><year>2004</year></date></history><copyright-statement>Copyright © 2004 Saeys et al; licensee BioMed Central Ltd. This is an Open Access article: verbatim copying and redistribution of this article are permitted in all media for any purpose, provided this notice is preserved along with the article's original URL.</copyright-statement><abstract><sec><title>Background</title><p>The identification of relevant biological features in large and complex datasets is an important step towards gaining insight in the processes underlying the data. Other advantages of feature selection include the ability of the classification system to attain good or even better solutions using a restricted subset of features, and a faster classification. Thus, robust methods for fast feature selection are of key importance in extracting knowledge from complex biological data.</p></sec><sec><title>Results</title><p>In this paper we present a novel method for feature subset selection applied to splice site prediction, based on estimation of distribution algorithms, a more general framework of genetic algorithms. From the estimated distribution of the algorithm, a feature ranking is derived. Afterwards this ranking is used to iteratively discard features. We apply this technique to the problem of splice site prediction, and show how it can be used to gain insight into the underlying biological process of splicing.</p></sec><sec><title>Conclusion</title><p>We show that this technique proves to be more robust than the traditional use of estimation of distribution algorithms for feature selection: instead of returning a single best subset of features (as they normally do) this method provides a dynamical view of the feature selection process, like the traditional sequential wrapper methods. However, the method is faster than the traditional techniques, and scales better to datasets described by a large number of features.</p></sec></abstract></article-meta></front></article>