<article xmlns="https://dtd.nlm.nih.gov/ns/archiving/2.3/" xmlns:xsi="http://www.w3.org/2001/XMLSchema-instance" xmlns:mml="http://www.w3.org/1998/Math/MathML" xmlns:xlink="http://www.w3.org/1999/xlink" xsi:schemaLocation="https://dtd.nlm.nih.gov/ns/archiving/2.3/ https://dtd.nlm.nih.gov/archiving/2.3/xsd/archivearticle.xsd" article-type="research-article"><front><journal-meta><journal-id journal-id-type="nlm-ta">BMC Bioinformatics</journal-id><journal-title>BMC Bioinformatics</journal-title><issn pub-type="epub">1471-2105</issn><publisher><publisher-name>BioMed Central</publisher-name><publisher-loc>London</publisher-loc></publisher></journal-meta><article-meta><article-id pub-id-type="accession">PMC419697</article-id><article-id pub-id-type="pmcid">PMC419697</article-id><article-id pub-id-type="pmc-uid">419697</article-id><article-id pub-id-type="pmid">15119966</article-id><article-id pub-id-type="publisher-id">1471-2105-5-49</article-id><article-id pub-id-type="pmid">15119966</article-id><article-id pub-id-type="doi">10.1186/1471-2105-5-49</article-id><article-categories><subj-group subj-group-type="heading"><subject>Research Article</subject></subj-group></article-categories><title-group><article-title>An application of conditional logistic regression and multifactor dimensionality reduction for detecting gene-gene Interactions on risk of myocardial infarction: The importance of model validation</article-title></title-group><contrib-group><contrib id="A1" corresp="yes" contrib-type="author"><name><surname>Coffey</surname><given-names>Christopher S</given-names></name><xref ref-type="aff" rid="I1">1</xref><email>ccoffey@uab.edu</email></contrib><contrib id="A2" contrib-type="author"><name><surname>Hebert</surname><given-names>Patricia R</given-names></name><xref ref-type="aff" rid="I2">2</xref><email>prh7@med.yale.edu</email></contrib><contrib id="A3" contrib-type="author"><name><surname>Ritchie</surname><given-names>Marylyn D</given-names></name><xref ref-type="aff" rid="I3">3</xref><email>ritchie@chgr.mc.vanderbilt.edu</email></contrib><contrib id="A4" contrib-type="author"><name><surname>Krumholz</surname><given-names>Harlan M</given-names></name><xref ref-type="aff" rid="I2">2</xref><xref ref-type="aff" rid="I4">4</xref><xref ref-type="aff" rid="I5">5</xref><email>harlan.krumholz@yale.edu</email></contrib><contrib id="A5" contrib-type="author"><name><surname>Gaziano</surname><given-names>J Michael</given-names></name><xref ref-type="aff" rid="I6">6</xref><email>gaziano@maveric.org</email></contrib><contrib id="A6" contrib-type="author"><name><surname>Ridker</surname><given-names>Paul M</given-names></name><xref ref-type="aff" rid="I7">7</xref><email>pridker@partners.org</email></contrib><contrib id="A7" contrib-type="author"><name><surname>Brown</surname><given-names>Nancy J</given-names></name><xref ref-type="aff" rid="I8">8</xref><email>nancy.j.brown@vanderbilt.edu</email></contrib><contrib id="A8" contrib-type="author"><name><surname>Vaughan</surname><given-names>Douglas E</given-names></name><xref ref-type="aff" rid="I8">8</xref><email>Douglas.e.vaughan@vanderbilt.edu</email></contrib><contrib id="A9" contrib-type="author"><name><surname>Moore</surname><given-names>Jason H</given-names></name><xref ref-type="aff" rid="I3">3</xref><email>moore@chgr.mc.vanderbilt.edu</email></contrib></contrib-group><aff id="I1"><label>1</label>Department of Biostatistics, University of Alabama at Birmingham, Birmingham, AL 35294-0022, USA</aff><aff id="I2"><label>2</label>Section of Cardiovascular Medicine, Department of Medicine, Yale University School of Medicine, New Haven, CT 06510, USA</aff><aff id="I3"><label>3</label>Center for Human Genetics Research, Department of Molecular Physiology and Biophysics, Vanderbilt University Medical School, Nashville, TN 37232-0700, USA</aff><aff id="I4"><label>4</label>Section of Health Policy and Administration, Department of Epidemiology and Public Health and Robert Wood Johnson Clinical Scholars Program, Yale University School of Medicine, New Haven, CT 06510, USA</aff><aff id="I5"><label>5</label>Yale-New Haven Hospital Center for Outcomes Research and Evaluation, New Haven, CT 06510, USA</aff><aff id="I6"><label>6</label>Division of Preventive Medicine, Brigham and Women's Hospital, Harvard Medical School, Boston, MA 02215, USA</aff><aff id="I7"><label>7</label>Center for Cardiovascular Disease Prevention, Brigham and Women's Hospital, Harvard Medical School, Boston, MA 02215, USA</aff><aff id="I8"><label>8</label>Departments of Medicine and Pharmacology, Vanderbilt University Medical School, Nashville, TN 37232-0700, USA</aff><pub-date pub-type="collection"><year>2004</year></pub-date><pub-date pub-type="epub"><day>30</day><month>4</month><year>2004</year></pub-date><volume>5</volume><fpage>49</fpage><lpage>49</lpage><ext-link ext-link-type="uri" xlink:href="http://www.biomedcentral.com/1471-2105/5/49"/><history><date date-type="received"><day>23</day><month>12</month><year>2003</year></date><date date-type="accepted"><day>30</day><month>4</month><year>2004</year></date></history><copyright-statement>Copyright © 2004 Coffey et al; licensee BioMed Central Ltd. This is an Open Access article: verbatim copying and redistribution of this article are permitted in all media for any purpose, provided this notice is preserved along with the article's original URL.</copyright-statement><abstract><sec><title>Background</title><p>To examine interactions among the angiotensin converting enzyme (<italic>ACE</italic>) insertion/deletion, plasminogen activator inhibitor-1 (<italic>PAI-1</italic>) <italic>4G/5G</italic>, and tissue plasminogen activator (<italic>t-PA</italic>) insertion/deletion gene polymorphisms on risk of myocardial infarction using data from 343 matched case-control pairs from the Physicians Health Study. We examined the data using both conditional logistic regression and the multifactor dimensionality reduction (MDR) method. One advantage of the MDR method is that it provides an internal prediction error for validation. We summarize our use of this internal prediction error for model validation.</p></sec><sec><title>Results</title><p>The overall results for the two methods were consistent, with both suggesting an interaction between the <italic>ACE I/D </italic>and <italic>PAI-1 4G/5G </italic>polymorphisms. However, using ten-fold cross validation, the 46% prediction error for the final MDR model was not significantly lower than that expected by chance.</p></sec><sec><title>Conclusions</title><p>The significant interaction initially observed does not validate and may represent a type I error. As data-driven analytic methods continue to be developed and used to examine complex genetic interactions, it will become increasingly important to stress model validation in order to ensure that significant effects represent true relationships rather than chance findings.</p></sec></abstract><kwd-group><kwd>cross validation</kwd><kwd>epistasis</kwd><kwd>prediction error</kwd></kwd-group></article-meta></front></article>