<article xmlns="https://dtd.nlm.nih.gov/ns/archiving/2.3/" xmlns:xsi="http://www.w3.org/2001/XMLSchema-instance" xmlns:mml="http://www.w3.org/1998/Math/MathML" xmlns:xlink="http://www.w3.org/1999/xlink" xsi:schemaLocation="https://dtd.nlm.nih.gov/ns/archiving/2.3/ https://dtd.nlm.nih.gov/archiving/2.3/xsd/archivearticle.xsd" article-type="research-article"><front><journal-meta><journal-id journal-id-type="nlm-ta">BMC Bioinformatics</journal-id><journal-title>BMC Bioinformatics</journal-title><issn pub-type="epub">1471-2105</issn><publisher><publisher-name>BioMed Central</publisher-name><publisher-loc>London</publisher-loc></publisher></journal-meta><article-meta><article-id pub-id-type="accession">PMC476733</article-id><article-id pub-id-type="pmcid">PMC476733</article-id><article-id pub-id-type="pmc-uid">476733</article-id><article-id pub-id-type="pmid">15217521</article-id><article-id pub-id-type="publisher-id">1471-2105-5-81</article-id><article-id pub-id-type="pmid">15217521</article-id><article-id pub-id-type="doi">10.1186/1471-2105-5-81</article-id><article-categories><subj-group subj-group-type="heading"><subject>Methodology Article</subject></subj-group></article-categories><title-group><article-title>Joint analysis of two microarray gene-expression data sets to select lung adenocarcinoma marker genes</article-title></title-group><contrib-group><contrib id="A1" equal-contrib="yes" contrib-type="author"><name><surname>Jiang</surname><given-names>Hongying</given-names></name><xref ref-type="aff" rid="I1">1</xref><email>hojiang@mtu.edu</email></contrib><contrib id="A2" equal-contrib="yes" contrib-type="author"><name><surname>Deng</surname><given-names>Youping</given-names></name><xref ref-type="aff" rid="I2">2</xref><email>ydeng@ksu.edu</email></contrib><contrib id="A3" contrib-type="author"><name><surname>Chen</surname><given-names>Huann-Sheng</given-names></name><xref ref-type="aff" rid="I3">3</xref><email>hschen@mtu.edu</email></contrib><contrib id="A4" contrib-type="author"><name><surname>Tao</surname><given-names>Lin</given-names></name><xref ref-type="aff" rid="I3">3</xref><email>ltao@mtu.edu</email></contrib><contrib id="A5" contrib-type="author"><name><surname>Sha</surname><given-names>Qiuying</given-names></name><xref ref-type="aff" rid="I3">3</xref><email>qsha@mtu.edu</email></contrib><contrib id="A6" contrib-type="author"><name><surname>Chen</surname><given-names>Jun</given-names></name><xref ref-type="aff" rid="I2">2</xref><email>jch5353@ksu.edu</email></contrib><contrib id="A7" contrib-type="author"><name><surname>Tsai</surname><given-names>Chung-Jui</given-names></name><xref ref-type="aff" rid="I1">1</xref><email>chtsai@mtu.edu</email></contrib><contrib id="A8" corresp="yes" contrib-type="author"><name><surname>Zhang</surname><given-names>Shuanglin</given-names></name><xref ref-type="aff" rid="I3">3</xref><email>shuzhang@mtu.edu</email></contrib></contrib-group><aff id="I1"><label>1</label>Plant Biotechnology Research Center, School of Forest Resources &amp; Environmental Science, Michigan Technological University, 1400 Townsend Dr., Houghton, MI 49931, USA</aff><aff id="I2"><label>2</label>Division of Biology, Kansas State University, Manhattan, KS 66506, USA</aff><aff id="I3"><label>3</label>Department of Mathematical Sciences, Michigan Technological University, 1400 Townsend Dr., Houghton, MI 49931, USA</aff><pub-date pub-type="collection"><year>2004</year></pub-date><pub-date pub-type="epub"><day>24</day><month>6</month><year>2004</year></pub-date><volume>5</volume><fpage>81</fpage><lpage>81</lpage><ext-link ext-link-type="uri" xlink:href="http://www.biomedcentral.com/1471-2105/5/81"/><history><date date-type="received"><day>16</day><month>4</month><year>2004</year></date><date date-type="accepted"><day>24</day><month>6</month><year>2004</year></date></history><copyright-statement>Copyright © 2004 Jiang et al; licensee BioMed Central Ltd. This is an Open Access article: verbatim copying and redistribution of this article are permitted in all media for any purpose, provided this notice is preserved along with the article's original URL.</copyright-statement><abstract><sec><title>Background</title><p>Due to the high cost and low reproducibility of many microarray experiments, it is not surprising to find a limited number of patient samples in each study, and very few common identified marker genes among different studies involving patients with the same disease. Therefore, it is of great interest and challenge to merge data sets from multiple studies to increase the sample size, which may in turn increase the power of statistical inferences. In this study, we combined two lung cancer studies using micorarray GeneChip<sup>®</sup>, employed two gene shaving methods and a two-step survival test to identify genes with expression patterns that can distinguish diseased from normal samples, and to indicate patient survival, respectively.</p></sec><sec><title>Results</title><p>In addition to common data transformation and normalization procedures, we applied a distribution transformation method to integrate the two data sets. Gene shaving (GS) methods based on Random Forests (RF) and Fisher's Linear Discrimination (FLD) were then applied separately to the joint data set for cancer gene selection. The two methods discovered 13 and 10 marker genes (5 in common), respectively, with expression patterns differentiating diseased from normal samples. Among these marker genes, 8 and 7 were found to be cancer-related in other published reports. Furthermore, based on these marker genes, the classifiers we built from one data set predicted the other data set with more than 98% accuracy. Using the univariate Cox proportional hazard regression model, the expression patterns of 36 genes were found to be significantly correlated with patient survival (<italic>p </italic>&lt; 0.05). Twenty-six of these 36 genes were reported as survival-related genes from the literature, including 7 known tumor-suppressor genes and 9 oncogenes. Additional principal component regression analysis further reduced the gene list from 36 to 16.</p></sec><sec><title>Conclusion</title><p>This study provided a valuable method of integrating microarray data sets with different origins, and new methods of selecting a minimum number of marker genes to aid in cancer diagnosis. After careful data integration, the classification method developed from one data set can be applied to the other with high prediction accuracy.</p></sec></abstract></article-meta></front></article>