<article xmlns="https://dtd.nlm.nih.gov/ns/archiving/2.3/" xmlns:xsi="http://www.w3.org/2001/XMLSchema-instance" xmlns:mml="http://www.w3.org/1998/Math/MathML" xmlns:xlink="http://www.w3.org/1999/xlink" xsi:schemaLocation="https://dtd.nlm.nih.gov/ns/archiving/2.3/ https://dtd.nlm.nih.gov/archiving/2.3/xsd/archivearticle.xsd" article-type="product-review"><front><journal-meta><journal-id journal-id-type="nlm-ta">BMC Bioinformatics</journal-id><journal-title>BMC Bioinformatics</journal-title><issn pub-type="epub">1471-2105</issn><publisher><publisher-name>BioMed Central</publisher-name><publisher-loc>London</publisher-loc></publisher></journal-meta><article-meta><article-id pub-id-type="accession">PMC459213</article-id><article-id pub-id-type="pmcid">PMC459213</article-id><article-id pub-id-type="pmc-uid">459213</article-id><article-id pub-id-type="pmid">15236648</article-id><article-id pub-id-type="publisher-id">1471-2105-5-87</article-id><article-id pub-id-type="pmid">15236648</article-id><article-id pub-id-type="doi">10.1186/1471-2105-5-87</article-id><article-categories><subj-group subj-group-type="heading"><subject>Software</subject></subj-group></article-categories><title-group><article-title>galaxieEST: addressing EST identity through automated phylogenetic analysis</article-title></title-group><contrib-group><contrib id="A1" contrib-type="author"><name><surname>Nilsson</surname><given-names>R Henrik</given-names></name><xref ref-type="aff" rid="I1">1</xref><email>henrik.nilsson@botany.gu.se</email></contrib><contrib id="A2" contrib-type="author"><name><surname>Rajashekar</surname><given-names>Balaji</given-names></name><xref ref-type="aff" rid="I2">2</xref><email>Balaji.Rajashekar@mbioekol.lu.se</email></contrib><contrib id="A3" contrib-type="author"><name><surname>Larsson</surname><given-names>Karl-Henrik</given-names></name><xref ref-type="aff" rid="I1">1</xref><email>Karl-Henrik.Larsson@systbot.gu.se</email></contrib><contrib id="A4" corresp="yes" contrib-type="author"><name><surname>Ursing</surname><given-names>Björn M</given-names></name><xref ref-type="aff" rid="I3">3</xref><email>Bjorn.Ursing@cgb.ki.se</email></contrib></contrib-group><aff id="I1"><label>1</label>Göteborg University, Botanical Institute, Box 461, SE-405 30 Göteborg, Sweden</aff><aff id="I2"><label>2</label>Lund University, Department of Microbial Ecology, SE-223 62 Lund, Sweden</aff><aff id="I3"><label>3</label>Karolinska Institutet, Center for Genomics and Bioinformatics, Berzelius väg 35 SE-171 77 Stockholm, Sweden</aff><pub-date pub-type="collection"><year>2004</year></pub-date><pub-date pub-type="epub"><day>5</day><month>7</month><year>2004</year></pub-date><volume>5</volume><fpage>87</fpage><lpage>87</lpage><ext-link ext-link-type="uri" xlink:href="http://www.biomedcentral.com/1471-2105/5/87"/><history><date date-type="received"><day>5</day><month>4</month><year>2004</year></date><date date-type="accepted"><day>5</day><month>7</month><year>2004</year></date></history><copyright-statement>Copyright © 2004 Nilsson et al; licensee BioMed Central Ltd. This is an Open Access article: verbatim copying and redistribution of this article are permitted in all media for any purpose, provided this notice is preserved along with the article's original URL.</copyright-statement><abstract><sec><title>Background</title><p>Research involving expressed sequence tags (ESTs) is intricately coupled to the existence of large, well-annotated sequence repositories. Comparatively complete and satisfactory annotated public sequence libraries are, however, available only for a limited range of organisms, rendering the absence of sequences and gene structure information a tangible problem for those working with taxa lacking an EST or genome sequencing project. Paralogous genes belonging to the same gene family but distinguished by derived characteristics are particularly prone to misidentification and erroneous annotation; high but incomplete levels of sequence similarity are typically difficult to interpret and have formed the basis of many unsubstantiated assumptions of orthology.</p><p>In these cases, a phylogenetic study of the query sequence together with the most similar sequences in the database may be of great value to the identification process. In order to facilitate this laborious procedure, a project to employ automated phylogenetic analysis in the identification of ESTs was initiated.</p></sec><sec><title>Results</title><p>galaxieEST is an open source Perl-CGI script package designed to complement traditional similarity-based identification of EST sequences through employment of automated phylogenetic analysis. It uses a series of BLAST runs as a sieve to retrieve nucleotide and protein sequences for inclusion in neighbour joining and parsimony analyses; the output includes the BLAST output, the results of the phylogenetic analyses, and the corresponding multiple alignments. galaxieEST is available as an on-line web service for identification of fungal ESTs and for download / local installation for use with any organism group at <ext-link ext-link-type="uri" xlink:href="http://galaxie.cgb.ki.se/galaxieEST.html"/>.</p></sec><sec><title>Conclusions</title><p>By addressing sequence relatedness in addition to similarity, galaxieEST provides an integrative view on EST origin and identity, which may prove particularly useful in cases where similarity searches return one or more pertinent, but not full, matches and additional information on the query EST is needed.</p></sec></abstract></article-meta></front></article>