<article xmlns="https://dtd.nlm.nih.gov/ns/archiving/2.3/" xmlns:xsi="http://www.w3.org/2001/XMLSchema-instance" xmlns:mml="http://www.w3.org/1998/Math/MathML" xmlns:xlink="http://www.w3.org/1999/xlink" xsi:schemaLocation="https://dtd.nlm.nih.gov/ns/archiving/2.3/ https://dtd.nlm.nih.gov/archiving/2.3/xsd/archivearticle.xsd" article-type="research-article"><front><journal-meta><journal-id journal-id-type="nlm-ta">BMC Bioinformatics</journal-id><journal-title>BMC Bioinformatics</journal-title><issn pub-type="epub">1471-2105</issn><publisher><publisher-name>BioMed Central</publisher-name><publisher-loc>London</publisher-loc></publisher></journal-meta><article-meta><article-id pub-id-type="accession">PMC459208</article-id><article-id pub-id-type="pmcid">PMC459208</article-id><article-id pub-id-type="pmc-uid">459208</article-id><article-id pub-id-type="pmid">15189571</article-id><article-id pub-id-type="publisher-id">1471-2105-5-75</article-id><article-id pub-id-type="pmid">15189571</article-id><article-id pub-id-type="doi">10.1186/1471-2105-5-75</article-id><article-categories><subj-group subj-group-type="heading"><subject>Research Article</subject></subj-group></article-categories><title-group><article-title>Interaction profile-based protein classification of death domain</article-title></title-group><contrib-group><contrib id="A1" contrib-type="author"><name><surname>Lett</surname><given-names>Drew</given-names></name><xref ref-type="aff" rid="I1">1</xref><email>dclett@sfu.ca</email></contrib><contrib id="A2" contrib-type="author"><name><surname>Hsing</surname><given-names>Michael</given-names></name><xref ref-type="aff" rid="I2">2</xref><email>mmhsing@sfu.ca</email></contrib><contrib id="A3" corresp="yes" contrib-type="author"><name><surname>Pio</surname><given-names>Frederic</given-names></name><xref ref-type="aff" rid="I2">2</xref><email>fpio@sfu.ca</email></contrib></contrib-group><aff id="I1"><label>1</label>Department of Computer Science, Simon Fraser University, 8888 University Drive, Burnaby, B.C. Canada, V5A 1S6</aff><aff id="I2"><label>2</label>Department of Molecular Biology and Biochemistry, Simon Fraser University, 8888 University Drive, Burnaby, B.C. Canada, V5A 1S6</aff><pub-date pub-type="collection"><year>2004</year></pub-date><pub-date pub-type="epub"><day>9</day><month>6</month><year>2004</year></pub-date><volume>5</volume><fpage>75</fpage><lpage>75</lpage><ext-link ext-link-type="uri" xlink:href="http://www.biomedcentral.com/1471-2105/5/75"/><history><date date-type="received"><day>7</day><month>2</month><year>2004</year></date><date date-type="accepted"><day>9</day><month>6</month><year>2004</year></date></history><copyright-statement>Copyright © 2004 Lett et al; licensee BioMed Central Ltd. This is an Open Access article: verbatim copying and redistribution of this article are permitted in all media for any purpose, provided this notice is preserved along with the article's original URL.</copyright-statement><abstract><sec><title>Background</title><p>The increasing number of protein sequences and 3D structure obtained from genomic initiatives is leading many of us to focus on proteomics, and to dedicate our experimental and computational efforts on the creation and analysis of information derived from 3D structure. In particular, the high-throughput generation of protein-protein interaction data from a few organisms makes such an approach very important towards understanding the molecular recognition that make-up the entire protein-protein interaction network. Since the generation of sequences, and experimental protein-protein interactions increases faster than the 3D structure determination of protein complexes, there is tremendous interest in developing <italic>in silico </italic>methods that generate such structure for prediction and classification purposes. In this study we focused on classifying protein family members based on their protein-protein interaction distinctiveness. Structure-based classification of protein-protein interfaces has been described initially by Ponstingl <italic>et al</italic>. [<xref ref-type="bibr" rid="B1">1</xref>] and more recently by Valdar <italic>et al</italic>. [<xref ref-type="bibr" rid="B2">2</xref>] and Mintseris <italic>et al</italic>. [<xref ref-type="bibr" rid="B3">3</xref>], from complex structures that have been solved experimentally. However, little has been done on protein classification based on the prediction of protein-protein complexes obtained from homology modeling and docking simulation.</p></sec><sec><title>Results</title><p>We have developed an <underline><italic>in silico </italic></underline>classification system entitled HODOCO (Homology modeling, Docking and Classification Oracle), in which protein Residue Potential Interaction Profiles (RPIPS) are used to summarize protein-protein interaction characteristics. This system applied to a dataset of 64 proteins of the death domain superfamily was used to classify each member into its proper subfamily. Two classification methods were attempted, heuristic and support vector machine learning. Both methods were tested with a 5-fold cross-validation. The heuristic approach yielded a 61% average accuracy, while the machine learning approach yielded an 89% average accuracy.</p></sec><sec><title>Conclusion</title><p>We have confirmed the reliability and potential value of classifying proteins <italic>via </italic>their predicted interactions. Our results are in the same range of accuracy as other studies that classify protein-protein interactions from 3D complex structure obtained experimentally. While our classification scheme does not take directly into account sequence information our results are in agreement with functional and sequence based classification of death domain family members.</p></sec></abstract></article-meta></front></article>