<article xmlns="https://dtd.nlm.nih.gov/ns/archiving/2.3/" xmlns:xsi="http://www.w3.org/2001/XMLSchema-instance" xmlns:mml="http://www.w3.org/1998/Math/MathML" xmlns:xlink="http://www.w3.org/1999/xlink" xsi:schemaLocation="https://dtd.nlm.nih.gov/ns/archiving/2.3/ https://dtd.nlm.nih.gov/archiving/2.3/xsd/archivearticle.xsd" article-type="research-article"><front><journal-meta><journal-id journal-id-type="nlm-ta">BMC Bioinformatics</journal-id><journal-title>BMC Bioinformatics</journal-title><issn pub-type="epub">1471-2105</issn><publisher><publisher-name>BioMed Central</publisher-name><publisher-loc>London</publisher-loc></publisher></journal-meta><article-meta><article-id pub-id-type="accession">PMC442122</article-id><article-id pub-id-type="pmcid">PMC442122</article-id><article-id pub-id-type="pmc-uid">442122</article-id><article-id pub-id-type="pmid">15180906</article-id><article-id pub-id-type="publisher-id">1471-2105-5-72</article-id><article-id pub-id-type="pmid">15180906</article-id><article-id pub-id-type="doi">10.1186/1471-2105-5-72</article-id><article-categories><subj-group subj-group-type="heading"><subject>Methodology Article</subject></subj-group></article-categories><title-group><article-title>Coronavirus 3CL<sup><italic>pro </italic></sup>proteinase cleavage sites: Possible relevance to SARS virus pathology</article-title></title-group><contrib-group><contrib id="A1" contrib-type="author"><name><surname>Kiemer</surname><given-names>Lars</given-names></name><xref ref-type="aff" rid="I1">1</xref><email>lars@cbs.dtu.dk</email></contrib><contrib id="A2" contrib-type="author"><name><surname>Lund</surname><given-names>Ole</given-names></name><xref ref-type="aff" rid="I1">1</xref><email>lund@cbs.dtu.dk</email></contrib><contrib id="A3" contrib-type="author"><name><surname>Brunak</surname><given-names>Søren</given-names></name><xref ref-type="aff" rid="I1">1</xref><email>brunak@cbs.dtu.dk</email></contrib><contrib id="A4" corresp="yes" contrib-type="author"><name><surname>Blom</surname><given-names>Nikolaj</given-names></name><xref ref-type="aff" rid="I1">1</xref><email>nikob@cbs.dtu.dk</email></contrib></contrib-group><aff id="I1"><label>1</label>Center for Biological Sequence Analysis BioCentrum-DTU, Building 208 Technical University of Denmark DK-2800 Lyngby, Denmark</aff><pub-date pub-type="collection"><year>2004</year></pub-date><pub-date pub-type="epub"><day>6</day><month>6</month><year>2004</year></pub-date><volume>5</volume><fpage>72</fpage><lpage>72</lpage><ext-link ext-link-type="uri" xlink:href="http://www.biomedcentral.com/1471-2105/5/72"/><history><date date-type="received"><day>23</day><month>1</month><year>2004</year></date><date date-type="accepted"><day>6</day><month>6</month><year>2004</year></date></history><copyright-statement>Copyright © 2004 Kiemer et al; licensee BioMed Central Ltd. This is an Open Access article: verbatim copying and redistribution of this article are permitted in all media for any purpose, provided this notice is preserved along with the article's original URL.</copyright-statement><abstract><sec><title>Background</title><p>Despite the passing of more than a year since the first outbreak of Severe Acute Respiratory Syndrome (SARS), efficient counter-measures are still few and many believe that reappearance of SARS, or a similar disease caused by a coronavirus, is not unlikely. For other virus families like the picornaviruses it is known that pathology is related to proteolytic cleavage of host proteins by viral proteinases. Furthermore, several studies indicate that virus proliferation can be arrested using specific proteinase inhibitors supporting the belief that proteinases are indeed important during infection. Prompted by this, we set out to analyse and predict cleavage by the coronavirus main proteinase using computational methods.</p></sec><sec><title>Results</title><p>We retrieved sequence data on seven fully sequenced coronaviruses and identified the main 3CL proteinase cleavage sites in polyproteins using alignments. A neural network was trained to recognise the cleavage sites in the genomes obtaining a sensitivity of 87.0% and a specificity of 99.0%. Several proteins known to be cleaved by other viruses were submitted to prediction as well as proteins suspected relevant in coronavirus pathology. Cleavage sites were predicted in proteins such as the cystic fibrosis transmembrane conductance regulator (CFTR), transcription factors CREB-RP and OCT-1, and components of the ubiquitin pathway.</p></sec><sec><title>Conclusions</title><p>Our prediction method NetCorona predicts coronavirus cleavage sites with high specificity and several potential cleavage candidates were identified which might be important to elucidate coronavirus pathology. Furthermore, the method might assist in design of proteinase inhibitors for treatment of SARS and possible future diseases caused by coronaviruses. It is made available for public use at our website: <ext-link ext-link-type="uri" xlink:href="http://www.cbs.dtu.dk/services/NetCorona/"/>.</p></sec></abstract></article-meta></front></article>