<article xmlns="https://dtd.nlm.nih.gov/ns/archiving/2.3/" xmlns:xsi="http://www.w3.org/2001/XMLSchema-instance" xmlns:mml="http://www.w3.org/1998/Math/MathML" xmlns:xlink="http://www.w3.org/1999/xlink" xsi:schemaLocation="https://dtd.nlm.nih.gov/ns/archiving/2.3/ https://dtd.nlm.nih.gov/archiving/2.3/xsd/archivearticle.xsd" article-type="research-article"><front><journal-meta><journal-id journal-id-type="nlm-ta">BMC Bioinformatics</journal-id><journal-title>BMC Bioinformatics</journal-title><issn pub-type="epub">1471-2105</issn><publisher><publisher-name>BioMed Central</publisher-name><publisher-loc>London</publisher-loc></publisher></journal-meta><article-meta><article-id pub-id-type="accession">PMC436051</article-id><article-id pub-id-type="pmcid">PMC436051</article-id><article-id pub-id-type="pmc-uid">436051</article-id><article-id pub-id-type="pmid">15149555</article-id><article-id pub-id-type="publisher-id">1471-2105-5-62</article-id><article-id pub-id-type="pmid">15149555</article-id><article-id pub-id-type="doi">10.1186/1471-2105-5-62</article-id><article-categories><subj-group subj-group-type="heading"><subject>Methodology Article</subject></subj-group></article-categories><title-group><article-title>A fast algorithm for determining the best combination of local alignments to a query sequence</article-title></title-group><contrib-group><contrib id="A1" corresp="yes" contrib-type="author"><name><surname>Conant</surname><given-names>Gavin C</given-names></name><xref ref-type="aff" rid="I1">1</xref><email>gconant@unm.edu</email></contrib><contrib id="A2" contrib-type="author"><name><surname>Wagner</surname><given-names>Andreas</given-names></name><xref ref-type="aff" rid="I1">1</xref><email>wagnera@unm.edu</email></contrib></contrib-group><aff id="I1"><label>1</label>Department of Biology, The University of New Mexico, Albuquerque, NM, USA</aff><pub-date pub-type="collection"><year>2004</year></pub-date><pub-date pub-type="epub"><day>18</day><month>5</month><year>2004</year></pub-date><volume>5</volume><fpage>62</fpage><lpage>62</lpage><ext-link ext-link-type="uri" xlink:href="http://www.biomedcentral.com/1471-2105/5/62"/><history><date date-type="received"><day>15</day><month>11</month><year>2003</year></date><date date-type="accepted"><day>18</day><month>5</month><year>2004</year></date></history><copyright-statement>Copyright © 2004 Conant and Wagner; licensee BioMed Central Ltd. This is an Open Access article: verbatim copying and redistribution of this article are permitted in all media for any purpose, provided this notice is preserved along with the article's original URL.</copyright-statement><abstract><sec><title>Background</title><p>Existing sequence alignment algorithms assume that similarities between DNA or amino acid sequences are linearly ordered. That is, stretches of similar nucleotides or amino acids are in the same order in both sequences. Recombination perturbs this order. An algorithm that can reconstruct sequence similarity despite rearrangement would be helpful for reconstructing the evolutionary history of recombined sequences.</p></sec><sec><title>Results</title><p>We propose a graph-based algorithm for combining multiple local alignments to a query sequence into the single combination of alignments that either covers the maximal portion of the query or results in the single highest alignment score to the query. This algorithm can help study the process of genome rearrangement, improve functional gene annotation, and reconstruct the evolutionary history of recombined proteins. The algorithm takes <italic>O</italic>(<italic>n</italic><sup>2</sup>) time, where <italic>n </italic>is the number of local alignments considered.</p></sec><sec><title>Conclusions</title><p>We discuss two example applications of the algorithm. The algorithm is able to provide useful reconstructions of the metazoan mitochondrial genome. It is also able to increase the percentage of a query sequence's amino acid residues for which similar stretches of amino acids can be found in sequence databases.</p></sec></abstract><kwd-group><kwd>local alignment</kwd><kwd>alignment combination</kwd></kwd-group></article-meta></front></article>