<article xmlns="https://dtd.nlm.nih.gov/ns/archiving/2.3/" xmlns:xsi="http://www.w3.org/2001/XMLSchema-instance" xmlns:mml="http://www.w3.org/1998/Math/MathML" xmlns:xlink="http://www.w3.org/1999/xlink" xsi:schemaLocation="https://dtd.nlm.nih.gov/ns/archiving/2.3/ https://dtd.nlm.nih.gov/archiving/2.3/xsd/archivearticle.xsd" article-type="research-article"><front><journal-meta><journal-id journal-id-type="nlm-ta">BMC Bioinformatics</journal-id><journal-title>BMC Bioinformatics</journal-title><issn pub-type="epub">1471-2105</issn><publisher><publisher-name>BioMed Central</publisher-name><publisher-loc>London</publisher-loc></publisher></journal-meta><article-meta><article-id pub-id-type="accession">PMC434490</article-id><article-id pub-id-type="pmcid">PMC434490</article-id><article-id pub-id-type="pmc-uid">434490</article-id><article-id pub-id-type="pmid">15137915</article-id><article-id pub-id-type="publisher-id">1471-2105-5-56</article-id><article-id pub-id-type="pmid">15137915</article-id><article-id pub-id-type="doi">10.1186/1471-2105-5-56</article-id><article-categories><subj-group subj-group-type="heading"><subject>Research Article</subject></subj-group></article-categories><title-group><article-title>Enhanced protein domain discovery using taxonomy</article-title></title-group><contrib-group><contrib id="A1" corresp="yes" contrib-type="author"><name><surname>Coin</surname><given-names>Lachlan</given-names></name><xref ref-type="aff" rid="I1">1</xref><email>lc1@sanger.ac.uk</email></contrib><contrib id="A2" contrib-type="author"><name><surname>Bateman</surname><given-names>Alex</given-names></name><xref ref-type="aff" rid="I1">1</xref><email>agb@sanger.ac.uk</email></contrib><contrib id="A3" contrib-type="author"><name><surname>Durbin</surname><given-names>Richard</given-names></name><xref ref-type="aff" rid="I1">1</xref><email>rd@sanger.ac.uk</email></contrib></contrib-group><aff id="I1"><label>1</label>Wellcome Trust Sanger Institute, Wellcome Trust Genome Campus, Hinxton, Cambridge CB10 1SA, UK</aff><pub-date pub-type="collection"><year>2004</year></pub-date><pub-date pub-type="epub"><day>11</day><month>5</month><year>2004</year></pub-date><volume>5</volume><fpage>56</fpage><lpage>56</lpage><ext-link ext-link-type="uri" xlink:href="http://www.biomedcentral.com/1471-2105/5/56"/><history><date date-type="received"><day>5</day><month>2</month><year>2004</year></date><date date-type="accepted"><day>11</day><month>5</month><year>2004</year></date></history><copyright-statement>Copyright © 2004 Coin et al; licensee BioMed Central Ltd. This is an Open Access article: verbatim copying and redistribution of this article are permitted in all media for any purpose, provided this notice is preserved along with the article's original URL.</copyright-statement><abstract><sec><title>Background</title><p>It is well known that different species have different protein domain repertoires, and indeed that some protein domains are kingdom specific. This information has not yet been incorporated into statistical methods for finding domains in sequences of amino acids.</p></sec><sec><title>Results</title><p>We show that by incorporating our understanding of the taxonomic distribution of specific protein domains, we can enhance domain recognition in protein sequences. We identify 4447 new instances of Pfam domains in the SP-TREMBL database using this technique, equivalent to the coverage increase given by the last 8.3% of Pfam families and to a 0.7% increase in the number of domain predictions. We use PSI-BLAST to cross-validate our new predictions. We also benchmark our approach using a SCOP test set of proteins of known structure, and demonstrate improvements relative to standard Hidden Markov model techniques.</p></sec><sec><title>Conclusions</title><p>Explicitly including knowledge about the taxonomic distribution of protein domains can enhance protein domain recognition. Our method can also incorporate other context-specific domain distributions – such as domain co-occurrence and protein localisation.</p></sec></abstract></article-meta></front></article>