<article xmlns="https://dtd.nlm.nih.gov/ns/archiving/2.3/" xmlns:xsi="http://www.w3.org/2001/XMLSchema-instance" xmlns:mml="http://www.w3.org/1998/Math/MathML" xmlns:xlink="http://www.w3.org/1999/xlink" xsi:schemaLocation="https://dtd.nlm.nih.gov/ns/archiving/2.3/ https://dtd.nlm.nih.gov/archiving/2.3/xsd/archivearticle.xsd" article-type="research-article"><front><journal-meta><journal-id journal-id-type="nlm-ta">BMC Bioinformatics</journal-id><journal-title>BMC Bioinformatics</journal-title><issn pub-type="epub">1471-2105</issn><publisher><publisher-name>BioMed Central</publisher-name><publisher-loc>London</publisher-loc></publisher></journal-meta><article-meta><article-id pub-id-type="accession">PMC449910</article-id><article-id pub-id-type="pmcid">PMC449910</article-id><article-id pub-id-type="pmc-uid">449910</article-id><article-id pub-id-type="pmid">15137914</article-id><article-id pub-id-type="publisher-id">1471-2105-5-57</article-id><article-id pub-id-type="pmid">15137914</article-id><article-id pub-id-type="doi">10.1186/1471-2105-5-57</article-id><article-categories><subj-group subj-group-type="heading"><subject>Research Article</subject></subj-group></article-categories><title-group><article-title>Computational identification of transcription factor binding sites by functional analysis of sets of genes sharing overrep-resented upstream motifs</article-title></title-group><contrib-group><contrib id="A1" contrib-type="author"><name><surname>Corà</surname><given-names>Davide</given-names></name><xref ref-type="aff" rid="I1">1</xref><email>cora@to.infn.it</email></contrib><contrib id="A2" contrib-type="author"><name><surname>Di Cunto</surname><given-names>Ferdinando</given-names></name><xref ref-type="aff" rid="I2">2</xref><email>ferdinando.dicunto@unito.it</email></contrib><contrib id="A3" contrib-type="author"><name><surname>Provero</surname><given-names>Paolo</given-names></name><xref ref-type="aff" rid="I3">3</xref><email>paolo.provero@fobiotech.org</email></contrib><contrib id="A4" contrib-type="author"><name><surname>Silengo</surname><given-names>Lorenzo</given-names></name><xref ref-type="aff" rid="I2">2</xref><email>lorenzo.silengo@unito.it</email></contrib><contrib id="A5" corresp="yes" contrib-type="author"><name><surname>Caselle</surname><given-names>Michele</given-names></name><xref ref-type="aff" rid="I1">1</xref><email>caselle@to.infn.it</email></contrib></contrib-group><aff id="I1"><label>1</label>Dipartimento di Fisica Teorica, Università di Torino, and INFN, sezione di Torino, Italy</aff><aff id="I2"><label>2</label>Dipartimento di Genetica, Biologia e Biochimica, Università di Torino, Torino, Italy</aff><aff id="I3"><label>3</label>Fondazione per le Biotecnologie, Torino, Italy</aff><pub-date pub-type="collection"><year>2004</year></pub-date><pub-date pub-type="epub"><day>11</day><month>5</month><year>2004</year></pub-date><volume>5</volume><fpage>57</fpage><lpage>57</lpage><ext-link ext-link-type="uri" xlink:href="http://www.biomedcentral.com/1471-2105/5/57"/><history><date date-type="received"><day>11</day><month>11</month><year>2003</year></date><date date-type="accepted"><day>11</day><month>5</month><year>2004</year></date></history><copyright-statement>Copyright © 2004 Corà et al; licensee BioMed Central Ltd. This is an Open Access article: verbatim copying and redistribution of this article are permitted in all media for any purpose, provided this notice is preserved along with the article's original URL.</copyright-statement><abstract><sec><title>Background</title><p>Transcriptional regulation is a key mechanism in the functioning of the cell, and is mostly effected through transcription factors binding to specific recognition motifs located upstream of the coding region of the regulated gene. The computational identification of such motifs is made easier by the fact that they often appear several times in the upstream region of the regulated genes, so that the number of occurrences of relevant motifs is often significantly larger than expected by pure chance.</p></sec><sec><title>Results</title><p>To exploit this fact, we construct sets of genes characterized by the statistical overrepresentation of a certain motif in their upstream regions. Then we study the functional characterization of these sets by analyzing their annotation to Gene Ontology terms. For the sets showing a statistically significant specific functional characterization, we conjecture that the upstream motif characterizing the set is a binding site for a transcription factor involved in the regulation of the genes in the set.</p></sec><sec><title>Conclusions</title><p>The method we propose is able to identify many known binding sites in <italic>S. cerevisiae </italic>and new candidate targets of regulation by known transcritpion factors. Its application to less well studied organisms is likely to be valuable in the exploration of their regulatory interaction network.</p></sec></abstract></article-meta></front></article>