<article xmlns="https://dtd.nlm.nih.gov/ns/archiving/2.3/" xmlns:xsi="http://www.w3.org/2001/XMLSchema-instance" xmlns:mml="http://www.w3.org/1998/Math/MathML" xmlns:xlink="http://www.w3.org/1999/xlink" xsi:schemaLocation="https://dtd.nlm.nih.gov/ns/archiving/2.3/ https://dtd.nlm.nih.gov/archiving/2.3/xsd/archivearticle.xsd" article-type="research-article"><front><journal-meta><journal-id journal-id-type="nlm-ta">BMC Bioinformatics</journal-id><journal-title>BMC Bioinformatics</journal-title><issn pub-type="epub">1471-2105</issn><publisher><publisher-name>BioMed Central</publisher-name><publisher-loc>London</publisher-loc></publisher></journal-meta><article-meta><article-id pub-id-type="accession">PMC434491</article-id><article-id pub-id-type="pmcid">PMC434491</article-id><article-id pub-id-type="pmc-uid">434491</article-id><article-id pub-id-type="pmid">15147578</article-id><article-id pub-id-type="publisher-id">1471-2105-5-61</article-id><article-id pub-id-type="pmid">15147578</article-id><article-id pub-id-type="doi">10.1186/1471-2105-5-61</article-id><article-categories><subj-group subj-group-type="heading"><subject>Research Article</subject></subj-group></article-categories><title-group><article-title>An approach to large scale identification of non-obvious structural similarities between proteins</article-title></title-group><contrib-group><contrib id="A1" corresp="yes" contrib-type="author"><name><surname>Cherkasov</surname><given-names>Artem</given-names></name><xref ref-type="aff" rid="I1">1</xref><email>artc@interchange.ubc.ca</email></contrib><contrib id="A2" contrib-type="author"><name><surname>Jones</surname><given-names>Steven JM</given-names></name><xref ref-type="aff" rid="I2">2</xref><email>sjones@bcgsc.ca</email></contrib></contrib-group><aff id="I1"><label>1</label>Division of Infectious Diseases, Department of Medicine, Faculty of Medicine, University of British Columbia, Vancouver, British Columbia, Canada</aff><aff id="I2"><label>2</label>Genome Sciences Centre, British Columbia Cancer Agency, Vancouver, British Columbia, Canada</aff><pub-date pub-type="collection"><year>2004</year></pub-date><pub-date pub-type="epub"><day>17</day><month>5</month><year>2004</year></pub-date><volume>5</volume><fpage>61</fpage><lpage>61</lpage><ext-link ext-link-type="uri" xlink:href="http://www.biomedcentral.com/1471-2105/5/61"/><history><date date-type="received"><day>2</day><month>2</month><year>2004</year></date><date date-type="accepted"><day>17</day><month>5</month><year>2004</year></date></history><copyright-statement>Copyright © 2004 Cherkasov and Jones; licensee BioMed Central Ltd. This is an Open Access article: verbatim copying and redistribution of this article are permitted in all media for any purpose, provided this notice is preserved along with the article's original URL.</copyright-statement><abstract><sec><title>Background</title><p>A new sequence independent bioinformatics approach allowing genome-wide search for proteins with similar three dimensional structures has been developed. By utilizing the numerical output of the sequence threading it establishes putative non-obvious structural similarities between proteins. When applied to the testing set of proteins with known three dimensional structures the developed approach was able to recognize structurally similar proteins with high accuracy.</p></sec><sec><title>Results</title><p>The method has been developed to identify pathogenic proteins with low sequence identity and high structural similarity to host analogues. Such protein structure relationships would be hypothesized to arise through convergent evolution or through ancient horizontal gene transfer events, now undetectable using current sequence alignment techniques. The pathogen proteins, which could mimic or interfere with host activities, would represent candidate virulence factors.</p><p>The developed approach utilizes the numerical outputs from the sequence-structure threading. It identifies the potential structural similarity between a pair of proteins by correlating the threading scores of the corresponding two primary sequences against the library of the standard folds. This approach allowed up to 64% sensitivity and 99.9% specificity in distinguishing protein pairs with high structural similarity.</p></sec><sec><title>Conclusion</title><p>Preliminary results obtained by comparison of the genomes of <italic>Homo sapiens </italic>and several strains of <italic>Chlamydia trachomatis </italic>have demonstrated the potential usefulness of the method in the identification of bacterial proteins with known or potential roles in virulence.</p></sec></abstract></article-meta></front></article>