<article xmlns="https://dtd.nlm.nih.gov/ns/archiving/2.3/" xmlns:xsi="http://www.w3.org/2001/XMLSchema-instance" xmlns:mml="http://www.w3.org/1998/Math/MathML" xmlns:xlink="http://www.w3.org/1999/xlink" xsi:schemaLocation="https://dtd.nlm.nih.gov/ns/archiving/2.3/ https://dtd.nlm.nih.gov/archiving/2.3/xsd/archivearticle.xsd" article-type="research-article"><front><journal-meta><journal-id journal-id-type="nlm-ta">BMC Bioinformatics</journal-id><journal-title>BMC Bioinformatics</journal-title><issn pub-type="epub">1471-2105</issn><publisher><publisher-name>BioMed Central</publisher-name><publisher-loc>London</publisher-loc></publisher></journal-meta><article-meta><article-id pub-id-type="accession">PMC449699</article-id><article-id pub-id-type="pmcid">PMC449699</article-id><article-id pub-id-type="pmc-uid">449699</article-id><article-id pub-id-type="pmid">15207009</article-id><article-id pub-id-type="publisher-id">1471-2105-5-78</article-id><article-id pub-id-type="pmid">15207009</article-id><article-id pub-id-type="doi">10.1186/1471-2105-5-78</article-id><article-categories><subj-group subj-group-type="heading"><subject>Research Article</subject></subj-group></article-categories><title-group><article-title>Boosting accuracy of automated classification of fluorescence microscope images for location proteomics</article-title></title-group><contrib-group><contrib id="A1" contrib-type="author"><name><surname>Huang</surname><given-names>Kai</given-names></name><xref ref-type="aff" rid="I1">1</xref><xref ref-type="aff" rid="I3">3</xref><email>khuang@andrew.cmu.edu</email></contrib><contrib id="A2" corresp="yes" contrib-type="author"><name><surname>Murphy</surname><given-names>Robert F</given-names></name><xref ref-type="aff" rid="I1">1</xref><xref ref-type="aff" rid="I2">2</xref><xref ref-type="aff" rid="I3">3</xref><email>murphy@cmu.edu</email></contrib></contrib-group><aff id="I1"><label>1</label>Department of Biological Sciences, Carnegie Mellon University,4400 Fifth Avenue, Pittsburgh, PA 15213 USA</aff><aff id="I2"><label>2</label>Department of Biomedical Engineering, Carnegie Mellon University,4400 Fifth Avenue, Pittsburgh, PA 15213 USA</aff><aff id="I3"><label>3</label>Center for Automated Learning and Discovery, Carnegie Mellon University,4400 Fifth Avenue, Pittsburgh, PA 15213 USA</aff><pub-date pub-type="collection"><year>2004</year></pub-date><pub-date pub-type="epub"><day>18</day><month>6</month><year>2004</year></pub-date><volume>5</volume><fpage>78</fpage><lpage>78</lpage><ext-link ext-link-type="uri" xlink:href="http://www.biomedcentral.com/1471-2105/5/78"/><history><date date-type="received"><day>26</day><month>1</month><year>2004</year></date><date date-type="accepted"><day>18</day><month>6</month><year>2004</year></date></history><copyright-statement>Copyright © 2004 Huang and Murphy; licensee BioMed Central Ltd. This is an Open Access article: verbatim copying and redistribution of this article are permitted in all media for any purpose, provided this notice is preserved along with the article's original URL.</copyright-statement><abstract><sec><title>Background</title><p>Detailed knowledge of the subcellular location of each expressed protein is critical to a full understanding of its function. Fluorescence microscopy, in combination with methods for fluorescent tagging, is the most suitable current method for proteome-wide determination of subcellular location. Previous work has shown that neural network classifiers can distinguish all major protein subcellular location patterns in both 2D and 3D fluorescence microscope images. Building on these results, we evaluate here new classifiers and features to improve the recognition of protein subcellular location patterns in both 2D and 3D fluorescence microscope images.</p></sec><sec><title>Results</title><p>We report here a thorough comparison of the performance on this problem of eight different state-of-the-art classification methods, including neural networks, support vector machines with linear, polynomial, radial basis, and exponential radial basis kernel functions, and ensemble methods such as AdaBoost, Bagging, and Mixtures-of-Experts. Ten-fold cross validation was used to evaluate each classifier with various parameters on different Subcellular Location Feature sets representing both 2D and 3D fluorescence microscope images, including new feature sets incorporating features derived from Gabor and Daubechies wavelet transforms. After optimal parameters were chosen for each of the eight classifiers, optimal majority-voting ensemble classifiers were formed for each feature set. Comparison of results for each image for all eight classifiers permits estimation of the lower bound classification error rate for each subcellular pattern, which we interpret to reflect the fraction of cells whose patterns are distorted by mitosis, cell death or acquisition errors. Overall, we obtained statistically significant improvements in classification accuracy over the best previously published results, with the overall error rate being reduced by one-third to one-half and with the average accuracy for single 2D images being higher than 90% for the first time. In particular, the classification accuracy for the easily confused endomembrane compartments (endoplasmic reticulum, Golgi, endosomes, lysosomes) was improved by 5–15%. We achieved further improvements when classification was conducted on image sets rather than on individual cell images.</p></sec><sec><title>Conclusions</title><p>The availability of accurate, fast, automated classification systems for protein location patterns in conjunction with high throughput fluorescence microscope imaging techniques enables a new subfield of proteomics, location proteomics. The accuracy and sensitivity of this approach represents an important alternative to low-resolution assignments by curation or sequence-based prediction.</p></sec></abstract></article-meta></front></article>