<article xmlns="https://dtd.nlm.nih.gov/ns/archiving/2.3/" xmlns:xsi="http://www.w3.org/2001/XMLSchema-instance" xmlns:mml="http://www.w3.org/1998/Math/MathML" xmlns:xlink="http://www.w3.org/1999/xlink" xsi:schemaLocation="https://dtd.nlm.nih.gov/ns/archiving/2.3/ https://dtd.nlm.nih.gov/archiving/2.3/xsd/archivearticle.xsd" article-type="research-article"><front><journal-meta><journal-id journal-id-type="nlm-ta">BMC Bioinformatics</journal-id><journal-title>BMC Bioinformatics</journal-title><issn pub-type="epub">1471-2105</issn><publisher><publisher-name>BioMed Central</publisher-name><publisher-loc>London</publisher-loc></publisher></journal-meta><article-meta><article-id pub-id-type="accession">PMC499543</article-id><article-id pub-id-type="pmcid">PMC499543</article-id><article-id pub-id-type="pmc-uid">499543</article-id><article-id pub-id-type="pmid">15274750</article-id><article-id pub-id-type="publisher-id">1471-2105-5-101</article-id><article-id pub-id-type="pmid">15274750</article-id><article-id pub-id-type="doi">10.1186/1471-2105-5-101</article-id><article-categories><subj-group subj-group-type="heading"><subject>Research Article</subject></subj-group></article-categories><title-group><article-title>Structural characterization of genomes by large scale sequence-structure threading: application of reliability analysis in structural genomics</article-title></title-group><contrib-group><contrib id="A1" corresp="yes" contrib-type="author"><name><surname>Cherkasov</surname><given-names>Artem</given-names></name><xref ref-type="aff" rid="I1">1</xref><email>artc@interchange.ubc.ca</email></contrib><contrib id="A2" contrib-type="author"><name><surname>Ho Sui</surname><given-names>Shannan J</given-names></name><xref ref-type="aff" rid="I2">2</xref><email>shosui@cmmt.ubc.ca</email></contrib><contrib id="A3" contrib-type="author"><name><surname>Brunham</surname><given-names>Robert C</given-names></name><xref ref-type="aff" rid="I1">1</xref><xref ref-type="aff" rid="I3">3</xref><email>robert.brunham@bccdc.ca</email></contrib><contrib id="A4" contrib-type="author"><name><surname>Jones</surname><given-names>Steven JM</given-names></name><xref ref-type="aff" rid="I4">4</xref><email>sjones@bcgsc.ca</email></contrib></contrib-group><aff id="I1"><label>1</label>Division of Infectious Diseases, Faculty of Medicine, University of British Columbia, Vancouver, British Columbia, Canada</aff><aff id="I2"><label>2</label>Department of Molecular Biology and Biochemistry, Simon Fraser University, Burnaby, British Columbia, Canada</aff><aff id="I3"><label>3</label>University of British Columbia Center for Disease Control, Vancouver, British Columbia, Canada</aff><aff id="I4"><label>4</label>Genome Sciences Centre, British Columbia Cancer Agency, Vancouver, British Columbia, Canada</aff><pub-date pub-type="collection"><year>2004</year></pub-date><pub-date pub-type="epub"><day>26</day><month>7</month><year>2004</year></pub-date><volume>5</volume><fpage>101</fpage><lpage>101</lpage><ext-link ext-link-type="uri" xlink:href="http://www.biomedcentral.com/1471-2105/5/101"/><history><date date-type="received"><day>22</day><month>4</month><year>2004</year></date><date date-type="accepted"><day>26</day><month>7</month><year>2004</year></date></history><copyright-statement>Copyright © 2004 Cherkasov et al; licensee BioMed Central Ltd.</copyright-statement><license license-type="open-access" xlink:href="http://creativecommons.org/licenses/by/2.0"><p>This is an open-access article distributed under the terms of the Creative Commons Attribution License (<ext-link ext-link-type="uri" xlink:href="http://creativecommons.org/licenses/by/2.0"/>), which permits unrestricted use, distribution, and reproduction in any medium, provided the original work is properly cited.</p></license><abstract><sec><title>Background</title><p>We establish that the occurrence of protein folds among genomes can be accurately described with a Weibull function. Systems which exhibit Weibull character can be interpreted with reliability theory commonly used in engineering analysis. For instance, Weibull distributions are widely used in reliability, maintainability and safety work to model time-to-failure of mechanical devices, mechanisms, building constructions and equipment.</p></sec><sec><title>Results</title><p>We have found that the Weibull function describes protein fold distribution within and among genomes more accurately than conventional power functions which have been used in a number of structural genomic studies reported to date.</p><p>It has also been found that the Weibull reliability parameter <italic>β </italic>for protein fold distributions varies between genomes and may reflect differences in rates of gene duplication in evolutionary history of organisms.</p></sec><sec><title>Conclusions</title><p>The results of this work demonstrate that reliability analysis can provide useful insights and testable predictions in the fields of comparative and structural genomics.</p></sec></abstract></article-meta></front></article>