<article xmlns="https://dtd.nlm.nih.gov/ns/archiving/2.3/" xmlns:xsi="http://www.w3.org/2001/XMLSchema-instance" xmlns:mml="http://www.w3.org/1998/Math/MathML" xmlns:xlink="http://www.w3.org/1999/xlink" xsi:schemaLocation="https://dtd.nlm.nih.gov/ns/archiving/2.3/ https://dtd.nlm.nih.gov/archiving/2.3/xsd/archivearticle.xsd" article-type="research-article"><front><journal-meta><journal-id journal-id-type="nlm-ta">BMC Bioinformatics</journal-id><journal-title>BMC Bioinformatics</journal-title><issn pub-type="epub">1471-2105</issn><publisher><publisher-name>BioMed Central</publisher-name><publisher-loc>London</publisher-loc></publisher></journal-meta><article-meta><article-id pub-id-type="accession">PMC471545</article-id><article-id pub-id-type="pmcid">PMC471545</article-id><article-id pub-id-type="pmc-uid">471545</article-id><article-id pub-id-type="pmid">15238163</article-id><article-id pub-id-type="publisher-id">1471-2105-5-88</article-id><article-id pub-id-type="pmid">15238163</article-id><article-id pub-id-type="doi">10.1186/1471-2105-5-88</article-id><article-categories><subj-group subj-group-type="heading"><subject>Database</subject></subj-group></article-categories><title-group><article-title>RAG: RNA-As-Graphs web resource</article-title></title-group><contrib-group><contrib id="A1" contrib-type="author"><name><surname>Fera</surname><given-names>Daniela</given-names></name><xref ref-type="aff" rid="I1">1</xref><xref ref-type="aff" rid="I2">2</xref><email>df448@nyu.edu</email></contrib><contrib id="A2" contrib-type="author"><name><surname>Kim</surname><given-names>Namhee</given-names></name><xref ref-type="aff" rid="I1">1</xref><email>nk401@cims.nyu.edu</email></contrib><contrib id="A3" contrib-type="author"><name><surname>Shiffeldrim</surname><given-names>Nahum</given-names></name><xref ref-type="aff" rid="I1">1</xref><email>nshiffeld@biomath.nyu.edu</email></contrib><contrib id="A4" contrib-type="author"><name><surname>Zorn</surname><given-names>Julie</given-names></name><xref ref-type="aff" rid="I1">1</xref><email>jz290@nyu.edu</email></contrib><contrib id="A5" contrib-type="author"><name><surname>Laserson</surname><given-names>Uri</given-names></name><xref ref-type="aff" rid="I1">1</xref><xref ref-type="aff" rid="I2">2</xref><email>ul212@nyu.edu</email></contrib><contrib id="A6" contrib-type="author"><name><surname>Gan</surname><given-names>Hin Hark</given-names></name><xref ref-type="aff" rid="I1">1</xref><email>hgan@biomath.nyu.edu</email></contrib><contrib id="A7" corresp="yes" contrib-type="author"><name><surname>Schlick</surname><given-names>Tamar</given-names></name><xref ref-type="aff" rid="I1">1</xref><xref ref-type="aff" rid="I2">2</xref><email>schlick@nyu.edu</email></contrib></contrib-group><aff id="I1"><label>1</label>Department of Chemistry, New York University, 100 Washington Square East, Room 1001, New York, NY 10003, USA</aff><aff id="I2"><label>2</label>Courant Institute of Mathematical Sciences, New York University, 251 Mercer Street, New York, NY 10012, USA</aff><pub-date pub-type="collection"><year>2004</year></pub-date><pub-date pub-type="epub"><day>6</day><month>7</month><year>2004</year></pub-date><volume>5</volume><fpage>88</fpage><lpage>88</lpage><ext-link ext-link-type="uri" xlink:href="http://www.biomedcentral.com/1471-2105/5/88"/><history><date date-type="received"><day>18</day><month>3</month><year>2004</year></date><date date-type="accepted"><day>6</day><month>7</month><year>2004</year></date></history><copyright-statement>Copyright © 2004 Fera et al; licensee BioMed Central Ltd. This is an Open Access article: verbatim copying and redistribution of this article are permitted in all media for any purpose, provided this notice is preserved along with the article's original URL.</copyright-statement><abstract><sec><title>Background</title><p>The proliferation of structural and functional studies of RNA has revealed an increasing range of RNA's structural repertoire. Toward the objective of systematic cataloguing of RNA's structural repertoire, we have recently described the basis of a graphical approach for organizing RNA secondary structures, including existing and hypothetical motifs.</p></sec><sec><title>Description</title><p>We now present an RNA motif database based on graph theory, termed RAG for RNA-As-Graphs, to catalogue and rank all theoretically possible, including existing, candidate and hypothetical, RNA secondary motifs. The candidate motifs are predicted using a clustering algorithm that classifies RNA graphs into RNA-like and non-RNA groups. All RNA motifs are filed according to their graph vertex number (RNA length) and ranked by topological complexity.</p></sec><sec><title>Conclusions</title><p>RAG's quantitative cataloguing allows facile retrieval of all classes of RNA secondary motifs, assists identification of structural and functional properties of user-supplied RNA sequences, and helps stimulate the search for novel RNAs based on predicted candidate motifs.</p></sec></abstract></article-meta></front></article>