<article xmlns="https://dtd.nlm.nih.gov/ns/archiving/2.3/" xmlns:xsi="http://www.w3.org/2001/XMLSchema-instance" xmlns:mml="http://www.w3.org/1998/Math/MathML" xmlns:xlink="http://www.w3.org/1999/xlink" xsi:schemaLocation="https://dtd.nlm.nih.gov/ns/archiving/2.3/ https://dtd.nlm.nih.gov/archiving/2.3/xsd/archivearticle.xsd" article-type="research-article"><front><journal-meta><journal-id journal-id-type="nlm-ta">BMC Bioinformatics</journal-id><journal-title>BMC Bioinformatics</journal-title><issn pub-type="epub">1471-2105</issn><publisher><publisher-name>BioMed Central</publisher-name><publisher-loc>London</publisher-loc></publisher></journal-meta><article-meta><article-id pub-id-type="accession">PMC459211</article-id><article-id pub-id-type="pmcid">PMC459211</article-id><article-id pub-id-type="pmc-uid">459211</article-id><article-id pub-id-type="pmid">15222901</article-id><article-id pub-id-type="publisher-id">1471-2105-5-85</article-id><article-id pub-id-type="pmid">15222901</article-id><article-id pub-id-type="doi">10.1186/1471-2105-5-85</article-id><article-categories><subj-group subj-group-type="heading"><subject>Methodology Article</subject></subj-group></article-categories><title-group><article-title>Asynchronous adaptive time step in quantitative cellular automata modeling</article-title></title-group><contrib-group><contrib id="A1" contrib-type="author"><name><surname>Zhu</surname><given-names>Hao</given-names></name><xref ref-type="aff" rid="I1">1</xref><email>zhuhao@bii.a-star.edu.sg</email></contrib><contrib id="A2" contrib-type="author"><name><surname>Pang</surname><given-names>Peter YH</given-names></name><xref ref-type="aff" rid="I2">2</xref><email>matpyh@nus.edu.sg</email></contrib><contrib id="A3" contrib-type="author"><name><surname>Sun</surname><given-names>Yan</given-names></name><xref ref-type="aff" rid="I1">1</xref><email>sunyan@bii.a-star.edu.sg</email></contrib><contrib id="A4" corresp="yes" contrib-type="author"><name><surname>Dhar</surname><given-names>Pawan</given-names></name><xref ref-type="aff" rid="I1">1</xref><email>pk@bii.a-star.edu.sg</email></contrib></contrib-group><aff id="I1"><label>1</label>Bioinformatics Institute, National University of Singapore, 30 Biopolis Street, Singapore 138671</aff><aff id="I2"><label>2</label>Department of Mathematics, National University of Singapore, Lower Kent Ridge Road, Singapore 119260</aff><pub-date pub-type="collection"><year>2004</year></pub-date><pub-date pub-type="epub"><day>29</day><month>6</month><year>2004</year></pub-date><volume>5</volume><fpage>85</fpage><lpage>85</lpage><ext-link ext-link-type="uri" xlink:href="http://www.biomedcentral.com/1471-2105/5/85"/><history><date date-type="received"><day>15</day><month>3</month><year>2004</year></date><date date-type="accepted"><day>29</day><month>6</month><year>2004</year></date></history><copyright-statement>Copyright © 2004 Zhu et al; licensee BioMed Central Ltd. This is an Open Access article: verbatim copying and redistribution of this article are permitted in all media for any purpose, provided this notice is preserved along with the article's original URL.</copyright-statement><abstract><sec><title>Background</title><p>The behaviors of cells in metazoans are context dependent, thus large-scale multi-cellular modeling is often necessary, for which cellular automata are natural candidates. Two related issues are involved in cellular automata based multi-cellular modeling: how to introduce differential equation based quantitative computing to precisely describe cellular activity, and upon it, how to solve the heavy time consumption issue in simulation.</p></sec><sec><title>Results</title><p>Based on a modified, language based cellular automata system we extended that allows ordinary differential equations in models, we introduce a method implementing asynchronous adaptive time step in simulation that can considerably improve efficiency yet without a significant sacrifice of accuracy. An average speedup rate of 4–5 is achieved in the given example.</p></sec><sec><title>Conclusions</title><p>Strategies for reducing time consumption in simulation are indispensable for large-scale, quantitative multi-cellular models, because even a small 100 × 100 × 100 tissue slab contains one million cells. Distributed and adaptive time step is a practical solution in cellular automata environment.</p></sec></abstract></article-meta></front></article>