<article xmlns="https://dtd.nlm.nih.gov/ns/archiving/2.3/" xmlns:xsi="http://www.w3.org/2001/XMLSchema-instance" xmlns:mml="http://www.w3.org/1998/Math/MathML" xmlns:xlink="http://www.w3.org/1999/xlink" xsi:schemaLocation="https://dtd.nlm.nih.gov/ns/archiving/2.3/ https://dtd.nlm.nih.gov/archiving/2.3/xsd/archivearticle.xsd" article-type="product-review"><front><journal-meta><journal-id journal-id-type="nlm-ta">BMC Bioinformatics</journal-id><journal-title>BMC Bioinformatics</journal-title><issn pub-type="epub">1471-2105</issn><publisher><publisher-name>BioMed Central</publisher-name><publisher-loc>London</publisher-loc></publisher></journal-meta><article-meta><article-id pub-id-type="accession">PMC497040</article-id><article-id pub-id-type="pmcid">PMC497040</article-id><article-id pub-id-type="pmc-uid">497040</article-id><article-id pub-id-type="pmid">15271224</article-id><article-id pub-id-type="publisher-id">1471-2105-5-98</article-id><article-id pub-id-type="pmid">15271224</article-id><article-id pub-id-type="doi">10.1186/1471-2105-5-98</article-id><article-categories><subj-group subj-group-type="heading"><subject>Software</subject></subj-group></article-categories><title-group><article-title>Integrated web service for improving alignment quality based on segments comparison</article-title></title-group><contrib-group><contrib id="A1" corresp="yes" contrib-type="author"><name><surname>Plewczynski</surname><given-names>Dariusz</given-names></name><xref ref-type="aff" rid="I1">1</xref><xref ref-type="aff" rid="I2">2</xref><email>darman@bioinfo.pl</email></contrib><contrib id="A2" contrib-type="author"><name><surname>Rychlewski</surname><given-names>Leszek</given-names></name><xref ref-type="aff" rid="I1">1</xref><email>leszek@bioinfo.pl</email></contrib><contrib id="A3" contrib-type="author"><name><surname>Ye</surname><given-names>Yuzhen</given-names></name><xref ref-type="aff" rid="I3">3</xref><email>yye@burnham.org</email></contrib><contrib id="A4" contrib-type="author"><name><surname>Jaroszewski</surname><given-names>Lukasz</given-names></name><xref ref-type="aff" rid="I4">4</xref><email>lukasz@sdsc.edu</email></contrib><contrib id="A5" contrib-type="author"><name><surname>Godzik</surname><given-names>Adam</given-names></name><xref ref-type="aff" rid="I3">3</xref><xref ref-type="aff" rid="I4">4</xref><email>adam@burnham.org</email></contrib></contrib-group><aff id="I1"><label>1</label>Bioinformatics Laboratory, BioInfoBank Institute, Poznan, Poland</aff><aff id="I2"><label>2</label>Interdisciplinary Centre for Mathematical and Computational Modeling, University of Warsaw, Poland</aff><aff id="I3"><label>3</label>The Burnham Institute, La Jolla, USA</aff><aff id="I4"><label>4</label>Bioinformatics Core JCSG, University of California San Diego, La Jolla, USA</aff><pub-date pub-type="collection"><year>2004</year></pub-date><pub-date pub-type="epub"><day>22</day><month>7</month><year>2004</year></pub-date><volume>5</volume><fpage>98</fpage><lpage>98</lpage><ext-link ext-link-type="uri" xlink:href="http://www.biomedcentral.com/1471-2105/5/98"/><history><date date-type="received"><day>30</day><month>3</month><year>2004</year></date><date date-type="accepted"><day>22</day><month>7</month><year>2004</year></date></history><copyright-statement>Copyright © 2004 Plewczynski et al; licensee BioMed Central Ltd.</copyright-statement><license license-type="open-access" xlink:href="http://creativecommons.org/licenses/by/2.0"><p>This is an open-access article distributed under the terms of the Creative Commons Attribution License (<ext-link ext-link-type="uri" xlink:href="http://creativecommons.org/licenses/by/2.0"/>), which permits unrestricted use, distribution, and reproduction in any medium, provided the original work is properly cited.</p></license><abstract><sec><title>Background</title><p>Defining blocks forming the global protein structure on the basis of local structural regularity is a very fruitful idea, extensively used in description, and prediction of structure from only sequence information. Over many years the secondary structure elements were used as available building blocks with great success. Specially prepared sets of possible structural motifs can be used to describe similarity between very distant, non-homologous proteins. The reason for utilizing the structural information in the description of proteins is straightforward. Structural comparison is able to detect approximately twice as many distant relationships as sequence comparison at the same error rate.</p></sec><sec><title>Results</title><p>Here we provide a new fragment library for Local Structure Segment (LSS) prediction called FRAGlib which is integrated with a previously described segment alignment algorithm SEA. A joined FRAGlib/SEA server provides easy access to both algorithms, allowing a one stop alignment service using a novel approach to protein sequence alignment based on a network matching approach. The FRAGlib used as secondary structure prediction achieves only 73% accuracy in Q3 measure, but when combined with the SEA alignment, it achieves a significant improvement in pairwise sequence alignment quality, as compared to previous SEA implementation and other public alignment algorithms. The FRAGlib algorithm takes ~2 min. to search over FRAGlib database for a typical query protein with 500 residues. The SEA service align two typical proteins within circa ~5 min. All supplementary materials (detailed results of all the benchmarks, the list of test proteins and the whole fragments library) are available for download on-line at <ext-link ext-link-type="uri" xlink:href="http://ffas.ljcrf.edu/darman/results/"/>.</p></sec><sec><title>Conclusions</title><p>The joined FRAGlib/SEA server will be a valuable tool both for molecular biologists working on protein sequence analysis and for bioinformaticians developing computational methods of structure prediction and alignment of proteins.</p></sec></abstract><kwd-group><kwd>Library of protein motifs</kwd><kwd>Profile-profile sequence similarity (BLAST</kwd><kwd>FFAS)</kwd><kwd>Fragments library (FRAGlib)</kwd><kwd>Predicted Local Structure Segments (PLSSs)</kwd><kwd>Segment Alignment (SEA)</kwd><kwd>Network matching problem</kwd></kwd-group></article-meta></front></article>