<article xmlns="https://dtd.nlm.nih.gov/ns/archiving/2.3/" xmlns:xsi="http://www.w3.org/2001/XMLSchema-instance" xmlns:mml="http://www.w3.org/1998/Math/MathML" xmlns:xlink="http://www.w3.org/1999/xlink" xsi:schemaLocation="https://dtd.nlm.nih.gov/ns/archiving/2.3/ https://dtd.nlm.nih.gov/archiving/2.3/xsd/archivearticle.xsd" article-type="research-article"><front><journal-meta><journal-id journal-id-type="nlm-ta">BMC Bioinformatics</journal-id><journal-title>BMC Bioinformatics</journal-title><issn pub-type="epub">1471-2105</issn><publisher><publisher-name>BioMed Central</publisher-name><publisher-loc>London</publisher-loc></publisher></journal-meta><article-meta><article-id pub-id-type="accession">PMC487896</article-id><article-id pub-id-type="pmcid">PMC487896</article-id><article-id pub-id-type="pmc-uid">487896</article-id><article-id pub-id-type="pmid">15239845</article-id><article-id pub-id-type="publisher-id">1471-2105-5-90</article-id><article-id pub-id-type="pmid">15239845</article-id><article-id pub-id-type="doi">10.1186/1471-2105-5-90</article-id><article-categories><subj-group subj-group-type="heading"><subject>Research Article</subject></subj-group></article-categories><title-group><article-title>Global features of sequences of bacterial chromosomes, plasmids and phages revealed by analysis of oligonucleotide usage patterns</article-title></title-group><contrib-group><contrib id="A1" corresp="yes" contrib-type="author"><name><surname>Reva</surname><given-names>Oleg N</given-names></name><xref ref-type="aff" rid="I1">1</xref><email>reva.oleg@mh-hannover.de</email></contrib><contrib id="A2" contrib-type="author"><name><surname>Tümmler</surname><given-names>Burkhard</given-names></name><xref ref-type="aff" rid="I1">1</xref><email>tuemmler.burkhard@mh-hannover.de</email></contrib></contrib-group><aff id="I1"><label>1</label>Klinische Forschergruppe, OE6711, Medizinische Hochschule Hannover, Carl-Neuberg-Strasse 1, D-30625 Hanover, Germany</aff><pub-date pub-type="collection"><year>2004</year></pub-date><pub-date pub-type="epub"><day>7</day><month>7</month><year>2004</year></pub-date><volume>5</volume><fpage>90</fpage><lpage>90</lpage><ext-link ext-link-type="uri" xlink:href="http://www.biomedcentral.com/1471-2105/5/90"/><history><date date-type="received"><day>28</day><month>6</month><year>2004</year></date><date date-type="accepted"><day>7</day><month>7</month><year>2004</year></date></history><copyright-statement>Copyright © 2004 Reva and Tümmler; licensee BioMed Central Ltd. This is an Open Access article: verbatim copying and redistribution of this article are permitted in all media for any purpose, provided this notice is preserved along with the article's original URL.</copyright-statement><abstract><sec><title>Background</title><p>Oligonucleotide frequencies were shown to be conserved signatures for bacterial genomes, however, the underlying constraints have yet not been resolved in detail. In this paper we analyzed oligonucleotide usage (OU) biases in a comprehensive collection of 155 completely sequenced bacterial chromosomes, 316 plasmids and 104 phages.</p></sec><sec><title>Results</title><p>Two global features were analyzed: pattern skew (PS) and variance of OU deviations normalized by mononucleotide content of the sequence (OUV). OUV reflects the strength of OU biases and taxonomic signals. PS denotes asymmetry of OU in direct and reverse DNA strands. A trend towards minimal PS was observed for almost all complete sequences of bacterial chromosomes and plasmids, however, PS was substantially higher in separate genomic loci and several types of plasmids and phages characterized by long stretches of non-coding DNA and/or asymmetric gene distribution on the two DNA strands. Five of the 155 bacterial chromosomes have anomalously high PS, of which the chromosomes of <italic>Xylella fastidiosa </italic>9a5c and <italic>Prochlorococcus marinus </italic>MIT9313 exhibit extreme PS values suggesting an intermediate unstable state of these two genomes.</p></sec><sec><title>Conclusions</title><p>Strand symmetry as indicated by minimal PS is a universally conserved feature of complete bacterial genomes that results from the matching mutual compensation of local OU biases on both replichors while OUV is more a taxon specific feature. Local events such as inversions or the incorporation of genome islands are balanced by global changes in genome organization to minimize PS that may represent one of the leading evolutionary forces driving bacterial genome diversification.</p></sec></abstract></article-meta></front></article>