<article xmlns="https://dtd.nlm.nih.gov/ns/archiving/2.3/" xmlns:xsi="http://www.w3.org/2001/XMLSchema-instance" xmlns:mml="http://www.w3.org/1998/Math/MathML" xmlns:xlink="http://www.w3.org/1999/xlink" xsi:schemaLocation="https://dtd.nlm.nih.gov/ns/archiving/2.3/ https://dtd.nlm.nih.gov/archiving/2.3/xsd/archivearticle.xsd" article-type="research-article"><front><journal-meta><journal-id journal-id-type="nlm-ta">BMC Bioinformatics</journal-id><journal-title>BMC Bioinformatics</journal-title><issn pub-type="epub">1471-2105</issn><publisher><publisher-name>BioMed Central</publisher-name><publisher-loc>London</publisher-loc></publisher></journal-meta><article-meta><article-id pub-id-type="accession">PMC419334</article-id><article-id pub-id-type="pmcid">PMC419334</article-id><article-id pub-id-type="pmc-uid">419334</article-id><article-id pub-id-type="pmid">15096275</article-id><article-id pub-id-type="publisher-id">1471-2105-5-41</article-id><article-id pub-id-type="pmid">15096275</article-id><article-id pub-id-type="doi">10.1186/1471-2105-5-41</article-id><article-categories><subj-group subj-group-type="heading"><subject>Research Article</subject></subj-group></article-categories><title-group><article-title>No statistical support for correlation between the positions of protein interaction sites and alternatively spliced regions</article-title></title-group><contrib-group><contrib id="A1" contrib-type="author"><name><surname>Offman</surname><given-names>Marc N</given-names></name><xref ref-type="aff" rid="I1">1</xref><email>offman@in.tum.de</email></contrib><contrib id="A2" contrib-type="author"><name><surname>Nurtdinov</surname><given-names>Ramil N</given-names></name><xref ref-type="aff" rid="I2">2</xref><email>n_ramil@mail.ru</email></contrib><contrib id="A3" contrib-type="author"><name><surname>Gelfand</surname><given-names>Mikhail S</given-names></name><xref ref-type="aff" rid="I3">3</xref><xref ref-type="aff" rid="I4">4</xref><email>gelfand@iitp.ru</email></contrib><contrib id="A4" corresp="yes" contrib-type="author"><name><surname>Frishman</surname><given-names>Dmitrij</given-names></name><xref ref-type="aff" rid="I1">1</xref><email>d.frishman@wzw.tum.de</email></contrib></contrib-group><aff id="I1"><label>1</label>Department of Genome Oriented Bioinformatics, Technical University of Munich, Wissenschaftszentrum Weihenstephan, 85350 Freising, Germany</aff><aff id="I2"><label>2</label>Department of Bioengineering and Bioinformatics, Moscow State University, Lab. Bldg. B, Leninskie Gory 1-73, Moscow, 119992, Russia</aff><aff id="I3"><label>3</label>Institute for Problems of Information Transmission, Russian Academy of Sciences, Bolshoy Karetny per. 19, Moscow, 127994, Russia</aff><aff id="I4"><label>4</label>State Scientific Center GosNIIGenetika, 1st Dorozhny pr. 1, Moscow 117545, Russia</aff><pub-date pub-type="collection"><year>2004</year></pub-date><pub-date pub-type="epub"><day>19</day><month>4</month><year>2004</year></pub-date><volume>5</volume><fpage>41</fpage><lpage>41</lpage><ext-link ext-link-type="uri" xlink:href="http://www.biomedcentral.com/1471-2105/5/41"/><history><date date-type="received"><day>13</day><month>1</month><year>2004</year></date><date date-type="accepted"><day>19</day><month>4</month><year>2004</year></date></history><copyright-statement>Copyright © 2004 Offman et al; licensee BioMed Central Ltd. This is an Open Access article: verbatim copying and redistribution of this article are permitted in all media for any purpose, provided this notice is preserved along with the article's original URL.</copyright-statement><abstract><sec><title>Background</title><p>Alternative splicing is an efficient mechanism for increasing the variety of functions fulfilled by proteins in a living cell. It has been previously demonstrated that alternatively spliced regions often comprise functionally important and conserved sequence motifs. The objective of this work was to test the hypothesis that alternative splicing is correlated with contact regions of protein-protein interactions.</p></sec><sec><title>Results</title><p>Protein sequence spans involved in contacts with an interaction partner were delineated from atomic structures of transient interaction complexes and juxtaposed with the location of alternatively spliced regions detected by comparative genome analysis and spliced alignment. The total of 42 alternatively spliced isoforms were identified in 21 amino acid chains involved in biomolecular interactions. Using this limited dataset and a variety of sophisticated counting procedures we were not able to establish a statistically significant correlation between the positions of protein interaction sites and alternatively spliced regions.</p></sec><sec><title>Conclusions</title><p>This finding contradicts a naïve hypothesis that alternatively spliced regions would correlate with points of contact. One possible explanation for that could be that all alternative splicing events change the spatial structure of the interacting domain to a sufficient degree to preclude interaction. This is indirectly supported by the observed lack of difference in the behaviour of relatively short regions affected by alternative splicing and cases when large portions of proteins are removed. More structural data on complexes of interacting proteins, including structures of alternative isoforms, are needed to test this conjecture.</p></sec></abstract><kwd-group><kwd>protein-protein interactions</kwd><kwd>alternative splicing</kwd><kwd>protein structure analysis</kwd></kwd-group></article-meta></front></article>