<article xmlns="https://dtd.nlm.nih.gov/ns/archiving/2.3/" xmlns:xsi="http://www.w3.org/2001/XMLSchema-instance" xmlns:mml="http://www.w3.org/1998/Math/MathML" xmlns:xlink="http://www.w3.org/1999/xlink" xsi:schemaLocation="https://dtd.nlm.nih.gov/ns/archiving/2.3/ https://dtd.nlm.nih.gov/archiving/2.3/xsd/archivearticle.xsd" article-type="product-review"><front><journal-meta><journal-id journal-id-type="nlm-ta">BMC Bioinformatics</journal-id><journal-title>BMC Bioinformatics</journal-title><issn pub-type="epub">1471-2105</issn><publisher><publisher-name>BioMed Central</publisher-name><publisher-loc>London</publisher-loc></publisher></journal-meta><article-meta><article-id pub-id-type="accession">PMC419696</article-id><article-id pub-id-type="pmcid">PMC419696</article-id><article-id pub-id-type="pmc-uid">419696</article-id><article-id pub-id-type="pmid">15117422</article-id><article-id pub-id-type="publisher-id">1471-2105-5-46</article-id><article-id pub-id-type="pmid">15117422</article-id><article-id pub-id-type="doi">10.1186/1471-2105-5-46</article-id><article-categories><subj-group subj-group-type="heading"><subject>Software</subject></subj-group></article-categories><title-group><article-title>B.E.A.R. GeneInfo: A tool for identifying gene-related biomedical publications through user modifiable queries</article-title></title-group><contrib-group><contrib id="A1" contrib-type="author"><name><surname>Zhou</surname><given-names>Guohui</given-names></name><xref ref-type="aff" rid="I1">1</xref><email>guohui@rocketmail.com</email></contrib><contrib id="A2" contrib-type="author"><name><surname>Wen</surname><given-names>Xinyu</given-names></name><xref ref-type="aff" rid="I1">1</xref><email>xwen@mcw.edu</email></contrib><contrib id="A3" contrib-type="author"><name><surname>Liu</surname><given-names>Hang</given-names></name><xref ref-type="aff" rid="I1">1</xref><email>hliu@mcw.edu</email></contrib><contrib id="A4" contrib-type="author"><name><surname>Schlicht</surname><given-names>Michael J</given-names></name><xref ref-type="aff" rid="I1">1</xref><email>mschlich@mcw.edu</email></contrib><contrib id="A5" contrib-type="author"><name><surname>Hessner</surname><given-names>Martin J</given-names></name><xref ref-type="aff" rid="I2">2</xref><email>mhessner@mcw.edu</email></contrib><contrib id="A6" contrib-type="author"><name><surname>Tonellato</surname><given-names>Peter J</given-names></name><xref ref-type="aff" rid="I3">3</xref><email>tone@mcw.edu</email></contrib><contrib id="A7" corresp="yes" contrib-type="author"><name><surname>Datta</surname><given-names>Milton W</given-names></name><xref ref-type="aff" rid="I1">1</xref><email>mdatta@mcw.edu</email></contrib></contrib-group><aff id="I1"><label>1</label>Department of Pathology and Bioinformatics Program, Medical College of Wisconsin, Milwaukee, WI, 53226, U.S.A</aff><aff id="I2"><label>2</label>Department of Pediatrics and Human and Molecular Genetics Center, Medical College of Wisconsin, Milwaukee, WI, 53226, U.S.A</aff><aff id="I3"><label>3</label>Department of Physiology and Human and Molecular Genetics Center, Medical College of Wisconsin, Milwaukee, WI, 53226, U.S.A</aff><pub-date pub-type="collection"><year>2004</year></pub-date><pub-date pub-type="epub"><day>29</day><month>4</month><year>2004</year></pub-date><volume>5</volume><fpage>46</fpage><lpage>46</lpage><ext-link ext-link-type="uri" xlink:href="http://www.biomedcentral.com/1471-2105/5/46"/><history><date date-type="received"><day>10</day><month>12</month><year>2003</year></date><date date-type="accepted"><day>29</day><month>4</month><year>2004</year></date></history><copyright-statement>Copyright © 2004 Zhou et al; licensee BioMed Central Ltd. This is an Open Access article: verbatim copying and redistribution of this article are permitted in all media for any purpose, provided this notice is preserved along with the article's original URL.</copyright-statement><abstract><sec><title>Background</title><p>Once specific genes are identified through high throughput genomics technologies there is a need to sort the final gene list to a manageable size for validation studies. The triaging and sorting of genes often relies on the use of supplemental information related to gene structure, metabolic pathways, and chromosomal location. Yet in disease states where the genes may not have identifiable structural elements, poorly defined metabolic pathways, or limited chromosomal data, flexible systems for obtaining additional data are necessary. In these situations having a tool for searching the biomedical literature using the list of identified genes while simultaneously defining additional search terms would be useful.</p></sec><sec><title>Results</title><p>We have built a tool, BEAR GeneInfo, that allows flexible searches based on the investigators knowledge of the biological process, thus allowing for data mining that is specific to the scientist's strengths and interests. This tool allows a user to upload a series of GenBank accession numbers, Unigene Ids, Locuslink Ids, or gene names. BEAR GeneInfo takes these IDs and identifies the associated gene names, and uses the lists of gene names to query PubMed. The investigator can add additional modifying search terms to the query. The subsequent output provides a list of publications, along with the associated reference hyperlinks, for reviewing the identified articles for relevance and interest. An example of the use of this tool in the study of human prostate cancer cells treated with Selenium is presented.</p></sec><sec><title>Conclusions</title><p>This tool can be used to further define a list of genes that have been identified through genomic or genetic studies. Through the use of targeted searches with additional search terms the investigator can limit the list to genes that match their specific research interests or needs. The tool is freely available on the web at <ext-link ext-link-type="uri" xlink:href="http://prostategenomics.org"/>[<xref ref-type="bibr" rid="B1">1</xref>], and the authors will provide scripts and database components if requested mdatta@mcw.edu</p></sec></abstract></article-meta></front></article>