<article xmlns="https://dtd.nlm.nih.gov/ns/archiving/2.3/" xmlns:xsi="http://www.w3.org/2001/XMLSchema-instance" xmlns:mml="http://www.w3.org/1998/Math/MathML" xmlns:xlink="http://www.w3.org/1999/xlink" xsi:schemaLocation="https://dtd.nlm.nih.gov/ns/archiving/2.3/ https://dtd.nlm.nih.gov/archiving/2.3/xsd/archivearticle.xsd" article-type="research-article"><front><journal-meta><journal-id journal-id-type="nlm-ta">BMC Bioinformatics</journal-id><journal-title>BMC Bioinformatics</journal-title><issn pub-type="epub">1471-2105</issn><publisher><publisher-name>BioMed Central</publisher-name><publisher-loc>London</publisher-loc></publisher></journal-meta><article-meta><article-id pub-id-type="accession">PMC487898</article-id><article-id pub-id-type="pmcid">PMC487898</article-id><article-id pub-id-type="pmc-uid">487898</article-id><article-id pub-id-type="pmid">15251039</article-id><article-id pub-id-type="publisher-id">1471-2105-5-95</article-id><article-id pub-id-type="pmid">15251039</article-id><article-id pub-id-type="doi">10.1186/1471-2105-5-95</article-id><article-categories><subj-group subj-group-type="heading"><subject>Methodology Article</subject></subj-group></article-categories><title-group><article-title>Clustering proteins from interaction networks for the prediction of cellular functions</article-title></title-group><contrib-group><contrib id="A1" contrib-type="author"><name><surname>Brun</surname><given-names>Christine</given-names></name><xref ref-type="aff" rid="I1">1</xref><email>brun@ibdm.univ-mrs.fr</email></contrib><contrib id="A2" corresp="yes" contrib-type="author"><name><surname>Herrmann</surname><given-names>Carl</given-names></name><xref ref-type="aff" rid="I1">1</xref><email>herrmann@ibdm.univ-mrs.fr</email></contrib><contrib id="A3" contrib-type="author"><name><surname>Guénoche</surname><given-names>Alain</given-names></name><xref ref-type="aff" rid="I2">2</xref><email>guenoche@iml.cnrs-mrs.fr</email></contrib></contrib-group><aff id="I1"><label>1</label>Laboratoire de Génétique et Physiologie du Développement, IBDM, CNRS/INSERM/Université de la Méditerranée</aff><aff id="I2"><label>2</label>lnstitut de Mathématiques de Luminy CNRS Parc Scientifique de Luminy, Case 907, 13288 Marseille Cedex 9, France</aff><pub-date pub-type="collection"><year>2004</year></pub-date><pub-date pub-type="epub"><day>13</day><month>7</month><year>2004</year></pub-date><volume>5</volume><fpage>95</fpage><lpage>95</lpage><ext-link ext-link-type="uri" xlink:href="http://www.biomedcentral.com/1471-2105/5/95"/><history><date date-type="received"><day>29</day><month>3</month><year>2004</year></date><date date-type="accepted"><day>13</day><month>7</month><year>2004</year></date></history><copyright-statement>Copyright © 2004 Brun et al; licensee BioMed Central Ltd. This is an Open Access article: verbatim copying and redistribution of this article are permitted in all media for any purpose, provided this notice is preserved along with the article's original URL.</copyright-statement><abstract><sec><title>Background</title><p>Developing reliable and efficient strategies allowing to infer a function to yet uncharacterized proteins based on interaction networks is of crucial interest in the current context of high-throughput data generation. In this paper, we develop a new algorithm for clustering vertices of a protein-protein interaction network using a density function, providing disjoint classes.</p></sec><sec><title>Results</title><p>Applied to the yeast interaction network, the classes obtained appear to be biological significant. The partitions are then used to make functional predictions for uncharacterized yeast proteins, using an annotation procedure that takes into account the binary interactions between proteins inside the classes. We show that this procedure is able to enhance the performances with respect to previous approaches. Finally, we propose a new annotation for 37 previously uncharacterized yeast proteins.</p></sec><sec><title>Conclusion</title><p>We believe that our results represent a significant improvement for the inference of cellular functions, that can be applied to other organism as well as to other type of interaction graph, such as genetic interactions.</p></sec></abstract></article-meta></front></article>