<article xmlns="https://dtd.nlm.nih.gov/ns/archiving/2.3/" xmlns:xsi="http://www.w3.org/2001/XMLSchema-instance" xmlns:mml="http://www.w3.org/1998/Math/MathML" xmlns:xlink="http://www.w3.org/1999/xlink" xsi:schemaLocation="https://dtd.nlm.nih.gov/ns/archiving/2.3/ https://dtd.nlm.nih.gov/archiving/2.3/xsd/archivearticle.xsd" article-type="research-article"><front><journal-meta><journal-id journal-id-type="nlm-ta">BMC Bioinformatics</journal-id><journal-title>BMC Bioinformatics</journal-title><issn pub-type="epub">1471-2105</issn><publisher><publisher-name>BioMed Central</publisher-name><publisher-loc>London</publisher-loc></publisher></journal-meta><article-meta><article-id pub-id-type="accession">PMC497039</article-id><article-id pub-id-type="pmcid">PMC497039</article-id><article-id pub-id-type="pmc-uid">497039</article-id><article-id pub-id-type="pmid">15251040</article-id><article-id pub-id-type="publisher-id">1471-2105-5-94</article-id><article-id pub-id-type="pmid">15251040</article-id><article-id pub-id-type="doi">10.1186/1471-2105-5-94</article-id><article-categories><subj-group subj-group-type="heading"><subject>Methodology Article</subject></subj-group></article-categories><title-group><article-title>Detection of transposable elements by their compositional bias</article-title></title-group><contrib-group><contrib id="A1" corresp="yes" contrib-type="author"><name><surname>Andrieu</surname><given-names>Olivier</given-names></name><xref ref-type="aff" rid="I1">1</xref><email>andrieu@ijm.jussieu.fr</email></contrib><contrib id="A2" contrib-type="author"><name><surname>Fiston</surname><given-names>Anna-Sophie</given-names></name><xref ref-type="aff" rid="I1">1</xref><email>anna.fiston@wanadoo.fr</email></contrib><contrib id="A3" contrib-type="author"><name><surname>Anxolabéhère</surname><given-names>Dominique</given-names></name><xref ref-type="aff" rid="I1">1</xref><email>anxo@ccr.jussieu.fr</email></contrib><contrib id="A4" contrib-type="author"><name><surname>Quesneville</surname><given-names>Hadi</given-names></name><xref ref-type="aff" rid="I1">1</xref><email>hq@ccr.jussieu.fr</email></contrib></contrib-group><aff id="I1"><label>1</label>Laboratoire Dynamique du Génome et Évolution, Institut Jacques Monod, Tour 42-32, 5 place Jussieu, 75251 PARIS cedex 05, FRANCE</aff><pub-date pub-type="collection"><year>2004</year></pub-date><pub-date pub-type="epub"><day>13</day><month>7</month><year>2004</year></pub-date><volume>5</volume><fpage>94</fpage><lpage>94</lpage><ext-link ext-link-type="uri" xlink:href="http://www.biomedcentral.com/1471-2105/5/94"/><history><date date-type="received"><day>4</day><month>2</month><year>2004</year></date><date date-type="accepted"><day>13</day><month>7</month><year>2004</year></date></history><copyright-statement>Copyright © 2004 Andrieu et al; licensee BioMed Central Ltd. This is an Open Access article: verbatim copying and redistribution of this article are permitted in all media for any purpose, provided this notice is preserved along with the article's original URL.</copyright-statement><abstract><sec><title>Background</title><p>Transposable elements (TE) are mobile genetic entities present in nearly all genomes. Previous work has shown that TEs tend to have a different nucleotide composition than the host genes, either considering codon usage bias or dinucleotide frequencies. We show here how these compositional differences can be used as a tool for detection and analysis of TE sequences.</p></sec><sec><title>Results</title><p>We compared the composition of TE sequences and host gene sequences using probabilistic models of nucleotide sequences. We used hidden Markov models (HMM), which take into account the base composition of the sequences (occurrences of words <italic>n </italic>nucleotides long, with <italic>n </italic>ranging here from 1 to 4) and the heterogeneity between coding and non-coding parts of sequences. We analyzed three sets of sequences containing class I TEs, class II TEs and genes respectively in three species: <italic>Drosophila melanogaster</italic>, <italic>Cænorhabditis elegans </italic>and <italic>Arabidopsis thaliana</italic>. Each of these sets had a distinct, homogeneous composition, enabling us to distinguish between the two classes of TE and the genes. However the particular base composition of the TEs differed in the three species studied.</p></sec><sec><title>Conclusions</title><p>This approach can be used to detect and annotate TEs in genomic sequences and complements the current homology-based TE detection methods. Furthermore, the HMM method is able to identify the parts of a sequence in which the nucleotide composition resembles that of a coding region of a TE. This is useful for the detailed annotation of TE sequences, which may contain an ancient, highly diverged coding region that is no longer fully functional.</p></sec></abstract></article-meta></front></article>