<article xmlns="https://dtd.nlm.nih.gov/ns/archiving/2.3/" xmlns:xsi="http://www.w3.org/2001/XMLSchema-instance" xmlns:mml="http://www.w3.org/1998/Math/MathML" xmlns:xlink="http://www.w3.org/1999/xlink" xsi:schemaLocation="https://dtd.nlm.nih.gov/ns/archiving/2.3/ https://dtd.nlm.nih.gov/archiving/2.3/xsd/archivearticle.xsd" article-type="research-article"><front><journal-meta><journal-id journal-id-type="nlm-ta">BMC Bioinformatics</journal-id><journal-title>BMC Bioinformatics</journal-title><issn pub-type="epub">1471-2105</issn><publisher><publisher-name>BioMed Central</publisher-name><publisher-loc>London</publisher-loc></publisher></journal-meta><article-meta><article-id pub-id-type="accession">PMC419695</article-id><article-id pub-id-type="pmcid">PMC419695</article-id><article-id pub-id-type="pmc-uid">419695</article-id><article-id pub-id-type="pmid">15115544</article-id><article-id pub-id-type="publisher-id">1471-2105-5-44</article-id><article-id pub-id-type="pmid">15115544</article-id><article-id pub-id-type="doi">10.1186/1471-2105-5-44</article-id><article-categories><subj-group subj-group-type="heading"><subject>Methodology Article</subject></subj-group></article-categories><title-group><article-title>Identification of regions in multiple sequence alignments thermodynamically suitable for targeting by consensus oligonucleotides: application to HIV genome</article-title></title-group><contrib-group><contrib id="A1" contrib-type="author"><name><surname>Matveeva</surname><given-names>Olga V</given-names></name><xref ref-type="aff" rid="I1">1</xref><email>olgam@howard.genetics.utah.edu</email></contrib><contrib id="A2" contrib-type="author"><name><surname>Foley</surname><given-names>Brian T</given-names></name><xref ref-type="aff" rid="I2">2</xref><email>btf@atlas.lanl.gov</email></contrib><contrib id="A3" contrib-type="author"><name><surname>Nemtsov</surname><given-names>Vladimir A</given-names></name><xref ref-type="aff" rid="I3">3</xref><email>vovanem@online.ru</email></contrib><contrib id="A4" contrib-type="author"><name><surname>Gesteland</surname><given-names>Raymond F</given-names></name><xref ref-type="aff" rid="I1">1</xref><email>ray.gesteland@genetics.utah.edu</email></contrib><contrib id="A5" contrib-type="author"><name><surname>Matsufuji</surname><given-names>Senya</given-names></name><xref ref-type="aff" rid="I4">4</xref><email>senya@jikei.ac.jp</email></contrib><contrib id="A6" contrib-type="author"><name><surname>Atkins</surname><given-names>John F</given-names></name><xref ref-type="aff" rid="I1">1</xref><xref ref-type="aff" rid="I5">5</xref><email>john.atkins@genetics.utah.edu</email></contrib><contrib id="A7" contrib-type="author"><name><surname>Ogurtsov</surname><given-names>Alexei Y</given-names></name><xref ref-type="aff" rid="I6">6</xref><email>ogurtsov@ncbi.nlm.nih.gov</email></contrib><contrib id="A8" corresp="yes" contrib-type="author"><name><surname>Shabalina</surname><given-names>Svetlana A</given-names></name><xref ref-type="aff" rid="I6">6</xref><email>shabalin@ncbi.nlm.nih.gov</email></contrib></contrib-group><aff id="I1"><label>1</label>Department of Human Genetics, University of Utah, Salt Lake City 84112-5330, USA</aff><aff id="I2"><label>2</label>Los Alamos National Laboratory, P.O. Box 1663, Los Alamos, NM 87545, USA</aff><aff id="I3"><label>3</label>MGGT, Ul. Lavochkina 23(A), 125502, Moscow, Russia</aff><aff id="I4"><label>4</label>Department of Biochemistry II The Jikei University School of Medicine 3-25-8 Nishi-Shinbashi, Minato-ku, Tokyo 105-8461, Japan</aff><aff id="I5"><label>5</label>Biosciences Institute, University College Cork, Ireland</aff><aff id="I6"><label>6</label>National Center for Biotechnology Information, NLM, NIH, Bethesda, Maryland 20814, USA</aff><pub-date pub-type="collection"><year>2004</year></pub-date><pub-date pub-type="epub"><day>29</day><month>4</month><year>2004</year></pub-date><volume>5</volume><fpage>44</fpage><lpage>44</lpage><ext-link ext-link-type="uri" xlink:href="http://www.biomedcentral.com/1471-2105/5/44"/><history><date date-type="received"><day>14</day><month>2</month><year>2004</year></date><date date-type="accepted"><day>29</day><month>4</month><year>2004</year></date></history><copyright-statement>Copyright © 2004 Matveeva et al; licensee BioMed Central Ltd. This is an Open Access article: verbatim copying and redistribution of this article are permitted in all media for any purpose, provided this notice is preserved along with the article's original URL.</copyright-statement><abstract><sec><title>Background</title><p>Computer programs for the generation of multiple sequence alignments such as "Clustal W" allow detection of regions that are most conserved among many sequence variants. However, even for regions that are equally conserved, their potential utility as hybridization targets varies. Mismatches in sequence variants are more disruptive in some duplexes than in others. Additionally, the propensity for self-interactions amongst oligonucleotides targeting conserved regions differs and the structure of target regions themselves can also influence hybridization efficiency. There is a need to develop software that will employ thermodynamic selection criteria for finding optimal hybridization targets in related sequences.</p></sec><sec><title>Results</title><p>A new scheme and new software for optimal detection of oligonucleotide hybridization targets common to families of aligned sequences is suggested and applied to aligned sequence variants of the complete HIV-1 genome. The scheme employs sequential filtering procedures with experimentally determined thermodynamic cut off points: 1) creation of a consensus sequence of RNA or DNA from aligned sequence variants with specification of the lengths of fragments to be used as oligonucleotide targets in the analyses; 2) selection of DNA oligonucleotides that have pairing potential, greater than a defined threshold, with all variants of aligned RNA sequences; 3) elimination of DNA oligonucleotides that have self-pairing potentials for intra- and inter-molecular interactions greater than defined thresholds. This scheme has been applied to the HIV-1 genome with experimentally determined thermodynamic cut off points. Theoretically optimal RNA target regions for consensus oligonucleotides were found. They can be further used for improvement of oligo-probe based HIV detection techniques.</p></sec><sec><title>Conclusions</title><p>A selection scheme with thermodynamic thresholds and software is presented in this study. The package can be used for any purpose where there is a need to design optimal consensus oligonucleotides capable of interacting efficiently with hybridization targets common to families of aligned RNA or DNA sequences. Our thermodynamic approach can be helpful in designing consensus oligonucleotides with consistently high affinity to target variants in evolutionary related genes or genomes.</p></sec></abstract></article-meta></front></article>