<article xmlns="https://dtd.nlm.nih.gov/ns/archiving/2.3/" xmlns:xsi="http://www.w3.org/2001/XMLSchema-instance" xmlns:mml="http://www.w3.org/1998/Math/MathML" xmlns:xlink="http://www.w3.org/1999/xlink" xsi:schemaLocation="https://dtd.nlm.nih.gov/ns/archiving/2.3/ https://dtd.nlm.nih.gov/archiving/2.3/xsd/archivearticle.xsd" article-type="research-article"><front><journal-meta><journal-id journal-id-type="nlm-ta">BMC Bioinformatics</journal-id><journal-title>BMC Bioinformatics</journal-title><issn pub-type="epub">1471-2105</issn><publisher><publisher-name>BioMed Central</publisher-name><publisher-loc>London</publisher-loc></publisher></journal-meta><article-meta><article-id pub-id-type="accession">PMC517928</article-id><article-id pub-id-type="pmcid">PMC517928</article-id><article-id pub-id-type="pmc-uid">517928</article-id><article-id pub-id-type="pmid">15357877</article-id><article-id pub-id-type="publisher-id">1471-2105-5-130</article-id><article-id pub-id-type="pmid">15357877</article-id><article-id pub-id-type="doi">10.1186/1471-2105-5-130</article-id><article-categories><subj-group subj-group-type="heading"><subject>Database</subject></subj-group></article-categories><title-group><article-title>GDR (<underline>G</underline>enome <underline>D</underline>atabase for <underline>R</underline>osaceae): integrated web resources for Rosaceae genomics and genetics research</article-title></title-group><contrib-group><contrib id="A1" contrib-type="author"><name><surname>Jung</surname><given-names>Sook</given-names></name><xref ref-type="aff" rid="I1">1</xref><xref ref-type="aff" rid="I2">2</xref><email>sook@genome.clemson.edu</email></contrib><contrib id="A2" contrib-type="author"><name><surname>Jesudurai</surname><given-names>Christopher</given-names></name><xref ref-type="aff" rid="I1">1</xref><xref ref-type="aff" rid="I2">2</xref><email>jcdr@genome.clemson.edu</email></contrib><contrib id="A3" contrib-type="author"><name><surname>Staton</surname><given-names>Margaret</given-names></name><xref ref-type="aff" rid="I1">1</xref><xref ref-type="aff" rid="I2">2</xref><email>meg@genome.clemson.edu</email></contrib><contrib id="A4" contrib-type="author"><name><surname>Du</surname><given-names>Zhidian</given-names></name><xref ref-type="aff" rid="I2">2</xref><email>zdu@clemson.edu</email></contrib><contrib id="A5" contrib-type="author"><name><surname>Ficklin</surname><given-names>Stephen</given-names></name><xref ref-type="aff" rid="I1">1</xref><xref ref-type="aff" rid="I2">2</xref><email>stephen@genome.clemson.edu</email></contrib><contrib id="A6" contrib-type="author"><name><surname>Cho</surname><given-names>Ilhyung</given-names></name><xref ref-type="aff" rid="I3">3</xref><email>icho@svsu.edu</email></contrib><contrib id="A7" contrib-type="author"><name><surname>Abbott</surname><given-names>Albert</given-names></name><xref ref-type="aff" rid="I1">1</xref><email>aalbert@clemson.edu</email></contrib><contrib id="A8" contrib-type="author"><name><surname>Tomkins</surname><given-names>Jeffrey</given-names></name><xref ref-type="aff" rid="I1">1</xref><xref ref-type="aff" rid="I2">2</xref><email>jeff@genome.clemson.edu</email></contrib><contrib id="A9" corresp="yes" contrib-type="author"><name><surname>Main</surname><given-names>Dorrie</given-names></name><xref ref-type="aff" rid="I1">1</xref><xref ref-type="aff" rid="I2">2</xref><email>dorrie@genome.clemson.edu</email></contrib></contrib-group><aff id="I1"><label>1</label>Department of Genetics and Biochemistry, Clemson University, Clemson, SC, 29634, USA</aff><aff id="I2"><label>2</label>Clemson University Genomics Institute, Clemson University, Clemson, SC, 29634, USA</aff><aff id="I3"><label>3</label>Department of Computer Sciences, Saginaw Valley State University, University Center, MI, 48710, USA</aff><pub-date pub-type="collection"><year>2004</year></pub-date><pub-date pub-type="epub"><day>9</day><month>9</month><year>2004</year></pub-date><volume>5</volume><fpage>130</fpage><lpage>130</lpage><ext-link ext-link-type="uri" xlink:href="http://www.biomedcentral.com/1471-2105/5/130"/><history><date date-type="received"><day>11</day><month>5</month><year>2004</year></date><date date-type="accepted"><day>9</day><month>9</month><year>2004</year></date></history><copyright-statement>Copyright © 2004 Jung et al; licensee BioMed Central Ltd.</copyright-statement><license license-type="open-access" xlink:href="http://creativecommons.org/licenses/by/2.0"><p>This is an open-access article distributed under the terms of the Creative Commons Attribution License (<ext-link ext-link-type="uri" xlink:href="http://creativecommons.org/licenses/by/2.0"/>), which permits unrestricted use, distribution, and reproduction in any medium, provided the original work is properly cited.</p></license><abstract><sec><title>Background</title><p>Peach is being developed as a model organism for Rosaceae, an economically important family that includes fruits and ornamental plants such as apple, pear, strawberry, cherry, almond and rose. The genomics and genetics data of peach can play a significant role in the gene discovery and the genetic understanding of related species. The effective utilization of these peach resources, however, requires the development of an integrated and centralized database with associated analysis tools.</p></sec><sec><title>Description</title><p>The Genome Database for Rosaceae (GDR) is a curated and integrated web-based relational database. GDR contains comprehensive data of the genetically anchored peach physical map, an annotated peach EST database, Rosaceae maps and markers and all publicly available Rosaceae sequences. Annotations of ESTs include contig assembly, putative function, simple sequence repeats, and anchored position to the peach physical map where applicable. Our integrated map viewer provides graphical interface to the genetic, transcriptome and physical mapping information. ESTs, BACs and markers can be queried by various categories and the search result sites are linked to the integrated map viewer or to the WebFPC physical map sites. In addition to browsing and querying the database, users can compare their sequences with the annotated GDR sequences via a dedicated sequence similarity server running either the BLAST or FASTA algorithm. To demonstrate the utility of the integrated and fully annotated database and analysis tools, we describe a case study where we anchored Rosaceae sequences to the peach physical and genetic map by sequence similarity.</p></sec><sec><title>Conclusions</title><p>The GDR has been initiated to meet the major deficiency in Rosaceae genomics and genetics research, namely a centralized web database and bioinformatics tools for data storage, analysis and exchange. GDR can be accessed at <ext-link ext-link-type="uri" xlink:href="http://www.genome.clemson.edu/gdr/"/>.</p></sec></abstract></article-meta></front></article>