<article xmlns="https://dtd.nlm.nih.gov/ns/archiving/2.3/" xmlns:xsi="http://www.w3.org/2001/XMLSchema-instance" xmlns:mml="http://www.w3.org/1998/Math/MathML" xmlns:xlink="http://www.w3.org/1999/xlink" xsi:schemaLocation="https://dtd.nlm.nih.gov/ns/archiving/2.3/ https://dtd.nlm.nih.gov/archiving/2.3/xsd/archivearticle.xsd" article-type="research-article"><front><journal-meta><journal-id journal-id-type="nlm-ta">BMC Bioinformatics</journal-id><journal-title>BMC Bioinformatics</journal-title><issn pub-type="epub">1471-2105</issn><publisher><publisher-name>BioMed Central</publisher-name><publisher-loc>London</publisher-loc></publisher></journal-meta><article-meta><article-id pub-id-type="accession">PMC516024</article-id><article-id pub-id-type="pmcid">PMC516024</article-id><article-id pub-id-type="pmc-uid">516024</article-id><article-id pub-id-type="pmid">15296518</article-id><article-id pub-id-type="publisher-id">1471-2105-5-106</article-id><article-id pub-id-type="pmid">15296518</article-id><article-id pub-id-type="doi">10.1186/1471-2105-5-106</article-id><article-categories><subj-group subj-group-type="heading"><subject>Research Article</subject></subj-group></article-categories><title-group><article-title>Estimates of statistical significance for comparison of individual positions in multiple sequence alignments</article-title></title-group><contrib-group><contrib id="A1" contrib-type="author"><name><surname>Sadreyev</surname><given-names>Ruslan I</given-names></name><xref ref-type="aff" rid="I1">1</xref><email>sadreyev@chop.swmed.edu</email></contrib><contrib id="A2" corresp="yes" contrib-type="author"><name><surname>Grishin</surname><given-names>Nick V</given-names></name><xref ref-type="aff" rid="I1">1</xref><email>grishin@chop.swmed.edu</email></contrib></contrib-group><aff id="I1"><label>1</label>Howard Hughes Medical Institute, and Department of Biochemistry, University of Texas Southwestern Medical Center, 5323, Harry Hines Blvd, Dallas, TX 75390-9050, USA</aff><pub-date pub-type="collection"><year>2004</year></pub-date><pub-date pub-type="epub"><day>5</day><month>8</month><year>2004</year></pub-date><volume>5</volume><fpage>106</fpage><lpage>106</lpage><ext-link ext-link-type="uri" xlink:href="http://www.biomedcentral.com/1471-2105/5/106"/><history><date date-type="received"><day>1</day><month>4</month><year>2004</year></date><date date-type="accepted"><day>5</day><month>8</month><year>2004</year></date></history><copyright-statement>Copyright © 2004 Sadreyev and Grishin; licensee BioMed Central Ltd.</copyright-statement><license license-type="open-access" xlink:href="http://creativecommons.org/licenses/by/2.0"><p>This is an open-access article distributed under the terms of the Creative Commons Attribution License (<ext-link ext-link-type="uri" xlink:href="http://creativecommons.org/licenses/by/2.0"/>), which permits unrestricted use, distribution, and reproduction in any medium, provided the original work is properly cited.</p></license><abstract><sec><title>Background</title><p>Profile-based analysis of multiple sequence alignments (MSA) allows for accurate comparison of protein families. Here, we address the problems of detecting statistically confident dissimilarities between (1) MSA position and a set of predicted residue frequencies, and (2) between two MSA positions. These problems are important for (i) evaluation and optimization of methods predicting residue occurrence at protein positions; (ii) detection of potentially misaligned regions in automatically produced alignments and their further refinement; and (iii) detection of sites that determine functional or structural specificity in two related families.</p></sec><sec><title>Results</title><p>For problems (1) and (2), we propose analytical estimates of P-value and apply them to the detection of significant positional dissimilarities in various experimental situations. (a) We compare structure-based predictions of residue propensities at a protein position to the actual residue frequencies in the MSA of homologs. (b) We evaluate our method by the ability to detect erroneous position matches produced by an automatic sequence aligner. (c) We compare MSA positions that correspond to residues aligned by automatic structure aligners. (d) We compare MSA positions that are aligned by high-quality manual superposition of structures. Detected dissimilarities reveal shortcomings of the automatic methods for residue frequency prediction and alignment construction. For the high-quality structural alignments, the dissimilarities suggest sites of potential functional or structural importance.</p></sec><sec><title>Conclusion</title><p>The proposed computational method is of significant potential value for the analysis of protein families.</p></sec></abstract></article-meta></front></article>