<article xmlns="https://dtd.nlm.nih.gov/ns/archiving/2.3/" xmlns:xsi="http://www.w3.org/2001/XMLSchema-instance" xmlns:mml="http://www.w3.org/1998/Math/MathML" xmlns:xlink="http://www.w3.org/1999/xlink" xsi:schemaLocation="https://dtd.nlm.nih.gov/ns/archiving/2.3/ https://dtd.nlm.nih.gov/archiving/2.3/xsd/archivearticle.xsd" article-type="product-review"><front><journal-meta><journal-id journal-id-type="nlm-ta">BMC Bioinformatics</journal-id><journal-title>BMC Bioinformatics</journal-title><issn pub-type="epub">1471-2105</issn><publisher><publisher-name>BioMed Central</publisher-name><publisher-loc>London</publisher-loc></publisher></journal-meta><article-meta><article-id pub-id-type="accession">PMC555758</article-id><article-id pub-id-type="pmcid">PMC555758</article-id><article-id pub-id-type="pmc-uid">555758</article-id><article-id pub-id-type="pmid">15757508</article-id><article-id pub-id-type="publisher-id">1471-2105-6-47</article-id><article-id pub-id-type="pmid">15757508</article-id><article-id pub-id-type="doi">10.1186/1471-2105-6-47</article-id><article-categories><subj-group subj-group-type="heading"><subject>Software</subject></subj-group></article-categories><title-group><article-title>JAtlasView: a Java atlas-viewer for browsing biomedical 3D images and atlases</article-title></title-group><contrib-group><contrib id="A1" contrib-type="author"><name><surname>Feng</surname><given-names>Guangjie</given-names></name><xref ref-type="aff" rid="I1">1</xref><email>Guangjie.Feng@hgu.mrc.ac.uk</email></contrib><contrib id="A2" contrib-type="author"><name><surname>Burton</surname><given-names>Nick</given-names></name><xref ref-type="aff" rid="I1">1</xref><email>Nicholas.Burton@hgu.mrc.ac.uk</email></contrib><contrib id="A3" contrib-type="author"><name><surname>Hill</surname><given-names>Bill</given-names></name><xref ref-type="aff" rid="I1">1</xref><email>Bill.Hill@hgu.mrc.ac.uk</email></contrib><contrib id="A4" contrib-type="author"><name><surname>Davidson</surname><given-names>Duncan</given-names></name><xref ref-type="aff" rid="I1">1</xref><email>Duncan.Davidson@hgu.mrc.ac.uk</email></contrib><contrib id="A5" contrib-type="author"><name><surname>Kerwin</surname><given-names>Janet</given-names></name><xref ref-type="aff" rid="I2">2</xref><email>J.M.Kerwin@ncl.ac.uk</email></contrib><contrib id="A6" contrib-type="author"><name><surname>Scott</surname><given-names>Mark</given-names></name><xref ref-type="aff" rid="I2">2</xref><email>M.K.Scott@ncl.ac.uk</email></contrib><contrib id="A7" contrib-type="author"><name><surname>Lindsay</surname><given-names>Susan</given-names></name><xref ref-type="aff" rid="I2">2</xref><email>S.Lindsay@newcastle.ac.uk</email></contrib><contrib id="A8" corresp="yes" contrib-type="author"><name><surname>Baldock</surname><given-names>Richard</given-names></name><xref ref-type="aff" rid="I1">1</xref><email>Richard.Baldock@hgu.mrc.ac.uk</email></contrib></contrib-group><aff id="I1"><label>1</label>MRC Human Genetics Unit, Western General Hospital, Crewe Road, EH4 2XU, Edinburgh, UK</aff><aff id="I2"><label>2</label>The Institute of Human Genetics, University of Newcastle, International Centre for Life, Central Parkway, Newcastle-upon-Tyne, NE1 3BZ, UK</aff><pub-date pub-type="collection"><year>2005</year></pub-date><pub-date pub-type="epub"><day>9</day><month>3</month><year>2005</year></pub-date><volume>6</volume><fpage>47</fpage><lpage>47</lpage><ext-link ext-link-type="uri" xlink:href="http://www.biomedcentral.com/1471-2105/6/47"/><history><date date-type="received"><day>8</day><month>9</month><year>2004</year></date><date date-type="accepted"><day>9</day><month>3</month><year>2005</year></date></history><copyright-statement>Copyright © 2005 Feng et al; licensee BioMed Central Ltd.</copyright-statement><license license-type="open-access" xlink:href="http://creativecommons.org/licenses/by/2.0"><p>This is an Open Access article distributed under the terms of the Creative Commons Attribution License (<ext-link ext-link-type="uri" xlink:href="http://creativecommons.org/licenses/by/2.0"/>), which permits unrestricted use, distribution, and reproduction in any medium, provided the original work is properly cited.</p></license><abstract><sec><title>Background</title><p>Many three-dimensional (3D) images are routinely collected in biomedical research and a number of digital atlases with associated anatomical and other information have been published. A number of tools are available for viewing this data ranging from commercial visualization packages to freely available, typically system architecture dependent, solutions. Here we discuss an atlas viewer implemented to run on any workstation using the architecture neutral Java programming language.</p></sec><sec><title>Results</title><p>We report the development of a freely available Java based viewer for 3D image data, descibe the structure and functionality of the viewer and how automated tools can be developed to manage the Java Native Interface code. The viewer allows arbitrary re-sectioning of the data and interactive browsing through the volume. With appropriately formatted data, for example as provided for the Electronic Atlas of the Developing Human Brain, a 3D surface view and anatomical browsing is available. The interface is developed in Java with Java3D providing the 3D rendering. For efficiency the image data is manipulated using the Woolz image-processing library provided as a dynamically linked module for each machine architecture.</p></sec><sec><title>Conclusion</title><p>We conclude that Java provides an appropriate environment for efficient development of these tools and techniques exist to allow computationally efficient image-processing libraries to be integrated relatively easily.</p></sec></abstract></article-meta></front></article>