<article xmlns="https://dtd.nlm.nih.gov/ns/archiving/2.3/" xmlns:xsi="http://www.w3.org/2001/XMLSchema-instance" xmlns:mml="http://www.w3.org/1998/Math/MathML" xmlns:xlink="http://www.w3.org/1999/xlink" xsi:schemaLocation="https://dtd.nlm.nih.gov/ns/archiving/2.3/ https://dtd.nlm.nih.gov/archiving/2.3/xsd/archivearticle.xsd" article-type="research-article"><front><journal-meta><journal-id journal-id-type="nlm-ta">BMC Bioinformatics</journal-id><journal-title>BMC Bioinformatics</journal-title><issn pub-type="epub">1471-2105</issn><publisher><publisher-name>BioMed Central</publisher-name><publisher-loc>London</publisher-loc></publisher></journal-meta><article-meta><article-id pub-id-type="accession">PMC534097</article-id><article-id pub-id-type="pmcid">PMC534097</article-id><article-id pub-id-type="pmc-uid">534097</article-id><article-id pub-id-type="pmid">15507142</article-id><article-id pub-id-type="publisher-id">1471-2105-5-166</article-id><article-id pub-id-type="pmid">15507142</article-id><article-id pub-id-type="doi">10.1186/1471-2105-5-166</article-id><article-categories><subj-group subj-group-type="heading"><subject>Methodology Article</subject></subj-group></article-categories><title-group><article-title>A probabilistic model for the evolution of RNA structure</article-title></title-group><contrib-group><contrib id="A1" corresp="yes" contrib-type="author"><name><surname>Holmes</surname><given-names>Ian</given-names></name><xref ref-type="aff" rid="I1">1</xref><xref ref-type="aff" rid="I2">2</xref><email>ihh@berkeley.edu</email></contrib></contrib-group><aff id="I1"><label>1</label>Department of Bioengineering, University of California, Berkeley CA 94720-1762, USA</aff><aff id="I2"><label>2</label>Department of Statistics, 1 South Parks Road, Oxford OX1 3TG, UK</aff><pub-date pub-type="collection"><year>2004</year></pub-date><pub-date pub-type="epub"><day>26</day><month>10</month><year>2004</year></pub-date><volume>5</volume><fpage>166</fpage><lpage>166</lpage><ext-link ext-link-type="uri" xlink:href="http://www.biomedcentral.com/1471-2105/5/166"/><history><date date-type="received"><day>27</day><month>7</month><year>2004</year></date><date date-type="accepted"><day>26</day><month>10</month><year>2004</year></date></history><copyright-statement>Copyright © 2004 Holmes; licensee BioMed Central Ltd.</copyright-statement><license license-type="open-access" xlink:href="http://creativecommons.org/licenses/by/2.0"><p>This is an Open Access article distributed under the terms of the Creative Commons Attribution License (<ext-link ext-link-type="uri" xlink:href="http://creativecommons.org/licenses/by/2.0"/>), which permits unrestricted use, distribution, and reproduction in any medium, provided the original work is properly cited.</p></license><abstract><sec><title>Background</title><p>For the purposes of finding and aligning noncoding RNA gene- and <italic>cis</italic>-regulatory elements in multiple-genome datasets, it is useful to be able to derive multi-sequence stochastic grammars (and hence multiple alignment algorithms) systematically, starting from hypotheses about the various kinds of random mutation event and their rates.</p></sec><sec><title>Results</title><p>Here, we consider a highly simplified evolutionary model for RNA, called "The TKF91 Structure Tree" (following Thorne, Kishino and Felsenstein's 1991 model of sequence evolution with indels), which we have implemented for pairwise alignment as proof of principle for such an approach. The model, its strengths and its weaknesses are discussed with reference to four examples of functional ncRNA sequences: a riboswitch (guanine), a zipcode (nanos), a splicing factor (U4) and a ribozyme (RNase P). As shown by our visualisations of posterior probability matrices, the selected examples illustrate three different signatures of natural selection that are highly characteristic of ncRNA: (i) co-ordinated basepair substitutions, (ii) co-ordinated basepair indels and (iii) whole-stem indels.</p></sec><sec><title>Conclusions</title><p>Although all three types of mutation "event" are built into our model, events of type (i) and (ii) are found to be better modeled than events of type (iii). Nevertheless, we hypothesise from the model's performance on pairwise alignments that it would form an adequate basis for a prototype multiple alignment and genefinding tool.</p></sec></abstract></article-meta></front></article>