<article xmlns="https://dtd.nlm.nih.gov/ns/archiving/2.3/" xmlns:xsi="http://www.w3.org/2001/XMLSchema-instance" xmlns:mml="http://www.w3.org/1998/Math/MathML" xmlns:xlink="http://www.w3.org/1999/xlink" xsi:schemaLocation="https://dtd.nlm.nih.gov/ns/archiving/2.3/ https://dtd.nlm.nih.gov/archiving/2.3/xsd/archivearticle.xsd" article-type="research-article"><front><journal-meta><journal-id journal-id-type="nlm-ta">BMC Bioinformatics</journal-id><journal-title>BMC Bioinformatics</journal-title><issn pub-type="epub">1471-2105</issn><publisher><publisher-name>BioMed Central</publisher-name><publisher-loc>London</publisher-loc></publisher></journal-meta><article-meta><article-id pub-id-type="accession">PMC514697</article-id><article-id pub-id-type="pmcid">PMC514697</article-id><article-id pub-id-type="pmc-uid">514697</article-id><article-id pub-id-type="pmid">15294028</article-id><article-id pub-id-type="publisher-id">1471-2105-5-104</article-id><article-id pub-id-type="pmid">15294028</article-id><article-id pub-id-type="doi">10.1186/1471-2105-5-104</article-id><article-categories><subj-group subj-group-type="heading"><subject>Research Article</subject></subj-group></article-categories><title-group><article-title>Design, implementation and evaluation of a practical pseudoknot folding algorithm based on thermodynamics</article-title></title-group><contrib-group><contrib id="A1" contrib-type="author"><name><surname>Reeder</surname><given-names>Jens</given-names></name><xref ref-type="aff" rid="I1">1</xref><email>jreeder@techfak.uni-bielefeld.de</email></contrib><contrib id="A2" corresp="yes" contrib-type="author"><name><surname>Giegerich</surname><given-names>Robert</given-names></name><xref ref-type="aff" rid="I1">1</xref><email>robert@techfak.uni-bielefeld.de</email></contrib></contrib-group><aff id="I1"><label>1</label>Faculty of Technology, Bielefeld University, 33615 Bielefeld, Germany</aff><pub-date pub-type="collection"><year>2004</year></pub-date><pub-date pub-type="epub"><day>4</day><month>8</month><year>2004</year></pub-date><volume>5</volume><fpage>104</fpage><lpage>104</lpage><ext-link ext-link-type="uri" xlink:href="http://www.biomedcentral.com/1471-2105/5/104"/><history><date date-type="received"><day>27</day><month>2</month><year>2004</year></date><date date-type="accepted"><day>4</day><month>8</month><year>2004</year></date></history><copyright-statement>Copyright © 2004 Reeder and Giegerich; licensee BioMed Central Ltd.</copyright-statement><license license-type="open-access" xlink:href="http://creativecommons.org/licenses/by/2.0"><p>This is an open-access article distributed under the terms of the Creative Commons Attribution License (<ext-link ext-link-type="uri" xlink:href="http://creativecommons.org/licenses/by/2.0"/>), which permits unrestricted use, distribution, and reproduction in any medium, provided the original work is properly cited.</p></license><abstract><sec><title>Background</title><p>The general problem of RNA secondary structure prediction under the widely used thermodynamic model is known to be NP-complete when the structures considered include arbitrary pseudoknots. For restricted classes of pseudoknots, several polynomial time algorithms have been designed, where the <italic>O</italic>(<italic>n</italic><sup>6</sup>)time and <italic>O</italic>(<italic>n</italic><sup>4</sup>) space algorithm by Rivas and Eddy is currently the best available program.</p></sec><sec><title>Results</title><p>We introduce the class of canonical simple recursive pseudoknots and present an algorithm that requires <italic>O</italic>(<italic>n</italic><sup>4</sup>) time and <italic>O</italic>(<italic>n</italic><sup>2</sup>) space to predict the energetically optimal structure of an RNA sequence, possible containing such pseudoknots. Evaluation against a large collection of known pseudoknotted structures shows the adequacy of the canonization approach and our algorithm.</p></sec><sec><title>Conclusions</title><p>RNA pseudoknots of medium size can now be predicted reliably as well as efficiently by the new algorithm.</p></sec></abstract></article-meta></front></article>