<article xmlns="https://dtd.nlm.nih.gov/ns/archiving/2.3/" xmlns:xsi="http://www.w3.org/2001/XMLSchema-instance" xmlns:mml="http://www.w3.org/1998/Math/MathML" xmlns:xlink="http://www.w3.org/1999/xlink" xsi:schemaLocation="https://dtd.nlm.nih.gov/ns/archiving/2.3/ https://dtd.nlm.nih.gov/archiving/2.3/xsd/archivearticle.xsd" article-type="research-article"><front><journal-meta><journal-id journal-id-type="nlm-ta">BMC Bioinformatics</journal-id><journal-title>BMC Bioinformatics</journal-title><issn pub-type="epub">1471-2105</issn><publisher><publisher-name>BioMed Central</publisher-name><publisher-loc>London</publisher-loc></publisher></journal-meta><article-meta><article-id pub-id-type="accession">PMC514698</article-id><article-id pub-id-type="pmcid">PMC514698</article-id><article-id pub-id-type="pmc-uid">514698</article-id><article-id pub-id-type="pmid">15304201</article-id><article-id pub-id-type="publisher-id">1471-2105-5-108</article-id><article-id pub-id-type="pmid">15304201</article-id><article-id pub-id-type="doi">10.1186/1471-2105-5-108</article-id><article-categories><subj-group subj-group-type="heading"><subject>Methodology Article</subject></subj-group></article-categories><title-group><article-title>Linear fuzzy gene network models obtained from microarray data by exhaustive search</article-title></title-group><contrib-group><contrib id="A1" corresp="yes" contrib-type="author"><name><surname>Sokhansanj</surname><given-names>Bahrad A</given-names></name><xref ref-type="aff" rid="I1">1</xref><xref ref-type="aff" rid="I2">2</xref><email>sokhansanj@gmail.com</email></contrib><contrib id="A2" contrib-type="author"><name><surname>Fitch</surname><given-names>J Patrick</given-names></name><xref ref-type="aff" rid="I3">3</xref><email>jpfitch@llnl.gov</email></contrib><contrib id="A3" contrib-type="author"><name><surname>Quong</surname><given-names>Judy N</given-names></name><xref ref-type="aff" rid="I1">1</xref><xref ref-type="aff" rid="I4">4</xref><email>jnq@georgetown.edu</email></contrib><contrib id="A4" contrib-type="author"><name><surname>Quong</surname><given-names>Andrew A</given-names></name><xref ref-type="aff" rid="I1">1</xref><xref ref-type="aff" rid="I4">4</xref><email>aaq2@georgetown.edu</email></contrib></contrib-group><aff id="I1"><label>1</label>Computational Systems Biology Group, Chemistry &amp; Materials Science Directorate, University of California, Lawrence Livermore National Laboratory, L-235, 7000 East Ave., Livermore, CA, USA, 94551</aff><aff id="I2"><label>2</label>School of Biomedical Engineering, Science and Health Systems, Drexel University, Philadelphia, PA, USA</aff><aff id="I3"><label>3</label>Chemical &amp; Biological National Security Program, University of California, Lawrence Livermore National Laboratory, Livermore, CA, USA</aff><aff id="I4"><label>4</label>Department of Oncology, Lombardi Cancer Center, Georgetown University Medical School, Washington, DC, USA</aff><pub-date pub-type="collection"><year>2004</year></pub-date><pub-date pub-type="epub"><day>10</day><month>8</month><year>2004</year></pub-date><volume>5</volume><fpage>108</fpage><lpage>108</lpage><ext-link ext-link-type="uri" xlink:href="http://www.biomedcentral.com/1471-2105/5/108"/><history><date date-type="received"><day>3</day><month>2</month><year>2004</year></date><date date-type="accepted"><day>10</day><month>8</month><year>2004</year></date></history><copyright-statement>Copyright © 2004 Sokhansanj et al; licensee BioMed Central Ltd.</copyright-statement><license license-type="open-access" xlink:href="http://creativecommons.org/licenses/by/2.0"><p>This is an open-access article distributed under the terms of the Creative Commons Attribution License (<ext-link ext-link-type="uri" xlink:href="http://creativecommons.org/licenses/by/2.0"/>), which permits unrestricted use, distribution, and reproduction in any medium, provided the original work is properly cited.</p></license><abstract><sec><title>Background</title><p>Recent technological advances in high-throughput data collection allow for experimental study of increasingly complex systems on the scale of the whole cellular genome and proteome. Gene network models are needed to interpret the resulting large and complex data sets. Rationally designed perturbations (e.g., gene knock-outs) can be used to iteratively refine hypothetical models, suggesting an approach for high-throughput biological system analysis. We introduce an approach to gene network modeling based on a scalable linear variant of fuzzy logic: a framework with greater resolution than Boolean logic models, but which, while still semi-quantitative, does not require the precise parameter measurement needed for chemical kinetics-based modeling.</p></sec><sec><title>Results</title><p>We demonstrated our approach with exhaustive search for fuzzy gene interaction models that best fit transcription measurements by microarray of twelve selected genes regulating the yeast cell cycle. Applying an efficient, universally applicable data normalization and fuzzification scheme, the search converged to a small number of models that individually predict experimental data within an error tolerance. Because only gene transcription levels are used to develop the models, they include both direct and indirect regulation of genes.</p></sec><sec><title>Conclusion</title><p>Biological relationships in the best-fitting fuzzy gene network models successfully recover direct and indirect interactions predicted from previous knowledge to result in transcriptional correlation. Fuzzy models fit on one yeast cell cycle data set robustly predict another experimental data set for the same system. Linear fuzzy gene networks and exhaustive rule search are the first steps towards a framework for an integrated modeling and experiment approach to high-throughput "reverse engineering" of complex biological systems.</p></sec></abstract></article-meta></front></article>