<article xmlns="https://dtd.nlm.nih.gov/ns/archiving/2.3/" xmlns:xsi="http://www.w3.org/2001/XMLSchema-instance" xmlns:mml="http://www.w3.org/1998/Math/MathML" xmlns:xlink="http://www.w3.org/1999/xlink" xsi:schemaLocation="https://dtd.nlm.nih.gov/ns/archiving/2.3/ https://dtd.nlm.nih.gov/archiving/2.3/xsd/archivearticle.xsd" article-type="product-review"><front><journal-meta><journal-id journal-id-type="nlm-ta">BMC Bioinformatics</journal-id><journal-title>BMC Bioinformatics</journal-title><issn pub-type="epub">1471-2105</issn><publisher><publisher-name>BioMed Central</publisher-name><publisher-loc>London</publisher-loc></publisher></journal-meta><article-meta><article-id pub-id-type="accession">PMC549547</article-id><article-id pub-id-type="pmcid">PMC549547</article-id><article-id pub-id-type="pmc-uid">549547</article-id><article-id pub-id-type="pmid">15701178</article-id><article-id pub-id-type="publisher-id">1471-2105-6-23</article-id><article-id pub-id-type="pmid">15701178</article-id><article-id pub-id-type="doi">10.1186/1471-2105-6-23</article-id><article-categories><subj-group subj-group-type="heading"><subject>Software</subject></subj-group></article-categories><title-group><article-title>Recent Hits Acquired by BLAST (ReHAB): A tool to identify new hits in sequence similarity searches</article-title></title-group><contrib-group><contrib id="A1" contrib-type="author"><name><surname>Whitney</surname><given-names>Joe</given-names></name><xref ref-type="aff" rid="I1">1</xref><email>jwhitney@gmail.com</email></contrib><contrib id="A2" contrib-type="author"><name><surname>Esteban</surname><given-names>David J</given-names></name><xref ref-type="aff" rid="I1">1</xref><email>esteband@uvic.ca</email></contrib><contrib id="A3" corresp="yes" contrib-type="author"><name><surname>Upton</surname><given-names>Chris</given-names></name><xref ref-type="aff" rid="I1">1</xref><email>cupton@uvic.ca</email></contrib></contrib-group><aff id="I1"><label>1</label>Department of Microbiology and Biochemistry, University of Victoria, Victoria, BC, V8W 3P6, Canada</aff><pub-date pub-type="collection"><year>2005</year></pub-date><pub-date pub-type="epub"><day>8</day><month>2</month><year>2005</year></pub-date><volume>6</volume><fpage>23</fpage><lpage>23</lpage><ext-link ext-link-type="uri" xlink:href="http://www.biomedcentral.com/1471-2105/6/23"/><history><date date-type="received"><day>28</day><month>9</month><year>2004</year></date><date date-type="accepted"><day>8</day><month>2</month><year>2005</year></date></history><copyright-statement>Copyright © 2005 Whitney et al; licensee BioMed Central Ltd.</copyright-statement><license license-type="open-access" xlink:href="http://creativecommons.org/licenses/by/2.0"><p>This is an Open Access article distributed under the terms of the Creative Commons Attribution License (<ext-link ext-link-type="uri" xlink:href="http://creativecommons.org/licenses/by/2.0"/>), which permits unrestricted use, distribution, and reproduction in any medium, provided the original work is properly cited.</p></license><abstract><sec><title>Background</title><p>Sequence similarity searching is a powerful tool to help develop hypotheses in the quest to assign functional, structural and evolutionary information to DNA and protein sequences. As sequence databases continue to grow exponentially, it becomes increasingly important to repeat searches at frequent intervals, and similarity searches retrieve larger and larger sets of results. New and potentially significant results may be buried in a long list of previously obtained sequence hits from past searches.</p></sec><sec><title>Results</title><p>ReHAB (Recent Hits Acquired from BLAST) is a tool for finding new protein hits in repeated PSI-BLAST searches. ReHAB compares results from PSI-BLAST searches performed with two versions of a protein sequence database and highlights hits that are present only in the updated database. Results are presented in an easily comprehended table, or in a BLAST-like report, using colors to highlight the new hits. ReHAB is designed to handle large numbers of query sequences, such as whole genomes or sets of genomes. Advanced computer skills are not needed to use ReHAB; the graphics interface is simple to use and was designed with the bench biologist in mind.</p></sec><sec><title>Conclusions</title><p>This software greatly simplifies the problem of evaluating the output of large numbers of protein database searches.</p></sec></abstract></article-meta></front></article>