<article xmlns="https://dtd.nlm.nih.gov/ns/archiving/2.3/" xmlns:xsi="http://www.w3.org/2001/XMLSchema-instance" xmlns:mml="http://www.w3.org/1998/Math/MathML" xmlns:xlink="http://www.w3.org/1999/xlink" xsi:schemaLocation="https://dtd.nlm.nih.gov/ns/archiving/2.3/ https://dtd.nlm.nih.gov/archiving/2.3/xsd/archivearticle.xsd" article-type="research-article"><front><journal-meta><journal-id journal-id-type="nlm-ta">BMC Bioinformatics</journal-id><journal-title>BMC Bioinformatics</journal-title><issn pub-type="epub">1471-2105</issn><publisher><publisher-name>BioMed Central</publisher-name><publisher-loc>London</publisher-loc></publisher></journal-meta><article-meta><article-id pub-id-type="accession">PMC539275</article-id><article-id pub-id-type="pmcid">PMC539275</article-id><article-id pub-id-type="pmc-uid">539275</article-id><article-id pub-id-type="pmid">15555060</article-id><article-id pub-id-type="publisher-id">1471-2105-5-180</article-id><article-id pub-id-type="pmid">15555060</article-id><article-id pub-id-type="doi">10.1186/1471-2105-5-180</article-id><article-categories><subj-group subj-group-type="heading"><subject>Research Article</subject></subj-group></article-categories><title-group><article-title>Performance of a genetic algorithm for mass spectrometry proteomics</article-title></title-group><contrib-group><contrib id="A1" corresp="yes" contrib-type="author"><name><surname>Jeffries</surname><given-names>Neal O</given-names></name><xref ref-type="aff" rid="I1">1</xref><email>neal.jeffries@nih.gov</email></contrib></contrib-group><aff id="I1"><label>1</label>Office of the Clinical Director, National Institute of Neurological Disorders and Stroke, Bethesda MD, USA</aff><pub-date pub-type="collection"><year>2004</year></pub-date><pub-date pub-type="epub"><day>19</day><month>11</month><year>2004</year></pub-date><volume>5</volume><fpage>180</fpage><lpage>180</lpage><ext-link ext-link-type="uri" xlink:href="http://www.biomedcentral.com/1471-2105/5/180"/><history><date date-type="received"><day>29</day><month>7</month><year>2004</year></date><date date-type="accepted"><day>19</day><month>11</month><year>2004</year></date></history><copyright-statement>Copyright © 2004 Jeffries; licensee BioMed Central Ltd.</copyright-statement><license license-type="open-access" xlink:href="http://creativecommons.org/licenses/by/2.0"><p>This is an Open Access article distributed under the terms of the Creative Commons Attribution License (<ext-link ext-link-type="uri" xlink:href="http://creativecommons.org/licenses/by/2.0"/>), which permits unrestricted use, distribution, and reproduction in any medium, provided the original work is properly cited.</p></license><abstract><sec><title>Background</title><p>Recently, mass spectrometry data have been mined using a genetic algorithm to produce discriminatory models that distinguish healthy individuals from those with cancer. This algorithm is the basis for claims of 100% sensitivity and specificity in two related publicly available datasets. To date, no detailed attempts have been made to explore the properties of this genetic algorithm within proteomic applications. Here the algorithm's performance on these datasets is evaluated relative to other methods.</p></sec><sec><title>Results</title><p>In reproducing the method, some modifications of the algorithm as it is described are necessary to get good performance. After modification, a cross-validation approach to model selection is used. The overall classification accuracy is comparable though not superior to other approaches considered. Also, some aspects of the process rely upon random sampling and thus for a fixed dataset the algorithm can produce many different models. This raises questions about how to choose among competing models. How this choice is made is important for interpreting sensitivity and specificity results as merely choosing the model with lowest test set error rate leads to overestimates of model performance.</p></sec><sec><title>Conclusions</title><p>The algorithm needs to be modified to reduce variability and care must be taken in how to choose among competing models. Results derived from this algorithm must be accompanied by a full description of model selection procedures to give confidence that the reported accuracy is not overstated.</p></sec></abstract></article-meta></front></article>