<article xmlns="https://dtd.nlm.nih.gov/ns/archiving/2.3/" xmlns:xsi="http://www.w3.org/2001/XMLSchema-instance" xmlns:mml="http://www.w3.org/1998/Math/MathML" xmlns:xlink="http://www.w3.org/1999/xlink" xsi:schemaLocation="https://dtd.nlm.nih.gov/ns/archiving/2.3/ https://dtd.nlm.nih.gov/archiving/2.3/xsd/archivearticle.xsd" article-type="research-article"><front><journal-meta><journal-id journal-id-type="nlm-ta">BMC Bioinformatics</journal-id><journal-title>BMC Bioinformatics</journal-title><issn pub-type="epub">1471-2105</issn><publisher><publisher-name>BioMed Central</publisher-name><publisher-loc>London</publisher-loc></publisher></journal-meta><article-meta><article-id pub-id-type="accession">PMC509237</article-id><article-id pub-id-type="pmcid">PMC509237</article-id><article-id pub-id-type="pmc-uid">509237</article-id><article-id pub-id-type="pmid">15272935</article-id><article-id pub-id-type="publisher-id">1471-2105-5-99</article-id><article-id pub-id-type="pmid">15272935</article-id><article-id pub-id-type="doi">10.1186/1471-2105-5-99</article-id><article-categories><subj-group subj-group-type="heading"><subject>Research Article</subject></subj-group></article-categories><title-group><article-title>Accuracy of cDNA microarray methods to detect small gene expression changes induced by neuregulin on breast epithelial cells</article-title></title-group><contrib-group><contrib id="A1" contrib-type="author"><name><surname>Yao</surname><given-names>Bin</given-names></name><xref ref-type="aff" rid="I1">1</xref><xref ref-type="aff" rid="I5">5</xref><email>binyao@genetics.wayne.edu</email></contrib><contrib id="A2" contrib-type="author"><name><surname>Rakhade</surname><given-names>Sanjay N</given-names></name><xref ref-type="aff" rid="I1">1</xref><email>srakhade@cmb.biosci.wayne.edu</email></contrib><contrib id="A3" contrib-type="author"><name><surname>Li</surname><given-names>Qunfang</given-names></name><xref ref-type="aff" rid="I1">1</xref><email>liqu@karmanos.org</email></contrib><contrib id="A4" contrib-type="author"><name><surname>Ahmed</surname><given-names>Sharlin</given-names></name><xref ref-type="aff" rid="I2">2</xref><email>sahmed@med.wayne.edu</email></contrib><contrib id="A5" contrib-type="author"><name><surname>Krauss</surname><given-names>Raul</given-names></name><xref ref-type="aff" rid="I4">4</xref><email>rkraus@post.harvard.edu</email></contrib><contrib id="A6" contrib-type="author"><name><surname>Draghici</surname><given-names>Sorin</given-names></name><xref ref-type="aff" rid="I3">3</xref><email>sod@mercury.cs.wayne.edu</email></contrib><contrib id="A7" corresp="yes" contrib-type="author"><name><surname>Loeb</surname><given-names>Jeffrey A</given-names></name><xref ref-type="aff" rid="I1">1</xref><xref ref-type="aff" rid="I2">2</xref><email>jloeb@med.wayne.edu</email></contrib></contrib-group><aff id="I1"><label>1</label>Center for Molecular Medicine and Genetics, Wayne State University, Detroit, Michigan, USA</aff><aff id="I2"><label>2</label>Department of Neurology, Wayne State University, Detroit, Michigan, USA</aff><aff id="I3"><label>3</label>Department of Computer Science, Wayne State University, Detroit, Michigan, USA</aff><aff id="I4"><label>4</label>Newton, Massachusetts, USA</aff><aff id="I5"><label>5</label>MCBI Wayne State Node, Wayne State University, Detroit, Michigan, USA</aff><pub-date pub-type="collection"><year>2004</year></pub-date><pub-date pub-type="epub"><day>23</day><month>7</month><year>2004</year></pub-date><volume>5</volume><fpage>99</fpage><lpage>99</lpage><ext-link ext-link-type="uri" xlink:href="http://www.biomedcentral.com/1471-2105/5/99"/><history><date date-type="received"><day>19</day><month>5</month><year>2004</year></date><date date-type="accepted"><day>23</day><month>7</month><year>2004</year></date></history><copyright-statement>Copyright © 2004 Yao et al; licensee BioMed Central Ltd.</copyright-statement><license license-type="open-access" xlink:href="http://creativecommons.org/licenses/by/2.0"><p>This is an open-access article distributed under the terms of the Creative Commons Attribution License (<ext-link ext-link-type="uri" xlink:href="http://creativecommons.org/licenses/by/2.0"/>), which permits unrestricted use, distribution, and reproduction in any medium, provided the original work is properly cited.</p></license><abstract><sec><title>Background</title><p>cDNA microarrays are a powerful means to screen for biologically relevant gene expression changes, but are often limited by their ability to detect small changes accurately due to "noise" from random and systematic errors. While experimental designs and statistical analysis methods have been proposed to reduce these errors, few studies have tested their accuracy and ability to identify small, but biologically important, changes. Here, we have compared two cDNA microarray experimental design methods with northern blot confirmation to reveal changes in gene expression that could contribute to the early antiproliferative effects of neuregulin on MCF10AT human breast epithelial cells.</p></sec><sec><title>Results</title><p>We performed parallel experiments on identical samples using a dye-swap design with ANOVA and an experimental design that excludes systematic biases by "correcting" experimental/control hybridization ratios with control/control hybridizations on a spot-by-spot basis. We refer to this approach as the "control correction method" (CCM). Using replicate arrays, we identified a decrease in proliferation genes and an increase in differentiation genes. Using an arbitrary cut-off of 1.7-fold and p values &lt;0.05, we identified a total of 32 differentially expressed genes, 9 with the dye-swap method, 18 with the CCM, and 5 genes with both methods. 23 of these 32 genes were subsequently verified by northern blotting. Most of these were &lt;2-fold changes. While the dye-swap method (using either ANOVA or Bayesian analysis) detected a smaller number of genes (14–16) compared to the CCM (46), it was more accurate (89–92% vs. 75%). Compared to the northern blot results, for most genes, the microarray results underestimated the fold change, implicating the importance of detecting these small changes.</p></sec><sec><title>Conclusions</title><p>We validated two experimental design paradigms for cDNA microarray experiments capable of detecting small (&lt;2-fold) changes in gene expression with excellent fidelity that revealed potentially important genes associated with the anti-proliferative effects of neuregulin on MCF10AT breast epithelial cells.</p></sec></abstract></article-meta></front></article>