<article xmlns="https://dtd.nlm.nih.gov/ns/archiving/2.3/" xmlns:xsi="http://www.w3.org/2001/XMLSchema-instance" xmlns:mml="http://www.w3.org/1998/Math/MathML" xmlns:xlink="http://www.w3.org/1999/xlink" xsi:schemaLocation="https://dtd.nlm.nih.gov/ns/archiving/2.3/ https://dtd.nlm.nih.gov/archiving/2.3/xsd/archivearticle.xsd" article-type="research-article"><front><journal-meta><journal-id journal-id-type="nlm-ta">BMC Bioinformatics</journal-id><journal-title>BMC Bioinformatics</journal-title><issn pub-type="epub">1471-2105</issn><publisher><publisher-name>BioMed Central</publisher-name><publisher-loc>London</publisher-loc></publisher></journal-meta><article-meta><article-id pub-id-type="accession">PMC517493</article-id><article-id pub-id-type="pmcid">PMC517493</article-id><article-id pub-id-type="pmc-uid">517493</article-id><article-id pub-id-type="pmid">15345032</article-id><article-id pub-id-type="publisher-id">1471-2105-5-122</article-id><article-id pub-id-type="pmid">15345032</article-id><article-id pub-id-type="doi">10.1186/1471-2105-5-122</article-id><article-categories><subj-group subj-group-type="heading"><subject>Methodology Article</subject></subj-group></article-categories><title-group><article-title>Automatic annotation of protein motif function with Gene Ontology terms</article-title></title-group><contrib-group><contrib id="A1" corresp="yes" contrib-type="author"><name><surname>Lu</surname><given-names>Xinghua</given-names></name><xref ref-type="aff" rid="I1">1</xref><email>lux@musc.edu</email></contrib><contrib id="A2" contrib-type="author"><name><surname>Zhai</surname><given-names>Chengxiang</given-names></name><xref ref-type="aff" rid="I2">2</xref><email>czhai@cs.uiuc.edu</email></contrib><contrib id="A3" contrib-type="author"><name><surname>Gopalakrishnan</surname><given-names>Vanathi</given-names></name><xref ref-type="aff" rid="I3">3</xref><email>vanathi@cbmi.pitt.edu</email></contrib><contrib id="A4" contrib-type="author"><name><surname>Buchanan</surname><given-names>Bruce G</given-names></name><xref ref-type="aff" rid="I3">3</xref><email>buchanan@cs.pitt.edu</email></contrib></contrib-group><aff id="I1"><label>1</label>Dept. of Biostatistics, Bioinformatics and Epidemiology, Medical University of South Carolina, 135 Cannon St. Suite 303, Charleston, SC 29425, USA</aff><aff id="I2"><label>2</label>Dept of Computer Science, University of Illinois at Urbana-Champaign, 1304 W. Springfield Avenue, Urbana, IL 61801 USA</aff><aff id="I3"><label>3</label>Center for Biomedical Informatics, University of Pittsburgh, 200 Lothrop Street, Suite 8084, Pittsburgh, PA 15213 USA</aff><pub-date pub-type="collection"><year>2004</year></pub-date><pub-date pub-type="epub"><day>2</day><month>9</month><year>2004</year></pub-date><volume>5</volume><fpage>122</fpage><lpage>122</lpage><ext-link ext-link-type="uri" xlink:href="http://www.biomedcentral.com/1471-2105/5/122"/><history><date date-type="received"><day>16</day><month>10</month><year>2003</year></date><date date-type="accepted"><day>2</day><month>9</month><year>2004</year></date></history><copyright-statement>Copyright © 2004 Lu et al; licensee BioMed Central Ltd.</copyright-statement><license license-type="open-access" xlink:href="http://creativecommons.org/licenses/by/2.0"><p>This is an open-access article distributed under the terms of the Creative Commons Attribution License (<ext-link ext-link-type="uri" xlink:href="http://creativecommons.org/licenses/by/2.0"/>), which permits unrestricted use, distribution, and reproduction in any medium, provided the original work is properly cited.</p></license><abstract><sec><title>Background</title><p>Conserved protein sequence motifs are short stretches of amino acid sequence patterns that potentially encode the function of proteins. Several sequence pattern searching algorithms and programs exist foridentifying candidate protein motifs at the whole genome level. However, amuch needed and importanttask is to determine the functions of the newly identified protein motifs. The Gene Ontology (GO) project is an endeavor to annotate the function of genes or protein sequences with terms from a dynamic, controlled vocabulary and these annotations serve well as a knowledge base.</p></sec><sec><title>Results</title><p>This paperpresents methods to mine the GO knowledge base and use the association between the GO terms assigned to a sequence and the motifs matched by the same sequence as evidence for predicting the functions of novel protein motifs automatically. The task of assigning GO terms to protein motifsis viewed as both a binary classification and information retrieval problem, where PROSITE motifs are used as samples for mode training and functional prediction. The mutual information of a motif and aGO term association isfound to be a very useful feature. We take advantageof the known motifs to train a logistic regression classifier, which allows us to combine mutual information with other frequency-based features and obtain a probability of correctassociation. The trained logistic regression model has intuitively meaningful and logically plausible parameter values, and performs very well empirically according to our evaluation criteria.</p></sec><sec><title>Conclusions</title><p>In this research, different methods for automatic annotation of protein motifs have been investigated. Empirical result demonstrated that the methods have a great potential for detecting and augmenting information about thefunctions of newly discovered candidate protein motifs.</p></sec></abstract><kwd-group><kwd>Gene Ontology</kwd><kwd>data mining</kwd><kwd>supervised learning</kwd><kwd>protein motif</kwd><kwd>feature extraction</kwd><kwd>logistic regression</kwd></kwd-group></article-meta></front></article>