<article xmlns="https://dtd.nlm.nih.gov/ns/archiving/2.3/" xmlns:xsi="http://www.w3.org/2001/XMLSchema-instance" xmlns:mml="http://www.w3.org/1998/Math/MathML" xmlns:xlink="http://www.w3.org/1999/xlink" xsi:schemaLocation="https://dtd.nlm.nih.gov/ns/archiving/2.3/ https://dtd.nlm.nih.gov/archiving/2.3/xsd/archivearticle.xsd" article-type="research-article"><front><journal-meta><journal-id journal-id-type="nlm-ta">BMC Bioinformatics</journal-id><journal-title>BMC Bioinformatics</journal-title><issn pub-type="epub">1471-2105</issn><publisher><publisher-name>BioMed Central</publisher-name><publisher-loc>London</publisher-loc></publisher></journal-meta><article-meta><article-id pub-id-type="accession">PMC538276</article-id><article-id pub-id-type="pmcid">PMC538276</article-id><article-id pub-id-type="pmc-uid">538276</article-id><article-id pub-id-type="pmid">15504234</article-id><article-id pub-id-type="publisher-id">1471-2105-5-157</article-id><article-id pub-id-type="pmid">15504234</article-id><article-id pub-id-type="doi">10.1186/1471-2105-5-157</article-id><article-categories><subj-group subj-group-type="heading"><subject>Methodology Article</subject></subj-group></article-categories><title-group><article-title>Gapped alignment of protein sequence motifs through Monte Carlo optimization of a hidden Markov model</article-title></title-group><contrib-group><contrib id="A1" corresp="yes" contrib-type="author"><name><surname>Neuwald</surname><given-names>Andrew F</given-names></name><xref ref-type="aff" rid="I1">1</xref><email>neuwald@cshl.org</email></contrib><contrib id="A2" contrib-type="author"><name><surname>Liu</surname><given-names>Jun S</given-names></name><xref ref-type="aff" rid="I2">2</xref><email>jliu@bioinfo.stat.harvard.edu</email></contrib></contrib-group><aff id="I1"><label>1</label>Cold Spring Harbor Laboratory, 1 Bungtown Road, P.O. Box 100, Cold Spring Harbor, NY 11724, USA</aff><aff id="I2"><label>2</label>Department of Statistics, Harvard University, 1 Oxford Street, Cambridge MA, 02138, USA</aff><pub-date pub-type="collection"><year>2004</year></pub-date><pub-date pub-type="epub"><day>25</day><month>10</month><year>2004</year></pub-date><volume>5</volume><fpage>157</fpage><lpage>157</lpage><ext-link ext-link-type="uri" xlink:href="http://www.biomedcentral.com/1471-2105/5/157"/><history><date date-type="received"><day>19</day><month>5</month><year>2004</year></date><date date-type="accepted"><day>25</day><month>10</month><year>2004</year></date></history><copyright-statement>Copyright © 2004 Neuwald and Liu; licensee BioMed Central Ltd.</copyright-statement><license license-type="open-access" xlink:href="http://creativecommons.org/licenses/by/2.0"><p>This is an Open Access article distributed under the terms of the Creative Commons Attribution License (<ext-link ext-link-type="uri" xlink:href="http://creativecommons.org/licenses/by/2.0"/>), which permits unrestricted use, distribution, and reproduction in any medium, provided the original work is properly cited.</p></license><abstract><sec><title>Background</title><p>Certain protein families are highly conserved across distantly related organisms and belong to large and functionally diverse superfamilies. The patterns of conservation present in these protein sequences presumably are due to selective constraints maintaining important but unknown structural mechanisms with some constraints specific to each family and others shared by a larger subset or by the entire superfamily. To exploit these patterns as a source of functional information, we recently devised a statistically based approach called <underline>c</underline>ontrast <underline>h</underline>ierarchical <underline>a</underline>lignment and <underline>i</underline>nteraction <underline>n</underline>etwork (CHAIN) analysis, which infers the strengths of various categories of selective constraints from co-conserved patterns in a multiple alignment. The power of this approach strongly depends on the quality of the multiple alignments, which thus motivated development of theoretical concepts and strategies to improve alignment of conserved motifs within large sets of distantly related sequences.</p></sec><sec><title>Results</title><p>Here we describe a hidden Markov model (HMM), an algebraic system, and Markov chain Monte Carlo (MCMC) sampling strategies for alignment of multiple sequence motifs. The MCMC sampling strategies are useful both for alignment optimization and for adjusting position specific background amino acid frequencies for alignment uncertainties. Associated statistical formulations provide an objective measure of alignment quality as well as automatic gap penalty optimization. Improved alignments obtained in this way are compared with PSI-BLAST based alignments within the context of CHAIN analysis of three protein families: G<sub>i<italic>α </italic></sub>subunits, prolyl oligopeptidases, and transitional endoplasmic reticulum (p97) AAA+ ATPases.</p></sec><sec><title>Conclusion</title><p>While not entirely replacing PSI-BLAST based alignments, which likewise may be optimized for CHAIN analysis using this approach, these motif-based methods often more accurately align very distantly related sequences and thus can provide a better measure of selective constraints. In some instances, these new approaches also provide a better understanding of family-specific constraints, as we illustrate for p97 ATPases. Programs implementing these procedures and supplementary information are available from the authors.</p></sec></abstract></article-meta></front></article>