<article xmlns="https://dtd.nlm.nih.gov/ns/archiving/2.3/" xmlns:xsi="http://www.w3.org/2001/XMLSchema-instance" xmlns:mml="http://www.w3.org/1998/Math/MathML" xmlns:xlink="http://www.w3.org/1999/xlink" xsi:schemaLocation="https://dtd.nlm.nih.gov/ns/archiving/2.3/ https://dtd.nlm.nih.gov/archiving/2.3/xsd/archivearticle.xsd" article-type="product-review"><front><journal-meta><journal-id journal-id-type="nlm-ta">BMC Bioinformatics</journal-id><journal-title>BMC Bioinformatics</journal-title><issn pub-type="epub">1471-2105</issn><publisher><publisher-name>BioMed Central</publisher-name><publisher-loc>London</publisher-loc></publisher></journal-meta><article-meta><article-id pub-id-type="accession">PMC544189</article-id><article-id pub-id-type="pmcid">PMC544189</article-id><article-id pub-id-type="pmc-uid">544189</article-id><article-id pub-id-type="pmid">15601465</article-id><article-id pub-id-type="publisher-id">1471-2105-5-198</article-id><article-id pub-id-type="pmid">15601465</article-id><article-id pub-id-type="doi">10.1186/1471-2105-5-198</article-id><article-categories><subj-group subj-group-type="heading"><subject>Software</subject></subj-group></article-categories><title-group><article-title>GenomeViz: visualizing microbial genomes</article-title></title-group><contrib-group><contrib id="A1" corresp="yes" contrib-type="author"><name><surname>Ghai</surname><given-names>Rohit</given-names></name><xref ref-type="aff" rid="I1">1</xref><email>Rohit.Ghai@mikrobio.med.uni-giessen.de</email></contrib><contrib id="A2" contrib-type="author"><name><surname>Hain</surname><given-names>Torsten</given-names></name><xref ref-type="aff" rid="I1">1</xref><email>Torsten.Hain@mikrobio.med.uni-giessen.de</email></contrib><contrib id="A3" contrib-type="author"><name><surname>Chakraborty</surname><given-names>Trinad</given-names></name><xref ref-type="aff" rid="I1">1</xref><email>Trinad.Chakraborty@mikrobio.med.uni-giessen.de</email></contrib></contrib-group><aff id="I1"><label>1</label>Institute of Medical Microbiology, Faculty of Medicine, Justus-Liebig-University, Frankfurter Strasse 107, D-35392 Giessen, Germany</aff><pub-date pub-type="collection"><year>2004</year></pub-date><pub-date pub-type="epub"><day>15</day><month>12</month><year>2004</year></pub-date><volume>5</volume><fpage>198</fpage><lpage>198</lpage><ext-link ext-link-type="uri" xlink:href="http://www.biomedcentral.com/1471-2105/5/198"/><history><date date-type="received"><day>18</day><month>6</month><year>2004</year></date><date date-type="accepted"><day>15</day><month>12</month><year>2004</year></date></history><copyright-statement>Copyright © 2004 Ghai et al; licensee BioMed Central Ltd.</copyright-statement><license license-type="open-access" xlink:href="http://creativecommons.org/licenses/by/2.0"><p>This is an Open Access article distributed under the terms of the Creative Commons Attribution License (<ext-link ext-link-type="uri" xlink:href="http://creativecommons.org/licenses/by/2.0"/>), which permits unrestricted use, distribution, and reproduction in any medium, provided the original work is properly cited.</p></license><abstract><sec><title>Background</title><p>An increasing number of microbial genomes are being sequenced and deposited in public databases. In addition, several closely related strains are also being sequenced in order to understand the genetic basis of diversity and mechanisms that lead to the acquisition of new genetic traits. These exercises have necessitated the requirement for visualizing microbial genomes and performing genome comparisons on a finer scale. We have developed GenomeViz to enable rapid visualization and subsequent comparisons of several microbial genomes in an interactive environment.</p></sec><sec><title>Results</title><p>Here we describe a program that allows visualization of both qualitative and quantitative information from complete and partially sequenced microbial genomes. Using GenomeViz, data deriving from studies on genomic islands, gene/protein classifications, GC content, GC skew, whole genome alignments, microarrays and proteomics may be plotted. Several genomes can be visualized interactively at the same time from a comparative genomic perspective and publication quality circular genome plots can be created.</p></sec><sec><title>Conclusions</title><p>GenomeViz should allow researchers to perform visualization and comparative analysis of up to eight different microbial genomes simultaneously.</p></sec></abstract></article-meta></front></article>