<article xmlns="https://dtd.nlm.nih.gov/ns/archiving/2.3/" xmlns:xsi="http://www.w3.org/2001/XMLSchema-instance" xmlns:mml="http://www.w3.org/1998/Math/MathML" xmlns:xlink="http://www.w3.org/1999/xlink" xsi:schemaLocation="https://dtd.nlm.nih.gov/ns/archiving/2.3/ https://dtd.nlm.nih.gov/archiving/2.3/xsd/archivearticle.xsd" article-type="research-article"><front><journal-meta><journal-id journal-id-type="nlm-ta">BMC Bioinformatics</journal-id><journal-title>BMC Bioinformatics</journal-title><issn pub-type="epub">1471-2105</issn><publisher><publisher-name>BioMed Central</publisher-name><publisher-loc>London</publisher-loc></publisher></journal-meta><article-meta><article-id pub-id-type="accession">PMC539284</article-id><article-id pub-id-type="pmcid">PMC539284</article-id><article-id pub-id-type="pmc-uid">539284</article-id><article-id pub-id-type="pmid">15566564</article-id><article-id pub-id-type="publisher-id">1471-2105-5-184</article-id><article-id pub-id-type="pmid">15566564</article-id><article-id pub-id-type="doi">10.1186/1471-2105-5-184</article-id><article-categories><subj-group subj-group-type="heading"><subject>Research Article</subject></subj-group></article-categories><title-group><article-title>Integrating partonomic hierarchies in anatomy ontologies</article-title></title-group><contrib-group><contrib id="A1" corresp="yes" contrib-type="author"><name><surname>Burger</surname><given-names>Albert</given-names></name><xref ref-type="aff" rid="I1">1</xref><email>Albert.Burger@hgu.mrc.ac.uk</email></contrib><contrib id="A2" contrib-type="author"><name><surname>Davidson</surname><given-names>Duncan</given-names></name><xref ref-type="aff" rid="I1">1</xref><email>Duncan.Davidson@hgu.mrc.ac.uk</email></contrib><contrib id="A3" contrib-type="author"><name><surname>Yang</surname><given-names>Yiya</given-names></name><xref ref-type="aff" rid="I1">1</xref><email>Yiya.Yang@hgu.mrc.ac.uk</email></contrib><contrib id="A4" contrib-type="author"><name><surname>Baldock</surname><given-names>Richard</given-names></name><xref ref-type="aff" rid="I1">1</xref><email>Richard.Baldock@hgu.mrc.ac.uk</email></contrib></contrib-group><aff id="I1"><label>1</label>MRC Human Genetics Unit, Western General Hospital, Crewe Road, Edinburgh EH4 2XU, UK</aff><pub-date pub-type="collection"><year>2004</year></pub-date><pub-date pub-type="epub"><day>26</day><month>11</month><year>2004</year></pub-date><volume>5</volume><fpage>184</fpage><lpage>184</lpage><ext-link ext-link-type="uri" xlink:href="http://www.biomedcentral.com/1471-2105/5/184"/><history><date date-type="received"><day>12</day><month>12</month><year>2003</year></date><date date-type="accepted"><day>26</day><month>11</month><year>2004</year></date></history><copyright-statement>Copyright © 2004 Burger et al; licensee BioMed Central Ltd.</copyright-statement><license license-type="open-access" xlink:href="http://creativecommons.org/licenses/by/2.0"><p>This is an Open Access article distributed under the terms of the Creative Commons Attribution License (<ext-link ext-link-type="uri" xlink:href="http://creativecommons.org/licenses/by/2.0"/>), which permits unrestricted use, distribution, and reproduction in any medium, provided the original work is properly cited.</p></license><abstract><sec><title>Background</title><p>Anatomy ontologies play an increasingly important role in developing integrated bioinformatics applications. One of the primary relationships between anatomical tissues represented in such ontologies is <italic>part-of</italic>. As there are a number of ways to divide up the anatomical structure of an organism, each may be represented by more than one valid partonomic (part-of) hierarchy. This raises the issue of how to represent and integrate multiple such hierarchies.</p></sec><sec><title>Results</title><p>In this paper we describe a solution that is based on our work on an anatomy ontology for mouse embryo development, which is part of the Edinburgh Mouse Atlas Project (EMAP). The paper describes the basic conceptual aspects of our approach and discusses strengths and limitations of the proposed solution. A prototype was implemented in Prolog for evaluation purposes.</p></sec><sec><title>Conclusion</title><p>With the proposed name set approach, rather than having to standardise hierarchies, it is sufficient to agree on a suitable set of basic tissue terms and their meaning in order to facilitate the integration of multiple partonomic hierarchies.</p></sec></abstract></article-meta></front></article>