<article xmlns="https://dtd.nlm.nih.gov/ns/archiving/2.3/" xmlns:xsi="http://www.w3.org/2001/XMLSchema-instance" xmlns:mml="http://www.w3.org/1998/Math/MathML" xmlns:xlink="http://www.w3.org/1999/xlink" xsi:schemaLocation="https://dtd.nlm.nih.gov/ns/archiving/2.3/ https://dtd.nlm.nih.gov/archiving/2.3/xsd/archivearticle.xsd" article-type="research-article"><front><journal-meta><journal-id journal-id-type="nlm-ta">BMC Bioinformatics</journal-id><journal-title>BMC Bioinformatics</journal-title><issn pub-type="epub">1471-2105</issn><publisher><publisher-name>BioMed Central</publisher-name><publisher-loc>London</publisher-loc></publisher></journal-meta><article-meta><article-id pub-id-type="accession">PMC545949</article-id><article-id pub-id-type="pmcid">PMC545949</article-id><article-id pub-id-type="pmc-uid">545949</article-id><article-id pub-id-type="pmid">15631638</article-id><article-id pub-id-type="publisher-id">1471-2105-6-1</article-id><article-id pub-id-type="pmid">15631638</article-id><article-id pub-id-type="doi">10.1186/1471-2105-6-1</article-id><article-categories><subj-group subj-group-type="heading"><subject>Methodology Article</subject></subj-group></article-categories><title-group><article-title>A novel method for prokaryotic promoter prediction based on DNA stability</article-title></title-group><contrib-group><contrib id="A1" contrib-type="author"><name><surname>Kanhere</surname><given-names>Aditi</given-names></name><xref ref-type="aff" rid="I1">1</xref><email>aditi@mbu.iisc.ernet.in</email></contrib><contrib id="A2" corresp="yes" contrib-type="author"><name><surname>Bansal</surname><given-names>Manju</given-names></name><xref ref-type="aff" rid="I1">1</xref><email>mb@mbu.iisc.ernet.in</email></contrib></contrib-group><aff id="I1"><label>1</label>Molecular Biophysics Unit, Indian Institute of Science, Bangalore 560 012, India</aff><pub-date pub-type="collection"><year>2005</year></pub-date><pub-date pub-type="epub"><day>5</day><month>1</month><year>2005</year></pub-date><volume>6</volume><fpage>1</fpage><lpage>1</lpage><ext-link ext-link-type="uri" xlink:href="http://www.biomedcentral.com/1471-2105/6/1"/><history><date date-type="received"><day>2</day><month>9</month><year>2004</year></date><date date-type="accepted"><day>5</day><month>1</month><year>2005</year></date></history><copyright-statement>Copyright © 2005 Kanhere and Bansal; licensee BioMed Central Ltd.</copyright-statement><license license-type="open-access" xlink:href="http://creativecommons.org/licenses/by/2.0"><p>This is an Open Access article distributed under the terms of the Creative Commons Attribution License (<ext-link ext-link-type="uri" xlink:href="http://creativecommons.org/licenses/by/2.0"/>), which permits unrestricted use, distribution, and reproduction in any medium, provided the original work is properly cited.</p></license><abstract><sec><title>Background</title><p>In the post-genomic era, correct gene prediction has become one of the biggest challenges in genome annotation. Improved promoter prediction methods can be one step towards developing more reliable <italic>ab initio </italic>gene prediction methods. This work presents a novel prokaryotic promoter prediction method based on DNA stability.</p></sec><sec><title>Results</title><p>The promoter region is less stable and hence more prone to melting as compared to other genomic regions. Our analysis shows that a method of promoter prediction based on the differences in the stability of DNA sequences in the promoter and non-promoter region works much better compared to existing prokaryotic promoter prediction programs, which are based on sequence motif searches. At present the method works optimally for genomes such as that of <italic>Escherichia coli</italic>, which have near 50 % G+C composition and also performs satisfactorily in case of other prokaryotic promoters.</p></sec><sec><title>Conclusions</title><p>Our analysis clearly shows that the change in stability of DNA seems to provide a much better clue than usual sequence motifs, such as Pribnow box and -35 sequence, for differentiating promoter region from non-promoter regions. To a certain extent, it is more general and is likely to be applicable across organisms. Hence incorporation of such features in addition to the signature motifs can greatly improve the presently available promoter prediction programs.</p></sec></abstract></article-meta></front></article>