<article xmlns="https://dtd.nlm.nih.gov/ns/archiving/2.3/" xmlns:xsi="http://www.w3.org/2001/XMLSchema-instance" xmlns:mml="http://www.w3.org/1998/Math/MathML" xmlns:xlink="http://www.w3.org/1999/xlink" xsi:schemaLocation="https://dtd.nlm.nih.gov/ns/archiving/2.3/ https://dtd.nlm.nih.gov/archiving/2.3/xsd/archivearticle.xsd" article-type="product-review"><front><journal-meta><journal-id journal-id-type="nlm-ta">BMC Bioinformatics</journal-id><journal-title>BMC Bioinformatics</journal-title><issn pub-type="epub">1471-2105</issn><publisher><publisher-name>BioMed Central</publisher-name><publisher-loc>London</publisher-loc></publisher></journal-meta><article-meta><article-id pub-id-type="accession">PMC548701</article-id><article-id pub-id-type="pmcid">PMC548701</article-id><article-id pub-id-type="pmc-uid">548701</article-id><article-id pub-id-type="pmid">15694009</article-id><article-id pub-id-type="publisher-id">1471-2105-6-21</article-id><article-id pub-id-type="pmid">15694009</article-id><article-id pub-id-type="doi">10.1186/1471-2105-6-21</article-id><article-categories><subj-group subj-group-type="heading"><subject>Software</subject></subj-group></article-categories><title-group><article-title>The Molecular Biology Toolkit (MBT): a modular platform for developing molecular visualization applications</article-title></title-group><contrib-group><contrib id="A1" contrib-type="author"><name><surname>Moreland</surname><given-names>John L</given-names></name><xref ref-type="aff" rid="I1">1</xref><email>moreland@sdsc.edu</email></contrib><contrib id="A2" contrib-type="author"><name><surname>Gramada</surname><given-names>Apostol</given-names></name><xref ref-type="aff" rid="I1">1</xref><email>agramada@sdsc.edu</email></contrib><contrib id="A3" contrib-type="author"><name><surname>Buzko</surname><given-names>Oleksandr V</given-names></name><xref ref-type="aff" rid="I1">1</xref><email>obuzko@sdsc.edu</email></contrib><contrib id="A4" contrib-type="author"><name><surname>Zhang</surname><given-names>Qing</given-names></name><xref ref-type="aff" rid="I1">1</xref><email>qzhang@sdsc.edu</email></contrib><contrib id="A5" corresp="yes" contrib-type="author"><name><surname>Bourne</surname><given-names>Philip E</given-names></name><xref ref-type="aff" rid="I1">1</xref><xref ref-type="aff" rid="I2">2</xref><email>bourne@sdsc.edu</email></contrib></contrib-group><aff id="I1"><label>1</label>San Diego Supercomputer Center, 9500 Gilman Drive, La Jolla, CA 92093, USA</aff><aff id="I2"><label>2</label>Department of Pharmacology, University of California San Diego, 9500 Gilman Drive, La Jolla, CA 92093, USA</aff><pub-date pub-type="collection"><year>2005</year></pub-date><pub-date pub-type="epub"><day>6</day><month>2</month><year>2005</year></pub-date><volume>6</volume><fpage>21</fpage><lpage>21</lpage><ext-link ext-link-type="uri" xlink:href="http://www.biomedcentral.com/1471-2105/6/21"/><history><date date-type="received"><day>31</day><month>8</month><year>2004</year></date><date date-type="accepted"><day>6</day><month>2</month><year>2005</year></date></history><copyright-statement>Copyright © 2005 Moreland et al; licensee BioMed Central Ltd.</copyright-statement><license license-type="open-access" xlink:href="http://creativecommons.org/licenses/by/2.0"><p>This is an Open Access article distributed under the terms of the Creative Commons Attribution License (<ext-link ext-link-type="uri" xlink:href="http://creativecommons.org/licenses/by/2.0"/>), which permits unrestricted use, distribution, and reproduction in any medium, provided the original work is properly cited.</p></license><abstract><sec><title>Background</title><p>The large amount of data that are currently produced in the biological sciences can no longer be explored and visualized efficiently with traditional, specialized software. Instead, new capabilities are needed that offer flexibility, rapid application development and deployment as standalone applications or available through the Web.</p></sec><sec><title>Results</title><p>We describe a new software toolkit – the Molecular Biology Toolkit (MBT; <ext-link ext-link-type="uri" xlink:href="http://mbt.sdsc.edu"/>) – that enables fast development of applications for protein analysis and visualization. The toolkit is written in Java, thus offering platform-independence and Internet delivery capabilities. Several applications of the toolkit are introduced to illustrate the functionality that can be achieved.</p></sec><sec><title>Conclusions</title><p>The MBT provides a well-organized assortment of core classes that provide a uniform data model for the description of biological structures and automate most common tasks associated with the development of applications in the molecular sciences (data loading, derivation of typical structural information, visualization of sequence and standard structural entities).</p></sec></abstract></article-meta></front></article>