<article xmlns="https://dtd.nlm.nih.gov/ns/archiving/2.3/" xmlns:xsi="http://www.w3.org/2001/XMLSchema-instance" xmlns:mml="http://www.w3.org/1998/Math/MathML" xmlns:xlink="http://www.w3.org/1999/xlink" xsi:schemaLocation="https://dtd.nlm.nih.gov/ns/archiving/2.3/ https://dtd.nlm.nih.gov/archiving/2.3/xsd/archivearticle.xsd" article-type="research-article"><front><journal-meta><journal-id journal-id-type="nlm-ta">BMC Bioinformatics</journal-id><journal-title>BMC Bioinformatics</journal-title><issn pub-type="epub">1471-2105</issn><publisher><publisher-name>BioMed Central</publisher-name><publisher-loc>London</publisher-loc></publisher></journal-meta><article-meta><article-id pub-id-type="accession">PMC59723</article-id><article-id pub-id-type="pmcid">PMC59723</article-id><article-id pub-id-type="pmc-uid">59723</article-id><article-id pub-id-type="pmid">11707150</article-id><article-id pub-id-type="publisher-id">1471-2105-2-9</article-id><article-id pub-id-type="pmid">11707150</article-id><article-id pub-id-type="doi">10.1186/1471-2105-2-9</article-id><article-categories><subj-group subj-group-type="heading"><subject>Methodology Article</subject></subj-group></article-categories><title-group><article-title>FastGroup: A program to dereplicate libraries of 16S rDNA sequences</article-title></title-group><contrib-group><contrib id="A1" contrib-type="author"><name><surname>Seguritan</surname><given-names>Victor</given-names></name><xref ref-type="aff" rid="I1">1</xref><email>vsegurit@pacbell.net</email></contrib><contrib id="A2" corresp="yes" contrib-type="author"><name><surname>Rohwer</surname><given-names>Forest</given-names></name><xref ref-type="aff" rid="I2">2</xref><email>forest@ucsd.edu</email></contrib></contrib-group><aff id="I1"><label>1</label>Department of Computational Science San Diego State, University San Diego, California, 92182, USA</aff><aff id="I2"><label>2</label>Department of Biology San Diego State, University San Diego, CA 92182, USA</aff><pub-date pub-type="collection"><year>2001</year></pub-date><pub-date pub-type="epub"><day>16</day><month>10</month><year>2001</year></pub-date><volume>2</volume><fpage>9</fpage><lpage>9</lpage><ext-link ext-link-type="uri" xlink:href="http://www.biomedcentral.com/1471-2105/2/9"/><history><date date-type="received"><day>14</day><month>5</month><year>2001</year></date><date date-type="accepted"><day>16</day><month>10</month><year>2001</year></date></history><permissions><copyright-statement>Copyright © 2001 Seguritan and Rohwer; licensee BioMed Central Ltd. This is an Open Access article: verbatim copying and redistribution of this article are permitted in all media for any purpose, provided this notice is preserved along with the article's original URL.</copyright-statement><copyright-year>2001</copyright-year><copyright-holder>Seguritan and Rohwer; licensee BioMed Central Ltd. This is an Open Access article: verbatim copying and redistribution of this article are permitted in all media for any purpose, provided this notice is preserved along with the article's original URL.</copyright-holder></permissions><abstract><sec><title>Background</title><p>Ribosomal 16S DNA sequences are an essential tool for identifying and classifying microbes. High-throughput DNA sequencing now makes it economically possible to produce very large datasets of 16S rDNA sequences in short time periods, necessitating new computer tools for analyses. Here we describe FastGroup, a Java program designed to dereplicate libraries of 16S rDNA sequences. By dereplication we mean to: 1) compare all the sequences in a data set to each other, 2) group similar sequences together, and 3) output a representative sequence from each group. In this way, duplicate sequences are removed from a library.</p></sec><sec><title>Results</title><p>FastGroup was tested using a library of single-pass, bacterial 16S rDNA sequences cloned from coral-associated bacteria. We found that the optimal strategy for dereplicating these sequences was to: 1) trim ambiguous bases from the 5' end of the sequences and all sequence 3' of the conserved Bact517 site, 2) match the sequences from the 3' end, and 3) group sequences &gt;=97% identical to each other.</p></sec><sec><title>Conclusions</title><p>The FastGroup program simplifies the dereplication of 16S rDNA sequence libraries and prepares the raw sequences for subsequent analyses.</p></sec></abstract></article-meta></front></article>