<article xmlns="https://dtd.nlm.nih.gov/ns/archiving/2.3/" xmlns:xsi="http://www.w3.org/2001/XMLSchema-instance" xmlns:mml="http://www.w3.org/1998/Math/MathML" xmlns:xlink="http://www.w3.org/1999/xlink" xsi:schemaLocation="https://dtd.nlm.nih.gov/ns/archiving/2.3/ https://dtd.nlm.nih.gov/archiving/2.3/xsd/archivearticle.xsd" article-type="research-article"><front><journal-meta><journal-id journal-id-type="nlm-ta">BMC Bioinformatics</journal-id><journal-title>BMC Bioinformatics</journal-title><issn pub-type="epub">1471-2105</issn><publisher><publisher-name>BioMed Central</publisher-name><publisher-loc>London</publisher-loc></publisher></journal-meta><article-meta><article-id pub-id-type="accession">PMC543460</article-id><article-id pub-id-type="pmcid">PMC543460</article-id><article-id pub-id-type="pmc-uid">543460</article-id><article-id pub-id-type="pmid">15603591</article-id><article-id pub-id-type="publisher-id">1471-2105-5-200</article-id><article-id pub-id-type="pmid">15603591</article-id><article-id pub-id-type="doi">10.1186/1471-2105-5-200</article-id><article-categories><subj-group subj-group-type="heading"><subject>Research Article</subject></subj-group></article-categories><title-group><article-title>Analysis of superfamily specific profile-profile recognition accuracy</article-title></title-group><contrib-group><contrib id="A1" contrib-type="author"><name><surname>Casbon</surname><given-names>James A</given-names></name><xref ref-type="aff" rid="I1">1</xref><email>j.a.casbon@qmul.ac.uk</email></contrib><contrib id="A2" corresp="yes" contrib-type="author"><name><surname>Saqi</surname><given-names>Mansoor AS</given-names></name><xref ref-type="aff" rid="I1">1</xref><email>m.saqi@qmul.ac.uk</email></contrib></contrib-group><aff id="I1"><label>1</label>Bioinformatics Group, Centre for Infectious Disease, Institute of Cell and Molecular Science, Queen Mary's School of Medicine and Dentistry, University of London, 32 Newark St, London E1 2AA, UK</aff><pub-date pub-type="collection"><year>2004</year></pub-date><pub-date pub-type="epub"><day>16</day><month>12</month><year>2004</year></pub-date><volume>5</volume><fpage>200</fpage><lpage>200</lpage><ext-link ext-link-type="uri" xlink:href="http://www.biomedcentral.com/1471-2105/5/200"/><history><date date-type="received"><day>9</day><month>8</month><year>2004</year></date><date date-type="accepted"><day>16</day><month>12</month><year>2004</year></date></history><copyright-statement>Copyright © 2004 Casbon and Saqi; licensee BioMed Central Ltd.</copyright-statement><license license-type="open-access" xlink:href="http://creativecommons.org/licenses/by/2.0"><p>This is an Open Access article distributed under the terms of the Creative Commons Attribution License (<ext-link ext-link-type="uri" xlink:href="http://creativecommons.org/licenses/by/2.0"/>), which permits unrestricted use, distribution, and reproduction in any medium, provided the original work is properly cited.</p></license><abstract><sec><title>Background</title><p>Annotation of sequences that share little similarity to sequences of known function remains a major obstacle in genome annotation. Some of the best methods of detecting remote relationships between protein sequences are based on matching sequence profiles. We analyse the superfamily specific performance of sequence profile-profile matching. Our benchmark consists of a set of 16 protein superfamilies that are highly diverse at the sequence level. We relate the performance to the number of sequences in the profiles, the profile diversity and the extent of structural conservation in the superfamily.</p></sec><sec><title>Results</title><p>The performance varies greatly between superfamilies with the truncated receiver operating characteristic, <italic>ROC</italic><sub>10</sub>, varying from 0.95 down to 0.01. These large differences persist even when the profiles are trimmed to approximately the same level of diversity.</p></sec><sec><title>Conclusions</title><p>Although the number of sequences in the profile (profile width) and degree of sequence variation within positions in the profile (profile diversity) contribute to accurate detection there are other superfamily specific factors.</p></sec></abstract></article-meta></front></article>