<article xmlns="https://dtd.nlm.nih.gov/ns/archiving/2.3/" xmlns:xsi="http://www.w3.org/2001/XMLSchema-instance" xmlns:mml="http://www.w3.org/1998/Math/MathML" xmlns:xlink="http://www.w3.org/1999/xlink" xsi:schemaLocation="https://dtd.nlm.nih.gov/ns/archiving/2.3/ https://dtd.nlm.nih.gov/archiving/2.3/xsd/archivearticle.xsd" article-type="research-article"><front><journal-meta><journal-id journal-id-type="nlm-ta">BMC Bioinformatics</journal-id><journal-title>BMC Bioinformatics</journal-title><issn pub-type="epub">1471-2105</issn><publisher><publisher-name>BioMed Central</publisher-name><publisher-loc>London</publisher-loc></publisher></journal-meta><article-meta><article-id pub-id-type="accession">PMC539274</article-id><article-id pub-id-type="pmcid">PMC539274</article-id><article-id pub-id-type="pmc-uid">539274</article-id><article-id pub-id-type="pmid">15541170</article-id><article-id pub-id-type="publisher-id">1471-2105-5-177</article-id><article-id pub-id-type="pmid">15541170</article-id><article-id pub-id-type="doi">10.1186/1471-2105-5-177</article-id><article-categories><subj-group subj-group-type="heading"><subject>Research Article</subject></subj-group></article-categories><title-group><article-title>Calibration and assessment of channel-specific biases in microarray data with extended dynamical range</article-title></title-group><contrib-group><contrib id="A1" corresp="yes" contrib-type="author"><name><surname>Bengtsson</surname><given-names>Henrik</given-names></name><xref ref-type="aff" rid="I1">1</xref><email>hb@maths.lth.se</email></contrib><contrib id="A2" contrib-type="author"><name><surname>Jönsson</surname><given-names>Göran</given-names></name><xref ref-type="aff" rid="I2">2</xref><email>goran.jonsson@onk.lu.se</email></contrib><contrib id="A3" contrib-type="author"><name><surname>Vallon-Christersson</surname><given-names>Johan</given-names></name><xref ref-type="aff" rid="I2">2</xref><email>johan.vallon-christersson@onk.lu.se</email></contrib></contrib-group><aff id="I1"><label>1</label>Mathematical Statistics, Centre for Mathematical Sciences, Lund University, Box 118, SE-221 00 Lund, Sweden</aff><aff id="I2"><label>2</label>Department of Oncology, Lund University, Barngatan 2, SE-221 85 Lund, Sweden</aff><pub-date pub-type="collection"><year>2004</year></pub-date><pub-date pub-type="epub"><day>12</day><month>11</month><year>2004</year></pub-date><volume>5</volume><fpage>177</fpage><lpage>177</lpage><ext-link ext-link-type="uri" xlink:href="http://www.biomedcentral.com/1471-2105/5/177"/><history><date date-type="received"><day>21</day><month>6</month><year>2004</year></date><date date-type="accepted"><day>12</day><month>11</month><year>2004</year></date></history><copyright-statement>Copyright © 2004 Bengtsson et al; licensee BioMed Central Ltd.</copyright-statement><license license-type="open-access" xlink:href="http://creativecommons.org/licenses/by/2.0"><p>This is an Open Access article distributed under the terms of the Creative Commons Attribution License (<ext-link ext-link-type="uri" xlink:href="http://creativecommons.org/licenses/by/2.0"/>), which permits unrestricted use, distribution, and reproduction in any medium, provided the original work is properly cited.</p></license><abstract><sec><title>Background</title><p>Non-linearities in observed log-ratios of gene expressions, also known as intensity dependent log-ratios, can often be accounted for by global biases in the two channels being compared. Any step in a microarray process may introduce such offsets and in this article we study the biases introduced by the microarray scanner and the image analysis software.</p></sec><sec><title>Results</title><p>By scanning the same spotted oligonucleotide microarray at different photomultiplier tube (PMT) gains, we have identified a channel-specific bias present in two-channel microarray data. For the scanners analyzed it was in the range of 15–25 (out of 65,535). The observed bias was very stable between subsequent scans of the same array although the PMT gain was greatly adjusted. This indicates that the bias does not originate from a step preceding the scanner detector parts. The bias varies slightly between arrays. When comparing estimates based on data from the same array, but from different scanners, we have found that different scanners introduce different amounts of bias. So do various image analysis methods. We propose a scanning protocol and a constrained affine model that allows us to identify and estimate the bias in each channel. Backward transformation removes the bias and brings the channels to the same scale. The result is that systematic effects such as intensity dependent log-ratios are removed, but also that signal densities become much more similar. The average scan, which has a larger dynamical range and greater signal-to-noise ratio than individual scans, can then be obtained.</p></sec><sec><title>Conclusions</title><p>The study shows that microarray scanners may introduce a significant bias in each channel. Such biases have to be calibrated for, otherwise systematic effects such as intensity dependent log-ratios will be observed. The proposed scanning protocol and calibration method is simple to use and is useful for evaluating scanner biases or for obtaining calibrated measurements with extended dynamical range and better precision. The cross-platform R package aroma, which implements all described methods, is available for free from <ext-link ext-link-type="uri" xlink:href="http://www.maths.lth.se/bioinformatics/"/>.</p></sec></abstract></article-meta></front></article>