<article xmlns="https://dtd.nlm.nih.gov/ns/archiving/2.3/" xmlns:xsi="http://www.w3.org/2001/XMLSchema-instance" xmlns:mml="http://www.w3.org/1998/Math/MathML" xmlns:xlink="http://www.w3.org/1999/xlink" xsi:schemaLocation="https://dtd.nlm.nih.gov/ns/archiving/2.3/ https://dtd.nlm.nih.gov/archiving/2.3/xsd/archivearticle.xsd" article-type="research-article"><front><journal-meta><journal-id journal-id-type="nlm-ta">BMC Bioinformatics</journal-id><journal-title>BMC Bioinformatics</journal-title><issn pub-type="epub">1471-2105</issn><publisher><publisher-name>BioMed Central</publisher-name><publisher-loc>London</publisher-loc></publisher></journal-meta><article-meta><article-id pub-id-type="accession">PMC544851</article-id><article-id pub-id-type="pmcid">PMC544851</article-id><article-id pub-id-type="pmc-uid">544851</article-id><article-id pub-id-type="pmid">15613242</article-id><article-id pub-id-type="publisher-id">1471-2105-5-206</article-id><article-id pub-id-type="pmid">15613242</article-id><article-id pub-id-type="doi">10.1186/1471-2105-5-206</article-id><article-categories><subj-group subj-group-type="heading"><subject>Research Article</subject></subj-group></article-categories><title-group><article-title>An empirical analysis of training protocols for probabilistic gene finders</article-title></title-group><contrib-group><contrib id="A1" corresp="yes" contrib-type="author"><name><surname>Majoros</surname><given-names>William H</given-names></name><xref ref-type="aff" rid="I1">1</xref><email>bmajoros@tigr.org</email></contrib><contrib id="A2" contrib-type="author"><name><surname>Salzberg</surname><given-names>Steven L</given-names></name><xref ref-type="aff" rid="I1">1</xref><email>salzberg@tigr.org</email></contrib></contrib-group><aff id="I1"><label>1</label>The Institute for Genomic Research, 9712 Medical Center Drive, Rockville, MD 20850, USA</aff><pub-date pub-type="collection"><year>2004</year></pub-date><pub-date pub-type="epub"><day>21</day><month>12</month><year>2004</year></pub-date><volume>5</volume><fpage>206</fpage><lpage>206</lpage><ext-link ext-link-type="uri" xlink:href="http://www.biomedcentral.com/1471-2105/5/206"/><history><date date-type="received"><day>5</day><month>11</month><year>2004</year></date><date date-type="accepted"><day>21</day><month>12</month><year>2004</year></date></history><permissions><copyright-statement>Copyright © 2004 Majoros and Salzberg; licensee BioMed Central Ltd.</copyright-statement><copyright-year>2004</copyright-year><copyright-holder>Majoros and Salzberg; licensee BioMed Central Ltd.</copyright-holder><license license-type="open-access" xlink:href="http://creativecommons.org/licenses/by/2.0"><p>This is an Open Access article distributed under the terms of the Creative Commons Attribution License (<ext-link ext-link-type="uri" xlink:href="http://creativecommons.org/licenses/by/2.0"/>), which permits unrestricted use, distribution, and reproduction in any medium, provided the original work is properly cited.</p><!--<rdf xmlns="http://web.resource.org/cc/" xmlns:rdf="http://www.w3.org/1999/02/22-rdf-syntax-ns#" xmlns:dc="http://purl.org/dc/elements/1.1" xmlns:dcterms="http://purl.org/dc/terms"><Work xmlns:dc="http://purl.org/dc/elements/1.1/" xmlns:dcterms="http://purl.org/dc/terms/" rdf:about=""><license rdf:resource="http://creativecommons.org/licenses/by/2.0"/><dc:type rdf:resource="http://purl.org/dc/dcmitype/Text"/><dc:author>
               Majoros
               H
               William
               
               bmajoros@tigr.org
            </dc:author><dc:title>
            An empirical analysis of training protocols for probabilistic gene finders
         </dc:title><dc:date>2004</dc:date><dcterms:bibliographicCitation>BMC Bioinformatics 5(1): 206-. (2004)</dcterms:bibliographicCitation><dc:identifier type="sici">1471-2105(2004)5:1&#x0003c;206&#x0003e;</dc:identifier><dcterms:isPartOf>urn:ISSN:1471-2105</dcterms:isPartOf><License rdf:about="http://creativecommons.org/licenses/by/2.0"><permits rdf:resource="http://web.resource.org/cc/Reproduction" xmlns=""/><permits rdf:resource="http://web.resource.org/cc/Distribution" xmlns=""/><requires rdf:resource="http://web.resource.org/cc/Notice" xmlns=""/><requires rdf:resource="http://web.resource.org/cc/Attribution" xmlns=""/><permits rdf:resource="http://web.resource.org/cc/DerivativeWorks" xmlns=""/></License></Work></rdf>--></license></permissions><abstract><sec><title>Background</title><p>Generalized hidden Markov models (GHMMs) appear to be approaching acceptance as a <italic>de facto </italic>standard for state-of-the-art <italic>ab initio </italic>gene finding, as evidenced by the recent proliferation of GHMM implementations. While prevailing methods for modeling and parsing genes using GHMMs have been described in the literature, little attention has been paid as of yet to their proper training. The few hints available in the literature together with anecdotal observations suggest that most practitioners perform maximum likelihood parameter estimation only at the local submodel level, and then attend to the optimization of global parameter structure using some form of <italic>ad hoc </italic>manual tuning of individual parameters.</p></sec><sec><title>Results</title><p>We decided to investigate the utility of applying a more systematic optimization approach to the tuning of global parameter structure by implementing a global discriminative training procedure for our GHMM-based gene finder. Our results show that significant improvement in prediction accuracy can be achieved by this method.</p></sec><sec><title>Conclusions</title><p>We conclude that training of GHMM-based gene finders is best performed using some form of discriminative training rather than simple maximum likelihood estimation at the submodel level, and that generalized gradient ascent methods are suitable for this task. We also conclude that partitioning of training data for the twin purposes of maximum likelihood initialization and gradient ascent optimization appears to be unnecessary, but that strict segregation of test data must be enforced during final gene finder evaluation to avoid artificially inflated accuracy measurements.</p></sec></abstract></article-meta></front></article>