<article xmlns="https://dtd.nlm.nih.gov/ns/archiving/2.3/" xmlns:xsi="http://www.w3.org/2001/XMLSchema-instance" xmlns:mml="http://www.w3.org/1998/Math/MathML" xmlns:xlink="http://www.w3.org/1999/xlink" xsi:schemaLocation="https://dtd.nlm.nih.gov/ns/archiving/2.3/ https://dtd.nlm.nih.gov/archiving/2.3/xsd/archivearticle.xsd" article-type="research-article"><front><journal-meta><journal-id journal-id-type="nlm-ta">BMC Bioinformatics</journal-id><journal-title>BMC Bioinformatics</journal-title><issn pub-type="epub">1471-2105</issn><publisher><publisher-name>BioMed Central</publisher-name><publisher-loc>London</publisher-loc></publisher></journal-meta><article-meta><article-id pub-id-type="accession">PMC528732</article-id><article-id pub-id-type="pmcid">PMC528732</article-id><article-id pub-id-type="pmc-uid">528732</article-id><article-id pub-id-type="pmid">15494071</article-id><article-id pub-id-type="publisher-id">1471-2105-5-156</article-id><article-id pub-id-type="pmid">15494071</article-id><article-id pub-id-type="doi">10.1186/1471-2105-5-156</article-id><article-categories><subj-group subj-group-type="heading"><subject>Methodology Article</subject></subj-group></article-categories><title-group><article-title>Modeling of cell signaling pathways in macrophages by semantic networks</article-title></title-group><contrib-group><contrib id="A1" contrib-type="author"><name><surname>Hsing</surname><given-names>Michael</given-names></name><xref ref-type="aff" rid="I1">1</xref><email>mhsing@interchange.ubc.ca</email></contrib><contrib id="A2" contrib-type="author"><name><surname>Bellenson</surname><given-names>Joel L</given-names></name><xref ref-type="aff" rid="I2">2</xref><email>jbellenson@biocad.com</email></contrib><contrib id="A3" contrib-type="author"><name><surname>Shankey</surname><given-names>Conor</given-names></name><xref ref-type="aff" rid="I3">3</xref><email>cshankey@visualknowledge.com</email></contrib><contrib id="A4" corresp="yes" contrib-type="author"><name><surname>Cherkasov</surname><given-names>Artem</given-names></name><xref ref-type="aff" rid="I4">4</xref><email>artc@interchange.ubc.ca</email></contrib></contrib-group><aff id="I1"><label>1</label>CIHR/MSFHR Strategic Training Program in Bioinformatics, Genetics Graduate Program, Faculty of Graduate Studies, University of British Columbia, Vancouver, British Columbia, V5Z 3J5, Canada</aff><aff id="I2"><label>2</label>Upstream Biosciences, Inc., Vancouver, British Columbia, V6H 1H2, Canada</aff><aff id="I3"><label>3</label>Visual Knowledge, Inc., Vancouver, British Columbia, V6H 1H2, Canada</aff><aff id="I4"><label>4</label>Division of Infectious Diseases, Department of Medicine, Faculty of Medicine, University of British Columbia, Vancouver, British Columbia, V5Z 3J5, Canada</aff><pub-date pub-type="collection"><year>2004</year></pub-date><pub-date pub-type="epub"><day>19</day><month>10</month><year>2004</year></pub-date><volume>5</volume><fpage>156</fpage><lpage>156</lpage><ext-link ext-link-type="uri" xlink:href="http://www.biomedcentral.com/1471-2105/5/156"/><history><date date-type="received"><day>13</day><month>4</month><year>2004</year></date><date date-type="accepted"><day>19</day><month>10</month><year>2004</year></date></history><copyright-statement>Copyright © 2004 Hsing et al; licensee BioMed Central Ltd.</copyright-statement><license license-type="open-access" xlink:href="http://creativecommons.org/licenses/by/2.0"><p>This is an open-access article distributed under the terms of the Creative Commons Attribution License (<ext-link ext-link-type="uri" xlink:href="http://creativecommons.org/licenses/by/2.0"/>), which permits unrestricted use, distribution, and reproduction in any medium, provided the original work is properly cited.</p></license><abstract><sec><title>Background</title><p>Substantial amounts of data on cell signaling, metabolic, gene regulatory and other biological pathways have been accumulated in literature and electronic databases. Conventionally, this information is stored in the form of pathway diagrams and can be characterized as highly "compartmental" (<italic>i.e</italic>. individual pathways are not connected into more general networks). Current approaches for representing pathways are limited in their capacity to model molecular interactions in their spatial and temporal context. Moreover, the critical knowledge of cause-effect relationships among signaling events is not reflected by most conventional approaches for manipulating pathways.</p></sec><sec><title>Results</title><p>We have applied a semantic network (SN) approach to develop and implement a model for cell signaling pathways. The semantic model has mapped biological concepts to a set of semantic agents and relationships, and characterized cell signaling events and their participants in the hierarchical and spatial context. In particular, the available information on the behaviors and interactions of the PI3K enzyme family has been integrated into the SN environment and a cell signaling network in human macrophages has been constructed. A SN-application has been developed to manipulate the locations and the states of molecules and to observe their actions under different biological scenarios. The approach allowed qualitative simulation of cell signaling events involving PI3Ks and identified pathways of molecular interactions that led to known cellular responses as well as other potential responses during bacterial invasions in macrophages.</p></sec><sec><title>Conclusions</title><p>We concluded from our results that the semantic network is an effective method to model cell signaling pathways. The semantic model allows proper representation and integration of information on biological structures and their interactions at different levels. The reconstruction of the cell signaling network in the macrophage allowed detailed investigation of connections among various essential molecules and reflected the cause-effect relationships among signaling events. The simulation demonstrated the dynamics of the semantic network, where a change of states on a molecule can alter its function and potentially cause a chain-reaction effect in the system.</p></sec></abstract></article-meta></front></article>