<article xmlns="https://dtd.nlm.nih.gov/ns/archiving/2.3/" xmlns:xsi="http://www.w3.org/2001/XMLSchema-instance" xmlns:mml="http://www.w3.org/1998/Math/MathML" xmlns:xlink="http://www.w3.org/1999/xlink" xsi:schemaLocation="https://dtd.nlm.nih.gov/ns/archiving/2.3/ https://dtd.nlm.nih.gov/archiving/2.3/xsd/archivearticle.xsd" article-type="research-article"><front><journal-meta><journal-id journal-id-type="nlm-ta">BMC Bioinformatics</journal-id><journal-title>BMC Bioinformatics</journal-title><issn pub-type="epub">1471-2105</issn><publisher><publisher-name>BioMed Central</publisher-name><publisher-loc>London</publisher-loc></publisher></journal-meta><article-meta><article-id pub-id-type="accession">PMC528726</article-id><article-id pub-id-type="pmcid">PMC528726</article-id><article-id pub-id-type="pmc-uid">528726</article-id><article-id pub-id-type="pmid">15504239</article-id><article-id pub-id-type="publisher-id">1471-2105-5-159</article-id><article-id pub-id-type="pmid">15504239</article-id><article-id pub-id-type="doi">10.1186/1471-2105-5-159</article-id><article-categories><subj-group subj-group-type="heading"><subject>Research Article</subject></subj-group></article-categories><title-group><article-title>Combining gene expression data from different generations of oligonucleotide arrays</article-title></title-group><contrib-group><contrib id="A1" equal-contrib="yes" contrib-type="author"><name><surname>Hwang</surname><given-names>Kyu-Baek</given-names></name><xref ref-type="aff" rid="I1">1</xref><email>kbhwang@bi.snu.ac.kr</email></contrib><contrib id="A2" equal-contrib="yes" contrib-type="author"><name><surname>Kong</surname><given-names>Sek Won</given-names></name><xref ref-type="aff" rid="I2">2</xref><xref ref-type="aff" rid="I3">3</xref><email>skong@bidmc.harvard.edu</email></contrib><contrib id="A3" contrib-type="author"><name><surname>Greenberg</surname><given-names>Steve A</given-names></name><xref ref-type="aff" rid="I4">4</xref><xref ref-type="aff" rid="I5">5</xref><email>sagreenberg@partners.org</email></contrib><contrib id="A4" corresp="yes" contrib-type="author"><name><surname>Park</surname><given-names>Peter J</given-names></name><xref ref-type="aff" rid="I5">5</xref><xref ref-type="aff" rid="I6">6</xref><email>peter_park@harvard.edu</email></contrib></contrib-group><aff id="I1"><label>1</label>School of Computer Science and Engineering, Seoul National University, Seoul 151-742, Korea</aff><aff id="I2"><label>2</label>Molecular Medicine, Beth Israel Deaconess Medical Center, 330 Brookline Ave, Boston, MA 02215, USA</aff><aff id="I3"><label>3</label>Bauer Center for Genomics Research, Harvard University, 7 Divinity Ave, Cambridge, MA 02138, USA</aff><aff id="I4"><label>4</label>Department of Neurology, Brigham and Women's Hospital, 75 Francis Street, Boston, MA 02115, USA</aff><aff id="I5"><label>5</label>Children's Hospital Informatics Program, 300 Longwood Ave, Boston, MA 02115, USA</aff><aff id="I6"><label>6</label>Harvard-Partners Center for Genetics and Genomics, 77 Avenue Louis Pasteur, Boston, MA 02115, USA</aff><pub-date pub-type="collection"><year>2004</year></pub-date><pub-date pub-type="epub"><day>25</day><month>10</month><year>2004</year></pub-date><volume>5</volume><fpage>159</fpage><lpage>159</lpage><ext-link ext-link-type="uri" xlink:href="http://www.biomedcentral.com/1471-2105/5/159"/><history><date date-type="received"><day>6</day><month>7</month><year>2004</year></date><date date-type="accepted"><day>25</day><month>10</month><year>2004</year></date></history><copyright-statement>Copyright © 2004 Hwang et al; licensee BioMed Central Ltd.</copyright-statement><license license-type="open-access" xlink:href="http://creativecommons.org/licenses/by/2.0"><p>This is an open-access article distributed under the terms of the Creative Commons Attribution License (<ext-link ext-link-type="uri" xlink:href="http://creativecommons.org/licenses/by/2.0"/>), which permits unrestricted use, distribution, and reproduction in any medium, provided the original work is properly cited.</p></license><abstract><sec><title>Background</title><p>One of the important challenges in microarray analysis is to take full advantage of previously accumulated data, both from one's own laboratory and from public repositories. Through a comparative analysis on a variety of datasets, a more comprehensive view of the underlying mechanism or structure can be obtained. However, as we discover in this work, continual changes in genomic sequence annotations and probe design criteria make it difficult to compare gene expression data even from different generations of the same microarray platform.</p></sec><sec><title>Results</title><p>We first describe the extent of discordance between the results derived from two generations of Affymetrix oligonucleotide arrays, as revealed in cluster analysis and in identification of differentially expressed genes. We then propose a method for increasing comparability. The dataset we use consists of a set of 14 human muscle biopsy samples from patients with inflammatory myopathies that were hybridized on both HG-U95Av2 and HG-U133A human arrays. We find that the use of the probe set matching table for comparative analysis provided by Affymetrix produces better results than matching by UniGene or LocusLink identifiers but still remains inadequate. Rescaling of expression values for each gene across samples and data filtering by expression values enhance comparability but only for few specific analyses. As a generic method for improving comparability, we select a subset of probes with overlapping sequence segments in the two array types and recalculate expression values based only on the selected probes. We show that this filtering of probes significantly improves the comparability while retaining a sufficient number of probe sets for further analysis.</p></sec><sec><title>Conclusions</title><p>Compatibility between high-density oligonucleotide arrays is significantly affected by probe-level sequence information. With a careful filtering of the probes based on their sequence overlaps, data from different generations of microarrays can be combined more effectively.</p></sec></abstract></article-meta></front></article>