<article xmlns="https://dtd.nlm.nih.gov/ns/archiving/2.3/" xmlns:xsi="http://www.w3.org/2001/XMLSchema-instance" xmlns:mml="http://www.w3.org/1998/Math/MathML" xmlns:xlink="http://www.w3.org/1999/xlink" xsi:schemaLocation="https://dtd.nlm.nih.gov/ns/archiving/2.3/ https://dtd.nlm.nih.gov/archiving/2.3/xsd/archivearticle.xsd" article-type="research-article"><front><journal-meta><journal-id journal-id-type="nlm-ta">BMC Bioinformatics</journal-id><journal-title>BMC Bioinformatics</journal-title><issn pub-type="epub">1471-2105</issn><publisher><publisher-name>BioMed Central</publisher-name><publisher-loc>London</publisher-loc></publisher></journal-meta><article-meta><article-id pub-id-type="accession">PMC535353</article-id><article-id pub-id-type="pmcid">PMC535353</article-id><article-id pub-id-type="pmc-uid">535353</article-id><article-id pub-id-type="pmid">15511290</article-id><article-id pub-id-type="publisher-id">1471-2105-5-169</article-id><article-id pub-id-type="pmid">15511290</article-id><article-id pub-id-type="doi">10.1186/1471-2105-5-169</article-id><article-categories><subj-group subj-group-type="heading"><subject>Methodology Article</subject></subj-group></article-categories><title-group><article-title>Oligo kernels for datamining on biological sequences: a case study on prokaryotic translation initiation sites</article-title></title-group><contrib-group><contrib id="A1" corresp="yes" contrib-type="author"><name><surname>Meinicke</surname><given-names>Peter</given-names></name><xref ref-type="aff" rid="I1">1</xref><email>pmeinic@gwdg.de</email></contrib><contrib id="A2" contrib-type="author"><name><surname>Tech</surname><given-names>Maike</given-names></name><xref ref-type="aff" rid="I1">1</xref><email>mtech@gwdg.de</email></contrib><contrib id="A3" contrib-type="author"><name><surname>Morgenstern</surname><given-names>Burkhard</given-names></name><xref ref-type="aff" rid="I1">1</xref><email>bmorgen@gwdg.de</email></contrib><contrib id="A4" contrib-type="author"><name><surname>Merkl</surname><given-names>Rainer</given-names></name><xref ref-type="aff" rid="I2">2</xref><email>Rainer.Merkl@biologie.uni-regensburg.de</email></contrib></contrib-group><aff id="I1"><label>1</label>Abteilung Bioinformatik, Institut für Mikrobiologie und Genetik, Georg-August-Universität Göttingen, Goldschmidtstr. 1, 37077 Göttingen, Germany</aff><aff id="I2"><label>2</label>lnstitut für Biophysik and physikalische Biochemie, Universität Regensburg, Universitätsstr. 31, 93040 Regensburg, Germany</aff><pub-date pub-type="collection"><year>2004</year></pub-date><pub-date pub-type="epub"><day>28</day><month>10</month><year>2004</year></pub-date><volume>5</volume><fpage>169</fpage><lpage>169</lpage><ext-link ext-link-type="uri" xlink:href="http://www.biomedcentral.com/1471-2105/5/169"/><history><date date-type="received"><day>10</day><month>8</month><year>2004</year></date><date date-type="accepted"><day>28</day><month>10</month><year>2004</year></date></history><copyright-statement>Copyright © 2004 Meinicke et al; licensee BioMed Central Ltd.</copyright-statement><license license-type="open-access" xlink:href="http://creativecommons.org/licenses/by/2.0"><p>This is an Open Access article distributed under the terms of the Creative Commons Attribution License (<ext-link ext-link-type="uri" xlink:href="http://creativecommons.org/licenses/by/2.0"/>), which permits unrestricted use, distribution, and reproduction in any medium, provided the original work is properly cited.</p></license><abstract><sec><title>Background</title><p>Kernel-based learning algorithms are among the most advanced machine learning methods and have been successfully applied to a variety of sequence classification tasks within the field of bioinformatics. Conventional kernels utilized so far do not provide an easy interpretation of the learnt representations in terms of positional and compositional variability of the underlying biological signals.</p></sec><sec><title>Results</title><p>We propose a kernel-based approach to datamining on biological sequences. With our method it is possible to model and analyze positional variability of oligomers of any length in a natural way. On one hand this is achieved by mapping the sequences to an intuitive but high-dimensional feature space, well-suited for interpretation of the learnt models. On the other hand, by means of the kernel trick we can provide a general learning algorithm for that high-dimensional representation because all required statistics can be computed without performing an explicit feature space mapping of the sequences. By introducing a kernel parameter that controls the <italic>degree </italic>of position-dependency, our feature space representation can be tailored to the characteristics of the biological problem at hand. A regularized learning scheme enables application even to biological problems for which only small sets of example sequences are available. Our approach includes a visualization method for transparent representation of characteristic sequence features. Thereby importance of features can be measured in terms of discriminative strength with respect to classification of the underlying sequences. To demonstrate and validate our concept on a biochemically well-defined case, we analyze <italic>E. coli </italic>translation initiation sites in order to show that we can find biologically relevant signals. For that case, our results clearly show that the Shine-Dalgarno sequence is the most important signal upstream a start codon. The variability in position and composition we found for that signal is in accordance with previous biological knowledge. We also find evidence for signals downstream of the start codon, previously introduced as transcriptional enhancers. These signals are mainly characterized by occurrences of adenine in a region of about 4 nucleotides next to the start codon.</p></sec><sec><title>Conclusions</title><p>We showed that the oligo kernel can provide a valuable tool for the analysis of relevant signals in biological sequences. In the case of translation initiation sites we could clearly deduce the most discriminative motifs and their positional variation from example sequences. Attractive features of our approach are its flexibility with respect to oligomer length and position conservation. By means of these two parameters oligo kernels can easily be adapted to different biological problems.</p></sec></abstract></article-meta></front></article>