<article xmlns="https://dtd.nlm.nih.gov/ns/archiving/2.3/" xmlns:xsi="http://www.w3.org/2001/XMLSchema-instance" xmlns:mml="http://www.w3.org/1998/Math/MathML" xmlns:xlink="http://www.w3.org/1999/xlink" xsi:schemaLocation="https://dtd.nlm.nih.gov/ns/archiving/2.3/ https://dtd.nlm.nih.gov/archiving/2.3/xsd/archivearticle.xsd" article-type="research-article"><front><journal-meta><journal-id journal-id-type="nlm-ta">BMC Bioinformatics</journal-id><journal-title>BMC Bioinformatics</journal-title><issn pub-type="epub">1471-2105</issn><publisher><publisher-name>BioMed Central</publisher-name><publisher-loc>London</publisher-loc></publisher></journal-meta><article-meta><article-id pub-id-type="accession">PMC549204</article-id><article-id pub-id-type="pmcid">PMC549204</article-id><article-id pub-id-type="pmc-uid">549204</article-id><article-id pub-id-type="pmid">15649332</article-id><article-id pub-id-type="publisher-id">1471-2105-6-8</article-id><article-id pub-id-type="pmid">15649332</article-id><article-id pub-id-type="doi">10.1186/1471-2105-6-8</article-id><article-categories><subj-group subj-group-type="heading"><subject>Research Article</subject></subj-group></article-categories><title-group><article-title>Structural comparison of metabolic networks in selected single cell organisms</article-title></title-group><contrib-group><contrib id="A1" contrib-type="author"><name><surname>Zhu</surname><given-names>Dongxiao</given-names></name><xref ref-type="aff" rid="I1">1</xref><xref ref-type="aff" rid="I3">3</xref><email>zhud@umich.edu</email></contrib><contrib id="A2" corresp="yes" contrib-type="author"><name><surname>Qin</surname><given-names>Zhaohui S</given-names></name><xref ref-type="aff" rid="I2">2</xref><email>qin@umich.edu</email></contrib></contrib-group><aff id="I1"><label>1</label>Bioinformatics Program, University of Michigan, Ann Arbor, MI 48109, USA</aff><aff id="I2"><label>2</label>Center for Statistical Genetics, Department of Biostatistics, University of Michigan, Ann Arbor, MI 48109, USA</aff><aff id="I3"><label>3</label>Department of Statistics, University of Michigan, Ann Arbor, MI 48109, USA</aff><pub-date pub-type="collection"><year>2005</year></pub-date><pub-date pub-type="epub"><day>14</day><month>1</month><year>2005</year></pub-date><volume>6</volume><fpage>8</fpage><lpage>8</lpage><ext-link ext-link-type="uri" xlink:href="http://www.biomedcentral.com/1471-2105/6/8"/><history><date date-type="received"><day>20</day><month>7</month><year>2004</year></date><date date-type="accepted"><day>14</day><month>1</month><year>2005</year></date></history><copyright-statement>Copyright © 2005 Zhu and Qin; licensee BioMed Central Ltd.</copyright-statement><license license-type="open-access" xlink:href="http://creativecommons.org/licenses/by/2.0"><p>This is an Open Access article distributed under the terms of the Creative Commons Attribution License (<ext-link ext-link-type="uri" xlink:href="http://creativecommons.org/licenses/by/2.0"/>), which permits unrestricted use, distribution, and reproduction in any medium, provided the original work is properly cited.</p></license><abstract><sec><title>Background</title><p>There has been tremendous interest in the study of biological network structure. An array of measurements has been conceived to assess the topological properties of these networks. In this study, we compared the metabolic network structures of eleven single cell organisms representing the three domains of life using these measurements, hoping to find out whether the intrinsic network design principle(s), reflected by these measurements, are different among species in the three domains of life.</p></sec><sec><title>Results</title><p>Three groups of topological properties were used in this study: network indices, degree distribution measures and motif profile measure. All of which are higher-level topological properties except for the marginal degree distribution. Metabolic networks in Archaeal species are found to be different from those in <italic>S. cerevisiae </italic>and the six Bacterial species in almost all measured higher-level topological properties. Our findings also indicate that the metabolic network in Archaeal species is similar to the exponential random network.</p></sec><sec><title>Conclusion</title><p>If these metabolic network properties of the organisms studied can be extended to other species in their respective domains (which is likely), then the design principle(s) of Archaea are fundamentally different from those of Bacteria and Eukaryote. Furthermore, the functional mechanisms of Archaeal metabolic networks revealed in this study differentiate significantly from those of Bacterial and Eukaryotic organisms, which warrant further investigation.</p></sec></abstract></article-meta></front></article>