<article xmlns="https://dtd.nlm.nih.gov/ns/archiving/2.3/" xmlns:xsi="http://www.w3.org/2001/XMLSchema-instance" xmlns:mml="http://www.w3.org/1998/Math/MathML" xmlns:xlink="http://www.w3.org/1999/xlink" xsi:schemaLocation="https://dtd.nlm.nih.gov/ns/archiving/2.3/ https://dtd.nlm.nih.gov/archiving/2.3/xsd/archivearticle.xsd" article-type="research-article"><front><journal-meta><journal-id journal-id-type="nlm-ta">BMC Bioinformatics</journal-id><journal-title>BMC Bioinformatics</journal-title><issn pub-type="epub">1471-2105</issn><publisher><publisher-name>BioMed Central</publisher-name><publisher-loc>London</publisher-loc></publisher></journal-meta><article-meta><article-id pub-id-type="accession">PMC526382</article-id><article-id pub-id-type="pmcid">PMC526382</article-id><article-id pub-id-type="pmc-uid">526382</article-id><article-id pub-id-type="pmid">15383156</article-id><article-id pub-id-type="publisher-id">1471-2105-5-135</article-id><article-id pub-id-type="pmid">15383156</article-id><article-id pub-id-type="doi">10.1186/1471-2105-5-135</article-id><article-categories><subj-group subj-group-type="heading"><subject>Research Article</subject></subj-group></article-categories><title-group><article-title>Profiled support vector machines for antisense oligonucleotide efficacy prediction</article-title></title-group><contrib-group><contrib id="A1" corresp="yes" contrib-type="author"><name><surname>Camps-Valls</surname><given-names>Gustavo</given-names></name><xref ref-type="aff" rid="I1">1</xref><email>gustavo.camps@uv.es</email></contrib><contrib id="A2" contrib-type="author"><name><surname>Chalk</surname><given-names>Alistair M</given-names></name><xref ref-type="aff" rid="I2">2</xref><email>Alistair.Chalk@cgb.ki.se</email></contrib><contrib id="A3" contrib-type="author"><name><surname>Serrano-López</surname><given-names>Antonio J</given-names></name><xref ref-type="aff" rid="I1">1</xref><email>antonio.j.serrano@uv.es</email></contrib><contrib id="A4" contrib-type="author"><name><surname>Martín-Guerrero</surname><given-names>José D</given-names></name><xref ref-type="aff" rid="I1">1</xref><email>jose.d.martin@uv.es</email></contrib><contrib id="A5" contrib-type="author"><name><surname>Sonnhammer</surname><given-names>Erik LL</given-names></name><xref ref-type="aff" rid="I2">2</xref><email>Erik.Sonnhammer@cgb.ki.se</email></contrib></contrib-group><aff id="I1"><label>1</label>Grup de Processament Digital de Senyals, Universitat de València, Spain. C/ Dr. Moliner, 50. 46100 Burjassot, València, Spain</aff><aff id="I2"><label>2</label>Center for Genomics and Bioinformatics (CGB), Karolinska Institutet, S-17177, Stockholm, Sweden</aff><pub-date pub-type="collection"><year>2004</year></pub-date><pub-date pub-type="epub"><day>22</day><month>9</month><year>2004</year></pub-date><volume>5</volume><fpage>135</fpage><lpage>135</lpage><ext-link ext-link-type="uri" xlink:href="http://www.biomedcentral.com/1471-2105/5/135"/><history><date date-type="received"><day>7</day><month>5</month><year>2004</year></date><date date-type="accepted"><day>22</day><month>9</month><year>2004</year></date></history><copyright-statement>Copyright © 2004 Camps-Valls et al; licensee BioMed Central Ltd.</copyright-statement><license license-type="open-access" xlink:href="http://creativecommons.org/licenses/by/2.0"><p>This is an open-access article distributed under the terms of the Creative Commons Attribution License (<ext-link ext-link-type="uri" xlink:href="http://creativecommons.org/licenses/by/2.0"/>), which permits unrestricted use, distribution, and reproduction in any medium, provided the original work is properly cited.</p></license><abstract><sec><title>Background</title><p>This paper presents the use of Support Vector Machines (SVMs) for prediction and analysis of antisense oligonucleotide (AO) efficacy. The collected database comprises 315 AO molecules including 68 features each, inducing a problem well-suited to SVMs. The task of feature selection is crucial given the presence of noisy or redundant features, and the well-known problem of the <italic>curse of dimensionality</italic>. We propose a two-stage strategy to develop an optimal model: (1) feature selection using correlation analysis, mutual information, and SVM-based recursive feature elimination (SVM-RFE), and (2) AO prediction using standard and profiled SVM formulations. A profiled SVM gives different weights to different parts of the training data to focus the training on the most important regions.</p></sec><sec><title>Results</title><p>In the first stage, the SVM-RFE technique was most efficient and robust in the presence of low number of samples and high input space dimension. This method yielded an optimal subset of 14 representative features, which were all related to energy and sequence motifs. The second stage evaluated the performance of the predictors (overall correlation coefficient between observed and predicted efficacy, <italic>r</italic>; mean error, ME; and root-mean-square-error, RMSE) using 8-fold and minus-one-RNA cross-validation methods. The profiled SVM produced the best results (<italic>r </italic>= 0.44, ME = 0.022, and RMSE= 0.278) and predicted high (&gt;75% inhibition of gene expression) and low efficacy (&lt;25%) AOs with a success rate of 83.3% and 82.9%, respectively, which is better than by previous approaches. A web server for AO prediction is available online at <ext-link ext-link-type="uri" xlink:href="http://aosvm.cgb.ki.se/"/>.</p></sec><sec><title>Conclusions</title><p>The SVM approach is well suited to the AO prediction problem, and yields a prediction accuracy superior to previous methods. The profiled SVM was found to perform better than the standard SVM, suggesting that it could lead to improvements in other prediction problems as well.</p></sec></abstract></article-meta></front></article>