<article xmlns="https://dtd.nlm.nih.gov/ns/archiving/2.3/" xmlns:xsi="http://www.w3.org/2001/XMLSchema-instance" xmlns:mml="http://www.w3.org/1998/Math/MathML" xmlns:xlink="http://www.w3.org/1999/xlink" xsi:schemaLocation="https://dtd.nlm.nih.gov/ns/archiving/2.3/ https://dtd.nlm.nih.gov/archiving/2.3/xsd/archivearticle.xsd" article-type="research-article"><front><journal-meta><journal-id journal-id-type="nlm-ta">BMC Bioinformatics</journal-id><journal-title>BMC Bioinformatics</journal-title><issn pub-type="epub">1471-2105</issn><publisher><publisher-name>BioMed Central</publisher-name><publisher-loc>London</publisher-loc></publisher></journal-meta><article-meta><article-id pub-id-type="accession">PMC555558</article-id><article-id pub-id-type="pmcid">PMC555558</article-id><article-id pub-id-type="pmc-uid">555558</article-id><article-id pub-id-type="pmid">15755318</article-id><article-id pub-id-type="publisher-id">1471-2105-6-46</article-id><article-id pub-id-type="pmid">15755318</article-id><article-id pub-id-type="doi">10.1186/1471-2105-6-46</article-id><article-categories><subj-group subj-group-type="heading"><subject>Methodology Article</subject></subj-group></article-categories><title-group><article-title>Automatic detection of false annotations via binary property clustering</article-title></title-group><contrib-group><contrib id="A1" corresp="yes" contrib-type="author"><name><surname>Kaplan</surname><given-names>Noam</given-names></name><xref ref-type="aff" rid="I1">1</xref><email>kaplann@cc.huji.ac.il</email></contrib><contrib id="A2" contrib-type="author"><name><surname>Linial</surname><given-names>Michal</given-names></name><xref ref-type="aff" rid="I1">1</xref><xref ref-type="aff" rid="I2">2</xref><email>michall@cc.huji.ac.il</email></contrib></contrib-group><aff id="I1"><label>1</label>Department of Biological Chemistry, Institute of Life Sciences, The Hebrew University of Jerusalem, Israel</aff><aff id="I2"><label>2</label>Department of Computer Science and Engineering, University of Washington, Seattle, WA, USA</aff><pub-date pub-type="collection"><year>2005</year></pub-date><pub-date pub-type="epub"><day>8</day><month>3</month><year>2005</year></pub-date><volume>6</volume><fpage>46</fpage><lpage>46</lpage><ext-link ext-link-type="uri" xlink:href="http://www.biomedcentral.com/1471-2105/6/46"/><history><date date-type="received"><day>5</day><month>9</month><year>2004</year></date><date date-type="accepted"><day>8</day><month>3</month><year>2005</year></date></history><copyright-statement>Copyright © 2005 Kaplan and Linial; licensee BioMed Central Ltd.</copyright-statement><license license-type="open-access" xlink:href="http://creativecommons.org/licenses/by/2.0"><p>This is an Open Access article distributed under the terms of the Creative Commons Attribution License (<ext-link ext-link-type="uri" xlink:href="http://creativecommons.org/licenses/by/2.0"/>), which permits unrestricted use, distribution, and reproduction in any medium, provided the original work is properly cited.</p></license><abstract><sec><title>Background</title><p>Computational protein annotation methods occasionally introduce errors. False-positive (FP) errors are annotations that are mistakenly associated with a protein. Such false annotations introduce errors that may spread into databases through similarity with other proteins. Generally, methods used to minimize the chance for FPs result in decreased sensitivity or low throughput. We present a novel protein-clustering method that enables automatic separation of FP from true hits. The method quantifies the biological similarity between pairs of proteins by examining each protein's annotations, and then proceeds by clustering sets of proteins that received similar annotation into biological groups.</p></sec><sec><title>Results</title><p>Using a test set of all PROSITE signatures that are marked as FPs, we show that the method successfully separates FPs in 69% of the 327 test cases supplied by PROSITE. Furthermore, we constructed an extensive random FP simulation test and show a high degree of success in detecting FP, indicating that the method is not specifically tuned for PROSITE and performs well on larger scales. We also suggest some means of predicting in which cases this approach would be successful.</p></sec><sec><title>Conclusion</title><p>Automatic detection of FPs may greatly facilitate the manual validation process and increase annotation sensitivity. With the increasing number of automatic annotations, the tendency of biological properties to be clustered, once a biological similarity measure is introduced, may become exceedingly helpful in the development of such automatic methods.</p></sec></abstract></article-meta></front></article>