<article xmlns="https://dtd.nlm.nih.gov/ns/archiving/2.3/" xmlns:xsi="http://www.w3.org/2001/XMLSchema-instance" xmlns:mml="http://www.w3.org/1998/Math/MathML" xmlns:xlink="http://www.w3.org/1999/xlink" xsi:schemaLocation="https://dtd.nlm.nih.gov/ns/archiving/2.3/ https://dtd.nlm.nih.gov/archiving/2.3/xsd/archivearticle.xsd" article-type="research-article"><front><journal-meta><journal-id journal-id-type="nlm-ta">BMC Bioinformatics</journal-id><journal-title>BMC Bioinformatics</journal-title><issn pub-type="epub">1471-2105</issn><publisher><publisher-name>BioMed Central</publisher-name><publisher-loc>London</publisher-loc></publisher></journal-meta><article-meta><article-id pub-id-type="accession">PMC555736</article-id><article-id pub-id-type="pmcid">PMC555736</article-id><article-id pub-id-type="pmc-uid">555736</article-id><article-id pub-id-type="pmid">15757521</article-id><article-id pub-id-type="publisher-id">1471-2105-6-49</article-id><article-id pub-id-type="pmid">15757521</article-id><article-id pub-id-type="doi">10.1186/1471-2105-6-49</article-id><article-categories><subj-group subj-group-type="heading"><subject>Research Article</subject></subj-group></article-categories><title-group><article-title>A configuration space of homologous proteins conserving mutual information and allowing a phylogeny inference based on pair-wise Z-score probabilities</article-title></title-group><contrib-group><contrib id="A1" contrib-type="author"><name><surname>Bastien</surname><given-names>Olivier</given-names></name><xref ref-type="aff" rid="I1">1</xref><xref ref-type="aff" rid="I2">2</xref><email>obastien@cea.fr</email></contrib><contrib id="A2" contrib-type="author"><name><surname>Ortet</surname><given-names>Philippe</given-names></name><xref ref-type="aff" rid="I3">3</xref><email>portet@cea.fr</email></contrib><contrib id="A3" contrib-type="author"><name><surname>Roy</surname><given-names>Sylvaine</given-names></name><xref ref-type="aff" rid="I4">4</xref><email>sroy@cea.fr</email></contrib><contrib id="A4" corresp="yes" contrib-type="author"><name><surname>Maréchal</surname><given-names>Eric</given-names></name><xref ref-type="aff" rid="I1">1</xref><email>emarechal@cea.fr</email></contrib></contrib-group><aff id="I1"><label>1</label>UMR 5019 CNRS-CEA-INRA-Université Joseph Fourier, Laboratoire de Physiologie Cellulaire Végétale; Département Réponse et Dynamique Cellulaire; CEA Grenoble, 17 rue des Martyrs, F-38054, Grenoble cedex 09, France</aff><aff id="I2"><label>2</label>Gene-IT, 147 avenue Paul Doumer, F-92500 Rueil-Malmaison, France</aff><aff id="I3"><label>3</label>Département d'Ecophysiologie Végétale et de Microbiologie; CEA Cadarache, F-13108 Saint Paul-lez-Durance, France</aff><aff id="I4"><label>4</label>Laboratoire de Biologie, Informatique et Mathématiques; Département Réponse et Dynamique Cellulaire, CEA Grenoble, 17 rue des Martyrs, F-38054, Grenoble cedex 09, France</aff><pub-date pub-type="collection"><year>2005</year></pub-date><pub-date pub-type="epub"><day>10</day><month>3</month><year>2005</year></pub-date><volume>6</volume><fpage>49</fpage><lpage>49</lpage><ext-link ext-link-type="uri" xlink:href="http://www.biomedcentral.com/1471-2105/6/49"/><history><date date-type="received"><day>25</day><month>11</month><year>2004</year></date><date date-type="accepted"><day>10</day><month>3</month><year>2005</year></date></history><copyright-statement>Copyright © 2005 Bastien et al; licensee BioMed Central Ltd.</copyright-statement><license license-type="open-access" xlink:href="http://creativecommons.org/licenses/by/2.0"><p>This is an Open Access article distributed under the terms of the Creative Commons Attribution License (<ext-link ext-link-type="uri" xlink:href="http://creativecommons.org/licenses/by/2.0"/>), which permits unrestricted use, distribution, and reproduction in any medium, provided the original work is properly cited.</p></license><abstract><sec><title>Background</title><p>Popular methods to reconstruct molecular phylogenies are based on multiple sequence alignments, in which addition or removal of data may change the resulting tree topology. We have sought a representation of homologous proteins that would conserve the information of pair-wise sequence alignments, respect probabilistic properties of Z-scores (Monte Carlo methods applied to pair-wise comparisons) and be the basis for a novel method of consistent and stable phylogenetic reconstruction.</p></sec><sec><title>Results</title><p>We have built up a spatial representation of protein sequences using concepts from particle physics (configuration space) and respecting a frame of constraints deduced from pair-wise alignment score properties in information theory. The obtained configuration space of homologous proteins (CSHP) allows the representation of real and shuffled sequences, and thereupon an expression of the TULIP theorem for Z-score probabilities. Based on the CSHP, we propose a phylogeny reconstruction using Z-scores. Deduced trees, called TULIP trees, are consistent with multiple-alignment based trees. Furthermore, the TULIP tree reconstruction method provides a solution for some previously reported incongruent results, such as the apicomplexan enolase phylogeny.</p></sec><sec><title>Conclusion</title><p>The CSHP is a unified model that conserves mutual information between proteins in the way physical models conserve energy. Applications include the reconstruction of evolutionary consistent and robust trees, the topology of which is based on a spatial representation that is not reordered after addition or removal of sequences. The CSHP and its assigned phylogenetic topology, provide a powerful and easily updated representation for massive pair-wise genome comparisons based on Z-score computations.</p></sec></abstract></article-meta></front></article>