<article xmlns="https://dtd.nlm.nih.gov/ns/archiving/2.3/" xmlns:xsi="http://www.w3.org/2001/XMLSchema-instance" xmlns:mml="http://www.w3.org/1998/Math/MathML" xmlns:xlink="http://www.w3.org/1999/xlink" xsi:schemaLocation="https://dtd.nlm.nih.gov/ns/archiving/2.3/ https://dtd.nlm.nih.gov/archiving/2.3/xsd/archivearticle.xsd" article-type="research-article"><front><journal-meta><journal-id journal-id-type="nlm-ta">BMC Bioinformatics</journal-id><journal-title>BMC Bioinformatics</journal-title><issn pub-type="epub">1471-2105</issn><publisher><publisher-name>BioMed Central</publisher-name><publisher-loc>London</publisher-loc></publisher></journal-meta><article-meta><article-id pub-id-type="accession">PMC544345</article-id><article-id pub-id-type="pmcid">PMC544345</article-id><article-id pub-id-type="pmc-uid">544345</article-id><article-id pub-id-type="pmid">15598351</article-id><article-id pub-id-type="publisher-id">1471-2105-5-197</article-id><article-id pub-id-type="pmid">15598351</article-id><article-id pub-id-type="doi">10.1186/1471-2105-5-197</article-id><article-categories><subj-group subj-group-type="heading"><subject>Research Article</subject></subj-group></article-categories><title-group><article-title>SCOPmap: Automated assignment of protein structures to evolutionary superfamilies</article-title></title-group><contrib-group><contrib id="A1" contrib-type="author"><name><surname>Cheek</surname><given-names>Sara</given-names></name><xref ref-type="aff" rid="I2">2</xref><email>sara.cheek@utsouthwestern.edu</email></contrib><contrib id="A2" contrib-type="author"><name><surname>Qi</surname><given-names>Yuan</given-names></name><xref ref-type="aff" rid="I2">2</xref><email>yuan.qi@utsouthwestern.edu</email></contrib><contrib id="A3" contrib-type="author"><name><surname>Krishna</surname><given-names>S Sri</given-names></name><xref ref-type="aff" rid="I2">2</xref><email>krishna@chop.swmed.edu</email></contrib><contrib id="A4" contrib-type="author"><name><surname>Kinch</surname><given-names>Lisa N</given-names></name><xref ref-type="aff" rid="I1">1</xref><email>lkinch@chop.swmed.edu</email></contrib><contrib id="A5" corresp="yes" contrib-type="author"><name><surname>Grishin</surname><given-names>Nick V</given-names></name><xref ref-type="aff" rid="I1">1</xref><xref ref-type="aff" rid="I2">2</xref><email>grishin@chop.swmed.edu</email></contrib></contrib-group><aff id="I1"><label>1</label>Howard Hughes Medical Institute, University of Texas Southwestern Medical Center, 5323 Harry Hines Blvd., Dallas, Texas 75390, USA</aff><aff id="I2"><label>2</label>Department of Biochemistry, University of Texas Southwestern Medical Center, 5323 Harry Hines Blvd., Dallas, Texas 75390, USA</aff><pub-date pub-type="collection"><year>2004</year></pub-date><pub-date pub-type="epub"><day>14</day><month>12</month><year>2004</year></pub-date><volume>5</volume><fpage>197</fpage><lpage>197</lpage><ext-link ext-link-type="uri" xlink:href="http://www.biomedcentral.com/1471-2105/5/197"/><history><date date-type="received"><day>23</day><month>8</month><year>2004</year></date><date date-type="accepted"><day>14</day><month>12</month><year>2004</year></date></history><copyright-statement>Copyright © 2004 Cheek et al; licensee BioMed Central Ltd.</copyright-statement><license license-type="open-access" xlink:href="http://creativecommons.org/licenses/by/2.0"><p>This is an Open Access article distributed under the terms of the Creative Commons Attribution License (<ext-link ext-link-type="uri" xlink:href="http://creativecommons.org/licenses/by/2.0"/>), which permits unrestricted use, distribution, and reproduction in any medium, provided the original work is properly cited.</p></license><abstract><sec><title>Background</title><p>Inference of remote homology between proteins is very challenging and remains a prerogative of an expert. Thus a significant drawback to the use of evolutionary-based protein structure classifications is the difficulty in assigning new proteins to unique positions in the classification scheme with automatic methods. To address this issue, we have developed an algorithm to map protein domains to an existing structural classification scheme and have applied it to the SCOP database.</p></sec><sec><title>Results</title><p>The general strategy employed by this algorithm is to combine the results of several existing sequence and structure comparison tools applied to a query protein of known structure in order to find the homologs already classified in SCOP database and thus determine classification assignments. The algorithm is able to map domains within newly solved structures to the appropriate SCOP superfamily level with ~95% accuracy. Examples of correctly mapped remote homologs are discussed. The algorithm is also capable of identifying potential evolutionary relationships not specified in the SCOP database, thus helping to make it better. The strategy of the mapping algorithm is not limited to SCOP and can be applied to any other evolutionary-based classification scheme as well. SCOPmap is available for download.</p></sec><sec><title>Conclusion</title><p>The SCOPmap program is useful for assigning domains in newly solved structures to appropriate superfamilies and for identifying evolutionary links between different superfamilies.</p></sec></abstract></article-meta></front></article>