<article xmlns="https://dtd.nlm.nih.gov/ns/archiving/2.3/" xmlns:xsi="http://www.w3.org/2001/XMLSchema-instance" xmlns:mml="http://www.w3.org/1998/Math/MathML" xmlns:xlink="http://www.w3.org/1999/xlink" xsi:schemaLocation="https://dtd.nlm.nih.gov/ns/archiving/2.3/ https://dtd.nlm.nih.gov/archiving/2.3/xsd/archivearticle.xsd" article-type="product-review"><front><journal-meta><journal-id journal-id-type="nlm-ta">BMC Bioinformatics</journal-id><journal-title>BMC Bioinformatics</journal-title><issn pub-type="epub">1471-2105</issn><publisher><publisher-name>BioMed Central</publisher-name><publisher-loc>London</publisher-loc></publisher></journal-meta><article-meta><article-id pub-id-type="accession">PMC533865</article-id><article-id pub-id-type="pmcid">PMC533865</article-id><article-id pub-id-type="pmc-uid">533865</article-id><article-id pub-id-type="pmid">15511298</article-id><article-id pub-id-type="publisher-id">1471-2105-5-168</article-id><article-id pub-id-type="pmid">15511298</article-id><article-id pub-id-type="doi">10.1186/1471-2105-5-168</article-id><article-categories><subj-group subj-group-type="heading"><subject>Software</subject></subj-group></article-categories><title-group><article-title>d-matrix – database exploration, visualization and analysis</article-title></title-group><contrib-group><contrib id="A1" contrib-type="author"><name><surname>Seelow</surname><given-names>Dominik</given-names></name><xref ref-type="aff" rid="I1">1</xref><email>dominik.seelow@web.de</email></contrib><contrib id="A2" contrib-type="author"><name><surname>Galli</surname><given-names>Raffaello</given-names></name><xref ref-type="aff" rid="I1">1</xref><email>galli@molgen.mpg.de</email></contrib><contrib id="A3" contrib-type="author"><name><surname>Mebus</surname><given-names>Siegrun</given-names></name><xref ref-type="aff" rid="I2">2</xref><email>mebus@dhzb.de</email></contrib><contrib id="A4" contrib-type="author"><name><surname>Sperling</surname><given-names>Hans-Peter</given-names></name><xref ref-type="aff" rid="I1">1</xref><xref ref-type="aff" rid="I2">2</xref><email>sperling@dhzb.de</email></contrib><contrib id="A5" contrib-type="author"><name><surname>Lehrach</surname><given-names>Hans</given-names></name><xref ref-type="aff" rid="I1">1</xref><email>lehrach@molgen.mpg.de</email></contrib><contrib id="A6" corresp="yes" contrib-type="author"><name><surname>Sperling</surname><given-names>Silke</given-names></name><xref ref-type="aff" rid="I1">1</xref><email>sperling@molgen.mpg.de</email></contrib></contrib-group><aff id="I1"><label>1</label>Vertebrate Genomics, Max-Planck-Institute for Molecular Genetics, Ihnestr. 73, 14195 Berlin, Germany</aff><aff id="I2"><label>2</label>Pediatric Cardiology, German Heart Center, Augustenburger Platz 1, 13353 Berlin, Germany</aff><pub-date pub-type="collection"><year>2004</year></pub-date><pub-date pub-type="epub"><day>28</day><month>10</month><year>2004</year></pub-date><volume>5</volume><fpage>168</fpage><lpage>168</lpage><ext-link ext-link-type="uri" xlink:href="http://www.biomedcentral.com/1471-2105/5/168"/><history><date date-type="received"><day>23</day><month>8</month><year>2004</year></date><date date-type="accepted"><day>28</day><month>10</month><year>2004</year></date></history><copyright-statement>Copyright © 2004 Seelow et al; licensee BioMed Central Ltd.</copyright-statement><license license-type="open-access" xlink:href="http://creativecommons.org/licenses/by/2.0"><p>This is an Open Access article distributed under the terms of the Creative Commons Attribution License (<ext-link ext-link-type="uri" xlink:href="http://creativecommons.org/licenses/by/2.0"/>), which permits unrestricted use, distribution, and reproduction in any medium, provided the original work is properly cited.</p></license><abstract><sec><title>Background</title><p>Motivated by a biomedical database set up by our group, we aimed to develop a generic database front-end with embedded knowledge discovery and analysis features. A major focus was the human-oriented representation of the data and the enabling of a closed circle of data query, exploration, visualization and analysis.</p></sec><sec><title>Results</title><p>We introduce a non-task-specific database front-end with a new visualization strategy and built-in analysis features, so called d-matrix. d-matrix is web-based and compatible with a broad range of database management systems. The graphical outcome consists of boxes whose colors show the quality of the underlying information and, as the name suggests, they are arranged in matrices. The granularity of the data display allows consequent drill-down. Furthermore, d-matrix offers context-sensitive categorization, hierarchical sorting and statistical analysis.</p></sec><sec><title>Conclusions</title><p>d-matrix enables data mining, with a high level of interactivity between humans and computer as a primary factor. We believe that the presented strategy can be very effective in general and especially useful for the integration of distinct data types such as phenotypical and molecular data.</p></sec></abstract></article-meta></front></article>