<article xmlns="https://dtd.nlm.nih.gov/ns/archiving/2.3/" xmlns:xsi="http://www.w3.org/2001/XMLSchema-instance" xmlns:mml="http://www.w3.org/1998/Math/MathML" xmlns:xlink="http://www.w3.org/1999/xlink" xsi:schemaLocation="https://dtd.nlm.nih.gov/ns/archiving/2.3/ https://dtd.nlm.nih.gov/archiving/2.3/xsd/archivearticle.xsd" article-type="research-article"><front><journal-meta><journal-id journal-id-type="nlm-ta">BMC Bioinformatics</journal-id><journal-title>BMC Bioinformatics</journal-title><issn pub-type="epub">1471-2105</issn><publisher><publisher-name>BioMed Central</publisher-name><publisher-loc>London</publisher-loc></publisher></journal-meta><article-meta><article-id pub-id-type="accession">PMC522806</article-id><article-id pub-id-type="pmcid">PMC522806</article-id><article-id pub-id-type="pmc-uid">522806</article-id><article-id pub-id-type="pmid">15450124</article-id><article-id pub-id-type="publisher-id">1471-2105-5-136</article-id><article-id pub-id-type="pmid">15450124</article-id><article-id pub-id-type="doi">10.1186/1471-2105-5-136</article-id><article-categories><subj-group subj-group-type="heading"><subject>Research Article</subject></subj-group></article-categories><title-group><article-title>A combinational feature selection and ensemble neural network method for classification of gene expression data</article-title></title-group><contrib-group><contrib id="A1" contrib-type="author"><name><surname>Liu</surname><given-names>Bing</given-names></name><xref ref-type="aff" rid="I1">1</xref><email>bliu@nlpr.ia.ac.cn</email></contrib><contrib id="A2" contrib-type="author"><name><surname>Cui</surname><given-names>Qinghua</given-names></name><xref ref-type="aff" rid="I1">1</xref><email>qhcui@nlpr.ia.ac.cn</email></contrib><contrib id="A3" corresp="yes" contrib-type="author"><name><surname>Jiang</surname><given-names>Tianzi</given-names></name><xref ref-type="aff" rid="I1">1</xref><email>jiangtz@nlpr.ia.ac.cn</email></contrib><contrib id="A4" contrib-type="author"><name><surname>Ma</surname><given-names>Songde</given-names></name><xref ref-type="aff" rid="I1">1</xref><email>masd@nlpr.ia.ac.cn</email></contrib></contrib-group><aff id="I1"><label>1</label>National Laboratory of Pattern Recognition, Institute of Automation, Chinese Academy of Sciences, Beijing 100080, P. R. China</aff><pub-date pub-type="collection"><year>2004</year></pub-date><pub-date pub-type="epub"><day>27</day><month>9</month><year>2004</year></pub-date><volume>5</volume><fpage>136</fpage><lpage>136</lpage><ext-link ext-link-type="uri" xlink:href="http://www.biomedcentral.com/1471-2105/5/136"/><history><date date-type="received"><day>5</day><month>4</month><year>2004</year></date><date date-type="accepted"><day>27</day><month>9</month><year>2004</year></date></history><copyright-statement>Copyright © 2004 Liu et al; licensee BioMed Central Ltd.</copyright-statement><license license-type="open-access" xlink:href="http://creativecommons.org/licenses/by/2.0"><p>This is an open-access article distributed under the terms of the Creative Commons Attribution License (<ext-link ext-link-type="uri" xlink:href="http://creativecommons.org/licenses/by/2.0"/>), which permits unrestricted use, distribution, and reproduction in any medium, provided the original work is properly cited.</p></license><abstract><sec><title>Background</title><p>Microarray experiments are becoming a powerful tool for clinical diagnosis, as they have the potential to discover gene expression patterns that are characteristic for a particular disease. To date, this problem has received most attention in the context of cancer research, especially in tumor classification. Various feature selection methods and classifier design strategies also have been generally used and compared. However, most published articles on tumor classification have applied a certain technique to a certain dataset, and recently several researchers compared these techniques based on several public datasets. But, it has been verified that differently selected features reflect different aspects of the dataset and some selected features can obtain better solutions on some certain problems. At the same time, faced with a large amount of microarray data with little knowledge, it is difficult to find the intrinsic characteristics using traditional methods. In this paper, we attempt to introduce a combinational feature selection method in conjunction with ensemble neural networks to generally improve the accuracy and robustness of sample classification.</p></sec><sec><title>Results</title><p>We validate our new method on several recent publicly available datasets both with predictive accuracy of testing samples and through cross validation. Compared with the best performance of other current methods, remarkably improved results can be obtained using our new strategy on a wide range of different datasets.</p></sec><sec><title>Conclusions</title><p>Thus, we conclude that our methods can obtain more information in microarray data to get more accurate classification and also can help to extract the latent marker genes of the diseases for better diagnosis and treatment.</p></sec></abstract></article-meta></front></article>