<article xmlns="https://dtd.nlm.nih.gov/ns/archiving/2.3/" xmlns:xsi="http://www.w3.org/2001/XMLSchema-instance" xmlns:mml="http://www.w3.org/1998/Math/MathML" xmlns:xlink="http://www.w3.org/1999/xlink" xsi:schemaLocation="https://dtd.nlm.nih.gov/ns/archiving/2.3/ https://dtd.nlm.nih.gov/archiving/2.3/xsd/archivearticle.xsd" article-type="research-article"><front><journal-meta><journal-id journal-id-type="nlm-ta">BMC Bioinformatics</journal-id><journal-title>BMC Bioinformatics</journal-title><issn pub-type="epub">1471-2105</issn><publisher><publisher-name>BioMed Central</publisher-name><publisher-loc>London</publisher-loc></publisher></journal-meta><article-meta><article-id pub-id-type="accession">PMC545951</article-id><article-id pub-id-type="pmcid">PMC545951</article-id><article-id pub-id-type="pmc-uid">545951</article-id><article-id pub-id-type="pmid">15644130</article-id><article-id pub-id-type="publisher-id">1471-2105-6-6</article-id><article-id pub-id-type="pmid">15644130</article-id><article-id pub-id-type="doi">10.1186/1471-2105-6-6</article-id><article-categories><subj-group subj-group-type="heading"><subject>Research Article</subject></subj-group></article-categories><title-group><article-title>Cyclic nucleotide binding proteins in the <italic>Arabidopsis thaliana </italic>and <italic>Oryza sativa </italic>genomes</article-title></title-group><contrib-group><contrib id="A1" contrib-type="author"><name><surname>Bridges</surname><given-names>Dave</given-names></name><xref ref-type="aff" rid="I1">1</xref><email>debridge@ucalgary.ca</email></contrib><contrib id="A2" contrib-type="author"><name><surname>Fraser</surname><given-names>Marie E</given-names></name><xref ref-type="aff" rid="I1">1</xref><email>frasm@ucalgary.ca</email></contrib><contrib id="A3" corresp="yes" contrib-type="author"><name><surname>Moorhead</surname><given-names>Greg BG</given-names></name><xref ref-type="aff" rid="I1">1</xref><email>moorhead@ucalgary.ca</email></contrib></contrib-group><aff id="I1"><label>1</label>Department of Biological Sciences, University of Calgary, 2500 University Dr. N.W. Calgary, AB, T2N 1N4 Canada</aff><pub-date pub-type="collection"><year>2005</year></pub-date><pub-date pub-type="epub"><day>11</day><month>1</month><year>2005</year></pub-date><volume>6</volume><fpage>6</fpage><lpage>6</lpage><ext-link ext-link-type="uri" xlink:href="http://www.biomedcentral.com/1471-2105/6/6"/><history><date date-type="received"><day>19</day><month>5</month><year>2004</year></date><date date-type="accepted"><day>11</day><month>1</month><year>2005</year></date></history><copyright-statement>Copyright © 2005 Bridges et al; licensee BioMed Central Ltd.</copyright-statement><license license-type="open-access" xlink:href="http://creativecommons.org/licenses/by/2.0"><p>This is an Open Access article distributed under the terms of the Creative Commons Attribution License (<ext-link ext-link-type="uri" xlink:href="http://creativecommons.org/licenses/by/2.0"/>), which permits unrestricted use, distribution, and reproduction in any medium, provided the original work is properly cited.</p></license><abstract><sec><title>Background</title><p>Cyclic nucleotides are ubiquitous intracellular messengers. Until recently, the roles of cyclic nucleotides in plant cells have proven difficult to uncover. With an understanding of the protein domains which can bind cyclic nucleotides (CNB and GAF domains) we scanned the completed genomes of the higher plants <italic>Arabidopsis thaliana </italic>(mustard weed) and <italic>Oryza sativa </italic>(rice) for the effectors of these signalling molecules.</p></sec><sec><title>Results</title><p>Our analysis found that several ion channels and a class of thioesterases constitute the possible cyclic nucleotide binding proteins in plants. Contrary to some reports, we found no biochemical or bioinformatic evidence for a plant cyclic nucleotide regulated protein kinase, suggesting that cyclic nucleotide functions in plants have evolved differently than in mammals.</p></sec><sec><title>Conclusion</title><p>This paper provides a molecular framework for the discussion of cyclic nucleotide function in plants, and resolves a longstanding debate about the presence of a cyclic nucleotide dependent kinase in plants.</p></sec></abstract></article-meta></front></article>