<article xmlns="https://dtd.nlm.nih.gov/ns/archiving/2.3/" xmlns:xsi="http://www.w3.org/2001/XMLSchema-instance" xmlns:mml="http://www.w3.org/1998/Math/MathML" xmlns:xlink="http://www.w3.org/1999/xlink" xsi:schemaLocation="https://dtd.nlm.nih.gov/ns/archiving/2.3/ https://dtd.nlm.nih.gov/archiving/2.3/xsd/archivearticle.xsd" article-type="research-article"><front><journal-meta><journal-id journal-id-type="nlm-ta">BMC Bioinformatics</journal-id><journal-title>BMC Bioinformatics</journal-title><issn pub-type="epub">1471-2105</issn><publisher><publisher-name>BioMed Central</publisher-name><publisher-loc>London</publisher-loc></publisher></journal-meta><article-meta><article-id pub-id-type="accession">PMC528735</article-id><article-id pub-id-type="pmcid">PMC528735</article-id><article-id pub-id-type="pmc-uid">528735</article-id><article-id pub-id-type="pmid">15504240</article-id><article-id pub-id-type="publisher-id">1471-2105-5-160</article-id><article-id pub-id-type="pmid">15504240</article-id><article-id pub-id-type="doi">10.1186/1471-2105-5-160</article-id><article-categories><subj-group subj-group-type="heading"><subject>Methodology Article</subject></subj-group></article-categories><title-group><article-title>Reuse of imputed data in microarray analysis increases imputation efficiency</article-title></title-group><contrib-group><contrib id="A1" contrib-type="author"><name><surname>Kim</surname><given-names>Ki-Yeol</given-names></name><xref ref-type="aff" rid="I1">1</xref><email>kky1004@icu.ac.kr</email></contrib><contrib id="A2" contrib-type="author"><name><surname>Kim</surname><given-names>Byoung-Jin</given-names></name><xref ref-type="aff" rid="I1">1</xref><email>bjkim@icu.ac.kr</email></contrib><contrib id="A3" corresp="yes" contrib-type="author"><name><surname>Yi</surname><given-names>Gwan-Su</given-names></name><xref ref-type="aff" rid="I1">1</xref><email>gsyi@icu.ac.kr</email></contrib></contrib-group><aff id="I1"><label>1</label>School of engineering, Information and Communications University, 103-6 Munji-dong, Yusung-gu, Daejon 305-714, South Korea</aff><pub-date pub-type="collection"><year>2004</year></pub-date><pub-date pub-type="epub"><day>26</day><month>10</month><year>2004</year></pub-date><volume>5</volume><fpage>160</fpage><lpage>160</lpage><ext-link ext-link-type="uri" xlink:href="http://www.biomedcentral.com/1471-2105/5/160"/><history><date date-type="received"><day>19</day><month>5</month><year>2004</year></date><date date-type="accepted"><day>26</day><month>10</month><year>2004</year></date></history><copyright-statement>Copyright © 2004 Kim et al; licensee BioMed Central Ltd.</copyright-statement><license license-type="open-access" xlink:href="http://creativecommons.org/licenses/by/2.0"><p>This is an open-access article distributed under the terms of the Creative Commons Attribution License (<ext-link ext-link-type="uri" xlink:href="http://creativecommons.org/licenses/by/2.0"/>), which permits unrestricted use, distribution, and reproduction in any medium, provided the original work is properly cited.</p></license><abstract><sec><title>Background</title><p>The imputation of missing values is necessary for the efficient use of DNA microarray data, because many clustering algorithms and some statistical analysis require a complete data set. A few imputation methods for DNA microarray data have been introduced, but the efficiency of the methods was low and the validity of imputed values in these methods had not been fully checked.</p></sec><sec><title>Results</title><p>We developed a new cluster-based imputation method called sequential K-nearest neighbor (SKNN) method. This imputes the missing values sequentially from the gene having least missing values, and uses the imputed values for the later imputation. Although it uses the imputed values, the efficiency of this new method is greatly improved in its accuracy and computational complexity over the conventional KNN-based method and other methods based on maximum likelihood estimation. The performance of SKNN was in particular higher than other imputation methods for the data with high missing rates and large number of experiments.</p><p>Application of Expectation Maximization (EM) to the SKNN method improved the accuracy, but increased computational time proportional to the number of iterations. The Multiple Imputation (MI) method, which is well known but not applied previously to microarray data, showed a similarly high accuracy as the SKNN method, with slightly higher dependency on the types of data sets.</p></sec><sec><title>Conclusions</title><p>Sequential reuse of imputed data in KNN-based imputation greatly increases the efficiency of imputation. The SKNN method should be practically useful to save the data of some microarray experiments which have high amounts of missing entries. The SKNN method generates reliable imputed values which can be used for further cluster-based analysis of microarray data.</p></sec></abstract></article-meta></front></article>