<article xmlns="https://dtd.nlm.nih.gov/ns/archiving/2.3/" xmlns:xsi="http://www.w3.org/2001/XMLSchema-instance" xmlns:mml="http://www.w3.org/1998/Math/MathML" xmlns:xlink="http://www.w3.org/1999/xlink" xsi:schemaLocation="https://dtd.nlm.nih.gov/ns/archiving/2.3/ https://dtd.nlm.nih.gov/archiving/2.3/xsd/archivearticle.xsd" article-type="research-article"><front><journal-meta><journal-id journal-id-type="nlm-ta">BMC Bioinformatics</journal-id><journal-title>BMC Bioinformatics</journal-title><issn pub-type="epub">1471-2105</issn><publisher><publisher-name>BioMed Central</publisher-name><publisher-loc>London</publisher-loc></publisher></journal-meta><article-meta><article-id pub-id-type="accession">PMC539352</article-id><article-id pub-id-type="pmcid">PMC539352</article-id><article-id pub-id-type="pmc-uid">539352</article-id><article-id pub-id-type="pmid">15571634</article-id><article-id pub-id-type="publisher-id">1471-2105-5-186</article-id><article-id pub-id-type="pmid">15571634</article-id><article-id pub-id-type="doi">10.1186/1471-2105-5-186</article-id><article-categories><subj-group subj-group-type="heading"><subject>Research Article</subject></subj-group></article-categories><title-group><article-title>Constraint Logic Programming approach to protein structure prediction</article-title></title-group><contrib-group><contrib id="A1" contrib-type="author"><name><surname>Dal Palù</surname><given-names>Alessandro</given-names></name><xref ref-type="aff" rid="I1">1</xref><email>dalpalu@dimi.uniud.it</email></contrib><contrib id="A2" corresp="yes" contrib-type="author"><name><surname>Dovier</surname><given-names>Agostino</given-names></name><xref ref-type="aff" rid="I1">1</xref><email>dovier@dimi.uniud.it</email></contrib><contrib id="A3" contrib-type="author"><name><surname>Fogolari</surname><given-names>Federico</given-names></name><xref ref-type="aff" rid="I2">2</xref><email>ffogolari@mail.dstb.uniud.it</email></contrib></contrib-group><aff id="I1"><label>1</label>Dipartimento di Matematica e Informatica, Università di Udine. Via delle Scienze 206, 33100 Udine, Italy</aff><aff id="I2"><label>2</label>Dipartimento di Scienze e Tecnologie Biomediche, Università di Udine, P.le Kolbe 4, 33100 Udine, Italy</aff><pub-date pub-type="collection"><year>2004</year></pub-date><pub-date pub-type="epub"><day>30</day><month>11</month><year>2004</year></pub-date><volume>5</volume><fpage>186</fpage><lpage>186</lpage><ext-link ext-link-type="uri" xlink:href="http://www.biomedcentral.com/1471-2105/5/186"/><history><date date-type="received"><day>9</day><month>7</month><year>2004</year></date><date date-type="accepted"><day>30</day><month>11</month><year>2004</year></date></history><copyright-statement>Copyright © 2004 Dal Palù et al; licensee BioMed Central Ltd.</copyright-statement><license license-type="open-access" xlink:href="http://creativecommons.org/licenses/by/2.0"><p>This is an Open Access article distributed under the terms of the Creative Commons Attribution License (<ext-link ext-link-type="uri" xlink:href="http://creativecommons.org/licenses/by/2.0"/>), which permits unrestricted use, distribution, and reproduction in any medium, provided the original work is properly cited.</p></license><abstract><sec><title>Background</title><p>The protein structure prediction problem is one of the most challenging problems in biological sciences. Many approaches have been proposed using database information and/or simplified protein models. The protein structure prediction problem can be cast in the form of an optimization problem. Notwithstanding its importance, the problem has very seldom been tackled by Constraint Logic Programming, a declarative programming paradigm suitable for solving combinatorial optimization problems.</p></sec><sec><title>Results</title><p>Constraint Logic Programming techniques have been applied to the protein structure prediction problem on the face-centered cube lattice model. Molecular dynamics techniques, endowed with the notion of constraint, have been also exploited. Even using a very simplified model, Constraint Logic Programming on the face-centered cube lattice model allowed us to obtain acceptable results for a few small proteins. As a test implementation their (known) secondary structure and the presence of disulfide bridges are used as constraints. Simplified structures obtained in this way have been converted to all atom models with plausible structure. Results have been compared with a similar approach using a well-established technique as molecular dynamics.</p></sec><sec><title>Conclusions</title><p>The results obtained on small proteins show that Constraint Logic Programming techniques can be employed for studying protein simplified models, which can be converted into realistic all atom models. The advantage of Constraint Logic Programming over other, much more explored, methodologies, resides in the rapid software prototyping, in the easy way of encoding heuristics, and in exploiting all the advances made in this research area, e.g. in constraint propagation and its use for pruning the huge search space.</p></sec></abstract></article-meta></front></article>