<article xmlns="https://dtd.nlm.nih.gov/ns/archiving/2.3/" xmlns:xsi="http://www.w3.org/2001/XMLSchema-instance" xmlns:mml="http://www.w3.org/1998/Math/MathML" xmlns:xlink="http://www.w3.org/1999/xlink" xsi:schemaLocation="https://dtd.nlm.nih.gov/ns/archiving/2.3/ https://dtd.nlm.nih.gov/archiving/2.3/xsd/archivearticle.xsd" article-type="research-article"><front><journal-meta><journal-id journal-id-type="nlm-ta">BMC Bioinformatics</journal-id><journal-title>BMC Bioinformatics</journal-title><issn pub-type="epub">1471-2105</issn><publisher><publisher-name>BioMed Central</publisher-name><publisher-loc>London</publisher-loc></publisher></journal-meta><article-meta><article-id pub-id-type="accession">PMC517927</article-id><article-id pub-id-type="pmcid">PMC517927</article-id><article-id pub-id-type="pmc-uid">517927</article-id><article-id pub-id-type="pmid">15357880</article-id><article-id pub-id-type="publisher-id">1471-2105-5-127</article-id><article-id pub-id-type="pmid">15357880</article-id><article-id pub-id-type="doi">10.1186/1471-2105-5-127</article-id><article-categories><subj-group subj-group-type="heading"><subject>Methodology Article</subject></subj-group></article-categories><title-group><article-title>Functionally specified protein signatures distinctive for each of the different blue copper proteins</article-title></title-group><contrib-group><contrib id="A1" contrib-type="author"><name><surname>Giri</surname><given-names>Anuradha Vivekanandan</given-names></name><xref ref-type="aff" rid="I1">1</xref><email>anuvivek15@yahoo.com</email></contrib><contrib id="A2" contrib-type="author"><name><surname>Anishetty</surname><given-names>Sharmila</given-names></name><xref ref-type="aff" rid="I1">1</xref><email>s_anishetty@yahoo.co.uk</email></contrib><contrib id="A3" corresp="yes" contrib-type="author"><name><surname>Gautam</surname><given-names>Pennathur</given-names></name><xref ref-type="aff" rid="I1">1</xref><xref ref-type="aff" rid="I2">2</xref><email>pgautam@annauniv.edu</email></contrib></contrib-group><aff id="I1"><label>1</label>Centre for Biotechnology, Anna University, Chennai 600 025, India</aff><aff id="I2"><label>2</label>AU-KBC Research Centre, Anna University, Chennai 600 044, India</aff><pub-date pub-type="collection"><year>2004</year></pub-date><pub-date pub-type="epub"><day>9</day><month>9</month><year>2004</year></pub-date><volume>5</volume><fpage>127</fpage><lpage>127</lpage><ext-link ext-link-type="uri" xlink:href="http://www.biomedcentral.com/1471-2105/5/127"/><history><date date-type="received"><day>30</day><month>4</month><year>2004</year></date><date date-type="accepted"><day>9</day><month>9</month><year>2004</year></date></history><copyright-statement>Copyright © 2004 Giri et al; licensee BioMed Central Ltd.</copyright-statement><license license-type="open-access" xlink:href="http://creativecommons.org/licenses/by/2.0"><p>This is an open-access article distributed under the terms of the Creative Commons Attribution License (<ext-link ext-link-type="uri" xlink:href="http://creativecommons.org/licenses/by/2.0"/>), which permits unrestricted use, distribution, and reproduction in any medium, provided the original work is properly cited.</p></license><abstract><sec><title>Background</title><p>Proteins having similar functions from different sources can be identified by the occurrence in their sequences, a conserved cluster of amino acids referred to as pattern, motif, signature or fingerprint. The wide usage of protein sequence analysis in par with the growth of databases signifies the importance of using patterns or signatures to retrieve out related sequences. Blue copper proteins are found in the electron transport chain of prokaryotes and eukaryotes. The signatures already existing in the databases like the type 1 copper blue, multiple copper oxidase, cyt b/b6, photosystem 1 psaA&amp;B, psaG&amp;K, and reiske iron sulphur protein are not specified signatures for blue copper proteins as the name itself suggests. Most profile and motif databases strive to classify protein sequences into a broad spectrum of protein families. This work describes the signatures designed based on the copper metal binding motifs in blue copper proteins. The common feature in all blue copper proteins is a trigonal planar arrangement of two nitrogen ligands [each from histidine] and one sulphur containing thiolate ligand [from cysteine], with strong interactions between the copper center and these ligands.</p></sec><sec><title>Results</title><p>Sequences that share such conserved motifs are crucial to the structure or function of the protein and this could provide a signature of family membership. The blue copper proteins chosen for the study were plantacyanin, plastocyanin, cucumber basic protein, stellacyanin, dicyanin, umecyanin, uclacyanin, cusacyanin, rusticyanin, sulfocyanin, halocyanin, azurin, pseudoazurin, amicyanin and nitrite reductase which were identified in both eukaryotes and prokaryotes. ClustalW analysis of the protein sequences of each of the blue copper proteins was the basis for designing protein signatures or peptides. The protein signatures and peptides identified in this study were designed involving the active site region involving the amino acids bound to the copper atom. It was highly specific for each kind of blue copper protein and the false picks were minimized. The set of signatures designed specifically for the BCP's was entirely different from the existing broad spectrum signatures as mentioned in the background section.</p></sec><sec><title>Conclusions</title><p>These signatures can be very useful for the annotation of uncharacterized proteins and highly specific to retrieve blue copper protein sequences of interest from the non redundant databases containing a large deposition of protein sequences.</p></sec></abstract><kwd-group><kwd>Blue copper proteins (BCP)</kwd><kwd>ClustalW</kwd><kwd>Protein signatures</kwd><kwd>Peptide</kwd></kwd-group></article-meta></front></article>