<article xmlns="https://dtd.nlm.nih.gov/ns/archiving/2.3/" xmlns:xsi="http://www.w3.org/2001/XMLSchema-instance" xmlns:mml="http://www.w3.org/1998/Math/MathML" xmlns:xlink="http://www.w3.org/1999/xlink" xsi:schemaLocation="https://dtd.nlm.nih.gov/ns/archiving/2.3/ https://dtd.nlm.nih.gov/archiving/2.3/xsd/archivearticle.xsd" article-type="research-article"><front><journal-meta><journal-id journal-id-type="nlm-ta">BMC Bioinformatics</journal-id><journal-title>BMC Bioinformatics</journal-title><issn pub-type="epub">1471-2105</issn><publisher><publisher-name>BioMed Central</publisher-name><publisher-loc>London</publisher-loc></publisher></journal-meta><article-meta><article-id pub-id-type="accession">PMC539276</article-id><article-id pub-id-type="pmcid">PMC539276</article-id><article-id pub-id-type="pmc-uid">539276</article-id><article-id pub-id-type="pmid">15588297</article-id><article-id pub-id-type="publisher-id">1471-2105-5-194</article-id><article-id pub-id-type="pmid">15588297</article-id><article-id pub-id-type="doi">10.1186/1471-2105-5-194</article-id><article-categories><subj-group subj-group-type="heading"><subject>Methodology Article</subject></subj-group></article-categories><title-group><article-title>Optimized LOWESS normalization parameter selection for DNA microarray data</article-title></title-group><contrib-group><contrib id="A1" corresp="yes" contrib-type="author"><name><surname>Berger</surname><given-names>John A</given-names></name><xref ref-type="aff" rid="I1">1</xref><email>berger@ece.ucsb.edu</email></contrib><contrib id="A2" contrib-type="author"><name><surname>Hautaniemi</surname><given-names>Sampsa</given-names></name><xref ref-type="aff" rid="I2">2</xref><email>sampsa.hautaniemi@tut.fi</email></contrib><contrib id="A3" contrib-type="author"><name><surname>Järvinen</surname><given-names>Anna-Kaarina</given-names></name><xref ref-type="aff" rid="I3">3</xref><email>ankjarvi@cc.helsinki.fi</email></contrib><contrib id="A4" contrib-type="author"><name><surname>Edgren</surname><given-names>Henrik</given-names></name><xref ref-type="aff" rid="I3">3</xref><xref ref-type="aff" rid="I4">4</xref><email>edgren@cc.helsinki.fi</email></contrib><contrib id="A5" contrib-type="author"><name><surname>Mitra</surname><given-names>Sanjit K</given-names></name><xref ref-type="aff" rid="I1">1</xref><email>mitra@ece.ucsb.edu</email></contrib><contrib id="A6" contrib-type="author"><name><surname>Astola</surname><given-names>Jaakko</given-names></name><xref ref-type="aff" rid="I2">2</xref><email>jaakko.astola@tut.fi</email></contrib></contrib-group><aff id="I1"><label>1</label>Department of Electrical and Computer Engineering, University of California, Santa Barbara, CA 93106-9560, USA</aff><aff id="I2"><label>2</label>Institute of Signal Processing, Tampere University of Technology, P.O. Box 553, 33101 Tampere, Finland</aff><aff id="I3"><label>3</label>Biomedicum Biochip Center, University of Helsinki, P.O. Box 63, 00014 Helsinki, Finland</aff><aff id="I4"><label>4</label>Medical Biotechnology Group, VTT Technical Research Center of Finland and University of Turku, P.O. Box 106, 20521 Turku, Finland</aff><pub-date pub-type="collection"><year>2004</year></pub-date><pub-date pub-type="epub"><day>9</day><month>12</month><year>2004</year></pub-date><volume>5</volume><fpage>194</fpage><lpage>194</lpage><ext-link ext-link-type="uri" xlink:href="http://www.biomedcentral.com/1471-2105/5/194"/><history><date date-type="received"><day>6</day><month>6</month><year>2004</year></date><date date-type="accepted"><day>9</day><month>12</month><year>2004</year></date></history><copyright-statement>Copyright © 2004 Berger et al; licensee BioMed Central Ltd.</copyright-statement><license license-type="open-access" xlink:href="http://creativecommons.org/licenses/by/2.0"><p>This is an Open Access article distributed under the terms of the Creative Commons Attribution License (<ext-link ext-link-type="uri" xlink:href="http://creativecommons.org/licenses/by/2.0"/>), which permits unrestricted use, distribution, and reproduction in any medium, provided the original work is properly cited.</p></license><abstract><sec><title>Background</title><p>Microarray data normalization is an important step for obtaining data that are reliable and usable for subsequent analysis. One of the most commonly utilized normalization techniques is the locally weighted scatterplot smoothing (LOWESS) algorithm. However, a much overlooked concern with the LOWESS normalization strategy deals with choosing the appropriate parameters. Parameters are usually chosen arbitrarily, which may reduce the efficiency of the normalization and result in non-optimally normalized data. Thus, there is a need to explore LOWESS parameter selection in greater detail.</p></sec><sec><title>Results and discussion</title><p>In this work, we discuss how to choose parameters for the LOWESS method. Moreover, we present an optimization approach for obtaining the fraction of data points utilized in the local regression and analyze results for local print-tip normalization. The optimization procedure determines the bandwidth parameter for the local regression by minimizing a cost function that represents the mean-squared difference between the LOWESS estimates and the normalization reference level. We demonstrate the utility of the systematic parameter selection using two publicly available data sets. The first data set consists of three self versus self hybridizations, which allow for a quantitative study of the optimization method. The second data set contains a collection of DNA microarray data from a breast cancer study utilizing four breast cancer cell lines. Our results show that different parameter choices for the bandwidth window yield dramatically different calibration results in both studies.</p></sec><sec><title>Conclusions</title><p>Results derived from the self versus self experiment indicate that the proposed optimization approach is a plausible solution for estimating the LOWESS parameters, while results from the breast cancer experiment show that the optimization procedure is readily applicable to real-life microarray data normalization. In summary, the systematic approach to obtain critical parameters in the LOWESS technique is likely to produce data that optimally meets assumptions made in the data preprocessing step and thereby makes studies utilizing the LOWESS method unambiguous and easier to repeat.</p></sec></abstract></article-meta></front></article>