<article xmlns="https://dtd.nlm.nih.gov/ns/archiving/2.3/" xmlns:xsi="http://www.w3.org/2001/XMLSchema-instance" xmlns:mml="http://www.w3.org/1998/Math/MathML" xmlns:xlink="http://www.w3.org/1999/xlink" xsi:schemaLocation="https://dtd.nlm.nih.gov/ns/archiving/2.3/ https://dtd.nlm.nih.gov/archiving/2.3/xsd/archivearticle.xsd" article-type="research-article"><front><journal-meta><journal-id journal-id-type="nlm-ta">BMC Bioinformatics</journal-id><journal-title>BMC Bioinformatics</journal-title><issn pub-type="epub">1471-2105</issn><publisher><publisher-name>BioMed Central</publisher-name><publisher-loc>London</publisher-loc></publisher></journal-meta><article-meta><article-id pub-id-type="accession">PMC535557</article-id><article-id pub-id-type="pmcid">PMC535557</article-id><article-id pub-id-type="pmc-uid">535557</article-id><article-id pub-id-type="pmid">15550177</article-id><article-id pub-id-type="publisher-id">1471-2105-5-179</article-id><article-id pub-id-type="pmid">15550177</article-id><article-id pub-id-type="doi">10.1186/1471-2105-5-179</article-id><article-categories><subj-group subj-group-type="heading"><subject>Methodology Article</subject></subj-group></article-categories><title-group><article-title>CLOE: Identification of putative functional relationships among genes by comparison of expression profiles between two species</article-title></title-group><contrib-group><contrib id="A1" contrib-type="author"><name><surname>Pellegrino</surname><given-names>Maurizio</given-names></name><xref ref-type="aff" rid="I1">1</xref><email>pellegrino@lycos.com</email></contrib><contrib id="A2" contrib-type="author"><name><surname>Provero</surname><given-names>Paolo</given-names></name><xref ref-type="aff" rid="I2">2</xref><email>paolo.provero@fobiotech.org</email></contrib><contrib id="A3" contrib-type="author"><name><surname>Silengo</surname><given-names>Lorenzo</given-names></name><xref ref-type="aff" rid="I1">1</xref><email>lorenzo.silengo@unito.it</email></contrib><contrib id="A4" corresp="yes" contrib-type="author"><name><surname>Di Cunto</surname><given-names>Ferdinando</given-names></name><xref ref-type="aff" rid="I1">1</xref><email>ferdinando.dicunto@unito.it</email></contrib></contrib-group><aff id="I1"><label>1</label>Department of Genetics, Biology and Biochemistry, Via Santena 5 bis, 10126, Torino, Italy</aff><aff id="I2"><label>2</label>Fondazione per le Biotecnologie, Viale Settimio Severo, Torino, Italy</aff><pub-date pub-type="collection"><year>2004</year></pub-date><pub-date pub-type="epub"><day>19</day><month>11</month><year>2004</year></pub-date><volume>5</volume><fpage>179</fpage><lpage>179</lpage><ext-link ext-link-type="uri" xlink:href="http://www.biomedcentral.com/1471-2105/5/179"/><history><date date-type="received"><day>11</day><month>8</month><year>2004</year></date><date date-type="accepted"><day>19</day><month>11</month><year>2004</year></date></history><copyright-statement>Copyright © 2004 Pellegrino et al; licensee BioMed Central Ltd.</copyright-statement><license license-type="open-access" xlink:href="http://creativecommons.org/licenses/by/2.0"><p>This is an Open Access article distributed under the terms of the Creative Commons Attribution License (<ext-link ext-link-type="uri" xlink:href="http://creativecommons.org/licenses/by/2.0"/>), which permits unrestricted use, distribution, and reproduction in any medium, provided the original work is properly cited.</p></license><abstract><sec><title>Background</title><p>Public repositories of microarray data contain an incredible amount of information that is potentially relevant to explore functional relationships among genes by meta-analysis of expression profiles. However, the widespread use of this resource by the scientific community is at the moment limited by the limited availability of effective tools of analysis. We here describe CLOE, a simple cDNA microarray data mining strategy based on meta-analysis of datasets from pairs of species. The method consists in ranking EST probes in the datasets of the two species according to the similarity of their expression profiles with that of two EST probes from orthologous genes, and extracting orthologous EST pairs from a given top interval of the ranked lists. The Gene Ontology annotation of the obtained candidate partners is then analyzed for keywords overrepresentation.</p></sec><sec><title>Results</title><p>We demonstrate the capabilities of the approach by testing its predictive power on three proteomically-defined mammalian protein complexes, in comparison with single and multiple species meta-analysis approaches. Our results show that CLOE can find candidate partners for a greater number of genes, if compared to multiple species co-expression analysis, but retains a comparable specificity even when applied to species as close as mouse and human. On the other hand, it is much more specific than single organisms co-expression analysis, strongly reducing the number of potential candidate partners for a given gene of interest.</p></sec><sec><title>Conclusions</title><p>CLOE represents a simple and effective data mining approach that can be easily used for meta-analysis of cDNA microarray experiments characterized by very heterogeneous coverage. Importantly, it produces for genes of interest an average number of high confidence putative partners that is in the range of standard experimental validation techniques.</p></sec></abstract></article-meta></front></article>