<article xmlns="https://dtd.nlm.nih.gov/ns/archiving/2.3/" xmlns:xsi="http://www.w3.org/2001/XMLSchema-instance" xmlns:mml="http://www.w3.org/1998/Math/MathML" xmlns:xlink="http://www.w3.org/1999/xlink" xsi:schemaLocation="https://dtd.nlm.nih.gov/ns/archiving/2.3/ https://dtd.nlm.nih.gov/archiving/2.3/xsd/archivearticle.xsd" article-type="research-article"><front><journal-meta><journal-id journal-id-type="nlm-ta">BMC Bioinformatics</journal-id><journal-title>BMC Bioinformatics</journal-title><issn pub-type="epub">1471-2105</issn><publisher><publisher-name>BioMed Central</publisher-name><publisher-loc>London</publisher-loc></publisher></journal-meta><article-meta><article-id pub-id-type="accession">PMC509016</article-id><article-id pub-id-type="pmcid">PMC509016</article-id><article-id pub-id-type="pmc-uid">509016</article-id><article-id pub-id-type="pmid">15272936</article-id><article-id pub-id-type="publisher-id">1471-2105-5-100</article-id><article-id pub-id-type="pmid">15272936</article-id><article-id pub-id-type="doi">10.1186/1471-2105-5-100</article-id><article-categories><subj-group subj-group-type="heading"><subject>Methodology Article</subject></subj-group></article-categories><title-group><article-title>Graph-based iterative Group Analysis enhances microarray interpretation</article-title></title-group><contrib-group><contrib id="A1" corresp="yes" contrib-type="author"><name><surname>Breitling</surname><given-names>Rainer</given-names></name><xref ref-type="aff" rid="I1">1</xref><xref ref-type="aff" rid="I2">2</xref><email>r.breitling@bio.gla.ac.uk</email></contrib><contrib id="A2" contrib-type="author"><name><surname>Amtmann</surname><given-names>Anna</given-names></name><xref ref-type="aff" rid="I1">1</xref><email>a.amtmann@bio.gla.ac.uk</email></contrib><contrib id="A3" contrib-type="author"><name><surname>Herzyk</surname><given-names>Pawel</given-names></name><xref ref-type="aff" rid="I2">2</xref><xref ref-type="aff" rid="I3">3</xref><email>p.herzyk@bio.gla.ac.uk</email></contrib></contrib-group><aff id="I1"><label>1</label>Plant Science Group, Institute of Biomedical and Life Sciences, University of Glasgow, Glasgow G12 8QQ, United Kingdom</aff><aff id="I2"><label>2</label>Bioinformatics Research Centre, Department of Computing Science, University of Glasgow, Glasgow G12 8QQ, United Kingdom</aff><aff id="I3"><label>3</label>Sir Henry Wellcome Functional Genomics Facility, Institute of Biomedical and Life Sciences, University of Glasgow, Glasgow G12 8QQ, United Kingdom</aff><pub-date pub-type="collection"><year>2004</year></pub-date><pub-date pub-type="epub"><day>23</day><month>7</month><year>2004</year></pub-date><volume>5</volume><fpage>100</fpage><lpage>100</lpage><ext-link ext-link-type="uri" xlink:href="http://www.biomedcentral.com/1471-2105/5/100"/><history><date date-type="received"><day>27</day><month>4</month><year>2004</year></date><date date-type="accepted"><day>23</day><month>7</month><year>2004</year></date></history><copyright-statement>Copyright © 2004 Breitling et al; licensee BioMed Central Ltd.</copyright-statement><license license-type="open-access" xlink:href="http://creativecommons.org/licenses/by/2.0"><p>This is an open-access article distributed under the terms of the Creative Commons Attribution License (<ext-link ext-link-type="uri" xlink:href="http://creativecommons.org/licenses/by/2.0"/>), which permits unrestricted use, distribution, and reproduction in any medium, provided the original work is properly cited.</p></license><abstract><sec><title>Background</title><p>One of the most time-consuming tasks after performing a gene expression experiment is the biological interpretation of the results by identifying physiologically important associations between the differentially expressed genes. A large part of the relevant functional evidence can be represented in the form of graphs, e.g. metabolic and signaling pathways, protein interaction maps, shared GeneOntology annotations, or literature co-citation relations. Such graphs are easily constructed from available genome annotation data. The problem of biological interpretation can then be described as identifying the subgraphs showing the most significant patterns of gene expression. We applied a graph-based extension of our iterative Group Analysis (iGA) approach to obtain a statistically rigorous identification of the subgraphs of interest in any evidence graph.</p></sec><sec><title>Results</title><p>We validated the Graph-based iterative Group Analysis (GiGA) by applying it to the classic yeast diauxic shift experiment of DeRisi et al., using GeneOntology and metabolic network information. GiGA reliably identified and summarized all the biological processes discussed in the original publication. Visualization of the detected subgraphs allowed the convenient exploration of the results. The method also identified several processes that were not presented in the original paper but are of obvious relevance to the yeast starvation response.</p></sec><sec><title>Conclusions</title><p>GiGA provides a fast and flexible delimitation of the most interesting areas in a microarray experiment, and leads to a considerable speed-up and improvement of the interpretation process.</p></sec></abstract></article-meta></front></article>