<article xmlns="https://dtd.nlm.nih.gov/ns/archiving/2.3/" xmlns:xsi="http://www.w3.org/2001/XMLSchema-instance" xmlns:mml="http://www.w3.org/1998/Math/MathML" xmlns:xlink="http://www.w3.org/1999/xlink" xsi:schemaLocation="https://dtd.nlm.nih.gov/ns/archiving/2.3/ https://dtd.nlm.nih.gov/archiving/2.3/xsd/archivearticle.xsd" article-type="research-article"><front><journal-meta><journal-id journal-id-type="nlm-ta">BMC Bioinformatics</journal-id><journal-title>BMC Bioinformatics</journal-title><issn pub-type="epub">1471-2105</issn><publisher><publisher-name>BioMed Central</publisher-name><publisher-loc>London</publisher-loc></publisher></journal-meta><article-meta><article-id pub-id-type="accession">PMC550659</article-id><article-id pub-id-type="pmcid">PMC550659</article-id><article-id pub-id-type="pmc-uid">550659</article-id><article-id pub-id-type="pmid">15705192</article-id><article-id pub-id-type="publisher-id">1471-2105-6-26</article-id><article-id pub-id-type="pmid">15705192</article-id><article-id pub-id-type="doi">10.1186/1471-2105-6-26</article-id><article-categories><subj-group subj-group-type="heading"><subject>Research Article</subject></subj-group></article-categories><title-group><article-title>Comparison of seven methods for producing Affymetrix expression scores based on False Discovery Rates in disease profiling data</article-title></title-group><contrib-group><contrib id="A1" corresp="yes" contrib-type="author"><name><surname>Shedden</surname><given-names>Kerby</given-names></name><xref ref-type="aff" rid="I1">1</xref><email>kshedden@umich.edu</email></contrib><contrib id="A2" contrib-type="author"><name><surname>Chen</surname><given-names>Wei</given-names></name><xref ref-type="aff" rid="I2">2</xref><email>lisachen@umich.edu</email></contrib><contrib id="A3" contrib-type="author"><name><surname>Kuick</surname><given-names>Rork</given-names></name><xref ref-type="aff" rid="I3">3</xref><email>rork@umich.edu</email></contrib><contrib id="A4" contrib-type="author"><name><surname>Ghosh</surname><given-names>Debashis</given-names></name><xref ref-type="aff" rid="I2">2</xref><email>ghoshd@umich.edu</email></contrib><contrib id="A5" contrib-type="author"><name><surname>Macdonald</surname><given-names>James</given-names></name><xref ref-type="aff" rid="I4">4</xref><email>jmacdon@umich.edu</email></contrib><contrib id="A6" contrib-type="author"><name><surname>Cho</surname><given-names>Kathleen R</given-names></name><xref ref-type="aff" rid="I5">5</xref><email>kathcho@umich.edu</email></contrib><contrib id="A7" contrib-type="author"><name><surname>Giordano</surname><given-names>Thomas J</given-names></name><xref ref-type="aff" rid="I5">5</xref><email>giordano@umich.edu</email></contrib><contrib id="A8" contrib-type="author"><name><surname>Gruber</surname><given-names>Stephen B</given-names></name><xref ref-type="aff" rid="I6">6</xref><email>sgruber@umich.edu</email></contrib><contrib id="A9" contrib-type="author"><name><surname>Fearon</surname><given-names>Eric R</given-names></name><xref ref-type="aff" rid="I6">6</xref><email>fearon@umich.edu</email></contrib><contrib id="A10" contrib-type="author"><name><surname>Taylor</surname><given-names>Jeremy MG</given-names></name><xref ref-type="aff" rid="I2">2</xref><email>jmgt@umich.edu</email></contrib><contrib id="A11" contrib-type="author"><name><surname>Hanash</surname><given-names>Samir</given-names></name><xref ref-type="aff" rid="I3">3</xref><email>shanash@umich.edu</email></contrib></contrib-group><aff id="I1"><label>1</label>Department of Statistics, University of Michigan, Ann Arbor, Michigan, USA</aff><aff id="I2"><label>2</label>Department of Biostatistics, University of Michigan, Ann Arbor, Michigan, USA</aff><aff id="I3"><label>3</label>Department of Pediatrics, University of Michigan, Ann Arbor, Michigan, USA</aff><aff id="I4"><label>4</label>Comprehensive Cancer Center, University of Michigan, Ann Arbor, Michigan, USA</aff><aff id="I5"><label>5</label>Department of Pathology, University of Michigan, Ann Arbor, Michigan, USA</aff><aff id="I6"><label>6</label>Department of Internal Medicine, University of Michigan, Ann Arbor, Michigan, USA</aff><pub-date pub-type="collection"><year>2005</year></pub-date><pub-date pub-type="epub"><day>10</day><month>2</month><year>2005</year></pub-date><volume>6</volume><fpage>26</fpage><lpage>26</lpage><ext-link ext-link-type="uri" xlink:href="http://www.biomedcentral.com/1471-2105/6/26"/><history><date date-type="received"><day>26</day><month>10</month><year>2004</year></date><date date-type="accepted"><day>10</day><month>2</month><year>2005</year></date></history><copyright-statement>Copyright © 2005 Shedden et al; licensee BioMed Central Ltd.</copyright-statement><license license-type="open-access" xlink:href="http://creativecommons.org/licenses/by/2.0"><p>This is an Open Access article distributed under the terms of the Creative Commons Attribution License (<ext-link ext-link-type="uri" xlink:href="http://creativecommons.org/licenses/by/2.0"/>), which permits unrestricted use, distribution, and reproduction in any medium, provided the original work is properly cited.</p></license><abstract><sec><title>Background</title><p>A critical step in processing oligonucleotide microarray data is combining the information in multiple probes to produce a single number that best captures the expression level of a RNA transcript. Several systematic studies comparing multiple methods for array processing have used tightly controlled calibration data sets as the basis for comparison. Here we compare performances for seven processing methods using two data sets originally collected for disease profiling studies. An emphasis is placed on understanding sensitivity for detecting differentially expressed genes in terms of two key statistical determinants: test statistic variability for non-differentially expressed genes, and test statistic size for truly differentially expressed genes.</p></sec><sec><title>Results</title><p>In the two data sets considered here, up to seven-fold variation across the processing methods was found in the number of genes detected at a given false discovery rate (FDR). The best performing methods called up to 90% of the same genes differentially expressed, had less variable test statistics under randomization, and had a greater number of large test statistics in the experimental data. Poor performance of one method was directly tied to a tendency to produce highly variable test statistic values under randomization. Based on an overall measure of performance, two of the seven methods (Dchip and a trimmed mean approach) are superior in the two data sets considered here. Two other methods (MAS5 and GCRMA-EB) are inferior, while results for the other three methods are mixed.</p></sec><sec><title>Conclusions</title><p>Choice of processing method has a major impact on differential expression analysis of microarray data. Previously reported performance analyses using tightly controlled calibration data sets are not highly consistent with results reported here using data from human tissue samples. Performance of array processing methods in disease profiling and other realistic biological studies should be given greater consideration when comparing Affymetrix processing methods.</p></sec></abstract></article-meta></front></article>