<article xmlns="https://dtd.nlm.nih.gov/ns/archiving/2.3/" xmlns:xsi="http://www.w3.org/2001/XMLSchema-instance" xmlns:mml="http://www.w3.org/1998/Math/MathML" xmlns:xlink="http://www.w3.org/1999/xlink" xsi:schemaLocation="https://dtd.nlm.nih.gov/ns/archiving/2.3/ https://dtd.nlm.nih.gov/archiving/2.3/xsd/archivearticle.xsd" article-type="research-article"><front><journal-meta><journal-id journal-id-type="nlm-ta">BMC Bioinformatics</journal-id><journal-title>BMC Bioinformatics</journal-title><issn pub-type="epub">1471-2105</issn><publisher><publisher-name>BioMed Central</publisher-name><publisher-loc>London</publisher-loc></publisher></journal-meta><article-meta><article-id pub-id-type="accession">PMC544888</article-id><article-id pub-id-type="pmcid">PMC544888</article-id><article-id pub-id-type="pmc-uid">544888</article-id><article-id pub-id-type="pmid">15603590</article-id><article-id pub-id-type="publisher-id">1471-2105-5-199</article-id><article-id pub-id-type="pmid">15603590</article-id><article-id pub-id-type="doi">10.1186/1471-2105-5-199</article-id><article-categories><subj-group subj-group-type="heading"><subject>Research Article</subject></subj-group></article-categories><title-group><article-title>Hierarchical structure and modules in the <italic>Escherichia coli </italic>transcriptional regulatory network revealed by a new top-down approach</article-title></title-group><contrib-group><contrib id="A1" contrib-type="author"><name><surname>Ma</surname><given-names>Hong-Wu</given-names></name><xref ref-type="aff" rid="I1">1</xref><email>hwm@gbf.de</email></contrib><contrib id="A2" contrib-type="author"><name><surname>Buer</surname><given-names>Jan</given-names></name><xref ref-type="aff" rid="I2">2</xref><xref ref-type="aff" rid="I3">3</xref><email>jab@gbf.de</email></contrib><contrib id="A3" corresp="yes" contrib-type="author"><name><surname>Zeng</surname><given-names>An-Ping</given-names></name><xref ref-type="aff" rid="I1">1</xref><email>aze@gbf.de</email></contrib></contrib-group><aff id="I1"><label>1</label>Department of Genome Analysis, GBF – German Research Center for Biotechnology, Mascheroder Weg 1, 38124 Braunschweig, Germany</aff><aff id="I2"><label>2</label>Department of Mucosal Immunity, GBF – German Research Center for Biotechnology, Mascheroder Weg 1, 38124 Braunschweig, Germany</aff><aff id="I3"><label>3</label>Medical Microbiology and Hospital Hygiene, Medical School Hannover, Carl-Neuberg-Str. 1, 30625 Hannover, Germany</aff><pub-date pub-type="collection"><year>2004</year></pub-date><pub-date pub-type="epub"><day>16</day><month>12</month><year>2004</year></pub-date><volume>5</volume><fpage>199</fpage><lpage>199</lpage><ext-link ext-link-type="uri" xlink:href="http://www.biomedcentral.com/1471-2105/5/199"/><history><date date-type="received"><day>28</day><month>7</month><year>2004</year></date><date date-type="accepted"><day>16</day><month>12</month><year>2004</year></date></history><permissions><copyright-statement>Copyright © 2004 Ma et al; licensee BioMed Central Ltd.</copyright-statement><copyright-year>2004</copyright-year><copyright-holder>Ma et al; licensee BioMed Central Ltd.</copyright-holder><license license-type="open-access" xlink:href="http://creativecommons.org/licenses/by/2.0"><p>This is an Open Access article distributed under the terms of the Creative Commons Attribution License (<ext-link ext-link-type="uri" xlink:href="http://creativecommons.org/licenses/by/2.0"/>), which permits unrestricted use, distribution, and reproduction in any medium, provided the original work is properly cited.</p><!--<rdf xmlns="http://web.resource.org/cc/" xmlns:rdf="http://www.w3.org/1999/02/22-rdf-syntax-ns#" xmlns:dc="http://purl.org/dc/elements/1.1" xmlns:dcterms="http://purl.org/dc/terms"><Work xmlns:dc="http://purl.org/dc/elements/1.1/" xmlns:dcterms="http://purl.org/dc/terms/" rdf:about=""><license rdf:resource="http://creativecommons.org/licenses/by/2.0"/><dc:type rdf:resource="http://purl.org/dc/dcmitype/Text"/><dc:author>
               Ma
               Hong-Wu
               
               hwm@gbf.de
            </dc:author><dc:title>
            Hierarchical structure and modules in the Escherichia coli transcriptional regulatory network revealed by a new top-down approach
         </dc:title><dc:date>2004</dc:date><dcterms:bibliographicCitation>BMC Bioinformatics 5(1): 199-. (2004)</dcterms:bibliographicCitation><dc:identifier type="sici">1471-2105(2004)5:1&#x0003c;199&#x0003e;</dc:identifier><dcterms:isPartOf>urn:ISSN:1471-2105</dcterms:isPartOf><License rdf:about="http://creativecommons.org/licenses/by/2.0"><permits rdf:resource="http://web.resource.org/cc/Reproduction" xmlns=""/><permits rdf:resource="http://web.resource.org/cc/Distribution" xmlns=""/><requires rdf:resource="http://web.resource.org/cc/Notice" xmlns=""/><requires rdf:resource="http://web.resource.org/cc/Attribution" xmlns=""/><permits rdf:resource="http://web.resource.org/cc/DerivativeWorks" xmlns=""/></License></Work></rdf>--></license></permissions><abstract><sec><title>Background</title><p>Cellular functions are coordinately carried out by groups of genes forming functional modules. Identifying such modules in the transcriptional regulatory network (TRN) of organisms is important for understanding the structure and function of these fundamental cellular networks and essential for the emerging modular biology. So far, the global connectivity structure of TRN has not been well studied and consequently not applied for the identification of functional modules. Moreover, network motifs such as feed forward loop are recently proposed to be basic building blocks of TRN. However, their relationship to functional modules is not clear.</p></sec><sec><title>Results</title><p>In this work we proposed a top-down approach to identify modules in the TRN of <italic>E. coli</italic>. By studying the global connectivity structure of the regulatory network, we first revealed a five-layer hierarchical structure in which all the regulatory relationships are downward. Based on this regulatory hierarchy, we developed a new method to decompose the regulatory network into functional modules and to identify global regulators governing multiple modules. As a result, 10 global regulators and 39 modules were identified and shown to have well defined functions. We then investigated the distribution and composition of the two basic network motifs (feed forward loop and bi-fan motif) in the hierarchical structure of TRN. We found that most of these network motifs include global regulators, indicating that these motifs are not basic building blocks of modules since modules should not contain global regulators.</p></sec><sec><title>Conclusion</title><p>The transcriptional regulatory network of <italic>E. coli </italic>possesses a multi-layer hierarchical modular structure without feedback regulation at transcription level. This hierarchical structure builds the basis for a new and simple decomposition method which is suitable for the identification of functional modules and global regulators in the transcriptional regulatory network of <italic>E. coli</italic>. Analysis of the distribution of feed forward loops and bi-fan motifs in the hierarchical structure suggests that these network motifs are not elementary building blocks of functional modules in the transcriptional regulatory network of <italic>E. coli</italic>.</p></sec></abstract></article-meta></front></article>