<article xmlns="https://dtd.nlm.nih.gov/ns/archiving/2.3/" xmlns:xsi="http://www.w3.org/2001/XMLSchema-instance" xmlns:mml="http://www.w3.org/1998/Math/MathML" xmlns:xlink="http://www.w3.org/1999/xlink" xsi:schemaLocation="https://dtd.nlm.nih.gov/ns/archiving/2.3/ https://dtd.nlm.nih.gov/archiving/2.3/xsd/archivearticle.xsd" article-type="research-article"><front><journal-meta><journal-id journal-id-type="nlm-ta">BMC Bioinformatics</journal-id><journal-title>BMC Bioinformatics</journal-title><issn pub-type="epub">1471-2105</issn><publisher><publisher-name>BioMed Central</publisher-name><publisher-loc>London</publisher-loc></publisher></journal-meta><article-meta><article-id pub-id-type="accession">PMC555599</article-id><article-id pub-id-type="pmcid">PMC555599</article-id><article-id pub-id-type="pmc-uid">555599</article-id><article-id pub-id-type="pmid">15752432</article-id><article-id pub-id-type="publisher-id">1471-2105-6-45</article-id><article-id pub-id-type="pmid">15752432</article-id><article-id pub-id-type="doi">10.1186/1471-2105-6-45</article-id><article-categories><subj-group subj-group-type="heading"><subject>Database</subject></subj-group></article-categories><title-group><article-title>wFleaBase: the <italic>Daphnia </italic>genome database</article-title></title-group><contrib-group><contrib id="A1" corresp="yes" contrib-type="author"><name><surname>Colbourne</surname><given-names>John K</given-names></name><xref ref-type="aff" rid="I1">1</xref><email>jcolbour@cgb.indiana.edu</email></contrib><contrib id="A2" contrib-type="author"><name><surname>Singan</surname><given-names>Vasanth R</given-names></name><xref ref-type="aff" rid="I2">2</xref><email>vsingan@indiana.edu</email></contrib><contrib id="A3" contrib-type="author"><name><surname>Gilbert</surname><given-names>Don G</given-names></name><xref ref-type="aff" rid="I3">3</xref><email>gilbertd@indiana.edu</email></contrib></contrib-group><aff id="I1"><label>1</label>Center for Genomics and Bioinformatics, Indiana University, Bloomington, Indiana USA</aff><aff id="I2"><label>2</label>School of Informatics, Indiana University, Bloomington, Indiana USA</aff><aff id="I3"><label>3</label>Department of Biology, Indiana University, Bloomington, Indiana USA</aff><pub-date pub-type="collection"><year>2005</year></pub-date><pub-date pub-type="epub"><day>7</day><month>3</month><year>2005</year></pub-date><volume>6</volume><fpage>45</fpage><lpage>45</lpage><ext-link ext-link-type="uri" xlink:href="http://www.biomedcentral.com/1471-2105/6/45"/><history><date date-type="received"><day>1</day><month>10</month><year>2004</year></date><date date-type="accepted"><day>7</day><month>3</month><year>2005</year></date></history><copyright-statement>Copyright © 2005 Colbourne et al; licensee BioMed Central Ltd.</copyright-statement><license license-type="open-access" xlink:href="http://creativecommons.org/licenses/by/2.0"><p>This is an Open Access article distributed under the terms of the Creative Commons Attribution License (<ext-link ext-link-type="uri" xlink:href="http://creativecommons.org/licenses/by/2.0"/>), which permits unrestricted use, distribution, and reproduction in any medium, provided the original work is properly cited.</p></license><abstract><sec><title>Background</title><p>wFleaBase is a database with the necessary infrastructure to curate, archive and share genetic, molecular and functional genomic data and protocols for an emerging model organism, the microcrustacean <italic>Daphnia</italic>. Commonly known as the water-flea, <italic>Daphnia</italic>'s ecological merit is unequaled among metazoans, largely because of its sentinel role within freshwater ecosystems and over 200 years of biological investigations. By consequence, the <italic>Daphnia </italic>Genomics Consortium (DGC) has launched an interdisciplinary research program to create the resources needed to study genes that affect ecological and evolutionary success in natural environments.</p></sec><sec><title>Discussion</title><p>These tools include the genome database wFleaBase, which currently contains functions to search and extract information from expressed sequenced tags, genome survey sequences and full genome sequencing projects. This new database is built primarily from core components of the Generic Model Organism Database project, and related bioinformatics tools.</p></sec><sec><title>Summary</title><p>Over the coming year, preliminary genetic maps and the nearly complete genomic sequence of <italic>Daphnia pulex </italic>will be integrated into wFleaBase, including gene predictions and ortholog assignments based on sequence similarities with eukaryote genes of known function. wFleaBase aims to serve a large ecological and evolutionary research community. Our challenge is to rapidly expand its content and to ultimately integrate genetic and functional genomic information with population-level responses to environmental challenges. URL: <ext-link ext-link-type="uri" xlink:href="http://wfleabase.org/"/>.</p></sec></abstract></article-meta></front></article>