<article xmlns="https://dtd.nlm.nih.gov/ns/archiving/2.3/" xmlns:xsi="http://www.w3.org/2001/XMLSchema-instance" xmlns:mml="http://www.w3.org/1998/Math/MathML" xmlns:xlink="http://www.w3.org/1999/xlink" xsi:schemaLocation="https://dtd.nlm.nih.gov/ns/archiving/2.3/ https://dtd.nlm.nih.gov/archiving/2.3/xsd/archivearticle.xsd" article-type="research-article"><front><journal-meta><journal-id journal-id-type="nlm-ta">BMC Bioinformatics</journal-id><journal-title>BMC Bioinformatics</journal-title><issn pub-type="epub">1471-2105</issn><publisher><publisher-name>BioMed Central</publisher-name><publisher-loc>London</publisher-loc></publisher></journal-meta><article-meta><article-id pub-id-type="accession">PMC529436</article-id><article-id pub-id-type="pmcid">PMC529436</article-id><article-id pub-id-type="pmc-uid">529436</article-id><article-id pub-id-type="pmid">15491499</article-id><article-id pub-id-type="publisher-id">1471-2105-5-154</article-id><article-id pub-id-type="pmid">15491499</article-id><article-id pub-id-type="doi">10.1186/1471-2105-5-154</article-id><article-categories><subj-group subj-group-type="heading"><subject>Research Article</subject></subj-group></article-categories><title-group><article-title>Information assessment on predicting protein-protein interactions</article-title></title-group><contrib-group><contrib id="A1" contrib-type="author"><name><surname>Lin</surname><given-names>Nan</given-names></name><xref ref-type="aff" rid="I1">1</xref><email>nlin@math.wustl.edu</email></contrib><contrib id="A2" contrib-type="author"><name><surname>Wu</surname><given-names>Baolin</given-names></name><xref ref-type="aff" rid="I2">2</xref><email>baolin@biostat.umn.edu</email></contrib><contrib id="A3" contrib-type="author"><name><surname>Jansen</surname><given-names>Ronald</given-names></name><xref ref-type="aff" rid="I3">3</xref><email>jansenr@mskcc.org</email></contrib><contrib id="A4" contrib-type="author"><name><surname>Gerstein</surname><given-names>Mark</given-names></name><xref ref-type="aff" rid="I4">4</xref><xref ref-type="aff" rid="I5">5</xref><email>mark.gerstein@yale.edu</email></contrib><contrib id="A5" corresp="yes" contrib-type="author"><name><surname>Zhao</surname><given-names>Hongyu</given-names></name><xref ref-type="aff" rid="I6">6</xref><xref ref-type="aff" rid="I7">7</xref><email>hongyu.zhao@yale.edu</email></contrib></contrib-group><aff id="I1"><label>1</label>Department of Mathematics, Washington University in St. Louis, St. Louis, MO 63130, USA</aff><aff id="I2"><label>2</label>Division of Biostatistics, School of Public Health, University of Minnesota, Minneapolis, MN 55455, USA</aff><aff id="I3"><label>3</label>Computational Biology Center, Memorial Sloan-Kettering Cancer Center, New York, NY 10021, USA</aff><aff id="I4"><label>4</label>Department of Molecular Biophysics and Biochemistry, Yale University, New Haven, CT 06520, USA</aff><aff id="I5"><label>5</label>Department of Computer Science, Yale University, New Haven, CT 06520, USA</aff><aff id="I6"><label>6</label>Department of Epidemiology and Public Health, Yale University School of Medicine, New Haven, CT 06520, USA</aff><aff id="I7"><label>7</label>Department of Genetics, Yale University School of Medicine, New Haven, CT 06520, USA</aff><pub-date pub-type="collection"><year>2004</year></pub-date><pub-date pub-type="epub"><day>18</day><month>10</month><year>2004</year></pub-date><volume>5</volume><fpage>154</fpage><lpage>154</lpage><ext-link ext-link-type="uri" xlink:href="http://www.biomedcentral.com/1471-2105/5/154"/><history><date date-type="received"><day>31</day><month>5</month><year>2004</year></date><date date-type="accepted"><day>18</day><month>10</month><year>2004</year></date></history><copyright-statement>Copyright © 2004 Lin et al; licensee BioMed Central Ltd.</copyright-statement><license license-type="open-access" xlink:href="http://creativecommons.org/licenses/by/2.0"><p>This is an open-access article distributed under the terms of the Creative Commons Attribution License (<ext-link ext-link-type="uri" xlink:href="http://creativecommons.org/licenses/by/2.0"/>), which permits unrestricted use, distribution, and reproduction in any medium, provided the original work is properly cited.</p></license><abstract><sec><title>Background</title><p>Identifying protein-protein interactions is fundamental for understanding the molecular machinery of the cell. Proteome-wide studies of protein-protein interactions are of significant value, but the high-throughput experimental technologies suffer from high rates of both false positive and false negative predictions. In addition to high-throughput experimental data, many diverse types of genomic data can help predict protein-protein interactions, such as mRNA expression, localization, essentiality, and functional annotation. Evaluations of the information contributions from different evidences help to establish more parsimonious models with comparable or better prediction accuracy, and to obtain biological insights of the relationships between protein-protein interactions and other genomic information.</p></sec><sec><title>Results</title><p>Our assessment is based on the genomic features used in a Bayesian network approach to predict protein-protein interactions genome-wide in yeast. In the special case, when one does not have any missing information about any of the features, our analysis shows that there is a larger information contribution from the functional-classification than from expression correlations or essentiality. We also show that in this case alternative models, such as logistic regression and random forest, may be more effective than Bayesian networks for predicting interactions.</p></sec><sec><title>Conclusions</title><p>In the restricted problem posed by the complete-information subset, we identified that the MIPS and Gene Ontology (GO) functional similarity datasets as the dominating information contributors for predicting the protein-protein interactions under the framework proposed by Jansen <italic>et al</italic>. Random forests based on the MIPS and GO information alone can give highly accurate classifications. In this particular subset of complete information, adding other genomic data does little for improving predictions. We also found that the data discretizations used in the Bayesian methods decreased classification performance.</p></sec></abstract></article-meta></front></article>