<article xmlns="https://dtd.nlm.nih.gov/ns/archiving/2.3/" xmlns:xsi="http://www.w3.org/2001/XMLSchema-instance" xmlns:mml="http://www.w3.org/1998/Math/MathML" xmlns:xlink="http://www.w3.org/1999/xlink" xsi:schemaLocation="https://dtd.nlm.nih.gov/ns/archiving/2.3/ https://dtd.nlm.nih.gov/archiving/2.3/xsd/archivearticle.xsd" article-type="research-article"><front><journal-meta><journal-id journal-id-type="nlm-ta">BMC Bioinformatics</journal-id><journal-title>BMC Bioinformatics</journal-title><issn pub-type="epub">1471-2105</issn><publisher><publisher-name>BioMed Central</publisher-name><publisher-loc>London</publisher-loc></publisher></journal-meta><article-meta><article-id pub-id-type="accession">PMC523849</article-id><article-id pub-id-type="pmcid">PMC523849</article-id><article-id pub-id-type="pmc-uid">523849</article-id><article-id pub-id-type="pmid">15453917</article-id><article-id pub-id-type="publisher-id">1471-2105-5-139</article-id><article-id pub-id-type="pmid">15453917</article-id><article-id pub-id-type="doi">10.1186/1471-2105-5-139</article-id><article-categories><subj-group subj-group-type="heading"><subject>Research Article</subject></subj-group></article-categories><title-group><article-title>A population-based statistical approach identifies parameters characteristic of human microRNA-mRNA interactions</article-title></title-group><contrib-group><contrib id="A1" corresp="yes" contrib-type="author"><name><surname>Smalheiser</surname><given-names>Neil R</given-names></name><xref ref-type="aff" rid="I1">1</xref><email>smalheiser@psych.uic.edu</email></contrib><contrib id="A2" contrib-type="author"><name><surname>Torvik</surname><given-names>Vetle I</given-names></name><xref ref-type="aff" rid="I1">1</xref><email>vtorvik@uic.edu</email></contrib></contrib-group><aff id="I1"><label>1</label>University of Illinois at Chicago, UIC Psychiatric Institute, MC 912, 1601 W. Taylor Street, room 285 Chicago, IL 60612 USA</aff><pub-date pub-type="collection"><year>2004</year></pub-date><pub-date pub-type="epub"><day>28</day><month>9</month><year>2004</year></pub-date><volume>5</volume><fpage>139</fpage><lpage>139</lpage><ext-link ext-link-type="uri" xlink:href="http://www.biomedcentral.com/1471-2105/5/139"/><history><date date-type="received"><day>12</day><month>4</month><year>2004</year></date><date date-type="accepted"><day>28</day><month>9</month><year>2004</year></date></history><copyright-statement>Copyright © 2004 Smalheiser and Torvik; licensee BioMed Central Ltd.</copyright-statement><license license-type="open-access" xlink:href="http://creativecommons.org/licenses/by/2.0"><p>This is an open-access article distributed under the terms of the Creative Commons Attribution License (<ext-link ext-link-type="uri" xlink:href="http://creativecommons.org/licenses/by/2.0"/>), which permits unrestricted use, distribution, and reproduction in any medium, provided the original work is properly cited.</p></license><abstract><sec><title>Background</title><p>MicroRNAs are ~17–24 nt. noncoding RNAs found in all eukaryotes that degrade messenger RNAs via RNA interference (if they bind in a perfect or near-perfect complementarity to the target mRNA), or arrest translation (if the binding is imperfect). Several microRNA targets have been identified in lower organisms, but only one mammalian microRNA target has yet been validated experimentally.</p></sec><sec><title>Results</title><p>We carried out a population-wide statistical analysis of how human microRNAs interact complementarily with human mRNAs, looking for characteristics that differ significantly as compared with scrambled control sequences. These characteristics were used to identify a set of 71 outlier mRNAs unlikely to have been hit by chance.</p><p>Unlike the case in <italic>C. elegans </italic>and <italic>Drosophila</italic>, many human microRNAs exhibited long exact matches (10 or more bases in a row), up to and including perfect target complementarity. Human microRNAs hit outlier mRNAs within the protein coding region about 2/3 of the time. And, the stretches of perfect complementarity within microRNA hits onto outlier mRNAs were not biased near the 5'-end of the microRNA. In several cases, an individual microRNA hit multiple mRNAs that belonged to the same functional class.</p></sec><sec><title>Conclusions</title><p>The analysis supports the notion that sequence complementarity is the basis by which microRNAs recognize their biological targets, but raises the possibility that human microRNA-mRNA target interactions follow different rules than have been previously characterized in <italic>Drosophila </italic>and <italic>C. elegans</italic>.</p></sec></abstract></article-meta></front></article>