<article xmlns="https://dtd.nlm.nih.gov/ns/archiving/2.3/" xmlns:xsi="http://www.w3.org/2001/XMLSchema-instance" xmlns:mml="http://www.w3.org/1998/Math/MathML" xmlns:xlink="http://www.w3.org/1999/xlink" xsi:schemaLocation="https://dtd.nlm.nih.gov/ns/archiving/2.3/ https://dtd.nlm.nih.gov/archiving/2.3/xsd/archivearticle.xsd" article-type="research-article"><front><journal-meta><journal-id journal-id-type="nlm-ta">BMC Bioinformatics</journal-id><journal-title>BMC Bioinformatics</journal-title><issn pub-type="epub">1471-2105</issn><publisher><publisher-name>BioMed Central</publisher-name><publisher-loc>London</publisher-loc></publisher></journal-meta><article-meta><article-id pub-id-type="accession">PMC550656</article-id><article-id pub-id-type="pmcid">PMC550656</article-id><article-id pub-id-type="pmc-uid">550656</article-id><article-id pub-id-type="pmid">15707487</article-id><article-id pub-id-type="publisher-id">1471-2105-6-29</article-id><article-id pub-id-type="pmid">15707487</article-id><article-id pub-id-type="doi">10.1186/1471-2105-6-29</article-id><article-categories><subj-group subj-group-type="heading"><subject>Research Article</subject></subj-group></article-categories><title-group><article-title>Ontological visualization of protein-protein interactions</article-title></title-group><contrib-group><contrib id="A1" corresp="yes" contrib-type="author"><name><surname>Drabkin</surname><given-names>Harold J</given-names></name><xref ref-type="aff" rid="I1">1</xref><email>hjd@informatics.jax.org</email></contrib><contrib id="A2" contrib-type="author"><name><surname>Hollenbeck</surname><given-names>Christopher</given-names></name><xref ref-type="aff" rid="I2">2</xref><email>hollec@rpi.edu</email></contrib><contrib id="A3" contrib-type="author"><name><surname>Hill</surname><given-names>David P</given-names></name><xref ref-type="aff" rid="I1">1</xref><email>dph@informatics.jax.org</email></contrib><contrib id="A4" contrib-type="author"><name><surname>Blake</surname><given-names>Judith A</given-names></name><xref ref-type="aff" rid="I1">1</xref><email>jblake@informatics.jax.org</email></contrib></contrib-group><aff id="I1"><label>1</label>Mouse Genome Informatics, The Jackson Laboratory, Bar Harbor, ME, USA</aff><aff id="I2"><label>2</label>Department of Computer Science, Rensselaer Polytechnic Institute, Troy, NY, USA</aff><pub-date pub-type="collection"><year>2005</year></pub-date><pub-date pub-type="epub"><day>11</day><month>2</month><year>2005</year></pub-date><volume>6</volume><fpage>29</fpage><lpage>29</lpage><ext-link ext-link-type="uri" xlink:href="http://www.biomedcentral.com/1471-2105/6/29"/><history><date date-type="received"><day>9</day><month>12</month><year>2004</year></date><date date-type="accepted"><day>11</day><month>2</month><year>2005</year></date></history><copyright-statement>Copyright © 2005 Drabkin et al; licensee BioMed Central Ltd.</copyright-statement><license license-type="open-access" xlink:href="http://creativecommons.org/licenses/by/2.0"><p>This is an Open Access article distributed under the terms of the Creative Commons Attribution License (<ext-link ext-link-type="uri" xlink:href="http://creativecommons.org/licenses/by/2.0"/>), which permits unrestricted use, distribution, and reproduction in any medium, provided the original work is properly cited.</p></license><abstract><sec><title>Background</title><p>Cellular processes require the interaction of many proteins across several cellular compartments. Determining the collective network of such interactions is an important aspect of understanding the role and regulation of individual proteins. The Gene Ontology (GO) is used by model organism databases and other bioinformatics resources to provide functional annotation of proteins. The annotation process provides a mechanism to document the binding of one protein with another. We have constructed protein interaction networks for mouse proteins utilizing the information encoded in the GO annotations. The work reported here presents a methodology for integrating and visualizing information on protein-protein interactions.</p></sec><sec><title>Results</title><p>GO annotation at Mouse Genome Informatics (MGI) captures 1318 curated, documented interactions. These include 129 binary interactions and 125 interaction involving three or more gene products. Three networks involve over 30 partners, the largest involving 109 proteins. Several tools are available at MGI to visualize and analyze these data.</p></sec><sec><title>Conclusions</title><p>Curators at the MGI database annotate protein-protein interaction data from experimental reports from the literature. Integration of these data with the other types of data curated at MGI places protein binding data into the larger context of mouse biology and facilitates the generation of new biological hypotheses based on physical interactions among gene products.</p></sec></abstract></article-meta></front></article>