<article xmlns="https://dtd.nlm.nih.gov/ns/archiving/2.3/" xmlns:xsi="http://www.w3.org/2001/XMLSchema-instance" xmlns:mml="http://www.w3.org/1998/Math/MathML" xmlns:xlink="http://www.w3.org/1999/xlink" xsi:schemaLocation="https://dtd.nlm.nih.gov/ns/archiving/2.3/ https://dtd.nlm.nih.gov/archiving/2.3/xsd/archivearticle.xsd" article-type="product-review"><front><journal-meta><journal-id journal-id-type="nlm-ta">BMC Bioinformatics</journal-id><journal-title>BMC Bioinformatics</journal-title><issn pub-type="epub">1471-2105</issn><publisher><publisher-name>BioMed Central</publisher-name><publisher-loc>London</publisher-loc></publisher></journal-meta><article-meta><article-id pub-id-type="accession">PMC548130</article-id><article-id pub-id-type="pmcid">PMC548130</article-id><article-id pub-id-type="pmc-uid">548130</article-id><article-id pub-id-type="pmid">15673474</article-id><article-id pub-id-type="publisher-id">1471-2105-6-18</article-id><article-id pub-id-type="pmid">15673474</article-id><article-id pub-id-type="doi">10.1186/1471-2105-6-18</article-id><article-categories><subj-group subj-group-type="heading"><subject>Software</subject></subj-group></article-categories><title-group><article-title>Identification of novel prognostic markers in cervical intraepithelial neoplasia using LDMAS (LOH Data Management and Analysis Software)</article-title></title-group><contrib-group><contrib id="A1" contrib-type="author"><name><surname>Hamoudi</surname><given-names>Rifat A</given-names></name><xref ref-type="aff" rid="I1">1</xref><email>rh335@cam.ac.uk</email></contrib><contrib id="A2" contrib-type="author"><name><surname>El-Hamidi</surname><given-names>Amina</given-names></name><xref ref-type="aff" rid="I1">1</xref><email>a_elhamidi@hotmail.com</email></contrib><contrib id="A3" corresp="yes" contrib-type="author"><name><surname>Du</surname><given-names>Ming-Qing</given-names></name><xref ref-type="aff" rid="I1">1</xref><email>mqd20@cam.ac.uk</email></contrib></contrib-group><aff id="I1"><label>1</label>Division of Molecular Histopathology, Department of Pathology, University of Cambridge, Hills Road, Cambridge, CB2 2QQ, UK</aff><pub-date pub-type="collection"><year>2005</year></pub-date><pub-date pub-type="epub"><day>26</day><month>1</month><year>2005</year></pub-date><volume>6</volume><fpage>18</fpage><lpage>18</lpage><ext-link ext-link-type="uri" xlink:href="http://www.biomedcentral.com/1471-2105/6/18"/><history><date date-type="received"><day>21</day><month>10</month><year>2004</year></date><date date-type="accepted"><day>26</day><month>1</month><year>2005</year></date></history><copyright-statement>Copyright © 2005 Hamoudi et al; licensee BioMed Central Ltd.</copyright-statement><license license-type="open-access" xlink:href="http://creativecommons.org/licenses/by/2.0"><p>This is an Open Access article distributed under the terms of the Creative Commons Attribution License (<ext-link ext-link-type="uri" xlink:href="http://creativecommons.org/licenses/by/2.0"/>), which permits unrestricted use, distribution, and reproduction in any medium, provided the original work is properly cited.</p></license><abstract><sec><title>Background</title><p>Detection of Loss of Heterozygosity (LOH) is one of the most common molecular applications in the study of human diseases, in particular cancer. The technique is commonly used to examine whether a known tumour suppressor gene is inactivated or to map unknown tumour suppressor gene(s). However, with the increasing number of samples analysed using different software, no tool is currently available to integrate and facilitate the extensive and efficient data retrieval and analyses, such as correlation of LOH data with various clinical data sets.</p></sec><sec><title>Results</title><p>An algorithm to identify prognostic disease markers is devised and implemented as novel software called LDMAS. LDMAS is a software suite designed for data retrieval, management and integrated analysis of the clinico-pathological data and molecular results from independent databases. LDMAS is used in stratification of disease stages according to clinical stage or histological features and correlation of various clinico-pathological features with molecular findings to obtain relevant prognostic markers such as those used in predicting the outcome of cervical intraepithelial neoplasia (CIN). This approach lead to the identification of novel prognostic cervical cancer markers and extraction of useful clinical information such as correlation of Human Papilloma Virus (HPV) status with CIN lesions.</p></sec><sec><title>Conclusions</title><p>A novel software called LDMAS is implemented and used to extract and identify prognostic disease markers. The software is used to successfully identify 4 novel prognostic markers that can be used to predict the outcome of CIN. LDMAS provides an essential platform for the extraction of useful information from large amount of data generated by LOH studies. LDMAS provides three unique and novel features for LOH analysis : (1) automatic extraction of relevant data from patient records and reports (2) correlation of LOH data with clinico-pathological data and (3) storage of complex data in flexible format. The first feature automates the creation of database of clinically relevant information from huge amount of data, the second feature extracts useful biomedical information such as prognostic markers in CIN and the third feature simplifies the statistical analyses of the data and allows non-statisticians to carry out the analysis. Additionally, LDMAS can be used to extract clinically useful markers from other diseases and interface to high throughput genotyping analysis software such as GDAS used to generate LOH data from Affymetrix<sup>® </sup>GeneChip Mapping arrays.</p></sec></abstract></article-meta></front></article>