<article xmlns="https://dtd.nlm.nih.gov/ns/archiving/2.3/" xmlns:xsi="http://www.w3.org/2001/XMLSchema-instance" xmlns:mml="http://www.w3.org/1998/Math/MathML" xmlns:xlink="http://www.w3.org/1999/xlink" xsi:schemaLocation="https://dtd.nlm.nih.gov/ns/archiving/2.3/ https://dtd.nlm.nih.gov/archiving/2.3/xsd/archivearticle.xsd" article-type="product-review"><front><journal-meta><journal-id journal-id-type="nlm-ta">BMC Bioinformatics</journal-id><journal-title>BMC Bioinformatics</journal-title><issn pub-type="epub">1471-2105</issn><publisher><publisher-name>BioMed Central</publisher-name><publisher-loc>London</publisher-loc></publisher></journal-meta><article-meta><article-id pub-id-type="accession">PMC529438</article-id><article-id pub-id-type="pmcid">PMC529438</article-id><article-id pub-id-type="pmc-uid">529438</article-id><article-id pub-id-type="pmid">15507136</article-id><article-id pub-id-type="publisher-id">1471-2105-5-163</article-id><article-id pub-id-type="pmid">15507136</article-id><article-id pub-id-type="doi">10.1186/1471-2105-5-163</article-id><article-categories><subj-group subj-group-type="heading"><subject>Software</subject></subj-group></article-categories><title-group><article-title>TETRA: a web-service and a stand-alone program for the analysis and comparison of tetranucleotide usage patterns in DNA sequences</article-title></title-group><contrib-group><contrib id="A1" contrib-type="author"><name><surname>Teeling</surname><given-names>Hanno</given-names></name><xref ref-type="aff" rid="I1">1</xref><email>hteeling@mpi-bremen.de</email></contrib><contrib id="A2" contrib-type="author"><name><surname>Waldmann</surname><given-names>Jost</given-names></name><xref ref-type="aff" rid="I1">1</xref><email>jwaldmann@promedici.de</email></contrib><contrib id="A3" contrib-type="author"><name><surname>Lombardot</surname><given-names>Thierry</given-names></name><xref ref-type="aff" rid="I1">1</xref><email>tlombard@mpi-bremen.de</email></contrib><contrib id="A4" contrib-type="author"><name><surname>Bauer</surname><given-names>Margarete</given-names></name><xref ref-type="aff" rid="I1">1</xref><email>mbauer@mpi-bremen.de</email></contrib><contrib id="A5" corresp="yes" contrib-type="author"><name><surname>Glöckner</surname><given-names>Frank Oliver</given-names></name><xref ref-type="aff" rid="I1">1</xref><xref ref-type="aff" rid="I2">2</xref><email>fog@mpi-bremen.de</email></contrib></contrib-group><aff id="I1"><label>1</label>Microbial Genomics Group, Max Planck Institute for Marine Microbiology, D-28359 Bremen, Germany</aff><aff id="I2"><label>2</label>International University Bremen, D-28759 Bremen, Germany</aff><pub-date pub-type="collection"><year>2004</year></pub-date><pub-date pub-type="epub"><day>26</day><month>10</month><year>2004</year></pub-date><volume>5</volume><fpage>163</fpage><lpage>163</lpage><ext-link ext-link-type="uri" xlink:href="http://www.biomedcentral.com/1471-2105/5/163"/><history><date date-type="received"><day>17</day><month>8</month><year>2004</year></date><date date-type="accepted"><day>26</day><month>10</month><year>2004</year></date></history><copyright-statement>Copyright © 2004 Teeling et al; licensee BioMed Central Ltd.</copyright-statement><license license-type="open-access" xlink:href="http://creativecommons.org/licenses/by/2.0"><p>This is an open-access article distributed under the terms of the Creative Commons Attribution License (<ext-link ext-link-type="uri" xlink:href="http://creativecommons.org/licenses/by/2.0"/>), which permits unrestricted use, distribution, and reproduction in any medium, provided the original work is properly cited.</p></license><abstract><sec><title>Background</title><p>In the emerging field of environmental genomics, direct cloning and sequencing of genomic fragments from complex microbial communities has proven to be a valuable source of new enzymes, expanding the knowledge of basic biological processes. The central problem of this so called metagenome-approach is that the cloned fragments often lack suitable phylogenetic marker genes, rendering the identification of clones that are likely to originate from the same genome difficult or impossible. In such cases, the analysis of intrinsic DNA-signatures like tetranucleotide frequencies can provide valuable hints on fragment affiliation. With this application in mind, the TETRA web-service and the TETRA stand-alone program have been developed, both of which automate the task of comparative tetranucleotide frequency analysis.</p><p><italic>Availability: </italic><ext-link ext-link-type="uri" xlink:href="http://www.megx.net/tetra"/></p></sec><sec><title>Results</title><p>TETRA provides a statistical analysis of tetranucleotide usage patterns in genomic fragments, either via a web-service or a stand-alone program. With respect to discriminatory power, such an analysis outperforms the assignment of genomic fragments based on the (G+C)-content, which is a widely-used sequence-based measure for assessing fragment relatedness. While the web-service is restricted to the calculation of correlation coefficients between tetranucleotide usage patterns of submitted DNA sequences, the stand-alone program generates a much more detailed output, comprising all raw data and graphical plots. The stand-alone program is controlled via a graphical user interface and can batch-process a multitude of sequences. Furthermore, it comes with pre-computed tetranucleotide usage patterns for 166 prokaryote chromosomes, providing a useful reference dataset and source for data-mining.</p></sec><sec><title>Conclusions</title><p>Up to now, the analysis of skewed oligonucleotide distributions within DNA sequences is not a commonly used tool within metagenomics. With the TETRA web-service and stand-alone program, the method is now accessible in an easy to use manner for a broad audience. This will hopefully facilitate the interrelation of genomic fragments from metagenome libraries, ultimately leading to new insights into the genetic potentials of yet uncultured microorganisms.</p></sec></abstract></article-meta></front></article>