<article xmlns="https://dtd.nlm.nih.gov/ns/archiving/2.3/" xmlns:xsi="http://www.w3.org/2001/XMLSchema-instance" xmlns:mml="http://www.w3.org/1998/Math/MathML" xmlns:xlink="http://www.w3.org/1999/xlink" xsi:schemaLocation="https://dtd.nlm.nih.gov/ns/archiving/2.3/ https://dtd.nlm.nih.gov/archiving/2.3/xsd/archivearticle.xsd" article-type="research-article"><front><journal-meta><journal-id journal-id-type="nlm-ta">BMC Bioinformatics</journal-id><journal-title>BMC Bioinformatics</journal-title><issn pub-type="epub">1471-2105</issn><publisher><publisher-name>BioMed Central</publisher-name><publisher-loc>London</publisher-loc></publisher></journal-meta><article-meta><article-id pub-id-type="accession">PMC552314</article-id><article-id pub-id-type="pmcid">PMC552314</article-id><article-id pub-id-type="pmc-uid">552314</article-id><article-id pub-id-type="pmid">15703069</article-id><article-id pub-id-type="publisher-id">1471-2105-6-24</article-id><article-id pub-id-type="pmid">15703069</article-id><article-id pub-id-type="doi">10.1186/1471-2105-6-24</article-id><article-categories><subj-group subj-group-type="heading"><subject>Research Article</subject></subj-group></article-categories><title-group><article-title>Clustering the annotation space of proteins</article-title></title-group><contrib-group><contrib id="A1" corresp="yes" contrib-type="author"><name><surname>Kunin</surname><given-names>Victor</given-names></name><xref ref-type="aff" rid="I1">1</xref><email>kunin@ebi.ac.uk</email></contrib><contrib id="A2" contrib-type="author"><name><surname>Ouzounis</surname><given-names>Christos A</given-names></name><xref ref-type="aff" rid="I1">1</xref><email>ouzounis@ebi.ac.uk</email></contrib></contrib-group><aff id="I1"><label>1</label>Computational Genomics Group, EMBL-EBI, Cambridge, CB10 1SO, UK</aff><pub-date pub-type="collection"><year>2005</year></pub-date><pub-date pub-type="epub"><day>9</day><month>2</month><year>2005</year></pub-date><volume>6</volume><fpage>24</fpage><lpage>24</lpage><ext-link ext-link-type="uri" xlink:href="http://www.biomedcentral.com/1471-2105/6/24"/><history><date date-type="received"><day>19</day><month>8</month><year>2004</year></date><date date-type="accepted"><day>9</day><month>2</month><year>2005</year></date></history><copyright-statement>Copyright © 2005 Kunin and Ouzounis; licensee BioMed Central Ltd.</copyright-statement><license license-type="open-access" xlink:href="http://creativecommons.org/licenses/by/2.0"><p>This is an Open Access article distributed under the terms of the Creative Commons Attribution License (<ext-link ext-link-type="uri" xlink:href="http://creativecommons.org/licenses/by/2.0"/>), which permits unrestricted use, distribution, and reproduction in any medium, provided the original work is properly cited.</p></license><abstract><sec><title>Background</title><p>Current protein clustering methods rely on either sequence or functional similarities between proteins, thereby limiting inferences to one of these areas.</p></sec><sec><title>Results</title><p>Here we report a new approach, named CLAN, which clusters proteins according to both annotation and sequence similarity. This approach is extremely fast, clustering the complete SwissProt database within minutes. It is also accurate, recovering consistent protein families agreeing on average in more than 97% with sequence-based protein families from Pfam. Discrepancies between sequence- and annotation-based clusters were scrutinized and the reasons reported. We demonstrate examples for each of these cases, and thoroughly discuss an example of a propagated error in SwissProt: a vacuolar ATPase subunit M9.2 erroneously annotated as vacuolar ATP synthase subunit H. CLAN algorithm is available from the authors and the CLAN database is accessible at <ext-link ext-link-type="uri" xlink:href="http://maine.ebi.ac.uk:8000/cgi-bin/clan/ClanSearch.pl"/></p></sec><sec><title>Conclusions</title><p>CLAN creates refined function-and-sequence specific protein families that can be used for identification and annotation of unknown family members. It also allows easy identification of erroneous annotations by spotting inconsistencies between similarities on annotation and sequence levels.</p></sec></abstract></article-meta></front></article>