<article xmlns="https://dtd.nlm.nih.gov/ns/archiving/2.3/" xmlns:xsi="http://www.w3.org/2001/XMLSchema-instance" xmlns:mml="http://www.w3.org/1998/Math/MathML" xmlns:xlink="http://www.w3.org/1999/xlink" xsi:schemaLocation="https://dtd.nlm.nih.gov/ns/archiving/2.3/ https://dtd.nlm.nih.gov/archiving/2.3/xsd/archivearticle.xsd" article-type="research-article"><front><journal-meta><journal-id journal-id-type="nlm-ta">BMC Bioinformatics</journal-id><journal-title>BMC Bioinformatics</journal-title><issn pub-type="epub">1471-2105</issn><publisher><publisher-name>BioMed Central</publisher-name><publisher-loc>London</publisher-loc></publisher></journal-meta><article-meta><article-id pub-id-type="accession">PMC55330</article-id><article-id pub-id-type="pmcid">PMC55330</article-id><article-id pub-id-type="pmc-uid">55330</article-id><article-id pub-id-type="pmid">11545673</article-id><article-id pub-id-type="publisher-id">1471-2105-2-5</article-id><article-id pub-id-type="pmid">11545673</article-id><article-id pub-id-type="doi">10.1186/1471-2105-2-5</article-id><article-categories><subj-group subj-group-type="heading"><subject>Research Article</subject></subj-group></article-categories><title-group><article-title>A study of quality measures for protein threading models</article-title></title-group><contrib-group><contrib id="A1" contrib-type="author"><name><surname>Cristobal</surname><given-names>Susana</given-names></name><xref ref-type="aff" rid="I1">1</xref><email>susana.cristobal@icm.uu.se</email></contrib><contrib id="A2" contrib-type="author"><name><surname>Zemla</surname><given-names>Adam</given-names></name><xref ref-type="aff" rid="I2">2</xref><email>adamz@llnl.gov</email></contrib><contrib id="A3" contrib-type="author"><name><surname>Fischer</surname><given-names>Daniel</given-names></name><xref ref-type="aff" rid="I3">3</xref><email>d_scher@cs.bgu.ac.il</email></contrib><contrib id="A4" contrib-type="author"><name><surname>Rychlewski</surname><given-names>Leszek</given-names></name><xref ref-type="aff" rid="I4">4</xref><email>leszek@bioinfo.pl</email></contrib><contrib id="A5" corresp="yes" contrib-type="author"><name><surname>Elofsson</surname><given-names>Arne</given-names></name><xref ref-type="aff" rid="I5">5</xref><email>arne@sbc.su.se</email></contrib></contrib-group><aff id="I1"><label>1</label>Cell and Molecular Biology Department, Box 596. BMC Uppsala University, SE-751 24 Uppsala, Sweden</aff><aff id="I2"><label>2</label>Lawrence Livermore National Laboratory, 7000 East Ave., Livermore, CA 94550-9234 USA</aff><aff id="I3"><label>3</label>Department Bioinformatics/Computer Science, Ben Gurion University, Beer-Sheva 84015, Israel</aff><aff id="I4"><label>4</label>International Institute of Molecular and Cell Biology, Ks. Trojdena 4, 02-109 Warsaw, Poland</aff><aff id="I5"><label>5</label>Stockholm Bioinformatics Center, Stockholm University, SE-106 91 Stockholm, Sweden</aff><pub-date pub-type="collection"><year>2001</year></pub-date><pub-date pub-type="epub"><day>1</day><month>8</month><year>2001</year></pub-date><volume>2</volume><fpage>5</fpage><lpage>5</lpage><ext-link ext-link-type="uri" xlink:href="http://www.biomedcentral.com/1471-2105/2/5"/><history><date date-type="received"><day>9</day><month>4</month><year>2001</year></date><date date-type="accepted"><day>1</day><month>8</month><year>2001</year></date></history><permissions><copyright-statement>Copyright © 2001 Cristobal et al; licensee BioMed Central Ltd. This is an Open Access article: verbatim copying and redistribution of this article are permitted in all media for any purpose, provided this notice is preserved along with the article's original URL.</copyright-statement><copyright-year>2001</copyright-year><copyright-holder>Cristobal et al; licensee BioMed Central Ltd. This is an Open Access article: verbatim copying and redistribution of this article are permitted in all media for any purpose, provided this notice is preserved along with the article's original URL.</copyright-holder></permissions><abstract><sec><title>Background</title><p>Prediction of protein structures is one of the fundamental challenges in biology today. To fully understand how well different prediction methods perform, it is necessary to use measures that evaluate their performance. Every two years, starting in 1994, the CASP (Critical Assessment of protein Structure Prediction) process has been organized to evaluate the ability of different predictors to blindly predict the structure of proteins. To capture different features of the models, several measures have been developed during the CASP processes. However, these measures have not been examined in detail before. In an attempt to develop fully automatic measures that can be used in CASP, as well as in other type of benchmarking experiments, we have compared twenty-one measures. These measures include the measures used in CASP3 and CASP2 as well as have measures introduced later. We have studied their ability to distinguish between the better and worse models submitted to CASP3 and the correlation between them.</p></sec><sec><title>Results</title><p>Using a small set of 1340 models for 23 different targets we show that most methods correlate with each other. Most pairs of measures show a correlation coefficient of about 0.5. The correlation is slightly higher for measures of similar types. We found that a significant problem when developing automatic measures is how to deal with proteins of different length. Also the comparisons between different measures is complicated as many measures are dependent on the size of the target. We show that the manual assessment can be reproduced to about 70% using automatic measures. Alignment independent measures, detects slightly more of the models with the correct fold, while alignment dependent measures agree better when selecting the best models for each target. Finally we show that using automatic measures would, to a large extent, reproduce the assessors ranking of the predictors at CASP3.</p></sec><sec><title>Conclusions</title><p>We show that given a sufficient number of targets the manual and automatic measures would have given almost identical results at CASP3. If the intent is to reproduce the type of scoring done by the manual assessor in in CASP3, the best approach might be to use a combination of alignment independent and alignment dependent measures, as used in several recent studies.</p></sec></abstract></article-meta></front></article>