<article xmlns="https://dtd.nlm.nih.gov/ns/archiving/2.3/" xmlns:xsi="http://www.w3.org/2001/XMLSchema-instance" xmlns:mml="http://www.w3.org/1998/Math/MathML" xmlns:xlink="http://www.w3.org/1999/xlink" xsi:schemaLocation="https://dtd.nlm.nih.gov/ns/archiving/2.3/ https://dtd.nlm.nih.gov/archiving/2.3/xsd/archivearticle.xsd" article-type="research-article"><front><journal-meta><journal-id journal-id-type="nlm-ta">BMC Bioinformatics</journal-id><journal-title>BMC Bioinformatics</journal-title><issn pub-type="epub">1471-2105</issn><publisher><publisher-name>BioMed Central</publisher-name><publisher-loc>London</publisher-loc></publisher></journal-meta><article-meta><article-id pub-id-type="accession">PMC545998</article-id><article-id pub-id-type="pmcid">PMC545998</article-id><article-id pub-id-type="pmc-uid">545998</article-id><article-id pub-id-type="pmid">15638949</article-id><article-id pub-id-type="publisher-id">1471-2105-6-4</article-id><article-id pub-id-type="pmid">15638949</article-id><article-id pub-id-type="doi">10.1186/1471-2105-6-4</article-id><article-categories><subj-group subj-group-type="heading"><subject>Methodology Article</subject></subj-group></article-categories><title-group><article-title>EvDTree: structure-dependent substitution profiles based on decision tree classification of 3D environments</article-title></title-group><contrib-group><contrib id="A1" contrib-type="author"><name><surname>Gelly</surname><given-names>Jean-Christophe</given-names></name><xref ref-type="aff" rid="I1">1</xref><email>gelly@cbs.cnrs.fr</email></contrib><contrib id="A2" contrib-type="author"><name><surname>Chiche</surname><given-names>Laurent</given-names></name><xref ref-type="aff" rid="I1">1</xref><email>chiche@cbs.cnrs.fr</email></contrib><contrib id="A3" corresp="yes" contrib-type="author"><name><surname>Gracy</surname><given-names>Jérôme</given-names></name><xref ref-type="aff" rid="I1">1</xref><email>jgracy@cbs.cnrs.fr</email></contrib></contrib-group><aff id="I1"><label>1</label>Centre de Biochimie Structurale, Faculté de Pharmacie, Université Montpellier I, 15 avenue Charles Flahault, 34093 Montpellier Cedex 5, France</aff><pub-date pub-type="collection"><year>2005</year></pub-date><pub-date pub-type="epub"><day>10</day><month>1</month><year>2005</year></pub-date><volume>6</volume><fpage>4</fpage><lpage>4</lpage><ext-link ext-link-type="uri" xlink:href="http://www.biomedcentral.com/1471-2105/6/4"/><history><date date-type="received"><day>22</day><month>10</month><year>2004</year></date><date date-type="accepted"><day>10</day><month>1</month><year>2005</year></date></history><copyright-statement>Copyright © 2005 Gelly et al; licensee BioMed Central Ltd.</copyright-statement><license license-type="open-access" xlink:href="http://creativecommons.org/licenses/by/2.0"><p>This is an Open Access article distributed under the terms of the Creative Commons Attribution License (<ext-link ext-link-type="uri" xlink:href="http://creativecommons.org/licenses/by/2.0"/>), which permits unrestricted use, distribution, and reproduction in any medium, provided the original work is properly cited.</p></license><abstract><sec><title>Background</title><p>Structure-dependent substitution matrices increase the accuracy of sequence alignments when the 3D structure of one sequence is known, and are successful e.g. in fold recognition. We propose a new automated method, EvDTree, based on a decision tree algorithm, for automatic derivation of amino acid substitution probabilities from a set of sequence-structure alignments. The main advantage over other approaches is an unbiased automatic selection of the most informative structural descriptors and associated values or thresholds. This feature allows automatic derivation of structure-dependent substitution scores for any specific set of structures, without the need to empirically determine best descriptors and parameters.</p></sec><sec><title>Results</title><p>Decision trees for residue substitutions were constructed for each residue type from sequence-structure alignments extracted from the HOMSTRAD database. For each tree cluster, environment-dependent substitution profiles were derived. The resulting structure-dependent substitution scores were assessed using a criterion based on the mean ranking of observed substitution among all possible substitutions and in sequence-structure alignments. The automatically built EvDTree substitution scores provide significantly better results than conventional matrices and similar or slightly better results than other structure-dependent matrices. EvDTree has been applied to small disulfide-rich proteins as a test case to automatically derive specific substitutions scores providing better results than non-specific substitution scores. Analyses of the decision tree classifications provide useful information on the relative importance of different structural descriptors.</p></sec><sec><title>Conclusions</title><p>We propose a fully automatic method for the classification of structural environments and inference of structure-dependent substitution profiles. We show that this approach is more accurate than existing methods for various applications. The easy adaptation of EvDTree to any specific data set opens the way for class-specific structure-dependent substitution scores which can be used in threading-based remote homology searches.</p></sec></abstract></article-meta></front></article>