<article xmlns="https://dtd.nlm.nih.gov/ns/archiving/2.3/" xmlns:xsi="http://www.w3.org/2001/XMLSchema-instance" xmlns:mml="http://www.w3.org/1998/Math/MathML" xmlns:xlink="http://www.w3.org/1999/xlink" xsi:schemaLocation="https://dtd.nlm.nih.gov/ns/archiving/2.3/ https://dtd.nlm.nih.gov/archiving/2.3/xsd/archivearticle.xsd" article-type="research-article"><front><journal-meta><journal-id journal-id-type="nlm-ta">BMC Bioinformatics</journal-id><journal-title>BMC Bioinformatics</journal-title><issn pub-type="epub">1471-2105</issn><publisher><publisher-name>BioMed Central</publisher-name><publisher-loc>London</publisher-loc></publisher></journal-meta><article-meta><article-id pub-id-type="accession">PMC58584</article-id><article-id pub-id-type="pmcid">PMC58584</article-id><article-id pub-id-type="pmc-uid">58584</article-id><article-id pub-id-type="pmid">11667947</article-id><article-id pub-id-type="publisher-id">1471-2105-2-7</article-id><article-id pub-id-type="pmid">11667947</article-id><article-id pub-id-type="doi">10.1186/1471-2105-2-7</article-id><article-categories><subj-group subj-group-type="heading"><subject>Research Article</subject></subj-group></article-categories><title-group><article-title>The Distributed Annotation System</article-title></title-group><contrib-group><contrib id="A1" contrib-type="author"><name><surname>Dowell</surname><given-names>Robin D</given-names></name><xref ref-type="aff" rid="I1">1</xref><email>robin@genetics.wustl.edu</email></contrib><contrib id="A2" contrib-type="author"><name><surname>Jokerst</surname><given-names>Rodney M</given-names></name><xref ref-type="aff" rid="I1">1</xref><email>jokerst@genetics.wustl.edu</email></contrib><contrib id="A3" contrib-type="author"><name><surname>Day</surname><given-names>Allen</given-names></name><xref ref-type="aff" rid="I2">2</xref><email>day@cshl.org</email></contrib><contrib id="A4" contrib-type="author"><name><surname>Eddy</surname><given-names>Sean R</given-names></name><xref ref-type="aff" rid="I1">1</xref><email>eddy@genetics.wustl.edu</email></contrib><contrib id="A5" corresp="yes" contrib-type="author"><name><surname>Stein</surname><given-names>Lincoln</given-names></name><xref ref-type="aff" rid="I2">2</xref><email>stein@cshl.org</email></contrib></contrib-group><aff id="I1"><label>1</label>Howard Hughes Medical Institute and Department of Genetics, Washington University, St. Louis, MO 63110 USA</aff><aff id="I2"><label>2</label>Cold Spring Harbor Laboratory, 1 Bungtown Road, Cold Spring Harbor, NY 11724 USA</aff><pub-date pub-type="collection"><year>2001</year></pub-date><pub-date pub-type="epub"><day>10</day><month>10</month><year>2001</year></pub-date><volume>2</volume><fpage>7</fpage><lpage>7</lpage><ext-link ext-link-type="uri" xlink:href="http://www.biomedcentral.com/1471-2105/2/7"/><history><date date-type="received"><day>10</day><month>8</month><year>2001</year></date><date date-type="accepted"><day>10</day><month>10</month><year>2001</year></date></history><permissions><copyright-statement>Copyright © 2001 Dowell et al; licensee BioMed Central Ltd. This is an Open Access article: verbatim copying and redistribution of this article are permitted in all media for any purpose, provided this notice is preserved along with the article's original URL.</copyright-statement><copyright-year>2001</copyright-year><copyright-holder>Dowell et al; licensee BioMed Central Ltd. This is an Open Access article: verbatim copying and redistribution of this article are permitted in all media for any purpose, provided this notice is preserved along with the article's original URL.</copyright-holder></permissions><abstract><sec><title>Background</title><p>Currently, most genome annotation is curated by centralized groups with limited resources. Efforts to share annotations transparently among multiple groups have not yet been satisfactory.</p></sec><sec><title>Results</title><p>Here we introduce a concept called the Distributed Annotation System (DAS). DAS allows sequence annotations to be decentralized among multiple third-party annotators and integrated on an as-needed basis by client-side software. The communication between client and servers in DAS is defined by the DAS XML specification. Annotations are displayed in layers, one per server. Any client or server adhering to the DAS XML specification can participate in the system; we describe a simple prototype client and server example.</p></sec><sec><title>Conclusions</title><p>The DAS specification is being used experimentally by Ensembl, WormBase, and the Berkeley Drosophila Genome Project. Continued success will depend on the readiness of the research community to adopt DAS and provide annotations. All components are freely available from the project website <ext-link ext-link-type="uri" xlink:href="http://www.biodas.org/"/>.</p></sec></abstract></article-meta></front></article>