<article xmlns="https://dtd.nlm.nih.gov/ns/archiving/2.3/" xmlns:xsi="http://www.w3.org/2001/XMLSchema-instance" xmlns:mml="http://www.w3.org/1998/Math/MathML" xmlns:xlink="http://www.w3.org/1999/xlink" xsi:schemaLocation="https://dtd.nlm.nih.gov/ns/archiving/2.3/ https://dtd.nlm.nih.gov/archiving/2.3/xsd/archivearticle.xsd" article-type="research-article"><front><journal-meta><journal-id journal-id-type="nlm-ta">BMC Bioinformatics</journal-id><journal-title>BMC Bioinformatics</journal-title><issn pub-type="epub">1471-2105</issn><publisher><publisher-name>BioMed Central</publisher-name><publisher-loc>London</publisher-loc></publisher></journal-meta><article-meta><article-id pub-id-type="accession">PMC545960</article-id><article-id pub-id-type="pmcid">PMC545960</article-id><article-id pub-id-type="pmc-uid">545960</article-id><article-id pub-id-type="pmid">15617578</article-id><article-id pub-id-type="publisher-id">1471-2105-5-207</article-id><article-id pub-id-type="pmid">15617578</article-id><article-id pub-id-type="doi">10.1186/1471-2105-5-207</article-id><article-categories><subj-group subj-group-type="heading"><subject>Research Article</subject></subj-group></article-categories><title-group><article-title>Clustering under the line graph transformation: application to reaction network</article-title></title-group><contrib-group><contrib id="A1" corresp="yes" contrib-type="author"><name><surname>Nacher</surname><given-names>Jose C</given-names></name><xref ref-type="aff" rid="I1">1</xref><email>nacher@kuicr.kyoto-u.ac.jp</email></contrib><contrib id="A2" contrib-type="author"><name><surname>Ueda</surname><given-names>Nobuhisa</given-names></name><xref ref-type="aff" rid="I1">1</xref><email>ueda@kuicr.kyoto-u.ac.jp</email></contrib><contrib id="A3" contrib-type="author"><name><surname>Yamada</surname><given-names>Takuji</given-names></name><xref ref-type="aff" rid="I1">1</xref><email>takuji@kuicr.kyoto-u.ac.jp</email></contrib><contrib id="A4" contrib-type="author"><name><surname>Kanehisa</surname><given-names>Minoru</given-names></name><xref ref-type="aff" rid="I1">1</xref><email>kanehisa@kuicr.kyoto-u.ac.jp</email></contrib><contrib id="A5" contrib-type="author"><name><surname>Akutsu</surname><given-names>Tatsuya</given-names></name><xref ref-type="aff" rid="I1">1</xref><email>takutsu@kuicr.kyoto-u.ac.jp</email></contrib></contrib-group><aff id="I1"><label>1</label>Bioinformatics Center, Institute for Chemical Research, Kyoto University, Uji, 611-0011, Japan</aff><pub-date pub-type="collection"><year>2004</year></pub-date><pub-date pub-type="epub"><day>24</day><month>12</month><year>2004</year></pub-date><volume>5</volume><fpage>207</fpage><lpage>207</lpage><ext-link ext-link-type="uri" xlink:href="http://www.biomedcentral.com/1471-2105/5/207"/><history><date date-type="received"><day>14</day><month>10</month><year>2004</year></date><date date-type="accepted"><day>24</day><month>12</month><year>2004</year></date></history><permissions><copyright-statement>Copyright © 2004 Nacher et al; licensee BioMed Central Ltd.</copyright-statement><copyright-year>2004</copyright-year><copyright-holder>Nacher et al; licensee BioMed Central Ltd.</copyright-holder><license license-type="open-access" xlink:href="http://creativecommons.org/licenses/by/2.0"><p>This is an Open Access article distributed under the terms of the Creative Commons Attribution License (<ext-link ext-link-type="uri" xlink:href="http://creativecommons.org/licenses/by/2.0"/>), which permits unrestricted use, distribution, and reproduction in any medium, provided the original work is properly cited.</p><!--<rdf xmlns="http://web.resource.org/cc/" xmlns:rdf="http://www.w3.org/1999/02/22-rdf-syntax-ns#" xmlns:dc="http://purl.org/dc/elements/1.1" xmlns:dcterms="http://purl.org/dc/terms"><Work xmlns:dc="http://purl.org/dc/elements/1.1/" xmlns:dcterms="http://purl.org/dc/terms/" rdf:about=""><license rdf:resource="http://creativecommons.org/licenses/by/2.0"/><dc:type rdf:resource="http://purl.org/dc/dcmitype/Text"/><dc:author>
               Nacher
               C
               Jose
               
               nacher@kuicr.kyoto-u.ac.jp
            </dc:author><dc:title>
            Clustering under the line graph transformation: application to reaction network
         </dc:title><dc:date>2004</dc:date><dcterms:bibliographicCitation>BMC Bioinformatics 5(1): 207-. (2004)</dcterms:bibliographicCitation><dc:identifier type="sici">1471-2105(2004)5:1&#x0003c;207&#x0003e;</dc:identifier><dcterms:isPartOf>urn:ISSN:1471-2105</dcterms:isPartOf><License rdf:about="http://creativecommons.org/licenses/by/2.0"><permits rdf:resource="http://web.resource.org/cc/Reproduction" xmlns=""/><permits rdf:resource="http://web.resource.org/cc/Distribution" xmlns=""/><requires rdf:resource="http://web.resource.org/cc/Notice" xmlns=""/><requires rdf:resource="http://web.resource.org/cc/Attribution" xmlns=""/><permits rdf:resource="http://web.resource.org/cc/DerivativeWorks" xmlns=""/></License></Work></rdf>--></license></permissions><abstract><sec><title>Background</title><p>Many real networks can be understood as two complementary networks with two kind of nodes. This is the case of metabolic networks where the first network has chemical compounds as nodes and the second one has nodes as reactions. In general, the second network may be related to the first one by a technique called line graph transformation (i.e., edges in an initial network are transformed into nodes). Recently, the main topological properties of the metabolic networks have been properly described by means of a hierarchical model. While the chemical compound network has been classified as hierarchical network, a detailed study of the chemical reaction network had not been carried out.</p></sec><sec><title>Results</title><p>We have applied the line graph transformation to a hierarchical network and the degree-dependent clustering coefficient <italic>C</italic>(<italic>k</italic>) is calculated for the transformed network. <italic>C</italic>(<italic>k</italic>) indicates the probability that two nearest neighbours of a vertex of degree <italic>k </italic>are connected to each other. While <italic>C</italic>(<italic>k</italic>) follows the scaling law <italic>C</italic>(<italic>k</italic>) ~ <italic>k</italic><sup>-1.1 </sup>for the initial hierarchical network, <italic>C</italic>(<italic>k</italic>) scales weakly as <italic>k</italic><sup>0.08 </sup>for the transformed network. This theoretical prediction was compared with the experimental data of chemical reactions from the KEGG database finding a good agreement.</p></sec><sec><title>Conclusions</title><p>The weak scaling found for the transformed network indicates that the reaction network can be identified as a degree-independent clustering network. By using this result, the hierarchical classification of the reaction network is discussed.</p></sec></abstract></article-meta></front></article>