<article xmlns="https://dtd.nlm.nih.gov/ns/archiving/2.3/" xmlns:xsi="http://www.w3.org/2001/XMLSchema-instance" xmlns:mml="http://www.w3.org/1998/Math/MathML" xmlns:xlink="http://www.w3.org/1999/xlink" xsi:schemaLocation="https://dtd.nlm.nih.gov/ns/archiving/2.3/ https://dtd.nlm.nih.gov/archiving/2.3/xsd/archivearticle.xsd" article-type="product-review"><front><journal-meta><journal-id journal-id-type="nlm-ta">BMC Bioinformatics</journal-id><journal-title>BMC Bioinformatics</journal-title><issn pub-type="epub">1471-2105</issn><publisher><publisher-name>BioMed Central</publisher-name><publisher-loc>London</publisher-loc></publisher></journal-meta><article-meta><article-id pub-id-type="accession">PMC517925</article-id><article-id pub-id-type="pmcid">PMC517925</article-id><article-id pub-id-type="pmc-uid">517925</article-id><article-id pub-id-type="pmid">15331023</article-id><article-id pub-id-type="publisher-id">1471-2105-5-115</article-id><article-id pub-id-type="pmid">15331023</article-id><article-id pub-id-type="doi">10.1186/1471-2105-5-115</article-id><article-categories><subj-group subj-group-type="heading"><subject>Software</subject></subj-group></article-categories><title-group><article-title>An imaging system for standardized quantitative analysis of <italic>C. elegans </italic>behavior</article-title></title-group><contrib-group><contrib id="A1" equal-contrib="yes" contrib-type="author"><name><surname>Feng</surname><given-names>Zhaoyang</given-names></name><xref ref-type="aff" rid="I1">1</xref><email>zhaoyang@UCSD.Edu</email></contrib><contrib id="A2" equal-contrib="yes" contrib-type="author"><name><surname>Cronin</surname><given-names>Christopher J</given-names></name><xref ref-type="aff" rid="I2">2</xref><email>cjc@caltech.edu</email></contrib><contrib id="A3" contrib-type="author"><name><surname>Wittig</surname><given-names>John H</given-names><suffix>Jr</suffix></name><xref ref-type="aff" rid="I1">1</xref><email>john_wittig@yahoo.com</email></contrib><contrib id="A4" contrib-type="author"><name><surname>Sternberg</surname><given-names>Paul W</given-names></name><xref ref-type="aff" rid="I2">2</xref><xref ref-type="aff" rid="I3">3</xref><email>pws@caltech.edu</email></contrib><contrib id="A5" corresp="yes" contrib-type="author"><name><surname>Schafer</surname><given-names>William R</given-names></name><xref ref-type="aff" rid="I1">1</xref><email>wschafer@ucsd.edu</email></contrib></contrib-group><aff id="I1"><label>1</label>Division of Biological Sciences, University of California, San Diego, CA USA</aff><aff id="I2"><label>2</label>Division of Biology, California Institute of Technology, Pasadena, CA 91125 USA</aff><aff id="I3"><label>3</label>Howard Hughes Medical Institute, California Institute of Technology, Pasadena, CA 91125 USA</aff><pub-date pub-type="collection"><year>2004</year></pub-date><pub-date pub-type="epub"><day>26</day><month>8</month><year>2004</year></pub-date><volume>5</volume><fpage>115</fpage><lpage>115</lpage><ext-link ext-link-type="uri" xlink:href="http://www.biomedcentral.com/1471-2105/5/115"/><history><date date-type="received"><day>12</day><month>5</month><year>2004</year></date><date date-type="accepted"><day>26</day><month>8</month><year>2004</year></date></history><copyright-statement>Copyright © 2004 Feng et al; licensee BioMed Central Ltd.</copyright-statement><license license-type="open-access" xlink:href="http://creativecommons.org/licenses/by/2.0"><p>This is an open-access article distributed under the terms of the Creative Commons Attribution License (<ext-link ext-link-type="uri" xlink:href="http://creativecommons.org/licenses/by/2.0"/>), which permits unrestricted use, distribution, and reproduction in any medium, provided the original work is properly cited.</p></license><abstract><sec><title>Background</title><p>The nematode <italic>Caenorhabditis elegans </italic>is widely used for the genetic analysis of neuronal cell biology, development, and behavior. Because traditional methods for evaluating behavioral phenotypes are qualitative and imprecise, there is a need for tools that allow quantitation and standardization of <italic>C. elegans </italic>behavioral assays.</p></sec><sec><title>Results</title><p>Here we describe a tracking and imaging system for the automated analysis of <italic>C. elegans </italic>morphology and behavior. Using this system, it is possible to record the behavior of individual nematodes over long time periods and quantify 144 specific phenotypic parameters.</p></sec><sec><title>Conclusions</title><p>These tools for phenotypic analysis will provide reliable, comprehensive scoring of a wide range of behavioral abnormalities, and will make it possible to standardize assays such that behavioral data from different labs can readily be compared. In addition, this system will facilitate high-throughput collection of phenotypic data that can ultimately be used to generate a comprehensive database of <italic>C. elegans </italic>phenotypic information.</p></sec><sec><title>Availability</title><p>The hardware configuration and software for the system are available from <email>wschafer@ucsd.edu</email>.</p></sec></abstract></article-meta></front></article>