<article xmlns="https://dtd.nlm.nih.gov/ns/archiving/2.3/" xmlns:xsi="http://www.w3.org/2001/XMLSchema-instance" xmlns:mml="http://www.w3.org/1998/Math/MathML" xmlns:xlink="http://www.w3.org/1999/xlink" xsi:schemaLocation="https://dtd.nlm.nih.gov/ns/archiving/2.3/ https://dtd.nlm.nih.gov/archiving/2.3/xsd/archivearticle.xsd" article-type="research-article"><front><journal-meta><journal-id journal-id-type="nlm-ta">BMC Bioinformatics</journal-id><journal-title>BMC Bioinformatics</journal-title><issn pub-type="epub">1471-2105</issn><publisher><publisher-name>BioMed Central</publisher-name><publisher-loc>London</publisher-loc></publisher></journal-meta><article-meta><article-id pub-id-type="accession">PMC514700</article-id><article-id pub-id-type="pmcid">PMC514700</article-id><article-id pub-id-type="pmc-uid">514700</article-id><article-id pub-id-type="pmid">15312235</article-id><article-id pub-id-type="publisher-id">1471-2105-5-112</article-id><article-id pub-id-type="pmid">15312235</article-id><article-id pub-id-type="doi">10.1186/1471-2105-5-112</article-id><article-categories><subj-group subj-group-type="heading"><subject>Methodology Article</subject></subj-group></article-categories><title-group><article-title>IdentiCS – Identification of coding sequence and <italic>in silico </italic>reconstruction of the metabolic network directly from unannotated low-coverage bacterial genome sequence</article-title></title-group><contrib-group><contrib id="A1" contrib-type="author"><name><surname>Sun</surname><given-names>Jibin</given-names></name><xref ref-type="aff" rid="I1">1</xref><email>jsu@gbf.de</email></contrib><contrib id="A2" corresp="yes" contrib-type="author"><name><surname>Zeng</surname><given-names>An-Ping</given-names></name><xref ref-type="aff" rid="I1">1</xref><email>aze@gbf.de</email></contrib></contrib-group><aff id="I1"><label>1</label>Department of Genome Analysis, GBF-German Research Center for Biotechnology, Mascheroder Weg 1, Braunschweig, 38124, Germany</aff><pub-date pub-type="collection"><year>2004</year></pub-date><pub-date pub-type="epub"><day>16</day><month>8</month><year>2004</year></pub-date><volume>5</volume><fpage>112</fpage><lpage>112</lpage><ext-link ext-link-type="uri" xlink:href="http://www.biomedcentral.com/1471-2105/5/112"/><history><date date-type="received"><day>17</day><month>5</month><year>2004</year></date><date date-type="accepted"><day>16</day><month>8</month><year>2004</year></date></history><copyright-statement>Copyright © 2004 Sun and Zeng; licensee BioMed Central Ltd.</copyright-statement><license license-type="open-access" xlink:href="http://creativecommons.org/licenses/by/2.0"><p>This is an open-access article distributed under the terms of the Creative Commons Attribution License (<ext-link ext-link-type="uri" xlink:href="http://creativecommons.org/licenses/by/2.0"/>), which permits unrestricted use, distribution, and reproduction in any medium, provided the original work is properly cited.</p></license><abstract><sec><title>Background</title><p>A necessary step for a genome level analysis of the cellular metabolism is the <italic>in silico </italic>reconstruction of the metabolic network from genome sequences. The available methods are mainly based on the annotation of genome sequences including two successive steps, the prediction of coding sequences (CDS) and their function assignment. The annotation process takes time. The available methods often encounter difficulties when dealing with unfinished error-containing genomic sequence.</p></sec><sec><title>Results</title><p>In this work a fast method is proposed to use unannotated genome sequence for predicting CDSs and for an <italic>in silico </italic>reconstruction of metabolic networks. Instead of using predicted genes or CDSs to query public databases, entries from public DNA or protein databases are used as queries to search a local database of the unannotated genome sequence to predict CDSs. Functions are assigned to the predicted CDSs simultaneously. The well-annotated genome of <italic>Salmonella typhimurium </italic>LT2 is used as an example to demonstrate the applicability of the method. 97.7% of the CDSs in the original annotation are correctly identified. The use of SWISS-PROT-TrEMBL databases resulted in an identification of 98.9% of CDSs that have EC-numbers in the published annotation. Furthermore, two versions of sequences of the bacterium <italic>Klebsiella pneumoniae </italic>with different genome coverage (3.9 and 7.9 fold, respectively) are examined. The results suggest that a 3.9-fold coverage of the bacterial genome could be sufficiently used for the <italic>in silico </italic>reconstruction of the metabolic network. Compared to other gene finding methods such as CRITICA our method is more suitable for exploiting sequences of low genome coverage. Based on the new method, a program called IdentiCS (<underline>Identi</underline>fication of <underline>C</underline>oding <underline>S</underline>equences from Unfinished Genome Sequences) is delivered that combines the identification of CDSs with the reconstruction, comparison and visualization of metabolic networks (free to download at <ext-link ext-link-type="uri" xlink:href="http://genome.gbf.de/bioinformatics/index.html"/>).</p></sec><sec><title>Conclusions</title><p>The reversed querying process and the program IdentiCS allow a fast and adequate prediction protein coding sequences and reconstruction of the potential metabolic network from low coverage genome sequences of bacteria. The new method can accelerate the use of genomic data for studying cellular metabolism.</p></sec></abstract><kwd-group><kwd>low-coverage</kwd><kwd>unfinished</kwd><kwd>genome sequence</kwd><kwd>annotation</kwd><kwd>coding sequence</kwd><kwd><italic>in silico </italic>reconstruction</kwd><kwd>visualization</kwd><kwd>comparison</kwd><kwd>metabolic network</kwd><kwd><italic>Salmonella typhimurium</italic></kwd><kwd><italic>Klebsiella pneumoniae</italic></kwd></kwd-group></article-meta></front></article>