<article xmlns="https://dtd.nlm.nih.gov/ns/archiving/2.3/" xmlns:xsi="http://www.w3.org/2001/XMLSchema-instance" xmlns:mml="http://www.w3.org/1998/Math/MathML" xmlns:xlink="http://www.w3.org/1999/xlink" xsi:schemaLocation="https://dtd.nlm.nih.gov/ns/archiving/2.3/ https://dtd.nlm.nih.gov/archiving/2.3/xsd/archivearticle.xsd" article-type="product-review"><front><journal-meta><journal-id journal-id-type="nlm-ta">BMC Bioinformatics</journal-id><journal-title>BMC Bioinformatics</journal-title><issn pub-type="epub">1471-2105</issn><publisher><publisher-name>BioMed Central</publisher-name><publisher-loc>London</publisher-loc></publisher></journal-meta><article-meta><article-id pub-id-type="accession">PMC533867</article-id><article-id pub-id-type="pmcid">PMC533867</article-id><article-id pub-id-type="pmc-uid">533867</article-id><article-id pub-id-type="pmid">15509307</article-id><article-id pub-id-type="publisher-id">1471-2105-5-167</article-id><article-id pub-id-type="pmid">15509307</article-id><article-id pub-id-type="doi">10.1186/1471-2105-5-167</article-id><article-categories><subj-group subj-group-type="heading"><subject>Software</subject></subj-group></article-categories><title-group><article-title>Improvement of alignment accuracy utilizing sequentially conserved motifs</article-title></title-group><contrib-group><contrib id="A1" contrib-type="author"><name><surname>Chakrabarti</surname><given-names>Saikat</given-names></name><xref ref-type="aff" rid="I1">1</xref><email>saikat@ncbs.res.in</email></contrib><contrib id="A2" contrib-type="author"><name><surname>Bhardwaj</surname><given-names>Nitin</given-names></name><xref ref-type="aff" rid="I2">2</xref><email>nbhard2@uic.edu</email></contrib><contrib id="A3" contrib-type="author"><name><surname>Anand</surname><given-names>Prem A</given-names></name><xref ref-type="aff" rid="I3">3</xref><email>premand@sbox.tugraz.at</email></contrib><contrib id="A4" corresp="yes" contrib-type="author"><name><surname>Sowdhamini</surname><given-names>Ramanathan</given-names></name><xref ref-type="aff" rid="I1">1</xref><email>mini@ncbs.res.in</email></contrib></contrib-group><aff id="I1"><label>1</label>National Centre for Biological Sciences (TIFR), Bangalore 560065, India</aff><aff id="I2"><label>2</label>Department of Chemical Engineering, Indian Institute of Technology, Mumbai, India</aff><aff id="I3"><label>3</label>International Institute of Information Technology (MSIT), Hyderabad, India</aff><pub-date pub-type="collection"><year>2004</year></pub-date><pub-date pub-type="epub"><day>28</day><month>10</month><year>2004</year></pub-date><volume>5</volume><fpage>167</fpage><lpage>167</lpage><ext-link ext-link-type="uri" xlink:href="http://www.biomedcentral.com/1471-2105/5/167"/><history><date date-type="received"><day>28</day><month>5</month><year>2004</year></date><date date-type="accepted"><day>28</day><month>10</month><year>2004</year></date></history><copyright-statement>Copyright © 2004 Chakrabarti et al; licensee BioMed Central Ltd.</copyright-statement><license license-type="open-access" xlink:href="http://creativecommons.org/licenses/by/2.0"><p>This is an Open Access article distributed under the terms of the Creative Commons Attribution License (<ext-link ext-link-type="uri" xlink:href="http://creativecommons.org/licenses/by/2.0"/>), which permits unrestricted use, distribution, and reproduction in any medium, provided the original work is properly cited.</p></license><abstract><sec><title>Background</title><p>Multiple sequence alignment algorithms are very important tools in molecular biology today. Accurate alignment of proteins is central to several areas such as homology modelling, docking studies, understanding evolutionary trends and study of structure-function relationships. In recent times, improvement of existing progressing programs and implementation of new iterative algorithms have made a significant change in this field.</p></sec><sec><title>Results</title><p>We report an alignment algorithm that combines progressive dynamic algorithm, local substructure alignment and iterative refinement to achieve an improved, user-interactive tool. Large-scale benchmarking studies show that this FMALIGN server produces alignments that, aside from preservation of functional and structural conservation, have accuracy comparable to other popular multiple alignment programs.</p></sec><sec><title>Conclusions</title><p>The FMALIGN server allows the user to fix conserved regions in equivalent position in the alignment thereby reducing the chance of global misalignment to a great extent. FMALIGN is available at <ext-link ext-link-type="uri" xlink:href="http://caps.ncbs.res.in/FMALIGN/Home.html"/></p></sec></abstract></article-meta></front></article>