<article xmlns="https://dtd.nlm.nih.gov/ns/archiving/2.3/" xmlns:xsi="http://www.w3.org/2001/XMLSchema-instance" xmlns:mml="http://www.w3.org/1998/Math/MathML" xmlns:xlink="http://www.w3.org/1999/xlink" xsi:schemaLocation="https://dtd.nlm.nih.gov/ns/archiving/2.3/ https://dtd.nlm.nih.gov/archiving/2.3/xsd/archivearticle.xsd" article-type="research-article"><front><journal-meta><journal-id journal-id-type="nlm-ta">BMC Bioinformatics</journal-id><journal-title>BMC Bioinformatics</journal-title><issn pub-type="epub">1471-2105</issn><publisher><publisher-name>BioMed Central</publisher-name><publisher-loc>London</publisher-loc></publisher></journal-meta><article-meta><article-id pub-id-type="accession">PMC521198</article-id><article-id pub-id-type="pmcid">PMC521198</article-id><article-id pub-id-type="pmc-uid">521198</article-id><article-id pub-id-type="pmid">14693042</article-id><article-id pub-id-type="publisher-id">1471-2105-4-66</article-id><article-id pub-id-type="pmid">14693042</article-id><article-id pub-id-type="doi">10.1186/1471-2105-4-66</article-id><article-categories><subj-group subj-group-type="heading"><subject>Methodology Article</subject></subj-group></article-categories><title-group><article-title>Fast and sensitive multiple alignment of large genomic sequences</article-title></title-group><contrib-group><contrib id="A1" corresp="yes" contrib-type="author"><name><surname>Brudno</surname><given-names>Michael</given-names></name><xref ref-type="aff" rid="I1">1</xref><email>brudno@cs.stanford.edu</email></contrib><contrib id="A2" contrib-type="author"><name><surname>Chapman</surname><given-names>Michael</given-names></name><xref ref-type="aff" rid="I2">2</xref><email>mac54@cus.cam.ac.uk</email></contrib><contrib id="A3" contrib-type="author"><name><surname>Göttgens</surname><given-names>Berthold</given-names></name><xref ref-type="aff" rid="I2">2</xref><email>bg200@cam.ac.uk</email></contrib><contrib id="A4" contrib-type="author"><name><surname>Batzoglou</surname><given-names>Serafim</given-names></name><xref ref-type="aff" rid="I1">1</xref><email>serafim@cs.stanford.edu</email></contrib><contrib id="A5" corresp="yes" contrib-type="author"><name><surname>Morgenstern</surname><given-names>Burkhard</given-names></name><xref ref-type="aff" rid="I3">3</xref><xref ref-type="aff" rid="I4">4</xref><email>bmorgen@gwdg.de</email></contrib></contrib-group><aff id="I1"><label>1</label>Department of Computer Science, Stanford University, Stanford, CA 94305, USA</aff><aff id="I2"><label>2</label>Department of Haematology, University of Cambridge, Cambridge Institute for Medical Research, Hills Road, Cambridge CB2 2XY, United Kingdom</aff><aff id="I3"><label>3</label>International Graduate School in Bioinformatics and Genome Research, Universität Bielefeld, Postfach 100131, 33501 Bielefeld, Germany</aff><aff id="I4"><label>4</label>University of Göttingen, Institute of Microbiology and Genetics, Goldschmidtstr. 1, 37077 Göttingen, Germany</aff><pub-date pub-type="collection"><year>2003</year></pub-date><pub-date pub-type="epub"><day>23</day><month>12</month><year>2003</year></pub-date><volume>4</volume><fpage>66</fpage><lpage>66</lpage><ext-link ext-link-type="uri" xlink:href="http://www.biomedcentral.com/1471-2105/4/66"/><history><date date-type="received"><day>1</day><month>9</month><year>2003</year></date><date date-type="accepted"><day>23</day><month>12</month><year>2003</year></date></history><permissions><copyright-statement>Copyright © 2003 Brudno et al; licensee BioMed Central Ltd. This is an Open Access article: verbatim copying and redistribution of this article are permitted in all media for any purpose, provided this notice is preserved along with the article's original URL.</copyright-statement><copyright-year>2003</copyright-year><copyright-holder>Brudno et al; licensee BioMed Central Ltd. This is an Open Access article: verbatim copying and redistribution of this article are permitted in all media for any purpose, provided this notice is preserved along with the article's original URL.</copyright-holder></permissions><abstract><sec><title>Background</title><p>Genomic sequence alignment is a powerful method for genome analysis and annotation, as alignments are routinely used to identify functional sites such as genes or regulatory elements. With a growing number of partially or completely sequenced genomes, <italic>multiple alignment </italic>is playing an increasingly important role in these studies. In recent years, various tools for pair-wise and multiple genomic alignment have been proposed. Some of them are extremely fast, but often efficiency is achieved at the expense of sensitivity. One way of combining speed and sensitivity is to use an <italic>anchored-alignment </italic>approach. In a first step, a fast search program identifies a chain of strong local sequence similarities. In a second step, regions between these anchor points are aligned using a slower but more accurate method.</p></sec><sec><title>Results</title><p>Herein, we present CHAOS, a novel algorithm for rapid identification of chains of local pair-wise sequence similarities. Local alignments calculated by CHAOS are used as anchor points to improve the running time of DIALIGN, a slow but sensitive multiple-alignment tool. We show that this way, the running time of DIALIGN can be reduced by more than 95% for BAC-sized and longer sequences, without affecting the quality of the resulting alignments. We apply our approach to a set of five genomic sequences around the stem-cell-leukemia (SCL) gene and demonstrate that exons and small regulatory elements can be identified by our multiple-alignment procedure.</p></sec><sec><title>Conclusion</title><p>We conclude that the novel CHAOS local alignment tool is an effective way to significantly speed up global alignment tools such as DIALIGN without reducing the alignment quality. We likewise demonstrate that the DIALIGN/CHAOS combination is able to accurately align short regulatory sequences in distant orthologues.</p></sec></abstract></article-meta></front></article>