<article xmlns="https://dtd.nlm.nih.gov/ns/archiving/2.3/" xmlns:xsi="http://www.w3.org/2001/XMLSchema-instance" xmlns:mml="http://www.w3.org/1998/Math/MathML" xmlns:xlink="http://www.w3.org/1999/xlink" xsi:schemaLocation="https://dtd.nlm.nih.gov/ns/archiving/2.3/ https://dtd.nlm.nih.gov/archiving/2.3/xsd/archivearticle.xsd" article-type="research-article"><front><journal-meta><journal-id journal-id-type="nlm-ta">BMC Bioinformatics</journal-id><journal-title>BMC Bioinformatics</journal-title><issn pub-type="epub">1471-2105</issn><publisher><publisher-name>BioMed Central</publisher-name><publisher-loc>London</publisher-loc></publisher></journal-meta><article-meta><article-id pub-id-type="accession">PMC535926</article-id><article-id pub-id-type="pmcid">PMC535926</article-id><article-id pub-id-type="pmc-uid">535926</article-id><article-id pub-id-type="pmid">15555081</article-id><article-id pub-id-type="publisher-id">1471-2105-5-181</article-id><article-id pub-id-type="pmid">15555081</article-id><article-id pub-id-type="doi">10.1186/1471-2105-5-181</article-id><article-categories><subj-group subj-group-type="heading"><subject>Research Article</subject></subj-group></article-categories><title-group><article-title>Discriminative topological features reveal biological network mechanisms</article-title></title-group><contrib-group><contrib id="A1" corresp="yes" contrib-type="author"><name><surname>Middendorf</surname><given-names>Manuel</given-names></name><xref ref-type="aff" rid="I1">1</xref><email>mjm2007@columbia.edu</email></contrib><contrib id="A2" contrib-type="author"><name><surname>Ziv</surname><given-names>Etay</given-names></name><xref ref-type="aff" rid="I2">2</xref><email>ez87@columbia.edu</email></contrib><contrib id="A3" contrib-type="author"><name><surname>Adams</surname><given-names>Carter</given-names></name><xref ref-type="aff" rid="I3">3</xref><email>cca2001@columbia.edu</email></contrib><contrib id="A4" contrib-type="author"><name><surname>Hom</surname><given-names>Jen</given-names></name><xref ref-type="aff" rid="I4">4</xref><email>jch149@columbia.edu</email></contrib><contrib id="A5" contrib-type="author"><name><surname>Koytcheff</surname><given-names>Robin</given-names></name><xref ref-type="aff" rid="I4">4</xref><email>rmk2002@columbia.edu</email></contrib><contrib id="A6" contrib-type="author"><name><surname>Levovitz</surname><given-names>Chaya</given-names></name><xref ref-type="aff" rid="I5">5</xref><email>cl2021@barnard.edu</email></contrib><contrib id="A7" contrib-type="author"><name><surname>Woods</surname><given-names>Gregory</given-names></name><xref ref-type="aff" rid="I3">3</xref><email>gaw59@columbia.edu</email></contrib><contrib id="A8" contrib-type="author"><name><surname>Chen</surname><given-names>Linda</given-names></name><xref ref-type="aff" rid="I6">6</xref><email>lchen@math.columbia.edu</email></contrib><contrib id="A9" contrib-type="author"><name><surname>Wiggins</surname><given-names>Chris</given-names></name><xref ref-type="aff" rid="I7">7</xref><xref ref-type="aff" rid="I8">8</xref><email>chris.wiggins@columbia.edu</email></contrib></contrib-group><aff id="I1"><label>1</label>Department of Physics, Columbia University, New York, USA</aff><aff id="I2"><label>2</label>College of Physicians and Surgeons, Columbia University, New York, USA</aff><aff id="I3"><label>3</label>Columbia College, Columbia University, New York, USA</aff><aff id="I4"><label>4</label>Fu Foundation School of Engineering and Applied Sciences, Columbia University, New York, USA</aff><aff id="I5"><label>5</label>Barnard College, Columbia University, New York, USA</aff><aff id="I6"><label>6</label>Department of Mathematics, Columbia University, New York, USA</aff><aff id="I7"><label>7</label>Department of Applied Physics and Applied Mathematics, Columbia University, New York, USA</aff><aff id="I8"><label>8</label>Center for Computational Biology and Bioinformatics, Columbia University, New York, USA</aff><pub-date pub-type="collection"><year>2004</year></pub-date><pub-date pub-type="epub"><day>22</day><month>11</month><year>2004</year></pub-date><volume>5</volume><fpage>181</fpage><lpage>181</lpage><ext-link ext-link-type="uri" xlink:href="http://www.biomedcentral.com/1471-2105/5/181"/><history><date date-type="received"><day>24</day><month>7</month><year>2004</year></date><date date-type="accepted"><day>22</day><month>11</month><year>2004</year></date></history><copyright-statement>Copyright © 2004 Middendorf et al; licensee BioMed Central Ltd.</copyright-statement><license license-type="open-access" xlink:href="http://creativecommons.org/licenses/by/2.0"><p>This is an Open Access article distributed under the terms of the Creative Commons Attribution License (<ext-link ext-link-type="uri" xlink:href="http://creativecommons.org/licenses/by/2.0"/>), which permits unrestricted use, distribution, and reproduction in any medium, provided the original work is properly cited.</p></license><abstract><sec><title>Background</title><p>Recent genomic and bioinformatic advances have motivated the development of numerous network models intending to describe graphs of biological, technological, and sociological origin. In most cases the success of a model has been evaluated by how well it reproduces a few key features of the real-world data, such as degree distributions, mean geodesic lengths, and clustering coefficients. Often pairs of models can reproduce these features with indistinguishable fidelity despite being generated by vastly different mechanisms. In such cases, these few target features are insufficient to distinguish which of the different models best describes real world networks of interest; moreover, it is not clear a priori that <italic>any </italic>of the presently-existing algorithms for network generation offers a predictive description of the networks inspiring them.</p></sec><sec><title>Results</title><p>We present a method to assess systematically which of a set of proposed network generation algorithms gives the most accurate description of a given biological network. To derive discriminative classifiers, we construct a mapping from the set of all graphs to a high-dimensional (in principle infinite-dimensional) "word space". This map defines an input space for classification schemes which allow us to state unambiguously which models are most descriptive of a given network of interest. Our training sets include networks generated from 17 models either drawn from the literature or introduced in this work. We show that different duplication-mutation schemes best describe the <italic>E. coli </italic>genetic network, the <italic>S. cerevisiae </italic>protein interaction network, and the <italic>C. elegans </italic>neuronal network, out of a set of network models including a linear preferential attachment model and a small-world model.</p></sec><sec><title>Conclusions</title><p>Our method is a first step towards systematizing network models and assessing their predictability, and we anticipate its usefulness for a number of communities.</p></sec></abstract></article-meta></front></article>