<article xmlns="https://dtd.nlm.nih.gov/ns/archiving/2.3/" xmlns:xsi="http://www.w3.org/2001/XMLSchema-instance" xmlns:mml="http://www.w3.org/1998/Math/MathML" xmlns:xlink="http://www.w3.org/1999/xlink" xsi:schemaLocation="https://dtd.nlm.nih.gov/ns/archiving/2.3/ https://dtd.nlm.nih.gov/archiving/2.3/xsd/archivearticle.xsd" article-type="research-article"><front><journal-meta><journal-id journal-id-type="nlm-ta">BMC Bioinformatics</journal-id><journal-title>BMC Bioinformatics</journal-title><issn pub-type="epub">1471-2105</issn><publisher><publisher-name>BioMed Central</publisher-name><publisher-loc>London</publisher-loc></publisher></journal-meta><article-meta><article-id pub-id-type="accession">PMC514539</article-id><article-id pub-id-type="pmcid">PMC514539</article-id><article-id pub-id-type="pmc-uid">514539</article-id><article-id pub-id-type="pmid">15307894</article-id><article-id pub-id-type="publisher-id">1471-2105-5-110</article-id><article-id pub-id-type="pmid">15307894</article-id><article-id pub-id-type="doi">10.1186/1471-2105-5-110</article-id><article-categories><subj-group subj-group-type="heading"><subject>Methodology Article</subject></subj-group></article-categories><title-group><article-title>Tests for finding complex patterns of differential expression in cancers: towards individualized medicine</article-title></title-group><contrib-group><contrib id="A1" corresp="yes" contrib-type="author"><name><surname>Lyons-Weiler</surname><given-names>James</given-names></name><xref ref-type="aff" rid="I1">1</xref><xref ref-type="aff" rid="I2">2</xref><email>lyonsweilerj@upmc.edu</email></contrib><contrib id="A2" contrib-type="author"><name><surname>Patel</surname><given-names>Satish</given-names></name><xref ref-type="aff" rid="I1">1</xref><xref ref-type="aff" rid="I2">2</xref><email>Satish.Patel@gmail.com</email></contrib><contrib id="A3" contrib-type="author"><name><surname>Becich</surname><given-names>Michael J</given-names></name><xref ref-type="aff" rid="I1">1</xref><xref ref-type="aff" rid="I2">2</xref><email>becich@pitt.edu</email></contrib><contrib id="A4" contrib-type="author"><name><surname>Godfrey</surname><given-names>Tony E</given-names></name><xref ref-type="aff" rid="I3">3</xref><xref ref-type="aff" rid="I4">4</xref><email>godfreyte@upmc.edu</email></contrib></contrib-group><aff id="I1"><label>1</label>Department of Pathology, Center for Biomedical Informatics, and Interdisciplinary Biomedical Graduate Program, University of Pittsburgh, PA 15232 USA</aff><aff id="I2"><label>2</label>Clinical Genomics Facility, Center for Pathology Informatics, Benedum Center for Oncology Informatics, University of Pittsburgh Cancer Institute, Pittsburgh, PA 15232 USA</aff><aff id="I3"><label>3</label>Departments of Surgery and Human Genetics, University of Pittsburgh Medical School, Pittsburgh, PA 15232 USA</aff><aff id="I4"><label>4</label>Mount Sinai School of Medicine, One Gustave Levy Place, Box 1668, East Building, Room 1070C, New York, NY 10029 USA</aff><pub-date pub-type="collection"><year>2004</year></pub-date><pub-date pub-type="epub"><day>12</day><month>8</month><year>2004</year></pub-date><volume>5</volume><fpage>110</fpage><lpage>110</lpage><ext-link ext-link-type="uri" xlink:href="http://www.biomedcentral.com/1471-2105/5/110"/><history><date date-type="received"><day>11</day><month>2</month><year>2004</year></date><date date-type="accepted"><day>12</day><month>8</month><year>2004</year></date></history><copyright-statement>Copyright © 2004 Lyons-Weiler et al; licensee BioMed Central Ltd.</copyright-statement><license license-type="open-access" xlink:href="http://creativecommons.org/licenses/by/2.0"><p>This is an open-access article distributed under the terms of the Creative Commons Attribution License (<ext-link ext-link-type="uri" xlink:href="http://creativecommons.org/licenses/by/2.0"/>), which permits unrestricted use, distribution, and reproduction in any medium, provided the original work is properly cited.</p></license><abstract><sec><title>Background</title><p>Microarray studies in cancer compare expression levels between two or more sample groups on thousands of genes. Data analysis follows a population-level approach (e.g., comparison of sample means) to identify differentially expressed genes. This leads to the discovery of 'population-level' markers, i.e., genes with the expression patterns A &gt; B and B &gt; A. We introduce the PPST test that identifies genes where a significantly large subset of cases exhibit expression values beyond upper and lower thresholds observed in the control samples.</p></sec><sec><title>Results</title><p>Interestingly, the test identifies A &gt; B and B &lt; A pattern genes that are missed by population-level approaches, such as the t-test, and many genes that exhibit both significant overexpression and significant underexpression in statistically significantly large subsets of cancer patients (ABA pattern genes). These patterns tend to show distributions that are unique to individual genes, and are aptly visualized in a 'gene expression pattern grid'. The low degree of among-gene correlations in these genes suggests unique underlying genomic pathologies and high degree of unique tumor-specific differential expression. We compare the PPST and the ABA test to the parametric and non-parametric t-test by analyzing two independently published data sets from studies of progression in astrocytoma.</p></sec><sec><title>Conclusions</title><p>The PPST test resulted findings similar to the nonparametric t-test with higher self-consistency. These tests and the gene expression pattern grid may be useful for the identification of therapeutic targets and diagnostic or prognostic markers that are present only in subsets of cancer patients, and provide a more complete portrait of differential expression in cancer.</p></sec></abstract></article-meta></front></article>