<article xmlns="https://dtd.nlm.nih.gov/ns/archiving/2.3/" xmlns:xsi="http://www.w3.org/2001/XMLSchema-instance" xmlns:mml="http://www.w3.org/1998/Math/MathML" xmlns:xlink="http://www.w3.org/1999/xlink" xsi:schemaLocation="https://dtd.nlm.nih.gov/ns/archiving/2.3/ https://dtd.nlm.nih.gov/archiving/2.3/xsd/archivearticle.xsd" article-type="research-article"><front><journal-meta><journal-id journal-id-type="nlm-ta">BMC Bioinformatics</journal-id><journal-title>BMC Bioinformatics</journal-title><issn pub-type="epub">1471-2105</issn><publisher><publisher-name>BioMed Central</publisher-name><publisher-loc>London</publisher-loc></publisher></journal-meta><article-meta><article-id pub-id-type="accession">PMC526756</article-id><article-id pub-id-type="pmcid">PMC526756</article-id><article-id pub-id-type="pmc-uid">526756</article-id><article-id pub-id-type="pmid">15485572</article-id><article-id pub-id-type="publisher-id">1471-2105-5-149</article-id><article-id pub-id-type="pmid">15485572</article-id><article-id pub-id-type="doi">10.1186/1471-2105-5-149</article-id><article-categories><subj-group subj-group-type="heading"><subject>Methodology Article</subject></subj-group></article-categories><title-group><article-title>Improved hit criteria for DNA local alignment</article-title></title-group><contrib-group><contrib id="A1" corresp="yes" contrib-type="author"><name><surname>Noé</surname><given-names>Laurent</given-names></name><xref ref-type="aff" rid="I1">1</xref><email>Laurent.Noe@loria.fr</email></contrib><contrib id="A2" contrib-type="author"><name><surname>Kucherov</surname><given-names>Gregory</given-names></name><xref ref-type="aff" rid="I1">1</xref><email>Gregory.Kucherov@loria.fr</email></contrib></contrib-group><aff id="I1"><label>1</label>LORIA/INRIA-Lorraine, 615, rue du Jardin Botanique, B.P. 101, 54602 Villers-lès-Nancy France</aff><pub-date pub-type="collection"><year>2004</year></pub-date><pub-date pub-type="epub"><day>14</day><month>10</month><year>2004</year></pub-date><volume>5</volume><fpage>149</fpage><lpage>149</lpage><ext-link ext-link-type="uri" xlink:href="http://www.biomedcentral.com/1471-2105/5/149"/><history><date date-type="received"><day>26</day><month>7</month><year>2004</year></date><date date-type="accepted"><day>14</day><month>10</month><year>2004</year></date></history><copyright-statement>Copyright © 2004 Noé and Kucherov; licensee BioMed Central Ltd.</copyright-statement><license license-type="open-access" xlink:href="http://creativecommons.org/licenses/by/2.0"><p>This is an open-access article distributed under the terms of the Creative Commons Attribution License (<ext-link ext-link-type="uri" xlink:href="http://creativecommons.org/licenses/by/2.0"/>), which permits unrestricted use, distribution, and reproduction in any medium, provided the original work is properly cited.</p></license><abstract><sec><title>Background</title><p>The hit criterion is a key component of heuristic local alignment algorithms. It specifies a class of patterns assumed to witness a potential similarity, and this choice is decisive for the selectivity and sensitivity of the whole method.</p></sec><sec><title>Results</title><p>In this paper, we propose two ways to improve the hit criterion. First, we define the <italic>group criterion </italic>combining the advantages of the single-seed and double-seed approaches used in existing algorithms. Second, we introduce <italic>transition-constrained seeds </italic>that extend spaced seeds by the possibility of distinguishing transition and transversion mismatches. We provide analytical data as well as experimental results, obtained with the YASS software, supporting both improvements.</p></sec><sec><title>Conclusions</title><p>Proposed algorithmic ideas allow to obtain a significant gain in sensitivity of similarity search without increase in execution time. The method has been implemented in YASS software available at <ext-link ext-link-type="uri" xlink:href="http://www.loria.fr/projects/YASS/"/>.</p></sec></abstract></article-meta></front></article>