<article xmlns="https://dtd.nlm.nih.gov/ns/archiving/2.3/" xmlns:xsi="http://www.w3.org/2001/XMLSchema-instance" xmlns:mml="http://www.w3.org/1998/Math/MathML" xmlns:xlink="http://www.w3.org/1999/xlink" xsi:schemaLocation="https://dtd.nlm.nih.gov/ns/archiving/2.3/ https://dtd.nlm.nih.gov/archiving/2.3/xsd/archivearticle.xsd" article-type="product-review"><front><journal-meta><journal-id journal-id-type="nlm-ta">BMC Bioinformatics</journal-id><journal-title>BMC Bioinformatics</journal-title><issn pub-type="epub">1471-2105</issn><publisher><publisher-name>BioMed Central</publisher-name><publisher-loc>London</publisher-loc></publisher></journal-meta><article-meta><article-id pub-id-type="accession">PMC547913</article-id><article-id pub-id-type="pmcid">PMC547913</article-id><article-id pub-id-type="pmc-uid">547913</article-id><article-id pub-id-type="pmid">15661078</article-id><article-id pub-id-type="publisher-id">1471-2105-6-12</article-id><article-id pub-id-type="pmid">15661078</article-id><article-id pub-id-type="doi">10.1186/1471-2105-6-12</article-id><article-categories><subj-group subj-group-type="heading"><subject>Software</subject></subj-group></article-categories><title-group><article-title>MILANO – custom annotation of microarray results using automatic literature searches</article-title></title-group><contrib-group><contrib id="A1" contrib-type="author"><name><surname>Rubinstein</surname><given-names>Ran</given-names></name><xref ref-type="aff" rid="I1">1</xref><email>ranrub@md.huji.ac.il</email></contrib><contrib id="A2" corresp="yes" contrib-type="author"><name><surname>Simon</surname><given-names>Itamar</given-names></name><xref ref-type="aff" rid="I1">1</xref><email>itamars@md.huji.ac.il</email></contrib></contrib-group><aff id="I1"><label>1</label>Department of Molecular Biology, Hebrew University – Hadassah Medical School, Jerusalem 91120, Israel</aff><pub-date pub-type="collection"><year>2005</year></pub-date><pub-date pub-type="epub"><day>20</day><month>1</month><year>2005</year></pub-date><volume>6</volume><fpage>12</fpage><lpage>12</lpage><ext-link ext-link-type="uri" xlink:href="http://www.biomedcentral.com/1471-2105/6/12"/><history><date date-type="received"><day>1</day><month>12</month><year>2004</year></date><date date-type="accepted"><day>20</day><month>1</month><year>2005</year></date></history><copyright-statement>Copyright © 2005 Rubinstein and Simon; licensee BioMed Central Ltd.</copyright-statement><license license-type="open-access" xlink:href="http://creativecommons.org/licenses/by/2.0"><p>This is an Open Access article distributed under the terms of the Creative Commons Attribution License (<ext-link ext-link-type="uri" xlink:href="http://creativecommons.org/licenses/by/2.0"/>), which permits unrestricted use, distribution, and reproduction in any medium, provided the original work is properly cited.</p></license><abstract><sec><title>Background</title><p>High-throughput genomic research tools are becoming standard in the biologist's toolbox. After processing the genomic data with one of the many available statistical algorithms to identify statistically significant genes, these genes need to be further analyzed for biological significance in light of all the existing knowledge. Literature mining – the process of representing literature data in a fashion that is easy to relate to genomic data – is one solution to this problem.</p></sec><sec><title>Results</title><p>We present a web-based tool, MILANO (Microarray Literature-based Annotation), that allows annotation of lists of genes derived from microarray results by user defined terms. Our annotation strategy is based on counting the number of literature co-occurrences of each gene on the list with a user defined term. This strategy allows the customization of the annotation procedure and thus overcomes one of the major limitations of the functional annotations usually provided with microarray results. MILANO expands the gene names to include all their informative synonyms while filtering out gene symbols that are likely to be less informative as literature searching terms. MILANO supports searching two literature databases: GeneRIF and Medline (through PubMed), allowing retrieval of both quick and comprehensive results. We demonstrate MILANO's ability to improve microarray analysis by analyzing a list of 150 genes that were affected by p53 overproduction. This analysis reveals that MILANO enables immediate identification of known p53 target genes on this list and assists in sorting the list into genes known to be involved in p53 related pathways, apoptosis and cell cycle arrest.</p></sec><sec><title>Conclusions</title><p>MILANO provides a useful tool for the automatic custom annotation of microarray results which is based on all the available literature. MILANO has two major advances over similar tools: the ability to expand gene names to include all their informative synonyms while removing synonyms that are not informative and access to the GeneRIF database which provides short summaries of curated articles relevant to known genes. MILANO is available at <ext-link ext-link-type="uri" xlink:href="http://milano.md.huji.ac.il"/>.</p></sec></abstract></article-meta></front></article>