<article xmlns="https://dtd.nlm.nih.gov/ns/archiving/2.3/" xmlns:xsi="http://www.w3.org/2001/XMLSchema-instance" xmlns:mml="http://www.w3.org/1998/Math/MathML" xmlns:xlink="http://www.w3.org/1999/xlink" xsi:schemaLocation="https://dtd.nlm.nih.gov/ns/archiving/2.3/ https://dtd.nlm.nih.gov/archiving/2.3/xsd/archivearticle.xsd" article-type="research-article"><front><journal-meta><journal-id journal-id-type="nlm-ta">BMC Bioinformatics</journal-id><journal-title>BMC Bioinformatics</journal-title><issn pub-type="epub">1471-2105</issn><publisher><publisher-name>BioMed Central</publisher-name><publisher-loc>London</publisher-loc></publisher></journal-meta><article-meta><article-id pub-id-type="accession">PMC548129</article-id><article-id pub-id-type="pmcid">PMC548129</article-id><article-id pub-id-type="pmc-uid">548129</article-id><article-id pub-id-type="pmid">15661072</article-id><article-id pub-id-type="publisher-id">1471-2105-6-13</article-id><article-id pub-id-type="pmid">15661072</article-id><article-id pub-id-type="doi">10.1186/1471-2105-6-13</article-id><article-categories><subj-group subj-group-type="heading"><subject>Methodology Article</subject></subj-group></article-categories><title-group><article-title>Non-linear mapping for exploratory data analysis in functional genomics</article-title></title-group><contrib-group><contrib id="A1" corresp="yes" contrib-type="author"><name><surname>Azuaje</surname><given-names>Francisco</given-names></name><xref ref-type="aff" rid="I1">1</xref><email>fj.azuaje@ulster.ac.uk</email></contrib><contrib id="A2" contrib-type="author"><name><surname>Wang</surname><given-names>Haiying</given-names></name><xref ref-type="aff" rid="I1">1</xref><email>hy.wang@ulster.ac.uk</email></contrib><contrib id="A3" contrib-type="author"><name><surname>Chesneau</surname><given-names>Alban</given-names></name><xref ref-type="aff" rid="I2">2</xref><email>Chesneau@igmm.cnrs.fr</email></contrib></contrib-group><aff id="I1"><label>1</label>School of Computing and Mathematics, University of Ulster, BT37 0QB, UK</aff><aff id="I2"><label>2</label>Molecular Genetics Institute, CNRS UMR5535, 1919, route de Mende, 34293 Montpellier, France</aff><pub-date pub-type="collection"><year>2005</year></pub-date><pub-date pub-type="epub"><day>20</day><month>1</month><year>2005</year></pub-date><volume>6</volume><fpage>13</fpage><lpage>13</lpage><ext-link ext-link-type="uri" xlink:href="http://www.biomedcentral.com/1471-2105/6/13"/><history><date date-type="received"><day>9</day><month>8</month><year>2004</year></date><date date-type="accepted"><day>20</day><month>1</month><year>2005</year></date></history><copyright-statement>Copyright © 2005 Azuaje et al; licensee BioMed Central Ltd.</copyright-statement><license license-type="open-access" xlink:href="http://creativecommons.org/licenses/by/2.0"><p>This is an Open Access article distributed under the terms of the Creative Commons Attribution License (<ext-link ext-link-type="uri" xlink:href="http://creativecommons.org/licenses/by/2.0"/>), which permits unrestricted use, distribution, and reproduction in any medium, provided the original work is properly cited.</p></license><abstract><sec><title>Background</title><p>Several supervised and unsupervised learning tools are available to classify functional genomics data. However, relatively less attention has been given to exploratory, visualisation-driven approaches. Such approaches should satisfy the following factors: Support for intuitive cluster visualisation, user-friendly and robust application, computational efficiency and generation of biologically meaningful outcomes. This research assesses a relaxation method for non-linear mapping that addresses these concerns. Its applications to gene expression and protein-protein interaction data analyses are investigated</p></sec><sec><title>Results</title><p>Publicly available expression data originating from leukaemia, round blue-cell tumours and Parkinson disease studies were analysed. The method distinguished relevant clusters and critical analysis areas. The system does not require assumptions about the inherent class structure of the data, its mapping process is controlled by only one parameter and the resulting transformations offer intuitive, meaningful visual displays. Comparisons with traditional mapping models are presented. As a way of promoting potential, alternative applications of the methodology presented, an example of exploratory data analysis of interactome networks is illustrated. Data from the <italic>C. elegans </italic>interactome were analysed. Results suggest that this method might represent an effective solution for detecting key network hubs and for clustering biologically meaningful groups of proteins.</p></sec><sec><title>Conclusion</title><p>A relaxation method for non-linear mapping provided the basis for visualisation-driven analyses using different types of data. This study indicates that such a system may represent a user-friendly and robust approach to exploratory data analysis. It may allow users to gain better insights into the underlying data structure, detect potential outliers and assess assumptions about the cluster composition of the data.</p></sec></abstract></article-meta></front></article>