<article xmlns="https://dtd.nlm.nih.gov/ns/archiving/2.3/" xmlns:xsi="http://www.w3.org/2001/XMLSchema-instance" xmlns:mml="http://www.w3.org/1998/Math/MathML" xmlns:xlink="http://www.w3.org/1999/xlink" xsi:schemaLocation="https://dtd.nlm.nih.gov/ns/archiving/2.3/ https://dtd.nlm.nih.gov/archiving/2.3/xsd/archivearticle.xsd" article-type="research-article"><front><journal-meta><journal-id journal-id-type="nlm-ta">BMC Bioinformatics</journal-id><journal-title>BMC Bioinformatics</journal-title><issn pub-type="epub">1471-2105</issn><publisher><publisher-name>BioMed Central</publisher-name><publisher-loc>London</publisher-loc></publisher></journal-meta><article-meta><article-id pub-id-type="accession">PMC57735</article-id><article-id pub-id-type="pmcid">PMC57735</article-id><article-id pub-id-type="pmc-uid">57735</article-id><article-id pub-id-type="pmid">11591214</article-id><article-id pub-id-type="publisher-id">1471-2105-2-6</article-id><article-id pub-id-type="pmid">11591214</article-id><article-id pub-id-type="doi">10.1186/1471-2105-2-6</article-id><article-categories><subj-group subj-group-type="heading"><subject>Methodology Article</subject></subj-group></article-categories><title-group><article-title>FOUNTAIN: A JAVA open-source package to assist large sequencing projects</article-title></title-group><contrib-group><contrib id="A1" corresp="yes" contrib-type="author"><name><surname>Buerstedde</surname><given-names>Jean-Marie</given-names></name><xref ref-type="aff" rid="I1">1</xref><email>buersted@genetics.hpi.uni-hamburg.de</email></contrib><contrib id="A2" contrib-type="author"><name><surname>Prill</surname><given-names>Florian</given-names></name><xref ref-type="aff" rid="I1">1</xref><email>fprill@gmx.de</email></contrib></contrib-group><aff id="I1"><label>1</label>Department of Cellular Immunology, Heinrich-Pette-Institute, Martinistr. 52, 20251 Hamburg, Germany</aff><pub-date pub-type="collection"><year>2001</year></pub-date><pub-date pub-type="epub"><day>21</day><month>9</month><year>2001</year></pub-date><volume>2</volume><fpage>6</fpage><lpage>6</lpage><ext-link ext-link-type="uri" xlink:href="http://www.biomedcentral.com/1471-2105/2/6"/><history><date date-type="received"><day>12</day><month>7</month><year>2001</year></date><date date-type="accepted"><day>21</day><month>9</month><year>2001</year></date></history><permissions><copyright-statement>Copyright © 2001 Buerstedde and Prill; licensee BioMed Central Ltd. This is an Open Access article: verbatim copying and redistribution of this article are permitted in all media for any purpose, provided this notice is preserved along with the article's original URL.</copyright-statement><copyright-year>2001</copyright-year><copyright-holder>Buerstedde and Prill; licensee BioMed Central Ltd. This is an Open Access article: verbatim copying and redistribution of this article are permitted in all media for any purpose, provided this notice is preserved along with the article's original URL.</copyright-holder></permissions><abstract><sec><title>Background</title><p>Better automation, lower cost per reaction and a heightened interest in comparative genomics has led to a dramatic increase in DNA sequencing activities. Although the large sequencing projects of specialized centers are supported by in-house bioinformatics groups, many smaller laboratories face difficulties managing the appropriate processing and storage of their sequencing output. The challenges include documentation of clones, templates and sequencing reactions, and the storage, annotation and analysis of the large number of generated sequences.</p></sec><sec><title>Results</title><p>We describe here a new program, named FOUNTAIN, for the management of large sequencing projects <ext-link ext-link-type="uri" xlink:href="http://genetics.hpi.uni-hamburg.de/FOUNTAIN.html"/>. FOUNTAIN uses the JAVA computer language and data storage in a relational database. Starting with a collection of sequencing objects (clones), the program generates and stores information related to the different stages of the sequencing project using a web browser interface for user input. The generated sequences are subsequently imported and annotated based on BLAST searches against the public databases. In addition, simple algorithms to cluster sequences and determine putative polymorphic positions are implemented.</p></sec><sec><title>Conclusions</title><p>A simple, but flexible and scalable software package is presented to facilitate data generation and storage for large sequencing projects. Open source and largely platform and database independent, we wish FOUNTAIN to be improved and extended in a community effort.</p></sec></abstract></article-meta></front></article>