<article xmlns="https://dtd.nlm.nih.gov/ns/archiving/2.3/" xmlns:xsi="http://www.w3.org/2001/XMLSchema-instance" xmlns:mml="http://www.w3.org/1998/Math/MathML" xmlns:xlink="http://www.w3.org/1999/xlink" xsi:schemaLocation="https://dtd.nlm.nih.gov/ns/archiving/2.3/ https://dtd.nlm.nih.gov/archiving/2.3/xsd/archivearticle.xsd" article-type="product-review"><front><journal-meta><journal-id journal-id-type="nlm-ta">BMC Bioinformatics</journal-id><journal-title>BMC Bioinformatics</journal-title><issn pub-type="epub">1471-2105</issn><publisher><publisher-name>BioMed Central</publisher-name><publisher-loc>London</publisher-loc></publisher></journal-meta><article-meta><article-id pub-id-type="accession">PMC549201</article-id><article-id pub-id-type="pmcid">PMC549201</article-id><article-id pub-id-type="pmc-uid">549201</article-id><article-id pub-id-type="pmid">15686593</article-id><article-id pub-id-type="publisher-id">1471-2105-6-20</article-id><article-id pub-id-type="pmid">15686593</article-id><article-id pub-id-type="doi">10.1186/1471-2105-6-20</article-id><article-categories><subj-group subj-group-type="heading"><subject>Software</subject></subj-group></article-categories><title-group><article-title>GeneNotes – A novel information management software for biologists</article-title></title-group><contrib-group><contrib id="A1" corresp="yes" contrib-type="author"><name><surname>Hong</surname><given-names>Pengyu</given-names></name><xref ref-type="aff" rid="I1">1</xref><email>pengyuhong@stanford.edu</email></contrib><contrib id="A2" corresp="yes" contrib-type="author"><name><surname>Wong</surname><given-names>Wing H</given-names></name><xref ref-type="aff" rid="I2">2</xref><email>whwong@stanford.edu</email></contrib></contrib-group><aff id="I1"><label>1</label>BioX program, Department of Statistics and HRP, Stanford University, Stanford, CA 94305-4065, USA</aff><aff id="I2"><label>2</label>BioX program, Department of Statistics and HRP, Stanford University, Stanford, CA 94305-4065, USA</aff><pub-date pub-type="collection"><year>2005</year></pub-date><pub-date pub-type="epub"><day>1</day><month>2</month><year>2005</year></pub-date><volume>6</volume><fpage>20</fpage><lpage>20</lpage><ext-link ext-link-type="uri" xlink:href="http://www.biomedcentral.com/1471-2105/6/20"/><history><date date-type="received"><day>10</day><month>11</month><year>2004</year></date><date date-type="accepted"><day>1</day><month>2</month><year>2005</year></date></history><copyright-statement>Copyright © 2005 Hong and Wong; licensee BioMed Central Ltd.</copyright-statement><license license-type="open-access" xlink:href="http://creativecommons.org/licenses/by/2.0"><p>This is an Open Access article distributed under the terms of the Creative Commons Attribution License (<ext-link ext-link-type="uri" xlink:href="http://creativecommons.org/licenses/by/2.0"/>), which permits unrestricted use, distribution, and reproduction in any medium, provided the original work is properly cited.</p></license><abstract><sec><title>Background</title><p>Collecting and managing information is a challenging task in a genome-wide profiling research project. Most databases and online computational tools require a direct human involvement. Information and computational results are presented in various multimedia formats (e.g., text, image, PDF, word files, etc.), many of which cannot be automatically processed by computers in biologically meaningful ways. In addition, the quality of computational results is far from perfect and requires nontrivial manual examination. The timely selection, integration and interpretation of heterogeneous biological information still heavily rely on the sensibility of biologists. Biologists often feel overwhelmed by the huge amount of and the great diversity of distributed heterogeneous biological information.</p></sec><sec><title>Description</title><p>We developed an information management application called GeneNotes. GeneNotes is the first application that allows users to collect and manage multimedia biological information about genes/ESTs. GeneNotes provides an integrated environment for users to surf the Internet, collect notes for genes/ESTs, and retrieve notes. GeneNotes is supported by a server that integrates gene annotations from many major databases (e.g., HGNC, MGI, etc.). GeneNotes uses the integrated gene annotations to (a) identify genes given various types of gene IDs (e.g., RefSeq ID, GenBank ID, etc.), and (b) provide quick views of genes. GeneNotes is free for academic usage. The program and the tutorials are available at: <ext-link ext-link-type="uri" xlink:href="http://bayes.fas.harvard.edu/genenotes/"/>.</p></sec><sec><title>Conclusions</title><p>GeneNotes provides a novel human-computer interface to assist researchers to collect and manage biological information. It also provides a platform for studying how users behave when they manipulate biological information. The results of such study can lead to innovation of more intelligent human-computer interfaces that greatly shorten the cycle of biology research.</p></sec></abstract></article-meta></front></article>