<article xmlns="https://dtd.nlm.nih.gov/ns/archiving/2.3/" xmlns:xsi="http://www.w3.org/2001/XMLSchema-instance" xmlns:mml="http://www.w3.org/1998/Math/MathML" xmlns:xlink="http://www.w3.org/1999/xlink" xsi:schemaLocation="https://dtd.nlm.nih.gov/ns/archiving/2.3/ https://dtd.nlm.nih.gov/archiving/2.3/xsd/archivearticle.xsd" article-type="research-article"><front><journal-meta><journal-id journal-id-type="nlm-ta">BMC Bioinformatics</journal-id><journal-title>BMC Bioinformatics</journal-title><issn pub-type="epub">1471-2105</issn><publisher><publisher-name>BioMed Central</publisher-name><publisher-loc>London</publisher-loc></publisher></journal-meta><article-meta><article-id pub-id-type="accession">PMC524371</article-id><article-id pub-id-type="pmcid">PMC524371</article-id><article-id pub-id-type="pmc-uid">524371</article-id><article-id pub-id-type="pmid">15453919</article-id><article-id pub-id-type="publisher-id">1471-2105-5-137</article-id><article-id pub-id-type="pmid">15453919</article-id><article-id pub-id-type="doi">10.1186/1471-2105-5-137</article-id><article-categories><subj-group subj-group-type="heading"><subject>Research Article</subject></subj-group></article-categories><title-group><article-title>Few amino acid positions in <italic>rpoB </italic>are associated with most of the rifampin resistance in <italic>Mycobacterium tuberculosis</italic></article-title></title-group><contrib-group><contrib id="A1" corresp="yes" contrib-type="author"><name><surname>Cummings</surname><given-names>Michael P</given-names></name><xref ref-type="aff" rid="I1">1</xref><email>mike@umiacs.umd.edu</email></contrib><contrib id="A2" contrib-type="author"><name><surname>Segal</surname><given-names>Mark R</given-names></name><xref ref-type="aff" rid="I2">2</xref><email>mark@biostat.ucsf.edu</email></contrib></contrib-group><aff id="I1"><label>1</label>Center for Bioinformatics and Computational Biology, University of Maryland, College Park, MD 20742-3360, USA</aff><aff id="I2"><label>2</label>Department of Epidemiology and Biostatistics, University of California, San Francisco, CA 94143-0560, USA</aff><pub-date pub-type="collection"><year>2004</year></pub-date><pub-date pub-type="epub"><day>28</day><month>9</month><year>2004</year></pub-date><volume>5</volume><fpage>137</fpage><lpage>137</lpage><ext-link ext-link-type="uri" xlink:href="http://www.biomedcentral.com/1471-2105/5/137"/><history><date date-type="received"><day>15</day><month>4</month><year>2004</year></date><date date-type="accepted"><day>28</day><month>9</month><year>2004</year></date></history><copyright-statement>Copyright © 2004 Cummings and Segal; licensee BioMed Central Ltd.</copyright-statement><license license-type="open-access" xlink:href="http://creativecommons.org/licenses/by/2.0"><p>This is an open-access article distributed under the terms of the Creative Commons Attribution License (<ext-link ext-link-type="uri" xlink:href="http://creativecommons.org/licenses/by/2.0"/>), which permits unrestricted use, distribution, and reproduction in any medium, provided the original work is properly cited.</p></license><abstract><sec><title>Background</title><p>Mutations in <italic>rpoB</italic>, the gene encoding the <italic>β </italic>subunit of DNA-dependent RNA polymerase, are associated with rifampin resistance in <italic>Mycobacterium tuberculosis</italic>. Several studies have been conducted where minimum inhibitory concentration (MIC, which is defined as the minimum concentration of the antibiotic in a given culture medium below which bacterial growth is not inhibited) of rifampin has been measured and partial DNA sequences have been determined for <italic>rpoB </italic>in different isolates of <italic>M. tuberculosis</italic>. However, no model has been constructed to predict rifampin resistance based on sequence information alone. Such a model might provide the basis for quantifying rifampin resistance status based exclusively on DNA sequence data and thus eliminate the requirements for time consuming culturing and antibiotic testing of clinical isolates.</p></sec><sec><title>Results</title><p>Sequence data for amino acid positions 511–533 of <italic>rpoB </italic>and associated MIC of rifampin for different isolates of <italic>M. tuberculosis </italic>were taken from studies examining rifampin resistance in clinical samples from New York City and throughout Japan. We used tree-based statistical methods and random forests to generate models of the relationships between <italic>rpoB </italic>amino acid sequence and rifampin resistance. The proportion of variance explained by a relatively simple tree-based cross-validated regression model involving two amino acid positions (526 and 531) is 0.679. The first partition in the data, based on position 531, results in groups that differ one hundredfold in mean MIC (1.596 <italic>μg/ml </italic>and 159.676 <italic>μg/ml</italic>). The subsequent partition based on position 526, the most variable in this region, results in a &gt; 354-fold difference in MIC. When considered as a classification problem (susceptible or resistant), a cross-validated tree-based model correctly classified most (0.884) of the observations and was very similar to the regression model. Random forest analysis of the MIC data as a continuous variable, a regression problem, produced a model that explained 0.861 of the variance. The random forest analysis of the MIC data as discrete classes produced a model that correctly classified 0.942 of the observations with sensitivity of 0.958 and specificity of 0.885.</p></sec><sec><title>Conclusions</title><p>Highly accurate regression and classification models of rifampin resistance can be made based on this short sequence region. Models may be better with improved (and consistent) measurements of MIC and more sequence data.</p></sec></abstract></article-meta></front></article>