<article xmlns="https://dtd.nlm.nih.gov/ns/archiving/2.3/" xmlns:xsi="http://www.w3.org/2001/XMLSchema-instance" xmlns:mml="http://www.w3.org/1998/Math/MathML" xmlns:xlink="http://www.w3.org/1999/xlink" xsi:schemaLocation="https://dtd.nlm.nih.gov/ns/archiving/2.3/ https://dtd.nlm.nih.gov/archiving/2.3/xsd/archivearticle.xsd" article-type="research-article"><front><journal-meta><journal-id journal-id-type="nlm-ta">BMC Bioinformatics</journal-id><journal-title>BMC Bioinformatics</journal-title><issn pub-type="epub">1471-2105</issn><publisher><publisher-name>BioMed Central</publisher-name><publisher-loc>London</publisher-loc></publisher></journal-meta><article-meta><article-id pub-id-type="accession">PMC555590</article-id><article-id pub-id-type="pmcid">PMC555590</article-id><article-id pub-id-type="pmc-uid">555590</article-id><article-id pub-id-type="pmid">15740634</article-id><article-id pub-id-type="publisher-id">1471-2105-6-40</article-id><article-id pub-id-type="pmid">15740634</article-id><article-id pub-id-type="doi">10.1186/1471-2105-6-40</article-id><article-categories><subj-group subj-group-type="heading"><subject>Methodology Article</subject></subj-group></article-categories><title-group><article-title>Computational verification of protein-protein interactions by orthologous co-expression</article-title></title-group><contrib-group><contrib id="A1" contrib-type="author"><name><surname>Tirosh</surname><given-names>Itay</given-names></name><xref ref-type="aff" rid="I1">1</xref><email>itay.tirosh@weizmann.ac.il</email></contrib><contrib id="A2" corresp="yes" contrib-type="author"><name><surname>Barkai</surname><given-names>Naama</given-names></name><xref ref-type="aff" rid="I1">1</xref><email>naama.barkai@weizmann.ac.il</email></contrib></contrib-group><aff id="I1"><label>1</label>Departments of Molecular Genetics and Physics of Complex Systems, Weizmann Institute of Science, Rehovot, Israel</aff><pub-date pub-type="collection"><year>2005</year></pub-date><pub-date pub-type="epub"><day>2</day><month>3</month><year>2005</year></pub-date><volume>6</volume><fpage>40</fpage><lpage>40</lpage><ext-link ext-link-type="uri" xlink:href="http://www.biomedcentral.com/1471-2105/6/40"/><history><date date-type="received"><day>8</day><month>9</month><year>2004</year></date><date date-type="accepted"><day>2</day><month>3</month><year>2005</year></date></history><copyright-statement>Copyright © 2005 Tirosh and Barkai; licensee BioMed Central Ltd.</copyright-statement><license license-type="open-access" xlink:href="http://creativecommons.org/licenses/by/2.0"><p>This is an Open Access article distributed under the terms of the Creative Commons Attribution License (<ext-link ext-link-type="uri" xlink:href="http://creativecommons.org/licenses/by/2.0"/>), which permits unrestricted use, distribution, and reproduction in any medium, provided the original work is properly cited.</p></license><abstract><sec><title>Background</title><p>High-throughput methods identify an overwhelming number of protein-protein interactions. However, the limited accuracy of these methods results in the false identification of many spurious interactions. Accordingly, the resulting interactions are regarded as hypothetical and computational methods are needed to increase their confidence. Several methods have recently been suggested for this purpose including co-expression as a confidence measure for interacting proteins, but their performance is still quite poor.</p></sec><sec><title>Results</title><p>We introduce a novel computational method for verification of protein-protein interactions based on the co-expression of orthologs of interacting partners. The performance of our method is analysed using known <italic>S. cerevisiae </italic>interactions, and is shown to overcome limitations of previous methods. We present specific examples of known and putative interactions that are detected by our method and not by previous methods, and suggest that they represent transient interactions that might have been conserved and stabilized in other species.</p></sec><sec><title>Conclusion</title><p>Co-expression of orthologous protein-pairs can be used to increase the confidence of hypothetical protein-protein interactions in <italic>S. cerevisiae </italic>as well as in other species. This approach may be especially useful for species with no available expression profiles and for transient interactions.</p></sec></abstract></article-meta></front></article>