<article xmlns="https://dtd.nlm.nih.gov/ns/archiving/2.3/" xmlns:xsi="http://www.w3.org/2001/XMLSchema-instance" xmlns:mml="http://www.w3.org/1998/Math/MathML" xmlns:xlink="http://www.w3.org/1999/xlink" xsi:schemaLocation="https://dtd.nlm.nih.gov/ns/archiving/2.3/ https://dtd.nlm.nih.gov/archiving/2.3/xsd/archivearticle.xsd" article-type="research-article"><front><journal-meta><journal-id journal-id-type="nlm-ta">BMC Bioinformatics</journal-id><journal-title>BMC Bioinformatics</journal-title><issn pub-type="epub">1471-2105</issn><publisher><publisher-name>BioMed Central</publisher-name><publisher-loc>London</publisher-loc></publisher></journal-meta><article-meta><article-id pub-id-type="accession">PMC547897</article-id><article-id pub-id-type="pmcid">PMC547897</article-id><article-id pub-id-type="pmc-uid">547897</article-id><article-id pub-id-type="pmid">15659243</article-id><article-id pub-id-type="publisher-id">1471-2105-6-10</article-id><article-id pub-id-type="pmid">15659243</article-id><article-id pub-id-type="doi">10.1186/1471-2105-6-10</article-id><article-categories><subj-group subj-group-type="heading"><subject>Methodology Article</subject></subj-group></article-categories><title-group><article-title>Modelling the correlation between the activities of adjacent genes in drosophila</article-title></title-group><contrib-group><contrib id="A1" corresp="yes" contrib-type="author"><name><surname>Thygesen</surname><given-names>Helene H</given-names></name><xref ref-type="aff" rid="I1">1</xref><email>h.h.thygesen@amc.uva.nl</email></contrib><contrib id="A2" contrib-type="author"><name><surname>Zwinderman</surname><given-names>Aeilko H</given-names></name><xref ref-type="aff" rid="I1">1</xref><email>a.h.zwinderman@amc.uva.nl</email></contrib></contrib-group><aff id="I1"><label>1</label>Clinical Epidemiology and Biostatistics, Academisch Medisch Centrum, University of Amsterdam, Meibergdreef 9, 1100 DD Amsterdam, Netherlands</aff><pub-date pub-type="collection"><year>2005</year></pub-date><pub-date pub-type="epub"><day>19</day><month>1</month><year>2005</year></pub-date><volume>6</volume><fpage>10</fpage><lpage>10</lpage><ext-link ext-link-type="uri" xlink:href="http://www.biomedcentral.com/1471-2105/6/10"/><history><date date-type="received"><day>20</day><month>7</month><year>2004</year></date><date date-type="accepted"><day>19</day><month>1</month><year>2005</year></date></history><copyright-statement>Copyright © 2005 Thygesen and Zwinderman; licensee BioMed Central Ltd.</copyright-statement><license license-type="open-access" xlink:href="http://creativecommons.org/licenses/by/2.0"><p>This is an Open Access article distributed under the terms of the Creative Commons Attribution License (<ext-link ext-link-type="uri" xlink:href="http://creativecommons.org/licenses/by/2.0"/>), which permits unrestricted use, distribution, and reproduction in any medium, provided the original work is properly cited.</p></license><abstract><sec><title>Background</title><p>Correlation between the expression levels of genes which are located close to each other on the genome has been found in various organisms, including yeast, drosophila and humans. Since such a correlation could be explained by several biochemical, evolutionary, genetic and technological factors, there is a need for statistical models that correspond to specific biological models for the correlation structure.</p></sec><sec><title>Results</title><p>We modelled the pairwise correlation between the expressions of the genes in a Drosophila microarray experiment as a normal mixture under Fisher's z-transform, and fitted the model to the correlations of expressions of adjacent as well as non-adjacent genes. We also analyzed simulated data for comparison. The model provided a good fit to the data. Further, correlation between the activities of two genes could, in most cases, be attributed to either of two factors: the two genes both being active in the same age group (adult or embryo), or the two genes being in proximity of each other on the chromosome. The interaction between these two factors was weak.</p></sec><sec><title>Conclusions</title><p>Correlation between the activities of adjacent genes is higher than between non-adjacent genes. In the data we analyzed, this appeared, for the most part, to be a constant effect that applied to all pairs of adjacent genes.</p></sec></abstract></article-meta></front></article>