<article xmlns="https://dtd.nlm.nih.gov/ns/archiving/2.3/" xmlns:xsi="http://www.w3.org/2001/XMLSchema-instance" xmlns:mml="http://www.w3.org/1998/Math/MathML" xmlns:xlink="http://www.w3.org/1999/xlink" xsi:schemaLocation="https://dtd.nlm.nih.gov/ns/archiving/2.3/ https://dtd.nlm.nih.gov/archiving/2.3/xsd/archivearticle.xsd" article-type="product-review"><front><journal-meta><journal-id journal-id-type="nlm-ta">BMC Bioinformatics</journal-id><journal-title>BMC Bioinformatics</journal-title><issn pub-type="epub">1471-2105</issn><publisher><publisher-name>BioMed Central</publisher-name><publisher-loc>London</publisher-loc></publisher></journal-meta><article-meta><article-id pub-id-type="accession">PMC523853</article-id><article-id pub-id-type="pmcid">PMC523853</article-id><article-id pub-id-type="pmc-uid">523853</article-id><article-id pub-id-type="pmid">15458579</article-id><article-id pub-id-type="publisher-id">1471-2105-5-141</article-id><article-id pub-id-type="pmid">15458579</article-id><article-id pub-id-type="doi">10.1186/1471-2105-5-141</article-id><article-categories><subj-group subj-group-type="heading"><subject>Software</subject></subj-group></article-categories><title-group><article-title>GeneXplorer: an interactive web application for microarray data visualization and analysis</article-title></title-group><contrib-group><contrib id="A1" equal-contrib="yes" contrib-type="author"><name><surname>Rees</surname><given-names>Christian A</given-names></name><xref ref-type="aff" rid="I1">1</xref><email>rees@genome.stanford.edu</email></contrib><contrib id="A2" equal-contrib="yes" contrib-type="author"><name><surname>Demeter</surname><given-names>Janos</given-names></name><xref ref-type="aff" rid="I2">2</xref><email>jdemeter@genome.stanford.edu</email></contrib><contrib id="A3" equal-contrib="yes" contrib-type="author"><name><surname>Matese</surname><given-names>John C</given-names></name><xref ref-type="aff" rid="I1">1</xref><xref ref-type="aff" rid="I3">3</xref><email>jcmatese@genomics.princeton.edu</email></contrib><contrib id="A4" contrib-type="author"><name><surname>Botstein</surname><given-names>David</given-names></name><xref ref-type="aff" rid="I1">1</xref><xref ref-type="aff" rid="I3">3</xref><email>botstein@princeton.edu</email></contrib><contrib id="A5" corresp="yes" contrib-type="author"><name><surname>Sherlock</surname><given-names>Gavin</given-names></name><xref ref-type="aff" rid="I1">1</xref><email>sherlock@genome.stanford.edu</email></contrib></contrib-group><aff id="I1"><label>1</label>Dept. of Genetics, 300 Pasteur Drive, Stanford University Medical School, Stanford, CA 94305-5120, USA</aff><aff id="I2"><label>2</label>Dept. of Biochemistry, Stanford University School of Medicine, Stanford, CA 94305-5307, USA</aff><aff id="I3"><label>3</label>Lewis-Sigler Institute for Integrative Genomics Carl Icahn Laboratory, Princeton University, Princeton, NJ 08544, USA</aff><pub-date pub-type="collection"><year>2004</year></pub-date><pub-date pub-type="epub"><day>1</day><month>10</month><year>2004</year></pub-date><volume>5</volume><fpage>141</fpage><lpage>141</lpage><ext-link ext-link-type="uri" xlink:href="http://www.biomedcentral.com/1471-2105/5/141"/><history><date date-type="received"><day>21</day><month>5</month><year>2004</year></date><date date-type="accepted"><day>1</day><month>10</month><year>2004</year></date></history><copyright-statement>Copyright © 2004 Rees et al; licensee BioMed Central Ltd.</copyright-statement><license license-type="open-access" xlink:href="http://creativecommons.org/licenses/by/2.0"><p>This is an open-access article distributed under the terms of the Creative Commons Attribution License (<ext-link ext-link-type="uri" xlink:href="http://creativecommons.org/licenses/by/2.0"/>), which permits unrestricted use, distribution, and reproduction in any medium, provided the original work is properly cited.</p></license><abstract><sec><title>Background</title><p>When publishing large-scale microarray datasets, it is of great value to create supplemental websites where either the full data, or selected subsets corresponding to figures within the paper, can be browsed. We set out to create a CGI application containing many of the features of some of the existing standalone software for the visualization of clustered microarray data.</p></sec><sec><title>Results</title><p>We present GeneXplorer, a web application for interactive microarray data visualization and analysis in a web environment. GeneXplorer allows users to browse a microarray dataset in an intuitive fashion. It provides simple access to microarray data over the Internet and uses only HTML and JavaScript to display graphic and annotation information. It provides radar and zoom views of the data, allows display of the nearest neighbors to a gene expression vector based on their Pearson correlations and provides the ability to search gene annotation fields.</p></sec><sec><title>Conclusions</title><p>The software is released under the permissive MIT Open Source license, and the complete documentation and the entire source code are freely available for download from CPAN <ext-link ext-link-type="uri" xlink:href="http://search.cpan.org/dist/Microarray-GeneXplorer/"/>.</p></sec></abstract></article-meta></front></article>