<article xmlns="https://dtd.nlm.nih.gov/ns/archiving/2.3/" xmlns:xsi="http://www.w3.org/2001/XMLSchema-instance" xmlns:mml="http://www.w3.org/1998/Math/MathML" xmlns:xlink="http://www.w3.org/1999/xlink" xsi:schemaLocation="https://dtd.nlm.nih.gov/ns/archiving/2.3/ https://dtd.nlm.nih.gov/archiving/2.3/xsd/archivearticle.xsd" article-type="research-article"><front><journal-meta><journal-id journal-id-type="nlm-ta">BMC Bioinformatics</journal-id><journal-title>BMC Bioinformatics</journal-title><issn pub-type="epub">1471-2105</issn><publisher><publisher-name>BioMed Central</publisher-name><publisher-loc>London</publisher-loc></publisher></journal-meta><article-meta><article-id pub-id-type="accession">PMC516800</article-id><article-id pub-id-type="pmcid">PMC516800</article-id><article-id pub-id-type="pmc-uid">516800</article-id><article-id pub-id-type="pmid">15339346</article-id><article-id pub-id-type="publisher-id">1471-2105-5-118</article-id><article-id pub-id-type="pmid">15339346</article-id><article-id pub-id-type="doi">10.1186/1471-2105-5-118</article-id><article-categories><subj-group subj-group-type="heading"><subject>Methodology Article</subject></subj-group></article-categories><title-group><article-title>Estimating mutual information using B-spline functions – an improved similarity measure for analysing gene expression data</article-title></title-group><contrib-group><contrib id="A1" corresp="yes" contrib-type="author"><name><surname>Daub</surname><given-names>Carsten O</given-names></name><xref ref-type="aff" rid="I1">1</xref><xref ref-type="aff" rid="I4">4</xref><email>carsten.daub@cgb.ki.se</email></contrib><contrib id="A2" contrib-type="author"><name><surname>Steuer</surname><given-names>Ralf</given-names></name><xref ref-type="aff" rid="I2">2</xref><email>steuer@agnld.uni-potsdam.de</email></contrib><contrib id="A3" contrib-type="author"><name><surname>Selbig</surname><given-names>Joachim</given-names></name><xref ref-type="aff" rid="I1">1</xref><email>selbig@mpimp-golm.mpg.de</email></contrib><contrib id="A4" contrib-type="author"><name><surname>Kloska</surname><given-names>Sebastian</given-names></name><xref ref-type="aff" rid="I1">1</xref><xref ref-type="aff" rid="I3">3</xref><email>kloska@scienion.de</email></contrib></contrib-group><aff id="I1"><label>1</label>Max Planck Institute of Molecular Plant Physiology, Potsdam, 14424, Germany</aff><aff id="I2"><label>2</label>Nonlinear Dynamics Group, Institute of Physics, University of Potsdam, Potsdam, 14415, Germany</aff><aff id="I3"><label>3</label>Scienion AG, Volmerstrasse 7a, Berlin, 12489, Germany</aff><aff id="I4"><label>4</label>Center for Genomics and Bioinformatics, Karolinska Institutet, Stockholm, 17177, Sweden</aff><pub-date pub-type="collection"><year>2004</year></pub-date><pub-date pub-type="epub"><day>31</day><month>8</month><year>2004</year></pub-date><volume>5</volume><fpage>118</fpage><lpage>118</lpage><ext-link ext-link-type="uri" xlink:href="http://www.biomedcentral.com/1471-2105/5/118"/><history><date date-type="received"><day>15</day><month>12</month><year>2003</year></date><date date-type="accepted"><day>31</day><month>8</month><year>2004</year></date></history><copyright-statement>Copyright © 2004 Daub et al; licensee BioMed Central Ltd.</copyright-statement><license license-type="open-access" xlink:href="http://creativecommons.org/licenses/by/2.0"><p>This is an open-access article distributed under the terms of the Creative Commons Attribution License (<ext-link ext-link-type="uri" xlink:href="http://creativecommons.org/licenses/by/2.0"/>), which permits unrestricted use, distribution, and reproduction in any medium, provided the original work is properly cited.</p></license><abstract><sec><title>Background</title><p>The information theoretic concept of mutual information provides a general framework to evaluate dependencies between variables. In the context of the clustering of genes with similar patterns of expression it has been suggested as a general quantity of similarity to extend commonly used linear measures. Since mutual information is defined in terms of discrete variables, its application to continuous data requires the use of binning procedures, which can lead to significant numerical errors for datasets of small or moderate size.</p></sec><sec><title>Results</title><p>In this work, we propose a method for the numerical estimation of mutual information from continuous data. We investigate the characteristic properties arising from the application of our algorithm and show that our approach outperforms commonly used algorithms: The significance, as a measure of the power of distinction from random correlation, is significantly increased. This concept is subsequently illustrated on two large-scale gene expression datasets and the results are compared to those obtained using other similarity measures.</p><p>A C++ source code of our algorithm is available for non-commercial use from <email>kloska@scienion.de</email> upon request.</p></sec><sec><title>Conclusion</title><p>The utilisation of mutual information as similarity measure enables the detection of non-linear correlations in gene expression datasets. Frequently applied linear correlation measures, which are often used on an ad-hoc basis without further justification, are thereby extended.</p></sec></abstract></article-meta></front></article>