<article xmlns="https://dtd.nlm.nih.gov/ns/archiving/2.3/" xmlns:xsi="http://www.w3.org/2001/XMLSchema-instance" xmlns:mml="http://www.w3.org/1998/Math/MathML" xmlns:xlink="http://www.w3.org/1999/xlink" xsi:schemaLocation="https://dtd.nlm.nih.gov/ns/archiving/2.3/ https://dtd.nlm.nih.gov/archiving/2.3/xsd/archivearticle.xsd" article-type="research-article"><front><journal-meta><journal-id journal-id-type="nlm-ta">BMC Bioinformatics</journal-id><journal-title>BMC Bioinformatics</journal-title><issn pub-type="epub">1471-2105</issn><publisher><publisher-name>BioMed Central</publisher-name><publisher-loc>London</publisher-loc></publisher></journal-meta><article-meta><article-id pub-id-type="accession">PMC520755</article-id><article-id pub-id-type="pmcid">PMC520755</article-id><article-id pub-id-type="pmc-uid">520755</article-id><article-id pub-id-type="pmid">15350197</article-id><article-id pub-id-type="publisher-id">1471-2105-5-125</article-id><article-id pub-id-type="pmid">15350197</article-id><article-id pub-id-type="doi">10.1186/1471-2105-5-125</article-id><article-categories><subj-group subj-group-type="heading"><subject>Research Article</subject></subj-group></article-categories><title-group><article-title>Determination of the differentially expressed genes in microarray experiments using local FDR</article-title></title-group><contrib-group><contrib id="A1" contrib-type="author"><name><surname>Aubert</surname><given-names>J</given-names></name><xref ref-type="aff" rid="I1">1</xref><email>aubert@inapg.fr</email></contrib><contrib id="A2" contrib-type="author"><name><surname>Bar-Hen</surname><given-names>A</given-names></name><xref ref-type="aff" rid="I1">1</xref><email>avner@inapg.fr</email></contrib><contrib id="A3" corresp="yes" contrib-type="author"><name><surname>Daudin</surname><given-names>J-J</given-names></name><xref ref-type="aff" rid="I1">1</xref><email>daudin@inapg.fr</email></contrib><contrib id="A4" contrib-type="author"><name><surname>Robin</surname><given-names>S</given-names></name><xref ref-type="aff" rid="I1">1</xref><email>robin@inapg.fr</email></contrib></contrib-group><aff id="I1"><label>1</label>UMR INAPG/INRA/ENGREF 518, 16, rue C. Bernard, 75231 Paris Cedex 05, France</aff><pub-date pub-type="collection"><year>2004</year></pub-date><pub-date pub-type="epub"><day>6</day><month>9</month><year>2004</year></pub-date><volume>5</volume><fpage>125</fpage><lpage>125</lpage><ext-link ext-link-type="uri" xlink:href="http://www.biomedcentral.com/1471-2105/5/125"/><history><date date-type="received"><day>27</day><month>5</month><year>2004</year></date><date date-type="accepted"><day>6</day><month>9</month><year>2004</year></date></history><copyright-statement>Copyright © 2004 Aubert et al; licensee BioMed Central Ltd.</copyright-statement><license license-type="open-access" xlink:href="http://creativecommons.org/licenses/by/2.0"><p>This is an open-access article distributed under the terms of the Creative Commons Attribution License (<ext-link ext-link-type="uri" xlink:href="http://creativecommons.org/licenses/by/2.0"/>), which permits unrestricted use, distribution, and reproduction in any medium, provided the original work is properly cited.</p></license><abstract><sec><title>Background</title><p>Thousands of genes in a genomewide data set are tested against some null hypothesis, for detecting differentially expressed genes in microarray experiments. The expected proportion of false positive genes in a set of genes, called the False Discovery Rate (FDR), has been proposed to measure the statistical significance of this set. Various procedures exist for controlling the FDR. However the threshold (generally 5%) is arbitrary and a specific measure associated with each gene would be worthwhile.</p></sec><sec><title>Results</title><p>Using process intensity estimation methods, we define and give estimates of the local FDR, which may be considered as the probability for a gene to be a false positive. After a global assessment rule controlling the false positive error, the local FDR is a valuable guideline for deciding wether a gene is differentially expressed. The interest of the method is illustrated on three well known data sets. A R routine for computing local FDR estimates from <italic>p</italic>-values is available at <ext-link ext-link-type="uri" xlink:href="http://www.inapg.fr/ens_rech/mathinfo/recherche/mathematique/outil.html"/>.</p></sec><sec><title>Conclusions</title><p>The local FDR associated with each gene measures the probability that it is a false positive. It gives the opportunity to compute the FDR of any given group of clones (of the same gene) or genes pertaining to the same regulation network or the same chromosomic region.</p></sec></abstract></article-meta></front></article>