<article xmlns="https://dtd.nlm.nih.gov/ns/archiving/2.3/" xmlns:xsi="http://www.w3.org/2001/XMLSchema-instance" xmlns:mml="http://www.w3.org/1998/Math/MathML" xmlns:xlink="http://www.w3.org/1999/xlink" xsi:schemaLocation="https://dtd.nlm.nih.gov/ns/archiving/2.3/ https://dtd.nlm.nih.gov/archiving/2.3/xsd/archivearticle.xsd" article-type="research-article"><front><journal-meta><journal-id journal-id-type="nlm-ta">BMC Bioinformatics</journal-id><journal-title>BMC Bioinformatics</journal-title><issn pub-type="epub">1471-2105</issn><publisher><publisher-name>BioMed Central</publisher-name><publisher-loc>London</publisher-loc></publisher></journal-meta><article-meta><article-id pub-id-type="accession">PMC552315</article-id><article-id pub-id-type="pmcid">PMC552315</article-id><article-id pub-id-type="pmc-uid">552315</article-id><article-id pub-id-type="pmid">15707486</article-id><article-id pub-id-type="publisher-id">1471-2105-6-28</article-id><article-id pub-id-type="pmid">15707486</article-id><article-id pub-id-type="doi">10.1186/1471-2105-6-28</article-id><article-categories><subj-group subj-group-type="heading"><subject>Research Article</subject></subj-group></article-categories><title-group><article-title>An adaptive method for cDNA microarray normalization</article-title></title-group><contrib-group><contrib id="A1" equal-contrib="yes" contrib-type="author"><name><surname>Zhao</surname><given-names>Yingdong</given-names></name><xref ref-type="aff" rid="I1">1</xref><email>zhaoy@helix.nih.gov</email></contrib><contrib id="A2" equal-contrib="yes" contrib-type="author"><name><surname>Li</surname><given-names>Ming-Chung</given-names></name><xref ref-type="aff" rid="I2">2</xref><email>mli@emmes.com</email></contrib><contrib id="A3" corresp="yes" contrib-type="author"><name><surname>Simon</surname><given-names>Richard</given-names></name><xref ref-type="aff" rid="I1">1</xref><email>rsimon@mail.nih.gov</email></contrib></contrib-group><aff id="I1"><label>1</label>Biometric Research Branch, National Cancer Institute, National Institutes of Health, Rockville, Maryland, USA</aff><aff id="I2"><label>2</label>The EMMES Corporation, Rockville, Maryland, USA</aff><pub-date pub-type="collection"><year>2005</year></pub-date><pub-date pub-type="epub"><day>11</day><month>2</month><year>2005</year></pub-date><volume>6</volume><fpage>28</fpage><lpage>28</lpage><ext-link ext-link-type="uri" xlink:href="http://www.biomedcentral.com/1471-2105/6/28"/><history><date date-type="received"><day>21</day><month>10</month><year>2004</year></date><date date-type="accepted"><day>11</day><month>2</month><year>2005</year></date></history><copyright-statement>Copyright © 2005 Zhao et al; licensee BioMed Central Ltd.</copyright-statement><license license-type="open-access" xlink:href="http://creativecommons.org/licenses/by/2.0"><p>This is an Open Access article distributed under the terms of the Creative Commons Attribution License (<ext-link ext-link-type="uri" xlink:href="http://creativecommons.org/licenses/by/2.0"/>), which permits unrestricted use, distribution, and reproduction in any medium, provided the original work is properly cited.</p></license><abstract><sec><title>Background</title><p>Normalization is a critical step in analysis of gene expression profiles. For dual-labeled arrays, global normalization assumes that the majority of the genes on the array are non-differentially expressed between the two channels and that the number of over-expressed genes approximately equals the number of under-expressed genes. These assumptions can be inappropriate for custom arrays or arrays in which the reference RNA is very different from the experimental samples.</p></sec><sec><title>Results</title><p>We propose a mixture model based normalization method that adaptively identifies non-differentially expressed genes and thereby substantially improves normalization for dual-labeled arrays in settings where the assumptions of global normalization are problematic. The new method is evaluated using both simulated and real data.</p></sec><sec><title>Conclusions</title><p>The new normalization method is effective for general microarray platforms when samples with very different expression profile are co-hybridized and for custom arrays where the majority of genes are likely to be differentially expressed.</p></sec></abstract></article-meta></front></article>