<article xmlns="https://dtd.nlm.nih.gov/ns/archiving/2.3/" xmlns:xsi="http://www.w3.org/2001/XMLSchema-instance" xmlns:mml="http://www.w3.org/1998/Math/MathML" xmlns:xlink="http://www.w3.org/1999/xlink" xsi:schemaLocation="https://dtd.nlm.nih.gov/ns/archiving/2.3/ https://dtd.nlm.nih.gov/archiving/2.3/xsd/archivearticle.xsd" article-type="product-review"><front><journal-meta><journal-id journal-id-type="nlm-ta">BMC Bioinformatics</journal-id><journal-title>BMC Bioinformatics</journal-title><issn pub-type="epub">1471-2105</issn><publisher><publisher-name>BioMed Central</publisher-name><publisher-loc>London</publisher-loc></publisher></journal-meta><article-meta><article-id pub-id-type="accession">PMC555943</article-id><article-id pub-id-type="pmcid">PMC555943</article-id><article-id pub-id-type="pmc-uid">555943</article-id><article-id pub-id-type="pmid">15743531</article-id><article-id pub-id-type="publisher-id">1471-2105-6-41</article-id><article-id pub-id-type="pmid">15743531</article-id><article-id pub-id-type="doi">10.1186/1471-2105-6-41</article-id><article-categories><subj-group subj-group-type="heading"><subject>Software</subject></subj-group></article-categories><title-group><article-title>PHACCS, an online tool for estimating the structure and diversity of uncultured viral communities using metagenomic information</article-title></title-group><contrib-group><contrib id="A1" contrib-type="author"><name><surname>Angly</surname><given-names>Florent</given-names></name><xref ref-type="aff" rid="I1">1</xref><xref ref-type="aff" rid="I2">2</xref><email>fangly@projects.sdsu.edu</email></contrib><contrib id="A2" contrib-type="author"><name><surname>Rodriguez-Brito</surname><given-names>Beltran</given-names></name><xref ref-type="aff" rid="I2">2</xref><xref ref-type="aff" rid="I4">4</xref><email>brodrigu@rohan.sdsu.edu</email></contrib><contrib id="A3" contrib-type="author"><name><surname>Bangor</surname><given-names>David</given-names></name><xref ref-type="aff" rid="I2">2</xref><xref ref-type="aff" rid="I3">3</xref><email>heimdalle@yahoo.com</email></contrib><contrib id="A4" contrib-type="author"><name><surname>McNairnie</surname><given-names>Pat</given-names></name><xref ref-type="aff" rid="I2">2</xref><email>arcum@cox.net</email></contrib><contrib id="A5" contrib-type="author"><name><surname>Breitbart</surname><given-names>Mya</given-names></name><xref ref-type="aff" rid="I2">2</xref><email>mya@sunstroke.sdsu.edu</email></contrib><contrib id="A6" contrib-type="author"><name><surname>Salamon</surname><given-names>Peter</given-names></name><xref ref-type="aff" rid="I3">3</xref><email>salamon@math.sdsu.edu</email></contrib><contrib id="A7" contrib-type="author"><name><surname>Felts</surname><given-names>Ben</given-names></name><xref ref-type="aff" rid="I3">3</xref><email>ben.felts@conexant.com</email></contrib><contrib id="A8" contrib-type="author"><name><surname>Nulton</surname><given-names>James</given-names></name><xref ref-type="aff" rid="I3">3</xref><email>jnulton@mail.sdsu.edu</email></contrib><contrib id="A9" contrib-type="author"><name><surname>Mahaffy</surname><given-names>Joseph</given-names></name><xref ref-type="aff" rid="I3">3</xref><email>mahaffy@math.sdsu.edu</email></contrib><contrib id="A10" corresp="yes" contrib-type="author"><name><surname>Rohwer</surname><given-names>Forest</given-names></name><xref ref-type="aff" rid="I2">2</xref><xref ref-type="aff" rid="I5">5</xref><email>forest@sunstroke.sdsu.edu</email></contrib></contrib-group><aff id="I1"><label>1</label>Ecole Supérieure de Biotechnologie de Strasbourg, Boulevard Sébastien Brandt, 67413 Illkirch, France</aff><aff id="I2"><label>2</label>Department of Biology, San Diego State University, 5500 Campanile Drive, San Diego, California 92182, USA</aff><aff id="I3"><label>3</label>Department of Mathematics and Statistics, San Diego State University, 5500 Campanile Drive, San Diego, California 92182, USA</aff><aff id="I4"><label>4</label>Computational Science Research Center, San Diego State University, 5500 Campanile Drive, San Diego, California 92182, USA</aff><aff id="I5"><label>5</label>Center For Microbial Sciences, San Diego State University, 5500 Campanile Drive, San Diego, California 92182, USA</aff><pub-date pub-type="collection"><year>2005</year></pub-date><pub-date pub-type="epub"><day>2</day><month>3</month><year>2005</year></pub-date><volume>6</volume><fpage>41</fpage><lpage>41</lpage><ext-link ext-link-type="uri" xlink:href="http://www.biomedcentral.com/1471-2105/6/41"/><history><date date-type="received"><day>18</day><month>12</month><year>2004</year></date><date date-type="accepted"><day>2</day><month>3</month><year>2005</year></date></history><copyright-statement>Copyright © 2005 Angly et al; licensee BioMed Central Ltd.</copyright-statement><license license-type="open-access" xlink:href="http://creativecommons.org/licenses/by/2.0"><p>This is an Open Access article distributed under the terms of the Creative Commons Attribution License (<ext-link ext-link-type="uri" xlink:href="http://creativecommons.org/licenses/by/2.0"/>), which permits unrestricted use, distribution, and reproduction in any medium, provided the original work is properly cited.</p></license><abstract><sec><title>Background</title><p>Phages, viruses that infect prokaryotes, are the most abundant microbes in the world. A major limitation to studying these viruses is the difficulty of cultivating the appropriate prokaryotic hosts. One way around this limitation is to directly clone and sequence shotgun libraries of uncultured viral communities (i.e., metagenomic analyses). PHACCS <ext-link ext-link-type="uri" xlink:href="http://phage.sdsu.edu/phaccs"/>, Phage Communities from Contig Spectrum, is an online bioinformatic tool to assess the biodiversity of uncultured viral communities. PHACCS uses the contig spectrum from shotgun DNA sequence assemblies to mathematically model the structure of viral communities and make predictions about diversity.</p></sec><sec><title>Results</title><p>PHACCS builds models of possible community structure using a modified Lander-Waterman algorithm to predict the underlying contig spectrum. PHACCS finds the most appropriate structure model by optimizing the model parameters until the predicted contig spectrum is as close as possible to the experimental one. This model is the basis for making estimates of uncultured viral community richness, evenness, diversity index and abundance of the most abundant genotype.</p></sec><sec><title>Conclusion</title><p>PHACCS analysis of four different environmental phage communities suggests that the power law is an important rank-abundance form to describe uncultured viral community structure. The estimates support the fact that the four phage communities were extremely diverse and that phage community biodiversity and structure may be correlated with that of their hosts.</p></sec></abstract></article-meta></front></article>