<article xmlns="https://dtd.nlm.nih.gov/ns/archiving/2.3/" xmlns:xsi="http://www.w3.org/2001/XMLSchema-instance" xmlns:mml="http://www.w3.org/1998/Math/MathML" xmlns:xlink="http://www.w3.org/1999/xlink" xsi:schemaLocation="https://dtd.nlm.nih.gov/ns/archiving/2.3/ https://dtd.nlm.nih.gov/archiving/2.3/xsd/archivearticle.xsd" article-type="research-article"><front><journal-meta><journal-id journal-id-type="nlm-ta">BMC Bioinformatics</journal-id><journal-title>BMC Bioinformatics</journal-title><issn pub-type="epub">1471-2105</issn><publisher><publisher-name>BioMed Central</publisher-name><publisher-loc>London</publisher-loc></publisher></journal-meta><article-meta><article-id pub-id-type="accession">PMC509235</article-id><article-id pub-id-type="pmcid">PMC509235</article-id><article-id pub-id-type="pmc-uid">509235</article-id><article-id pub-id-type="pmid">15279682</article-id><article-id pub-id-type="publisher-id">1471-2105-5-102</article-id><article-id pub-id-type="pmid">15279682</article-id><article-id pub-id-type="doi">10.1186/1471-2105-5-102</article-id><article-categories><subj-group subj-group-type="heading"><subject>Methodology Article</subject></subj-group></article-categories><title-group><article-title>A computer simulation analysis of the accuracy of partial genome sequencing and restriction fragment analysis in estimating genetic relationships: an application to papillomavirus DNA sequences</article-title></title-group><contrib-group><contrib id="A1" contrib-type="author"><name><surname>Qiao</surname><given-names>Baozhen</given-names></name><xref ref-type="aff" rid="I1">1</xref><email>qbaozhen@hotmail.com</email></contrib><contrib id="A2" corresp="yes" contrib-type="author"><name><surname>Weigel</surname><given-names>Ronald M</given-names></name><xref ref-type="aff" rid="I1">1</xref><email>weigel@uiuc.edu</email></contrib></contrib-group><aff id="I1"><label>1</label>Division of Epidemiology and Preventive Medicine, Department of Veterinary Pathobiology, University of Illinois, Urbana, IL 61801 USA</aff><pub-date pub-type="collection"><year>2004</year></pub-date><pub-date pub-type="epub"><day>27</day><month>7</month><year>2004</year></pub-date><volume>5</volume><fpage>102</fpage><lpage>102</lpage><ext-link ext-link-type="uri" xlink:href="http://www.biomedcentral.com/1471-2105/5/102"/><history><date date-type="received"><day>12</day><month>3</month><year>2004</year></date><date date-type="accepted"><day>27</day><month>7</month><year>2004</year></date></history><copyright-statement>Copyright © 2004 Qiao and Weigel; licensee BioMed Central Ltd.</copyright-statement><license license-type="open-access" xlink:href="http://creativecommons.org/licenses/by/2.0"><p>This is an open-access article distributed under the terms of the Creative Commons Attribution License (<ext-link ext-link-type="uri" xlink:href="http://creativecommons.org/licenses/by/2.0"/>), which permits unrestricted use, distribution, and reproduction in any medium, provided the original work is properly cited.</p></license><abstract><sec><title>Background</title><p>Determination of genetic relatedness among microorganisms provides information necessary for making inferences regarding phylogeny. However, there is little information available on how well the genetic relationships inferred from different genotyping methods agree with true genetic relationships. In this report, two genotyping methods – restriction fragment analysis (RFA) and partial genome DNA sequencing – were each compared to complete DNA sequencing as the definitive standard for classification.</p></sec><sec><title>Results</title><p>Using the Genbank database, 16 different types or subtypes of papillomavirus were selected as study samples, because numerous complete genome sequences were available. RFA was achieved by computer-simulated digestion. The genetic similarity of samples, based on RFA, was determined from the proportion of fragments that matched in size. DNA sequences of four specific genes (E1, E6, E7, and L1), representing partial genome sequencing, were also selected for comparison to complete genome sequencing. Laboratory error was not taken into account. Evaluation of the correlation between genetic similarity matrices (Mantel's r) and comparisons of the structure of the derived dendrograms (partition metric) indicated that partial genome sequencing (for single genes) had higher agreement with complete genome sequencing, achieving a maximum Mantel's r = 0.97 and a minimum partition metric = 10. RFA had lower agreement, with a maximum Mantel's r = 0.60 and a minimum partition metric = 18.</p></sec><sec><title>Conclusions</title><p>This simulation indicated that for smaller genomes, such as papillomavirus, partial genome sequencing is superior to restriction fragment analysis in representing genetic relatedness among isolates. The generalizability of these results to larger genomes, as well as the impact of laboratory error, remains to be demonstrated.</p></sec></abstract></article-meta></front></article>