<article xmlns="https://dtd.nlm.nih.gov/ns/archiving/2.3/" xmlns:xsi="http://www.w3.org/2001/XMLSchema-instance" xmlns:mml="http://www.w3.org/1998/Math/MathML" xmlns:xlink="http://www.w3.org/1999/xlink" xsi:schemaLocation="https://dtd.nlm.nih.gov/ns/archiving/2.3/ https://dtd.nlm.nih.gov/archiving/2.3/xsd/archivearticle.xsd" article-type="product-review"><front><journal-meta><journal-id journal-id-type="nlm-ta">BMC Bioinformatics</journal-id><journal-title>BMC Bioinformatics</journal-title><issn pub-type="epub">1471-2105</issn><publisher><publisher-name>BioMed Central</publisher-name><publisher-loc>London</publisher-loc></publisher></journal-meta><article-meta><article-id pub-id-type="accession">PMC535903</article-id><article-id pub-id-type="pmcid">PMC535903</article-id><article-id pub-id-type="pmc-uid">535903</article-id><article-id pub-id-type="pmid">15469608</article-id><article-id pub-id-type="publisher-id">1471-2105-5-143</article-id><article-id pub-id-type="pmid">15469608</article-id><article-id pub-id-type="doi">10.1186/1471-2105-5-143</article-id><article-categories><subj-group subj-group-type="heading"><subject>Software</subject></subj-group></article-categories><title-group><article-title>Identitag, a relational database for SAGE tag identification and interspecies comparison of SAGE libraries</article-title></title-group><contrib-group><contrib id="A1" corresp="yes" contrib-type="author"><name><surname>Keime</surname><given-names>Céline</given-names></name><xref ref-type="aff" rid="I1">1</xref><xref ref-type="aff" rid="I2">2</xref><email>keime@cgmc.univ-lyon1.fr</email></contrib><contrib id="A2" contrib-type="author"><name><surname>Damiola</surname><given-names>Francesca</given-names></name><xref ref-type="aff" rid="I1">1</xref><email>damiola@cgmc.univ-lyon1.fr</email></contrib><contrib id="A3" contrib-type="author"><name><surname>Mouchiroud</surname><given-names>Dominique</given-names></name><xref ref-type="aff" rid="I2">2</xref><email>mouchi@biomserv.univ-lyon1.fr</email></contrib><contrib id="A4" contrib-type="author"><name><surname>Duret</surname><given-names>Laurent</given-names></name><xref ref-type="aff" rid="I2">2</xref><email>duret@biomserv.univ-lyon1.fr</email></contrib><contrib id="A5" contrib-type="author"><name><surname>Gandrillon</surname><given-names>Olivier</given-names></name><xref ref-type="aff" rid="I1">1</xref><email>gandrillon@cgmc.univ-lyon1.fr</email></contrib></contrib-group><aff id="I1"><label>1</label>Équipe Signalisation et identités cellulaires, Centre de Génétique Moléculaire et Cellulaire CNRS UMR 5534, Université Claude Bernard Lyon 1, bâtiment Gregor Mendel, 16 rue Raphaël Dubois 69622 Villeurbanne cedex France</aff><aff id="I2"><label>2</label>Équipe Bioinformatique et génomique évolutive, Laboratoire Biométrie et Biologie Évolutive CNRS UMR 5558, Université Claude Bernard Lyon 1, bâtiment Gregor Mendel, 16 rue Raphaël Dubois, 69622 Villeurbanne cedex France</aff><pub-date pub-type="collection"><year>2004</year></pub-date><pub-date pub-type="epub"><day>6</day><month>10</month><year>2004</year></pub-date><volume>5</volume><fpage>143</fpage><lpage>143</lpage><ext-link ext-link-type="uri" xlink:href="http://www.biomedcentral.com/1471-2105/5/143"/><history><date date-type="received"><day>26</day><month>5</month><year>2004</year></date><date date-type="accepted"><day>6</day><month>10</month><year>2004</year></date></history><copyright-statement>Copyright © 2004 Keime et al; licensee BioMed Central Ltd.</copyright-statement><license license-type="open-access" xlink:href="http://creativecommons.org/licenses/by/2.0"><p>This is an open-access article distributed under the terms of the Creative Commons Attribution License (<ext-link ext-link-type="uri" xlink:href="http://creativecommons.org/licenses/by/2.0"/>), which permits unrestricted use, distribution, and reproduction in any medium, provided the original work is properly cited.</p></license><abstract><sec><title>Background</title><p>Serial Analysis of Gene Expression (SAGE) is a method of large-scale gene expression analysis that has the potential to generate the full list of mRNAs present within a cell population at a given time and their frequency. An essential step in SAGE library analysis is the unambiguous assignment of each 14 bp tag to the transcript from which it was derived. This process, called tag-to-gene mapping, represents a step that has to be improved in the analysis of SAGE libraries. Indeed, the existing web sites providing correspondence between tags and transcripts do not concern all species for which numerous EST and cDNA have already been sequenced.</p></sec><sec><title>Results</title><p>This is the reason why we designed and implemented a freely available tool called Identitag for tag identification that can be used in any species for which transcript sequences are available. Identitag is based on a relational database structure in order to allow rapid and easy storage and updating of data and, most importantly, in order to be able to precisely define identification parameters. This structure can be seen like three interconnected modules : the first one stores virtual tags extracted from a given list of transcript sequences, the second stores experimental tags observed in SAGE experiments, and the third allows the annotation of the transcript sequences used for virtual tag extraction. It therefore connects an observed tag to a virtual tag and to the sequence it comes from, and then to its functional annotation when available. Databases made from different species can be connected according to orthology relationship thus allowing the comparison of SAGE libraries between species. We successfully used Identitag to identify tags from our chicken SAGE libraries and for chicken to human SAGE tags interspecies comparison. Identitag sources are freely available on <ext-link ext-link-type="uri" xlink:href="http://pbil.univ-lyon1.fr/software/identitag/"/> web site.</p></sec><sec><title>Conclusions</title><p>Identitag is a flexible and powerful tool for tag identification in any single species and for interspecies comparison of SAGE libraries. It opens the way to comparative transcriptomic analysis, an emerging branch of biology.</p></sec></abstract></article-meta></front></article>