<article xmlns="https://dtd.nlm.nih.gov/ns/archiving/2.3/" xmlns:xsi="http://www.w3.org/2001/XMLSchema-instance" xmlns:mml="http://www.w3.org/1998/Math/MathML" xmlns:xlink="http://www.w3.org/1999/xlink" xsi:schemaLocation="https://dtd.nlm.nih.gov/ns/archiving/2.3/ https://dtd.nlm.nih.gov/archiving/2.3/xsd/archivearticle.xsd" article-type="research-article"><front><journal-meta><journal-id journal-id-type="nlm-ta">BMC Bioinformatics</journal-id><journal-title>BMC Bioinformatics</journal-title><issn pub-type="epub">1471-2105</issn><publisher><publisher-name>BioMed Central</publisher-name><publisher-loc>London</publisher-loc></publisher></journal-meta><article-meta><article-id pub-id-type="accession">PMC549202</article-id><article-id pub-id-type="pmcid">PMC549202</article-id><article-id pub-id-type="pmc-uid">549202</article-id><article-id pub-id-type="pmid">15676070</article-id><article-id pub-id-type="publisher-id">1471-2105-6-19</article-id><article-id pub-id-type="pmid">15676070</article-id><article-id pub-id-type="doi">10.1186/1471-2105-6-19</article-id><article-categories><subj-group subj-group-type="heading"><subject>Methodology Article</subject></subj-group></article-categories><title-group><article-title>Graph-representation of oxidative folding pathways</article-title></title-group><contrib-group><contrib id="A1" contrib-type="author"><name><surname>Ágoston</surname><given-names>Vilmos</given-names></name><xref ref-type="aff" rid="I1">1</xref><email>vilagos@brc.hu</email></contrib><contrib id="A2" contrib-type="author"><name><surname>Cemazar</surname><given-names>Masa</given-names></name><xref ref-type="aff" rid="I2">2</xref><xref ref-type="aff" rid="I3">3</xref><email>m.cemazar@imb.uq.edu.au</email></contrib><contrib id="A3" contrib-type="author"><name><surname>Kaján</surname><given-names>László</given-names></name><xref ref-type="aff" rid="I2">2</xref><email>kajan@icgeb.org</email></contrib><contrib id="A4" corresp="yes" contrib-type="author"><name><surname>Pongor</surname><given-names>Sándor</given-names></name><xref ref-type="aff" rid="I2">2</xref><email>pongor@icgeb.org</email></contrib></contrib-group><aff id="I1"><label>1</label>Bioinformatics Group, Biological Research Center, Hungarian Academy of Sciences, Temesvári krt. 62, 6726 Szeged, Hungary</aff><aff id="I2"><label>2</label>Protein Structure and Bioinformatics Group, International Centre for Genetic Engineering and Biotechnology, Area Science Park, 34012 Trieste, Italy</aff><aff id="I3"><label>3</label>Institute for Molecular Bioscience, University of Queensland, St. Lucia 4072, QLD, Australia</aff><pub-date pub-type="collection"><year>2005</year></pub-date><pub-date pub-type="epub"><day>27</day><month>1</month><year>2005</year></pub-date><volume>6</volume><fpage>19</fpage><lpage>19</lpage><ext-link ext-link-type="uri" xlink:href="http://www.biomedcentral.com/1471-2105/6/19"/><history><date date-type="received"><day>20</day><month>10</month><year>2004</year></date><date date-type="accepted"><day>27</day><month>1</month><year>2005</year></date></history><copyright-statement>Copyright © 2005 Ágoston et al; licensee BioMed Central Ltd.</copyright-statement><license license-type="open-access" xlink:href="http://creativecommons.org/licenses/by/2.0"><p>This is an Open Access article distributed under the terms of the Creative Commons Attribution License (<ext-link ext-link-type="uri" xlink:href="http://creativecommons.org/licenses/by/2.0"/>), which permits unrestricted use, distribution, and reproduction in any medium, provided the original work is properly cited.</p></license><abstract><sec><title>Background</title><p>The process of oxidative folding combines the formation of native disulfide bond with conformational folding resulting in the native three-dimensional fold. Oxidative folding pathways can be described in terms of disulfide intermediate species (DIS) which can also be isolated and characterized. Each DIS corresponds to a family of folding states (conformations) that the given DIS can adopt in three dimensions.</p></sec><sec><title>Results</title><p>The oxidative folding space can be represented as a network of DIS states interconnected by disulfide interchange reactions that can either create/abolish or rearrange disulfide bridges. We propose a simple 3D representation wherein the states having the same number of disulfide bridges are placed on separate planes. In this representation, the shuffling transitions are within the planes, and the redox edges connect adjacent planes. In a number of experimentally studied cases (bovine pancreatic trypsin inhibitor, insulin-like growth factor and epidermal growth factor), the observed intermediates appear as part of contiguous oxidative folding pathways.</p></sec><sec><title>Conclusions</title><p>Such networks can be used to visualize folding pathways in terms of the experimentally observed intermediates. A simple visualization template written for the Tulip package <ext-link ext-link-type="uri" xlink:href="http://www.tulip-software.org/"/> can be obtained from V.A.</p></sec></abstract></article-meta></front></article>