<article xmlns="https://dtd.nlm.nih.gov/ns/archiving/2.3/" xmlns:xsi="http://www.w3.org/2001/XMLSchema-instance" xmlns:mml="http://www.w3.org/1998/Math/MathML" xmlns:xlink="http://www.w3.org/1999/xlink" xsi:schemaLocation="https://dtd.nlm.nih.gov/ns/archiving/2.3/ https://dtd.nlm.nih.gov/archiving/2.3/xsd/archivearticle.xsd" article-type="research-article"><front><journal-meta><journal-id journal-id-type="nlm-ta">BMC Bioinformatics</journal-id><journal-title>BMC Bioinformatics</journal-title><issn pub-type="epub">1471-2105</issn><publisher><publisher-name>BioMed Central</publisher-name><publisher-loc>London</publisher-loc></publisher></journal-meta><article-meta><article-id pub-id-type="accession">PMC517617</article-id><article-id pub-id-type="pmcid">PMC517617</article-id><article-id pub-id-type="pmc-uid">517617</article-id><article-id pub-id-type="pmid">15333146</article-id><article-id pub-id-type="publisher-id">1471-2105-5-116</article-id><article-id pub-id-type="pmid">15333146</article-id><article-id pub-id-type="doi">10.1186/1471-2105-5-116</article-id><article-categories><subj-group subj-group-type="heading"><subject>Methodology Article</subject></subj-group></article-categories><title-group><article-title>Applying Support Vector Machines for Gene ontology based gene function prediction</article-title></title-group><contrib-group><contrib id="A1" corresp="yes" contrib-type="author"><name><surname>Vinayagam</surname><given-names>Arunachalam</given-names></name><xref ref-type="aff" rid="I1">1</xref><email>A.Vinayagam@dkfz-heidelberg.de</email></contrib><contrib id="A2" contrib-type="author"><name><surname>König</surname><given-names>Rainer</given-names></name><xref ref-type="aff" rid="I2">2</xref><email>R.Koenig@dkfz-heidelberg.de</email></contrib><contrib id="A3" contrib-type="author"><name><surname>Moormann</surname><given-names>Jutta</given-names></name><xref ref-type="aff" rid="I1">1</xref><xref ref-type="aff" rid="I3">3</xref><email>moormann@imbei.uni-mainz.de</email></contrib><contrib id="A4" contrib-type="author"><name><surname>Schubert</surname><given-names>Falk</given-names></name><xref ref-type="aff" rid="I2">2</xref><email>F.Schubert@dkfz-heidelberg.de</email></contrib><contrib id="A5" contrib-type="author"><name><surname>Eils</surname><given-names>Roland</given-names></name><xref ref-type="aff" rid="I2">2</xref><email>R.Eils@dkfz-heidelberg.de</email></contrib><contrib id="A6" contrib-type="author"><name><surname>Glatting</surname><given-names>Karl-Heinz</given-names></name><xref ref-type="aff" rid="I1">1</xref><email>Glatting@dkfz-heidelberg.de</email></contrib><contrib id="A7" contrib-type="author"><name><surname>Suhai</surname><given-names>Sándor</given-names></name><xref ref-type="aff" rid="I1">1</xref><email>S.Suhai@dkfz-heidelberg.de</email></contrib></contrib-group><aff id="I1"><label>1</label>Department of Molecular Biophysics, Deutsches Krebsforschungszentrum (DKFZ), TP3, Im Neuenheimer Feld 580, Heidelberg, D-69120, Germany</aff><aff id="I2"><label>2</label>Theoretical Bioinformatics, Deutsches Krebsforschungszentrum (DKFZ), TP3, Im Neuenheimer Feld 580, Heidelberg, D-69120, Germany</aff><aff id="I3"><label>3</label>Institut für Medizinische Biometrie, Epidemiologie und Informatik (IMBEI), Johannes Gutenberg-Universität Mainz, 55101, Mainz, Germany</aff><pub-date pub-type="collection"><year>2004</year></pub-date><pub-date pub-type="epub"><day>26</day><month>8</month><year>2004</year></pub-date><volume>5</volume><fpage>116</fpage><lpage>116</lpage><ext-link ext-link-type="uri" xlink:href="http://www.biomedcentral.com/1471-2105/5/116"/><history><date date-type="received"><day>11</day><month>5</month><year>2004</year></date><date date-type="accepted"><day>26</day><month>8</month><year>2004</year></date></history><copyright-statement>Copyright © 2004 Vinayagam et al; licensee BioMed Central Ltd.</copyright-statement><license license-type="open-access" xlink:href="http://creativecommons.org/licenses/by/2.0"><p>This is an open-access article distributed under the terms of the Creative Commons Attribution License (<ext-link ext-link-type="uri" xlink:href="http://creativecommons.org/licenses/by/2.0"/>), which permits unrestricted use, distribution, and reproduction in any medium, provided the original work is properly cited.</p></license><abstract><sec><title>Background</title><p>The current progress in sequencing projects calls for rapid, reliable and accurate function assignments of gene products. A variety of methods has been designed to annotate sequences on a large scale. However, these methods can either only be applied for specific subsets, or their results are not formalised, or they do not provide precise confidence estimates for their predictions.</p></sec><sec><title>Results</title><p>We have developed a large-scale annotation system that tackles all of these shortcomings. In our approach, annotation was provided through Gene Ontology terms by applying multiple Support Vector Machines (SVM) for the classification of correct and false predictions. The general performance of the system was benchmarked with a large dataset. An organism-wise cross-validation was performed to define confidence estimates, resulting in an average precision of 80% for 74% of all test sequences. The validation results show that the prediction performance was organism-independent and could reproduce the annotation of other automated systems as well as high-quality manual annotations. We applied our trained classification system to <italic>Xenopus laevis </italic>sequences, yielding functional annotation for more than half of the known expressed genome. Compared to the currently available annotation, we provided more than twice the number of contigs with good quality annotation, and additionally we assigned a confidence value to each predicted GO term.</p></sec><sec><title>Conclusions</title><p>We present a complete automated annotation system that overcomes many of the usual problems by applying a controlled vocabulary of Gene Ontology and an established classification method on large and well-described sequence data sets. In a case study, the function for <italic>Xenopus laevis </italic>contig sequences was predicted and the results are publicly available at <ext-link ext-link-type="ftp" xlink:href="ftp://genome.dkfz-heidelberg.de/pub/agd/gene_association.agd_Xenopus"/>.</p></sec></abstract></article-meta></front></article>