<article xmlns="https://dtd.nlm.nih.gov/ns/archiving/2.3/" xmlns:xsi="http://www.w3.org/2001/XMLSchema-instance" xmlns:mml="http://www.w3.org/1998/Math/MathML" xmlns:xlink="http://www.w3.org/1999/xlink" xsi:schemaLocation="https://dtd.nlm.nih.gov/ns/archiving/2.3/ https://dtd.nlm.nih.gov/archiving/2.3/xsd/archivearticle.xsd" article-type="research-article"><front><journal-meta><journal-id journal-id-type="nlm-ta">BMC Bioinformatics</journal-id><journal-title>BMC Bioinformatics</journal-title><issn pub-type="epub">1471-2105</issn><publisher><publisher-name>BioMed Central</publisher-name><publisher-loc>London</publisher-loc></publisher></journal-meta><article-meta><article-id pub-id-type="accession">PMC544885</article-id><article-id pub-id-type="pmcid">PMC544885</article-id><article-id pub-id-type="pmc-uid">544885</article-id><article-id pub-id-type="pmid">15626348</article-id><article-id pub-id-type="publisher-id">1471-2105-5-209</article-id><article-id pub-id-type="pmid">15626348</article-id><article-id pub-id-type="doi">10.1186/1471-2105-5-209</article-id><article-categories><subj-group subj-group-type="heading"><subject>Research Article</subject></subj-group></article-categories><title-group><article-title>Analysis of oligonucleotide array experiments with repeated measures using mixed models</article-title></title-group><contrib-group><contrib id="A1" corresp="yes" contrib-type="author"><name><surname>Li</surname><given-names>Hao</given-names></name><xref ref-type="aff" rid="I1">1</xref><email>lhao@uky.edu</email></contrib><contrib id="A2" contrib-type="author"><name><surname>Wood</surname><given-names>Constance L</given-names></name><xref ref-type="aff" rid="I1">1</xref><email>cwood@uky.edu</email></contrib><contrib id="A3" contrib-type="author"><name><surname>Getchell</surname><given-names>Thomas V</given-names></name><xref ref-type="aff" rid="I2">2</xref><xref ref-type="aff" rid="I4">4</xref><email>tgetche@pop.uky.edu</email></contrib><contrib id="A4" contrib-type="author"><name><surname>Getchell</surname><given-names>Marilyn L</given-names></name><xref ref-type="aff" rid="I3">3</xref><xref ref-type="aff" rid="I4">4</xref><email>mgetch@email.uky.edu</email></contrib><contrib id="A5" contrib-type="author"><name><surname>Stromberg</surname><given-names>Arnold J</given-names></name><xref ref-type="aff" rid="I1">1</xref><email>astro@ms.uky.edu</email></contrib></contrib-group><aff id="I1"><label>1</label>Department of Statistics, 815 Patterson Office Tower, University of Kentucky, Lexington, Kentucky 40506-0027, USA</aff><aff id="I2"><label>2</label>Department of Physiology, University of Kentucky, 800 Rose Street, Lexington, KY 40536-0298, USA</aff><aff id="I3"><label>3</label>Department of Anatomy and Neurobiology, College of Medicine, Univeristy of Kentucky, Lexington, KY 40536-0298, USA</aff><aff id="I4"><label>4</label>309 Sanders-Brown Center on Aging, 800 South Limestone Street, University of Kentucky College of Medicine, Lexington, KY 40536-0230, USA</aff><pub-date pub-type="collection"><year>2004</year></pub-date><pub-date pub-type="epub"><day>30</day><month>12</month><year>2004</year></pub-date><volume>5</volume><fpage>209</fpage><lpage>209</lpage><ext-link ext-link-type="uri" xlink:href="http://www.biomedcentral.com/1471-2105/5/209"/><history><date date-type="received"><day>15</day><month>4</month><year>2004</year></date><date date-type="accepted"><day>30</day><month>12</month><year>2004</year></date></history><permissions><copyright-statement>Copyright © 2004 Li et al; licensee BioMed Central Ltd.</copyright-statement><copyright-year>2004</copyright-year><copyright-holder>Li et al; licensee BioMed Central Ltd.</copyright-holder><license license-type="open-access" xlink:href="http://creativecommons.org/licenses/by/2.0"><p>This is an Open Access article distributed under the terms of the Creative Commons Attribution License (<ext-link ext-link-type="uri" xlink:href="http://creativecommons.org/licenses/by/2.0"/>), which permits unrestricted use, distribution, and reproduction in any medium, provided the original work is properly cited.</p><!--<rdf xmlns="http://web.resource.org/cc/" xmlns:rdf="http://www.w3.org/1999/02/22-rdf-syntax-ns#" xmlns:dc="http://purl.org/dc/elements/1.1" xmlns:dcterms="http://purl.org/dc/terms"><Work xmlns:dc="http://purl.org/dc/elements/1.1/" xmlns:dcterms="http://purl.org/dc/terms/" rdf:about=""><license rdf:resource="http://creativecommons.org/licenses/by/2.0"/><dc:type rdf:resource="http://purl.org/dc/dcmitype/Text"/><dc:author>
               Li
               Hao
               
               lhao@uky.edu
            </dc:author><dc:title>
            Analysis of oligonucleotide array experiments with repeated measures using mixed models
         </dc:title><dc:date>2004</dc:date><dcterms:bibliographicCitation>BMC Bioinformatics 5(1): 209-. (2004)</dcterms:bibliographicCitation><dc:identifier type="sici">1471-2105(2004)5:1&#x0003c;209&#x0003e;</dc:identifier><dcterms:isPartOf>urn:ISSN:1471-2105</dcterms:isPartOf><License rdf:about="http://creativecommons.org/licenses/by/2.0"><permits rdf:resource="http://web.resource.org/cc/Reproduction" xmlns=""/><permits rdf:resource="http://web.resource.org/cc/Distribution" xmlns=""/><requires rdf:resource="http://web.resource.org/cc/Notice" xmlns=""/><requires rdf:resource="http://web.resource.org/cc/Attribution" xmlns=""/><permits rdf:resource="http://web.resource.org/cc/DerivativeWorks" xmlns=""/></License></Work></rdf>--></license></permissions><abstract><sec><title>Background</title><p>Two or more factor mixed factorial experiments are becoming increasingly common in microarray data analysis. In this case study, the two factors are presence (Patients with Alzheimer's disease) or absence (Control) of the disease, and brain regions including olfactory bulb (OB) or cerebellum (CER). In the design considered in this manuscript, OB and CER are repeated measurements from the same subject and, hence, are correlated. It is critical to identify sources of variability in the analysis of oligonucleotide array experiments with repeated measures and correlations among data points have to be considered. In addition, multiple testing problems are more complicated in experiments with multi-level treatments or treatment combinations.</p></sec><sec><title>Results</title><p>In this study we adopted a linear mixed model to analyze oligonucleotide array experiments with repeated measures. We first construct a generalized F test to select differentially expressed genes. The Benjamini and Hochberg (BH) procedure of controlling false discovery rate (FDR) at 5% was applied to the P values of the generalized F test. For those genes with significant generalized F test, we then categorize them based on whether the interaction terms were significant or not at the <italic>α</italic>-level (<italic>α</italic><sub><italic>new </italic></sub>= 0.0033) determined by the FDR procedure. Since simple effects may be examined for the genes with significant interaction effect, we adopt the protected Fisher's least significant difference test (LSD) procedure at the level of <italic>α</italic><sub><italic>new </italic></sub>to control the family-wise error rate (FWER) for each gene examined.</p></sec><sec><title>Conclusions</title><p>A linear mixed model is appropriate for analysis of oligonucleotide array experiments with repeated measures. We constructed a generalized F test to select differentially expressed genes, and then applied a specific sequence of tests to identify factorial effects. This sequence of tests applied was designed to control for gene based FWER.</p></sec></abstract></article-meta></front></article>