<article xmlns="https://dtd.nlm.nih.gov/ns/archiving/2.3/" xmlns:xsi="http://www.w3.org/2001/XMLSchema-instance" xmlns:mml="http://www.w3.org/1998/Math/MathML" xmlns:xlink="http://www.w3.org/1999/xlink" xsi:schemaLocation="https://dtd.nlm.nih.gov/ns/archiving/2.3/ https://dtd.nlm.nih.gov/archiving/2.3/xsd/archivearticle.xsd" article-type="research-article"><front><journal-meta><journal-id journal-id-type="nlm-ta">BMC Bioinformatics</journal-id><journal-title>BMC Bioinformatics</journal-title><issn pub-type="epub">1471-2105</issn><publisher><publisher-name>BioMed Central</publisher-name><publisher-loc>London</publisher-loc></publisher></journal-meta><article-meta><article-id pub-id-type="accession">PMC544344</article-id><article-id pub-id-type="pmcid">PMC544344</article-id><article-id pub-id-type="pmc-uid">544344</article-id><article-id pub-id-type="pmid">15563734</article-id><article-id pub-id-type="publisher-id">1471-2105-5-183</article-id><article-id pub-id-type="pmid">15563734</article-id><article-id pub-id-type="doi">10.1186/1471-2105-5-183</article-id><article-categories><subj-group subj-group-type="heading"><subject>Methodology Article</subject></subj-group></article-categories><title-group><article-title>Protein family comparison using statistical models and predicted structural information</article-title></title-group><contrib-group><contrib id="A1" contrib-type="author"><name><surname>Chung</surname><given-names>Richard</given-names></name><xref ref-type="aff" rid="I1">1</xref><email>rc238@cornell.edu</email></contrib><contrib id="A2" corresp="yes" contrib-type="author"><name><surname>Yona</surname><given-names>Golan</given-names></name><xref ref-type="aff" rid="I1">1</xref><email>golan@cs.cornell.edu</email></contrib></contrib-group><aff id="I1"><label>1</label>Department of Computer Science, Cornell University, Ithaca, NY 14850, USA</aff><pub-date pub-type="collection"><year>2004</year></pub-date><pub-date pub-type="epub"><day>25</day><month>11</month><year>2004</year></pub-date><volume>5</volume><fpage>183</fpage><lpage>183</lpage><ext-link ext-link-type="uri" xlink:href="http://www.biomedcentral.com/1471-2105/5/183"/><history><date date-type="received"><day>31</day><month>5</month><year>2004</year></date><date date-type="accepted"><day>25</day><month>11</month><year>2004</year></date></history><copyright-statement>Copyright © 2004 Chung and Yona; licensee BioMed Central Ltd.</copyright-statement><license license-type="open-access" xlink:href="http://creativecommons.org/licenses/by/2.0"><p>This is an Open Access article distributed under the terms of the Creative Commons Attribution License (<ext-link ext-link-type="uri" xlink:href="http://creativecommons.org/licenses/by/2.0"/>), which permits unrestricted use, distribution, and reproduction in any medium, provided the original work is properly cited.</p></license><abstract><sec><title>Background</title><p>This paper presents a simple method to increase the sensitivity of protein family comparisons by incorporating secondary structure (SS) information. We build upon the effective information theory approach towards profile-profile comparison described in [Yona &amp; Levitt 2002]. Our method augments profile columns using PSIPRED secondary structure predictions and assesses statistical similarity using information theoretical principles.</p></sec><sec><title>Results</title><p>Our tests show that this tool detects more similarities between protein families of distant homology than the previous primary sequence-based method. A very significant improvement in performance is observed when the real secondary structure is used.</p></sec><sec><title>Conclusions</title><p>Integration of primary and secondary structure information can substantially improve detection of relationships between remotely related protein families.</p></sec></abstract></article-meta></front></article>