<article xmlns="https://dtd.nlm.nih.gov/ns/archiving/2.3/" xmlns:xsi="http://www.w3.org/2001/XMLSchema-instance" xmlns:mml="http://www.w3.org/1998/Math/MathML" xmlns:xlink="http://www.w3.org/1999/xlink" xsi:schemaLocation="https://dtd.nlm.nih.gov/ns/archiving/2.3/ https://dtd.nlm.nih.gov/archiving/2.3/xsd/archivearticle.xsd" article-type="research-article"><front><journal-meta><journal-id journal-id-type="nlm-ta">BMC Bioinformatics</journal-id><journal-title>BMC Bioinformatics</journal-title><issn pub-type="epub">1471-2105</issn><publisher><publisher-name>BioMed Central</publisher-name><publisher-loc>London</publisher-loc></publisher></journal-meta><article-meta><article-id pub-id-type="accession">PMC516016</article-id><article-id pub-id-type="pmcid">PMC516016</article-id><article-id pub-id-type="pmc-uid">516016</article-id><article-id pub-id-type="pmid">15307895</article-id><article-id pub-id-type="publisher-id">1471-2105-5-109</article-id><article-id pub-id-type="pmid">15307895</article-id><article-id pub-id-type="doi">10.1186/1471-2105-5-109</article-id><article-categories><subj-group subj-group-type="heading"><subject>Research Article</subject></subj-group></article-categories><title-group><article-title>The Hotdog fold: wrapping up a superfamily of thioesterases and dehydratases</article-title></title-group><contrib-group><contrib id="A1" corresp="yes" contrib-type="author"><name><surname>Dillon</surname><given-names>Shane C</given-names></name><xref ref-type="aff" rid="I1">1</xref><email>scd@sanger.ac.uk</email></contrib><contrib id="A2" contrib-type="author"><name><surname>Bateman</surname><given-names>Alex</given-names></name><xref ref-type="aff" rid="I1">1</xref><email>agb@sanger.ac.uk</email></contrib></contrib-group><aff id="I1"><label>1</label>The Wellcome Trust Sanger Institute, Wellcome Trust Genome Campus, Hinxton, Cambridgeshire, CB10 1SA, UK</aff><pub-date pub-type="collection"><year>2004</year></pub-date><pub-date pub-type="epub"><day>12</day><month>8</month><year>2004</year></pub-date><volume>5</volume><fpage>109</fpage><lpage>109</lpage><ext-link ext-link-type="uri" xlink:href="http://www.biomedcentral.com/1471-2105/5/109"/><history><date date-type="received"><day>30</day><month>4</month><year>2004</year></date><date date-type="accepted"><day>12</day><month>8</month><year>2004</year></date></history><copyright-statement>Copyright © 2004 Dillon and Bateman; licensee BioMed Central Ltd.</copyright-statement><license license-type="open-access" xlink:href="http://creativecommons.org/licenses/by/2.0"><p>This is an open-access article distributed under the terms of the Creative Commons Attribution License (<ext-link ext-link-type="uri" xlink:href="http://creativecommons.org/licenses/by/2.0"/>), which permits unrestricted use, distribution, and reproduction in any medium, provided the original work is properly cited.</p></license><abstract><sec><title>Background</title><p>The Hotdog fold was initially identified in the structure of <italic>Escherichia coli </italic>FabA and subsequently in 4-hydroxybenzoyl-CoA thioesterase from <italic>Pseudomonas </italic>sp. strain CBS. Since that time structural determinations have shown a number of other apparently unrelated proteins also share the Hotdog fold.</p></sec><sec><title>Results</title><p>Using sequence analysis we unify a large superfamily of HotDog domains. Membership includes numerous prokaryotic, archaeal and eukaryotic proteins involved in several related, but distinct, catalytic activities, from metabolic roles such as thioester hydrolysis in fatty acid metabolism, to degradation of phenylacetic acid and the environmental pollutant 4-chlorobenzoate. The superfamily also includes FapR, a non-catalytic bacterial homologue that is involved in transcriptional regulation of fatty acid biosynthesis.</p><p>We have defined 17 subfamilies, with some characterisation. Operon analysis has revealed numerous HotDog domain-containing proteins to be fusion proteins, where two genes, once separate but adjacent open-reading frames, have been fused into one open-reading frame to give a protein with two functional domains. Finally we have generated a Hidden Markov Model library from our analysis, which can be used as a tool for predicting the occurrence of HotDog domains in any protein sequence.</p></sec><sec><title>Conclusions</title><p>The HotDog domain is both an ancient and ubiquitous motif, with members found in the three branches of life.</p></sec></abstract></article-meta></front></article>