<article xmlns="https://dtd.nlm.nih.gov/ns/archiving/2.3/" xmlns:xsi="http://www.w3.org/2001/XMLSchema-instance" xmlns:mml="http://www.w3.org/1998/Math/MathML" xmlns:xlink="http://www.w3.org/1999/xlink" xsi:schemaLocation="https://dtd.nlm.nih.gov/ns/archiving/2.3/ https://dtd.nlm.nih.gov/archiving/2.3/xsd/archivearticle.xsd" article-type="product-review"><front><journal-meta><journal-id journal-id-type="nlm-ta">BMC Bioinformatics</journal-id><journal-title>BMC Bioinformatics</journal-title><issn pub-type="epub">1471-2105</issn><publisher><publisher-name>BioMed Central</publisher-name><publisher-loc>London</publisher-loc></publisher></journal-meta><article-meta><article-id pub-id-type="accession">PMC545963</article-id><article-id pub-id-type="pmcid">PMC545963</article-id><article-id pub-id-type="pmc-uid">545963</article-id><article-id pub-id-type="pmid">15603586</article-id><article-id pub-id-type="publisher-id">1471-2105-5-202</article-id><article-id pub-id-type="pmid">15603586</article-id><article-id pub-id-type="doi">10.1186/1471-2105-5-202</article-id><article-categories><subj-group subj-group-type="heading"><subject>Software</subject></subj-group></article-categories><title-group><article-title>Identifying spatially similar gene expression patterns in early stage fruit fly embryo images: binary feature versus invariant moment digital representations</article-title></title-group><contrib-group><contrib id="A1" contrib-type="author"><name><surname>Gurunathan</surname><given-names>Rajalakshmi</given-names></name><xref ref-type="aff" rid="I1">1</xref><xref ref-type="aff" rid="I2">2</xref><email>Rajalakshmi.Gurunathan@asu.edu</email></contrib><contrib id="A2" contrib-type="author"><name><surname>Van Emden</surname><given-names>Bernard</given-names></name><xref ref-type="aff" rid="I1">1</xref><xref ref-type="aff" rid="I3">3</xref><email>Bernard.VanEmden@asu.edu</email></contrib><contrib id="A3" contrib-type="author"><name><surname>Panchanathan</surname><given-names>Sethuraman</given-names></name><xref ref-type="aff" rid="I2">2</xref><email>panch@asu.edu</email></contrib><contrib id="A4" corresp="yes" contrib-type="author"><name><surname>Kumar</surname><given-names>Sudhir</given-names></name><xref ref-type="aff" rid="I1">1</xref><xref ref-type="aff" rid="I3">3</xref><email>s.kumar@asu.edu</email></contrib></contrib-group><aff id="I1"><label>1</label>Center for Evolutionary Functional Genomics, The Biodesign Institute, Arizona State University, Tempe, AZ 85287-5301, USA</aff><aff id="I2"><label>2</label>Department of Computer Science and Engineering, Arizona State University, Tempe, AZ 85287-8809, USA</aff><aff id="I3"><label>3</label>School of Life Sciences, Arizona State University, Tempe, AZ 85287-4501, USA</aff><pub-date pub-type="collection"><year>2004</year></pub-date><pub-date pub-type="epub"><day>16</day><month>12</month><year>2004</year></pub-date><volume>5</volume><fpage>202</fpage><lpage>202</lpage><ext-link ext-link-type="uri" xlink:href="http://www.biomedcentral.com/1471-2105/5/202"/><history><date date-type="received"><day>30</day><month>4</month><year>2004</year></date><date date-type="accepted"><day>16</day><month>12</month><year>2004</year></date></history><permissions><copyright-statement>Copyright © 2004 Gurunathan et al; licensee BioMed Central Ltd.</copyright-statement><copyright-year>2004</copyright-year><copyright-holder>Gurunathan et al; licensee BioMed Central Ltd.</copyright-holder><license license-type="open-access" xlink:href="http://creativecommons.org/licenses/by/2.0"><p>This is an Open Access article distributed under the terms of the Creative Commons Attribution License (<ext-link ext-link-type="uri" xlink:href="http://creativecommons.org/licenses/by/2.0"/>), which permits unrestricted use, distribution, and reproduction in any medium, provided the original work is properly cited.</p><!--<rdf xmlns="http://web.resource.org/cc/" xmlns:rdf="http://www.w3.org/1999/02/22-rdf-syntax-ns#" xmlns:dc="http://purl.org/dc/elements/1.1" xmlns:dcterms="http://purl.org/dc/terms"><Work xmlns:dc="http://purl.org/dc/elements/1.1/" xmlns:dcterms="http://purl.org/dc/terms/" rdf:about=""><license rdf:resource="http://creativecommons.org/licenses/by/2.0"/><dc:type rdf:resource="http://purl.org/dc/dcmitype/Text"/><dc:author>
               Gurunathan
               Rajalakshmi
               
               
               Rajalakshmi.Gurunathan@asu.edu
            </dc:author><dc:title>
            Identifying spatially similar gene expression patterns in early stage fruit fly embryo images: binary feature versus invariant moment digital representations
         </dc:title><dc:date>2004</dc:date><dcterms:bibliographicCitation>BMC Bioinformatics 5(1): 202-. (2004)</dcterms:bibliographicCitation><dc:identifier type="sici">1471-2105(2004)5:1&#x0003c;202&#x0003e;</dc:identifier><dcterms:isPartOf>urn:ISSN:1471-2105</dcterms:isPartOf><License rdf:about="http://creativecommons.org/licenses/by/2.0"><permits rdf:resource="http://web.resource.org/cc/Reproduction" xmlns=""/><permits rdf:resource="http://web.resource.org/cc/Distribution" xmlns=""/><requires rdf:resource="http://web.resource.org/cc/Notice" xmlns=""/><requires rdf:resource="http://web.resource.org/cc/Attribution" xmlns=""/><permits rdf:resource="http://web.resource.org/cc/DerivativeWorks" xmlns=""/></License></Work></rdf>--></license></permissions><abstract><sec><title>Background</title><p>Modern developmental biology relies heavily on the analysis of embryonic gene expression patterns. Investigators manually inspect hundreds or thousands of expression patterns to identify those that are spatially similar and to ultimately infer potential gene interactions. However, the rapid accumulation of gene expression pattern data over the last two decades, facilitated by high-throughput techniques, has produced a need for the development of efficient approaches for direct comparison of images, rather than their textual descriptions, to identify spatially similar expression patterns.</p></sec><sec><title>Results</title><p>The effectiveness of the Binary Feature Vector (BFV) and Invariant Moment Vector (IMV) based digital representations of the gene expression patterns in finding biologically meaningful patterns was compared for a small (226 images) and a large (1819 images) dataset. For each dataset, an ordered list of images, with respect to a query image, was generated to identify overlapping and similar gene expression patterns, in a manner comparable to what a developmental biologist might do. The results showed that the BFV representation consistently outperforms the IMV representation in finding biologically meaningful matches when spatial overlap of the gene expression pattern and the genes involved are considered. Furthermore, we explored the value of conducting image-content based searches in a dataset where individual expression components (or domains) of multi-domain expression patterns were also included separately. We found that this technique improves performance of both IMV and BFV based searches.</p></sec><sec><title>Conclusions</title><p>We conclude that the BFV representation consistently produces a more extensive and better list of biologically useful patterns than the IMV representation. The high quality of results obtained scales well as the search database becomes larger, which encourages efforts to build automated image query and retrieval systems for spatial gene expression patterns.</p></sec></abstract></article-meta></front></article>