<article xmlns="https://dtd.nlm.nih.gov/ns/archiving/2.3/" xmlns:xsi="http://www.w3.org/2001/XMLSchema-instance" xmlns:mml="http://www.w3.org/1998/Math/MathML" xmlns:xlink="http://www.w3.org/1999/xlink" xsi:schemaLocation="https://dtd.nlm.nih.gov/ns/archiving/2.3/ https://dtd.nlm.nih.gov/archiving/2.3/xsd/archivearticle.xsd" article-type="research-article"><front><journal-meta><journal-id journal-id-type="nlm-ta">BMC Bioinformatics</journal-id><journal-title>BMC Bioinformatics</journal-title><issn pub-type="epub">1471-2105</issn><publisher><publisher-name>BioMed Central</publisher-name><publisher-loc>London</publisher-loc></publisher></journal-meta><article-meta><article-id pub-id-type="accession">PMC555937</article-id><article-id pub-id-type="pmcid">PMC555937</article-id><article-id pub-id-type="pmc-uid">555937</article-id><article-id pub-id-type="pmid">15740614</article-id><article-id pub-id-type="publisher-id">1471-2105-6-39</article-id><article-id pub-id-type="pmid">15740614</article-id><article-id pub-id-type="doi">10.1186/1471-2105-6-39</article-id><article-categories><subj-group subj-group-type="heading"><subject>Methodology Article</subject></subj-group></article-categories><title-group><article-title>The Use of Edge-Betweenness Clustering to Investigate Biological Function in Protein Interaction Networks</article-title></title-group><contrib-group><contrib id="A1" contrib-type="author"><name><surname>Dunn</surname><given-names>Ruth</given-names></name><xref ref-type="aff" rid="I1">1</xref><email>rd3@sanger.ac.uk</email></contrib><contrib id="A2" contrib-type="author"><name><surname>Dudbridge</surname><given-names>Frank</given-names></name><xref ref-type="aff" rid="I2">2</xref><email>frank.dudbridge@mrc-bsu.cam.ac.uk</email></contrib><contrib id="A3" corresp="yes" contrib-type="author"><name><surname>Sanderson</surname><given-names>Christopher M</given-names></name><xref ref-type="aff" rid="I3">3</xref><email>csanders@rfcgr.mrc.ac.uk</email></contrib></contrib-group><aff id="I1"><label>1</label>The Wellcome Trust Sanger Institute, Wellcome Trust Genome Campus, Hinxton, Cambridge CB10 1SA, UK</aff><aff id="I2"><label>2</label>MRC Biostatistics Unit, Institute of Public Health, Robinson Way, Cambridge CB2 2SR, UK</aff><aff id="I3"><label>3</label>MRC Rosalind Franklin Centre for Genomics Research, Hinxton, Cambridge CB10 1SB, UK</aff><pub-date pub-type="collection"><year>2005</year></pub-date><pub-date pub-type="epub"><day>1</day><month>3</month><year>2005</year></pub-date><volume>6</volume><fpage>39</fpage><lpage>39</lpage><ext-link ext-link-type="uri" xlink:href="http://www.biomedcentral.com/1471-2105/6/39"/><history><date date-type="received"><day>13</day><month>9</month><year>2004</year></date><date date-type="accepted"><day>1</day><month>3</month><year>2005</year></date></history><copyright-statement>Copyright © 2005 Dunn et al; licensee BioMed Central Ltd.</copyright-statement><license license-type="open-access" xlink:href="http://creativecommons.org/licenses/by/2.0"><p>This is an Open Access article distributed under the terms of the Creative Commons Attribution License (<ext-link ext-link-type="uri" xlink:href="http://creativecommons.org/licenses/by/2.0"/>), which permits unrestricted use, distribution, and reproduction in any medium, provided the original work is properly cited.</p></license><abstract><sec><title>Background</title><p>This paper describes an automated method for finding clusters of interconnected proteins in protein interaction networks and retrieving protein annotations associated with these clusters.</p></sec><sec><title>Results</title><p>Protein interaction graphs were separated into subgraphs of interconnected proteins, using the JUNG implementation of Girvan and Newman's Edge-Betweenness algorithm. Functions were sought for these subgraphs by detecting significant correlations with the distribution of Gene Ontology terms which had been used to annotate the proteins within each cluster. The method was implemented using freely available software (JUNG and the R statistical package). Protein clusters with significant correlations to functional annotations could be identified and included groups of proteins know to cooperate in cell metabolism. The method appears to be resilient against the presence of false positive interactions.</p></sec><sec><title>Conclusion</title><p>This method provides a useful tool for rapid screening of small to medium size protein interaction datasets.</p></sec></abstract></article-meta></front></article>