<article xmlns="https://dtd.nlm.nih.gov/ns/archiving/2.3/" xmlns:xsi="http://www.w3.org/2001/XMLSchema-instance" xmlns:mml="http://www.w3.org/1998/Math/MathML" xmlns:xlink="http://www.w3.org/1999/xlink" xsi:schemaLocation="https://dtd.nlm.nih.gov/ns/archiving/2.3/ https://dtd.nlm.nih.gov/archiving/2.3/xsd/archivearticle.xsd" article-type="research-article"><front><journal-meta><journal-id journal-id-type="nlm-ta">BMC Bioinformatics</journal-id><journal-title>BMC Bioinformatics</journal-title><issn pub-type="epub">1471-2105</issn><publisher><publisher-name>BioMed Central</publisher-name><publisher-loc>London</publisher-loc></publisher></journal-meta><article-meta><article-id pub-id-type="accession">PMC509428</article-id><article-id pub-id-type="pmcid">PMC509428</article-id><article-id pub-id-type="pmc-uid">509428</article-id><article-id pub-id-type="pmid">15268767</article-id><article-id pub-id-type="publisher-id">1471-2105-5-97</article-id><article-id pub-id-type="pmid">15268767</article-id><article-id pub-id-type="doi">10.1186/1471-2105-5-97</article-id><article-categories><subj-group subj-group-type="heading"><subject>Methodology Article</subject></subj-group></article-categories><title-group><article-title>Two-stage normalization using background intensities in cDNA microarray data</article-title></title-group><contrib-group><contrib id="A1" contrib-type="author"><name><surname>Yoon</surname><given-names>Dankyu</given-names></name><xref ref-type="aff" rid="I1">1</xref><email>avanti@chollian.net</email></contrib><contrib id="A2" contrib-type="author"><name><surname>Yi</surname><given-names>Sung-Gon</given-names></name><xref ref-type="aff" rid="I2">2</xref><email>skon@kr.freebsd.org</email></contrib><contrib id="A3" contrib-type="author"><name><surname>Kim</surname><given-names>Ju-Han</given-names></name><xref ref-type="aff" rid="I3">3</xref><email>juhan@snu.ac.kr</email></contrib><contrib id="A4" corresp="yes" contrib-type="author"><name><surname>Park</surname><given-names>Taesung</given-names></name><xref ref-type="aff" rid="I2">2</xref><email>tspark@stats.snu.ac.kr</email></contrib></contrib-group><aff id="I1"><label>1</label>Program in Bioinformatics, Seoul National University, San56-l, Shin Lim-Dong, Kwan Ak-Ku, Seoul 151-747, Republic of Korea</aff><aff id="I2"><label>2</label>Department of Statistics, College of Natural Science, Seoul National University, San56-l, Shin Lim-Dong, Kwan Ak-Ku, Seoul 151-747, Republic of Korea</aff><aff id="I3"><label>3</label>SNUBI: Seoul National University Biomedical Informatics, Seoul National University School of Medicine, 28 Yongon-dong Chongno-gu, Seoul 110-799, Republic of Korea</aff><pub-date pub-type="collection"><year>2004</year></pub-date><pub-date pub-type="epub"><day>21</day><month>7</month><year>2004</year></pub-date><volume>5</volume><fpage>97</fpage><lpage>97</lpage><ext-link ext-link-type="uri" xlink:href="http://www.biomedcentral.com/1471-2105/5/97"/><history><date date-type="received"><day>7</day><month>4</month><year>2004</year></date><date date-type="accepted"><day>21</day><month>7</month><year>2004</year></date></history><copyright-statement>Copyright © 2004 Yoon et al; licensee BioMed Central Ltd.</copyright-statement><license license-type="open-access" xlink:href="http://creativecommons.org/licenses/by/2.0"><p>This is an open-access article distributed under the terms of the Creative Commons Attribution License (<ext-link ext-link-type="uri" xlink:href="http://creativecommons.org/licenses/by/2.0"/>), which permits unrestricted use, distribution, and reproduction in any medium, provided the original work is properly cited.</p></license><abstract><sec><title>Background</title><p>In the microarray experiment, many undesirable systematic variations are commonly observed. Normalization is the process of removing such variation that affects the measured gene expression levels. Normalization plays an important role in the earlier stage of microarray data analysis. The subsequent analysis results are highly dependent on normalization. One major source of variation is the background intensities. Recently, some methods have been employed for correcting the background intensities. However, all these methods focus on defining signal intensities appropriately from foreground and background intensities in the image analysis. Although a number of normalization methods have been proposed, no systematic methods have been proposed using the background intensities in the normalization process.</p></sec><sec><title>Results</title><p>In this paper, we propose a two-stage method adjusting for the effect of background intensities in the normalization process. The first stage fits a regression model to adjust for the effect of background intensities and the second stage applies the usual normalization method such as a nonlinear LOWESS method to the background-adjusted intensities. In order to carry out the two-stage normalization method, we consider nine different background measures and investigate their performances in normalization. The performance of two-stage normalization is compared to those of global median normalization as well as intensity dependent nonlinear LOWESS normalization. We use the variability among the replicated slides to compare performance of normalization methods.</p></sec><sec><title>Conclusions</title><p>For the selected background measures, the proposed two-stage normalization method performs better than global or intensity dependent nonlinear LOWESS normalization method. Especially, when there is a strong relationship between the background intensity and the signal intensity, the proposed method performs much better. Regardless of background correction methods used in the image analysis, the proposed two-stage normalization method can be applicable as long as both signal intensity and background intensity are available.</p></sec></abstract></article-meta></front></article>