<article xmlns="https://dtd.nlm.nih.gov/ns/archiving/2.3/" xmlns:xsi="http://www.w3.org/2001/XMLSchema-instance" xmlns:mml="http://www.w3.org/1998/Math/MathML" xmlns:xlink="http://www.w3.org/1999/xlink" xsi:schemaLocation="https://dtd.nlm.nih.gov/ns/archiving/2.3/ https://dtd.nlm.nih.gov/archiving/2.3/xsd/archivearticle.xsd" article-type="product-review"><front><journal-meta><journal-id journal-id-type="nlm-ta">BMC Bioinformatics</journal-id><journal-title>BMC Bioinformatics</journal-title><issn pub-type="epub">1471-2105</issn><publisher><publisher-name>BioMed Central</publisher-name><publisher-loc>London</publisher-loc></publisher></journal-meta><article-meta><article-id pub-id-type="accession">PMC539231</article-id><article-id pub-id-type="pmcid">PMC539231</article-id><article-id pub-id-type="pmc-uid">539231</article-id><article-id pub-id-type="pmid">15585059</article-id><article-id pub-id-type="publisher-id">1471-2105-5-190</article-id><article-id pub-id-type="pmid">15585059</article-id><article-id pub-id-type="doi">10.1186/1471-2105-5-190</article-id><article-categories><subj-group subj-group-type="heading"><subject>Software</subject></subj-group></article-categories><title-group><article-title>A two-way interface between limited Systems Biology Markup Language and R</article-title></title-group><contrib-group><contrib id="A1" corresp="yes" contrib-type="author"><name><surname>Radivoyevitch</surname><given-names>Tomas</given-names></name><xref ref-type="aff" rid="I1">1</xref><email>radivot@hal.cwru.edu</email></contrib></contrib-group><aff id="I1"><label>1</label>Department of Epidemiology and Biostatistics, Case Western Reserve University, Cleveland, Ohio 44106 USA</aff><pub-date pub-type="collection"><year>2004</year></pub-date><pub-date pub-type="epub"><day>7</day><month>12</month><year>2004</year></pub-date><volume>5</volume><fpage>190</fpage><lpage>190</lpage><ext-link ext-link-type="uri" xlink:href="http://www.biomedcentral.com/1471-2105/5/190"/><history><date date-type="received"><day>3</day><month>6</month><year>2004</year></date><date date-type="accepted"><day>7</day><month>12</month><year>2004</year></date></history><copyright-statement>Copyright © 2004 Radivoyevitch; licensee BioMed Central Ltd.</copyright-statement><license license-type="open-access" xlink:href="http://creativecommons.org/licenses/by/2.0"><p>This is an Open Access article distributed under the terms of the Creative Commons Attribution License (<ext-link ext-link-type="uri" xlink:href="http://creativecommons.org/licenses/by/2.0"/>), which permits unrestricted use, distribution, and reproduction in any medium, provided the original work is properly cited.</p></license><abstract><sec><title>Background</title><p>Systems Biology Markup Language (SBML) is gaining broad usage as a standard for representing dynamical systems as data structures. The open source statistical programming environment R is widely used by biostatisticians involved in microarray analyses. An interface between SBML and R does not exist, though one might be useful to R users interested in SBML, and SBML users interested in R.</p></sec><sec><title>Results</title><p>A model structure that parallels SBML to a limited degree is defined in R. An interface between this structure and SBML is provided through two function definitions: write.SBML() which maps this R model structure to SBML level 2, and read.SBML() which maps a limited range of SBML level 2 files back to R. A published model of purine metabolism is provided in this SBML-like format and used to test the interface. The model reproduces published time course responses before and after its mapping through SBML.</p></sec><sec><title>Conclusions</title><p>List infrastructure preexisting in R makes it well-suited for manipulating SBML models. Further developments of this SBML-R interface seem to be warranted.</p></sec></abstract></article-meta></front></article>