<article xmlns="https://dtd.nlm.nih.gov/ns/archiving/2.3/" xmlns:xsi="http://www.w3.org/2001/XMLSchema-instance" xmlns:mml="http://www.w3.org/1998/Math/MathML" xmlns:xlink="http://www.w3.org/1999/xlink" xsi:schemaLocation="https://dtd.nlm.nih.gov/ns/archiving/2.3/ https://dtd.nlm.nih.gov/archiving/2.3/xsd/archivearticle.xsd" article-type="research-article"><front><journal-meta><journal-id journal-id-type="nlm-ta">BMC Bioinformatics</journal-id><journal-title>BMC Bioinformatics</journal-title><issn pub-type="epub">1471-2105</issn><publisher><publisher-name>BioMed Central</publisher-name><publisher-loc>London</publisher-loc></publisher></journal-meta><article-meta><article-id pub-id-type="accession">PMC539232</article-id><article-id pub-id-type="pmcid">PMC539232</article-id><article-id pub-id-type="pmc-uid">539232</article-id><article-id pub-id-type="pmid">15585062</article-id><article-id pub-id-type="publisher-id">1471-2105-5-191</article-id><article-id pub-id-type="pmid">15585062</article-id><article-id pub-id-type="doi">10.1186/1471-2105-5-191</article-id><article-categories><subj-group subj-group-type="heading"><subject>Research Article</subject></subj-group></article-categories><title-group><article-title>Optimal cDNA microarray design using expressed sequence tags for organisms with limited genomic information</article-title></title-group><contrib-group><contrib id="A1" corresp="yes" contrib-type="author"><name><surname>Chen</surname><given-names>Yian A</given-names></name><xref ref-type="aff" rid="I1">1</xref><email>chenya@musc.edu</email></contrib><contrib id="A2" contrib-type="author"><name><surname>Mckillen</surname><given-names>David J</given-names></name><xref ref-type="aff" rid="I2">2</xref><email>mckilldj@musc.edu</email></contrib><contrib id="A3" contrib-type="author"><name><surname>Wu</surname><given-names>Shuyuan</given-names></name><xref ref-type="aff" rid="I1">1</xref><email>swu@scprt.com</email></contrib><contrib id="A4" contrib-type="author"><name><surname>Jenny</surname><given-names>Matthew J</given-names></name><xref ref-type="aff" rid="I2">2</xref><xref ref-type="aff" rid="I3">3</xref><email>jennymj@musc.edu</email></contrib><contrib id="A5" contrib-type="author"><name><surname>Chapman</surname><given-names>Robert</given-names></name><xref ref-type="aff" rid="I3">3</xref><xref ref-type="aff" rid="I4">4</xref><email>chapmanr@mrd.dnr.state.sc.us</email></contrib><contrib id="A6" contrib-type="author"><name><surname>Gross</surname><given-names>Paul S</given-names></name><xref ref-type="aff" rid="I2">2</xref><xref ref-type="aff" rid="I3">3</xref><email>grossp@musc.edu</email></contrib><contrib id="A7" contrib-type="author"><name><surname>Warr</surname><given-names>Gregory W</given-names></name><xref ref-type="aff" rid="I2">2</xref><xref ref-type="aff" rid="I3">3</xref><email>warrgw@musc.edu</email></contrib><contrib id="A8" contrib-type="author"><name><surname>Almeida</surname><given-names>Jonas S</given-names></name><xref ref-type="aff" rid="I1">1</xref><email>almeidaj@musc.edu</email></contrib></contrib-group><aff id="I1"><label>1</label>Department of Biostatistics, Bioinformatics, and Epidemiology, Medical University of South Carolina, Charleston, SC, USA</aff><aff id="I2"><label>2</label>Department of Biochemistry and Molecular Biology, Medical University of South Carolina, Charleston, SC, USA</aff><aff id="I3"><label>3</label>Marine Biomedicine and Environmental Science Center, Medical University of South Carolina, Charleston, SC, USA</aff><aff id="I4"><label>4</label>South Carolina Department of Natural Resources, Marine Resources Research Institute, Charleston, SC, USA</aff><pub-date pub-type="collection"><year>2004</year></pub-date><pub-date pub-type="epub"><day>7</day><month>12</month><year>2004</year></pub-date><volume>5</volume><fpage>191</fpage><lpage>191</lpage><ext-link ext-link-type="uri" xlink:href="http://www.biomedcentral.com/1471-2105/5/191"/><history><date date-type="received"><day>21</day><month>8</month><year>2004</year></date><date date-type="accepted"><day>7</day><month>12</month><year>2004</year></date></history><copyright-statement>Copyright © 2004 Chen et al; licensee BioMed Central Ltd.</copyright-statement><license license-type="open-access" xlink:href="http://creativecommons.org/licenses/by/2.0"><p>This is an Open Access article distributed under the terms of the Creative Commons Attribution License (<ext-link ext-link-type="uri" xlink:href="http://creativecommons.org/licenses/by/2.0"/>), which permits unrestricted use, distribution, and reproduction in any medium, provided the original work is properly cited.</p></license><abstract><sec><title>Background</title><p>Expression microarrays are increasingly used to characterize environmental responses and host-parasite interactions for many different organisms. Probe selection for cDNA microarrays using expressed sequence tags (ESTs) is challenging due to high sequence redundancy and potential cross-hybridization between paralogous genes. In organisms with limited genomic information, like marine organisms, this challenge is even greater due to annotation uncertainty. No general tool is available for cDNA microarray probe selection for these organisms. Therefore, the goal of the design procedure described here is to select a subset of ESTs that will minimize sequence redundancy and characterize potential cross-hybridization while providing functionally representative probes.</p></sec><sec><title>Results</title><p>Sequence similarity between ESTs, quantified by the E-value of pair-wise alignment, was used as a surrogate for expected hybridization between corresponding sequences. Using this value as a measure of dissimilarity, sequence redundancy reduction was performed by hierarchical cluster analyses. The choice of how many microarray probes to retain was made based on an index developed for this research: a sequence diversity index (SDI) within a sequence diversity plot (SDP). This index tracked the decreasing within-cluster sequence diversity as the number of clusters increased. For a given stage in the agglomeration procedure, the EST having the highest similarity to all the other sequences within each cluster, the centroid EST, was selected as a microarray probe. A small dataset of ESTs from Atlantic white shrimp (<italic>Litopenaeus setiferus</italic>) was used to test this algorithm so that the detailed results could be examined. The functional representative level of the selected probes was quantified using Gene Ontology (GO) annotations.</p></sec><sec><title>Conclusions</title><p>For organisms with limited genomic information, combining hierarchical clustering methods to analyze ESTs can yield an optimal cDNA microarray design. If biomarker discovery is the goal of the microarray experiments, the average linkage method is more effective, while single linkage is more suitable if identification of physiological mechanisms is more of interest. This general design procedure is not limited to designing single-species cDNA microarrays for marine organisms, and it can equally be applied to multiple-species microarrays of any organisms with limited genomic information.</p></sec></abstract></article-meta></front></article>