<article xmlns="https://dtd.nlm.nih.gov/ns/archiving/2.3/" xmlns:xsi="http://www.w3.org/2001/XMLSchema-instance" xmlns:mml="http://www.w3.org/1998/Math/MathML" xmlns:xlink="http://www.w3.org/1999/xlink" xsi:schemaLocation="https://dtd.nlm.nih.gov/ns/archiving/2.3/ https://dtd.nlm.nih.gov/archiving/2.3/xsd/archivearticle.xsd" article-type="research-article"><front><journal-meta><journal-id journal-id-type="nlm-ta">BMC Bioinformatics</journal-id><journal-title>BMC Bioinformatics</journal-title><issn pub-type="epub">1471-2105</issn><publisher><publisher-name>BioMed Central</publisher-name><publisher-loc>London</publisher-loc></publisher></journal-meta><article-meta><article-id pub-id-type="accession">PMC544346</article-id><article-id pub-id-type="pmcid">PMC544346</article-id><article-id pub-id-type="pmc-uid">544346</article-id><article-id pub-id-type="pmid">15619328</article-id><article-id pub-id-type="publisher-id">1471-2105-5-208</article-id><article-id pub-id-type="pmid">15619328</article-id><article-id pub-id-type="doi">10.1186/1471-2105-5-208</article-id><article-categories><subj-group subj-group-type="heading"><subject>Database</subject></subj-group></article-categories><title-group><article-title>A database for G proteins and their interaction with GPCRs</article-title></title-group><contrib-group><contrib id="A1" contrib-type="author"><name><surname>Elefsinioti</surname><given-names>Antigoni L</given-names></name><xref ref-type="aff" rid="I1">1</xref><email>aelef_79@yahoo.gr</email></contrib><contrib id="A2" contrib-type="author"><name><surname>Bagos</surname><given-names>Pantelis G</given-names></name><xref ref-type="aff" rid="I1">1</xref><email>pbagos@biol.uoa.gr</email></contrib><contrib id="A3" contrib-type="author"><name><surname>Spyropoulos</surname><given-names>Ioannis C</given-names></name><xref ref-type="aff" rid="I1">1</xref><email>spyrop@biol.uoa.gr</email></contrib><contrib id="A4" corresp="yes" contrib-type="author"><name><surname>Hamodrakas</surname><given-names>Stavros J</given-names></name><xref ref-type="aff" rid="I1">1</xref><email>shamodr@cc.uoa.gr</email></contrib></contrib-group><aff id="I1"><label>1</label>Department of Cell Biology and Biophysics, Faculty of Biology, University of Athens, Athens 157 01, Greece</aff><pub-date pub-type="collection"><year>2004</year></pub-date><pub-date pub-type="epub"><day>24</day><month>12</month><year>2004</year></pub-date><volume>5</volume><fpage>208</fpage><lpage>208</lpage><ext-link ext-link-type="uri" xlink:href="http://www.biomedcentral.com/1471-2105/5/208"/><history><date date-type="received"><day>30</day><month>7</month><year>2004</year></date><date date-type="accepted"><day>24</day><month>12</month><year>2004</year></date></history><copyright-statement>Copyright © 2004 Elefsinioti et al; licensee BioMed Central Ltd.</copyright-statement><license license-type="open-access" xlink:href="http://creativecommons.org/licenses/by/2.0"><p>This is an Open Access article distributed under the terms of the Creative Commons Attribution License (<ext-link ext-link-type="uri" xlink:href="http://creativecommons.org/licenses/by/2.0"/>), which permits unrestricted use, distribution, and reproduction in any medium, provided the original work is properly cited.</p></license><abstract><sec><title>Background</title><p>G protein-coupled receptors (GPCRs) transduce signals from extracellular space into the cell, through their interaction with G proteins, which act as switches forming hetero-trimers composed of different subunits (α,β,γ). The α subunit of the G protein is responsible for the recognition of a given GPCR. Whereas specialised resources for GPCRs, and other groups of receptors, are already available, currently, there is no publicly available database focusing on G Proteins and containing information about their coupling specificity with their respective receptors.</p></sec><sec><title>Description</title><p>gpDB is a publicly accessible G proteins/GPCRs relational database. Including species homologs, the database contains detailed information for 418 G protein monomers (272 Gα, 87 Gβ and 59 Gγ) and 2782 GPCRs sequences belonging to families with known coupling to G proteins. The GPCRs and the G proteins are classified according to a hierarchy of different classes, families and sub-families, based on extensive literature searchs. The main innovation besides the classification of both G proteins and GPCRs is the relational model of the database, describing the known coupling specificity of the GPCRs to their respective α subunit of G proteins, a unique feature not available in any other database. There is full sequence information with cross-references to publicly available databases, references to the literature concerning the coupling specificity and the dimerization of GPCRs and the user may submit advanced queries for text search. Furthermore, we provide a pattern search tool, an interface for running BLAST against the database and interconnectivity with PRED-TMR, PRED-GPCR and TMRPres2D.</p></sec><sec><title>Conclusions</title><p>The database will be very useful, for both experimentalists and bioinformaticians, for the study of G protein/GPCR interactions and for future development of predictive algorithms. It is available for academics, via a web browser at the URL: <ext-link ext-link-type="uri" xlink:href="http://bioinformatics.biol.uoa.gr/gpDB"/></p></sec></abstract></article-meta></front></article>