<article xmlns="https://dtd.nlm.nih.gov/ns/archiving/2.3/" xmlns:xsi="http://www.w3.org/2001/XMLSchema-instance" xmlns:mml="http://www.w3.org/1998/Math/MathML" xmlns:xlink="http://www.w3.org/1999/xlink" xsi:schemaLocation="https://dtd.nlm.nih.gov/ns/archiving/2.3/ https://dtd.nlm.nih.gov/archiving/2.3/xsd/archivearticle.xsd" article-type="product-review"><front><journal-meta><journal-id journal-id-type="nlm-ta">BMC Bioinformatics</journal-id><journal-title>BMC Bioinformatics</journal-title><issn pub-type="epub">1471-2105</issn><publisher><publisher-name>BioMed Central</publisher-name><publisher-loc>London</publisher-loc></publisher></journal-meta><article-meta><article-id pub-id-type="accession">PMC528782</article-id><article-id pub-id-type="pmcid">PMC528782</article-id><article-id pub-id-type="pmc-uid">528782</article-id><article-id pub-id-type="pmid">15516260</article-id><article-id pub-id-type="publisher-id">1471-2105-5-173</article-id><article-id pub-id-type="pmid">15516260</article-id><article-id pub-id-type="doi">10.1186/1471-2105-5-173</article-id><article-categories><subj-group subj-group-type="heading"><subject>Software</subject></subj-group></article-categories><title-group><article-title>The InDeVal insertion/deletion evaluation tool: a program for finding target regions in DNA sequences and for aiding in sequence comparison </article-title></title-group><contrib-group><contrib id="A1" corresp="yes" contrib-type="author"><name><surname>Stoneberg Holt</surname><given-names>Sierra D </given-names></name><xref ref-type="aff" rid="I1">1</xref><email>sierra@elanor.sci.muni.cz</email></contrib><contrib id="A2" contrib-type="author"><name><surname>Holt</surname><given-names>Jason A</given-names></name><xref ref-type="aff" rid="I2">2</xref><email>jholt@seznam.cz</email></contrib></contrib-group><aff id="I1"><label>1</label>Department of Botany, Masaryk University, Brno, Czech Republic</aff><aff id="I2"><label>2</label>Rybkova 3, Brno, Czech Republic</aff><pub-date pub-type="collection"><year>2004</year></pub-date><pub-date pub-type="epub"><day>29</day><month>10</month><year>2004</year></pub-date><volume>5</volume><fpage>173</fpage><lpage>173</lpage><ext-link ext-link-type="uri" xlink:href="http://www.biomedcentral.com/1471-2105/5/173"/><history><date date-type="received"><day>7</day><month>5</month><year>2004</year></date><date date-type="accepted"><day>29</day><month>10</month><year>2004</year></date></history><copyright-statement>Copyright © 2004 Stoneberg Holt and Holt; licensee BioMed Central Ltd.</copyright-statement><license license-type="open-access" xlink:href="http://creativecommons.org/licenses/by/2.0"><p>This is an Open Access article distributed under the terms of the Creative Commons Attribution License (<ext-link ext-link-type="uri" xlink:href="http://creativecommons.org/licenses/by/2.0"/>), which permits unrestricted use, distribution, and reproduction in any medium, provided the original work is properly cited.</p></license><abstract><sec><title>Background</title><p>The program InDeVal was originally developed to help researchers find known regions of insertion/deletion activity (with the exception of isolated single-base indels) in newly determined Poaceae <italic>trn</italic>L-F sequences and compare them with 533 previously determined sequences. It is supplied with input files designed for this purpose. More broadly, the program is applicable for finding specific target regions (referred to as "variable regions") in DNA sequence. A variable region is any specific sequence fragment of interest, such as an indel region, a codon or codons, or sequence coding for a particular RNA secondary structure.</p></sec><sec><title>Results</title><p>InDeVal input is DNA sequence and a template file (sequence flanking each variable region). Additional files contain the variable regions and user-defined messages about the sequence found within them (e.g., taxa sharing each of the different indel patterns).</p><p>Variable regions are found by determining the position of flanking sequence (referred to as "conserved regions") using the LPAM (Length-Preserving Alignment Method) algorithm. This algorithm was designed for InDeVal and is described here for the first time.</p><p>InDeVal output is an interactive display of the analyzed sequence, broken into user-defined units. Once the user is satisfied with the organization of the display, the information can be exported to an annotated text file.</p></sec><sec><title>Conclusions</title><p>InDeVal can find multiple variable regions simultaneously (28 indel regions in the Poaceae <italic>trn</italic>L-F files) and display user-selected messages specific to the sequence variants found. InDeVal output is designed to facilitate comparison between the analyzed sequence and previously evaluated sequence. The program's sensitivity to different levels of nucleotide and/or length variation in conserved regions can be adjusted. InDeVal is currently available for Windows in <xref ref-type="supplementary-material" rid="S1">Additional file 1</xref> or from <ext-link ext-link-type="uri" xlink:href="http://www.sci.muni.cz/botany/elzdroje/indeval/"/>.</p></sec></abstract></article-meta></front></article>