<article xmlns="https://dtd.nlm.nih.gov/ns/archiving/2.3/" xmlns:xsi="http://www.w3.org/2001/XMLSchema-instance" xmlns:mml="http://www.w3.org/1998/Math/MathML" xmlns:xlink="http://www.w3.org/1999/xlink" xsi:schemaLocation="https://dtd.nlm.nih.gov/ns/archiving/2.3/ https://dtd.nlm.nih.gov/archiving/2.3/xsd/archivearticle.xsd" article-type="research-article"><front><journal-meta><journal-id journal-id-type="nlm-ta">BMC Bioinformatics</journal-id><journal-title>BMC Bioinformatics</journal-title><issn pub-type="epub">1471-2105</issn><publisher><publisher-name>BioMed Central</publisher-name><publisher-loc>London</publisher-loc></publisher></journal-meta><article-meta><article-id pub-id-type="accession">PMC520813</article-id><article-id pub-id-type="pmcid">PMC520813</article-id><article-id pub-id-type="pmc-uid">520813</article-id><article-id pub-id-type="pmid">15383143</article-id><article-id pub-id-type="publisher-id">1471-2105-5-134</article-id><article-id pub-id-type="pmid">15383143</article-id><article-id pub-id-type="doi">10.1186/1471-2105-5-134</article-id><article-categories><subj-group subj-group-type="heading"><subject>Methodology Article</subject></subj-group></article-categories><title-group><article-title>PATTERNFINDER: combined analysis of DNA regulatory sequences and double-helix stability</article-title></title-group><contrib-group><contrib id="A1" contrib-type="author"><name><surname>Huang</surname><given-names>Yanlin</given-names></name><xref ref-type="aff" rid="I1">1</xref><xref ref-type="aff" rid="I2">2</xref><email>yanlinh@microsoft.com</email></contrib><contrib id="A2" corresp="yes" contrib-type="author"><name><surname>Kowalski</surname><given-names>David</given-names></name><xref ref-type="aff" rid="I1">1</xref><email>david.kowalski@roswellpark.org</email></contrib></contrib-group><aff id="I1"><label>1</label>Cancer Genetics Department, Roswell Park Cancer Institute, Buffalo, NY 14263, USA</aff><aff id="I2"><label>2</label>Microsoft Corp., Redmond, WA 98052, USA</aff><pub-date pub-type="collection"><year>2004</year></pub-date><pub-date pub-type="epub"><day>21</day><month>9</month><year>2004</year></pub-date><volume>5</volume><fpage>134</fpage><lpage>134</lpage><ext-link ext-link-type="uri" xlink:href="http://www.biomedcentral.com/1471-2105/5/134"/><history><date date-type="received"><day>10</day><month>5</month><year>2004</year></date><date date-type="accepted"><day>21</day><month>9</month><year>2004</year></date></history><copyright-statement>Copyright © 2004 Huang and Kowalski; licensee BioMed Central Ltd.</copyright-statement><license license-type="open-access" xlink:href="http://creativecommons.org/licenses/by/2.0"><p>This is an open-access article distributed under the terms of the Creative Commons Attribution License (<ext-link ext-link-type="uri" xlink:href="http://creativecommons.org/licenses/by/2.0"/>), which permits unrestricted use, distribution, and reproduction in any medium, provided the original work is properly cited.</p></license><abstract><sec><title>Background</title><p>Regulatory regions that function in DNA replication and gene transcription contain specific sequences that bind proteins as well as less-specific sequences in which the double helix is often easy to unwind. Progress towards predicting and characterizing regulatory regions could be accelerated by computer programs that perform a combined analysis of specific sequences and DNA unwinding properties.</p></sec><sec><title>Results</title><p>Here we present PATTERNFINDER, a web server that searches DNA sequences for matches to specific or flexible patterns, and analyzes DNA helical stability. A batch mode of the program generates a tabular map of matches to multiple, different patterns. Regions flanking pattern matches can be targeted for helical stability analysis to identify sequences with a minimum free energy for DNA unwinding. As an example application, we analyzed a regulatory region of the human c-myc proto-oncogene consisting of a single-strand-specific protein binding site within a DNA region that unwinds<italic>in vivo</italic>. The predicted region of minimal helical stability overlapped both the protein binding site and the unwound DNA region identified experimentally.</p></sec><sec><title>Conclusions</title><p>The PATTERNFINDER web server permits localization of known functional elements or landmarks in DNA sequences as well as prediction of potential new elements. Batch analysis of multiple patterns facilitates the annotation of DNA regulatory regions. Identifying specific pattern matches linked to DNA with low helical stability is useful in characterizing regulatory regions for transcription, replication and other processes and may predict functional DNA unwinding elements.</p><p>PATTERNFINDER can be accessed freely at: <ext-link ext-link-type="uri" xlink:href="http://wings.buffalo.edu/gsa/dna/dk/PFP/"/></p></sec></abstract></article-meta></front></article>