<article xmlns="https://dtd.nlm.nih.gov/ns/archiving/2.3/" xmlns:xsi="http://www.w3.org/2001/XMLSchema-instance" xmlns:mml="http://www.w3.org/1998/Math/MathML" xmlns:xlink="http://www.w3.org/1999/xlink" xsi:schemaLocation="https://dtd.nlm.nih.gov/ns/archiving/2.3/ https://dtd.nlm.nih.gov/archiving/2.3/xsd/archivearticle.xsd" article-type="product-review"><front><journal-meta><journal-id journal-id-type="nlm-ta">BMC Bioinformatics</journal-id><journal-title>BMC Bioinformatics</journal-title><issn pub-type="epub">1471-2105</issn><publisher><publisher-name>BioMed Central</publisher-name><publisher-loc>London</publisher-loc></publisher></journal-meta><article-meta><article-id pub-id-type="accession">PMC546196</article-id><article-id pub-id-type="pmcid">PMC546196</article-id><article-id pub-id-type="pmc-uid">546196</article-id><article-id pub-id-type="pmid">15655071</article-id><article-id pub-id-type="publisher-id">1471-2105-6-9</article-id><article-id pub-id-type="pmid">15655071</article-id><article-id pub-id-type="doi">10.1186/1471-2105-6-9</article-id><article-categories><subj-group subj-group-type="heading"><subject>Software</subject></subj-group></article-categories><title-group><article-title>GATA: a graphic alignment tool for comparative sequence analysis</article-title></title-group><contrib-group><contrib id="A1" corresp="yes" contrib-type="author"><name><surname>Nix</surname><given-names>David A</given-names></name><xref ref-type="aff" rid="I1">1</xref><xref ref-type="aff" rid="I2">2</xref><email>danix@lbl.gov</email></contrib><contrib id="A2" contrib-type="author"><name><surname>Eisen</surname><given-names>Michael B</given-names></name><xref ref-type="aff" rid="I1">1</xref><xref ref-type="aff" rid="I2">2</xref><email>mbeisen@lbl.gov</email></contrib></contrib-group><aff id="I1"><label>1</label>Department of Molecular and Cell Biology, University of California, Berkeley, CA 94720, USA</aff><aff id="I2"><label>2</label>Department of Genome Science, Life Science Division, Lawrence Berkeley National Laboratory, Berkeley, CA 94720, USA</aff><pub-date pub-type="collection"><year>2005</year></pub-date><pub-date pub-type="epub"><day>17</day><month>1</month><year>2005</year></pub-date><volume>6</volume><fpage>9</fpage><lpage>9</lpage><ext-link ext-link-type="uri" xlink:href="http://www.biomedcentral.com/1471-2105/6/9"/><history><date date-type="received"><day>30</day><month>7</month><year>2004</year></date><date date-type="accepted"><day>17</day><month>1</month><year>2005</year></date></history><copyright-statement>Copyright © 2005 Nix and Eisen; licensee BioMed Central Ltd.</copyright-statement><license license-type="open-access" xlink:href="http://creativecommons.org/licenses/by/2.0"><p>This is an Open Access article distributed under the terms of the Creative Commons Attribution License (<ext-link ext-link-type="uri" xlink:href="http://creativecommons.org/licenses/by/2.0"/>), which permits unrestricted use, distribution, and reproduction in any medium, provided the original work is properly cited.</p></license><abstract><sec><title>Background</title><p>Several problems exist with current methods used to align DNA sequences for comparative sequence analysis. Most dynamic programming algorithms assume that conserved sequence elements are collinear. This assumption appears valid when comparing orthologous protein coding sequences. Functional constraints on proteins provide strong selective pressure against sequence inversions, and minimize sequence duplications and feature shuffling. For non-coding sequences this collinearity assumption is often invalid. For example, enhancers contain clusters of transcription factor binding sites that change in number, orientation, and spacing during evolution yet the enhancer retains its activity. Dot plot analysis is often used to estimate non-coding sequence relatedness. Yet dot plots do not actually align sequences and thus cannot account well for base insertions or deletions. Moreover, they lack an adequate statistical framework for comparing sequence relatedness and are limited to pairwise comparisons. Lastly, dot plots and dynamic programming text outputs fail to provide an intuitive means for visualizing DNA alignments.</p></sec><sec><title>Results</title><p>To address some of these issues, we created a stand alone, platform independent, graphic alignment tool for comparative sequence analysis (GATA <ext-link ext-link-type="uri" xlink:href="http://gata.sourceforge.net/"/>). GATA uses the NCBI-BLASTN program and extensive post-processing to identify all small sub-alignments above a low cut-off score. These are graphed as two shaded boxes, one for each sequence, connected by a line using the coordinate system of their parent sequence. Shading and colour are used to indicate score and orientation. A variety of options exist for querying, modifying and retrieving conserved sequence elements. Extensive gene annotation can be added to both sequences using a standardized General Feature Format (GFF) file.</p></sec><sec><title>Conclusions</title><p>GATA uses the NCBI-BLASTN program in conjunction with post-processing to exhaustively align two DNA sequences. It provides researchers with a fine-grained alignment and visualization tool aptly suited for non-coding, 0–200 kb, pairwise, sequence analysis. It functions independent of sequence feature ordering or orientation, and readily visualizes both large and small sequence inversions, duplications, and segment shuffling. Since the alignment is visual and does not contain gaps, gene annotation can be added to both sequences to create a thoroughly descriptive picture of DNA conservation that is well suited for comparative sequence analysis.</p></sec></abstract></article-meta></front></article>