<article xmlns="https://dtd.nlm.nih.gov/ns/archiving/2.3/" xmlns:xsi="http://www.w3.org/2001/XMLSchema-instance" xmlns:mml="http://www.w3.org/1998/Math/MathML" xmlns:xlink="http://www.w3.org/1999/xlink" xsi:schemaLocation="https://dtd.nlm.nih.gov/ns/archiving/2.3/ https://dtd.nlm.nih.gov/archiving/2.3/xsd/archivearticle.xsd" article-type="product-review"><front><journal-meta><journal-id journal-id-type="nlm-ta">BMC Bioinformatics</journal-id><journal-title>BMC Bioinformatics</journal-title><issn pub-type="epub">1471-2105</issn><publisher><publisher-name>BioMed Central</publisher-name><publisher-loc>London</publisher-loc></publisher></journal-meta><article-meta><article-id pub-id-type="accession">PMC526202</article-id><article-id pub-id-type="pmcid">PMC526202</article-id><article-id pub-id-type="pmc-uid">526202</article-id><article-id pub-id-type="pmid">15488147</article-id><article-id pub-id-type="publisher-id">1471-2105-5-150</article-id><article-id pub-id-type="pmid">15488147</article-id><article-id pub-id-type="doi">10.1186/1471-2105-5-150</article-id><article-categories><subj-group subj-group-type="heading"><subject>Software</subject></subj-group></article-categories><title-group><article-title>PCOGR: Phylogenetic COG ranking as an online tool to judge the specificity of COGs with respect to freely definable groups of organisms</article-title></title-group><contrib-group><contrib id="A1" contrib-type="author"><name><surname>Meereis</surname><given-names>Florian</given-names></name><xref ref-type="aff" rid="I1">1</xref><email>fmeereis@uni-wh.de</email></contrib><contrib id="A2" corresp="yes" contrib-type="author"><name><surname>Kaufmann</surname><given-names>Michael</given-names></name><xref ref-type="aff" rid="I1">1</xref><email>mika@uni-wh.de</email></contrib></contrib-group><aff id="I1"><label>1</label>The Protein Chemistry Group, Institute of Neurobiochemistry, Witten/Herdecke University, Stockumer Str. 10, 58448 Witten, Germany</aff><pub-date pub-type="collection"><year>2004</year></pub-date><pub-date pub-type="epub"><day>15</day><month>10</month><year>2004</year></pub-date><volume>5</volume><fpage>150</fpage><lpage>150</lpage><ext-link ext-link-type="uri" xlink:href="http://www.biomedcentral.com/1471-2105/5/150"/><history><date date-type="received"><day>22</day><month>7</month><year>2004</year></date><date date-type="accepted"><day>15</day><month>10</month><year>2004</year></date></history><copyright-statement>Copyright © 2004 Meereis and Kaufmann; licensee BioMed Central Ltd.</copyright-statement><license license-type="open-access" xlink:href="http://creativecommons.org/licenses/by/2.0"><p>This is an open-access article distributed under the terms of the Creative Commons Attribution License (<ext-link ext-link-type="uri" xlink:href="http://creativecommons.org/licenses/by/2.0"/>), which permits unrestricted use, distribution, and reproduction in any medium, provided the original work is properly cited.</p></license><abstract><sec><title>Background</title><p>The rapidly increasing number of completely sequenced genomes led to the establishment of the COG-database which, based on sequence homologies, assigns similar proteins from different organisms to clusters of orthologous groups (COGs). There are several bioinformatic studies that made use of this database to determine (hyper)thermophile-specific proteins by searching for COGs containing (almost) exclusively proteins from (hyper)thermophilic genomes. However, public software to perform individually definable group-specific searches is not available.</p></sec><sec><title>Results</title><p>The tool described here exactly fills this gap. The software is accessible at <ext-link ext-link-type="uri" xlink:href="http://www.uni-wh.de/pcogr"/> and is linked to the COG-database. The user can freely define two groups of organisms by selecting for each of the (current) 66 organisms to belong either to groupA, to the reference groupB or to be ignored by the algorithm. Then, for all COGs a specificity index is calculated with respect to the specificity to groupA, <italic>i. e. </italic>high scoring COGs contain proteins from the most of groupA organisms while proteins from the most organisms assigned to groupB are absent. In addition to ranking all COGs according to the user defined specificity criteria, a graphical visualization shows the distribution of all COGs by displaying their abundance as a function of their specificity indexes.</p></sec><sec><title>Conclusions</title><p>This software allows detecting COGs specific to a predefined group of organisms. All COGs are ranked in the order of their specificity and a graphical visualization allows recognizing (i) the presence and abundance of such COGs and (ii) the phylogenetic relationship between groupA- and groupB-organisms. The software also allows detecting putative protein-protein interactions, novel enzymes involved in only partially known biochemical pathways, and alternate enzymes originated by convergent evolution.</p></sec></abstract></article-meta></front></article>