<article xmlns="https://dtd.nlm.nih.gov/ns/archiving/2.3/" xmlns:xsi="http://www.w3.org/2001/XMLSchema-instance" xmlns:mml="http://www.w3.org/1998/Math/MathML" xmlns:xlink="http://www.w3.org/1999/xlink" xsi:schemaLocation="https://dtd.nlm.nih.gov/ns/archiving/2.3/ https://dtd.nlm.nih.gov/archiving/2.3/xsd/archivearticle.xsd" article-type="research-article"><front><journal-meta><journal-id journal-id-type="nlm-ta">BMC Bioinformatics</journal-id><journal-title>BMC Bioinformatics</journal-title><issn pub-type="epub">1471-2105</issn><publisher><publisher-name>BioMed Central</publisher-name><publisher-loc>London</publisher-loc></publisher></journal-meta><article-meta><article-id pub-id-type="accession">PMC529437</article-id><article-id pub-id-type="pmcid">PMC529437</article-id><article-id pub-id-type="pmc-uid">529437</article-id><article-id pub-id-type="pmid">15504241</article-id><article-id pub-id-type="publisher-id">1471-2105-5-161</article-id><article-id pub-id-type="pmid">15504241</article-id><article-id pub-id-type="doi">10.1186/1471-2105-5-161</article-id><article-categories><subj-group subj-group-type="heading"><subject>Research Article</subject></subj-group></article-categories><title-group><article-title>Implications for domain fusion protein-protein interactions based on structural information</article-title></title-group><contrib-group><contrib id="A1" contrib-type="author"><name><surname>Chia</surname><given-names>Jer-Ming</given-names></name><xref ref-type="aff" rid="I1">1</xref><email>g04030676@nus.edu.sg</email></contrib><contrib id="A2" corresp="yes" contrib-type="author"><name><surname>Kolatkar</surname><given-names>Prasanna R</given-names></name><xref ref-type="aff" rid="I1">1</xref><email>kolatkarp@gis.a-star.edu.sg</email></contrib></contrib-group><aff id="I1"><label>1</label>The Genome Institute of Singapore, Singapore</aff><pub-date pub-type="collection"><year>2004</year></pub-date><pub-date pub-type="epub"><day>26</day><month>10</month><year>2004</year></pub-date><volume>5</volume><fpage>161</fpage><lpage>161</lpage><ext-link ext-link-type="uri" xlink:href="http://www.biomedcentral.com/1471-2105/5/161"/><history><date date-type="received"><day>29</day><month>6</month><year>2004</year></date><date date-type="accepted"><day>26</day><month>10</month><year>2004</year></date></history><copyright-statement>Copyright © 2004 Chia and Kolatkar; licensee BioMed Central Ltd.</copyright-statement><license license-type="open-access" xlink:href="http://creativecommons.org/licenses/by/2.0"><p>This is an open-access article distributed under the terms of the Creative Commons Attribution License (<ext-link ext-link-type="uri" xlink:href="http://creativecommons.org/licenses/by/2.0"/>), which permits unrestricted use, distribution, and reproduction in any medium, provided the original work is properly cited.</p></license><abstract><sec><title>Background</title><p>Several <italic>in silico </italic>methods exist that were developed to predict protein interactions from the copious amount of genomic and proteomic data. One of these methods is Domain Fusion, which has proven to be effective in predicting functional links between proteins.</p></sec><sec><title>Results</title><p>Analyzing the structures of multi-domain single-chain peptides, we found that domain pairs located less than 30 residues apart on a chain are almost certain to share a physical interface. The majority of these interactions are also conserved across separate chains. We make use of this observation to improve domain fusion based protein interaction predictions, and demonstrate this by implementing it on a set of <italic>Saccharomyces cerevisiae </italic>proteins.</p></sec><sec><title>Conclusion</title><p>We show that existing structural data supports the domain fusion hypothesis. Empirical information from structural data also enables us to refine and assess domain fusion based protein interaction predictions. These interactions can then be integrated with downstream biochemical and genetic assays to generate more reliable protein interaction data sets.</p></sec></abstract></article-meta></front></article>