<article xmlns="https://dtd.nlm.nih.gov/ns/archiving/2.3/" xmlns:xsi="http://www.w3.org/2001/XMLSchema-instance" xmlns:mml="http://www.w3.org/1998/Math/MathML" xmlns:xlink="http://www.w3.org/1999/xlink" xsi:schemaLocation="https://dtd.nlm.nih.gov/ns/archiving/2.3/ https://dtd.nlm.nih.gov/archiving/2.3/xsd/archivearticle.xsd" article-type="research-article"><front><journal-meta><journal-id journal-id-type="nlm-ta">BMC Bioinformatics</journal-id><journal-title>BMC Bioinformatics</journal-title><issn pub-type="epub">1471-2105</issn><publisher><publisher-name>BioMed Central</publisher-name><publisher-loc>London</publisher-loc></publisher></journal-meta><article-meta><article-id pub-id-type="accession">PMC526219</article-id><article-id pub-id-type="pmcid">PMC526219</article-id><article-id pub-id-type="pmc-uid">526219</article-id><article-id pub-id-type="pmid">15458580</article-id><article-id pub-id-type="publisher-id">1471-2105-5-140</article-id><article-id pub-id-type="pmid">15458580</article-id><article-id pub-id-type="doi">10.1186/1471-2105-5-140</article-id><article-categories><subj-group subj-group-type="heading"><subject>Research Article</subject></subj-group></article-categories><title-group><article-title>A comprehensive comparison of comparative RNA structure prediction approaches</article-title></title-group><contrib-group><contrib id="A1" corresp="yes" contrib-type="author"><name><surname>Gardner</surname><given-names>Paul P</given-names></name><xref ref-type="aff" rid="I1">1</xref><email>PPGardner@bi.ku.dk</email></contrib><contrib id="A2" contrib-type="author"><name><surname>Giegerich</surname><given-names>Robert</given-names></name><xref ref-type="aff" rid="I2">2</xref><email>Robert@TechFak.Uni-Bielefeld.DE</email></contrib></contrib-group><aff id="I1"><label>1</label>Department of Evolutionary Biology, University of Copenhagen, Universitetsparken 15, 2100 Copenhagen Ø, Denmark</aff><aff id="I2"><label>2</label>Faculty of Technology, University of Bielefeld, PO Box 10 01 31, 33501 Bielefeld, Germany</aff><pub-date pub-type="collection"><year>2004</year></pub-date><pub-date pub-type="epub"><day>30</day><month>9</month><year>2004</year></pub-date><volume>5</volume><fpage>140</fpage><lpage>140</lpage><ext-link ext-link-type="uri" xlink:href="http://www.biomedcentral.com/1471-2105/5/140"/><history><date date-type="received"><day>12</day><month>8</month><year>2004</year></date><date date-type="accepted"><day>30</day><month>9</month><year>2004</year></date></history><copyright-statement>Copyright © 2004 Gardner and Giegerich; licensee BioMed Central Ltd.</copyright-statement><license license-type="open-access" xlink:href="http://creativecommons.org/licenses/by/2.0"><p>This is an open-access article distributed under the terms of the Creative Commons Attribution License (<ext-link ext-link-type="uri" xlink:href="http://creativecommons.org/licenses/by/2.0"/>), which permits unrestricted use, distribution, and reproduction in any medium, provided the original work is properly cited.</p></license><abstract><sec><title>Background</title><p>An increasing number of researchers have released novel RNA structure analysis and prediction algorithms for comparative approaches to structure prediction. Yet, independent benchmarking of these algorithms is rarely performed as is now common practice for protein-folding, gene-finding and multiple-sequence-alignment algorithms.</p></sec><sec><title>Results</title><p>Here we evaluate a number of RNA folding algorithms using reliable RNA data-sets and compare their relative performance.</p></sec><sec><title>Conclusions</title><p>We conclude that comparative data can enhance structure prediction but structure-prediction-algorithms vary widely in terms of both sensitivity and selectivity across different lengths and homologies. Furthermore, we outline some directions for future research.</p></sec></abstract></article-meta></front></article>