<article xmlns="https://dtd.nlm.nih.gov/ns/archiving/2.3/" xmlns:xsi="http://www.w3.org/2001/XMLSchema-instance" xmlns:mml="http://www.w3.org/1998/Math/MathML" xmlns:xlink="http://www.w3.org/1999/xlink" xsi:schemaLocation="https://dtd.nlm.nih.gov/ns/archiving/2.3/ https://dtd.nlm.nih.gov/archiving/2.3/xsd/archivearticle.xsd" article-type="research-article"><front><journal-meta><journal-id journal-id-type="nlm-ta">BMC Bioinformatics</journal-id><journal-title>BMC Bioinformatics</journal-title><issn pub-type="epub">1471-2105</issn><publisher><publisher-name>BioMed Central</publisher-name><publisher-loc>London</publisher-loc></publisher></journal-meta><article-meta><article-id pub-id-type="accession">PMC528731</article-id><article-id pub-id-type="pmcid">PMC528731</article-id><article-id pub-id-type="pmc-uid">528731</article-id><article-id pub-id-type="pmid">15473905</article-id><article-id pub-id-type="publisher-id">1471-2105-5-147</article-id><article-id pub-id-type="pmid">15473905</article-id><article-id pub-id-type="doi">10.1186/1471-2105-5-147</article-id><article-categories><subj-group subj-group-type="heading"><subject>Research Article</subject></subj-group></article-categories><title-group><article-title>Content-rich biological network constructed by mining PubMed abstracts</article-title></title-group><contrib-group><contrib id="A1" corresp="yes" contrib-type="author"><name><surname>Chen</surname><given-names>Hao</given-names></name><xref ref-type="aff" rid="I1">1</xref><email>hchen@utmem.edu</email></contrib><contrib id="A2" corresp="yes" contrib-type="author"><name><surname>Sharp</surname><given-names>Burt M</given-names></name><xref ref-type="aff" rid="I1">1</xref><email>bsharp@utmem.edu</email></contrib></contrib-group><aff id="I1"><label>1</label>Department of Pharmacology, University of Tennessee Health Science Center, Room 115 Crowe Research Building, 874 Union Avenue, Memphis, Tennessee 38163 USA</aff><pub-date pub-type="collection"><year>2004</year></pub-date><pub-date pub-type="epub"><day>8</day><month>10</month><year>2004</year></pub-date><volume>5</volume><fpage>147</fpage><lpage>147</lpage><ext-link ext-link-type="uri" xlink:href="http://www.biomedcentral.com/1471-2105/5/147"/><history><date date-type="received"><day>27</day><month>5</month><year>2004</year></date><date date-type="accepted"><day>8</day><month>10</month><year>2004</year></date></history><copyright-statement>Copyright © 2004 Chen and Sharp; licensee BioMed Central Ltd.</copyright-statement><license license-type="open-access" xlink:href="http://creativecommons.org/licenses/by/2.0"><p>This is an open-access article distributed under the terms of the Creative Commons Attribution License (<ext-link ext-link-type="uri" xlink:href="http://creativecommons.org/licenses/by/2.0"/>), which permits unrestricted use, distribution, and reproduction in any medium, provided the original work is properly cited.</p></license><abstract><sec><title>Background</title><p>The integration of the rapidly expanding corpus of information about the genome, transcriptome, and proteome, engendered by powerful technological advances, such as microarrays, and the availability of genomic sequence from multiple species, challenges the grasp and comprehension of the scientific community. Despite the existence of text-mining methods that identify biological relationships based on the textual co-occurrence of gene/protein terms or similarities in abstract texts, knowledge of the underlying molecular connections on a large scale, which is prerequisite to understanding novel biological processes, lags far behind the accumulation of data. While computationally efficient, the co-occurrence-based approaches fail to characterize (e.g., inhibition or stimulation, directionality) biological interactions. Programs with natural language processing (NLP) capability have been created to address these limitations, however, they are in general not readily accessible to the public.</p></sec><sec><title>Results</title><p>We present a NLP-based text-mining approach, Chilibot, which constructs content-rich relationship networks among biological concepts, genes, proteins, or drugs. Amongst its features, suggestions for new hypotheses can be generated. Lastly, we provide evidence that the connectivity of molecular networks extracted from the biological literature follows the power-law distribution, indicating scale-free topologies consistent with the results of previous experimental analyses.</p></sec><sec><title>Conclusions</title><p>Chilibot distills scientific relationships from knowledge available throughout a wide range of biological domains and presents these in a content-rich graphical format, thus integrating general biomedical knowledge with the specialized knowledge and interests of the user. Chilibot <ext-link ext-link-type="uri" xlink:href="http://www.chilibot.net"/> can be accessed free of charge to academic users.</p></sec></abstract></article-meta></front></article>