<article xmlns="https://dtd.nlm.nih.gov/ns/archiving/2.3/" xmlns:xsi="http://www.w3.org/2001/XMLSchema-instance" xmlns:mml="http://www.w3.org/1998/Math/MathML" xmlns:xlink="http://www.w3.org/1999/xlink" xsi:schemaLocation="https://dtd.nlm.nih.gov/ns/archiving/2.3/ https://dtd.nlm.nih.gov/archiving/2.3/xsd/archivearticle.xsd" article-type="research-article"><front><journal-meta><journal-id journal-id-type="nlm-ta">BMC Bioinformatics</journal-id><journal-title>BMC Bioinformatics</journal-title><issn pub-type="epub">1471-2105</issn><publisher><publisher-name>BioMed Central</publisher-name><publisher-loc>London</publisher-loc></publisher></journal-meta><article-meta><article-id pub-id-type="accession">PMC526251</article-id><article-id pub-id-type="pmcid">PMC526251</article-id><article-id pub-id-type="pmc-uid">526251</article-id><article-id pub-id-type="pmid">15491497</article-id><article-id pub-id-type="publisher-id">1471-2105-5-153</article-id><article-id pub-id-type="pmid">15491497</article-id><article-id pub-id-type="doi">10.1186/1471-2105-5-153</article-id><article-categories><subj-group subj-group-type="heading"><subject>Research Article</subject></subj-group></article-categories><title-group><article-title>Inter-residue distances derived from fold contact propensities correlate with evolutionary substitution costs</article-title></title-group><contrib-group><contrib id="A1" corresp="yes" contrib-type="author"><name><surname>Williams</surname><given-names>Gareth</given-names></name><xref ref-type="aff" rid="I1">1</xref><email>gareth.2.williams@kcl.ac.uk</email></contrib><contrib id="A2" contrib-type="author"><name><surname>Doherty</surname><given-names>Patrick</given-names></name><xref ref-type="aff" rid="I1">1</xref><email>patrick.doherty@kcl.ac.uk</email></contrib></contrib-group><aff id="I1"><label>1</label>Wolfson Centre for Age-Related Diseases, The Wolfson Wing, Hodgkin Building, Kings College London, London SE1 1UL, UK</aff><pub-date pub-type="collection"><year>2004</year></pub-date><pub-date pub-type="epub"><day>18</day><month>10</month><year>2004</year></pub-date><volume>5</volume><fpage>153</fpage><lpage>153</lpage><ext-link ext-link-type="uri" xlink:href="http://www.biomedcentral.com/1471-2105/5/153"/><history><date date-type="received"><day>2</day><month>6</month><year>2004</year></date><date date-type="accepted"><day>18</day><month>10</month><year>2004</year></date></history><copyright-statement>Copyright © 2004 Williams and Doherty; licensee BioMed Central Ltd.</copyright-statement><license license-type="open-access" xlink:href="http://creativecommons.org/licenses/by/2.0"><p>This is an open-access article distributed under the terms of the Creative Commons Attribution License (<ext-link ext-link-type="uri" xlink:href="http://creativecommons.org/licenses/by/2.0"/>), which permits unrestricted use, distribution, and reproduction in any medium, provided the original work is properly cited.</p></license><abstract><sec><title>Background</title><p>The wealth of information on protein structure has led to a variety of statistical analyses of the role played by individual amino acid types in the protein fold. In particular, the contact propensities between the various amino acids can be converted into folding energies that have proved useful in structure prediction. The present study addresses the relationship of protein folding propensities to the evolutionary relationship between residues.</p></sec><sec><title>Results</title><p>The contact preferences of residue types observed in a representative sample of protein structures are converted into a residue similarity matrix or inter-residue distance matrix. Remarkably, these distances correlate excellently with evolutionary substitution costs. Residue vectors are derived from the distance matrix. The residue vectors give a concrete picture of the grouping of residues into families sharing properties crucial for protein folding.</p></sec><sec><title>Conclusions</title><p>Inter-residue distances have proved useful in showing the explicit relationship between contact preferences and evolutionary substitution rates. It is proposed that the distance matrix derived from structural analysis may be useful in aligning proteins where remote homologs share structural features. Residue vectors derived from the distance matrix illustrate the spatial arrangement of residues and point to ways in which they can be grouped.</p></sec></abstract></article-meta></front></article>