<article xmlns="https://dtd.nlm.nih.gov/ns/archiving/2.3/" xmlns:xsi="http://www.w3.org/2001/XMLSchema-instance" xmlns:mml="http://www.w3.org/1998/Math/MathML" xmlns:xlink="http://www.w3.org/1999/xlink" xsi:schemaLocation="https://dtd.nlm.nih.gov/ns/archiving/2.3/ https://dtd.nlm.nih.gov/archiving/2.3/xsd/archivearticle.xsd" article-type="product-review"><front><journal-meta><journal-id journal-id-type="nlm-ta">BMC Bioinformatics</journal-id><journal-title>BMC Bioinformatics</journal-title><issn pub-type="epub">1471-2105</issn><publisher><publisher-name>BioMed Central</publisher-name><publisher-loc>London</publisher-loc></publisher></journal-meta><article-meta><article-id pub-id-type="accession">PMC555944</article-id><article-id pub-id-type="pmcid">PMC555944</article-id><article-id pub-id-type="pmc-uid">555944</article-id><article-id pub-id-type="pmid">15757517</article-id><article-id pub-id-type="publisher-id">1471-2105-6-48</article-id><article-id pub-id-type="pmid">15757517</article-id><article-id pub-id-type="doi">10.1186/1471-2105-6-48</article-id><article-categories><subj-group subj-group-type="heading"><subject>Software</subject></subj-group></article-categories><title-group><article-title>A Taxonomic Search Engine: Federating taxonomic databases using web services</article-title></title-group><contrib-group><contrib id="A1" corresp="yes" contrib-type="author"><name><surname>Page</surname><given-names>Roderic DM</given-names></name><xref ref-type="aff" rid="I1">1</xref><email>r.page@bio.gla.ac.uk</email></contrib></contrib-group><aff id="I1"><label>1</label>Division of Environmental and Evolutionary Biology, Institute of Biomedical and Life Sciences, Graham Kerr Building, University of Glasgow, Glasgow G12 8QQ, UK</aff><pub-date pub-type="collection"><year>2005</year></pub-date><pub-date pub-type="epub"><day>9</day><month>3</month><year>2005</year></pub-date><volume>6</volume><fpage>48</fpage><lpage>48</lpage><ext-link ext-link-type="uri" xlink:href="http://www.biomedcentral.com/1471-2105/6/48"/><history><date date-type="received"><day>13</day><month>12</month><year>2004</year></date><date date-type="accepted"><day>9</day><month>3</month><year>2005</year></date></history><copyright-statement>Copyright © 2005 Page; licensee BioMed Central Ltd.</copyright-statement><license license-type="open-access" xlink:href="http://creativecommons.org/licenses/by/2.0"><p>This is an Open Access article distributed under the terms of the Creative Commons Attribution License (<ext-link ext-link-type="uri" xlink:href="http://creativecommons.org/licenses/by/2.0"/>), which permits unrestricted use, distribution, and reproduction in any medium, provided the original work is properly cited.</p></license><abstract><sec><title>Background</title><p>The taxonomic name of an organism is a key link between different databases that store information on that organism. However, in the absence of a single, comprehensive database of organism names, individual databases lack an easy means of checking the correctness of a name. Furthermore, the same organism may have more than one name, and the same name may apply to more than one organism.</p></sec><sec><title>Results</title><p>The Taxonomic Search Engine (TSE) is a web application written in PHP that queries multiple taxonomic databases (ITIS, Index Fungorum, IPNI, NCBI, and uBIO) and summarises the results in a consistent format. It supports "drill-down" queries to retrieve a specific record. The TSE can optionally suggest alternative spellings the user can try. It also acts as a Life Science Identifier (LSID) authority for the source taxonomic databases, providing globally unique identifiers (and associated metadata) for each name.</p></sec><sec><title>Conclusion</title><p>The Taxonomic Search Engine is available at <ext-link ext-link-type="uri" xlink:href="http://darwin.zoology.gla.ac.uk/~rpage/portal/"/> and provides a simple demonstration of the potential of the federated approach to providing access to taxonomic names.</p></sec></abstract></article-meta></front></article>