<article xmlns="https://dtd.nlm.nih.gov/ns/archiving/2.3/" xmlns:xsi="http://www.w3.org/2001/XMLSchema-instance" xmlns:mml="http://www.w3.org/1998/Math/MathML" xmlns:xlink="http://www.w3.org/1999/xlink" xsi:schemaLocation="https://dtd.nlm.nih.gov/ns/archiving/2.3/ https://dtd.nlm.nih.gov/archiving/2.3/xsd/archivearticle.xsd" article-type="research-article"><front><journal-meta><journal-id journal-id-type="nlm-ta">BMC Bioinformatics</journal-id><journal-title>BMC Bioinformatics</journal-title><issn pub-type="epub">1471-2105</issn><publisher><publisher-name>BioMed Central</publisher-name><publisher-loc>London</publisher-loc></publisher></journal-meta><article-meta><article-id pub-id-type="accession">PMC526221</article-id><article-id pub-id-type="pmcid">PMC526221</article-id><article-id pub-id-type="pmc-uid">526221</article-id><article-id pub-id-type="pmid">15491492</article-id><article-id pub-id-type="publisher-id">1471-2105-5-152</article-id><article-id pub-id-type="pmid">15491492</article-id><article-id pub-id-type="doi">10.1186/1471-2105-5-152</article-id><article-categories><subj-group subj-group-type="heading"><subject>Methodology Article</subject></subj-group></article-categories><title-group><article-title>Incidence of "quasi-ditags" in catalogs generated by Serial Analysis of Gene Expression (SAGE)</article-title></title-group><contrib-group><contrib id="A1" corresp="yes" contrib-type="author"><name><surname>Anisimov</surname><given-names>Sergey V</given-names></name><xref ref-type="aff" rid="I1">1</xref><email>Sergey.Anisimov@mphy.lu.se</email></contrib><contrib id="A2" contrib-type="author"><name><surname>Sharov</surname><given-names>Alexei A</given-names></name><xref ref-type="aff" rid="I2">2</xref><email>sharoval@grc.nia.nih.gov</email></contrib></contrib-group><aff id="I1"><label>1</label>Section for Neuronal Survival, Wallenberg Neuroscience Center, Lund University, 221 84 Lund, Sweden</aff><aff id="I2"><label>2</label>Laboratory of Genetics, National Institute on Aging, National Institutes of Health, Baltimore, MD, 21224, USA</aff><pub-date pub-type="collection"><year>2004</year></pub-date><pub-date pub-type="epub"><day>18</day><month>10</month><year>2004</year></pub-date><volume>5</volume><fpage>152</fpage><lpage>152</lpage><ext-link ext-link-type="uri" xlink:href="http://www.biomedcentral.com/1471-2105/5/152"/><history><date date-type="received"><day>27</day><month>5</month><year>2004</year></date><date date-type="accepted"><day>18</day><month>10</month><year>2004</year></date></history><copyright-statement>Copyright © 2004 Anisimov and Sharov; licensee BioMed Central Ltd.</copyright-statement><license license-type="open-access" xlink:href="http://creativecommons.org/licenses/by/2.0"><p>This is an open-access article distributed under the terms of the Creative Commons Attribution License (<ext-link ext-link-type="uri" xlink:href="http://creativecommons.org/licenses/by/2.0"/>), which permits unrestricted use, distribution, and reproduction in any medium, provided the original work is properly cited.</p></license><abstract><sec><title>Background</title><p>Serial Analysis of Gene Expression (SAGE) is a functional genomic technique that quantitatively analyzes the cellular transcriptome. The analysis of SAGE libraries relies on the identification of ditags from sequencing files; however, the software used to examine SAGE libraries cannot distinguish between authentic versus false ditags ("quasi-ditags").</p></sec><sec><title>Results</title><p>We provide examples of quasi-ditags that originate from cloning and sequencing artifacts (i.e. genomic contamination or random combinations of nucleotides) that are included in SAGE libraries. We have employed a mathematical model to predict the frequency of quasi-ditags in random nucleotide sequences, and our data show that clones containing less than or equal to 2 ditags (which include chromosomal cloning artifacts) should be excluded from the analysis of SAGE catalogs.</p></sec><sec><title>Conclusions</title><p>Cloning and sequencing artifacts contaminating SAGE libraries could be eliminated using simple pre-screening procedure to increase the reliability of the data.</p></sec></abstract></article-meta></front></article>