<article xmlns="https://dtd.nlm.nih.gov/ns/archiving/2.3/" xmlns:xsi="http://www.w3.org/2001/XMLSchema-instance" xmlns:mml="http://www.w3.org/1998/Math/MathML" xmlns:xlink="http://www.w3.org/1999/xlink" xsi:schemaLocation="https://dtd.nlm.nih.gov/ns/archiving/2.3/ https://dtd.nlm.nih.gov/archiving/2.3/xsd/archivearticle.xsd" article-type="product-review"><front><journal-meta><journal-id journal-id-type="nlm-ta">BMC Bioinformatics</journal-id><journal-title>BMC Bioinformatics</journal-title><issn pub-type="epub">1471-2105</issn><publisher><publisher-name>BioMed Central</publisher-name><publisher-loc>London</publisher-loc></publisher></journal-meta><article-meta><article-id pub-id-type="accession">PMC517492</article-id><article-id pub-id-type="pmcid">PMC517492</article-id><article-id pub-id-type="pmc-uid">517492</article-id><article-id pub-id-type="pmid">15333145</article-id><article-id pub-id-type="publisher-id">1471-2105-5-117</article-id><article-id pub-id-type="pmid">15333145</article-id><article-id pub-id-type="doi">10.1186/1471-2105-5-117</article-id><article-categories><subj-group subj-group-type="heading"><subject>Software</subject></subj-group></article-categories><title-group><article-title>XHM: A system for detection of potential cross hybridizations in DNA microarrays</article-title></title-group><contrib-group><contrib id="A1" corresp="yes" contrib-type="author"><name><surname>Flikka</surname><given-names>Kristian</given-names></name><xref ref-type="aff" rid="I1">1</xref><email>flikka@ii.uib.no</email></contrib><contrib id="A2" contrib-type="author"><name><surname>Yadetie</surname><given-names>Fekadu</given-names></name><xref ref-type="aff" rid="I2">2</xref><xref ref-type="aff" rid="I3">3</xref><email>fekadu.yadetie@medisin.ntnu.no</email></contrib><contrib id="A3" contrib-type="author"><name><surname>Laegreid</surname><given-names>Astrid</given-names></name><xref ref-type="aff" rid="I2">2</xref><email>astrid.lagreid@medisin.ntnu.no</email></contrib><contrib id="A4" contrib-type="author"><name><surname>Jonassen</surname><given-names>Inge</given-names></name><xref ref-type="aff" rid="I1">1</xref><xref ref-type="aff" rid="I4">4</xref><email>inge@ii.uib.no</email></contrib></contrib-group><aff id="I1"><label>1</label>Computational Biology Unit, Bergen Center for Computational Science, UNIFOB/UiB, Thormoehlensgt.55, N-5008 Bergen, Norway</aff><aff id="I2"><label>2</label>Department of Cancer Research and Molecular Medicine, Norwegian University of Science and Technology, NO-7489 Trondheim, Norway</aff><aff id="I3"><label>3</label>Sars International Centre for Marine Molecular Biology, Bergen High Technology Centre, Thormoehlensgt. 55, N-5008 Bergen, Norway</aff><aff id="I4"><label>4</label>Department of Informatics, University of Bergen, PB. 7800, N-5020 Bergen, Norway</aff><pub-date pub-type="collection"><year>2004</year></pub-date><pub-date pub-type="epub"><day>27</day><month>8</month><year>2004</year></pub-date><volume>5</volume><fpage>117</fpage><lpage>117</lpage><ext-link ext-link-type="uri" xlink:href="http://www.biomedcentral.com/1471-2105/5/117"/><history><date date-type="received"><day>14</day><month>5</month><year>2004</year></date><date date-type="accepted"><day>27</day><month>8</month><year>2004</year></date></history><copyright-statement>Copyright © 2004 Flikka et al; licensee BioMed Central Ltd.</copyright-statement><license license-type="open-access" xlink:href="http://creativecommons.org/licenses/by/2.0"><p>This is an open-access article distributed under the terms of the Creative Commons Attribution License (<ext-link ext-link-type="uri" xlink:href="http://creativecommons.org/licenses/by/2.0"/>), which permits unrestricted use, distribution, and reproduction in any medium, provided the original work is properly cited.</p></license><abstract><sec><title>Background</title><p>Microarrays have emerged as the preferred platform for high throughput gene expression analysis. Cross-hybridization among genes with high sequence similarities can be a source of error reducing the reliability of DNA microarray results.</p></sec><sec><title>Results</title><p>We have developed a tool called XHM (cross hybridization on microarrays) for assessment of the reliability of hybridization signals by detecting potential cross-hybridizations on DNA microarrays. This is done by comparing the sequences of the probes against an extensive database representing the transcriptome of the organism in question. XHM is available online at <ext-link ext-link-type="uri" xlink:href="http://www.bioinfo.no/tools/xhm/"/>.</p></sec><sec><title>Conclusions</title><p>Using XHM with its user-adjustable parameters will enable scientists to check their lists of differentially expressed genes from microarray experiments for potential cross-hybridizations. This provides information that may be useful in the validation of the microarray results.</p></sec></abstract></article-meta></front></article>