<article xmlns="https://dtd.nlm.nih.gov/ns/archiving/2.3/" xmlns:xsi="http://www.w3.org/2001/XMLSchema-instance" xmlns:mml="http://www.w3.org/1998/Math/MathML" xmlns:xlink="http://www.w3.org/1999/xlink" xsi:schemaLocation="https://dtd.nlm.nih.gov/ns/archiving/2.3/ https://dtd.nlm.nih.gov/archiving/2.3/xsd/archivearticle.xsd" article-type="research-article"><front><journal-meta><journal-id journal-id-type="nlm-ta">BMC Bioinformatics</journal-id><journal-title>BMC Bioinformatics</journal-title><issn pub-type="epub">1471-2105</issn><publisher><publisher-name>BioMed Central</publisher-name><publisher-loc>London</publisher-loc></publisher></journal-meta><article-meta><article-id pub-id-type="accession">PMC509236</article-id><article-id pub-id-type="pmcid">PMC509236</article-id><article-id pub-id-type="pmc-uid">509236</article-id><article-id pub-id-type="pmid">15283861</article-id><article-id pub-id-type="publisher-id">1471-2105-5-103</article-id><article-id pub-id-type="pmid">15283861</article-id><article-id pub-id-type="doi">10.1186/1471-2105-5-103</article-id><article-categories><subj-group subj-group-type="heading"><subject>Methodology Article</subject></subj-group></article-categories><title-group><article-title>Improving the scaling normalization for high-density oligonucleotide GeneChip expression microarrays</article-title></title-group><contrib-group><contrib id="A1" corresp="yes" contrib-type="author"><name><surname>Lu</surname><given-names>Chao</given-names></name><xref ref-type="aff" rid="I1">1</xref><email>chao.lu@utoronto.ca</email></contrib></contrib-group><aff id="I1"><label>1</label>Microarray Facility, The Centre for Applied Genomics, The Hospital for Sick Children, 555 University Avenue, Elm Wing Room 10104, Toronto, Ontario M5G 1X8, Canada</aff><pub-date pub-type="collection"><year>2004</year></pub-date><pub-date pub-type="epub"><day>29</day><month>7</month><year>2004</year></pub-date><volume>5</volume><fpage>103</fpage><lpage>103</lpage><ext-link ext-link-type="uri" xlink:href="http://www.biomedcentral.com/1471-2105/5/103"/><history><date date-type="received"><day>17</day><month>7</month><year>2003</year></date><date date-type="accepted"><day>29</day><month>7</month><year>2004</year></date></history><copyright-statement>Copyright © 2004 Lu; licensee BioMed Central Ltd.</copyright-statement><license license-type="open-access" xlink:href="http://creativecommons.org/licenses/by/2.0"><p>This is an open-access article distributed under the terms of the Creative Commons Attribution License (<ext-link ext-link-type="uri" xlink:href="http://creativecommons.org/licenses/by/2.0"/>), which permits unrestricted use, distribution, and reproduction in any medium, provided the original work is properly cited.</p></license><abstract><sec><title>Background</title><p>Normalization is an important step for microarray data analysis to minimize biological and technical variations. Choosing a suitable approach can be critical. The default method in GeneChip expression microarray uses a constant factor, the scaling factor (<italic>SF</italic>), for every gene on an array. The <italic>SF </italic>is obtained from a trimmed average signal of the array after excluding the 2% of the probe sets with the highest and the lowest values.</p></sec><sec><title>Results</title><p>Among the 76 U34A GeneChip experiments, the total signals on each array showed 25.8% variations in terms of the coefficient of variation, although all microarrays were hybridized with the same amount of biotin-labeled cRNA. The 2% of the probe sets with the highest signals that were normally excluded from <italic>SF </italic>calculation accounted for 34% to 54% of the total signals (40.7% ± 4.4%, mean ± sd). In comparison with normalization factors obtained from the median signal or from the mean of the log transformed signal, <italic>SF </italic>showed the greatest variation. The normalization factors obtained from log transformed signals showed least variation.</p></sec><sec><title>Conclusions</title><p>Eliminating 40% of the signal data during <italic>SF </italic>calculation failed to show any benefit. Normalization factors obtained with log transformed signals performed the best. Thus, it is suggested to use the mean of the logarithm transformed data for normalization, rather than the arithmetic mean of signals in GeneChip gene expression microarrays.</p></sec></abstract><kwd-group><kwd>Microarray</kwd><kwd>normalization</kwd><kwd>gene expression</kwd><kwd>DNA</kwd><kwd>RNA</kwd><kwd>oligonucleotide</kwd><kwd>GeneChip</kwd><kwd>scaling</kwd></kwd-group></article-meta></front></article>