<article xmlns="https://dtd.nlm.nih.gov/ns/archiving/2.3/" xmlns:xsi="http://www.w3.org/2001/XMLSchema-instance" xmlns:mml="http://www.w3.org/1998/Math/MathML" xmlns:xlink="http://www.w3.org/1999/xlink" xsi:schemaLocation="https://dtd.nlm.nih.gov/ns/archiving/2.3/ https://dtd.nlm.nih.gov/archiving/2.3/xsd/archivearticle.xsd" article-type="product-review"><front><journal-meta><journal-id journal-id-type="nlm-ta">BMC Bioinformatics</journal-id><journal-title>BMC Bioinformatics</journal-title><issn pub-type="epub">1471-2105</issn><publisher><publisher-name>BioMed Central</publisher-name><publisher-loc>London</publisher-loc></publisher></journal-meta><article-meta><article-id pub-id-type="accession">PMC528725</article-id><article-id pub-id-type="pmcid">PMC528725</article-id><article-id pub-id-type="pmc-uid">528725</article-id><article-id pub-id-type="pmid">15488149</article-id><article-id pub-id-type="publisher-id">1471-2105-5-151</article-id><article-id pub-id-type="pmid">15488149</article-id><article-id pub-id-type="doi">10.1186/1471-2105-5-151</article-id><article-categories><subj-group subj-group-type="heading"><subject>Software</subject></subj-group></article-categories><title-group><article-title>Caryoscope: An Open Source Java application for viewing microarray data in a genomic context</article-title></title-group><contrib-group><contrib id="A1" contrib-type="author"><name><surname>Awad</surname><given-names>Ihab AB</given-names></name><xref ref-type="aff" rid="I1">1</xref><email>ihab@stanford.edu</email></contrib><contrib id="A2" contrib-type="author"><name><surname>Rees</surname><given-names>Christian A</given-names></name><xref ref-type="aff" rid="I1">1</xref><email>rees@genome.stanford.edu</email></contrib><contrib id="A3" contrib-type="author"><name><surname>Hernandez-Boussard</surname><given-names>Tina</given-names></name><xref ref-type="aff" rid="I2">2</xref><email>boussard@genome.stanford.edu</email></contrib><contrib id="A4" contrib-type="author"><name><surname>Ball</surname><given-names>Catherine A</given-names></name><xref ref-type="aff" rid="I2">2</xref><email>ball@genome.stanford.edu</email></contrib><contrib id="A5" corresp="yes" contrib-type="author"><name><surname>Sherlock</surname><given-names>Gavin</given-names></name><xref ref-type="aff" rid="I1">1</xref><email>sherlock@genome.stanford.edu</email></contrib></contrib-group><aff id="I1"><label>1</label>Dept. of Genetics, 300 Pasteur Drive, Stanford University Medical School, Stanford, CA 94305-5120, USA</aff><aff id="I2"><label>2</label>Dept. of Biochemistry, Stanford University School of Medicine, Stanford, CA 94305-5307, USA</aff><pub-date pub-type="collection"><year>2004</year></pub-date><pub-date pub-type="epub"><day>15</day><month>10</month><year>2004</year></pub-date><volume>5</volume><fpage>151</fpage><lpage>151</lpage><ext-link ext-link-type="uri" xlink:href="http://www.biomedcentral.com/1471-2105/5/151"/><history><date date-type="received"><day>12</day><month>5</month><year>2004</year></date><date date-type="accepted"><day>15</day><month>10</month><year>2004</year></date></history><copyright-statement>Copyright © 2004 Awad et al; licensee BioMed Central Ltd.</copyright-statement><license license-type="open-access" xlink:href="http://creativecommons.org/licenses/by/2.0"><p>This is an open-access article distributed under the terms of the Creative Commons Attribution License (<ext-link ext-link-type="uri" xlink:href="http://creativecommons.org/licenses/by/2.0"/>), which permits unrestricted use, distribution, and reproduction in any medium, provided the original work is properly cited.</p></license><abstract><sec><title>Background</title><p>Microarray-based comparative genome hybridization experiments generate data that can be mapped onto the genome. These data are interpreted more easily when represented graphically in a genomic context.</p></sec><sec><title>Results</title><p>We have developed Caryoscope, which is an open source Java application for visualizing microarray data from array comparative genome hybridization experiments in a genomic context. Caryoscope can read General Feature Format files (GFF files), as well as comma- and tab-delimited files, that define the genomic positions of the microarray reporters for which data are obtained. The microarray data can be browsed using an interactive, zoomable interface, which helps users identify regions of chromosomal deletion or amplification. The graphical representation of the data can be exported in a number of graphic formats, including publication-quality formats such as PostScript.</p></sec><sec><title>Conclusion</title><p>Caryoscope is a useful tool that can aid in the visualization, exploration and interpretation of microarray data in a genomic context.</p></sec></abstract></article-meta></front></article>