<article xmlns="https://dtd.nlm.nih.gov/ns/archiving/2.3/" xmlns:xsi="http://www.w3.org/2001/XMLSchema-instance" xmlns:mml="http://www.w3.org/1998/Math/MathML" xmlns:xlink="http://www.w3.org/1999/xlink" xsi:schemaLocation="https://dtd.nlm.nih.gov/ns/archiving/2.3/ https://dtd.nlm.nih.gov/archiving/2.3/xsd/archivearticle.xsd" article-type="research-article"><front><journal-meta><journal-id journal-id-type="nlm-ta">BMC Bioinformatics</journal-id><journal-title>BMC Bioinformatics</journal-title><issn pub-type="epub">1471-2105</issn><publisher><publisher-name>BioMed Central</publisher-name><publisher-loc>London</publisher-loc></publisher></journal-meta><article-meta><article-id pub-id-type="accession">PMC522748</article-id><article-id pub-id-type="pmcid">PMC522748</article-id><article-id pub-id-type="pmc-uid">522748</article-id><article-id pub-id-type="pmid">15373946</article-id><article-id pub-id-type="publisher-id">1471-2105-5-133</article-id><article-id pub-id-type="pmid">15373946</article-id><article-id pub-id-type="doi">10.1186/1471-2105-5-133</article-id><article-categories><subj-group subj-group-type="heading"><subject>Database</subject></subj-group></article-categories><title-group><article-title>Allermatch™, a webtool for the prediction of potential allergenicity according to current FAO/WHO Codex alimentarius guidelines</article-title></title-group><contrib-group><contrib id="A1" contrib-type="author"><name><surname>Fiers</surname><given-names>Mark WEJ</given-names></name><xref ref-type="aff" rid="I1">1</xref><email>mark.fiers@wur.nl</email></contrib><contrib id="A2" corresp="yes" contrib-type="author"><name><surname>Kleter</surname><given-names>Gijs A</given-names></name><xref ref-type="aff" rid="I2">2</xref><email>gijs.kleter@wur.nl</email></contrib><contrib id="A3" contrib-type="author"><name><surname>Nijland</surname><given-names>Herman</given-names></name><xref ref-type="aff" rid="I1">1</xref><email>herman.nijland@wur.nl</email></contrib><contrib id="A4" contrib-type="author"><name><surname>Peijnenburg</surname><given-names>Ad ACM</given-names></name><xref ref-type="aff" rid="I2">2</xref><email>ad.peijnenburg@wur.nl</email></contrib><contrib id="A5" contrib-type="author"><name><surname>Nap</surname><given-names>Jan Peter</given-names></name><xref ref-type="aff" rid="I1">1</xref><email>janpeter.nap@wur.nl</email></contrib><contrib id="A6" contrib-type="author"><name><surname>van Ham</surname><given-names>Roeland CHJ</given-names></name><xref ref-type="aff" rid="I1">1</xref><email>roeland.vanham@wur.nl</email></contrib></contrib-group><aff id="I1"><label>1</label>Applied Bioinformatics, Plant Research International, Wageningen University and Research Center, Wageningen, PO Box 16, 6700 AA, The Netherlands</aff><aff id="I2"><label>2</label>RIKILT-Institute of Food Safety, Wageningen University and Research Center, Wageningen, PO Box 230, 6700 AE, The Netherlands</aff><pub-date pub-type="collection"><year>2004</year></pub-date><pub-date pub-type="epub"><day>16</day><month>9</month><year>2004</year></pub-date><volume>5</volume><fpage>133</fpage><lpage>133</lpage><ext-link ext-link-type="uri" xlink:href="http://www.biomedcentral.com/1471-2105/5/133"/><history><date date-type="received"><day>18</day><month>5</month><year>2004</year></date><date date-type="accepted"><day>16</day><month>9</month><year>2004</year></date></history><copyright-statement>Copyright © 2004 Fiers et al; licensee BioMed Central Ltd.</copyright-statement><license license-type="open-access" xlink:href="http://creativecommons.org/licenses/by/2.0"><p>This is an open-access article distributed under the terms of the Creative Commons Attribution License (<ext-link ext-link-type="uri" xlink:href="http://creativecommons.org/licenses/by/2.0"/>), which permits unrestricted use, distribution, and reproduction in any medium, provided the original work is properly cited.</p></license><abstract><sec><title>Background</title><p>Novel proteins entering the food chain, for example by genetic modification of plants, have to be tested for allergenicity. Allermatch™ <ext-link ext-link-type="uri" xlink:href="http://allermatch.org"/> is a webtool for the efficient and standardized prediction of potential allergenicity of proteins and peptides according to the current recommendations of the FAO/WHO Expert Consultation, as outlined in the Codex alimentarius.</p></sec><sec><title>Description</title><p>A query amino acid sequence is compared with all known allergenic proteins retrieved from the protein databases using a sliding window approach. This identifies stretches of 80 amino acids with more than 35% similarity or small identical stretches of at least six amino acids. The outcome of the analysis is presented in a concise format. The predictive performance of the FAO/WHO criteria is evaluated by screening sets of allergens and non-allergens against the Allermatch databases. Besides correct predictions, both methods are shown to generate false positive and false negative hits and the outcomes should therefore be combined with other methods of allergenicity assessment, as advised by the FAO/WHO.</p></sec><sec><title>Conclusions</title><p>Allermatch™ provides an accessible, efficient, and useful webtool for analysis of potential allergenicity of proteins introduced in genetically modified food prior to market release that complies with current FAO/WHO guidelines.</p></sec></abstract></article-meta></front></article>