<article xmlns="https://dtd.nlm.nih.gov/ns/archiving/2.3/" xmlns:xsi="http://www.w3.org/2001/XMLSchema-instance" xmlns:mml="http://www.w3.org/1998/Math/MathML" xmlns:xlink="http://www.w3.org/1999/xlink" xsi:schemaLocation="https://dtd.nlm.nih.gov/ns/archiving/2.3/ https://dtd.nlm.nih.gov/archiving/2.3/xsd/archivearticle.xsd" article-type="research-article"><front><journal-meta><journal-id journal-id-type="nlm-ta">BMC Bioinformatics</journal-id><journal-title>BMC Bioinformatics</journal-title><issn pub-type="epub">1471-2105</issn><publisher><publisher-name>BioMed Central</publisher-name><publisher-loc>London</publisher-loc></publisher></journal-meta><article-meta><article-id pub-id-type="accession">PMC555938</article-id><article-id pub-id-type="pmcid">PMC555938</article-id><article-id pub-id-type="pmc-uid">555938</article-id><article-id pub-id-type="pmid">15748298</article-id><article-id pub-id-type="publisher-id">1471-2105-6-44</article-id><article-id pub-id-type="pmid">15748298</article-id><article-id pub-id-type="doi">10.1186/1471-2105-6-44</article-id><article-categories><subj-group subj-group-type="heading"><subject>Research Article</subject></subj-group></article-categories><title-group><article-title>Quantitative inference of dynamic regulatory pathways via microarray data</article-title></title-group><contrib-group><contrib id="A1" contrib-type="author"><name><surname>Chang</surname><given-names>Wen-Chieh</given-names></name><xref ref-type="aff" rid="I1">1</xref><email>cwli@moti.ee.nthu.edu.tw</email></contrib><contrib id="A2" contrib-type="author"><name><surname>Li</surname><given-names>Chang-Wei</given-names></name><xref ref-type="aff" rid="I1">1</xref><email>d925908@oz.nthu.edu.tw</email></contrib><contrib id="A3" corresp="yes" contrib-type="author"><name><surname>Chen</surname><given-names>Bor-Sen</given-names></name><xref ref-type="aff" rid="I2">2</xref><email>bschen@ee.nthu.edu.tw</email></contrib></contrib-group><aff id="I1"><label>1</label>Lab. of System Biology, National Tsing Hua University, 101, Sec 2, Kuang Fu Road, Hsinchu, 300, Taiwan</aff><aff id="I2"><label>2</label>Department of Electrical Engineering, National Tsing Hua University, 101, Sec 2, Kuang Fu Road, Hsinchu, 300, Taiwan</aff><pub-date pub-type="collection"><year>2005</year></pub-date><pub-date pub-type="epub"><day>7</day><month>3</month><year>2005</year></pub-date><volume>6</volume><fpage>44</fpage><lpage>44</lpage><ext-link ext-link-type="uri" xlink:href="http://www.biomedcentral.com/1471-2105/6/44"/><history><date date-type="received"><day>17</day><month>8</month><year>2004</year></date><date date-type="accepted"><day>7</day><month>3</month><year>2005</year></date></history><copyright-statement>Copyright © 2005 Chang et al; licensee BioMed Central Ltd.</copyright-statement><license license-type="open-access" xlink:href="http://creativecommons.org/licenses/by/2.0"><p>This is an Open Access article distributed under the terms of the Creative Commons Attribution License (<ext-link ext-link-type="uri" xlink:href="http://creativecommons.org/licenses/by/2.0"/>), which permits unrestricted use, distribution, and reproduction in any medium, provided the original work is properly cited.</p></license><abstract><sec><title>Background</title><p>The cellular signaling pathway (network) is one of the main topics of organismic investigations. The intracellular interactions between genes in a signaling pathway are considered as the foundation of functional genomics. Thus, what genes and how much they influence each other through transcriptional binding or physical interactions are essential problems. Under the synchronous measures of gene expression via a microarray chip, an amount of dynamic information is embedded and remains to be discovered. Using a systematically dynamic modeling approach, we explore the causal relationship among genes in cellular signaling pathways from the system biology approach.</p></sec><sec><title>Results</title><p>In this study, a second-order dynamic model is developed to describe the regulatory mechanism of a target gene from the upstream causality point of view. From the expression profile and dynamic model of a target gene, we can estimate its upstream regulatory function. According to this upstream regulatory function, we would deduce the upstream regulatory genes with their regulatory abilities and activation delays, and then link up a regulatory pathway. Iteratively, these regulatory genes are considered as target genes to trace back their upstream regulatory genes. Then we could construct the regulatory pathway (or network) to the genome wide. In short, we can infer the genetic regulatory pathways from gene-expression profiles quantitatively, which can confirm some doubted paths or seek some unknown paths in a regulatory pathway (network). Finally, the proposed approach is validated by randomly reshuffling the time order of microarray data.</p></sec><sec><title>Conclusion</title><p>We focus our algorithm on the inference of regulatory abilities of the identified causal genes, and how much delay before they regulate the downstream genes. With this information, a regulatory pathway would be built up using microarray data. In the present study, two signaling pathways, i.e. circadian regulatory pathway in <italic>Arabidopsis thaliana </italic>and metabolic shift pathway from fermentation to respiration in yeast <italic>Saccharomyces cerevisiae</italic>, are reconstructed using microarray data to evaluate the performance of our proposed method. In the circadian regulatory pathway, we identified mainly the interactions between the biological clock and the photoperiodic genes consistent with the known regulatory mechanisms. We also discovered the now less-known regulations between crytochrome and phytochrome. In the metabolic shift pathway, the casual relationship of enzymatic genes could be detected properly.</p></sec></abstract></article-meta></front></article>