<article xmlns="https://dtd.nlm.nih.gov/ns/archiving/2.3/" xmlns:xsi="http://www.w3.org/2001/XMLSchema-instance" xmlns:mml="http://www.w3.org/1998/Math/MathML" xmlns:xlink="http://www.w3.org/1999/xlink" xsi:schemaLocation="https://dtd.nlm.nih.gov/ns/archiving/2.3/ https://dtd.nlm.nih.gov/archiving/2.3/xsd/archivearticle.xsd" article-type="research-article"><front><journal-meta><journal-id journal-id-type="nlm-ta">BMC Bioinformatics</journal-id><journal-title>BMC Bioinformatics</journal-title><issn pub-type="epub">1471-2105</issn><publisher><publisher-name>BioMed Central</publisher-name><publisher-loc>London</publisher-loc></publisher></journal-meta><article-meta><article-id pub-id-type="accession">PMC544855</article-id><article-id pub-id-type="pmcid">PMC544855</article-id><article-id pub-id-type="pmc-uid">544855</article-id><article-id pub-id-type="pmid">15606919</article-id><article-id pub-id-type="publisher-id">1471-2105-5-205</article-id><article-id pub-id-type="pmid">15606919</article-id><article-id pub-id-type="doi">10.1186/1471-2105-5-205</article-id><article-categories><subj-group subj-group-type="heading"><subject>Methodology Article</subject></subj-group></article-categories><title-group><article-title>Predicting binding sites of hydrolase-inhibitor complexes by combining several methods</article-title></title-group><contrib-group><contrib id="A1" corresp="yes" contrib-type="author"><name><surname>Sen</surname><given-names>Taner Z</given-names></name><xref ref-type="aff" rid="I1">1</xref><xref ref-type="aff" rid="I2">2</xref><email>taner@iastate.edu</email></contrib><contrib id="A2" contrib-type="author"><name><surname>Kloczkowski</surname><given-names>Andrzej</given-names></name><xref ref-type="aff" rid="I1">1</xref><email>kloczkow@iastate.edu</email></contrib><contrib id="A3" contrib-type="author"><name><surname>Jernigan</surname><given-names>Robert L</given-names></name><xref ref-type="aff" rid="I1">1</xref><xref ref-type="aff" rid="I2">2</xref><xref ref-type="aff" rid="I4">4</xref><email>jernigan@iastate.edu</email></contrib><contrib id="A4" contrib-type="author"><name><surname>Yan</surname><given-names>Changhui</given-names></name><xref ref-type="aff" rid="I3">3</xref><xref ref-type="aff" rid="I4">4</xref><email>chhyan@iastate.edu</email></contrib><contrib id="A5" contrib-type="author"><name><surname>Honavar</surname><given-names>Vasant</given-names></name><xref ref-type="aff" rid="I1">1</xref><xref ref-type="aff" rid="I3">3</xref><xref ref-type="aff" rid="I4">4</xref><email>honavar@iastate.edu</email></contrib><contrib id="A6" contrib-type="author"><name><surname>Ho</surname><given-names>Kai-Ming</given-names></name><xref ref-type="aff" rid="I1">1</xref><xref ref-type="aff" rid="I4">4</xref><xref ref-type="aff" rid="I5">5</xref><email>kmh@iastate.edu</email></contrib><contrib id="A7" contrib-type="author"><name><surname>Wang</surname><given-names>Cai-Zhuang</given-names></name><xref ref-type="aff" rid="I4">4</xref><xref ref-type="aff" rid="I5">5</xref><email>cwang@iastate.edu</email></contrib><contrib id="A8" contrib-type="author"><name><surname>Ihm</surname><given-names>Yungok</given-names></name><xref ref-type="aff" rid="I4">4</xref><xref ref-type="aff" rid="I5">5</xref><email>youngok@iastate.edu</email></contrib><contrib id="A9" contrib-type="author"><name><surname>Cao</surname><given-names>Haibo</given-names></name><xref ref-type="aff" rid="I4">4</xref><xref ref-type="aff" rid="I5">5</xref><email>caohb@iastate.edu</email></contrib><contrib id="A10" contrib-type="author"><name><surname>Gu</surname><given-names>Xun</given-names></name><xref ref-type="aff" rid="I1">1</xref><xref ref-type="aff" rid="I4">4</xref><xref ref-type="aff" rid="I6">6</xref><email>xgu@iastate.edu</email></contrib><contrib id="A11" contrib-type="author"><name><surname>Dobbs</surname><given-names>Drena</given-names></name><xref ref-type="aff" rid="I1">1</xref><xref ref-type="aff" rid="I4">4</xref><xref ref-type="aff" rid="I6">6</xref><email>ddobbs@iastate.edu</email></contrib></contrib-group><aff id="I1"><label>1</label>L.H. Baker Center for Bioinformatics and Biological Statistics, Iowa State University, Ames, IA 50011, USA</aff><aff id="I2"><label>2</label>Department of Biochemistry, Biophysics, and Molecular Biology, Iowa State University, Ames, IA 50011, USA</aff><aff id="I3"><label>3</label>Department of Computer Science, Iowa State University, Ames, IA 50011, USA</aff><aff id="I4"><label>4</label>Bioinformatics and Computational Biology Program, Iowa State University, Ames, IA 50011, USA</aff><aff id="I5"><label>5</label>Department of Physics and Astronomy, Iowa State University, Ames, IA 50011, USA</aff><aff id="I6"><label>6</label>Department of Genetics, Development and Cell Biology, Iowa State University, Ames, IA 50011, USA</aff><pub-date pub-type="collection"><year>2004</year></pub-date><pub-date pub-type="epub"><day>17</day><month>12</month><year>2004</year></pub-date><volume>5</volume><fpage>205</fpage><lpage>205</lpage><ext-link ext-link-type="uri" xlink:href="http://www.biomedcentral.com/1471-2105/5/205"/><history><date date-type="received"><day>23</day><month>9</month><year>2004</year></date><date date-type="accepted"><day>17</day><month>12</month><year>2004</year></date></history><permissions><copyright-statement>Copyright © 2004 Sen et al; licensee BioMed Central Ltd.</copyright-statement><copyright-year>2004</copyright-year><copyright-holder>Sen et al; licensee BioMed Central Ltd.</copyright-holder><license license-type="open-access" xlink:href="http://creativecommons.org/licenses/by/2.0"><p>This is an Open Access article distributed under the terms of the Creative Commons Attribution License (<ext-link ext-link-type="uri" xlink:href="http://creativecommons.org/licenses/by/2.0"/>), which permits unrestricted use, distribution, and reproduction in any medium, provided the original work is properly cited.</p><!--<rdf xmlns="http://web.resource.org/cc/" xmlns:rdf="http://www.w3.org/1999/02/22-rdf-syntax-ns#" xmlns:dc="http://purl.org/dc/elements/1.1" xmlns:dcterms="http://purl.org/dc/terms"><Work xmlns:dc="http://purl.org/dc/elements/1.1/" xmlns:dcterms="http://purl.org/dc/terms/" rdf:about=""><license rdf:resource="http://creativecommons.org/licenses/by/2.0"/><dc:type rdf:resource="http://purl.org/dc/dcmitype/Text"/><dc:author>
               Sen
               Z
               Taner
               
               
               taner@iastate.edu
            </dc:author><dc:title>
            Predicting binding sites of hydrolase-inhibitor complexes by combining several methods
         </dc:title><dc:date>2004</dc:date><dcterms:bibliographicCitation>BMC Bioinformatics 5(1): 205-. (2004)</dcterms:bibliographicCitation><dc:identifier type="sici">1471-2105(2004)5:1&#x0003c;205&#x0003e;</dc:identifier><dcterms:isPartOf>urn:ISSN:1471-2105</dcterms:isPartOf><License rdf:about="http://creativecommons.org/licenses/by/2.0"><permits rdf:resource="http://web.resource.org/cc/Reproduction" xmlns=""/><permits rdf:resource="http://web.resource.org/cc/Distribution" xmlns=""/><requires rdf:resource="http://web.resource.org/cc/Notice" xmlns=""/><requires rdf:resource="http://web.resource.org/cc/Attribution" xmlns=""/><permits rdf:resource="http://web.resource.org/cc/DerivativeWorks" xmlns=""/></License></Work></rdf>--></license></permissions><abstract><sec><title>Background</title><p>Protein-protein interactions play a critical role in protein function. Completion of many genomes is being followed rapidly by major efforts to identify interacting protein pairs experimentally in order to decipher the networks of interacting, coordinated-in-action proteins. Identification of protein-protein interaction sites and detection of specific amino acids that contribute to the specificity and the strength of protein interactions is an important problem with broad applications ranging from rational drug design to the analysis of metabolic and signal transduction networks.</p></sec><sec><title>Results</title><p>In order to increase the power of predictive methods for protein-protein interaction sites, we have developed a consensus methodology for combining four different methods. These approaches include: data mining using Support Vector Machines, threading through protein structures, prediction of conserved residues on the protein surface by analysis of phylogenetic trees, and the Conservatism of Conservatism method of Mirny and Shakhnovich. Results obtained on a dataset of hydrolase-inhibitor complexes demonstrate that the combination of all four methods yield improved predictions over the individual methods.</p></sec><sec><title>Conclusions</title><p>We developed a consensus method for predicting protein-protein interface residues by combining sequence and structure-based methods. The success of our consensus approach suggests that similar methodologies can be developed to improve prediction accuracies for other bioinformatic problems.</p></sec></abstract></article-meta></front></article>