<article xmlns="https://dtd.nlm.nih.gov/ns/archiving/2.3/" xmlns:xsi="http://www.w3.org/2001/XMLSchema-instance" xmlns:mml="http://www.w3.org/1998/Math/MathML" xmlns:xlink="http://www.w3.org/1999/xlink" xsi:schemaLocation="https://dtd.nlm.nih.gov/ns/archiving/2.3/ https://dtd.nlm.nih.gov/archiving/2.3/xsd/archivearticle.xsd" article-type="product-review"><front><journal-meta><journal-id journal-id-type="nlm-ta">BMC Bioinformatics</journal-id><journal-title>BMC Bioinformatics</journal-title><issn pub-type="epub">1471-2105</issn><publisher><publisher-name>BioMed Central</publisher-name><publisher-loc>London</publisher-loc></publisher></journal-meta><article-meta><article-id pub-id-type="accession">PMC543579</article-id><article-id pub-id-type="pmcid">PMC543579</article-id><article-id pub-id-type="pmc-uid">543579</article-id><article-id pub-id-type="pmid">15571632</article-id><article-id pub-id-type="publisher-id">1471-2105-5-187</article-id><article-id pub-id-type="pmid">15571632</article-id><article-id pub-id-type="doi">10.1186/1471-2105-5-187</article-id><article-categories><subj-group subj-group-type="heading"><subject>Software</subject></subj-group></article-categories><title-group><article-title>prot4EST: Translating Expressed Sequence Tags from neglected genomes</article-title></title-group><contrib-group><contrib id="A1" corresp="yes" contrib-type="author"><name><surname>Wasmuth</surname><given-names>James D</given-names></name><xref ref-type="aff" rid="I1">1</xref><email>james.wasmuth@ed.ac.uk</email></contrib><contrib id="A2" contrib-type="author"><name><surname>Blaxter</surname><given-names>Mark L</given-names></name><xref ref-type="aff" rid="I1">1</xref><email>mark.blaxter@ed.ac.uk</email></contrib></contrib-group><aff id="I1"><label>1</label>Institute of Evolutionary Biology, School of Biological Sciences, University of Edinburgh, EH9 3JT, UK</aff><pub-date pub-type="collection"><year>2004</year></pub-date><pub-date pub-type="epub"><day>30</day><month>11</month><year>2004</year></pub-date><volume>5</volume><fpage>187</fpage><lpage>187</lpage><ext-link ext-link-type="uri" xlink:href="http://www.biomedcentral.com/1471-2105/5/187"/><history><date date-type="received"><day>23</day><month>8</month><year>2004</year></date><date date-type="accepted"><day>30</day><month>11</month><year>2004</year></date></history><copyright-statement>Copyright © 2004 Wasmuth and Blaxter; licensee BioMed Central Ltd.</copyright-statement><license license-type="open-access" xlink:href="http://creativecommons.org/licenses/by/2.0"><p>This is an Open Access article distributed under the terms of the Creative Commons Attribution License (<ext-link ext-link-type="uri" xlink:href="http://creativecommons.org/licenses/by/2.0"/>), which permits unrestricted use, distribution, and reproduction in any medium, provided the original work is properly cited.</p></license><abstract><sec><title>Background</title><p>The genomes of an increasing number of species are being investigated through generation of expressed sequence tags (ESTs). However, ESTs are prone to sequencing errors and typically define incomplete transcripts, making downstream annotation difficult. Annotation would be greatly improved with robust polypeptide translations. Many current solutions for EST translation require a large number of full-length gene sequences for training purposes, a resource that is not available for the majority of EST projects.</p></sec><sec><title>Results</title><p>As part of our ongoing EST programs investigating these "neglected" genomes, we have developed a polypeptide prediction pipeline, prot4EST. It incorporates freely available software to produce final translations that are more accurate than those derived from any single method. We show that this integrated approach goes a long way to overcoming the deficit in training data.</p></sec><sec><title>Conclusions</title><p>prot4EST provides a portable EST translation solution and can be usefully applied to &gt;95% of EST projects to improve downstream annotation. It is freely available from <ext-link ext-link-type="uri" xlink:href="http://www.nematodes.org/PartiGene"/>.</p></sec></abstract></article-meta></front></article>