<article xmlns="https://dtd.nlm.nih.gov/ns/archiving/2.3/" xmlns:xsi="http://www.w3.org/2001/XMLSchema-instance" xmlns:mml="http://www.w3.org/1998/Math/MathML" xmlns:xlink="http://www.w3.org/1999/xlink" xsi:schemaLocation="https://dtd.nlm.nih.gov/ns/archiving/2.3/ https://dtd.nlm.nih.gov/archiving/2.3/xsd/archivearticle.xsd" article-type="research-article"><front><journal-meta><journal-id journal-id-type="nlm-ta">BMC Bioinformatics</journal-id><journal-title>BMC Bioinformatics</journal-title><issn pub-type="epub">1471-2105</issn><publisher><publisher-name>BioMed Central</publisher-name><publisher-loc>London</publisher-loc></publisher></journal-meta><article-meta><article-id pub-id-type="accession">PMC523850</article-id><article-id pub-id-type="pmcid">PMC523850</article-id><article-id pub-id-type="pmc-uid">523850</article-id><article-id pub-id-type="pmid">15369604</article-id><article-id pub-id-type="publisher-id">1471-2105-5-131</article-id><article-id pub-id-type="pmid">15369604</article-id><article-id pub-id-type="doi">10.1186/1471-2105-5-131</article-id><article-categories><subj-group subj-group-type="heading"><subject>Research Article</subject></subj-group></article-categories><title-group><article-title>What can we learn from noncoding regions of similarity between genomes?</article-title></title-group><contrib-group><contrib id="A1" corresp="yes" contrib-type="author"><name><surname>Down</surname><given-names>Thomas A</given-names></name><xref ref-type="aff" rid="I1">1</xref><email>td2@sanger.ac.uk</email></contrib><contrib id="A2" contrib-type="author"><name><surname>Hubbard</surname><given-names>Tim JP</given-names></name><xref ref-type="aff" rid="I1">1</xref><email>th@sanger.ac.uk</email></contrib></contrib-group><aff id="I1"><label>1</label>Wellcome Trust Sanger Institute, Wellcome Trust Genome Campus, Hinxton, Cambridge, CB10 1SA, UK</aff><pub-date pub-type="collection"><year>2004</year></pub-date><pub-date pub-type="epub"><day>15</day><month>9</month><year>2004</year></pub-date><volume>5</volume><fpage>131</fpage><lpage>131</lpage><ext-link ext-link-type="uri" xlink:href="http://www.biomedcentral.com/1471-2105/5/131"/><history><date date-type="received"><day>4</day><month>12</month><year>2003</year></date><date date-type="accepted"><day>15</day><month>9</month><year>2004</year></date></history><copyright-statement>Copyright © 2004 Down and Hubbard; licensee BioMed Central Ltd.</copyright-statement><license license-type="open-access" xlink:href="http://creativecommons.org/licenses/by/2.0"><p>This is an open-access article distributed under the terms of the Creative Commons Attribution License (<ext-link ext-link-type="uri" xlink:href="http://creativecommons.org/licenses/by/2.0"/>), which permits unrestricted use, distribution, and reproduction in any medium, provided the original work is properly cited.</p></license><abstract><sec><title>Background</title><p>In addition to known protein-coding genes, large amounts of apparently non-coding sequence are conserved between the human and mouse genomes. It seems reasonable to assume that these conserved regions are more likely to contain functional elements than less-conserved portions of the genome.</p></sec><sec sec-type="methods"><title>Methods</title><p>Here we used a motif-oriented machine learning method based on the Relevance Vector Machine algorithm to extract the strongest signal from a set of non-coding conserved sequences.</p></sec><sec><title>Results</title><p>We successfully fitted models to reflect the non-coding sequences, and showed that the results were quite consistent for repeated training runs. Using the learned models to scan genomic sequence, we found that they often made predictions close to the start of annotated genes. We compared this method with other published promoter-prediction systems, and showed that the set of promoters which are detected by this method is substantially similar to that detected by existing methods.</p></sec><sec><title>Conclusions</title><p>The results presented here indicate that the promoter signal is the strongest single motif-based signal in the non-coding functional fraction of the genome. They also lend support to the belief that there exists a substantial subset of promoter regions which share several common features including, but not restricted to, a relative abundance of CpG dinucleotides. This subset is detectable by a variety of distinct computational methods.</p></sec></abstract></article-meta></front></article>