<article xmlns="https://dtd.nlm.nih.gov/ns/archiving/2.3/" xmlns:xsi="http://www.w3.org/2001/XMLSchema-instance" xmlns:mml="http://www.w3.org/1998/Math/MathML" xmlns:xlink="http://www.w3.org/1999/xlink" xsi:schemaLocation="https://dtd.nlm.nih.gov/ns/archiving/2.3/ https://dtd.nlm.nih.gov/archiving/2.3/xsd/archivearticle.xsd" article-type="research-article"><front><journal-meta><journal-id journal-id-type="nlm-ta">BMC Bioinformatics</journal-id><journal-title>BMC Bioinformatics</journal-title><issn pub-type="epub">1471-2105</issn><publisher><publisher-name>BioMed Central</publisher-name><publisher-loc>London</publisher-loc></publisher></journal-meta><article-meta><article-id pub-id-type="accession">PMC517708</article-id><article-id pub-id-type="pmcid">PMC517708</article-id><article-id pub-id-type="pmc-uid">517708</article-id><article-id pub-id-type="pmid">15345033</article-id><article-id pub-id-type="publisher-id">1471-2105-5-121</article-id><article-id pub-id-type="pmid">15345033</article-id><article-id pub-id-type="doi">10.1186/1471-2105-5-121</article-id><article-categories><subj-group subj-group-type="heading"><subject>Research Article</subject></subj-group></article-categories><title-group><article-title>SED, a normalization free method for DNA microarray data analysis</article-title></title-group><contrib-group><contrib id="A1" corresp="yes" contrib-type="author"><name><surname>Wang</surname><given-names>Huajun</given-names></name><xref ref-type="aff" rid="I1">1</xref><email>hw14@columbia.edu</email></contrib><contrib id="A2" contrib-type="author"><name><surname>Huang</surname><given-names>Hui</given-names></name><xref ref-type="aff" rid="I1">1</xref><email>huanghui00@yahoo.com</email></contrib></contrib-group><aff id="I1"><label>1</label>Oscient Pharmaceuticals Corporation, 100 Beaver St, Waltham, Massachusetts 02453, USA</aff><pub-date pub-type="collection"><year>2004</year></pub-date><pub-date pub-type="epub"><day>2</day><month>9</month><year>2004</year></pub-date><volume>5</volume><fpage>121</fpage><lpage>121</lpage><ext-link ext-link-type="uri" xlink:href="http://www.biomedcentral.com/1471-2105/5/121"/><history><date date-type="received"><day>26</day><month>4</month><year>2004</year></date><date date-type="accepted"><day>2</day><month>9</month><year>2004</year></date></history><copyright-statement>Copyright © 2004 Wang and Huang; licensee BioMed Central Ltd.</copyright-statement><license license-type="open-access" xlink:href="http://creativecommons.org/licenses/by/2.0"><p>This is an open-access article distributed under the terms of the Creative Commons Attribution License (<ext-link ext-link-type="uri" xlink:href="http://creativecommons.org/licenses/by/2.0"/>), which permits unrestricted use, distribution, and reproduction in any medium, provided the original work is properly cited.</p></license><abstract><sec><title>Background</title><p>Analysis of DNA microarray data usually begins with a normalization step where intensities of different arrays are adjusted to the same scale so that the intensity levels from different arrays can be compared with one other. Both simple total array intensity-based as well as more complex "local intensity level" dependent normalization methods have been developed, some of which are widely used. Much less developed methods for microarray data analysis include those that bypass the normalization step and therefore yield results that are not confounded by potential normalization errors.</p></sec><sec><title>Results</title><p>Instead of focusing on the raw intensity levels, we developed a new method for microarray data analysis that maps each gene's expression intensity level to a high dimensional space of SEDs (Signs of Expression Difference), the signs of the expression intensity difference between a given gene and every other gene on the array. Since SED are unchanged under any monotonic transformation of intensity levels, the SED based method is normalization free. When tested on a multi-class tumor classification problem, simple Naive Bayes and Nearest Neighbor methods using the SED approach gave results comparable with normalized intensity-based algorithms. Furthermore, a high percentage of classifiers based on a single gene's SED gave good classification results, suggesting that SED does capture essential information from the intensity levels.</p></sec><sec><title>Conclusion</title><p>The results of testing this new method on multi-class tumor classification problems suggests that the SED-based, normalization-free method of microarray data analysis is feasible and promising.</p></sec></abstract></article-meta></front></article>