<article xmlns="https://dtd.nlm.nih.gov/ns/archiving/2.3/" xmlns:xsi="http://www.w3.org/2001/XMLSchema-instance" xmlns:mml="http://www.w3.org/1998/Math/MathML" xmlns:xlink="http://www.w3.org/1999/xlink" xsi:schemaLocation="https://dtd.nlm.nih.gov/ns/archiving/2.3/ https://dtd.nlm.nih.gov/archiving/2.3/xsd/archivearticle.xsd" article-type="research-article"><front><journal-meta><journal-id journal-id-type="nlm-ta">BMC Bioinformatics</journal-id><journal-title>BMC Bioinformatics</journal-title><issn pub-type="epub">1471-2105</issn><publisher><publisher-name>BioMed Central</publisher-name><publisher-loc>London</publisher-loc></publisher></journal-meta><article-meta><article-id pub-id-type="accession">PMC522807</article-id><article-id pub-id-type="pmcid">PMC522807</article-id><article-id pub-id-type="pmc-uid">522807</article-id><article-id pub-id-type="pmid">15453918</article-id><article-id pub-id-type="publisher-id">1471-2105-5-138</article-id><article-id pub-id-type="pmid">15453918</article-id><article-id pub-id-type="doi">10.1186/1471-2105-5-138</article-id><article-categories><subj-group subj-group-type="heading"><subject>Database</subject></subj-group></article-categories><title-group><article-title>cuticleDB: a relational database of Arthropod cuticular proteins</article-title></title-group><contrib-group><contrib id="A1" contrib-type="author"><name><surname>Magkrioti</surname><given-names>Christiana K</given-names></name><xref ref-type="aff" rid="I1">1</xref><email>chmagkrioti@yahoo.gr</email></contrib><contrib id="A2" contrib-type="author"><name><surname>Spyropoulos</surname><given-names>Ioannis C</given-names></name><xref ref-type="aff" rid="I1">1</xref><email>spyrop@biol.uoa.gr</email></contrib><contrib id="A3" contrib-type="author"><name><surname>Iconomidou</surname><given-names>Vassiliki A</given-names></name><xref ref-type="aff" rid="I1">1</xref><email>veconom@cc.uoa.gr</email></contrib><contrib id="A4" contrib-type="author"><name><surname>Willis</surname><given-names>Judith H</given-names></name><xref ref-type="aff" rid="I2">2</xref><email>jhwillis@cb.uga.edu</email></contrib><contrib id="A5" corresp="yes" contrib-type="author"><name><surname>Hamodrakas</surname><given-names>Stavros J</given-names></name><xref ref-type="aff" rid="I1">1</xref><email>shamodr@cc.uoa.gr</email></contrib></contrib-group><aff id="I1"><label>1</label>Department of Cell Biology and Biophysics, Faculty of Biology, University of Athens, Athens 157 01, Greece</aff><aff id="I2"><label>2</label>Department of Cellular Biology, University of Georgia, Athens, GA 30602, USA</aff><pub-date pub-type="collection"><year>2004</year></pub-date><pub-date pub-type="epub"><day>28</day><month>9</month><year>2004</year></pub-date><volume>5</volume><fpage>138</fpage><lpage>138</lpage><ext-link ext-link-type="uri" xlink:href="http://www.biomedcentral.com/1471-2105/5/138"/><history><date date-type="received"><day>28</day><month>7</month><year>2004</year></date><date date-type="accepted"><day>28</day><month>9</month><year>2004</year></date></history><copyright-statement>Copyright © 2004 Magkrioti et al; licensee BioMed Central Ltd.</copyright-statement><license license-type="open-access" xlink:href="http://creativecommons.org/licenses/by/2.0"><p>This is an open-access article distributed under the terms of the Creative Commons Attribution License (<ext-link ext-link-type="uri" xlink:href="http://creativecommons.org/licenses/by/2.0"/>), which permits unrestricted use, distribution, and reproduction in any medium, provided the original work is properly cited.</p></license><abstract><sec><title>Background</title><p>The insect exoskeleton or cuticle is a bi-partite composite of proteins and chitin that provides protective, skeletal and structural functions. Little information is available about the molecular structure of this important complex that exhibits a helicoidal architecture. Scores of sequences of cuticular proteins have been obtained from direct protein sequencing, from cDNAs, and from genomic analyses.</p><p>Most of these cuticular protein sequences contain motifs found only in arthropod proteins.</p></sec><sec><title>Description</title><p>cuticleDB is a relational database containing all structural proteins of Arthropod cuticle identified to date. Many come from direct sequencing of proteins isolated from cuticle and from sequences from cDNAs that share common features with these authentic cuticular proteins. It also includes proteins from the <italic>Drosophila melanogaster </italic>and the <italic>Anopheles gambiae </italic>genomes, that have been predicted to be cuticular proteins, based on a Pfam motif (PF00379) responsible for chitin binding in Arthropod cuticle. The total number of the database entries is 445: 370 derive from insects, 60 from Crustacea and 15 from Chelicerata. The database can be accessed from our web server at <ext-link ext-link-type="uri" xlink:href="http://bioinformatics.biol.uoa.gr/cuticleDB"/>.</p></sec><sec><title>Conclusions</title><p>CuticleDB was primarily designed to contain correct and full annotation of cuticular protein data. The database will be of help to future genome annotators. Users will be able to test hypotheses for the existence of known and also of yet unknown motifs in cuticular proteins. An analysis of motifs may contribute to understanding how proteins contribute to the physical properties of cuticle as well as to the precise nature of their interaction with chitin.</p></sec></abstract></article-meta></front></article>