<article xmlns="https://dtd.nlm.nih.gov/ns/archiving/2.3/" xmlns:xsi="http://www.w3.org/2001/XMLSchema-instance" xmlns:mml="http://www.w3.org/1998/Math/MathML" xmlns:xlink="http://www.w3.org/1999/xlink" xsi:schemaLocation="https://dtd.nlm.nih.gov/ns/archiving/2.3/ https://dtd.nlm.nih.gov/archiving/2.3/xsd/archivearticle.xsd" article-type="research-article"><front><journal-meta><journal-id journal-id-type="nlm-ta">BMC Bioinformatics</journal-id><journal-title>BMC Bioinformatics</journal-title><issn pub-type="epub">1471-2105</issn><publisher><publisher-name>BioMed Central</publisher-name><publisher-loc>London</publisher-loc></publisher></journal-meta><article-meta><article-id pub-id-type="accession">PMC549200</article-id><article-id pub-id-type="pmcid">PMC549200</article-id><article-id pub-id-type="pmc-uid">549200</article-id><article-id pub-id-type="pmid">15663789</article-id><article-id pub-id-type="publisher-id">1471-2105-6-14</article-id><article-id pub-id-type="pmid">15663789</article-id><article-id pub-id-type="doi">10.1186/1471-2105-6-14</article-id><article-categories><subj-group subj-group-type="heading"><subject>Methodology Article</subject></subj-group></article-categories><title-group><article-title>A robust two-way semi-linear model for normalization of cDNA microarray data</article-title></title-group><contrib-group><contrib id="A1" corresp="yes" contrib-type="author"><name><surname>Wang</surname><given-names>Deli</given-names></name><xref ref-type="aff" rid="I1">1</xref><email>deli.wang@ccc.uab.edu</email></contrib><contrib id="A2" corresp="yes" contrib-type="author"><name><surname>Huang</surname><given-names>Jian</given-names></name><xref ref-type="aff" rid="I2">2</xref><email>jian@stat.uiowa.edu</email></contrib><contrib id="A3" contrib-type="author"><name><surname>Xie</surname><given-names>Hehuang</given-names></name><xref ref-type="aff" rid="I3">3</xref><email>hehuang-xie@uiowa.edu</email></contrib><contrib id="A4" contrib-type="author"><name><surname>Manzella</surname><given-names>Liliana</given-names></name><xref ref-type="aff" rid="I3">3</xref><email>liliana-manzella@uiowa.edu</email></contrib><contrib id="A5" contrib-type="author"><name><surname>Soares</surname><given-names>Marcelo Bento</given-names></name><xref ref-type="aff" rid="I3">3</xref><xref ref-type="aff" rid="I4">4</xref><email>bento-soares@uiowa.edu</email></contrib></contrib-group><aff id="I1"><label>1</label>Biostatistics and Bioinformatics Unit, Comprehensive Cancer Center, the University of Alabama at Birmingham, Birmingham, AL 35294, USA</aff><aff id="I2"><label>2</label>Department of Statistics and Actuarial Science, and Program in Public Health Genetics, the University of Iowa, Iowa City, IA 52242, USA</aff><aff id="I3"><label>3</label>Department of Pediatrics, the University of Iowa, Iowa City, IA 52242, USA</aff><aff id="I4"><label>4</label>Departments of Biochemistry, Orthopaedics, Physiology and Biophysics, the University of Iowa, Iowa City, IA 52242, USA</aff><pub-date pub-type="collection"><year>2005</year></pub-date><pub-date pub-type="epub"><day>21</day><month>1</month><year>2005</year></pub-date><volume>6</volume><fpage>14</fpage><lpage>14</lpage><ext-link ext-link-type="uri" xlink:href="http://www.biomedcentral.com/1471-2105/6/14"/><history><date date-type="received"><day>18</day><month>8</month><year>2004</year></date><date date-type="accepted"><day>21</day><month>1</month><year>2005</year></date></history><copyright-statement>Copyright © 2005 Wang et al; licensee BioMed Central Ltd.</copyright-statement><license license-type="open-access" xlink:href="http://creativecommons.org/licenses/by/2.0"><p>This is an Open Access article distributed under the terms of the Creative Commons Attribution License (<ext-link ext-link-type="uri" xlink:href="http://creativecommons.org/licenses/by/2.0"/>), which permits unrestricted use, distribution, and reproduction in any medium, provided the original work is properly cited.</p></license><abstract><sec><title>Background</title><p>Normalization is a basic step in microarray data analysis. A proper normalization procedure ensures that the intensity ratios provide meaningful measures of relative expression values.</p></sec><sec sec-type="methods"><title>Methods</title><p>We propose a robust semiparametric method in a two-way semi-linear model (TW-SLM) for normalization of cDNA microarray data. This method does not make the usual assumptions underlying some of the existing methods. For example, it does not assume that: (i) the percentage of differentially expressed genes is small; or (ii) the numbers of up- and down-regulated genes are about the same, as required in the LOWESS normalization method. We conduct simulation studies to evaluate the proposed method and use a real data set from a specially designed microarray experiment to compare the performance of the proposed method with that of the LOWESS normalization approach.</p></sec><sec><title>Results</title><p>The simulation results show that the proposed method performs better than the LOWESS normalization method in terms of mean square errors for estimated gene effects. The results of analysis of the real data set also show that the proposed method yields more consistent results between the direct and the indirect comparisons and also can detect more differentially expressed genes than the LOWESS method.</p></sec><sec><title>Conclusions</title><p>Our simulation studies and the real data example indicate that the proposed robust TW-SLM method works at least as well as the LOWESS method and works better when the underlying assumptions for the LOWESS method are not satisfied. Therefore, it is a powerful alternative to the existing normalization methods.</p></sec></abstract></article-meta></front></article>