<article xmlns="https://dtd.nlm.nih.gov/ns/archiving/2.3/" xmlns:xsi="http://www.w3.org/2001/XMLSchema-instance" xmlns:mml="http://www.w3.org/1998/Math/MathML" xmlns:xlink="http://www.w3.org/1999/xlink" xsi:schemaLocation="https://dtd.nlm.nih.gov/ns/archiving/2.3/ https://dtd.nlm.nih.gov/archiving/2.3/xsd/archivearticle.xsd" article-type="product-review"><front><journal-meta><journal-id journal-id-type="nlm-ta">BMC Bioinformatics</journal-id><journal-title>BMC Bioinformatics</journal-title><issn pub-type="epub">1471-2105</issn><publisher><publisher-name>BioMed Central</publisher-name><publisher-loc>London</publisher-loc></publisher></journal-meta><article-meta><article-id pub-id-type="accession">PMC539296</article-id><article-id pub-id-type="pmcid">PMC539296</article-id><article-id pub-id-type="pmc-uid">539296</article-id><article-id pub-id-type="pmid">15588288</article-id><article-id pub-id-type="publisher-id">1471-2105-5-192</article-id><article-id pub-id-type="pmid">15588288</article-id><article-id pub-id-type="doi">10.1186/1471-2105-5-192</article-id><article-categories><subj-group subj-group-type="heading"><subject>Software</subject></subj-group></article-categories><title-group><article-title>ABC: software for interactive browsing of genomic multiple sequence alignment data</article-title></title-group><contrib-group><contrib id="A1" contrib-type="author"><name><surname>Cooper</surname><given-names>Gregory M</given-names></name><xref ref-type="aff" rid="I1">1</xref><email>coopergm@stanford.edu</email></contrib><contrib id="A2" contrib-type="author"><name><surname>Singaravelu</surname><given-names>Senthil AG</given-names></name><xref ref-type="aff" rid="I1">1</xref><email>senthilg@stanford.edu</email></contrib><contrib id="A3" corresp="yes" contrib-type="author"><name><surname>Sidow</surname><given-names>Arend</given-names></name><xref ref-type="aff" rid="I1">1</xref><xref ref-type="aff" rid="I2">2</xref><email>arend@stanford.edu</email></contrib></contrib-group><aff id="I1"><label>1</label>Department of Genetics, Stanford University, Stanford, CA 94305-9010, USA</aff><aff id="I2"><label>2</label>Department of Pathology, Stanford University, Stanford, CA 94305-5324, USA</aff><pub-date pub-type="collection"><year>2004</year></pub-date><pub-date pub-type="epub"><day>8</day><month>12</month><year>2004</year></pub-date><volume>5</volume><fpage>192</fpage><lpage>192</lpage><ext-link ext-link-type="uri" xlink:href="http://www.biomedcentral.com/1471-2105/5/192"/><history><date date-type="received"><day>22</day><month>10</month><year>2004</year></date><date date-type="accepted"><day>8</day><month>12</month><year>2004</year></date></history><copyright-statement>Copyright © 2004 Cooper et al; licensee BioMed Central Ltd.</copyright-statement><license license-type="open-access" xlink:href="http://creativecommons.org/licenses/by/2.0"><p>This is an Open Access article distributed under the terms of the Creative Commons Attribution License (<ext-link ext-link-type="uri" xlink:href="http://creativecommons.org/licenses/by/2.0"/>), which permits unrestricted use, distribution, and reproduction in any medium, provided the original work is properly cited.</p></license><abstract><sec><title>Background</title><p>Alignment and comparison of related genome sequences is a powerful method to identify regions likely to contain functional elements. Such analyses are data intensive, requiring the inclusion of genomic multiple sequence alignments, sequence annotations, and scores describing regional attributes of columns in the alignment. Visualization and browsing of results can be difficult, and there are currently limited software options for performing this task.</p></sec><sec><title>Results</title><p>The Application for Browsing Constraints (ABC) is interactive Java software for intuitive and efficient exploration of multiple sequence alignments and data typically associated with alignments. It is used to move quickly from a summary view of the entire alignment via arbitrary levels of resolution to individual alignment columns. It allows for the simultaneous display of quantitative data, (e.g., sequence similarity or evolutionary rates) and annotation data (e.g. the locations of genes, repeats, and constrained elements). It can be used to facilitate basic comparative sequence tasks, such as export of data in plain-text formats, visualization of phylogenetic trees, and generation of alignment summary graphics.</p></sec><sec><title>Conclusions</title><p>The ABC is a lightweight, stand-alone, and flexible graphical user interface for browsing genomic multiple sequence alignments of specific loci, up to hundreds of kilobases or a few megabases in length. It is coded in Java for cross-platform use and the program and source code are freely available under the General Public License. Documentation and a sample data set are also available <ext-link ext-link-type="uri" xlink:href="http://mendel.stanford.edu/sidowlab/downloads.html"/>.</p></sec></abstract></article-meta></front></article>