<article xmlns="https://dtd.nlm.nih.gov/ns/archiving/2.3/" xmlns:xsi="http://www.w3.org/2001/XMLSchema-instance" xmlns:mml="http://www.w3.org/1998/Math/MathML" xmlns:xlink="http://www.w3.org/1999/xlink" xsi:schemaLocation="https://dtd.nlm.nih.gov/ns/archiving/2.3/ https://dtd.nlm.nih.gov/archiving/2.3/xsd/archivearticle.xsd" article-type="research-article"><front><journal-meta><journal-id journal-id-type="nlm-ta">BMC Bioinformatics</journal-id><journal-title>BMC Bioinformatics</journal-title><issn pub-type="epub">1471-2105</issn><publisher><publisher-name>BioMed Central</publisher-name><publisher-loc>London</publisher-loc></publisher></journal-meta><article-meta><article-id pub-id-type="accession">PMC514701</article-id><article-id pub-id-type="pmcid">PMC514701</article-id><article-id pub-id-type="pmc-uid">514701</article-id><article-id pub-id-type="pmid">15324460</article-id><article-id pub-id-type="publisher-id">1471-2105-5-114</article-id><article-id pub-id-type="pmid">15324460</article-id><article-id pub-id-type="doi">10.1186/1471-2105-5-114</article-id><article-categories><subj-group subj-group-type="heading"><subject>Research Article</subject></subj-group></article-categories><title-group><article-title>Influence of microarrays experiments missing values on the stability of gene groups by hierarchical clustering</article-title></title-group><contrib-group><contrib id="A1" corresp="yes" contrib-type="author"><name><surname>de Brevern</surname><given-names>Alexandre G</given-names></name><xref ref-type="aff" rid="I1">1</xref><email>alexandre.debrevern@ebgm.jussieu.fr</email></contrib><contrib id="A2" contrib-type="author"><name><surname>Hazout</surname><given-names>Serge</given-names></name><xref ref-type="aff" rid="I1">1</xref><email>hazout@ebgm.jussieu.fr</email></contrib><contrib id="A3" contrib-type="author"><name><surname>Malpertuy</surname><given-names>Alain</given-names></name><xref ref-type="aff" rid="I2">2</xref><email>alain.malpertuy@atragene.com</email></contrib></contrib-group><aff id="I1"><label>1</label>Equipe de Bioinformatique Génomique et Moléculaire (EBGM), INSERM E0346, Université Denis DIDEROT-Paris 7, case 7113, 2, place Jussieu, 75251 Paris Cedex 05, France</aff><aff id="I2"><label>2</label>Atragene Bioinformatics, 4 Rue Pierre Fontaine, 91000 Evry, France</aff><pub-date pub-type="collection"><year>2004</year></pub-date><pub-date pub-type="epub"><day>23</day><month>8</month><year>2004</year></pub-date><volume>5</volume><fpage>114</fpage><lpage>114</lpage><ext-link ext-link-type="uri" xlink:href="http://www.biomedcentral.com/1471-2105/5/114"/><history><date date-type="received"><day>4</day><month>5</month><year>2004</year></date><date date-type="accepted"><day>23</day><month>8</month><year>2004</year></date></history><copyright-statement>Copyright © 2004 de Brevern et al; licensee BioMed Central Ltd.</copyright-statement><license license-type="open-access" xlink:href="http://creativecommons.org/licenses/by/2.0"><p>This is an open-access article distributed under the terms of the Creative Commons Attribution License (<ext-link ext-link-type="uri" xlink:href="http://creativecommons.org/licenses/by/2.0"/>), which permits unrestricted use, distribution, and reproduction in any medium, provided the original work is properly cited.</p></license><abstract><sec><title>Background</title><p>Microarray technologies produced large amount of data. The hierarchical clustering is commonly used to identify clusters of co-expressed genes. However, microarray datasets often contain missing values (MVs) representing a major drawback for the use of the clustering methods. Usually the MVs are not treated, or replaced by zero or estimated by the k-Nearest Neighbor (<italic>kNN</italic>) approach. The topic of the paper is to study the stability of gene clusters, defined by various hierarchical clustering algorithms, of microarrays experiments including or not MVs.</p></sec><sec><title>Results</title><p>In this study, we show that the MVs have important effects on the stability of the gene clusters. Moreover, the magnitude of the gene misallocations is depending on the aggregation algorithm. The most appropriate aggregation methods (e.g. complete-linkage and Ward) are highly sensitive to MVs, and surprisingly, for a very tiny proportion of MVs (e.g. 1%). In most of the case, the MVs must be replaced by expected values. The MVs replacement by the <italic>kNN </italic>approach clearly improves the identification of co-expressed gene clusters. Nevertheless, we observe that <italic>kNN </italic>approach is less suitable for the extreme values of gene expression.</p></sec><sec><title>Conclusion</title><p>The presence of MVs (even at a low rate) is a major factor of gene cluster instability. In addition, the impact depends on the hierarchical clustering algorithm used. Some methods should be used carefully. Nevertheless, the <italic>kNN </italic>approach constitutes one efficient method for restoring the missing expression gene values, with a low error level. Our study highlights the need of statistical treatments in microarray data to avoid misinterpretation.</p></sec></abstract></article-meta></front></article>