<article xmlns="https://dtd.nlm.nih.gov/ns/archiving/2.3/" xmlns:xsi="http://www.w3.org/2001/XMLSchema-instance" xmlns:mml="http://www.w3.org/1998/Math/MathML" xmlns:xlink="http://www.w3.org/1999/xlink" xsi:schemaLocation="https://dtd.nlm.nih.gov/ns/archiving/2.3/ https://dtd.nlm.nih.gov/archiving/2.3/xsd/archivearticle.xsd" article-type="research-article"><front><journal-meta><journal-id journal-id-type="nlm-ta">BMC Bioinformatics</journal-id><journal-title>BMC Bioinformatics</journal-title><issn pub-type="epub">1471-2105</issn><publisher><publisher-name>BioMed Central</publisher-name><publisher-loc>London</publisher-loc></publisher></journal-meta><article-meta><article-id pub-id-type="accession">PMC554994</article-id><article-id pub-id-type="pmcid">PMC554994</article-id><article-id pub-id-type="pmc-uid">554994</article-id><article-id pub-id-type="pmid">15748295</article-id><article-id pub-id-type="publisher-id">1471-2105-6-43</article-id><article-id pub-id-type="pmid">15748295</article-id><article-id pub-id-type="doi">10.1186/1471-2105-6-43</article-id><article-categories><subj-group subj-group-type="heading"><subject>Research Article</subject></subj-group></article-categories><title-group><article-title>A normalization strategy applied to HiCEP (an AFLP-based expression profiling) analysis: Toward the strict alignment of valid fragments across electrophoretic patterns</article-title></title-group><contrib-group><contrib id="A1" contrib-type="author"><name><surname>Kadota</surname><given-names>Koji</given-names></name><xref ref-type="aff" rid="I1">1</xref><email>kadota@nirs.go.jp</email></contrib><contrib id="A2" contrib-type="author"><name><surname>Fukumura</surname><given-names>Ryutaro</given-names></name><xref ref-type="aff" rid="I1">1</xref><email>ryutaro@nirs.go.jp</email></contrib><contrib id="A3" contrib-type="author"><name><surname>Rodrigue</surname><given-names>Joseph J</given-names></name><xref ref-type="aff" rid="I1">1</xref><email>rodrigue@nirs.go.jp</email></contrib><contrib id="A4" contrib-type="author"><name><surname>Araki</surname><given-names>Ryoko</given-names></name><xref ref-type="aff" rid="I1">1</xref><email>a_ryo@nirs.go.jp</email></contrib><contrib id="A5" corresp="yes" contrib-type="author"><name><surname>Abe</surname><given-names>Masumi</given-names></name><xref ref-type="aff" rid="I1">1</xref><email>abemasum@nirs.go.jp</email></contrib></contrib-group><aff id="I1"><label>1</label>Transcriptome Research Center, National Institute of Radiological Sciences (NIRS), 9-1, Anagawa-4-chome, Chiba-shi 263-8555, Japan</aff><pub-date pub-type="collection"><year>2005</year></pub-date><pub-date pub-type="epub"><day>6</day><month>3</month><year>2005</year></pub-date><volume>6</volume><fpage>43</fpage><lpage>43</lpage><ext-link ext-link-type="uri" xlink:href="http://www.biomedcentral.com/1471-2105/6/43"/><history><date date-type="received"><day>27</day><month>9</month><year>2004</year></date><date date-type="accepted"><day>6</day><month>3</month><year>2005</year></date></history><copyright-statement>Copyright © 2005 Kadota et al; licensee BioMed Central Ltd.</copyright-statement><license license-type="open-access" xlink:href="http://creativecommons.org/licenses/by/2.0"><p>This is an Open Access article distributed under the terms of the Creative Commons Attribution License (<ext-link ext-link-type="uri" xlink:href="http://creativecommons.org/licenses/by/2.0"/>), which permits unrestricted use, distribution, and reproduction in any medium, provided the original work is properly cited.</p></license><abstract><sec><title>Background</title><p>Gene expression analysis based on comparison of electrophoretic patterns is strongly dependent on the accuracy of DNA fragment sizing. The current normalization strategy based on molecular weight markers has limited accuracy because marker peaks are often masked by intense peaks nearby. Cumulative errors in fragment lengths cause problems in the alignment of same-length fragments across different electropherograms, especially for small fragments (&lt; 100 bp). For accurate comparison of electrophoretic patterns, further inspection and normalization of electrophoretic data after fragment sizing by conventional strategies is needed.</p></sec><sec><title>Results</title><p>Here we describe a method for the normalization of a set of time-course electrophoretic data to be compared. The method uses Gaussian curves fitted to the complex peak mixtures in each electropherogram. It searches for target ranges for which patterns are dissimilar to the other patterns (called "dissimilar ranges") and for references (a kind of mean or typical pattern) in the set of resultant approximate patterns. It then constructs the optimal normalized pattern whose correlation coefficient against the reference in the range achieves the highest value among various combinations of candidates. We applied the procedure to time-course electrophoretic data produced by HiCEP, an AFLP-based expression profiling method which can detect a slight expression change in DNA fragments. We obtained dissimilar ranges whose electrophoretic patterns were obviously different from the reference and as expected, most of the fragments in the detected ranges were short (&lt; 100 bp). The normalized electrophoretic patterns also agreed well with reference patterns.</p></sec><sec><title>Conclusion</title><p>The normalization strategy presented here demonstrates the importance of pre-processing before electrophoretic signal comparison, and we anticipate its usefulness especially for temporal expression analysis by the electrophoretic method.</p></sec></abstract></article-meta></front></article>