<article xmlns="https://dtd.nlm.nih.gov/ns/archiving/2.3/" xmlns:xsi="http://www.w3.org/2001/XMLSchema-instance" xmlns:mml="http://www.w3.org/1998/Math/MathML" xmlns:xlink="http://www.w3.org/1999/xlink" xsi:schemaLocation="https://dtd.nlm.nih.gov/ns/archiving/2.3/ https://dtd.nlm.nih.gov/archiving/2.3/xsd/archivearticle.xsd" article-type="product-review"><front><journal-meta><journal-id journal-id-type="nlm-ta">BMC Bioinformatics</journal-id><journal-title>BMC Bioinformatics</journal-title><issn pub-type="epub">1471-2105</issn><publisher><publisher-name>BioMed Central</publisher-name><publisher-loc>London</publisher-loc></publisher></journal-meta><article-meta><article-id pub-id-type="accession">PMC545078</article-id><article-id pub-id-type="pmcid">PMC545078</article-id><article-id pub-id-type="pmc-uid">545078</article-id><article-id pub-id-type="pmid">15634352</article-id><article-id pub-id-type="publisher-id">1471-2105-6-2</article-id><article-id pub-id-type="pmid">15634352</article-id><article-id pub-id-type="doi">10.1186/1471-2105-6-2</article-id><article-categories><subj-group subj-group-type="heading"><subject>Software</subject></subj-group></article-categories><title-group><article-title>Visualization of comparative genomic analyses by BLAST score ratio</article-title></title-group><contrib-group><contrib id="A1" contrib-type="author"><name><surname>Rasko</surname><given-names>David A</given-names></name><xref ref-type="aff" rid="I1">1</xref><email>drasko@tigr.org</email></contrib><contrib id="A2" contrib-type="author"><name><surname>Myers</surname><given-names>Garry SA</given-names></name><xref ref-type="aff" rid="I1">1</xref><email>gmyers@tigr.org</email></contrib><contrib id="A3" corresp="yes" contrib-type="author"><name><surname>Ravel</surname><given-names>Jacques</given-names></name><xref ref-type="aff" rid="I1">1</xref><email>jravel@tigr.org</email></contrib></contrib-group><aff id="I1"><label>1</label>The Institute for Genomic Research, 9712 Medical Center Drive, Rockville, MD 20850 USA</aff><pub-date pub-type="collection"><year>2005</year></pub-date><pub-date pub-type="epub"><day>5</day><month>1</month><year>2005</year></pub-date><volume>6</volume><fpage>2</fpage><lpage>2</lpage><ext-link ext-link-type="uri" xlink:href="http://www.biomedcentral.com/1471-2105/6/2"/><history><date date-type="received"><day>18</day><month>10</month><year>2004</year></date><date date-type="accepted"><day>5</day><month>1</month><year>2005</year></date></history><copyright-statement>Copyright © 2005 Rasko et al; licensee BioMed Central Ltd.</copyright-statement><license license-type="open-access" xlink:href="http://creativecommons.org/licenses/by/2.0"><p>This is an Open Access article distributed under the terms of the Creative Commons Attribution License (<ext-link ext-link-type="uri" xlink:href="http://creativecommons.org/licenses/by/2.0"/>), which permits unrestricted use, distribution, and reproduction in any medium, provided the original work is properly cited.</p></license><abstract><sec><title>Background</title><p>The first microbial genome sequence, <italic>Haemophilus influenzae</italic>, was published in 1995. Since then, more than 400 microbial genome sequences have been completed or commenced. This massive influx of data provides the opportunity to obtain biological insights through comparative genomics. However few tools are available for this scale of comparative analysis.</p></sec><sec><title>Results</title><p>The BLAST Score Ratio (BSR) approach, implemented in a Perl script, classifies all putative peptides within three genomes using a measure of similarity based on the ratio of BLAST scores. The output of the BSR analysis enables global visualization of the degree of proteome similarity between all three genomes. Additional output enables the genomic synteny (conserved gene order) between each genome pair to be assessed. Furthermore, we extend this synteny analysis by overlaying BSR data as a color dimension, enabling visualization of the degree of similarity of the peptides being compared.</p></sec><sec><title>Conclusions</title><p>Combining the degree of similarity, synteny and annotation will allow rapid identification of conserved genomic regions as well as a number of common genomic rearrangements such as insertions, deletions and inversions. The script and example visualizations are available at: <ext-link ext-link-type="uri" xlink:href="http://www.microbialgenomics.org/BSR/"/>.</p></sec></abstract></article-meta></front></article>