<article xmlns="https://dtd.nlm.nih.gov/ns/archiving/2.3/" xmlns:xsi="http://www.w3.org/2001/XMLSchema-instance" xmlns:mml="http://www.w3.org/1998/Math/MathML" xmlns:xlink="http://www.w3.org/1999/xlink" xsi:schemaLocation="https://dtd.nlm.nih.gov/ns/archiving/2.3/ https://dtd.nlm.nih.gov/archiving/2.3/xsd/archivearticle.xsd" article-type="research-article"><front><journal-meta><journal-id journal-id-type="nlm-ta">BMC Bioinformatics</journal-id><journal-title>BMC Bioinformatics</journal-title><issn pub-type="epub">1471-2105</issn><publisher><publisher-name>BioMed Central</publisher-name><publisher-loc>London</publisher-loc></publisher></journal-meta><article-meta><article-id pub-id-type="accession">PMC514602</article-id><article-id pub-id-type="pmcid">PMC514602</article-id><article-id pub-id-type="pmc-uid">514602</article-id><article-id pub-id-type="pmid">15296519</article-id><article-id pub-id-type="publisher-id">1471-2105-5-105</article-id><article-id pub-id-type="pmid">15296519</article-id><article-id pub-id-type="doi">10.1186/1471-2105-5-105</article-id><article-categories><subj-group subj-group-type="heading"><subject>Research Article</subject></subj-group></article-categories><title-group><article-title>Evaluation of the suitability of free-energy minimization using nearest-neighbor energy parameters for RNA secondary structure prediction</article-title></title-group><contrib-group><contrib id="A1" contrib-type="author"><name><surname>Doshi</surname><given-names>Kishore J</given-names></name><xref ref-type="aff" rid="I1">1</xref><email>kjdoshi@mail.utexas.edu</email></contrib><contrib id="A2" contrib-type="author"><name><surname>Cannone</surname><given-names>Jamie J</given-names></name><xref ref-type="aff" rid="I1">1</xref><email>cannone@mail.utexas.edu</email></contrib><contrib id="A3" contrib-type="author"><name><surname>Cobaugh</surname><given-names>Christian W</given-names></name><xref ref-type="aff" rid="I1">1</xref><email>cobaugh@mail.utexas.edu</email></contrib><contrib id="A4" corresp="yes" contrib-type="author"><name><surname>Gutell</surname><given-names>Robin R</given-names></name><xref ref-type="aff" rid="I1">1</xref><email>robin.gutell@mail.utexas.edu</email></contrib></contrib-group><aff id="I1"><label>1</label>The Institute for Cellular and Molecular Biology, The University of Texas at Austin, 1 University Station A4800, Austin, TX 78712-0159, USA</aff><pub-date pub-type="collection"><year>2004</year></pub-date><pub-date pub-type="epub"><day>5</day><month>8</month><year>2004</year></pub-date><volume>5</volume><fpage>105</fpage><lpage>105</lpage><ext-link ext-link-type="uri" xlink:href="http://www.biomedcentral.com/1471-2105/5/105"/><history><date date-type="received"><day>1</day><month>2</month><year>2004</year></date><date date-type="accepted"><day>5</day><month>8</month><year>2004</year></date></history><copyright-statement>Copyright © 2004 Doshi et al; licensee BioMed Central Ltd.</copyright-statement><license license-type="open-access" xlink:href="http://creativecommons.org/licenses/by/2.0"><p>This is an open-access article distributed under the terms of the Creative Commons Attribution License (<ext-link ext-link-type="uri" xlink:href="http://creativecommons.org/licenses/by/2.0"/>), which permits unrestricted use, distribution, and reproduction in any medium, provided the original work is properly cited.</p></license><abstract><sec><title>Background</title><p>A detailed understanding of an RNA's correct secondary and tertiary structure is crucial to understanding its function and mechanism in the cell. Free energy minimization with energy parameters based on the nearest-neighbor model and comparative analysis are the primary methods for predicting an RNA's secondary structure from its sequence. Version 3.1 of Mfold has been available since 1999. This version contains an expanded sequence dependence of energy parameters and the ability to incorporate coaxial stacking into free energy calculations. We test Mfold 3.1 by performing the largest and most phylogenetically diverse comparison of rRNA and tRNA structures predicted by comparative analysis and Mfold, and we use the results of our tests on 16S and 23S rRNA sequences to assess the improvement between Mfold 2.3 and Mfold 3.1.</p></sec><sec><title>Results</title><p>The average prediction accuracy for a 16S or 23S rRNA sequence with Mfold 3.1 is 41%, while the prediction accuracies for the majority of 16S and 23S rRNA structures tested are between 20% and 60%, with some having less than 20% prediction accuracy. The average prediction accuracy was 71% for 5S rRNA and 69% for tRNA. The majority of the 5S rRNA and tRNA sequences have prediction accuracies greater than 60%. The prediction accuracy of 16S rRNA base-pairs decreases exponentially as the number of nucleotides intervening between the 5' and 3' halves of the base-pair increases.</p></sec><sec><title>Conclusion</title><p>Our analysis indicates that the current set of nearest-neighbor energy parameters in conjunction with the Mfold folding algorithm are unable to consistently and reliably predict an RNA's correct secondary structure. For 16S or 23S rRNA structure prediction, Mfold 3.1 offers little improvement over Mfold 2.3. However, the nearest-neighbor energy parameters do work well for shorter RNA sequences such as tRNA or 5S rRNA, or for larger rRNAs when the contact distance between the base-pairs is less than 100 nucleotides.</p></sec></abstract></article-meta></front></article>