<article xmlns="https://dtd.nlm.nih.gov/ns/archiving/2.3/" xmlns:xsi="http://www.w3.org/2001/XMLSchema-instance" xmlns:mml="http://www.w3.org/1998/Math/MathML" xmlns:xlink="http://www.w3.org/1999/xlink" xsi:schemaLocation="https://dtd.nlm.nih.gov/ns/archiving/2.3/ https://dtd.nlm.nih.gov/archiving/2.3/xsd/archivearticle.xsd" article-type="research-article"><front><journal-meta><journal-id journal-id-type="nlm-ta">BMC Bioinformatics</journal-id><journal-title>BMC Bioinformatics</journal-title><issn pub-type="epub">1471-2105</issn><publisher><publisher-name>BioMed Central</publisher-name><publisher-loc>London</publisher-loc></publisher></journal-meta><article-meta><article-id pub-id-type="accession">PMC521197</article-id><article-id pub-id-type="pmcid">PMC521197</article-id><article-id pub-id-type="pmc-uid">521197</article-id><article-id pub-id-type="pmid">12783628</article-id><article-id pub-id-type="publisher-id">1471-2105-4-21</article-id><article-id pub-id-type="pmid">12783628</article-id><article-id pub-id-type="doi">10.1186/1471-2105-4-21</article-id><article-categories><subj-group subj-group-type="heading"><subject>Research Article</subject></subj-group></article-categories><title-group><article-title>EasyGene – a prokaryotic gene finder that ranks ORFs by statistical significance</article-title></title-group><contrib-group><contrib id="A1" corresp="yes" contrib-type="author"><name><surname>Larsen</surname><given-names>Thomas Schou</given-names></name><xref ref-type="aff" rid="I1">1</xref><xref ref-type="aff" rid="I2">2</xref><email>thsl@novozymes.com</email></contrib><contrib id="A2" contrib-type="author"><name><surname>Krogh</surname><given-names>Anders</given-names></name><xref ref-type="aff" rid="I1">1</xref><xref ref-type="aff" rid="I3">3</xref><email>krogh@binf.ku.dk</email></contrib></contrib-group><aff id="I1"><label>1</label>Center for Biological Sequence Analysis BioCentrum, Technical University of Denmark Building 208, 2800 Lyngby, Denmark</aff><aff id="I2"><label>2</label>Present address: Novozymes A/S, Novo Alle, 1B1.01,2800 Bagsvaerd, Denmark</aff><aff id="I3"><label>3</label>Present address: The Bioinformatics Centre, University of Copenhagen Universitetsparken 15, 2100 Copenhagen, Denmark</aff><pub-date pub-type="collection"><year>2003</year></pub-date><pub-date pub-type="epub"><day>3</day><month>6</month><year>2003</year></pub-date><volume>4</volume><fpage>21</fpage><lpage>21</lpage><ext-link ext-link-type="uri" xlink:href="http://www.biomedcentral.com/1471-2105/4/21"/><history><date date-type="received"><day>25</day><month>11</month><year>2002</year></date><date date-type="accepted"><day>3</day><month>6</month><year>2003</year></date></history><permissions><copyright-statement>Copyright © 2003 Larsen and Krogh; licensee BioMed Central Ltd. This is an Open Access article: verbatim copying and redistribution of this article are permitted in all media for any purpose, provided this notice is preserved along with the article's original URL.</copyright-statement><copyright-year>2003</copyright-year><copyright-holder>Larsen and Krogh; licensee BioMed Central Ltd. This is an Open Access article: verbatim copying and redistribution of this article are permitted in all media for any purpose, provided this notice is preserved along with the article's original URL.</copyright-holder></permissions><abstract><sec><title>Background</title><p>Contrary to other areas of sequence analysis, a measure of statistical significance of a putative gene has not been devised to help in discriminating real genes from the masses of random Open Reading Frames (ORFs) in prokaryotic genomes. Therefore, many genomes have too many short ORFs annotated as genes.</p></sec><sec><title>Results</title><p>In this paper, we present a new automated gene-finding method, EasyGene, which estimates the statistical significance of a predicted gene. The gene finder is based on a hidden Markov model (HMM) that is automatically estimated for a new genome. Using extensions of similarities in Swiss-Prot, a high quality training set of genes is automatically extracted from the genome and used to estimate the HMM. Putative genes are then scored with the HMM, and based on score and length of an ORF, the statistical significance is calculated. The measure of statistical significance for an ORF is the expected number of ORFs in one megabase of random sequence at the same significance level or better, where the random sequence has the same statistics as the genome in the sense of a third order Markov chain.</p></sec><sec><title>Conclusions</title><p>The result is a flexible gene finder whose overall performance matches or exceeds other methods. The entire pipeline of computer processing from the raw input of a genome or set of contigs to a list of putative genes with significance is automated, making it easy to apply EasyGene to newly sequenced organisms. EasyGene with pre-trained models can be accessed at <ext-link ext-link-type="uri" xlink:href="http://www.cbs.dtu.dk/services/EasyGene"/>.</p></sec></abstract><kwd-group><kwd>computational gene finding</kwd><kwd>statistical significance</kwd><kwd>hidden Markov model</kwd><kwd>short open reading frames</kwd><kwd>automated genome annotation</kwd></kwd-group></article-meta></front></article>