<article xmlns="https://dtd.nlm.nih.gov/ns/archiving/2.3/" xmlns:xsi="http://www.w3.org/2001/XMLSchema-instance" xmlns:mml="http://www.w3.org/1998/Math/MathML" xmlns:xlink="http://www.w3.org/1999/xlink" xsi:schemaLocation="https://dtd.nlm.nih.gov/ns/archiving/2.3/ https://dtd.nlm.nih.gov/archiving/2.3/xsd/archivearticle.xsd" article-type="research-article"><front><journal-meta><journal-id journal-id-type="nlm-ta">BMC Bioinformatics</journal-id><journal-title>BMC Bioinformatics</journal-title><issn pub-type="epub">1471-2105</issn><publisher><publisher-name>BioMed Central</publisher-name><publisher-loc>London</publisher-loc></publisher></journal-meta><article-meta><article-id pub-id-type="accession">PMC546186</article-id><article-id pub-id-type="pmcid">PMC546186</article-id><article-id pub-id-type="pmc-uid">546186</article-id><article-id pub-id-type="pmid">15636642</article-id><article-id pub-id-type="publisher-id">1471-2105-6-3</article-id><article-id pub-id-type="pmid">15636642</article-id><article-id pub-id-type="doi">10.1186/1471-2105-6-3</article-id><article-categories><subj-group subj-group-type="heading"><subject>Research Article</subject></subj-group></article-categories><title-group><article-title>Differences in codon bias cannot explain differences in translational power among microbes</article-title></title-group><contrib-group><contrib id="A1" corresp="yes" contrib-type="author"><name><surname>Dethlefsen</surname><given-names>Les</given-names></name><xref ref-type="aff" rid="I1">1</xref><xref ref-type="aff" rid="I2">2</xref><email>dethlefs@stanford.edu</email></contrib><contrib id="A2" contrib-type="author"><name><surname>Schmidt</surname><given-names>Thomas M</given-names></name><xref ref-type="aff" rid="I1">1</xref><email>tschmidt@msu.edu</email></contrib></contrib-group><aff id="I1"><label>1</label>Department of Microbiology and Molecular Genetics, Michigan State University, East Lansing, Michigan 48824, USA</aff><aff id="I2"><label>2</label>Department of Microbiology and Immunology, Stanford University, Palo Alto, California 94304, USA</aff><pub-date pub-type="collection"><year>2005</year></pub-date><pub-date pub-type="epub"><day>6</day><month>1</month><year>2005</year></pub-date><volume>6</volume><fpage>3</fpage><lpage>3</lpage><ext-link ext-link-type="uri" xlink:href="http://www.biomedcentral.com/1471-2105/6/3"/><history><date date-type="received"><day>16</day><month>9</month><year>2004</year></date><date date-type="accepted"><day>6</day><month>1</month><year>2005</year></date></history><copyright-statement>Copyright © 2005 Dethlefsen and Schmidt; licensee BioMed Central Ltd.</copyright-statement><license license-type="open-access" xlink:href="http://creativecommons.org/licenses/by/2.0"><p>This is an Open Access article distributed under the terms of the Creative Commons Attribution License (<ext-link ext-link-type="uri" xlink:href="http://creativecommons.org/licenses/by/2.0"/>), which permits unrestricted use, distribution, and reproduction in any medium, provided the original work is properly cited.</p></license><abstract><sec><title>Background</title><p>Translational power is the cellular rate of protein synthesis normalized to the biomass invested in translational machinery. Published data suggest a previously unrecognized pattern: translational power is higher among rapidly growing microbes, and lower among slowly growing microbes. One factor known to affect translational power is biased use of synonymous codons. The correlation within an organism between expression level and degree of codon bias among genes of <italic>Escherichia coli </italic>and other bacteria capable of rapid growth is commonly attributed to selection for high translational power. Conversely, the absence of such a correlation in some slowly growing microbes has been interpreted as the absence of selection for translational power. Because codon bias caused by translational selection varies between rapidly growing and slowly growing microbes, we investigated whether observed differences in translational power among microbes could be explained entirely by differences in the degree of codon bias. Although the data are not available to estimate the effect of codon bias in other species, we developed an empirically-based mathematical model to compare the translation rate of <italic>E. coli </italic>to the translation rate of a hypothetical strain which differs from <italic>E. coli </italic>only by lacking codon bias.</p></sec><sec><title>Results</title><p>Our reanalysis of data from the scientific literature suggests that translational power can differ by a factor of 5 or more between <italic>E. coli </italic>and slowly growing microbial species. Using empirical codon-specific <italic>in vivo </italic>translation rates for 29 codons, and several scenarios for extrapolating from these data to estimates over all codons, we find that codon bias cannot account for more than a doubling of the translation rate in <italic>E. coli</italic>, even with unrealistic simplifying assumptions that exaggerate the effect of codon bias. With more realistic assumptions, our best estimate is that codon bias accelerates translation in <italic>E. coli </italic>by no more than 60% in comparison to microbes with very little codon bias.</p></sec><sec><title>Conclusions</title><p>While codon bias confers a substantial benefit of faster translation and hence greater translational power, the magnitude of this effect is insufficient to explain observed differences in translational power among bacterial and archaeal species, particularly the differences between slowly growing and rapidly growing species. Hence, large differences in translational power suggest that the translational apparatus itself differs among microbes in ways that influence translational performance.</p></sec></abstract></article-meta></front></article>