<article xmlns="https://dtd.nlm.nih.gov/ns/archiving/2.3/" xmlns:xsi="http://www.w3.org/2001/XMLSchema-instance" xmlns:mml="http://www.w3.org/1998/Math/MathML" xmlns:xlink="http://www.w3.org/1999/xlink" xsi:schemaLocation="https://dtd.nlm.nih.gov/ns/archiving/2.3/ https://dtd.nlm.nih.gov/archiving/2.3/xsd/archivearticle.xsd" article-type="research-article"><front><journal-meta><journal-id journal-id-type="nlm-ta">BMC Bioinformatics</journal-id><journal-title>BMC Bioinformatics</journal-title><issn pub-type="epub">1471-2105</issn><publisher><publisher-name>BioMed Central</publisher-name><publisher-loc>London</publisher-loc></publisher></journal-meta><article-meta><article-id pub-id-type="accession">PMC544558</article-id><article-id pub-id-type="pmcid">PMC544558</article-id><article-id pub-id-type="pmc-uid">544558</article-id><article-id pub-id-type="pmid">15606920</article-id><article-id pub-id-type="publisher-id">1471-2105-5-204</article-id><article-id pub-id-type="pmid">15606920</article-id><article-id pub-id-type="doi">10.1186/1471-2105-5-204</article-id><article-categories><subj-group subj-group-type="heading"><subject>Research Article</subject></subj-group></article-categories><title-group><article-title>An SVD-based comparison of nine whole eukaryotic genomes supports a coelomate rather than ecdysozoan lineage</article-title></title-group><contrib-group><contrib id="A1" corresp="yes" contrib-type="author"><name><surname>Stuart</surname><given-names>Gary W</given-names></name><xref ref-type="aff" rid="I1">1</xref><xref ref-type="aff" rid="I2">2</xref><email>G-Stuart@indstate.edu</email></contrib><contrib id="A2" contrib-type="author"><name><surname>Berry</surname><given-names>Michael W</given-names></name><xref ref-type="aff" rid="I3">3</xref><email>berry@cs.utk.edu</email></contrib></contrib-group><aff id="I1"><label>1</label>Department of Life Sciences, Indiana State University, Terre Haute, IN 47809, USA</aff><aff id="I2"><label>2</label>Visiting Scientist, Center for Genomics and Bioinformatics, Indiana University, Bloomington, IN 47405, USA</aff><aff id="I3"><label>3</label>Department of Computer Science, University of Tennessee, Knoxville TN 37996-3450, USA</aff><pub-date pub-type="collection"><year>2004</year></pub-date><pub-date pub-type="epub"><day>17</day><month>12</month><year>2004</year></pub-date><volume>5</volume><fpage>204</fpage><lpage>204</lpage><ext-link ext-link-type="uri" xlink:href="http://www.biomedcentral.com/1471-2105/5/204"/><history><date date-type="received"><day>22</day><month>7</month><year>2004</year></date><date date-type="accepted"><day>17</day><month>12</month><year>2004</year></date></history><copyright-statement>Copyright © 2004 Stuart and Berry; licensee BioMed Central Ltd.</copyright-statement><license license-type="open-access" xlink:href="http://creativecommons.org/licenses/by/2.0"><p>This is an Open Access article distributed under the terms of the Creative Commons Attribution License (<ext-link ext-link-type="uri" xlink:href="http://creativecommons.org/licenses/by/2.0"/>), which permits unrestricted use, distribution, and reproduction in any medium, provided the original work is properly cited.</p></license><abstract><sec><title>Background</title><p>Eukaryotic whole genome sequences are accumulating at an impressive rate. Effective methods for comparing multiple whole eukaryotic genomes on a large scale are needed. Most attempted solutions involve the production of large scale alignments, and many of these require a high stringency pre-screen for putative orthologs in order to reduce the effective size of the dataset and provide a reasonably high but unknown fraction of correctly aligned homologous sites for comparison. As an alternative, highly efficient methods that do not require the pre-alignment of operationally defined orthologs are also being explored.</p></sec><sec><title>Results</title><p>A non-alignment method based on the Singular Value Decomposition (SVD) was used to compare the predicted protein complement of nine whole eukaryotic genomes ranging from yeast to man. This analysis resulted in the simultaneous identification and definition of a large number of well conserved motifs and gene families, and produced a species tree supporting one of two conflicting hypotheses of metazoan relationships.</p></sec><sec><title>Conclusions</title><p>Our SVD-based analysis of the entire protein complement of nine whole eukaryotic genomes suggests that highly conserved motifs and gene families can be identified and effectively compared in a single coherent definition space for the easy extraction of gene and species trees. While this occurs without the explicit definition of orthologs or homologous sites, the analysis can provide a basis for these definitions.</p></sec></abstract></article-meta></front></article>