<article xmlns="https://dtd.nlm.nih.gov/ns/archiving/2.3/" xmlns:xsi="http://www.w3.org/2001/XMLSchema-instance" xmlns:mml="http://www.w3.org/1998/Math/MathML" xmlns:xlink="http://www.w3.org/1999/xlink" xsi:schemaLocation="https://dtd.nlm.nih.gov/ns/archiving/2.3/ https://dtd.nlm.nih.gov/archiving/2.3/xsd/archivearticle.xsd" article-type="research-article"><front><journal-meta><journal-id journal-id-type="nlm-ta">BMC Bioinformatics</journal-id><journal-title>BMC Bioinformatics</journal-title><issn pub-type="epub">1471-2105</issn><publisher><publisher-name>BioMed Central</publisher-name><publisher-loc>London</publisher-loc></publisher></journal-meta><article-meta><article-id pub-id-type="accession">PMC543472</article-id><article-id pub-id-type="pmcid">PMC543472</article-id><article-id pub-id-type="pmc-uid">543472</article-id><article-id pub-id-type="pmid">15511294</article-id><article-id pub-id-type="publisher-id">1471-2105-5-172</article-id><article-id pub-id-type="pmid">15511294</article-id><article-id pub-id-type="doi">10.1186/1471-2105-5-172</article-id><article-categories><subj-group subj-group-type="heading"><subject>Methodology Article</subject></subj-group></article-categories><title-group><article-title>Incremental genetic K-means algorithm and its application in gene expression data analysis</article-title></title-group><contrib-group><contrib id="A1" contrib-type="author"><name><surname>Lu</surname><given-names>Yi</given-names></name><xref ref-type="aff" rid="I1">1</xref><email>luyi@wayne.edu</email></contrib><contrib id="A2" contrib-type="author"><name><surname>Lu</surname><given-names>Shiyong</given-names></name><xref ref-type="aff" rid="I1">1</xref><email>shiyong@cs.wayne.edu</email></contrib><contrib id="A3" contrib-type="author"><name><surname>Fotouhi</surname><given-names>Farshad</given-names></name><xref ref-type="aff" rid="I1">1</xref><email>fotouhi@cs.wayne.edu</email></contrib><contrib id="A4" corresp="yes" contrib-type="author"><name><surname>Deng</surname><given-names>Youping</given-names></name><xref ref-type="aff" rid="I2">2</xref><email>youping.deng@usm.edu</email></contrib><contrib id="A5" contrib-type="author"><name><surname>Brown</surname><given-names>Susan J</given-names></name><xref ref-type="aff" rid="I3">3</xref><email>sjbrown@ksu.edu</email></contrib></contrib-group><aff id="I1"><label>1</label>Dept. of Computer Science, Wayne State University, Detroit, MI 48202, USA</aff><aff id="I2"><label>2</label>Department of Biological Sciences, the University of Southern Mississippi, Hattiesburg 39406, USA</aff><aff id="I3"><label>3</label>Division of Biology, Kansas State University, Manhattan, KS 66506, USA</aff><pub-date pub-type="collection"><year>2004</year></pub-date><pub-date pub-type="epub"><day>28</day><month>10</month><year>2004</year></pub-date><volume>5</volume><fpage>172</fpage><lpage>172</lpage><ext-link ext-link-type="uri" xlink:href="http://www.biomedcentral.com/1471-2105/5/172"/><history><date date-type="received"><day>10</day><month>3</month><year>2004</year></date><date date-type="accepted"><day>28</day><month>10</month><year>2004</year></date></history><copyright-statement>Copyright © 2004 Lu et al; licensee BioMed Central Ltd.</copyright-statement><license license-type="open-access" xlink:href="http://creativecommons.org/licenses/by/2.0"><p>This is an Open Access article distributed under the terms of the Creative Commons Attribution License (<ext-link ext-link-type="uri" xlink:href="http://creativecommons.org/licenses/by/2.0"/>), which permits unrestricted use, distribution, and reproduction in any medium, provided the original work is properly cited.</p></license><abstract><sec><title>Background</title><p>In recent years, clustering algorithms have been effectively applied in molecular biology for gene expression data analysis. With the help of clustering algorithms such as K-means, hierarchical clustering, SOM, etc, genes are partitioned into groups based on the similarity between their expression profiles. In this way, functionally related genes are identified. As the amount of laboratory data in molecular biology grows exponentially each year due to advanced technologies such as Microarray, new efficient and effective methods for clustering must be developed to process this growing amount of biological data.</p></sec><sec><title>Results</title><p>In this paper, we propose a new clustering algorithm, <italic>Incremental Genetic K-means Algorithm (IGKA)</italic>. IGKA is an extension to our previously proposed clustering algorithm, the Fast Genetic K-means Algorithm (<italic>FGKA</italic>). IGKA outperforms FGKA when the mutation probability is small. The main idea of IGKA is to calculate the objective value Total Within-Cluster Variation (TWCV) and to cluster centroids incrementally whenever the mutation probability is small. IGKA inherits the salient feature of FGKA of always converging to the global optimum. C program is freely available at <ext-link ext-link-type="uri" xlink:href="http://database.cs.wayne.edu/proj/FGKA/index.htm."/></p></sec><sec><title>Conclusions</title><p>Our experiments indicate that, while the IGKA algorithm has a convergence pattern similar to FGKA, it has a better time performance when the mutation probability decreases to some point. Finally, we used IGKA to cluster a yeast dataset and found that it increased the enrichment of genes of similar function within the cluster.</p></sec></abstract></article-meta></front></article>