<article xmlns="https://dtd.nlm.nih.gov/ns/archiving/2.3/" xmlns:xsi="http://www.w3.org/2001/XMLSchema-instance" xmlns:mml="http://www.w3.org/1998/Math/MathML" xmlns:xlink="http://www.w3.org/1999/xlink" xsi:schemaLocation="https://dtd.nlm.nih.gov/ns/archiving/2.3/ https://dtd.nlm.nih.gov/archiving/2.3/xsd/archivearticle.xsd" article-type="research-article"><front><journal-meta><journal-id journal-id-type="nlm-ta">BMC Bioinformatics</journal-id><journal-title>BMC Bioinformatics</journal-title><issn pub-type="epub">1471-2105</issn><publisher><publisher-name>BioMed Central</publisher-name><publisher-loc>London</publisher-loc></publisher></journal-meta><article-meta><article-id pub-id-type="accession">PMC544566</article-id><article-id pub-id-type="pmcid">PMC544566</article-id><article-id pub-id-type="pmc-uid">544566</article-id><article-id pub-id-type="pmid">15596019</article-id><article-id pub-id-type="publisher-id">1471-2105-5-196</article-id><article-id pub-id-type="pmid">15596019</article-id><article-id pub-id-type="doi">10.1186/1471-2105-5-196</article-id><article-categories><subj-group subj-group-type="heading"><subject>Research Article</subject></subj-group></article-categories><title-group><article-title>A functional hierarchical organization of the protein sequence space</article-title></title-group><contrib-group><contrib id="A1" corresp="yes" contrib-type="author"><name><surname>Kaplan</surname><given-names>Noam</given-names></name><xref ref-type="aff" rid="I1">1</xref><email>kaplann@cc.huji.ac.il</email></contrib><contrib id="A2" contrib-type="author"><name><surname>Friedlich</surname><given-names>Moriah</given-names></name><xref ref-type="aff" rid="I2">2</xref><email>fridlim@cs.huji.ac.il</email></contrib><contrib id="A3" contrib-type="author"><name><surname>Fromer</surname><given-names>Menachem</given-names></name><xref ref-type="aff" rid="I2">2</xref><email>fromer@cs.huji.ac.il</email></contrib><contrib id="A4" contrib-type="author"><name><surname>Linial</surname><given-names>Michal</given-names></name><xref ref-type="aff" rid="I1">1</xref><email>michall@cc.huji.ac.il</email></contrib></contrib-group><aff id="I1"><label>1</label>Department of Biological Chemistry, Institute of Life Sciences, The Hebrew University of Jerusalem, Israel</aff><aff id="I2"><label>2</label>School of Computer Science and Engineering, The Hebrew University of Jerusalem, Israel</aff><pub-date pub-type="collection"><year>2004</year></pub-date><pub-date pub-type="epub"><day>14</day><month>12</month><year>2004</year></pub-date><volume>5</volume><fpage>196</fpage><lpage>196</lpage><ext-link ext-link-type="uri" xlink:href="http://www.biomedcentral.com/1471-2105/5/196"/><history><date date-type="received"><day>10</day><month>9</month><year>2004</year></date><date date-type="accepted"><day>14</day><month>12</month><year>2004</year></date></history><copyright-statement>Copyright © 2004 Kaplan et al; licensee BioMed Central Ltd.</copyright-statement><license license-type="open-access" xlink:href="http://creativecommons.org/licenses/by/2.0"><p>This is an Open Access article distributed under the terms of the Creative Commons Attribution License (<ext-link ext-link-type="uri" xlink:href="http://creativecommons.org/licenses/by/2.0"/>), which permits unrestricted use, distribution, and reproduction in any medium, provided the original work is properly cited.</p></license><abstract><sec><title>Background</title><p>It is a major challenge of computational biology to provide a comprehensive functional classification of all known proteins. Most existing methods seek recurrent patterns in known proteins based on manually-validated alignments of known protein families. Such methods can achieve high sensitivity, but are limited by the necessary manual labor. This makes our current view of the protein world incomplete and biased. This paper concerns ProtoNet, a automatic unsupervised global clustering system that generates a hierarchical tree of over 1,000,000 proteins, based solely on sequence similarity.</p></sec><sec><title>Results</title><p>In this paper we show that ProtoNet correctly captures functional and structural aspects of the protein world. Furthermore, a novel feature is an automatic procedure that reduces the tree to 12% its original size. This procedure utilizes only parameters intrinsic to the clustering process. Despite the substantial reduction in size, the system's predictive power concerning biological functions is hardly affected. We then carry out an automatic comparison with existing functional protein annotations. Consequently, 78% of the clusters in the compressed tree (5,300 clusters) get assigned a biological function with a high confidence. The clustering and compression processes are unsupervised, and robust.</p></sec><sec><title>Conclusions</title><p>We present an automatically generated unbiased method that provides a hierarchical classification of all currently known proteins.</p></sec></abstract></article-meta></front></article>