<article xmlns="https://dtd.nlm.nih.gov/ns/archiving/2.3/" xmlns:xsi="http://www.w3.org/2001/XMLSchema-instance" xmlns:mml="http://www.w3.org/1998/Math/MathML" xmlns:xlink="http://www.w3.org/1999/xlink" xsi:schemaLocation="https://dtd.nlm.nih.gov/ns/archiving/2.3/ https://dtd.nlm.nih.gov/archiving/2.3/xsd/archivearticle.xsd" article-type="product-review"><front><journal-meta><journal-id journal-id-type="nlm-ta">BMC Bioinformatics</journal-id><journal-title>BMC Bioinformatics</journal-title><issn pub-type="epub">1471-2105</issn><publisher><publisher-name>BioMed Central</publisher-name><publisher-loc>London</publisher-loc></publisher></journal-meta><article-meta><article-id pub-id-type="accession">PMC535808</article-id><article-id pub-id-type="pmcid">PMC535808</article-id><article-id pub-id-type="pmc-uid">535808</article-id><article-id pub-id-type="pmid">15507135</article-id><article-id pub-id-type="publisher-id">1471-2105-5-162</article-id><article-id pub-id-type="pmid">15507135</article-id><article-id pub-id-type="doi">10.1186/1471-2105-5-162</article-id><article-categories><subj-group subj-group-type="heading"><subject>Software</subject></subj-group></article-categories><title-group><article-title>Extractor for ESI quadrupole TOF tandem MS data enabled for high throughput batch processing</article-title></title-group><contrib-group><contrib id="A1" contrib-type="author"><name><surname>Boehm</surname><given-names>Andreas M</given-names></name><xref ref-type="aff" rid="I1">1</xref><email>andreas.boehm@virchow.uni-wuerzburg.de</email></contrib><contrib id="A2" contrib-type="author"><name><surname>Galvin</surname><given-names>Robert P</given-names></name><xref ref-type="aff" rid="I2">2</xref><email>robert.p.galvin@eur.appliedbiosystems.com</email></contrib><contrib id="A3" corresp="yes" contrib-type="author"><name><surname>Sickmann</surname><given-names>Albert</given-names></name><xref ref-type="aff" rid="I1">1</xref><email>albert.sickmann@virchow.uni-wuerzburg.de</email></contrib></contrib-group><aff id="I1"><label>1</label>Protein Mass Spectrometry and Functional Proteomics Group, Rudolf-Virchow-Center for Experimental Biomedicine, Universitaet Wuerzburg, Versbacher Strasse 9, D-97078 Wuerzburg, Germany</aff><aff id="I2"><label>2</label>Applied Biosystems, Applera UK, Lingley House, 120 Birchwood Boulevard, Warrington, Cheshire, WA3 7QH, UK</aff><pub-date pub-type="collection"><year>2004</year></pub-date><pub-date pub-type="epub"><day>26</day><month>10</month><year>2004</year></pub-date><volume>5</volume><fpage>162</fpage><lpage>162</lpage><ext-link ext-link-type="uri" xlink:href="http://www.biomedcentral.com/1471-2105/5/162"/><history><date date-type="received"><day>30</day><month>8</month><year>2004</year></date><date date-type="accepted"><day>26</day><month>10</month><year>2004</year></date></history><copyright-statement>Copyright © 2004 Boehm et al; licensee BioMed Central Ltd.</copyright-statement><license license-type="open-access" xlink:href="http://creativecommons.org/licenses/by/2.0"><p>This is an Open Access article distributed under the terms of the Creative Commons Attribution License (<ext-link ext-link-type="uri" xlink:href="http://creativecommons.org/licenses/by/2.0"/>), which permits unrestricted use, distribution, and reproduction in any medium, provided the original work is properly cited.</p></license><abstract><sec><title>Background</title><p>Mass spectrometry based proteomics result in huge amounts of data that has to be processed in real time in order to efficiently feed identification algorithms and to easily integrate in automated environments. We present wiff2dta, a tool created to convert MS/MS data obtained using Applied Biosystem's QStar and QTrap 2000 and 4000 series.</p></sec><sec><title>Results</title><p>Comparing the performance of wiff2dta with the standard tools, we find wiff2dta being the fastest solution for extracting spectrum data from ABIs raw file format. wiff2dta is at least 10% faster than the standard tools. It is also capable of batch processing and can be easily integrated in high throughput environments. The program is freely available via <ext-link ext-link-type="uri" xlink:href="http://www.protein-ms.de"/>, <ext-link ext-link-type="uri" xlink:href="http://sourceforge.net/projects/protms/"/> and is also available from Applied Biosystems.</p></sec><sec><title>Conclusions</title><p>wiff2dta offers the possibility to run as stand-alone application or within a batch process as command-line tool integrated in automation and high-throughput environments. It is more efficient than the state-of-the-art tools provided.</p></sec></abstract></article-meta></front></article>