<article xmlns="https://dtd.nlm.nih.gov/ns/archiving/2.3/" xmlns:xsi="http://www.w3.org/2001/XMLSchema-instance" xmlns:mml="http://www.w3.org/1998/Math/MathML" xmlns:xlink="http://www.w3.org/1999/xlink" xsi:schemaLocation="https://dtd.nlm.nih.gov/ns/archiving/2.3/ https://dtd.nlm.nih.gov/archiving/2.3/xsd/archivearticle.xsd" article-type="research-article"><front><journal-meta><journal-id journal-id-type="nlm-ta">BMC Bioinformatics</journal-id><journal-title>BMC Bioinformatics</journal-title><issn pub-type="epub">1471-2105</issn><publisher><publisher-name>BioMed Central</publisher-name><publisher-loc>London</publisher-loc></publisher></journal-meta><article-meta><article-id pub-id-type="accession">PMC549559</article-id><article-id pub-id-type="pmcid">PMC549559</article-id><article-id pub-id-type="pmc-uid">549559</article-id><article-id pub-id-type="pmid">15705208</article-id><article-id pub-id-type="publisher-id">1471-2105-6-27</article-id><article-id pub-id-type="pmid">15705208</article-id><article-id pub-id-type="doi">10.1186/1471-2105-6-27</article-id><article-categories><subj-group subj-group-type="heading"><subject>Research Article</subject></subj-group></article-categories><title-group><article-title>A statistical approach for array CGH data analysis</article-title></title-group><contrib-group><contrib id="A1" corresp="yes" contrib-type="author"><name><surname>Picard</surname><given-names>Franck</given-names></name><xref ref-type="aff" rid="I1">1</xref><email>picard@inapg.fr</email></contrib><contrib id="A2" corresp="yes" contrib-type="author"><name><surname>Robin</surname><given-names>Stephane</given-names></name><xref ref-type="aff" rid="I1">1</xref><email>robin@inapg.fr</email></contrib><contrib id="A3" contrib-type="author"><name><surname>Lavielle</surname><given-names>Marc</given-names></name><xref ref-type="aff" rid="I2">2</xref><email>lavielle@math.u-psud.fr</email></contrib><contrib id="A4" contrib-type="author"><name><surname>Vaisse</surname><given-names>Christian</given-names></name><xref ref-type="aff" rid="I3">3</xref><email>vaisse@medicine.ucsf.edu</email></contrib><contrib id="A5" contrib-type="author"><name><surname>Daudin</surname><given-names>Jean-Jacques</given-names></name><xref ref-type="aff" rid="I1">1</xref><email>daudin@inapg.fr</email></contrib></contrib-group><aff id="I1"><label>1</label>Institut National Agronomique Paris-Grignon, UMR INAPG/ENGREF/INRA MIA 518, Paris, France</aff><aff id="I2"><label>2</label>Université Paris Sud, Equipe Probabilités, Statistique et Modélisation, Orsay, France</aff><aff id="I3"><label>3</label>University of California San Francisco, Diabetes Center, San Francisco, USA</aff><pub-date pub-type="collection"><year>2005</year></pub-date><pub-date pub-type="epub"><day>11</day><month>2</month><year>2005</year></pub-date><volume>6</volume><fpage>27</fpage><lpage>27</lpage><ext-link ext-link-type="uri" xlink:href="http://www.biomedcentral.com/1471-2105/6/27"/><history><date date-type="received"><day>18</day><month>8</month><year>2004</year></date><date date-type="accepted"><day>11</day><month>2</month><year>2005</year></date></history><copyright-statement>Copyright © 2005 Picard et al; licensee BioMed Central Ltd.</copyright-statement><license license-type="open-access" xlink:href="http://creativecommons.org/licenses/by/2.0"><p>This is an Open Access article distributed under the terms of the Creative Commons Attribution License (<ext-link ext-link-type="uri" xlink:href="http://creativecommons.org/licenses/by/2.0"/>), which permits unrestricted use, distribution, and reproduction in any medium, provided the original work is properly cited.</p></license><abstract><sec><title>Background</title><p>Microarray-CGH experiments are used to detect and map chromosomal imbalances, by hybridizing targets of genomic DNA from a test and a reference sample to sequences immobilized on a slide. These probes are genomic DNA sequences (BACs) that are mapped on the genome. The signal has a spatial coherence that can be handled by specific statistical tools. Segmentation methods seem to be a natural framework for this purpose. A CGH profile can be viewed as a succession of segments that represent homogeneous regions in the genome whose BACs share the same relative copy number on average. We model a CGH profile by a random Gaussian process whose distribution parameters are affected by abrupt changes at unknown coordinates. Two major problems arise : to determine which parameters are affected by the abrupt changes (the mean and the variance, or the mean only), and the selection of the number of segments in the profile.</p></sec><sec><title>Results</title><p>We demonstrate that existing methods for estimating the number of segments are not well adapted in the case of array CGH data, and we propose an adaptive criterion that detects previously mapped chromosomal aberrations. The performances of this method are discussed based on simulations and publicly available data sets. Then we discuss the choice of modeling for array CGH data and show that the model with a homogeneous variance is adapted to this context.</p></sec><sec><title>Conclusions</title><p>Array CGH data analysis is an emerging field that needs appropriate statistical tools. Process segmentation and model selection provide a theoretical framework that allows precise biological interpretations. Adaptive methods for model selection give promising results concerning the estimation of the number of altered regions on the genome.</p></sec></abstract></article-meta></front></article>