<article xmlns="https://dtd.nlm.nih.gov/ns/archiving/2.3/" xmlns:xsi="http://www.w3.org/2001/XMLSchema-instance" xmlns:mml="http://www.w3.org/1998/Math/MathML" xmlns:xlink="http://www.w3.org/1999/xlink" xsi:schemaLocation="https://dtd.nlm.nih.gov/ns/archiving/2.3/ https://dtd.nlm.nih.gov/archiving/2.3/xsd/archivearticle.xsd" article-type="research-article"><front><journal-meta><journal-id journal-id-type="nlm-ta">BMC Bioinformatics</journal-id><journal-title>BMC Bioinformatics</journal-title><issn pub-type="epub">1471-2105</issn><publisher><publisher-name>BioMed Central</publisher-name><publisher-loc>London</publisher-loc></publisher></journal-meta><article-meta><article-id pub-id-type="accession">PMC544187</article-id><article-id pub-id-type="pmcid">PMC544187</article-id><article-id pub-id-type="pmc-uid">544187</article-id><article-id pub-id-type="pmid">15563371</article-id><article-id pub-id-type="publisher-id">1471-2105-5-182</article-id><article-id pub-id-type="pmid">15563371</article-id><article-id pub-id-type="doi">10.1186/1471-2105-5-182</article-id><article-categories><subj-group subj-group-type="heading"><subject>Methodology Article</subject></subj-group></article-categories><title-group><article-title>A new mixture model approach to analyzing allelic-loss data using Bayes factors</article-title></title-group><contrib-group><contrib id="A1" corresp="yes" contrib-type="author"><name><surname>Desai</surname><given-names>Manisha</given-names></name><xref ref-type="aff" rid="I1">1</xref><email>manisha.desai@columbia.edu</email></contrib><contrib id="A2" contrib-type="author"><name><surname>Emond</surname><given-names>Mary J</given-names></name><xref ref-type="aff" rid="I2">2</xref><email>emond@u.washington.edu</email></contrib></contrib-group><aff id="I1"><label>1</label>Department of Biostatistics, Columbia University, 722 West 168th Street, R629, New York, NY 10032, USA</aff><aff id="I2"><label>2</label>Department of Biostatistics, University of Washington, Box 357232, Seattle, Washington 98195, USA</aff><pub-date pub-type="collection"><year>2004</year></pub-date><pub-date pub-type="epub"><day>24</day><month>11</month><year>2004</year></pub-date><volume>5</volume><fpage>182</fpage><lpage>182</lpage><ext-link ext-link-type="uri" xlink:href="http://www.biomedcentral.com/1471-2105/5/182"/><history><date date-type="received"><day>9</day><month>4</month><year>2004</year></date><date date-type="accepted"><day>24</day><month>11</month><year>2004</year></date></history><copyright-statement>Copyright © 2004 Desai and Emond; licensee BioMed Central Ltd.</copyright-statement><license license-type="open-access" xlink:href="http://creativecommons.org/licenses/by/2.0"><p>This is an Open Access article distributed under the terms of the Creative Commons Attribution License (<ext-link ext-link-type="uri" xlink:href="http://creativecommons.org/licenses/by/2.0"/>), which permits unrestricted use, distribution, and reproduction in any medium, provided the original work is properly cited.</p></license><abstract><sec><title>Background</title><p>Allelic-loss studies record data on the loss of genetic material in tumor tissue relative to normal tissue at various loci along the genome. As the deletion of a tumor suppressor gene can lead to tumor development, one objective of these studies is to determine which, if any, chromosome arms harbor tumor suppressor genes.</p></sec><sec><title>Results</title><p>We propose a large class of mixture models for describing the data, and we suggest using Bayes factors to select a reasonable model from the class in order to classify the chromosome arms. Bayes factors are especially useful in the case of testing that the number of components in a mixture model is <italic>n</italic><sub>0 </sub>versus <italic>n</italic><sub>1</sub>. In these cases, frequentist test statistics based on the likelihood ratio statistic have unknown distributions and are therefore not applicable. Our simulation study shows that Bayes factors favor the right model most of the time when tumor suppressor genes are present. When no tumor suppressor genes are present and background allelic-loss varies, the Bayes factors are often inconclusive, although this results in a markedly reduced false-positive rate compared to that of standard frequentist approaches. Application of our methods to three data sets of esophageal adenocarcinomas yields interesting differences from those results previously published.</p></sec><sec><title>Conclusions</title><p>Our results indicate that Bayes factors are useful for analyzing allelic-loss data.</p></sec></abstract></article-meta></front></article>