<article xmlns="https://dtd.nlm.nih.gov/ns/archiving/2.3/" xmlns:xsi="http://www.w3.org/2001/XMLSchema-instance" xmlns:mml="http://www.w3.org/1998/Math/MathML" xmlns:xlink="http://www.w3.org/1999/xlink" xsi:schemaLocation="https://dtd.nlm.nih.gov/ns/archiving/2.3/ https://dtd.nlm.nih.gov/archiving/2.3/xsd/archivearticle.xsd" article-type="research-article"><front><journal-meta><journal-id journal-id-type="nlm-ta">BMC Bioinformatics</journal-id><journal-title>BMC Bioinformatics</journal-title><issn pub-type="epub">1471-2105</issn><publisher><publisher-name>BioMed Central</publisher-name><publisher-loc>London</publisher-loc></publisher></journal-meta><article-meta><article-id pub-id-type="accession">PMC547898</article-id><article-id pub-id-type="pmcid">PMC547898</article-id><article-id pub-id-type="pmc-uid">547898</article-id><article-id pub-id-type="pmid">15663796</article-id><article-id pub-id-type="publisher-id">1471-2105-6-15</article-id><article-id pub-id-type="pmid">15663796</article-id><article-id pub-id-type="doi">10.1186/1471-2105-6-15</article-id><article-categories><subj-group subj-group-type="heading"><subject>Methodology Article</subject></subj-group></article-categories><title-group><article-title>Large scale hierarchical clustering of protein sequences</article-title></title-group><contrib-group><contrib id="A1" corresp="yes" contrib-type="author"><name><surname>Krause</surname><given-names>Antje</given-names></name><xref ref-type="aff" rid="I1">1</xref><xref ref-type="aff" rid="I3">3</xref><email>akrause@igw.tfh-wildau.de</email></contrib><contrib id="A2" contrib-type="author"><name><surname>Stoye</surname><given-names>Jens</given-names></name><xref ref-type="aff" rid="I2">2</xref><email>stoye@techfak.uni-bielefeld.de</email></contrib><contrib id="A3" contrib-type="author"><name><surname>Vingron</surname><given-names>Martin</given-names></name><xref ref-type="aff" rid="I1">1</xref><email>vingron@molgen.mpg.de</email></contrib></contrib-group><aff id="I1"><label>1</label>Max Planck Institute for Molecular Genetics, Computational Molecular Biology, Ihnestrasse 73, 14195 Berlin, Germany</aff><aff id="I2"><label>2</label>Universität Bielefeld, Technische Fakultät, AG Genominformatik, Postfach 100131, 33501 Bielefeld, Germany</aff><aff id="I3"><label>3</label>TFH Wildau, Bahnhofstrasse 1, 15745 Wildau, Germany</aff><pub-date pub-type="collection"><year>2005</year></pub-date><pub-date pub-type="epub"><day>22</day><month>1</month><year>2005</year></pub-date><volume>6</volume><fpage>15</fpage><lpage>15</lpage><ext-link ext-link-type="uri" xlink:href="http://www.biomedcentral.com/1471-2105/6/15"/><history><date date-type="received"><day>2</day><month>8</month><year>2004</year></date><date date-type="accepted"><day>22</day><month>1</month><year>2005</year></date></history><copyright-statement>Copyright © 2005 Krause et al; licensee BioMed Central Ltd.</copyright-statement><license license-type="open-access" xlink:href="http://creativecommons.org/licenses/by/2.0"><p>This is an Open Access article distributed under the terms of the Creative Commons Attribution License (<ext-link ext-link-type="uri" xlink:href="http://creativecommons.org/licenses/by/2.0"/>), which permits unrestricted use, distribution, and reproduction in any medium, provided the original work is properly cited.</p></license><abstract><sec><title>Background</title><p>Searching a biological sequence database with a query sequence looking for homologues has become a routine operation in computational biology. In spite of the high degree of sophistication of currently available search routines it is still virtually impossible to identify quickly and clearly a group of sequences that a given query sequence belongs to.</p></sec><sec><title>Results</title><p>We report on our developments in grouping all known protein sequences hierarchically into superfamily and family clusters. Our graph-based algorithms take into account the topology of the sequence space induced by the data itself to construct a biologically meaningful partitioning. We have applied our clustering procedures to a non-redundant set of about 1,000,000 sequences resulting in a hierarchical clustering which is being made available for querying and browsing at <ext-link ext-link-type="uri" xlink:href="http://systers.molgen.mpg.de/"/>.</p></sec><sec><title>Conclusions</title><p>Comparisons with other widely used clustering methods on various data sets show the abilities and strengths of our clustering methods in producing a biologically meaningful grouping of protein sequences.</p></sec></abstract></article-meta></front></article>