<article xmlns="https://dtd.nlm.nih.gov/ns/archiving/2.3/" xmlns:xsi="http://www.w3.org/2001/XMLSchema-instance" xmlns:mml="http://www.w3.org/1998/Math/MathML" xmlns:xlink="http://www.w3.org/1999/xlink" xsi:schemaLocation="https://dtd.nlm.nih.gov/ns/archiving/2.3/ https://dtd.nlm.nih.gov/archiving/2.3/xsd/archivearticle.xsd" article-type="product-review"><front><journal-meta><journal-id journal-id-type="nlm-ta">BMC Bioinformatics</journal-id><journal-title>BMC Bioinformatics</journal-title><issn pub-type="epub">1471-2105</issn><publisher><publisher-name>BioMed Central</publisher-name><publisher-loc>London</publisher-loc></publisher></journal-meta><article-meta><article-id pub-id-type="accession">PMC524480</article-id><article-id pub-id-type="pmcid">PMC524480</article-id><article-id pub-id-type="pmc-uid">524480</article-id><article-id pub-id-type="pmid">15471541</article-id><article-id pub-id-type="publisher-id">1471-2105-5-146</article-id><article-id pub-id-type="pmid">15471541</article-id><article-id pub-id-type="doi">10.1186/1471-2105-5-146</article-id><article-categories><subj-group subj-group-type="heading"><subject>Software</subject></subj-group></article-categories><title-group><article-title>Tools for loading MEDLINE into a local relational database</article-title></title-group><contrib-group><contrib id="A1" contrib-type="author"><name><surname>Oliver</surname><given-names>Diane E</given-names></name><xref ref-type="aff" rid="I1">1</xref><email>oliver@SMI.Stanford.EDU</email></contrib><contrib id="A2" contrib-type="author"><name><surname>Bhalotia</surname><given-names>Gaurav</given-names></name><xref ref-type="aff" rid="I2">2</xref><email>bhalotia@sims.berkeley.edu</email></contrib><contrib id="A3" corresp="yes" contrib-type="author"><name><surname>Schwartz</surname><given-names>Ariel S</given-names></name><xref ref-type="aff" rid="I2">2</xref><email>sariel@cs.berkeley.edu</email></contrib><contrib id="A4" contrib-type="author"><name><surname>Altman</surname><given-names>Russ B</given-names></name><xref ref-type="aff" rid="I1">1</xref><email>russ.altman@stanford.edu</email></contrib><contrib id="A5" contrib-type="author"><name><surname>Hearst</surname><given-names>Marti A</given-names></name><xref ref-type="aff" rid="I3">3</xref><email>hearst@sims.berkeley.edu</email></contrib></contrib-group><aff id="I1"><label>1</label>Department of Genetics, Stanford University, Stanford, CA, USA</aff><aff id="I2"><label>2</label>Computer Science Division, University of California, Berkeley, CA, USA</aff><aff id="I3"><label>3</label>School of Information Management &amp; Systems, University of California, Berkeley, CA, USA</aff><pub-date pub-type="collection"><year>2004</year></pub-date><pub-date pub-type="epub"><day>7</day><month>10</month><year>2004</year></pub-date><volume>5</volume><fpage>146</fpage><lpage>146</lpage><ext-link ext-link-type="uri" xlink:href="http://www.biomedcentral.com/1471-2105/5/146"/><history><date date-type="received"><day>31</day><month>3</month><year>2004</year></date><date date-type="accepted"><day>7</day><month>10</month><year>2004</year></date></history><copyright-statement>Copyright © 2004 Oliver et al; licensee BioMed Central Ltd.</copyright-statement><license license-type="open-access" xlink:href="http://creativecommons.org/licenses/by/2.0"><p>This is an open-access article distributed under the terms of the Creative Commons Attribution License (<ext-link ext-link-type="uri" xlink:href="http://creativecommons.org/licenses/by/2.0"/>), which permits unrestricted use, distribution, and reproduction in any medium, provided the original work is properly cited.</p></license><abstract><sec><title>Background</title><p>Researchers who use MEDLINE for text mining, information extraction, or natural language processing may benefit from having a copy of MEDLINE that they can manage locally. The National Library of Medicine (NLM) distributes MEDLINE in eXtensible Markup Language (XML)-formatted text files, but it is difficult to query MEDLINE in that format. We have developed software tools to parse the MEDLINE data files and load their contents into a relational database. Although the task is conceptually straightforward, the size and scope of MEDLINE make the task nontrivial. Given the increasing importance of text analysis in biology and medicine, we believe a local installation of MEDLINE will provide helpful computing infrastructure for researchers.</p></sec><sec><title>Results</title><p>We developed three software packages that parse and load MEDLINE, and ran each package to install separate instances of the MEDLINE database. For each installation, we collected data on loading time and disk-space utilization to provide examples of the process in different settings. Settings differed in terms of commercial database-management system (IBM DB2 or Oracle 9i), processor (Intel or Sun), programming language of installation software (Java or Perl), and methods employed in different versions of the software. The loading times for the three installations were 76 hours, 196 hours, and 132 hours, and disk-space utilization was 46.3 GB, 37.7 GB, and 31.6 GB, respectively. Loading times varied due to a variety of differences among the systems. Loading time also depended on whether data were written to intermediate files or not, and on whether input files were processed in sequence or in parallel. Disk-space utilization depended on the number of MEDLINE files processed, amount of indexing, and whether abstracts were stored as character large objects or truncated.</p></sec><sec><title>Conclusions</title><p>Relational database (RDBMS) technology supports indexing and querying of very large datasets, and can accommodate a locally stored version of MEDLINE. RDBMS systems support a wide range of queries and facilitate certain tasks that are not directly supported by the application programming interface to PubMed. Because there is variation in hardware, software, and network infrastructures across sites, we cannot predict the exact time required for a user to load MEDLINE, but our results suggest that performance of the software is reasonable. Our database schemas and conversion software are publicly available at <ext-link ext-link-type="uri" xlink:href="http://biotext.berkeley.edu"/>.</p></sec></abstract></article-meta></front></article>