<article xmlns="https://dtd.nlm.nih.gov/ns/archiving/2.3/" xmlns:xsi="http://www.w3.org/2001/XMLSchema-instance" xmlns:mml="http://www.w3.org/1998/Math/MathML" xmlns:xlink="http://www.w3.org/1999/xlink" xsi:schemaLocation="https://dtd.nlm.nih.gov/ns/archiving/2.3/ https://dtd.nlm.nih.gov/archiving/2.3/xsd/archivearticle.xsd" article-type="research-article"><front><journal-meta><journal-id journal-id-type="nlm-ta">BMC Bioinformatics</journal-id><journal-title>BMC Bioinformatics</journal-title><issn pub-type="epub">1471-2105</issn><publisher><publisher-name>BioMed Central</publisher-name><publisher-loc>London</publisher-loc></publisher></journal-meta><article-meta><article-id pub-id-type="accession">PMC534098</article-id><article-id pub-id-type="pmcid">PMC534098</article-id><article-id pub-id-type="pmc-uid">534098</article-id><article-id pub-id-type="pmid">15511292</article-id><article-id pub-id-type="publisher-id">1471-2105-5-170</article-id><article-id pub-id-type="pmid">15511292</article-id><article-id pub-id-type="doi">10.1186/1471-2105-5-170</article-id><article-categories><subj-group subj-group-type="heading"><subject>Research Article</subject></subj-group></article-categories><title-group><article-title>PhyME: A probabilistic algorithm for finding motifs in sets of orthologous sequences</article-title></title-group><contrib-group><contrib id="A1" corresp="yes" contrib-type="author"><name><surname>Sinha</surname><given-names>Saurabh</given-names></name><xref ref-type="aff" rid="I1">1</xref><email>saurabh@lonnrot.rockefeller.edu</email></contrib><contrib id="A2" contrib-type="author"><name><surname>Blanchette</surname><given-names>Mathieu</given-names></name><xref ref-type="aff" rid="I2">2</xref><email>blanchem@mcb.mcgill.ca</email></contrib><contrib id="A3" contrib-type="author"><name><surname>Tompa</surname><given-names>Martin</given-names></name><xref ref-type="aff" rid="I3">3</xref><email>tompa@cs.washington.edu</email></contrib></contrib-group><aff id="I1"><label>1</label>Center for Studies in Physics and Biology, The Rockefeller University, New York, NY 10021, USA</aff><aff id="I2"><label>2</label>School of Computer Science, McGill University, 3480 University Street, Montreal, QC, H3A 2A7, CANADA</aff><aff id="I3"><label>3</label>Department of Computer Science and Engineering, University of Washington, Seattle, WA 98195-2350, USA</aff><pub-date pub-type="collection"><year>2004</year></pub-date><pub-date pub-type="epub"><day>28</day><month>10</month><year>2004</year></pub-date><volume>5</volume><fpage>170</fpage><lpage>170</lpage><ext-link ext-link-type="uri" xlink:href="http://www.biomedcentral.com/1471-2105/5/170"/><history><date date-type="received"><day>6</day><month>5</month><year>2004</year></date><date date-type="accepted"><day>28</day><month>10</month><year>2004</year></date></history><copyright-statement>Copyright © 2004 Sinha et al; licensee BioMed Central Ltd.</copyright-statement><license license-type="open-access" xlink:href="http://creativecommons.org/licenses/by/2.0"><p>This is an Open Access article distributed under the terms of the Creative Commons Attribution License (<ext-link ext-link-type="uri" xlink:href="http://creativecommons.org/licenses/by/2.0"/>), which permits unrestricted use, distribution, and reproduction in any medium, provided the original work is properly cited.</p></license><abstract><sec><title>Background</title><p>This paper addresses the problem of discovering transcription factor binding sites in <italic>heterogeneous </italic>sequence data, which includes regulatory sequences of one or more genes, as well as their orthologs in other species.</p></sec><sec><title>Results</title><p>We propose an algorithm that integrates two important aspects of a motif's significance – <italic>overrepresentation </italic>and <italic>cross-species conservation </italic>– into one probabilistic score. The algorithm allows the input orthologous sequences to be related by any user-specified phylogenetic tree. It is based on the Expectation-Maximization technique, and scales well with the number of species and the length of input sequences. We evaluate the algorithm on synthetic data, and also present results for data sets from yeast, fly, and human.</p></sec><sec><title>Conclusions</title><p>The results demonstrate that the new approach improves motif discovery by exploiting multiple species information.</p></sec></abstract></article-meta></front></article>