<article xmlns="https://dtd.nlm.nih.gov/ns/archiving/2.3/" xmlns:xsi="http://www.w3.org/2001/XMLSchema-instance" xmlns:mml="http://www.w3.org/1998/Math/MathML" xmlns:xlink="http://www.w3.org/1999/xlink" xsi:schemaLocation="https://dtd.nlm.nih.gov/ns/archiving/2.3/ https://dtd.nlm.nih.gov/archiving/2.3/xsd/archivearticle.xsd" article-type="research-article"><front><journal-meta><journal-id journal-id-type="nlm-ta">BMC Bioinformatics</journal-id><journal-title>BMC Bioinformatics</journal-title><issn pub-type="epub">1471-2105</issn><publisher><publisher-name>BioMed Central</publisher-name><publisher-loc>London</publisher-loc></publisher></journal-meta><article-meta><article-id pub-id-type="accession">PMC524524</article-id><article-id pub-id-type="pmcid">PMC524524</article-id><article-id pub-id-type="pmc-uid">524524</article-id><article-id pub-id-type="pmid">15469612</article-id><article-id pub-id-type="publisher-id">1471-2105-5-144</article-id><article-id pub-id-type="pmid">15469612</article-id><article-id pub-id-type="doi">10.1186/1471-2105-5-144</article-id><article-categories><subj-group subj-group-type="heading"><subject>Research Article</subject></subj-group></article-categories><title-group><article-title>Overdispersed logistic regression for SAGE: Modelling multiple groups and covariates</article-title></title-group><contrib-group><contrib id="A1" corresp="yes" contrib-type="author"><name><surname>Baggerly</surname><given-names>Keith A</given-names></name><xref ref-type="aff" rid="I1">1</xref><email>kabagg@mdanderson.org</email></contrib><contrib id="A2" contrib-type="author"><name><surname>Deng</surname><given-names>Li</given-names></name><xref ref-type="aff" rid="I2">2</xref><email>lideng@stat.rice.edu</email></contrib><contrib id="A3" contrib-type="author"><name><surname>Morris</surname><given-names>Jeffrey S</given-names></name><xref ref-type="aff" rid="I1">1</xref><email>jeffmo@odin.mdacc.tmc.edu</email></contrib><contrib id="A4" contrib-type="author"><name><surname>Aldaz</surname><given-names>C Marcelo</given-names></name><xref ref-type="aff" rid="I3">3</xref><email>maaldaz@mdanderson.org</email></contrib></contrib-group><aff id="I1"><label>1</label>Department of Biostatistics and Applied Mathematics, UT M. D. Anderson Cancer Center, Houston, TX, USA</aff><aff id="I2"><label>2</label>Department of Statistics, Rice University, Houston, TX, USA</aff><aff id="I3"><label>3</label>Department of Carcinogenesis, UT M. D. Anderson Cancer Center, Houston, TX, USA</aff><pub-date pub-type="collection"><year>2004</year></pub-date><pub-date pub-type="epub"><day>6</day><month>10</month><year>2004</year></pub-date><volume>5</volume><fpage>144</fpage><lpage>144</lpage><ext-link ext-link-type="uri" xlink:href="http://www.biomedcentral.com/1471-2105/5/144"/><history><date date-type="received"><day>25</day><month>2</month><year>2004</year></date><date date-type="accepted"><day>6</day><month>10</month><year>2004</year></date></history><copyright-statement>Copyright © 2004 Baggerly et al; licensee BioMed Central Ltd.</copyright-statement><license license-type="open-access" xlink:href="http://creativecommons.org/licenses/by/2.0"><p>This is an open-access article distributed under the terms of the Creative Commons Attribution License (<ext-link ext-link-type="uri" xlink:href="http://creativecommons.org/licenses/by/2.0"/>), which permits unrestricted use, distribution, and reproduction in any medium, provided the original work is properly cited.</p></license><abstract><sec><title>Background</title><p>Two major identifiable sources of variation in data derived from the Serial Analysis of Gene Expression (SAGE) are within-library sampling variability and between-library heterogeneity within a group. Most published methods for identifying differential expression focus on just the sampling variability. In recent work, the problem of assessing differential expression between two groups of SAGE libraries has been addressed by introducing a beta-binomial hierarchical model that explicitly deals with both of the above sources of variation. This model leads to a test statistic analogous to a weighted two-sample <italic>t</italic>-test. When the number of groups involved is more than two, however, a more general approach is needed.</p></sec><sec><title>Results</title><p>We describe how logistic regression with overdispersion supplies this generalization, carrying with it the framework for incorporating other covariates into the model as a byproduct. This approach has the advantage that logistic regression routines are available in several common statistical packages.</p></sec><sec><title>Conclusions</title><p>The described method provides an easily implemented tool for analyzing SAGE data that correctly handles multiple types of variation and allows for more flexible modelling.</p></sec></abstract></article-meta></front></article>