<article xmlns="https://dtd.nlm.nih.gov/ns/archiving/2.3/" xmlns:xsi="http://www.w3.org/2001/XMLSchema-instance" xmlns:mml="http://www.w3.org/1998/Math/MathML" xmlns:xlink="http://www.w3.org/1999/xlink" xsi:schemaLocation="https://dtd.nlm.nih.gov/ns/archiving/2.3/ https://dtd.nlm.nih.gov/archiving/2.3/xsd/archivearticle.xsd" article-type="research-article"><front><journal-meta><journal-id journal-id-type="nlm-ta">BMC Bioinformatics</journal-id><journal-title>BMC Bioinformatics</journal-title><issn pub-type="epub">1471-2105</issn><publisher><publisher-name>BioMed Central</publisher-name><publisher-loc>London</publisher-loc></publisher></journal-meta><article-meta><article-id pub-id-type="accession">PMC545999</article-id><article-id pub-id-type="pmcid">PMC545999</article-id><article-id pub-id-type="pmc-uid">545999</article-id><article-id pub-id-type="pmid">15647112</article-id><article-id pub-id-type="publisher-id">1471-2105-6-7</article-id><article-id pub-id-type="pmid">15647112</article-id><article-id pub-id-type="doi">10.1186/1471-2105-6-7</article-id><article-categories><subj-group subj-group-type="heading"><subject>Research Article</subject></subj-group></article-categories><title-group><article-title>Evaluation of methods for predicting the topology of β-barrel outer membrane proteins and a consensus prediction method</article-title></title-group><contrib-group><contrib id="A1" contrib-type="author"><name><surname>Bagos</surname><given-names>Pantelis G</given-names></name><xref ref-type="aff" rid="I1">1</xref><email>pbagos@biol.uoa.gr</email></contrib><contrib id="A2" contrib-type="author"><name><surname>Liakopoulos</surname><given-names>Theodore D</given-names></name><xref ref-type="aff" rid="I1">1</xref><email>liakop@biol.uoa.gr</email></contrib><contrib id="A3" corresp="yes" contrib-type="author"><name><surname>Hamodrakas</surname><given-names>Stavros J</given-names></name><xref ref-type="aff" rid="I1">1</xref><email>shamodr@cc.uoa.gr</email></contrib></contrib-group><aff id="I1"><label>1</label>Department of Cell Biology and Biophysics, Faculty of Biology, University of Athens, Panepistimiopolis, Athens 15701, Greece</aff><pub-date pub-type="collection"><year>2005</year></pub-date><pub-date pub-type="epub"><day>12</day><month>1</month><year>2005</year></pub-date><volume>6</volume><fpage>7</fpage><lpage>7</lpage><ext-link ext-link-type="uri" xlink:href="http://www.biomedcentral.com/1471-2105/6/7"/><history><date date-type="received"><day>7</day><month>9</month><year>2004</year></date><date date-type="accepted"><day>12</day><month>1</month><year>2005</year></date></history><copyright-statement>Copyright © 2005 Bagos et al; licensee BioMed Central Ltd.</copyright-statement><license license-type="open-access" xlink:href="http://creativecommons.org/licenses/by/2.0"><p>This is an Open Access article distributed under the terms of the Creative Commons Attribution License (<ext-link ext-link-type="uri" xlink:href="http://creativecommons.org/licenses/by/2.0"/>), which permits unrestricted use, distribution, and reproduction in any medium, provided the original work is properly cited.</p></license><abstract><sec><title>Background</title><p>Prediction of the transmembrane strands and topology of β-barrel outer membrane proteins is of interest in current bioinformatics research. Several methods have been applied so far for this task, utilizing different algorithmic techniques and a number of freely available predictors exist. The methods can be grossly divided to those based on Hidden Markov Models (HMMs), on Neural Networks (NNs) and on Support Vector Machines (SVMs). In this work, we compare the different available methods for topology prediction of β-barrel outer membrane proteins. We evaluate their performance on a non-redundant dataset of 20 β-barrel outer membrane proteins of gram-negative bacteria, with structures known at atomic resolution. Also, we describe, for the first time, an effective way to combine the individual predictors, at will, to a single consensus prediction method.</p></sec><sec><title>Results</title><p>We assess the statistical significance of the performance of each prediction scheme and conclude that Hidden Markov Model based methods, HMM-B2TMR, ProfTMB and PRED-TMBB, are currently the best predictors, according to either the per-residue accuracy, the segments overlap measure (SOV) or the total number of proteins with correctly predicted topologies in the test set. Furthermore, we show that the available predictors perform better when only transmembrane β-barrel domains are used for prediction, rather than the precursor full-length sequences, even though the HMM-based predictors are not influenced significantly. The consensus prediction method performs significantly better than each individual available predictor, since it increases the accuracy up to 4% regarding SOV and up to 15% in correctly predicted topologies.</p></sec><sec><title>Conclusions</title><p>The consensus prediction method described in this work, optimizes the predicted topology with a dynamic programming algorithm and is implemented in a web-based application freely available to non-commercial users at <ext-link ext-link-type="uri" xlink:href="http://bioinformatics.biol.uoa.gr/ConBBPRED"/>.</p></sec></abstract></article-meta></front></article>