<article xmlns="https://dtd.nlm.nih.gov/ns/archiving/2.3/" xmlns:xsi="http://www.w3.org/2001/XMLSchema-instance" xmlns:mml="http://www.w3.org/1998/Math/MathML" xmlns:xlink="http://www.w3.org/1999/xlink" xsi:schemaLocation="https://dtd.nlm.nih.gov/ns/archiving/2.3/ https://dtd.nlm.nih.gov/archiving/2.3/xsd/archivearticle.xsd" article-type="research-article"><front><journal-meta><journal-id journal-id-type="nlm-ta">BMC Bioinformatics</journal-id><journal-title>BMC Bioinformatics</journal-title><issn pub-type="epub">1471-2105</issn><publisher><publisher-name>BioMed Central</publisher-name><publisher-loc>London</publisher-loc></publisher></journal-meta><article-meta><article-id pub-id-type="accession">PMC535938</article-id><article-id pub-id-type="pmcid">PMC535938</article-id><article-id pub-id-type="pmc-uid">535938</article-id><article-id pub-id-type="pmid">15550167</article-id><article-id pub-id-type="publisher-id">1471-2105-5-178</article-id><article-id pub-id-type="pmid">15550167</article-id><article-id pub-id-type="doi">10.1186/1471-2105-5-178</article-id><article-categories><subj-group subj-group-type="heading"><subject>Methodology Article</subject></subj-group></article-categories><title-group><article-title>GOtcha: a new method for prediction of protein function assessed by the annotation of seven genomes</article-title></title-group><contrib-group><contrib id="A1" corresp="yes" contrib-type="author"><name><surname>Martin</surname><given-names>David MA</given-names></name><xref ref-type="aff" rid="I1">1</xref><email>d.m.a.martin@dundee.ac.uk</email></contrib><contrib id="A2" contrib-type="author"><name><surname>Berriman</surname><given-names>Matthew</given-names></name><xref ref-type="aff" rid="I2">2</xref><email>mb4@sanger.ac.uk</email></contrib><contrib id="A3" contrib-type="author"><name><surname>Barton</surname><given-names>Geoffrey J</given-names></name><xref ref-type="aff" rid="I1">1</xref><email>geoff@compbio.dundee.ac.uk</email></contrib></contrib-group><aff id="I1"><label>1</label>Post-Genomics and Molecular Interactions Centre, School of Life Sciences, University of Dundee, Dow Street, Dundee DD1 5EH, UK</aff><aff id="I2"><label>2</label>The Sanger Institute, Wellcome Trust Genome Campus, Hinxton, Cambs CB10 1SA, UK</aff><pub-date pub-type="collection"><year>2004</year></pub-date><pub-date pub-type="epub"><day>18</day><month>11</month><year>2004</year></pub-date><volume>5</volume><fpage>178</fpage><lpage>178</lpage><ext-link ext-link-type="uri" xlink:href="http://www.biomedcentral.com/1471-2105/5/178"/><history><date date-type="received"><day>5</day><month>7</month><year>2004</year></date><date date-type="accepted"><day>18</day><month>11</month><year>2004</year></date></history><copyright-statement>Copyright © 2004 Martin et al; licensee BioMed Central Ltd.</copyright-statement><license license-type="open-access" xlink:href="http://creativecommons.org/licenses/by/2.0"><p>This is an Open Access article distributed under the terms of the Creative Commons Attribution License (<ext-link ext-link-type="uri" xlink:href="http://creativecommons.org/licenses/by/2.0"/>), which permits unrestricted use, distribution, and reproduction in any medium, provided the original work is properly cited.</p></license><abstract><sec><title>Background</title><p>The function of a novel gene product is typically predicted by transitive assignment of annotation from similar sequences. We describe a novel method, GOtcha, for predicting gene product function by annotation with Gene Ontology (GO) terms. GOtcha predicts GO term associations with term-specific probability (P-score) measures of confidence. Term-specific probabilities are a novel feature of GOtcha and allow the identification of conflicts or uncertainty in annotation.</p></sec><sec><title>Results</title><p>The GOtcha method was applied to the recently sequenced genome for <italic>Plasmodium falciparum </italic>and six other genomes. GOtcha was compared quantitatively for retrieval of assigned GO terms against direct transitive assignment from the highest scoring annotated BLAST search hit (TOPBLAST). GOtcha exploits information deep into the 'twilight zone' of similarity search matches, making use of much information that is otherwise discarded by more simplistic approaches.</p><p>At a P-score cutoff of 50%, GOtcha provided 60% better recovery of annotation terms and 20% higher selectivity than annotation with TOPBLAST at an <italic>E</italic>-value cutoff of 10<sup>-4</sup>.</p></sec><sec><title>Conclusions</title><p>The GOtcha method is a useful tool for genome annotators. It has identified both errors and omissions in the original <italic>Plasmodium falciparum </italic>annotation and is being adopted by many other genome sequencing projects.</p></sec></abstract></article-meta></front></article>