<article xmlns="https://dtd.nlm.nih.gov/ns/archiving/2.3/" xmlns:xsi="http://www.w3.org/2001/XMLSchema-instance" xmlns:mml="http://www.w3.org/1998/Math/MathML" xmlns:xlink="http://www.w3.org/1999/xlink" xsi:schemaLocation="https://dtd.nlm.nih.gov/ns/archiving/2.3/ https://dtd.nlm.nih.gov/archiving/2.3/xsd/archivearticle.xsd" article-type="research-article"><front><journal-meta><journal-id journal-id-type="nlm-ta">BMC Bioinformatics</journal-id><journal-title>BMC Bioinformatics</journal-title><issn pub-type="epub">1471-2105</issn><publisher><publisher-name>BioMed Central</publisher-name><publisher-loc>London</publisher-loc></publisher></journal-meta><article-meta><article-id pub-id-type="accession">PMC538261</article-id><article-id pub-id-type="pmcid">PMC538261</article-id><article-id pub-id-type="pmc-uid">538261</article-id><article-id pub-id-type="pmid">15569388</article-id><article-id pub-id-type="publisher-id">1471-2105-5-185</article-id><article-id pub-id-type="pmid">15569388</article-id><article-id pub-id-type="doi">10.1186/1471-2105-5-185</article-id><article-categories><subj-group subj-group-type="heading"><subject>Methodology Article</subject></subj-group></article-categories><title-group><article-title>Noise filtering and nonparametric analysis of microarray data underscores discriminating markers of oral, prostate, lung, ovarian and breast cancer</article-title></title-group><contrib-group><contrib id="A1" contrib-type="author"><name><surname>Aris</surname><given-names>Virginie M</given-names></name><xref ref-type="aff" rid="I1">1</xref><xref ref-type="aff" rid="I2">2</xref><xref ref-type="aff" rid="I3">3</xref><email>arisvm@umdnj.edu</email></contrib><contrib id="A2" contrib-type="author"><name><surname>Cody</surname><given-names>Michael J</given-names></name><xref ref-type="aff" rid="I1">1</xref><email>cody@phri.org</email></contrib><contrib id="A3" contrib-type="author"><name><surname>Cheng</surname><given-names>Jeff</given-names></name><xref ref-type="aff" rid="I1">1</xref><xref ref-type="aff" rid="I2">2</xref><email>cheng@phri.org</email></contrib><contrib id="A4" contrib-type="author"><name><surname>Dermody</surname><given-names>James J</given-names></name><xref ref-type="aff" rid="I3">3</xref><email>jim.dermody@umdnj.edu</email></contrib><contrib id="A5" contrib-type="author"><name><surname>Soteropoulos</surname><given-names>Patricia</given-names></name><xref ref-type="aff" rid="I1">1</xref><xref ref-type="aff" rid="I3">3</xref><email>soteropoulos@phri.org</email></contrib><contrib id="A6" corresp="yes" contrib-type="author"><name><surname>Recce</surname><given-names>Michael</given-names></name><xref ref-type="aff" rid="I1">1</xref><xref ref-type="aff" rid="I2">2</xref><email>recce@njit.edu</email></contrib><contrib id="A7" contrib-type="author"><name><surname>Tolias</surname><given-names>Peter P</given-names></name><xref ref-type="aff" rid="I1">1</xref><xref ref-type="aff" rid="I3">3</xref><xref ref-type="aff" rid="I4">4</xref><email>PTolias@ocdus.jnj.com</email></contrib></contrib-group><aff id="I1"><label>1</label>Center for Applied Genomics, Public Health Research Institute, Newark, NJ 07103, USA</aff><aff id="I2"><label>2</label>Center for Computational Biology, New Jersey Institute of Technology, Newark, NJ 07103, USA</aff><aff id="I3"><label>3</label>Dept of Microbiology and Molecular Genetics, UMDNJ-New Jersey Medical School, Newark, NJ 07103, USA</aff><aff id="I4"><label>4</label>Current address: Ortho-Clinical Diagnostics a Johnson &amp; Johnson Company, Raritan, NJ 08869, USA</aff><pub-date pub-type="collection"><year>2004</year></pub-date><pub-date pub-type="epub"><day>29</day><month>11</month><year>2004</year></pub-date><volume>5</volume><fpage>185</fpage><lpage>185</lpage><ext-link ext-link-type="uri" xlink:href="http://www.biomedcentral.com/1471-2105/5/185"/><history><date date-type="received"><day>6</day><month>7</month><year>2004</year></date><date date-type="accepted"><day>29</day><month>11</month><year>2004</year></date></history><copyright-statement>Copyright © 2004 Aris et al; licensee BioMed Central Ltd.</copyright-statement><license license-type="open-access" xlink:href="http://creativecommons.org/licenses/by/2.0"><p>This is an Open Access article distributed under the terms of the Creative Commons Attribution License (<ext-link ext-link-type="uri" xlink:href="http://creativecommons.org/licenses/by/2.0"/>), which permits unrestricted use, distribution, and reproduction in any medium, provided the original work is properly cited.</p></license><abstract><sec><title>Background</title><p>A major goal of cancer research is to identify discrete biomarkers that specifically characterize a given malignancy. These markers are useful in diagnosis, may identify potential targets for drug development, and can aid in evaluating treatment efficacy and predicting patient outcome. Microarray technology has enabled marker discovery from human cells by permitting measurement of steady-state mRNA levels derived from thousands of genes. However many challenging and unresolved issues regarding the acquisition and analysis of microarray data remain, such as accounting for both experimental and biological noise, transcripts whose expression profiles are not normally distributed, guidelines for statistical assessment of false positive/negative rates and comparing data derived from different research groups. This study addresses these issues using Affymetrix HG-U95A and HG-U133 GeneChip data derived from different research groups.</p></sec><sec><title>Results</title><p>We present here a simple non parametric approach coupled with noise filtering to identify sets of genes differentially expressed between the normal and cancer states in oral, breast, lung, prostate and ovarian tumors. An important feature of this study is the ability to integrate data from different laboratories, improving the analytical power of the individual results. One of the most interesting findings is the down regulation of genes involved in tissue differentiation.</p></sec><sec><title>Conclusions</title><p>This study presents the development and application of a noise model that suppresses noise, limits false positives in the results, and allows integration of results from individual studies derived from different research groups.</p></sec></abstract></article-meta></front></article>