<article xmlns="https://dtd.nlm.nih.gov/ns/archiving/2.3/" xmlns:xsi="http://www.w3.org/2001/XMLSchema-instance" xmlns:mml="http://www.w3.org/1998/Math/MathML" xmlns:xlink="http://www.w3.org/1999/xlink" xsi:schemaLocation="https://dtd.nlm.nih.gov/ns/archiving/2.3/ https://dtd.nlm.nih.gov/archiving/2.3/xsd/archivearticle.xsd" article-type="research-article"><front><journal-meta><journal-id journal-id-type="nlm-ta">BMC Bioinformatics</journal-id><journal-title>BMC Bioinformatics</journal-title><issn pub-type="epub">1471-2105</issn><publisher><publisher-name>BioMed Central</publisher-name><publisher-loc>London</publisher-loc></publisher></journal-meta><article-meta><article-id pub-id-type="accession">PMC514699</article-id><article-id pub-id-type="pmcid">PMC514699</article-id><article-id pub-id-type="pmc-uid">514699</article-id><article-id pub-id-type="pmid">15310390</article-id><article-id pub-id-type="publisher-id">1471-2105-5-111</article-id><article-id pub-id-type="pmid">15310390</article-id><article-id pub-id-type="doi">10.1186/1471-2105-5-111</article-id><article-categories><subj-group subj-group-type="heading"><subject>Methodology Article</subject></subj-group></article-categories><title-group><article-title>Alternative mapping of probes to genes for <italic>Affymetrix </italic>chips</article-title></title-group><contrib-group><contrib id="A1" corresp="yes" contrib-type="author"><name><surname>Gautier</surname><given-names>Laurent</given-names></name><xref ref-type="aff" rid="I1">1</xref><email>laurent@cbs.dtu.dk</email></contrib><contrib id="A2" contrib-type="author"><name><surname>Møller</surname><given-names>Morten</given-names></name><xref ref-type="aff" rid="I2">2</xref><email>msm@kabelnettet.dk</email></contrib><contrib id="A3" contrib-type="author"><name><surname>Friis-Hansen</surname><given-names>Lennart</given-names></name><xref ref-type="aff" rid="I2">2</xref><email>LennartRH03642Friis-Hansen@rh.dk</email></contrib><contrib id="A4" contrib-type="author"><name><surname>Knudsen</surname><given-names>Steen</given-names></name><xref ref-type="aff" rid="I1">1</xref><email>steen@cbs.dtu.dk</email></contrib></contrib-group><aff id="I1"><label>1</label>Center for Biological Sequence Analysis, Technical University of Denmark, 2800 Lyngby, Denmark</aff><aff id="I2"><label>2</label>Dept. of Clinical Biochemistry, Rigshospitalet, University of Copenhagen, 2100 Copenhagen, Denmark</aff><pub-date pub-type="collection"><year>2004</year></pub-date><pub-date pub-type="epub"><day>14</day><month>8</month><year>2004</year></pub-date><volume>5</volume><fpage>111</fpage><lpage>111</lpage><ext-link ext-link-type="uri" xlink:href="http://www.biomedcentral.com/1471-2105/5/111"/><history><date date-type="received"><day>16</day><month>3</month><year>2004</year></date><date date-type="accepted"><day>14</day><month>8</month><year>2004</year></date></history><copyright-statement>Copyright © 2004 Gautier et al; licensee BioMed Central Ltd.</copyright-statement><license license-type="open-access" xlink:href="http://creativecommons.org/licenses/by/2.0"><p>This is an open-access article distributed under the terms of the Creative Commons Attribution License (<ext-link ext-link-type="uri" xlink:href="http://creativecommons.org/licenses/by/2.0"/>), which permits unrestricted use, distribution, and reproduction in any medium, provided the original work is properly cited.</p></license><abstract><sec><title>Background</title><p>Short oligonucleotide arrays have several probes measuring the expression level of each target transcript. Therefore the selection of probes is a key component for the quality of measurements. However, once probes have been selected and synthesized on an array, it is still possible to re-evaluate the results using an updated mapping of probes to genes, taking into account the latest biological knowledge available.</p></sec><sec sec-type="methods"><title>Methods</title><p>We investigated how probes found on recent commercial microarrays for human genes (Affymetrix HG-U133A) were matching a recent curated collection of human transcripts: the NCBI RefSeq database. We also built mappings and used them in place of the original probe to genes associations provided by the manufacturer of the arrays.</p></sec><sec><title>Results</title><p>In a large number of cases, 36%, the probes matching a reference sequence were consistent with the grouping of probes by the manufacturer of the chips. For the remaining cases there were discrepancies and we show how that can affect the analysis of data.</p></sec><sec><title>Conclusions</title><p>While the probes on Affymetrix arrays remain the same for several years, the biological knowledge concerning the genomic sequences evolves rapidly. Using up-to-date knowledge can apparently change the outcome of an analysis.</p></sec></abstract></article-meta></front></article>