<article xmlns="https://dtd.nlm.nih.gov/ns/archiving/2.3/" xmlns:xsi="http://www.w3.org/2001/XMLSchema-instance" xmlns:mml="http://www.w3.org/1998/Math/MathML" xmlns:xlink="http://www.w3.org/1999/xlink" xsi:schemaLocation="https://dtd.nlm.nih.gov/ns/archiving/2.3/ https://dtd.nlm.nih.gov/archiving/2.3/xsd/archivearticle.xsd" article-type="research-article"><front><journal-meta><journal-id journal-id-type="nlm-ta">BMC Bioinformatics</journal-id><journal-title>BMC Bioinformatics</journal-title><issn pub-type="epub">1471-2105</issn><publisher><publisher-name>BioMed Central</publisher-name><publisher-loc>London</publisher-loc></publisher></journal-meta><article-meta><article-id pub-id-type="accession">PMC551601</article-id><article-id pub-id-type="pmcid">PMC551601</article-id><article-id pub-id-type="pmc-uid">551601</article-id><article-id pub-id-type="pmid">15725357</article-id><article-id pub-id-type="publisher-id">1471-2105-6-35</article-id><article-id pub-id-type="pmid">15725357</article-id><article-id pub-id-type="doi">10.1186/1471-2105-6-35</article-id><article-categories><subj-group subj-group-type="heading"><subject>Methodology Article</subject></subj-group></article-categories><title-group><article-title>Two-part permutation tests for DNA methylation and microarray data</article-title></title-group><contrib-group><contrib id="A1" corresp="yes" contrib-type="author"><name><surname>Neuhäuser</surname><given-names>Markus</given-names></name><xref ref-type="aff" rid="I1">1</xref><email>markus.neuhaeuser@medizin.uni-essen.de</email></contrib><contrib id="A2" contrib-type="author"><name><surname>Boes</surname><given-names>Tanja</given-names></name><xref ref-type="aff" rid="I1">1</xref><email>tanja.boes@medizin.uni-essen.de</email></contrib><contrib id="A3" contrib-type="author"><name><surname>Jöckel</surname><given-names>Karl-Heinz</given-names></name><xref ref-type="aff" rid="I1">1</xref><email>k-h.joeckel@medizin.uni-essen.de</email></contrib></contrib-group><aff id="I1"><label>1</label>Institute for Medical Informatics, Biometry and Epidemiology, University of Duisburg-Essen, Hufelandstr. 55, D-45122 Essen, Germany</aff><pub-date pub-type="collection"><year>2005</year></pub-date><pub-date pub-type="epub"><day>22</day><month>2</month><year>2005</year></pub-date><volume>6</volume><fpage>35</fpage><lpage>35</lpage><ext-link ext-link-type="uri" xlink:href="http://www.biomedcentral.com/1471-2105/6/35"/><history><date date-type="received"><day>10</day><month>12</month><year>2004</year></date><date date-type="accepted"><day>22</day><month>2</month><year>2005</year></date></history><copyright-statement>Copyright © 2005 Neuhäuser et al; licensee BioMed Central Ltd.</copyright-statement><license license-type="open-access" xlink:href="http://creativecommons.org/licenses/by/2.0"><p>This is an Open Access article distributed under the terms of the Creative Commons Attribution License (<ext-link ext-link-type="uri" xlink:href="http://creativecommons.org/licenses/by/2.0"/>), which permits unrestricted use, distribution, and reproduction in any medium, provided the original work is properly cited.</p></license><abstract><sec><title>Background</title><p>One important application of microarray experiments is to identify differentially expressed genes. Often, small and negative expression levels were clipped-off to be equal to an arbitrarily chosen cutoff value before a statistical test is carried out. Then, there are two types of data: truncated values and original observations. The truncated values are not just another point on the continuum of possible values and, therefore, it is appropriate to combine two statistical tests in a two-part model rather than using standard statistical methods. A similar situation occurs when DNA methylation data are investigated. In that case, there are null values (undetectable methylation) and observed positive values. For these data, we propose a two-part permutation test.</p></sec><sec><title>Results</title><p>The proposed permutation test leads to smaller <italic>p</italic>-values in comparison to the original two-part test. We found this for both DNA methylation data and microarray data. With a simulation study we confirmed this result and could show that the two-part permutation test is, on average, more powerful. The new test also reduces, without any loss of power, to a standard test when there are no null or truncated values.</p></sec><sec><title>Conclusion</title><p>The two-part permutation test can be used in routine analyses since it reduces to a standard test when there are positive values only. Further advantages of the new test are that it opens the possibility to use other test statistics to construct the two-part test and that it avoids the use of any asymptotic distribution. The latter advantage is particularly important for the analysis of microarrays since sample sizes are usually small.</p></sec></abstract></article-meta></front></article>