<article xmlns="https://dtd.nlm.nih.gov/ns/archiving/2.3/" xmlns:xsi="http://www.w3.org/2001/XMLSchema-instance" xmlns:mml="http://www.w3.org/1998/Math/MathML" xmlns:xlink="http://www.w3.org/1999/xlink" xsi:schemaLocation="https://dtd.nlm.nih.gov/ns/archiving/2.3/ https://dtd.nlm.nih.gov/archiving/2.3/xsd/archivearticle.xsd" article-type="product-review"><front><journal-meta><journal-id journal-id-type="nlm-ta">BMC Bioinformatics</journal-id><journal-title>BMC Bioinformatics</journal-title><issn pub-type="epub">1471-2105</issn><publisher><publisher-name>BioMed Central</publisher-name><publisher-loc>London</publisher-loc></publisher></journal-meta><article-meta><article-id pub-id-type="accession">PMC514601</article-id><article-id pub-id-type="pmcid">PMC514601</article-id><article-id pub-id-type="pmc-uid">514601</article-id><article-id pub-id-type="pmid">15301693</article-id><article-id pub-id-type="publisher-id">1471-2105-5-107</article-id><article-id pub-id-type="pmid">15301693</article-id><article-id pub-id-type="doi">10.1186/1471-2105-5-107</article-id><article-categories><subj-group subj-group-type="heading"><subject>Software</subject></subj-group></article-categories><title-group><article-title>STING Millennium Suite: integrated software for extensive analyses of 3d structures of proteins and their complexes</article-title></title-group><contrib-group><contrib id="A1" contrib-type="author"><name><surname>Higa</surname><given-names>Roberto H</given-names></name><xref ref-type="aff" rid="I1">1</xref><email>roberto@cnptia.embrapa.br</email></contrib><contrib id="A2" contrib-type="author"><name><surname>Togawa</surname><given-names>Roberto C</given-names></name><xref ref-type="aff" rid="I2">2</xref><email>togawa@cenargen.embrapa.br</email></contrib><contrib id="A3" contrib-type="author"><name><surname>Montagner</surname><given-names>Arnaldo J</given-names></name><xref ref-type="aff" rid="I1">1</xref><email>arnaldo@cnptia.embrapa.br</email></contrib><contrib id="A4" contrib-type="author"><name><surname>Palandrani</surname><given-names>Juliana CF</given-names></name><xref ref-type="aff" rid="I1">1</xref><email>juliana@cbi.cnptia.embrapa.br</email></contrib><contrib id="A5" contrib-type="author"><name><surname>Okimoto</surname><given-names>Igor KS</given-names></name><xref ref-type="aff" rid="I1">1</xref><email>igor@cbi.cnptia.embrapa.br</email></contrib><contrib id="A6" contrib-type="author"><name><surname>Kuser</surname><given-names>Paula R</given-names></name><xref ref-type="aff" rid="I1">1</xref><email>paula@cbi.cnptia.embrapa.br</email></contrib><contrib id="A7" contrib-type="author"><name><surname>Yamagishi</surname><given-names>Michel EB</given-names></name><xref ref-type="aff" rid="I1">1</xref><email>michel@cbi.cnptia.embrapa.br</email></contrib><contrib id="A8" contrib-type="author"><name><surname>Mancini</surname><given-names>Adauto L</given-names></name><xref ref-type="aff" rid="I1">1</xref><email>adauto@cnptia.embrapa.br</email></contrib><contrib id="A9" corresp="yes" contrib-type="author"><name><surname>Neshich</surname><given-names>Goran</given-names></name><xref ref-type="aff" rid="I1">1</xref><email>neshich@cnptia.embrapa.br</email></contrib></contrib-group><aff id="I1"><label>1</label>Núcleo de Bioinformática, Centro Nacional de Pesquisa Agropecuária, Empresa Brasileira de Pesquisa Agropecuária, Campinas, SP, Brazil</aff><aff id="I2"><label>2</label>Laboratório de Bioinformática, Embrapa/Recursos Genéticos e Biotecnologia, Empresa Brasileira de Pesquisa Agropecuária, Brasília, DF, Brazil</aff><pub-date pub-type="collection"><year>2004</year></pub-date><pub-date pub-type="epub"><day>9</day><month>8</month><year>2004</year></pub-date><volume>5</volume><fpage>107</fpage><lpage>107</lpage><ext-link ext-link-type="uri" xlink:href="http://www.biomedcentral.com/1471-2105/5/107"/><history><date date-type="received"><day>26</day><month>1</month><year>2004</year></date><date date-type="accepted"><day>9</day><month>8</month><year>2004</year></date></history><copyright-statement>Copyright © 2004 Higa et al; licensee BioMed Central Ltd.</copyright-statement><license license-type="open-access" xlink:href="http://creativecommons.org/licenses/by/2.0"><p>This is an open-access article distributed under the terms of the Creative Commons Attribution License (<ext-link ext-link-type="uri" xlink:href="http://creativecommons.org/licenses/by/2.0"/>), which permits unrestricted use, distribution, and reproduction in any medium, provided the original work is properly cited.</p></license><abstract><sec><title>Background</title><p>The integration of many aspects of protein/DNA structure analysis is an important requirement for software products in general area of structural bioinformatics. In fact, there are too few software packages on the internet which can be described as successful in this respect. We might say that what is still missing is publicly available, web based software for interactive analysis of the sequence/structure/function of proteins and their complexes with DNA and ligands. Some of existing software packages do have certain level of integration and do offer analysis of several structure related parameters, however not to the extent generally demanded by a user.</p></sec><sec><title>Results</title><p>We are reporting here about new Sting Millennium Suite (SMS) version which is fully accessible (including for local files at client end), web based software for molecular structure and sequence/structure/function analysis. The new SMS client version is now operational also on Linux boxes and it works with non-public pdb formatted files (structures not deposited at the RCSB/PDB), eliminating earlier requirement for the registration if SMS components were to be used with user's local files. At the same time the new SMS offers some important additions and improvements such as link to ProTherm as well as significant re-engineering of SMS component ConSSeq. Also, we have added 3 new SMS mirror sites to existing network of global SMS servers: Argentina, Japan and Spain.</p></sec><sec><title>Conclusion</title><p>SMS is already established software package and many key data base and software servers worldwide, do offer either a link to, or host the SMS. SMS (<underline>S</underline>ting <underline>M</underline>illennium <underline>S</underline>uite) is web-based publicly available software developed to aid researches in their quest for translating information about the structures of macromolecules into knowledge. SMS allows to a user to interactively analyze molecular structures, cross-referencing visualized information with a correlated one, available across the internet. SMS is already used as a didactic tool by some universities. SMS analysis is now possible on Linux OS boxes and with no requirement for registration when using local files.</p></sec></abstract></article-meta></front></article>