<article xmlns="https://dtd.nlm.nih.gov/ns/archiving/2.3/" xmlns:xsi="http://www.w3.org/2001/XMLSchema-instance" xmlns:mml="http://www.w3.org/1998/Math/MathML" xmlns:xlink="http://www.w3.org/1999/xlink" xsi:schemaLocation="https://dtd.nlm.nih.gov/ns/archiving/2.3/ https://dtd.nlm.nih.gov/archiving/2.3/xsd/archivearticle.xsd" article-type="research-article"><front><journal-meta><journal-id journal-id-type="nlm-ta">BMC Bioinformatics</journal-id><journal-title>BMC Bioinformatics</journal-title><issn pub-type="epub">1471-2105</issn><publisher><publisher-name>BioMed Central</publisher-name><publisher-loc>London</publisher-loc></publisher></journal-meta><article-meta><article-id pub-id-type="accession">PMC544875</article-id><article-id pub-id-type="pmcid">PMC544875</article-id><article-id pub-id-type="pmc-uid">544875</article-id><article-id pub-id-type="pmid">15527509</article-id><article-id pub-id-type="publisher-id">1471-2105-5-175</article-id><article-id pub-id-type="pmid">15527509</article-id><article-id pub-id-type="doi">10.1186/1471-2105-5-175</article-id><article-categories><subj-group subj-group-type="heading"><subject>Research Article</subject></subj-group></article-categories><title-group><article-title>Computation of elementary modes: a unifying framework and the new binary approach</article-title></title-group><contrib-group><contrib id="A1" equal-contrib="yes" contrib-type="author"><name><surname>Gagneur</surname><given-names>Julien</given-names></name><xref ref-type="aff" rid="I1">1</xref><email>julien.gagneur@cellzome.com</email></contrib><contrib id="A2" equal-contrib="yes" corresp="yes" contrib-type="author"><name><surname>Klamt</surname><given-names>Steffen</given-names></name><xref ref-type="aff" rid="I2">2</xref><email>klamt@mpi-magdeburg.mpg.de</email></contrib></contrib-group><aff id="I1"><label>1</label>Cellzome AG, Meyerhofstr. 1, 69117 Heidelberg, Germany</aff><aff id="I2"><label>2</label>Max Planck Institute for Dynamics of Complex Technical Systems, Sandtorstr. 1, D-39106 Magdeburg, Germany</aff><pub-date pub-type="collection"><year>2004</year></pub-date><pub-date pub-type="epub"><day>4</day><month>11</month><year>2004</year></pub-date><volume>5</volume><fpage>175</fpage><lpage>175</lpage><ext-link ext-link-type="uri" xlink:href="http://www.biomedcentral.com/1471-2105/5/175"/><history><date date-type="received"><day>28</day><month>6</month><year>2004</year></date><date date-type="accepted"><day>4</day><month>11</month><year>2004</year></date></history><permissions><copyright-statement>Copyright © 2004 Gagneur and Klamt; licensee BioMed Central Ltd.</copyright-statement><copyright-year>2004</copyright-year><copyright-holder>Gagneur and Klamt; licensee BioMed Central Ltd.</copyright-holder><license license-type="open-access" xlink:href="http://creativecommons.org/licenses/by/2.0"><p>This is an Open Access article distributed under the terms of the Creative Commons Attribution License (<ext-link ext-link-type="uri" xlink:href="http://creativecommons.org/licenses/by/2.0"/>), which permits unrestricted use, distribution, and reproduction in any medium, provided the original work is properly cited.</p><!--<rdf xmlns="http://web.resource.org/cc/" xmlns:rdf="http://www.w3.org/1999/02/22-rdf-syntax-ns#" xmlns:dc="http://purl.org/dc/elements/1.1" xmlns:dcterms="http://purl.org/dc/terms"><Work xmlns:dc="http://purl.org/dc/elements/1.1/" xmlns:dcterms="http://purl.org/dc/terms/" rdf:about=""><license rdf:resource="http://creativecommons.org/licenses/by/2.0"/><dc:type rdf:resource="http://purl.org/dc/dcmitype/Text"/><dc:author>
               Gagneur
               Julien
               
               julien.gagneur@cellzome.com
            </dc:author><dc:title>
            Computation of elementary modes: a unifying framework and the new binary approach
         </dc:title><dc:date>2004</dc:date><dcterms:bibliographicCitation>BMC Bioinformatics 5(1): 175-. (2004)</dcterms:bibliographicCitation><dc:identifier type="sici">1471-2105(2004)5:1&#x0003c;175&#x0003e;</dc:identifier><dcterms:isPartOf>urn:ISSN:1471-2105</dcterms:isPartOf><License rdf:about="http://creativecommons.org/licenses/by/2.0"><permits rdf:resource="http://web.resource.org/cc/Reproduction" xmlns=""/><permits rdf:resource="http://web.resource.org/cc/Distribution" xmlns=""/><requires rdf:resource="http://web.resource.org/cc/Notice" xmlns=""/><requires rdf:resource="http://web.resource.org/cc/Attribution" xmlns=""/><permits rdf:resource="http://web.resource.org/cc/DerivativeWorks" xmlns=""/></License></Work></rdf>--></license></permissions><abstract><sec><title>Background</title><p>Metabolic pathway analysis has been recognized as a central approach to the structural analysis of metabolic networks. The concept of elementary (flux) modes provides a rigorous formalism to describe and assess pathways and has proven to be valuable for many applications. However, computing elementary modes is a hard computational task. In recent years we assisted in a multiplication of algorithms dedicated to it. We require a summarizing point of view and a continued improvement of the current methods.</p></sec><sec><title>Results</title><p>We show that computing the set of elementary modes is equivalent to computing the set of extreme rays of a convex cone. This standard mathematical representation provides a unified framework that encompasses the most prominent algorithmic methods that compute elementary modes and allows a clear comparison between them. Taking lessons from this benchmark, we here introduce a new method, the binary approach, which computes the elementary modes as binary patterns of participating reactions from which the respective stoichiometric coefficients can be computed in a post-processing step. We implemented the binary approach in FluxAnalyzer 5.1, a software that is free for academics. The binary approach decreases the memory demand up to 96% without loss of speed giving the most efficient method available for computing elementary modes to date.</p></sec><sec><title>Conclusions</title><p>The equivalence between elementary modes and extreme ray computations offers opportunities for employing tools from polyhedral computation for metabolic pathway analysis. The new binary approach introduced herein was derived from this general theoretical framework and facilitates the computation of elementary modes in considerably larger networks.</p></sec></abstract></article-meta></front></article>