<article xmlns="https://dtd.nlm.nih.gov/ns/archiving/2.3/" xmlns:xsi="http://www.w3.org/2001/XMLSchema-instance" xmlns:mml="http://www.w3.org/1998/Math/MathML" xmlns:xlink="http://www.w3.org/1999/xlink" xsi:schemaLocation="https://dtd.nlm.nih.gov/ns/archiving/2.3/ https://dtd.nlm.nih.gov/archiving/2.3/xsd/archivearticle.xsd" article-type="product-review"><front><journal-meta><journal-id journal-id-type="nlm-ta">BMC Bioinformatics</journal-id><journal-title>BMC Bioinformatics</journal-title><issn pub-type="epub">1471-2105</issn><publisher><publisher-name>BioMed Central</publisher-name><publisher-loc>London</publisher-loc></publisher></journal-meta><article-meta><article-id pub-id-type="accession">PMC520757</article-id><article-id pub-id-type="pmcid">PMC520757</article-id><article-id pub-id-type="pmc-uid">520757</article-id><article-id pub-id-type="pmid">15357879</article-id><article-id pub-id-type="publisher-id">1471-2105-5-128</article-id><article-id pub-id-type="pmid">15357879</article-id><article-id pub-id-type="doi">10.1186/1471-2105-5-128</article-id><article-categories><subj-group subj-group-type="heading"><subject>Software</subject></subj-group></article-categories><title-group><article-title>DIALIGN P: Fast pair-wise and multiple sequence alignment using parallel processors</article-title></title-group><contrib-group><contrib id="A1" contrib-type="author"><name><surname>Schmollinger</surname><given-names>Martin</given-names></name><xref ref-type="aff" rid="I1">1</xref><email>Martin.Schmollinger@fh-furtwangen.de</email></contrib><contrib id="A2" contrib-type="author"><name><surname>Nieselt</surname><given-names>Kay</given-names></name><xref ref-type="aff" rid="I2">2</xref><email>nieselt@informatik.uni-tuebingen.de</email></contrib><contrib id="A3" contrib-type="author"><name><surname>Kaufmann</surname><given-names>Michael</given-names></name><xref ref-type="aff" rid="I1">1</xref><email>mk@informatik.uni-tuebingen.de</email></contrib><contrib id="A4" corresp="yes" contrib-type="author"><name><surname>Morgenstern</surname><given-names>Burkhard</given-names></name><xref ref-type="aff" rid="I3">3</xref><email>bmorgen@gwdg.de</email></contrib></contrib-group><aff id="I1"><label>1</label>Wilhelm-Schickard-Institut fur Informatik, Sand 14, 72076 Tübingen, Germany</aff><aff id="I2"><label>2</label>Center for Bioinformatics Tübingen, Sand 14, 72076 Tübingen, Germany</aff><aff id="I3"><label>3</label>University of Göttingen, Institute of Microbiology and Genetics, Goldschmidtstr. 1, 37077 Göttingen, Germany</aff><pub-date pub-type="collection"><year>2004</year></pub-date><pub-date pub-type="epub"><day>9</day><month>9</month><year>2004</year></pub-date><volume>5</volume><fpage>128</fpage><lpage>128</lpage><ext-link ext-link-type="uri" xlink:href="http://www.biomedcentral.com/1471-2105/5/128"/><history><date date-type="received"><day>23</day><month>3</month><year>2004</year></date><date date-type="accepted"><day>9</day><month>9</month><year>2004</year></date></history><copyright-statement>Copyright © 2004 Schmollinger et al; licensee BioMed Central Ltd.</copyright-statement><license license-type="open-access" xlink:href="http://creativecommons.org/licenses/by/2.0"><p>This is an open-access article distributed under the terms of the Creative Commons Attribution License (<ext-link ext-link-type="uri" xlink:href="http://creativecommons.org/licenses/by/2.0"/>), which permits unrestricted use, distribution, and reproduction in any medium, provided the original work is properly cited.</p></license><abstract><sec><title>Background</title><p>Parallel computing is frequently used to speed up computationally expensive tasks in Bioinformatics.</p></sec><sec><title>Results</title><p>Herein, a parallel version of the multi-alignment program DIALIGN is introduced. We propose two ways of dividing the program into independent sub-routines that can be run on different processors: (<italic>a</italic>) pair-wise sequence alignments that are used as a first step to multiple alignment account for most of the CPU time in DIALIGN. Since alignments of different sequence pairs are completely independent of each other, they can be distributed to multiple processors without any effect on the resulting output alignments. (<italic>b</italic>) For alignments of large genomic sequences, we use a heuristics by splitting up sequences into sub-sequences based on a previously introduced <italic>anchored alignment </italic>procedure. For our test sequences, this combined approach reduces the program running time of DIALIGN by up to 97%.</p></sec><sec><title>Conclusions</title><p>By distributing sub-routines to multiple processors, the running time of DIALIGN can be crucially improved. With these improvements, it is possible to apply the program in large-scale genomics and proteomics projects that were previously beyond its scope.</p></sec></abstract></article-meta></front></article>