<article xmlns="https://dtd.nlm.nih.gov/ns/archiving/2.3/" xmlns:xsi="http://www.w3.org/2001/XMLSchema-instance" xmlns:mml="http://www.w3.org/1998/Math/MathML" xmlns:xlink="http://www.w3.org/1999/xlink" xsi:schemaLocation="https://dtd.nlm.nih.gov/ns/archiving/2.3/ https://dtd.nlm.nih.gov/archiving/2.3/xsd/archivearticle.xsd" article-type="research-article"><front><journal-meta><journal-id journal-id-type="nlm-ta">BMC Bioinformatics</journal-id><journal-title>BMC Bioinformatics</journal-title><issn pub-type="epub">1471-2105</issn><publisher><publisher-name>BioMed Central</publisher-name><publisher-loc>London</publisher-loc></publisher></journal-meta><article-meta><article-id pub-id-type="accession">PMC529250</article-id><article-id pub-id-type="pmcid">PMC529250</article-id><article-id pub-id-type="pmc-uid">529250</article-id><article-id pub-id-type="pmid">15507138</article-id><article-id pub-id-type="publisher-id">1471-2105-5-164</article-id><article-id pub-id-type="pmid">15507138</article-id><article-id pub-id-type="doi">10.1186/1471-2105-5-164</article-id><article-categories><subj-group subj-group-type="heading"><subject>Methodology Article</subject></subj-group></article-categories><title-group><article-title>Multivariate search for differentially expressed gene combinations</article-title></title-group><contrib-group><contrib id="A1" contrib-type="author"><name><surname>Xiao</surname><given-names>Yuanhui</given-names></name><xref ref-type="aff" rid="I1">1</xref><email>yxiao@bst.rochester.edu</email></contrib><contrib id="A2" contrib-type="author"><name><surname>Frisina</surname><given-names>Robert</given-names></name><xref ref-type="aff" rid="I2">2</xref><email>Robert_Frisina@urmc.rochester.edu</email></contrib><contrib id="A3" contrib-type="author"><name><surname>Gordon</surname><given-names>Alexander</given-names></name><xref ref-type="aff" rid="I1">1</xref><email>Alexander_Gordon@urmc.rochester.edu</email></contrib><contrib id="A4" contrib-type="author"><name><surname>Klebanov</surname><given-names>Lev</given-names></name><xref ref-type="aff" rid="I1">1</xref><xref ref-type="aff" rid="I3">3</xref><email>levkleb@yahoo.com</email></contrib><contrib id="A5" corresp="yes" contrib-type="author"><name><surname>Yakovlev</surname><given-names>Andrei</given-names></name><xref ref-type="aff" rid="I1">1</xref><email>Andrei_Yakovlev@urmc.rochester.edu</email></contrib></contrib-group><aff id="I1"><label>1</label>Department of Biostatistics and Computational Biology, University of Rochester, 601 Elmwood Avenue, Rochester, New York 14642, USA</aff><aff id="I2"><label>2</label>Departments of Otolaryngology, Neurobiology and Anatomy, and Biomedical Engineering, University of Rochester, 601 Elmwood Avenue, Rochester, New York 14642, USA</aff><aff id="I3"><label>3</label>Department of Probability and Statistics, Charls University, Sokolovska 83, Praha-8, CZ-18675, Czech Republic</aff><pub-date pub-type="collection"><year>2004</year></pub-date><pub-date pub-type="epub"><day>26</day><month>10</month><year>2004</year></pub-date><volume>5</volume><fpage>164</fpage><lpage>164</lpage><ext-link ext-link-type="uri" xlink:href="http://www.biomedcentral.com/1471-2105/5/164"/><history><date date-type="received"><day>7</day><month>8</month><year>2004</year></date><date date-type="accepted"><day>26</day><month>10</month><year>2004</year></date></history><copyright-statement>Copyright © 2004 Xiao et al; licensee BioMed Central Ltd.</copyright-statement><license license-type="open-access" xlink:href="http://creativecommons.org/licenses/by/2.0"><p>This is an Open Access article distributed under the terms of the Creative Commons Attribution License (<ext-link ext-link-type="uri" xlink:href="http://creativecommons.org/licenses/by/2.0"/>), which permits unrestricted use, distribution, and reproduction in any medium, provided the original work is properly cited.</p></license><abstract><sec><title>Background</title><p>To identify differentially expressed genes, it is standard practice to test a two-sample hypothesis for each gene with a proper adjustment for multiple testing. Such tests are essentially univariate and disregard the multidimensional structure of microarray data. A more general two-sample hypothesis is formulated in terms of the joint distribution of any sub-vector of expression signals.</p></sec><sec><title>Results</title><p>By building on an earlier proposed multivariate test statistic, we propose a new algorithm for identifying differentially expressed gene combinations. The algorithm includes an improved random search procedure designed to generate candidate gene combinations of a given size. Cross-validation is used to provide replication stability of the search procedure. A permutation two-sample test is used for significance testing. We design a multiple testing procedure to control the family-wise error rate (FWER) when selecting significant combinations of genes that result from a successive selection procedure. A target set of genes is composed of all significant combinations selected via random search.</p></sec><sec><title>Conclusions</title><p>A new algorithm has been developed to identify differentially expressed gene combinations. The performance of the proposed search-and-testing procedure has been evaluated by computer simulations and analysis of replicated Affymetrix gene array data on age-related changes in gene expression in the inner ear of CBA mice.</p></sec></abstract></article-meta></front></article>