<article xmlns="https://dtd.nlm.nih.gov/ns/archiving/2.3/" xmlns:xsi="http://www.w3.org/2001/XMLSchema-instance" xmlns:mml="http://www.w3.org/1998/Math/MathML" xmlns:xlink="http://www.w3.org/1999/xlink" xsi:schemaLocation="https://dtd.nlm.nih.gov/ns/archiving/2.3/ https://dtd.nlm.nih.gov/archiving/2.3/xsd/archivearticle.xsd" article-type="research-article"><front><journal-meta><journal-id journal-id-type="nlm-ta">BMC Bioinformatics</journal-id><journal-title>BMC Bioinformatics</journal-title><issn pub-type="epub">1471-2105</issn><publisher><publisher-name>BioMed Central</publisher-name><publisher-loc>London</publisher-loc></publisher></journal-meta><article-meta><article-id pub-id-type="accession">PMC526220</article-id><article-id pub-id-type="pmcid">PMC526220</article-id><article-id pub-id-type="pmc-uid">526220</article-id><article-id pub-id-type="pmid">15476558</article-id><article-id pub-id-type="publisher-id">1471-2105-5-148</article-id><article-id pub-id-type="pmid">15476558</article-id><article-id pub-id-type="doi">10.1186/1471-2105-5-148</article-id><article-categories><subj-group subj-group-type="heading"><subject>Methodology Article</subject></subj-group></article-categories><title-group><article-title>Rank Difference Analysis of Microarrays (RDAM), a novel approach to statistical analysis of microarray expression profiling data</article-title></title-group><contrib-group><contrib id="A1" contrib-type="author"><name><surname>Martin</surname><given-names>Dietmar E</given-names></name><xref ref-type="aff" rid="I1">1</xref><email>dietmar.martin@unibas.ch</email></contrib><contrib id="A2" contrib-type="author"><name><surname>Demougin</surname><given-names>Philippe</given-names></name><xref ref-type="aff" rid="I1">1</xref><email>philippe.demougin@unibas.ch</email></contrib><contrib id="A3" contrib-type="author"><name><surname>Hall</surname><given-names>Michael N</given-names></name><xref ref-type="aff" rid="I1">1</xref><email>m.hall@unibas.ch</email></contrib><contrib id="A4" corresp="yes" contrib-type="author"><name><surname>Bellis</surname><given-names>Michel</given-names></name><xref ref-type="aff" rid="I2">2</xref><email>michel.bellis@crbm.cnrs.fr</email></contrib></contrib-group><aff id="I1"><label>1</label>Biozentrum, University of Basel, CH-4056 Basel, Switzerland</aff><aff id="I2"><label>2</label>CRBM, FRE2593, CNRS, Montpellier, France</aff><pub-date pub-type="collection"><year>2004</year></pub-date><pub-date pub-type="epub"><day>11</day><month>10</month><year>2004</year></pub-date><volume>5</volume><fpage>148</fpage><lpage>148</lpage><ext-link ext-link-type="uri" xlink:href="http://www.biomedcentral.com/1471-2105/5/148"/><history><date date-type="received"><day>22</day><month>7</month><year>2004</year></date><date date-type="accepted"><day>11</day><month>10</month><year>2004</year></date></history><copyright-statement>Copyright © 2004 Martin et al; licensee BioMed Central Ltd.</copyright-statement><license license-type="open-access" xlink:href="http://creativecommons.org/licenses/by/2.0"><p>This is an open-access article distributed under the terms of the Creative Commons Attribution License (<ext-link ext-link-type="uri" xlink:href="http://creativecommons.org/licenses/by/2.0"/>), which permits unrestricted use, distribution, and reproduction in any medium, provided the original work is properly cited.</p></license><abstract><sec><title>Background</title><p>A key step in the analysis of microarray expression profiling data is the identification of genes that display statistically significant changes in expression signals between two biological conditions.</p></sec><sec><title>Results</title><p>We describe a new method, Rank Difference Analysis of Microarrays (RDAM), which estimates the total number of truly varying genes and assigns a p-value to each signal variation. Information on a group of differentially expressed genes includes the sensitivity and the false discovery rate. We demonstrate the feasibility and efficiency of our approach by applying it to a large synthetic expression data set and to a biological data set obtained by comparing vegetatively-growing wild type and tor2-mutant yeast strains. In both cases we observed a significant improvement of the power of analysis when our method is compared to another popular nonparametric method.</p></sec><sec><title>Conclusions</title><p>This study provided a valuable new statistical method to analyze microarray data. We conclude that the good quality of the results obtained by RDAM is mainly due to the quasi-perfect equalization of variation distribution, which is related to the standardization procedure used and to the measurement of variation by rank difference.</p></sec></abstract></article-meta></front></article>