<article xmlns="https://dtd.nlm.nih.gov/ns/archiving/2.3/" xmlns:xsi="http://www.w3.org/2001/XMLSchema-instance" xmlns:mml="http://www.w3.org/1998/Math/MathML" xmlns:xlink="http://www.w3.org/1999/xlink" xsi:schemaLocation="https://dtd.nlm.nih.gov/ns/archiving/2.3/ https://dtd.nlm.nih.gov/archiving/2.3/xsd/archivearticle.xsd" article-type="research-article"><front><journal-meta><journal-id journal-id-type="nlm-ta">BMC Bioinformatics</journal-id><journal-title>BMC Bioinformatics</journal-title><issn pub-type="epub">1471-2105</issn><publisher><publisher-name>BioMed Central</publisher-name><publisher-loc>London</publisher-loc></publisher></journal-meta><article-meta><article-id pub-id-type="accession">PMC555464</article-id><article-id pub-id-type="pmcid">PMC555464</article-id><article-id pub-id-type="pmc-uid">555464</article-id><article-id pub-id-type="pmid">15710037</article-id><article-id pub-id-type="publisher-id">1471-2105-6-30</article-id><article-id pub-id-type="pmid">15710037</article-id><article-id pub-id-type="doi">10.1186/1471-2105-6-30</article-id><article-categories><subj-group subj-group-type="heading"><subject>Research Article</subject></subj-group></article-categories><title-group><article-title>An ant colony optimisation algorithm for the 2D and 3D hydrophobic polar protein folding problem</article-title></title-group><contrib-group><contrib id="A1" contrib-type="author"><name><surname>Shmygelska</surname><given-names>Alena</given-names></name><xref ref-type="aff" rid="I1">1</xref><email>oshmygel@cs.ubc.ca</email></contrib><contrib id="A2" corresp="yes" contrib-type="author"><name><surname>Hoos</surname><given-names>Holger H</given-names></name><xref ref-type="aff" rid="I1">1</xref><email>hoos@cs.ubc.ca</email></contrib></contrib-group><aff id="I1"><label>1</label>Department of Computer Science, University of British Columbia, Vancouver, B.C., V6T 1Z4, Canada</aff><pub-date pub-type="collection"><year>2005</year></pub-date><pub-date pub-type="epub"><day>14</day><month>2</month><year>2005</year></pub-date><volume>6</volume><fpage>30</fpage><lpage>30</lpage><ext-link ext-link-type="uri" xlink:href="http://www.biomedcentral.com/1471-2105/6/30"/><history><date date-type="received"><day>16</day><month>7</month><year>2004</year></date><date date-type="accepted"><day>14</day><month>2</month><year>2005</year></date></history><copyright-statement>Copyright © 2005 Shmygelska and Hoos; licensee BioMed Central Ltd.</copyright-statement><license license-type="open-access" xlink:href="http://creativecommons.org/licenses/by/2.0"><p>This is an Open Access article distributed under the terms of the Creative Commons Attribution License (<ext-link ext-link-type="uri" xlink:href="http://creativecommons.org/licenses/by/2.0"/>), which permits unrestricted use, distribution, and reproduction in any medium, provided the original work is properly cited.</p></license><abstract><sec><title>Background</title><p>The protein folding problem is a fundamental problems in computational molecular biology and biochemical physics. Various optimisation methods have been applied to formulations of the <italic>ab-initio </italic>folding problem that are based on reduced models of protein structure, including Monte Carlo methods, Evolutionary Algorithms, Tabu Search and hybrid approaches. In our work, we have introduced an ant colony optimisation (ACO) algorithm to address the non-deterministic polynomial-time hard (<italic>NP</italic>-hard) combinatorial problem of predicting a protein's conformation from its amino acid sequence under a widely studied, conceptually simple model – the 2-dimensional (2D) and 3-dimensional (3D) hydrophobic-polar (HP) model.</p></sec><sec><title>Results</title><p>We present an improvement of our previous ACO algorithm for the 2D HP model and its extension to the 3D HP model. We show that this new algorithm, dubbed ACO-HPPFP-3, performs better than previous state-of-the-art algorithms on sequences whose native conformations do not contain structural nuclei (parts of the native fold that predominantly consist of local interactions) at the ends, but rather in the middle of the sequence, and that it generally finds a more diverse set of native conformations.</p></sec><sec><title>Conclusions</title><p>The application of ACO to this bioinformatics problem compares favourably with specialised, state-of-the-art methods for the 2D and 3D HP protein folding problem; our empirical results indicate that our rather simple ACO algorithm scales worse with sequence length but usually finds a more diverse ensemble of native states. Therefore the development of ACO algorithms for more complex and realistic models of protein structure holds significant promise.</p></sec></abstract></article-meta></front></article>