<article xmlns="https://dtd.nlm.nih.gov/ns/archiving/2.3/" xmlns:xsi="http://www.w3.org/2001/XMLSchema-instance" xmlns:mml="http://www.w3.org/1998/Math/MathML" xmlns:xlink="http://www.w3.org/1999/xlink" xsi:schemaLocation="https://dtd.nlm.nih.gov/ns/archiving/2.3/ https://dtd.nlm.nih.gov/archiving/2.3/xsd/archivearticle.xsd" article-type="research-article"><front><journal-meta><journal-id journal-id-type="nlm-ta">BMC Bioinformatics</journal-id><journal-title>BMC Bioinformatics</journal-title><issn pub-type="epub">1471-2105</issn><publisher><publisher-name>BioMed Central</publisher-name><publisher-loc>London</publisher-loc></publisher></journal-meta><article-meta><article-id pub-id-type="accession">PMC64605</article-id><article-id pub-id-type="pmcid">PMC64605</article-id><article-id pub-id-type="pmc-uid">64605</article-id><article-id pub-id-type="pmid">11801179</article-id><article-id pub-id-type="publisher-id">1471-2105-2-8</article-id><article-id pub-id-type="pmid">11801179</article-id><article-id pub-id-type="doi">10.1186/1471-2105-2-8</article-id><article-categories><subj-group subj-group-type="heading"><subject>Methodology Article</subject></subj-group></article-categories><title-group><article-title>Noncoding RNA gene detection using comparative sequence analysis</article-title></title-group><contrib-group><contrib id="A1" contrib-type="author"><name><surname>Rivas</surname><given-names>Elena</given-names></name><xref ref-type="aff" rid="I1">1</xref><email>elena@genetics.wustl.edu</email></contrib><contrib id="A2" corresp="yes" contrib-type="author"><name><surname>Eddy</surname><given-names>Sean R</given-names></name><xref ref-type="aff" rid="I1">1</xref><email>eddy@genetics.wustl.edu</email></contrib></contrib-group><aff id="I1"><label>1</label>Howard Hughes Medical Institute and Department of Genetics, Washington University School of Medicine, Saint Louis, Missouri, USA</aff><pub-date pub-type="collection"><year>2001</year></pub-date><pub-date pub-type="epub"><day>10</day><month>10</month><year>2001</year></pub-date><volume>2</volume><fpage>8</fpage><lpage>8</lpage><ext-link ext-link-type="uri" xlink:href="http://www.biomedcentral.com/1471-2105/2/8"/><history><date date-type="received"><day>18</day><month>7</month><year>2001</year></date><date date-type="accepted"><day>10</day><month>10</month><year>2001</year></date></history><permissions><copyright-statement>Copyright © 2001 Rivas and Eddy; licensee BioMed Central Ltd. This is an Open Access article: verbatim copying and redistribution of this article are permitted in all media for any purpose, provided this notice is preserved along with the article's original URL.</copyright-statement><copyright-year>2001</copyright-year><copyright-holder>Rivas and Eddy; licensee BioMed Central Ltd. This is an Open Access article: verbatim copying and redistribution of this article are permitted in all media for any purpose, provided this notice is preserved along with the article's original URL.</copyright-holder></permissions><abstract><sec><title>Background</title><p>Noncoding RNA genes produce transcripts that exert their function without ever producing proteins. Noncoding RNA gene sequences do not have strong statistical signals, unlike protein coding genes. A reliable general purpose computational genefinder for noncoding RNA genes has been elusive.</p></sec><sec><title>Results</title><p>We describe a comparative sequence analysis algorithm for detecting novel structural RNA genes. The key idea is to test the pattern of substitutions observed in a pairwise alignment of two homologous sequences. A conserved coding region tends to show a pattern of synonymous substitutions, whereas a conserved structural RNA tends to show a pattern of compensatory mutations consistent with some base-paired secondary structure. We formalize this intuition using three probabilistic "pair-grammars": a pair stochastic context free grammar modeling alignments constrained by structural RNA evolution, a pair hidden Markov model modeling alignments constrained by coding sequence evolution, and a pair hidden Markov model modeling a null hypothesis of position-independent evolution. Given an input pairwise sequence alignment (e.g. from a BLASTN comparison of two related genomes) we classify the alignment into the coding, RNA, or null class according to the posterior probability of each class.</p></sec><sec><title>Conclusions</title><p>We have implemented this approach as a program, QRNA, which we consider to be a prototype structural noncoding RNA genefinder. Tests suggest that this approach detects noncoding RNA genes with a fair degree of reliability.</p></sec></abstract></article-meta></front></article>