<article xmlns="https://jats.nlm.nih.gov/ns/archiving/1.2/" xmlns:xsi="http://www.w3.org/2001/XMLSchema-instance" xmlns:mml="http://www.w3.org/1998/Math/MathML" xmlns:xlink="http://www.w3.org/1999/xlink" xsi:schemaLocation="https://jats.nlm.nih.gov/ns/archiving/1.2/ https://jats.nlm.nih.gov/archiving/1.2/xsd/JATS-archivearticle1.xsd" article-type="research-article"><front><journal-meta><journal-id journal-id-type="nlm-ta">BMC Bioinformatics</journal-id><journal-title-group><journal-title>BMC Bioinformatics</journal-title></journal-title-group><issn pub-type="epub">1471-2105</issn><publisher><publisher-name>BioMed Central</publisher-name></publisher></journal-meta><article-meta><article-id pub-id-type="accession">PMC65509</article-id><article-id pub-id-type="pmcid">PMC65509</article-id><article-id pub-id-type="pmc-uid">65509</article-id><article-id pub-id-type="pmid">11835687</article-id><article-id pub-id-type="publisher-id">1471-2105-3-3</article-id><article-id pub-id-type="pmid">11835687</article-id><article-id pub-id-type="doi">10.1186/1471-2105-3-3</article-id><article-categories><subj-group subj-group-type="heading"><subject>Research article</subject></subj-group></article-categories><title-group><article-title>Match-Only Integral Distribution (MOID) Algorithm for high-density oligonucleotide array analysis</article-title></title-group><contrib-group><contrib contrib-type="author" id="A1"><name><surname>Zhou</surname><given-names>Yingyao</given-names></name><xref ref-type="aff" rid="I1">1</xref><email>zhou@gnf.org</email></contrib><contrib contrib-type="author" corresp="yes" id="A2"><name><surname>Abagyan</surname><given-names>Ruben</given-names></name><xref ref-type="aff" rid="I1">1</xref><xref ref-type="aff" rid="I2">2</xref><email>abagyan@scripps.edu</email></contrib></contrib-group><aff id="I1"><label>1</label>Genomics Institute of the Novartis Research Foundation, 3115 Merryfield Row, San Diego, CA 92121, USA</aff><aff id="I2"><label>2</label>The Scripps Research Institute, Department of Molecular Biology, 10550 North Torrey Pines Road, La Jolla, CA, 92037, USA</aff><pub-date pub-type="collection"><year>2002</year></pub-date><pub-date pub-type="epub"><day>22</day><month>1</month><year>2002</year></pub-date><volume>3</volume><fpage>3</fpage><lpage>3</lpage><history><date date-type="received"><day>1</day><month>11</month><year>2001</year></date><date date-type="accepted"><day>22</day><month>1</month><year>2002</year></date></history><permissions><copyright-statement>Copyright ©2002 Zhou and Abagyan; licensee BioMed Central Ltd. This is an Open Access article: verbatim copying and redistribution of this article are permitted in all media for any purpose, provided this notice is preserved along with the article's original URL.</copyright-statement><copyright-year>2002</copyright-year><copyright-holder>Zhou and Abagyan; licensee BioMed Central Ltd. This is an Open Access article: verbatim copying and redistribution of this article are permitted in all media for any purpose, provided this notice is preserved along with the article's original URL.</copyright-holder></permissions><self-uri xlink:href="http://www.biomedcentral.com/1471-2105/3/3"/><abstract><sec><title>Background</title><p>High-density oligonucleotide arrays have become a valuable tool for high-throughput gene expression profiling. Increasing the array information density and improving the analysis algorithms are two important computational research topics.</p></sec><sec><title>Results</title><p>A new algorithm, Match-Only Integral Distribution (MOID), was developed to analyze high-density oligonucleotide arrays. Using known data from both spiking experiments and no-change experiments performed with Affymetrix GeneChip<sup>®</sup> arrays, MOID and the Affymetrix algorithm implemented in Microarray Suite 4.0 (MAS4) were compared. While MOID gave similar performance to MAS4 in the spiking experiments, better performance was observed in the no-change experiments.</p><p>MOID also provides a set of alternative statistical analysis tools to MAS4. There are two main features that distinguish MOID from MAS4. First, MOID uses continuous <italic>P</italic> values for the likelihood of gene presence, while MAS4 resorts to discrete absolute calls. Secondly, MOID uses heuristic confidence intervals for both gene expression levels and fold change values, while MAS4 categorizes the significance of gene expression level changes into discrete fold change calls.</p></sec><sec><title>Conclusions</title><p>The results show that by using MOID, Affymetrix GeneChip<sup>®</sup> arrays may need as little as ten probes per gene without compromising analysis accuracy.</p></sec></abstract></article-meta></front></article>