<article xmlns="https://jats.nlm.nih.gov/ns/archiving/1.2/" xmlns:xsi="http://www.w3.org/2001/XMLSchema-instance" xmlns:mml="http://www.w3.org/1998/Math/MathML" xmlns:xlink="http://www.w3.org/1999/xlink" xsi:schemaLocation="https://jats.nlm.nih.gov/ns/archiving/1.2/ https://jats.nlm.nih.gov/archiving/1.2/xsd/JATS-archivearticle1.xsd" article-type="research-article"><front><journal-meta><journal-id journal-id-type="nlm-ta">BMC Bioinformatics</journal-id><journal-title-group><journal-title>BMC Bioinformatics</journal-title></journal-title-group><issn pub-type="epub">1471-2105</issn><publisher><publisher-name>BioMed Central</publisher-name></publisher></journal-meta><article-meta><article-id pub-id-type="accession">PMC99049</article-id><article-id pub-id-type="pmcid">PMC99049</article-id><article-id pub-id-type="pmc-uid">99049</article-id><article-id pub-id-type="pmid">11882250</article-id><article-id pub-id-type="publisher-id">1471-2105-3-8</article-id><article-id pub-id-type="pmid">11882250</article-id><article-id pub-id-type="doi">10.1186/1471-2105-3-8</article-id><article-categories><subj-group subj-group-type="heading"><subject>Methodology article</subject></subj-group></article-categories><title-group><article-title>tacg – a <italic>grep</italic> for DNA</article-title></title-group><contrib-group><contrib contrib-type="author" corresp="yes" id="A1"><name><surname>Mangalam</surname><given-names>Harry J</given-names></name><xref ref-type="aff" rid="I1">1</xref><email>hjm@tacgi.com</email></contrib></contrib-group><aff id="I1"><label>1</label>tacg Informatics, 1 Whistler Ct, Irvine, CA, 92612, USA</aff><pub-date pub-type="collection"><year>2002</year></pub-date><pub-date pub-type="epub"><day>6</day><month>3</month><year>2002</year></pub-date><volume>3</volume><fpage>8</fpage><lpage>8</lpage><history><date date-type="received"><day>14</day><month>11</month><year>2001</year></date><date date-type="accepted"><day>6</day><month>3</month><year>2002</year></date></history><permissions><copyright-statement>Copyright ©2002 Mangalam; licensee BioMed Central Ltd. This is an Open Access article: verbatim copying and redistribution of this article are permitted in all media for any purpose, provided this notice is preserved along with the article's original URL.</copyright-statement><copyright-year>2002</copyright-year><copyright-holder>Mangalam; licensee BioMed Central Ltd. This is an Open Access article: verbatim copying and redistribution of this article are permitted in all media for any purpose, provided this notice is preserved along with the article's original URL.</copyright-holder></permissions><self-uri xlink:href="http://www.biomedcentral.com/1471-2105/3/8"/><abstract><sec><title>Background</title><p>Pattern matching is the core of bioinformatics; it is used in database searching, restriction enzyme mapping, and finding open reading frames. It is done repeatedly over increasingly long sequences, thus codes must be efficient and insensitive to sequence length. Such patterns of interest include simple motifs with IUPAC degeneracies, regular expressions, patterns allowing mismatches, and probability matrices.</p></sec><sec><title>Results</title><p>I describe a small application which allows searching for all the above pattern types individually, which further allows these atomic motifs to be assembled into logical rules for more sophisticated analysis.</p></sec><sec><title>Conclusion</title><p>tacg is small, portable, faster and more capable than most alternatives, relatively easy to modify, and freely available in source code.</p></sec></abstract></article-meta></front></article>