<article xmlns="https://dtd.nlm.nih.gov/ns/archiving/2.3/" xmlns:xsi="http://www.w3.org/2001/XMLSchema-instance" xmlns:mml="http://www.w3.org/1998/Math/MathML" xmlns:xlink="http://www.w3.org/1999/xlink" xsi:schemaLocation="https://dtd.nlm.nih.gov/ns/archiving/2.3/ https://dtd.nlm.nih.gov/archiving/2.3/xsd/archivearticle.xsd" article-type="research-article" xml:lang="EN"><front><journal-meta><journal-id journal-id-type="nlm-ta">Bioinformatics</journal-id><journal-id journal-id-type="publisher-id">bioinformatics</journal-id><journal-id journal-id-type="hwp">bioinfo</journal-id><journal-title>Bioinformatics</journal-title><issn pub-type="ppub">1367-4803</issn><issn pub-type="epub">1460-2059</issn><publisher><publisher-name>Oxford University Press</publisher-name></publisher></journal-meta><article-meta><article-id pub-id-type="accession">PMC2638928</article-id><article-id pub-id-type="pmcid">PMC2638928</article-id><article-id pub-id-type="pmc-uid">2638928</article-id><article-id pub-id-type="pmid">18628288</article-id><article-id pub-id-type="doi">10.1093/bioinformatics/btn354</article-id><article-id pub-id-type="publisher-id">btn354</article-id><article-id pub-id-type="pmid">18628288</article-id><article-categories><subj-group subj-group-type="heading"><subject>Original Papers</subject><subj-group><subject>Genetics and Population Analysis</subject></subj-group></subj-group></article-categories><title-group><article-title>The wisdom of the commons: ensemble tree classifiers for prostate cancer prognosis</article-title></title-group><contrib-group><contrib contrib-type="author"><name><surname>Koziol</surname><given-names>James A.</given-names></name><xref ref-type="aff" rid="AFF1"><sup>1</sup></xref></contrib><contrib contrib-type="author"><name><surname>Feng</surname><given-names>Anne C.</given-names></name><xref ref-type="aff" rid="AFF1"><sup>1</sup></xref></contrib><contrib contrib-type="author"><name><surname>Jia</surname><given-names>Zhenyu</given-names></name><xref ref-type="aff" rid="AFF1"><sup>2</sup></xref></contrib><contrib contrib-type="author"><name><surname>Wang</surname><given-names>Yipeng</given-names></name><xref ref-type="aff" rid="AFF1"><sup>2</sup></xref><xref ref-type="aff" rid="AFF1"><sup>3</sup></xref></contrib><contrib contrib-type="author"><name><surname>Goodison</surname><given-names>Seven</given-names></name><xref ref-type="aff" rid="AFF1"><sup>4</sup></xref></contrib><contrib contrib-type="author"><name><surname>McClelland</surname><given-names>Michael</given-names></name><xref ref-type="aff" rid="AFF1"><sup>3</sup></xref></contrib><contrib contrib-type="author"><name><surname>Mercola</surname><given-names>Dan</given-names></name><xref ref-type="aff" rid="AFF1"><sup>2</sup></xref><xref ref-type="corresp" rid="COR1">*</xref></contrib></contrib-group><aff id="AFF1"><sup>1</sup>The Scripps Research Institute, La Jolla, <sup>2</sup>Translational Cancer Biology, Department of Pathology and Laboratory Medicine, University of California, Irvine, <sup>3</sup>The Sidney Kimmel Cancer Center, San Diego, CA and <sup>4</sup>Department of Surgery, University of Florida, Shands Health Science Center, Jacksonville, FL, USA</aff><author-notes><corresp id="COR1">*To whom correspondence should be addressed.</corresp><fn><p>Associate Editor: Martin Bishop</p></fn></author-notes><pub-date pub-type="ppub"><day>1</day><month>1</month><year>2009</year></pub-date><pub-date pub-type="epub"><day>15</day><month>7</month><year>2008</year></pub-date><volume>25</volume><issue>1</issue><fpage>54</fpage><lpage>60</lpage><history><date date-type="received"><day>3</day><month>4</month><year>2008</year></date><date date-type="rev-recd"><day>9</day><month>7</month><year>2008</year></date><date date-type="accepted"><day>10</day><month>7</month><year>2008</year></date></history><permissions><copyright-statement>© The Author 2008. Published by Oxford University Press. All rights reserved. For Permissions, please email: journals.permissions@oxfordjournals.org</copyright-statement><copyright-year>2008</copyright-year></permissions><abstract><p><bold>Motivation:</bold> Classification and regression trees have long been used for cancer diagnosis and prognosis. Nevertheless, instability and variable selection bias, as well as overfitting, are well-known problems of tree-based methods. In this article, we investigate whether ensemble tree classifiers can ameliorate these difficulties, using data from two recent studies of radical prostatectomy in prostate cancer.</p><p><bold>Results:</bold> Using time to progression following prostatectomy as the relevant clinical endpoint, we found that ensemble tree classifiers robustly and reproducibly identified three subgroups of patients in the two clinical datasets: non-progressors, early progressors and late progressors. Moreover, the consensus classifications were independent predictors of time to progression compared to known clinical prognostic factors.</p><p><bold>Contact:</bold><email>dmercola@uci.edu</email></p></abstract></article-meta></front></article>