<article xmlns="https://dtd.nlm.nih.gov/ns/archiving/2.3/" xmlns:xsi="http://www.w3.org/2001/XMLSchema-instance" xmlns:mml="http://www.w3.org/1998/Math/MathML" xmlns:xlink="http://www.w3.org/1999/xlink" xsi:schemaLocation="https://dtd.nlm.nih.gov/ns/archiving/2.3/ https://dtd.nlm.nih.gov/archiving/2.3/xsd/archivearticle.xsd" article-type="research-article" xml:lang="EN"><front><journal-meta><journal-id journal-id-type="nlm-ta">Bioinformatics</journal-id><journal-id journal-id-type="publisher-id">bioinformatics</journal-id><journal-id journal-id-type="hwp">bioinfo</journal-id><journal-title>Bioinformatics</journal-title><issn pub-type="ppub">1367-4803</issn><issn pub-type="epub">1460-2059</issn><publisher><publisher-name>Oxford University Press</publisher-name></publisher></journal-meta><article-meta><article-id pub-id-type="accession">PMC2687992</article-id><article-id pub-id-type="pmcid">PMC2687992</article-id><article-id pub-id-type="pmc-uid">2687992</article-id><article-id pub-id-type="pmid">19376825</article-id><article-id pub-id-type="doi">10.1093/bioinformatics/btp259</article-id><article-id pub-id-type="publisher-id">btp259</article-id><article-categories><subj-group subj-group-type="heading"><subject>Original Papers</subject><subj-group><subject>Data and Text Mining</subject></subj-group></subj-group></article-categories><title-group><article-title>Application and evaluation of automated semantic annotation of gene expression experiments</article-title></title-group><contrib-group><contrib contrib-type="author"><name><surname>French</surname><given-names>Leon</given-names></name><xref ref-type="aff" rid="AFF1"><sup>1</sup></xref></contrib><contrib contrib-type="author"><name><surname>Lane</surname><given-names>Suzanne</given-names></name><xref ref-type="aff" rid="AFF1"><sup>2</sup></xref></contrib><contrib contrib-type="author"><name><surname>Law</surname><given-names>Tamryn</given-names></name><xref ref-type="aff" rid="AFF1"><sup>2</sup></xref></contrib><contrib contrib-type="author"><name><surname>Xu</surname><given-names>Lydia</given-names></name><xref ref-type="aff" rid="AFF1"><sup>2</sup></xref></contrib><contrib contrib-type="author"><name><surname>Pavlidis</surname><given-names>Paul</given-names></name><xref ref-type="aff" rid="AFF1"><sup>2</sup></xref><xref ref-type="aff" rid="AFF1"><sup>3</sup></xref><xref ref-type="corresp" rid="COR1">*</xref></contrib></contrib-group><aff id="AFF1"><sup>1</sup>Bioinformatics Graduate Program, <sup>2</sup>Department of Psychiatry and <sup>3</sup>Centre for High-Throughput Biology, University of British Columbia, Vancouver, BC, Canada</aff><author-notes><corresp id="COR1">*To whom correspondence should be addressed.</corresp><fn><p>Associate Editor: Alfonso Valencia</p></fn></author-notes><pub-date pub-type="ppub"><day>15</day><month>6</month><year>2009</year></pub-date><pub-date pub-type="epub"><day>17</day><month>4</month><year>2009</year></pub-date><pub-date pub-type="pmc-release"><day>17</day><month>4</month><year>2009</year></pub-date><!-- PMC Release delay is 0 months and 0 days and was based on the
			<pub-date pub-type="epub"/>. --><volume>25</volume><issue>12</issue><fpage>1543</fpage><lpage>1549</lpage><history><date date-type="received"><day>16</day><month>12</month><year>2008</year></date><date date-type="rev-recd"><day>9</day><month>3</month><year>2009</year></date><date date-type="accepted"><day>10</day><month>4</month><year>2009</year></date></history><permissions><copyright-statement>© 2009 The Author(s)</copyright-statement><copyright-year>2009</copyright-year><license license-type="creative-commons" xlink:href="http://creativecommons.org/licenses/by-nc/2.0/uk/"><p><!--CREATIVE COMMONS-->This is an Open Access article distributed under the terms of the Creative Commons Attribution Non-Commercial License (<ext-link ext-link-type="uri" xlink:href="http://creativecommons.org/licenses/by-nc/2.0/uk/">http://creativecommons.org/licenses/by-nc/2.0/uk/</ext-link>) which permits unrestricted non-commercial use, distribution, and reproduction in any medium, provided the original work is properly cited.</p></license></permissions><abstract><p><bold>Motivation:</bold> Many microarray datasets are available online with formalized standards describing the probe sequences and expression values. Unfortunately, the description, conditions and parameters of the experiments are less commonly formalized and often occur as natural language text. This hinders searching, high-throughput analysis, organization and integration of the datasets.</p><p><bold>Results:</bold> We use the lexical resources and software tools from the Unified Medical Language System (UMLS) to extract concepts from text. We then link the UMLS concepts to classes in open biomedical ontologies. The result is accessible and clear semantic annotations of gene expression experiments. We applied the method to 595 expression experiments from Gemma, a resource for re-use and meta-analysis of gene expression profiling data. We evaluated and corrected all stages of the annotation process. The majority of missed annotations were due to a lack of cross-references. The most error-prone stage was the extraction of concepts from phrases. Final review of the annotations in context of the experiments revealed 89% precision. A naive system, lacking the phrase to concept corrections is 68% precise. We have integrated this annotation pipeline into Gemma.</p><p><bold>Availability:</bold> The source code, documentation and <ext-link ext-link-type="uri" xlink:href="http://bioinformatics.oxfordjournals.org/cgi/content/full/btp259/DC1">Supplementary Materials</ext-link> are available at <ext-link ext-link-type="uri" xlink:href="http://www.chibi.ubc.ca/GEOMMTX">http://www.chibi.ubc.ca/GEOMMTX</ext-link>. The results of the manual evaluations are provided as <ext-link ext-link-type="uri" xlink:href="http://bioinformatics.oxfordjournals.org/cgi/content/full/btp259/DC1">Supplementary Material</ext-link>. Both manual and predicted annotations can be viewed and searched via the Gemma website at <ext-link ext-link-type="uri" xlink:href="http://www.chibi.ubc.ca/Gemma">http://www.chibi.ubc.ca/Gemma</ext-link>. The complete set of predicted annotations is available as a machine readable resource description framework graph.</p><p><bold>Contact:</bold><email>paul@chibi.ubc.ca</email></p></abstract></article-meta></front></article>