<article xmlns="https://jats.nlm.nih.gov/ns/archiving/1.2/" xmlns:xsi="http://www.w3.org/2001/XMLSchema-instance" xmlns:mml="http://www.w3.org/1998/Math/MathML" xmlns:xlink="http://www.w3.org/1999/xlink" xsi:schemaLocation="https://jats.nlm.nih.gov/ns/archiving/1.2/ https://jats.nlm.nih.gov/archiving/1.2/xsd/JATS-archivearticle1.xsd" article-type="research-article"><front><journal-meta><journal-id journal-id-type="nlm-ta">Bioinformatics</journal-id><journal-id journal-id-type="publisher-id">bioinformatics</journal-id><journal-id journal-id-type="hwp">bioinfo</journal-id><journal-title-group><journal-title>Bioinformatics</journal-title></journal-title-group><issn pub-type="ppub">1367-4803</issn><issn pub-type="epub">1460-2059</issn><publisher><publisher-name>Oxford University Press</publisher-name></publisher></journal-meta><article-meta><article-id pub-id-type="accession">PMC2638980</article-id><article-id pub-id-type="pmcid">PMC2638980</article-id><article-id pub-id-type="pmc-uid">2638980</article-id><article-id pub-id-type="pmid">18635572</article-id><article-id pub-id-type="pmid">18635572</article-id><article-id pub-id-type="doi">10.1093/bioinformatics/btn363</article-id><article-id pub-id-type="publisher-id">btn363</article-id><article-categories><subj-group subj-group-type="heading"><subject>Applications Note</subject><subj-group><subject>Systems Biology</subject></subj-group></subj-group></article-categories><title-group><article-title>The protein information and property explorer: an easy-to-use, rich-client web application for the management and functional analysis of proteomic data</article-title></title-group><contrib-group><contrib contrib-type="author"><name><surname>Ramos</surname><given-names>H.</given-names></name><xref ref-type="aff" rid="AFF1"><sup>1</sup></xref></contrib><contrib contrib-type="author"><name><surname>Shannon</surname><given-names>P.</given-names></name><xref ref-type="aff" rid="AFF1"><sup>1</sup></xref><xref ref-type="corresp" rid="COR1">*</xref></contrib><contrib contrib-type="author"><name><surname>Aebersold</surname><given-names>R.</given-names></name><xref ref-type="aff" rid="AFF1"><sup>1</sup></xref><xref ref-type="aff" rid="AFF1"><sup>2</sup></xref><xref ref-type="aff" rid="AFF1"><sup>3</sup></xref></contrib></contrib-group><aff id="AFF1"><sup>1</sup>Institute for Systems Biology, 1441 North 34th Street, Seattle, WA 98103-8904, USA, <sup>2</sup>Institute of Molecular Systems Biology and Competence Center for Systems Physiology and Metabolic Disease, ETH Zurich, Zurich, Switzerland and <sup>3</sup>Faculty of Science, University of Zurich, Zurich, Switzerland</aff><author-notes><corresp id="COR1"><sup>*</sup>To whom correspondence should be addressed.</corresp><fn><p>Associate Editor: Trey Ideker</p></fn></author-notes><pub-date pub-type="ppub"><day>15</day><month>9</month><year>2008</year></pub-date><pub-date pub-type="epub"><day>16</day><month>7</month><year>2008</year></pub-date><pub-date pub-type="pmc-release"><day>15</day><month>9</month><year>2009</year></pub-date><!-- PMC Release delay is 12 months and 0 days and was based on the
					<pub-date pub-type="ppub"/>. --><volume>24</volume><issue>18</issue><fpage>2110</fpage><lpage>2111</lpage><history><date date-type="received"><day>8</day><month>4</month><year>2008</year></date><date date-type="rev-recd"><day>13</day><month>6</month><year>2008</year></date><date date-type="accepted"><day>14</day><month>7</month><year>2008</year></date></history><permissions><copyright-statement>Published by Oxford University Press 2008. All rights reserved. For Permissions, please email: journals.permissions@oxfordjournals.org</copyright-statement><copyright-year>2008</copyright-year></permissions><abstract><p><bold>Motivation:</bold> Mass spectrometry experiments in the field of proteomics produce lists containing tens to thousands of identified proteins. With the protein information and property explorer (PIPE), the biologist can acquire functional annotations for these proteins and explore the enrichment of the list, or fraction thereof, with respect to functional classes. These protein lists may be saved for access at a later time or different location. The PIPE is interoperable with the Firegoose and the Gaggle, permitting wide-ranging data exploration and analysis. The PIPE is a rich-client web application which uses AJAX capabilities provided by the Google Web Toolkit, and server-side data storage using Hibernate.</p><p><bold>Availability:</bold><ext-link ext-link-type="uri" xlink:href="http://pipe.systemsbiology.net">http://pipe.systemsbiology.net</ext-link></p><p><bold>Contact:</bold><email>pshannon@systemsbiology.org</email></p></abstract></article-meta></front></article>