<article xmlns="https://jats.nlm.nih.gov/ns/archiving/1.2/" xmlns:xsi="http://www.w3.org/2001/XMLSchema-instance" xmlns:mml="http://www.w3.org/1998/Math/MathML" xmlns:xlink="http://www.w3.org/1999/xlink" xmlns:ali="http://www.niso.org/schemas/ali/1.0" xsi:schemaLocation="https://jats.nlm.nih.gov/ns/archiving/1.2/ https://jats.nlm.nih.gov/archiving/1.2/xsd/JATS-archivearticle1.xsd" article-type="research-article"><front><journal-meta><journal-id journal-id-type="nlm-ta">Bioinformatics</journal-id><journal-id journal-id-type="iso-abbrev">Bioinformatics</journal-id><journal-id journal-id-type="publisher-id">bioinformatics</journal-id><journal-id journal-id-type="hwp">bioinfo</journal-id><journal-title-group><journal-title>Bioinformatics</journal-title></journal-title-group><issn pub-type="ppub">1367-4803</issn><issn pub-type="epub">1367-4811</issn><publisher><publisher-name>Oxford University Press</publisher-name></publisher></journal-meta><article-meta><article-id pub-id-type="accession">PMC2639299</article-id><article-id pub-id-type="pmcid">PMC2639299</article-id><article-id pub-id-type="pmc-uid">2639299</article-id><article-id pub-id-type="pmid">18922806</article-id><article-id pub-id-type="pmid">18922806</article-id><article-id pub-id-type="doi">10.1093/bioinformatics/btn534</article-id><article-id pub-id-type="publisher-id">btn534</article-id><article-categories><subj-group subj-group-type="heading"><subject>Applications Note</subject><subj-group subj-group-type="heading"><subject>Data and Text Mining</subject></subj-group></subj-group></article-categories><title-group><article-title>BioCaster: detecting public health rumors with a Web-based text mining system</article-title></title-group><contrib-group><contrib contrib-type="author"><name><surname>Collier</surname><given-names>Nigel</given-names></name><xref ref-type="aff" rid="AFF1"><sup>1</sup></xref><xref ref-type="aff" rid="AFF1"><sup>2</sup></xref><xref ref-type="corresp" rid="COR1">*</xref></contrib><contrib contrib-type="author"><name><surname>Doan</surname><given-names>Son</given-names></name><xref ref-type="aff" rid="AFF1"><sup>1</sup></xref></contrib><contrib contrib-type="author"><name><surname>Kawazoe</surname><given-names>Ai</given-names></name><xref ref-type="aff" rid="AFF1"><sup>1</sup></xref></contrib><contrib contrib-type="author"><name><surname>Goodwin</surname><given-names>Reiko Matsuda</given-names></name><xref ref-type="aff" rid="AFF1"><sup>1</sup></xref><xref ref-type="aff" rid="AFF1"><sup>3</sup></xref></contrib><contrib contrib-type="author"><name><surname>Conway</surname><given-names>Mike</given-names></name><xref ref-type="aff" rid="AFF1"><sup>1</sup></xref></contrib><contrib contrib-type="author"><name><surname>Tateno</surname><given-names>Yoshio</given-names></name><xref ref-type="aff" rid="AFF1"><sup>4</sup></xref></contrib><contrib contrib-type="author"><name><surname>Ngo</surname><given-names>Quoc-Hung</given-names></name><xref ref-type="aff" rid="AFF1"><sup>5</sup></xref></contrib><contrib contrib-type="author"><name><surname>Dien</surname><given-names>Dinh</given-names></name><xref ref-type="aff" rid="AFF1"><sup>5</sup></xref></contrib><contrib contrib-type="author"><name><surname>Kawtrakul</surname><given-names>Asanee</given-names></name><xref ref-type="aff" rid="AFF1"><sup>6</sup></xref></contrib><contrib contrib-type="author"><name><surname>Takeuchi</surname><given-names>Koichi</given-names></name><xref ref-type="aff" rid="AFF1"><sup>7</sup></xref></contrib><contrib contrib-type="author"><name><surname>Shigematsu</surname><given-names>Mika</given-names></name><xref ref-type="aff" rid="AFF1"><sup>8</sup></xref></contrib><contrib contrib-type="author"><name><surname>Taniguchi</surname><given-names>Kiyosu</given-names></name><xref ref-type="aff" rid="AFF1"><sup>8</sup></xref></contrib></contrib-group><aff id="AFF1"><sup>1</sup>National Institute of Informatics, ROIS, <sup>2</sup>PRESTO, Japan Science and Technology Corporation, Tokyo 101-8430, Japan, <sup>3</sup>Department of Anthropology, Lehman College, CUNY, NY 10468-1589, USA, <sup>4</sup>National Institute of Genetics, ROIS, Mishima 411-8540, Japan, <sup>5</sup>University of Science, Vietnam National University at HCMC, Vietnam, <sup>6</sup>NECTEC and the Department of Computer Engineering, Kasetsart University, Bangkok, Thailand, <sup>7</sup>Okayama University, Okayama 700-8530 and <sup>8</sup>National Institute of Infectious Diseases, Tokyo 162-8640, Japan</aff><author-notes><corresp id="COR1">*To whom correspondence should be addressed.</corresp><fn><p>Associate Editor: Jonathan Wren</p></fn></author-notes><pub-date pub-type="ppub"><day>15</day><month>12</month><year>2008</year></pub-date><pub-date pub-type="epub"><day>15</day><month>10</month><year>2008</year></pub-date><pub-date pub-type="pmc-release"><day>15</day><month>10</month><year>2008</year></pub-date><!-- PMC Release delay is 0 months and 0 days and was based on the
							<pub-date pub-type="epub"/>. --><volume>24</volume><issue>24</issue><fpage>2940</fpage><lpage>2941</lpage><history><date date-type="received"><day>11</day><month>6</month><year>2008</year></date><date date-type="rev-recd"><day>7</day><month>10</month><year>2008</year></date><date date-type="accepted"><day>9</day><month>10</month><year>2008</year></date></history><permissions><copyright-statement>© 2008 The Author(s)</copyright-statement><copyright-year>2008</copyright-year><license license-type="creative-commons" xlink:href="http://creativecommons.org/licenses/by-nc/2.0/uk/"><license-p><!--CREATIVE COMMONS-->This is an Open Access article distributed under the terms of the Creative Commons Attribution Non-Commercial License (<ext-link ext-link-type="uri" xlink:href="http://creativecommons.org/licenses/by-nc/2.0/uk/">http://creativecommons.org/licenses/by-nc/2.0/uk/</ext-link>) which permits unrestricted non-commercial use, distribution, and reproduction in any medium, provided the original work is properly cited.</license-p></license></permissions><abstract><p><bold>Summary:</bold> BioCaster is an ontology-based text mining system for detecting and tracking the distribution of infectious disease outbreaks from linguistic signals on the Web. The system continuously analyzes documents reported from over 1700 RSS feeds, classifies them for topical relevance and plots them onto a Google map using geocoded information. The background knowledge for bridging the gap between Layman's terms and formal-coding systems is contained in the freely available BioCaster ontology which includes information in eight languages focused on the epidemiological role of pathogens as well as geographical locations with their latitudes/longitudes. The system consists of four main stages: topic classification, named entity recognition (NER), disease/location detection and event recognition. Higher order event analysis is used to detect more precisely specified warning signals that can then be notified to registered users via email alerts. Evaluation of the system for topic recognition and entity identification is conducted on a gold standard corpus of annotated news articles.</p><p><bold>Availability:</bold> The BioCaster map and ontology are freely available via a web portal at <ext-link ext-link-type="uri" xlink:href="http://www.biocaster.org">http://www.biocaster.org</ext-link>.</p><p><bold>Contact:</bold><email>collier@nii.ac.jp</email></p></abstract></article-meta></front></article>