<article xmlns="https://dtd.nlm.nih.gov/ns/archiving/2.3/" xmlns:xsi="http://www.w3.org/2001/XMLSchema-instance" xmlns:mml="http://www.w3.org/1998/Math/MathML" xmlns:xlink="http://www.w3.org/1999/xlink" xsi:schemaLocation="https://dtd.nlm.nih.gov/ns/archiving/2.3/ https://dtd.nlm.nih.gov/archiving/2.3/xsd/archivearticle.xsd" article-type="research-article" xml:lang="EN"><front><journal-meta><journal-id journal-id-type="nlm-ta">Bioinformatics</journal-id><journal-id journal-id-type="publisher-id">bioinformatics</journal-id><journal-id journal-id-type="hwp">bioinfo</journal-id><journal-title>Bioinformatics</journal-title><issn pub-type="ppub">1367-4803</issn><issn pub-type="epub">1460-2059</issn><publisher><publisher-name>Oxford University Press</publisher-name></publisher></journal-meta><article-meta><article-id pub-id-type="accession">PMC2638941</article-id><article-id pub-id-type="pmcid">PMC2638941</article-id><article-id pub-id-type="pmc-uid">2638941</article-id><article-id pub-id-type="pmid">19008249</article-id><article-id pub-id-type="doi">10.1093/bioinformatics/btn580</article-id><article-id pub-id-type="publisher-id">btn580</article-id><article-id pub-id-type="pmid">19008249</article-id><article-categories><subj-group subj-group-type="heading"><subject>Original Papers</subject><subj-group><subject>Sequence Analysis</subject></subj-group></subj-group></article-categories><title-group><article-title>Predicting DNA recognition by Cys<sub>2</sub>His<sub>2</sub> zinc finger proteins</article-title></title-group><contrib-group><contrib contrib-type="author"><name><surname>Persikov</surname><given-names>Anton V.</given-names></name><xref ref-type="aff" rid="AFF1"><sup>1</sup></xref></contrib><contrib contrib-type="author"><name><surname>Osada</surname><given-names>Robert</given-names></name><xref ref-type="aff" rid="AFF1"><sup>2</sup></xref></contrib><contrib contrib-type="author"><name><surname>Singh</surname><given-names>Mona</given-names></name><xref ref-type="aff" rid="AFF1"><sup>1</sup></xref><xref ref-type="aff" rid="AFF1"><sup>2</sup></xref><xref ref-type="corresp" rid="COR1">*</xref></contrib></contrib-group><aff id="AFF1"><sup>1</sup>Lewis-Sigler Institute for Integrative Genomics and <sup>2</sup>Department of Computer Science, Princeton University, Princeton, NJ 08544, USA</aff><author-notes><corresp id="COR1"><sup>*</sup>To whom correspondence should be addressed.</corresp><fn><p>Associate Editor: Alfonso Valencia</p></fn></author-notes><pub-date pub-type="ppub"><day>1</day><month>1</month><year>2009</year></pub-date><pub-date pub-type="epub"><day>13</day><month>11</month><year>2008</year></pub-date><volume>25</volume><issue>1</issue><fpage>22</fpage><lpage>29</lpage><history><date date-type="received"><day>14</day><month>7</month><year>2008</year></date><date date-type="rev-recd"><day>14</day><month>10</month><year>2008</year></date><date date-type="accepted"><day>6</day><month>11</month><year>2008</year></date></history><permissions><copyright-statement>© The Author 2008. Published by Oxford University Press. All rights reserved. For Permissions, please email: journals.permissions@oxfordjournals.org</copyright-statement><copyright-year>2008</copyright-year></permissions><abstract><p><bold>Motivation:</bold> Cys<sub>2</sub>His<sub>2</sub> zinc finger (ZF) proteins represent the largest class of eukaryotic transcription factors. Their modular structure and well-conserved protein-DNA interface allow the development of computational approaches for predicting their DNA-binding preferences even when no binding sites are known for a particular protein. The ‘canonical model’ for ZF protein-DNA interaction consists of only four amino acid nucleotide contacts per zinc finger domain.</p><p><bold>Results:</bold> We present an approach for predicting ZF binding based on support vector machines (SVMs). While most previous computational approaches have been based solely on examples of known ZF protein–DNA interactions, ours additionally incorporates information about protein–DNA pairs known to bind weakly or not at all. Moreover, SVMs with a linear kernel can naturally incorporate constraints about the relative binding affinities of protein-DNA pairs; this type of information has not been used previously in predicting ZF protein-DNA binding. Here, we build a high-quality literature-derived experimental database of ZF–DNA binding examples and utilize it to test both linear and polynomial kernels for predicting ZF protein–DNA binding on the basis of the canonical binding model. The polynomial SVM outperforms previously published prediction procedures as well as the linear SVM. This may indicate the presence of dependencies between contacts in the canonical binding model and suggests that modification of the underlying structural model may result in further improved performance in predicting ZF protein–DNA binding. Overall, this work demonstrates that methods incorporating information about non-binding and relative binding of protein–DNA pairs have great potential for effective prediction of protein–DNA interactions.</p><p><bold>Availability:</bold> An online tool for predicting ZF DNA binding is available at <ext-link ext-link-type="uri" xlink:href="http://compbio.cs.princeton.edu/zf/">http://compbio.cs.princeton.edu/zf/</ext-link>.</p><p><bold>Contact:</bold><email>mona@cs.princeton.edu</email></p><p><bold>Supplementary information:</bold><ext-link ext-link-type="uri" xlink:href="http://bioinformatics.oxfordjournals.org/cgi/content/full/btn580/DC1">Supplementary data</ext-link> are available at <italic>Bioinformatics</italic> online.</p></abstract></article-meta></front></article>