<article xmlns="https://dtd.nlm.nih.gov/ns/archiving/2.3/" xmlns:xsi="http://www.w3.org/2001/XMLSchema-instance" xmlns:mml="http://www.w3.org/1998/Math/MathML" xmlns:xlink="http://www.w3.org/1999/xlink" xsi:schemaLocation="https://dtd.nlm.nih.gov/ns/archiving/2.3/ https://dtd.nlm.nih.gov/archiving/2.3/xsd/archivearticle.xsd" article-type="research-article" xml:lang="EN"><front><journal-meta><journal-id journal-id-type="nlm-ta">Bioinformatics</journal-id><journal-id journal-id-type="publisher-id">bioinformatics</journal-id><journal-id journal-id-type="hwp">bioinfo</journal-id><journal-title>Bioinformatics</journal-title><issn pub-type="ppub">1367-4803</issn><issn pub-type="epub">1460-2059</issn><publisher><publisher-name>Oxford University Press</publisher-name></publisher></journal-meta><article-meta><article-id pub-id-type="accession">PMC2682526</article-id><article-id pub-id-type="pmcid">PMC2682526</article-id><article-id pub-id-type="pmc-uid">2682526</article-id><article-id pub-id-type="pmid">19376821</article-id><article-id pub-id-type="doi">10.1093/bioinformatics/btp249</article-id><article-id pub-id-type="publisher-id">btp249</article-id><article-categories><subj-group subj-group-type="heading"><subject>Original Papers</subject><subj-group><subject>Data and Text Mining</subject></subj-group></subj-group></article-categories><title-group><article-title>MeSH Up: effective MeSH text classification for improved document retrieval</article-title></title-group><contrib-group><contrib contrib-type="author"><name><surname>Trieschnigg</surname><given-names>Dolf</given-names></name><xref ref-type="aff" rid="AFF1"><sup>1</sup></xref><xref ref-type="aff" rid="AFF1"><sup>2</sup></xref><xref ref-type="corresp" rid="COR1">*</xref></contrib><contrib contrib-type="author"><name><surname>Pezik</surname><given-names>Piotr</given-names></name><xref ref-type="aff" rid="AFF1"><sup>1</sup></xref></contrib><contrib contrib-type="author"><name><surname>Lee</surname><given-names>Vivian</given-names></name><xref ref-type="aff" rid="AFF1"><sup>1</sup></xref></contrib><contrib contrib-type="author"><name><surname>de Jong</surname><given-names>Franciska</given-names></name><xref ref-type="aff" rid="AFF1"><sup>2</sup></xref></contrib><contrib contrib-type="author"><name><surname>Kraaij</surname><given-names>Wessel</given-names></name><xref ref-type="aff" rid="AFF1"><sup>3</sup></xref></contrib><contrib contrib-type="author"><name><surname>Rebholz-Schuhmann</surname><given-names>Dietrich</given-names></name><xref ref-type="aff" rid="AFF1"><sup>1</sup></xref></contrib></contrib-group><aff id="AFF1"><sup>1</sup>European Bioinformatics Institute, Hinxton, UK, <sup>2</sup>HMI, University of Twente, Enschede and <sup>3</sup>TNO ICT, Delft, The Netherlands</aff><author-notes><corresp id="COR1">*To whom correspondence should be addressed.</corresp><fn><p>Associate Editor: Limsoon Wong</p></fn></author-notes><pub-date pub-type="ppub"><day>1</day><month>6</month><year>2009</year></pub-date><pub-date pub-type="epub"><day>17</day><month>4</month><year>2009</year></pub-date><pub-date pub-type="pmc-release"><day>17</day><month>4</month><year>2009</year></pub-date><!-- PMC Release delay is 0 months and 0 days and was based on the
			<pub-date pub-type="epub"/>. --><volume>25</volume><issue>11</issue><fpage>1412</fpage><lpage>1418</lpage><history><date date-type="received"><day>20</day><month>11</month><year>2008</year></date><date date-type="rev-recd"><day>2</day><month>4</month><year>2009</year></date><date date-type="accepted"><day>7</day><month>4</month><year>2009</year></date></history><permissions><copyright-statement>© 2009 The Author(s)</copyright-statement><copyright-year>2009</copyright-year><license license-type="creative-commons" xlink:href="http://creativecommons.org/licenses/by-nc/2.0/uk/"><p><!--CREATIVE COMMONS-->This is an Open Access article distributed under the terms of the Creative Commons Attribution Non-Commercial License (<ext-link ext-link-type="uri" xlink:href="http://creativecommons.org/licenses/by-nc/2.0/uk/">http://creativecommons.org/licenses/by-nc/2.0/uk/</ext-link>) which permits unrestricted non-commercial use, distribution, and reproduction in any medium, provided the original work is properly cited.</p></license></permissions><abstract><p><bold>Motivation:</bold> Controlled vocabularies such as the Medical Subject Headings (MeSH) thesaurus and the Gene Ontology (GO) provide an efficient way of accessing and organizing biomedical information by reducing the ambiguity inherent to free-text data. Different methods of automating the assignment of MeSH concepts have been proposed to replace manual annotation, but they are either limited to a small subset of MeSH or have only been compared with a limited number of other systems.</p><p><bold>Results:</bold> We compare the performance of six MeSH classification systems [MetaMap, EAGL, a language and a vector space model-based approach, a K-Nearest Neighbor (KNN) approach and MTI] in terms of reproducing and complementing manual MeSH annotations. A KNN system clearly outperforms the other published approaches and scales well with large amounts of text using the full MeSH thesaurus. Our measurements demonstrate to what extent manual MeSH annotations can be reproduced and how they can be complemented by automatic annotations. We also show that a statistically significant improvement can be obtained in information retrieval (IR) when the text of a user's query is automatically annotated with MeSH concepts, compared to using the original textual query alone.</p><p><bold>Conclusions:</bold> The annotation of biomedical texts using controlled vocabularies such as MeSH can be automated to improve text-only IR. Furthermore, the automatic MeSH annotation system we propose is highly scalable and it generates improvements in IR comparable with those observed for manual annotations.</p><p><bold>Contact:</bold><email>trieschn@ewi.utwente.nl</email></p><p><bold>Supplementary information:</bold><ext-link ext-link-type="uri" xlink:href="http://bioinformatics.oxfordjournals.org/cgi/content/full/btp249/DC1">Supplementary data</ext-link> are available at <italic>Bioinformatics</italic> online.</p></abstract></article-meta></front></article>