<article xmlns="https://dtd.nlm.nih.gov/ns/archiving/2.3/" xmlns:xsi="http://www.w3.org/2001/XMLSchema-instance" xmlns:mml="http://www.w3.org/1998/Math/MathML" xmlns:xlink="http://www.w3.org/1999/xlink" xsi:schemaLocation="https://dtd.nlm.nih.gov/ns/archiving/2.3/ https://dtd.nlm.nih.gov/archiving/2.3/xsd/archivearticle.xsd" article-type="research-article" xml:lang="EN"><front><journal-meta><journal-id journal-id-type="nlm-ta">Bioinformatics</journal-id><journal-id journal-id-type="publisher-id">bioinformatics</journal-id><journal-id journal-id-type="hwp">bioinfo</journal-id><journal-title>Bioinformatics</journal-title><issn pub-type="ppub">1367-4803</issn><issn pub-type="epub">1460-2059</issn><publisher><publisher-name>Oxford University Press</publisher-name></publisher></journal-meta><article-meta><article-id pub-id-type="accession">PMC2639072</article-id><article-id pub-id-type="pmcid">PMC2639072</article-id><article-id pub-id-type="pmc-uid">2639072</article-id><article-id pub-id-type="pmid">19073593</article-id><article-id pub-id-type="doi">10.1093/bioinformatics/btn631</article-id><article-id pub-id-type="publisher-id">btn631</article-id><article-id pub-id-type="pmid">19073593</article-id><article-categories><subj-group subj-group-type="heading"><subject>Original Papers</subject><subj-group><subject>Data and Text Mining</subject></subj-group></subj-group></article-categories><title-group><article-title>Evaluating contributions of natural language parsers to protein–protein interaction extraction</article-title></title-group><contrib-group><contrib contrib-type="author"><name><surname>Miyao</surname><given-names>Yusuke</given-names></name><xref ref-type="aff" rid="AFF1"><sup>1</sup></xref></contrib><contrib contrib-type="author"><name><surname>Sagae</surname><given-names>Kenji</given-names></name><xref ref-type="aff" rid="AFF1"><sup>2</sup></xref></contrib><contrib contrib-type="author"><name><surname>Sætre</surname><given-names>Rune</given-names></name><xref ref-type="aff" rid="AFF1"><sup>1</sup></xref></contrib><contrib contrib-type="author"><name><surname>Matsuzaki</surname><given-names>Takuya</given-names></name><xref ref-type="aff" rid="AFF1"><sup>1</sup></xref></contrib><contrib contrib-type="author"><name><surname>Tsujii</surname><given-names>Jun'ichi</given-names></name><xref ref-type="aff" rid="AFF1"><sup>1</sup></xref><xref ref-type="aff" rid="AFF1"><sup>3</sup></xref><xref ref-type="aff" rid="AFF1"><sup>4</sup></xref></contrib></contrib-group><aff id="AFF1"><sup>1</sup>Department of Computer Science, University of Tokyo, Tokyo, Japan, <sup>2</sup>Institute for Creative Technologies, University of Southern California, CA, USA, <sup>3</sup>School of Computer Science, University of Manchester and <sup>4</sup>National Center for Text Mining, Manchester, UK</aff><author-notes><corresp id="COR1">*To whom correspondence should be addressed.</corresp><fn><p>Associate Editor: Jonathan Wren</p></fn></author-notes><pub-date pub-type="ppub"><day>1</day><month>2</month><year>2009</year></pub-date><pub-date pub-type="epub"><day>9</day><month>12</month><year>2008</year></pub-date><pub-date pub-type="pmc-release"><day>9</day><month>12</month><year>2008</year></pub-date><volume>25</volume><issue>3</issue><fpage>394</fpage><lpage>400</lpage><history><date date-type="received"><day>18</day><month>9</month><year>2008</year></date><date date-type="rev-recd"><day>9</day><month>11</month><year>2008</year></date><date date-type="accepted"><day>3</day><month>12</month><year>2008</year></date></history><permissions><copyright-statement>© 2008 The Author(s)</copyright-statement><copyright-year>2008</copyright-year><license license-type="creative-commons" xlink:href="http://creativecommons.org/licenses/by-nc/2.0/uk/"><p><!--CREATIVE COMMONS-->This is an Open Access article distributed under the terms of the Creative Commons Attribution Non-Commercial License (<ext-link ext-link-type="uri" xlink:href="http://creativecommons.org/licenses/by-nc/2.0/uk/">http://creativecommons.org/licenses/by-nc/2.0/uk/</ext-link>) which permits unrestricted non-commercial use, distribution, and reproduction in any medium, provided the original work is properly cited.</p></license></permissions><abstract><p><bold>Motivation:</bold> While text mining technologies for biomedical research have gained popularity as a way to take advantage of the explosive growth of information in text form in biomedical papers, selecting appropriate natural language processing (NLP) tools is still difficult for researchers who are not familiar with recent advances in NLP. This article provides a comparative evaluation of several state-of-the-art natural language parsers, focusing on the task of extracting protein–protein interaction (PPI) from biomedical papers. We measure how each parser, and its output representation, contributes to accuracy improvement when the parser is used as a component in a PPI system.</p><p><bold>Results:</bold> All the parsers attained improvements in accuracy of PPI extraction. The levels of accuracy obtained with these different parsers vary slightly, while differences in parsing speed are larger. The best accuracy in this work was obtained when we combined Miyao and Tsujii's Enju parser and Charniak and Johnson's reranking parser, and the accuracy is better than the state-of-the-art results on the same data.</p><p><bold>Availability:</bold> The PPI extraction system used in this work (AkanePPI) is available online at <ext-link ext-link-type="uri" xlink:href="http://www-tsujii.is.s.u-tokyo.ac.jp/-100downloads/downloads.cgi">http://www-tsujii.is.s.u-tokyo.ac.jp/-100downloads/downloads.cgi</ext-link>. The evaluated parsers are also available online from each developer's site.</p><p><bold>Contact:</bold><email>yusuke@is.s.u-tokyo.ac.jp</email></p></abstract></article-meta></front></article>