<article xmlns="https://dtd.nlm.nih.gov/ns/archiving/2.3/" xmlns:xsi="http://www.w3.org/2001/XMLSchema-instance" xmlns:mml="http://www.w3.org/1998/Math/MathML" xmlns:xlink="http://www.w3.org/1999/xlink" xsi:schemaLocation="https://dtd.nlm.nih.gov/ns/archiving/2.3/ https://dtd.nlm.nih.gov/archiving/2.3/xsd/archivearticle.xsd" article-type="research-article" xml:lang="EN"><front><journal-meta><journal-id journal-id-type="nlm-ta">Bioinformatics</journal-id><journal-id journal-id-type="publisher-id">bioinformatics</journal-id><journal-id journal-id-type="hwp">bioinfo</journal-id><journal-title>Bioinformatics</journal-title><issn pub-type="ppub">1367-4803</issn><issn pub-type="epub">1460-2059</issn><publisher><publisher-name>Oxford University Press</publisher-name></publisher></journal-meta><article-meta><article-id pub-id-type="accession">PMC2687984</article-id><article-id pub-id-type="pmcid">PMC2687984</article-id><article-id pub-id-type="pmc-uid">2687984</article-id><article-id pub-id-type="pmid">19478006</article-id><article-id pub-id-type="doi">10.1093/bioinformatics/btp230</article-id><article-id pub-id-type="publisher-id">btp230</article-id><article-categories><subj-group subj-group-type="heading"><subject>Ismb/Eccb 2009 Conference Proceedings June 27 to July 2, 2009, Stockholm, Sweden</subject><subj-group><subject>Original Papers</subject><subj-group><subject>Sequence Analysis and Alignment</subject></subj-group></subj-group></subj-group></article-categories><title-group><article-title>DISCOVER: a feature-based discriminative method for motif search in complex genomes</article-title></title-group><contrib-group><contrib contrib-type="author"><name><surname>Fu</surname><given-names>Wenjie</given-names></name><xref ref-type="author-notes" rid="FN1"><sup>†</sup></xref></contrib><contrib contrib-type="author"><name><surname>Ray</surname><given-names>Pradipta</given-names></name><xref ref-type="author-notes" rid="FN1"><sup>†</sup></xref></contrib><contrib contrib-type="author"><name><surname>Xing</surname><given-names>Eric P.</given-names></name><xref ref-type="corresp" rid="COR1">*</xref></contrib></contrib-group><aff>School of Computer Science, Carnegie Mellon University, 5000 Forbes Ave, Pittsburgh, PA 15213, USA</aff><author-notes><corresp id="COR1">*To whom correspondence should be addressed.</corresp><fn id="FN1"><p><sup>†</sup>The authors wish it to be known that, in their opinion, the first two authors should be regarded as joint First Authors.</p></fn></author-notes><pub-date pub-type="ppub"><day>15</day><month>6</month><year>2009</year></pub-date><pub-date pub-type="epub"><day>27</day><month>5</month><year>2009</year></pub-date><pub-date pub-type="pmc-release"><day>27</day><month>5</month><year>2009</year></pub-date><!-- PMC Release delay is 0 months and 0 days and was based on the
			<pub-date pub-type="epub"/>. --><volume>25</volume><issue>12</issue><fpage>i321</fpage><lpage>i329</lpage><permissions><copyright-statement>© 2009 The Author(s)</copyright-statement><copyright-year>2009</copyright-year><license license-type="creative-commons" xlink:href="http://creativecommons.org/licenses/by-nc/2.0/uk/"><p><!--CREATIVE COMMONS-->This is an Open Access article distributed under the terms of the Creative Commons Attribution Non-Commercial License (<ext-link ext-link-type="uri" xlink:href="http://creativecommons.org/licenses/by-nc/2.0/uk/">http://creativecommons.org/licenses/by-nc/2.0/uk/</ext-link>) which permits unrestricted non-commercial use, distribution, and reproduction in any medium, provided the original work is properly cited.</p></license></permissions><abstract><p><bold>Motivation:</bold> Identifying transcription factor binding sites (TFBSs) encoding complex regulatory signals in metazoan genomes remains a challenging problem in computational genomics. Due to degeneracy of nucleotide content among binding site instances or motifs, and intricate ‘grammatical organization’ of motifs within <italic>cis</italic>-regulatory modules (CRMs), extant pattern matching-based <italic>in silico</italic> motif search methods often suffer from impractically high false positive rates, especially in the context of analyzing large genomic datasets, and noisy position weight matrices which characterize binding sites. Here, we try to address this problem by using a framework to maximally utilize the information content of the genomic DNA in the region of query, taking cues from values of various biologically meaningful genetic and epigenetic factors in the query region such as clade-specific evolutionary parameters, presence/absence of nearby coding regions, etc. We present a new method for TFBS prediction in metazoan genomes that utilizes both the CRM architecture of sequences and a variety of features of individual motifs. Our proposed approach is based on a discriminative probabilistic model known as conditional random fields that explicitly optimizes the predictive probability of motif presence in large sequences, based on the joint effect of all such features.</p><p><bold>Results:</bold> This model overcomes weaknesses in earlier methods based on less effective statistical formalisms that are sensitive to spurious signals in the data. We evaluate our method on both simulated CRMs and real <italic>Drosophila</italic> sequences in comparison with a wide spectrum of existing models, and outperform the state of the art by 22% in F1 score.</p><p><bold>Availability and Implementation:</bold> The code is publicly available at <ext-link ext-link-type="uri" xlink:href="http://www.sailing.cs.cmu.edu/discover.html">http://www.sailing.cs.cmu.edu/discover.html</ext-link>.</p><p><bold>Contact:</bold><email>epxing@cs.cmu.edu</email></p><p><bold>Supplementary information:</bold><ext-link ext-link-type="uri" xlink:href="http://bioinformatics.oxfordjournals.org/cgi/content/full/btp230/DC1">Supplementary data</ext-link> are available at <italic>Bioinformatics</italic> online.</p></abstract></article-meta></front></article>