<article xmlns="https://jats.nlm.nih.gov/ns/archiving/1.2/" xmlns:xsi="http://www.w3.org/2001/XMLSchema-instance" xmlns:mml="http://www.w3.org/1998/Math/MathML" xmlns:xlink="http://www.w3.org/1999/xlink" xsi:schemaLocation="https://jats.nlm.nih.gov/ns/archiving/1.2/ https://jats.nlm.nih.gov/archiving/1.2/xsd/JATS-archivearticle1.xsd" article-type="research-article"><front><journal-meta><journal-id journal-id-type="nlm-ta">Bioinformatics</journal-id><journal-id journal-id-type="publisher-id">bioinformatics</journal-id><journal-id journal-id-type="hwp">bioinfo</journal-id><journal-title-group><journal-title>Bioinformatics</journal-title></journal-title-group><issn pub-type="ppub">1367-4803</issn><issn pub-type="epub">1460-2059</issn><publisher><publisher-name>Oxford University Press</publisher-name></publisher></journal-meta><article-meta><article-id pub-id-type="accession">PMC2677746</article-id><article-id pub-id-type="pmcid">PMC2677746</article-id><article-id pub-id-type="pmc-uid">2677746</article-id><article-id pub-id-type="pmid">19304874</article-id><article-id pub-id-type="pmid">19304874</article-id><article-id pub-id-type="doi">10.1093/bioinformatics/btp155</article-id><article-id pub-id-type="publisher-id">btp155</article-id><article-categories><subj-group subj-group-type="heading"><subject>Applications Note</subject><subj-group><subject>Data and Text Mining</subject></subj-group></subj-group></article-categories><title-group><article-title>Automated diagnosis of LC-MS/MS performance</article-title></title-group><contrib-group><contrib contrib-type="author"><name><surname>Xu</surname><given-names>Hua</given-names></name><xref ref-type="aff" rid="AFF1"><sup>1</sup></xref><xref ref-type="corresp" rid="COR1">*</xref></contrib><contrib contrib-type="author"><name><surname>Freitas</surname><given-names>Michael A.</given-names></name><xref ref-type="aff" rid="AFF1"><sup>2</sup></xref><xref ref-type="corresp" rid="COR1">*</xref></contrib></contrib-group><aff id="AFF1"><sup>1</sup>Proteomics and Informatics Services Facility, Research Resources Center, University of Illinois at Chicago, Chicago, IL 60612 and <sup>2</sup>Department of Molecular Virology, Immunology and Medical Genetics, the Ohio State University, Columbus, OH 43210, USA</aff><author-notes><corresp id="COR1">*To whom correspondence should be addressed.</corresp><fn><p>Associate Editor: Jonathan Wren</p></fn></author-notes><pub-date pub-type="ppub"><day>15</day><month>5</month><year>2009</year></pub-date><pub-date pub-type="epub"><day>20</day><month>3</month><year>2009</year></pub-date><pub-date pub-type="pmc-release"><day>15</day><month>5</month><year>2010</year></pub-date><!-- PMC Release delay is 12 months and 0 days and was based on the
					<pub-date pub-type="ppub"/>. --><volume>25</volume><issue>10</issue><fpage>1341</fpage><lpage>1343</lpage><history><date date-type="received"><day>1</day><month>12</month><year>2008</year></date><date date-type="rev-recd"><day>21</day><month>2</month><year>2009</year></date><date date-type="accepted"><day>15</day><month>3</month><year>2009</year></date></history><permissions><copyright-statement>© The Author 2009. Published by Oxford University Press. All rights reserved. For Permissions, please email: journals.permissions@oxfordjournals.org</copyright-statement><copyright-year>2009</copyright-year></permissions><abstract><p><bold>Summary:</bold> We report a software scheme for automated diagnosis of liquid chromatography tandem mass spectrometry (LC-MS/MS) system performance. The proposed software scheme provides a robust framework for establishing automated diagnosis of LC-MS/MS system performance for a variety of instruments and experiments. This schematic consists of four main software components: (i) data conversion, (ii) peptide identification, (iii) LC retention time analysis and (iv) system performance evaluation. The implementation of a standard approach for assessing LC-MS/MS system performance enables researchers to apply reliable metrics to assess their workflows performance over different batch experiments. Furthermore, the results from system diagnosis can provide feedback to the workflow to stop batch analysis if system performance falls below prescribed thresholds. A basic implementation of the approach based on the MassMatrix database search and LC retention time analysis programs is presented.</p><p><bold>Availability:</bold> An open source implementation of the LC-MS/MS system diagnosis software based on the MassMatrix database search program is freely available to non-commercial users and can be downloaded at <ext-link ext-link-type="uri" xlink:href="www.massmatrix.net">www.massmatrix.net</ext-link>.</p><p><bold>Contact:</bold><email>huaxu@uic.edu</email>; <email>freitas.5@osu.edu</email></p><p><bold>Supplementary information:</bold><ext-link ext-link-type="uri" xlink:href="http://bioinformatics.oxfordjournals.org/cgi/content/full/btp155/DC1">Supplementary data</ext-link> are available at <italic>Bioinformatics</italic> online.</p></abstract></article-meta></front></article>