<article xmlns="https://jats.nlm.nih.gov/ns/archiving/1.2/" xmlns:xsi="http://www.w3.org/2001/XMLSchema-instance" xmlns:mml="http://www.w3.org/1998/Math/MathML" xmlns:xlink="http://www.w3.org/1999/xlink" xsi:schemaLocation="https://jats.nlm.nih.gov/ns/archiving/1.2/ https://jats.nlm.nih.gov/archiving/1.2/xsd/JATS-archivearticle1.xsd" article-type="research-article"><front><journal-meta><journal-id journal-id-type="nlm-ta">Bioinformatics</journal-id><journal-id journal-id-type="publisher-id">bioinformatics</journal-id><journal-id journal-id-type="hwp">bioinfo</journal-id><journal-title-group><journal-title>Bioinformatics</journal-title></journal-title-group><issn pub-type="ppub">1367-4803</issn><issn pub-type="epub">1460-2059</issn><publisher><publisher-name>Oxford University Press</publisher-name></publisher></journal-meta><article-meta><article-id pub-id-type="accession">PMC2732293</article-id><article-id pub-id-type="pmcid">PMC2732293</article-id><article-id pub-id-type="pmc-uid">2732293</article-id><article-id pub-id-type="pmid">19017657</article-id><article-id pub-id-type="pmid">19017657</article-id><article-id pub-id-type="doi">10.1093/bioinformatics/btn598</article-id><article-id pub-id-type="publisher-id">btn598</article-id><article-categories><subj-group subj-group-type="heading"><subject>Original Papers</subject><subj-group><subject>Sequence Analysis</subject></subj-group></subj-group></article-categories><title-group><article-title>Complexity reduction in context-dependent DNA substitution models</article-title></title-group><contrib-group><contrib contrib-type="author"><name><surname>Majoros</surname><given-names>William H.</given-names></name><xref ref-type="aff" rid="AFF1"><sup>1</sup></xref><xref ref-type="corresp" rid="COR1">*</xref></contrib><contrib contrib-type="author"><name><surname>Ohler</surname><given-names>Uwe</given-names></name><xref ref-type="aff" rid="AFF1"><sup>2</sup></xref></contrib></contrib-group><aff id="AFF1"><sup>1</sup>Institute for Genome Sciences &amp; Policy and <sup>2</sup>Department of Biostatistics &amp; Bioinformatics, Institute for Genome Sciences &amp; Policy, Duke University, Durham, NC, USA</aff><author-notes><fn><p>Associate Editor: Limsoon Wong</p></fn><corresp id="COR1">*To whom correspondence should be addressed.</corresp></author-notes><pub-date pub-type="ppub"><day>15</day><month>1</month><year>2009</year></pub-date><pub-date pub-type="epub"><day>18</day><month>11</month><year>2008</year></pub-date><pub-date pub-type="pmc-release"><day>15</day><month>1</month><year>2010</year></pub-date><!-- PMC Release delay is 12 months and 0 days and was based on the
					<pub-date pub-type="ppub"/>. --><volume>25</volume><issue>2</issue><fpage>175</fpage><lpage>182</lpage><history><date date-type="received"><day>7</day><month>1</month><year>2008</year></date><date date-type="rev-recd"><day>28</day><month>10</month><year>2008</year></date><date date-type="accepted"><day>14</day><month>11</month><year>2008</year></date></history><permissions><copyright-statement>© The Author 2008. Published by Oxford University Press. All rights reserved. For Permissions, please email: journals.permissions@oxfordjournals.org</copyright-statement><copyright-year>2008</copyright-year></permissions><abstract><p><bold>Motivation:</bold> The modeling of conservation patterns in genomic DNA has become increasingly popular for a number of bioinformatic applications. While several systems developed to date incorporate context-dependence in their substitution models, the impact on computational complexity and generalization ability of the resulting higher order models invites the question of whether simpler approaches to context modeling might permit appreciable reductions in model complexity and computational cost, without sacrificing prediction accuracy.</p><p><bold>Results:</bold> We formulate several alternative methods for context modeling based on windowed Bayesian networks, and compare their effects on both accuracy and computational complexity for the task of discriminating functionally distinct segments in vertebrate DNA. Our results show that substantial reductions in the complexity of both the model and the associated inference algorithm can be achieved without reducing predictive accuracy.</p><p><bold>Contact:</bold><email>bmajoros@duke.edu</email></p><p><bold>Supplementary information:</bold><ext-link ext-link-type="uri" xlink:href="http://bioinformatics.oxfordjournals.org/cgi/content/full/btn598/DC1">Supplementary data</ext-link> are available at <italic>Bioinformatics</italic> online.</p></abstract></article-meta></front></article>