<article xmlns="https://jats.nlm.nih.gov/ns/archiving/1.2/" xmlns:xsi="http://www.w3.org/2001/XMLSchema-instance" xmlns:mml="http://www.w3.org/1998/Math/MathML" xmlns:xlink="http://www.w3.org/1999/xlink" xsi:schemaLocation="https://jats.nlm.nih.gov/ns/archiving/1.2/ https://jats.nlm.nih.gov/archiving/1.2/xsd/JATS-archivearticle1.xsd" article-type="research-article"><front><journal-meta><journal-id journal-id-type="nlm-ta">Bioinformatics</journal-id><journal-id journal-id-type="publisher-id">bioinformatics</journal-id><journal-id journal-id-type="hwp">bioinfo</journal-id><journal-title-group><journal-title>Bioinformatics</journal-title></journal-title-group><issn pub-type="ppub">1367-4803</issn><issn pub-type="epub">1460-2059</issn><publisher><publisher-name>Oxford University Press</publisher-name></publisher></journal-meta><article-meta><article-id pub-id-type="accession">PMC2718661</article-id><article-id pub-id-type="pmcid">PMC2718661</article-id><article-id pub-id-type="pmc-uid">2718661</article-id><article-id pub-id-type="pmid">18586736</article-id><article-id pub-id-type="pmid">18586736</article-id><article-id pub-id-type="doi">10.1093/bioinformatics/btn186</article-id><article-id pub-id-type="publisher-id">btn186</article-id><article-categories><subj-group subj-group-type="heading"><subject>Ismb 2008 Conference Proceedings 19–23 July 2008, Toronto</subject><subj-group><subject>Original Papers</subject><subj-group><subject>Other Bioinformatics Applications and Methods</subject></subj-group></subj-group></subj-group></article-categories><title-group><article-title>A maximum common substructure-based algorithm for searching and predicting drug-like compounds</article-title></title-group><contrib-group><contrib contrib-type="author"><name><surname>Cao</surname><given-names>Yiqun</given-names></name><xref ref-type="aff" rid="AFF1"><sup>1</sup></xref><xref ref-type="corresp" rid="COR1">*</xref></contrib><contrib contrib-type="author"><name><surname>Jiang</surname><given-names>Tao</given-names></name><xref ref-type="aff" rid="AFF1"><sup>1</sup></xref></contrib><contrib contrib-type="author"><name><surname>Girke</surname><given-names>Thomas</given-names></name><xref ref-type="aff" rid="AFF1"><sup>2</sup></xref></contrib></contrib-group><aff id="AFF1"><sup>1</sup>Department of Computer Science and Engineering and <sup>2</sup>Department of Botany and Plant Sciences, University of California, Riverside, CA 92521, USA</aff><author-notes><corresp id="COR1">*To whom correspondence should be addressed.</corresp></author-notes><pub-date pub-type="ppub"><day>1</day><month>7</month><year>2008</year></pub-date><pub-date pub-type="pmc-release"><day>1</day><month>7</month><year>2008</year></pub-date><!-- PMC Release delay is 0 months and 0 days and was based on the
							<pub-date pub-type="ppub"/>. --><volume>24</volume><issue>13</issue><fpage>i366</fpage><lpage>i374</lpage><permissions><copyright-statement>© 2008 The Author(s)</copyright-statement><copyright-year>2008</copyright-year><license license-type="creative-commons" xlink:href="http://creativecommons.org/licenses/by-nc/2.0/uk/"><license-p><!--CREATIVE COMMONS-->This is an Open Access article distributed under the terms of the Creative Commons Attribution Non-Commercial License (<ext-link ext-link-type="uri" xlink:href="http://creativecommons.org/licenses/by-nc/2.0/uk/">http://creativecommons.org/licenses/by-nc/2.0/uk/</ext-link>) which permits unrestricted non-commercial use, distribution, and reproduction in any medium, provided the original work is properly cited.</license-p></license></permissions><abstract><p><bold>Motivation:</bold> The prediction of biologically active compounds is of great importance for high-throughput screening (HTS) approaches in drug discovery and chemical genomics. Many computational methods in this area focus on measuring the structural similarities between chemical structures. However, traditional similarity measures are often too rigid or consider only global similarities between structures. The maximum common substructure (MCS) approach provides a more promising and flexible alternative for predicting bioactive compounds.</p><p><bold>Results:</bold> In this article, a new backtracking algorithm for MCS is proposed and compared to global similarity measurements. Our algorithm provides high flexibility in the matching process, and it is very efficient in identifying local structural similarities. To predict and cluster biologically active compounds more efficiently, the concept of <italic>basis compounds</italic> is proposed that enables researchers to easily combine the MCS-based and traditional similarity measures with modern machine learning techniques. Support vector machines (SVMs) are used to test how the MCS-based similarity measure and the <italic>basis compound</italic> vectorization method perform on two empirically tested datasets. The test results show that MCS complements the well-known atom pair descriptor-based similarity measure. By combining these two measures, our SVM-based model predicts the biological activities of chemical compounds with higher specificity and sensitivity.</p><p><bold>Contact:</bold><email>ycao@cs.ucr.edu</email></p><p><bold>Supplementary information:</bold><ext-link ext-link-type="uri" xlink:href="http://bioinformatics.oxfordjournals.org/cgi/content/full/btn186/DC1">Supplementary data</ext-link> are available at <italic>Bioinformatics</italic> online.</p></abstract></article-meta></front></article>