<article xmlns="https://jats.nlm.nih.gov/ns/archiving/1.2/" xmlns:xsi="http://www.w3.org/2001/XMLSchema-instance" xmlns:mml="http://www.w3.org/1998/Math/MathML" xmlns:xlink="http://www.w3.org/1999/xlink" xsi:schemaLocation="https://jats.nlm.nih.gov/ns/archiving/1.2/ https://jats.nlm.nih.gov/archiving/1.2/xsd/JATS-archivearticle1.xsd" article-type="research-article"><front><journal-meta><journal-id journal-id-type="nlm-ta">Bioinformatics</journal-id><journal-id journal-id-type="publisher-id">bioinformatics</journal-id><journal-id journal-id-type="hwp">bioinfo</journal-id><journal-title-group><journal-title>Bioinformatics</journal-title></journal-title-group><issn pub-type="ppub">1367-4803</issn><issn pub-type="epub">1460-2059</issn><publisher><publisher-name>Oxford University Press</publisher-name></publisher></journal-meta><article-meta><article-id pub-id-type="accession">PMC2718627</article-id><article-id pub-id-type="pmcid">PMC2718627</article-id><article-id pub-id-type="pmc-uid">2718627</article-id><article-id pub-id-type="pmid">18586704</article-id><article-id pub-id-type="pmid">18586704</article-id><article-id pub-id-type="doi">10.1093/bioinformatics/btn149</article-id><article-id pub-id-type="publisher-id">btn149</article-id><article-categories><subj-group subj-group-type="heading"><subject>Ismb 2008 Conference Proceedings 19–23 July 2008, Toronto</subject><subj-group><subject>Original Papers</subject><subj-group><subject>Evolution and Phylogeny</subject></subj-group></subj-group></subj-group></article-categories><title-group><article-title>Efficient inference of bacterial strain trees from genome-scale multilocus data</article-title></title-group><contrib-group><contrib contrib-type="author"><name><surname>Than</surname><given-names>C.</given-names></name><xref ref-type="aff" rid="AFF1"><sup>1</sup></xref></contrib><contrib contrib-type="author"><name><surname>Sugino</surname><given-names>R.</given-names></name><xref ref-type="aff" rid="AFF1"><sup>2</sup></xref></contrib><contrib contrib-type="author"><name><surname>Innan</surname><given-names>H.</given-names></name><xref ref-type="aff" rid="AFF1"><sup>2</sup></xref></contrib><contrib contrib-type="author"><name><surname>Nakhleh</surname><given-names>L.</given-names></name><xref ref-type="aff" rid="AFF1"><sup>1</sup></xref><xref ref-type="corresp" rid="COR1">*</xref></contrib></contrib-group><aff id="AFF1"><sup>1</sup>Department of Computer Science, Rice University, Houston, TX 77005, USA and <sup>2</sup>Department of Evolutionary Studies of Biosystems, Graduate University for Advanced Studies, School of Advanced Sciences, Hayama, Kanagawa 240-0193, Japan</aff><author-notes><corresp id="COR1">*To whom correspondence should be addressed.</corresp></author-notes><pub-date pub-type="ppub"><day>1</day><month>7</month><year>2008</year></pub-date><pub-date pub-type="pmc-release"><day>1</day><month>7</month><year>2008</year></pub-date><!-- PMC Release delay is 0 months and 0 days and was based on the
							<pub-date pub-type="ppub"/>. --><volume>24</volume><issue>13</issue><fpage>i123</fpage><lpage>i131</lpage><permissions><copyright-statement>© 2008 The Author(s)</copyright-statement><copyright-year>2008</copyright-year><license license-type="creative-commons" xlink:href="http://creativecommons.org/licenses/by-nc/2.0/uk/"><license-p><!--CREATIVE COMMONS-->This is an Open Access article distributed under the terms of the Creative Commons Attribution Non-Commercial License (<ext-link ext-link-type="uri" xlink:href="http://creativecommons.org/licenses/by-nc/2.0/uk/">http://creativecommons.org/licenses/by-nc/2.0/uk/</ext-link>) which permits unrestricted non-commercial use, distribution, and reproduction in any medium, provided the original work is properly cited.</license-p></license></permissions><abstract><p><bold>Motivation:</bold> In bacterial evolution, inferring a <italic>strain tree</italic>, which is the evolutionary history of different strains of the same bacterium, plays a major role in analyzing and understanding the evolution of strongly isolated populations, population divergence and various evolutionary events, such as horizontal gene transfer and homologous recombination. Inferring a strain tree from multilocus data of these strains is exceptionally hard since, at this scale of evolution, processes such as homologous recombination result in a very high degree of gene tree incongruence.</p><p><bold>Results:</bold> In this article we present a novel computational method for inferring the strain tree despite massive gene tree incongruence caused by homologous recombination. Our method operates in three phases, where in phase I a set of candidate strain-tree topologies is computed using the <italic>maximal cliques</italic> concept, in phase II divergence times for each of the topologies are estimated using <italic>mixed integer linear programming</italic> (MILP) and in phase III the optimal tree (or trees) is selected based on an optimality criterion. We have analyzed 1898 genes from nine strains of the <italic>Staphylococcus aureus</italic> bacteria, and identified a fully resolved (binary) strain tree with estimated divergence times, despite the high degrees of sequence identity at the nucleotide level and gene tree incongruence. Our method's efficiency makes it particularly suitable for analysis of genome-scale datasets, including those of strongly isolated populations which are usually very challenging to analyze.</p><p><bold>Availability:</bold> We have implemented the algorithms in the PhyloNet software package, which is available publicly at <ext-link ext-link-type="uri" xlink:href="http://bioinfo.cs.rice.edu/phylonet/">http://bioinfo.cs.rice.edu/phylonet/</ext-link></p><p><bold>Contact:</bold><email>nakhleh@cs.rice.edu</email></p></abstract></article-meta></front></article>