<article xmlns="https://jats.nlm.nih.gov/ns/archiving/1.2/" xmlns:xsi="http://www.w3.org/2001/XMLSchema-instance" xmlns:mml="http://www.w3.org/1998/Math/MathML" xmlns:xlink="http://www.w3.org/1999/xlink" xsi:schemaLocation="https://jats.nlm.nih.gov/ns/archiving/1.2/ https://jats.nlm.nih.gov/archiving/1.2/xsd/JATS-archivearticle1.xsd" article-type="research-article"><front><journal-meta><journal-id journal-id-type="nlm-ta">Bioinformatics</journal-id><journal-id journal-id-type="publisher-id">bioinformatics</journal-id><journal-id journal-id-type="hwp">bioinfo</journal-id><journal-title-group><journal-title>Bioinformatics</journal-title></journal-title-group><issn pub-type="ppub">1367-4803</issn><issn pub-type="epub">1460-2059</issn><publisher><publisher-name>Oxford University Press</publisher-name></publisher></journal-meta><article-meta><article-id pub-id-type="accession">PMC2718644</article-id><article-id pub-id-type="pmcid">PMC2718644</article-id><article-id pub-id-type="pmc-uid">2718644</article-id><article-id pub-id-type="pmid">18586713</article-id><article-id pub-id-type="pmid">18586713</article-id><article-id pub-id-type="doi">10.1093/bioinformatics/btn166</article-id><article-id pub-id-type="publisher-id">btn166</article-id><article-categories><subj-group subj-group-type="heading"><subject>Ismb 2008 Conference Proceedings 19–23 July 2008, Toronto</subject><subj-group><subject>Original Papers</subject><subj-group><subject>Protein Structure and Function</subject></subj-group></subj-group></subj-group></article-categories><title-group><article-title>Predicting protein thermostability changes from sequence upon multiple mutations</article-title></title-group><contrib-group><contrib contrib-type="author"><name><surname>Montanucci</surname><given-names>Ludovica</given-names></name></contrib><contrib contrib-type="author"><name><surname>Fariselli</surname><given-names>Piero</given-names></name></contrib><contrib contrib-type="author"><name><surname>Martelli</surname><given-names>Pier Luigi</given-names></name></contrib><contrib contrib-type="author"><name><surname>Casadio</surname><given-names>Rita</given-names></name><xref ref-type="corresp" rid="COR1">*</xref></contrib></contrib-group><aff id="AFF1">Department of Biology, University of Bologna, via Irnerio 42, 40126 Bologna, Italy</aff><author-notes><corresp id="COR1">*To whom correspondence should be addressed.</corresp></author-notes><pub-date pub-type="ppub"><day>1</day><month>7</month><year>2008</year></pub-date><pub-date pub-type="pmc-release"><day>1</day><month>7</month><year>2008</year></pub-date><!-- PMC Release delay is 0 months and 0 days and was based on the
							<pub-date pub-type="ppub"/>. --><volume>24</volume><issue>13</issue><fpage>i190</fpage><lpage>i195</lpage><permissions><copyright-statement>© 2008 The Author(s)</copyright-statement><copyright-year>2008</copyright-year><license license-type="creative-commons" xlink:href="http://creativecommons.org/licenses/by-nc/2.0/uk/"><license-p><!--CREATIVE COMMONS-->This is an Open Access article distributed under the terms of the Creative Commons Attribution Non-Commercial License (<ext-link ext-link-type="uri" xlink:href="http://creativecommons.org/licenses/by-nc/2.0/uk/">http://creativecommons.org/licenses/by-nc/2.0/uk/</ext-link>) which permits unrestricted non-commercial use, distribution, and reproduction in any medium, provided the original work is properly cited.</license-p></license></permissions><abstract><p><bold>Motivation:</bold> A basic question in protein science is to which extent mutations affect protein thermostability. This knowledge would be particularly relevant for engineering thermostable enzymes. In several experimental approaches, this issue has been serendipitously addressed. It would be therefore convenient providing a computational method that predicts when a given protein mutant is more thermostable than its corresponding wild-type.</p><p><bold>Results:</bold> We present a new method based on support vector machines that is able to predict whether a set of mutations (including insertion and deletions) can enhance the thermostability of a given protein sequence. When trained and tested on a redundancy-reduced dataset, our predictor achieves 88% accuracy and a correlation coefficient equal to 0.75. Our predictor also correctly classifies 12 out of 14 experimentally characterized protein mutants with enhanced thermostability. Finally, it correctly detects all the 11 mutated proteins whose increase in stability temperature is &gt;10°C.</p><p><bold>Availability:</bold> The dataset and the list of protein clusters adopted for the SVM cross-validation are available at the web site <ext-link ext-link-type="uri" xlink:href="http://lipid.biocomp.unibo.it/~ludovica/thermo-meso-MUT">http://lipid.biocomp.unibo.it/~ludovica/thermo-meso-MUT</ext-link>.</p><p><bold>Contact:</bold><email>casadio@alma.unibo.it</email></p></abstract></article-meta></front></article>