<article xmlns="https://dtd.nlm.nih.gov/ns/archiving/2.3/" xmlns:xsi="http://www.w3.org/2001/XMLSchema-instance" xmlns:mml="http://www.w3.org/1998/Math/MathML" xmlns:xlink="http://www.w3.org/1999/xlink" xsi:schemaLocation="https://dtd.nlm.nih.gov/ns/archiving/2.3/ https://dtd.nlm.nih.gov/archiving/2.3/xsd/archivearticle.xsd" article-type="research-article" xml:lang="EN"><front><journal-meta><journal-id journal-id-type="nlm-ta">Bioinformatics</journal-id><journal-id journal-id-type="publisher-id">bioinformatics</journal-id><journal-id journal-id-type="hwp">bioinfo</journal-id><journal-title>Bioinformatics</journal-title><issn pub-type="ppub">1367-4803</issn><issn pub-type="epub">1460-2059</issn><publisher><publisher-name>Oxford University Press</publisher-name></publisher></journal-meta><article-meta><article-id pub-id-type="accession">PMC2427164</article-id><article-id pub-id-type="pmcid">PMC2427164</article-id><article-id pub-id-type="pmc-uid">2427164</article-id><article-id pub-id-type="pmid">18434342</article-id><article-id pub-id-type="doi">10.1093/bioinformatics/btn202</article-id><article-id pub-id-type="publisher-id">btn202</article-id><article-id pub-id-type="pmid">18434342</article-id><article-categories><subj-group subj-group-type="heading"><subject>Applications Notes</subject><subj-group><subject>Databases and Ontologies</subject></subj-group></subj-group></article-categories><title-group><article-title>TOPDOM: database of domains and motifs with conservative location in transmembrane proteins</article-title></title-group><contrib-group><contrib contrib-type="author"><name><surname>Tusnády</surname><given-names>Gábor E.</given-names></name><xref ref-type="corresp" rid="COR1">*</xref><xref ref-type="author-notes" rid="FN1"><sup>†</sup></xref></contrib><contrib contrib-type="author"><name><surname>Kalmár</surname><given-names>Lajos</given-names></name><xref ref-type="corresp" rid="COR1">*</xref><xref ref-type="author-notes" rid="FN1"><sup>†</sup></xref></contrib><contrib contrib-type="author"><name><surname>Hegyi</surname><given-names>Hédi</given-names></name></contrib><contrib contrib-type="author"><name><surname>Tompa</surname><given-names>Péter</given-names></name></contrib><contrib contrib-type="author"><name><surname>Simon</surname><given-names>István</given-names></name></contrib></contrib-group><aff>Institue of Enzymology, BRC, Hungarian Academy of Sciences, H-1113 Karolina út 29, Budapest, Hungary</aff><author-notes><fn><p>Associate Editor: Burkhard Rost</p></fn><corresp id="COR1">*To whom correspondence should be addressed.</corresp><fn id="FN1"><p><sup>†</sup>The authors wish it to be known that, in their opinion, the first two authors should be regarded as joint First authors.</p></fn></author-notes><pub-date pub-type="ppub"><day>15</day><month>6</month><year>2008</year></pub-date><pub-date pub-type="epub"><day>23</day><month>4</month><year>2008</year></pub-date><pub-date pub-type="pmc-release"><day>23</day><month>4</month><year>2008</year></pub-date><volume>24</volume><issue>12</issue><fpage>1469</fpage><lpage>1470</lpage><history><date date-type="received"><day>21</day><month>3</month><year>2008</year></date><date date-type="rev-recd"><day>14</day><month>4</month><year>2008</year></date><date date-type="accepted"><day>21</day><month>4</month><year>2008</year></date></history><permissions><copyright-statement>© 2008 The Author(s)</copyright-statement><copyright-year>2008</copyright-year><license license-type="creative-commons" xlink:href="http://creativecommons.org/licenses/by-nc/2.0/uk/"><p><!--CREATIVE COMMONS-->This is an Open Access article distributed under the terms of the Creative Commons Attribution Non-Commercial License (<ext-link ext-link-type="uri" xlink:href="http://creativecommons.org/licenses/by-nc/2.0/uk/">http://creativecommons.org/licenses/by-nc/2.0/uk/</ext-link>) which permits unrestricted non-commercial use, distribution, and reproduction in any medium, provided the original work is properly cited.</p></license></permissions><abstract><p><bold>Summary:</bold> The TOPDOM database is a collection of domains and sequence motifs located consistently on the same side of the membrane in α-helical transmembrane proteins. The database was created by scanning well-annotated transmembrane protein sequences in the UniProt database by specific domain or motif detecting algorithms. The identified domains or motifs were added to the database if they were uniformly annotated on the same side of the membrane of the various proteins in the UniProt database. The information about the location of the collected domains and motifs can be incorporated into constrained topology prediction algorithms, like HMMTOP, increasing the prediction accuracy.</p><p><bold>Availability:</bold> The TOPDOM database and the constrained HMMTOP prediction server are available on the page <ext-link ext-link-type="uri" xlink:href="http://topdom.enzim.hu">http://topdom.enzim.hu</ext-link></p><p><bold>Contact:</bold><email>tusi@enzim.hu</email>; <email>lkalmar@enzim.hu</email></p></abstract></article-meta></front></article>