<article xmlns="https://jats.nlm.nih.gov/ns/archiving/1.2/" xmlns:xsi="http://www.w3.org/2001/XMLSchema-instance" xmlns:mml="http://www.w3.org/1998/Math/MathML" xmlns:xlink="http://www.w3.org/1999/xlink" xsi:schemaLocation="https://jats.nlm.nih.gov/ns/archiving/1.2/ https://jats.nlm.nih.gov/archiving/1.2/xsd/JATS-archivearticle1.xsd" article-type="research-article"><front><journal-meta><journal-id journal-id-type="nlm-ta">Bioinformatics</journal-id><journal-id journal-id-type="publisher-id">bioinformatics</journal-id><journal-id journal-id-type="hwp">bioinfo</journal-id><journal-title-group><journal-title>Bioinformatics</journal-title></journal-title-group><issn pub-type="ppub">1367-4803</issn><issn pub-type="epub">1460-2059</issn><publisher><publisher-name>Oxford University Press</publisher-name></publisher></journal-meta><article-meta><article-id pub-id-type="accession">PMC2732274</article-id><article-id pub-id-type="pmcid">PMC2732274</article-id><article-id pub-id-type="pmc-uid">2732274</article-id><article-id pub-id-type="pmid">18684737</article-id><article-id pub-id-type="pmid">18684737</article-id><article-id pub-id-type="doi">10.1093/bioinformatics/btn416</article-id><article-id pub-id-type="publisher-id">btn416</article-id><article-categories><subj-group subj-group-type="heading"><subject>Original Papers</subject><subj-group><subject>Sequence Analysis</subject></subj-group></subj-group></article-categories><title-group><article-title>ZOOM! Zillions of oligos mapped</article-title></title-group><contrib-group><contrib contrib-type="author"><name><surname>Lin</surname><given-names>Hao</given-names></name><xref ref-type="aff" rid="AFF1"><sup>1</sup></xref><xref ref-type="author-notes" rid="FN1"><sup>†</sup></xref></contrib><contrib contrib-type="author"><name><surname>Zhang</surname><given-names>Zefeng</given-names></name><xref ref-type="aff" rid="AFF1"><sup>1</sup></xref><xref ref-type="author-notes" rid="FN1"><sup>†</sup></xref></contrib><contrib contrib-type="author"><name><surname>Zhang</surname><given-names>Michael Q.</given-names></name><xref ref-type="aff" rid="AFF1"><sup>2</sup></xref></contrib><contrib contrib-type="author"><name><surname>Ma</surname><given-names>Bin</given-names></name><xref ref-type="aff" rid="AFF1"><sup>3</sup></xref><xref ref-type="corresp" rid="COR1">*</xref></contrib><contrib contrib-type="author"><name><surname>Li</surname><given-names>Ming</given-names></name><xref ref-type="aff" rid="AFF1"><sup>4</sup></xref><xref ref-type="corresp" rid="COR1">*</xref></contrib></contrib-group><aff id="AFF1"><sup>1</sup>Institute for Computing Technology, Chinese Academy of Sciences, Beijing, China, <sup>2</sup>Cold Spring Harbor Laboratory, Cold Spring Harbor, NY 11724, USA, <sup>3</sup>Department of Computer Science, University of Western Ontario, London, ON. N6A 5B8, Canada and <sup>4</sup>David R. Cheriton School of Computer Science, University of Waterloo, Waterloo, ON. N2L 3G1, Canada</aff><author-notes><corresp id="COR1">*To whom correspondence should be addressed.</corresp><fn id="FN1"><p><sup>†</sup>The authors wish it to be known that, in their opinion, the first two authors should be regarded as joint First Authors.</p></fn><fn><p>Associate Editor: Limsoon Wong</p></fn></author-notes><pub-date pub-type="ppub"><day>1</day><month>11</month><year>2008</year></pub-date><pub-date pub-type="epub"><day>6</day><month>8</month><year>2008</year></pub-date><pub-date pub-type="pmc-release"><day>1</day><month>11</month><year>2009</year></pub-date><!-- PMC Release delay is 12 months and 0 days and was based on the
					<pub-date pub-type="ppub"/>. --><volume>24</volume><issue>21</issue><fpage>2431</fpage><lpage>2437</lpage><history><date date-type="received"><day>23</day><month>6</month><year>2008</year></date><date date-type="rev-recd"><day>31</day><month>7</month><year>2008</year></date><date date-type="accepted"><day>1</day><month>8</month><year>2008</year></date></history><permissions><copyright-statement>© The Author 2008. Published by Oxford University Press. All rights reserved. For Permissions, please email: journals.permissions@oxfordjournals.org</copyright-statement><copyright-year>2008</copyright-year></permissions><abstract><p><bold>Motivation:</bold> The next generation sequencing technologies are generating billions of short reads daily. Resequencing and personalized medicine need much faster software to map these deep sequencing reads to a reference genome, to identify SNPs or rare transcripts.</p><p><bold>Results:</bold> We present a framework for how full sensitivity mapping can be done in the most efficient way, via spaced seeds. Using the framework, we have developed software called ZOOM, which is able to map the Illumina/Solexa reads of 15× coverage of a human genome to the reference human genome in one CPU-day, allowing two mismatches, at full sensitivity.</p><p><bold>Availability:</bold> ZOOM is freely available to non-commercial users at <ext-link ext-link-type="uri" xlink:href="http://www.bioinfor.com/zoom">http://www.bioinfor.com/zoom</ext-link></p><p><bold>Contact:</bold><email>bma@csd.uwo.ca</email>, <email>mli@uwaterloo.ca</email></p></abstract></article-meta></front></article>