<article xmlns="https://jats.nlm.nih.gov/ns/archiving/1.2/" xmlns:xsi="http://www.w3.org/2001/XMLSchema-instance" xmlns:mml="http://www.w3.org/1998/Math/MathML" xmlns:xlink="http://www.w3.org/1999/xlink" xsi:schemaLocation="https://jats.nlm.nih.gov/ns/archiving/1.2/ https://jats.nlm.nih.gov/archiving/1.2/xsd/JATS-archivearticle1.xsd" article-type="research-article"><front><journal-meta><journal-id journal-id-type="nlm-ta">Bioinformatics</journal-id><journal-id journal-id-type="publisher-id">bioinformatics</journal-id><journal-id journal-id-type="hwp">bioinfo</journal-id><journal-title-group><journal-title>Bioinformatics</journal-title></journal-title-group><issn pub-type="ppub">1367-4803</issn><issn pub-type="epub">1460-2059</issn><publisher><publisher-name>Oxford University Press</publisher-name></publisher></journal-meta><article-meta><article-id pub-id-type="accession">PMC2712335</article-id><article-id pub-id-type="pmcid">PMC2712335</article-id><article-id pub-id-type="pmc-uid">2712335</article-id><article-id pub-id-type="pmid">19414535</article-id><article-id pub-id-type="doi">10.1093/bioinformatics/btp289</article-id><article-id pub-id-type="publisher-id">btp289</article-id><article-categories><subj-group subj-group-type="heading"><subject>Applications Note</subject><subj-group><subject>Data and Text Mining</subject></subj-group></subj-group></article-categories><title-group><article-title>U-Compare: share and compare text mining tools with UIMA</article-title></title-group><contrib-group><contrib contrib-type="author"><name><surname>Kano</surname><given-names>Yoshinobu</given-names></name><xref ref-type="aff" rid="AFF1"><sup>1</sup></xref><xref ref-type="corresp" rid="COR1">*</xref></contrib><contrib contrib-type="author"><name><surname>Baumgartner</surname><given-names>William A.</given-names><suffix>Jr</suffix></name><xref ref-type="aff" rid="AFF1"><sup>2</sup></xref></contrib><contrib contrib-type="author"><name><surname>McCrohon</surname><given-names>Luke</given-names></name><xref ref-type="aff" rid="AFF1"><sup>1</sup></xref></contrib><contrib contrib-type="author"><name><surname>Ananiadou</surname><given-names>Sophia</given-names></name><xref ref-type="aff" rid="AFF1"><sup>3</sup></xref><xref ref-type="aff" rid="AFF1"><sup>4</sup></xref></contrib><contrib contrib-type="author"><name><surname>Cohen</surname><given-names>K. Bretonnel</given-names></name><xref ref-type="aff" rid="AFF1"><sup>2</sup></xref></contrib><contrib contrib-type="author"><name><surname>Hunter</surname><given-names>Lawrence</given-names></name><xref ref-type="aff" rid="AFF1"><sup>2</sup></xref></contrib><contrib contrib-type="author"><name><surname>Tsujii</surname><given-names>Jun'ichi</given-names></name><xref ref-type="aff" rid="AFF1"><sup>1</sup></xref><xref ref-type="aff" rid="AFF1"><sup>3</sup></xref><xref ref-type="aff" rid="AFF1"><sup>4</sup></xref></contrib></contrib-group><aff id="AFF1"><sup>1</sup> Department of Computer Science, University of Tokyo Hongo 7-3-1, Bunkyo-ku, Tokyo, 113-0033 Japan, <sup>2</sup> Center for Computational Pharmacology, University of Colorado School of Medicine, Aurora, CO, USA, <sup>3</sup> School of Computer Science, University of Manchester and <sup>4</sup> National Centre for Text Mining, 131 Princess St., M1 7DN, UK</aff><author-notes><corresp id="COR1">* To whom correspondence should be addressed.</corresp><fn><p>Associate Editor: Jonathan Wren</p></fn></author-notes><pub-date pub-type="ppub"><day>1</day><month>8</month><year>2009</year></pub-date><pub-date pub-type="epub"><day>4</day><month>5</month><year>2009</year></pub-date><pub-date pub-type="pmc-release"><day>4</day><month>5</month><year>2009</year></pub-date><!-- PMC Release delay is 0 months and 0 days and was based on the
							<pub-date pub-type="epub"/>. --><volume>25</volume><issue>15</issue><fpage>1997</fpage><lpage>1998</lpage><history><date date-type="received"><day>7</day><month>2</month><year>2009</year></date><date date-type="rev-recd"><day>26</day><month>3</month><year>2009</year></date><date date-type="accepted"><day>24</day><month>4</month><year>2009</year></date></history><permissions><copyright-statement>© 2009 The Author(s)</copyright-statement><copyright-year>2009</copyright-year><license license-type="creative-commons" xlink:href="http://creativecommons.org/licenses/by-nc/2.0/uk/"><license-p><!--CREATIVE COMMONS-->This is an Open Access article distributed under the terms of the Creative Commons Attribution Non-Commercial License (<ext-link ext-link-type="uri" xlink:href="http://creativecommons.org/licenses/by-nc/2.0/uk/">http://creativecommons.org/licenses/by-nc/2.0/uk/</ext-link>) which permits unrestricted non-commercial use, distribution, and reproduction in any medium, provided the original work is properly cited.</license-p></license></permissions><abstract><p><bold>Summary:</bold> Due to the increasing number of text mining resources (tools and corpora) available to biologists, interoperability issues between these resources are becoming significant obstacles to using them effectively. UIMA, the Unstructured Information Management Architecture, is an open framework designed to aid in the construction of more interoperable tools. U-Compare is built on top of the UIMA framework, and provides both a concrete framework for out-of-the-box text mining and a sophisticated evaluation platform allowing users to run specific tools on any target text, generating both detailed statistics and instance-based visualizations of outputs. U-Compare is a joint project, providing the world's largest, and still growing, collection of UIMA-compatible resources. These resources, originally developed by different groups for a variety of domains, include many famous tools and corpora. U-Compare can be launched straight from the web, without needing to be manually installed. All U-Compare components are provided ready-to-use and can be combined easily via a drag-and-drop interface without any programming. External UIMA components can also simply be mixed with U-Compare components, without distinguishing between locally and remotely deployed resources.</p><p><bold>Availability:</bold><ext-link ext-link-type="uri" xlink:href="http://u-compare.org/">http://u-compare.org/</ext-link></p><p><bold>Contact:</bold><email>kano@is.s.u-tokyo.ac.jp</email></p></abstract></article-meta></front></article>