<article xmlns="https://jats.nlm.nih.gov/ns/archiving/1.2/" xmlns:xsi="http://www.w3.org/2001/XMLSchema-instance" xmlns:mml="http://www.w3.org/1998/Math/MathML" xmlns:xlink="http://www.w3.org/1999/xlink" xsi:schemaLocation="https://jats.nlm.nih.gov/ns/archiving/1.2/ https://jats.nlm.nih.gov/archiving/1.2/xsd/JATS-archivearticle1.xsd" article-type="research-article"><front><journal-meta><journal-id journal-id-type="nlm-ta">Bioinformatics</journal-id><journal-id journal-id-type="publisher-id">bioinformatics</journal-id><journal-id journal-id-type="hwp">bioinfo</journal-id><journal-title-group><journal-title>Bioinformatics</journal-title></journal-title-group><issn pub-type="ppub">1367-4803</issn><issn pub-type="epub">1460-2059</issn><publisher><publisher-name>Oxford University Press</publisher-name></publisher></journal-meta><article-meta><article-id pub-id-type="accession">PMC2718625</article-id><article-id pub-id-type="pmcid">PMC2718625</article-id><article-id pub-id-type="pmc-uid">2718625</article-id><article-id pub-id-type="pmid">18586702</article-id><article-id pub-id-type="pmid">18586702</article-id><article-id pub-id-type="doi">10.1093/bioinformatics/btn147</article-id><article-id pub-id-type="publisher-id">btn147</article-id><article-categories><subj-group subj-group-type="heading"><subject>Ismb 2008 Conference Proceedings 19–23 July 2008, Toronto</subject><subj-group><subject>Original Papers</subject><subj-group><subject>Comparative Genomics</subject></subj-group></subj-group></subj-group></article-categories><title-group><article-title>A model of higher accuracy for the individual haplotyping problem based on weighted SNP fragments and genotype with errors</article-title></title-group><contrib-group><contrib contrib-type="author"><name><surname>Xie</surname><given-names>Minzhu</given-names></name><xref ref-type="aff" rid="AFF1"><sup>1</sup></xref><xref ref-type="aff" rid="AFF1"><sup>2</sup></xref></contrib><contrib contrib-type="author"><name><surname>Wang</surname><given-names>Jianxin</given-names></name><xref ref-type="aff" rid="AFF1"><sup>1</sup></xref><xref ref-type="corresp" rid="COR1">*</xref></contrib><contrib contrib-type="author"><name><surname>Chen</surname><given-names>Jianer</given-names></name><xref ref-type="aff" rid="AFF1"><sup>1</sup></xref><xref ref-type="aff" rid="AFF1"><sup>3</sup></xref></contrib></contrib-group><aff id="AFF1"><sup>1</sup>School of Information Science and Engineering, Central South University, Changsha 410083, <sup>2</sup>College of Physics and Information Science, Hunan Normal University, Changsha 410081, China and <sup>3</sup>Department of Computer Science, Texas A&amp;M University, College Station, TX 77843, USA</aff><author-notes><corresp id="COR1">*To whom correspondence should be addressed.</corresp></author-notes><pub-date pub-type="ppub"><day>1</day><month>7</month><year>2008</year></pub-date><pub-date pub-type="pmc-release"><day>1</day><month>7</month><year>2008</year></pub-date><!-- PMC Release delay is 0 months and 0 days and was based on the
							<pub-date pub-type="ppub"/>. --><volume>24</volume><issue>13</issue><fpage>i105</fpage><lpage>i113</lpage><permissions><copyright-statement>© 2008 The Author(s)</copyright-statement><copyright-year>2008</copyright-year><license license-type="creative-commons" xlink:href="http://creativecommons.org/licenses/by-nc/2.0/uk/"><license-p><!--CREATIVE COMMONS-->This is an Open Access article distributed under the terms of the Creative Commons Attribution Non-Commercial License (<ext-link ext-link-type="uri" xlink:href="http://creativecommons.org/licenses/by-nc/2.0/uk/">http://creativecommons.org/licenses/by-nc/2.0/uk/</ext-link>) which permits unrestricted non-commercial use, distribution, and reproduction in any medium, provided the original work is properly cited.</license-p></license></permissions><abstract><p><bold>Motivation:</bold> In genetic studies of complex diseases, haplotypes provide more information than genotypes. However, haplotyping is much more difficult than genotyping using biological techniques. Therefore effective computational techniques have been in demand. The individual haplotyping problem is the computational problem of inducing a pair of haplotypes from an individual's aligned SNP fragments. Based on various optimal criteria and including different extra information, many models for the problem have been proposed. Higher accuracy of the models has been an important issue in the study of haplotype reconstruction.</p><p><bold>Results:</bold> The current article proposes a highly accurate model for the single individual haplotyping problem based on weighted fragments and genotypes with errors. The model is proved to be NP-hard even with gapless fragments. Based on the characteristics of Single Nucleotide Polymorphism (SNP) fragments, a parameterized algorithm of time complexity <italic>O</italic>(<italic>nk</italic><sub>2</sub>2<sup><italic>k</italic><sub>2</sub></sup> + <italic>m</italic> log <italic>m</italic> + <italic>mk</italic><sub>1</sub>) is developed, where <italic>m</italic> is the number of fragments, <italic>n</italic> is the number of SNP sites, <italic>k</italic><sub>1</sub> is the maximum number of SNP sites that a fragment covers (no more than <italic>n</italic> and usually smaller than 10) and <italic>k</italic><sub>2</sub> is the maximum number of the fragments covering a SNP site (usually no more than 19). Extensive experiments show that this model is more accurate in haplotype reconstruction than other models.</p><p><bold>Availability:</bold> The program of the parameterized algorithm can be obtained by sending an email to the corresponding author.</p><p><bold>Contact:</bold><email>jxwang@mail.csu.edu.cn</email></p></abstract></article-meta></front></article>