<article xmlns="https://jats.nlm.nih.gov/ns/archiving/1.2/" xmlns:xsi="http://www.w3.org/2001/XMLSchema-instance" xmlns:mml="http://www.w3.org/1998/Math/MathML" xmlns:xlink="http://www.w3.org/1999/xlink" xsi:schemaLocation="https://jats.nlm.nih.gov/ns/archiving/1.2/ https://jats.nlm.nih.gov/archiving/1.2/xsd/JATS-archivearticle1.xsd" article-type="research-article"><front><journal-meta><journal-id journal-id-type="nlm-ta">Bioinformatics</journal-id><journal-id journal-id-type="publisher-id">bioinformatics</journal-id><journal-id journal-id-type="hwp">bioinfo</journal-id><journal-title-group><journal-title>Bioinformatics</journal-title></journal-title-group><issn pub-type="ppub">1367-4803</issn><issn pub-type="epub">1367-4811</issn><publisher><publisher-name>Oxford University Press</publisher-name></publisher></journal-meta><article-meta><article-id pub-id-type="accession">PMC2732320</article-id><article-id pub-id-type="pmcid">PMC2732320</article-id><article-id pub-id-type="pmc-uid">2732320</article-id><article-id pub-id-type="pmid">19414534</article-id><article-id pub-id-type="pmid">19414534</article-id><article-id pub-id-type="doi">10.1093/bioinformatics/btp292</article-id><article-id pub-id-type="publisher-id">btp292</article-id><article-categories><subj-group subj-group-type="heading"><subject>Original Papers</subject><subj-group><subject>Gene Expression</subject></subj-group></subj-group></article-categories><title-group><article-title>Ratio adjustment and calibration scheme for gene-wise normalization to enhance microarray inter-study prediction</article-title></title-group><contrib-group><contrib contrib-type="author"><name><surname>Cheng</surname><given-names>Chunrong</given-names></name><xref ref-type="aff" rid="AFF1"><sup>1</sup></xref></contrib><contrib contrib-type="author"><name><surname>Shen</surname><given-names>Kui</given-names></name><xref ref-type="aff" rid="AFF1"><sup>2</sup></xref></contrib><contrib contrib-type="author"><name><surname>Song</surname><given-names>Chi</given-names></name><xref ref-type="aff" rid="AFF1"><sup>1</sup></xref></contrib><contrib contrib-type="author"><name><surname>Luo</surname><given-names>Jianhua</given-names></name><xref ref-type="aff" rid="AFF1"><sup>3</sup></xref></contrib><contrib contrib-type="author"><name><surname>Tseng</surname><given-names>George C.</given-names></name><xref ref-type="aff" rid="AFF1"><sup>1</sup></xref><xref ref-type="aff" rid="AFF1"><sup>2</sup></xref><xref ref-type="aff" rid="AFF1"><sup>4</sup></xref><xref ref-type="corresp" rid="COR1">*</xref></contrib></contrib-group><aff id="AFF1"><sup>1</sup>Department of Biostatistics, <sup>2</sup>Department of Computational Biology, <sup>3</sup>Department of Pathology and <sup>4</sup>Department of Human Genetics, University of Pittsburgh, Pittsburgh, PA, USA</aff><author-notes><corresp id="COR1">*To whom correspondence should be addressed.</corresp><fn><p>Associate Editor: David Rocke</p></fn></author-notes><pub-date pub-type="ppub"><day>1</day><month>7</month><year>2009</year></pub-date><pub-date pub-type="epub"><day>4</day><month>5</month><year>2009</year></pub-date><pub-date pub-type="pmc-release"><day>1</day><month>7</month><year>2010</year></pub-date><!-- PMC Release delay is 12 months and 0 days and was based on the
					<pub-date pub-type="ppub"/>. --><volume>25</volume><issue>13</issue><fpage>1655</fpage><lpage>1661</lpage><history><date date-type="received"><day>8</day><month>11</month><year>2008</year></date><date date-type="rev-recd"><day>13</day><month>4</month><year>2009</year></date><date date-type="accepted"><day>27</day><month>4</month><year>2009</year></date></history><permissions><copyright-statement>© The Author 2009. Published by Oxford University Press. All rights reserved. For Permissions, please email: journals.permissions@oxfordjournals.org</copyright-statement><copyright-year>2009</copyright-year></permissions><abstract><p><bold>Motivation:</bold> Reproducibility analyses of biologically relevant microarray studies have mostly focused on overlap of detected biomarkers or correlation of differential expression evidences across studies. For clinical utility, direct inter-study prediction (i.e. to establish a prediction model in one study and apply to another) for disease diagnosis or prognosis prediction is more important. Normalization plays a key role for such a task. Traditionally, sample-wise normalization has been a standard for inter-array and inter-study normalization. For gene-wise normalization, it has been implemented for intra-study or inter-study predictions in a few papers while its rationale, strategy and effect remain unexplored.</p><p><bold>Results:</bold> In this article, we investigate the effect of gene-wise normalization in microarray inter-study prediction. Gene-specific intensity discrepancies across studies are commonly found even after proper sample-wise normalization. We explore the rationale and necessity of gene-wise normalization. We also show that the ratio of sample sizes in normal versus diseased groups can greatly affect the performance of gene-wise normalization and an analytical method is developed to adjust for the imbalanced ratio effect. Both simulation results and applications to three lung cancer and two prostate cancer data sets, considering both binary classification and survival risk predictions, showed significant and robust improvement of the new adjustment. A calibration scheme is developed to apply the ratio-adjusted gene-wise normalization for prospective clinical trials. The number of calibration samples needed is estimated from existing studies and suggested for future applications. The result has important implication to the translational research of microarray as a practical disease diagnosis and prognosis prediction tool.</p><p><bold>Contact:</bold><email>ctseng@pitt.edu</email></p><p><bold>Availability:</bold><ext-link ext-link-type="uri" xlink:href="http://www.biostat.pitt.edu/bioinfo/">http://www.biostat.pitt.edu/bioinfo/</ext-link></p><p><bold>Supplementary information:</bold><ext-link ext-link-type="uri" xlink:href="http://bioinformatics.oxfordjournals.org/cgi/content/full/btp292/DC1">Supplementary data</ext-link> are available at <italic>Bioinformatics</italic> online.</p></abstract></article-meta></front></article>