<article xmlns="https://jats.nlm.nih.gov/ns/archiving/1.2/" xmlns:xsi="http://www.w3.org/2001/XMLSchema-instance" xmlns:mml="http://www.w3.org/1998/Math/MathML" xmlns:xlink="http://www.w3.org/1999/xlink" xsi:schemaLocation="https://jats.nlm.nih.gov/ns/archiving/1.2/ https://jats.nlm.nih.gov/archiving/1.2/xsd/JATS-archivearticle1.xsd" article-type="research-article"><front><journal-meta><journal-id journal-id-type="nlm-ta">Bioinformatics</journal-id><journal-id journal-id-type="publisher-id">bioinformatics</journal-id><journal-id journal-id-type="hwp">bioinfo</journal-id><journal-title-group><journal-title>Bioinformatics</journal-title></journal-title-group><issn pub-type="ppub">1367-4803</issn><issn pub-type="epub">1460-2059</issn><publisher><publisher-name>Oxford University Press</publisher-name></publisher></journal-meta><article-meta><article-id pub-id-type="accession">PMC2723005</article-id><article-id pub-id-type="pmcid">PMC2723005</article-id><article-id pub-id-type="pmc-uid">2723005</article-id><article-id pub-id-type="pmid">19515959</article-id><article-id pub-id-type="doi">10.1093/bioinformatics/btp356</article-id><article-id pub-id-type="publisher-id">btp356</article-id><article-categories><subj-group subj-group-type="heading"><subject>Applications Note</subject><subj-group><subject>Genome Analysis</subject></subj-group></subj-group></article-categories><title-group><article-title>Reordering contigs of draft genomes using the Mauve Aligner</article-title></title-group><contrib-group><contrib contrib-type="author"><name><surname>Rissman</surname><given-names>Anna I.</given-names></name><xref ref-type="aff" rid="AFF1"><sup>1</sup></xref><xref ref-type="corresp" rid="COR1"><sup>*</sup></xref></contrib><contrib contrib-type="author"><name><surname>Mau</surname><given-names>Bob</given-names></name><xref ref-type="aff" rid="AFF1"><sup>1</sup></xref></contrib><contrib contrib-type="author"><name><surname>Biehl</surname><given-names>Bryan S.</given-names></name><xref ref-type="aff" rid="AFF1"><sup>1</sup></xref></contrib><contrib contrib-type="author"><name><surname>Darling</surname><given-names>Aaron E.</given-names></name><xref ref-type="aff" rid="AFF1"><sup>2</sup></xref></contrib><contrib contrib-type="author"><name><surname>Glasner</surname><given-names>Jeremy D.</given-names></name><xref ref-type="aff" rid="AFF1"><sup>1</sup></xref></contrib><contrib contrib-type="author"><name><surname>Perna</surname><given-names>Nicole T.</given-names></name><xref ref-type="aff" rid="AFF1"><sup>1</sup></xref></contrib></contrib-group><aff id="AFF1"><sup>1</sup> Genome Evolution Laboratory, University of Wisconsin-Madison, 425G Henry Mall Suite 4400V, Madison, WI 53706 and <sup>2</sup> Genome Center, University of California-Davis, 451 Health Sciences Dr, Davis, CA 95616</aff><author-notes><corresp id="COR1"><sup>*</sup>To whom correspondence should be addressed.</corresp><fn><p>Associate Editor: Dmitrij Frishman</p></fn></author-notes><pub-date pub-type="ppub"><day>15</day><month>8</month><year>2009</year></pub-date><pub-date pub-type="epub"><day>10</day><month>6</month><year>2009</year></pub-date><pub-date pub-type="pmc-release"><day>10</day><month>6</month><year>2009</year></pub-date><!-- PMC Release delay is 0 months and 0 days and was based on the
							<pub-date pub-type="epub"/>. --><volume>25</volume><issue>16</issue><fpage>2071</fpage><lpage>2073</lpage><history><date date-type="received"><day>7</day><month>1</month><year>2009</year></date><date date-type="rev-recd"><day>12</day><month>5</month><year>2009</year></date><date date-type="accepted"><day>3</day><month>6</month><year>2009</year></date></history><permissions><license license-type="creative-commons" xlink:href="http://creativecommons.org/licenses/by-nc/2.0/uk/"><license-p><!--CREATIVE COMMONS-->This is an Open Access article distributed under the terms of the Creative Commons Attribution Non-Commercial License (<ext-link ext-link-type="uri" xlink:href="http://creativecommons.org/licenses/by-nc/2.0/uk/">http://creativecommons.org/licenses/by-nc/2.0/uk/</ext-link>) which permits unrestricted non-commercial use, distribution, and reproduction in any medium, provided the original work is properly cited.</license-p></license></permissions><abstract><p><bold>Summary:</bold> Mauve Contig Mover provides a new method for proposing the relative order of contigs that make up a draft genome based on comparison to a complete or draft reference genome. A novel application of the Mauve aligner and viewer provides an automated reordering algorithm coupled with a powerful drill-down display allowing detailed exploration of results.</p><p><bold>Availability:</bold> The software is available for download at <ext-link ext-link-type="uri" xlink:href="http://gel.ahabs.wisc.edu/mauve">http://gel.ahabs.wisc.edu/mauve</ext-link>.</p><p><bold>Contact:</bold><email>rissman@wisc.edu</email></p><p><bold>Supplementary information:</bold><ext-link ext-link-type="uri" xlink:href="http://bioinformatics.oxfordjournals.org/cgi/content/full/btp356/DC1">Supplementary data</ext-link> are available at <italic>Bioinformatics</italic> online and <ext-link ext-link-type="uri" xlink:href="http://gel.ahabs.wisc.edu">http://gel.ahabs.wisc.edu</ext-link></p></abstract></article-meta></front></article>