<article xmlns="https://dtd.nlm.nih.gov/ns/archiving/2.3/" xmlns:xsi="http://www.w3.org/2001/XMLSchema-instance" xmlns:mml="http://www.w3.org/1998/Math/MathML" xmlns:xlink="http://www.w3.org/1999/xlink" xsi:schemaLocation="https://dtd.nlm.nih.gov/ns/archiving/2.3/ https://dtd.nlm.nih.gov/archiving/2.3/xsd/archivearticle.xsd" article-type="research-article" xml:lang="EN"><front><journal-meta><journal-id journal-id-type="nlm-ta">Bioinformatics</journal-id><journal-id journal-id-type="publisher-id">bioinformatics</journal-id><journal-id journal-id-type="hwp">bioinfo</journal-id><journal-title>Bioinformatics</journal-title><issn pub-type="ppub">1367-4803</issn><issn pub-type="epub">1460-2059</issn><publisher><publisher-name>Oxford University Press</publisher-name></publisher></journal-meta><article-meta><article-id pub-id-type="accession">PMC2639278</article-id><article-id pub-id-type="pmcid">PMC2639278</article-id><article-id pub-id-type="pmc-uid">2639278</article-id><article-id pub-id-type="pmid">18842599</article-id><article-id pub-id-type="doi">10.1093/bioinformatics/btn520</article-id><article-id pub-id-type="publisher-id">btn520</article-id><article-id pub-id-type="pmid">18842599</article-id><article-categories><subj-group subj-group-type="heading"><subject>Applications Note</subject><subj-group><subject>Data and Text Mining</subject></subj-group></subj-group></article-categories><title-group><article-title>GEOmetadb: powerful alternative search engine for the Gene Expression Omnibus</article-title></title-group><contrib-group><contrib contrib-type="author"><name><surname>Zhu</surname><given-names>Yuelin</given-names></name><xref ref-type="aff" rid="AFF1"><sup>1</sup></xref><xref ref-type="aff" rid="AFF1"><sup>2</sup></xref></contrib><contrib contrib-type="author"><name><surname>Davis</surname><given-names>Sean</given-names></name><xref ref-type="aff" rid="AFF1"><sup>1</sup></xref></contrib><contrib contrib-type="author"><name><surname>Stephens</surname><given-names>Robert</given-names></name><xref ref-type="aff" rid="AFF1"><sup>2</sup></xref></contrib><contrib contrib-type="author"><name><surname>Meltzer</surname><given-names>Paul S.</given-names></name><xref ref-type="aff" rid="AFF1"><sup>1</sup></xref></contrib><contrib contrib-type="author"><name><surname>Chen</surname><given-names>Yidong</given-names></name><xref ref-type="aff" rid="AFF1"><sup>1</sup></xref><xref ref-type="corresp" rid="COR1">*</xref></contrib></contrib-group><aff id="AFF1"><sup>1</sup>Genetics Branch, National Cancer Institute, National Institutes of Health, Bethesda, MD 20892 and <sup>2</sup>Advanced Biomedical Computing Center, National Cancer Institute-Frederick/SAIC-Frederick Inc., Frederick, MD 21702, USA</aff><author-notes><corresp id="COR1">*To whom correspondence should be addressed.</corresp><fn><p>Associate Editor: Joaquin Dopazo</p></fn></author-notes><pub-date pub-type="ppub"><day>1</day><month>12</month><year>2008</year></pub-date><pub-date pub-type="epub"><day>7</day><month>11</month><year>2008</year></pub-date><pub-date pub-type="pmc-release"><day>7</day><month>11</month><year>2008</year></pub-date><volume>24</volume><issue>23</issue><fpage>2798</fpage><lpage>2800</lpage><history><date date-type="received"><day>22</day><month>4</month><year>2008</year></date><date date-type="rev-recd"><day>7</day><month>8</month><year>2008</year></date><date date-type="accepted"><day>3</day><month>11</month><year>2008</year></date></history><permissions><copyright-statement>© 2008 The Author(s)</copyright-statement><copyright-year>2008</copyright-year><license license-type="creative-commons" xlink:href="http://creativecommons.org/licenses/by-nc/2.0/uk/"><p><!--CREATIVE COMMONS-->This is an Open Access article distributed under the terms of the Creative Commons Attribution Non-Commercial License (<ext-link ext-link-type="uri" xlink:href="http://creativecommons.org/licenses/by-nc/2.0/uk/">http://creativecommons.org/licenses/by-nc/2.0/uk/</ext-link>) which permits unrestricted non-commercial use, distribution, and reproduction in any medium, provided the original work is properly cited.</p></license></permissions><abstract><p>The NCBI Gene Expression Omnibus (GEO) represents the largest public repository of microarray data. However, finding data in GEO can be challenging. We have developed GEOmetadb in an attempt to make querying the GEO metadata both easier and more powerful. All GEO metadata records as well as the relationships between them are parsed and stored in a local MySQL database. A powerful, flexible web search interface with several convenient utilities provides query capabilities not available via NCBI tools. In addition, a Bioconductor package, GEOmetadb that utilizes a SQLite export of the entire GEOmetadb database is also available, rendering the entire GEO database accessible with full power of SQL-based queries from within R.</p><p><bold>Availability:</bold> The web interface and SQLite databases available at <ext-link ext-link-type="uri" xlink:href="http://gbnci.abcc.ncifcrf.gov/geo/">http://gbnci.abcc.ncifcrf.gov/geo/</ext-link>. The Bioconductor package is available via the Bioconductor project. The corresponding MATLAB implementation is also available at the same website.</p><p><bold>Contact:</bold><email>yidong@mail.nih.gov</email></p></abstract></article-meta></front></article>