<article xmlns="https://jats.nlm.nih.gov/ns/archiving/1.2/" xmlns:xsi="http://www.w3.org/2001/XMLSchema-instance" xmlns:mml="http://www.w3.org/1998/Math/MathML" xmlns:xlink="http://www.w3.org/1999/xlink" xsi:schemaLocation="https://jats.nlm.nih.gov/ns/archiving/1.2/ https://jats.nlm.nih.gov/archiving/1.2/xsd/JATS-archivearticle1.xsd" article-type="research-article"><front><journal-meta><journal-id journal-id-type="nlm-ta">Bioinformatics</journal-id><journal-id journal-id-type="publisher-id">bioinformatics</journal-id><journal-id journal-id-type="hwp">bioinfo</journal-id><journal-title-group><journal-title>Bioinformatics</journal-title></journal-title-group><issn pub-type="ppub">1367-4803</issn><issn pub-type="epub">1460-2059</issn><publisher><publisher-name>Oxford University Press</publisher-name></publisher></journal-meta><article-meta><article-id pub-id-type="accession">PMC2732294</article-id><article-id pub-id-type="pmcid">PMC2732294</article-id><article-id pub-id-type="pmc-uid">2732294</article-id><article-id pub-id-type="pmid">19028721</article-id><article-id pub-id-type="pmid">19028721</article-id><article-id pub-id-type="doi">10.1093/bioinformatics/btn600</article-id><article-id pub-id-type="publisher-id">btn600</article-id><article-categories><subj-group subj-group-type="heading"><subject>Applications Note</subject><subj-group><subject>Genetics and Population Analysis</subject></subj-group></subj-group></article-categories><title-group><article-title>GWAS GUI: graphical browser for the results of whole-genome association studies with high-dimensional phenotypes</article-title></title-group><contrib-group><contrib contrib-type="author"><name><surname>Chen</surname><given-names>Wei</given-names></name><xref ref-type="corresp" rid="COR1">*</xref></contrib><contrib contrib-type="author"><name><surname>Liang</surname><given-names>Liming</given-names></name></contrib><contrib contrib-type="author"><name><surname>Abecasis</surname><given-names>Gonçalo R.</given-names></name></contrib></contrib-group><aff>Center for Statistical Genetics, Department of Biostatistics, University of Michigan, 1420 Washington Heights, Ann Arbor, MI 48109, USA</aff><author-notes><corresp id="COR1">*To whom correspondence should be addressed.</corresp><fn><p>Associate Editor: Martin Bishop</p></fn></author-notes><pub-date pub-type="ppub"><day>15</day><month>1</month><year>2009</year></pub-date><pub-date pub-type="epub"><day>20</day><month>11</month><year>2008</year></pub-date><volume>25</volume><issue>2</issue><fpage>284</fpage><lpage>285</lpage><history><date date-type="received"><day>6</day><month>8</month><year>2008</year></date><date date-type="rev-recd"><day>3</day><month>11</month><year>2008</year></date><date date-type="accepted"><day>14</day><month>11</month><year>2008</year></date></history><permissions><copyright-statement>© The Author 2008. Published by Oxford University Press. All rights reserved. For Permissions, please email: journals.permissions@oxfordjournals.org</copyright-statement><copyright-year>2008</copyright-year></permissions><abstract><p><bold>Summary:</bold> We describe an interactive package that provides graphical overviews of the results of whole-genome association studies in datasets with rich multi-dimensional phenotypic information, such as global surveys of gene expression. Windows, Linux and Mac binaries are available from our website.</p><p><bold>Availability:</bold><ext-link ext-link-type="uri" xlink:href="http://www.sph.umich.edu/csg/weich/software.html">http://www.sph.umich.edu/csg/weich/software.html</ext-link></p><p><bold>Contact:</bold><email>weich@umich.edu</email></p><p><bold>Supplementary information:</bold><ext-link ext-link-type="uri" xlink:href="http://bioinformatics.oxfordjournals.org/cgi/content/full/btn600/DC1">Supplementary data</ext-link> are available at <italic>Bioinformatics</italic> online.</p></abstract></article-meta></front></article>