<article xmlns="https://jats.nlm.nih.gov/ns/archiving/1.2/" xmlns:xsi="http://www.w3.org/2001/XMLSchema-instance" xmlns:mml="http://www.w3.org/1998/Math/MathML" xmlns:xlink="http://www.w3.org/1999/xlink" xsi:schemaLocation="https://jats.nlm.nih.gov/ns/archiving/1.2/ https://jats.nlm.nih.gov/archiving/1.2/xsd/JATS-archivearticle1.xsd" article-type="research-article"><front><journal-meta><journal-id journal-id-type="nlm-ta">Bioinformatics</journal-id><journal-id journal-id-type="publisher-id">bioinformatics</journal-id><journal-id journal-id-type="hwp">bioinfo</journal-id><journal-title-group><journal-title>Bioinformatics</journal-title></journal-title-group><issn pub-type="ppub">1367-4803</issn><issn pub-type="epub">1460-2059</issn><publisher><publisher-name>Oxford University Press</publisher-name></publisher></journal-meta><article-meta><article-id pub-id-type="accession">PMC2732275</article-id><article-id pub-id-type="pmcid">PMC2732275</article-id><article-id pub-id-type="pmc-uid">2732275</article-id><article-id pub-id-type="pmid">18757875</article-id><article-id pub-id-type="pmid">18757875</article-id><article-id pub-id-type="doi">10.1093/bioinformatics/btn438</article-id><article-id pub-id-type="publisher-id">btn438</article-id><article-categories><subj-group subj-group-type="heading"><subject>Original Papers</subject><subj-group><subject>Structural Bioinformatics</subject></subj-group></subj-group></article-categories><title-group><article-title>P<sc>redict</sc>-2<sc>nd</sc>: a tool for generalized protein local structure prediction</article-title></title-group><contrib-group><contrib contrib-type="author"><name><surname>Katzman</surname><given-names>Sol</given-names></name><xref ref-type="aff" rid="AFF1"><sup>1</sup></xref></contrib><contrib contrib-type="author"><name><surname>Barrett</surname><given-names>Christian</given-names></name><xref ref-type="aff" rid="AFF1"><sup>2</sup></xref></contrib><contrib contrib-type="author"><name><surname>Thiltgen</surname><given-names>Grant</given-names></name><xref ref-type="aff" rid="AFF1"><sup>1</sup></xref></contrib><contrib contrib-type="author"><name><surname>Karchin</surname><given-names>Rachel</given-names></name><xref ref-type="aff" rid="AFF1"><sup>3</sup></xref></contrib><contrib contrib-type="author"><name><surname>Karplus</surname><given-names>Kevin</given-names></name><xref ref-type="aff" rid="AFF1"><sup>1</sup></xref><xref ref-type="corresp" rid="COR1">*</xref></contrib></contrib-group><aff id="AFF1"><sup>1</sup>Department of Biomolecular Engineering, University of California, Santa Cruz, CA 95064, <sup>2</sup>Bioengineering Department, University of California, San Diego, La Jolla, CA 92093-0412 and <sup>3</sup>Department of Biomedica Engineering, Institute for Computational Medicine, Johns Hopkins University, 3400 N. Charles St, Baltimore, MD 21218, USA</aff><author-notes><corresp id="COR1">*To whom correspondence should be addressed.</corresp><fn><p>Associate Editor: Anna Tramontano</p></fn></author-notes><pub-date pub-type="ppub"><day>1</day><month>11</month><year>2008</year></pub-date><pub-date pub-type="epub"><day>30</day><month>8</month><year>2008</year></pub-date><pub-date pub-type="pmc-release"><day>1</day><month>11</month><year>2009</year></pub-date><!-- PMC Release delay is 12 months and 0 days and was based on the
					<pub-date pub-type="ppub"/>. --><volume>24</volume><issue>21</issue><fpage>2453</fpage><lpage>2459</lpage><history><date date-type="received"><day>29</day><month>4</month><year>2008</year></date><date date-type="rev-recd"><day>15</day><month>8</month><year>2008</year></date><date date-type="accepted"><day>15</day><month>8</month><year>2008</year></date></history><permissions><copyright-statement>© The Author 2008. Published by Oxford University Press. All rights reserved. For Permissions, please email: journals.permissions@oxfordjournals.org</copyright-statement><copyright-year>2008</copyright-year></permissions><abstract><p><bold>Motivation:</bold> Predictions of protein local structure, derived from sequence alignment information alone, provide visualization tools for biologists to evaluate the importance of amino acid residue positions of interest in the absence of X-ray crystal/NMR structures or homology models. They are also useful as inputs to sequence analysis and modeling tools, such as hidden Markov models (HMMs), which can be used to search for homology in databases of known protein structure. In addition, local structure predictions can be used as a component of cost functions in genetic algorithms that predict protein tertiary structure. We have developed a program (<sc>predict</sc>-2<sc>nd</sc>) that trains multilayer neural networks and have applied it to numerous local structure alphabets, tuning network parameters such as the number of layers, the number of units in each layer and the window sizes of each layer. We have had the most success with four-layer networks, with gradually increasing window sizes at each layer.</p><p><bold>Results:</bold> Because the four-layer neural nets occasionally get trapped in poor local optima, our training protocol now uses many different random starts, with short training runs, followed by more training on the best performing networks from the short runs. One recent addition to the program is the option to add a guide sequence to the profile inputs, increasing the number of inputs per position by 20. We find that use of a guide sequence provides a small but consistent improvement in the predictions for several different local-structure alphabets.</p><p><bold>Availability:</bold> Local structure prediction with the methods described here is available for use online at <ext-link ext-link-type="uri" xlink:href="http://www.soe.ucsc.edu/compbio/SAM_T08/T08-query.html">http://www.soe.ucsc.edu/compbio/SAM_T08/T08-query.html</ext-link>. The source code and example networks for PREDICT-2ND are available at <ext-link ext-link-type="uri" xlink:href="http://www.soe.ucsc.edu/~karplus/predict-2nd/">http://www.soe.ucsc.edu/~karplus/predict-2nd/</ext-link> A required C++ library is available at <ext-link ext-link-type="uri" xlink:href="http://www.soe.ucsc.edu/~karplus/ultimate/">http://www.soe.ucsc.edu/~karplus/ultimate/</ext-link></p><p><bold>Contact:</bold><email>karplus@soe.ucsc.edu</email></p><p><bold>Supplementary information:</bold><ext-link ext-link-type="uri" xlink:href="http://bioinformatics.oxfordjournals.org/cgi/content/full/btn438/DC1">Supplementary data</ext-link> are available at <italic>Bioinformatics</italic> online.</p></abstract></article-meta></front></article>