<article xmlns="https://dtd.nlm.nih.gov/ns/archiving/2.3/" xmlns:xsi="http://www.w3.org/2001/XMLSchema-instance" xmlns:mml="http://www.w3.org/1998/Math/MathML" xmlns:xlink="http://www.w3.org/1999/xlink" xsi:schemaLocation="https://dtd.nlm.nih.gov/ns/archiving/2.3/ https://dtd.nlm.nih.gov/archiving/2.3/xsd/archivearticle.xsd" article-type="research-article" xml:lang="EN"><front><journal-meta><journal-id journal-id-type="nlm-ta">Bioinformatics</journal-id><journal-id journal-id-type="publisher-id">bioinformatics</journal-id><journal-id journal-id-type="hwp">bioinfo</journal-id><journal-title>Bioinformatics</journal-title><issn pub-type="ppub">1367-4803</issn><issn pub-type="epub">1460-2059</issn><publisher><publisher-name>Oxford University Press</publisher-name></publisher></journal-meta><article-meta><article-id pub-id-type="accession">PMC2638931</article-id><article-id pub-id-type="pmcid">PMC2638931</article-id><article-id pub-id-type="pmc-uid">2638931</article-id><article-id pub-id-type="pmid">19008251</article-id><article-id pub-id-type="doi">10.1093/bioinformatics/btn583</article-id><article-id pub-id-type="publisher-id">btn583</article-id><article-id pub-id-type="pmid">19008251</article-id><article-categories><subj-group subj-group-type="heading"><subject>Original Papers</subject><subj-group><subject>Sequence Analysis</subject></subj-group></subj-group></article-categories><title-group><article-title>Prediction of DNA-binding residues in proteins from amino acid sequences using a random forest model with a hybrid feature</article-title></title-group><contrib-group><contrib contrib-type="author"><name><surname>Wu</surname><given-names>Jiansheng</given-names></name></contrib><contrib contrib-type="author"><name><surname>Liu</surname><given-names>Hongde</given-names></name></contrib><contrib contrib-type="author"><name><surname>Duan</surname><given-names>Xueye</given-names></name></contrib><contrib contrib-type="author"><name><surname>Ding</surname><given-names>Yan</given-names></name></contrib><contrib contrib-type="author"><name><surname>Wu</surname><given-names>Hongtao</given-names></name></contrib><contrib contrib-type="author"><name><surname>Bai</surname><given-names>Yunfei</given-names></name></contrib><contrib contrib-type="author"><name><surname>Sun</surname><given-names>Xiao</given-names></name><xref ref-type="corresp" rid="COR1">*</xref></contrib></contrib-group><aff>State Key Laboratory of Bioelectronics, School of Biological Science and Medical Engineering, Southeast University, Nanjing 210096, P. R. China</aff><author-notes><corresp id="COR1">*To whom correspondence should be addressed.</corresp><fn><p>Associate Editor: Ivo Hofacker</p></fn></author-notes><pub-date pub-type="ppub"><day>1</day><month>1</month><year>2009</year></pub-date><pub-date pub-type="epub"><day>12</day><month>11</month><year>2008</year></pub-date><pub-date pub-type="pmc-release"><day>12</day><month>11</month><year>2008</year></pub-date><volume>25</volume><issue>1</issue><fpage>30</fpage><lpage>35</lpage><history><date date-type="received"><day>29</day><month>2</month><year>2008</year></date><date date-type="rev-recd"><day>10</day><month>10</month><year>2008</year></date><date date-type="accepted"><day>7</day><month>11</month><year>2008</year></date></history><permissions><copyright-statement>© 2008 The Author(s)</copyright-statement><copyright-year>2008</copyright-year><license license-type="creative-commons" xlink:href="http://creativecommons.org/licenses/by-nc/2.0/uk/"><p><!--CREATIVE COMMONS-->This is an Open Access article distributed under the terms of the Creative Commons Attribution Non-Commercial License (<ext-link ext-link-type="uri" xlink:href="http://creativecommons.org/licenses/by-nc/2.0/uk/">http://creativecommons.org/licenses/by-nc/2.0/uk/</ext-link>) which permits unrestricted non-commercial use, distribution, and reproduction in any medium, provided the original work is properly cited.</p></license></permissions><abstract><p><bold>Motivation:</bold> In this work, we aim to develop a computational approach for predicting DNA-binding sites in proteins from amino acid sequences. To avoid overfitting with this method, all available DNA-binding proteins from the Protein Data Bank (PDB) are used to construct the models. The random forest (RF) algorithm is used because it is fast and has robust performance for different parameter values. A novel hybrid feature is presented which incorporates evolutionary information of the amino acid sequence, secondary structure (SS) information and orthogonal binary vector (OBV) information which reflects the characteristics of 20 kinds of amino acids for two physical–chemical properties (dipoles and volumes of the side chains). The numbers of binding and non-binding residues in proteins are highly unbalanced, so a novel scheme is proposed to deal with the problem of imbalanced datasets by downsizing the majority class.</p><p><bold>Results:</bold> The results show that the RF model achieves 91.41% overall accuracy with Matthew's correlation coefficient of 0.70 and an area under the receiver operating characteristic curve (AUC) of 0.913. To our knowledge, the RF method using the hybrid feature is currently the computationally optimal approach for predicting DNA-binding sites in proteins from amino acid sequences without using three-dimensional (3D) structural information. We have demonstrated that the prediction results are useful for understanding protein–DNA interactions.</p><p><bold>Availability:</bold> DBindR web server implementation is freely available at <ext-link ext-link-type="uri" xlink:href="http://www.cbi.seu.edu.cn/DBindR/DBindR.htm">http://www.cbi.seu.edu.cn/DBindR/DBindR.htm</ext-link>.</p><p><bold>Contact:</bold><email>xsun@seu.edu.cn</email></p><p><bold>Supplementary information:</bold><ext-link ext-link-type="uri" xlink:href="http://bioinformatics.oxfordjournals.org/cgi/content/full/btn583/DC1">Supplementary data</ext-link> are available at <italic>Bioinformatics</italic> online.</p></abstract></article-meta></front></article>