<article xmlns="https://jats.nlm.nih.gov/ns/archiving/1.2/" xmlns:xsi="http://www.w3.org/2001/XMLSchema-instance" xmlns:mml="http://www.w3.org/1998/Math/MathML" xmlns:xlink="http://www.w3.org/1999/xlink" xsi:schemaLocation="https://jats.nlm.nih.gov/ns/archiving/1.2/ https://jats.nlm.nih.gov/archiving/1.2/xsd/JATS-archivearticle1.xsd" article-type="research-article"><front><journal-meta><journal-id journal-id-type="nlm-ta">Bioinformatics</journal-id><journal-id journal-id-type="publisher-id">bioinformatics</journal-id><journal-id journal-id-type="hwp">bioinfo</journal-id><journal-title-group><journal-title>Bioinformatics</journal-title></journal-title-group><issn pub-type="ppub">1367-4803</issn><issn pub-type="epub">1460-2059</issn><publisher><publisher-name>Oxford University Press</publisher-name></publisher></journal-meta><article-meta><article-id pub-id-type="accession">PMC2705227</article-id><article-id pub-id-type="pmcid">PMC2705227</article-id><article-id pub-id-type="pmc-uid">2705227</article-id><article-id pub-id-type="pmid">19420056</article-id><article-id pub-id-type="doi">10.1093/bioinformatics/btp305</article-id><article-id pub-id-type="publisher-id">btp305</article-id><article-categories><subj-group subj-group-type="heading"><subject>Original Paper</subject><subj-group><subject>Genetics and Population Analysis</subject></subj-group></subj-group></article-categories><title-group><article-title>Estimating the posterior probability that genome-wide association findings are true or false</article-title></title-group><contrib-group><contrib contrib-type="author"><name><surname>Bukszár</surname><given-names>József</given-names></name><xref ref-type="corresp" rid="COR1">*</xref></contrib><contrib contrib-type="author"><name><surname>McClay</surname><given-names>Joseph L.</given-names></name></contrib><contrib contrib-type="author"><name><surname>van den Oord</surname><given-names>Edwin J. C. G.</given-names></name></contrib></contrib-group><aff id="AFF1">Center for Biomarker Research and Personalized Medicine, School of Pharmacy, Medical College of Virginia, Virginia Commonwealth University, 1112 East Clay Street, PO Box 980533, Richmond, Virginia 23298, USA</aff><author-notes><corresp id="COR1">* To whom correspondence should be addressed.</corresp><fn><p>Associate Editor: Martin Bishop</p></fn></author-notes><pub-date pub-type="ppub"><day>15</day><month>7</month><year>2009</year></pub-date><pub-date pub-type="epub"><day>6</day><month>5</month><year>2009</year></pub-date><pub-date pub-type="pmc-release"><day>15</day><month>7</month><year>2010</year></pub-date><!-- PMC Release delay is 12 months and 0 days and was based on the
					<pub-date pub-type="ppub"/>. --><volume>25</volume><issue>14</issue><fpage>1807</fpage><lpage>1813</lpage><history><date date-type="received"><day>20</day><month>1</month><year>2009</year></date><date date-type="rev-recd"><day>1</day><month>5</month><year>2009</year></date><date date-type="accepted"><day>2</day><month>5</month><year>2009</year></date></history><permissions><copyright-statement>© The Author 2009. Published by Oxford University Press. All rights reserved. For Permissions, please email: journals.permissions@oxfordjournals.org</copyright-statement></permissions><abstract><p><bold>Motivation:</bold> A limitation of current methods used to declare significance in genome-wide association studies (GWAS) is that they do not provide clear information about the probability that GWAS findings are true of false. This lack of information increases the chance of false discoveries and may result in real effects being missed.</p><p><bold>Results:</bold> We propose a method to estimate the posterior probability that a marker has (no) effect given its test statistic value, also called the local false discovery rate (FDR), in the GWAS. A critical step involves the estimation the parameters of the distribution of the true alternative tests. For this, we derived and implemented the real maximum likelihood function, which turned out to provide us with significantly more accurate estimates than the widely used mixture model likelihood. Actual GWAS data are used to illustrate properties of the posterior probability estimates empirically. In addition to evaluating individual markers, a variety of applications are conceivable. For instance, posterior probability estimates can be used to control the FDR more precisely than Benjamini–Hochberg procedure.</p><p><bold>Availability:</bold> The codes are freely downloadable from the web site <ext-link ext-link-type="uri" xlink:href="http://www.people.vcu.edu/∼jbukszar">http://www.people.vcu.edu/∼jbukszar</ext-link>.</p><p><bold>Contact:</bold><email>jbukszar@vcu.edu</email></p><p><bold>Supplementary information:</bold><ext-link ext-link-type="uri" xlink:href="http://bioinformatics.oxfordjournals.org/cgi/content/full/btp305/DC1">Supplementary data</ext-link> are available at <italic>Bioinformatics</italic> online.</p></abstract></article-meta></front></article>