<article xmlns="https://jats.nlm.nih.gov/ns/archiving/1.2/" xmlns:xsi="http://www.w3.org/2001/XMLSchema-instance" xmlns:mml="http://www.w3.org/1998/Math/MathML" xmlns:xlink="http://www.w3.org/1999/xlink" xsi:schemaLocation="https://jats.nlm.nih.gov/ns/archiving/1.2/ https://jats.nlm.nih.gov/archiving/1.2/xsd/JATS-archivearticle1.xsd" article-type="research-article"><front><journal-meta><journal-id journal-id-type="nlm-ta">Bioinformatics</journal-id><journal-id journal-id-type="publisher-id">bioinformatics</journal-id><journal-id journal-id-type="hwp">bioinfo</journal-id><journal-title-group><journal-title>Bioinformatics</journal-title></journal-title-group><issn pub-type="ppub">1367-4803</issn><issn pub-type="epub">1460-2059</issn><publisher><publisher-name>Oxford University Press</publisher-name></publisher></journal-meta><article-meta><article-id pub-id-type="accession">PMC2530886</article-id><article-id pub-id-type="pmcid">PMC2530886</article-id><article-id pub-id-type="pmc-uid">2530886</article-id><article-id pub-id-type="pmid">18678589</article-id><article-id pub-id-type="pmid">18678589</article-id><article-id pub-id-type="doi">10.1093/bioinformatics/btn368</article-id><article-id pub-id-type="publisher-id">btn368</article-id><article-categories><subj-group subj-group-type="heading"><subject>Applications Note</subject><subj-group><subject>Systems Biology</subject></subj-group></subj-group></article-categories><title-group><article-title>VistaClara: an expression browser plug-in for Cytoscape</article-title></title-group><contrib-group><contrib contrib-type="author"><name><surname>Kincaid</surname><given-names>Robert</given-names></name><xref ref-type="aff" rid="AFF1"><sup>1</sup></xref><xref ref-type="corresp" rid="COR1">*</xref></contrib><contrib contrib-type="author"><name><surname>Kuchinsky</surname><given-names>Allan</given-names></name><xref ref-type="aff" rid="AFF1"><sup>1</sup></xref></contrib><contrib contrib-type="author"><name><surname>Creech</surname><given-names>Michael</given-names></name><xref ref-type="aff" rid="AFF1"><sup>2</sup></xref></contrib></contrib-group><aff id="AFF1"><sup>1</sup>Agilent Laboratories, 5301 Stevens Creek Blvd., Santa Clara, CA 95051 and <sup>2</sup>Blue Oak Software, 1734 Austin Ave., Los Altos, CA 94024, USA</aff><author-notes><corresp id="COR1"><sup>*</sup>To whom correspondence should be addressed.</corresp><fn><p>Associate Editor: Trey Ideker</p></fn></author-notes><pub-date pub-type="ppub"><day>15</day><month>9</month><year>2008</year></pub-date><pub-date pub-type="epub"><day>4</day><month>8</month><year>2008</year></pub-date><pub-date pub-type="pmc-release"><day>4</day><month>8</month><year>2008</year></pub-date><!-- PMC Release delay is 0 months and 0 days and was based on the
							<pub-date pub-type="epub"/>. --><volume>24</volume><issue>18</issue><fpage>2112</fpage><lpage>2114</lpage><history><date date-type="received"><day>20</day><month>5</month><year>2008</year></date><date date-type="rev-recd"><day>20</day><month>5</month><year>2008</year></date><date date-type="accepted"><day>14</day><month>7</month><year>2008</year></date></history><permissions><copyright-statement>© 2008 The Author(s)</copyright-statement><copyright-year>2008</copyright-year><license license-type="creative-commons" xlink:href="http://creativecommons.org/licenses/by-nc/2.0/uk/"><license-p><!--CREATIVE COMMONS-->This is an Open Access article distributed under the terms of the Creative Commons Attribution Non-Commercial License (<ext-link ext-link-type="uri" xlink:href="http://creativecommons.org/licenses/by-nc/2.0/uk/">http://creativecommons.org/licenses/by-nc/2.0/uk/</ext-link>) which permits unrestricted non-commercial use, distribution, and reproduction in any medium, provided the original work is properly cited.</license-p></license></permissions><abstract><p><bold>Summary:</bold> VistaClara is a plug-in for Cytoscape which provides a more flexible means to visualize gene and protein expression within a network context. An extended attribute browser is provided in the form of a graphical and interactive permutation matrix that resembles the heat map displays popular in gene-expression analysis. This extended browser permits a variety of display options and interactions not currently available in Cytoscape.</p><p><bold>Availability:</bold><ext-link ext-link-type="uri" xlink:href="http://chianti.ucsd.edu/cyto_web/plugins/index.php">http://chianti.ucsd.edu/cyto_web/plugins/index.php</ext-link></p><p><bold>Contact:</bold><email>robert_kincaid@agilent.com</email></p></abstract></article-meta></front></article>