<article xmlns="https://dtd.nlm.nih.gov/ns/archiving/2.3/" xmlns:xsi="http://www.w3.org/2001/XMLSchema-instance" xmlns:mml="http://www.w3.org/1998/Math/MathML" xmlns:xlink="http://www.w3.org/1999/xlink" xsi:schemaLocation="https://dtd.nlm.nih.gov/ns/archiving/2.3/ https://dtd.nlm.nih.gov/archiving/2.3/xsd/archivearticle.xsd" article-type="research-article" xml:lang="EN"><front><journal-meta><journal-id journal-id-type="nlm-ta">Bioinformatics</journal-id><journal-id journal-id-type="publisher-id">bioinformatics</journal-id><journal-id journal-id-type="hwp">bioinfo</journal-id><journal-title>Bioinformatics</journal-title><issn pub-type="ppub">1367-4803</issn><issn pub-type="epub">1460-2059</issn><publisher><publisher-name>Oxford University Press</publisher-name></publisher></journal-meta><article-meta><article-id pub-id-type="accession">PMC2687942</article-id><article-id pub-id-type="pmcid">PMC2687942</article-id><article-id pub-id-type="pmc-uid">2687942</article-id><article-id pub-id-type="pmid">19478010</article-id><article-id pub-id-type="doi">10.1093/bioinformatics/btp188</article-id><article-id pub-id-type="publisher-id">btp188</article-id><article-categories><subj-group subj-group-type="heading"><subject>Ismb/Eccb 2009 Conference Proceedings June 27 to July 2, 2009, Stockholm, Sweden</subject><subj-group><subject>Original Papers</subject><subj-group><subject>Sequence Analysis and Alignment</subject></subj-group></subj-group></subj-group></article-categories><title-group><article-title>Efficient exact motif discovery</article-title></title-group><contrib-group><contrib contrib-type="author"><name><surname>Marschall</surname><given-names>Tobias</given-names></name><xref ref-type="corresp" rid="COR1">*</xref></contrib><contrib contrib-type="author"><name><surname>Rahmann</surname><given-names>Sven</given-names></name><xref ref-type="corresp" rid="COR1">*</xref></contrib></contrib-group><aff>Bioinformatics for High-Throughput Technologies at the Chair of Algorithm Engineering, Computer Science Department, TU Dortmund, D-44221 Dortmund, Germany</aff><author-notes><corresp id="COR1">*To whom correspondence should be addressed.</corresp></author-notes><pub-date pub-type="ppub"><day>15</day><month>6</month><year>2009</year></pub-date><pub-date pub-type="epub"><day>27</day><month>5</month><year>2009</year></pub-date><pub-date pub-type="pmc-release"><day>27</day><month>5</month><year>2009</year></pub-date><!-- PMC Release delay is 0 months and 0 days and was based on the
			<pub-date pub-type="epub"/>. --><volume>25</volume><issue>12</issue><fpage>i356</fpage><lpage>i364</lpage><permissions><copyright-statement>© 2009 The Author(s)</copyright-statement><copyright-year>2009</copyright-year><license license-type="creative-commons" xlink:href="http://creativecommons.org/licenses/by-nc/2.0/uk/"><p><!--CREATIVE COMMONS-->This is an Open Access article distributed under the terms of the Creative Commons Attribution Non-Commercial License (<ext-link ext-link-type="uri" xlink:href="http://creativecommons.org/licenses/by-nc/2.0/uk/">http://creativecommons.org/licenses/by-nc/2.0/uk/</ext-link>) which permits unrestricted non-commercial use, distribution, and reproduction in any medium, provided the original work is properly cited.</p></license></permissions><abstract><p><bold>Motivation:</bold> The <italic>motif discovery</italic> problem consists of finding over-represented patterns in a collection of biosequences. It is one of the classical sequence analysis problems, but still has not been satisfactorily solved in an exact and efficient manner. This is partly due to the large number of possibilities of defining the motif search space and the notion of over-representation. Even for well-defined formalizations, the problem is frequently solved in an <italic>ad hoc</italic> manner with heuristics that do not guarantee to find the best motif.</p><p><bold>Results:</bold> We show how to solve the motif discovery problem (almost) exactly on a practically relevant space of IUPAC generalized string patterns, using the <italic>p</italic>-value with respect to an i.i.d. model or a Markov model as the measure of over-representation. In particular, (i) we use a highly accurate compound Poisson approximation for the null distribution of the number of motif occurrences. We show how to compute the exact clump size distribution using a recently introduced device called probabilistic arithmetic automaton (PAA). (ii) We define two <italic>p</italic>-value scores for over-representation, the first one based on the total number of motif occurrences, the second one based on the number of sequences in a collection with at least one occurrence. (iii) We describe an algorithm to discover the optimal pattern with respect to either of the scores. The method exploits monotonicity properties of the compound Poisson approximation and is by orders of magnitude faster than exhaustive enumeration of IUPAC strings (11.8 h compared with an extrapolated runtime of 4.8 years). (iv) We justify the use of the proposed scores for motif discovery by showing our method to outperform other motif discovery algorithms (e.g. MEME, Weeder) on benchmark datasets. We also propose new motifs on <italic>Mycobacterium tuberculosis</italic>.</p><p><bold>Availability and Implementation:</bold> The method has been implemented in Java. It can be obtained from <monospace><ext-link ext-link-type="uri" xlink:href="http://ls11-www.cs.tu-dortmund.de/people/marschal/paa_md/">http://ls11-www.cs.tu-dortmund.de/people/marschal/paa_md/</ext-link></monospace></p><p><bold>Contact:</bold><email>tobias.marschall@tu-dortmund.de</email>; <email>sven.rahmann@tu-dortmund.de</email></p></abstract></article-meta></front></article>