<article xmlns="https://dtd.nlm.nih.gov/ns/archiving/2.3/" xmlns:xsi="http://www.w3.org/2001/XMLSchema-instance" xmlns:mml="http://www.w3.org/1998/Math/MathML" xmlns:xlink="http://www.w3.org/1999/xlink" xsi:schemaLocation="https://dtd.nlm.nih.gov/ns/archiving/2.3/ https://dtd.nlm.nih.gov/archiving/2.3/xsd/archivearticle.xsd" article-type="research-article" xml:lang="EN"><front><journal-meta><journal-id journal-id-type="nlm-ta">Bioinformatics</journal-id><journal-id journal-id-type="publisher-id">bioinformatics</journal-id><journal-id journal-id-type="hwp">bioinfo</journal-id><journal-title>Bioinformatics</journal-title><issn pub-type="ppub">1367-4803</issn><issn pub-type="epub">1460-2059</issn><publisher><publisher-name>Oxford University Press</publisher-name></publisher></journal-meta><article-meta><article-id pub-id-type="accession">PMC2572704</article-id><article-id pub-id-type="pmcid">PMC2572704</article-id><article-id pub-id-type="pmc-uid">2572704</article-id><article-id pub-id-type="pmid">18776193</article-id><article-id pub-id-type="doi">10.1093/bioinformatics/btn474</article-id><article-id pub-id-type="publisher-id">btn474</article-id><article-id pub-id-type="pmid">18776193</article-id><article-categories><subj-group subj-group-type="heading"><subject>Original Papers</subject><subj-group><subject>Sequence Analysis</subject></subj-group></subj-group></article-categories><title-group><article-title>INTREPID—INformation-theoretic TREe traversal for Protein functional site IDentification</article-title></title-group><contrib-group><contrib contrib-type="author"><name><surname>Sankararaman</surname><given-names>Sriram</given-names></name><xref ref-type="aff" rid="AFF1"><sup>1</sup></xref><xref ref-type="corresp" rid="COR1">*</xref></contrib><contrib contrib-type="author"><name><surname>Sjölander</surname><given-names>Kimmen</given-names></name><xref ref-type="aff" rid="AFF1"><sup>2</sup></xref></contrib></contrib-group><aff id="AFF1"><sup>1</sup>Department of Electrical Engineering &amp; Computer Science and <sup>2</sup>Department of Bioengineering, University of California, Berkeley, USA</aff><author-notes><corresp id="COR1">*To whom correspondence should be addressed.</corresp><fn><p>Associate Editor: Burkhard Rost</p></fn></author-notes><pub-date pub-type="ppub"><day>1</day><month>11</month><year>2008</year></pub-date><pub-date pub-type="epub"><day>6</day><month>9</month><year>2008</year></pub-date><pub-date pub-type="pmc-release"><day>6</day><month>9</month><year>2008</year></pub-date><!-- PMC Release delay is 0 months and 0 days and was based on the
			<pub-date pub-type="epub"/>. --><volume>24</volume><issue>21</issue><fpage>2445</fpage><lpage>2452</lpage><history><date date-type="received"><day>3</day><month>5</month><year>2008</year></date><date date-type="rev-recd"><day>3</day><month>9</month><year>2008</year></date><date date-type="accepted"><day>3</day><month>9</month><year>2008</year></date></history><permissions><copyright-statement>© 2008 The Author(s)</copyright-statement><copyright-year>2008</copyright-year><license license-type="creative-commons" xlink:href="http://creativecommons.org/licenses/by-nc/2.0/uk/"><p><!--CREATIVE COMMONS-->This is an Open Access article distributed under the terms of the Creative Commons Attribution Non-Commercial License (<ext-link ext-link-type="uri" xlink:href="http://creativecommons.org/licenses/by-nc/2.0/uk/">http://creativecommons.org/licenses/by-nc/2.0/uk/</ext-link>) which permits unrestricted non-commercial use, distribution, and reproduction in any medium, provided the original work is properly cited.</p></license></permissions><abstract><p><bold>Motivation:</bold> Identification of functionally important residues in proteins plays a significant role in biological discovery. Here, we present INTREPID—an information–theoretic approach for functional site identification that exploits the information in large diverse multiple sequence alignments (MSAs). INTREPID uses a traversal of the phylogeny in combination with a positional conservation score, based on Jensen–Shannon divergence, to rank positions in an MSA. While knowledge of protein 3D structure can significantly improve the accuracy of functional site identification, since structural information is not available for a majority of proteins, INTREPID relies solely on sequence information. We evaluated INTREPID on two tasks: predicting catalytic residues and predicting specificity determinants.</p><p><bold>Results:</bold> In catalytic residue prediction, INTREPID provides significant improvements over Evolutionary Trace, ConSurf as well as over a baseline global conservation method on a set of 100 manually curated enzymes from the Catalytic Site Atlas. In particular, INTREPID is able to better predict catalytic positions that are not globally conserved and hence, attains improved sensitivity at high values of specificity. We also investigated the performance of INTREPID as a function of the evolutionary divergence of the protein family. We found that INTREPID is better able to exploit the diversity in such families and that accuracy improves when homologs with very low sequence identity are included in an alignment. In specificity determinant prediction, when subtype information is known, INTREPID-SPEC, a variant of INTREPID, attains accuracies that are competitive with other approaches for this task.</p><p><bold>Availability:</bold> INTREPID is available for 16919 families in the PhyloFacts resource (<ext-link ext-link-type="uri" xlink:href="http://phylogenomics.berkeley.edu/phylofacts">http://phylogenomics.berkeley.edu/phylofacts</ext-link>).</p><p><bold>Contact:</bold><email>sriram_s@cs.berkeley.edu</email></p><p><bold>Supplementary information:</bold> Relevant online <ext-link ext-link-type="uri" xlink:href="http://bioinformatics.oxfordjournals.org/cgi/content/full/btn474/DC1">supplementary material</ext-link> is available at <ext-link ext-link-type="uri" xlink:href="http://phylogenomics.berkeley.edu/INTREPID">http://phylogenomics.berkeley.edu/INTREPID</ext-link>.</p></abstract></article-meta></front></article>