<article xmlns="https://dtd.nlm.nih.gov/ns/archiving/2.3/" xmlns:xsi="http://www.w3.org/2001/XMLSchema-instance" xmlns:mml="http://www.w3.org/1998/Math/MathML" xmlns:xlink="http://www.w3.org/1999/xlink" xsi:schemaLocation="https://dtd.nlm.nih.gov/ns/archiving/2.3/ https://dtd.nlm.nih.gov/archiving/2.3/xsd/archivearticle.xsd" article-type="research-article" xml:lang="EN"><front><journal-meta><journal-id journal-id-type="nlm-ta">Bioinformatics</journal-id><journal-id journal-id-type="publisher-id">bioinformatics</journal-id><journal-id journal-id-type="hwp">bioinfo</journal-id><journal-title>Bioinformatics</journal-title><issn pub-type="ppub">1367-4803</issn><issn pub-type="epub">1460-2059</issn><publisher><publisher-name>Oxford University Press</publisher-name></publisher></journal-meta><article-meta><article-id pub-id-type="accession">PMC2579712</article-id><article-id pub-id-type="pmcid">PMC2579712</article-id><article-id pub-id-type="pmc-uid">2579712</article-id><article-id pub-id-type="pmid">18845584</article-id><article-id pub-id-type="doi">10.1093/bioinformatics/btn504</article-id><article-id pub-id-type="publisher-id">btn504</article-id><article-id pub-id-type="pmid">18845584</article-id><article-categories><subj-group subj-group-type="heading"><subject>Applications Note</subject><subj-group><subject>Sequence Analysis</subject></subj-group></subj-group></article-categories><title-group><article-title>Profile Comparer: a program for scoring and aligning profile hidden Markov models</article-title></title-group><contrib-group><contrib contrib-type="author"><name><surname>Madera</surname><given-names>Martin</given-names></name><xref ref-type="corresp" rid="COR1">*</xref></contrib></contrib-group><aff>Department of Computer Science, University of Bristol, Bristol, UK</aff><author-notes><corresp id="COR1">*To whom correspondence should be addressed.</corresp><fn><p>Associate Editor: Alex Bateman</p></fn></author-notes><pub-date pub-type="ppub"><day>15</day><month>11</month><year>2008</year></pub-date><pub-date pub-type="epub"><day>9</day><month>10</month><year>2008</year></pub-date><pub-date pub-type="pmc-release"><day>9</day><month>10</month><year>2008</year></pub-date><volume>24</volume><issue>22</issue><fpage>2630</fpage><lpage>2631</lpage><history><date date-type="received"><day>8</day><month>8</month><year>2008</year></date><date date-type="rev-recd"><day>11</day><month>9</month><year>2008</year></date><date date-type="accepted"><day>19</day><month>9</month><year>2008</year></date></history><permissions><copyright-statement>© 2008 The Author(s)</copyright-statement><copyright-year>2008</copyright-year><license license-type="creative-commons" xlink:href="http://creativecommons.org/licenses/by-nc/2.0/uk/"><p><!--CREATIVE COMMONS-->This is an Open Access article distributed under the terms of the Creative Commons Attribution Non-Commercial License (<ext-link ext-link-type="uri" xlink:href="http://creativecommons.org/licenses/by-nc/2.0/uk/">http://creativecommons.org/licenses/by-nc/2.0/uk/</ext-link>) which permits unrestricted non-commercial use, distribution, and reproduction in any medium, provided the original work is properly cited.</p></license></permissions><abstract><p><bold>Summary:</bold> Profile Comparer (PRC) is a stand-alone program for scoring and aligning profile hidden Markov models (HMMs) of protein families. PRC can read models produced by SAM and HMMER, two popular profile HMM packages, as well as PSI-BLAST checkpoint files. This application note provides a brief description of the profile–profile algorithm used by PRC.</p><p><bold>Availability:</bold> The C source code licensed under the GNU General Public Licence and Linux and Mac OS X binaries can be downloaded from <ext-link ext-link-type="uri" xlink:href="http://supfam.org/PRC">http://supfam.org/PRC</ext-link>.</p><p><bold>Contact:</bold><email>martin.madera@gmail.com</email></p><p><bold>Supplementary information:</bold><ext-link ext-link-type="uri" xlink:href="http://bioinformatics.oxfordjournals.org/cgi/content/full/btn504/DC1">Supplementary data</ext-link> are available at <italic>Bioinformatics</italic> online.</p></abstract></article-meta></front></article>