<article xmlns="https://jats.nlm.nih.gov/ns/archiving/1.2/" xmlns:xsi="http://www.w3.org/2001/XMLSchema-instance" xmlns:mml="http://www.w3.org/1998/Math/MathML" xmlns:xlink="http://www.w3.org/1999/xlink" xsi:schemaLocation="https://jats.nlm.nih.gov/ns/archiving/1.2/ https://jats.nlm.nih.gov/archiving/1.2/xsd/JATS-archivearticle1.xsd" article-type="research-article"><front><journal-meta><journal-id journal-id-type="nlm-ta">Bioinformatics</journal-id><journal-id journal-id-type="publisher-id">bioinformatics</journal-id><journal-id journal-id-type="hwp">bioinfo</journal-id><journal-title-group><journal-title>Bioinformatics</journal-title></journal-title-group><issn pub-type="ppub">1367-4803</issn><issn pub-type="epub">1460-2059</issn><publisher><publisher-name>Oxford University Press</publisher-name></publisher></journal-meta><article-meta><article-id pub-id-type="accession">PMC2732366</article-id><article-id pub-id-type="pmcid">PMC2732366</article-id><article-id pub-id-type="pmc-uid">2732366</article-id><article-id pub-id-type="pmid">19505939</article-id><article-id pub-id-type="pmid">19505939</article-id><article-id pub-id-type="doi">10.1093/bioinformatics/btp340</article-id><article-id pub-id-type="publisher-id">btp340</article-id><article-categories><subj-group subj-group-type="heading"><subject>Original Papers</subject><subj-group><subject>Data and Text Mining</subject></subj-group></subj-group></article-categories><title-group><article-title>A clustering approach for identification of enriched domains from histone modification ChIP-Seq data</article-title></title-group><contrib-group><contrib contrib-type="author"><name><surname>Zang</surname><given-names>Chongzhi</given-names></name><xref ref-type="aff" rid="AFF1"><sup>1</sup></xref></contrib><contrib contrib-type="author"><name><surname>Schones</surname><given-names>Dustin E.</given-names></name><xref ref-type="aff" rid="AFF1"><sup>2</sup></xref></contrib><contrib contrib-type="author"><name><surname>Zeng</surname><given-names>Chen</given-names></name><xref ref-type="aff" rid="AFF1"><sup>1</sup></xref></contrib><contrib contrib-type="author"><name><surname>Cui</surname><given-names>Kairong</given-names></name><xref ref-type="aff" rid="AFF1"><sup>2</sup></xref></contrib><contrib contrib-type="author"><name><surname>Zhao</surname><given-names>Keji</given-names></name><xref ref-type="aff" rid="AFF1"><sup>2</sup></xref></contrib><contrib contrib-type="author"><name><surname>Peng</surname><given-names>Weiqun</given-names></name><xref ref-type="aff" rid="AFF1"><sup>1</sup></xref><xref ref-type="corresp" rid="COR1">*</xref></contrib></contrib-group><aff id="AFF1"><sup>1</sup> Department of Physics, The George Washington University, Washington, DC 20052 and <sup>2</sup> Laboratory of Molecular Immunology, National Heart Lung and Blood Institute, NIH, Bethesda, MD 20892, USA</aff><author-notes><corresp id="COR1">* To whom correspondence should be addressed.</corresp><fn><p>Associate Editor: Joaquin Dopazo</p></fn></author-notes><pub-date pub-type="ppub"><day>1</day><month>8</month><year>2009</year></pub-date><pub-date pub-type="epub"><day>8</day><month>6</month><year>2009</year></pub-date><volume>25</volume><issue>15</issue><fpage>1952</fpage><lpage>1958</lpage><history><date date-type="received"><day>3</day><month>3</month><year>2009</year></date><date date-type="rev-recd"><day>7</day><month>5</month><year>2009</year></date><date date-type="accepted"><day>27</day><month>5</month><year>2009</year></date></history><permissions><copyright-statement>© The Author 2009. Published by Oxford University Press. All rights reserved. For Permissions, please email: journals.permissions@oxfordjournals.org</copyright-statement><copyright-year>2009</copyright-year></permissions><abstract><p><bold>Motivation:</bold> Chromatin states are the key to gene regulation and cell identity. Chromatin immunoprecipitation (ChIP) coupled with high-throughput sequencing (ChIP-Seq) is increasingly being used to map epigenetic states across genomes of diverse species. Chromatin modification profiles are frequently noisy and diffuse, spanning regions ranging from several nucleosomes to large domains of multiple genes. Much of the early work on the identification of ChIP-enriched regions for ChIP-Seq data has focused on identifying localized regions, such as transcription factor binding sites. Bioinformatic tools to identify diffuse domains of ChIP-enriched regions have been lacking.</p><p><bold>Results:</bold> Based on the biological observation that histone modifications tend to cluster to form domains, we present a method that identifies spatial clusters of signals unlikely to appear by chance. This method pools together enrichment information from neighboring nucleosomes to increase sensitivity and specificity. By using genomic-scale analysis, as well as the examination of loci with validated epigenetic states, we demonstrate that this method outperforms existing methods in the identification of ChIP-enriched signals for histone modification profiles. We demonstrate the application of this unbiased method in important issues in ChIP-Seq data analysis, such as data normalization for quantitative comparison of levels of epigenetic modifications across cell types and growth conditions.</p><p><bold>Availability:</bold><ext-link ext-link-type="uri" xlink:href="http://home.gwu.edu/∼wpeng/Software.htm">http://home.gwu.edu/∼wpeng/Software.htm</ext-link></p><p><bold>Contact:</bold><email>wpeng@gwu.edu</email></p><p><bold>Supplementary information:</bold><ext-link ext-link-type="uri" xlink:href="http://bioinformatics.oxfordjournals.org/cgi/content/full/btp340/DC1">Supplementary data</ext-link> are available at <italic>Bioinformatics</italic> online.</p></abstract></article-meta></front></article>