<article xmlns="https://jats.nlm.nih.gov/ns/archiving/1.2/" xmlns:xsi="http://www.w3.org/2001/XMLSchema-instance" xmlns:mml="http://www.w3.org/1998/Math/MathML" xmlns:xlink="http://www.w3.org/1999/xlink" xsi:schemaLocation="https://jats.nlm.nih.gov/ns/archiving/1.2/ https://jats.nlm.nih.gov/archiving/1.2/xsd/JATS-archivearticle1.xsd" article-type="research-article"><front><journal-meta><journal-id journal-id-type="nlm-ta">Bioinformatics</journal-id><journal-id journal-id-type="publisher-id">bioinformatics</journal-id><journal-id journal-id-type="hwp">bioinfo</journal-id><journal-title-group><journal-title>Bioinformatics</journal-title></journal-title-group><issn pub-type="ppub">1367-4803</issn><issn pub-type="epub">1460-2059</issn><publisher><publisher-name>Oxford University Press</publisher-name></publisher></journal-meta><article-meta><article-id pub-id-type="accession">PMC2718647</article-id><article-id pub-id-type="pmcid">PMC2718647</article-id><article-id pub-id-type="pmc-uid">2718647</article-id><article-id pub-id-type="pmid">18586714</article-id><article-id pub-id-type="pmid">18586714</article-id><article-id pub-id-type="doi">10.1093/bioinformatics/btn169</article-id><article-id pub-id-type="publisher-id">btn169</article-id><article-categories><subj-group subj-group-type="heading"><subject>Ismb 2008 Conference Proceedings 19–23 July 2008, Toronto</subject><subj-group><subject>Original Papers</subject><subj-group><subject>Protein Structure and Function</subject></subj-group></subj-group></subj-group></article-categories><title-group><article-title>Algorithm for backrub motions in protein design</article-title></title-group><contrib-group><contrib contrib-type="author"><name><surname>Georgiev</surname><given-names>Ivelin</given-names></name><xref ref-type="aff" rid="AFF1"><sup>1</sup></xref></contrib><contrib contrib-type="author"><name><surname>Keedy</surname><given-names>Daniel</given-names></name><xref ref-type="aff" rid="AFF1"><sup>2</sup></xref></contrib><contrib contrib-type="author"><name><surname>Richardson</surname><given-names>Jane S.</given-names></name><xref ref-type="aff" rid="AFF1"><sup>2</sup></xref></contrib><contrib contrib-type="author"><name><surname>Richardson</surname><given-names>David C.</given-names></name><xref ref-type="aff" rid="AFF1"><sup>2</sup></xref></contrib><contrib contrib-type="author"><name><surname>Donald</surname><given-names>Bruce R.</given-names></name><xref ref-type="aff" rid="AFF1"><sup>1</sup></xref><xref ref-type="aff" rid="AFF1"><sup>2</sup></xref><xref ref-type="corresp" rid="COR1">*</xref></contrib></contrib-group><aff id="AFF1"><sup>1</sup>Department of Computer Science, Duke University and <sup>2</sup>Department of Biochemistry, Duke University Medical Center, Durham, NC 27708, USA</aff><author-notes><corresp id="COR1">*To whom correspondence should be addressed.</corresp></author-notes><pub-date pub-type="ppub"><day>1</day><month>7</month><year>2008</year></pub-date><pub-date pub-type="pmc-release"><day>1</day><month>7</month><year>2008</year></pub-date><!-- PMC Release delay is 0 months and 0 days and was based on the
							<pub-date pub-type="ppub"/>. --><volume>24</volume><issue>13</issue><fpage>i196</fpage><lpage>i204</lpage><permissions><copyright-statement>© 2008 The Author(s)</copyright-statement><copyright-year>2008</copyright-year><license license-type="creative-commons" xlink:href="http://creativecommons.org/licenses/by-nc/2.0/uk/"><license-p><!--CREATIVE COMMONS-->This is an Open Access article distributed under the terms of the Creative Commons Attribution Non-Commercial License (<ext-link ext-link-type="uri" xlink:href="http://creativecommons.org/licenses/by-nc/2.0/uk/">http://creativecommons.org/licenses/by-nc/2.0/uk/</ext-link>) which permits unrestricted non-commercial use, distribution, and reproduction in any medium, provided the original work is properly cited.</license-p></license></permissions><abstract><p><bold>Motivation:</bold> The <italic>Backrub</italic> is a small but kinematically efficient side-chain-coupled local backbone motion frequently observed in atomic-resolution crystal structures of proteins. A backrub shifts the C<sub>α</sub>–C<sub>β</sub> orientation of a given side-chain by rigid-body dipeptide rotation plus smaller individual rotations of the two peptides, with virtually no change in the rest of the protein. Backrubs can therefore provide a biophysically realistic model of local backbone flexibility for structure-based protein design. Previously, however, backrub motions were applied via manual interactive model-building, so their incorporation into a protein design algorithm (a simultaneous search over mutation and backbone/side-chain conformation space) was infeasible.</p><p><bold>Results:</bold> We present a combinatorial search algorithm for protein design that incorporates an automated procedure for local backbone flexibility via backrub motions. We further derive a dead-end elimination (DEE)-based criterion for pruning candidate rotamers that, in contrast to previous DEE algorithms, is provably accurate with backrub motions. Our backrub-based algorithm successfully predicts alternate side-chain conformations from ≤0.9 Å resolution structures, confirming the suitability of the automated backrub procedure. Finally, the application of our algorithm to redesign two different proteins is shown to identify a large number of lower-energy conformations and mutation sequences that would have been ignored by a rigid-backbone model.</p><p><bold>Availability:</bold> Contact authors for source code.</p><p><bold>Contact:</bold><email>brd+ismb08@cs.duke.edu</email></p></abstract></article-meta></front></article>