<article xmlns="https://dtd.nlm.nih.gov/ns/archiving/2.3/" xmlns:xsi="http://www.w3.org/2001/XMLSchema-instance" xmlns:mml="http://www.w3.org/1998/Math/MathML" xmlns:xlink="http://www.w3.org/1999/xlink" xsi:schemaLocation="https://dtd.nlm.nih.gov/ns/archiving/2.3/ https://dtd.nlm.nih.gov/archiving/2.3/xsd/archivearticle.xsd" article-type="research-article" xml:lang="EN"><front><journal-meta><journal-id journal-id-type="nlm-ta">Bioinformatics</journal-id><journal-id journal-id-type="publisher-id">bioinformatics</journal-id><journal-id journal-id-type="hwp">bioinfo</journal-id><journal-title>Bioinformatics</journal-title><issn pub-type="ppub">1367-4803</issn><issn pub-type="epub">1460-2059</issn><publisher><publisher-name>Oxford University Press</publisher-name></publisher></journal-meta><article-meta><article-id pub-id-type="accession">PMC2647830</article-id><article-id pub-id-type="pmcid">PMC2647830</article-id><article-id pub-id-type="pmc-uid">2647830</article-id><article-id pub-id-type="pmid">19098027</article-id><article-id pub-id-type="doi">10.1093/bioinformatics/btn653</article-id><article-id pub-id-type="publisher-id">btn653</article-id><article-categories><subj-group subj-group-type="heading"><subject>Original Papers</subject><subj-group><subject>Databases and Ontologies</subject></subj-group></subj-group></article-categories><title-group><article-title>SNPnexus: a web database for functional annotation of newly discovered and public domain single nucleotide polymorphisms</article-title></title-group><contrib-group><contrib contrib-type="author"><name><surname>Chelala</surname><given-names>Claude</given-names></name><xref ref-type="corresp" rid="COR1">*</xref></contrib><contrib contrib-type="author"><name><surname>Khan</surname><given-names>Arshad</given-names></name></contrib><contrib contrib-type="author"><name><surname>Lemoine</surname><given-names>Nicholas R</given-names></name></contrib></contrib-group><aff>Centre for Molecular Oncology and Imaging, Institute of Cancer &amp; CR-UK Clinical Centre, Barts &amp; The London School of Medicine (QMUL), Charterhouse Square, London EC1M 6BQ, UK</aff><author-notes><corresp id="COR1">*To whom correspondence should be addressed.</corresp><fn><p>Associate Editor: Alex Bateman</p></fn></author-notes><pub-date pub-type="ppub"><day>1</day><month>3</month><year>2009</year></pub-date><pub-date pub-type="epub"><day>19</day><month>12</month><year>2008</year></pub-date><pub-date pub-type="pmc-release"><day>19</day><month>12</month><year>2008</year></pub-date><volume>25</volume><issue>5</issue><fpage>655</fpage><lpage>661</lpage><history><date date-type="received"><day>29</day><month>9</month><year>2008</year></date><date date-type="rev-recd"><day>25</day><month>11</month><year>2008</year></date><date date-type="accepted"><day>17</day><month>12</month><year>2008</year></date></history><permissions><copyright-statement>© 2008 The Author(s)</copyright-statement><copyright-year>2008</copyright-year><license license-type="creative-commons" xlink:href="http://creativecommons.org/licenses/by-nc/2.0/uk/"><p><!--CREATIVE COMMONS-->This is an Open Access article distributed under the terms of the Creative Commons Attribution Non-Commercial License (<ext-link ext-link-type="uri" xlink:href="http://creativecommons.org/licenses/by-nc/2.0/uk/">http://creativecommons.org/licenses/by-nc/2.0/uk/</ext-link>) which permits unrestricted non-commercial use, distribution, and reproduction in any medium, provided the original work is properly cited.</p></license></permissions><abstract><p><bold>Motivation:</bold> Design a new computational tool allowing scientists to functionally annotate newly discovered and public domain single nucleotide polymorphisms in order to help in prioritizing targets in further disease studies and large-scale genotyping projects.</p><p><bold>Summary:</bold> SNPnexus database provides functional annotation for both novel and public SNPs. Possible effects on the transcriptome and proteome levels are characterized and reported from five major annotation systems providing the most extensive information on alternative splicing. Additional information on HapMap genotype and allele frequency, overlaps with potential regulatory elements or structural variations as well as related genetic diseases can be also retrieved. The SNPnexus database has a user-friendly web interface, providing single or batch query options using SNP identifiers from dbSNP as well as genomic location on clones, contigs or chromosomes. Therefore, SNPnexus is the only database currently providing a complete set of functional annotations of SNPs in public databases and newly detected from sequencing projects. Hence, we describe SNPnexus, provide details of the query options, the annotation categories as well as biological examples of use.</p><p><bold>Availability:</bold> The SNPnexus database is freely available at <ext-link ext-link-type="uri" xlink:href="http://www.snp-nexus.org">http://www.snp-nexus.org</ext-link>.</p><p><bold>Contact:</bold><email>claude.chelala@cancer.org.uk</email></p></abstract></article-meta></front></article>