<article xmlns="https://dtd.nlm.nih.gov/ns/archiving/2.3/" xmlns:xsi="http://www.w3.org/2001/XMLSchema-instance" xmlns:mml="http://www.w3.org/1998/Math/MathML" xmlns:xlink="http://www.w3.org/1999/xlink" xsi:schemaLocation="https://dtd.nlm.nih.gov/ns/archiving/2.3/ https://dtd.nlm.nih.gov/archiving/2.3/xsd/archivearticle.xsd" article-type="research-article" xml:lang="EN"><front><journal-meta><journal-id journal-id-type="nlm-ta">Bioinformatics</journal-id><journal-id journal-id-type="publisher-id">bioinformatics</journal-id><journal-id journal-id-type="hwp">bioinfo</journal-id><journal-title>Bioinformatics</journal-title><issn pub-type="ppub">1367-4803</issn><issn pub-type="epub">1460-2059</issn><publisher><publisher-name>Oxford University Press</publisher-name></publisher></journal-meta><article-meta><article-id pub-id-type="accession">PMC2639006</article-id><article-id pub-id-type="pmcid">PMC2639006</article-id><article-id pub-id-type="pmc-uid">2639006</article-id><article-id pub-id-type="pmid">18826957</article-id><article-id pub-id-type="doi">10.1093/bioinformatics/btn505</article-id><article-id pub-id-type="publisher-id">btn505</article-id><article-id pub-id-type="pmid">18826957</article-id><article-categories><subj-group subj-group-type="heading"><subject>Applications Note</subject><subj-group><subject>Systems Biology</subject></subj-group></subj-group></article-categories><title-group><article-title>BNFinder: exact and efficient method for learning Bayesian networks</article-title></title-group><contrib-group><contrib contrib-type="author"><name><surname>Wilczyński</surname><given-names>Bartek</given-names></name></contrib><contrib contrib-type="author"><name><surname>Dojer</surname><given-names>Norbert</given-names></name><xref ref-type="corresp" rid="COR1">*</xref></contrib></contrib-group><aff>Institute of Informatics, University of Warsaw, Poland</aff><author-notes><corresp id="COR1">*To whom correspondence should be addressed.</corresp><fn><p>Associate Editor: Thomas Lengauer</p></fn></author-notes><pub-date pub-type="ppub"><day>15</day><month>1</month><year>2009</year></pub-date><pub-date pub-type="epub"><day>30</day><month>9</month><year>2008</year></pub-date><pub-date pub-type="pmc-release"><day>30</day><month>9</month><year>2008</year></pub-date><volume>25</volume><issue>2</issue><fpage>286</fpage><lpage>287</lpage><history><date date-type="received"><day>4</day><month>3</month><year>2008</year></date><date date-type="rev-recd"><day>3</day><month>9</month><year>2008</year></date><date date-type="accepted"><day>22</day><month>9</month><year>2008</year></date></history><permissions><copyright-statement>© 2008 The Author(s)</copyright-statement><copyright-year>2008</copyright-year><license license-type="creative-commons" xlink:href="http://creativecommons.org/licenses/by-nc/2.0/uk/"><p><!--CREATIVE COMMONS-->This is an Open Access article distributed under the terms of the Creative Commons Attribution Non-Commercial License (<ext-link ext-link-type="uri" xlink:href="http://creativecommons.org/licenses/by-nc/2.0/uk/">http://creativecommons.org/licenses/by-nc/2.0/uk/</ext-link>) which permits unrestricted non-commercial use, distribution, and reproduction in any medium, provided the original work is properly cited.</p></license></permissions><abstract><p><bold>Motivation:</bold> Bayesian methods are widely used in many different areas of research. Recently, it has become a very popular tool for biological network reconstruction, due to its ability to handle noisy data. Even though there are many software packages allowing for Bayesian network reconstruction, only few of them are freely available to researchers. Moreover, they usually require at least basic programming abilities, which restricts their potential user base. Our goal was to provide software which would be freely available, efficient and usable to non-programmers.</p><p><bold>Results:</bold> We present a BNFinder software, which allows for Bayesian network reconstruction from experimental data. It supports dynamic Bayesian networks and, if the variables are partially ordered, also static Bayesian networks. The main advantage of BNFinder is the use exact algorithm, which is at the same time very efficient (polynomial with respect to the number of observations).</p><p><bold>Availability:</bold> The software, supplementary information and manual is available at <ext-link ext-link-type="uri" xlink:href="http://bioputer.mimuw.edu.pl/software/bnf/">http://bioputer.mimuw.edu.pl/software/bnf/</ext-link>. Besides the availability of the standalone application and the source code, we have developed a web interface to BNFinder application running on our servers. A web tutorial on different options of BNFinder is also available.</p><p><bold>Contact:</bold><email>dojer@mimuw.edu.pl</email></p></abstract></article-meta></front></article>