<article xmlns="https://dtd.nlm.nih.gov/ns/archiving/2.3/" xmlns:xsi="http://www.w3.org/2001/XMLSchema-instance" xmlns:mml="http://www.w3.org/1998/Math/MathML" xmlns:xlink="http://www.w3.org/1999/xlink" xsi:schemaLocation="https://dtd.nlm.nih.gov/ns/archiving/2.3/ https://dtd.nlm.nih.gov/archiving/2.3/xsd/archivearticle.xsd" article-type="research-article" xml:lang="EN"><front><journal-meta><journal-id journal-id-type="nlm-ta">Bioinformatics</journal-id><journal-id journal-id-type="publisher-id">bioinformatics</journal-id><journal-id journal-id-type="hwp">bioinfo</journal-id><journal-title>Bioinformatics</journal-title><issn pub-type="ppub">1367-4803</issn><issn pub-type="epub">1460-2059</issn><publisher><publisher-name>Oxford University Press</publisher-name></publisher></journal-meta><article-meta><article-id pub-id-type="accession">PMC2579713</article-id><article-id pub-id-type="pmcid">PMC2579713</article-id><article-id pub-id-type="pmc-uid">2579713</article-id><article-id pub-id-type="pmid">18796476</article-id><article-id pub-id-type="doi">10.1093/bioinformatics/btn493</article-id><article-id pub-id-type="publisher-id">btn493</article-id><article-id pub-id-type="pmid">18796476</article-id><article-categories><subj-group subj-group-type="heading"><subject>Applications Note</subject><subj-group><subject>Databases and Ontologies</subject></subj-group></subj-group></article-categories><title-group><article-title>MonkeySNP: a web portal for non-human primate single nucleotide polymorphisms</article-title></title-group><contrib-group><contrib contrib-type="author"><name><surname>Khouangsathiene</surname><given-names>Samone</given-names></name><xref ref-type="aff" rid="AFF1"><sup>1</sup></xref></contrib><contrib contrib-type="author"><name><surname>Pearson</surname><given-names>Carlo</given-names></name><xref ref-type="aff" rid="AFF1"><sup>2</sup></xref></contrib><contrib contrib-type="author"><name><surname>Street</surname><given-names>Summer</given-names></name><xref ref-type="aff" rid="AFF1"><sup>1</sup></xref><xref ref-type="aff" rid="AFF1"><sup>3</sup></xref></contrib><contrib contrib-type="author"><name><surname>Ferguson</surname><given-names>Betsy</given-names></name><xref ref-type="aff" rid="AFF1"><sup>1</sup></xref><xref ref-type="aff" rid="AFF1"><sup>3</sup></xref><xref ref-type="aff" rid="AFF1"><sup>4</sup></xref></contrib><contrib contrib-type="author"><name><surname>Dubay</surname><given-names>Christopher</given-names></name><xref ref-type="aff" rid="AFF1"><sup>1</sup></xref><xref ref-type="aff" rid="AFF1"><sup>2</sup></xref><xref ref-type="aff" rid="AFF1"><sup>4</sup></xref></contrib></contrib-group><aff id="AFF1"><sup>1</sup>Oregon National Primate Research Center, Oregon Health &amp; Science University, 505 N.W. 185th Avenue, Beaverton, OR 97006, <sup>2</sup>Department Medical Informatics &amp; Clinical Epidemiology, Oregon Health &amp; Science University, Portland, OR, <sup>3</sup>Washington National Primate Research Center, University of Washington, Seattle, WA and <sup>4</sup>Department Molecular Medical Genetics, Oregon Health &amp; Science University, Portland, OR, USA</aff><author-notes><corresp id="COR1">*To whom correspondence should be addressed.</corresp><fn><p>Associate Editor: John Quackenbush</p></fn></author-notes><pub-date pub-type="ppub"><day>15</day><month>11</month><year>2008</year></pub-date><pub-date pub-type="epub"><day>16</day><month>9</month><year>2008</year></pub-date><volume>24</volume><issue>22</issue><fpage>2645</fpage><lpage>2646</lpage><history><date date-type="received"><day>1</day><month>7</month><year>2008</year></date><date date-type="rev-recd"><day>5</day><month>9</month><year>2008</year></date><date date-type="accepted"><day>12</day><month>9</month><year>2008</year></date></history><permissions><copyright-statement>© The Author 2008. Published by Oxford University Press. All rights reserved. For Permissions, please email: journals.permissions@oxfordjournals.org</copyright-statement><copyright-year>2008</copyright-year></permissions><abstract><p><bold>Summary:</bold> MonkeySNP is a web-based resource created by the Genetic Resource and Informatics Program at the Oregon National Primate Research Center to facilitate access to non-human primate (NHP) single nucleotide polymorphisms (SNP) data. MonkeySNP is a mirror of the NCBI dbSNP database and contains additional NHP subpopulation genotype data and visual genotype displays to support SNP review and selection.</p><p><bold>Availability:</bold><ext-link ext-link-type="uri" xlink:href="http://monkeysnp.ohsu.edu/snp/">http://monkeysnp.ohsu.edu/snp/</ext-link></p><p><bold>Contact:</bold><email>dubayc@ohsu.edu</email></p><p><bold>Supplementary information:</bold><ext-link ext-link-type="uri" xlink:href="http://bioinformatics.oxfordjournals.org/cgi/content/full/btn493/DC1">Supplementary data</ext-link> are available at <italic>Bioinformatics</italic> online.</p></abstract></article-meta></front></article>