<article xmlns="https://dtd.nlm.nih.gov/ns/archiving/2.3/" xmlns:xsi="http://www.w3.org/2001/XMLSchema-instance" xmlns:mml="http://www.w3.org/1998/Math/MathML" xmlns:xlink="http://www.w3.org/1999/xlink" xsi:schemaLocation="https://dtd.nlm.nih.gov/ns/archiving/2.3/ https://dtd.nlm.nih.gov/archiving/2.3/xsd/archivearticle.xsd" article-type="research-article" xml:lang="EN"><front><journal-meta><journal-id journal-id-type="nlm-ta">Bioinformatics</journal-id><journal-id journal-id-type="publisher-id">bioinformatics</journal-id><journal-id journal-id-type="hwp">bioinfo</journal-id><journal-title>Bioinformatics</journal-title><issn pub-type="ppub">1367-4803</issn><issn pub-type="epub">1460-2059</issn><publisher><publisher-name>Oxford University Press</publisher-name></publisher></journal-meta><article-meta><article-id pub-id-type="accession">PMC2579711</article-id><article-id pub-id-type="pmcid">PMC2579711</article-id><article-id pub-id-type="pmc-uid">2579711</article-id><article-id pub-id-type="pmid">18227117</article-id><article-id pub-id-type="doi">10.1093/bioinformatics/btm634</article-id><article-id pub-id-type="publisher-id">btm634</article-id><article-id pub-id-type="pmid">18227117</article-id><article-categories><subj-group subj-group-type="heading"><subject>German Conference on Bioinformatics</subject><subj-group><subject>Systems Biology</subject></subj-group></subj-group></article-categories><title-group><article-title>Estimating large-scale signaling networks through nested effect models with intervention effects from microarray data</article-title></title-group><contrib-group><contrib contrib-type="author"><name><surname>Fröhlich</surname><given-names>Holger</given-names></name><xref ref-type="corresp" rid="COR1">*</xref></contrib><contrib contrib-type="author"><name><surname>Fellmann</surname><given-names>Mark</given-names></name></contrib><contrib contrib-type="author"><name><surname>Sültmann</surname><given-names>Holger</given-names></name></contrib><contrib contrib-type="author"><name><surname>Poustka</surname><given-names>Annemarie</given-names></name></contrib><contrib contrib-type="author"><name><surname>Beissbarth</surname><given-names>Tim</given-names></name></contrib></contrib-group><aff>German Cancer Research Center (DKFZ), Im Neuenheimer Feld 580, 69120 Heidelberg, Germany</aff><author-notes><corresp id="COR1">*To whom correspondence should be addressed.</corresp><fn><p>Associate Editor: Dmitrij Frishman</p></fn></author-notes><pub-date pub-type="ppub"><day>15</day><month>11</month><year>2008</year></pub-date><pub-date pub-type="epub"><day>28</day><month>1</month><year>2008</year></pub-date><pub-date pub-type="pmc-release"><day>28</day><month>1</month><year>2008</year></pub-date><volume>24</volume><issue>22</issue><fpage>2650</fpage><lpage>2656</lpage><history><date date-type="received"><day>5</day><month>10</month><year>2007</year></date><date date-type="rev-recd"><day>18</day><month>12</month><year>2007</year></date><date date-type="accepted"><day>18</day><month>12</month><year>2007</year></date></history><permissions><copyright-statement>© 2008 The Author(s)</copyright-statement><copyright-year>2007</copyright-year><license license-type="creative-commons" xlink:href="http://creativecommons.org/licenses/by-nc/2.0/uk/"><p><!--CREATIVE COMMONS-->This is an Open Access article distributed under the terms of the Creative Commons Attribution Non-Commercial License (<ext-link ext-link-type="uri" xlink:href="http://creativecommons.org/licenses/by-nc/2.0/uk/">http://creativecommons.org/licenses/by-nc/2.0/uk/</ext-link>) which permits unrestricted non-commercial use, distribution, and reproduction in any medium, provided the original work is properly cited.</p></license></permissions><abstract><p><bold>Motivation:</bold> Targeted interventions using RNA interference in combination with the measurement of secondary effects with DNA microarrays can be used to computationally reverse engineer features of upstream non-transcriptional signaling cascades based on the nested structure of effects.</p><p><bold>Results:</bold> We extend previous work by Markowetz <italic>et al.</italic>, who proposed a statistical framework to score different network hypotheses. Our extensions go in several directions: we show how prior assumptions on the network structure can be incorporated into the scoring scheme by defining appropriate prior distributions on the network structure as well as on hyperparameters. An approach called <italic>module networks</italic> is introduced to scale up the original approach, which is limited to around 5 genes, to infer large-scale networks of more than 30 genes. Instead of the data discretization step needed in the original framework, we propose the usage of a beta-uniform mixture distribution on the <italic>P</italic>-value profile, resulting from differential gene expression calculation, to quantify effects. Extensive simulations on artificial data and application of our <italic>module network</italic> approach to infer the signaling network between 13 genes in the ER-<italic>α</italic> pathway in human MCF-7 breast cancer cells show that our approach gives sensible results. Using a bootstrapping and a jackknife approach, this reconstruction is found to be statistically stable.</p><p><bold>Availability:</bold> The proposed method is available within the Bioconductor <italic>R</italic>-package <italic>nem</italic>.</p><p><bold>Contact:</bold><email>h.froehlich@dkfz-heidelberg.de</email></p></abstract></article-meta></front></article>