<article xmlns="https://dtd.nlm.nih.gov/ns/archiving/2.3/" xmlns:xsi="http://www.w3.org/2001/XMLSchema-instance" xmlns:mml="http://www.w3.org/1998/Math/MathML" xmlns:xlink="http://www.w3.org/1999/xlink" xsi:schemaLocation="https://dtd.nlm.nih.gov/ns/archiving/2.3/ https://dtd.nlm.nih.gov/archiving/2.3/xsd/archivearticle.xsd" article-type="research-article" xml:lang="EN"><front><journal-meta><journal-id journal-id-type="nlm-ta">Bioinformatics</journal-id><journal-id journal-id-type="publisher-id">bioinformatics</journal-id><journal-id journal-id-type="hwp">bioinfo</journal-id><journal-title>Bioinformatics</journal-title><issn pub-type="ppub">1367-4803</issn><issn pub-type="epub">1460-2059</issn><publisher><publisher-name>Oxford University Press</publisher-name></publisher></journal-meta><article-meta><article-id pub-id-type="accession">PMC2642642</article-id><article-id pub-id-type="pmcid">PMC2642642</article-id><article-id pub-id-type="pmc-uid">2642642</article-id><article-id pub-id-type="pmid">19091772</article-id><article-id pub-id-type="doi">10.1093/bioinformatics/btn646</article-id><article-id pub-id-type="publisher-id">btn646</article-id><article-categories><subj-group subj-group-type="heading"><subject>Discovery Note</subject><subj-group><subject>Gene Expression</subject></subj-group></subj-group></article-categories><title-group><article-title>Computational analysis of microRNA profiles and their target genes suggests significant involvement in breast cancer antiestrogen resistance</article-title></title-group><contrib-group><contrib contrib-type="author"><name><surname>Xin</surname><given-names>Fuxiao</given-names></name><xref ref-type="aff" rid="AFF1"><sup>1</sup></xref></contrib><contrib contrib-type="author"><name><surname>Li</surname><given-names>Meng</given-names></name><xref ref-type="aff" rid="AFF1"><sup>1</sup></xref><xref ref-type="aff" rid="AFF1"><sup>2</sup></xref><xref ref-type="aff" rid="AFF1"><sup>3</sup></xref></contrib><contrib contrib-type="author"><name><surname>Balch</surname><given-names>Curt</given-names></name><xref ref-type="aff" rid="AFF1"><sup>2</sup></xref><xref ref-type="aff" rid="AFF1"><sup>4</sup></xref></contrib><contrib contrib-type="author"><name><surname>Thomson</surname><given-names>Michael</given-names></name><xref ref-type="aff" rid="AFF1"><sup>5</sup></xref></contrib><contrib contrib-type="author"><name><surname>Fan</surname><given-names>Meiyun</given-names></name><xref ref-type="aff" rid="AFF1"><sup>6</sup></xref></contrib><contrib contrib-type="author"><name><surname>Liu</surname><given-names>Yunlong</given-names></name><xref ref-type="aff" rid="AFF1"><sup>7</sup></xref></contrib><contrib contrib-type="author"><name><surname>Hammond</surname><given-names>Scott M.</given-names></name><xref ref-type="aff" rid="AFF1"><sup>8</sup></xref></contrib><contrib contrib-type="author"><name><surname>Kim</surname><given-names>Sun</given-names></name><xref ref-type="aff" rid="AFF1"><sup>1</sup></xref><xref ref-type="aff" rid="AFF1"><sup>9</sup></xref><xref ref-type="corresp" rid="COR1">*</xref></contrib><contrib contrib-type="author"><name><surname>Nephew</surname><given-names>Kenneth P.</given-names></name><xref ref-type="aff" rid="AFF1"><sup>2</sup></xref><xref ref-type="aff" rid="AFF1"><sup>3</sup></xref><xref ref-type="aff" rid="AFF1"><sup>4</sup></xref><xref ref-type="aff" rid="AFF1"><sup>6</sup></xref><xref ref-type="aff" rid="AFF1"><sup>10</sup></xref><xref ref-type="corresp" rid="COR1">*</xref></contrib></contrib-group><aff id="AFF1"><sup>1</sup>School of Informatics, <sup>2</sup>Medical Sciences, School of Medicine, <sup>3</sup>Interdisciplinary Biochemistry Program, <sup>4</sup>IU Simon Cancer Center, Indiana University, Bloomington, IN 47405, <sup>5</sup>Department of Cancer Biology, Vanderbilt University Medical Center, Nashville, TN 37232, <sup>6</sup>Department of Pathology and Laboratory Medicine, and the Center for Cancer Research, University of Tennessee Health Science Center, Memphis, TN 38163, <sup>7</sup>Division of Biostatistics, School of Medicine, Indiana University, Indianapolis, IN 46202, <sup>8</sup>Cell and Developmental Biology, School of Medicine, University of North Carolina, Chapel Hill, NC 27599, <sup>9</sup>Center for Genomics and Bioinformatics, Indiana University, Bloomington, IN 47404 and <sup>10</sup>Department of Cellular and Integrative Physiology, School of Medicine, Indiana University, Indianapolis, IN 46202, USA</aff><author-notes><corresp id="COR1">*To whom correspondence should be addressed.</corresp><fn><p>Associate Editor: Ivo Hofacker</p></fn></author-notes><pub-date pub-type="ppub"><day>15</day><month>2</month><year>2009</year></pub-date><pub-date pub-type="epub"><day>17</day><month>12</month><year>2008</year></pub-date><volume>25</volume><issue>4</issue><fpage>430</fpage><lpage>434</lpage><history><date date-type="received"><day>7</day><month>8</month><year>2008</year></date><date date-type="rev-recd"><day>9</day><month>12</month><year>2008</year></date><date date-type="accepted"><day>12</day><month>12</month><year>2008</year></date></history><permissions><copyright-statement>© The Author 2008. Published by Oxford University Press. All rights reserved. For Permissions, please email: journals.permissions@oxfordjournals.org</copyright-statement><copyright-year>2008</copyright-year></permissions><abstract><p><bold>Motivation:</bold> Recent evidence shows significant involvement of microRNAs (miRNAs) in the initiation and progression of numerous cancers; however, the role of these in tumor drug resistance remains unknown.</p><p><bold>Results:</bold> By comparing global miRNA and mRNA expression patterns, we examined the role of miRNAs in resistance to the ‘pure antiestrogen’ fulvestrant, using fulvestrant-resistant MCF7-FR cells and their drug-sensitive parental estrogen receptor (ER)-positive MCF7 cells. We identified 14 miRNAs downregulated in MCF7-FR cells and then used both TargetScan and PITA to predict potential target genes. We found a negative correlation between expression of these miRNAs and their predicted target mRNA transcripts. In genes regulated by multiple miRNAs or having multiple miRNA-targeting sites, an even stronger negative correlation was found. Pathway analyses predicted these miRNAs to regulate specific cancer-associated signal cascades. These results suggest a significant role for miRNA-regulated gene expression in the onset of breast cancer antiestrogen resistance, and an improved understanding of this phenomenon could lead to better therapies for this often fatal condition.</p><p><bold>Contact:</bold><email>knephew@indiana.edu</email>; <email>sunkim2@indiana.edu</email></p><p><bold>Supplementary information:</bold><ext-link ext-link-type="uri" xlink:href="http://bioinformatics.oxfordjournals.org/cgi/content/full/btn646/DC1">Supplementary data</ext-link> are available at <italic>Bioinformatics</italic> online.</p></abstract></article-meta></front></article>