<article xmlns="https://dtd.nlm.nih.gov/ns/archiving/2.3/" xmlns:xsi="http://www.w3.org/2001/XMLSchema-instance" xmlns:mml="http://www.w3.org/1998/Math/MathML" xmlns:xlink="http://www.w3.org/1999/xlink" xsi:schemaLocation="https://dtd.nlm.nih.gov/ns/archiving/2.3/ https://dtd.nlm.nih.gov/archiving/2.3/xsd/archivearticle.xsd" article-type="research-article" xml:lang="EN"><front><journal-meta><journal-id journal-id-type="nlm-ta">Bioinformatics</journal-id><journal-id journal-id-type="publisher-id">bioinformatics</journal-id><journal-id journal-id-type="hwp">bioinfo</journal-id><journal-title>Bioinformatics</journal-title><issn pub-type="ppub">1367-4803</issn><issn pub-type="epub">1460-2059</issn><publisher><publisher-name>Oxford University Press</publisher-name></publisher></journal-meta><article-meta><article-id pub-id-type="accession">PMC2682515</article-id><article-id pub-id-type="pmcid">PMC2682515</article-id><article-id pub-id-type="pmc-uid">2682515</article-id><article-id pub-id-type="pmid">19318424</article-id><article-id pub-id-type="doi">10.1093/bioinformatics/btp168</article-id><article-id pub-id-type="publisher-id">btp168</article-id><article-categories><subj-group subj-group-type="heading"><subject>Original Papers</subject><subj-group><subject>Data and Text Mining</subject></subj-group></subj-group></article-categories><title-group><article-title>Integrating shotgun proteomics and mRNA expression data to improve protein identification</article-title></title-group><contrib-group><contrib contrib-type="author"><name><surname>Ramakrishnan</surname><given-names>Smriti R.</given-names></name><xref ref-type="aff" rid="AFF1"><sup>1</sup></xref><xref ref-type="author-notes" rid="FN1"><sup>†</sup></xref></contrib><contrib contrib-type="author"><name><surname>Vogel</surname><given-names>Christine</given-names></name><xref ref-type="aff" rid="AFF1"><sup>2</sup></xref><xref ref-type="author-notes" rid="FN1"><sup>†</sup></xref></contrib><contrib contrib-type="author"><name><surname>Prince</surname><given-names>John T.</given-names></name><xref ref-type="aff" rid="AFF1"><sup>2</sup></xref></contrib><contrib contrib-type="author"><name><surname>Li</surname><given-names>Zhihua</given-names></name><xref ref-type="aff" rid="AFF1"><sup>2</sup></xref></contrib><contrib contrib-type="author"><name><surname>Penalva</surname><given-names>Luiz O.</given-names></name><xref ref-type="aff" rid="AFF1"><sup>3</sup></xref></contrib><contrib contrib-type="author"><name><surname>Myers</surname><given-names>Margaret</given-names></name><xref ref-type="aff" rid="AFF1"><sup>1</sup></xref></contrib><contrib contrib-type="author"><name><surname>Marcotte</surname><given-names>Edward M.</given-names></name><xref ref-type="aff" rid="AFF1"><sup>2</sup></xref><xref ref-type="corresp" rid="COR1">*</xref></contrib><contrib contrib-type="author"><name><surname>Miranker</surname><given-names>Daniel P.</given-names></name><xref ref-type="aff" rid="AFF1"><sup>1</sup></xref><xref ref-type="corresp" rid="COR1">*</xref></contrib><contrib contrib-type="author"><name><surname>Wang</surname><given-names>Rong</given-names></name><xref ref-type="aff" rid="AFF1"><sup>4</sup></xref></contrib></contrib-group><aff id="AFF1"><sup>1</sup>Department of Computer Sciences, 1 University Station C0500, <sup>2</sup>Department of Chemistry and Biochemistry, Institute for Cellular and Molecular Biology, Center for Systems and Synthetic Biology, 2500 Speedway, The University of Texas at Austin, Austin, TX 78712, <sup>3</sup>Children's Cancer Research Institute, The University of Texas Health Science Center at San Antonio, San Antonio, TX 78229 and <sup>4</sup>Pathogen Functional Genomics Resource Center, J. Craig Venter Institute, 9704 Medical Center Drive, Rockville, MD 20850, USA</aff><author-notes><corresp id="COR1">*To whom correspondence should be addressed.</corresp><fn id="FN1"><p><sup>†</sup>The authors wish it to be known that, in their opinion, the first two authors should be regarded as joint First Authors.</p></fn><fn><p>Associate Editor: Martin Bishop</p></fn></author-notes><pub-date pub-type="ppub"><day>1</day><month>6</month><year>2009</year></pub-date><pub-date pub-type="epub"><day>24</day><month>3</month><year>2009</year></pub-date><pub-date pub-type="pmc-release"><day>24</day><month>3</month><year>2009</year></pub-date><!-- PMC Release delay is 0 months and 0 days and was based on the
			<pub-date pub-type="epub"/>. --><volume>25</volume><issue>11</issue><fpage>1397</fpage><lpage>1403</lpage><history><date date-type="received"><day>24</day><month>12</month><year>2008</year></date><date date-type="rev-recd"><day>19</day><month>2</month><year>2009</year></date><date date-type="accepted"><day>18</day><month>3</month><year>2009</year></date></history><permissions><copyright-statement>© 2009 The Author(s)</copyright-statement><copyright-year>2009</copyright-year><license license-type="creative-commons" xlink:href="http://creativecommons.org/licenses/by-nc/2.0/uk/"><p><!--CREATIVE COMMONS-->This is an Open Access article distributed under the terms of the Creative Commons Attribution Non-Commercial License (<ext-link ext-link-type="uri" xlink:href="http://creativecommons.org/licenses/by-nc/2.0/uk/">http://creativecommons.org/licenses/by-nc/2.0/uk/</ext-link>) which permits unrestricted non-commercial use, distribution, and reproduction in any medium, provided the original work is properly cited.</p></license></permissions><abstract><p><bold>Motivation:</bold> Tandem mass spectrometry (MS/MS) offers fast and reliable characterization of complex protein mixtures, but suffers from low sensitivity in protein identification. In a typical shotgun proteomics experiment, it is assumed that all proteins are equally likely to be present. However, there is often other information available, e.g. the probability of a protein's presence is likely to correlate with its mRNA concentration.</p><p><bold>Results:</bold> We develop a Bayesian score that estimates the posterior probability of a protein's presence in the sample given its identification in an MS/MS experiment and its mRNA concentration measured under similar experimental conditions. Our method, MSpresso, substantially increases the number of proteins identified in an MS/MS experiment at the same error rate, e.g. in yeast, MSpresso increases the number of proteins identified by ∼40%. We apply MSpresso to data from different MS/MS instruments, experimental conditions and organisms (<italic>Escherichia coli</italic>, human), and predict 19–63% more proteins across the different datasets. MSpresso demonstrates that incorporating prior knowledge of protein presence into shotgun proteomics experiments can substantially improve protein identification scores.</p><p><bold>Availability and Implementation:</bold> Software is available upon request from the authors. Mass spectrometry datasets and supplementary information are available from <ext-link ext-link-type="uri" xlink:href="http://www.marcottelab.org/MSpresso/">http://www.marcottelab.org/MSpresso/</ext-link>.</p><p><bold>Contact:</bold><email>marcotte@icmb.utexas.edu</email>; <email>miranker@cs.utexas.edu</email></p><p><bold>Supplementary Information:</bold> Supplementary data website: <ext-link ext-link-type="uri" xlink:href="http://www.marcottelab.org/MSpresso/">http://www.marcottelab.org/MSpresso/</ext-link>.</p></abstract></article-meta></front></article>