<article xmlns="https://jats.nlm.nih.gov/ns/archiving/1.2/" xmlns:xsi="http://www.w3.org/2001/XMLSchema-instance" xmlns:mml="http://www.w3.org/1998/Math/MathML" xmlns:xlink="http://www.w3.org/1999/xlink" xsi:schemaLocation="https://jats.nlm.nih.gov/ns/archiving/1.2/ https://jats.nlm.nih.gov/archiving/1.2/xsd/JATS-archivearticle1.xsd" article-type="research-article"><front><journal-meta><journal-id journal-id-type="nlm-ta">Bioinformatics</journal-id><journal-id journal-id-type="publisher-id">bioinformatics</journal-id><journal-id journal-id-type="hwp">bioinfo</journal-id><journal-title-group><journal-title>Bioinformatics</journal-title></journal-title-group><issn pub-type="ppub">1367-4803</issn><issn pub-type="epub">1460-2059</issn><publisher><publisher-name>Oxford University Press</publisher-name></publisher></journal-meta><article-meta><article-id pub-id-type="accession">PMC2722996</article-id><article-id pub-id-type="pmcid">PMC2722996</article-id><article-id pub-id-type="pmc-uid">2722996</article-id><article-id pub-id-type="pmid">19389732</article-id><article-id pub-id-type="doi">10.1093/bioinformatics/btp278</article-id><article-id pub-id-type="publisher-id">btp278</article-id><article-categories><subj-group subj-group-type="heading"><subject>German Conference on Bioinformatics</subject><subj-group><subject>Gene Expression</subject></subj-group></subj-group></article-categories><title-group><article-title>KIRMES: kernel-based identification of regulatory modules in euchromatic sequences</article-title></title-group><contrib-group><contrib contrib-type="author"><name><surname>Schultheiss</surname><given-names>Sebastian J.</given-names></name><xref ref-type="aff" rid="AFF1"><sup>1</sup></xref><xref ref-type="aff" rid="AFF1"><sup>2</sup></xref><xref ref-type="corresp" rid="COR1"><sup>*</sup></xref></contrib><contrib contrib-type="author"><name><surname>Busch</surname><given-names>Wolfgang</given-names></name><xref ref-type="aff" rid="AFF1"><sup>2</sup></xref><xref ref-type="author-notes" rid="FN1"><sup>†</sup></xref></contrib><contrib contrib-type="author"><name><surname>Lohmann</surname><given-names>Jan U.</given-names></name><xref ref-type="aff" rid="AFF1"><sup>2</sup></xref><xref ref-type="aff" rid="AFF1"><sup>3</sup></xref></contrib><contrib contrib-type="author"><name><surname>Kohlbacher</surname><given-names>Oliver</given-names></name><xref ref-type="aff" rid="AFF1"><sup>4</sup></xref></contrib><contrib contrib-type="author"><name><surname>Rätsch</surname><given-names>Gunnar</given-names></name><xref ref-type="aff" rid="AFF1"><sup>1</sup></xref></contrib></contrib-group><aff id="AFF1"><sup>1</sup>Friedrich Miescher Laboratory of the Max Planck Society, and <sup>2</sup>Max Planck Institute for Developmental Biology, Tübingen, <sup>3</sup>Department of Stem Cell Biology, University of Heidelberg and <sup>4</sup>Wilhelm Schickard Institute for Computer Science, University of Tübingen, Germany</aff><author-notes><corresp id="COR1"><sup>*</sup>To whom correspondence should be addressed.</corresp><fn id="FN1"><p><sup>†</sup>Present Address: Biology Department Duke University Box 90338, Durham, NC 27708, USA</p></fn><fn><p>Associate Editor: Trey Ideker</p></fn></author-notes><pub-date pub-type="ppub"><day>15</day><month>8</month><year>2009</year></pub-date><pub-date pub-type="epub"><day>23</day><month>4</month><year>2009</year></pub-date><pub-date pub-type="pmc-release"><day>23</day><month>4</month><year>2009</year></pub-date><!-- PMC Release delay is 0 months and 0 days and was based on the
							<pub-date pub-type="epub"/>. --><volume>25</volume><issue>16</issue><fpage>2126</fpage><lpage>2133</lpage><history><date date-type="received"><day>31</day><month>10</month><year>2008</year></date><date date-type="rev-recd"><day>16</day><month>3</month><year>2009</year></date><date date-type="accepted"><day>21</day><month>4</month><year>2009</year></date></history><permissions><license license-type="creative-commons" xlink:href="http://creativecommons.org/licenses/by-nc/2.0/uk/"><license-p><!--CREATIVE COMMONS-->This is an Open Access article distributed under the terms of the Creative Commons Attribution Non-Commercial License (<ext-link ext-link-type="uri" xlink:href="http://creativecommons.org/licenses/by-nc/2.0/uk/">http://creativecommons.org/licenses/by-nc/2.0/uk/</ext-link>) which permits unrestricted non-commercial use, distribution, and reproduction in any medium, provided the original work is properly cited.</license-p></license></permissions><abstract><p><bold>Motivation:</bold> Understanding transcriptional regulation is one of the main challenges in computational biology. An important problem is the identification of transcription factor (TF) binding sites in promoter regions of potential TF target genes. It is typically approached by position weight matrix-based motif identification algorithms using Gibbs sampling, or heuristics to extend seed oligos. Such algorithms succeed in identifying single, relatively well-conserved binding sites, but tend to fail when it comes to the identification of combinations of several degenerate binding sites, as those often found in <italic>cis</italic>-regulatory modules.</p><p><bold>Results:</bold> We propose a new algorithm that combines the benefits of existing motif finding with the ones of support vector machines (SVMs) to find degenerate motifs in order to improve the modeling of regulatory modules. In experiments on microarray data from <italic>Arabidopsis thaliana</italic>, we were able to show that the newly developed strategy significantly improves the recognition of TF targets.</p><p><bold>Availability:</bold> The python source code (open source-licensed under GPL), the data for the experiments and a Galaxy-based web service are available at <ext-link ext-link-type="uri" xlink:href="http://www.fml.mpg.de/raetsch/suppl/kirmes/">http://www.fml.mpg.de/raetsch/suppl/kirmes/</ext-link></p><p><bold>Contact:</bold><email>sebi@tuebingen.mpg.de</email></p><p><bold>Supplementary information:</bold><ext-link ext-link-type="uri" xlink:href="http://bioinformatics.oxfordjournals.org/cgi/content/full/btp278/DC1">Supplementary data</ext-link> are available at <italic>Bioinformatics</italic> online.</p></abstract></article-meta></front></article>