<article xmlns="https://jats.nlm.nih.gov/ns/archiving/1.2/" xmlns:xsi="http://www.w3.org/2001/XMLSchema-instance" xmlns:mml="http://www.w3.org/1998/Math/MathML" xmlns:xlink="http://www.w3.org/1999/xlink" xsi:schemaLocation="https://jats.nlm.nih.gov/ns/archiving/1.2/ https://jats.nlm.nih.gov/archiving/1.2/xsd/JATS-archivearticle1.xsd" article-type="research-article"><front><journal-meta><journal-id journal-id-type="nlm-ta">Bioinformatics</journal-id><journal-id journal-id-type="publisher-id">bioinformatics</journal-id><journal-id journal-id-type="hwp">bioinfo</journal-id><journal-title-group><journal-title>Bioinformatics</journal-title></journal-title-group><issn pub-type="ppub">1367-4803</issn><issn pub-type="epub">1460-2059</issn><publisher><publisher-name>Oxford University Press</publisher-name></publisher></journal-meta><article-meta><article-id pub-id-type="accession">PMC2677741</article-id><article-id pub-id-type="pmcid">PMC2677741</article-id><article-id pub-id-type="pmc-uid">2677741</article-id><article-id pub-id-type="pmid">19321733</article-id><article-id pub-id-type="pmid">19321733</article-id><article-id pub-id-type="doi">10.1093/bioinformatics/btp148</article-id><article-id pub-id-type="publisher-id">btp148</article-id><article-categories><subj-group subj-group-type="heading"><subject>Original Papers</subject><subj-group><subject>Structural Bioinformatics</subject></subj-group></subj-group></article-categories><title-group><article-title>Structure similarity measure with penalty for close non-equivalent residues</article-title></title-group><contrib-group><contrib contrib-type="author"><name><surname>Sadreyev</surname><given-names>Ruslan I.</given-names></name><xref ref-type="aff" rid="AFF1"><sup>1</sup></xref></contrib><contrib contrib-type="author"><name><surname>Shi</surname><given-names>ShuoYong</given-names></name><xref ref-type="aff" rid="AFF1"><sup>2</sup></xref></contrib><contrib contrib-type="author"><name><surname>Baker</surname><given-names>David</given-names></name><xref ref-type="aff" rid="AFF1"><sup>3</sup></xref></contrib><contrib contrib-type="author"><name><surname>Grishin</surname><given-names>Nick V.</given-names></name><xref ref-type="aff" rid="AFF1"><sup>1</sup></xref><xref ref-type="aff" rid="AFF1"><sup>2</sup></xref><xref ref-type="corresp" rid="COR1">*</xref></contrib></contrib-group><aff id="AFF1"><sup>1</sup>Howard Hughes Medical Institute, <sup>2</sup>Department of Biochemistry, University of Texas Southwestern Medical Center, 5323 Harry Hines Blvd, Dallas, TX 75390-9050 and <sup>3</sup>Department of Biochemistry, University of Washington, J Wing, Health Sciences Building, Box 357350, Seattle, WA 98195, USA</aff><author-notes><corresp id="COR1">*To whom correspondence should be addressed.</corresp><fn><p>Associate Editor: Burkhard Rost</p></fn></author-notes><pub-date pub-type="ppub"><day>15</day><month>5</month><year>2009</year></pub-date><pub-date pub-type="epub"><day>25</day><month>3</month><year>2009</year></pub-date><pub-date pub-type="pmc-release"><day>25</day><month>3</month><year>2009</year></pub-date><!-- PMC Release delay is 0 months and 0 days and was based on the
							<pub-date pub-type="epub"/>. --><volume>25</volume><issue>10</issue><fpage>1259</fpage><lpage>1263</lpage><history><date date-type="received"><day>21</day><month>1</month><year>2009</year></date><date date-type="rev-recd"><day>11</day><month>3</month><year>2009</year></date><date date-type="accepted"><day>12</day><month>3</month><year>2009</year></date></history><permissions><copyright-statement>© 2009 The Author(s)</copyright-statement><copyright-year>2009</copyright-year><license license-type="creative-commons" xlink:href="http://creativecommons.org/licenses/by-nc/2.0/uk/"><license-p><!--CREATIVE COMMONS-->This is an Open Access article distributed under the terms of the Creative Commons Attribution Non-Commercial License (<ext-link ext-link-type="uri" xlink:href="http://creativecommons.org/licenses/by-nc/2.0/uk/">http://creativecommons.org/licenses/by-nc/2.0/uk/</ext-link>) which permits unrestricted non-commercial use, distribution, and reproduction in any medium, provided the original work is properly cited.</license-p></license></permissions><abstract><p><bold>Motivation:</bold>Recent improvement in homology-based structure modeling emphasizes the importance of sensitive evaluation measures that help identify and correct modest distortions in models compared with the target structures. Global Distance Test Total Score (GDT_TS), otherwise a very powerful and effective measure for model evaluation, is still insensitive to and can even reward such distortions, as observed for remote homology modeling in the latest CASP8 (Comparative Assessment of Structure Prediction).</p><p><bold>Results:</bold>We develop a new measure that balances GDT_TS reward for the closeness of equivalent model and target residues (‘attraction’ term) with the penalty for the closeness of non-equivalent residues (‘repulsion’ term). Compared with GDT_TS, the resulting score, TR (total score with repulsion), is much more sensitive to structure compression both in real remote homologs and in CASP models. TR is correlated yet different from other measures of structure similarity. The largest difference from GDT_TS is observed in models of mid-range quality based on remote homology modeling.</p><p><bold>Availability:</bold>The script for TR calculation is included in <ext-link ext-link-type="uri" xlink:href="http://bioinformatics.oxfordjournals.org/cgi/content/full/btp148/DC1">Supplementary Material</ext-link>. TR scores for all server models in CASP8 are available at <ext-link ext-link-type="uri" xlink:href="http://prodata.swmed.edu/CASP8">http://prodata.swmed.edu/CASP8</ext-link>.</p><p><bold>Contact:</bold><email>grishin@chop.swmed.edu</email></p><p><bold>Supplementary information:</bold>All scripts and numerical data are available for download at <ext-link ext-link-type="ftp" xlink:href="ftp://iole.swmed.edu/pub/tr_score/">ftp://iole.swmed.edu/pub/tr_score/</ext-link></p></abstract></article-meta></front></article>