<article xmlns="https://dtd.nlm.nih.gov/ns/archiving/2.3/" xmlns:xsi="http://www.w3.org/2001/XMLSchema-instance" xmlns:mml="http://www.w3.org/1998/Math/MathML" xmlns:xlink="http://www.w3.org/1999/xlink" xsi:schemaLocation="https://dtd.nlm.nih.gov/ns/archiving/2.3/ https://dtd.nlm.nih.gov/archiving/2.3/xsd/archivearticle.xsd" article-type="research-article" xml:lang="EN"><front><journal-meta><journal-id journal-id-type="nlm-ta">Bioinformatics</journal-id><journal-id journal-id-type="publisher-id">bioinformatics</journal-id><journal-id journal-id-type="hwp">bioinfo</journal-id><journal-title>Bioinformatics</journal-title><issn pub-type="ppub">1367-4803</issn><issn pub-type="epub">1460-2059</issn><publisher><publisher-name>Oxford University Press</publisher-name></publisher></journal-meta><article-meta><article-id pub-id-type="accession">PMC2519162</article-id><article-id pub-id-type="pmcid">PMC2519162</article-id><article-id pub-id-type="pmc-uid">2519162</article-id><article-id pub-id-type="pmid">18614585</article-id><article-id pub-id-type="doi">10.1093/bioinformatics/btn336</article-id><article-id pub-id-type="publisher-id">btn336</article-id><article-id pub-id-type="pmid">18614585</article-id><article-categories><subj-group subj-group-type="heading"><subject>Original Papers</subject><subj-group><subject>Systems Biology</subject></subj-group></subj-group></article-categories><title-group><article-title>Synchronous versus asynchronous modeling of gene regulatory networks</article-title></title-group><contrib-group><contrib contrib-type="author"><name><surname>Garg</surname><given-names>Abhishek</given-names></name><xref ref-type="aff" rid="AFF1"><sup>1</sup></xref><xref ref-type="corresp" rid="COR1"><sup>*</sup></xref></contrib><contrib contrib-type="author"><name><surname>Di Cara</surname><given-names>Alessandro</given-names></name><xref ref-type="aff" rid="AFF1"><sup>2</sup></xref></contrib><contrib contrib-type="author"><name><surname>Xenarios</surname><given-names>Ioannis</given-names></name><xref ref-type="aff" rid="AFF1"><sup>3</sup></xref></contrib><contrib contrib-type="author"><name><surname>Mendoza</surname><given-names>Luis</given-names></name><xref ref-type="aff" rid="AFF1"><sup>4</sup></xref></contrib><contrib contrib-type="author"><name><surname>De Micheli</surname><given-names>Giovanni</given-names></name><xref ref-type="aff" rid="AFF1"><sup>1</sup></xref></contrib></contrib-group><aff id="AFF1"><sup>1</sup>Ecole Polytechnique Federale de Lausanne, Station 14, 1015 Lausanne, <sup>2</sup>Merck Serono, Geneva, <sup>3</sup>Swiss Institute of Bioinformatics, Vital-IT Group, 1015 Lausanne, Switzerland and <sup>4</sup>Instituto de Investigaciones Biomédicas, Universidad Nacional Autónoma de Méexico, México</aff><author-notes><corresp id="COR1"><sup>*</sup>To whom correspondence should be addressed.</corresp><fn><p>Associate Editor: Olga Troyanskaya</p></fn></author-notes><pub-date pub-type="ppub"><day>1</day><month>9</month><year>2008</year></pub-date><pub-date pub-type="epub"><day>9</day><month>7</month><year>2008</year></pub-date><pub-date pub-type="pmc-release"><day>9</day><month>7</month><year>2008</year></pub-date><volume>24</volume><issue>17</issue><fpage>1917</fpage><lpage>1925</lpage><history><date date-type="received"><day>1</day><month>2</month><year>2008</year></date><date date-type="rev-recd"><day>10</day><month>6</month><year>2008</year></date><date date-type="accepted"><day>1</day><month>7</month><year>2008</year></date></history><permissions><copyright-statement>© 2008 The Author(s)</copyright-statement><copyright-year>2008</copyright-year><license license-type="creative-commons" xlink:href="http://creativecommons.org/licenses/by-nc/2.0/uk/"><p><!--CREATIVE COMMONS-->This is an Open Access article distributed under the terms of the Creative Commons Attribution Non-Commercial License (<ext-link ext-link-type="uri" xlink:href="http://creativecommons.org/licenses/by-nc/2.0/uk/">http://creativecommons.org/licenses/by-nc/2.0/uk/</ext-link>) which permits unrestricted non-commercial use, distribution, and reproduction in any medium, provided the original work is properly cited.</p></license></permissions><abstract><p><bold>Motivation:</bold><italic>In silico</italic> modeling of gene regulatory networks has gained some momentum recently due to increased interest in analyzing the dynamics of biological systems. This has been further facilitated by the increasing availability of experimental data on gene–gene, protein–protein and gene–protein interactions. The two dynamical properties that are often experimentally testable are perturbations and stable steady states. Although a lot of work has been done on the identification of steady states, not much work has been reported on <italic>in silico</italic> modeling of cellular differentiation processes.</p><p><bold>Results:</bold> In this manuscript, we provide algorithms based on reduced ordered binary decision diagrams (ROBDDs) for Boolean modeling of gene regulatory networks. Algorithms for synchronous and asynchronous transition models have been proposed and their corresponding computational properties have been analyzed. These algorithms allow users to compute cyclic attractors of large networks that are currently not feasible using existing software.</p><p>Hereby we provide a framework to analyze the effect of multiple gene perturbation protocols, and their effect on cell differentiation processes. These algorithms were validated on the T-helper model showing the correct steady state identification and Th1–Th2 cellular differentiation process.</p><p><bold>Availability:</bold> The software binaries for Windows and Linux platforms can be downloaded from <ext-link ext-link-type="uri" xlink:href="http://si2.epfl.ch/~garg/genysis.html">http://si2.epfl.ch/~garg/genysis.html</ext-link>.</p><p><bold>Contact:</bold><email>abhishek.garg@epfl.ch</email></p></abstract></article-meta></front></article>