<article xmlns="https://dtd.nlm.nih.gov/ns/archiving/2.3/" xmlns:xsi="http://www.w3.org/2001/XMLSchema-instance" xmlns:mml="http://www.w3.org/1998/Math/MathML" xmlns:xlink="http://www.w3.org/1999/xlink" xsi:schemaLocation="https://dtd.nlm.nih.gov/ns/archiving/2.3/ https://dtd.nlm.nih.gov/archiving/2.3/xsd/archivearticle.xsd" article-type="research-article" xml:lang="EN"><front><journal-meta><journal-id journal-id-type="nlm-ta">Bioinformatics</journal-id><journal-id journal-id-type="publisher-id">bioinformatics</journal-id><journal-id journal-id-type="hwp">bioinfo</journal-id><journal-title>Bioinformatics</journal-title><issn pub-type="ppub">1367-4803</issn><issn pub-type="epub">1460-2059</issn><publisher><publisher-name>Oxford University Press</publisher-name></publisher></journal-meta><article-meta><article-id pub-id-type="accession">PMC2672633</article-id><article-id pub-id-type="pmcid">PMC2672633</article-id><article-id pub-id-type="pmc-uid">2672633</article-id><article-id pub-id-type="pmid">19289444</article-id><article-id pub-id-type="doi">10.1093/bioinformatics/btp128</article-id><article-id pub-id-type="publisher-id">btp128</article-id><article-categories><subj-group subj-group-type="heading"><subject>Original Papers</subject><subj-group><subject>Data and Text Mining</subject></subj-group></subj-group></article-categories><title-group><article-title>GS<sup>2</sup>: an efficiently computable measure of GO-based similarity of gene sets</article-title></title-group><contrib-group><contrib contrib-type="author"><name><surname>Ruths</surname><given-names>Troy</given-names></name><xref ref-type="corresp" rid="COR1">*</xref></contrib><contrib contrib-type="author"><name><surname>Ruths</surname><given-names>Derek</given-names></name></contrib><contrib contrib-type="author"><name><surname>Nakhleh</surname><given-names>Luay</given-names></name></contrib></contrib-group><aff>Department of Computer Science, Rice University, 6100 Main Street, MS 132, Houston, TX, USA</aff><author-notes><corresp id="COR1">*To whom correspondence should be addressed.</corresp><fn><p>Associate Editor: Limsoon Wong</p></fn></author-notes><pub-date pub-type="ppub"><day>1</day><month>5</month><year>2009</year></pub-date><pub-date pub-type="epub"><day>16</day><month>3</month><year>2009</year></pub-date><pub-date pub-type="pmc-release"><day>16</day><month>3</month><year>2009</year></pub-date><!-- PMC Release delay is 0 months and 0 days and was based on the
			<pub-date pub-type="epub"/>. --><volume>25</volume><issue>9</issue><fpage>1178</fpage><lpage>1184</lpage><history><date date-type="received"><day>8</day><month>12</month><year>2008</year></date><date date-type="rev-recd"><day>9</day><month>2</month><year>2009</year></date><date date-type="accepted"><day>2</day><month>3</month><year>2009</year></date></history><permissions><copyright-statement>© 2009 The Author(s)</copyright-statement><copyright-year>2009</copyright-year><license license-type="creative-commons" xlink:href="http://creativecommons.org/licenses/by-nc/2.0/uk/"><p><!--CREATIVE COMMONS-->This is an Open Access article distributed under the terms of the Creative Commons Attribution Non-Commercial License (<ext-link ext-link-type="uri" xlink:href="http://creativecommons.org/licenses/by-nc/2.0/uk/">http://creativecommons.org/licenses/by-nc/2.0/uk/</ext-link>) which permits unrestricted non-commercial use, distribution, and reproduction in any medium, provided the original work is properly cited.</p></license></permissions><abstract><p><bold>Motivation:</bold> The growing availability of genome-scale datasets has attracted increasing attention to the development of computational methods for automated inference of functional similarities among genes and their products. One class of such methods measures the functional similarity of genes based on their distance in the Gene Ontology (GO). To measure the functional relatedness of a gene set, these measures consider every pair of genes in the set, and the average of all pairwise distances is calculated. However, as more data becomes available and gene sets used for analysis become larger, such pair-based calculation becomes prohibitive.</p><p><bold>Results:</bold> In this article, we propose GS<sup>2</sup> (GO-based similarity of gene sets), a novel GO-based measure of gene set similarity that is computable in linear time in the size of the gene set. The measure quantifies the similarity of the GO annotations among a set of genes by averaging the contribution of each gene's GO terms and their ancestor terms with respect to the GO vocabulary graph. To study the performance of our method, we compared our measure with an established pair-based measure when run on gene sets with varying degrees of functional similarities. In addition to a significant speed improvement, our method produced comparable similarity scores to the established method. Our method is available as a web-based tool and an open-source Python library.</p><p><bold>Availability:</bold> The web-based tools and Python code are available at: <ext-link ext-link-type="uri" xlink:href="http://bioserver.cs.rice.edu/gs2">http://bioserver.cs.rice.edu/gs2</ext-link>.</p><p><bold>Contact:</bold><email>troy.ruths@rice.edu</email></p></abstract></article-meta></front></article>