<article xmlns="https://dtd.nlm.nih.gov/ns/archiving/2.3/" xmlns:xsi="http://www.w3.org/2001/XMLSchema-instance" xmlns:mml="http://www.w3.org/1998/Math/MathML" xmlns:xlink="http://www.w3.org/1999/xlink" xsi:schemaLocation="https://dtd.nlm.nih.gov/ns/archiving/2.3/ https://dtd.nlm.nih.gov/archiving/2.3/xsd/archivearticle.xsd" article-type="research-article" xml:lang="EN"><front><journal-meta><journal-id journal-id-type="nlm-ta">Bioinformatics</journal-id><journal-id journal-id-type="publisher-id">bioinformatics</journal-id><journal-id journal-id-type="hwp">bioinfo</journal-id><journal-title>Bioinformatics</journal-title><issn pub-type="ppub">1367-4803</issn><issn pub-type="epub">1460-2059</issn><publisher><publisher-name>Oxford University Press</publisher-name></publisher></journal-meta><article-meta><article-id pub-id-type="accession">PMC2639275</article-id><article-id pub-id-type="pmcid">PMC2639275</article-id><article-id pub-id-type="pmc-uid">2639275</article-id><article-id pub-id-type="pmid">18931366</article-id><article-id pub-id-type="doi">10.1093/bioinformatics/btn521</article-id><article-id pub-id-type="publisher-id">btn521</article-id><article-id pub-id-type="pmid">18931366</article-id><article-categories><subj-group subj-group-type="heading"><subject>Applications Note</subject><subj-group><subject>Systems Biology</subject></subj-group></subj-group></article-categories><title-group><article-title>WAVECLOCK: wavelet analysis of circadian oscillation</article-title></title-group><contrib-group><contrib contrib-type="author"><name><surname>Price</surname><given-names>Tom S.</given-names></name><xref ref-type="aff" rid="AFF1"><sup>1</sup></xref><xref ref-type="corresp" rid="COR1">*</xref></contrib><contrib contrib-type="author"><name><surname>Baggs</surname><given-names>Julie E.</given-names></name><xref ref-type="aff" rid="AFF1"><sup>2</sup></xref></contrib><contrib contrib-type="author"><name><surname>Curtis</surname><given-names>Anne M.</given-names></name><xref ref-type="aff" rid="AFF1"><sup>3</sup></xref></contrib><contrib contrib-type="author"><name><surname>FitzGerald</surname><given-names>Garret A.</given-names></name><xref ref-type="aff" rid="AFF1"><sup>2</sup></xref></contrib><contrib contrib-type="author"><name><surname>Hogenesch</surname><given-names>John B.</given-names></name><xref ref-type="aff" rid="AFF1"><sup>2</sup></xref></contrib></contrib-group><aff id="AFF1"><sup>1</sup>Institute of Psychiatry, Kings College London, <sup>2</sup>Institute for Translational Medicine and Therapeutics, University of Pennsylvania and <sup>3</sup>Bio Directorate, Science Foundation Ireland (SFI)</aff><author-notes><corresp id="COR1">*To whom correspondence should be addressed.</corresp><fn><p>Associate Editor: Trey Ideker</p></fn></author-notes><pub-date pub-type="ppub"><day>1</day><month>12</month><year>2008</year></pub-date><pub-date pub-type="epub"><day>17</day><month>10</month><year>2008</year></pub-date><volume>24</volume><issue>23</issue><fpage>2794</fpage><lpage>2795</lpage><history><date date-type="received"><day>14</day><month>7</month><year>2008</year></date><date date-type="rev-recd"><day>26</day><month>8</month><year>2008</year></date><date date-type="accepted"><day>5</day><month>10</month><year>2008</year></date></history><permissions><copyright-statement>© The Author 2008. Published by Oxford University Press. All rights reserved. For Permissions, please email: journals.permissions@oxfordjournals.org</copyright-statement><copyright-year>2008</copyright-year></permissions><abstract><p><bold>Summary:</bold> Oscillations in mRNA and protein of circadian clock components can be continuously monitored <italic>in vitro</italic> using synchronized cell lines. These rhythms can be highly variable due to culture conditions and are non-stationary due to baseline trends, damping and drift in period length. We present a technique for characterizing the modal frequencies of oscillation using continuous wavelet decomposition to non-parametrically model changes in amplitude and period while removing baseline effects and noise.</p><p><bold>Availability:</bold> The method has been implemented as the package <italic>waveclock</italic> for the free statistical software program <italic>R</italic> and is available for download from <ext-link ext-link-type="uri" xlink:href="http://cran.r-project.org/">http://cran.r-project.org/</ext-link></p><p><bold>Contact:</bold><email>thomas.price@iop.kcl.ac.uk</email></p><p><bold>Supplementary information:</bold><ext-link ext-link-type="uri" xlink:href="http://bioinformatics.oxfordjournals.org/cgi/content/full/btn521/DC1">Supplementary figures</ext-link> are available at <italic>Bioinformatics</italic> online.</p></abstract></article-meta></front></article>