<article xmlns="https://dtd.nlm.nih.gov/ns/archiving/2.3/" xmlns:xsi="http://www.w3.org/2001/XMLSchema-instance" xmlns:mml="http://www.w3.org/1998/Math/MathML" xmlns:xlink="http://www.w3.org/1999/xlink" xsi:schemaLocation="https://dtd.nlm.nih.gov/ns/archiving/2.3/ https://dtd.nlm.nih.gov/archiving/2.3/xsd/archivearticle.xsd" article-type="research-article" xml:lang="EN"><front><journal-meta><journal-id journal-id-type="nlm-ta">Bioinformatics</journal-id><journal-id journal-id-type="publisher-id">bioinformatics</journal-id><journal-id journal-id-type="hwp">bioinfo</journal-id><journal-title>Bioinformatics</journal-title><issn pub-type="ppub">1367-4803</issn><issn pub-type="epub">1460-2059</issn><publisher><publisher-name>Oxford University Press</publisher-name></publisher></journal-meta><article-meta><article-id pub-id-type="accession">PMC2687963</article-id><article-id pub-id-type="pmcid">PMC2687963</article-id><article-id pub-id-type="pmc-uid">2687963</article-id><article-id pub-id-type="pmid">19477995</article-id><article-id pub-id-type="doi">10.1093/bioinformatics/btp209</article-id><article-id pub-id-type="publisher-id">btp209</article-id><article-categories><subj-group subj-group-type="heading"><subject>Ismb/Eccb 2009 Conference Proceedings June 27 to July 2, 2009, Stockholm, Sweden</subject><subj-group><subject>Original Papers</subject><subj-group><subject>Protein Interactions and Molecular Networks</subject></subj-group></subj-group></subj-group></article-categories><title-group><article-title>Network-based prediction of metabolic enzymes' subcellular localization</article-title></title-group><contrib-group><contrib contrib-type="author"><name><surname>Mintz-Oron</surname><given-names>Shira</given-names></name><xref ref-type="aff" rid="AFF1"><sup>1</sup></xref><xref ref-type="corresp" rid="COR1">*</xref></contrib><contrib contrib-type="author"><name><surname>Aharoni</surname><given-names>Asaph</given-names></name><xref ref-type="aff" rid="AFF1"><sup>1</sup></xref></contrib><contrib contrib-type="author"><name><surname>Ruppin</surname><given-names>Eytan</given-names></name><xref ref-type="aff" rid="AFF1"><sup>2</sup></xref><xref ref-type="aff" rid="AFF1"><sup>3</sup></xref></contrib><contrib contrib-type="author"><name><surname>Shlomi</surname><given-names>Tomer</given-names></name><xref ref-type="aff" rid="AFF1"><sup>4</sup></xref><xref ref-type="corresp" rid="COR1">*</xref></contrib></contrib-group><aff id="AFF1"><sup>1</sup>Department of Plant Sciences, Weizmann Institute of Science, Rehovot 76100, <sup>2</sup>School of Computer Science, <sup>3</sup>School of Medicine, Tel-Aviv University, Tel-Aviv 69978 and <sup>4</sup>Faculty of Computer Science, Technion, Haifa 32000, Israel</aff><author-notes><corresp id="COR1">*To whom correspondence should be addressed.</corresp></author-notes><pub-date pub-type="ppub"><day>15</day><month>6</month><year>2009</year></pub-date><pub-date pub-type="epub"><day>27</day><month>5</month><year>2009</year></pub-date><pub-date pub-type="pmc-release"><day>27</day><month>5</month><year>2009</year></pub-date><!-- PMC Release delay is 0 months and 0 days and was based on the
			<pub-date pub-type="epub"/>. --><volume>25</volume><issue>12</issue><fpage>i247</fpage><lpage>i1252</lpage><permissions><copyright-statement>© 2009 The Author(s)</copyright-statement><copyright-year>2009</copyright-year><license license-type="creative-commons" xlink:href="http://creativecommons.org/licenses/by-nc/2.0/uk/"><p><!--CREATIVE COMMONS-->This is an Open Access article distributed under the terms of the Creative Commons Attribution Non-Commercial License (<ext-link ext-link-type="uri" xlink:href="http://creativecommons.org/licenses/by-nc/2.0/uk/">http://creativecommons.org/licenses/by-nc/2.0/uk/</ext-link>) which permits unrestricted non-commercial use, distribution, and reproduction in any medium, provided the original work is properly cited.</p></license></permissions><abstract><p><bold>Motivation:</bold> Revealing the subcellular localization of proteins within membrane-bound compartments is of a major importance for inferring protein function. Though current high-throughput localization experiments provide valuable data, they are costly and time-consuming, and due to technical difficulties not readily applicable for many Eukaryotes. Physical characteristics of proteins, such as sequence targeting signals and amino acid composition are commonly used to predict subcellular localizations using computational approaches. Recently it was shown that protein–protein interaction (PPI) networks can be used to significantly improve the prediction accuracy of protein subcellular localization. However, as high-throughput PPI data depend on costly high-throughput experiments and are currently available for only a few organisms, the scope of such methods is yet limited.</p><p><bold>Results:</bold> This study presents a novel constraint-based method for predicting subcellular localization of enzymes based on their embedding metabolic network, relying on a parsimony principle of a minimal number of cross-membrane metabolite transporters. In a cross-validation test of predicting known subcellular localization of yeast enzymes, the method is shown to be markedly robust, providing accurate localization predictions even when only 20% of the known enzyme localizations are given as input. It is shown to outperform pathway enrichment-based methods both in terms of prediction accuracy and in its ability to predict the subcellular localization of entire metabolic pathways when no a-priori pathway-specific localization data is available (and hence enrichment methods are bound to fail). With the number of available metabolic networks already reaching more than 600 and growing fast, the new method may significantly contribute to the identification of enzyme localizations in many different organisms.</p><p><bold>Contact:</bold><email>shira.mintz@weizmann.ac.il</email>; <email>tomersh@cs.technion.ac.il</email></p></abstract></article-meta></front></article>