<article xmlns="https://dtd.nlm.nih.gov/ns/archiving/2.3/" xmlns:xsi="http://www.w3.org/2001/XMLSchema-instance" xmlns:mml="http://www.w3.org/1998/Math/MathML" xmlns:xlink="http://www.w3.org/1999/xlink" xsi:schemaLocation="https://dtd.nlm.nih.gov/ns/archiving/2.3/ https://dtd.nlm.nih.gov/archiving/2.3/xsd/archivearticle.xsd" article-type="research-article" xml:lang="EN"><front><journal-meta><journal-id journal-id-type="nlm-ta">Bioinformatics</journal-id><journal-id journal-id-type="publisher-id">bioinformatics</journal-id><journal-id journal-id-type="hwp">bioinfo</journal-id><journal-title>Bioinformatics</journal-title><issn pub-type="ppub">1367-4803</issn><issn pub-type="epub">1460-2059</issn><publisher><publisher-name>Oxford University Press</publisher-name></publisher></journal-meta><article-meta><article-id pub-id-type="accession">PMC2687949</article-id><article-id pub-id-type="pmcid">PMC2687949</article-id><article-id pub-id-type="pmc-uid">2687949</article-id><article-id pub-id-type="pmid">19478020</article-id><article-id pub-id-type="doi">10.1093/bioinformatics/btp195</article-id><article-id pub-id-type="publisher-id">btp195</article-id><article-categories><subj-group subj-group-type="heading"><subject>Ismb/Eccb 2009 Conference Proceedings June 27 to July 2, 2009, Stockholm, Sweden</subject><subj-group><subject>Original Papers</subject><subj-group><subject>Databases and Ontologies</subject></subj-group></subj-group></subj-group></article-categories><title-group><article-title>Ontology quality assurance through analysis of term transformations</article-title></title-group><contrib-group><contrib contrib-type="author"><name><surname>Verspoor</surname><given-names>Karin</given-names></name><xref ref-type="corresp" rid="COR1">*</xref></contrib><contrib contrib-type="author"><name><surname>Dvorkin</surname><given-names>Daniel</given-names></name></contrib><contrib contrib-type="author"><name><surname>Cohen</surname><given-names>K. Bretonnel</given-names></name></contrib><contrib contrib-type="author"><name><surname>Hunter</surname><given-names>Lawrence</given-names></name></contrib></contrib-group><aff>Center for Computational Pharmacology, University of Colorado Denver, PO Box 6511, MS 8303, Aurora, CO 80045, USA</aff><author-notes><corresp id="COR1">*To whom correspondence should be addressed.</corresp></author-notes><pub-date pub-type="ppub"><day>15</day><month>6</month><year>2009</year></pub-date><pub-date pub-type="epub"><day>27</day><month>5</month><year>2009</year></pub-date><pub-date pub-type="pmc-release"><day>27</day><month>5</month><year>2009</year></pub-date><!-- PMC Release delay is 0 months and 0 days and was based on the
			<pub-date pub-type="epub"/>. --><volume>25</volume><issue>12</issue><fpage>i77</fpage><lpage>i84</lpage><permissions><copyright-statement>© 2009 The Author(s)</copyright-statement><copyright-year>2009</copyright-year><license license-type="creative-commons" xlink:href="http://creativecommons.org/licenses/by-nc/2.0/uk/"><p><!--CREATIVE COMMONS-->This is an Open Access article distributed under the terms of the Creative Commons Attribution Non-Commercial License (<ext-link ext-link-type="uri" xlink:href="http://creativecommons.org/licenses/by-nc/2.0/uk/">http://creativecommons.org/licenses/by-nc/2.0/uk/</ext-link>) which permits unrestricted non-commercial use, distribution, and reproduction in any medium, provided the original work is properly cited.</p></license></permissions><abstract><p><bold>Motivation:</bold> It is important for the quality of biological ontologies that similar concepts be expressed consistently, or <italic>univocally</italic>. Univocality is relevant for the usability of the ontology for humans, as well as for computational tools that rely on regularity in the structure of terms. However, in practice terms are not always expressed consistently, and we must develop methods for identifying terms that are not univocal so that they can be corrected.</p><p><bold>Results:</bold> We developed an automated transformation-based clustering methodology for detecting terms that use different linguistic conventions for expressing similar semantics. These term sets represent occurrences of univocality violations. Our method was able to identify 67 examples of univocality violations in the Gene Ontology.</p><p><bold>Availability:</bold> The identified univocality violations are available upon request. We are preparing a release of an open source version of the software to be available at <ext-link ext-link-type="uri" xlink:href="http://bionlp.sourceforge.net">http://bionlp.sourceforge.net</ext-link>.</p><p><bold>Contact:</bold><email>karin.verspoor@ucdenver.edu</email></p></abstract></article-meta></front></article>