<article xmlns="https://dtd.nlm.nih.gov/ns/archiving/2.3/" xmlns:xsi="http://www.w3.org/2001/XMLSchema-instance" xmlns:mml="http://www.w3.org/1998/Math/MathML" xmlns:xlink="http://www.w3.org/1999/xlink" xsi:schemaLocation="https://dtd.nlm.nih.gov/ns/archiving/2.3/ https://dtd.nlm.nih.gov/archiving/2.3/xsd/archivearticle.xsd" article-type="research-article" xml:lang="EN"><front><journal-meta><journal-id journal-id-type="nlm-ta">Bioinformatics</journal-id><journal-id journal-id-type="publisher-id">bioinformatics</journal-id><journal-id journal-id-type="hwp">bioinfo</journal-id><journal-title>Bioinformatics</journal-title><issn pub-type="ppub">1367-4803</issn><issn pub-type="epub">1460-2059</issn><publisher><publisher-name>Oxford University Press</publisher-name></publisher></journal-meta><article-meta><article-id pub-id-type="accession">PMC2672629</article-id><article-id pub-id-type="pmcid">PMC2672629</article-id><article-id pub-id-type="pmc-uid">2672629</article-id><article-id pub-id-type="pmid">19261719</article-id><article-id pub-id-type="doi">10.1093/bioinformatics/btp121</article-id><article-id pub-id-type="publisher-id">btp121</article-id><article-categories><subj-group subj-group-type="heading"><subject>Applications Note</subject><subj-group><subject>Genome Analysis</subject></subj-group></subj-group></article-categories><title-group><article-title>A web server for inferring the human <italic>N</italic>-acetyltransferase-2 (NAT2) enzymatic phenotype from <italic>NAT2</italic> genotype</article-title></title-group><contrib-group><contrib contrib-type="author"><name><surname>Kuznetsov</surname><given-names>Igor B.</given-names></name><xref ref-type="corresp" rid="COR1">*</xref></contrib><contrib contrib-type="author"><name><surname>McDuffie</surname><given-names>Michael</given-names></name></contrib><contrib contrib-type="author"><name><surname>Moslehi</surname><given-names>Roxana</given-names></name><xref ref-type="corresp" rid="COR1">*</xref></contrib></contrib-group><aff>Gen*NY*Sis Center for Excellence in Cancer Genomics, Department of Epidemiology and Biostatistics, University at Albany, One Discovery Drive, Rensselaer, NY 12144, USA</aff><author-notes><corresp id="COR1">*To whom correspondence should be addressed.</corresp><fn><p>Associate Editor: Alfonso Valencia</p></fn></author-notes><pub-date pub-type="ppub"><day>1</day><month>5</month><year>2009</year></pub-date><pub-date pub-type="epub"><day>4</day><month>3</month><year>2009</year></pub-date><pub-date pub-type="pmc-release"><day>4</day><month>3</month><year>2009</year></pub-date><!-- PMC Release delay is 0 months and 0 days and was based on the
			<pub-date pub-type="epub"/>. --><volume>25</volume><issue>9</issue><fpage>1185</fpage><lpage>1186</lpage><history><date date-type="received"><day>26</day><month>11</month><year>2008</year></date><date date-type="rev-recd"><day>5</day><month>2</month><year>2009</year></date><date date-type="accepted"><day>26</day><month>2</month><year>2009</year></date></history><permissions><copyright-statement>© 2009 The Author(s)</copyright-statement><copyright-year>2009</copyright-year><license license-type="creative-commons" xlink:href="http://creativecommons.org/licenses/by-nc/2.0/uk/"><p><!--CREATIVE COMMONS-->This is an Open Access article distributed under the terms of the Creative Commons Attribution Non-Commercial License (<ext-link ext-link-type="uri" xlink:href="http://creativecommons.org/licenses/by-nc/2.0/uk/">http://creativecommons.org/licenses/by-nc/2.0/uk/</ext-link>) which permits unrestricted non-commercial use, distribution, and reproduction in any medium, provided the original work is properly cited.</p></license></permissions><abstract><p><bold>Summary:</bold><italic>N</italic>-acetyltransferase-2 (NAT2) is an important enzyme that catalyzes the acetylation of aromatic and heterocyclic amine carcinogens. Individuals in human populations are divided into three NAT2 acetylator phenotypes: slow, rapid and intermediate. NAT2PRED is a web server that implements a supervised pattern recognition method to infer NAT2 phenotype from SNPs found in <italic>NAT2</italic> gene positions 282, 341, 481, 590, 803 and 857. The web server can be used for a fast determination of NAT2 phenotypes in genetic screens.</p><p><bold>Availability:</bold>Freely available at <ext-link ext-link-type="uri" xlink:href="http://nat2pred.rit.albany.edu">http://nat2pred.rit.albany.edu</ext-link></p><p><bold>Contact:</bold><email>ikuznetsov@albany.edu</email>; <email>rmoslehi@albany.edu</email></p><p><bold>Supplementary information:</bold><ext-link ext-link-type="uri" xlink:href="http://bioinformatics.oxfordjournals.org/cgi/content/full/btp121/DC1">Supplementary data</ext-link> are available at <italic>Bioinformatics</italic> online.</p></abstract></article-meta></front></article>