<article xmlns="https://dtd.nlm.nih.gov/ns/archiving/2.3/" xmlns:xsi="http://www.w3.org/2001/XMLSchema-instance" xmlns:mml="http://www.w3.org/1998/Math/MathML" xmlns:xlink="http://www.w3.org/1999/xlink" xsi:schemaLocation="https://dtd.nlm.nih.gov/ns/archiving/2.3/ https://dtd.nlm.nih.gov/archiving/2.3/xsd/archivearticle.xsd" article-type="research-article" xml:lang="EN"><front><journal-meta><journal-id journal-id-type="nlm-ta">Bioinformatics</journal-id><journal-id journal-id-type="publisher-id">bioinformatics</journal-id><journal-id journal-id-type="hwp">bioinfo</journal-id><journal-title>Bioinformatics</journal-title><issn pub-type="ppub">1367-4803</issn><issn pub-type="epub">1460-2059</issn><publisher><publisher-name>Oxford University Press</publisher-name></publisher></journal-meta><article-meta><article-id pub-id-type="accession">PMC2638865</article-id><article-id pub-id-type="pmcid">PMC2638865</article-id><article-id pub-id-type="pmc-uid">2638865</article-id><article-id pub-id-type="pmid">18596077</article-id><article-id pub-id-type="doi">10.1093/bioinformatics/btn307</article-id><article-id pub-id-type="publisher-id">btn307</article-id><article-id pub-id-type="pmid">18596077</article-id><article-categories><subj-group subj-group-type="heading"><subject>Applications Note</subject><subj-group><subject>Structural Bioinformatics</subject></subj-group></subj-group></article-categories><title-group><article-title>ChemmineR: a compound mining framework for R</article-title></title-group><contrib-group><contrib contrib-type="author"><name><surname>Cao</surname><given-names>Yiqun</given-names></name><xref ref-type="aff" rid="AFF1"><sup>1</sup></xref></contrib><contrib contrib-type="author"><name><surname>Charisi</surname><given-names>Anna</given-names></name><xref ref-type="aff" rid="AFF1"><sup>2</sup></xref></contrib><contrib contrib-type="author"><name><surname>Cheng</surname><given-names>Li-Chang</given-names></name><xref ref-type="aff" rid="AFF1"><sup>1</sup></xref></contrib><contrib contrib-type="author"><name><surname>Jiang</surname><given-names>Tao</given-names></name><xref ref-type="aff" rid="AFF1"><sup>1</sup></xref></contrib><contrib contrib-type="author"><name><surname>Girke</surname><given-names>Thomas</given-names></name><xref ref-type="aff" rid="AFF1"><sup>2</sup></xref><xref ref-type="corresp" rid="COR1">*</xref></contrib></contrib-group><aff id="AFF1"><sup>1</sup>Department of Computer Science and Engineering and <sup>2</sup>Department of Botany and Plant Sciences, University of California, Riverside, California, USA</aff><author-notes><corresp id="COR1">*To whom correspondence should be addressed.</corresp><fn><p>Associate Editor: Anna Tramontano</p></fn></author-notes><pub-date pub-type="ppub"><day>1</day><month>8</month><year>2008</year></pub-date><pub-date pub-type="epub"><day>2</day><month>7</month><year>2008</year></pub-date><pub-date pub-type="pmc-release"><day>2</day><month>7</month><year>2008</year></pub-date><volume>24</volume><issue>15</issue><fpage>1733</fpage><lpage>1734</lpage><history><date date-type="received"><day>21</day><month>4</month><year>2008</year></date><date date-type="rev-recd"><day>21</day><month>4</month><year>2008</year></date><date date-type="accepted"><day>10</day><month>6</month><year>2008</year></date></history><permissions><copyright-statement>© 2008 The Author(s)</copyright-statement><copyright-year>2008</copyright-year><license license-type="creative-commons" xlink:href="http://creativecommons.org/licenses/by-nc/2.0/uk/"><p><!--CREATIVE COMMONS-->This is an Open Access article distributed under the terms of the Creative Commons Attribution Non-Commercial License (<ext-link ext-link-type="uri" xlink:href="http://creativecommons.org/licenses/by-nc/2.0/uk/">http://creativecommons.org/licenses/by-nc/2.0/uk/</ext-link>) which permits unrestricted non-commercial use, distribution, and reproduction in any medium, provided the original work is properly cited.</p></license></permissions><abstract><p><bold>Motivation:</bold> Software applications for structural similarity searching and clustering of small molecules play an important role in drug discovery and chemical genomics. Here, we present the first open-source compound mining framework for the popularstatistical programming environment R. The integration with a powerful statistical environment maximizes the flexibility, expandability and programmability of the provided analysis functions.</p><p><bold>Results:</bold> We discuss the algorithms and compound mining utilities provided by the R package <italic>ChemmineR</italic>. It contains functions for structural similarity searching, clustering of compound libraries with a wide spectrum of classification algorithms and various utilities for managing complex compound data. It also offers a wide range of visualization functions for compound clusters and chemical structures. The package is well integrated with the online ChemMine environment and allows bidirectional communications between the two services.</p><p><bold>Availability:</bold><italic>ChemmineR</italic> is freely available as an R package from the ChemMine project site: <ext-link ext-link-type="uri" xlink:href="http://bioweb.ucr.edu/ChemMineV2/chemminer">http://bioweb.ucr.edu/ChemMineV2/chemminer</ext-link></p><p><bold>Contact:</bold><email>thomas.girke@ucr.edu</email></p></abstract></article-meta></front></article>