<article xmlns="https://dtd.nlm.nih.gov/ns/archiving/2.3/" xmlns:xsi="http://www.w3.org/2001/XMLSchema-instance" xmlns:mml="http://www.w3.org/1998/Math/MathML" xmlns:xlink="http://www.w3.org/1999/xlink" xsi:schemaLocation="https://dtd.nlm.nih.gov/ns/archiving/2.3/ https://dtd.nlm.nih.gov/archiving/2.3/xsd/archivearticle.xsd" article-type="research-article" xml:lang="EN"><front><journal-meta><journal-id journal-id-type="nlm-ta">Bioinformatics</journal-id><journal-id journal-id-type="publisher-id">bioinformatics</journal-id><journal-id journal-id-type="hwp">bioinfo</journal-id><journal-title>Bioinformatics</journal-title><issn pub-type="ppub">1367-4803</issn><issn pub-type="epub">1460-2059</issn><publisher><publisher-name>Oxford University Press</publisher-name></publisher></journal-meta><article-meta><article-id pub-id-type="accession">PMC2553440</article-id><article-id pub-id-type="pmcid">PMC2553440</article-id><article-id pub-id-type="pmc-uid">2553440</article-id><article-id pub-id-type="pmid">18697767</article-id><article-id pub-id-type="doi">10.1093/bioinformatics/btn424</article-id><article-id pub-id-type="publisher-id">btn424</article-id><article-id pub-id-type="pmid">18697767</article-id><article-categories><subj-group subj-group-type="heading"><subject>Applications Note</subject><subj-group><subject>Databases and Ontologies</subject></subj-group></subj-group></article-categories><title-group><article-title>The Synergizer service for translating gene, protein and other biological identifiers</article-title></title-group><contrib-group><contrib contrib-type="author"><name><surname>Berriz</surname><given-names>Gabriel F.</given-names></name><xref ref-type="aff" rid="AFF1"><sup>1</sup></xref></contrib><contrib contrib-type="author"><name><surname>Roth</surname><given-names>Frederick P.</given-names></name><xref ref-type="aff" rid="AFF1"><sup>1</sup></xref><xref ref-type="aff" rid="AFF1"><sup>2</sup></xref><xref ref-type="corresp" rid="COR1">*</xref></contrib></contrib-group><aff id="AFF1"><sup>1</sup>Department of Biological Chemistry and Molecular Pharmacology, Harvard Medical School, 250 Longwood Avenue and <sup>2</sup>Center for Cancer Systems Biology, Dana-Faber Cancer Institute, Boston, MA 02115, USA</aff><author-notes><corresp id="COR1">*To whom correspondence should be addressed.</corresp><fn><p>Associate Editor: John Quackenbush</p></fn></author-notes><pub-date pub-type="ppub"><day>1</day><month>10</month><year>2008</year></pub-date><pub-date pub-type="epub"><day>12</day><month>8</month><year>2008</year></pub-date><pub-date pub-type="pmc-release"><day>12</day><month>8</month><year>2008</year></pub-date><volume>24</volume><issue>19</issue><fpage>2272</fpage><lpage>2273</lpage><history><date date-type="received"><day>16</day><month>3</month><year>2007</year></date><date date-type="rev-recd"><day>12</day><month>6</month><year>2008</year></date><date date-type="accepted"><day>8</day><month>8</month><year>2008</year></date></history><permissions><copyright-statement>© 2008 The Author(s)</copyright-statement><copyright-year>2008</copyright-year><license license-type="creative-commons" xlink:href="http://creativecommons.org/licenses/by-nc/2.0/uk/"><p><!--CREATIVE COMMONS-->This is an Open Access article distributed under the terms of the Creative Commons Attribution Non-Commercial License (<ext-link ext-link-type="uri" xlink:href="http://creativecommons.org/licenses/by-nc/2.0/uk/">http://creativecommons.org/licenses/by-nc/2.0/uk/</ext-link>) which permits unrestricted non-commercial use, distribution, and reproduction in any medium, provided the original work is properly cited.</p></license></permissions><abstract><p><bold>Summary:</bold> The Synergizer is a database and web service that provides translations of biological database identifiers. It is accessible both programmatically and interactively.</p><p><bold>Availability:</bold> The Synergizer is freely available to all users inter-actively via a web application (<ext-link ext-link-type="uri" xlink:href="http://llama.med.harvard.edu/synergizer/translate">http://llama.med.harvard.edu/synergizer/translate</ext-link>) and programmatically via a web service. Clients implementing the Synergizer application programming interface (API) are also freely available. Please visit <ext-link ext-link-type="uri" xlink:href="http://llama.med.harvard.edu/synergizer/doc">http://llama.med.harvard.edu/synergizer/doc</ext-link> for details.</p><p><bold>Contact:</bold><email>fritz_roth@hms.harvard.edu</email></p></abstract></article-meta></front></article>