<article xmlns="https://dtd.nlm.nih.gov/ns/archiving/2.3/" xmlns:xsi="http://www.w3.org/2001/XMLSchema-instance" xmlns:mml="http://www.w3.org/1998/Math/MathML" xmlns:xlink="http://www.w3.org/1999/xlink" xsi:schemaLocation="https://dtd.nlm.nih.gov/ns/archiving/2.3/ https://dtd.nlm.nih.gov/archiving/2.3/xsd/archivearticle.xsd" article-type="research-article" xml:lang="EN"><front><journal-meta><journal-id journal-id-type="nlm-ta">Bioinformatics</journal-id><journal-id journal-id-type="publisher-id">bioinformatics</journal-id><journal-id journal-id-type="hwp">bioinfo</journal-id><journal-title>Bioinformatics</journal-title><issn pub-type="ppub">1367-4803</issn><issn pub-type="epub">1460-2059</issn><publisher><publisher-name>Oxford University Press</publisher-name></publisher></journal-meta><article-meta><article-id pub-id-type="accession">PMC2579715</article-id><article-id pub-id-type="pmcid">PMC2579715</article-id><article-id pub-id-type="pmc-uid">2579715</article-id><article-id pub-id-type="pmid">18829707</article-id><article-id pub-id-type="doi">10.1093/bioinformatics/btn498</article-id><article-id pub-id-type="publisher-id">btn498</article-id><article-id pub-id-type="pmid">18829707</article-id><article-categories><subj-group subj-group-type="heading"><subject>Original Papers</subject><subj-group><subject>Systems Biology</subject></subj-group></subj-group></article-categories><title-group><article-title>Physical protein–protein interactions predicted from microarrays</article-title></title-group><contrib-group><contrib contrib-type="author"><name><surname>Soong</surname><given-names>Ta-tsen</given-names></name><xref ref-type="aff" rid="AFF1"><sup>1</sup></xref><xref ref-type="aff" rid="AFF1"><sup>2</sup></xref><xref ref-type="corresp" rid="COR1">*</xref></contrib><contrib contrib-type="author"><name><surname>Wrzeszczynski</surname><given-names>Kazimierz O.</given-names></name><xref ref-type="aff" rid="AFF1"><sup>1</sup></xref><xref ref-type="aff" rid="AFF1"><sup>3</sup></xref><xref ref-type="aff" rid="AFF1"><sup>4</sup></xref></contrib><contrib contrib-type="author"><name><surname>Rost</surname><given-names>Burkhard</given-names></name><xref ref-type="aff" rid="AFF1"><sup>1</sup></xref><xref ref-type="aff" rid="AFF1"><sup>3</sup></xref><xref ref-type="aff" rid="AFF1"><sup>5</sup></xref></contrib></contrib-group><aff id="AFF1"><sup>1</sup>Columbia University Center for Computational Biology and Bioinformatics (C2B2), <sup>2</sup>Department of Biomedical Informatics, <sup>3</sup>Department of Biochemistry and Molecular Biophysics, <sup>4</sup>Integrated Program in Cellular, Molecular and Biomedical Studies and <sup>5</sup>NorthEast Structural Genomics Consortium (NESG) and New York Consortium on Membrane Proteins (NYCOMPS), Columbia University, New York, NY, USA</aff><author-notes><corresp id="COR1">*To whom correspondence should be addressed.</corresp><fn><p>Associate Editor: Alfonso Valencia</p></fn></author-notes><pub-date pub-type="ppub"><day>15</day><month>11</month><year>2008</year></pub-date><pub-date pub-type="epub"><day>1</day><month>10</month><year>2008</year></pub-date><pub-date pub-type="pmc-release"><day>1</day><month>10</month><year>2008</year></pub-date><volume>24</volume><issue>22</issue><fpage>2608</fpage><lpage>2614</lpage><history><date date-type="received"><day>26</day><month>4</month><year>2008</year></date><date date-type="rev-recd"><day>30</day><month>8</month><year>2008</year></date><date date-type="accepted"><day>17</day><month>9</month><year>2008</year></date></history><permissions><copyright-statement>© The Author(s)</copyright-statement><copyright-year>2008</copyright-year><license license-type="creative-commons" xlink:href="http://creativecommons.org/licenses/by-nc/2.0/uk/"><p><!--CREATIVE COMMONS-->This is an Open Access article distributed under the terms of the Creative Commons Attribution Non-Commercial License (<ext-link ext-link-type="uri" xlink:href="http://creativecommons.org/licenses/by-nc/2.0/uk/">http://creativecommons.org/licenses/by-nc/2.0/uk/</ext-link>) which permits unrestricted non-commercial use, distribution, and reproduction in any medium, provided the original work is properly cited.</p></license></permissions><abstract><p><bold>Motivation:</bold> Microarray expression data reveal functionally associated proteins. However, most proteins that are associated are not actually in direct physical contact. Predicting physical interactions directly from microarrays is both a challenging and important task that we addressed by developing a novel machine learning method optimized for this task.</p><p><bold>Results:</bold> We validated our support vector machine-based method on several independent datasets. At the same levels of accuracy, our method recovered more experimentally observed physical interactions than a conventional correlation-based approach. Pairs predicted by our method to very likely interact were close in the overall network of interaction, suggesting our method as an aid for functional annotation. We applied the method to predict interactions in yeast (<italic>Saccharomyces cerevisiae</italic>). A Gene Ontology function annotation analysis and literature search revealed several probable and novel predictions worthy of future experimental validation. We therefore hope our new method will improve the annotation of interactions as one component of multi-source integrated systems.</p><p><bold>Contact:</bold><email>ts2186@columbia.edu</email></p><p><bold>Supplementary information:</bold><ext-link ext-link-type="uri" xlink:href="http://bioinformatics.oxfordjournals.org/cgi/content/full/btn498/DC1">Supplementary data</ext-link> are available at <italic>Bioinformatics</italic> online.</p></abstract></article-meta></front></article>