<article xmlns="https://dtd.nlm.nih.gov/ns/archiving/2.3/" xmlns:xsi="http://www.w3.org/2001/XMLSchema-instance" xmlns:mml="http://www.w3.org/1998/Math/MathML" xmlns:xlink="http://www.w3.org/1999/xlink" xsi:schemaLocation="https://dtd.nlm.nih.gov/ns/archiving/2.3/ https://dtd.nlm.nih.gov/archiving/2.3/xsd/archivearticle.xsd" article-type="research-article" xml:lang="EN"><front><journal-meta><journal-id journal-id-type="nlm-ta">Bioinformatics</journal-id><journal-id journal-id-type="publisher-id">bioinformatics</journal-id><journal-id journal-id-type="hwp">bioinfo</journal-id><journal-title>Bioinformatics</journal-title><issn pub-type="ppub">1367-4803</issn><issn pub-type="epub">1460-2059</issn><publisher><publisher-name>Oxford University Press</publisher-name></publisher></journal-meta><article-meta><article-id pub-id-type="accession">PMC2638940</article-id><article-id pub-id-type="pmcid">PMC2638940</article-id><article-id pub-id-type="pmc-uid">2638940</article-id><article-id pub-id-type="pmid">18987010</article-id><article-id pub-id-type="doi">10.1093/bioinformatics/btn572</article-id><article-id pub-id-type="publisher-id">btn572</article-id><article-id pub-id-type="pmid">18987010</article-id><article-categories><subj-group subj-group-type="heading"><subject>Original Papers</subject><subj-group><subject>Genetics and Population Analysis</subject></subj-group></subj-group></article-categories><title-group><article-title>How frugal is mother nature with haplotypes?</article-title></title-group><contrib-group><contrib contrib-type="author"><name><surname>Climer</surname><given-names>Sharlee</given-names></name><xref ref-type="aff" rid="AFF1"><sup>1</sup></xref><xref ref-type="aff" rid="AFF1"><sup>2</sup></xref><xref ref-type="aff" rid="AFF1"><sup>3</sup></xref></contrib><contrib contrib-type="author"><name><surname>Jäger</surname><given-names>Gerold</given-names></name><xref ref-type="aff" rid="AFF1"><sup>1</sup></xref></contrib><contrib contrib-type="author"><name><surname>Templeton</surname><given-names>Alan R.</given-names></name><xref ref-type="aff" rid="AFF1"><sup>4</sup></xref></contrib><contrib contrib-type="author"><name><surname>Zhang</surname><given-names>Weixiong</given-names></name><xref ref-type="aff" rid="AFF1"><sup>1</sup></xref><xref ref-type="aff" rid="AFF1"><sup>5</sup></xref><xref ref-type="corresp" rid="COR1">*</xref></contrib></contrib-group><aff id="AFF1"><sup>1</sup>Department of Computer Science and Engineering, <sup>2</sup>Department of Cardiology, <sup>3</sup>Division of Biostatistics, <sup>4</sup>Department of Biology and <sup>5</sup>Department of Genetics, Washington University, St. Louis, MO, USA</aff><author-notes><corresp id="COR1"><sup>*</sup>To whom correspondence should be addressed.</corresp><fn><p>Associate Editor: Alex Bateman</p></fn></author-notes><pub-date pub-type="ppub"><day>1</day><month>1</month><year>2009</year></pub-date><pub-date pub-type="epub"><day>4</day><month>11</month><year>2008</year></pub-date><volume>25</volume><issue>1</issue><fpage>68</fpage><lpage>74</lpage><history><date date-type="received"><day>29</day><month>7</month><year>2008</year></date><date date-type="rev-recd"><day>26</day><month>10</month><year>2008</year></date><date date-type="accepted"><day>30</day><month>10</month><year>2008</year></date></history><permissions><copyright-statement>© The Author 2008. Published by Oxford University Press. All rights reserved. For Permissions, please email: journals.permissions@oxfordjournals.org</copyright-statement><copyright-year>2008</copyright-year></permissions><abstract><p><bold>Motivation:</bold> Inference of haplotypes from genotype data is crucial and challenging for many vitally important studies. The first, and most critical step, is the ascertainment of a biologically sound model to be optimized. Many models that have been proposed rely partially or entirely on reducing the number of unique haplotypes in the solution.</p><p><bold>Results:</bold> This article examines the parsimony of haplotypes using known haplotypes as well as genotypes from the HapMap project. Our study reveals that there are relatively few unique haplotypes, but not always the least possible, for the datasets with known solutions. Furthermore, we show that there are frequently very large numbers of parsimonious solutions, and the number increases exponentially with increasing cardinality. Moreover, these solutions are quite varied, most of which are not consistent with the true solutions. These results quantify the limitations of the Pure Parsimony model and demonstrate the imperative need to consider additional properties for haplotype inference models. At a higher level, and with broad applicability, this article illustrates the power of combinatorial methods to tease out imperfections in a given biological model.</p><p><bold>Contact:</bold><email>weixiong.zhang@wustl.edu</email></p></abstract></article-meta></front></article>