<article xmlns="https://dtd.nlm.nih.gov/ns/archiving/2.3/" xmlns:xsi="http://www.w3.org/2001/XMLSchema-instance" xmlns:mml="http://www.w3.org/1998/Math/MathML" xmlns:xlink="http://www.w3.org/1999/xlink" xsi:schemaLocation="https://dtd.nlm.nih.gov/ns/archiving/2.3/ https://dtd.nlm.nih.gov/archiving/2.3/xsd/archivearticle.xsd" article-type="research-article" xml:lang="EN"><front><journal-meta><journal-id journal-id-type="nlm-ta">Bioinformatics</journal-id><journal-id journal-id-type="publisher-id">bioinformatics</journal-id><journal-id journal-id-type="hwp">bioinfo</journal-id><journal-title>Bioinformatics</journal-title><issn pub-type="ppub">1367-4803</issn><issn pub-type="epub">1460-2059</issn><publisher><publisher-name>Oxford University Press</publisher-name></publisher></journal-meta><article-meta><article-id pub-id-type="accession">PMC2672635</article-id><article-id pub-id-type="pmcid">PMC2672635</article-id><article-id pub-id-type="pmc-uid">2672635</article-id><article-id pub-id-type="pmid">19276150</article-id><article-id pub-id-type="doi">10.1093/bioinformatics/btp135</article-id><article-id pub-id-type="publisher-id">btp135</article-id><article-categories><subj-group subj-group-type="heading"><subject>Original Papers</subject><subj-group><subject>Sequence Analysis</subject></subj-group></subj-group></article-categories><title-group><article-title>Correction for phylogeny, small number of observations and data redundancy improves the identification of coevolving amino acid pairs using mutual information</article-title></title-group><contrib-group><contrib contrib-type="author"><name><surname>Buslje</surname><given-names>Cristina Marino</given-names></name><xref ref-type="aff" rid="AFF1"><sup>1</sup></xref><xref ref-type="corresp" rid="COR1">*</xref></contrib><contrib contrib-type="author"><name><surname>Santos</surname><given-names>Javier</given-names></name><xref ref-type="aff" rid="AFF1"><sup>1</sup></xref></contrib><contrib contrib-type="author"><name><surname>Delfino</surname><given-names>Jose Maria</given-names></name><xref ref-type="aff" rid="AFF1"><sup>1</sup></xref></contrib><contrib contrib-type="author"><name><surname>Nielsen</surname><given-names>Morten</given-names></name><xref ref-type="aff" rid="AFF1"><sup>2</sup></xref><xref ref-type="corresp" rid="COR1">*</xref></contrib></contrib-group><aff id="AFF1"><sup>1</sup>Department of Biological Chemistry and Institute of Biochemistry and Biophysics (IQUIFIB), School of Pharmacy and Biochemistry, University of Buenos Aires, Junín 956, 1113 Buenos Aires, Argentina and <sup>2</sup>Centre for Biological Sequence Analysis, Department of Systems Biology, The Technical University of Denmark, Building 208, DK-2800 Lyngby, Denmark</aff><author-notes><corresp id="COR1">*To whom correspondence should be addressed.</corresp><fn><p>Associate Editor: Dmitrij Frishman</p></fn></author-notes><pub-date pub-type="ppub"><day>1</day><month>5</month><year>2009</year></pub-date><pub-date pub-type="epub"><day>10</day><month>3</month><year>2009</year></pub-date><volume>25</volume><issue>9</issue><fpage>1125</fpage><lpage>1131</lpage><history><date date-type="received"><day>14</day><month>10</month><year>2008</year></date><date date-type="rev-recd"><day>5</day><month>3</month><year>2009</year></date><date date-type="accepted"><day>5</day><month>3</month><year>2009</year></date></history><permissions><copyright-statement>© The Author 2009. Published by Oxford University Press. All rights reserved. For Permissions, please email: journals.permissions@oxfordjournals.org</copyright-statement><copyright-year>2009</copyright-year></permissions><abstract><p><bold>Motivation:</bold> Mutual information (MI) theory is often applied to predict positional correlations in a multiple sequence alignment (MSA) to make possible the analysis of those positions structurally or functionally important in a given fold or protein family. Accurate identification of coevolving positions in protein sequences is difficult due to the high background signal imposed by phylogeny and noise. Several methods have been proposed using MI to identify coevolving amino acids in protein families.</p><p><bold>Results:</bold> After evaluating two current methods, we demonstrate how the use of sequence-weighting techniques to reduce sequence redundancy and low-count corrections to account for small number of observations in limited size sequence families, can significantly improve the predictability of MI. The evaluation is made on large sets of both <italic>in silico-generated</italic> alignments as well as on biological sequence data. The methods included in the analysis are the APC (average product correction) and RCW (row–column weighting) methods. The best performing method was APC including sequence-weighting and low-count corrections. The use of sequence-permutations to calculate a MI rescaling is shown to significantly improve the prediction accuracy and allows for direct comparison of information values across protein families. Finally, we demonstrate how a lower bound of 400 sequences &lt;62% identical is needed in an MSA in order to achieve meaningful predictive performances. With our contribution, we achieve a noteworthy improvement on the current procedures to determine coevolution and residue contacts, and we believe that this will have potential impacts on the understanding of protein structure, function and folding.</p><p><bold>Contact:</bold><email>cmb@qb.ffyb.uba.ar</email>; <email>mniel@cbs.dtu.dk</email></p></abstract></article-meta></front></article>