<article xmlns="https://jats.nlm.nih.gov/ns/archiving/1.2/" xmlns:xsi="http://www.w3.org/2001/XMLSchema-instance" xmlns:mml="http://www.w3.org/1998/Math/MathML" xmlns:xlink="http://www.w3.org/1999/xlink" xsi:schemaLocation="https://jats.nlm.nih.gov/ns/archiving/1.2/ https://jats.nlm.nih.gov/archiving/1.2/xsd/JATS-archivearticle1.xsd" article-type="research-article"><front><journal-meta><journal-id journal-id-type="nlm-ta">Bioinformatics</journal-id><journal-id journal-id-type="publisher-id">bioinformatics</journal-id><journal-id journal-id-type="hwp">bioinfo</journal-id><journal-title-group><journal-title>Bioinformatics</journal-title></journal-title-group><issn pub-type="ppub">1367-4803</issn><issn pub-type="epub">1460-2059</issn><publisher><publisher-name>Oxford University Press</publisher-name></publisher></journal-meta><article-meta><article-id pub-id-type="accession">PMC2732210</article-id><article-id pub-id-type="pmcid">PMC2732210</article-id><article-id pub-id-type="pmc-uid">2732210</article-id><article-id pub-id-type="pmid">18689838</article-id><article-id pub-id-type="pmid">18689838</article-id><article-id pub-id-type="doi">10.1093/bioinformatics/btn294</article-id><article-id pub-id-type="publisher-id">btn294</article-id><article-categories><subj-group subj-group-type="heading"><subject>Eccb 2008 Conference Proceedings 22–26 September 2008, Cagliari, Italy</subject><subj-group><subject>Original Papers</subject><subj-group><subject>Pathways/Interactions/Proteomics</subject></subj-group></subj-group></subj-group></article-categories><title-group><article-title>Non-parametric estimation of posterior error probabilities associated with peptides identified by tandem mass spectrometry</article-title></title-group><contrib-group><contrib contrib-type="author"><name><surname>Käll</surname><given-names>Lukas</given-names></name><xref ref-type="aff" rid="AFF1"><sup>1</sup></xref></contrib><contrib contrib-type="author"><name><surname>Storey</surname><given-names>John D.</given-names></name><xref ref-type="aff" rid="AFF1"><sup>1</sup></xref><xref ref-type="aff" rid="AFF1"><sup>2</sup></xref></contrib><contrib contrib-type="author"><name><surname>Noble</surname><given-names>William Stafford</given-names></name><xref ref-type="aff" rid="AFF1"><sup>1</sup></xref><xref ref-type="aff" rid="AFF1"><sup>3</sup></xref><xref ref-type="corresp" rid="COR1">*</xref></contrib></contrib-group><aff id="AFF1"><sup>1</sup>Department of Genome Sciences, University of Washington, Seattle, WA, <sup>2</sup>Lewis-Sigler Institute, Princeton University, Princeton, NJ and <sup>3</sup>Department of Computer Science and Engineering, University of Washington, Seattle, WA, USA</aff><author-notes><corresp id="COR1">*To whom correspondence should be addressed.</corresp></author-notes><pub-date pub-type="ppub"><day>15</day><month>8</month><year>2008</year></pub-date><pub-date pub-type="epub"><day>9</day><month>8</month><year>2008</year></pub-date><volume>24</volume><issue>16</issue><fpage>i42</fpage><lpage>i48</lpage><permissions><copyright-statement>© The Author 2008. Published by Oxford University Press. All rights reserved. For Permissions, please email: journals.permissions@oxfordjournals.org</copyright-statement><copyright-year>2008</copyright-year></permissions><abstract><p><bold>Motivation:</bold> A mass spectrum produced via tandem mass spectrometry can be tentatively matched to a peptide sequence via database search. Here, we address the problem of assigning a posterior error probability (PEP) to a given peptide-spectrum match (PSM). This problem is considerably more difficult than the related problem of estimating the error rate associated with a large collection of PSMs. Existing methods for estimating PEPs rely on a parametric or semiparametric model of the underlying score distribution.</p><p><bold>Results:</bold> We demonstrate how to apply non-parametric logistic regression to this problem. The method makes no explicit assumptions about the form of the underlying score distribution; instead, the method relies upon decoy PSMs, produced by searching the spectra against a decoy sequence database, to provide a model of the null score distribution. We show that our non-parametric logistic regression method produces accurate PEP estimates for six different commonly used PSM score functions. In particular, the estimates produced by our method are comparable in accuracy to those of PeptideProphet, which uses a parametric or semiparametric model designed specifically to work with SEQUEST. The advantage of the non-parametric approach is applicability and robustness to new score functions and new types of data.</p><p><bold>Availability:</bold> C++ code implementing the method as well as supplementary information is available at <ext-link ext-link-type="uri" xlink:href="http://noble.gs.washington.edu/proj/qvality">http://noble.gs.washington.edu/proj/qvality</ext-link></p><p><bold>Contact:</bold><email>noble@gs.washington.edu</email></p></abstract></article-meta></front></article>