<article xmlns="https://dtd.nlm.nih.gov/ns/archiving/2.3/" xmlns:xsi="http://www.w3.org/2001/XMLSchema-instance" xmlns:mml="http://www.w3.org/1998/Math/MathML" xmlns:xlink="http://www.w3.org/1999/xlink" xsi:schemaLocation="https://dtd.nlm.nih.gov/ns/archiving/2.3/ https://dtd.nlm.nih.gov/archiving/2.3/xsd/archivearticle.xsd" article-type="research-article" xml:lang="EN"><front><journal-meta><journal-id journal-id-type="nlm-ta">Bioinformatics</journal-id><journal-id journal-id-type="publisher-id">bioinformatics</journal-id><journal-id journal-id-type="hwp">bioinfo</journal-id><journal-title>Bioinformatics</journal-title><issn pub-type="ppub">1367-4803</issn><issn pub-type="epub">1460-2059</issn><publisher><publisher-name>Oxford University Press</publisher-name></publisher></journal-meta><article-meta><article-id pub-id-type="accession">PMC2647832</article-id><article-id pub-id-type="pmcid">PMC2647832</article-id><article-id pub-id-type="pmc-uid">2647832</article-id><article-id pub-id-type="pmid">19151096</article-id><article-id pub-id-type="doi">10.1093/bioinformatics/btp034</article-id><article-id pub-id-type="publisher-id">btp034</article-id><article-categories><subj-group subj-group-type="heading"><subject>Applications Note</subject><subj-group><subject>Structural Bioinformatics</subject></subj-group></subj-group></article-categories><title-group><article-title>CPSP-web-tools: a server for 3D lattice protein studies</article-title></title-group><contrib-group><contrib contrib-type="author"><name><surname>Mann</surname><given-names>Martin</given-names></name><xref ref-type="aff" rid="AFF1"><sup>1</sup></xref><xref ref-type="corresp" rid="COR1">*</xref></contrib><contrib contrib-type="author"><name><surname>Smith</surname><given-names>Cameron</given-names></name><xref ref-type="aff" rid="AFF1"><sup>1</sup></xref></contrib><contrib contrib-type="author"><name><surname>Rabbath</surname><given-names>Mohamad</given-names></name><xref ref-type="aff" rid="AFF1"><sup>1</sup></xref></contrib><contrib contrib-type="author"><name><surname>Edwards</surname><given-names>Marlien</given-names></name><xref ref-type="aff" rid="AFF1"><sup>2</sup></xref></contrib><contrib contrib-type="author"><name><surname>Will</surname><given-names>Sebastian</given-names></name><xref ref-type="aff" rid="AFF1"><sup>1</sup></xref></contrib><contrib contrib-type="author"><name><surname>Backofen</surname><given-names>Rolf</given-names></name><xref ref-type="aff" rid="AFF1"><sup>1</sup></xref><xref ref-type="corresp" rid="COR1">*</xref></contrib></contrib-group><aff id="AFF1"><sup>1</sup>Bioinformatics Group, University of Freiburg, Georges-Köhler-Allee 106, 79016 Freiburg, Germany and <sup>2</sup>German University in Cairo, Department of Computer Science, 5th Settlement New Cairo City, Cairo, Egypt</aff><author-notes><corresp id="COR1">*To whom correspondence should be addressed.</corresp><fn><p>Associate Editor: Dmitrij Frishman</p></fn></author-notes><pub-date pub-type="ppub"><day>1</day><month>3</month><year>2009</year></pub-date><pub-date pub-type="epub"><day>16</day><month>1</month><year>2009</year></pub-date><pub-date pub-type="pmc-release"><day>16</day><month>1</month><year>2009</year></pub-date><volume>25</volume><issue>5</issue><fpage>676</fpage><lpage>677</lpage><history><date date-type="received"><day>23</day><month>12</month><year>2008</year></date><date date-type="rev-recd"><day>9</day><month>1</month><year>2009</year></date><date date-type="accepted"><day>10</day><month>1</month><year>2009</year></date></history><permissions><copyright-statement>© 2009 The Author(s)</copyright-statement><copyright-year>2009</copyright-year><license license-type="creative-commons" xlink:href="http://creativecommons.org/licenses/by-nc/2.0/uk/"><p><!--CREATIVE COMMONS-->This is an Open Access article distributed under the terms of the Creative Commons Attribution Non-Commercial License (<ext-link ext-link-type="uri" xlink:href="http://creativecommons.org/licenses/by-nc/2.0/uk/">http://creativecommons.org/licenses/by-nc/2.0/uk/</ext-link>) which permits unrestricted non-commercial use, distribution, and reproduction in any medium, provided the original work is properly cited.</p></license></permissions><abstract><p><bold>Summary:</bold> Studies on proteins are often restricted to highly simplified models to face the immense computational complexity of the associated problems. Constraint-based protein structure prediction (CPSP) tools is a package of very fast algorithms for <italic>ab initio</italic> optimal structure prediction and related problems in 3D HP-models [cubic and face centered cubic (FCC)]. Here, we present CPSP-web-tools, an interactive online interface of these programs for their immediate use. They include the first method for the direct prediction of optimal energies and structures in 3D HP side-chain models. This newest extension of the CPSP approach is described here for the first time.</p><p><bold>Availability and Implementation:</bold> Free access at <ext-link ext-link-type="uri" xlink:href="http://cpsp.informatik.uni-freiburg.de">http://cpsp.informatik.uni-freiburg.de</ext-link></p><p><bold>Contact:</bold><email>cpsp@informatik.uni-freiburg.de</email>; <email>cpsp@informatik.uni-freiburg.de</email></p></abstract></article-meta></front></article>