<article xmlns="https://dtd.nlm.nih.gov/ns/archiving/2.3/" xmlns:xsi="http://www.w3.org/2001/XMLSchema-instance" xmlns:mml="http://www.w3.org/1998/Math/MathML" xmlns:xlink="http://www.w3.org/1999/xlink" xsi:schemaLocation="https://dtd.nlm.nih.gov/ns/archiving/2.3/ https://dtd.nlm.nih.gov/archiving/2.3/xsd/archivearticle.xsd" article-type="research-article" xml:lang="EN"><front><journal-meta><journal-id journal-id-type="nlm-ta">Bioinformatics</journal-id><journal-id journal-id-type="publisher-id">bioinformatics</journal-id><journal-id journal-id-type="hwp">bioinfo</journal-id><journal-title>Bioinformatics</journal-title><issn pub-type="ppub">1367-4803</issn><issn pub-type="epub">1460-2059</issn><publisher><publisher-name>Oxford University Press</publisher-name></publisher></journal-meta><article-meta><article-id pub-id-type="accession">PMC2687951</article-id><article-id pub-id-type="pmcid">PMC2687951</article-id><article-id pub-id-type="pmc-uid">2687951</article-id><article-id pub-id-type="pmid">19477991</article-id><article-id pub-id-type="doi">10.1093/bioinformatics/btp197</article-id><article-id pub-id-type="publisher-id">btp197</article-id><article-categories><subj-group subj-group-type="heading"><subject>Ismb/Eccb 2009 Conference Proceedings June 27 to July 2, 2009, Stockholm, Sweden</subject><subj-group><subject>Original Papers</subject><subj-group><subject>Population Genomics</subject></subj-group></subj-group></subj-group></article-categories><title-group><article-title>Inference of locus-specific ancestry in closely related populations</article-title></title-group><contrib-group><contrib contrib-type="author"><name><surname>Paşaniuc</surname><given-names>Bogdan</given-names></name><xref ref-type="aff" rid="AFF1"><sup>1</sup></xref><xref ref-type="author-notes" rid="FN1"><sup>†</sup></xref></contrib><contrib contrib-type="author"><name><surname>Sankararaman</surname><given-names>Sriram</given-names></name><xref ref-type="aff" rid="AFF1"><sup>2</sup></xref><xref ref-type="author-notes" rid="FN1"><sup>†</sup></xref></contrib><contrib contrib-type="author"><name><surname>Kimmel</surname><given-names>Gad</given-names></name><xref ref-type="aff" rid="AFF1"><sup>1</sup></xref></contrib><contrib contrib-type="author"><name><surname>Halperin</surname><given-names>Eran</given-names></name><xref ref-type="aff" rid="AFF1"><sup>1</sup></xref><xref ref-type="aff" rid="AFF1"><sup>3</sup></xref><xref ref-type="corresp" rid="COR1">*</xref></contrib></contrib-group><aff id="AFF1"><sup>1</sup>International Computer Science Institute, <sup>2</sup>Computer Science Division, University of California, Berkeley, CA and <sup>3</sup>Department of Molecular Microbiology and Biotechnology, and the Blavatnik School of Computer Science, Tel-Aviv University, Tel-Aviv, Israel</aff><author-notes><corresp id="COR1">*To whom correspondence should be addressed.</corresp><fn id="FN1"><p><sup>†</sup>The authors wish it to be known that, in their opinion, the first two authors should be regarded as joint First Authors.</p></fn></author-notes><pub-date pub-type="ppub"><day>15</day><month>6</month><year>2009</year></pub-date><pub-date pub-type="epub"><day>27</day><month>5</month><year>2009</year></pub-date><pub-date pub-type="pmc-release"><day>27</day><month>5</month><year>2009</year></pub-date><!-- PMC Release delay is 0 months and 0 days and was based on the
			<pub-date pub-type="epub"/>. --><volume>25</volume><issue>12</issue><fpage>i213</fpage><lpage>i221</lpage><permissions><copyright-statement>© 2009 The Author(s)</copyright-statement><copyright-year>2009</copyright-year><license license-type="creative-commons" xlink:href="http://creativecommons.org/licenses/by-nc/2.0/uk/"><p><!--CREATIVE COMMONS-->This is an Open Access article distributed under the terms of the Creative Commons Attribution Non-Commercial License (<ext-link ext-link-type="uri" xlink:href="http://creativecommons.org/licenses/by-nc/2.0/uk/">http://creativecommons.org/licenses/by-nc/2.0/uk/</ext-link>) which permits unrestricted non-commercial use, distribution, and reproduction in any medium, provided the original work is properly cited.</p></license></permissions><abstract><p>A characterization of the genetic variation of recently admixed populations may reveal historical population events, and is useful for the detection of single nucleotide polymorphisms (SNPs) associated with diseases through association studies and admixture mapping. Inference of locus-specific ancestry is key to our understanding of the genetic variation of such populations. While a number of methods for the inference of locus-specific ancestry are accurate when the ancestral populations are quite distant (e.g. African–Americans), current methods incur a large error rate when inferring the locus-specific ancestry in admixed populations where the ancestral populations are closely related (e.g. Americans of European descent).</p><p><bold>Results:</bold> In this work, we extend previous methods for the inference of locus-specific ancestry by the incorporation of a refined model of recombination events. We present an efficient dynamic programming algorithm to infer the locus-specific ancestries in this model, resulting in a method that attains improved accuracies; the improvement is most significant when the ancestral populations are closely related. An evaluation on a wide range of scenarios, including admixtures of the 52 population groups from the Human Genome Diversity Project demonstrates that locus-specific ancestry can indeed be accurately inferred in these admixtures using our method. Finally, we demonstrate that imputation methods can be improved by the incorporation of locus-specific ancestry, when applied to admixed populations.</p><p><bold>Availability:</bold> The implementation of the WINPOP model is available as part of the LAMP package at <ext-link ext-link-type="uri" xlink:href="http://lamp.icsi.berkeley.edu/lamp">http://lamp.icsi.berkeley.edu/lamp</ext-link></p><p><bold>Contact:</bold><email>heran@icsi.berkeley.edu</email></p></abstract></article-meta></front></article>