<article xmlns="https://jats.nlm.nih.gov/ns/archiving/1.2/" xmlns:xsi="http://www.w3.org/2001/XMLSchema-instance" xmlns:mml="http://www.w3.org/1998/Math/MathML" xmlns:xlink="http://www.w3.org/1999/xlink" xsi:schemaLocation="https://jats.nlm.nih.gov/ns/archiving/1.2/ https://jats.nlm.nih.gov/archiving/1.2/xsd/JATS-archivearticle1.xsd" article-type="research-article"><front><journal-meta><journal-id journal-id-type="nlm-ta">Bioinformatics</journal-id><journal-id journal-id-type="publisher-id">bioinformatics</journal-id><journal-id journal-id-type="hwp">bioinfo</journal-id><journal-title-group><journal-title>Bioinformatics</journal-title></journal-title-group><issn pub-type="ppub">1367-4803</issn><issn pub-type="epub">1460-2059</issn><publisher><publisher-name>Oxford University Press</publisher-name></publisher></journal-meta><article-meta><article-id pub-id-type="accession">PMC2718620</article-id><article-id pub-id-type="pmcid">PMC2718620</article-id><article-id pub-id-type="pmc-uid">2718620</article-id><article-id pub-id-type="pmid">18586739</article-id><article-id pub-id-type="pmid">18586739</article-id><article-id pub-id-type="doi">10.1093/bioinformatics/btn142</article-id><article-id pub-id-type="publisher-id">btn142</article-id><article-categories><subj-group subj-group-type="heading"><subject>Ismb 2008 Conference Proceedings 19–23 July 2008, Toronto</subject><subj-group><subject>Original Papers</subject><subj-group><subject>Bioinformatics of Disease</subject></subj-group></subj-group></subj-group></article-categories><title-group><article-title>Differential variability analysis of gene expression and its application to human diseases</article-title></title-group><contrib-group><contrib contrib-type="author"><name><surname>Ho</surname><given-names>Joshua W.K.</given-names></name><xref ref-type="aff" rid="AFF1"><sup>1</sup></xref><xref ref-type="aff" rid="AFF1"><sup>5</sup></xref><xref ref-type="corresp" rid="COR1">*</xref></contrib><contrib contrib-type="author"><name><surname>Stefani</surname><given-names>Maurizio</given-names></name><xref ref-type="aff" rid="AFF1"><sup>2</sup></xref></contrib><contrib contrib-type="author"><name><surname>dos Remedios</surname><given-names>Cristobal G.</given-names></name><xref ref-type="aff" rid="AFF1"><sup>2</sup></xref></contrib><contrib contrib-type="author"><name><surname>Charleston</surname><given-names>Michael A.</given-names></name><xref ref-type="aff" rid="AFF1"><sup>1</sup></xref><xref ref-type="aff" rid="AFF1"><sup>3</sup></xref><xref ref-type="aff" rid="AFF1"><sup>4</sup></xref><xref ref-type="corresp" rid="COR1">*</xref></contrib></contrib-group><aff id="AFF1"><sup>1</sup>School of Information Technologies, <sup>2</sup>Muscle Research Unit, Bosch Institute, <sup>3</sup>Sydney Bioinformatics, <sup>4</sup>Centre for Mathematical Biology, The University of Sydney, Sydney, NSW 2006 and <sup>5</sup>National ICT Australia, Australian Technology Park, Eveleigh, NSW 1430, Australia</aff><author-notes><corresp id="COR1">*To whom correspondence should be addressed.</corresp></author-notes><pub-date pub-type="ppub"><day>1</day><month>7</month><year>2008</year></pub-date><pub-date pub-type="pmc-release"><day>1</day><month>7</month><year>2008</year></pub-date><!-- PMC Release delay is 0 months and 0 days and was based on the
							<pub-date pub-type="ppub"/>. --><volume>24</volume><issue>13</issue><fpage>i390</fpage><lpage>i398</lpage><permissions><copyright-statement>© 2008 The Author(s)</copyright-statement><copyright-year>2008</copyright-year><license license-type="creative-commons" xlink:href="http://creativecommons.org/licenses/by-nc/2.0/uk/"><license-p><!--CREATIVE COMMONS-->This is an Open Access article distributed under the terms of the Creative Commons Attribution Non-Commercial License (<ext-link ext-link-type="uri" xlink:href="http://creativecommons.org/licenses/by-nc/2.0/uk/">http://creativecommons.org/licenses/by-nc/2.0/uk/</ext-link>) which permits unrestricted non-commercial use, distribution, and reproduction in any medium, provided the original work is properly cited.</license-p></license></permissions><abstract><p><bold>Motivation:</bold> Current microarray analyses focus on identifying sets of genes that are differentially expressed (DE) or differentially coexpressed (DC) in different biological states (e.g. diseased versus non-diseased). We observed that in many human diseases, some genes have a significantincrease or decrease in expression variability (variance). Asthese observed changes in expression variability may be caused by alteration of the underlying expression dynamics, such differential variability (DV) patterns are also biologically interesting.</p><p><bold>Results:</bold> Here we propose a novel analysis for changes in gene expression variability between groups of amples, which we call differential variability analysis. We introduce the concept of differential variability (DV), and present a simple procedure for identifying DV genes from microarray data. Our procedure is evaluated with simulated and real microarray datasets. The effect of data preprocessing methods on identification of DV gene is investigated. The biological significance of DV analysis is demonstrated with four human disease datasets. The relationships among DV, DE and DC genes are investigated. The results suggest that changes in expression variability are associated with changes in coexpression pattern, which imply that DV is not merely <italic>stochastic noise</italic>, but informative <italic>signal</italic>.</p><p><bold>Availability:</bold> The R source code for differential variability analysis is available from the contact authors upon request.</p><p><bold>Contact:</bold><email>joshua@it.usyd.edu.au</email>; <email>mcharleston@it.usyd.edu.au</email></p></abstract></article-meta></front></article>