<article xmlns="https://dtd.nlm.nih.gov/ns/archiving/2.3/" xmlns:xsi="http://www.w3.org/2001/XMLSchema-instance" xmlns:mml="http://www.w3.org/1998/Math/MathML" xmlns:xlink="http://www.w3.org/1999/xlink" xsi:schemaLocation="https://dtd.nlm.nih.gov/ns/archiving/2.3/ https://dtd.nlm.nih.gov/archiving/2.3/xsd/archivearticle.xsd" article-type="research-article" xml:lang="EN"><front><journal-meta><journal-id journal-id-type="nlm-ta">Bioinformatics</journal-id><journal-id journal-id-type="publisher-id">bioinformatics</journal-id><journal-id journal-id-type="hwp">bioinfo</journal-id><journal-title>Bioinformatics</journal-title><issn pub-type="ppub">1367-4803</issn><issn pub-type="epub">1460-2059</issn><publisher><publisher-name>Oxford University Press</publisher-name></publisher></journal-meta><article-meta><article-id pub-id-type="accession">PMC2687973</article-id><article-id pub-id-type="pmcid">PMC2687973</article-id><article-id pub-id-type="pmc-uid">2687973</article-id><article-id pub-id-type="pmid">19477999</article-id><article-id pub-id-type="doi">10.1093/bioinformatics/btp219</article-id><article-id pub-id-type="publisher-id">btp219</article-id><article-categories><subj-group subj-group-type="heading"><subject>Ismb/Eccb 2009 Conference Proceedings June 27 to July 2, 2009, Stockholm, Sweden</subject><subj-group><subject>Original Papers</subject><subj-group><subject>Protein Structure and Function</subject></subj-group></subj-group></subj-group></article-categories><title-group><article-title>A framework to refine particle clusters produced by EMAN</article-title></title-group><contrib-group><contrib contrib-type="author"><name><surname>Fan</surname><given-names>Liya</given-names></name><xref ref-type="aff" rid="AFF1"><sup>1</sup></xref><xref ref-type="aff" rid="AFF1"><sup>2</sup></xref></contrib><contrib contrib-type="author"><name><surname>Zhang</surname><given-names>Fa</given-names></name><xref ref-type="aff" rid="AFF1"><sup>1</sup></xref><xref ref-type="corresp" rid="COR1">*</xref></contrib><contrib contrib-type="author"><name><surname>Wang</surname><given-names>Gongming</given-names></name><xref ref-type="aff" rid="AFF1"><sup>1</sup></xref><xref ref-type="aff" rid="AFF1"><sup>2</sup></xref></contrib><contrib contrib-type="author"><name><surname>Liu</surname><given-names>Zhiyong</given-names></name><xref ref-type="aff" rid="AFF1"><sup>1</sup></xref><xref ref-type="corresp" rid="COR1">*</xref></contrib></contrib-group><aff id="AFF1"><sup>1</sup>Institute of Computing Technology, Chinese Academy of Sciences and <sup>2</sup>Graduate University of Chinese Academy of Sciences, Beijing, China</aff><author-notes><corresp id="COR1">*To whom correspondence should be addressed.</corresp></author-notes><pub-date pub-type="ppub"><day>15</day><month>6</month><year>2009</year></pub-date><pub-date pub-type="epub"><day>27</day><month>5</month><year>2009</year></pub-date><pub-date pub-type="pmc-release"><day>27</day><month>5</month><year>2009</year></pub-date><!-- PMC Release delay is 0 months and 0 days and was based on the
			<pub-date pub-type="epub"/>. --><volume>25</volume><issue>12</issue><fpage>i276</fpage><lpage>i280</lpage><permissions><copyright-statement>© 2009 The Author(s)</copyright-statement><copyright-year>2009</copyright-year><license license-type="creative-commons" xlink:href="http://creativecommons.org/licenses/by-nc/2.0/uk/"><p><!--CREATIVE COMMONS-->This is an Open Access article distributed under the terms of the Creative Commons Attribution Non-Commercial License (<ext-link ext-link-type="uri" xlink:href="http://creativecommons.org/licenses/by-nc/2.0/uk/">http://creativecommons.org/licenses/by-nc/2.0/uk/</ext-link>) which permits unrestricted non-commercial use, distribution, and reproduction in any medium, provided the original work is properly cited.</p></license></permissions><abstract><p><bold>Motivation:</bold> EMAN is one of the most popular software packages for single particle reconstruction. But the particle clusters produced during its model refining stage are of low qualities. We attempt to refine the particle clusters by more accurately determining orientations of particles, and thereby achieving higher resolutions of consequent 3D structures.</p><p><bold>Results:</bold> A particle reclustering framework (PRF) is introduced, which consists of three components. Each of them is responsible for one of the basic tasks of PRF: normalization, threshold determination and reclustering. Our implementation is also described and proved to meet the constraints proposed by PRF. Experiments revealed that our implementation improved resolutions of consequent structures for most cases, but only a little extra execution time was incurred. Therefore, it is practical to incorporate PRF in EMAN to improve qualities of generated 3D structures.</p><p><bold>Availability and Implementation:</bold> Implementation of our algorithm is available upon request from the authors.</p><p><bold>Contact:</bold><email>fanliya@ict.ac.cn</email>; <email>zf@ncic.ac.cn</email></p></abstract></article-meta></front></article>