<article xmlns="https://dtd.nlm.nih.gov/ns/archiving/2.3/" xmlns:xsi="http://www.w3.org/2001/XMLSchema-instance" xmlns:mml="http://www.w3.org/1998/Math/MathML" xmlns:xlink="http://www.w3.org/1999/xlink" xsi:schemaLocation="https://dtd.nlm.nih.gov/ns/archiving/2.3/ https://dtd.nlm.nih.gov/archiving/2.3/xsd/archivearticle.xsd" article-type="research-article" xml:lang="EN"><front><journal-meta><journal-id journal-id-type="nlm-ta">Bioinformatics</journal-id><journal-id journal-id-type="publisher-id">bioinformatics</journal-id><journal-id journal-id-type="hwp">bioinfo</journal-id><journal-title>Bioinformatics</journal-title><issn pub-type="ppub">1367-4803</issn><issn pub-type="epub">1460-2059</issn><publisher><publisher-name>Oxford University Press</publisher-name></publisher></journal-meta><article-meta><article-id pub-id-type="accession">PMC2639073</article-id><article-id pub-id-type="pmcid">PMC2639073</article-id><article-id pub-id-type="pmc-uid">2639073</article-id><article-id pub-id-type="pmid">19052058</article-id><article-id pub-id-type="doi">10.1093/bioinformatics/btn624</article-id><article-id pub-id-type="publisher-id">btn624</article-id><article-id pub-id-type="pmid">19052058</article-id><article-categories><subj-group subj-group-type="heading"><subject>Original Papers</subject><subj-group><subject>Gene Expression</subject></subj-group></subj-group></article-categories><title-group><article-title>Reference alignment of SNP microarray signals for copy number analysis of tumors</article-title></title-group><contrib-group><contrib contrib-type="author"><name><surname>Pounds</surname><given-names>Stan</given-names></name><xref ref-type="aff" rid="AFF1"><sup>1</sup></xref><xref ref-type="corresp" rid="COR1">*</xref></contrib><contrib contrib-type="author"><name><surname>Cheng</surname><given-names>Cheng</given-names></name><xref ref-type="aff" rid="AFF1"><sup>1</sup></xref></contrib><contrib contrib-type="author"><name><surname>Mullighan</surname><given-names>Charles</given-names></name><xref ref-type="aff" rid="AFF1"><sup>2</sup></xref></contrib><contrib contrib-type="author"><name><surname>Raimondi</surname><given-names>Susana C.</given-names></name><xref ref-type="aff" rid="AFF1"><sup>2</sup></xref></contrib><contrib contrib-type="author"><name><surname>Shurtleff</surname><given-names>Sheila</given-names></name><xref ref-type="aff" rid="AFF1"><sup>2</sup></xref></contrib><contrib contrib-type="author"><name><surname>Downing</surname><given-names>James R.</given-names></name><xref ref-type="aff" rid="AFF1"><sup>2</sup></xref></contrib></contrib-group><aff id="AFF1"><sup>1</sup>Department of Biostatistics and <sup>2</sup>Department of Pathology, St. Jude Children's Research Hospital, 262 Danny Thomas Place, Memphis, TN 38105, USA</aff><author-notes><corresp id="COR1">*To whom correspondence should be addressed.</corresp><fn><p>Associate Editor: Trey Ideker</p></fn></author-notes><pub-date pub-type="ppub"><day>1</day><month>2</month><year>2009</year></pub-date><pub-date pub-type="epub"><day>3</day><month>12</month><year>2008</year></pub-date><volume>25</volume><issue>3</issue><fpage>315</fpage><lpage>321</lpage><history><date date-type="received"><day>16</day><month>9</month><year>2008</year></date><date date-type="rev-recd"><day>14</day><month>11</month><year>2008</year></date><date date-type="accepted"><day>29</day><month>11</month><year>2008</year></date></history><permissions><copyright-statement>© The Author 2008. Published by Oxford University Press. All rights reserved. For Permissions, please email: journals.permissions@oxfordjournals.org</copyright-statement><copyright-year>2008</copyright-year></permissions><abstract><p>A new procedure to align single nucleotide polymorphism (SNP) microarray signals for copy number analysis is proposed. For each individual array, this <italic>reference alignment procedure</italic> (RAP) uses a set of selected markers as internal references to direct the signal alignment. RAP aligns the signals so that each array has a similar signal distribution among its reference markers. An accompanying reference selection algorithm (RSA) uses genotype calls and initial signal intensities to choose two-copy markers as the internal references for each array. After RSA and RAP are applied, each array has a similar distribution of signals of two-copy markers so that across-array signal comparisons are biologically meaningful. An upper bound for a statistical metric of signal misalignment is derived and provides a theoretical basis to choose RSA-RAP over other alignment procedures for copy number analysis of cancers. In our study of acute lymphoblastic leukemia, RSA-RAP gives copy number analysis results that show substantially better concordance with cytogenetics than do two other alignment procedures.</p><p><bold>Availability:</bold> Documented R code is freely available from <ext-link ext-link-type="uri" xlink:href="www.stjuderesearch.org/depts/biostats/refnorm">www.stjuderesearch.org/depts/biostats/refnorm</ext-link>.</p><p><bold>Contact:</bold><email>stanley.pounds@stjude.org</email></p><p><bold>Supplementary information:</bold><ext-link ext-link-type="uri" xlink:href="http://bioinformatics.oxfordjournals.org/cgi/content/full/btn624/DC1">Supplementary data</ext-link> are available at <italic>Bioinformatics</italic> online.</p></abstract></article-meta></front></article>