<article xmlns="https://jats.nlm.nih.gov/ns/archiving/1.2/" xmlns:xsi="http://www.w3.org/2001/XMLSchema-instance" xmlns:mml="http://www.w3.org/1998/Math/MathML" xmlns:xlink="http://www.w3.org/1999/xlink" xsi:schemaLocation="https://jats.nlm.nih.gov/ns/archiving/1.2/ https://jats.nlm.nih.gov/archiving/1.2/xsd/JATS-archivearticle1.xsd" article-type="research-article"><front><journal-meta><journal-id journal-id-type="nlm-ta">Bioinformatics</journal-id><journal-id journal-id-type="publisher-id">bioinformatics</journal-id><journal-id journal-id-type="hwp">bioinfo</journal-id><journal-title-group><journal-title>Bioinformatics</journal-title></journal-title-group><issn pub-type="ppub">1367-4803</issn><issn pub-type="epub">1460-2059</issn><publisher><publisher-name>Oxford University Press</publisher-name></publisher></journal-meta><article-meta><article-id pub-id-type="accession">PMC2712344</article-id><article-id pub-id-type="pmcid">PMC2712344</article-id><article-id pub-id-type="pmc-uid">2712344</article-id><article-id pub-id-type="pmid">19505945</article-id><article-id pub-id-type="doi">10.1093/bioinformatics/btp348</article-id><article-id pub-id-type="publisher-id">btp348</article-id><article-categories><subj-group subj-group-type="heading"><subject>Applications Note</subject><subj-group><subject>Phylogenetics</subject></subj-group></subj-group></article-categories><title-group><article-title>trimAl: a tool for automated alignment trimming in large-scale phylogenetic analyses</article-title></title-group><contrib-group><contrib contrib-type="author"><name><surname>Capella-Gutiérrez</surname><given-names>Salvador</given-names></name></contrib><contrib contrib-type="author"><name><surname>Silla-Martínez</surname><given-names>José M.</given-names></name></contrib><contrib contrib-type="author"><name><surname>Gabaldón</surname><given-names>Toni</given-names></name><xref ref-type="corresp" rid="COR1">*</xref></contrib></contrib-group><aff id="AFF1">Comparative Genomics group, Bioinformatics and Genomics Programme, Centre for Genomic Regulation (CRG), Dr. Aiguader, 88 08003 Barcelona, Spain</aff><author-notes><corresp id="COR1">* To whom correspondence should be addressed.</corresp><fn><p>Associate Editor: Martin Bishop</p></fn></author-notes><pub-date pub-type="ppub"><day>1</day><month>8</month><year>2009</year></pub-date><pub-date pub-type="epub"><day>8</day><month>6</month><year>2009</year></pub-date><pub-date pub-type="pmc-release"><day>8</day><month>6</month><year>2009</year></pub-date><!-- PMC Release delay is 0 months and 0 days and was based on the
							<pub-date pub-type="epub"/>. --><volume>25</volume><issue>15</issue><fpage>1972</fpage><lpage>1973</lpage><history><date date-type="received"><day>27</day><month>5</month><year>2008</year></date><date date-type="rev-recd"><day>20</day><month>5</month><year>2009</year></date><date date-type="accepted"><day>1</day><month>6</month><year>2009</year></date></history><permissions><copyright-statement>© 2009 The Author(s)</copyright-statement><copyright-year>2009</copyright-year><license license-type="creative-commons" xlink:href="http://creativecommons.org/licenses/by-nc/2.0/uk/"><license-p><!--CREATIVE COMMONS-->This is an Open Access article distributed under the terms of the Creative Commons Attribution Non-Commercial License (<ext-link ext-link-type="uri" xlink:href="http://creativecommons.org/licenses/by-nc/2.0/uk/">http://creativecommons.org/licenses/by-nc/2.0/uk/</ext-link>) which permits unrestricted non-commercial use, distribution, and reproduction in any medium, provided the original work is properly cited.</license-p></license></permissions><abstract><p><bold>Summary:</bold> Multiple sequence alignments are central to many areas of bioinformatics. It has been shown that the removal of poorly aligned regions from an alignment increases the quality of subsequent analyses. Such an alignment trimming phase is complicated in large-scale phylogenetic analyses that deal with thousands of alignments. Here, we present trimAl, a tool for automated alignment trimming, which is especially suited for large-scale phylogenetic analyses. trimAl can consider several parameters, alone or in multiple combinations, for selecting the most reliable positions in the alignment. These include the proportion of sequences with a gap, the level of amino acid similarity and, if several alignments for the same set of sequences are provided, the level of consistency across different alignments. Moreover, trimAl can automatically select the parameters to be used in each specific alignment so that the signal-to-noise ratio is optimized.</p><p><bold>Availability:</bold> trimAl has been written in C++, it is portable to all platforms. trimAl is freely available for download (<ext-link ext-link-type="uri" xlink:href="http://trimal.cgenomics.org">http://trimal.cgenomics.org</ext-link>) and can be used online through the Phylemon web server (<ext-link ext-link-type="uri" xlink:href="http://phylemon2.bioinfo.cipf.es/">http://phylemon2.bioinfo.cipf.es/</ext-link>). Supplementary Material is available at <ext-link ext-link-type="uri" xlink:href="http://trimal.cgenomics.org/publications">http://trimal.cgenomics.org/publications</ext-link>.</p><p><bold>Contact:</bold><email>tgabaldon@crg.es</email></p></abstract></article-meta></front></article>