<article xmlns="https://jats.nlm.nih.gov/ns/archiving/1.2/" xmlns:xsi="http://www.w3.org/2001/XMLSchema-instance" xmlns:mml="http://www.w3.org/1998/Math/MathML" xmlns:xlink="http://www.w3.org/1999/xlink" xsi:schemaLocation="https://jats.nlm.nih.gov/ns/archiving/1.2/ https://jats.nlm.nih.gov/archiving/1.2/xsd/JATS-archivearticle1.xsd" article-type="research-article"><front><journal-meta><journal-id journal-id-type="nlm-ta">Bioinformatics</journal-id><journal-id journal-id-type="publisher-id">bioinformatics</journal-id><journal-id journal-id-type="hwp">bioinfo</journal-id><journal-title-group><journal-title>Bioinformatics</journal-title></journal-title-group><issn pub-type="ppub">1367-4803</issn><issn pub-type="epub">1460-2059</issn><publisher><publisher-name>Oxford University Press</publisher-name></publisher></journal-meta><article-meta><article-id pub-id-type="accession">PMC2718642</article-id><article-id pub-id-type="pmcid">PMC2718642</article-id><article-id pub-id-type="pmc-uid">2718642</article-id><article-id pub-id-type="pmid">18586722</article-id><article-id pub-id-type="pmid">18586722</article-id><article-id pub-id-type="doi">10.1093/bioinformatics/btn164</article-id><article-id pub-id-type="publisher-id">btn164</article-id><article-categories><subj-group subj-group-type="heading"><subject>Ismb 2008 Conference Proceedings 19–23 July 2008, Toronto</subject><subj-group><subject>Original Papers</subject><subj-group><subject>Protein Interactions and Molecular Networks</subject></subj-group></subj-group></subj-group></article-categories><title-group><article-title>Protein complex identification by supervised graph local clustering</article-title></title-group><contrib-group><contrib contrib-type="author"><name><surname>Qi</surname><given-names>Yanjun</given-names></name><xref ref-type="aff" rid="AFF1"><sup>1</sup></xref></contrib><contrib contrib-type="author"><name><surname>Balem</surname><given-names>Fernanda</given-names></name><xref ref-type="aff" rid="AFF1"><sup>2</sup></xref></contrib><contrib contrib-type="author"><name><surname>Faloutsos</surname><given-names>Christos</given-names></name><xref ref-type="aff" rid="AFF1"><sup>1</sup></xref></contrib><contrib contrib-type="author"><name><surname>Klein-Seetharaman</surname><given-names>Judith</given-names></name><xref ref-type="aff" rid="AFF1"><sup>1</sup></xref><xref ref-type="aff" rid="AFF1"><sup>2</sup></xref></contrib><contrib contrib-type="author"><name><surname>Bar-Joseph</surname><given-names>Ziv</given-names></name><xref ref-type="aff" rid="AFF1"><sup>1</sup></xref><xref ref-type="corresp" rid="COR1">*</xref></contrib></contrib-group><aff id="AFF1"><sup>1</sup>School of Computer Science, Carnegie Mellon University, Pittsburgh, PA 15213 and <sup>2</sup>Department of Structural Biology, University of Pittsburgh School of Medicine, Pittsburgh, PA 15261, USA</aff><author-notes><corresp id="COR1">*To whom correspondence should be addressed.</corresp></author-notes><pub-date pub-type="ppub"><day>1</day><month>7</month><year>2008</year></pub-date><pub-date pub-type="pmc-release"><day>1</day><month>7</month><year>2008</year></pub-date><!-- PMC Release delay is 0 months and 0 days and was based on the
							<pub-date pub-type="ppub"/>. --><volume>24</volume><issue>13</issue><fpage>i250</fpage><lpage>i268</lpage><permissions><copyright-statement>© 2008 The Author(s)</copyright-statement><copyright-year>2008</copyright-year><license license-type="creative-commons" xlink:href="http://creativecommons.org/licenses/by-nc/2.0/uk/"><license-p><!--CREATIVE COMMONS-->This is an Open Access article distributed under the terms of the Creative Commons Attribution Non-Commercial License (<ext-link ext-link-type="uri" xlink:href="http://creativecommons.org/licenses/by-nc/2.0/uk/">http://creativecommons.org/licenses/by-nc/2.0/uk/</ext-link>) which permits unrestricted non-commercial use, distribution, and reproduction in any medium, provided the original work is properly cited.</license-p></license></permissions><abstract><p><bold>Motivation:</bold> Protein complexes integrate multiple gene products to coordinate many biological functions. Given a graph representing pairwise protein interaction data one can search for subgraphs representing protein complexes. Previous methods for performing such search relied on the assumption that complexes form a clique in that graph. While this assumption is true for some complexes, it does not hold for many others. New algorithms are required in order to recover complexes with other types of topological structure.</p><p><bold>Results:</bold> We present an algorithm for inferring protein complexes from weighted interaction graphs. By using graph topological patterns and biological properties as features, we model each complex subgraph by a probabilistic Bayesian network (BN). We use a training set of known complexes to learn the parameters of this BN model. The log-likelihood ratio derived from the BN is then used to score subgraphs in the protein interaction graph and identify new complexes. We applied our method to protein interaction data in yeast. As we show our algorithm achieved a considerable improvement over clique based algorithms in terms of its ability to recover known complexes. We discuss some of the new complexes predicted by our algorithm and determine that they likely represent true complexes.</p><p><bold>Availability:</bold> Matlab implementation is available on the supporting website: <ext-link ext-link-type="uri" xlink:href="www.cs.cmu.edu/~qyj/SuperComplex">www.cs.cmu.edu/~qyj/SuperComplex</ext-link></p><p><bold>Contact:</bold><email>zivbj@cs.cmu.edu</email></p></abstract></article-meta></front></article>