<article xmlns="https://jats.nlm.nih.gov/ns/archiving/1.2/" xmlns:xsi="http://www.w3.org/2001/XMLSchema-instance" xmlns:mml="http://www.w3.org/1998/Math/MathML" xmlns:xlink="http://www.w3.org/1999/xlink" xsi:schemaLocation="https://jats.nlm.nih.gov/ns/archiving/1.2/ https://jats.nlm.nih.gov/archiving/1.2/xsd/JATS-archivearticle1.xsd" article-type="research-article"><front><journal-meta><journal-id journal-id-type="nlm-ta">Bioinformatics</journal-id><journal-id journal-id-type="publisher-id">bioinformatics</journal-id><journal-id journal-id-type="hwp">bioinfo</journal-id><journal-title-group><journal-title>Bioinformatics</journal-title></journal-title-group><issn pub-type="ppub">1367-4803</issn><issn pub-type="epub">1367-4811</issn><publisher><publisher-name>Oxford University Press</publisher-name></publisher></journal-meta><article-meta><article-id pub-id-type="accession">PMC2732314</article-id><article-id pub-id-type="pmcid">PMC2732314</article-id><article-id pub-id-type="pmc-uid">2732314</article-id><article-id pub-id-type="pmid">19389731</article-id><article-id pub-id-type="pmid">19389731</article-id><article-id pub-id-type="doi">10.1093/bioinformatics/btp265</article-id><article-id pub-id-type="publisher-id">btp265</article-id><article-categories><subj-group subj-group-type="heading"><subject>Original Papers</subject><subj-group><subject>Sequence Analysis</subject></subj-group></subj-group></article-categories><title-group><article-title>Augmented training of hidden Markov models to recognize remote homologs via simulated evolution</article-title></title-group><contrib-group><contrib contrib-type="author"><name><surname>Kumar</surname><given-names>Anoop</given-names></name><xref ref-type="corresp" rid="COR1">*</xref></contrib><contrib contrib-type="author"><name><surname>Cowen</surname><given-names>Lenore</given-names></name><xref ref-type="corresp" rid="COR1">*</xref></contrib></contrib-group><aff>Department of Computer Science, Tufts University, Medford, MA, USA</aff><author-notes><corresp id="COR1">*To whom correspondence should be addressed.</corresp><fn><p>Associate Editor: John Quackenbush</p></fn></author-notes><pub-date pub-type="ppub"><day>1</day><month>7</month><year>2009</year></pub-date><pub-date pub-type="epub"><day>23</day><month>4</month><year>2009</year></pub-date><pub-date pub-type="pmc-release"><day>23</day><month>4</month><year>2009</year></pub-date><!-- PMC Release delay is 0 months and 0 days and was based on the
							<pub-date pub-type="epub"/>. --><volume>25</volume><issue>13</issue><fpage>1602</fpage><lpage>1608</lpage><history><date date-type="received"><day>19</day><month>11</month><year>2008</year></date><date date-type="rev-recd"><day>31</day><month>3</month><year>2009</year></date><date date-type="accepted"><day>14</day><month>4</month><year>2009</year></date></history><permissions><copyright-statement>© 2009 The Author(s)</copyright-statement><copyright-year>2009</copyright-year><license license-type="creative-commons" xlink:href="http://creativecommons.org/licenses/by-nc/2.0/uk/"><license-p><!--CREATIVE COMMONS-->This is an Open Access article distributed under the terms of the Creative Commons Attribution Non-Commercial License (<ext-link ext-link-type="uri" xlink:href="http://creativecommons.org/licenses/by-nc/2.0/uk/">http://creativecommons.org/licenses/by-nc/2.0/uk/</ext-link>) which permits unrestricted non-commercial use, distribution, and reproduction in any medium, provided the original work is properly cited.</license-p></license></permissions><abstract><p><bold>Motivation:</bold> While profile hidden Markov models (HMMs) are successful and powerful methods to recognize homologous proteins, they can break down when homology becomes too distant due to lack of sufficient training data. We show that we can improve the performance of HMMs in this domain by using a simple simulated model of evolution to create an augmented training set.</p><p><bold>Results:</bold> We show, in two different remote protein homolog tasks, that HMMs whose training is augmented with simulated evolution outperform HMMs trained only on real data. We find that a mutation rate between 15 and 20% performs best for recognizing G-protein coupled receptor proteins in different classes, and for recognizing SCOP super-family proteins from different families.</p><p><bold>Contacts:</bold><email>anoop.kumar@tufts.edu</email>;<email>lenore.cowen@tufts.edu</email></p></abstract></article-meta></front></article>