<article xmlns="https://dtd.nlm.nih.gov/ns/archiving/2.3/" xmlns:xsi="http://www.w3.org/2001/XMLSchema-instance" xmlns:mml="http://www.w3.org/1998/Math/MathML" xmlns:xlink="http://www.w3.org/1999/xlink" xsi:schemaLocation="https://dtd.nlm.nih.gov/ns/archiving/2.3/ https://dtd.nlm.nih.gov/archiving/2.3/xsd/archivearticle.xsd" article-type="research-article" xml:lang="EN"><front><journal-meta><journal-id journal-id-type="nlm-ta">Bioinformatics</journal-id><journal-id journal-id-type="publisher-id">bioinformatics</journal-id><journal-id journal-id-type="hwp">bioinfo</journal-id><journal-title>Bioinformatics</journal-title><issn pub-type="ppub">1367-4803</issn><issn pub-type="epub">1460-2059</issn><publisher><publisher-name>Oxford University Press</publisher-name></publisher></journal-meta><article-meta><article-id pub-id-type="accession">PMC2553441</article-id><article-id pub-id-type="pmcid">PMC2553441</article-id><article-id pub-id-type="pmc-uid">2553441</article-id><article-id pub-id-type="pmid">18676415</article-id><article-id pub-id-type="doi">10.1093/bioinformatics/btn409</article-id><article-id pub-id-type="publisher-id">btn409</article-id><article-id pub-id-type="pmid">18676415</article-id><article-categories><subj-group subj-group-type="heading"><subject>Original Papers</subject><subj-group><subject>Genome Analysis</subject></subj-group></subj-group></article-categories><title-group><article-title>Protein-ligand interaction prediction: an improved chemogenomics approach</article-title></title-group><contrib-group><contrib contrib-type="author"><name><surname>Jacob</surname><given-names>Laurent</given-names></name><xref ref-type="aff" rid="AFF1"><sup>1</sup></xref><xref ref-type="aff" rid="AFF1"><sup>2</sup></xref><xref ref-type="aff" rid="AFF1"><sup>3</sup></xref><xref ref-type="corresp" rid="COR1">*</xref></contrib><contrib contrib-type="author"><name><surname>Vert</surname><given-names>Jean-Philippe</given-names></name><xref ref-type="aff" rid="AFF1"><sup>1</sup></xref><xref ref-type="aff" rid="AFF1"><sup>2</sup></xref><xref ref-type="aff" rid="AFF1"><sup>3</sup></xref></contrib></contrib-group><aff id="AFF1"><sup>1</sup>Mines ParisTech, Centre for Computational Biology, 35 rue Saint Honoré, F-77305 Fontainebleau, <sup>2</sup>Institut Curie and <sup>3</sup>INSERM, U900, F-75248, Paris, France</aff><author-notes><corresp id="COR1">*To whom correspondence should be addressed.</corresp><fn><p>Associate Editor: Alfonso Valencia</p></fn></author-notes><pub-date pub-type="ppub"><day>1</day><month>10</month><year>2008</year></pub-date><pub-date pub-type="epub"><day>1</day><month>8</month><year>2008</year></pub-date><pub-date pub-type="pmc-release"><day>1</day><month>8</month><year>2008</year></pub-date><volume>24</volume><issue>19</issue><fpage>2149</fpage><lpage>2156</lpage><history><date date-type="received"><day>4</day><month>4</month><year>2008</year></date><date date-type="rev-recd"><day>17</day><month>6</month><year>2008</year></date><date date-type="accepted"><day>30</day><month>7</month><year>2008</year></date></history><permissions><copyright-statement>© 2008 The Author(s)</copyright-statement><copyright-year>2008</copyright-year><license license-type="creative-commons" xlink:href="http://creativecommons.org/licenses/by-nc/2.0/uk/"><p><!--CREATIVE COMMONS-->This is an Open Access article distributed under the terms of the Creative Commons Attribution Non-Commercial License (<ext-link ext-link-type="uri" xlink:href="http://creativecommons.org/licenses/by-nc/2.0/uk/">http://creativecommons.org/licenses/by-nc/2.0/uk/</ext-link>) which permits unrestricted non-commercial use, distribution, and reproduction in any medium, provided the original work is properly cited.</p></license></permissions><abstract><p><bold>Motivation:</bold> Predicting interactions between small molecules and proteins is a crucial step to decipher many biological processes, and plays a critical role in drug discovery. When no detailed 3D structure of the protein target is available, ligand-based virtual screening allows the construction of predictive models by learning to discriminate known ligands from non-ligands. However, the accuracy of ligand-based models quickly degrades when the number of known ligands decreases, and in particular the approach is not applicable for orphan receptors with no known ligand.</p><p><bold>Results:</bold> We propose a systematic method to predict ligand–protein interactions, even for targets with no known 3D structure and few or no known ligands. Following the recent chemogenomics trend, we adopt a cross-target view and attempt to screen the chemical space against whole families of proteins simultaneously. The lack of known ligand for a given target can then be compensated by the availability of known ligands for similar targets. We test this strategy on three important classes of drug targets, namely enzymes, G-protein-coupled receptors (GPCR) and ion channels, and report dramatic improvements in prediction accuracy over classical ligand-based virtual screening, in particular for targets with few or no known ligands.</p><p><bold>Availability:</bold> All data and algorithms are available as <ext-link ext-link-type="uri" xlink:href="http://bioinformatics.oxfordjournals.org/cgi/content/full/btn409/DC1">Supplementary Material</ext-link>.</p><p><bold>Contact:</bold><email>laurent.jacob@ensmp.fr</email></p><p><bold>Supplementary information:</bold><ext-link ext-link-type="uri" xlink:href="http://bioinformatics.oxfordjournals.org/cgi/content/full/btn409/DC1">Supplementary data</ext-link> are available at <italic>Bioinformatics</italic> online.</p></abstract></article-meta></front></article>