<article xmlns="https://dtd.nlm.nih.gov/ns/archiving/2.3/" xmlns:xsi="http://www.w3.org/2001/XMLSchema-instance" xmlns:mml="http://www.w3.org/1998/Math/MathML" xmlns:xlink="http://www.w3.org/1999/xlink" xsi:schemaLocation="https://dtd.nlm.nih.gov/ns/archiving/2.3/ https://dtd.nlm.nih.gov/archiving/2.3/xsd/archivearticle.xsd" article-type="research-article" xml:lang="EN"><front><journal-meta><journal-id journal-id-type="nlm-ta">Bioinformatics</journal-id><journal-id journal-id-type="publisher-id">bioinformatics</journal-id><journal-id journal-id-type="hwp">bioinfo</journal-id><journal-title>Bioinformatics</journal-title><issn pub-type="ppub">1367-4803</issn><issn pub-type="epub">1460-2059</issn><publisher><publisher-name>Oxford University Press</publisher-name></publisher></journal-meta><article-meta><article-id pub-id-type="accession">PMC2642640</article-id><article-id pub-id-type="pmcid">PMC2642640</article-id><article-id pub-id-type="pmc-uid">2642640</article-id><article-id pub-id-type="pmid">19074506</article-id><article-id pub-id-type="doi">10.1093/bioinformatics/btn638</article-id><article-id pub-id-type="publisher-id">btn638</article-id><article-categories><subj-group subj-group-type="heading"><subject>Original Papers</subject><subj-group><subject>Structural Bioinformatics</subject></subj-group></subj-group></article-categories><title-group><article-title>NOE<italic>net</italic>–Use of NOE networks for NMR resonance assignment of proteins with known 3D structure</article-title></title-group><contrib-group><contrib contrib-type="author"><name><surname>Stratmann</surname><given-names>Dirk</given-names></name></contrib><contrib contrib-type="author"><name><surname>van Heijenoort</surname><given-names>Carine</given-names></name><xref ref-type="corresp" rid="COR1">*</xref></contrib><contrib contrib-type="author"><name><surname>Guittet</surname><given-names>Eric</given-names></name><xref ref-type="corresp" rid="COR1">*</xref></contrib></contrib-group><aff>Laboratoire de Chimie et Biologie Structurales, ICSN-CNRS, Gif-sur-Yvette, France</aff><author-notes><corresp id="COR1">*To whom correspondence should be addressed.</corresp><fn><p>Associate Editor: Anna Tramontano</p></fn></author-notes><pub-date pub-type="ppub"><day>15</day><month>2</month><year>2009</year></pub-date><pub-date pub-type="epub"><day>12</day><month>12</month><year>2008</year></pub-date><pub-date pub-type="pmc-release"><day>12</day><month>12</month><year>2008</year></pub-date><volume>25</volume><issue>4</issue><fpage>474</fpage><lpage>481</lpage><history><date date-type="received"><day>11</day><month>9</month><year>2008</year></date><date date-type="rev-recd"><day>18</day><month>11</month><year>2008</year></date><date date-type="accepted"><day>9</day><month>12</month><year>2008</year></date></history><permissions><copyright-statement>© 2008 The Author(s)</copyright-statement><copyright-year>2008</copyright-year><license license-type="creative-commons" xlink:href="http://creativecommons.org/licenses/by-nc/2.0/uk/"><p><!--CREATIVE COMMONS-->This is an Open Access article distributed under the terms of the Creative Commons Attribution Non-Commercial License (<ext-link ext-link-type="uri" xlink:href="http://creativecommons.org/licenses/by-nc/2.0/uk/">http://creativecommons.org/licenses/by-nc/2.0/uk/</ext-link>) which permits unrestricted non-commercial use, distribution, and reproduction in any medium, provided the original work is properly cited.</p></license></permissions><abstract><p><bold>Motivation:</bold> A prerequisite for any protein study by NMR is the assignment of the resonances from the <sup>15</sup><italic>N</italic>−<sup>1</sup><italic>H</italic> HSQC spectrum to their corresponding atoms of the protein backbone. Usually, this assignment is obtained by analyzing triple resonance NMR experiments. An alternative assignment strategy exploits the information given by an already available 3D structure of the same or a homologous protein. Up to now, the algorithms that have been developed around the structure-based assignment strategy have the important drawbacks that they cannot guarantee a high assignment accuracy near to 100%.</p><p><bold>Results:</bold> We propose here a new program, called NOE<italic>net</italic>, implementing an efficient complete search algorithm that ensures the correctness of the assignment results. NOE<italic>net</italic> exploits the network character of unambiguous NOE constraints to realize an exhaustive search of all matching possibilities of the NOE network onto the structural one. NOE<italic>net</italic> has been successfully tested on EIN, a large protein of 28 kDa, using only NOE data. The complete search of NOE<italic>net</italic> finds all possible assignments compatible with experimental data that can be defined as an <italic>assignment ensemble</italic>. We show that multiple assignment possibilities of large NOE networks are restricted to a small <italic>spatial assignment range (SAR)</italic>, so that assignment ensembles, obtained from accessible experimental data, are precise enough to be used for functional proteins studies, like protein–ligand interaction or protein dynamics studies. We believe that NOE<italic>net</italic> can become a major tool for the structure-based backbone resonance assignment strategy in NMR.</p><p><bold>Availability:</bold> The NOE<italic>net</italic> program will be available under: <ext-link ext-link-type="uri" xlink:href="http://www.icsn.cnrs-gif.fr/download/nmr">http://www.icsn.cnrs-gif.fr/download/nmr</ext-link></p><p><bold>Contact:</bold><email>carine@icsn.cnrs-gif.fr</email>; <email>eric.guittet@icsn.cnrs-gif.fr</email></p><p><bold>Supplementary Information:</bold><ext-link ext-link-type="uri" xlink:href="http://bioinformatics.oxfordjournals.org/cgi/content/full/btn638/DC1">Supplementary data</ext-link> are available at <italic>Bioinformatics</italic> online.</p></abstract></article-meta></front></article>