<article xmlns="https://jats.nlm.nih.gov/ns/archiving/1.2/" xmlns:xsi="http://www.w3.org/2001/XMLSchema-instance" xmlns:mml="http://www.w3.org/1998/Math/MathML" xmlns:xlink="http://www.w3.org/1999/xlink" xsi:schemaLocation="https://jats.nlm.nih.gov/ns/archiving/1.2/ https://jats.nlm.nih.gov/archiving/1.2/xsd/JATS-archivearticle1.xsd" article-type="research-article"><front><journal-meta><journal-id journal-id-type="nlm-ta">Bioinformatics</journal-id><journal-id journal-id-type="publisher-id">bioinformatics</journal-id><journal-id journal-id-type="hwp">bioinfo</journal-id><journal-title-group><journal-title>Bioinformatics</journal-title></journal-title-group><issn pub-type="ppub">1367-4803</issn><issn pub-type="epub">1460-2059</issn><publisher><publisher-name>Oxford University Press</publisher-name></publisher></journal-meta><article-meta><article-id pub-id-type="accession">PMC2718670</article-id><article-id pub-id-type="pmcid">PMC2718670</article-id><article-id pub-id-type="pmc-uid">2718670</article-id><article-id pub-id-type="pmid">18467344</article-id><article-id pub-id-type="pmid">18467344</article-id><article-id pub-id-type="doi">10.1093/bioinformatics/btn223</article-id><article-id pub-id-type="publisher-id">btn223</article-id><article-categories><subj-group subj-group-type="heading"><subject>Applications Note</subject><subj-group><subject>Sequence Analysis</subject></subj-group></subj-group></article-categories><title-group><article-title>PatMaN: rapid alignment of short sequences to large databases</article-title></title-group><contrib-group><contrib contrib-type="author"><name><surname>Prüfer</surname><given-names>Kay</given-names></name><xref ref-type="corresp" rid="COR1">*</xref><xref ref-type="author-notes" rid="FN1"><sup>†</sup></xref></contrib><contrib contrib-type="author"><name><surname>Stenzel</surname><given-names>Udo</given-names></name><xref ref-type="author-notes" rid="FN1"><sup>†</sup></xref></contrib><contrib contrib-type="author"><name><surname>Dannemann</surname><given-names>Michael</given-names></name></contrib><contrib contrib-type="author"><name><surname>Green</surname><given-names>Richard E.</given-names></name></contrib><contrib contrib-type="author"><name><surname>Lachmann</surname><given-names>Michael</given-names></name></contrib><contrib contrib-type="author"><name><surname>Kelso</surname><given-names>Janet</given-names></name></contrib></contrib-group><aff>Max-Planck Institute for Evolutionary Anthropology, Deutscher Platz 6, 04103 Leipzig, Germany</aff><author-notes><fn><p>Associate Editor: Limsoon Wong</p></fn><corresp id="COR1">*To whom correspondence should be addressed.</corresp><fn id="FN1"><p><sup>†</sup>The authors wish it to be known that, in their opinion, the first two authors should be regarded as joint First Authors.</p></fn></author-notes><pub-date pub-type="ppub"><day>1</day><month>7</month><year>2008</year></pub-date><pub-date pub-type="epub"><day>8</day><month>5</month><year>2008</year></pub-date><pub-date pub-type="pmc-release"><day>8</day><month>5</month><year>2008</year></pub-date><!-- PMC Release delay is 0 months and 0 days and was based on the
							<pub-date pub-type="epub"/>. --><volume>24</volume><issue>13</issue><fpage>1530</fpage><lpage>1531</lpage><history><date date-type="received"><day>21</day><month>3</month><year>2008</year></date><date date-type="rev-recd"><day>24</day><month>4</month><year>2008</year></date><date date-type="accepted"><day>3</day><month>5</month><year>2008</year></date></history><permissions><copyright-statement>© 2008 The Author(s)</copyright-statement><copyright-year>2008</copyright-year><license license-type="creative-commons" xlink:href="http://creativecommons.org/licenses/by-nc/2.0/uk/"><license-p><!--CREATIVE COMMONS-->This is an Open Access article distributed under the terms of the Creative Commons Attribution Non-Commercial License (<ext-link ext-link-type="uri" xlink:href="http://creativecommons.org/licenses/by-nc/2.0/uk/">http://creativecommons.org/licenses/by-nc/2.0/uk/</ext-link>) which permits unrestricted non-commercial use, distribution, and reproduction in any medium, provided the original work is properly cited.</license-p></license></permissions><abstract><p><bold>Summary:</bold> We present a tool suited for searching for many short nucleotide sequences in large databases, allowing for a predefined number of gaps and mismatches. The commandline-driven program implements a non-deterministic automata matching algorithm on a keyword tree of the search strings. Both queries with and without ambiguity codes can be searched. Search time is short for perfect matches, and retrieval time rises exponentially with the number of edits allowed.</p><p><bold>Availability:</bold> The C++ source code for PatMaN is distributed under the GNU General Public License and has been tested on the GNU/Linux operating system. It is available from <ext-link ext-link-type="uri" xlink:href="http://bioinf.eva.mpg.de/patman">http://bioinf.eva.mpg.de/patman</ext-link>.</p><p><bold>Contact:</bold><email>pruefer@eva.mpg.de</email></p><p><bold>Supplementary information:</bold><ext-link ext-link-type="uri" xlink:href="http://bioinformatics.oxfordjournals.org/cgi/content/full/btn223/DC1">Supplementary data</ext-link> are available at <italic>Bioinformatics</italic> online.</p></abstract></article-meta></front></article>