<article xmlns="https://jats.nlm.nih.gov/ns/archiving/1.2/" xmlns:xsi="http://www.w3.org/2001/XMLSchema-instance" xmlns:mml="http://www.w3.org/1998/Math/MathML" xmlns:xlink="http://www.w3.org/1999/xlink" xsi:schemaLocation="https://jats.nlm.nih.gov/ns/archiving/1.2/ https://jats.nlm.nih.gov/archiving/1.2/xsd/JATS-archivearticle1.xsd" article-type="research-article"><front><journal-meta><journal-id journal-id-type="nlm-ta">Bioinformatics</journal-id><journal-id journal-id-type="publisher-id">bioinformatics</journal-id><journal-id journal-id-type="hwp">bioinfo</journal-id><journal-title-group><journal-title>Bioinformatics</journal-title></journal-title-group><issn pub-type="ppub">1367-4803</issn><issn pub-type="epub">1460-2059</issn><publisher><publisher-name>Oxford University Press</publisher-name></publisher></journal-meta><article-meta><article-id pub-id-type="accession">PMC2732276</article-id><article-id pub-id-type="pmcid">PMC2732276</article-id><article-id pub-id-type="pmc-uid">2732276</article-id><article-id pub-id-type="pmid">18718939</article-id><article-id pub-id-type="pmid">18718939</article-id><article-id pub-id-type="doi">10.1093/bioinformatics/btn446</article-id><article-id pub-id-type="publisher-id">btn446</article-id><article-categories><subj-group subj-group-type="heading"><subject>Applications Note</subject><subj-group><subject>Systems Biology</subject></subj-group></subj-group></article-categories><title-group><article-title>Analyzing gene perturbation screens with nested effects models in R and bioconductor</article-title></title-group><contrib-group><contrib contrib-type="author"><name><surname>Fröhlich</surname><given-names>Holger</given-names></name><xref ref-type="aff" rid="AFF1"><sup>1</sup></xref></contrib><contrib contrib-type="author"><name><surname>Beißbarth</surname><given-names>Tim</given-names></name><xref ref-type="aff" rid="AFF1"><sup>1</sup></xref></contrib><contrib contrib-type="author"><name><surname>Tresch</surname><given-names>Achim</given-names></name><xref ref-type="aff" rid="AFF1"><sup>2</sup></xref></contrib><contrib contrib-type="author"><name><surname>Kostka</surname><given-names>Dennis</given-names></name><xref ref-type="aff" rid="AFF1"><sup>3</sup></xref></contrib><contrib contrib-type="author"><name><surname>Jacob</surname><given-names>Juby</given-names></name><xref ref-type="aff" rid="AFF1"><sup>4</sup></xref></contrib><contrib contrib-type="author"><name><surname>Spang</surname><given-names>Rainer</given-names></name><xref ref-type="aff" rid="AFF1"><sup>4</sup></xref><xref ref-type="corresp" rid="COR1">*</xref></contrib><contrib contrib-type="author"><name><surname>Markowetz</surname><given-names>F.</given-names></name><xref ref-type="aff" rid="AFF1"><sup>5</sup></xref></contrib></contrib-group><aff id="AFF1"><sup>1</sup>German Cancer Research Center (DKFZ), INF 580, 69120 Heidelberg, Germany, <sup>2</sup>Gene Center, Ludwigs-Maximilian-Universität München, München, Germany, <sup>3</sup>Genome Center and Department of Statistics, University of California Davis, Davis, CA 95616, USA, <sup>4</sup>Computational Diagnostics Group, Institute of Functional Genomics, University of Regensburg, 93053 Regensburg and <sup>5</sup> Lewis-Sigler Institute for Integrative Genomics and Department of Computer Science, Princeton University, Princeton NJ 08544, USA</aff><author-notes><corresp id="COR1">*To whom correspondence should be addressed.</corresp><fn><p>Associate Editor: Jonathan Wren</p></fn></author-notes><pub-date pub-type="ppub"><day>1</day><month>11</month><year>2008</year></pub-date><pub-date pub-type="epub"><day>21</day><month>8</month><year>2008</year></pub-date><pub-date pub-type="pmc-release"><day>1</day><month>11</month><year>2009</year></pub-date><!-- PMC Release delay is 12 months and 0 days and was based on the
					<pub-date pub-type="ppub"/>. --><volume>24</volume><issue>21</issue><fpage>2549</fpage><lpage>2550</lpage><history><date date-type="received"><day>25</day><month>6</month><year>2008</year></date><date date-type="rev-recd"><day>12</day><month>8</month><year>2008</year></date><date date-type="accepted"><day>17</day><month>8</month><year>2008</year></date></history><permissions><copyright-statement>© The Author 2008. Published by Oxford University Press. All rights reserved. For Permissions, please email: journals.permissions@oxfordjournals.org</copyright-statement><copyright-year>2008</copyright-year></permissions><abstract><p><bold>Summary:</bold> Nested effects models (NEMs) are a class of probabilistic models introduced to analyze the effects of gene perturbation screens visible in high-dimensional phenotypes like microarrays or cell morphology. NEMs reverse engineer upstream/downstream relations of cellular signaling cascades. NEMs take as input a set of candidate pathway genes and phenotypic profiles of perturbing these genes. NEMs return a pathway structure explaining the observed perturbation effects. Here, we describe the package <italic>nem</italic>, an open-source software to efficiently infer NEMs from data. Our software implements several search algorithms for model fitting and is applicable to a wide range of different data types and representations. The methods we present summarize the current state-of-the-art in NEMs.</p><p><bold>Availability:</bold> Our software is written in the R language and freely avail-able via the Bioconductor project at <ext-link ext-link-type="uri" xlink:href="http://www.bioconductor.org">http://www.bioconductor.org</ext-link>.</p><p><bold>Contact:</bold><email>rainer.spang@klinik.uni-regensburg.de</email></p></abstract></article-meta></front></article>