<article xmlns="https://dtd.nlm.nih.gov/ns/archiving/2.3/" xmlns:xsi="http://www.w3.org/2001/XMLSchema-instance" xmlns:mml="http://www.w3.org/1998/Math/MathML" xmlns:xlink="http://www.w3.org/1999/xlink" xsi:schemaLocation="https://dtd.nlm.nih.gov/ns/archiving/2.3/ https://dtd.nlm.nih.gov/archiving/2.3/xsd/archivearticle.xsd" article-type="research-article" xml:lang="EN"><front><journal-meta><journal-id journal-id-type="nlm-ta">Bioinformatics</journal-id><journal-id journal-id-type="publisher-id">bioinformatics</journal-id><journal-id journal-id-type="hwp">bioinfo</journal-id><journal-title>Bioinformatics</journal-title><issn pub-type="ppub">1367-4803</issn><issn pub-type="epub">1460-2059</issn><publisher><publisher-name>Oxford University Press</publisher-name></publisher></journal-meta><article-meta><article-id pub-id-type="accession">PMC2682511</article-id><article-id pub-id-type="pmcid">PMC2682511</article-id><article-id pub-id-type="pmc-uid">2682511</article-id><article-id pub-id-type="pmid">19307237</article-id><article-id pub-id-type="doi">10.1093/bioinformatics/btp160</article-id><article-id pub-id-type="publisher-id">btp160</article-id><article-categories><subj-group subj-group-type="heading"><subject>Applications Note</subject><subj-group><subject>Structural Bioinformatics</subject></subj-group></subj-group></article-categories><title-group><article-title>Evolutionary Trace Annotation Server: automated enzyme function prediction in protein structures using 3D templates</article-title></title-group><contrib-group><contrib contrib-type="author"><name><surname>Matthew Ward</surname><given-names>R.</given-names></name><xref ref-type="aff" rid="AFF1"><sup>1</sup></xref><xref ref-type="aff" rid="AFF1"><sup>2</sup></xref><xref ref-type="aff" rid="AFF1"><sup>3</sup></xref></contrib><contrib contrib-type="author"><name><surname>Venner</surname><given-names>Eric</given-names></name><xref ref-type="aff" rid="AFF1"><sup>1</sup></xref><xref ref-type="aff" rid="AFF1"><sup>2</sup></xref></contrib><contrib contrib-type="author"><name><surname>Daines</surname><given-names>Bryce</given-names></name><xref ref-type="aff" rid="AFF1"><sup>1</sup></xref></contrib><contrib contrib-type="author"><name><surname>Murray</surname><given-names>Stephen</given-names></name><xref ref-type="aff" rid="AFF1"><sup>1</sup></xref></contrib><contrib contrib-type="author"><name><surname>Erdin</surname><given-names>Serkan</given-names></name><xref ref-type="aff" rid="AFF1"><sup>1</sup></xref><xref ref-type="aff" rid="AFF1"><sup>3</sup></xref></contrib><contrib contrib-type="author"><name><surname>Kristensen</surname><given-names>David M.</given-names></name><xref ref-type="aff" rid="AFF1"><sup>1</sup></xref><xref ref-type="aff" rid="AFF1"><sup>2</sup></xref><xref ref-type="aff" rid="AFF1"><sup>3</sup></xref></contrib><contrib contrib-type="author"><name><surname>Lichtarge</surname><given-names>Olivier</given-names></name><xref ref-type="aff" rid="AFF1"><sup>1</sup></xref><xref ref-type="aff" rid="AFF1"><sup>2</sup></xref><xref ref-type="aff" rid="AFF1"><sup>3</sup></xref><xref ref-type="aff" rid="AFF1"><sup>4</sup></xref><xref ref-type="aff" rid="AFF1"><sup>5</sup></xref><xref ref-type="corresp" rid="COR1">*</xref></contrib></contrib-group><aff id="AFF1"><sup>1</sup>Departments of Molecular and Human Genetics, <sup>2</sup>Program in Structural and Computational Biology and Molecular, Baylor College of Medicine, One Baylor Plaza, Houston, TX 77030, <sup>3</sup>W. M. Keck Center for Interdisciplinary Bioscience Training, Houston, TX 77005, <sup>4</sup>Department of Pharmacology and <sup>5</sup>Department of Biochemistry and Molecular Biology, Baylor College of Medicine, One Baylor Plaza, Houston, TX 77030, USA</aff><author-notes><corresp id="COR1">*To whom correspondence should be addressed.</corresp><fn><p>Associate Editor: Thomas Lengauer</p></fn></author-notes><pub-date pub-type="ppub"><day>1</day><month>6</month><year>2009</year></pub-date><pub-date pub-type="epub"><day>23</day><month>3</month><year>2009</year></pub-date><pub-date pub-type="pmc-release"><day>23</day><month>3</month><year>2009</year></pub-date><!-- PMC Release delay is 0 months and 0 days and was based on the
			<pub-date pub-type="epub"/>. --><volume>25</volume><issue>11</issue><fpage>1426</fpage><lpage>1427</lpage><history><date date-type="received"><day>16</day><month>10</month><year>2008</year></date><date date-type="rev-recd"><day>6</day><month>2</month><year>2009</year></date><date date-type="accepted"><day>16</day><month>3</month><year>2009</year></date></history><permissions><copyright-statement>© 2009 The Author(s)</copyright-statement><copyright-year>2009</copyright-year><license license-type="creative-commons" xlink:href="http://creativecommons.org/licenses/by-nc/2.0/uk/"><p><!--CREATIVE COMMONS-->This is an Open Access article distributed under the terms of the Creative Commons Attribution Non-Commercial License (<ext-link ext-link-type="uri" xlink:href="http://creativecommons.org/licenses/by-nc/2.0/uk/">http://creativecommons.org/licenses/by-nc/2.0/uk/</ext-link>) which permits unrestricted non-commercial use, distribution, and reproduction in any medium, provided the original work is properly cited.</p></license></permissions><abstract><p><bold>Summary:</bold>The Evolutionary Trace Annotation (ETA) Server predicts enzymatic activity. ETA starts with a structure of unknown function, such as those from structural genomics, and with no prior knowledge of its mechanism uses the phylogenetic Evolutionary Trace (ET) method to extract key functional residues and propose a function-associated 3D motif, called a 3D template. ETA then searches previously annotated structures for geometric template matches that suggest molecular and thus functional mimicry. In order to maximize the predictive value of these matches, ETA next applies distinctive specificity filters—evolutionary similarity, function plurality and match reciprocity. In large scale controls on enzymes, prediction coverage is 43% but the positive predictive value rises to 92%, thus minimizing false annotations. Users may modify any search parameter, including the template. ETA thus expands the ET suite for protein structure annotation, and can contribute to the annotation efforts of metaservers.</p><p><bold>Availability:</bold>The ETA Server is a web application available at <ext-link ext-link-type="uri" xlink:href="http://mammoth.bcm.tmc.edu/eta/">http://mammoth.bcm.tmc.edu/eta/</ext-link>.</p><p><bold>Contact:</bold><email>lichtarge@bcm.edu</email></p></abstract></article-meta></front></article>