<article xmlns="https://jats.nlm.nih.gov/ns/archiving/1.2/" xmlns:xsi="http://www.w3.org/2001/XMLSchema-instance" xmlns:mml="http://www.w3.org/1998/Math/MathML" xmlns:xlink="http://www.w3.org/1999/xlink" xsi:schemaLocation="https://jats.nlm.nih.gov/ns/archiving/1.2/ https://jats.nlm.nih.gov/archiving/1.2/xsd/JATS-archivearticle1.xsd" article-type="research-article"><front><journal-meta><journal-id journal-id-type="nlm-ta">Bioinformatics</journal-id><journal-id journal-id-type="publisher-id">bioinformatics</journal-id><journal-id journal-id-type="hwp">bioinfo</journal-id><journal-title-group><journal-title>Bioinformatics</journal-title></journal-title-group><issn pub-type="ppub">1367-4803</issn><issn pub-type="epub">1460-2059</issn><publisher><publisher-name>Oxford University Press</publisher-name></publisher></journal-meta><article-meta><article-id pub-id-type="accession">PMC2732213</article-id><article-id pub-id-type="pmcid">PMC2732213</article-id><article-id pub-id-type="pmc-uid">2732213</article-id><article-id pub-id-type="pmid">18565989</article-id><article-id pub-id-type="pmid">18565989</article-id><article-id pub-id-type="doi">10.1093/bioinformatics/btn317</article-id><article-id pub-id-type="publisher-id">btn317</article-id><article-categories><subj-group subj-group-type="heading"><subject>Applications Note</subject><subj-group><subject>Genetics and Population Analysis</subject></subj-group></subj-group></article-categories><title-group><article-title><italic>ForSim</italic>: a tool for exploring the genetic architecture of complex traits with controlled truth</article-title></title-group><contrib-group><contrib contrib-type="author"><name><surname>Lambert</surname><given-names>Brian W.</given-names></name><xref ref-type="aff" rid="AFF1"><sup>1</sup></xref><xref ref-type="corresp" rid="COR1">*</xref></contrib><contrib contrib-type="author"><name><surname>Terwilliger</surname><given-names>Joseph D.</given-names></name><xref ref-type="aff" rid="AFF1"><sup>2</sup></xref><xref ref-type="aff" rid="AFF1"><sup>3</sup></xref></contrib><contrib contrib-type="author"><name><surname>Weiss</surname><given-names>Kenneth M.</given-names></name><xref ref-type="aff" rid="AFF1"><sup>1</sup></xref><xref ref-type="corresp" rid="COR1">*</xref></contrib></contrib-group><aff id="AFF1"><sup>1</sup>Department of Anthropology, Penn State University, University Park, PA, <sup>2</sup>Department of Psychiatry, Genetics and Development, Columbia Genome Center, Columbia University and <sup>3</sup>Division of Medical Genetics, New York StatePsychiatric Institute, New York, NY, USA</aff><author-notes><corresp id="COR1">*To whom correspondence should be addressed.</corresp><fn><p>Associate Editor: Martin Bishop</p></fn></author-notes><pub-date pub-type="ppub"><day>15</day><month>8</month><year>2008</year></pub-date><pub-date pub-type="epub"><day>17</day><month>6</month><year>2008</year></pub-date><volume>24</volume><issue>16</issue><fpage>1821</fpage><lpage>1822</lpage><history><date date-type="received"><day>10</day><month>3</month><year>2008</year></date><date date-type="rev-recd"><day>22</day><month>5</month><year>2008</year></date><date date-type="accepted"><day>22</day><month>5</month><year>2008</year></date></history><permissions><copyright-statement>© The Author 2008. Published by Oxford University Press. All rights reserved. For Permissions, please email: journals.permissions@oxfordjournals.org</copyright-statement><copyright-year>2008</copyright-year></permissions><abstract><p>Many important problems in biology involve complex traits affected by multiple coding or regulatory parts of the genome. How well the underlying genetic architecture can be inferred by statistical methods such as mapping and association studies are active research areas. <italic>ForSim</italic> is a flexible forward evolutionary simulation tool for exploring the consequences of evolution by phenotype, whereby demographic, chance, behavioral and selective effects mold genetic architecture. Simulation is useful for exploring these issues as well as the choice of study design inferential methods.</p><p><bold>Contact:</bold><email>bwl1@psu.edu</email></p><p><bold>Supplementary information:</bold><ext-link ext-link-type="uri" xlink:href="http://bioinformatics.oxfordjournals.org/cgi/content/full/btn317/DC1">Supplementary data</ext-link> are available at <italic>Bioinformatics</italic> online.</p></abstract></article-meta></front></article>