<article xmlns="https://dtd.nlm.nih.gov/ns/archiving/2.3/" xmlns:xsi="http://www.w3.org/2001/XMLSchema-instance" xmlns:mml="http://www.w3.org/1998/Math/MathML" xmlns:xlink="http://www.w3.org/1999/xlink" xsi:schemaLocation="https://dtd.nlm.nih.gov/ns/archiving/2.3/ https://dtd.nlm.nih.gov/archiving/2.3/xsd/archivearticle.xsd" article-type="research-article" xml:lang="EN"><front><journal-meta><journal-id journal-id-type="nlm-ta">Bioinformatics</journal-id><journal-id journal-id-type="publisher-id">bioinformatics</journal-id><journal-id journal-id-type="hwp">bioinfo</journal-id><journal-title>Bioinformatics</journal-title><issn pub-type="ppub">1367-4803</issn><issn pub-type="epub">1460-2059</issn><publisher><publisher-name>Oxford University Press</publisher-name></publisher></journal-meta><article-meta><article-id pub-id-type="accession">PMC2572703</article-id><article-id pub-id-type="pmcid">PMC2572703</article-id><article-id pub-id-type="pmc-uid">2572703</article-id><article-id pub-id-type="pmid">18776192</article-id><article-id pub-id-type="doi">10.1093/bioinformatics/btn477</article-id><article-id pub-id-type="publisher-id">btn477</article-id><article-id pub-id-type="pmid">18776192</article-id><article-categories><subj-group subj-group-type="heading"><subject>Applications Note</subject><subj-group><subject>Databases and Ontologies</subject></subj-group></subj-group></article-categories><title-group><article-title>varDB: a pathogen-specific sequence database of protein families involved in antigenic variation</article-title></title-group><contrib-group><contrib contrib-type="author"><name><surname>Hayes</surname><given-names>C. Nelson</given-names></name><xref ref-type="aff" rid="AFF1"><sup>1</sup></xref></contrib><contrib contrib-type="author"><name><surname>Diez</surname><given-names>Diego</given-names></name><xref ref-type="aff" rid="AFF1"><sup>1</sup></xref></contrib><contrib contrib-type="author"><name><surname>Joannin</surname><given-names>Nicolas</given-names></name><xref ref-type="aff" rid="AFF1"><sup>2</sup></xref><xref ref-type="aff" rid="AFF1"><sup>3</sup></xref></contrib><contrib contrib-type="author"><name><surname>Honda</surname><given-names>Wataru</given-names></name><xref ref-type="aff" rid="AFF1"><sup>1</sup></xref></contrib><contrib contrib-type="author"><name><surname>Kanehisa</surname><given-names>Minoru</given-names></name><xref ref-type="aff" rid="AFF1"><sup>1</sup></xref></contrib><contrib contrib-type="author"><name><surname>Wahlgren</surname><given-names>Mats</given-names></name><xref ref-type="aff" rid="AFF1"><sup>2</sup></xref><xref ref-type="aff" rid="AFF1"><sup>3</sup></xref></contrib><contrib contrib-type="author"><name><surname>Wheelock</surname><given-names>Craig E.</given-names></name><xref ref-type="aff" rid="AFF1"><sup>1</sup></xref><xref ref-type="aff" rid="AFF1"><sup>2</sup></xref><xref ref-type="aff" rid="AFF1"><sup>4</sup></xref><xref ref-type="corresp" rid="COR1">*</xref></contrib><contrib contrib-type="author"><name><surname>Goto</surname><given-names>Susumu</given-names></name><xref ref-type="aff" rid="AFF1"><sup>1</sup></xref><xref ref-type="corresp" rid="COR1">*</xref></contrib></contrib-group><aff id="AFF1"><sup>1</sup>Bioinformatics Center, Institute for Chemical Research, Kyoto University, Uji, Kyoto 611-0011, Japan, <sup>2</sup>Department of Microbiology, Tumor and Cell Biology, Karolinska Institutet, Box 280, SE-17177 Stockholm, <sup>3</sup>Swedish Institute for Infectious Disease Control (SMI), SE-17182 Stockholm and <sup>4</sup> Division of Physiological Chemistry II, Department of Medical Biochemistry and Biophysics, Karolinska Institutet, SE-17177 Stockholm, Sweden</aff><author-notes><corresp id="COR1">*To whom correspondence should be addressed.</corresp><fn><p>Associate Editor: Alfonso Valencia</p></fn></author-notes><pub-date pub-type="ppub"><day>1</day><month>11</month><year>2008</year></pub-date><pub-date pub-type="epub"><day>6</day><month>9</month><year>2008</year></pub-date><pub-date pub-type="pmc-release"><day>6</day><month>9</month><year>2008</year></pub-date><!-- PMC Release delay is 0 months and 0 days and was based on the
			<pub-date pub-type="epub"/>. --><volume>24</volume><issue>21</issue><fpage>2564</fpage><lpage>2565</lpage><history><date date-type="received"><day>18</day><month>7</month><year>2008</year></date><date date-type="rev-recd"><day>28</day><month>8</month><year>2008</year></date><date date-type="accepted"><day>4</day><month>9</month><year>2008</year></date></history><permissions><copyright-statement>© 2008 The Author(s)</copyright-statement><copyright-year>2008</copyright-year><license license-type="creative-commons" xlink:href="http://creativecommons.org/licenses/by-nc/2.0/uk/"><p><!--CREATIVE COMMONS-->This is an Open Access article distributed under the terms of the Creative Commons Attribution Non-Commercial License (<ext-link ext-link-type="uri" xlink:href="http://creativecommons.org/licenses/by-nc/2.0/uk/">http://creativecommons.org/licenses/by-nc/2.0/uk/</ext-link>) which permits unrestricted non-commercial use, distribution, and reproduction in any medium, provided the original work is properly cited.</p></license></permissions><abstract><p><bold>Summary:</bold> Infectious diseases are a major threat to global public health and prosperity. The causative agents consist of a suite of pathogens, ranging from bacteria to viruses, including fungi, helminthes and protozoa. Although these organisms are extremely varied in their biological structure and interactions with the host, they share similar methods of evading the host immune system. Antigenic variation and drift are mechanisms by which pathogens change their exposed epitopes while maintaining protein function. Accordingly, these traits enable pathogens to establish chronic infections in the host. The varDB database was developed to serve as a central repository of protein and nucleotide sequences as well as associated features (e.g. field isolate data, clinical parameters, etc.) involved in antigenic variation. The data currently contained in varDB were mined from GenBank as well as multiple specialized data repositories (e.g. PlasmoDB, GiardiaDB). Family members and ortholog groups were identified using a hierarchical search strategy, including literature/author-based searches and HMM profiles. Included in the current release are&gt;29 000 sequences from 39 gene families from 25 different pathogens. This resource will enable researchers to compare antigenic variation within and across taxa with the goal of identifying common mechanisms of pathogenicity to assist in the fight against a range of devastating diseases.</p><p><bold>Availability:</bold> varDB is freely accessible at <ext-link ext-link-type="uri" xlink:href="http://www.vardb.org/">http://www.vardb.org/</ext-link></p><p><bold>Contact:</bold><email>nelson@kuicr.kyoto-u.ac.jp</email>; <email>goto@kuicr.kyoto-u.ac.jp</email></p><p><bold>Supplementary information:</bold><ext-link ext-link-type="uri" xlink:href="http://bioinformatics.oxfordjournals.org/cgi/content/full/btn477/DC1">Supplementary data</ext-link> are available at <italic>Bioinformatics</italic> online.</p></abstract></article-meta></front></article>