<article xmlns="https://jats.nlm.nih.gov/ns/archiving/1.2/" xmlns:xsi="http://www.w3.org/2001/XMLSchema-instance" xmlns:mml="http://www.w3.org/1998/Math/MathML" xmlns:xlink="http://www.w3.org/1999/xlink" xsi:schemaLocation="https://jats.nlm.nih.gov/ns/archiving/1.2/ https://jats.nlm.nih.gov/archiving/1.2/xsd/JATS-archivearticle1.xsd" article-type="research-article"><front><journal-meta><journal-id journal-id-type="nlm-ta">Bioinformatics</journal-id><journal-id journal-id-type="publisher-id">bioinformatics</journal-id><journal-id journal-id-type="hwp">bioinfo</journal-id><journal-title-group><journal-title>Bioinformatics</journal-title></journal-title-group><issn pub-type="ppub">1367-4803</issn><issn pub-type="epub">1460-2059</issn><publisher><publisher-name>Oxford University Press</publisher-name></publisher></journal-meta><article-meta><article-id pub-id-type="accession">PMC2732281</article-id><article-id pub-id-type="pmcid">PMC2732281</article-id><article-id pub-id-type="pmc-uid">2732281</article-id><article-id pub-id-type="pmid">18779235</article-id><article-id pub-id-type="pmid">18779235</article-id><article-id pub-id-type="doi">10.1093/bioinformatics/btn476</article-id><article-id pub-id-type="publisher-id">btn476</article-id><article-categories><subj-group subj-group-type="heading"><subject>Original Papers</subject><subj-group><subject>Gene Expression</subject></subj-group></subj-group></article-categories><title-group><article-title>Predicting gene targets of perturbations via network-based filtering of mRNA expression compendia</article-title></title-group><contrib-group><contrib contrib-type="author"><name><surname>Cosgrove</surname><given-names>Elissa J.</given-names></name><xref ref-type="aff" rid="AFF1"><sup>1</sup></xref><xref ref-type="author-notes" rid="FN1"><sup>†</sup></xref></contrib><contrib contrib-type="author"><name><surname>Zhou</surname><given-names>Yingchun</given-names></name><xref ref-type="aff" rid="AFF1"><sup>2</sup></xref><xref ref-type="author-notes" rid="FN1"><sup>†</sup></xref><xref ref-type="author-notes" rid="FN2"><sup>‡</sup></xref></contrib><contrib contrib-type="author"><name><surname>Gardner</surname><given-names>Timothy S.</given-names></name><xref ref-type="aff" rid="AFF1"><sup>1</sup></xref></contrib><contrib contrib-type="author"><name><surname>Kolaczyk</surname><given-names>Eric D.</given-names></name><xref ref-type="aff" rid="AFF1"><sup>2</sup></xref><xref ref-type="corresp" rid="COR1">*</xref></contrib></contrib-group><aff id="AFF1"><sup>1</sup>Department of Biomedical Engineering and <sup>2</sup>Department of Mathematics and Statistics, Boston University, Boston, MA 02215, USA</aff><author-notes><corresp id="COR1">*To whom correspondence should be addressed.</corresp><fn id="FN1"><p><sup>†</sup>The authors wish it to be known that, in their opinion, the first two authors should be regarded as joint First Authors.</p></fn><fn id="FN2"><p><sup>‡</sup>Present address: National Institute of Statistical Sciences (NISS), Durham,
NC 27709 USA.</p></fn><fn><p>Associate Editor: Joaquin Dopazo</p></fn></author-notes><pub-date pub-type="ppub"><day>1</day><month>11</month><year>2008</year></pub-date><pub-date pub-type="epub"><day>8</day><month>9</month><year>2008</year></pub-date><pub-date pub-type="pmc-release"><day>1</day><month>11</month><year>2009</year></pub-date><!-- PMC Release delay is 12 months and 0 days and was based on the
					<pub-date pub-type="ppub"/>. --><volume>24</volume><issue>21</issue><fpage>2482</fpage><lpage>2490</lpage><history><date date-type="received"><day>23</day><month>12</month><year>2007</year></date><date date-type="rev-recd"><day>11</day><month>8</month><year>2008</year></date><date date-type="accepted"><day>4</day><month>9</month><year>2008</year></date></history><permissions><copyright-statement>© The Author 2008. Published by Oxford University Press. All rights reserved. For Permissions, please email: journals.permissions@oxfordjournals.org</copyright-statement><copyright-year>2008</copyright-year></permissions><abstract><p><bold>Motivation:</bold> DNA microarrays are routinely applied to study diseased or drug-treated cell populations. A critical challenge is distinguishing the genes directly affected by these perturbations from the hundreds of genes that are indirectly affected. Here, we developed a sparse simultaneous equation model (SSEM) of mRNA expression data and applied Lasso regression to estimate the model parameters, thus constructing a network model of gene interaction effects. This inferred network model was then used to filter data from a given experimental condition of interest and predict the genes directly targeted by that perturbation.</p><p><bold>Results:</bold> Our proposed SSEM–Lasso method demonstrated substantial improvement in sensitivity compared with other tested methods for predicting the targets of perturbations in both simulated datasets and microarray compendia. In simulated data, for two different network types, and over a wide range of signal-to-noise ratios, our algorithm demonstrated a 167% increase in sensitivity on average for the top 100 ranked genes, compared with the next best method. Our method also performed well in identifying targets of genetic perturbations in microarray compendia, with up to a 24% improvement in sensitivity on average for the top 100 ranked genes. The overall performance of our network-filtering method shows promise for identifying the direct targets of genetic dysregulation in cancer and disease from expression profiles.</p><p><bold>Availability:</bold> Microarray data are available at the Many Microbe Microarrays Database (M3D, <ext-link ext-link-type="uri" xlink:href="http://m3d.bu.edu">http://m3d.bu.edu</ext-link>). Algorithm scripts are available at the Gardner Lab website (<ext-link ext-link-type="uri" xlink:href="http://gardnerlab.bu.edu/SSEMLasso">http://gardnerlab.bu.edu/SSEMLasso</ext-link>).</p><p><bold>Contact:</bold><email>kolaczyk@math.bu.edu</email></p><p><bold>Supplementary information:</bold><ext-link ext-link-type="uri" xlink:href="http://bioinformatics.oxfordjournals.org/cgi/content/full/btn476/DC1">Supplementary Data</ext-link> are available at <italic>Bioinformatics</italic> on line.</p></abstract></article-meta></front></article>