<article xmlns="https://dtd.nlm.nih.gov/ns/archiving/2.3/" xmlns:xsi="http://www.w3.org/2001/XMLSchema-instance" xmlns:mml="http://www.w3.org/1998/Math/MathML" xmlns:xlink="http://www.w3.org/1999/xlink" xsi:schemaLocation="https://dtd.nlm.nih.gov/ns/archiving/2.3/ https://dtd.nlm.nih.gov/archiving/2.3/xsd/archivearticle.xsd" article-type="research-article" xml:lang="EN"><front><journal-meta><journal-id journal-id-type="nlm-ta">Bioinformatics</journal-id><journal-id journal-id-type="publisher-id">bioinformatics</journal-id><journal-id journal-id-type="hwp">bioinfo</journal-id><journal-title>Bioinformatics</journal-title><issn pub-type="ppub">1367-4803</issn><issn pub-type="epub">1460-2059</issn><publisher><publisher-name>Oxford University Press</publisher-name></publisher></journal-meta><article-meta><article-id pub-id-type="accession">PMC2638939</article-id><article-id pub-id-type="pmcid">PMC2638939</article-id><article-id pub-id-type="pmc-uid">2638939</article-id><article-id pub-id-type="pmid">18990723</article-id><article-id pub-id-type="doi">10.1093/bioinformatics/btn567</article-id><article-id pub-id-type="publisher-id">btn567</article-id><article-id pub-id-type="pmid">18990723</article-id><article-categories><subj-group subj-group-type="heading"><subject>Applications Note</subject><subj-group><subject>Sequence Analysis</subject></subj-group></subj-group></article-categories><title-group><article-title>R<sc>ankprop</sc>: a web server for protein remote homology detection</article-title></title-group><contrib-group><contrib contrib-type="author"><name><surname>Melvin</surname><given-names>Iain</given-names></name><xref ref-type="aff" rid="AFF1"><sup>1</sup></xref><xref ref-type="corresp" rid="COR1">*</xref></contrib><contrib contrib-type="author"><name><surname>Weston</surname><given-names>Jason</given-names></name><xref ref-type="aff" rid="AFF1"><sup>1</sup></xref></contrib><contrib contrib-type="author"><name><surname>Leslie</surname><given-names>Christina</given-names></name><xref ref-type="aff" rid="AFF1"><sup>2</sup></xref></contrib><contrib contrib-type="author"><name><surname>Noble</surname><given-names>William Stafford</given-names></name><xref ref-type="aff" rid="AFF1"><sup>3</sup></xref><xref ref-type="aff" rid="AFF1"><sup>4</sup></xref><xref ref-type="corresp" rid="COR1">*</xref></contrib></contrib-group><aff id="AFF1"><sup>1</sup>NEC Laboratories of America, Princeton, NJ, <sup>2</sup>Computational Biology Program, Sloan-Kettering Institute, Memorial Sloan-Kettering Cancer Center, New York, NY, <sup>3</sup>Department of Genome Sciences and <sup>4</sup>Department of Computer Science and Engineering, University of Washington, Seattle, WA, USA</aff><author-notes><corresp id="COR1">*To whom correspondence should be addressed.</corresp><fn><p>Associate Editor: Burkhard Rost</p></fn></author-notes><pub-date pub-type="ppub"><day>1</day><month>1</month><year>2009</year></pub-date><pub-date pub-type="epub"><day>6</day><month>11</month><year>2008</year></pub-date><pub-date pub-type="pmc-release"><day>6</day><month>11</month><year>2008</year></pub-date><volume>25</volume><issue>1</issue><fpage>121</fpage><lpage>122</lpage><history><date date-type="received"><day>26</day><month>6</month><year>2008</year></date><date date-type="rev-recd"><day>29</day><month>10</month><year>2008</year></date><date date-type="accepted"><day>29</day><month>10</month><year>2008</year></date></history><permissions><copyright-statement>© 2008 The Author(s)</copyright-statement><copyright-year>2008</copyright-year><license license-type="creative-commons" xlink:href="http://creativecommons.org/licenses/by-nc/2.0/uk/"><p><!--CREATIVE COMMONS-->This is an Open Access article distributed under the terms of the Creative Commons Attribution Non-Commercial License (<ext-link ext-link-type="uri" xlink:href="http://creativecommons.org/licenses/by-nc/2.0/uk/">http://creativecommons.org/licenses/by-nc/2.0/uk/</ext-link>) which permits unrestricted non-commercial use, distribution, and reproduction in any medium, provided the original work is properly cited.</p></license></permissions><abstract><p><bold>Summary:</bold> We present a large-scale implementation of the R<sc>ankprop</sc> protein homology ranking algorithm in the form of an openly accessible web server. We use the NRDB40 PSI-BLAST all-versus-all protein similarity network of 1.1 million proteins to construct the graph for the R<sc>ankprop</sc> algorithm, whereas previously, results were only reported for a database of 108 000 proteins. We also describe two algorithmic improvements to the original algorithm, including propagation from multiple homologs of the query and better normalization of ranking scores, that lead to higher accuracy and to scores with a probabilistic interpretation.</p><p><bold>Availability:</bold> The R<sc>ankprop</sc> web server and source code are available at <ext-link ext-link-type="uri" xlink:href="http://rankprop.gs.washington.edu">http://rankprop.gs.washington.edu</ext-link></p><p><bold>Contact:</bold><email>iain@nec-labs.com</email>; <email>noble@gs.washington.edu</email></p></abstract></article-meta></front></article>