<article xmlns="https://dtd.nlm.nih.gov/ns/archiving/2.3/" xmlns:xsi="http://www.w3.org/2001/XMLSchema-instance" xmlns:mml="http://www.w3.org/1998/Math/MathML" xmlns:xlink="http://www.w3.org/1999/xlink" xsi:schemaLocation="https://dtd.nlm.nih.gov/ns/archiving/2.3/ https://dtd.nlm.nih.gov/archiving/2.3/xsd/archivearticle.xsd" article-type="research-article" xml:lang="EN"><front><journal-meta><journal-id journal-id-type="nlm-ta">Bioinformatics</journal-id><journal-id journal-id-type="publisher-id">bioinformatics</journal-id><journal-id journal-id-type="hwp">bioinfo</journal-id><journal-title>Bioinformatics</journal-title><issn pub-type="ppub">1367-4803</issn><issn pub-type="epub">1460-2059</issn><publisher><publisher-name>Oxford University Press</publisher-name></publisher></journal-meta><article-meta><article-id pub-id-type="accession">PMC2562013</article-id><article-id pub-id-type="pmcid">PMC2562013</article-id><article-id pub-id-type="pmc-uid">2562013</article-id><article-id pub-id-type="pmid">18710876</article-id><article-id pub-id-type="doi">10.1093/bioinformatics/btn432</article-id><article-id pub-id-type="publisher-id">btn432</article-id><article-id pub-id-type="pmid">18710876</article-id><article-categories><subj-group subj-group-type="heading"><subject>Original Papers</subject><subj-group><subject>Structural Bioinformatics</subject></subj-group></subj-group></article-categories><title-group><article-title>Optimal contact map alignment of protein–protein interfaces</article-title></title-group><contrib-group><contrib contrib-type="author"><name><surname>Pulim</surname><given-names>Vinay</given-names></name><xref ref-type="aff" rid="AFF1"><sup>1</sup></xref></contrib><contrib contrib-type="author"><name><surname>Berger</surname><given-names>Bonnie</given-names></name><xref ref-type="aff" rid="AFF1"><sup>1</sup></xref><xref ref-type="aff" rid="AFF1"><sup>2</sup></xref><xref ref-type="corresp" rid="COR1">*</xref></contrib><contrib contrib-type="author"><name><surname>Bienkowska</surname><given-names>Jadwiga</given-names></name><xref ref-type="aff" rid="AFF1"><sup>1</sup></xref><xref ref-type="aff" rid="AFF1"><sup>3</sup></xref><xref ref-type="corresp" rid="COR1">*</xref></contrib></contrib-group><aff id="AFF1"><sup>1</sup>Computer Science and Artificial Intelligence Laboratory, MIT, <sup>2</sup>Mathematics Department, MIT, Cambridge and <sup>3</sup>Biomedical Engineering Department, Boston University, Boston, USA</aff><author-notes><corresp id="COR1">*To whom correspondence should be addressed.</corresp><fn><p>Associate Editor: Anna Tramontano</p></fn></author-notes><pub-date pub-type="ppub"><day>15</day><month>10</month><year>2008</year></pub-date><pub-date pub-type="epub"><day>18</day><month>8</month><year>2008</year></pub-date><pub-date pub-type="pmc-release"><day>18</day><month>8</month><year>2008</year></pub-date><volume>24</volume><issue>20</issue><fpage>2324</fpage><lpage>2328</lpage><history><date date-type="received"><day>4</day><month>4</month><year>2008</year></date><date date-type="rev-recd"><day>16</day><month>7</month><year>2008</year></date><date date-type="accepted"><day>14</day><month>8</month><year>2008</year></date></history><permissions><copyright-statement>© 2008 The Author(s)</copyright-statement><copyright-year>2008</copyright-year><license license-type="creative-commons" xlink:href="http://creativecommons.org/licenses/by-nc/2.0/uk/"><p><!--CREATIVE COMMONS-->This is an Open Access article distributed under the terms of the Creative Commons Attribution Non-Commercial License (<ext-link ext-link-type="uri" xlink:href="http://creativecommons.org/licenses/by-nc/2.0/uk/">http://creativecommons.org/licenses/by-nc/2.0/uk/</ext-link>) which permits unrestricted non-commercial use, distribution, and reproduction in any medium, provided the original work is properly cited.</p></license></permissions><abstract><p>The long-standing problem of constructing protein structure alignments is of central importance in computational biology. The main goal is to provide an alignment of residue correspondences, in order to identify homologous residues across chains. A critical next step of this is the alignment of protein complexes and their interfaces. Here, we introduce the program CMAPi, a two-dimensional dynamic programming algorithm that, given a pair of protein complexes, optimally aligns the contact maps of their interfaces: it produces polynomial-time near-optimal alignments in the case of multiple complexes. We demonstrate the efficacy of our algorithm on complexes from PPI families listed in the SCOPPI database and from highly divergent cytokine families. In comparison to existing techniques, CMAPi generates more accurate alignments of interacting residues within families of interacting proteins, especially for sequences with low similarity. While previous methods that use an all-atom based representation of the interface have been successful, CMAPi's use of a contact map representation allows it to be more tolerant to conformational changes and thus to align more of the interaction surface. These improved interface alignments should enhance homology modeling and threading methods for predicting PPIs by providing a basis for generating template profiles for sequence–structure alignment.</p><p><bold>Contact:</bold><email>bab@mit.edu</email>; <email>jbienkowska@gmail.com</email></p><p><bold>Supplementary information:</bold> Supplementary data are available at <ext-link ext-link-type="uri" xlink:href="http://theory.csail.mit.edu/cmapi">http://theory.csail.mit.edu/cmapi</ext-link></p></abstract></article-meta></front></article>