<article xmlns="https://dtd.nlm.nih.gov/ns/archiving/2.3/" xmlns:xsi="http://www.w3.org/2001/XMLSchema-instance" xmlns:mml="http://www.w3.org/1998/Math/MathML" xmlns:xlink="http://www.w3.org/1999/xlink" xsi:schemaLocation="https://dtd.nlm.nih.gov/ns/archiving/2.3/ https://dtd.nlm.nih.gov/archiving/2.3/xsd/archivearticle.xsd" article-type="research-article" xml:lang="EN"><front><journal-meta><journal-id journal-id-type="nlm-ta">Bioinformatics</journal-id><journal-id journal-id-type="publisher-id">bioinformatics</journal-id><journal-id journal-id-type="hwp">bioinfo</journal-id><journal-title>Bioinformatics</journal-title><issn pub-type="ppub">1367-4803</issn><issn pub-type="epub">1460-2059</issn><publisher><publisher-name>Oxford University Press</publisher-name></publisher></journal-meta><article-meta><article-id pub-id-type="accession">PMC2687981</article-id><article-id pub-id-type="pmcid">PMC2687981</article-id><article-id pub-id-type="pmc-uid">2687981</article-id><article-id pub-id-type="pmid">19477986</article-id><article-id pub-id-type="doi">10.1093/bioinformatics/btp227</article-id><article-id pub-id-type="publisher-id">btp227</article-id><article-categories><subj-group subj-group-type="heading"><subject>Ismb/Eccb 2009 Conference Proceedings June 27 to July 2, 2009, Stockholm, Sweden</subject><subj-group><subject>Original Papers</subject><subj-group><subject>Population Genomics</subject></subj-group></subj-group></subj-group></article-categories><title-group><article-title>Multi-locus match probability in a finite population: a fundamental difference between the Moran and Wright–Fisher models</article-title></title-group><contrib-group><contrib contrib-type="author"><name><surname>Bhaskar</surname><given-names>Anand</given-names></name><xref ref-type="aff" rid="AFF1"><sup>1</sup></xref></contrib><contrib contrib-type="author"><name><surname>Song</surname><given-names>Yun S.</given-names></name><xref ref-type="aff" rid="AFF1"><sup>1</sup></xref><xref ref-type="aff" rid="AFF1"><sup>2</sup></xref><xref ref-type="corresp" rid="COR1">*</xref></contrib></contrib-group><aff id="AFF1"><sup>1</sup>Computer Science Division and <sup>2</sup>Department of Statistics, University of California, Berkeley, CA, USA</aff><author-notes><corresp id="COR1">*To whom correspondence should be addressed.</corresp></author-notes><pub-date pub-type="ppub"><day>15</day><month>6</month><year>2009</year></pub-date><pub-date pub-type="epub"><day>27</day><month>5</month><year>2009</year></pub-date><pub-date pub-type="pmc-release"><day>27</day><month>5</month><year>2009</year></pub-date><!-- PMC Release delay is 0 months and 0 days and was based on the
			<pub-date pub-type="epub"/>. --><volume>25</volume><issue>12</issue><fpage>i187</fpage><lpage>i195</lpage><permissions><copyright-statement>© 2009 The Author(s)</copyright-statement><copyright-year>2009</copyright-year><license license-type="creative-commons" xlink:href="http://creativecommons.org/licenses/by-nc/2.0/uk/"><p><!--CREATIVE COMMONS-->This is an Open Access article distributed under the terms of the Creative Commons Attribution Non-Commercial License (<ext-link ext-link-type="uri" xlink:href="http://creativecommons.org/licenses/by-nc/2.0/uk/">http://creativecommons.org/licenses/by-nc/2.0/uk/</ext-link>) which permits unrestricted non-commercial use, distribution, and reproduction in any medium, provided the original work is properly cited.</p></license></permissions><abstract><p><bold>Motivation:</bold> A fundamental problem in population genetics, which being also of importance to forensic science, is to compute the match probability (MP) that two individuals randomly chosen from a population have identical alleles at a collection of loci. At present, 11–13 unlinked autosomal microsatellite loci are typed for forensic use. In a finite population, the genealogical relationships of individuals can create statistical non-independence of alleles at unlinked loci. However, the so-called product rule, which is used in courts in the USA, computes the MP for multiple unlinked loci by assuming statistical independence, multiplying the one-locus MPs at those loci. Analytically testing the accuracy of the product rule for more than five loci has hitherto remained an open problem.</p><p><bold>Results:</bold> In this article, we adopt a flexible graphical framework to compute multi-locus MPs analytically. We consider two standard models of random mating, namely the Wright–Fisher (WF) and Moran models. We succeed in computing haplotypic MPs for up to 10 loci in the WF model, and up to 13 loci in the Moran model. For a finite population and a large number of loci, we show that the MPs predicted by the product rule are highly sensitive to mutation rates in the range of interest, while the true MPs computed using our graphical framework are not. Furthermore, we show that the WF and Moran models may produce drastically different MPs for a finite population, and that this difference grows with the number of loci and mutation rates. Although the two models converge to the same coalescent or diffusion limit, in which the population size approaches infinity, we demonstrate that, when multiple loci are considered, the rate of convergence in the Moran model is significantly slower than that in the WF model.</p><p><bold>Availability:</bold> A C++ implementation of the algorithms discussed in this article is available at <ext-link ext-link-type="uri" xlink:href="http://www.cs.berkeley.edu/∼yss/software.html">http://www.cs.berkeley.edu/∼yss/software.html</ext-link>.</p><p><bold>Contact:</bold><email>yss@eecs.berkeley.edu</email></p></abstract></article-meta></front></article>