<article xmlns="https://dtd.nlm.nih.gov/ns/archiving/2.3/" xmlns:xsi="http://www.w3.org/2001/XMLSchema-instance" xmlns:mml="http://www.w3.org/1998/Math/MathML" xmlns:xlink="http://www.w3.org/1999/xlink" xsi:schemaLocation="https://dtd.nlm.nih.gov/ns/archiving/2.3/ https://dtd.nlm.nih.gov/archiving/2.3/xsd/archivearticle.xsd" article-type="research-article" xml:lang="EN"><front><journal-meta><journal-id journal-id-type="nlm-ta">Bioinformatics</journal-id><journal-id journal-id-type="publisher-id">bioinformatics</journal-id><journal-id journal-id-type="hwp">bioinfo</journal-id><journal-title>Bioinformatics</journal-title><issn pub-type="ppub">1367-4803</issn><issn pub-type="epub">1460-2059</issn><publisher><publisher-name>Oxford University Press</publisher-name></publisher></journal-meta><article-meta><article-id pub-id-type="accession">PMC2553437</article-id><article-id pub-id-type="pmcid">PMC2553437</article-id><article-id pub-id-type="pmc-uid">2553437</article-id><article-id pub-id-type="pmid">18662926</article-id><article-id pub-id-type="doi">10.1093/bioinformatics/btn395</article-id><article-id pub-id-type="publisher-id">btn395</article-id><article-id pub-id-type="pmid">18662926</article-id><article-categories><subj-group subj-group-type="heading"><subject>Original Papers</subject><subj-group><subject>Phylogenetics</subject></subj-group></subj-group></article-categories><title-group><article-title>Site-specific evolutionary rates in proteins are better modeled as non-independent and strictly relative</article-title></title-group><contrib-group><contrib contrib-type="author"><name><surname>Fernandes</surname><given-names>Andrew D.</given-names></name><xref ref-type="aff" rid="AFF1"><sup>1</sup></xref><xref ref-type="aff" rid="AFF1"><sup>2</sup></xref><xref ref-type="aff" rid="AFF1"><sup>3</sup></xref><xref ref-type="aff" rid="AFF1"><sup>4</sup></xref><xref ref-type="aff" rid="AFF1"><sup>5</sup></xref><xref ref-type="corresp" rid="COR1">*</xref></contrib><contrib contrib-type="author"><name><surname>Atchley</surname><given-names>William R.</given-names></name><xref ref-type="aff" rid="AFF1"><sup>3</sup></xref><xref ref-type="aff" rid="AFF1"><sup>4</sup></xref><xref ref-type="aff" rid="AFF1"><sup>5</sup></xref></contrib></contrib-group><aff id="AFF1"><sup>1</sup>Department of Biochemistry, The University of Western Ontario, London, Ontario, N6A 5C1, <sup>2</sup>Department of Applied Mathematics, The University of Western Ontario, London, Ontario, N6A 5B7, Canada, <sup>3</sup>Graduate Program in Biomathematics, North Carolina State University, Raleigh, NC 27695-8203, <sup>4</sup>Center for Computational Biology, North Carolina State University, Raleigh, NC 27695-7614 and <sup>5</sup>Department of Genetics, North Carolina State University, Raleigh, NC 27695-7614, US</aff><author-notes><corresp id="COR1">*To whom correspondence should be addressed.</corresp><fn><p>Associate Editor: Martin Bishop</p></fn></author-notes><pub-date pub-type="ppub"><day>1</day><month>10</month><year>2008</year></pub-date><pub-date pub-type="epub"><day>28</day><month>7</month><year>2008</year></pub-date><volume>24</volume><issue>19</issue><fpage>2177</fpage><lpage>2183</lpage><history><date date-type="received"><day>2</day><month>5</month><year>2008</year></date><date date-type="rev-recd"><day>23</day><month>7</month><year>2008</year></date><date date-type="accepted"><day>25</day><month>7</month><year>2008</year></date></history><permissions><copyright-statement>© The Author 2008. Published by Oxford University Press. All rights reserved. For Permissions, please email: journals.permissions@oxfordjournals.org</copyright-statement><copyright-year>2008</copyright-year></permissions><abstract><p><bold>Motivation:</bold> In a nucleotide or amino acid sequence, not all sites evolve at the same rate, due to differing selective constraints at each site. Currently in computational molecular evolution, models incorporating rate heterogeneity always share two assumptions. First, the rate of evolution at each site is assumed to be independent of every other site. Second, the values of these rates are assumed to be drawn from a known prior distribution. Although often assumed to be small, the actual effect of these assumptions has not been previously quantified in the literature.</p><p><bold>Results:</bold> Herein we describe an algorithm to simultaneously infer the set of <italic>n</italic>−1 <italic>relative</italic> rates that parameterize the likelihood of an <italic>n</italic>-site alignment. Unlike previous work (a) these relative rates are completely identifiable and distinct from the branch-length parameters, and (b) a far more general class of rate priors can be used, and their effects quantified. Although described in a Bayesian framework, we discuss a future maximum likelihood extension.</p><p><bold>Conclusions:</bold> Using both synthetic data and alignments from the Myc, Max and p53 protein families, we find that inferring <italic>relative</italic> rather than <italic>absolute</italic> rates has several advantages. First, both empirical likelihoods and Bayes factors show strong preference for the relative-rate model, with a mean Δ ln <italic>P</italic>=−0.458 per alignment site. Second, the computed likelihoods and Bayes factors were essentially independent of the relative-rate prior, indicating that good estimates of the posterior rate distribution are not required a priori. Third, a novel finding is that rates can be accurately inferred even when up to ≈4 substitutions per site have occurred. Thus biologically relevant putative hypervariable sites can be identified as easily as conserved sites. Lastly, our model treats rates and tree branch-lengths as completely identifiable, allowing for the first time <italic>coherent</italic> simultaneous inference of branch-lengths and site-specific evolutionary rates.</p><p><bold>Availability:</bold> Source code for the utility described is available under a BSD-style license at <ext-link ext-link-type="uri" xlink:href="http://www.fernandes.org/txp/article/9/site-specific-relative-evolutionary-rates">http://www.fernandes.org/txp/article/9/site-specific-relative-evolutionary-rates</ext-link>.</p><p><bold>Contact:</bold><email>andrew@fernandes.org</email></p><p><bold>Supplementary information:</bold><ext-link ext-link-type="uri" xlink:href="http://bioinformatics.oxfordjournals.org/cgi/content/full/btn395/DC1">Supplementary data</ext-link> is available at <italic>Bioinformatics</italic> online.</p></abstract></article-meta></front></article>