<article xmlns="https://dtd.nlm.nih.gov/ns/archiving/2.3/" xmlns:xsi="http://www.w3.org/2001/XMLSchema-instance" xmlns:mml="http://www.w3.org/1998/Math/MathML" xmlns:xlink="http://www.w3.org/1999/xlink" xsi:schemaLocation="https://dtd.nlm.nih.gov/ns/archiving/2.3/ https://dtd.nlm.nih.gov/archiving/2.3/xsd/archivearticle.xsd" article-type="research-article" xml:lang="EN"><front><journal-meta><journal-id journal-id-type="nlm-ta">Bioinformatics</journal-id><journal-id journal-id-type="publisher-id">bioinformatics</journal-id><journal-id journal-id-type="hwp">bioinfo</journal-id><journal-title>Bioinformatics</journal-title><issn pub-type="ppub">1367-4803</issn><issn pub-type="epub">1460-2059</issn><publisher><publisher-name>Oxford University Press</publisher-name></publisher></journal-meta><article-meta><article-id pub-id-type="accession">PMC2638998</article-id><article-id pub-id-type="pmcid">PMC2638998</article-id><article-id pub-id-type="pmc-uid">2638998</article-id><article-id pub-id-type="pmid">19038988</article-id><article-id pub-id-type="doi">10.1093/bioinformatics/btn617</article-id><article-id pub-id-type="publisher-id">btn617</article-id><article-id pub-id-type="pmid">19038988</article-id><article-categories><subj-group subj-group-type="heading"><subject>Applications Note</subject><subj-group><subject>Gene Expression</subject></subj-group></subj-group></article-categories><title-group><article-title>MAGETabulator, a suite of tools to support the microarray data format MAGE-TAB</article-title></title-group><contrib-group><contrib contrib-type="author"><name><surname>Rayner</surname><given-names>Tim F.</given-names></name><xref ref-type="aff" rid="AFF1"><sup>1</sup></xref><xref ref-type="corresp" rid="COR1">*</xref></contrib><contrib contrib-type="author"><name><surname>Rezwan</surname><given-names>Faisal Ibne</given-names></name><xref ref-type="aff" rid="AFF1"><sup>2</sup></xref></contrib><contrib contrib-type="author"><name><surname>Lukk</surname><given-names>Margus</given-names></name><xref ref-type="aff" rid="AFF1"><sup>1</sup></xref></contrib><contrib contrib-type="author"><name><surname>Bradley</surname><given-names>Xiangqun Zheng</given-names></name><xref ref-type="aff" rid="AFF1"><sup>1</sup></xref></contrib><contrib contrib-type="author"><name><surname>Farne</surname><given-names>Anna</given-names></name><xref ref-type="aff" rid="AFF1"><sup>1</sup></xref></contrib><contrib contrib-type="author"><name><surname>Holloway</surname><given-names>Ele</given-names></name><xref ref-type="aff" rid="AFF1"><sup>1</sup></xref></contrib><contrib contrib-type="author"><name><surname>Malone</surname><given-names>James</given-names></name><xref ref-type="aff" rid="AFF1"><sup>1</sup></xref></contrib><contrib contrib-type="author"><name><surname>Williams</surname><given-names>Eleanor</given-names></name><xref ref-type="aff" rid="AFF1"><sup>1</sup></xref></contrib><contrib contrib-type="author"><name><surname>Parkinson</surname><given-names>Helen</given-names></name><xref ref-type="aff" rid="AFF1"><sup>1</sup></xref></contrib></contrib-group><aff id="AFF1"><sup>1</sup>EMBL-EBI, Wellcome Trust Genome Campus, Hinxton CB10 1SD and <sup>2</sup>University of Hertfordshire, College Lane Campus, Hatfield, Hertforshire AL10 9AB, UK</aff><author-notes><fn><p>Associate Editor: David Rocke</p></fn><corresp id="COR1">*To whom correspondence should be addressed.</corresp></author-notes><pub-date pub-type="ppub"><day>15</day><month>1</month><year>2009</year></pub-date><pub-date pub-type="epub"><day>30</day><month>9</month><year>2008</year></pub-date><pub-date pub-type="pmc-release"><day>30</day><month>9</month><year>2008</year></pub-date><volume>25</volume><issue>2</issue><fpage>279</fpage><lpage>280</lpage><history><date date-type="received"><day>7</day><month>10</month><year>2008</year></date><date date-type="rev-recd"><day>24</day><month>11</month><year>2008</year></date><date date-type="accepted"><day>24</day><month>11</month><year>2008</year></date></history><permissions><copyright-statement>© 2008 The Author(s)</copyright-statement><copyright-year>2008</copyright-year><license license-type="creative-commons" xlink:href="http://creativecommons.org/licenses/by-nc/2.0/uk/"><p><!--CREATIVE COMMONS-->This is an Open Access article distributed under the terms of the Creative Commons Attribution Non-Commercial License (<ext-link ext-link-type="uri" xlink:href="http://creativecommons.org/licenses/by-nc/2.0/uk/">http://creativecommons.org/licenses/by-nc/2.0/uk/</ext-link>) which permits unrestricted non-commercial use, distribution, and reproduction in any medium, provided the original work is properly cited.</p></license></permissions><abstract><p><bold>Summary:</bold> The MAGE-TAB format for microarray data representation and exchange has been proposed by the microarray community to replace the more complex MAGE-ML format. We present a suite of tools to support MAGE-TAB generation and validation, conversion between existing formats for data exchange, visualization of the experiment designs encoded by MAGE-TAB documents and the mining of such documents for semantic content.</p><p><bold>Availability:</bold> Software is available from <ext-link ext-link-type="uri" xlink:href="http://tab2mage.sourceforge.net/">http://tab2mage.sourceforge.net/</ext-link></p><p><bold>Contact:</bold><email>tfrayner@gmail.com</email></p></abstract></article-meta></front></article>