<article xmlns="https://jats.nlm.nih.gov/ns/archiving/1.2/" xmlns:xsi="http://www.w3.org/2001/XMLSchema-instance" xmlns:mml="http://www.w3.org/1998/Math/MathML" xmlns:xlink="http://www.w3.org/1999/xlink" xsi:schemaLocation="https://jats.nlm.nih.gov/ns/archiving/1.2/ https://jats.nlm.nih.gov/archiving/1.2/xsd/JATS-archivearticle1.xsd" article-type="research-article"><front><journal-meta><journal-id journal-id-type="nlm-ta">Bioinformatics</journal-id><journal-id journal-id-type="publisher-id">bioinformatics</journal-id><journal-id journal-id-type="hwp">bioinfo</journal-id><journal-title-group><journal-title>Bioinformatics</journal-title></journal-title-group><issn pub-type="ppub">1367-4803</issn><issn pub-type="epub">1460-2059</issn><publisher><publisher-name>Oxford University Press</publisher-name></publisher></journal-meta><article-meta><article-id pub-id-type="accession">PMC2677745</article-id><article-id pub-id-type="pmcid">PMC2677745</article-id><article-id pub-id-type="pmc-uid">2677745</article-id><article-id pub-id-type="pmid">19304875</article-id><article-id pub-id-type="pmid">19304875</article-id><article-id pub-id-type="doi">10.1093/bioinformatics/btp154</article-id><article-id pub-id-type="publisher-id">btp154</article-id><article-categories><subj-group subj-group-type="heading"><subject>Original Papers</subject><subj-group><subject>Sequence Analysis</subject></subj-group></subj-group></article-categories><title-group><article-title>Local RNA structure alignment with incomplete sequence</article-title></title-group><contrib-group><contrib contrib-type="author"><name><surname>Kolbe</surname><given-names>Diana L.</given-names></name></contrib><contrib contrib-type="author"><name><surname>Eddy</surname><given-names>Sean R.</given-names></name><xref ref-type="corresp" rid="COR1">*</xref></contrib></contrib-group><aff>HHMI Janelia Farm Research Campus, Ashburn VA 20147, USA</aff><author-notes><corresp id="COR1">*To whom correspondence should be addressed.</corresp><fn><p>Associate Editor: Ivo Hofacker</p></fn></author-notes><pub-date pub-type="ppub"><day>15</day><month>5</month><year>2009</year></pub-date><pub-date pub-type="epub"><day>20</day><month>3</month><year>2009</year></pub-date><pub-date pub-type="pmc-release"><day>20</day><month>3</month><year>2009</year></pub-date><!-- PMC Release delay is 0 months and 0 days and was based on the
							<pub-date pub-type="epub"/>. --><volume>25</volume><issue>10</issue><fpage>1236</fpage><lpage>1243</lpage><history><date date-type="received"><day>20</day><month>11</month><year>2008</year></date><date date-type="rev-recd"><day>12</day><month>3</month><year>2009</year></date><date date-type="accepted"><day>14</day><month>3</month><year>2009</year></date></history><permissions><copyright-statement>© 2009 The Author(s)</copyright-statement><copyright-year>2009</copyright-year><license license-type="creative-commons" xlink:href="http://creativecommons.org/licenses/by-nc/2.0/uk/"><license-p><!--CREATIVE COMMONS-->This is an Open Access article distributed under the terms of the Creative Commons Attribution Non-Commercial License (<ext-link ext-link-type="uri" xlink:href="http://creativecommons.org/licenses/by-nc/2.0/uk/">http://creativecommons.org/licenses/by-nc/2.0/uk/</ext-link>) which permits unrestricted non-commercial use, distribution, and reproduction in any medium, provided the original work is properly cited.</license-p></license></permissions><abstract><p><bold>Motivation:</bold> Accuracy of automated structural RNA alignment is improved by using models that consider not only primary sequence but also secondary structure information. However, current RNA structural alignment approaches tend to perform poorly on incomplete sequence fragments, such as single reads from metagenomic environmental surveys, because nucleotides that are expected to be base paired are missing.</p><p><bold>Results:</bold> We present a local RNA structural alignment algorithm, trCYK, for aligning and scoring incomplete sequences under a model using primary sequence conservation and secondary structure information when possible. The trCYK algorithm improves alignment accuracy and coverage of sequence fragments of structural RNAs in simulated metagenomic shotgun datasets.</p><p><bold>Availability:</bold> The source code for Infernal 1.0, which includes trCYK, is available at <ext-link ext-link-type="uri" xlink:href="http://infernal.janelia.org">http://infernal.janelia.org</ext-link></p><p><bold>Contact:</bold><email>kolbed@janelia.hhmi.org</email>; <email>eddys@janelia.hhmi.org</email></p><p><bold>Supplementary information:</bold><ext-link ext-link-type="uri" xlink:href="http://bioinformatics.oxfordjournals.org/cgi/content/full/btp154/DC1">Supplementary data</ext-link> are available at <italic>Bioinformatics</italic> online.</p></abstract></article-meta></front></article>