<article xmlns="https://dtd.nlm.nih.gov/ns/archiving/2.3/" xmlns:xsi="http://www.w3.org/2001/XMLSchema-instance" xmlns:mml="http://www.w3.org/1998/Math/MathML" xmlns:xlink="http://www.w3.org/1999/xlink" xsi:schemaLocation="https://dtd.nlm.nih.gov/ns/archiving/2.3/ https://dtd.nlm.nih.gov/archiving/2.3/xsd/archivearticle.xsd" article-type="research-article" xml:lang="EN"><front><journal-meta><journal-id journal-id-type="nlm-ta">Bioinformatics</journal-id><journal-id journal-id-type="publisher-id">bioinformatics</journal-id><journal-id journal-id-type="hwp">bioinfo</journal-id><journal-title>Bioinformatics</journal-title><issn pub-type="ppub">1367-4803</issn><issn pub-type="epub">1460-2059</issn><publisher><publisher-name>Oxford University Press</publisher-name></publisher></journal-meta><article-meta><article-id pub-id-type="accession">PMC2660878</article-id><article-id pub-id-type="pmcid">PMC2660878</article-id><article-id pub-id-type="pmc-uid">2660878</article-id><article-id pub-id-type="pmid">19223448</article-id><article-id pub-id-type="doi">10.1093/bioinformatics/btp090</article-id><article-id pub-id-type="publisher-id">btp090</article-id><article-categories><subj-group subj-group-type="heading"><subject>Original Papers</subject><subj-group><subject>Genome Analysis</subject></subj-group></subj-group></article-categories><title-group><article-title><italic>M</italic> are better than one: an ensemble-based motif finder and its application to regulatory element prediction</article-title></title-group><contrib-group><contrib contrib-type="author"><name><surname>Yanover</surname><given-names>Chen</given-names></name><xref ref-type="aff" rid="AFF1"><sup>1</sup></xref></contrib><contrib contrib-type="author"><name><surname>Singh</surname><given-names>Mona</given-names></name><xref ref-type="aff" rid="AFF1"><sup>2</sup></xref></contrib><contrib contrib-type="author"><name><surname>Zaslavsky</surname><given-names>Elena</given-names></name><xref ref-type="aff" rid="AFF1"><sup>2</sup></xref><xref ref-type="corresp" rid="COR1">*</xref></contrib></contrib-group><aff id="AFF1"><sup>1</sup>Program in Computational Biology, Fred Hutchinson Cancer Research Center, Seattle, WA and <sup>2</sup>Department of Computer Science and Lewis-Sigler Institute for Integrative Genomics, Princeton University, Princeton, NJ, USA</aff><author-notes><corresp id="COR1">*To whom correspondence should be addressed.</corresp><fn><p>Associate Editor: Alfonso Valencia</p></fn></author-notes><pub-date pub-type="ppub"><day>1</day><month>4</month><year>2009</year></pub-date><pub-date pub-type="epub"><day>17</day><month>2</month><year>2009</year></pub-date><volume>25</volume><issue>7</issue><fpage>868</fpage><lpage>874</lpage><history><date date-type="received"><day>20</day><month>8</month><year>2008</year></date><date date-type="rev-recd"><day>7</day><month>1</month><year>2009</year></date><date date-type="accepted"><day>12</day><month>2</month><year>2009</year></date></history><permissions><copyright-statement>© The Author 2009. Published by Oxford University Press. All rights reserved. For Permissions, please email: journals.permissions@oxfordjournals.org</copyright-statement><copyright-year>2009</copyright-year></permissions><abstract><p><bold>Motivation:</bold> Identifying regulatory elements in genomic sequences is a key component in understanding the control of gene expression. Computationally, this problem is often addressed by motif discovery, where the goal is to find a set of mutually similar subsequences within a collection of input sequences. Though motif discovery is widely studied and many approaches to it have been suggested, it remains a challenging and as yet unresolved problem.</p><p><bold>Results:</bold> We introduce SAMF (Solution-Aggregating Motif Finder), a novel approach for motif discovery. SAMF is based on a Markov Random Field formulation, and its key idea is to uncover and aggregate multiple statistically significant solutions to the given motif finding problem. In contrast to many earlier methods, SAMF does not require prior estimates on the number of motif instances present in the data, is not limited by motif length, and allows motifs to overlap. Though SAMF is broadly applicable, these features make it particularly well suited for addressing the challenges of prokaryotic regulatory element detection. We test SAMF's ability to find transcription factor binding sites in an <italic>Escherichia coli</italic> dataset and show that it outperforms previous methods. Additionally, we uncover a number of previously unidentified binding sites in this data, and provide evidence that they correspond to actual regulatory elements.</p><p><bold>Contact:</bold><email>cyanover@fhcrc.org</email>, <email>msingh@cs.princeton.edu</email>,<email>elenaz@cs.princeton.edu</email></p><p><bold>Supplementary information:</bold><ext-link ext-link-type="uri" xlink:href="http://bioinformatics.oxfordjournals.org/cgi/content/full/btp090/DC1">Supplementary data</ext-link> are available at <italic>Bioinformatics</italic> online.</p></abstract></article-meta></front></article>