<article xmlns="https://jats.nlm.nih.gov/ns/archiving/1.2/" xmlns:xsi="http://www.w3.org/2001/XMLSchema-instance" xmlns:mml="http://www.w3.org/1998/Math/MathML" xmlns:xlink="http://www.w3.org/1999/xlink" xsi:schemaLocation="https://jats.nlm.nih.gov/ns/archiving/1.2/ https://jats.nlm.nih.gov/archiving/1.2/xsd/JATS-archivearticle1.xsd" article-type="research-article"><front><journal-meta><journal-id journal-id-type="nlm-ta">Bioinformatics</journal-id><journal-id journal-id-type="publisher-id">bioinformatics</journal-id><journal-id journal-id-type="hwp">bioinfo</journal-id><journal-title-group><journal-title>Bioinformatics</journal-title></journal-title-group><issn pub-type="ppub">1367-4803</issn><issn pub-type="epub">1460-2059</issn><publisher><publisher-name>Oxford University Press</publisher-name></publisher></journal-meta><article-meta><article-id pub-id-type="accession">PMC2677737</article-id><article-id pub-id-type="pmcid">PMC2677737</article-id><article-id pub-id-type="pmc-uid">2677737</article-id><article-id pub-id-type="pmid">19289448</article-id><article-id pub-id-type="pmid">19289448</article-id><article-id pub-id-type="doi">10.1093/bioinformatics/btp139</article-id><article-id pub-id-type="publisher-id">btp139</article-id><article-categories><subj-group subj-group-type="heading"><subject>Original Papers</subject><subj-group><subject>Systems Biology</subject></subj-group></subj-group></article-categories><title-group><article-title>Gaussian process regression bootstrapping: exploring the effects of uncertainty in time course data</article-title></title-group><contrib-group><contrib contrib-type="author"><name><surname>Kirk</surname><given-names>Paul D. W.</given-names></name><xref ref-type="corresp" rid="COR1">*</xref></contrib><contrib contrib-type="author"><name><surname>Stumpf</surname><given-names>Michael P. H.</given-names></name><xref ref-type="corresp" rid="COR1">*</xref></contrib></contrib-group><aff>Centre for Bioinformatics, Division of Molecular Biosciences, Imperial College London, London SW7 2AZ, UK</aff><author-notes><corresp id="COR1">*To whom correspondence should be addressed.</corresp><fn><p>Associate Editor: Limsoon Wong</p></fn></author-notes><pub-date pub-type="ppub"><day>15</day><month>5</month><year>2009</year></pub-date><pub-date pub-type="epub"><day>17</day><month>3</month><year>2009</year></pub-date><pub-date pub-type="pmc-release"><day>17</day><month>3</month><year>2009</year></pub-date><!-- PMC Release delay is 0 months and 0 days and was based on the
							<pub-date pub-type="epub"/>. --><volume>25</volume><issue>10</issue><fpage>1300</fpage><lpage>1306</lpage><history><date date-type="received"><day>21</day><month>11</month><year>2008</year></date><date date-type="rev-recd"><day>3</day><month>2</month><year>2009</year></date><date date-type="accepted"><day>7</day><month>3</month><year>2009</year></date></history><permissions><copyright-statement>© 2009 The Author(s)</copyright-statement><copyright-year>2009</copyright-year><license license-type="creative-commons" xlink:href="http://creativecommons.org/licenses/by-nc/2.0/uk/"><license-p><!--CREATIVE COMMONS-->This is an Open Access article distributed under the terms of the Creative Commons Attribution Non-Commercial License (<ext-link ext-link-type="uri" xlink:href="http://creativecommons.org/licenses/by-nc/2.0/uk/">http://creativecommons.org/licenses/by-nc/2.0/uk/</ext-link>) which permits unrestricted non-commercial use, distribution, and reproduction in any medium, provided the original work is properly cited.</license-p></license></permissions><abstract><p><bold>Motivation:</bold> Although widely accepted that high-throughput biological data are typically highly noisy, the effects that this uncertainty has upon the conclusions we draw from these data are often overlooked. However, in order to assign any degree of confidence to our conclusions, we must quantify these effects. <italic>Bootstrap</italic> resampling is one method by which this may be achieved. Here, we present a parametric bootstrapping approach for time-course data, in which Gaussian process regression (GPR) is used to fit a probabilistic model from which replicates may then be drawn. This approach implicitly allows the time dependence of the data to be taken into account, and is applicable to a wide range of problems.</p><p><bold>Results:</bold> We apply GPR bootstrapping to two datasets from the literature. In the first example, we show how the approach may be used to investigate the effects of data uncertainty upon the estimation of parameters in an ordinary differential equations (ODE) model of a cell signalling pathway. Although we find that the parameter estimates inferred from the original dataset are relatively robust to data uncertainty, we also identify a distinct second set of estimates. In the second example, we use our method to show that the topology of networks constructed from time-course gene expression data appears to be sensitive to data uncertainty, although there may be individual edges in the network that are robust in light of present data.</p><p><bold>Availability:</bold> Matlab code for performing GPR bootstrapping is available from our web site: <ext-link ext-link-type="uri" xlink:href="http://www3.imperial.ac.uk/theoreticalsystemsbiology/data-software/">http://www3.imperial.ac.uk/theoreticalsystemsbiology/data-software/</ext-link></p><p><bold>Contact:</bold><email>paul.kirk@imperial.ac.uk</email>, <email>m.stumpf@imperial.ac.uk</email></p><p><bold>Supplementary information:</bold><ext-link ext-link-type="uri" xlink:href="http://bioinformatics.oxfordjournals.org/cgi/content/full/btp139/DC1">Supplementary data</ext-link> are available at <italic>Bioinformatics</italic> online.</p></abstract></article-meta></front></article>