<article xmlns="https://dtd.nlm.nih.gov/ns/archiving/2.3/" xmlns:xsi="http://www.w3.org/2001/XMLSchema-instance" xmlns:mml="http://www.w3.org/1998/Math/MathML" xmlns:xlink="http://www.w3.org/1999/xlink" xsi:schemaLocation="https://dtd.nlm.nih.gov/ns/archiving/2.3/ https://dtd.nlm.nih.gov/archiving/2.3/xsd/archivearticle.xsd" article-type="research-article" xml:lang="EN"><front><journal-meta><journal-id journal-id-type="nlm-ta">Bioinformatics</journal-id><journal-id journal-id-type="publisher-id">bioinformatics</journal-id><journal-id journal-id-type="hwp">bioinfo</journal-id><journal-title>Bioinformatics</journal-title><issn pub-type="ppub">1367-4803</issn><issn pub-type="epub">1460-2059</issn><publisher><publisher-name>Oxford University Press</publisher-name></publisher></journal-meta><article-meta><article-id pub-id-type="accession">PMC2639077</article-id><article-id pub-id-type="pmcid">PMC2639077</article-id><article-id pub-id-type="pmc-uid">2639077</article-id><article-id pub-id-type="pmid">19129208</article-id><article-id pub-id-type="doi">10.1093/bioinformatics/btn632</article-id><article-id pub-id-type="publisher-id">btn632</article-id><article-id pub-id-type="pmid">19129208</article-id><article-categories><subj-group subj-group-type="heading"><subject>Original Papers</subject><subj-group><subject>Phylogenetics</subject></subj-group></subj-group></article-categories><title-group><article-title>PanCGH: a genotype-calling algorithm for pangenome CGH data</article-title></title-group><contrib-group><contrib contrib-type="author"><name><surname>Bayjanov</surname><given-names>Jumamurat R.</given-names></name><xref ref-type="aff" rid="AFF1"><sup>1</sup></xref><xref ref-type="corresp" rid="COR1">*</xref></contrib><contrib contrib-type="author"><name><surname>Wels</surname><given-names>Michiel</given-names></name><xref ref-type="aff" rid="AFF1"><sup>1</sup></xref><xref ref-type="aff" rid="AFF1"><sup>2</sup></xref><xref ref-type="aff" rid="AFF1"><sup>3</sup></xref></contrib><contrib contrib-type="author"><name><surname>Starrenburg</surname><given-names>Marjo</given-names></name><xref ref-type="aff" rid="AFF1"><sup>2</sup></xref><xref ref-type="aff" rid="AFF1"><sup>4</sup></xref></contrib><contrib contrib-type="author"><name><surname>van Hylckama Vlieg</surname><given-names>Johan E. T.</given-names></name><xref ref-type="aff" rid="AFF1"><sup>2</sup></xref><xref ref-type="aff" rid="AFF1"><sup>3</sup></xref><xref ref-type="aff" rid="AFF1"><sup>4</sup></xref></contrib><contrib contrib-type="author"><name><surname>Siezen</surname><given-names>Roland J.</given-names></name><xref ref-type="aff" rid="AFF1"><sup>1</sup></xref><xref ref-type="aff" rid="AFF1"><sup>2</sup></xref><xref ref-type="aff" rid="AFF1"><sup>3</sup></xref><xref ref-type="aff" rid="AFF1"><sup>4</sup></xref></contrib><contrib contrib-type="author"><name><surname>Molenaar</surname><given-names>Douwe</given-names></name><xref ref-type="aff" rid="AFF1"><sup>2</sup></xref><xref ref-type="aff" rid="AFF1"><sup>3</sup></xref><xref ref-type="aff" rid="AFF1"><sup>4</sup></xref></contrib></contrib-group><aff id="AFF1"><sup>1</sup>Center for Molecular and Biomolecular Informatics, Nijmegen Center for Molecular Life Sciences, Radboud University Medical Centre, P.O. Box 9101, 6500 HB Nijmegen, <sup>2</sup>NIZO food research, P.O. Box 20, 6710 BA Ede, <sup>3</sup>TI Food and Nutrition, P.O. Box 557, 6700 AN Wageningen and <sup>4</sup>Kluyver Centre for Genomics of Industrial Fermentation, Delft, The Netherlands</aff><author-notes><corresp id="COR1">*To whom correspondence should be addressed.</corresp><fn><p>Associate Editor: Martin Bishop</p></fn></author-notes><pub-date pub-type="ppub"><day>1</day><month>2</month><year>2009</year></pub-date><pub-date pub-type="epub"><day>7</day><month>1</month><year>2009</year></pub-date><pub-date pub-type="pmc-release"><day>7</day><month>1</month><year>2009</year></pub-date><volume>25</volume><issue>3</issue><fpage>309</fpage><lpage>314</lpage><history><date date-type="received"><day>9</day><month>9</month><year>2008</year></date><date date-type="rev-recd"><day>20</day><month>11</month><year>2008</year></date><date date-type="accepted"><day>4</day><month>12</month><year>2008</year></date></history><permissions><copyright-statement>© 2009 The Author(s)</copyright-statement><copyright-year>2009</copyright-year><license license-type="creative-commons" xlink:href="http://creativecommons.org/licenses/by-nc/2.0/uk/"><p><!--CREATIVE COMMONS-->This is an Open Access article distributed under the terms of the Creative Commons Attribution Non-Commercial License (<ext-link ext-link-type="uri" xlink:href="http://creativecommons.org/licenses/by-nc/2.0/uk/">http://creativecommons.org/licenses/by-nc/2.0/uk/</ext-link>) which permits unrestricted non-commercial use, distribution, and reproduction in any medium, provided the original work is properly cited.</p></license></permissions><abstract><p><bold>Motivation:</bold> Pangenome arrays contain DNA oligomers targeting several sequenced reference genomes from the same species. In microbiology, these can be employed to investigate the often high genetic variability within a species by comparative genome hybridization (CGH). The biological interpretation of pangenome CGH data depends on the ability to compare strains at a functional level, particularly by comparing the presence or absence of orthologous genes. Due to the high genetic variability, available genotype-calling algorithms can not be applied to pangenome CGH data.</p><p><bold>Results:</bold> We have developed the algorithm PanCGH that incorporates orthology information about genes to predict the presence or absence of orthologous genes in a query organism using CGH arrays that target the genomes of sequenced representatives of a group of microorganisms. PanCGH was tested and applied in the analysis of genetic diversity among 39 <italic>Lactococcus lactis</italic> strains from three different subspecies (<italic>lactis.cremoris</italic>, <italic>hordniae</italic>) and isolated from two different niches (dairy and plant). Clustering of these strains using the presence/absence data of gene orthologs revealed a clear separation between different subspecies and reflected the niche of the strains.</p><p><bold>Contact:</bold><email>J.Bayjanov@cmbi.ru.nl</email></p><p><bold>Supplementary information:</bold><ext-link ext-link-type="uri" xlink:href="http://bioinformatics.oxfordjournals.org/cgi/content/full/btn632/DC1">Supplementary data</ext-link> are available at <italic>Bioinformatics</italic> online.</p></abstract></article-meta></front></article>