<article xmlns="https://dtd.nlm.nih.gov/ns/archiving/2.3/" xmlns:xsi="http://www.w3.org/2001/XMLSchema-instance" xmlns:mml="http://www.w3.org/1998/Math/MathML" xmlns:xlink="http://www.w3.org/1999/xlink" xsi:schemaLocation="https://dtd.nlm.nih.gov/ns/archiving/2.3/ https://dtd.nlm.nih.gov/archiving/2.3/xsd/archivearticle.xsd" article-type="research-article" xml:lang="EN"><front><journal-meta><journal-id journal-id-type="nlm-ta">Bioinformatics</journal-id><journal-id journal-id-type="publisher-id">bioinformatics</journal-id><journal-id journal-id-type="hwp">bioinfo</journal-id><journal-title>Bioinformatics</journal-title><issn pub-type="ppub">1367-4803</issn><issn pub-type="epub">1460-2059</issn><publisher><publisher-name>Oxford University Press</publisher-name></publisher></journal-meta><article-meta><article-id pub-id-type="accession">PMC2373921</article-id><article-id pub-id-type="pmcid">PMC2373921</article-id><article-id pub-id-type="pmc-uid">2373921</article-id><article-id pub-id-type="pmid">18400774</article-id><article-id pub-id-type="doi">10.1093/bioinformatics/btn126</article-id><article-id pub-id-type="publisher-id">btn126</article-id><article-id pub-id-type="pmid">18400774</article-id><article-categories><subj-group subj-group-type="heading"><subject>Applications Notes</subject><subj-group><subject>Systems Biology</subject></subj-group></subj-group></article-categories><title-group><article-title>A system for generating transcription regulatory networks with combinatorial control of transcription</article-title></title-group><contrib-group><contrib contrib-type="author"><name><surname>Roy</surname><given-names>Sushmita</given-names></name><xref ref-type="aff" rid="AFF1"><sup>1</sup></xref></contrib><contrib contrib-type="author"><name><surname>Werner-Washburne</surname><given-names>Margaret</given-names></name><xref ref-type="aff" rid="AFF1"><sup>2</sup></xref></contrib><contrib contrib-type="author"><name><surname>Lane</surname><given-names>Terran</given-names></name><xref ref-type="aff" rid="AFF1"><sup>1</sup></xref><xref ref-type="corresp" rid="COR1">*</xref></contrib></contrib-group><aff id="AFF1"><sup>1</sup>Department of Computer Science and <sup>2</sup>Department of Biology, University of New Mexico, Albuquerque, NM 87131, USA</aff><author-notes><corresp id="COR1">*To whom correspondence should be addressed.</corresp><fn><p>Associate Editor: Limsoon Wong</p></fn></author-notes><pub-date pub-type="ppub"><day>15</day><month>5</month><year>2008</year></pub-date><pub-date pub-type="epub"><day>8</day><month>4</month><year>2008</year></pub-date><pub-date pub-type="pmc-release"><day>8</day><month>4</month><year>2008</year></pub-date><volume>24</volume><issue>10</issue><fpage>1318</fpage><lpage>1320</lpage><history><date date-type="received"><day>21</day><month>1</month><year>2008</year></date><date date-type="rev-recd"><day>13</day><month>3</month><year>2008</year></date><date date-type="accepted"><day>4</day><month>4</month><year>2008</year></date></history><permissions><copyright-statement>© 2008 The Author(s)</copyright-statement><copyright-year>2008</copyright-year><license license-type="creative-commons" xlink:href="http://creativecommons.org/licenses/by-nc/2.0/uk/"><p><!--CREATIVE COMMONS-->This is an Open Access article distributed under the terms of the Creative Commons Attribution Non-Commercial License (<ext-link ext-link-type="uri" xlink:href="http://creativecommons.org/licenses/by-nc/2.0/uk/">http://creativecommons.org/licenses/by-nc/2.0/uk/</ext-link>) which permits unrestricted non-commercial use, distribution, and reproduction in any medium, provided the original work is properly cited.</p></license></permissions><abstract><p><bold>Summary:</bold> We have developed a new software system, REgulatory Network generator with COmbinatorial control (RENCO), for automatic generation of differential equations describing pre-transcriptional combinatorics in artificial regulatory networks. RENCO has the following benefits: (a) it explicitly models protein–protein interactions among transcription factors, (b) it captures combinatorial control of transcription factors on target genes and (c) it produces output in Systems Biology Markup Language (SBML) format, which allows these equations to be directly imported into existing simulators. Explicit modeling of the protein interactions allows RENCO to incorporate greater mechanistic detail of the transcription machinery compared to existing models and can provide a better assessment of algorithms for regulatory network inference.</p><p><bold>Availability:</bold> RENCO is a C++ command line program, available at <ext-link ext-link-type="uri" xlink:href="http://sourceforge.net/projects/renco/">http://sourceforge.net/projects/renco/</ext-link></p><p><bold>Contact:</bold><email>terran@cs.unm.edu</email></p><p><bold>Supplementary information:</bold> Supplementary data are available at <italic>Bioinformatics</italic> online.</p></abstract></article-meta></front></article>