<article xmlns="https://dtd.nlm.nih.gov/ns/archiving/2.3/" xmlns:xsi="http://www.w3.org/2001/XMLSchema-instance" xmlns:mml="http://www.w3.org/1998/Math/MathML" xmlns:xlink="http://www.w3.org/1999/xlink" xsi:schemaLocation="https://dtd.nlm.nih.gov/ns/archiving/2.3/ https://dtd.nlm.nih.gov/archiving/2.3/xsd/archivearticle.xsd" article-type="research-article" xml:lang="EN"><front><journal-meta><journal-id journal-id-type="nlm-ta">Bioinformatics</journal-id><journal-id journal-id-type="publisher-id">bioinformatics</journal-id><journal-id journal-id-type="hwp">bioinfo</journal-id><journal-title>Bioinformatics</journal-title><issn pub-type="ppub">1367-4803</issn><issn pub-type="epub">1460-2059</issn><publisher><publisher-name>Oxford University Press</publisher-name></publisher></journal-meta><article-meta><article-id pub-id-type="accession">PMC2553439</article-id><article-id pub-id-type="pmcid">PMC2553439</article-id><article-id pub-id-type="pmc-uid">2553439</article-id><article-id pub-id-type="pmid">18676972</article-id><article-id pub-id-type="doi">10.1093/bioinformatics/btn403</article-id><article-id pub-id-type="publisher-id">btn403</article-id><article-id pub-id-type="pmid">18676972</article-id><article-categories><subj-group subj-group-type="heading"><subject>Original Papers</subject><subj-group><subject>Genome Analysis</subject></subj-group></subj-group></article-categories><title-group><article-title>Predicting pathway membership via domain signatures</article-title></title-group><contrib-group><contrib contrib-type="author"><name><surname>Fröhlich</surname><given-names>Holger</given-names></name><xref ref-type="corresp" rid="COR1">*</xref></contrib><contrib contrib-type="author"><name><surname>Fellmann</surname><given-names>Mark</given-names></name></contrib><contrib contrib-type="author"><name><surname>Sültmann</surname><given-names>Holger</given-names></name></contrib><contrib contrib-type="author"><name><surname>Poustka</surname><given-names>Annemarie</given-names></name></contrib><contrib contrib-type="author"><name><surname>Beißbarth</surname><given-names>Tim</given-names></name></contrib></contrib-group><aff>German Cancer Research Center (DKFZ), Im Neuenheimer Feld 580, 69120 Heidelberg, Germany</aff><author-notes><corresp id="COR1">*To whom correspondence should be addressed.</corresp><fn><p>Associate Editor: Dmitrij Frishman</p></fn></author-notes><pub-date pub-type="ppub"><day>1</day><month>10</month><year>2008</year></pub-date><pub-date pub-type="epub"><day>1</day><month>8</month><year>2008</year></pub-date><pub-date pub-type="pmc-release"><day>1</day><month>8</month><year>2008</year></pub-date><volume>24</volume><issue>19</issue><fpage>2137</fpage><lpage>2142</lpage><history><date date-type="received"><day>23</day><month>4</month><year>2008</year></date><date date-type="rev-recd"><day>8</day><month>7</month><year>2008</year></date><date date-type="accepted"><day>28</day><month>7</month><year>2008</year></date></history><permissions><copyright-statement>© 2008 The Author(s)</copyright-statement><copyright-year>2008</copyright-year><license license-type="creative-commons" xlink:href="http://creativecommons.org/licenses/by-nc/2.0/uk/"><p><!--CREATIVE COMMONS-->This is an Open Access article distributed under the terms of the Creative Commons Attribution Non-Commercial License (<ext-link ext-link-type="uri" xlink:href="http://creativecommons.org/licenses/by-nc/2.0/uk/">http://creativecommons.org/licenses/by-nc/2.0/uk/</ext-link>) which permits unrestricted non-commercial use, distribution, and reproduction in any medium, provided the original work is properly cited.</p></license></permissions><abstract><p><bold>Motivation:</bold> Functional characterization of genes is of great importance for the understanding of complex cellular processes. Valuable information for this purpose can be obtained from pathway databases, like KEGG. However, only a small fraction of genes is annotated with pathway information up to now. In contrast, information on contained protein domains can be obtained for a significantly higher number of genes, e.g. from the InterPro database.</p><p><bold>Results:</bold> We present a classification model, which for a specific gene of interest can predict the mapping to a KEGG pathway, based on its domain signature. The classifier makes explicit use of the hierarchical organization of pathways in the KEGG database. Furthermore, we take into account that a specific gene can be mapped to different pathways at the same time. The classification method produces a scoring of all possible mapping positions of the gene in the KEGG hierarchy. Evaluations of our model, which is a combination of a SVM and ranking perceptron approach, show a high prediction performance. Moreover, for signaling pathways we reveal that it is even possible to forecast accurately the membership to individual pathway components.</p><p><bold>Availability:</bold> The R package <italic>gene2pathway</italic> is a supplement to this article.</p><p><bold>Contact:</bold><email>h.froehlich@dkfz-heidelberg.de</email></p><p><bold>Supplementary Information:</bold><ext-link ext-link-type="uri" xlink:href="http://bioinformatics.oxfordjournals.org/cgi/content/full/btn403/DC1">Supplementary data</ext-link> are available at <italic>Bioinformatics</italic> online.</p></abstract></article-meta></front></article>