<article xmlns="https://jats.nlm.nih.gov/ns/archiving/1.2/" xmlns:xsi="http://www.w3.org/2001/XMLSchema-instance" xmlns:mml="http://www.w3.org/1998/Math/MathML" xmlns:xlink="http://www.w3.org/1999/xlink" xsi:schemaLocation="https://jats.nlm.nih.gov/ns/archiving/1.2/ https://jats.nlm.nih.gov/archiving/1.2/xsd/JATS-archivearticle1.xsd" article-type="research-article"><front><journal-meta><journal-id journal-id-type="nlm-ta">Bioinformatics</journal-id><journal-id journal-id-type="publisher-id">bioinformatics</journal-id><journal-id journal-id-type="hwp">bioinfo</journal-id><journal-title-group><journal-title>Bioinformatics</journal-title></journal-title-group><issn pub-type="ppub">1367-4803</issn><issn pub-type="epub">1460-2059</issn><publisher><publisher-name>Oxford University Press</publisher-name></publisher></journal-meta><article-meta><article-id pub-id-type="accession">PMC2530884</article-id><article-id pub-id-type="pmcid">PMC2530884</article-id><article-id pub-id-type="pmc-uid">2530884</article-id><article-id pub-id-type="pmid">18689808</article-id><article-id pub-id-type="pmid">18689808</article-id><article-id pub-id-type="doi">10.1093/bioinformatics/btn397</article-id><article-id pub-id-type="publisher-id">btn397</article-id><article-categories><subj-group subj-group-type="heading"><subject>Applications Note</subject><subj-group><subject>Sequence Analysis</subject></subj-group></subj-group></article-categories><title-group><article-title>BioJava: an open-source framework for bioinformatics</article-title></title-group><contrib-group><contrib contrib-type="author"><name><surname>Holland</surname><given-names>R. C. G.</given-names></name><xref ref-type="aff" rid="AFF1"><sup>1</sup></xref></contrib><contrib contrib-type="author"><name><surname>Down</surname><given-names>T. A.</given-names></name><xref ref-type="aff" rid="AFF1"><sup>2</sup></xref></contrib><contrib contrib-type="author"><name><surname>Pocock</surname><given-names>M.</given-names></name><xref ref-type="aff" rid="AFF1"><sup>3</sup></xref></contrib><contrib contrib-type="author"><name><surname>Prlić</surname><given-names>A.</given-names></name><xref ref-type="aff" rid="AFF1"><sup>4</sup></xref><xref ref-type="corresp" rid="COR1">*</xref></contrib><contrib contrib-type="author"><name><surname>Huen</surname><given-names>D.</given-names></name><xref ref-type="aff" rid="AFF1"><sup>5</sup></xref></contrib><contrib contrib-type="author"><name><surname>James</surname><given-names>K.</given-names></name><xref ref-type="aff" rid="AFF1"><sup>4</sup></xref></contrib><contrib contrib-type="author"><name><surname>Foisy</surname><given-names>S.</given-names></name><xref ref-type="aff" rid="AFF1"><sup>6</sup></xref></contrib><contrib contrib-type="author"><name><surname>Dräger</surname><given-names>A.</given-names></name><xref ref-type="aff" rid="AFF1"><sup>7</sup></xref></contrib><contrib contrib-type="author"><name><surname>Yates</surname><given-names>A.</given-names></name><xref ref-type="aff" rid="AFF1"><sup>1</sup></xref></contrib><contrib contrib-type="author"><name><surname>Heuer</surname><given-names>M.</given-names></name><xref ref-type="aff" rid="AFF1"><sup>8</sup></xref></contrib><contrib contrib-type="author"><name><surname>Schreiber</surname><given-names>M. J.</given-names></name><xref ref-type="aff" rid="AFF1"><sup>9</sup></xref></contrib></contrib-group><aff id="AFF1"><sup>1</sup>European Bioinformatics Institute (EMBL-EBI), Genome Campus, Hinxton, Cambridgeshire CB10 1SD, <sup>2</sup>Gurdon Institute and Department of Genetics, Cambridge CB2 1QN, <sup>3</sup>University Newcaste Upon Tyne, Newcastle Upon Tyne, NE1 7RU, <sup>4</sup>Wellcome Trust Sanger Institute, Genome Campus, Hinxton, Cambridgeshire CB10 1SA, <sup>5</sup>Department of Genetics, University of Cambridge, Cambridge CB2 3EH, UK, <sup>6</sup>Laboratory in Genetics and Genomic Medicine of Inflammation, Montreal Heart Institute, Montreal, Canada H1T 1C8, <sup>7</sup>Eberhard Karls University Tübingen, Center for Bioinformatics (ZBIT), Tübingen, Germany, <sup>8</sup>Harbinger Partners, Inc. St. Paul, MN, USA and <sup>9</sup>Novartis Institute for Tropical Diseases, 10 Biopolis Road, Chromos #05-01, Singapore 138670</aff><author-notes><corresp id="COR1"><sup>*</sup>To whom correspondence should be addressed.</corresp><fn><p>Associate Editor: Anna Tromontano</p></fn></author-notes><pub-date pub-type="ppub"><day>15</day><month>9</month><year>2008</year></pub-date><pub-date pub-type="epub"><day>8</day><month>8</month><year>2008</year></pub-date><pub-date pub-type="pmc-release"><day>8</day><month>8</month><year>2008</year></pub-date><!-- PMC Release delay is 0 months and 0 days and was based on the
							<pub-date pub-type="epub"/>. --><volume>24</volume><issue>18</issue><fpage>2096</fpage><lpage>2097</lpage><history><date date-type="received"><day>23</day><month>5</month><year>2008</year></date><date date-type="rev-recd"><day>30</day><month>6</month><year>2008</year></date><date date-type="accepted"><day>25</day><month>7</month><year>2008</year></date></history><permissions><copyright-statement>© 2008 The Author(s)</copyright-statement><copyright-year>2008</copyright-year><license license-type="creative-commons" xlink:href="http://creativecommons.org/licenses/by-nc/2.0/uk/"><license-p><!--CREATIVE COMMONS-->This is an Open Access article distributed under the terms of the Creative Commons Attribution Non-Commercial License (<ext-link ext-link-type="uri" xlink:href="http://creativecommons.org/licenses/by-nc/2.0/uk/">http://creativecommons.org/licenses/by-nc/2.0/uk/</ext-link>) which permits unrestricted non-commercial use, distribution, and reproduction in any medium, provided the original work is properly cited.</license-p></license></permissions><abstract><p><bold>Summary:</bold> BioJava is a mature open-source project that provides a framework for processing of biological data. BioJava contains powerful analysis and statistical routines, tools for parsing common file formats and packages for manipulating sequences and 3D structures. It enables rapid bioinformatics application development in the Java programming language.</p><p><bold>Availability:</bold> BioJava is an open-source project distributed under the Lesser GPL (LGPL). BioJava can be downloaded from the BioJava website (<ext-link ext-link-type="uri" xlink:href="http://www.biojava.org">http://www.biojava.org</ext-link>). BioJava requires Java 1.5 or higher.</p><p><bold>Contact:</bold><email>andreas.prlic@gmail.com</email>. All queries should be directed to the BioJava mailing lists. Details are available at <ext-link ext-link-type="uri" xlink:href="http://biojava.org/wiki/BioJava:MailingLists">http://biojava.org/wiki/BioJava:MailingLists</ext-link>.</p></abstract></article-meta></front></article>