<article xmlns="https://jats.nlm.nih.gov/ns/archiving/1.2/" xmlns:xsi="http://www.w3.org/2001/XMLSchema-instance" xmlns:mml="http://www.w3.org/1998/Math/MathML" xmlns:xlink="http://www.w3.org/1999/xlink" xsi:schemaLocation="https://jats.nlm.nih.gov/ns/archiving/1.2/ https://jats.nlm.nih.gov/archiving/1.2/xsd/JATS-archivearticle1.xsd" article-type="research-article"><front><journal-meta><journal-id journal-id-type="nlm-ta">Bioinformatics</journal-id><journal-id journal-id-type="publisher-id">bioinformatics</journal-id><journal-id journal-id-type="hwp">bioinfo</journal-id><journal-title-group><journal-title>Bioinformatics</journal-title></journal-title-group><issn pub-type="ppub">1367-4803</issn><issn pub-type="epub">1460-2059</issn><publisher><publisher-name>Oxford University Press</publisher-name></publisher></journal-meta><article-meta><article-id pub-id-type="accession">PMC2712334</article-id><article-id pub-id-type="pmcid">PMC2712334</article-id><article-id pub-id-type="pmc-uid">2712334</article-id><article-id pub-id-type="pmid">19398447</article-id><article-id pub-id-type="doi">10.1093/bioinformatics/btp279</article-id><article-id pub-id-type="publisher-id">btp279</article-id><article-categories><subj-group subj-group-type="heading"><subject>Applications Note</subject><subj-group><subject>Gene Expression</subject></subj-group></subj-group></article-categories><title-group><article-title>GeneRegionScan: a Bioconductor package for probe-level analysis of specific, small regions of the genome</article-title></title-group><contrib-group><contrib contrib-type="author"><name><surname>Folkersen</surname><given-names>Lasse</given-names></name><xref ref-type="aff" rid="AFF1"><sup>1</sup></xref><xref ref-type="corresp" rid="COR1">*</xref></contrib><contrib contrib-type="author"><name><surname>Diez</surname><given-names>Diego</given-names></name><xref ref-type="aff" rid="AFF1"><sup>2</sup></xref></contrib><contrib contrib-type="author"><name><surname>Wheelock</surname><given-names>Craig E.</given-names></name><xref ref-type="aff" rid="AFF1"><sup>3</sup></xref></contrib><contrib contrib-type="author"><name><surname>Haeggström</surname><given-names>Jesper Z.</given-names></name><xref ref-type="aff" rid="AFF1"><sup>3</sup></xref></contrib><contrib contrib-type="author"><name><surname>Goto</surname><given-names>Susumu</given-names></name><xref ref-type="aff" rid="AFF1"><sup>2</sup></xref></contrib><contrib contrib-type="author"><name><surname>Eriksson</surname><given-names>Per</given-names></name><xref ref-type="aff" rid="AFF1"><sup>1</sup></xref></contrib><contrib contrib-type="author"><name><surname>Gabrielsen</surname><given-names>Anders</given-names></name><xref ref-type="aff" rid="AFF1"><sup>1</sup></xref></contrib></contrib-group><aff id="AFF1"><sup>1</sup> Center for Molecular Medicine, Karolinska Institute, Stockholm, Sweden, <sup>2</sup> Bioinformatics Center, Institute for Chemical Research, Kyoto University, Uji, Kyoto 611-0011 Japan and <sup>3</sup> Department of Medical Biochemistry and Biophysics, Division of Chemistry II, Karolinska Institutet, Stockholm, Sweden</aff><author-notes><corresp id="COR1">* To whom correspondence should be addressed.</corresp><fn><p>Associate Editor: David Rocke</p></fn></author-notes><pub-date pub-type="ppub"><day>1</day><month>8</month><year>2009</year></pub-date><pub-date pub-type="epub"><day>27</day><month>4</month><year>2009</year></pub-date><pub-date pub-type="pmc-release"><day>27</day><month>4</month><year>2009</year></pub-date><!-- PMC Release delay is 0 months and 0 days and was based on the
							<pub-date pub-type="epub"/>. --><volume>25</volume><issue>15</issue><fpage>1978</fpage><lpage>1979</lpage><history><date date-type="received"><day>13</day><month>3</month><year>2009</year></date><date date-type="rev-recd"><day>6</day><month>4</month><year>2009</year></date><date date-type="accepted"><day>20</day><month>4</month><year>2009</year></date></history><permissions><copyright-statement>© 2009 The Author(s)</copyright-statement><copyright-year>2009</copyright-year><license license-type="creative-commons" xlink:href="http://creativecommons.org/licenses/by-nc/2.0/uk/"><license-p><!--CREATIVE COMMONS-->This is an Open Access article distributed under the terms of the Creative Commons Attribution Non-Commercial License (<ext-link ext-link-type="uri" xlink:href="http://creativecommons.org/licenses/by-nc/2.0/uk/">http://creativecommons.org/licenses/by-nc/2.0/uk/</ext-link>) which permits unrestricted non-commercial use, distribution, and reproduction in any medium, provided the original work is properly cited.</license-p></license></permissions><abstract><p><bold>Summary:</bold> Whole-genome microarrays allow us to interrogate the entire transcriptome of a cell. Affymetrix microarrays are constructed using several probes that match to different regions of a gene and a summarization step reduces this complexity into a single value, representing the expression level of the gene or the expression level of an exon in the case of exon arrays. However, this simplification eliminates information that might be useful when focusing on specific genes of interest. To address these limitations, we present a software package for the R platform that allows detailed analysis of expression at the probe level. The package matches the probe sequences against a target gene sequence (either mRNA or DNA) and shows the expression levels of each probe along the gene. It also features functions to fit a linear regression based on several genetic models that enables study of the relationship between gene expression and genotype.</p><p><bold>Availability and implementation:</bold> The software is implemented as a platform-independent R package available through the Bioconductor repository at <ext-link ext-link-type="uri" xlink:href="http://www.bioconductor.org/">http://www.bioconductor.org/</ext-link>. It is licensed as GPL 2.0.</p><p><bold>Contact:</bold><email>lasse.folkersen@ki.se</email></p><p><bold>Supplementary Information:</bold><ext-link ext-link-type="uri" xlink:href="http://bioinformatics.oxfordjournals.org/cgi/content/full/btp279/DC1">Supplementary data</ext-link> are available at <italic>Bioinformatics</italic> online.</p></abstract></article-meta></front></article>