<article xmlns="https://jats.nlm.nih.gov/ns/archiving/1.2/" xmlns:xsi="http://www.w3.org/2001/XMLSchema-instance" xmlns:mml="http://www.w3.org/1998/Math/MathML" xmlns:xlink="http://www.w3.org/1999/xlink" xsi:schemaLocation="https://jats.nlm.nih.gov/ns/archiving/1.2/ https://jats.nlm.nih.gov/archiving/1.2/xsd/JATS-archivearticle1.xsd" article-type="research-article"><front><journal-meta><journal-id journal-id-type="nlm-ta">Bioinformatics</journal-id><journal-id journal-id-type="publisher-id">bioinformatics</journal-id><journal-id journal-id-type="hwp">bioinfo</journal-id><journal-title-group><journal-title>Bioinformatics</journal-title></journal-title-group><issn pub-type="ppub">1367-4803</issn><issn pub-type="epub">1460-2059</issn><publisher><publisher-name>Oxford University Press</publisher-name></publisher></journal-meta><article-meta><article-id pub-id-type="accession">PMC2705230</article-id><article-id pub-id-type="pmcid">PMC2705230</article-id><article-id pub-id-type="pmc-uid">2705230</article-id><article-id pub-id-type="pmid">19439563</article-id><article-id pub-id-type="doi">10.1093/bioinformatics/btp314</article-id><article-id pub-id-type="publisher-id">btp314</article-id><article-categories><subj-group subj-group-type="heading"><subject>Applications Note</subject><subj-group><subject>Genome Analysis</subject></subj-group></subj-group></article-categories><title-group><article-title>Apollo: a community resource for genome annotation editing</article-title></title-group><contrib-group><contrib contrib-type="author"><name><surname>Ed</surname><given-names>Lee</given-names></name><xref ref-type="aff" rid="AFF1"><sup>1</sup></xref><xref ref-type="corresp" rid="COR1">*</xref></contrib><contrib contrib-type="author"><name><surname>Nomi</surname><given-names>Harris</given-names></name><xref ref-type="aff" rid="AFF1"><sup>1</sup></xref></contrib><contrib contrib-type="author"><name><surname>Mark</surname><given-names>Gibson</given-names></name><xref ref-type="aff" rid="AFF1"><sup>1</sup></xref></contrib><contrib contrib-type="author"><name><surname>Raymond</surname><given-names>Chetty</given-names></name><xref ref-type="aff" rid="AFF1"><sup>2</sup></xref></contrib><contrib contrib-type="author"><name><surname>Suzanna</surname><given-names>Lewis</given-names></name><xref ref-type="aff" rid="AFF1"><sup>1</sup></xref></contrib></contrib-group><aff id="AFF1"><sup>1</sup> Berkeley Bioinformatics Open Source Projects, Lawrence Berkeley National Laboratory, Berkeley and <sup>2</sup> The Arabidopsis Information Resource, Carnegie Institution of Washington, Stanford, CA, USA</aff><author-notes><corresp id="COR1">* To whom correspondence should be addressed.</corresp><fn><p>Associate Editor: Alex Bateman</p></fn></author-notes><pub-date pub-type="ppub"><day>15</day><month>7</month><year>2009</year></pub-date><pub-date pub-type="epub"><day>13</day><month>5</month><year>2009</year></pub-date><volume>25</volume><issue>14</issue><fpage>1836</fpage><lpage>1837</lpage><history><date date-type="received"><day>13</day><month>4</month><year>2009</year></date><date date-type="rev-recd"><day>13</day><month>4</month><year>2009</year></date><date date-type="accepted"><day>8</day><month>5</month><year>2009</year></date></history><permissions><copyright-statement>The Author 2009.</copyright-statement><license license-type="openaccess"><license-p>Published by Oxford University Press. All rights reserved.</license-p></license></permissions><abstract><p><bold>Summary:</bold> Apollo is a genome annotation-editing tool with an easy to use graphical interface. It is a component of the GMOD project, with ongoing development driven by the community. Recent additions to the software include support for the generic feature format version 3 (GFF3), continuous transcriptome data, a full Chado database interface, integration with remote services for on-the-fly BLAST and Primer BLAST analyses, graphical interfaces for configuring user preferences and full undo of all edit operations. Apollo's user community continues to grow, including its use as an educational tool for college and high-school students.</p><p><bold>Availability:</bold> Apollo is a Java application distributed under a free and open source license. Installers for Windows, Linux, Unix, Solaris and Mac OS X are available at <ext-link ext-link-type="uri" xlink:href="http://apollo.berkeleybop.org">http://apollo.berkeleybop.org</ext-link>, and the source code is available from the SourceForge CVS repository at <ext-link ext-link-type="uri" xlink:href="http://gmod.cvs.sourceforge.net/gmod/apollo">http://gmod.cvs.sourceforge.net/gmod/apollo</ext-link>.</p><p><bold>Contact:</bold><email>elee@berkeleybop.org</email></p></abstract></article-meta></front></article>