<article xmlns="https://jats.nlm.nih.gov/ns/archiving/1.2/" xmlns:xsi="http://www.w3.org/2001/XMLSchema-instance" xmlns:mml="http://www.w3.org/1998/Math/MathML" xmlns:xlink="http://www.w3.org/1999/xlink" xsi:schemaLocation="https://jats.nlm.nih.gov/ns/archiving/1.2/ https://jats.nlm.nih.gov/archiving/1.2/xsd/JATS-archivearticle1.xsd" article-type="research-article"><front><journal-meta><journal-id journal-id-type="nlm-ta">Bioinformatics</journal-id><journal-id journal-id-type="publisher-id">bioinformatics</journal-id><journal-id journal-id-type="hwp">bioinfo</journal-id><journal-title-group><journal-title>Bioinformatics</journal-title></journal-title-group><issn pub-type="ppub">1367-4803</issn><issn pub-type="epub">1460-2059</issn><publisher><publisher-name>Oxford University Press</publisher-name></publisher></journal-meta><article-meta><article-id pub-id-type="accession">PMC2718648</article-id><article-id pub-id-type="pmcid">PMC2718648</article-id><article-id pub-id-type="pmc-uid">2718648</article-id><article-id pub-id-type="pmid">18586746</article-id><article-id pub-id-type="pmid">18586746</article-id><article-id pub-id-type="doi">10.1093/bioinformatics/btn170</article-id><article-id pub-id-type="publisher-id">btn170</article-id><article-categories><subj-group subj-group-type="heading"><subject>Ismb 2008 Conference Proceedings 19–23 July 2008, Toronto</subject><subj-group><subject>Original Papers</subject><subj-group><subject>Sequence Analysis and Alignment</subject></subj-group></subj-group></subj-group></article-categories><title-group><article-title>POIMs: positional oligomer importance matrices—understanding support vector machine-based signal detectors</article-title></title-group><contrib-group><contrib contrib-type="author"><name><surname>Sonnenburg</surname><given-names>Sören</given-names></name><xref ref-type="aff" rid="AFF1"><sup>1</sup></xref><xref ref-type="author-notes" rid="FN1"><sup>†</sup></xref><xref ref-type="corresp" rid="COR1">*</xref></contrib><contrib contrib-type="author"><name><surname>Zien</surname><given-names>Alexander</given-names></name><xref ref-type="aff" rid="AFF1"><sup>1</sup></xref><xref ref-type="aff" rid="AFF1"><sup>2</sup></xref><xref ref-type="aff" rid="AFF1"><sup>3</sup></xref><xref ref-type="author-notes" rid="FN1"><sup>†</sup></xref></contrib><contrib contrib-type="author"><name><surname>Philips</surname><given-names>Petra</given-names></name><xref ref-type="aff" rid="AFF1"><sup>2</sup></xref></contrib><contrib contrib-type="author"><name><surname>Rätsch</surname><given-names>Gunnar</given-names></name><xref ref-type="aff" rid="AFF1"><sup>2</sup></xref></contrib></contrib-group><aff id="AFF1"><sup>1</sup>Fraunhofer Institute FIRST, Department IDA, Kekulèstr. 7, 12489 Berlin, <sup>2</sup>Friedrich Miescher Laboratory, Max Planck Society, Spemannstr. 39 and <sup>3</sup>Max Planck Institute for Biological Cybernetics, Spemannstr. 38, 72076 Tübingen, Germany</aff><author-notes><corresp id="COR1">*To whom correspondence should be addressed.</corresp><fn id="FN1"><p><sup>†</sup>The authors wish to be known that, in their opinion, the first two authors should be regarded as joint First Authors.</p></fn></author-notes><pub-date pub-type="ppub"><day>1</day><month>7</month><year>2008</year></pub-date><pub-date pub-type="pmc-release"><day>1</day><month>7</month><year>2008</year></pub-date><!-- PMC Release delay is 0 months and 0 days and was based on the
							<pub-date pub-type="ppub"/>. --><volume>24</volume><issue>13</issue><fpage>i6</fpage><lpage>i14</lpage><permissions><copyright-statement>© 2008 The Author(s)</copyright-statement><copyright-year>2008</copyright-year><license license-type="creative-commons" xlink:href="http://creativecommons.org/licenses/by-nc/2.0/uk/"><license-p><!--CREATIVE COMMONS-->This is an Open Access article distributed under the terms of the Creative Commons Attribution Non-Commercial License (<ext-link ext-link-type="uri" xlink:href="http://creativecommons.org/licenses/by-nc/2.0/uk/">http://creativecommons.org/licenses/by-nc/2.0/uk/</ext-link>) which permits unrestricted non-commercial use, distribution, and reproduction in any medium, provided the original work is properly cited.</license-p></license></permissions><abstract><p><bold>Motivation:</bold> At the heart of many important bioinformatics problems, such as gene finding and function prediction, is the classification of biological sequences. Frequently the most accurate classifiers are obtained by training support vector machines (SVMs) with complex sequence kernels. However, a cumbersome shortcoming of SVMs is that their learned decision rules are very hard to understand for humans and cannot easily be related to biological facts.</p><p><bold>Results:</bold> To make SVM-based sequence classifiers more accessible and profitable, we introduce the concept of <italic>positional oligomer importance matrices</italic> (POIMs) and propose an efficient algorithm for their computation. In contrast to the raw SVM feature weighting, POIMs take the underlying correlation structure of <italic>k</italic>-mer features induced by overlaps of related <italic>k</italic>-mers into account. POIMs can be seen as a powerful generalization of sequence logos: they allow to capture and visualize sequence patterns that are relevant for the investigated biological phenomena.</p><p><bold>Availability:</bold> All source code, datasets, tables and figures are available at <ext-link ext-link-type="uri" xlink:href="http://www.fml.tuebingen.mpg.de/raetsch/projects/POIM">http://www.fml.tuebingen.mpg.de/raetsch/projects/POIM</ext-link>.</p><p><bold>Contact:</bold><email>Soeren.Sonnenburg@first.fraunhofer.de</email></p><p><bold>Supplementary information:</bold><ext-link ext-link-type="uri" xlink:href="http://bioinformatics.oxfordjournals.org/cgi/content/full/btn170/DC1">Supplementary data</ext-link> are available at <italic>Bioinformatics</italic> online.</p></abstract></article-meta></front></article>