<article xmlns="https://dtd.nlm.nih.gov/ns/archiving/2.3/" xmlns:xsi="http://www.w3.org/2001/XMLSchema-instance" xmlns:mml="http://www.w3.org/1998/Math/MathML" xmlns:xlink="http://www.w3.org/1999/xlink" xsi:schemaLocation="https://dtd.nlm.nih.gov/ns/archiving/2.3/ https://dtd.nlm.nih.gov/archiving/2.3/xsd/archivearticle.xsd" article-type="research-article" xml:lang="EN"><front><journal-meta><journal-id journal-id-type="nlm-ta">Bioinformatics</journal-id><journal-id journal-id-type="publisher-id">bioinformatics</journal-id><journal-id journal-id-type="hwp">bioinfo</journal-id><journal-title>Bioinformatics</journal-title><issn pub-type="ppub">1367-4803</issn><issn pub-type="epub">1460-2059</issn><publisher><publisher-name>Oxford University Press</publisher-name></publisher></journal-meta><article-meta><article-id pub-id-type="accession">PMC2660879</article-id><article-id pub-id-type="pmcid">PMC2660879</article-id><article-id pub-id-type="pmc-uid">2660879</article-id><article-id pub-id-type="pmid">19233896</article-id><article-id pub-id-type="doi">10.1093/bioinformatics/btp096</article-id><article-id pub-id-type="publisher-id">btp096</article-id><article-categories><subj-group subj-group-type="heading"><subject>Applications Note</subject><subj-group><subject>Genome Analysis</subject></subj-group></subj-group></article-categories><title-group><article-title>Seevolution: visualizing chromosome evolution</article-title></title-group><contrib-group><contrib contrib-type="author"><name><surname>Esteban-Marcos</surname><given-names>Andrés</given-names></name></contrib><contrib contrib-type="author"><name><surname>Darling</surname><given-names>Aaron E.</given-names></name><xref ref-type="corresp" rid="COR1">*</xref></contrib><contrib contrib-type="author"><name><surname>Ragan</surname><given-names>Mark A.</given-names></name></contrib></contrib-group><aff>Institute for Molecular Bioscience, The University of Queensland, St Lucia, QLD 4072, Australia</aff><author-notes><corresp id="COR1">*To whom correspondence should be addressed.</corresp><fn><p>Associate Editor: John Quackenbush</p></fn></author-notes><pub-date pub-type="ppub"><day>1</day><month>4</month><year>2009</year></pub-date><pub-date pub-type="epub"><day>20</day><month>2</month><year>2009</year></pub-date><pub-date pub-type="pmc-release"><day>20</day><month>2</month><year>2009</year></pub-date><!-- PMC Release delay is 0 months and 0 days and was based on the
			<pub-date pub-type="epub"/>. --><volume>25</volume><issue>7</issue><fpage>960</fpage><lpage>961</lpage><history><date date-type="received"><day>5</day><month>8</month><year>2008</year></date><date date-type="rev-recd"><day>30</day><month>1</month><year>2009</year></date><date date-type="accepted"><day>16</day><month>2</month><year>2009</year></date></history><permissions><copyright-statement>© 2009 The Author(s)</copyright-statement><copyright-year>2009</copyright-year><license license-type="creative-commons" xlink:href="http://creativecommons.org/licenses/by-nc/2.0/uk/"><p><!--CREATIVE COMMONS-->This is an Open Access article distributed under the terms of the Creative Commons Attribution Non-Commercial License (<ext-link ext-link-type="uri" xlink:href="http://creativecommons.org/licenses/by-nc/2.0/uk/">http://creativecommons.org/licenses/by-nc/2.0/uk/</ext-link>) which permits unrestricted non-commercial use, distribution, and reproduction in any medium, provided the original work is properly cited.</p></license></permissions><abstract><p><bold>Summary:</bold> Genome evolution underpins all of biology, yet its principles can be difficult to communicate to the non-specialist. To facilitate broader understanding of genome evolution, we have designed an interactive 3D environment that enables visualization of diverse genome evolution processes. The system can intuitively and interactively animate mutation histories involving genome rearrangement, point mutation, recombination, insertion and deletion. Multiple organisms related by a phylogeny can be visualized simultaneously. As methods to infer evolutionary histories of genomes become increasingly complex, visualization of the evolutionary process will not only be useful for communication, but will also serve as an exploratory tool for discovering new patterns of genome evolution.</p><p><bold>Availability:</bold> The software is licensed under the GNU GPL and available for download from <ext-link ext-link-type="uri" xlink:href="http://seevolution.org">http://seevolution.org</ext-link>.</p><p><bold>Contact:</bold><email>aarondarling@ucdavis.edu</email></p></abstract></article-meta></front></article>