<article xmlns="https://dtd.nlm.nih.gov/ns/archiving/2.3/" xmlns:xsi="http://www.w3.org/2001/XMLSchema-instance" xmlns:mml="http://www.w3.org/1998/Math/MathML" xmlns:xlink="http://www.w3.org/1999/xlink" xsi:schemaLocation="https://dtd.nlm.nih.gov/ns/archiving/2.3/ https://dtd.nlm.nih.gov/archiving/2.3/xsd/archivearticle.xsd" article-type="research-article" xml:lang="EN"><front><journal-meta><journal-id journal-id-type="nlm-ta">Bioinformatics</journal-id><journal-id journal-id-type="publisher-id">bioinformatics</journal-id><journal-id journal-id-type="hwp">bioinfo</journal-id><journal-title>Bioinformatics</journal-title><issn pub-type="ppub">1367-4803</issn><issn pub-type="epub">1460-2059</issn><publisher><publisher-name>Oxford University Press</publisher-name></publisher></journal-meta><article-meta><article-id pub-id-type="accession">PMC2682512</article-id><article-id pub-id-type="pmcid">PMC2682512</article-id><article-id pub-id-type="pmc-uid">2682512</article-id><article-id pub-id-type="pmid">19304878</article-id><article-id pub-id-type="doi">10.1093/bioinformatics/btp163</article-id><article-id pub-id-type="publisher-id">btp163</article-id><article-categories><subj-group subj-group-type="heading"><subject>Applications Note</subject><subj-group><subject>Sequence Analysis</subject></subj-group></subj-group></article-categories><title-group><article-title>Biopython: freely available Python tools for computational molecular biology and bioinformatics</article-title></title-group><contrib-group><contrib contrib-type="author"><name><surname>Cock</surname><given-names>Peter J. A.</given-names></name><xref ref-type="aff" rid="AFF1"><sup>1</sup></xref><xref ref-type="corresp" rid="COR1">*</xref></contrib><contrib contrib-type="author"><name><surname>Antao</surname><given-names>Tiago</given-names></name><xref ref-type="aff" rid="AFF1"><sup>2</sup></xref></contrib><contrib contrib-type="author"><name><surname>Chang</surname><given-names>Jeffrey T.</given-names></name><xref ref-type="aff" rid="AFF1"><sup>3</sup></xref></contrib><contrib contrib-type="author"><name><surname>Chapman</surname><given-names>Brad A.</given-names></name><xref ref-type="aff" rid="AFF1"><sup>4</sup></xref></contrib><contrib contrib-type="author"><name><surname>Cox</surname><given-names>Cymon J.</given-names></name><xref ref-type="aff" rid="AFF1"><sup>5</sup></xref></contrib><contrib contrib-type="author"><name><surname>Dalke</surname><given-names>Andrew</given-names></name><xref ref-type="aff" rid="AFF1"><sup>6</sup></xref></contrib><contrib contrib-type="author"><name><surname>Friedberg</surname><given-names>Iddo</given-names></name><xref ref-type="aff" rid="AFF1"><sup>7</sup></xref></contrib><contrib contrib-type="author"><name><surname>Hamelryck</surname><given-names>Thomas</given-names></name><xref ref-type="aff" rid="AFF1"><sup>8</sup></xref></contrib><contrib contrib-type="author"><name><surname>Kauff</surname><given-names>Frank</given-names></name><xref ref-type="aff" rid="AFF1"><sup>9</sup></xref></contrib><contrib contrib-type="author"><name><surname>Wilczynski</surname><given-names>Bartek</given-names></name><xref ref-type="aff" rid="AFF1"><sup>10</sup></xref><xref ref-type="aff" rid="AFF1"><sup>11</sup></xref></contrib><contrib contrib-type="author"><name><surname>de Hoon</surname><given-names>Michiel J. L.</given-names></name><xref ref-type="aff" rid="AFF1"><sup>12</sup></xref></contrib></contrib-group><aff id="AFF1"><sup>1</sup>Plant Pathology, SCRI, Invergowrie, Dundee, DD2 5DA, <sup>2</sup>Liverpool School of Tropical Medicine, Liverpool, L3 5QA, UK, <sup>3</sup>Institute for Genome Sciences and Policy, Duke University Medical Center, Durham, NC, <sup>4</sup>Department of Molecular Biology, Simches Research Center, Massachusetts General Hospital, Boston, MA 02114, USA, <sup>5</sup>Centro de Ciências do Mar, Universidade do Algarve, Faro, Portugal, <sup>6</sup>Andrew Dalke Scientific, AB, Gothenburg, Sweden, <sup>7</sup>California Institute for Telecommunications and Information Technology, University of California, San Diego, 9500 Gilman Dr., La Jolla, CA 92093-0446, USA, <sup>8</sup>Bioinformatics Center, Department of Biology, University of Copenhagen, Ole Maaloes Vej 5, 2200 Copenhagen N, Denmark, <sup>9</sup>Molecular Phylogenetics, Department of Biology, TU Kaiserslautern, 67653 Kaiserslautern, UK, <sup>10</sup>EMBL Heidelberg, Meyerhofstraβe 1, 69117 Heidelberg, Germany, <sup>11</sup>Institute of Informatics, University of Warsaw, Poland and <sup>12</sup>RIKEN Omics Science Center, 1-7-22 Suehiro-cho, Tsurumi-ku, Yokohama-shi, Kanagawa-ken, 230-0045, Japan</aff><author-notes><corresp id="COR1">*To whom correspondence should be addressed.</corresp><fn><p>Associate Editor: Dmitrij Frishman</p></fn></author-notes><pub-date pub-type="ppub"><day>1</day><month>6</month><year>2009</year></pub-date><pub-date pub-type="epub"><day>20</day><month>3</month><year>2009</year></pub-date><pub-date pub-type="pmc-release"><day>20</day><month>3</month><year>2009</year></pub-date><!-- PMC Release delay is 0 months and 0 days and was based on the
			<pub-date pub-type="epub"/>. --><volume>25</volume><issue>11</issue><fpage>1422</fpage><lpage>1423</lpage><history><date date-type="received"><day>11</day><month>3</month><year>2009</year></date><date date-type="accepted"><day>16</day><month>3</month><year>2009</year></date></history><permissions><copyright-statement>© 2009 The Author(s)</copyright-statement><copyright-year>2009</copyright-year><license license-type="creative-commons" xlink:href="http://creativecommons.org/licenses/by-nc/2.0/uk/"><p><!--CREATIVE COMMONS-->This is an Open Access article distributed under the terms of the Creative Commons Attribution Non-Commercial License (<ext-link ext-link-type="uri" xlink:href="http://creativecommons.org/licenses/by-nc/2.0/uk/">http://creativecommons.org/licenses/by-nc/2.0/uk/</ext-link>) which permits unrestricted non-commercial use, distribution, and reproduction in any medium, provided the original work is properly cited.</p></license></permissions><abstract><p><bold>Summary:</bold> The Biopython project is a mature open source international collaboration of volunteer developers, providing Python libraries for a wide range of bioinformatics problems. Biopython includes modules for reading and writing different sequence file formats and multiple sequence alignments, dealing with 3D macro molecular structures, interacting with common tools such as BLAST, ClustalW and EMBOSS, accessing key online databases, as well as providing numerical methods for statistical learning.</p><p><bold>Availability:</bold> Biopython is freely available, with documentation and source code at <ext-link ext-link-type="uri" xlink:href="www.biopython.org">www.biopython.org</ext-link> under the Biopython license.</p><p><bold>Contact:</bold> All queries should be directed to the Biopython mailing lists, see <ext-link ext-link-type="uri" xlink:href="www.biopython.org/wiki/_Mailing_lists">www.biopython.org/wiki/_Mailing_lists</ext-link><email>peter.cock@scri.ac.uk</email>.</p></abstract></article-meta></front></article>