<article xmlns="https://jats.nlm.nih.gov/ns/archiving/1.2/" xmlns:xsi="http://www.w3.org/2001/XMLSchema-instance" xmlns:mml="http://www.w3.org/1998/Math/MathML" xmlns:xlink="http://www.w3.org/1999/xlink" xsi:schemaLocation="https://jats.nlm.nih.gov/ns/archiving/1.2/ https://jats.nlm.nih.gov/archiving/1.2/xsd/JATS-archivearticle1.xsd" article-type="research-article"><front><journal-meta><journal-id journal-id-type="nlm-ta">Bioinformatics</journal-id><journal-id journal-id-type="publisher-id">bioinformatics</journal-id><journal-id journal-id-type="hwp">bioinfo</journal-id><journal-title-group><journal-title>Bioinformatics</journal-title></journal-title-group><issn pub-type="ppub">1367-4803</issn><issn pub-type="epub">1367-4811</issn><publisher><publisher-name>Oxford University Press</publisher-name></publisher></journal-meta><article-meta><article-id pub-id-type="accession">PMC2566542</article-id><article-id pub-id-type="pmcid">PMC2566542</article-id><article-id pub-id-type="pmc-uid">2566542</article-id><article-id pub-id-type="pmid">18535081</article-id><article-id pub-id-type="pmid">18535081</article-id><article-id pub-id-type="doi">10.1093/bioinformatics/btn258</article-id><article-id pub-id-type="publisher-id">btn258</article-id><article-categories><subj-group subj-group-type="heading"><subject>Applications Note</subject><subj-group><subject>Genetics and Population Analysis</subject></subj-group></subj-group></article-categories><title-group><article-title>LOT: a tool for linkage analysis of ordinal traits for pedigree data</article-title></title-group><contrib-group><contrib contrib-type="author"><name><surname>Zhang</surname><given-names>Meizhuo</given-names></name><xref ref-type="aff" rid="AFF1"><sup>1</sup></xref></contrib><contrib contrib-type="author"><name><surname>Feng</surname><given-names>Rui</given-names></name><xref ref-type="aff" rid="AFF1"><sup>2</sup></xref></contrib><contrib contrib-type="author"><name><surname>Chen</surname><given-names>Xiang</given-names></name><xref ref-type="aff" rid="AFF1"><sup>1</sup></xref></contrib><contrib contrib-type="author"><name><surname>Hu</surname><given-names>Buqu</given-names></name><xref ref-type="aff" rid="AFF1"><sup>1</sup></xref></contrib><contrib contrib-type="author"><name><surname>Zhang</surname><given-names>Heping</given-names></name><xref ref-type="aff" rid="AFF1"><sup>1</sup></xref><xref ref-type="corresp" rid="COR1">*</xref></contrib></contrib-group><aff id="AFF1"><sup>1</sup>Yale University School of Medicine, New Haven, CT 06520-8034 and <sup>2</sup>University of Alabama at Birmingham, Birmingham, Alabama 35294, USA</aff><author-notes><corresp id="COR1">*To whom correspondence should be addressed.</corresp><fn><p>Associate Editor: Alex Bateman</p></fn></author-notes><pub-date pub-type="ppub"><day>1</day><month>8</month><year>2008</year></pub-date><pub-date pub-type="epub"><day>5</day><month>6</month><year>2008</year></pub-date><volume>24</volume><issue>15</issue><fpage>1737</fpage><lpage>1739</lpage><history><date date-type="received"><day>27</day><month>2</month><year>2008</year></date><date date-type="rev-recd"><day>2</day><month>6</month><year>2008</year></date><date date-type="accepted"><day>4</day><month>6</month><year>2008</year></date></history><permissions><copyright-statement>© The Author 2008. Published by Oxford University Press. All rights reserved. For Permissions, please email: journals.permissions@oxfordjournals.org</copyright-statement><copyright-year>2008</copyright-year></permissions><abstract><p><bold>Summary:</bold> Existing linkage-analysis methods address binary or quantitative traits. However, many complex diseases and human conditions, particularly behavioral disorders, are rated on ordinal scales. Herein, we introduce, LOT, a tool that performs linkage analysis of ordinal traits for pedigree data. It implements a latent-variable proportional-odds logistic model that relates inheritance patterns to the distribution of the ordinal trait. The likelihood-ratio test is used for testing evidence of linkage.</p><p><bold>Availability:</bold> The LOT program is available for download at <ext-link ext-link-type="uri" xlink:href="http://c2s2.yale.edu/software/LOT/">http://c2s2.yale.edu/software/LOT/</ext-link></p><p><bold>Contact:</bold><email>heping.zhang@yale.edu</email></p></abstract></article-meta></front></article>