<article xmlns="https://jats.nlm.nih.gov/ns/archiving/1.2/" xmlns:xsi="http://www.w3.org/2001/XMLSchema-instance" xmlns:mml="http://www.w3.org/1998/Math/MathML" xmlns:xlink="http://www.w3.org/1999/xlink" xsi:schemaLocation="https://jats.nlm.nih.gov/ns/archiving/1.2/ https://jats.nlm.nih.gov/archiving/1.2/xsd/JATS-archivearticle1.xsd" article-type="research-article"><front><journal-meta><journal-id journal-id-type="nlm-ta">Bioinformatics</journal-id><journal-id journal-id-type="publisher-id">bioinformatics</journal-id><journal-id journal-id-type="hwp">bioinfo</journal-id><journal-title-group><journal-title>Bioinformatics</journal-title></journal-title-group><issn pub-type="ppub">1367-4803</issn><issn pub-type="epub">1460-2059</issn><publisher><publisher-name>Oxford University Press</publisher-name></publisher></journal-meta><article-meta><article-id pub-id-type="accession">PMC2696921</article-id><article-id pub-id-type="pmcid">PMC2696921</article-id><article-id pub-id-type="pmc-uid">2696921</article-id><article-id pub-id-type="pmid">18567917</article-id><article-id pub-id-type="pmid">18567917</article-id><article-id pub-id-type="doi">10.1093/bioinformatics/btn322</article-id><article-id pub-id-type="publisher-id">btn322</article-id><article-categories><subj-group subj-group-type="heading"><subject>Original Papers</subject><subj-group><subject>Genome Analysis</subject></subj-group></subj-group></article-categories><title-group><article-title>Database indexing for production MegaBLAST searches</article-title></title-group><contrib-group><contrib contrib-type="author"><name><surname>Morgulis</surname><given-names>Aleksandr</given-names></name></contrib><contrib contrib-type="author"><name><surname>Coulouris</surname><given-names>George</given-names></name></contrib><contrib contrib-type="author"><name><surname>Raytselis</surname><given-names>Yan</given-names></name></contrib><contrib contrib-type="author"><name><surname>Madden</surname><given-names>Thomas L.</given-names></name></contrib><contrib contrib-type="author"><name><surname>Agarwala</surname><given-names>Richa</given-names></name></contrib><contrib contrib-type="author"><name><surname>Schäffer</surname><given-names>Alejandro A.</given-names></name><xref ref-type="corresp" rid="COR1">*</xref></contrib></contrib-group><aff>National Center for Biotechnology Information, National Institutes of Health, Department of Health and Human Services, Bldg. 38A, Room 6S608, 8600 Rockville Pike, Bethesda, MD 20894, USA</aff><author-notes><corresp id="COR1">*To whom correspondence should be addressed.</corresp><fn><p>Associate Editor: John Quackenbush</p></fn></author-notes><pub-date pub-type="ppub"><day>15</day><month>8</month><year>2008</year></pub-date><pub-date pub-type="epub"><day>21</day><month>6</month><year>2008</year></pub-date><pub-date pub-type="pmc-release"><day>21</day><month>6</month><year>2008</year></pub-date><!-- PMC Release delay is 0 months and 0 days and was based on the
							<pub-date pub-type="epub"/>. --><volume>24</volume><issue>16</issue><fpage>1757</fpage><lpage>1764</lpage><history><date date-type="received"><day>6</day><month>3</month><year>2008</year></date><date date-type="rev-recd"><day>18</day><month>6</month><year>2008</year></date><date date-type="accepted"><day>18</day><month>6</month><year>2008</year></date></history><permissions><copyright-statement>© 2008 The Author(s)</copyright-statement><copyright-year>2008</copyright-year><license license-type="creative-commons" xlink:href="http://creativecommons.org/licenses/by-nc/2.0/uk/"><license-p><!--CREATIVE COMMONS-->This is an Open Access article distributed under the terms of the Creative Commons Attribution Non-Commercial License (<ext-link ext-link-type="uri" xlink:href="http://creativecommons.org/licenses/by-nc/2.0/uk/">http://creativecommons.org/licenses/by-nc/2.0/uk/</ext-link>) which permits unrestricted non-commercial use, distribution, and reproduction in any medium, provided the original work is properly cited.</license-p></license></permissions><abstract><p><bold>Motivation:</bold> The BLAST software package for sequence comparison speeds up homology search by preprocessing a query sequence into a lookup table. Numerous research studies have suggested that preprocessing the database instead would give better performance. However, production usage of sequence comparison methods that preprocess the database has been limited to programs such as BLAT and SSAHA that are designed to find matches when query and database subsequences are highly similar.</p><p><bold>Results:</bold> We developed a new version of the MegaBLAST module of BLAST that does the initial phase of finding short seeds for matches by searching a database index. We also developed a program <monospace>makembindex</monospace> that preprocesses the database into a data structure for rapid seed searching. We show that the new ‘indexed MegaBLAST’ is faster than the ‘non-indexed’ version for most practical uses. We show that indexed MegaBLAST is faster than miBLAST, another implementation of BLAST nucleotide searching with a preprocessed database, for most of the 200 queries we tested. To deploy indexed MegaBLAST as part of NCBI'sWeb BLAST service, the storage of databases and the queueing mechanism were modified, so that some machines are now dedicated to serving queries for a specific database. The response time for such Web queries is now faster than it was when each computer handled queries for multiple databases.</p><p><bold>Availability:</bold> The code for indexed MegaBLAST is part of the <monospace>blastn</monospace> program in the NCBI C++ toolkit. The preprocessor program <monospace>makembindex</monospace> is also in the toolkit. Indexed MegaBLAST has been used in production on NCBI's Web BLAST service to search one version of the human and mouse genomes since October 2007. The Linux command-line executables for <monospace>blastn</monospace> and <monospace>makembindex</monospace>, documentation, and some query sets used to carry out the tests described below are available in the directory: <ext-link ext-link-type="ftp" xlink:href="ftp://ftp.ncbi.nlm.nih.gov/pub/agarwala/indexed_megablast">ftp://ftp.ncbi.nlm.nih.gov/pub/agarwala/indexed_megablast</ext-link></p><p><bold>Contact:</bold><email>schaffer@helix.nih.gov</email></p><p><bold>Supplementary information:</bold><ext-link ext-link-type="uri" xlink:href="http://bioinformatics.oxfordjournals.org/cgi/content/full/btn322/DC1">Supplementary data</ext-link> are available at <italic>Bioinformatics</italic> online.</p></abstract></article-meta></front></article>