<article xmlns="https://dtd.nlm.nih.gov/ns/archiving/2.3/" xmlns:xsi="http://www.w3.org/2001/XMLSchema-instance" xmlns:mml="http://www.w3.org/1998/Math/MathML" xmlns:xlink="http://www.w3.org/1999/xlink" xsi:schemaLocation="https://dtd.nlm.nih.gov/ns/archiving/2.3/ https://dtd.nlm.nih.gov/archiving/2.3/xsd/archivearticle.xsd" article-type="research-article" xml:lang="EN"><front><journal-meta><journal-id journal-id-type="nlm-ta">Bioinformatics</journal-id><journal-id journal-id-type="publisher-id">bioinformatics</journal-id><journal-id journal-id-type="hwp">bioinfo</journal-id><journal-title>Bioinformatics</journal-title><issn pub-type="ppub">1367-4803</issn><issn pub-type="epub">1460-2059</issn><publisher><publisher-name>Oxford University Press</publisher-name></publisher></journal-meta><article-meta><article-id pub-id-type="accession">PMC2612626</article-id><article-id pub-id-type="pmcid">PMC2612626</article-id><article-id pub-id-type="pmc-uid">2612626</article-id><article-id pub-id-type="pmid">18990721</article-id><article-id pub-id-type="doi">10.1093/bioinformatics/btn578</article-id><article-id pub-id-type="publisher-id">btn578</article-id><article-id pub-id-type="pmid">18990721</article-id><article-categories><subj-group subj-group-type="heading"><subject>Applications Note</subject><subj-group><subject>Genome Analysis</subject></subj-group></subj-group></article-categories><title-group><article-title>DNAPlotter: circular and linear interactive genome visualization</article-title></title-group><contrib-group><contrib contrib-type="author"><name><surname>Carver</surname><given-names>Tim</given-names></name><xref ref-type="aff" rid="AFF1"><sup>1</sup></xref><xref ref-type="corresp" rid="COR1">*</xref></contrib><contrib contrib-type="author"><name><surname>Thomson</surname><given-names>Nick</given-names></name><xref ref-type="aff" rid="AFF1"><sup>1</sup></xref></contrib><contrib contrib-type="author"><name><surname>Bleasby</surname><given-names>Alan</given-names></name><xref ref-type="aff" rid="AFF1"><sup>2</sup></xref></contrib><contrib contrib-type="author"><name><surname>Berriman</surname><given-names>Matthew</given-names></name><xref ref-type="aff" rid="AFF1"><sup>1</sup></xref></contrib><contrib contrib-type="author"><name><surname>Parkhill</surname><given-names>Julian</given-names></name><xref ref-type="aff" rid="AFF1"><sup>1</sup></xref></contrib></contrib-group><aff id="AFF1"><sup>1</sup>Wellcome Trust Sanger Institute, CB10 1SA and <sup>2</sup>European Bioinformatics Institute, Wellcome Trust Genome Campus, Hinxton, Cambridge, CB10 1SD, UK</aff><author-notes><corresp id="COR1"><sup>*</sup>To whom correspondence should be addressed.</corresp><fn><p>Associate Editor: John Quackenbush</p></fn></author-notes><pub-date pub-type="ppub"><day>1</day><month>1</month><year>2009</year></pub-date><pub-date pub-type="epub"><day>5</day><month>11</month><year>2008</year></pub-date><pub-date pub-type="pmc-release"><day>5</day><month>11</month><year>2008</year></pub-date><volume>25</volume><issue>1</issue><fpage>119</fpage><lpage>120</lpage><history><date date-type="received"><day>16</day><month>9</month><year>2008</year></date><date date-type="rev-recd"><day>3</day><month>11</month><year>2008</year></date><date date-type="accepted"><day>4</day><month>11</month><year>2008</year></date></history><permissions><copyright-statement>© 2008 The Author(s)</copyright-statement><copyright-year>2008</copyright-year><license license-type="creative-commons" xlink:href="http://creativecommons.org/licenses/by-nc/2.0/uk/"><p><!--CREATIVE COMMONS-->This is an Open Access article distributed under the terms of the Creative Commons Attribution Non-Commercial License (<ext-link ext-link-type="uri" xlink:href="http://creativecommons.org/licenses/by-nc/2.0/uk/">http://creativecommons.org/licenses/by-nc/2.0/uk/</ext-link>) which permits unrestricted non-commercial use, distribution, and reproduction in any medium, provided the original work is properly cited.</p></license></permissions><abstract><p><bold>Summary:</bold> DNAPlotter is an interactive Java application for generating circular and linear representations of genomes. Making use of the Artemis libraries to provide a user-friendly method of loading in sequence files (EMBL, GenBank, GFF) as well as data from relational databases, it filters features of interest to display on separate user-definable tracks. It can be used to produce publication quality images for papers or web pages.</p><p><bold>Availability:</bold> DNAPlotter is freely available (under a GPL licence) for download (for MacOSX, UNIX and Windows) at the Wellcome Trust Sanger Institute web sites: <ext-link ext-link-type="uri" xlink:href="http://www.sanger.ac.uk/Software/Artemis/circular/">http://www.sanger.ac.uk/Software/Artemis/circular/</ext-link></p><p><bold>Contact:</bold><email>artemis@sanger.ac.uk</email></p></abstract></article-meta></front></article>