<article xmlns="https://jats.nlm.nih.gov/ns/archiving/1.2/" xmlns:xsi="http://www.w3.org/2001/XMLSchema-instance" xmlns:mml="http://www.w3.org/1998/Math/MathML" xmlns:xlink="http://www.w3.org/1999/xlink" xsi:schemaLocation="https://jats.nlm.nih.gov/ns/archiving/1.2/ https://jats.nlm.nih.gov/archiving/1.2/xsd/JATS-archivearticle1.xsd" article-type="research-article"><front><journal-meta><journal-id journal-id-type="nlm-ta">Bioinformatics</journal-id><journal-id journal-id-type="publisher-id">bioinformatics</journal-id><journal-id journal-id-type="hwp">bioinfo</journal-id><journal-title-group><journal-title>Bioinformatics</journal-title></journal-title-group><issn pub-type="ppub">1367-4803</issn><issn pub-type="epub">1460-2059</issn><publisher><publisher-name>Oxford University Press</publisher-name></publisher></journal-meta><article-meta><article-id pub-id-type="accession">PMC2712338</article-id><article-id pub-id-type="pmcid">PMC2712338</article-id><article-id pub-id-type="pmc-uid">2712338</article-id><article-id pub-id-type="pmid">19420051</article-id><article-id pub-id-type="doi">10.1093/bioinformatics/btp307</article-id><article-id pub-id-type="publisher-id">btp307</article-id><article-categories><subj-group subj-group-type="heading"><subject>Applications Note</subject><subj-group><subject>Genome Analysis</subject></subj-group></subj-group></article-categories><title-group><article-title>RJaCGH: Bayesian analysis of aCGH arrays for detecting copy number changes and recurrent regions</article-title></title-group><contrib-group><contrib contrib-type="author"><name><surname>Rueda</surname><given-names>Oscar M.</given-names></name><xref ref-type="corresp" rid="COR1">*</xref><xref ref-type="author-notes" rid="FN1"><sup>†</sup></xref></contrib><contrib contrib-type="author"><name><surname>Diaz-Uriarte</surname><given-names>Ramon</given-names></name><xref ref-type="corresp" rid="COR1">*</xref></contrib></contrib-group><aff id="AFF1">Structural Biology and Biocomputing Programme, Spanish National Cancer Center (CNIO), Melchor Fernández Almagro 3, Madrid, 28029, Spain</aff><author-notes><corresp id="COR1">* To whom correspondence should be addressed.</corresp><fn id="FN1"><p><sup>†</sup> Present address: Breast Cancer Functional Genomics, Cancer Research UK, Cambridge, UK</p></fn><fn><p>Associate Editor: John Quackenbush</p></fn></author-notes><pub-date pub-type="ppub"><day>1</day><month>8</month><year>2009</year></pub-date><pub-date pub-type="epub"><day>6</day><month>5</month><year>2009</year></pub-date><pub-date pub-type="pmc-release"><day>6</day><month>5</month><year>2009</year></pub-date><!-- PMC Release delay is 0 months and 0 days and was based on the
							<pub-date pub-type="epub"/>. --><volume>25</volume><issue>15</issue><fpage>1959</fpage><lpage>1960</lpage><history><date date-type="received"><day>4</day><month>3</month><year>2009</year></date><date date-type="rev-recd"><day>20</day><month>4</month><year>2009</year></date><date date-type="accepted"><day>30</day><month>4</month><year>2009</year></date></history><permissions><copyright-statement>© 2009 The Author(s)</copyright-statement><copyright-year>2009</copyright-year><license license-type="creative-commons" xlink:href="http://creativecommons.org/licenses/by-nc/2.0/uk/"><license-p><!--CREATIVE COMMONS-->This is an Open Access article distributed under the terms of the Creative Commons Attribution Non-Commercial License (<ext-link ext-link-type="uri" xlink:href="http://creativecommons.org/licenses/by-nc/2.0/uk/">http://creativecommons.org/licenses/by-nc/2.0/uk/</ext-link>) which permits unrestricted non-commercial use, distribution, and reproduction in any medium, provided the original work is properly cited.</license-p></license></permissions><abstract><p><bold>Summary:</bold> Several methods have been proposed to detect copy number changes and recurrent regions of copy number variation from aCGH, but few methods return probabilities of alteration explicitly, which are the direct answer to the question ‘is this probe/region altered?’ RJaCGH fits a Non-Homogeneous Hidden Markov model to the aCGH data using Markov Chain Monte Carlo with Reversible Jump, and returns the probability that each probe is gained or lost. Using these probabilites, recurrent regions (over sets of individuals) of copy number alteration can be found.</p><p><bold>Availability:</bold> RJaCGH is available as an R package from CRAN repositories (e.g. <ext-link ext-link-type="uri" xlink:href="http://cran.r-project.org/web/packages">http://cran.r-project.org/web/packages</ext-link>).</p><p><bold>Contact:</bold><email>rueda.om@gmail.com</email>; <email>rueda.om@gmail.com</email></p></abstract></article-meta></front></article>