<article xmlns="https://dtd.nlm.nih.gov/ns/archiving/2.3/" xmlns:xsi="http://www.w3.org/2001/XMLSchema-instance" xmlns:mml="http://www.w3.org/1998/Math/MathML" xmlns:xlink="http://www.w3.org/1999/xlink" xsi:schemaLocation="https://dtd.nlm.nih.gov/ns/archiving/2.3/ https://dtd.nlm.nih.gov/archiving/2.3/xsd/archivearticle.xsd" article-type="research-article" xml:lang="EN"><front><journal-meta><journal-id journal-id-type="nlm-ta">Bioinformatics</journal-id><journal-id journal-id-type="publisher-id">bioinformatics</journal-id><journal-id journal-id-type="hwp">bioinfo</journal-id><journal-title>Bioinformatics</journal-title><issn pub-type="ppub">1367-4803</issn><issn pub-type="epub">1460-2059</issn><publisher><publisher-name>Oxford University Press</publisher-name></publisher></journal-meta><article-meta><article-id pub-id-type="accession">PMC2639268</article-id><article-id pub-id-type="pmcid">PMC2639268</article-id><article-id pub-id-type="pmc-uid">2639268</article-id><article-id pub-id-type="pmid">18842601</article-id><article-id pub-id-type="doi">10.1093/bioinformatics/btn522</article-id><article-id pub-id-type="publisher-id">btn522</article-id><article-id pub-id-type="pmid">18842601</article-id><article-categories><subj-group subj-group-type="heading"><subject>Applications Note</subject><subj-group><subject>Genetics and Population Analysis</subject></subj-group></subj-group></article-categories><title-group><article-title>A flexible forward simulator for populations subject to selection and demography</article-title></title-group><contrib-group><contrib contrib-type="author"><name><surname>Hernandez</surname><given-names>Ryan D.</given-names></name><xref ref-type="author-notes" rid="FN1">*</xref></contrib></contrib-group><aff>Biological Statistics and Computational Biology, Cornell University, Ithaca, NY 14850, USA</aff><author-notes><fn><p>Associate Editor: Alex Bateman</p></fn><fn id="FN1"><p>*Present address: Department of Human Genetics, University of Chicago, Chicago, IL 60637, USA.</p></fn></author-notes><pub-date pub-type="ppub"><day>1</day><month>12</month><year>2008</year></pub-date><pub-date pub-type="epub"><day>7</day><month>10</month><year>2008</year></pub-date><volume>24</volume><issue>23</issue><fpage>2786</fpage><lpage>2787</lpage><history><date date-type="received"><day>13</day><month>8</month><year>2008</year></date><date date-type="rev-recd"><day>19</day><month>9</month><year>2008</year></date><date date-type="accepted"><day>4</day><month>10</month><year>2008</year></date></history><permissions><copyright-statement>© The Author 2008. Published by Oxford University Press. All rights reserved. For Permissions, please email: journals.permissions@oxfordjournals.org</copyright-statement><copyright-year>2008</copyright-year></permissions><abstract><p><bold>Summary:</bold> This article introduces a new forward population genetic simulation program that can efficiently generate samples from populations with complex demographic histories under various models of natural selection. The program (<monospace>SFS_CODE</monospace>) is highly flexible, allowing the user to simulate realistic genomic regions with several loci evolving according to a variety of mutation models (from simple to context-dependent), and allows for insertions and deletions. Each locus can be annotated as either coding or non-coding, sex-linked or autosomal, selected or neutral, and have an arbitrary linkage structure (from completely linked to independent).</p><p><bold>Availability:</bold> The source code (written in the <monospace>C</monospace> programming language) is available at <ext-link ext-link-type="uri" xlink:href="http://sfscode.sourceforge.net">http://sfscode.sourceforge.net</ext-link>, and a web server (<ext-link ext-link-type="uri" xlink:href="http://cbsuapps.tc.cornell.edu/sfscode.aspx">http://cbsuapps.tc.cornell.edu/sfscode.aspx</ext-link>) allows the user to perform simulations using the high-performance computing cluster hosted by the Cornell University Computational Biology Service Unit.</p><p><bold>Contact:</bold><email>rhernandez@uchicago.edu</email></p><p><bold>Supplementary information:</bold> An extensive user's manual, perfor-mance statistics, and comparisons of patterns of genetic variation generated by <monospace>SFS_CODE</monospace> to theoretical expectations under various non-stationary demographic histories and models of natural selection are available on the project website: <ext-link ext-link-type="uri" xlink:href="http://sfscode.sourceforge.net">http://sfscode.sourceforge.net</ext-link>.</p></abstract></article-meta></front></article>