<article xmlns="https://dtd.nlm.nih.gov/ns/archiving/2.3/" xmlns:xsi="http://www.w3.org/2001/XMLSchema-instance" xmlns:mml="http://www.w3.org/1998/Math/MathML" xmlns:xlink="http://www.w3.org/1999/xlink" xsi:schemaLocation="https://dtd.nlm.nih.gov/ns/archiving/2.3/ https://dtd.nlm.nih.gov/archiving/2.3/xsd/archivearticle.xsd" article-type="research-article" xml:lang="EN"><front><journal-meta><journal-id journal-id-type="nlm-ta">Bioinformatics</journal-id><journal-id journal-id-type="publisher-id">bioinformatics</journal-id><journal-id journal-id-type="hwp">bioinfo</journal-id><journal-title>Bioinformatics</journal-title><issn pub-type="ppub">1367-4803</issn><issn pub-type="epub">1460-2059</issn><publisher><publisher-name>Oxford University Press</publisher-name></publisher></journal-meta><article-meta><article-id pub-id-type="accession">PMC2687947</article-id><article-id pub-id-type="pmcid">PMC2687947</article-id><article-id pub-id-type="pmc-uid">2687947</article-id><article-id pub-id-type="pmid">19478018</article-id><article-id pub-id-type="doi">10.1093/bioinformatics/btp193</article-id><article-id pub-id-type="publisher-id">btp193</article-id><article-categories><subj-group subj-group-type="heading"><subject>Ismb/Eccb 2009 Conference Proceedings June 27 to July 2, 2009, Stockholm, Sweden</subject><subj-group><subject>Original Papers</subject><subj-group><subject>Databases and Ontologies</subject></subj-group></subj-group></subj-group></article-categories><title-group><article-title>From disease ontology to disease-ontology lite: statistical methods to adapt a general-purpose ontology for the test of gene-ontology associations</article-title></title-group><contrib-group><contrib contrib-type="author"><name><surname>Du</surname><given-names>Pan</given-names></name><xref ref-type="aff" rid="AFF1"><sup>1</sup></xref><xref ref-type="author-notes" rid="FN1"><sup>†</sup></xref></contrib><contrib contrib-type="author"><name><surname>Feng</surname><given-names>Gang</given-names></name><xref ref-type="aff" rid="AFF1"><sup>1</sup></xref><xref ref-type="author-notes" rid="FN1"><sup>†</sup></xref></contrib><contrib contrib-type="author"><name><surname>Flatow</surname><given-names>Jared</given-names></name><xref ref-type="aff" rid="AFF1"><sup>1</sup></xref></contrib><contrib contrib-type="author"><name><surname>Song</surname><given-names>Jie</given-names></name><xref ref-type="aff" rid="AFF1"><sup>2</sup></xref></contrib><contrib contrib-type="author"><name><surname>Holko</surname><given-names>Michelle</given-names></name><xref ref-type="aff" rid="AFF1"><sup>3</sup></xref></contrib><contrib contrib-type="author"><name><surname>Kibbe</surname><given-names>Warren A.</given-names></name><xref ref-type="aff" rid="AFF1"><sup>1</sup></xref></contrib><contrib contrib-type="author"><name><surname>Lin</surname><given-names>Simon M.</given-names></name><xref ref-type="aff" rid="AFF1"><sup>1</sup></xref><xref ref-type="corresp" rid="COR1">*</xref></contrib></contrib-group><aff id="AFF1"><sup>1</sup>The Biomedical Informatics Center, Northwestern University, Chicago, IL 60611, <sup>2</sup>Department of Pathology, University of Chicago, IL 60637 and <sup>3</sup>Department of Preventive Medicine, Northwestern University, Chicago, IL 60611, USA</aff><author-notes><corresp id="COR1">*To whom correspondence should be addressed.</corresp><fn id="FN1"><p><sup>†</sup>The authors wish it to be known that, in their opinion, the first two authors should be regarded as joint First Authors.</p></fn></author-notes><pub-date pub-type="ppub"><day>15</day><month>6</month><year>2009</year></pub-date><pub-date pub-type="epub"><day>27</day><month>5</month><year>2009</year></pub-date><pub-date pub-type="pmc-release"><day>27</day><month>5</month><year>2009</year></pub-date><!-- PMC Release delay is 0 months and 0 days and was based on the
			<pub-date pub-type="epub"/>. --><volume>25</volume><issue>12</issue><fpage>i63</fpage><lpage>i68</lpage><permissions><copyright-statement>© 2009 The Author(s)</copyright-statement><copyright-year>2009</copyright-year><license license-type="creative-commons" xlink:href="http://creativecommons.org/licenses/by-nc/2.0/uk/"><p><!--CREATIVE COMMONS-->This is an Open Access article distributed under the terms of the Creative Commons Attribution Non-Commercial License (<ext-link ext-link-type="uri" xlink:href="http://creativecommons.org/licenses/by-nc/2.0/uk/">http://creativecommons.org/licenses/by-nc/2.0/uk/</ext-link>) which permits unrestricted non-commercial use, distribution, and reproduction in any medium, provided the original work is properly cited.</p></license></permissions><abstract><p>Subjective methods have been reported to adapt a general-purpose ontology for a specific application. For example, Gene Ontology (GO) Slim was created from GO to generate a highly aggregated report of the human-genome annotation. We propose statistical methods to adapt the general purpose, OBO Foundry Disease Ontology (DO) for the identification of gene-disease associations. Thus, we need a simplified definition of disease categories derived from implicated genes. On the basis of the assumption that the DO terms having similar associated genes are closely related, we group the DO terms based on the similarity of gene-to-DO mapping profiles. Two types of binary distance metrics are defined to measure the overall and subset similarity between DO terms. A compactness-scalable fuzzy clustering method is then applied to group similar DO terms. To reduce false clustering, the semantic similarities between DO terms are also used to constrain clustering results. As such, the DO terms are aggregated and the redundant DO terms are largely removed. Using these methods, we constructed a simplified vocabulary list from the DO called Disease Ontology Lite (DOLite). We demonstrated that DOLite results in more interpretable results than DO for gene-disease association tests. The resultant DOLite has been used in the Functional Disease Ontology (FunDO) Web application at <ext-link ext-link-type="uri" xlink:href="http://www.projects.bioinformatics.northwestern.edu/fundo">http://www.projects.bioinformatics.northwestern.edu/fundo</ext-link>.</p><p><bold>Contact:</bold><email>s-lin2@northwestern.edu</email></p></abstract></article-meta></front></article>