<article xmlns="https://jats.nlm.nih.gov/ns/archiving/1.2/" xmlns:xsi="http://www.w3.org/2001/XMLSchema-instance" xmlns:mml="http://www.w3.org/1998/Math/MathML" xmlns:xlink="http://www.w3.org/1999/xlink" xsi:schemaLocation="https://jats.nlm.nih.gov/ns/archiving/1.2/ https://jats.nlm.nih.gov/archiving/1.2/xsd/JATS-archivearticle1.xsd" article-type="research-article"><front><journal-meta><journal-id journal-id-type="nlm-ta">Bioinformatics</journal-id><journal-id journal-id-type="publisher-id">bioinformatics</journal-id><journal-id journal-id-type="hwp">bioinfo</journal-id><journal-title-group><journal-title>Bioinformatics</journal-title></journal-title-group><issn pub-type="ppub">1367-4803</issn><issn pub-type="epub">1460-2059</issn><publisher><publisher-name>Oxford University Press</publisher-name></publisher></journal-meta><article-meta><article-id pub-id-type="accession">PMC2732278</article-id><article-id pub-id-type="pmcid">PMC2732278</article-id><article-id pub-id-type="pmc-uid">2732278</article-id><article-id pub-id-type="pmid">18757874</article-id><article-id pub-id-type="pmid">18757874</article-id><article-id pub-id-type="doi">10.1093/bioinformatics/btn461</article-id><article-id pub-id-type="publisher-id">btn461</article-id><article-categories><subj-group subj-group-type="heading"><subject>Original Papers</subject><subj-group><subject>Structural Bioinformatics</subject></subj-group></subj-group></article-categories><title-group><article-title>Biomolecular pleiomorphism probed by spatial interpolation of coarse models</article-title></title-group><contrib-group><contrib contrib-type="author"><name><surname>Rusu</surname><given-names>Mirabela</given-names></name></contrib><contrib contrib-type="author"><name><surname>Birmanns</surname><given-names>Stefan</given-names></name></contrib><contrib contrib-type="author"><name><surname>Wriggers</surname><given-names>Willy</given-names></name><xref ref-type="corresp" rid="COR1">*</xref><xref ref-type="author-notes" rid="FN1"><sup>†</sup></xref></contrib></contrib-group><aff>School of Health Information Sciences, University of Texas Health Science Center at Houston, 7000 Fannin St, Suite 600, Houston, TX 77030, USA</aff><author-notes><corresp id="COR1">*To whom correspondence should be addressed.</corresp><fn id="FN1"><p><sup>†</sup>Present address: D. E. Shaw Research, 39th Floor, 120 West 45th Street, New York, NY 10036, USA.</p></fn><fn><p>Associate Editor: Anna Tramontano</p></fn></author-notes><pub-date pub-type="ppub"><day>1</day><month>11</month><year>2008</year></pub-date><pub-date pub-type="epub"><day>30</day><month>8</month><year>2008</year></pub-date><pub-date pub-type="pmc-release"><day>30</day><month>8</month><year>2008</year></pub-date><!-- PMC Release delay is 0 months and 0 days and was based on the
							<pub-date pub-type="epub"/>. --><!-- oupReleaseDelayRemoved from OA Article (10.1093/bioinformatics/btn461btn461ORIGINAL PAPERSSTRUCTURAL BIOINFORMATICSBiomolecular pleiomorphism probed by spatial interpolation of coarse modelsRusuMirabelaBirmannsStefanWriggersWilly*&#x02020;School of Health Information Sciences, University of Texas Health Science Center at Houston, 7000 Fannin St, Suite 600, Houston, TX 77030, USA*To whom correspondence should be addressed.&#x02020;Present address: D. E. Shaw Research, 39th Floor, 120 West 45th Street, New York, NY 10036, USA.Associate Editor: Anna Tramontano11120083082008242124602466195200823720082582008&#x000a9; 2008 The Author(s)2008This is an Open Access article distributed under the terms of the Creative Commons Attribution Non-Commercial License (http://creativecommons.org/licenses/by-nc/2.0/uk/) which permits unrestricted non-commercial use, distribution, and reproduction in any medium, provided the original work is properly cited.In low resolution structures of biological assemblies one can often observe conformational deviations that require a flexible rearrangement of structural domains fitted at the atomic level. We are evaluating interpolation methods for the flexible alignment of atomic models based on coarse models. Spatial interpolation is well established in image-processing and visualization to describe the overall deformation or warping of an object or an image. Combined with a coarse representation of the biological system by feature vectors, such methods can provide a flexible approximation of the molecular structure. We have compared three well-known interpolation techniques and evaluated the results by comparing them with constrained molecular dynamics. One method, inverse distance weighting interpolation, consistently produced models that were nearly indistinguishable on the alpha carbon level from the molecular dynamics results. The method is simple to apply and enables flexing of structures by non-expert modelers. This is useful for the basic interpretation of volumetric data in biological applications such as electron microscopy. The method can be used as a general interpretation tool for sparsely sampled motions derived from coarse models.Contact: wriggers@biomachina.orgSupplementary information: Supplementary data are available at Bioinformatics online.) --><volume>24</volume><issue>21</issue><fpage>2460</fpage><lpage>2466</lpage><history><date date-type="received"><day>19</day><month>5</month><year>2008</year></date><date date-type="rev-recd"><day>23</day><month>7</month><year>2008</year></date><date date-type="accepted"><day>25</day><month>8</month><year>2008</year></date></history><permissions><copyright-statement>© 2008 The Author(s)</copyright-statement><copyright-year>2008</copyright-year><license license-type="creative-commons" xlink:href="http://creativecommons.org/licenses/by-nc/2.0/uk/"><license-p><!--CREATIVE COMMONS-->This is an Open Access article distributed under the terms of the Creative Commons Attribution Non-Commercial License (<ext-link ext-link-type="uri" xlink:href="http://creativecommons.org/licenses/by-nc/2.0/uk/">http://creativecommons.org/licenses/by-nc/2.0/uk/</ext-link>) which permits unrestricted non-commercial use, distribution, and reproduction in any medium, provided the original work is properly cited.</license-p></license></permissions><abstract><p>In low resolution structures of biological assemblies one can often observe conformational deviations that require a flexible rearrangement of structural domains fitted at the atomic level. We are evaluating interpolation methods for the flexible alignment of atomic models based on coarse models. Spatial interpolation is well established in image-processing and visualization to describe the overall deformation or warping of an object or an image. Combined with a coarse representation of the biological system by feature vectors, such methods can provide a flexible approximation of the molecular structure. We have compared three well-known interpolation techniques and evaluated the results by comparing them with constrained molecular dynamics. One method, inverse distance weighting interpolation, consistently produced models that were nearly indistinguishable on the alpha carbon level from the molecular dynamics results. The method is simple to apply and enables flexing of structures by non-expert modelers. This is useful for the basic interpretation of volumetric data in biological applications such as electron microscopy. The method can be used as a general interpretation tool for sparsely sampled motions derived from coarse models.</p><p><bold>Contact:</bold><email>wriggers@biomachina.org</email></p><p><bold>Supplementary information:</bold><ext-link ext-link-type="uri" xlink:href="http://bioinformatics.oxfordjournals.org/cgi/content/full/btn461/DC1">Supplementary data</ext-link> are available at <italic>Bioinformatics</italic> online.</p></abstract></article-meta></front></article>