<article xmlns="https://jats.nlm.nih.gov/ns/archiving/1.2/" xmlns:xsi="http://www.w3.org/2001/XMLSchema-instance" xmlns:mml="http://www.w3.org/1998/Math/MathML" xmlns:xlink="http://www.w3.org/1999/xlink" xsi:schemaLocation="https://jats.nlm.nih.gov/ns/archiving/1.2/ https://jats.nlm.nih.gov/archiving/1.2/xsd/JATS-archivearticle1.xsd" article-type="research-article"><front><journal-meta><journal-id journal-id-type="nlm-ta">Bioinformatics</journal-id><journal-id journal-id-type="publisher-id">bioinformatics</journal-id><journal-id journal-id-type="hwp">bioinfo</journal-id><journal-title-group><journal-title>Bioinformatics</journal-title></journal-title-group><issn pub-type="ppub">1367-4803</issn><issn pub-type="epub">1460-2059</issn><publisher><publisher-name>Oxford University Press</publisher-name></publisher></journal-meta><article-meta><article-id pub-id-type="accession">PMC2718622</article-id><article-id pub-id-type="pmcid">PMC2718622</article-id><article-id pub-id-type="pmc-uid">2718622</article-id><article-id pub-id-type="pmid">18586748</article-id><article-id pub-id-type="pmid">18586748</article-id><article-id pub-id-type="doi">10.1093/bioinformatics/btn144</article-id><article-id pub-id-type="publisher-id">btn144</article-id><article-categories><subj-group subj-group-type="heading"><subject>Ismb 2008 Conference Proceedings 19–23 July 2008, Toronto</subject><subj-group><subject>Original Papers</subject><subj-group><subject>Comparative Genomics</subject></subj-group></subj-group></subj-group></article-categories><title-group><article-title>MACHOS: Markov clusters of homologous subsequences</article-title></title-group><contrib-group><contrib contrib-type="author"><name><surname>Wong</surname><given-names>Simon</given-names></name></contrib><contrib contrib-type="author"><name><surname>Ragan</surname><given-names>Mark A.</given-names></name><xref ref-type="corresp" rid="COR1">*</xref></contrib></contrib-group><aff>ARC Centre of Excellence in Bioinformatics and Institute for Molecular Bioscience, The University of Queensland, Brisbane, QLD 4072, Australia</aff><author-notes><corresp id="COR1">*To whom correspondence should be addressed.</corresp></author-notes><pub-date pub-type="ppub"><day>1</day><month>7</month><year>2008</year></pub-date><pub-date pub-type="pmc-release"><day>1</day><month>7</month><year>2008</year></pub-date><!-- PMC Release delay is 0 months and 0 days and was based on the
							<pub-date pub-type="ppub"/>. --><volume>24</volume><issue>13</issue><fpage>i77</fpage><lpage>i85</lpage><permissions><copyright-statement>© 2008 The Author(s)</copyright-statement><copyright-year>2008</copyright-year><license license-type="creative-commons" xlink:href="http://creativecommons.org/licenses/by-nc/2.0/uk/"><license-p><!--CREATIVE COMMONS-->This is an Open Access article distributed under the terms of the Creative Commons Attribution Non-Commercial License (<ext-link ext-link-type="uri" xlink:href="http://creativecommons.org/licenses/by-nc/2.0/uk/">http://creativecommons.org/licenses/by-nc/2.0/uk/</ext-link>) which permits unrestricted non-commercial use, distribution, and reproduction in any medium, provided the original work is properly cited.</license-p></license></permissions><abstract><p><bold>Motivation:</bold> The classification of proteins into homologous groups (families) allows their structure and function to be analysed and compared in an evolutionary context. The modular nature of eukaryotic proteins presents a considerable challenge to the delineation of families, as different local regions within a single protein may share common ancestry with distinct, even mutually exclusive, sets of homologs, thereby creating an intricate web of homologous relationships if full-length sequences are taken as the unit of evolution. We attempt to disentangle this web by developing a fully automated pipeline to delineate protein subsequences that represent sensible units for homology inference, and clustering them into putatively homologous families using the Markov clustering algorithm.</p><p><bold>Results:</bold> Using six eukaryotic proteomes as input, we clustered 162 349 protein sequences into 19 697–77 415 subsequence families depending on granularity of clustering. We validated these Markov clusters of homologous subsequences (MACHOS) against the manually curated Pfam domain families, using a quality measure to assess overlap. Our subsequence families correspond well to known domain families and achieve higher quality scores than do groups generated by fully automated domain family classification methods. We illustrate our approach by analysis of a group of proteins that contains the glutamyl/glutaminyl-tRNA synthetase domain, and conclude that our method can produce high-coverage decomposition of protein sequence space into precise homologous families in a way that takes the modularity of eukaryotic proteins into account. This approach allows for a fine-scale examination of evolutionary histories of proteins encoded in eukaryotic genomes.</p><p><bold>Contact:</bold><email>m.ragan@imb.uq.edu.au</email></p><p><bold>Supplementary information:</bold><ext-link ext-link-type="uri" xlink:href="http://bioinformatics.oxfordjournals.org/cgi/content/full/btn144/DC1">Supplementary data</ext-link> are available at <italic>Bioinformatics</italic> online. MACHOS for the six proteomes are available as FASTA-formatted files: <ext-link ext-link-type="uri" xlink:href="http://research1t.imb.uq.edu.au/ragan/machos">http://research1t.imb.uq.edu.au/ragan/machos</ext-link></p></abstract></article-meta></front></article>