<article xmlns="https://jats.nlm.nih.gov/ns/archiving/1.2/" xmlns:xsi="http://www.w3.org/2001/XMLSchema-instance" xmlns:mml="http://www.w3.org/1998/Math/MathML" xmlns:xlink="http://www.w3.org/1999/xlink" xsi:schemaLocation="https://jats.nlm.nih.gov/ns/archiving/1.2/ https://jats.nlm.nih.gov/archiving/1.2/xsd/JATS-archivearticle1.xsd" article-type="research-article"><front><journal-meta><journal-id journal-id-type="nlm-ta">Bioinformatics</journal-id><journal-id journal-id-type="publisher-id">bioinformatics</journal-id><journal-id journal-id-type="hwp">bioinfo</journal-id><journal-title-group><journal-title>Bioinformatics</journal-title></journal-title-group><issn pub-type="ppub">1367-4803</issn><issn pub-type="epub">1460-2059</issn><publisher><publisher-name>Oxford University Press</publisher-name></publisher></journal-meta><article-meta><article-id pub-id-type="accession">PMC2732309</article-id><article-id pub-id-type="pmcid">PMC2732309</article-id><article-id pub-id-type="pmc-uid">2732309</article-id><article-id pub-id-type="pmid">19369499</article-id><article-id pub-id-type="pmid">19369499</article-id><article-id pub-id-type="doi">10.1093/bioinformatics/btp237</article-id><article-id pub-id-type="publisher-id">btp237</article-id><article-categories><subj-group subj-group-type="heading"><subject>Applications Note</subject><subj-group><subject>Systems Biology</subject></subj-group></subj-group></article-categories><title-group><article-title>pySolo: a complete suite for sleep analysis in <italic>Drosophila</italic></article-title></title-group><contrib-group><contrib contrib-type="author"><name><surname>Gilestro</surname><given-names>Giorgio F.</given-names></name><xref ref-type="corresp" rid="COR1">*</xref></contrib><contrib contrib-type="author"><name><surname>Cirelli</surname><given-names>Chiara</given-names></name></contrib></contrib-group><aff>Department of Psychiatry, University of Wisconsin-Madison, 6001 Research Park Blvd, Madison, WI 53719, USA</aff><author-notes><corresp id="COR1">*To whom correspondence should be addressed.</corresp><fn><p>Associate Editor: John Quackenbush</p></fn></author-notes><pub-date pub-type="ppub"><day>1</day><month>6</month><year>2009</year></pub-date><pub-date pub-type="epub"><day>15</day><month>4</month><year>2009</year></pub-date><volume>25</volume><issue>11</issue><fpage>1466</fpage><lpage>1467</lpage><history><date date-type="received"><day>11</day><month>12</month><year>2008</year></date><date date-type="rev-recd"><day>16</day><month>3</month><year>2009</year></date><date date-type="accepted"><day>3</day><month>4</month><year>2009</year></date></history><permissions><copyright-statement>© The Author 2009. Published by Oxford University Press. All rights reserved. For Permissions, please email: journals.permissions@oxfordjournals.org</copyright-statement><copyright-year>2009</copyright-year></permissions><abstract><p><bold>Summary:</bold> pySolo is a multiplatform software for analysis of sleep and locomotor activity in <italic>Drosophila melanogaster</italic>. pySolo provides a user-friendly graphic interface and it has been developed with the specific aim of being accessible, portable, fast and easily expandable through an intuitive plug-in structure. Support for development of additional plug-ins is provided through a community website.</p><p><bold>Availability:</bold> Software and documentation are located at <ext-link ext-link-type="uri" xlink:href="http://www.pysolo.net">http://www.pysolo.net</ext-link>. pySolo is a free software released under the GNU General Public License.</p><p><bold>Contact:</bold><email>gilestro@wisc.edu</email></p></abstract></article-meta></front></article>