<article xmlns="https://dtd.nlm.nih.gov/ns/archiving/2.3/" xmlns:xsi="http://www.w3.org/2001/XMLSchema-instance" xmlns:mml="http://www.w3.org/1998/Math/MathML" xmlns:xlink="http://www.w3.org/1999/xlink" xsi:schemaLocation="https://dtd.nlm.nih.gov/ns/archiving/2.3/ https://dtd.nlm.nih.gov/archiving/2.3/xsd/archivearticle.xsd" article-type="research-article" xml:lang="EN"><front><journal-meta><journal-id journal-id-type="nlm-ta">Bioinformatics</journal-id><journal-id journal-id-type="publisher-id">bioinformatics</journal-id><journal-id journal-id-type="hwp">bioinfo</journal-id><journal-title>Bioinformatics</journal-title><issn pub-type="ppub">1367-4803</issn><issn pub-type="epub">1460-2059</issn><publisher><publisher-name>Oxford University Press</publisher-name></publisher></journal-meta><article-meta><article-id pub-id-type="accession">PMC2639011</article-id><article-id pub-id-type="pmcid">PMC2639011</article-id><article-id pub-id-type="pmc-uid">2639011</article-id><article-id pub-id-type="pmid">19073586</article-id><article-id pub-id-type="doi">10.1093/bioinformatics/btn610</article-id><article-id pub-id-type="publisher-id">btn610</article-id><article-id pub-id-type="pmid">19073586</article-id><article-categories><subj-group subj-group-type="heading"><subject>Original Papers</subject><subj-group><subject>Systems Biology</subject></subj-group></subj-group></article-categories><title-group><article-title>Detecting glycan cancer biomarkers in serum samples using MALDI FT-ICR mass spectrometry data</article-title></title-group><contrib-group><contrib contrib-type="author"><name><surname>Barkauskas</surname><given-names>Donald A.</given-names></name><xref ref-type="aff" rid="AFF1"><sup>1</sup></xref><xref ref-type="corresp" rid="COR1">*</xref></contrib><contrib contrib-type="author"><name><surname>An</surname><given-names>Hyun Joo</given-names></name><xref ref-type="aff" rid="AFF1"><sup>2</sup></xref></contrib><contrib contrib-type="author"><name><surname>Kronewitter</surname><given-names>Scott R.</given-names></name><xref ref-type="aff" rid="AFF1"><sup>2</sup></xref></contrib><contrib contrib-type="author"><name><surname>de Leoz</surname><given-names>Maria Lorna</given-names></name><xref ref-type="aff" rid="AFF1"><sup>2</sup></xref></contrib><contrib contrib-type="author"><name><surname>Chew</surname><given-names>Helen K.</given-names></name><xref ref-type="aff" rid="AFF1"><sup>3</sup></xref></contrib><contrib contrib-type="author"><name><surname>de Vere White</surname><given-names>Ralph W.</given-names></name><xref ref-type="aff" rid="AFF1"><sup>4</sup></xref></contrib><contrib contrib-type="author"><name><surname>Leiserowitz</surname><given-names>Gary S.</given-names></name><xref ref-type="aff" rid="AFF1"><sup>5</sup></xref></contrib><contrib contrib-type="author"><name><surname>Miyamoto</surname><given-names>Suzanne</given-names></name><xref ref-type="aff" rid="AFF1"><sup>3</sup></xref></contrib><contrib contrib-type="author"><name><surname>Lebrilla</surname><given-names>Carlito B.</given-names></name><xref ref-type="aff" rid="AFF1"><sup>2</sup></xref></contrib><contrib contrib-type="author"><name><surname>Rocke</surname><given-names>David M.</given-names></name><xref ref-type="aff" rid="AFF1"><sup>6</sup></xref></contrib></contrib-group><aff id="AFF1"><sup>1</sup>Graduate Group in Biostatistics with a Designated Emphasis in Biotechnology, <sup>2</sup>Department of Chemistry, <sup>3</sup>Cancer Center, Division of Hematology/Oncology, <sup>4</sup>Cancer Center, Division of Urology, <sup>5</sup>Cancer Center, Division of Gynecologic Oncology and <sup>6</sup>Division of Biostatistics, School of Medicine, University of California, Davis, CA 95616, USA</aff><author-notes><corresp id="COR1">*To whom correspondence should be addressed.</corresp><fn><p>Associate Editor: Jonathan Wren</p></fn></author-notes><pub-date pub-type="ppub"><day>15</day><month>1</month><year>2009</year></pub-date><pub-date pub-type="epub"><day>9</day><month>12</month><year>2008</year></pub-date><volume>25</volume><issue>2</issue><fpage>251</fpage><lpage>257</lpage><history><date date-type="received"><day>26</day><month>5</month><year>2008</year></date><date date-type="rev-recd"><day>25</day><month>10</month><year>2008</year></date><date date-type="accepted"><day>20</day><month>11</month><year>2008</year></date></history><permissions><copyright-statement>© The Author 2008. Published by Oxford University Press. All rights reserved. For Permissions, please email: journals.permissions@oxfordjournals.org</copyright-statement><copyright-year>2008</copyright-year></permissions><abstract><p><bold>Motivation:</bold> The development of better tests to detect cancer in its earliest stages is one of the most sought-after goals in medicine. Especially important are minimally invasive tests that require only blood or urine samples. By profiling oligosaccharides cleaved from glycosylated proteins shed by tumor cells into the blood stream, we hope to determine glycan profiles that will help identify cancer patients using a simple blood test. The data in this article were generated using matrix-assisted laser desorption/ionization Fourier transform ion cyclotron resonance mass spectrometry (MALDI FT-ICR MS). We have developed novel methods for analyzing this type of mass spectrometry data and applied it to eight datasets from three different types of cancer (breast, ovarian and prostate).</p><p><bold>Results:</bold> The techniques we have developed appear to be effective in the analysis of MALDI FT-ICR MS data. We found significant differences between control and cancer groups in all eight datasets, including two structurally related compounds that were found to be significantly different between control and cancer groups in all three types of cancer studied.</p><p><bold>Availability:</bold> The software used to perform the analysis described in this article is available in the form of an <italic>R</italic> package called <sc>fticrms</sc>, version 0.6, either from the Comprehensive <italic>R</italic> Archive Network (<ext-link ext-link-type="uri" xlink:href="http://www.r-project.org/">http://www.r-project.org/</ext-link>) or from the first author.</p><p><bold>Contact:</bold><email>barkda@wald.ucdavis.edu</email></p></abstract></article-meta></front></article>