<article xmlns="https://dtd.nlm.nih.gov/ns/archiving/2.3/" xmlns:xsi="http://www.w3.org/2001/XMLSchema-instance" xmlns:mml="http://www.w3.org/1998/Math/MathML" xmlns:xlink="http://www.w3.org/1999/xlink" xsi:schemaLocation="https://dtd.nlm.nih.gov/ns/archiving/2.3/ https://dtd.nlm.nih.gov/archiving/2.3/xsd/archivearticle.xsd" article-type="research-article" xml:lang="EN"><front><journal-meta><journal-id journal-id-type="nlm-ta">Bioinformatics</journal-id><journal-id journal-id-type="publisher-id">bioinformatics</journal-id><journal-id journal-id-type="hwp">bioinfo</journal-id><journal-title>Bioinformatics</journal-title><issn pub-type="ppub">1367-4803</issn><issn pub-type="epub">1460-2059</issn><publisher><publisher-name>Oxford University Press</publisher-name></publisher></journal-meta><article-meta><article-id pub-id-type="accession">PMC2606163</article-id><article-id pub-id-type="pmcid">PMC2606163</article-id><article-id pub-id-type="pmc-uid">2606163</article-id><article-id pub-id-type="pmid">18845581</article-id><article-id pub-id-type="doi">10.1093/bioinformatics/btn529</article-id><article-id pub-id-type="publisher-id">btn529</article-id><article-id pub-id-type="pmid">18845581</article-id><article-categories><subj-group subj-group-type="heading"><subject>Original Papers</subject><subj-group><subject>Genome Analysis</subject></subj-group></subj-group></article-categories><title-group><article-title>Artemis and ACT: viewing, annotating and comparing sequences stored in a relational database</article-title></title-group><contrib-group><contrib contrib-type="author"><name><surname>Carver</surname><given-names>Tim</given-names></name><xref ref-type="corresp" rid="COR1">*</xref></contrib><contrib contrib-type="author"><name><surname>Berriman</surname><given-names>Matthew</given-names></name></contrib><contrib contrib-type="author"><name><surname>Tivey</surname><given-names>Adrian</given-names></name></contrib><contrib contrib-type="author"><name><surname>Patel</surname><given-names>Chinmay</given-names></name></contrib><contrib contrib-type="author"><name><surname>Böhme</surname><given-names>Ulrike</given-names></name></contrib><contrib contrib-type="author"><name><surname>Barrell</surname><given-names>Barclay G.</given-names></name></contrib><contrib contrib-type="author"><name><surname>Parkhill</surname><given-names>Julian</given-names></name></contrib><contrib contrib-type="author"><name><surname>Rajandream</surname><given-names>Marie-Adèle</given-names></name></contrib></contrib-group><aff>Wellcome Trust Sanger Institute, Wellcome Trust Genome Campus, Hinxton, Cambridge CB10 1SA, UK</aff><author-notes><corresp id="COR1">*To whom correspondence should be addressed.</corresp><fn><p>Associate Editor: John Quackenbush</p></fn></author-notes><pub-date pub-type="ppub"><day>1</day><month>12</month><year>2008</year></pub-date><pub-date pub-type="epub"><day>9</day><month>10</month><year>2008</year></pub-date><pub-date pub-type="pmc-release"><day>9</day><month>10</month><year>2008</year></pub-date><volume>24</volume><issue>23</issue><fpage>2672</fpage><lpage>2676</lpage><history><date date-type="received"><day>10</day><month>8</month><year>2008</year></date><date date-type="rev-recd"><day>19</day><month>9</month><year>2008</year></date><date date-type="accepted"><day>6</day><month>10</month><year>2008</year></date></history><permissions><copyright-statement>© 2008 The Author(s)</copyright-statement><copyright-year>2008</copyright-year><license license-type="creative-commons" xlink:href="http://creativecommons.org/licenses/by-nc/2.0/uk/"><p><!--CREATIVE COMMONS-->This is an Open Access article distributed under the terms of the Creative Commons Attribution Non-Commercial License (<ext-link ext-link-type="uri" xlink:href="http://creativecommons.org/licenses/by-nc/2.0/uk/">http://creativecommons.org/licenses/by-nc/2.0/uk/</ext-link>) which permits unrestricted non-commercial use, distribution, and reproduction in any medium, provided the original work is properly cited.</p></license></permissions><abstract><p><bold>Motivation:</bold> Artemis and Artemis Comparison Tool (ACT) have become mainstream tools for viewing and annotating sequence data, particularly for microbial genomes. Since its first release, Artemis has been continuously developed and supported with additional functionality for editing and analysing sequences based on feedback from an active user community of laboratory biologists and professional annotators. Nevertheless, its utility has been somewhat restricted by its limitation to reading and writing from flat files. Therefore, a new version of Artemis has been developed, which reads from and writes to a relational database schema, and allows users to annotate more complex, often large and fragmented, genome sequences.</p><p><bold>Results:</bold> Artemis and ACT have now been extended to read and write directly to the Generic Model Organism Database (GMOD, <ext-link ext-link-type="uri" xlink:href="http://www.gmod.org">http://www.gmod.org</ext-link>) Chado relational database schema. In addition, a Gene Builder tool has been developed to provide structured forms and tables to edit coordinates of gene models and edit functional annotation, based on standard ontologies, controlled vocabularies and free text.</p><p><bold>Availability:</bold> Artemis and ACT are freely available (under a GPL licence) for download (for MacOSX, UNIX and Windows) at the Wellcome Trust Sanger Institute web sites: <ext-link ext-link-type="uri" xlink:href="http://www.sanger.ac.uk/Software/Artemis/">http://www.sanger.ac.uk/Software/Artemis/</ext-link> <ext-link ext-link-type="uri" xlink:href="http://www.sanger.ac.uk/Software/ACT/">http://www.sanger.ac.uk/Software/ACT/</ext-link></p><p><bold>Contact:</bold><email>artemis@sanger.ac.uk</email></p><p><bold>Supplementary information:</bold><ext-link ext-link-type="uri" xlink:href="http://bioinformatics.oxfordjournals.org/cgi/content/full/btn529/DC1">Supplementary data</ext-link> are available at <italic>Bioinformatics</italic> online.</p></abstract></article-meta></front></article>