<article xmlns="https://jats.nlm.nih.gov/ns/archiving/1.2/" xmlns:xsi="http://www.w3.org/2001/XMLSchema-instance" xmlns:mml="http://www.w3.org/1998/Math/MathML" xmlns:xlink="http://www.w3.org/1999/xlink" xsi:schemaLocation="https://jats.nlm.nih.gov/ns/archiving/1.2/ https://jats.nlm.nih.gov/archiving/1.2/xsd/JATS-archivearticle1.xsd" article-type="research-article"><front><journal-meta><journal-id journal-id-type="nlm-ta">Bioinformatics</journal-id><journal-id journal-id-type="publisher-id">bioinformatics</journal-id><journal-id journal-id-type="hwp">bioinfo</journal-id><journal-title-group><journal-title>Bioinformatics</journal-title></journal-title-group><issn pub-type="ppub">1367-4803</issn><issn pub-type="epub">1367-4811</issn><publisher><publisher-name>Oxford University Press</publisher-name></publisher></journal-meta><article-meta><article-id pub-id-type="accession">PMC2668612</article-id><article-id pub-id-type="pmcid">PMC2668612</article-id><article-id pub-id-type="pmc-uid">2668612</article-id><article-id pub-id-type="pmid">18558620</article-id><article-id pub-id-type="pmid">18558620</article-id><article-id pub-id-type="doi">10.1093/bioinformatics/btn308</article-id><article-id pub-id-type="publisher-id">btn308</article-id><article-categories><subj-group subj-group-type="heading"><subject>Original Papers</subject><subj-group><subject>Sequence Analysis</subject></subj-group></subj-group></article-categories><title-group><article-title>Memory-efficient dynamic programming backtrace and pairwise local sequence alignment</article-title></title-group><contrib-group><contrib contrib-type="author"><name><surname>Newberg</surname><given-names>Lee A.</given-names></name><xref ref-type="aff" rid="AFF1"><sup>1</sup></xref><xref ref-type="aff" rid="AFF1"><sup>2</sup></xref></contrib></contrib-group><aff id="AFF1"><sup>1</sup>Center for Bioinformatics, Wadsworth Center, New York State Department of Health, Albany, NY 12208-3425 and <sup>2</sup>Department of Computer Science, Rensselaer Polytechnic Institute, Troy, NY 12180-3590, USA</aff><author-notes><fn><p>Associate Editor: Thomas Lengauer</p></fn></author-notes><pub-date pub-type="ppub"><day>15</day><month>8</month><year>2008</year></pub-date><pub-date pub-type="epub"><day>16</day><month>6</month><year>2008</year></pub-date><pub-date pub-type="pmc-release"><day>16</day><month>6</month><year>2008</year></pub-date><!-- PMC Release delay is 0 months and 0 days and was based on the
							<pub-date pub-type="epub"/>. --><volume>24</volume><issue>16</issue><fpage>1772</fpage><lpage>1778</lpage><history><date date-type="received"><day>23</day><month>4</month><year>2008</year></date><date date-type="rev-recd"><day>5</day><month>6</month><year>2008</year></date><date date-type="accepted"><day>10</day><month>6</month><year>2008</year></date></history><permissions><copyright-statement>© 2008 The Author(s)</copyright-statement><copyright-year>2008</copyright-year><license license-type="creative-commons" xlink:href="http://creativecommons.org/licenses/by-nc/2.0/uk/"><license-p><!--CREATIVE COMMONS-->This is an Open Access article distributed under the terms of the Creative Commons Attribution Non-Commercial License (<ext-link ext-link-type="uri" xlink:href="http://creativecommons.org/licenses/by-nc/2.0/uk/">http://creativecommons.org/licenses/by-nc/2.0/uk/</ext-link>) which permits unrestricted non-commercial use, distribution, and reproduction in any medium, provided the original work is properly cited.</license-p></license></permissions><abstract><p><bold>Motivation:</bold> A backtrace through a dynamic programming algorithm's intermediate results in search of an optimal path, or to sample paths according to an implied probability distribution, or as the second stage of a forward–backward algorithm, is a task of fundamental importance in computational biology. When there is insufficient space to store all intermediate results in high-speed memory (e.g. cache) existing approaches store selected stages of the computation, and recompute missing values from these checkpoints on an as-needed basis.</p><p><bold>Results:</bold> Here we present an optimal checkpointing strategy, and demonstrate its utility with pairwise local sequence alignment of sequences of length 10 000.</p><p><bold>Availability:</bold> Sample C++-code for optimal backtrace is available in the <ext-link ext-link-type="uri" xlink:href="http://bioinformatics.oxfordjournals.org/cgi/content/full/btn308/DC1">Supplementary Materials</ext-link>.</p><p><bold>Contact:</bold><email>leen@cs.rpi.edu</email></p><p><bold>Supplementary information:</bold><ext-link ext-link-type="uri" xlink:href="http://bioinformatics.oxfordjournals.org/cgi/content/full/btn308/DC1">Supplementary data</ext-link> is available at <italic>Bioinformatics</italic> online.</p></abstract></article-meta></front></article>