<article xmlns="https://dtd.nlm.nih.gov/ns/archiving/2.3/" xmlns:xsi="http://www.w3.org/2001/XMLSchema-instance" xmlns:mml="http://www.w3.org/1998/Math/MathML" xmlns:xlink="http://www.w3.org/1999/xlink" xsi:schemaLocation="https://dtd.nlm.nih.gov/ns/archiving/2.3/ https://dtd.nlm.nih.gov/archiving/2.3/xsd/archivearticle.xsd" article-type="research-article" xml:lang="EN"><front><journal-meta><journal-id journal-id-type="nlm-ta">Bioinformatics</journal-id><journal-id journal-id-type="publisher-id">bioinformatics</journal-id><journal-id journal-id-type="hwp">bioinfo</journal-id><journal-title>Bioinformatics</journal-title><issn pub-type="ppub">1367-4803</issn><issn pub-type="epub">1460-2059</issn><publisher><publisher-name>Oxford University Press</publisher-name></publisher></journal-meta><article-meta><article-id pub-id-type="accession">PMC2687977</article-id><article-id pub-id-type="pmcid">PMC2687977</article-id><article-id pub-id-type="pmc-uid">2687977</article-id><article-id pub-id-type="pmid">19477985</article-id><article-id pub-id-type="doi">10.1093/bioinformatics/btp223</article-id><article-id pub-id-type="publisher-id">btp223</article-id><article-categories><subj-group subj-group-type="heading"><subject>Ismb/Eccb 2009 Conference Proceedings June 27 to July 2, 2009, Stockholm, Sweden</subject><subj-group><subject>Original Papers</subject><subj-group><subject>Other Bioinformatics Applications and Methods</subject></subj-group></subj-group></subj-group></article-categories><title-group><article-title>E-zyme: predicting potential EC numbers from the chemical transformation pattern of substrate-product pairs</article-title></title-group><contrib-group><contrib contrib-type="author"><name><surname>Yamanishi</surname><given-names>Yoshihiro</given-names></name><xref ref-type="aff" rid="AFF1"><sup>1</sup></xref><xref ref-type="author-notes" rid="FN1"><sup>†</sup></xref><xref ref-type="author-notes" rid="FN2"><sup>‡</sup></xref></contrib><contrib contrib-type="author"><name><surname>Hattori</surname><given-names>Masahiro</given-names></name><xref ref-type="aff" rid="AFF1"><sup>1</sup></xref><xref ref-type="author-notes" rid="FN2"><sup>‡</sup></xref></contrib><contrib contrib-type="author"><name><surname>Kotera</surname><given-names>Masaaki</given-names></name><xref ref-type="aff" rid="AFF1"><sup>1</sup></xref><xref ref-type="author-notes" rid="FN2"><sup>‡</sup></xref></contrib><contrib contrib-type="author"><name><surname>Goto</surname><given-names>Susumu</given-names></name><xref ref-type="aff" rid="AFF1"><sup>1</sup></xref></contrib><contrib contrib-type="author"><name><surname>Kanehisa</surname><given-names>Minoru</given-names></name><xref ref-type="aff" rid="AFF1"><sup>1</sup></xref><xref ref-type="aff" rid="AFF1"><sup>2</sup></xref><xref ref-type="corresp" rid="COR1">*</xref></contrib></contrib-group><aff id="AFF1"><sup>1</sup>Bioinformatics Center, Institute for Chemical Research, Kyoto University, Uji, Kyoto 611-0011 and <sup>2</sup>Human Genome Center, Institute of Medical Science, University of Tokyo, 4-6-1 Shirokane-dai, Minato-ku, Tokyo 108-8639, Japan</aff><author-notes><corresp id="COR1">*To whom correspondence should be addressed.</corresp><fn id="FN1"><p><sup>†</sup>Present address: Center for Computational Biology, Mines ParisTech - Institut Curie - Inserm U900, 35 rue Saint Honore, 77305 Fontainebleau Cedex, France.</p></fn><fn id="FN2"><p><sup>‡</sup>The authors wish it to be known that, in their opinion, the first three authors should be regarded as joint First Authors.</p></fn></author-notes><pub-date pub-type="ppub"><day>15</day><month>6</month><year>2009</year></pub-date><pub-date pub-type="epub"><day>27</day><month>5</month><year>2009</year></pub-date><pub-date pub-type="pmc-release"><day>27</day><month>5</month><year>2009</year></pub-date><!-- PMC Release delay is 0 months and 0 days and was based on the
			<pub-date pub-type="epub"/>. --><volume>25</volume><issue>12</issue><fpage>i179</fpage><lpage>i186</lpage><permissions><copyright-statement>© 2009 The Author(s)</copyright-statement><copyright-year>2009</copyright-year><license license-type="creative-commons" xlink:href="http://creativecommons.org/licenses/by-nc/2.0/uk/"><p><!--CREATIVE COMMONS-->This is an Open Access article distributed under the terms of the Creative Commons Attribution Non-Commercial License (<ext-link ext-link-type="uri" xlink:href="http://creativecommons.org/licenses/by-nc/2.0/uk/">http://creativecommons.org/licenses/by-nc/2.0/uk/</ext-link>) which permits unrestricted non-commercial use, distribution, and reproduction in any medium, provided the original work is properly cited.</p></license></permissions><abstract><p><bold>Motivation:</bold> The IUBMB's Enzyme Nomenclature system, commonly known as the Enzyme Commission (EC) numbers, plays key roles in classifying enzymatic reactions and in linking the enzyme genes or proteins to reactions in metabolic pathways. There are numerous reactions known to be present in various pathways but without any official EC numbers, most of which have no hope to be given ones because of the lack of the published articles on enzyme assays.</p><p><bold>Results:</bold> In this article we propose a new method to predict the potential EC numbers to given reactant pairs (substrates and products) or uncharacterized reactions, and a web-server named E-zyme as an application. This technology is based on our original biochemical transformation pattern which we call an ‘RDM pattern’, and consists of three steps: (i) graph alignment of a query reactant pair (substrates and products) for computing the query RDM pattern, (ii) multi-layered partial template matching by comparing the query RDM pattern with template patterns related with known EC numbers and (iii) weighted major voting scheme for selecting appropriate EC numbers. As the result, cross-validation experiments show that the proposed method achieves both high coverage and high prediction accuracy at a practical level, and consistently outperforms the previous method.</p><p><bold>Availability:</bold> The E-zyme system is available at <ext-link ext-link-type="uri" xlink:href="http://www.genome.jp/tools/e-zyme/">http://www.genome.jp/tools/e-zyme/</ext-link></p><p><bold>Contact:</bold><email>kanehisa@kuicr.kyoto-u.ac.jp</email></p></abstract></article-meta></front></article>