<article xmlns="https://jats.nlm.nih.gov/ns/archiving/1.2/" xmlns:xsi="http://www.w3.org/2001/XMLSchema-instance" xmlns:mml="http://www.w3.org/1998/Math/MathML" xmlns:xlink="http://www.w3.org/1999/xlink" xsi:schemaLocation="https://jats.nlm.nih.gov/ns/archiving/1.2/ https://jats.nlm.nih.gov/archiving/1.2/xsd/JATS-archivearticle1.xsd" article-type="research-article"><front><journal-meta><journal-id journal-id-type="nlm-ta">Bioinformatics</journal-id><journal-id journal-id-type="publisher-id">bioinformatics</journal-id><journal-id journal-id-type="hwp">bioinfo</journal-id><journal-title-group><journal-title>Bioinformatics</journal-title></journal-title-group><issn pub-type="ppub">1367-4803</issn><issn pub-type="epub">1367-4811</issn><publisher><publisher-name>Oxford University Press</publisher-name></publisher></journal-meta><article-meta><article-id pub-id-type="accession">PMC2610477</article-id><article-id pub-id-type="pmcid">PMC2610477</article-id><article-id pub-id-type="pmc-uid">2610477</article-id><article-id pub-id-type="pmid">18565990</article-id><article-id pub-id-type="pmid">18565990</article-id><article-id pub-id-type="doi">10.1093/bioinformatics/btn315</article-id><article-id pub-id-type="publisher-id">btn315</article-id><article-categories><subj-group subj-group-type="heading"><subject>Original Papers</subject><subj-group><subject>Genetics and Population Analysis</subject></subj-group></subj-group></article-categories><title-group><article-title>Systematic biological prioritization after a genome-wide association study: an application to nicotine dependence</article-title></title-group><contrib-group><contrib contrib-type="author"><name><surname>Saccone</surname><given-names>Scott F.</given-names></name><xref ref-type="aff" rid="AFF1"><sup>1</sup></xref><xref ref-type="corresp" rid="COR1">*</xref></contrib><contrib contrib-type="author"><name><surname>Saccone</surname><given-names>Nancy L.</given-names></name><xref ref-type="aff" rid="AFF1"><sup>2</sup></xref></contrib><contrib contrib-type="author"><name><surname>Swan</surname><given-names>Gary E.</given-names></name><xref ref-type="aff" rid="AFF1"><sup>3</sup></xref></contrib><contrib contrib-type="author"><name><surname>Madden</surname><given-names>Pamela A. F.</given-names></name><xref ref-type="aff" rid="AFF1"><sup>1</sup></xref></contrib><contrib contrib-type="author"><name><surname>Goate</surname><given-names>Alison M.</given-names></name><xref ref-type="aff" rid="AFF1"><sup>1</sup></xref><xref ref-type="aff" rid="AFF1"><sup>2</sup></xref></contrib><contrib contrib-type="author"><name><surname>Rice</surname><given-names>John P.</given-names></name><xref ref-type="aff" rid="AFF1"><sup>1</sup></xref><xref ref-type="aff" rid="AFF1"><sup>2</sup></xref></contrib><contrib contrib-type="author"><name><surname>Bierut</surname><given-names>Laura J.</given-names></name><xref ref-type="aff" rid="AFF1"><sup>1</sup></xref></contrib></contrib-group><aff id="AFF1"><sup>1</sup>Department of Psychiatry, Washington University School of Medicine, Campus Box 8134, 660 South Euclid Avenue, <sup>2</sup>Department of Genetics, Washington University School of Medicine, Campus Box 8232, 4566 Scott Avenue, Saint Louis, Missouri, 63110 and <sup>3</sup>Center for Health Sciences, SRI International, 333 Ravenswood Avenue, Menlo Park, California, 94025, USA</aff><author-notes><corresp id="COR1">*To whom correspondence should be addressed.</corresp><fn><p>Associate Editor: Martin Bishop</p></fn></author-notes><pub-date pub-type="ppub"><day>15</day><month>8</month><year>2008</year></pub-date><pub-date pub-type="epub"><day>19</day><month>6</month><year>2008</year></pub-date><volume>24</volume><issue>16</issue><fpage>1805</fpage><lpage>1811</lpage><history><date date-type="received"><day>1</day><month>5</month><year>2008</year></date><date date-type="rev-recd"><day>10</day><month>6</month><year>2008</year></date><date date-type="accepted"><day>16</day><month>6</month><year>2008</year></date></history><permissions><copyright-statement>© The Author 2008. Published by Oxford University Press. All rights reserved. For Permissions, please email: journals.permissions@oxfordjournals.org</copyright-statement><copyright-year>2008</copyright-year></permissions><abstract><p><bold>Motivation:</bold> A challenging problem after a genome-wide association study (GWAS) is to balance the statistical evidence of genotype–phenotype correlation with <italic>a priori</italic> evidence of biological relevance.</p><p><bold>Results:</bold> We introduce a method for systematically prioritizing single nucleotide polymorphisms (SNPs) for further study after a GWAS. The method combines evidence across multiple domains including statistical evidence of genotype–phenotype correlation, known pathways in the pathologic development of disease, SNP/gene functional properties, comparative genomics, prior evidence of genetic linkage, and linkage disequilibrium. We apply this method to a GWAS of nicotine dependence, and use simulated data to test it on several commercial SNP microarrays.</p><p><bold>Availability:</bold> A comprehensive database of biological prioritization scores for all known SNPs is available at <ext-link ext-link-type="uri" xlink:href="http://zork.wustl.edu/gin">http://zork.wustl.edu/gin</ext-link>. This can be used to prioritize nicotine dependence association studies through a straightforward mathematical formula—no special software is necessary.</p><p><bold>Contact:</bold><email>ssaccone@wustl.edu</email></p><p><bold>Supplementary information:</bold><ext-link ext-link-type="uri" xlink:href="http://bioinformatics.oxfordjournals.org/cgi/content/full/btn315/DC1">Supplementary data</ext-link> are available at <italic>Bioinformatics</italic> online.</p></abstract></article-meta></front></article>