<article xmlns="https://jats.nlm.nih.gov/ns/archiving/1.2/" xmlns:xsi="http://www.w3.org/2001/XMLSchema-instance" xmlns:mml="http://www.w3.org/1998/Math/MathML" xmlns:xlink="http://www.w3.org/1999/xlink" xsi:schemaLocation="https://jats.nlm.nih.gov/ns/archiving/1.2/ https://jats.nlm.nih.gov/archiving/1.2/xsd/JATS-archivearticle1.xsd" article-type="research-article"><front><journal-meta><journal-id journal-id-type="nlm-ta">Bioinformatics</journal-id><journal-id journal-id-type="publisher-id">bioinformatics</journal-id><journal-id journal-id-type="hwp">bioinfo</journal-id><journal-title-group><journal-title>Bioinformatics</journal-title></journal-title-group><issn pub-type="ppub">1367-4803</issn><issn pub-type="epub">1460-2059</issn><publisher><publisher-name>Oxford University Press</publisher-name></publisher></journal-meta><article-meta><article-id pub-id-type="accession">PMC2732300</article-id><article-id pub-id-type="pmcid">PMC2732300</article-id><article-id pub-id-type="pmc-uid">2732300</article-id><article-id pub-id-type="pmid">19176555</article-id><article-id pub-id-type="pmid">19176555</article-id><article-id pub-id-type="doi">10.1093/bioinformatics/btp063</article-id><article-id pub-id-type="publisher-id">btp063</article-id><article-categories><subj-group subj-group-type="heading"><subject>Original Papers</subject><subj-group><subject>Genome Analysis</subject></subj-group></subj-group></article-categories><title-group><article-title>A flexible rank-based framework for detecting copy number aberrations from array data</article-title></title-group><contrib-group><contrib contrib-type="author"><name><surname>LaFramboise</surname><given-names>Thomas</given-names></name><xref ref-type="aff" rid="AFF1"><sup>1</sup></xref><xref ref-type="aff" rid="AFF1"><sup>2</sup></xref><xref ref-type="corresp" rid="COR1">*</xref></contrib><contrib contrib-type="author"><name><surname>Winckler</surname><given-names>Wendy</given-names></name><xref ref-type="aff" rid="AFF1"><sup>3</sup></xref></contrib><contrib contrib-type="author"><name><surname>Thomas</surname><given-names>Roman K.</given-names></name><xref ref-type="aff" rid="AFF1"><sup>4</sup></xref><xref ref-type="aff" rid="AFF1"><sup>5</sup></xref></contrib></contrib-group><aff id="AFF1"><sup>1</sup>Department of Genetics, Case Western Reserve University, Cleveland, OH 44106, <sup>2</sup>Genomic Medicine Institute, Lerner Research Institute, Cleveland Clinic Foundation, Cleveland, OH 44195, <sup>3</sup>The Broad Institute of Harvard and MIT, Cambridge, MA 02141, USA, <sup>4</sup>Max Planck Institute for Neurological Research with Klaus-Joachim-Zülch Laboratories of the Max Planck Society and <sup>5</sup>The Medical Faculty of the University of Köln, Köln, Germany</aff><author-notes><corresp id="COR1">*To whom correspondence should be addressed.</corresp><fn><p>Associate editor: Alex Bateman</p></fn></author-notes><pub-date pub-type="ppub"><day>15</day><month>3</month><year>2009</year></pub-date><pub-date pub-type="epub"><day>28</day><month>1</month><year>2009</year></pub-date><volume>25</volume><issue>6</issue><fpage>722</fpage><lpage>728</lpage><history><date date-type="received"><day>9</day><month>10</month><year>2008</year></date><date date-type="rev-recd"><day>19</day><month>12</month><year>2008</year></date><date date-type="accepted"><day>26</day><month>1</month><year>2009</year></date></history><permissions><copyright-statement>© The Author 2009. Published by Oxford University Press. All rights reserved. For Permissions, please email: journals.permissions@oxfordjournals.org</copyright-statement><copyright-year>2009</copyright-year></permissions><abstract><p><bold>Motivation:</bold> DNA copy number aberration—both inherited and sporadic—is a significant contributor to a variety of human diseases. Copy number characterization is therefore an area of intense research. Probe hybridization-based arrays are important tools used to measure copy number in a high-throughput manner.</p><p><bold>Results:</bold> In this article, we present a simple but powerful nonparametric rank-based approach to detect deletions and gains from raw array copy number measurements. We use three different rank-based statistics to detect three separate molecular phenomena—somatic lesions, germline deletions and germline gains. The approach is robust and rigorously grounded in statistical theory, thereby enabling the meaningful assignment of statistical significance to each putative aberration. We demonstrate the flexibility of our approach by applying it to data from three different array platforms. We show that our method compares favorably with established approaches by applying it to published well-characterized samples. Power simulations demonstrate exquisite sensitivity for array data of reasonable quality.</p><p><bold>Conclusions:</bold> Our flexible rank-based framework is suitable for multiple platforms including single nucleotide polymorphism arrays and array comparative genomic hybridization, and can reliably detect gains or losses of genomic DNA, whether inherited, <italic>de novo</italic>, or somatic.</p><p><bold>Availability:</bold> An R package <italic>RankCopy</italic> containing the methods described here, and is freely available from the author's web site (<ext-link ext-link-type="uri" xlink:href="http://mendel.gene.cwru.edu/laframboiselab/">http://mendel.gene.cwru.edu/laframboiselab/</ext-link>).</p><p><bold>Contact:</bold><email>Thomas.LaFramboise@case.edu</email></p><p><bold>Supplementary information:</bold><ext-link ext-link-type="uri" xlink:href="http://bioinformatics.oxfordjournals.org/cgi/content/full/btp063/DC1">Supplementary data</ext-link> are available at <italic>Bioinformatics</italic> online.</p></abstract></article-meta></front></article>