<article xmlns="https://jats.nlm.nih.gov/ns/archiving/1.2/" xmlns:xsi="http://www.w3.org/2001/XMLSchema-instance" xmlns:mml="http://www.w3.org/1998/Math/MathML" xmlns:xlink="http://www.w3.org/1999/xlink" xsi:schemaLocation="https://jats.nlm.nih.gov/ns/archiving/1.2/ https://jats.nlm.nih.gov/archiving/1.2/xsd/JATS-archivearticle1.xsd" article-type="research-article"><front><journal-meta><journal-id journal-id-type="nlm-ta">Bioinformatics</journal-id><journal-id journal-id-type="publisher-id">bioinformatics</journal-id><journal-id journal-id-type="hwp">bioinfo</journal-id><journal-title-group><journal-title>Bioinformatics</journal-title></journal-title-group><issn pub-type="ppub">1367-4803</issn><issn pub-type="epub">1460-2059</issn><publisher><publisher-name>Oxford University Press</publisher-name></publisher></journal-meta><article-meta><article-id pub-id-type="accession">PMC2732272</article-id><article-id pub-id-type="pmcid">PMC2732272</article-id><article-id pub-id-type="pmc-uid">2732272</article-id><article-id pub-id-type="pmid">18697774</article-id><article-id pub-id-type="pmid">18697774</article-id><article-id pub-id-type="doi">10.1093/bioinformatics/btn372</article-id><article-id pub-id-type="publisher-id">btn372</article-id><article-categories><subj-group subj-group-type="heading"><subject>Original Papers</subject><subj-group><subject>Gene Expression</subject></subj-group></subj-group></article-categories><title-group><article-title>Cancer outlier detection based on likelihood ratio test</article-title></title-group><contrib-group><contrib contrib-type="author"><name><surname>Hu</surname><given-names>Jianhua</given-names></name></contrib></contrib-group><aff>Department of Biostatistics, Division of Quantitative Science, University of Texas M.D. Anderson Cancer Center, Houston, TX, USA</aff><author-notes><fn><p>Associate Editor: Joaquin Dopazo</p></fn></author-notes><pub-date pub-type="ppub"><day>1</day><month>10</month><year>2008</year></pub-date><pub-date pub-type="epub"><day>12</day><month>8</month><year>2008</year></pub-date><pub-date pub-type="pmc-release"><day>1</day><month>10</month><year>2009</year></pub-date><!-- PMC Release delay is 12 months and 0 days and was based on the
					<pub-date pub-type="ppub"/>. --><volume>24</volume><issue>19</issue><fpage>2193</fpage><lpage>2199</lpage><history><date date-type="received"><day>31</day><month>10</month><year>2007</year></date><date date-type="rev-recd"><day>19</day><month>6</month><year>2008</year></date><date date-type="accepted"><day>15</day><month>7</month><year>2008</year></date></history><permissions><copyright-statement>© The Author 2008. Published by Oxford University Press. All rights reserved. For Permissions, please email: journals.permissions@oxfordjournals.org</copyright-statement><copyright-year>2008</copyright-year></permissions><abstract><p><bold>Motivation:</bold> Microarray experiments can be used to help study the role of chromosomal translocation in cancer development through cancer outlier detection. The aim is to identify genes that are up- or down-regulated in a subset of cancer samples in comparison to normal samples.</p><p><bold>Results:</bold> We propose a likelihood-based approach which targets detecting the change of point in mean expression intensity in the group of cancer samples. A desirable property of the proposed approach is the availability of theoretical significance-level results. Simulation studies showed that the performance of the proposed approach is appealing in terms of both detection power and false discovery rate. And the real data example also favored the likelihood-based approach in terms of the biological relevance of the results.</p><p><bold>Availability:</bold> R code to implement the proposed method in the statistical package R is available at: <ext-link ext-link-type="uri" xlink:href="http://odin.mdacc.tmc.edu/~jhhu/cod-analysis/">http://odin.mdacc.tmc.edu/~jhhu/cod-analysis/</ext-link>.</p><p><bold>Contact:</bold><email>jhu@mdanderson.org</email></p><p><bold>Supplementary information:</bold><ext-link ext-link-type="uri" xlink:href="http://bioinformatics.oxfordjournals.org/cgi/content/full/btn372/DC1">Supplementary data</ext-link> are available at <italic>Bioinformatics</italic> online.</p></abstract></article-meta></front></article>