<article xmlns="https://dtd.nlm.nih.gov/ns/archiving/2.3/" xmlns:xsi="http://www.w3.org/2001/XMLSchema-instance" xmlns:mml="http://www.w3.org/1998/Math/MathML" xmlns:xlink="http://www.w3.org/1999/xlink" xsi:schemaLocation="https://dtd.nlm.nih.gov/ns/archiving/2.3/ https://dtd.nlm.nih.gov/archiving/2.3/xsd/archivearticle.xsd" article-type="research-article" xml:lang="EN"><front><journal-meta><journal-id journal-id-type="nlm-ta">Bioinformatics</journal-id><journal-id journal-id-type="publisher-id">bioinformatics</journal-id><journal-id journal-id-type="hwp">bioinfo</journal-id><journal-title>Bioinformatics</journal-title><issn pub-type="ppub">1367-4803</issn><issn pub-type="epub">1460-2059</issn><publisher><publisher-name>Oxford University Press</publisher-name></publisher></journal-meta><article-meta><article-id pub-id-type="accession">PMC2579714</article-id><article-id pub-id-type="pmcid">PMC2579714</article-id><article-id pub-id-type="pmc-uid">2579714</article-id><article-id pub-id-type="pmid">18805798</article-id><article-id pub-id-type="doi">10.1093/bioinformatics/btn491</article-id><article-id pub-id-type="publisher-id">btn491</article-id><article-id pub-id-type="pmid">18805798</article-id><article-categories><subj-group subj-group-type="heading"><subject>Applications Note</subject><subj-group><subject>Systems Biology</subject></subj-group></subj-group></article-categories><title-group><article-title>MS-BID: a Java package for label-free LC-MS-based comparative proteomic analysis</article-title></title-group><contrib-group><contrib contrib-type="author"><name><surname>Hwang</surname><given-names>Daehee</given-names></name><xref ref-type="aff" rid="AFF1"><sup>1</sup></xref><xref ref-type="aff" rid="AFF1"><sup>2</sup></xref><xref ref-type="corresp" rid="COR1">*</xref><xref ref-type="author-notes" rid="FN1"><sup>†</sup></xref></contrib><contrib contrib-type="author"><name><surname>Zhang</surname><given-names>Ning</given-names></name><xref ref-type="aff" rid="AFF1"><sup>1</sup></xref><xref ref-type="author-notes" rid="FN1"><sup>†</sup></xref></contrib><contrib contrib-type="author"><name><surname>Lee</surname><given-names>Hookeun</given-names></name><xref ref-type="aff" rid="AFF1"><sup>1</sup></xref><xref ref-type="aff" rid="AFF1"><sup>3</sup></xref></contrib><contrib contrib-type="author"><name><surname>Yi</surname><given-names>Eugene</given-names></name><xref ref-type="aff" rid="AFF1"><sup>1</sup></xref></contrib><contrib contrib-type="author"><name><surname>Zhang</surname><given-names>Hui</given-names></name><xref ref-type="aff" rid="AFF1"><sup>1</sup></xref></contrib><contrib contrib-type="author"><name><surname>Lee</surname><given-names>Inyoul Y.</given-names></name><xref ref-type="aff" rid="AFF1"><sup>1</sup></xref></contrib><contrib contrib-type="author"><name><surname>Hood</surname><given-names>Leroy</given-names></name><xref ref-type="aff" rid="AFF1"><sup>1</sup></xref></contrib><contrib contrib-type="author"><name><surname>Aebersold</surname><given-names>Ruedi</given-names></name><xref ref-type="aff" rid="AFF1"><sup>1</sup></xref><xref ref-type="aff" rid="AFF1"><sup>4</sup></xref><xref ref-type="aff" rid="AFF1"><sup>5</sup></xref></contrib></contrib-group><aff id="AFF1"><sup>1</sup>Institute for Systems Biology, Seattle, WA 98103, USA, <sup>2</sup>I-BIO Program and Department of Chemical Eng., Pohang 790-784, <sup>3</sup>LCDI, Gachon University of Medicine and Science, Incheon, Republic of Korea, <sup>4</sup>Institute for Molecular Systems Biology, ETH, CH-8093 Zürich and <sup>5</sup>Faculty of natural science, University of Zürich, Zürich, Switzerland</aff><author-notes><corresp id="COR1">*To whom correspondence should be addressed.</corresp><fn><p>Associate Editor: John Quackenbush</p></fn><fn id="FN1"><p><sup>†</sup>The authors wish it to be known that, in their opinion, the first two authors should be regarded as joint First Authors.</p></fn></author-notes><pub-date pub-type="ppub"><day>15</day><month>11</month><year>2008</year></pub-date><pub-date pub-type="epub"><day>19</day><month>9</month><year>2008</year></pub-date><volume>24</volume><issue>22</issue><fpage>2641</fpage><lpage>2642</lpage><history><date date-type="received"><day>25</day><month>5</month><year>2008</year></date><date date-type="rev-recd"><day>2</day><month>9</month><year>2008</year></date><date date-type="accepted"><day>12</day><month>9</month><year>2008</year></date></history><permissions><copyright-statement>© The Author 2008. Published by Oxford University Press. All rights reserved. For Permissions, please email: journals.permissions@oxfordjournals.org</copyright-statement><copyright-year>2008</copyright-year></permissions><abstract><p><bold>Summary:</bold> MS-BID (MS Biomarker Discovery Platform) is an integrative computational pipeline for biomarker discovery using LC-MS-based comparative proteomic analysis. This platform consists of several computational tools for: (i) detecting peptides in the collected patterns; (ii) matching detected peptides across a number of LC-MS datasets and (iii) selecting discriminatory peptides between classes of samples.</p><p><bold>Availability:</bold> MS-BID source codes, binaries and documentations are freely available under LGPL from <ext-link ext-link-type="uri" xlink:href="http://tools.proteomecenter.org/msBID.php.">http://tools.proteomecenter.org/msBID.php.</ext-link></p><p><bold>Contact:</bold><email>dhhwang@postech.ac.kr</email></p></abstract></article-meta></front></article>