<article xmlns="https://dtd.nlm.nih.gov/ns/archiving/2.3/" xmlns:xsi="http://www.w3.org/2001/XMLSchema-instance" xmlns:mml="http://www.w3.org/1998/Math/MathML" xmlns:xlink="http://www.w3.org/1999/xlink" xsi:schemaLocation="https://dtd.nlm.nih.gov/ns/archiving/2.3/ https://dtd.nlm.nih.gov/archiving/2.3/xsd/archivearticle.xsd" article-type="research-article" xml:lang="EN"><front><journal-meta><journal-id journal-id-type="nlm-ta">Bioinformatics</journal-id><journal-id journal-id-type="publisher-id">bioinformatics</journal-id><journal-id journal-id-type="hwp">bioinfo</journal-id><journal-title>Bioinformatics</journal-title><issn pub-type="ppub">1367-4803</issn><issn pub-type="epub">1460-2059</issn><publisher><publisher-name>Oxford University Press</publisher-name></publisher></journal-meta><article-meta><article-id pub-id-type="accession">PMC2639009</article-id><article-id pub-id-type="pmcid">PMC2639009</article-id><article-id pub-id-type="pmc-uid">2639009</article-id><article-id pub-id-type="pmid">19015140</article-id><article-id pub-id-type="doi">10.1093/bioinformatics/btn603</article-id><article-id pub-id-type="publisher-id">btn603</article-id><article-id pub-id-type="pmid">19015140</article-id><article-categories><subj-group subj-group-type="heading"><subject>Original Papers</subject><subj-group><subject>Gene Expression</subject></subj-group></subj-group></article-categories><title-group><article-title>SIRIUS: decomposing isotope patterns for metabolite identification<xref ref-type="author-notes" rid="FN1"><sup>†</sup></xref></article-title></title-group><contrib-group><contrib contrib-type="author"><name><surname>Böcker</surname><given-names>Sebastian</given-names></name><xref ref-type="aff" rid="AFF1"><sup>1</sup></xref></contrib><contrib contrib-type="author"><name><surname>Letzel</surname><given-names>Matthias C.</given-names></name><xref ref-type="aff" rid="AFF1"><sup>2</sup></xref></contrib><contrib contrib-type="author"><name><surname>Lipták</surname><given-names>Zsuzsanna</given-names></name><xref ref-type="aff" rid="AFF1"><sup>3</sup></xref></contrib><contrib contrib-type="author"><name><surname>Pervukhin</surname><given-names>Anton</given-names></name><xref ref-type="aff" rid="AFF1"><sup>1</sup></xref><xref ref-type="corresp" rid="COR1">*</xref></contrib></contrib-group><aff id="AFF1"><sup>1</sup>Lehrstuhl für Bioinformatik, Friedrich-Schiller-Universität Jena, 07743 Jena, <sup>2</sup>Organische Chemie I, Fakultät für Chemie, Universität Bielefeld, 33501 Bielefeld and <sup>3</sup>AG Genominformatik, Technische Fakultät, Universität Bielefeld, 33501 Bielefeld, Germany</aff><author-notes><corresp id="COR1">*To whom correspondence should be addressed.</corresp><fn id="FN1"><p><sup>†</sup>Apreliminary version of this article appeared under the title ‘Decomposing metabolomic isotope patterns’ in the Proceedings of the 6th Workshop on Algorithms in Bioinformatics, WABI 2006, in LNCS, Vol. 4175, Springer, pp. 12–23.</p></fn><fn><p>Associate Editor: Olga Troyanskaya</p></fn></author-notes><pub-date pub-type="ppub"><day>15</day><month>1</month><year>2009</year></pub-date><pub-date pub-type="epub"><day>17</day><month>11</month><year>2008</year></pub-date><pub-date pub-type="pmc-release"><day>17</day><month>11</month><year>2008</year></pub-date><volume>25</volume><issue>2</issue><fpage>218</fpage><lpage>224</lpage><history><date date-type="received"><day>28</day><month>8</month><year>2008</year></date><date date-type="rev-recd"><day>13</day><month>11</month><year>2008</year></date><date date-type="accepted"><day>14</day><month>11</month><year>2008</year></date></history><permissions><copyright-statement>© 2008 The Author(s)</copyright-statement><copyright-year>2008</copyright-year><license license-type="creative-commons" xlink:href="http://creativecommons.org/licenses/by-nc/2.0/uk/"><p><!--CREATIVE COMMONS-->This is an Open Access article distributed under the terms of the Creative Commons Attribution Non-Commercial License (<ext-link ext-link-type="uri" xlink:href="http://creativecommons.org/licenses/by-nc/2.0/uk/">http://creativecommons.org/licenses/by-nc/2.0/uk/</ext-link>) which permits unrestricted non-commercial use, distribution, and reproduction in any medium, provided the original work is properly cited.</p></license></permissions><abstract><p><bold>Motivation:</bold> High-resolution mass spectrometry (MS) is among the most widely used technologies in metabolomics. Metabolites participate in almost all cellular processes, but most metabolites still remain uncharacterized. Determination of the sum formula is a crucial step in the identification of an unknown metabolite, as it reduces its possible structures to a hopefully manageable set.</p><p><bold>Results:</bold> We present a method for determining the sum formula of a metabolite solely from its mass and the natural distribution of its isotopes. Our input is a measured isotope pattern from a high resolution mass spectrometer, and we want to find those molecules that best match this pattern. Our method is computationally efficient, and results on experimental data are very promising: for orthogonal time-of-flight mass spectrometry, we correctly identify sum formulas for &gt;90% of the molecules, ranging in mass up to 1000 Da.</p><p><bold>Availability:</bold> SIRIUS is available under the LGPL license at <ext-link ext-link-type="uri" xlink:href="http://bio.informatik.uni-jena.de/sirius/">http://bio.informatik.uni-jena.de/sirius/</ext-link></p><p><bold>Contact:</bold><email>anton.pervukhin@minet.uni-jena.de</email></p><p><bold>Supplementary information:</bold><ext-link ext-link-type="uri" xlink:href="http://bioinformatics.oxfordjournals.org/cgi/content/full/btn603/DC1">Supplementary data</ext-link> are available at <italic>Bioinformatics</italic> online.</p></abstract></article-meta></front></article>