<article xmlns="https://jats.nlm.nih.gov/ns/archiving/1.2/" xmlns:xsi="http://www.w3.org/2001/XMLSchema-instance" xmlns:mml="http://www.w3.org/1998/Math/MathML" xmlns:xlink="http://www.w3.org/1999/xlink" xsi:schemaLocation="https://jats.nlm.nih.gov/ns/archiving/1.2/ https://jats.nlm.nih.gov/archiving/1.2/xsd/JATS-archivearticle1.xsd" article-type="research-article"><front><journal-meta><journal-id journal-id-type="nlm-ta">Bioinformatics</journal-id><journal-id journal-id-type="publisher-id">bioinformatics</journal-id><journal-id journal-id-type="hwp">bioinfo</journal-id><journal-title-group><journal-title>Bioinformatics</journal-title></journal-title-group><issn pub-type="ppub">1367-4803</issn><issn pub-type="epub">1460-2059</issn><publisher><publisher-name>Oxford University Press</publisher-name></publisher></journal-meta><article-meta><article-id pub-id-type="accession">PMC2722999</article-id><article-id pub-id-type="pmcid">PMC2722999</article-id><article-id pub-id-type="pmc-uid">2722999</article-id><article-id pub-id-type="pmid">19497932</article-id><article-id pub-id-type="doi">10.1093/bioinformatics/btp344</article-id><article-id pub-id-type="publisher-id">btp344</article-id><article-categories><subj-group subj-group-type="heading"><subject>Applications Note</subject><subj-group><subject>Sequence Analysis</subject></subj-group></subj-group></article-categories><title-group><article-title>Detecting SNPs and estimating allele frequencies in clonal bacterial populations by sequencing pooled DNA</article-title></title-group><contrib-group><contrib contrib-type="author"><name><surname>Holt</surname><given-names>Kathryn E.</given-names></name><xref ref-type="aff" rid="AFF1"><sup>1</sup></xref><xref ref-type="corresp" rid="COR1"><sup>*</sup></xref></contrib><contrib contrib-type="author"><name><surname>Teo</surname><given-names>Yik Y.</given-names></name><xref ref-type="aff" rid="AFF1"><sup>2</sup></xref></contrib><contrib contrib-type="author"><name><surname>Li</surname><given-names>Heng</given-names></name><xref ref-type="aff" rid="AFF1"><sup>1</sup></xref></contrib><contrib contrib-type="author"><name><surname>Nair</surname><given-names>Satheesh</given-names></name><xref ref-type="aff" rid="AFF1"><sup>3</sup></xref></contrib><contrib contrib-type="author"><name><surname>Dougan</surname><given-names>Gordon</given-names></name><xref ref-type="aff" rid="AFF1"><sup>1</sup></xref></contrib><contrib contrib-type="author"><name><surname>Wain</surname><given-names>John</given-names></name><xref ref-type="aff" rid="AFF1"><sup>3</sup></xref></contrib><contrib contrib-type="author"><name><surname>Parkhill</surname><given-names>Julian</given-names></name><xref ref-type="aff" rid="AFF1"><sup>1</sup></xref></contrib></contrib-group><aff id="AFF1"><sup>1</sup> Wellcome Trust Sanger Institute, Wellcome Trust Genome Campus, Hinxton, Cambridge CB10 1SA, <sup>2</sup> Wellcome Trust Centre for Human Genetics, University of Oxford, Roosevelt Drive, Oxford OX3 7BN and <sup>3</sup> Laboratory of Gastrointestinal Pathogens, Centre for Infections, Health Protection Agency, 61 Colindale Avenue, London NW9 5HT, UK</aff><author-notes><corresp id="COR1"><sup>*</sup>To whom correspondence should be addressed.</corresp><fn><p>Associate Editor: Joaquin Dopazo</p></fn></author-notes><pub-date pub-type="ppub"><day>15</day><month>8</month><year>2009</year></pub-date><pub-date pub-type="epub"><day>3</day><month>6</month><year>2009</year></pub-date><pub-date pub-type="pmc-release"><day>3</day><month>6</month><year>2009</year></pub-date><!-- PMC Release delay is 0 months and 0 days and was based on the
							<pub-date pub-type="epub"/>. --><volume>25</volume><issue>16</issue><fpage>2074</fpage><lpage>2075</lpage><history><date date-type="received"><day>19</day><month>3</month><year>2009</year></date><date date-type="rev-recd"><day>25</day><month>5</month><year>2009</year></date><date date-type="accepted"><day>29</day><month>5</month><year>2009</year></date></history><permissions><license license-type="creative-commons" xlink:href="http://creativecommons.org/licenses/by-nc/2.0/uk/"><license-p><!--CREATIVE COMMONS-->This is an Open Access article distributed under the terms of the Creative Commons Attribution Non-Commercial License (<ext-link ext-link-type="uri" xlink:href="http://creativecommons.org/licenses/by-nc/2.0/uk/">http://creativecommons.org/licenses/by-nc/2.0/uk/</ext-link>) which permits unrestricted non-commercial use, distribution, and reproduction in any medium, provided the original work is properly cited.</license-p></license></permissions><abstract><p><bold>Summary:</bold> Here, we present a method for estimating the frequencies of SNP alleles present within pooled samples of DNA using high-throughput short-read sequencing. The method was tested on real data from six strains of the highly monomorphic pathogen <italic>Salmonella</italic> Paratyphi A, sequenced individually and in a pool. A variety of read mapping and quality-weighting procedures were tested to determine the optimal parameters, which afforded ≥80% sensitivity of SNP detection and strong correlation with true SNP frequency at poolwide read depth of 40×, declining only slightly at read depths 20–40×.</p><p><bold>Availability:</bold> The method was implemented in Perl and relies on the opensource software Maq for read mapping and SNP calling. The Perl script is freely available from <ext-link ext-link-type="ftp" xlink:href="ftp://ftp.sanger.ac.uk/pub/pathogens/pools/">ftp://ftp.sanger.ac.uk/pub/pathogens/pools/</ext-link>.</p><p><bold>Contact:</bold><email>kh2@sanger.ac.uk</email></p><p><bold>Supplementary information:</bold><ext-link ext-link-type="uri" xlink:href="http://bioinformatics.oxfordjournals.org/cgi/content/full/btp344/DC1">Supplementary data</ext-link> are available at <italic>Bioinformatics</italic> online.</p></abstract></article-meta></front></article>