<article xmlns="https://jats.nlm.nih.gov/ns/archiving/1.2/" xmlns:xsi="http://www.w3.org/2001/XMLSchema-instance" xmlns:mml="http://www.w3.org/1998/Math/MathML" xmlns:xlink="http://www.w3.org/1999/xlink" xsi:schemaLocation="https://jats.nlm.nih.gov/ns/archiving/1.2/ https://jats.nlm.nih.gov/archiving/1.2/xsd/JATS-archivearticle1.xsd" article-type="research-article"><front><journal-meta><journal-id journal-id-type="nlm-ta">Bioinformatics</journal-id><journal-id journal-id-type="publisher-id">bioinformatics</journal-id><journal-id journal-id-type="hwp">bioinfo</journal-id><journal-title-group><journal-title>Bioinformatics</journal-title></journal-title-group><issn pub-type="ppub">1367-4803</issn><issn pub-type="epub">1367-4811</issn><publisher><publisher-name>Oxford University Press</publisher-name></publisher></journal-meta><article-meta><article-id pub-id-type="accession">PMC2597370</article-id><article-id pub-id-type="pmcid">PMC2597370</article-id><article-id pub-id-type="pmc-uid">2597370</article-id><article-id pub-id-type="pmid">18689826</article-id><article-id pub-id-type="pmid">18689826</article-id><article-id pub-id-type="doi">10.1093/bioinformatics/btn268</article-id><article-id pub-id-type="publisher-id">btn268</article-id><article-categories><subj-group subj-group-type="heading"><subject>Eccb 2008 Conference Proceedings 22–26 September 2008, Cagliari, Italy</subject><subj-group><subject>Original Papers</subject><subj-group><subject>Genomes and Protein Analysis</subject></subj-group></subj-group></subj-group></article-categories><title-group><article-title>Comprehensive <italic>in silico</italic> mutagenesis highlights functionally important residues in proteins</article-title></title-group><contrib-group><contrib contrib-type="author"><name><surname>Bromberg</surname><given-names>Yana</given-names></name><xref ref-type="aff" rid="AFF1"><sup>1</sup></xref><xref ref-type="aff" rid="AFF1"><sup>2</sup></xref><xref ref-type="corresp" rid="COR1">*</xref></contrib><contrib contrib-type="author"><name><surname>Rost</surname><given-names>Burkhard</given-names></name><xref ref-type="aff" rid="AFF1"><sup>1</sup></xref><xref ref-type="aff" rid="AFF1"><sup>2</sup></xref><xref ref-type="aff" rid="AFF1"><sup>3</sup></xref></contrib></contrib-group><aff id="AFF1"><sup>1</sup>Department of Biochemistry Molecular Biophysics, Columbia University, 630 West 168th St, <sup>2</sup>Columbia University Center for Computational Biology and Bioinformatics (C2B2) &amp; Herbert Irving Cancer Center and <sup>3</sup>NorthEast Structural Genomics Consortium (NESG) and New York Consortium on Membrane Protein Structure (NYCOMPS), Columbia University, 1130 St. Nicholas Ave. Rm. 802, New York, NY 10032, USA</aff><author-notes><corresp id="COR1">*To whom correspondence should be addressed.</corresp></author-notes><pub-date pub-type="ppub"><day>15</day><month>8</month><year>2008</year></pub-date><pub-date pub-type="epub"><day>9</day><month>8</month><year>2008</year></pub-date><volume>24</volume><issue>16</issue><fpage>i207</fpage><lpage>i212</lpage><permissions><copyright-statement>© The Author 2008. Published by Oxford University Press. All rights reserved. For Permissions, please email: journals.permissions@oxfordjournals.org</copyright-statement><copyright-year>2008</copyright-year></permissions><abstract><p><bold>Motivation:</bold> Mutating residues into alanine (alanine scanning) is one of the fastest experimental means of probing hypotheses about protein function. Alanine scans can reveal functional hot spots, i.e. residues that alter function upon mutation. <italic>In vitro</italic> mutagenesis is cumbersome and costly: probing all residues in a protein is typically as impossible as substituting by all non-native amino acids. In contrast, such exhaustive mutagenesis is feasible <italic>in silico</italic>.</p><p><bold>Results:</bold> Previously, we developed SNAP to predict functional changes due to non-synonymous single nucleotide polymorphisms. Here, we applied SNAP to all experimental mutations in the ASEdb database of alanine scans; we identified 70% of the hot spots (≥1 kCal/mol change in binding energy); more severe changes were predicted more accurately. Encouraged, we carried out a complete all-against-all <italic>in silico</italic> mutagenesis for human glucokinase. Many of the residues predicted as functionally important have indeed been confirmed in the literature, others await experimental verification, and our method is ready to aid in the design of <italic>in vitro</italic> mutagenesis.</p><p><bold>Availability:</bold> ASEdb and glucokinase scores are available at <ext-link ext-link-type="uri" xlink:href="http://www.rostlab.org/services/SNAP">http://www.rostlab.org/services/SNAP</ext-link>. For submissions of large/whole proteins for processing please contact the author.</p><p><bold>Contact:</bold><email>yb2009@columbia.edu</email></p></abstract></article-meta></front></article>