<article xmlns="https://jats.nlm.nih.gov/ns/archiving/1.2/" xmlns:xsi="http://www.w3.org/2001/XMLSchema-instance" xmlns:mml="http://www.w3.org/1998/Math/MathML" xmlns:xlink="http://www.w3.org/1999/xlink" xsi:schemaLocation="https://jats.nlm.nih.gov/ns/archiving/1.2/ https://jats.nlm.nih.gov/archiving/1.2/xsd/JATS-archivearticle1.xsd" article-type="research-article"><front><journal-meta><journal-id journal-id-type="nlm-ta">Bioinformatics</journal-id><journal-id journal-id-type="publisher-id">bioinformatics</journal-id><journal-id journal-id-type="hwp">bioinfo</journal-id><journal-title-group><journal-title>Bioinformatics</journal-title></journal-title-group><issn pub-type="ppub">1367-4803</issn><issn pub-type="epub">1367-4811</issn><publisher><publisher-name>Oxford University Press</publisher-name></publisher></journal-meta><article-meta><article-id pub-id-type="accession">PMC2752608</article-id><article-id pub-id-type="pmcid">PMC2752608</article-id><article-id pub-id-type="pmc-uid">2752608</article-id><article-id pub-id-type="pmid">19602524</article-id><article-id pub-id-type="pmid">19602524</article-id><article-id pub-id-type="doi">10.1093/bioinformatics/btp426</article-id><article-id pub-id-type="publisher-id">btp426</article-id><article-categories><subj-group subj-group-type="heading"><subject>Original Papers</subject><subj-group><subject>Gene Expression</subject></subj-group></subj-group></article-categories><title-group><article-title>Normalization of peak intensities in bottom-up MS-based proteomics using singular value decomposition</article-title></title-group><contrib-group><contrib contrib-type="author"><name><surname>Karpievitch</surname><given-names>Yuliya V.</given-names></name><xref ref-type="aff" rid="AFF1"><sup>1</sup></xref><xref ref-type="corresp" rid="COR1"><sup>*</sup></xref></contrib><contrib contrib-type="author"><name><surname>Taverner</surname><given-names>Thomas</given-names></name><xref ref-type="aff" rid="AFF1"><sup>2</sup></xref></contrib><contrib contrib-type="author"><name><surname>Adkins</surname><given-names>Joshua N.</given-names></name><xref ref-type="aff" rid="AFF1"><sup>2</sup></xref></contrib><contrib contrib-type="author"><name><surname>Callister</surname><given-names>Stephen J.</given-names></name><xref ref-type="aff" rid="AFF1"><sup>2</sup></xref></contrib><contrib contrib-type="author"><name><surname>Anderson</surname><given-names>Gordon A.</given-names></name><xref ref-type="aff" rid="AFF1"><sup>2</sup></xref></contrib><contrib contrib-type="author"><name><surname>Smith</surname><given-names>Richard D.</given-names></name><xref ref-type="aff" rid="AFF1"><sup>2</sup></xref></contrib><contrib contrib-type="author"><name><surname>Dabney</surname><given-names>Alan R.</given-names></name><xref ref-type="aff" rid="AFF1"><sup>1</sup></xref></contrib></contrib-group><aff id="AFF1"><sup>1</sup>Department of Statistics, 3143 TAMU, College Station, TX 77843 and <sup>2</sup>Pacific Northwest National Laboratory, P.O. Box 999, Richland, WA 99352, USA</aff><author-notes><corresp id="COR1"><sup>*</sup>To whom correspondence should be addressed.</corresp><fn><p>Associate Editor: Martin Bishop</p></fn></author-notes><pub-date pub-type="ppub"><day>1</day><month>10</month><year>2009</year></pub-date><pub-date pub-type="epub"><day>14</day><month>7</month><year>2009</year></pub-date><pub-date pub-type="pmc-release"><day>1</day><month>10</month><year>2010</year></pub-date><!-- PMC Release delay is 12 months and 0 days and was based on the
					<pub-date pub-type="ppub"/>. --><volume>25</volume><issue>19</issue><fpage>2573</fpage><lpage>2580</lpage><history><date date-type="received"><day>19</day><month>5</month><year>2009</year></date><date date-type="rev-recd"><day>7</day><month>7</month><year>2009</year></date><date date-type="accepted"><day>7</day><month>7</month><year>2009</year></date></history><permissions><copyright-statement>© The Author 2009. Published by Oxford University Press. All rights reserved. For Permissions, please email: journals.permissions@oxfordjournals.org</copyright-statement></permissions><abstract><p><bold>Motivation:</bold> LC-MS allows for the identification and quantification of proteins from biological samples. As with any high-throughput technology, systematic biases are often observed in LC-MS data, making normalization an important preprocessing step. Normalization models need to be flexible enough to capture biases of arbitrary complexity, while avoiding overfitting that would invalidate downstream statistical inference. Careful normalization of MS peak intensities would enable greater accuracy and precision in quantitative comparisons of protein abundance levels.</p><p><bold>Results:</bold> We propose an algorithm, called EigenMS, that uses singular value decomposition to capture and remove biases from LC-MS peak intensity measurements. EigenMS is an adaptation of the surrogate variable analysis (SVA) algorithm of Leek and Storey, with the adaptations including (i) the handling of the widespread missing measurements that are typical in LC-MS, and (ii) a novel approach to preventing overfitting that facilitates the incorporation of EigenMS into an existing proteomics analysis pipeline. EigenMS is demonstrated using both large-scale calibration measurements and simulations to perform well relative to existing alternatives.</p><p><bold>Availability:</bold> The software has been made available in the open source proteomics platform DAnTE (Polpitiya <italic>et al.</italic>, <xref ref-type="bibr" rid="B15">2008</xref>)) (<ext-link ext-link-type="uri" xlink:href="http://omics.pnl.gov/software/">http://omics.pnl.gov/software/</ext-link>), as well as in standalone software available at SourceForge (<ext-link ext-link-type="uri" xlink:href="http://sourceforge.net">http://sourceforge.net</ext-link>).</p><p><bold>Contact:</bold><email>yuliya@stat.tamu.edu</email></p><p><bold>Supplementary information</bold>: <ext-link ext-link-type="uri" xlink:href="http://bioinformatics.oxfordjournals.org/cgi/content/full/btp426/DC1">Supplementary data</ext-link> are available at <italic>Bioinformatics</italic> online.</p></abstract></article-meta></front></article>