<article xmlns="https://jats.nlm.nih.gov/ns/archiving/1.2/" xmlns:xsi="http://www.w3.org/2001/XMLSchema-instance" xmlns:mml="http://www.w3.org/1998/Math/MathML" xmlns:xlink="http://www.w3.org/1999/xlink" xsi:schemaLocation="https://jats.nlm.nih.gov/ns/archiving/1.2/ https://jats.nlm.nih.gov/archiving/1.2/xsd/JATS-archivearticle1.xsd" article-type="research-article"><front><journal-meta><journal-id journal-id-type="nlm-ta">Bioinformatics</journal-id><journal-id journal-id-type="publisher-id">bioinformatics</journal-id><journal-id journal-id-type="hwp">bioinfo</journal-id><journal-title-group><journal-title>Bioinformatics</journal-title></journal-title-group><issn pub-type="ppub">1367-4803</issn><issn pub-type="epub">1460-2059</issn><publisher><publisher-name>Oxford University Press</publisher-name></publisher></journal-meta><article-meta><article-id pub-id-type="accession">PMC2732313</article-id><article-id pub-id-type="pmcid">PMC2732313</article-id><article-id pub-id-type="pmc-uid">2732313</article-id><article-id pub-id-type="pmid">19349285</article-id><article-id pub-id-type="pmid">19349285</article-id><article-id pub-id-type="doi">10.1093/bioinformatics/btp158</article-id><article-id pub-id-type="publisher-id">btp158</article-id><article-categories><subj-group subj-group-type="heading"><subject>Original Papers</subject><subj-group><subject>Data and Text Mining</subject></subj-group></subj-group></article-categories><title-group><article-title>Evaluation of genome-wide association study results through development of ontology fingerprints</article-title></title-group><contrib-group><contrib contrib-type="author"><name><surname>Tsoi</surname><given-names>Lam C.</given-names></name><xref ref-type="aff" rid="AFF1"><sup>1</sup></xref></contrib><contrib contrib-type="author"><name><surname>Boehnke</surname><given-names>Michael</given-names></name><xref ref-type="aff" rid="AFF1"><sup>2</sup></xref></contrib><contrib contrib-type="author"><name><surname>Klein</surname><given-names>Richard L.</given-names></name><xref ref-type="aff" rid="AFF1"><sup>3</sup></xref><xref ref-type="aff" rid="AFF1"><sup>4</sup></xref></contrib><contrib contrib-type="author"><name><surname>Zheng</surname><given-names>W. Jim</given-names></name><xref ref-type="aff" rid="AFF1"><sup>5</sup></xref><xref ref-type="corresp" rid="COR1">*</xref></contrib></contrib-group><aff id="AFF1"><sup>1</sup>Bioinformatics Graduate Program, Department of Biostatistics, Bioinformatics and Epidemiology, Medical University of South Carolina, Charleston, SC, <sup>2</sup>Department of Biostatistics and Center for Statistical Genetics, School of Public Health, University of Michigan, Ann Arbor, MI, <sup>3</sup>Division of Endocrinology, Metabolism, and Medical Genetics, Department of Medicine, Medical University of South Carolina, <sup>4</sup>Research Service, Ralph H. Johnson Department of Veterans Affairs Medical Center, Charleston and <sup>5</sup>Department of Biostatistics, Bioinformatics &amp; Epidemiology, Medical University of South Carolina, Charleston, SC, USA</aff><author-notes><corresp id="COR1">*To whom correspondence should be addressed.</corresp><fn><p>Associate Editor: John Quackenbush</p></fn></author-notes><pub-date pub-type="ppub"><day>15</day><month>5</month><year>2009</year></pub-date><pub-date pub-type="epub"><day>5</day><month>4</month><year>2009</year></pub-date><volume>25</volume><issue>10</issue><fpage>1314</fpage><lpage>1320</lpage><history><date date-type="received"><day>8</day><month>1</month><year>2009</year></date><date date-type="rev-recd"><day>25</day><month>2</month><year>2009</year></date><date date-type="accepted"><day>14</day><month>3</month><year>2009</year></date></history><permissions><copyright-statement>© The Author 2009. Published by Oxford University Press. All rights reserved. For Permissions, please email: journals.permissions@oxfordjournals.org</copyright-statement><copyright-year>2009</copyright-year></permissions><abstract><p><bold>Motivation:</bold> Genome-wide association (GWA) studies may identify multiple variants that are associated with a disease or trait. To narrow down candidates for further validation, quantitatively assessing how identified genes relate to a phenotype of interest is important.</p><p><bold>Results:</bold> We describe an approach to characterize genes or biological concepts (phenotypes, pathways, diseases, etc.) by ontology fingerprint—the set of Gene Ontology (GO) terms that are overrepresented among the PubMed abstracts discussing the gene or biological concept together with the enrichment <italic>p</italic>-value of these terms generated from a hypergeometric enrichment test. We then quantify the relevance of genes to the trait from a GWA study by calculating similarity scores between their ontology fingerprints using enrichment <italic>p</italic>-values. We validate this approach by correctly identifying corresponding genes for biological pathways with a 90% average area under the ROC curve (AUC). We applied this approach to rank genes identified through a GWA study that are associated with the lipid concentrations in plasma as well as to prioritize genes within linkage disequilibrium (LD) block. We found that the genes with highest scores were: <italic>ABCA1</italic>, lipoprotein lipase (<italic>LPL</italic>) and cholesterol ester transfer protein, plasma for high-density lipoprotein; low-density lipoprotein receptor, <italic>APOE</italic> and <italic>APOB</italic> for low-density lipoprotein; and <italic>LPL</italic>, <italic>APOA1</italic> and <italic>APOB</italic> for triglyceride. In addition, we identified genes relevant to lipid metabolism from the literature even in cases where such knowledge was not reflected in current annotation of these genes. These results demonstrate that ontology fingerprints can be used effectively to prioritize genes from GWA studies for experimental validation.</p><p><bold>Contact:</bold><email>zhengw@musc.edu</email></p><p><bold>Supplementary information:</bold><ext-link ext-link-type="uri" xlink:href="http://bioinformatics.oxfordjournals.org/cgi/content/full/btp158/DC1">Supplementary data</ext-link> are available at <italic>Bioinformatics</italic> online.</p></abstract></article-meta></front></article>