<article xmlns="https://jats.nlm.nih.gov/ns/archiving/1.2/" xmlns:xsi="http://www.w3.org/2001/XMLSchema-instance" xmlns:mml="http://www.w3.org/1998/Math/MathML" xmlns:xlink="http://www.w3.org/1999/xlink" xsi:schemaLocation="https://jats.nlm.nih.gov/ns/archiving/1.2/ https://jats.nlm.nih.gov/archiving/1.2/xsd/JATS-archivearticle1.xsd" article-type="research-article"><front><journal-meta><journal-id journal-id-type="nlm-ta">Bioinformatics</journal-id><journal-id journal-id-type="publisher-id">bioinformatics</journal-id><journal-id journal-id-type="hwp">bioinfo</journal-id><journal-title-group><journal-title>Bioinformatics</journal-title></journal-title-group><issn pub-type="ppub">1367-4803</issn><issn pub-type="epub">1460-2059</issn><publisher><publisher-name>Oxford University Press</publisher-name></publisher></journal-meta><article-meta><article-id pub-id-type="accession">PMC2732911</article-id><article-id pub-id-type="pmcid">PMC2732911</article-id><article-id pub-id-type="pmc-uid">2732911</article-id><article-id pub-id-type="pmid">19369495</article-id><article-id pub-id-type="pmid">19369495</article-id><article-id pub-id-type="doi">10.1093/bioinformatics/btp245</article-id><article-id pub-id-type="publisher-id">btp245</article-id><article-categories><subj-group subj-group-type="heading"><subject>Original Papers</subject><subj-group><subject>Data and Text Mining</subject></subj-group></subj-group></article-categories><title-group><article-title>Bayesian inference of protein–protein interactions from biological literature</article-title></title-group><contrib-group><contrib contrib-type="author"><name><surname>Chowdhary</surname><given-names>Rajesh</given-names></name><xref ref-type="aff" rid="AFF1"><sup>1</sup></xref><xref ref-type="aff" rid="AFF1"><sup>2</sup></xref><xref ref-type="author-notes" rid="FN1"><sup>†</sup></xref></contrib><contrib contrib-type="author"><name><surname>Zhang</surname><given-names>Jinfeng</given-names></name><xref ref-type="aff" rid="AFF1"><sup>3</sup></xref><xref ref-type="author-notes" rid="FN1"><sup>†</sup></xref></contrib><contrib contrib-type="author"><name><surname>Liu</surname><given-names>Jun S.</given-names></name><xref ref-type="aff" rid="AFF1"><sup>1</sup></xref><xref ref-type="corresp" rid="COR1">*</xref></contrib></contrib-group><aff id="AFF1"><sup>1</sup>Department of Statistics, Harvard University, Cambridge, MA 02138, <sup>2</sup>Marshfield Clinic-Marshfield Center, MCRF-BIRC, 1000 North Oak Avenue, Marshfield, WI 54449 and <sup>3</sup>Department of Statistics, Florida State University, Tallahassee, FL 32306, USA</aff><author-notes><corresp id="COR1">*To whom correspondence should be addressed.</corresp><fn id="FN1"><p><sup>†</sup>The authors wish it to be known that, in their opinion, the first two authors should be regarded as joint First authors.</p></fn><fn><p>Associate Editor: Jonathan Wren</p></fn></author-notes><pub-date pub-type="ppub"><day>15</day><month>6</month><year>2009</year></pub-date><pub-date pub-type="epub"><day>15</day><month>4</month><year>2009</year></pub-date><volume>25</volume><issue>12</issue><fpage>1536</fpage><lpage>1542</lpage><history><date date-type="received"><day>24</day><month>12</month><year>2008</year></date><date date-type="rev-recd"><day>30</day><month>3</month><year>2009</year></date><date date-type="accepted"><day>5</day><month>4</month><year>2009</year></date></history><permissions><copyright-statement>© The Author 2009. Published by Oxford University Press. All rights reserved. For Permissions, please email: journals.permissions@oxfordjournals.org</copyright-statement><copyright-year>2009</copyright-year></permissions><abstract><p><bold>Motivation:</bold> Protein–protein interaction (PPI) extraction from published biological articles has attracted much attention because of the importance of protein interactions in biological processes. Despite significant progress, mining PPIs from literatures still rely heavily on time- and resource-consuming manual annotations.</p><p><bold>Results:</bold> In this study, we developed a novel methodology based on Bayesian networks (BNs) for extracting PPI triplets (a PPI triplet consists of two protein names and the corresponding interaction word) from unstructured text. The method achieved an overall accuracy of 87% on a cross-validation test using manually annotated dataset. We also showed, through extracting PPI triplets from a large number of PubMed abstracts, that our method was able to complement human annotations to extract large number of new PPIs from literature.</p><p><bold>Availability:</bold> Programs/scripts we developed/used in the study are available at <ext-link ext-link-type="uri" xlink:href="http://stat.fsu.edu/~jinfeng/datasets/Bio-SI-programs-Bayesian-chowdhary-zhang-liu.zip">http://stat.fsu.edu/~jinfeng/datasets/Bio-SI-programs-Bayesian-chowdhary-zhang-liu.zip</ext-link></p><p><bold>Contact:</bold><email>jliu@stat.harvard.edu</email></p><p><bold>Supplementary information:</bold><ext-link ext-link-type="uri" xlink:href="http://bioinformatics.oxfordjournals.org/cgi/content/full/btp245/DC1">Supplementary data</ext-link> are available at <italic>Bioinformatics</italic> online.</p></abstract></article-meta></front></article>