<article xmlns="https://jats.nlm.nih.gov/ns/archiving/1.2/" xmlns:xsi="http://www.w3.org/2001/XMLSchema-instance" xmlns:mml="http://www.w3.org/1998/Math/MathML" xmlns:xlink="http://www.w3.org/1999/xlink" xsi:schemaLocation="https://jats.nlm.nih.gov/ns/archiving/1.2/ https://jats.nlm.nih.gov/archiving/1.2/xsd/JATS-archivearticle1.xsd" article-type="research-article"><front><journal-meta><journal-id journal-id-type="nlm-ta">Bioinformatics</journal-id><journal-id journal-id-type="publisher-id">bioinformatics</journal-id><journal-id journal-id-type="hwp">bioinfo</journal-id><journal-title-group><journal-title>Bioinformatics</journal-title></journal-title-group><issn pub-type="ppub">1367-4803</issn><issn pub-type="epub">1460-2059</issn><publisher><publisher-name>Oxford University Press</publisher-name></publisher></journal-meta><article-meta><article-id pub-id-type="accession">PMC2718634</article-id><article-id pub-id-type="pmcid">PMC2718634</article-id><article-id pub-id-type="pmc-uid">2718634</article-id><article-id pub-id-type="pmid">18586727</article-id><article-id pub-id-type="pmid">18586727</article-id><article-id pub-id-type="doi">10.1093/bioinformatics/btn156</article-id><article-id pub-id-type="publisher-id">btn156</article-id><article-categories><subj-group subj-group-type="heading"><subject>Ismb 2008 Conference Proceedings 19–23 July 2008, Toronto</subject><subj-group><subject>Original Papers</subject><subj-group><subject>Databases and Ontologies</subject></subj-group></subj-group></subj-group></article-categories><title-group><article-title>The EXACT description of biomedical protocols</article-title></title-group><contrib-group><contrib contrib-type="author"><name><surname>Soldatova</surname><given-names>Larisa N.</given-names></name><xref ref-type="corresp" rid="COR1">*</xref><xref ref-type="author-notes" rid="FN1"><sup>†</sup></xref></contrib><contrib contrib-type="author"><name><surname>Aubrey</surname><given-names>Wayne</given-names></name><xref ref-type="author-notes" rid="FN1"><sup>†</sup></xref></contrib><contrib contrib-type="author"><name><surname>King</surname><given-names>Ross D.</given-names></name></contrib><contrib contrib-type="author"><name><surname>Clare</surname><given-names>Amanda</given-names></name></contrib></contrib-group><aff>Department of Computer Science, Aberystwyth University, Penglais, Aberystwyth, SY23 3DB, Wales, UK</aff><author-notes><corresp id="COR1">*To whom correspondence should be addressed.</corresp><fn id="FN1"><p><sup>†</sup>The authors wish it to be known that, in their opinion, the first two authors should be regarded as joint First Authors.</p></fn></author-notes><pub-date pub-type="ppub"><day>1</day><month>7</month><year>2008</year></pub-date><pub-date pub-type="pmc-release"><day>1</day><month>7</month><year>2008</year></pub-date><!-- PMC Release delay is 0 months and 0 days and was based on the
							<pub-date pub-type="ppub"/>. --><volume>24</volume><issue>13</issue><fpage>i295</fpage><lpage>i303</lpage><permissions><copyright-statement>© 2008 The Author(s)</copyright-statement><copyright-year>2008</copyright-year><license license-type="creative-commons" xlink:href="http://creativecommons.org/licenses/by-nc/2.0/uk/"><license-p><!--CREATIVE COMMONS-->This is an Open Access article distributed under the terms of the Creative Commons Attribution Non-Commercial License (<ext-link ext-link-type="uri" xlink:href="http://creativecommons.org/licenses/by-nc/2.0/uk/">http://creativecommons.org/licenses/by-nc/2.0/uk/</ext-link>) which permits unrestricted non-commercial use, distribution, and reproduction in any medium, provided the original work is properly cited.</license-p></license></permissions><abstract><p><bold>Motivation:</bold> Many published manuscripts contain experiment protocols which are poorly described or deficient in information. This means that the published results are very hard or impossible to repeat. This problem is being made worse by the increasing complexity of high-throughput/automated methods. There is therefore a growing need to represent experiment protocols in an efficient and unambiguous way.</p><p><bold>Results:</bold> We have developed the Experiment ACTions (EXACT) ontology as the basis of a method of representing biological laboratory protocols. We provide example protocols that have been formalized using EXACT, and demonstrate the advantages and opportunities created by using this formalization. We argue that the use of EXACT will result in the publication of protocols with increased clarity and usefulness to the scientific community.</p><p><bold>Availability:</bold> The ontology, examples and code can be downloaded from <ext-link ext-link-type="uri" xlink:href="http://www.aber.ac.uk/compsci/Research/bio/dss/EXACT/">http://www.aber.ac.uk/compsci/Research/bio/dss/EXACT/</ext-link></p><p><bold>Contact:</bold> Larisa Soldatova <email>lss@aber.ac.uk</email></p></abstract></article-meta></front></article>