<article xmlns="https://dtd.nlm.nih.gov/ns/archiving/2.3/" xmlns:xsi="http://www.w3.org/2001/XMLSchema-instance" xmlns:mml="http://www.w3.org/1998/Math/MathML" xmlns:xlink="http://www.w3.org/1999/xlink" xsi:schemaLocation="https://dtd.nlm.nih.gov/ns/archiving/2.3/ https://dtd.nlm.nih.gov/archiving/2.3/xsd/archivearticle.xsd" article-type="research-article" xml:lang="EN"><front><journal-meta><journal-id journal-id-type="nlm-ta">Bioinformatics</journal-id><journal-id journal-id-type="publisher-id">bioinformatics</journal-id><journal-id journal-id-type="hwp">bioinfo</journal-id><journal-title>Bioinformatics</journal-title><issn pub-type="ppub">1367-4803</issn><issn pub-type="epub">1460-2059</issn><publisher><publisher-name>Oxford University Press</publisher-name></publisher></journal-meta><article-meta><article-id pub-id-type="accession">PMC2660870</article-id><article-id pub-id-type="pmcid">PMC2660870</article-id><article-id pub-id-type="pmc-uid">2660870</article-id><article-id pub-id-type="pmid">19193729</article-id><article-id pub-id-type="doi">10.1093/bioinformatics/btp021</article-id><article-id pub-id-type="publisher-id">btp021</article-id><article-categories><subj-group subj-group-type="heading"><subject>Applications Note</subject><subj-group><subject>Genome Analysis</subject></subj-group></subj-group></article-categories><title-group><article-title><sc>qvality</sc>: non-parametric estimation of <italic>q</italic>-values and posterior error probabilities</article-title></title-group><contrib-group><contrib contrib-type="author"><name><surname>Käll</surname><given-names>Lukas</given-names></name><xref ref-type="aff" rid="AFF1"><sup>1</sup></xref><xref ref-type="aff" rid="AFF1"><sup>2</sup></xref><xref ref-type="corresp" rid="COR1">*</xref></contrib><contrib contrib-type="author"><name><surname>Storey</surname><given-names>John D.</given-names></name><xref ref-type="aff" rid="AFF1"><sup>3</sup></xref></contrib><contrib contrib-type="author"><name><surname>Noble</surname><given-names>William Stafford</given-names></name><xref ref-type="aff" rid="AFF1"><sup>2</sup></xref><xref ref-type="aff" rid="AFF1"><sup>4</sup></xref></contrib></contrib-group><aff id="AFF1"><sup>1</sup>Center for Biomembrane Research, Department of Biochemistry and Biophysics, Stockholm University, Sweden, <sup>2</sup>Department of Genome Sciences, University of Washington, Seattle, WA, <sup>3</sup>Lewis-Sigler Institute, Princeton University, Princeton, NJ and <sup>4</sup>Department of Computer Science and Engineering, University of Washington, Seattle, WA, USA</aff><author-notes><corresp id="COR1">*To whom correspondence should be addressed.</corresp><fn><p>Associate Editor: Alfonso Valencia</p></fn></author-notes><pub-date pub-type="ppub"><day>1</day><month>4</month><year>2009</year></pub-date><pub-date pub-type="epub"><day>4</day><month>2</month><year>2009</year></pub-date><pub-date pub-type="pmc-release"><day>4</day><month>2</month><year>2009</year></pub-date><!-- PMC Release delay is 0 months and 0 days and was based on the
			<pub-date pub-type="epub"/>. --><volume>25</volume><issue>7</issue><fpage>964</fpage><lpage>966</lpage><history><date date-type="received"><day>24</day><month>10</month><year>2008</year></date><date date-type="rev-recd"><day>23</day><month>12</month><year>2008</year></date><date date-type="accepted"><day>7</day><month>1</month><year>2009</year></date></history><permissions><copyright-statement>© 2009 The Author(s)</copyright-statement><copyright-year>2009</copyright-year><license license-type="creative-commons" xlink:href="http://creativecommons.org/licenses/by-nc/2.0/uk/"><p><!--CREATIVE COMMONS-->This is an Open Access article distributed under the terms of the Creative Commons Attribution Non-Commercial License (<ext-link ext-link-type="uri" xlink:href="http://creativecommons.org/licenses/by-nc/2.0/uk/">http://creativecommons.org/licenses/by-nc/2.0/uk/</ext-link>) which permits unrestricted non-commercial use, distribution, and reproduction in any medium, provided the original work is properly cited.</p></license></permissions><abstract><p><bold>Summary:</bold> Q<sc>vality</sc> is a C++ program for estimating two types of standard statistical confidence measures: the <italic>q</italic>-value, which is an analog of the <italic>p</italic>-value that incorporates multiple testing correction, and the posterior error probability (PEP, also known as the local false discovery rate), which corresponds to the probability that a given observation is drawn from the null distribution. In computing <italic>q</italic>-values, <sc>qvality</sc> employs a standard bootstrap procedure to estimate the prior probability of a score being from the null distribution; for PEP estimation, <sc>qvality</sc> relies upon non-parametric logistic regression. Relative to other tools for estimating statistical confidence measures, <sc>qvality</sc> is unique in its ability to estimate both types of scores directly from a null distribution, without requiring the user to calculate <italic>p</italic>-values.</p><p><bold>Availability:</bold> A web server, C++ source code and binaries are available under MIT license at <ext-link ext-link-type="uri" xlink:href="http://noble.gs.washington.edu/proj/qvality">http://noble.gs.washington.edu/proj/qvality</ext-link></p><p><bold>Contact:</bold><email>lukas.kall@cbr.su.se</email></p><p><bold>Supplementary information:</bold><ext-link ext-link-type="uri" xlink:href="http://bioinformatics.oxfordjournals.org/cgi/content/full/btp021/DC1">Supplementary data</ext-link> are available at <italic>Bioinformatics</italic> online.</p></abstract></article-meta></front></article>