<article xmlns="https://jats.nlm.nih.gov/ns/archiving/1.2/" xmlns:xsi="http://www.w3.org/2001/XMLSchema-instance" xmlns:mml="http://www.w3.org/1998/Math/MathML" xmlns:xlink="http://www.w3.org/1999/xlink" xsi:schemaLocation="https://jats.nlm.nih.gov/ns/archiving/1.2/ https://jats.nlm.nih.gov/archiving/1.2/xsd/JATS-archivearticle1.xsd" article-type="research-article"><front><journal-meta><journal-id journal-id-type="nlm-ta">Bioinformatics</journal-id><journal-id journal-id-type="publisher-id">bioinformatics</journal-id><journal-id journal-id-type="hwp">bioinfo</journal-id><journal-title-group><journal-title>Bioinformatics</journal-title></journal-title-group><issn pub-type="ppub">1367-4803</issn><issn pub-type="epub">1460-2059</issn><publisher><publisher-name>Oxford University Press</publisher-name></publisher></journal-meta><article-meta><article-id pub-id-type="accession">PMC2734320</article-id><article-id pub-id-type="pmcid">PMC2734320</article-id><article-id pub-id-type="pmc-uid">2734320</article-id><article-id pub-id-type="pmid">19542150</article-id><article-id pub-id-type="pmid">19542150</article-id><article-id pub-id-type="doi">10.1093/bioinformatics/btp381</article-id><article-id pub-id-type="publisher-id">btp381</article-id><article-categories><subj-group subj-group-type="heading"><subject>Applications Note</subject><subj-group><subject>Genome Analysis</subject></subj-group></subj-group></article-categories><title-group><article-title>FancyGene: dynamic visualization of gene structures and protein domain architectures on genomic loci</article-title></title-group><contrib-group><contrib contrib-type="author"><name><surname>Rambaldi</surname><given-names>Davide</given-names></name></contrib><contrib contrib-type="author"><name><surname>Ciccarelli</surname><given-names>Francesca D.</given-names></name><xref ref-type="corresp" rid="COR1">*</xref></contrib></contrib-group><aff>Department of Experimental Oncology, European Institute of Oncology, IFOM-IEO Campus, Via Adamello 16, 20139 Milan, Italy</aff><author-notes><corresp id="COR1">* To whom correspondence should be addressed.</corresp><fn><p>Associate Editor: John Quackenbush</p></fn></author-notes><pub-date pub-type="ppub"><day>1</day><month>9</month><year>2009</year></pub-date><pub-date pub-type="epub"><day>19</day><month>6</month><year>2009</year></pub-date><pub-date pub-type="pmc-release"><day>19</day><month>6</month><year>2009</year></pub-date><!-- PMC Release delay is 0 months and 0 days and was based on the
							<pub-date pub-type="epub"/>. --><volume>25</volume><issue>17</issue><fpage>2281</fpage><lpage>2282</lpage><history><date date-type="received"><day>17</day><month>3</month><year>2009</year></date><date date-type="rev-recd"><day>9</day><month>6</month><year>2009</year></date><date date-type="accepted"><day>16</day><month>6</month><year>2009</year></date></history><permissions><copyright-statement>© 2009 The Author(s)</copyright-statement><copyright-year>2009</copyright-year><license license-type="creative-commons" xlink:href="http://creativecommons.org/licenses/by-nc/2.0/uk/"><license-p><!--CREATIVE COMMONS-->This is an Open Access article distributed under the terms of the Creative Commons Attribution Non-Commercial License (<ext-link ext-link-type="uri" xlink:href="http://creativecommons.org/licenses/by-nc/2.0/uk/">http://creativecommons.org/licenses/by-nc/2.0/uk/</ext-link>) which permits unrestricted non-commercial use, distribution, and reproduction in any medium, provided the original work is properly cited.</license-p></license></permissions><abstract><p><bold>Summary:</bold> FancyGene is a fast and user-friendly web-based tool for producing images of one or more genes directly on the corresponding genomic locus. Starting from a variety of input formats, FancyGene rebuilds the basic components of a gene (UTRs, intron, exons). Once the initial representation is obtained, the user can superimpose additional features—such as protein domains and/or a variety of biological markers—in specific positions. FancyGene is extremely flexible allowing the user to change the resulting image dynamically, modifying colors and shapes and adding and/or removing objects. The output images are generated either in portable network graphics (PNG) or portable document format (PDF) formats and can be used for scientific presentations as well as for publications. The PDF format preserves editing capabilities, allowing picture modification using any vector graphics editor.</p><p><bold>Availability:</bold><ext-link ext-link-type="uri" xlink:href="http://bio.ifom-ieo-campus.it/fancygene">http://bio.ifom-ieo-campus.it/fancygene</ext-link></p><p><bold>Contact:</bold><email>francesca.ciccarelli@ifom-ieo-campus.it</email></p><p><bold>Supplementary Information:</bold> Details, examples and tutorials can be found at <ext-link ext-link-type="uri" xlink:href="http://bio.ifom-ieo-campus.it/fancygene/tutorial.html">http://bio.ifom-ieo-campus.it/fancygene/tutorial.html</ext-link> and <ext-link ext-link-type="uri" xlink:href="http://bio.ifom-ieo-campus.it/fancygene/help.html">http://bio.ifom-ieo-campus.it/fancygene/help.html</ext-link></p></abstract></article-meta></front></article>