<article xmlns="https://dtd.nlm.nih.gov/ns/archiving/2.3/" xmlns:xsi="http://www.w3.org/2001/XMLSchema-instance" xmlns:mml="http://www.w3.org/1998/Math/MathML" xmlns:xlink="http://www.w3.org/1999/xlink" xsi:schemaLocation="https://dtd.nlm.nih.gov/ns/archiving/2.3/ https://dtd.nlm.nih.gov/archiving/2.3/xsd/archivearticle.xsd" article-type="research-article" xml:lang="EN"><front><journal-meta><journal-id journal-id-type="nlm-ta">Bioinformatics</journal-id><journal-id journal-id-type="publisher-id">bioinformatics</journal-id><journal-id journal-id-type="hwp">bioinfo</journal-id><journal-title>Bioinformatics</journal-title><issn pub-type="ppub">1367-4803</issn><issn pub-type="epub">1460-2059</issn><publisher><publisher-name>Oxford University Press</publisher-name></publisher></journal-meta><article-meta><article-id pub-id-type="accession">PMC2562012</article-id><article-id pub-id-type="pmcid">PMC2562012</article-id><article-id pub-id-type="pmc-uid">2562012</article-id><article-id pub-id-type="pmid">18718942</article-id><article-id pub-id-type="doi">10.1093/bioinformatics/btn444</article-id><article-id pub-id-type="publisher-id">btn444</article-id><article-id pub-id-type="pmid">18718942</article-id><article-categories><subj-group subj-group-type="heading"><subject>Original Papers</subject><subj-group><subject>Sequence Analysis</subject></subj-group></subj-group></article-categories><title-group><article-title>Seeder: discriminative seeding DNA motif discovery</article-title></title-group><contrib-group><contrib contrib-type="author"><name><surname>Fauteux</surname><given-names>François</given-names></name><xref ref-type="aff" rid="AFF1"><sup>1</sup></xref><xref ref-type="aff" rid="AFF1"><sup>2</sup></xref></contrib><contrib contrib-type="author"><name><surname>Blanchette</surname><given-names>Mathieu</given-names></name><xref ref-type="aff" rid="AFF1"><sup>1</sup></xref><xref ref-type="aff" rid="AFF1"><sup>2</sup></xref></contrib><contrib contrib-type="author"><name><surname>Strömvik</surname><given-names>Martina V.</given-names></name><xref ref-type="aff" rid="AFF1"><sup>1</sup></xref><xref ref-type="aff" rid="AFF1"><sup>2</sup></xref><xref ref-type="corresp" rid="COR1">*</xref></contrib></contrib-group><aff id="AFF1"><sup>1</sup>Department of Plant Science, McGill University, 21111 Lakeshore Rd, Ste-Anne-de-Bellevue, Quebec H9X 3V9, <sup>2</sup>McGill Centre for Bioinformatics, McGill University, 3775 University Street, Montreal, Quebec H3A 2B4 and <sup>3</sup>School of Computer Science, McGill University, 3480 University Street, Montreal, Quebec H3A 2A7, Canada</aff><author-notes><corresp id="COR1">*To whom correspondence should be addressed.</corresp><fn><p>Associate Editor: Ivo Hofacker</p></fn></author-notes><pub-date pub-type="ppub"><day>15</day><month>10</month><year>2008</year></pub-date><pub-date pub-type="epub"><day>21</day><month>8</month><year>2008</year></pub-date><pub-date pub-type="pmc-release"><day>21</day><month>8</month><year>2008</year></pub-date><volume>24</volume><issue>20</issue><fpage>2303</fpage><lpage>2307</lpage><history><date date-type="received"><day>14</day><month>5</month><year>2008</year></date><date date-type="rev-recd"><day>14</day><month>8</month><year>2008</year></date><date date-type="accepted"><day>18</day><month>8</month><year>2008</year></date></history><permissions><copyright-statement>© 2008 The Author(s)</copyright-statement><copyright-year>2008</copyright-year><license license-type="creative-commons" xlink:href="http://creativecommons.org/licenses/by-nc/2.0/uk/"><p><!--CREATIVE COMMONS-->This is an Open Access article distributed under the terms of the Creative Commons Attribution Non-Commercial License (<ext-link ext-link-type="uri" xlink:href="http://creativecommons.org/licenses/by-nc/2.0/uk/">http://creativecommons.org/licenses/by-nc/2.0/uk/</ext-link>) which permits unrestricted non-commercial use, distribution, and reproduction in any medium, provided the original work is properly cited.</p></license></permissions><abstract><p><bold>Motivation:</bold> The computational identification of transcription factor binding sites is a major challenge in bioinformatics and an important complement to experimental approaches.</p><p><bold>Results:</bold> We describe a novel, exact discriminative seeding DNA motif discovery algorithm designed for fast and reliable prediction of <italic>cis</italic>-regulatory elements in eukaryotic promoters. The algorithm is tested on biological benchmark data and shown to perform equally or better than other motif discovery tools. The algorithm is applied to the analysis of plant tissue-specific promoter sequences and successfully identifies key regulatory elements.</p><p><bold>Availability:</bold> The Seeder Perl distribution includes four modules. It is available for download on the Comprehensive Perl Archive Network (CPAN) at <ext-link ext-link-type="uri" xlink:href="http://www.cpan.org">http://www.cpan.org</ext-link>.</p><p><bold>Contact:</bold><email>martina.stromvik@mcgill.ca</email></p><p><bold>Supplementary information:</bold><ext-link ext-link-type="uri" xlink:href="http://bioinformatics.oxfordjournals.org/cgi/content/full/btn444/DC1">Supplementary data</ext-link> are available at <italic>Bioinformatics</italic> online.</p></abstract></article-meta></front></article>