<article xmlns="https://dtd.nlm.nih.gov/ns/archiving/2.3/" xmlns:xsi="http://www.w3.org/2001/XMLSchema-instance" xmlns:mml="http://www.w3.org/1998/Math/MathML" xmlns:xlink="http://www.w3.org/1999/xlink" xsi:schemaLocation="https://dtd.nlm.nih.gov/ns/archiving/2.3/ https://dtd.nlm.nih.gov/archiving/2.3/xsd/archivearticle.xsd" article-type="research-article" xml:lang="EN"><front><journal-meta><journal-id journal-id-type="nlm-ta">Bioinformatics</journal-id><journal-id journal-id-type="publisher-id">bioinformatics</journal-id><journal-id journal-id-type="hwp">bioinfo</journal-id><journal-title>Bioinformatics</journal-title><issn pub-type="ppub">1367-4803</issn><issn pub-type="epub">1460-2059</issn><publisher><publisher-name>Oxford University Press</publisher-name></publisher></journal-meta><article-meta><article-id pub-id-type="accession">PMC2562015</article-id><article-id pub-id-type="pmcid">PMC2562015</article-id><article-id pub-id-type="pmc-uid">2562015</article-id><article-id pub-id-type="pmid">18697769</article-id><article-id pub-id-type="doi">10.1093/bioinformatics/btn429</article-id><article-id pub-id-type="publisher-id">btn429</article-id><article-id pub-id-type="pmid">18697769</article-id><article-categories><subj-group subj-group-type="heading"><subject>Applications Note</subject><subj-group><subject>Sequence Analysis</subject></subj-group></subj-group></article-categories><title-group><article-title>SeqMap: mapping massive amount of oligonucleotides to the genome</article-title></title-group><contrib-group><contrib contrib-type="author"><name><surname>Jiang</surname><given-names>Hui</given-names></name><xref ref-type="aff" rid="AFF1"><sup>1</sup></xref></contrib><contrib contrib-type="author"><name><surname>Wong</surname><given-names>Wing Hung</given-names></name><xref ref-type="aff" rid="AFF1"><sup>2</sup></xref><xref ref-type="corresp" rid="COR1">*</xref></contrib></contrib-group><aff id="AFF1"><sup>1</sup>Institute for Computational and Mathematical Engineering and <sup>2</sup>Department of Statistics, Stanford University, Stanford, California 94305, USA</aff><author-notes><corresp id="COR1">*To whom correspondence should be addressed.</corresp><fn><p>Associate Editor: Limsoon Wong</p></fn></author-notes><pub-date pub-type="ppub"><day>15</day><month>10</month><year>2008</year></pub-date><pub-date pub-type="epub"><day>12</day><month>8</month><year>2008</year></pub-date><volume>24</volume><issue>20</issue><fpage>2395</fpage><lpage>2396</lpage><history><date date-type="received"><day>21</day><month>7</month><year>2008</year></date><date date-type="rev-recd"><day>8</day><month>8</month><year>2008</year></date><date date-type="accepted"><day>8</day><month>8</month><year>2008</year></date></history><permissions><copyright-statement>© The Author 2008. Published by Oxford University Press. All rights reserved. For Permissions, please email: journals.permissions@oxfordjournals.org</copyright-statement><copyright-year>2008</copyright-year></permissions><abstract><p><bold>Summary:</bold> SeqMap is a tool for mapping large amount of short sequences to the genome. It is designed for finding all the places in a reference genome where each sequence may come from. This task is essential to the analysis of data from ultra high-throughput sequencing machines. With a carefully designed index-filtering algorithm and an efficient implementation, SeqMap can map tens of millions of short sequences to a genome of several billions of nucleotides. Multiple substitutions and insertions/deletions of the nucleotide bases in the sequences can be tolerated and therefore detected. SeqMap supports FASTA input format and various output formats, and provides command line options for tuning almost every aspect of the mapping process. A typical mapping can be done in a few hours on a desktop PC. Parallel use of SeqMap on a cluster is also very straightforward.</p><p><bold>Contact:</bold><email>whwong@stanford.edu</email></p></abstract></article-meta></front></article>