<article xmlns="https://jats.nlm.nih.gov/ns/archiving/1.2/" xmlns:xsi="http://www.w3.org/2001/XMLSchema-instance" xmlns:mml="http://www.w3.org/1998/Math/MathML" xmlns:xlink="http://www.w3.org/1999/xlink" xsi:schemaLocation="https://jats.nlm.nih.gov/ns/archiving/1.2/ https://jats.nlm.nih.gov/archiving/1.2/xsd/JATS-archivearticle1.xsd" article-type="research-article"><front><journal-meta><journal-id journal-id-type="nlm-ta">Bioinformatics</journal-id><journal-id journal-id-type="publisher-id">bioinformatics</journal-id><journal-id journal-id-type="hwp">bioinfo</journal-id><journal-title-group><journal-title>Bioinformatics</journal-title></journal-title-group><issn pub-type="ppub">1367-4803</issn><issn pub-type="epub">1460-2059</issn><publisher><publisher-name>Oxford University Press</publisher-name></publisher></journal-meta><article-meta><article-id pub-id-type="accession">PMC2732310</article-id><article-id pub-id-type="pmcid">PMC2732310</article-id><article-id pub-id-type="pmc-uid">2732310</article-id><article-id pub-id-type="pmid">19276152</article-id><article-id pub-id-type="pmid">19276152</article-id><article-id pub-id-type="doi">10.1093/bioinformatics/btp119</article-id><article-id pub-id-type="publisher-id">btp119</article-id><article-categories><subj-group subj-group-type="heading"><subject>Original Papers</subject><subj-group><subject>Genome Analysis</subject></subj-group></subj-group></article-categories><title-group><article-title>Joint estimation of copy number variation and reference intensities on multiple DNA arrays using GADA</article-title></title-group><contrib-group><contrib contrib-type="author"><name><surname>Pique-Regi</surname><given-names>Roger</given-names></name><xref ref-type="aff" rid="AFF1"><sup>1</sup></xref><xref ref-type="aff" rid="AFF1"><sup>2</sup></xref><xref ref-type="corresp" rid="COR1">*</xref></contrib><contrib contrib-type="author"><name><surname>Ortega</surname><given-names>Antonio</given-names></name><xref ref-type="aff" rid="AFF1"><sup>1</sup></xref></contrib><contrib contrib-type="author"><name><surname>Asgharzadeh</surname><given-names>Shahab</given-names></name><xref ref-type="aff" rid="AFF1"><sup>2</sup></xref><xref ref-type="corresp" rid="COR1">*</xref></contrib></contrib-group><aff id="AFF1"><sup>1</sup>Signal and Image Processing Institute, Ming Hsieh Department of Electrical Engineering, Viterbi School of Engineering, University of Southern California, EEB 400, 3740 McClintock Ave, Los Angeles, CA 90089-2564 and <sup>2</sup>Departments of Pediatrics and Pathology, Saban Research Institute, Childrens Hospital Los Angeles, Keck School of Medicine, University of Southern California, Los Angeles, CA, USA</aff><author-notes><corresp id="COR1">*To whom correspondence should be addressed.</corresp><fn><p>Associate Editor: John Quackenbush</p></fn></author-notes><pub-date pub-type="ppub"><day>15</day><month>5</month><year>2009</year></pub-date><pub-date pub-type="epub"><day>10</day><month>3</month><year>2009</year></pub-date><volume>25</volume><issue>10</issue><fpage>1223</fpage><lpage>1230</lpage><history><date date-type="received"><day>14</day><month>10</month><year>2008</year></date><date date-type="rev-recd"><day>17</day><month>2</month><year>2009</year></date><date date-type="accepted"><day>26</day><month>2</month><year>2009</year></date></history><permissions><copyright-statement>© The Author 2009. Published by Oxford University Press. All rights reserved. For Permissions, please email: journals.permissions@oxfordjournals.org</copyright-statement><copyright-year>2009</copyright-year></permissions><abstract><p><bold>Motivation:</bold> The complexity of a large number of recently discovered copy number polymorphisms is much higher than initially thought, thus making it more difficult to detect them in the presence of significant measurement noise. In this scenario, separate normalization and segmentation is prone to lead to many false detections of changes in copy number. New approaches capable of jointly modeling the copy number and the non-copy number (noise) hybridization effects across multiple samples will potentially lead to more accurate results.</p><p><bold>Methods:</bold> In this article, the genome alteration detection analysis (GADA) approach introduced in our previous work is extended to a multiple sample model. The copy number component is independent for each sample and uses a sparse Bayesian prior, while the reference hybridization level is not necessarily sparse but identical on all samples. The expectation maximization (EM) algorithm used to fit the model iteratively determines whether the observed hybridization levels are more likely due to a copy number variation or to a shared hybridization bias.</p><p><bold>Results:</bold> The new proposed approach is compared with the currently used strategy of separate normalization followed by independent segmentation of each array. Real microarray data obtained from HapMap samples are randomly partitioned to create different reference sets. Using the new approach, copy number and reference intensity estimates are significantly less variable if the reference set changes; and a higher consistency on copy numbers detected within HapMap family trios is obtained. Finally, the running time to fit the model grows linearly in the number samples and probes.</p><p><bold>Availability:</bold><ext-link ext-link-type="uri" xlink:href="http://biron.usc.edu/∼piquereg/GADA">http://biron.usc.edu/∼piquereg/GADA</ext-link></p><p><bold>Contact:</bold><email>rpique@ieee.org</email>; <email>shahab@chla.usc.edu</email></p><p><bold>Supplementary information:</bold><ext-link ext-link-type="uri" xlink:href="http://bioinformatics.oxfordjournals.org/cgi/content/full/btp119/DC1">Supplementary data</ext-link> are available at <italic>Bioinformatics</italic> online.</p></abstract></article-meta></front></article>