<article xmlns="https://dtd.nlm.nih.gov/ns/archiving/2.3/" xmlns:xsi="http://www.w3.org/2001/XMLSchema-instance" xmlns:mml="http://www.w3.org/1998/Math/MathML" xmlns:xlink="http://www.w3.org/1999/xlink" xsi:schemaLocation="https://dtd.nlm.nih.gov/ns/archiving/2.3/ https://dtd.nlm.nih.gov/archiving/2.3/xsd/archivearticle.xsd" article-type="research-article" xml:lang="EN"><front><journal-meta><journal-id journal-id-type="nlm-ta">Bioinformatics</journal-id><journal-id journal-id-type="publisher-id">bioinformatics</journal-id><journal-id journal-id-type="hwp">bioinfo</journal-id><journal-title>Bioinformatics</journal-title><issn pub-type="ppub">1367-4803</issn><issn pub-type="epub">1460-2059</issn><publisher><publisher-name>Oxford University Press</publisher-name></publisher></journal-meta><article-meta><article-id pub-id-type="accession">PMC2639271</article-id><article-id pub-id-type="pmcid">PMC2639271</article-id><article-id pub-id-type="pmc-uid">2639271</article-id><article-id pub-id-type="pmid">18849569</article-id><article-id pub-id-type="doi">10.1093/bioinformatics/btn533</article-id><article-id pub-id-type="publisher-id">btn533</article-id><article-id pub-id-type="pmid">18849569</article-id><article-categories><subj-group subj-group-type="heading"><subject>Applications Note</subject><subj-group><subject>Phylogenetics</subject></subj-group></subj-group></article-categories><title-group><article-title>POPE—a tool to aid high-throughput phylogenetic analysis</article-title></title-group><contrib-group><contrib contrib-type="author"><name><surname>Juliusdottir</surname><given-names>Thorhildur</given-names></name><xref ref-type="corresp" rid="COR1">*</xref></contrib><contrib contrib-type="author"><name><surname>Pettersson</surname><given-names>Fredrik</given-names></name></contrib><contrib contrib-type="author"><name><surname>Copley</surname><given-names>Richard R.</given-names></name></contrib></contrib-group><aff>Wellcome Trust Centre for Human Genetics, Roosevelt Drive, Oxford, OX3 7BN, UK</aff><author-notes><corresp id="COR1">*To whom correspondence should be addressed.</corresp><fn><p>Associate Editor: Martin Bishop</p></fn></author-notes><pub-date pub-type="ppub"><day>1</day><month>12</month><year>2008</year></pub-date><pub-date pub-type="epub"><day>10</day><month>10</month><year>2008</year></pub-date><pub-date pub-type="pmc-release"><day>10</day><month>10</month><year>2008</year></pub-date><volume>24</volume><issue>23</issue><fpage>2778</fpage><lpage>2779</lpage><history><date date-type="received"><day>18</day><month>7</month><year>2008</year></date><date date-type="rev-recd"><day>8</day><month>10</month><year>2008</year></date><date date-type="accepted"><day>8</day><month>10</month><year>2008</year></date></history><permissions><copyright-statement>© 2008 The Author(s)</copyright-statement><copyright-year>2008</copyright-year><license license-type="creative-commons" xlink:href="http://creativecommons.org/licenses/by-nc/2.0/uk/"><p><!--CREATIVE COMMONS-->This is an Open Access article distributed under the terms of the Creative Commons Attribution Non-Commercial License (<ext-link ext-link-type="uri" xlink:href="http://creativecommons.org/licenses/by-nc/2.0/uk/">http://creativecommons.org/licenses/by-nc/2.0/uk/</ext-link>) which permits unrestricted non-commercial use, distribution, and reproduction in any medium, provided the original work is properly cited.</p></license></permissions><abstract><p><bold>Summary:</bold> POPE (Phylogeny, Ortholog and Paralog Extractor) provides an integrated platform for automatic ortholog identification. Intermediate steps can be visualized, modified and analyzed in order to assess and improve the underlying quality of orthology and paralogy assignments.</p><p><bold>Availability:</bold> POPE is available for download from the website: <ext-link ext-link-type="uri" xlink:href="http://www.well.ox.ac.uk/~tota/pope">http://www.well.ox.ac.uk/~tota/pope</ext-link>.</p><p><bold>Contact:</bold><email>tota@well.ox.ac.uk</email></p></abstract></article-meta></front></article>