<article xmlns="https://jats.nlm.nih.gov/ns/archiving/1.2/" xmlns:xsi="http://www.w3.org/2001/XMLSchema-instance" xmlns:mml="http://www.w3.org/1998/Math/MathML" xmlns:xlink="http://www.w3.org/1999/xlink" xsi:schemaLocation="https://jats.nlm.nih.gov/ns/archiving/1.2/ https://jats.nlm.nih.gov/archiving/1.2/xsd/JATS-archivearticle1.xsd" article-type="research-article"><front><journal-meta><journal-id journal-id-type="nlm-ta">Bioinformatics</journal-id><journal-id journal-id-type="publisher-id">bioinformatics</journal-id><journal-id journal-id-type="hwp">bioinfo</journal-id><journal-title-group><journal-title>Bioinformatics</journal-title></journal-title-group><issn pub-type="ppub">1367-4803</issn><issn pub-type="epub">1460-2059</issn><publisher><publisher-name>Oxford University Press</publisher-name></publisher></journal-meta><article-meta><article-id pub-id-type="accession">PMC2705234</article-id><article-id pub-id-type="pmcid">PMC2705234</article-id><article-id pub-id-type="pmc-uid">2705234</article-id><article-id pub-id-type="pmid">19451168</article-id><article-id pub-id-type="doi">10.1093/bioinformatics/btp324</article-id><article-id pub-id-type="publisher-id">btp324</article-id><article-categories><subj-group subj-group-type="heading"><subject>Original Paper</subject><subj-group><subject>Sequence Analysis</subject></subj-group></subj-group></article-categories><title-group><article-title>Fast and accurate short read alignment with Burrows–Wheeler transform</article-title></title-group><contrib-group><contrib contrib-type="author"><name><surname>Li</surname><given-names>Heng</given-names></name></contrib><contrib contrib-type="author"><name><surname>Durbin</surname><given-names>Richard</given-names></name><xref ref-type="corresp" rid="COR1">*</xref></contrib></contrib-group><aff id="AFF1">Wellcome Trust Sanger Institute, Wellcome Trust Genome Campus, Cambridge, CB10 1SA, UK</aff><author-notes><corresp id="COR1">* To whom correspondence should be addressed.</corresp><fn><p>Associate Editor: John Quackenbush</p></fn></author-notes><pub-date pub-type="ppub"><day>15</day><month>7</month><year>2009</year></pub-date><pub-date pub-type="epub"><day>18</day><month>5</month><year>2009</year></pub-date><pub-date pub-type="pmc-release"><day>18</day><month>5</month><year>2009</year></pub-date><!-- PMC Release delay is 0 months and 0 days and was based on the
							<pub-date pub-type="epub"/>. --><volume>25</volume><issue>14</issue><fpage>1754</fpage><lpage>1760</lpage><history><date date-type="received"><day>20</day><month>2</month><year>2009</year></date><date date-type="rev-recd"><day>6</day><month>5</month><year>2009</year></date><date date-type="accepted"><day>12</day><month>5</month><year>2009</year></date></history><permissions><license license-type="creative-commons" xlink:href="http://creativecommons.org/licenses/by-nc/2.0/uk/"><license-p><!--CREATIVE COMMONS-->This is an Open Access article distributed under the terms of the Creative Commons Attribution Non-Commercial License (<ext-link ext-link-type="uri" xlink:href="http://creativecommons.org/licenses/by-nc/2.0/uk/">http://creativecommons.org/licenses/by-nc/2.0/uk/</ext-link>) which permits unrestricted non-commercial use, distribution, and reproduction in any medium, provided the original work is properly cited.</license-p></license></permissions><abstract><p><bold>Motivation:</bold> The enormous amount of short reads generated by the new DNA sequencing technologies call for the development of fast and accurate read alignment programs. A first generation of hash table-based methods has been developed, including MAQ, which is accurate, feature rich and fast enough to align short reads from a single individual. However, MAQ does not support gapped alignment for single-end reads, which makes it unsuitable for alignment of longer reads where indels may occur frequently. The speed of MAQ is also a concern when the alignment is scaled up to the resequencing of hundreds of individuals.</p><p><bold>Results:</bold> We implemented Burrows-Wheeler Alignment tool (BWA), a new read alignment package that is based on backward search with Burrows–Wheeler Transform (BWT), to efficiently align short sequencing reads against a large reference sequence such as the human genome, allowing mismatches and gaps. BWA supports both base space reads, e.g. from Illumina sequencing machines, and color space reads from AB SOLiD machines. Evaluations on both simulated and real data suggest that BWA is ∼10–20× faster than MAQ, while achieving similar accuracy. In addition, BWA outputs alignment in the new standard SAM (Sequence Alignment/Map) format. Variant calling and other downstream analyses after the alignment can be achieved with the open source SAMtools software package.</p><p><bold>Availability:</bold><ext-link ext-link-type="uri" xlink:href="http://maq.sourceforge.net">http://maq.sourceforge.net</ext-link></p><p><bold>Contact:</bold><email>rd@sanger.ac.uk</email></p></abstract></article-meta></front></article>