<article xmlns="https://dtd.nlm.nih.gov/ns/archiving/2.3/" xmlns:xsi="http://www.w3.org/2001/XMLSchema-instance" xmlns:mml="http://www.w3.org/1998/Math/MathML" xmlns:xlink="http://www.w3.org/1999/xlink" xsi:schemaLocation="https://dtd.nlm.nih.gov/ns/archiving/2.3/ https://dtd.nlm.nih.gov/archiving/2.3/xsd/archivearticle.xsd" article-type="research-article" xml:lang="EN"><front><journal-meta><journal-id journal-id-type="nlm-ta">Bioinformatics</journal-id><journal-id journal-id-type="publisher-id">bioinformatics</journal-id><journal-id journal-id-type="hwp">bioinfo</journal-id><journal-title>Bioinformatics</journal-title><issn pub-type="ppub">1367-4803</issn><issn pub-type="epub">1460-2059</issn><publisher><publisher-name>Oxford University Press</publisher-name></publisher></journal-meta><article-meta><article-id pub-id-type="accession">PMC2647831</article-id><article-id pub-id-type="pmcid">PMC2647831</article-id><article-id pub-id-type="pmc-uid">2647831</article-id><article-id pub-id-type="pmid">19153134</article-id><article-id pub-id-type="doi">10.1093/bioinformatics/btp024</article-id><article-id pub-id-type="publisher-id">btp024</article-id><article-categories><subj-group subj-group-type="heading"><subject>Applications Note</subject><subj-group><subject>Sequence Analysis</subject></subj-group></subj-group></article-categories><title-group><article-title>FrameDP: sensitive peptide detection on noisy matured sequences</article-title></title-group><contrib-group><contrib contrib-type="author"><name><surname>Gouzy</surname><given-names>Jérôme</given-names></name><xref ref-type="aff" rid="AFF1"><sup>1</sup></xref></contrib><contrib contrib-type="author"><name><surname>Carrere</surname><given-names>Sébastien</given-names></name><xref ref-type="aff" rid="AFF1"><sup>1</sup></xref></contrib><contrib contrib-type="author"><name><surname>Schiex</surname><given-names>Thomas</given-names></name><xref ref-type="aff" rid="AFF1"><sup>2</sup></xref><xref ref-type="corresp" rid="COR1">*</xref></contrib></contrib-group><aff id="AFF1"><sup>1</sup>Laboratoire Interactions Plantes Micro-organismes (LIPM) UMR441/2594, INRA/CNRS and <sup>2</sup>Unité de Biométrie et d'Intelligence Artificielle UR 875, INRA, F-31320 Castanet Tolosan, France</aff><author-notes><corresp id="COR1">*To whom correspondence should be addressed.</corresp><fn><p>Associate Editor: Alex Bateman</p></fn></author-notes><pub-date pub-type="ppub"><day>1</day><month>3</month><year>2009</year></pub-date><pub-date pub-type="epub"><day>19</day><month>1</month><year>2009</year></pub-date><pub-date pub-type="pmc-release"><day>19</day><month>1</month><year>2009</year></pub-date><volume>25</volume><issue>5</issue><fpage>670</fpage><lpage>671</lpage><history><date date-type="received"><day>22</day><month>10</month><year>2008</year></date><date date-type="rev-recd"><day>22</day><month>12</month><year>2008</year></date><date date-type="accepted"><day>8</day><month>1</month><year>2009</year></date></history><permissions><copyright-statement>© 2009 The Author(s)</copyright-statement><copyright-year>2009</copyright-year><license license-type="creative-commons" xlink:href="http://creativecommons.org/licenses/by-nc/2.0/uk/"><p><!--CREATIVE COMMONS-->This is an Open Access article distributed under the terms of the Creative Commons Attribution Non-Commercial License (<ext-link ext-link-type="uri" xlink:href="http://creativecommons.org/licenses/by-nc/2.0/uk/">http://creativecommons.org/licenses/by-nc/2.0/uk/</ext-link>) which permits unrestricted non-commercial use, distribution, and reproduction in any medium, provided the original work is properly cited.</p></license></permissions><abstract><p><bold>Summary:</bold> Transcriptome sequencing represents a fundamental source of information for genome-wide studies and transcriptome analysis and will become increasingly important for expression analysis as new sequencing technologies takes over array technology. The identification of the protein-coding region in transcript sequences is a prerequisite for systematic amino acid-level analysis and more specifically for domain identification. In this article, we present FrameDP, a self-training integrative pipeline for predicting CDS in transcripts which can adapt itself to different levels of sequence qualities.</p><p><bold>Availability:</bold> FrameDP for Linux (web-server and underlying pipeline) is available at {{<ext-link ext-link-type="uri" xlink:href="http://iant.toulouse.inra.fr/FrameDP">http://iant.toulouse.inra.fr/FrameDP</ext-link>}} for direct use or a standalone installation.</p><p><bold>Contact:</bold><email>thomas.schiex@toulouse.inra.fr</email></p></abstract></article-meta></front></article>