<article xmlns="https://jats.nlm.nih.gov/ns/archiving/1.2/" xmlns:xsi="http://www.w3.org/2001/XMLSchema-instance" xmlns:mml="http://www.w3.org/1998/Math/MathML" xmlns:xlink="http://www.w3.org/1999/xlink" xsi:schemaLocation="https://jats.nlm.nih.gov/ns/archiving/1.2/ https://jats.nlm.nih.gov/archiving/1.2/xsd/JATS-archivearticle1.xsd" article-type="research-article"><front><journal-meta><journal-id journal-id-type="nlm-ta">Bioinformatics</journal-id><journal-id journal-id-type="publisher-id">bioinformatics</journal-id><journal-id journal-id-type="hwp">bioinfo</journal-id><journal-title-group><journal-title>Bioinformatics</journal-title></journal-title-group><issn pub-type="ppub">1367-4803</issn><issn pub-type="epub">1367-4811</issn><publisher><publisher-name>Oxford University Press</publisher-name></publisher></journal-meta><article-meta><article-id pub-id-type="accession">PMC2732317</article-id><article-id pub-id-type="pmcid">PMC2732317</article-id><article-id pub-id-type="pmc-uid">2732317</article-id><article-id pub-id-type="pmid">19401399</article-id><article-id pub-id-type="pmid">19401399</article-id><article-id pub-id-type="doi">10.1093/bioinformatics/btp282</article-id><article-id pub-id-type="publisher-id">btp282</article-id><article-categories><subj-group subj-group-type="heading"><subject>Original Papers</subject><subj-group><subject>Sequence Analysis</subject></subj-group></subj-group></article-categories><title-group><article-title>Affinity Density: a novel genomic approach to the identification of transcription factor regulatory targets</article-title></title-group><contrib-group><contrib contrib-type="author"><name><surname>Hazelett</surname><given-names>Dennis J.</given-names></name><xref ref-type="aff" rid="AFF1"><sup>1</sup></xref><xref ref-type="corresp" rid="COR1">*</xref></contrib><contrib contrib-type="author"><name><surname>Lakeland</surname><given-names>Daniel L.</given-names></name><xref ref-type="aff" rid="AFF1"><sup>2</sup></xref></contrib><contrib contrib-type="author"><name><surname>Weiss</surname><given-names>Joseph B.</given-names></name><xref ref-type="aff" rid="AFF1"><sup>3</sup></xref></contrib></contrib-group><aff id="AFF1"><sup>1</sup>Integrative Biosciences, Oregon Health and Science University (OHSU), 611 SW Campus Dr SOD705, Portland, OR 97239, <sup>2</sup>Independent Consultant, Los Angeles, CA and <sup>3</sup>Department of Cardiology, Oregon Health and Science University (OHSU), 3303 SW Bond Ave CHH14W, Portland, OR 97239, USA</aff><author-notes><corresp id="COR1">*To whom correspondence should be addressed.</corresp><fn><p>Associate Editor: Alex Bateman</p></fn></author-notes><pub-date pub-type="ppub"><day>1</day><month>7</month><year>2009</year></pub-date><pub-date pub-type="epub"><day>28</day><month>4</month><year>2009</year></pub-date><pub-date pub-type="pmc-release"><day>28</day><month>4</month><year>2009</year></pub-date><!-- PMC Release delay is 0 months and 0 days and was based on the
							<pub-date pub-type="epub"/>. --><volume>25</volume><issue>13</issue><fpage>1617</fpage><lpage>1624</lpage><history><date date-type="received"><day>6</day><month>2</month><year>2009</year></date><date date-type="rev-recd"><day>21</day><month>4</month><year>2009</year></date><date date-type="accepted"><day>22</day><month>4</month><year>2009</year></date></history><permissions><copyright-statement>© 2009 The Author(s)</copyright-statement><copyright-year>2009</copyright-year><license license-type="creative-commons" xlink:href="http://creativecommons.org/licenses/by-nc/2.0/uk/"><license-p><!--CREATIVE COMMONS-->This is an Open Access article distributed under the terms of the Creative Commons Attribution Non-Commercial License (<ext-link ext-link-type="uri" xlink:href="http://creativecommons.org/licenses/by-nc/2.0/uk/">http://creativecommons.org/licenses/by-nc/2.0/uk/</ext-link>) which permits unrestricted non-commercial use, distribution, and reproduction in any medium, provided the original work is properly cited.</license-p></license></permissions><abstract><p><bold>Methods:</bold> A new method was developed for identifying novel transcription factor regulatory targets based on calculating Local Affinity Density. Techniques from the signal-processing field were used, in particular the Hann digital filter, to calculate the relative binding affinity of different regions based on previously published <italic>in vitro</italic> binding data. To illustrate this approach, the complete genomes of <italic>Drosophila melanogaster</italic> and <italic>D.pseudoobscura</italic> were analyzed for binding sites of the homeodomain proteinc Tinman, an essential heart development gene in both <italic>Drosophila</italic> and Mouse. The significant binding regions were identified relative to genomic background and assigned to putative target genes. Valid candidates common to both species of <italic>Drosophila</italic> were selected as a test of conservation.</p><p><bold>Results:</bold> The new method was more sensitive than cluster searches for conserved binding motifs with respect to positive identification of known Tinman targets. Our Local Affinity Density method also identified a significantly greater proportion of Tinman-coexpressed genes than equivalent, optimized cluster searching. In addition, this new method predicted a significantly greater than expected number of genes with previously published RNAi phenotypes in the heart.</p><p><bold>Availability:</bold> Algorithms were implemented in Python, LISP, R and maxima, using MySQL to access locally mirrored sequence data from Ensembl (<italic>D.melanogaster</italic> release 4.3) and flybase (<italic>D.pseudoobscura</italic>). All code is licensed under GPL and freely available at <ext-link ext-link-type="uri" xlink:href="http://www.ohsu.edu/cellbio/dev_biol_prog/affinitydensity/">http://www.ohsu.edu/cellbio/dev_biol_prog/affinitydensity/</ext-link>.</p><p><bold>Contact:</bold><email>hazelett@ohsu.edu</email></p></abstract></article-meta></front></article>