<article xmlns="https://jats.nlm.nih.gov/ns/archiving/1.2/" xmlns:xsi="http://www.w3.org/2001/XMLSchema-instance" xmlns:mml="http://www.w3.org/1998/Math/MathML" xmlns:xlink="http://www.w3.org/1999/xlink" xsi:schemaLocation="https://jats.nlm.nih.gov/ns/archiving/1.2/ https://jats.nlm.nih.gov/archiving/1.2/xsd/JATS-archivearticle1.xsd" article-type="research-article"><front><journal-meta><journal-id journal-id-type="nlm-ta">Bioinformatics</journal-id><journal-id journal-id-type="publisher-id">bioinformatics</journal-id><journal-id journal-id-type="hwp">bioinfo</journal-id><journal-title-group><journal-title>Bioinformatics</journal-title></journal-title-group><issn pub-type="ppub">1367-4803</issn><issn pub-type="epub">1460-2059</issn><publisher><publisher-name>Oxford University Press</publisher-name></publisher></journal-meta><article-meta><article-id pub-id-type="accession">PMC2732368</article-id><article-id pub-id-type="pmcid">PMC2732368</article-id><article-id pub-id-type="pmc-uid">2732368</article-id><article-id pub-id-type="pmid">19528084</article-id><article-id pub-id-type="pmid">19528084</article-id><article-id pub-id-type="doi">10.1093/bioinformatics/btp363</article-id><article-id pub-id-type="publisher-id">btp363</article-id><article-categories><subj-group subj-group-type="heading"><subject>Original Papers</subject><subj-group><subject>Gene Expression</subject></subj-group></subj-group></article-categories><title-group><article-title>Comments on the analysis of unbalanced microarray data</article-title></title-group><contrib-group><contrib contrib-type="author"><name><surname>Kerr</surname><given-names>Kathleen F.</given-names></name></contrib></contrib-group><aff>Department of Biostatistics, Box 357232, University of Washington, Seattle, WA 98195, USA</aff><author-notes><fn><p>Associate Editor: Trey Ideker</p></fn></author-notes><pub-date pub-type="ppub"><day>15</day><month>8</month><year>2009</year></pub-date><pub-date pub-type="epub"><day>15</day><month>6</month><year>2009</year></pub-date><volume>25</volume><issue>16</issue><fpage>2035</fpage><lpage>2041</lpage><history><date date-type="received"><day>3</day><month>2</month><year>2009</year></date><date date-type="rev-recd"><day>20</day><month>5</month><year>2009</year></date><date date-type="accepted"><day>9</day><month>6</month><year>2009</year></date></history><permissions><copyright-statement>© The Author 2009. Published by Oxford University Press. All rights reserved. For Permissions, please email: journals.permissions@oxfordjournals.org</copyright-statement></permissions><abstract><p><bold>Motivation:</bold> Permutation testing is very popular for analyzing microarray data to identify differentially expressed (DE) genes; estimating false discovery rates (FDRs) is a very popular way to address the inherent multiple testing problem. However, combining these approaches may be problematic when sample sizes are unequal.</p><p><bold>Results:</bold> With unbalanced data, permutation tests may not be suitable because they do not test the hypothesis of interest. In addition, permutation tests can be biased. Using biased <italic>P</italic>-values to estimate the FDR can produce unacceptable bias in those estimates. Results also show that the approach of pooling permutation null distributions across genes can produce invalid <italic>P</italic>-values, since even non-DE genes can have different permutation null distributions. We encourage researchers to use statistics that have been shown to reliably discriminate DE genes, but caution that associated <italic>P</italic>-values may be either invalid, or a less-effective metric for discriminating DE genes.</p><p><bold>Contact:</bold><email>katiek@u.washington.edu</email></p><p><bold>Supplementary information:</bold><ext-link ext-link-type="uri" xlink:href="http://bioinformatics.oxfordjournals.org/cgi/content/full/btp363/DC1">Supplementary data</ext-link> are available at <italic>Bioinformatics</italic> online.</p></abstract></article-meta></front></article>