<article xmlns="https://dtd.nlm.nih.gov/ns/archiving/2.3/" xmlns:xsi="http://www.w3.org/2001/XMLSchema-instance" xmlns:mml="http://www.w3.org/1998/Math/MathML" xmlns:xlink="http://www.w3.org/1999/xlink" xsi:schemaLocation="https://dtd.nlm.nih.gov/ns/archiving/2.3/ https://dtd.nlm.nih.gov/archiving/2.3/xsd/archivearticle.xsd" article-type="research-article" xml:lang="EN"><front><journal-meta><journal-id journal-id-type="nlm-ta">Bioinformatics</journal-id><journal-id journal-id-type="publisher-id">bioinformatics</journal-id><journal-id journal-id-type="hwp">bioinfo</journal-id><journal-title>Bioinformatics</journal-title><issn pub-type="ppub">1367-4803</issn><issn pub-type="epub">1460-2059</issn><publisher><publisher-name>Oxford University Press</publisher-name></publisher></journal-meta><article-meta><article-id pub-id-type="accession">PMC2647837</article-id><article-id pub-id-type="pmcid">PMC2647837</article-id><article-id pub-id-type="pmc-uid">2647837</article-id><article-id pub-id-type="pmid">19176552</article-id><article-id pub-id-type="doi">10.1093/bioinformatics/btn663</article-id><article-id pub-id-type="publisher-id">btn663</article-id><article-categories><subj-group subj-group-type="heading"><subject>Original Papers</subject><subj-group><subject>Data and Text Mining</subject></subj-group></subj-group></article-categories><title-group><article-title>Serial dilution curve: a new method for analysis of reverse phase protein array data</article-title></title-group><contrib-group><contrib contrib-type="author"><name><surname>Zhang</surname><given-names>Li</given-names></name><xref ref-type="aff" rid="AFF1"><sup>1</sup></xref><xref ref-type="corresp" rid="COR1">*</xref></contrib><contrib contrib-type="author"><name><surname>Wei</surname><given-names>Qingyi</given-names></name><xref ref-type="aff" rid="AFF1"><sup>2</sup></xref></contrib><contrib contrib-type="author"><name><surname>Mao</surname><given-names>Li</given-names></name><xref ref-type="aff" rid="AFF1"><sup>3</sup></xref></contrib><contrib contrib-type="author"><name><surname>Liu</surname><given-names>Wenbin</given-names></name><xref ref-type="aff" rid="AFF1"><sup>1</sup></xref><xref ref-type="aff" rid="AFF1"><sup>4</sup></xref></contrib><contrib contrib-type="author"><name><surname>Mills</surname><given-names>Gordon B.</given-names></name><xref ref-type="aff" rid="AFF1"><sup>4</sup></xref></contrib><contrib contrib-type="author"><name><surname>Coombes</surname><given-names>Kevin</given-names></name><xref ref-type="aff" rid="AFF1"><sup>1</sup></xref></contrib></contrib-group><aff id="AFF1"><sup>1</sup>Department of Bioinformatics and Computational Biology, <sup>2</sup>Department of Epidemiology, <sup>3</sup>Department of Thoracic and Head and Neck Medical Oncology and <sup>4</sup>Department of Systems Biology, The University of Texas MD Anderson Cancer Center, 1400 Pressler street, Unit 1410, Houston, TX 77030, USA</aff><author-notes><corresp id="COR1">*To whom correspondence should be addressed.</corresp><fn><p>Associate Editor: Jonathan Wren</p></fn></author-notes><pub-date pub-type="ppub"><day>1</day><month>3</month><year>2009</year></pub-date><pub-date pub-type="epub"><day>28</day><month>1</month><year>2009</year></pub-date><pub-date pub-type="pmc-release"><day>28</day><month>1</month><year>2009</year></pub-date><volume>25</volume><issue>5</issue><fpage>650</fpage><lpage>654</lpage><history><date date-type="received"><day>25</day><month>4</month><year>2008</year></date><date date-type="rev-recd"><day>3</day><month>12</month><year>2008</year></date><date date-type="accepted"><day>27</day><month>12</month><year>2008</year></date></history><permissions><copyright-statement>© 2009 The Author(s)</copyright-statement><copyright-year>2009</copyright-year><license license-type="creative-commons" xlink:href="http://creativecommons.org/licenses/by-nc/2.0/uk/"><p><!--CREATIVE COMMONS-->This is an Open Access article distributed under the terms of the Creative Commons Attribution Non-Commercial License (<ext-link ext-link-type="uri" xlink:href="http://creativecommons.org/licenses/by-nc/2.0/uk/">http://creativecommons.org/licenses/by-nc/2.0/uk/</ext-link>) which permits unrestricted non-commercial use, distribution, and reproduction in any medium, provided the original work is properly cited.</p></license></permissions><abstract><p>Reverse phase protein arrays (RPPAs) are a powerful high-throughput tool for measuring protein concentrations in a large number of samples. In RPPA technology, the original samples are often diluted successively multiple times, forming dilution series to extend the dynamic range of the measurements and to increase confidence in quantitation. An RPPA experiment is equivalent to running multiple ELISA assays concurrently except that there is usually no known protein concentration from which one can construct a standard response curve. Here, we describe a new method called ‘serial dilution curve for RPPA data analysis’. Compared with the existing methods, the new method has the advantage of using fewer parameters and offering a simple way of visualizing the raw data. We showed how the method can be used to examine data quality and to obtain robust quantification of protein concentrations.</p><p><bold>Availability:</bold> A computer program in R for using serial dilution curve for RPPA data analysis is freely available at <ext-link ext-link-type="uri" xlink:href="http://odin.mdacc.tmc.edu/~zhangli/RPPA">http://odin.mdacc.tmc.edu/~zhangli/RPPA</ext-link>.</p><p><bold>Contact:</bold><email>lzhangli@mdanderson.org</email></p></abstract></article-meta></front></article>