<article xmlns="https://jats.nlm.nih.gov/ns/archiving/1.2/" xmlns:xsi="http://www.w3.org/2001/XMLSchema-instance" xmlns:mml="http://www.w3.org/1998/Math/MathML" xmlns:xlink="http://www.w3.org/1999/xlink" xsi:schemaLocation="https://jats.nlm.nih.gov/ns/archiving/1.2/ https://jats.nlm.nih.gov/archiving/1.2/xsd/JATS-archivearticle1.xsd" article-type="research-article"><front><journal-meta><journal-id journal-id-type="nlm-ta">Bioinformatics</journal-id><journal-id journal-id-type="publisher-id">bioinformatics</journal-id><journal-id journal-id-type="hwp">bioinfo</journal-id><journal-title-group><journal-title>Bioinformatics</journal-title></journal-title-group><issn pub-type="ppub">1367-4803</issn><issn pub-type="epub">1460-2059</issn><publisher><publisher-name>Oxford University Press</publisher-name></publisher></journal-meta><article-meta><article-id pub-id-type="accession">PMC2712345</article-id><article-id pub-id-type="pmcid">PMC2712345</article-id><article-id pub-id-type="pmc-uid">2712345</article-id><article-id pub-id-type="pmid">19497937</article-id><article-id pub-id-type="doi">10.1093/bioinformatics/btp350</article-id><article-id pub-id-type="publisher-id">btp350</article-id><article-categories><subj-group subj-group-type="heading"><subject>Original Papers</subject><subj-group><subject>Genome Analysis</subject></subj-group></subj-group></article-categories><title-group><article-title>UTGB toolkit for personalized genome browsers</article-title></title-group><contrib-group><contrib contrib-type="author"><name><surname>Saito</surname><given-names>Taro L.</given-names></name><xref ref-type="aff" rid="AFF1"><sup>1</sup></xref><xref ref-type="aff" rid="AFF1"><sup>2</sup></xref></contrib><contrib contrib-type="author"><name><surname>Yoshimura</surname><given-names>Jun</given-names></name><xref ref-type="aff" rid="AFF1"><sup>1</sup></xref><xref ref-type="aff" rid="AFF1"><sup>2</sup></xref></contrib><contrib contrib-type="author"><name><surname>Sasaki</surname><given-names>Shin</given-names></name><xref ref-type="aff" rid="AFF1"><sup>1</sup></xref></contrib><contrib contrib-type="author"><name><surname>Ahsan</surname><given-names>Budrul</given-names></name><xref ref-type="aff" rid="AFF1"><sup>1</sup></xref></contrib><contrib contrib-type="author"><name><surname>Sasaki</surname><given-names>Atsushi</given-names></name><xref ref-type="aff" rid="AFF1"><sup>1</sup></xref></contrib><contrib contrib-type="author"><name><surname>Kuroshu</surname><given-names>Reginaldo</given-names></name><xref ref-type="aff" rid="AFF1"><sup>1</sup></xref></contrib><contrib contrib-type="author"><name><surname>Morishita</surname><given-names>Shinichi</given-names></name><xref ref-type="aff" rid="AFF1"><sup>1</sup></xref><xref ref-type="aff" rid="AFF1"><sup>2</sup></xref><xref ref-type="corresp" rid="COR1">*</xref></contrib></contrib-group><aff id="AFF1"><sup>1</sup> Department of Computational Biology, Graduate School of Frontier Sciences, The University of Tokyo, 5-1-15 Kashiwanoha, Kashiwa City, Chiba 277-0882 and <sup>2</sup> Japan Science and Technology Agency (JST), Tokyo 102-8666, Japan</aff><author-notes><corresp id="COR1">* To whom correspondence should be addressed.</corresp><fn><p>Associate Editor: Alfonso Valencia</p></fn></author-notes><pub-date pub-type="ppub"><day>1</day><month>8</month><year>2009</year></pub-date><pub-date pub-type="epub"><day>3</day><month>6</month><year>2009</year></pub-date><pub-date pub-type="pmc-release"><day>3</day><month>6</month><year>2009</year></pub-date><!-- PMC Release delay is 0 months and 0 days and was based on the
							<pub-date pub-type="epub"/>. --><volume>25</volume><issue>15</issue><fpage>1856</fpage><lpage>1861</lpage><history><date date-type="received"><day>24</day><month>3</month><year>2009</year></date><date date-type="rev-recd"><day>27</day><month>5</month><year>2009</year></date><date date-type="accepted"><day>30</day><month>5</month><year>2009</year></date></history><permissions><copyright-statement>© 2009 The Author(s)</copyright-statement><copyright-year>2009</copyright-year><license license-type="creative-commons" xlink:href="http://creativecommons.org/licenses/by-nc/2.0/uk/"><license-p><!--CREATIVE COMMONS-->This is an Open Access article distributed under the terms of the Creative Commons Attribution Non-Commercial License (<ext-link ext-link-type="uri" xlink:href="http://creativecommons.org/licenses/by-nc/2.0/uk/">http://creativecommons.org/licenses/by-nc/2.0/uk/</ext-link>) which permits unrestricted non-commercial use, distribution, and reproduction in any medium, provided the original work is properly cited.</license-p></license></permissions><abstract><p>The advent of high-throughput DNA sequencers has increased the pace of collecting enormous amounts of genomic information, yielding billions of nucleotides on a weekly basis. This advance represents an improvement of two orders of magnitude over traditional Sanger sequencers in terms of the number of nucleotides per unit time, allowing even small groups of researchers to obtain huge volumes of genomic data over fairly short period. Consequently, a pressing need exists for the development of personalized genome browsers for analyzing these immense amounts of locally stored data. The UTGB (University of Tokyo Genome Browser) Toolkit is designed to meet three major requirements for personalization of genome browsers: easy installation of the system with minimum efforts, browsing locally stored data and rapid interactive design of web interfaces tailored to individual needs. The UTGB Toolkit is licensed under an open source license.</p><p><bold>Availability:</bold> The software is freely available at <ext-link ext-link-type="uri" xlink:href="http://utgenome.org/">http://utgenome.org/</ext-link>.</p><p><bold>Contact:</bold><email>moris@cb.k.u-tokyo.ac.jp</email></p></abstract></article-meta></front></article>