<article xmlns="https://jats.nlm.nih.gov/ns/archiving/1.2/" xmlns:xsi="http://www.w3.org/2001/XMLSchema-instance" xmlns:mml="http://www.w3.org/1998/Math/MathML" xmlns:xlink="http://www.w3.org/1999/xlink" xsi:schemaLocation="https://jats.nlm.nih.gov/ns/archiving/1.2/ https://jats.nlm.nih.gov/archiving/1.2/xsd/JATS-archivearticle1.xsd" article-type="research-article"><front><journal-meta><journal-id journal-id-type="nlm-ta">Bioinformatics</journal-id><journal-id journal-id-type="publisher-id">bioinformatics</journal-id><journal-id journal-id-type="hwp">bioinfo</journal-id><journal-title-group><journal-title>Bioinformatics</journal-title></journal-title-group><issn pub-type="ppub">1367-4803</issn><issn pub-type="epub">1460-2059</issn><publisher><publisher-name>Oxford University Press</publisher-name></publisher></journal-meta><article-meta><article-id pub-id-type="accession">PMC2734318</article-id><article-id pub-id-type="pmcid">PMC2734318</article-id><article-id pub-id-type="pmc-uid">2734318</article-id><article-id pub-id-type="pmid">19561017</article-id><article-id pub-id-type="pmid">19561017</article-id><article-id pub-id-type="doi">10.1093/bioinformatics/btp392</article-id><article-id pub-id-type="publisher-id">btp392</article-id><article-categories><subj-group subj-group-type="heading"><subject>Applications Note</subject><subj-group><subject>Systems Biology</subject></subj-group></subj-group></article-categories><title-group><article-title>libAnnotationSBML: a library for exploiting SBML annotations</article-title></title-group><contrib-group><contrib contrib-type="author"><name><surname>Swainston</surname><given-names>Neil</given-names></name><xref ref-type="aff" rid="AFF1"><sup>1</sup></xref><xref ref-type="corresp" rid="COR1">*</xref></contrib><contrib contrib-type="author"><name><surname>Mendes</surname><given-names>Pedro</given-names></name><xref ref-type="aff" rid="AFF1"><sup>1</sup></xref><xref ref-type="aff" rid="AFF1"><sup>2</sup></xref></contrib></contrib-group><aff id="AFF1"><sup>1</sup> Manchester Centre for Integrative Systems Biology, Manchester Interdisciplinary Biocentre, University of Manchester, Manchester M1 7DN, UK and <sup>2</sup> Virginia Bioinformatics Institute, Virginia Tech, Washington St. 0477, Blacksburg, VA 24061, USA</aff><author-notes><corresp id="COR1">* To whom correspondence should be addressed.</corresp><fn><p>Associate Editor: Alfonso Valencia</p></fn></author-notes><pub-date pub-type="ppub"><day>1</day><month>9</month><year>2009</year></pub-date><pub-date pub-type="epub"><day>26</day><month>6</month><year>2009</year></pub-date><pub-date pub-type="pmc-release"><day>26</day><month>6</month><year>2009</year></pub-date><!-- PMC Release delay is 0 months and 0 days and was based on the
							<pub-date pub-type="epub"/>. --><volume>25</volume><issue>17</issue><fpage>2292</fpage><lpage>2293</lpage><history><date date-type="received"><day>20</day><month>3</month><year>2009</year></date><date date-type="rev-recd"><day>22</day><month>5</month><year>2009</year></date><date date-type="accepted"><day>21</day><month>6</month><year>2009</year></date></history><permissions><copyright-statement>© 2009 The Author(s)</copyright-statement><copyright-year>2009</copyright-year><license license-type="creative-commons" xlink:href="http://creativecommons.org/licenses/by-nc/2.0/uk/"><license-p><!--CREATIVE COMMONS-->This is an Open Access article distributed under the terms of the Creative Commons Attribution Non-Commercial License (<ext-link ext-link-type="uri" xlink:href="http://creativecommons.org/licenses/by-nc/2.0/uk/">http://creativecommons.org/licenses/by-nc/2.0/uk/</ext-link>) which permits unrestricted non-commercial use, distribution, and reproduction in any medium, provided the original work is properly cited.</license-p></license></permissions><abstract><p><bold>Summary:</bold> The Systems Biology Markup Language (SBML) is an established community XML format for the markup of biochemical models. With the introduction of SBML level 2 version 3, specific model entities, such as species or reactions, can now be annotated using ontological terms. These annotations, which are encoded using the resource description framework (RDF), provide the facility to specify definite terms to individual components, allowing software to unambiguously identify such components and thus link the models to existing data resources.</p><p>libSBML is an application programming interface library for the manipulation of SBML files. While libSBML provides the facilities for reading and writing such annotations from and to models, it is beyond the scope of libSBML to provide interpretation of these terms. The libAnnotationSBML library introduced here acts as a layer on top of libSBML linking SBML annotations to the web services that describe these ontological terms. Two applications that use this library are described: SbmlSynonymExtractor finds name synonyms of SBML model entities and SbmlReactionBalancer checks SBML files to determine whether specifed reactions are elementally balanced.</p><p><bold>Availability:</bold><ext-link ext-link-type="uri" xlink:href="http://mcisb.sourceforge.net/">http://mcisb.sourceforge.net/</ext-link></p><p><bold>Contact:</bold><email>neil.swainston@manchester.ac.uk</email></p></abstract></article-meta></front></article>