<article xmlns="https://dtd.nlm.nih.gov/ns/archiving/2.3/" xmlns:xsi="http://www.w3.org/2001/XMLSchema-instance" xmlns:mml="http://www.w3.org/1998/Math/MathML" xmlns:xlink="http://www.w3.org/1999/xlink" xsi:schemaLocation="https://dtd.nlm.nih.gov/ns/archiving/2.3/ https://dtd.nlm.nih.gov/archiving/2.3/xsd/archivearticle.xsd" article-type="research-article" xml:lang="EN"><front><journal-meta><journal-id journal-id-type="nlm-ta">Bioinformatics</journal-id><journal-id journal-id-type="publisher-id">bioinformatics</journal-id><journal-id journal-id-type="hwp">bioinfo</journal-id><journal-title>Bioinformatics</journal-title><issn pub-type="ppub">1367-4803</issn><issn pub-type="epub">1460-2059</issn><publisher><publisher-name>Oxford University Press</publisher-name></publisher></journal-meta><article-meta><article-id pub-id-type="accession">PMC2519157</article-id><article-id pub-id-type="pmcid">PMC2519157</article-id><article-id pub-id-type="pmc-uid">2519157</article-id><article-id pub-id-type="pmid">18632750</article-id><article-id pub-id-type="doi">10.1093/bioinformatics/btn347</article-id><article-id pub-id-type="publisher-id">btn347</article-id><article-id pub-id-type="pmid">18632750</article-id><article-categories><subj-group subj-group-type="heading"><subject>Original Papers</subject><subj-group><subject>Gene Expression</subject></subj-group></subj-group></article-categories><title-group><article-title>Automated annotation of <italic>Drosophila</italic> gene expression patterns using a controlled vocabulary</article-title></title-group><contrib-group><contrib contrib-type="author"><name><surname>Ji</surname><given-names>Shuiwang</given-names></name><xref ref-type="aff" rid="AFF1"><sup>1</sup></xref><xref ref-type="aff" rid="AFF1"><sup>2</sup></xref></contrib><contrib contrib-type="author"><name><surname>Sun</surname><given-names>Liang</given-names></name><xref ref-type="aff" rid="AFF1"><sup>1</sup></xref><xref ref-type="aff" rid="AFF1"><sup>2</sup></xref></contrib><contrib contrib-type="author"><name><surname>Jin</surname><given-names>Rong</given-names></name><xref ref-type="aff" rid="AFF1"><sup>3</sup></xref></contrib><contrib contrib-type="author"><name><surname>Kumar</surname><given-names>Sudhir</given-names></name><xref ref-type="aff" rid="AFF1"><sup>2</sup></xref><xref ref-type="aff" rid="AFF1"><sup>4</sup></xref></contrib><contrib contrib-type="author"><name><surname>Ye</surname><given-names>Jieping</given-names></name><xref ref-type="aff" rid="AFF1"><sup>1</sup></xref><xref ref-type="aff" rid="AFF1"><sup>2</sup></xref><xref ref-type="corresp" rid="COR1"><sup>*</sup></xref></contrib></contrib-group><aff id="AFF1"><sup>1</sup>Department of Computer Science and Engineering, <sup>2</sup>Center for Evolutionary Functional Genomics, The Biodesign Institute, Arizona State University, Tempe, AZ, <sup>3</sup>Department of Computer Science and Engineering, Michigan State University, East Lansing, MI and <sup>4</sup>School of Life Sciences, Arizona State University, Tempe, AZ, USA</aff><author-notes><corresp id="COR1"><sup>*</sup>To whom correspondence should be addressed.</corresp><fn><p>Associate Editor: David Rocke</p></fn></author-notes><pub-date pub-type="ppub"><day>1</day><month>9</month><year>2008</year></pub-date><pub-date pub-type="epub"><day>16</day><month>7</month><year>2008</year></pub-date><volume>24</volume><issue>17</issue><fpage>1881</fpage><lpage>1888</lpage><history><date date-type="received"><day>24</day><month>3</month><year>2008</year></date><date date-type="rev-recd"><day>2</day><month>7</month><year>2008</year></date><date date-type="accepted"><day>6</day><month>7</month><year>2008</year></date></history><permissions><copyright-statement>© The Author 2008. Published by Oxford University Press. All rights reserved. For Permissions, please email: journals.permissions@oxfordjournals.org</copyright-statement><copyright-year>2008</copyright-year></permissions><abstract><p><bold>Motivation</bold>: Regulation of gene expression in space and time directs its localization to a specific subset of cells during development. Systematic determination of the spatiotemporal dynamics of gene expression plays an important role in understanding the regulatory networks driving development. An atlas for the gene expression patterns of fruit fly <italic>Drosophila melanogaster</italic> has been created by whole-mount <italic>in situ</italic> hybridization, and it documents the dynamic changes of gene expression pattern during <italic>Drosophila</italic> embryogenesis. The spatial and temporal patterns of gene expression are integrated by anatomical terms from a controlled vocabulary linking together intermediate tissues developed from one another. Currently, the terms are assigned to patterns manually. However, the number of patterns generated by high-throughput <italic>in situ</italic> hybridization is rapidly increasing. It is, therefore, tempting to approach this problem by employing computational methods.</p><p><bold>Results</bold>: In this article, we present a novel computational framework for annotating gene expression patterns using a controlled vocabulary. In the currently available high-throughput data, annotation terms are assigned to groups of patterns rather than to individual images. We propose to extract invariant features from images, and construct pyramid match kernels to measure the similarity between sets of patterns. To exploit the complementary information conveyed by different features and incorporate the correlation among patterns sharing common structures, we propose efficient convex formulations to integrate the kernels derived from various features. The proposed framework is evaluated by comparing its annotation with that of human curators, and promising performance in terms of F1 score has been reported.</p><p><bold>Contact</bold>: <email>jieping.ye@asu.edu</email></p><p><bold>Supplementary information</bold>: <ext-link ext-link-type="uri" xlink:href="http://bioinformatics.oxfordjournals.org/cgi/content/full/btn347/DC1">Supplementary data</ext-link> are available at <italic>Bioinformatics</italic> online.</p></abstract></article-meta></front></article>