<article xmlns="https://jats.nlm.nih.gov/ns/archiving/1.2/" xmlns:xsi="http://www.w3.org/2001/XMLSchema-instance" xmlns:mml="http://www.w3.org/1998/Math/MathML" xmlns:xlink="http://www.w3.org/1999/xlink" xsi:schemaLocation="https://jats.nlm.nih.gov/ns/archiving/1.2/ https://jats.nlm.nih.gov/archiving/1.2/xsd/JATS-archivearticle1.xsd" article-type="research-article"><front><journal-meta><journal-id journal-id-type="nlm-ta">Bioinformatics</journal-id><journal-id journal-id-type="publisher-id">bioinformatics</journal-id><journal-id journal-id-type="hwp">bioinfo</journal-id><journal-title-group><journal-title>Bioinformatics</journal-title></journal-title-group><issn pub-type="ppub">1367-4803</issn><issn pub-type="epub">1460-2059</issn><publisher><publisher-name>Oxford University Press</publisher-name></publisher></journal-meta><article-meta><article-id pub-id-type="accession">PMC2723008</article-id><article-id pub-id-type="pmcid">PMC2723008</article-id><article-id pub-id-type="pmc-uid">2723008</article-id><article-id pub-id-type="pmid">19542153</article-id><article-id pub-id-type="doi">10.1093/bioinformatics/btp364</article-id><article-id pub-id-type="publisher-id">btp364</article-id><article-categories><subj-group subj-group-type="heading"><subject>Original Papers</subject><subj-group><subject>Genome Analysis</subject></subj-group></subj-group></article-categories><title-group><article-title>Copy number variation has little impact on bead-array-based measures of DNA methylation</article-title></title-group><contrib-group><contrib contrib-type="author"><name><surname>Houseman</surname><given-names>E. Andrés</given-names></name><xref ref-type="aff" rid="AFF1"><sup>1</sup></xref><xref ref-type="aff" rid="AFF1"><sup>2</sup></xref><xref ref-type="corresp" rid="COR1"><sup>*</sup></xref></contrib><contrib contrib-type="author"><name><surname>Christensen</surname><given-names>Brock C.</given-names></name><xref ref-type="aff" rid="AFF1"><sup>3</sup></xref></contrib><contrib contrib-type="author"><name><surname>Karagas</surname><given-names>Margaret R.</given-names></name><xref ref-type="aff" rid="AFF1"><sup>4</sup></xref></contrib><contrib contrib-type="author"><name><surname>Wrensch</surname><given-names>Margaret R.</given-names></name><xref ref-type="aff" rid="AFF1"><sup>5</sup></xref><xref ref-type="aff" rid="AFF1"><sup>6</sup></xref></contrib><contrib contrib-type="author"><name><surname>Nelson</surname><given-names>Heather H.</given-names></name><xref ref-type="aff" rid="AFF1"><sup>7</sup></xref></contrib><contrib contrib-type="author"><name><surname>Wiemels</surname><given-names>Joseph L.</given-names></name><xref ref-type="aff" rid="AFF1"><sup>5</sup></xref><xref ref-type="aff" rid="AFF1"><sup>6</sup></xref></contrib><contrib contrib-type="author"><name><surname>Zheng</surname><given-names>Shichun</given-names></name><xref ref-type="aff" rid="AFF1"><sup>5</sup></xref></contrib><contrib contrib-type="author"><name><surname>Wiencke</surname><given-names>John K.</given-names></name><xref ref-type="aff" rid="AFF1"><sup>5</sup></xref></contrib><contrib contrib-type="author"><name><surname>Kelsey</surname><given-names>Karl T.</given-names></name><xref ref-type="aff" rid="AFF1"><sup>1</sup></xref><xref ref-type="aff" rid="AFF1"><sup>3</sup></xref></contrib><contrib contrib-type="author"><name><surname>Marsit</surname><given-names>Carmen J.</given-names></name><xref ref-type="aff" rid="AFF1"><sup>3</sup></xref></contrib></contrib-group><aff id="AFF1"><sup>1</sup>Department of Community Health Center for Environmental Health and Technology, Brown University, Providence, RI 02912, <sup>2</sup>Department of Biostatistics, Harvard School of Public Health, Boston, MA 02115, <sup>3</sup>Department of Pathology and Laboratory Medicine, Brown University, Providence, RI 02912, <sup>4</sup>Department of Community and Family Medicine, Dartmouth Medical School, Lebanon, NH 03756, <sup>5</sup>Department of Neurological Surgery, University of California – San Francisco, San Francisco, CA 94143, <sup>6</sup>Department of Epidemiology and Biostatistics, University of California – San Francisco, San Francisco, CA 94143 and <sup>7</sup>Division of Epidemiology and Community Health, Masonic Cancer Center, University of Minnesota, Minneapolis, MN 55455, USA</aff><author-notes><corresp id="COR1"><sup>*</sup>To whom correspondence should be addressed.</corresp><fn><p>Associate Editor: Alex Bateman</p></fn></author-notes><pub-date pub-type="ppub"><day>15</day><month>8</month><year>2009</year></pub-date><pub-date pub-type="epub"><day>19</day><month>6</month><year>2009</year></pub-date><pub-date pub-type="pmc-release"><day>15</day><month>8</month><year>2010</year></pub-date><!-- PMC Release delay is 12 months and 0 days and was based on the
					<pub-date pub-type="ppub"/>. --><volume>25</volume><issue>16</issue><fpage>1999</fpage><lpage>2005</lpage><history><date date-type="received"><day>19</day><month>2</month><year>2009</year></date><date date-type="rev-recd"><day>4</day><month>6</month><year>2009</year></date><date date-type="accepted"><day>9</day><month>6</month><year>2009</year></date></history><permissions><copyright-statement>© The Author 2009. Published by Oxford University Press. All rights reserved. For Permissions, please email: journals.permissions@oxfordjournals.org</copyright-statement></permissions><abstract><p><bold>Motivation:</bold> Integration of various genome-scale measures of molecular alterations is of great interest to researchers aiming to better define disease processes or identify novel targets with clinical utility. Particularly important in cancer are measures of gene copy number DNA methylation. However, copy number variation may bias the measurement of DNA methylation. To investigate possible bias, we analyzed integrated data obtained from 19 head and neck squamous cell carcinoma (HNSCC) tumors and 23 mesothelioma tumors.</p><p><bold>Results:</bold> Statistical analysis of observational data produced results consistent with those anticipated from theoretical mathematical properties. Average beta value reported by Illumina GoldenGate (a bead-array platform) was significantly smaller than a similar measure constructed from the ratio of average dye intensities. Among CpGs that had only small variations in measured methylation across tumors (filtering out clearly biological methylation signatures), there were no systematic copy number effects on methylation for three and more than four copies; however, one copy led to small systematic negative effects, and no copies led to substantial significant negative effects.</p><p><bold>Conclusions:</bold> Since mathematical considerations suggest little bias in methylation assayed using bead-arrays, the consistency of observational data with anticipated properties suggests little bias. However, further analysis of systematic copy number effects across CpGs suggest that though there may be little bias when there are copy number gains, small biases may result when one allele is lost, and substantial biases when both alleles are lost. These results suggest that further integration of these measures can be useful for characterizing the biological relationships between these somatic events.</p><p><bold>Contact:</bold><email>E_Andres_Houseman@brown.edu</email></p><p><bold>Supplementary information:</bold><ext-link ext-link-type="uri" xlink:href="http://bioinformatics.oxfordjournals.org/cgi/content/full/btp364/DC1">Supplementary data</ext-link> are available at <italic>Bioinformatics</italic> online.</p></abstract></article-meta></front></article>