<article xmlns="https://dtd.nlm.nih.gov/ns/archiving/2.3/" xmlns:xsi="http://www.w3.org/2001/XMLSchema-instance" xmlns:mml="http://www.w3.org/1998/Math/MathML" xmlns:xlink="http://www.w3.org/1999/xlink" xsi:schemaLocation="https://dtd.nlm.nih.gov/ns/archiving/2.3/ https://dtd.nlm.nih.gov/archiving/2.3/xsd/archivearticle.xsd" article-type="research-article" xml:lang="EN"><front><journal-meta><journal-id journal-id-type="nlm-ta">Bioinformatics</journal-id><journal-id journal-id-type="publisher-id">bioinformatics</journal-id><journal-id journal-id-type="hwp">bioinfo</journal-id><journal-title>Bioinformatics</journal-title><issn pub-type="ppub">1367-4803</issn><issn pub-type="epub">1460-2059</issn><publisher><publisher-name>Oxford University Press</publisher-name></publisher></journal-meta><article-meta><article-id pub-id-type="accession">PMC2682525</article-id><article-id pub-id-type="pmcid">PMC2682525</article-id><article-id pub-id-type="pmc-uid">2682525</article-id><article-id pub-id-type="pmid">19369496</article-id><article-id pub-id-type="doi">10.1093/bioinformatics/btp244</article-id><article-id pub-id-type="publisher-id">btp244</article-id><article-categories><subj-group subj-group-type="heading"><subject>Original Papers</subject><subj-group><subject>Phylogenetics</subject></subj-group></subj-group></article-categories><title-group><article-title>Many-core algorithms for statistical phylogenetics</article-title></title-group><contrib-group><contrib contrib-type="author"><name><surname>Suchard</surname><given-names>Marc A.</given-names></name><xref ref-type="aff" rid="AFF1"><sup>1</sup></xref><xref ref-type="aff" rid="AFF1"><sup>2</sup></xref><xref ref-type="aff" rid="AFF1"><sup>3</sup></xref><xref ref-type="corresp" rid="COR1">*</xref></contrib><contrib contrib-type="author"><name><surname>Rambaut</surname><given-names>Andrew</given-names></name><xref ref-type="aff" rid="AFF1"><sup>4</sup></xref><xref ref-type="corresp" rid="COR1">*</xref></contrib></contrib-group><aff id="AFF1"><sup>1</sup>Department of Biomathematics, <sup>2</sup>Department of Biostatistics, <sup>3</sup>Department of Human Genetics, University of California, Los Angeles, CA 90095, USA and <sup>4</sup>Institute of Evolutionary Biology, University of Edinburgh, Edinburgh, EH9 3JT, UK</aff><author-notes><corresp id="COR1">*To whom correspondence should be addressed.</corresp><fn><p>Associate Editor: Martin Bishop</p></fn></author-notes><pub-date pub-type="ppub"><day>1</day><month>6</month><year>2009</year></pub-date><pub-date pub-type="epub"><day>15</day><month>4</month><year>2009</year></pub-date><volume>25</volume><issue>11</issue><fpage>1370</fpage><lpage>1376</lpage><history><date date-type="received"><day>16</day><month>3</month><year>2009</year></date><date date-type="rev-recd"><day>2</day><month>4</month><year>2009</year></date><date date-type="accepted"><day>4</day><month>4</month><year>2009</year></date></history><permissions><copyright-statement>© The Author 2009. Published by Oxford University Press. All rights reserved. For Permissions, please email: journals.permissions@oxfordjournals.org</copyright-statement><copyright-year>2009</copyright-year></permissions><abstract><p><bold>Motivation:</bold> Statistical phylogenetics is computationally intensive, resulting in considerable attention meted on techniques for parallelization. Codon-based models allow for independent rates of synonymous and replacement substitutions and have the potential to more adequately model the process of protein-coding sequence evolution with a resulting increase in phylogenetic accuracy. Unfortunately, due to the high number of codon states, computational burden has largely thwarted phylogenetic reconstruction under codon models, particularly at the genomic-scale. Here, we describe novel algorithms and methods for evaluating phylogenies under arbitrary molecular evolutionary models on graphics processing units (GPUs), making use of the large number of processing cores to efficiently parallelize calculations even for large state-size models.</p><p><bold>Results:</bold> We implement the approach in an existing Bayesian framework and apply the algorithms to estimating the phylogeny of 62 complete mitochondrial genomes of carnivores under a 60-state codon model. We see a near 90-fold speed increase over an optimized CPU-based computation and a &gt;140-fold increase over the currently available implementation, making this the first practical use of codon models for phylogenetic inference over whole mitochondrial or microorganism genomes.</p><p><bold>Availability and implementation:</bold> Source code provided in BEAGLE: Broad-platform Evolutionary Analysis General Likelihood Evaluator, a cross-platform/processor library for phylogenetic likelihood computation (<ext-link ext-link-type="uri" xlink:href="http://beagle-lib.googlecode.com/">http://beagle-lib.googlecode.com/</ext-link>). We employ a BEAGLE-implementation using the Bayesian phylogenetics framework BEAST (<ext-link ext-link-type="uri" xlink:href="http://beast.bio.ed.ac.uk/">http://beast.bio.ed.ac.uk/</ext-link>).</p><p><bold>Contact:</bold><email>msuchard@ucla.edu</email>; <email>a.rambaut@ed.ac.uk</email></p></abstract></article-meta></front></article>