<article xmlns="https://dtd.nlm.nih.gov/ns/archiving/2.3/" xmlns:xsi="http://www.w3.org/2001/XMLSchema-instance" xmlns:mml="http://www.w3.org/1998/Math/MathML" xmlns:xlink="http://www.w3.org/1999/xlink" xsi:schemaLocation="https://dtd.nlm.nih.gov/ns/archiving/2.3/ https://dtd.nlm.nih.gov/archiving/2.3/xsd/archivearticle.xsd" article-type="research-article" xml:lang="EN"><front><journal-meta><journal-id journal-id-type="nlm-ta">Bioinformatics</journal-id><journal-id journal-id-type="publisher-id">bioinformatics</journal-id><journal-id journal-id-type="hwp">bioinfo</journal-id><journal-title>Bioinformatics</journal-title><issn pub-type="ppub">1367-4803</issn><issn pub-type="epub">1460-2059</issn><publisher><publisher-name>Oxford University Press</publisher-name></publisher></journal-meta><article-meta><article-id pub-id-type="accession">PMC2638937</article-id><article-id pub-id-type="pmcid">PMC2638937</article-id><article-id pub-id-type="pmc-uid">2638937</article-id><article-id pub-id-type="pmid">18984599</article-id><article-id pub-id-type="doi">10.1093/bioinformatics/btn575</article-id><article-id pub-id-type="publisher-id">btn575</article-id><article-id pub-id-type="pmid">18984599</article-id><article-categories><subj-group subj-group-type="heading"><subject>Applications Note</subject><subj-group><subject>Phylogenetics</subject></subj-group></subj-group></article-categories><title-group><article-title>TOPALi v2: a rich graphical interface for evolutionary analyses of multiple alignments on HPC clusters and multi-core desktops</article-title></title-group><contrib-group><contrib contrib-type="author"><name><surname>Milne</surname><given-names>Iain</given-names></name><xref ref-type="aff" rid="AFF1"><sup>1</sup></xref><xref ref-type="corresp" rid="COR1">*</xref></contrib><contrib contrib-type="author"><name><surname>Lindner</surname><given-names>Dominik</given-names></name><xref ref-type="aff" rid="AFF1"><sup>2</sup></xref></contrib><contrib contrib-type="author"><name><surname>Bayer</surname><given-names>Micha</given-names></name><xref ref-type="aff" rid="AFF1"><sup>1</sup></xref></contrib><contrib contrib-type="author"><name><surname>Husmeier</surname><given-names>Dirk</given-names></name><xref ref-type="aff" rid="AFF1"><sup>3</sup></xref></contrib><contrib contrib-type="author"><name><surname>McGuire</surname><given-names>Gráinne</given-names></name><xref ref-type="aff" rid="AFF1"><sup>3</sup></xref></contrib><contrib contrib-type="author"><name><surname>Marshall</surname><given-names>David F.</given-names></name><xref ref-type="aff" rid="AFF1"><sup>1</sup></xref></contrib><contrib contrib-type="author"><name><surname>Wright</surname><given-names>Frank</given-names></name><xref ref-type="aff" rid="AFF1"><sup>2</sup></xref></contrib></contrib-group><aff id="AFF1"><sup>1</sup>Scottish Crop Research Institute, <sup>2</sup>Biomathematics and Statistics Scotland (BioSS), SCRI, Invergowrie, Dundee DD2 5DA and <sup>3</sup>Biomathematics and Statistics Scotland (BioSS), JCMB, The King's Buildings, Edinburgh EH9 3JZ, UK</aff><author-notes><corresp id="COR1"><sup>*</sup>To whom correspondence should be addressed.</corresp><fn><p>Associate Editor: Martin Bishop</p></fn></author-notes><pub-date pub-type="ppub"><day>1</day><month>1</month><year>2009</year></pub-date><pub-date pub-type="epub"><day>4</day><month>11</month><year>2008</year></pub-date><pub-date pub-type="pmc-release"><day>4</day><month>11</month><year>2008</year></pub-date><volume>25</volume><issue>1</issue><fpage>126</fpage><lpage>127</lpage><history><date date-type="received"><day>2</day><month>8</month><year>2008</year></date><date date-type="rev-recd"><day>3</day><month>11</month><year>2008</year></date><date date-type="accepted"><day>3</day><month>11</month><year>2008</year></date></history><permissions><copyright-statement>© 2008 The Author(s)</copyright-statement><copyright-year>2008</copyright-year><license license-type="creative-commons" xlink:href="http://creativecommons.org/licenses/by-nc/2.0/uk/"><p><!--CREATIVE COMMONS-->This is an Open Access article distributed under the terms of the Creative Commons Attribution Non-Commercial License (<ext-link ext-link-type="uri" xlink:href="http://creativecommons.org/licenses/by-nc/2.0/uk/">http://creativecommons.org/licenses/by-nc/2.0/uk/</ext-link>) which permits unrestricted non-commercial use, distribution, and reproduction in any medium, provided the original work is properly cited.</p></license></permissions><abstract><p><bold>Summary:</bold> TOPALi v2 simplifies and automates the use of several methods for the evolutionary analysis of multiple sequence alignments. Jobs are submitted from a Java graphical user interface as TOPALi web services to either run remotely on high-performance computing clusters or locally (with multiple cores supported). Methods available include model selection and phylogenetic tree estimation using the Bayesian inference and maximum likelihood (ML) approaches, in addition to recombination detection methods. The optimal substitution model can be selected for protein or nucleic acid (standard, or protein-coding using a codon position model) data using accurate statistical criteria derived from ML co-estimation of the tree and the substitution model. Phylogenetic software available includes PhyML, RAxML and MrBayes.</p><p><bold>Availability:</bold> Freely downloadable from <ext-link ext-link-type="uri" xlink:href="http://www.topali.org">http://www.topali.org</ext-link> for Windows, Mac OS X, Linux and Solaris.</p><p><bold>Contact:</bold><email>iain.milne@scri.ac.uk</email></p></abstract></article-meta></front></article>