<article xmlns="https://dtd.nlm.nih.gov/ns/archiving/2.3/" xmlns:xsi="http://www.w3.org/2001/XMLSchema-instance" xmlns:mml="http://www.w3.org/1998/Math/MathML" xmlns:xlink="http://www.w3.org/1999/xlink" xsi:schemaLocation="https://dtd.nlm.nih.gov/ns/archiving/2.3/ https://dtd.nlm.nih.gov/archiving/2.3/xsd/archivearticle.xsd" article-type="research-article" xml:lang="EN"><front><journal-meta><journal-id journal-id-type="nlm-ta">Bioinformatics</journal-id><journal-id journal-id-type="publisher-id">bioinformatics</journal-id><journal-id journal-id-type="hwp">bioinfo</journal-id><journal-title>Bioinformatics</journal-title><issn pub-type="ppub">1367-4803</issn><issn pub-type="epub">1460-2059</issn><publisher><publisher-name>Oxford University Press</publisher-name></publisher></journal-meta><article-meta><article-id pub-id-type="accession">PMC2562010</article-id><article-id pub-id-type="pmcid">PMC2562010</article-id><article-id pub-id-type="pmc-uid">2562010</article-id><article-id pub-id-type="pmid">18718947</article-id><article-id pub-id-type="doi">10.1093/bioinformatics/btn410</article-id><article-id pub-id-type="publisher-id">btn410</article-id><article-id pub-id-type="pmid">18718947</article-id><article-categories><subj-group subj-group-type="heading"><subject>Applications Note</subject><subj-group><subject>Genome Analysis</subject></subj-group></subj-group></article-categories><title-group><article-title>Rtreemix: an R package for estimating evolutionary pathways and genetic progression scores</article-title></title-group><contrib-group><contrib contrib-type="author"><name><surname>Bogojeska</surname><given-names>Jasmina</given-names></name><xref ref-type="aff" rid="AFF1"><sup>1</sup></xref><xref ref-type="corresp" rid="COR1">*</xref></contrib><contrib contrib-type="author"><name><surname>Alexa</surname><given-names>Adrian</given-names></name><xref ref-type="aff" rid="AFF1"><sup>1</sup></xref></contrib><contrib contrib-type="author"><name><surname>Altmann</surname><given-names>André</given-names></name><xref ref-type="aff" rid="AFF1"><sup>1</sup></xref></contrib><contrib contrib-type="author"><name><surname>Lengauer</surname><given-names>Thomas</given-names></name><xref ref-type="aff" rid="AFF1"><sup>1</sup></xref></contrib><contrib contrib-type="author"><name><surname>Rahnenführer</surname><given-names>Jörg</given-names></name><xref ref-type="aff" rid="AFF1"><sup>2</sup></xref></contrib></contrib-group><aff id="AFF1"><sup>1</sup>Max Planck Institute for Informatics, Campus E1.4, 66123 Saarbrücken and <sup>2</sup>Fakultät Statistik Technische Universität Dortmund, Vogelpothsweg 87, 44227 Dortmund, Germany</aff><author-notes><corresp id="COR1">*To whom correspondence should be addressed.</corresp><fn><p>Associate Editor: Alfonso Valencia</p></fn></author-notes><pub-date pub-type="ppub"><day>15</day><month>10</month><year>2008</year></pub-date><pub-date pub-type="epub"><day>20</day><month>8</month><year>2008</year></pub-date><pub-date pub-type="pmc-release"><day>20</day><month>8</month><year>2008</year></pub-date><volume>24</volume><issue>20</issue><fpage>2391</fpage><lpage>2392</lpage><history><date date-type="received"><day>19</day><month>4</month><year>2008</year></date><date date-type="rev-recd"><day>26</day><month>6</month><year>2008</year></date><date date-type="accepted"><day>30</day><month>7</month><year>2008</year></date></history><permissions><copyright-statement>© 2008 The Author(s)</copyright-statement><copyright-year>2008</copyright-year><license license-type="creative-commons" xlink:href="http://creativecommons.org/licenses/by-nc/2.0/uk/"><p><!--CREATIVE COMMONS-->This is an Open Access article distributed under the terms of the Creative Commons Attribution Non-Commercial License (<ext-link ext-link-type="uri" xlink:href="http://creativecommons.org/licenses/by-nc/2.0/uk/">http://creativecommons.org/licenses/by-nc/2.0/uk/</ext-link>) which permits unrestricted non-commercial use, distribution, and reproduction in any medium, provided the original work is properly cited.</p></license></permissions><abstract><p><bold>Summary:</bold> In genetics, many evolutionary pathways can be modeled by the ordered accumulation of permanent changes. Mixture models of mutagenetic trees have been used to describe disease progression in cancer and in HIV. In cancer, progression is modeled by the accumulation of chromosomal gains and losses in tumor cells; in HIV, the accumulation of drug resistance-associated mutations in the viral genome is known to be associated with disease progression. From such evolutionary models, genetic progression scores can be derived that assign measures for the disease state to single patients. <monospace>Rtreemix</monospace> is an R package for estimating mixture models of evolutionary pathways from observed cross-sectional data and for estimating associated genetic progression scores. The package also provides extended functionality for estimating confidence intervals for estimated model parameters and for evaluating the stability of the estimated evolutionary mixture models.</p><p><bold>Availability:</bold><monospace>Rtreemix</monospace> is an R package that is freely available from the Bioconductor project at <ext-link ext-link-type="uri" xlink:href="http://www.bioconductor.org">http://www.bioconductor.org</ext-link> and runs on Linux and Windows.</p><p><bold>Contact:</bold><email>jasmina@mpi-inf.mpg.de</email></p></abstract></article-meta></front></article>