<article xmlns="https://dtd.nlm.nih.gov/ns/archiving/2.3/" xmlns:xsi="http://www.w3.org/2001/XMLSchema-instance" xmlns:mml="http://www.w3.org/1998/Math/MathML" xmlns:xlink="http://www.w3.org/1999/xlink" xsi:schemaLocation="https://dtd.nlm.nih.gov/ns/archiving/2.3/ https://dtd.nlm.nih.gov/archiving/2.3/xsd/archivearticle.xsd" article-type="research-article" xml:lang="EN"><front><journal-meta><journal-id journal-id-type="nlm-ta">Bioinformatics</journal-id><journal-id journal-id-type="publisher-id">bioinformatics</journal-id><journal-id journal-id-type="hwp">bioinfo</journal-id><journal-title>Bioinformatics</journal-title><issn pub-type="ppub">1367-4803</issn><issn pub-type="epub">1460-2059</issn><publisher><publisher-name>Oxford University Press</publisher-name></publisher></journal-meta><article-meta><article-id pub-id-type="accession">PMC2672624</article-id><article-id pub-id-type="pmcid">PMC2672624</article-id><article-id pub-id-type="pmc-uid">2672624</article-id><article-id pub-id-type="pmid">19151095</article-id><article-id pub-id-type="doi">10.1093/bioinformatics/btp033</article-id><article-id pub-id-type="publisher-id">btp033</article-id><article-categories><subj-group subj-group-type="heading"><subject>Applications Note</subject><subj-group><subject>Sequence Analysis</subject></subj-group></subj-group></article-categories><title-group><article-title>Jalview Version 2—a multiple sequence alignment editor and analysis workbench</article-title></title-group><contrib-group><contrib contrib-type="author"><name><surname>Waterhouse</surname><given-names>Andrew M.</given-names></name><xref ref-type="aff" rid="AFF1"><sup>1</sup></xref><xref ref-type="author-notes" rid="FN1"><sup>†</sup></xref><xref ref-type="author-notes" rid="FN2"><sup>‡</sup></xref></contrib><contrib contrib-type="author"><name><surname>Procter</surname><given-names>James B.</given-names></name><xref ref-type="aff" rid="AFF1"><sup>1</sup></xref><xref ref-type="author-notes" rid="FN1"><sup>†</sup></xref></contrib><contrib contrib-type="author"><name><surname>Martin</surname><given-names>David M. A.</given-names></name><xref ref-type="aff" rid="AFF1"><sup>1</sup></xref></contrib><contrib contrib-type="author"><name><surname>Clamp</surname><given-names>Michèle</given-names></name><xref ref-type="aff" rid="AFF1"><sup>2</sup></xref></contrib><contrib contrib-type="author"><name><surname>Barton</surname><given-names>Geoffrey J.</given-names></name><xref ref-type="aff" rid="AFF1"><sup>1</sup></xref><xref ref-type="corresp" rid="COR1">*</xref></contrib></contrib-group><aff id="AFF1"><sup>1</sup>School of Life Sciences Research, College of Life Sciences, University of Dundee, Dow Street, Dundee DD1 5EH, UK and <sup>2</sup>Broad Institute, 7 Cambridge Center, Cambridge, MA 02142, USA</aff><author-notes><corresp id="COR1">*To whom correspondence should be addressed.</corresp><fn id="FN1"><p><sup>†</sup>The authors wish it to be known that, in their opinion, the first two authors should be regarded as joint First Authors.</p></fn><fn id="FN2"><p><sup>‡</sup>Present address: Genome Exploration Research Group, RIKEN Omics Science Center and the Functional RNA Research Program, Frontier Research System, RIKEN Yokohama Institute, 1-7-22 Suehiro-cho Tsurumi-ku Yokohama, Kanagawa 230-0045, Japan.</p></fn><fn><p>Associate Editor: Jonathan Wren</p></fn></author-notes><pub-date pub-type="ppub"><day>1</day><month>5</month><year>2009</year></pub-date><pub-date pub-type="epub"><day>16</day><month>1</month><year>2009</year></pub-date><pub-date pub-type="pmc-release"><day>16</day><month>1</month><year>2009</year></pub-date><!-- PMC Release delay is 0 months and 0 days and was based on the
			<pub-date pub-type="epub"/>. --><volume>25</volume><issue>9</issue><fpage>1189</fpage><lpage>1191</lpage><history><date date-type="received"><day>24</day><month>11</month><year>2008</year></date><date date-type="rev-recd"><day>24</day><month>11</month><year>2008</year></date><date date-type="accepted"><day>8</day><month>1</month><year>2009</year></date></history><permissions><copyright-statement>© 2009 The Author(s)</copyright-statement><copyright-year>2009</copyright-year><license license-type="creative-commons" xlink:href="http://creativecommons.org/licenses/by-nc/2.0/uk/"><p><!--CREATIVE COMMONS-->This is an Open Access article distributed under the terms of the Creative Commons Attribution Non-Commercial License (<ext-link ext-link-type="uri" xlink:href="http://creativecommons.org/licenses/by-nc/2.0/uk/">http://creativecommons.org/licenses/by-nc/2.0/uk/</ext-link>) which permits unrestricted non-commercial use, distribution, and reproduction in any medium, provided the original work is properly cited.</p></license></permissions><abstract><p><bold>Summary:</bold> Jalview Version 2 is a system for interactive WYSIWYG editing, analysis and annotation of multiple sequence alignments. Core features include keyboard and mouse-based editing, multiple views and alignment overviews, and linked structure display with Jmol. Jalview 2 is available in two forms: a lightweight Java applet for use in web applications, and a powerful desktop application that employs web services for sequence alignment, secondary structure prediction and the retrieval of alignments, sequences, annotation and structures from public databases and any DAS 1.53 compliant sequence or annotation server.</p><p><bold>Availability:</bold> The Jalview 2 Desktop application and JalviewLite applet are made freely available under the GPL, and can be downloaded from <ext-link ext-link-type="uri" xlink:href="www.jalview.org">www.jalview.org</ext-link></p><p><bold>Contact:</bold><ext-link ext-link-type="uri" xlink:href="g.j.barton@dundee.ac.uk">g.j.barton@dundee.ac.uk</ext-link></p></abstract></article-meta></front></article>