<article xmlns="https://jats.nlm.nih.gov/ns/archiving/1.2/" xmlns:xsi="http://www.w3.org/2001/XMLSchema-instance" xmlns:mml="http://www.w3.org/1998/Math/MathML" xmlns:xlink="http://www.w3.org/1999/xlink" xsi:schemaLocation="https://jats.nlm.nih.gov/ns/archiving/1.2/ https://jats.nlm.nih.gov/archiving/1.2/xsd/JATS-archivearticle1.xsd" article-type="research-article"><front><journal-meta><journal-id journal-id-type="nlm-ta">Bioinformatics</journal-id><journal-id journal-id-type="publisher-id">bioinformatics</journal-id><journal-id journal-id-type="hwp">bioinfo</journal-id><journal-title-group><journal-title>Bioinformatics</journal-title></journal-title-group><issn pub-type="ppub">1367-4803</issn><issn pub-type="epub">1460-2059</issn><publisher><publisher-name>Oxford University Press</publisher-name></publisher></journal-meta><article-meta><article-id pub-id-type="accession">PMC2735659</article-id><article-id pub-id-type="pmcid">PMC2735659</article-id><article-id pub-id-type="pmc-uid">2735659</article-id><article-id pub-id-type="pmid">19561016</article-id><article-id pub-id-type="doi">10.1093/bioinformatics/btp395</article-id><article-id pub-id-type="publisher-id">btp395</article-id><article-categories><subj-group subj-group-type="heading"><subject>Original Papers</subject><subj-group><subject>Gene Expression</subject></subj-group></subj-group></article-categories><title-group><article-title>Transcriptional landscape estimation from tiling array data using a model of signal shift and drift</article-title></title-group><contrib-group><contrib contrib-type="author"><name><surname>Nicolas</surname><given-names>Pierre</given-names></name><xref ref-type="aff" rid="AFF1"><sup>1</sup></xref><xref ref-type="corresp" rid="COR1">*</xref></contrib><contrib contrib-type="author"><name><surname>Leduc</surname><given-names>Aurélie</given-names></name><xref ref-type="aff" rid="AFF1"><sup>1</sup></xref></contrib><contrib contrib-type="author"><name><surname>Robin</surname><given-names>Stéphane</given-names></name><xref ref-type="aff" rid="AFF1"><sup>2</sup></xref></contrib><contrib contrib-type="author"><name><surname>Rasmussen</surname><given-names>Simon</given-names></name><xref ref-type="aff" rid="AFF1"><sup>3</sup></xref></contrib><contrib contrib-type="author"><name><surname>Jarmer</surname><given-names>Hanne</given-names></name><xref ref-type="aff" rid="AFF1"><sup>3</sup></xref></contrib><contrib contrib-type="author"><name><surname>Bessières</surname><given-names>Philippe</given-names></name><xref ref-type="aff" rid="AFF1"><sup>1</sup></xref></contrib></contrib-group><aff id="AFF1"><sup>1</sup>INRA, Mathématique Informatique et Génome UR1077, 78350 Jouy-en-Josas, <sup>2</sup>AgroParisTech/INRA, Mathématiques et Informatique Appliquées UMR518, 16 rue Claude Bernard, 75005 Paris, France and <sup>3</sup>Technical University of Denmark, Center for Biological Sequence analysis, Building 208, 2800 Lyngby, Denmark</aff><author-notes><corresp id="COR1">*To whom correspondence should be addressed.</corresp><fn><p>Associate Editor: Trey Ideker</p></fn></author-notes><pub-date pub-type="ppub"><day>15</day><month>9</month><year>2009</year></pub-date><pub-date pub-type="epub"><day>26</day><month>6</month><year>2009</year></pub-date><pub-date pub-type="pmc-release"><day>26</day><month>6</month><year>2009</year></pub-date><!-- PMC Release delay is 0 months and 0 days and was based on the
							<pub-date pub-type="epub"/>. --><volume>25</volume><issue>18</issue><fpage>2341</fpage><lpage>2347</lpage><history><date date-type="received"><day>27</day><month>1</month><year>2009</year></date><date date-type="rev-recd"><day>11</day><month>5</month><year>2009</year></date><date date-type="accepted"><day>19</day><month>6</month><year>2009</year></date></history><permissions><license license-type="creative-commons" xlink:href="http://creativecommons.org/licenses/by-nc/2.0/uk/"><license-p><!--CREATIVE COMMONS-->This is an Open Access article distributed under the terms of the Creative Commons Attribution Non-Commercial License (<ext-link ext-link-type="uri" xlink:href="http://creativecommons.org/licenses/by-nc/2.0/uk/">http://creativecommons.org/licenses/by-nc/2.0/uk/</ext-link>) which permits unrestricted non-commercial use, distribution, and reproduction in any medium, provided the original work is properly cited.</license-p></license></permissions><abstract><p><bold>Motivation:</bold> High-density oligonucleotide tiling array technology holds the promise of a better description of the complexity and the dynamics of transcriptional landscapes. In organisms such as bacteria and yeasts, transcription can be measured on a genome-wide scale with a resolution &gt;25 bp. The statistical models currently used to handle these data remain however very simple, the most popular being the piecewise constant Gaussian model with a fixed number of breakpoints.</p><p><bold>Results:</bold> This article describes a new methodology based on a hidden Markov model that embeds the segmentation of a continuous-valued signal in a probabilistic setting. For a computationally affordable cost, this framework (i) alleviates the difficulty of choosing a fixed number of breakpoints, and (ii) permits retrieving more information than a unique segmentation by giving access to the whole probability distribution of the transcription profile. Importantly, the model is also enriched and accounts for subtle effects such as signal ‘drift’ and covariates. Relevance of this framework is demonstrated on a <italic>Bacillus subtilis</italic> dataset.</p><p><bold>Availability:</bold> A software is distributed under the GPL.</p><p><bold>Contact:</bold><email>pierre.nicolas@jouy.inra.fr</email></p><p><bold>Supplementary information:</bold><ext-link ext-link-type="uri" xlink:href="http://bioinformatics.oxfordjournals.org/cgi/content/full/btp395/DC1">Supplementary data</ext-link> is available at <italic>Bioinformatics</italic> online.</p></abstract></article-meta></front></article>