<article xmlns="https://dtd.nlm.nih.gov/ns/archiving/2.3/" xmlns:xsi="http://www.w3.org/2001/XMLSchema-instance" xmlns:mml="http://www.w3.org/1998/Math/MathML" xmlns:xlink="http://www.w3.org/1999/xlink" xsi:schemaLocation="https://dtd.nlm.nih.gov/ns/archiving/2.3/ https://dtd.nlm.nih.gov/archiving/2.3/xsd/archivearticle.xsd" article-type="research-article" xml:lang="EN"><front><journal-meta><journal-id journal-id-type="nlm-ta">Bioinformatics</journal-id><journal-id journal-id-type="publisher-id">bioinformatics</journal-id><journal-id journal-id-type="hwp">bioinfo</journal-id><journal-title>Bioinformatics</journal-title><issn pub-type="ppub">1367-4803</issn><issn pub-type="epub">1460-2059</issn><publisher><publisher-name>Oxford University Press</publisher-name></publisher></journal-meta><article-meta><article-id pub-id-type="accession">PMC2639076</article-id><article-id pub-id-type="pmcid">PMC2639076</article-id><article-id pub-id-type="pmc-uid">2639076</article-id><article-id pub-id-type="pmid">19052059</article-id><article-id pub-id-type="doi">10.1093/bioinformatics/btn620</article-id><article-id pub-id-type="publisher-id">btn620</article-id><article-id pub-id-type="pmid">19052059</article-id><article-categories><subj-group subj-group-type="heading"><subject>Original Papers</subject><subj-group><subject>Systems Biology</subject></subj-group></subj-group></article-categories><title-group><article-title>Estimation of errors introduced by confocal imaging into the data on segmentation gene expression in <italic>Drosophila</italic></article-title></title-group><contrib-group><contrib contrib-type="author"><name><surname>Myasnikova</surname><given-names>Ekaterina</given-names></name><xref ref-type="aff" rid="AFF1"><sup>1</sup></xref><xref ref-type="corresp" rid="COR1">*</xref></contrib><contrib contrib-type="author"><name><surname>Surkova</surname><given-names>Svetlana</given-names></name><xref ref-type="aff" rid="AFF1"><sup>1</sup></xref></contrib><contrib contrib-type="author"><name><surname>Panok</surname><given-names>Lena</given-names></name><xref ref-type="aff" rid="AFF1"><sup>2</sup></xref></contrib><contrib contrib-type="author"><name><surname>Samsonova</surname><given-names>Maria</given-names></name><xref ref-type="aff" rid="AFF1"><sup>1</sup></xref></contrib><contrib contrib-type="author"><name><surname>Reinitz</surname><given-names>John</given-names></name><xref ref-type="aff" rid="AFF1"><sup>2</sup></xref></contrib></contrib-group><aff id="AFF1"><sup>1</sup>St Petersburg State Polytechnic University, St Petersburg, 195251, Russia and <sup>2</sup>Stony Brook University, New York, 11794-3600, USA</aff><author-notes><corresp id="COR1">*To whom correspondence should be addressed.</corresp><fn><p>Associate Editor: Olga Troyanskaya</p></fn></author-notes><pub-date pub-type="ppub"><day>1</day><month>2</month><year>2009</year></pub-date><pub-date pub-type="epub"><day>3</day><month>12</month><year>2008</year></pub-date><volume>25</volume><issue>3</issue><fpage>346</fpage><lpage>352</lpage><history><date date-type="received"><day>18</day><month>7</month><year>2008</year></date><date date-type="rev-recd"><day>25</day><month>11</month><year>2008</year></date><date date-type="accepted"><day>27</day><month>11</month><year>2008</year></date></history><permissions><copyright-statement>© The Author 2008. Published by Oxford University Press. All rights reserved. For Permissions, please email: journals.permissions@oxfordjournals.org</copyright-statement><copyright-year>2008</copyright-year></permissions><abstract><p><bold>Motivation:</bold> Currently the confocal scanning microscopy of fluorescently tagged molecules is extensively employed to acquire quantitative data on gene expression at cellular resolution. Following this approach, we generated a large dataset on the expression of segmentation genes in the <italic>Drosophila</italic> blastoderm, that is widely used in systems biology studies. As data accuracy is of critical importance for the success of studies in this field, we took a shot to evaluate possible errors introduced in the data by acquisition and processing methods. This article deals with errors introduced by confocal microscope.</p><p><bold>Results:</bold> In confocal imaging, the inevitable photon noise is commonly reduced by the averaging of multiple frames. The averaging may introduce errors into the data, if single frames are clipped by microscope hardware. A method based on censoring technique is used to estimate and correct this type of errors. Additional source of errors is the quantification of blurred images. To estimate and correct these errors, the Richardson–Lucy deconvolution method was modified to provide the higher accuracy of data read off from blurred images of the <italic>Drosophila</italic> blastoderm. We have found that the sizes of errors introduced by confocal imaging make up ∼5–7% of the mean intensity values and do not disguise the dynamic behavior and characteristic features of gene expression patterns. We also defined a range of microscope parameters for the acquisition of sufficiently accurate data.</p><p><bold>Availability:</bold><ext-link ext-link-type="uri" xlink:href="http://urchin.spbcas.ru/downloads/step/step.htm">http://urchin.spbcas.ru/downloads/step/step.htm</ext-link></p><p><bold>Contact:</bold><email>myasnikova@spbcas.ru</email></p><p><bold>Supplementary information:</bold><ext-link ext-link-type="uri" xlink:href="http://bioinformatics.oxfordjournals.org/cgi/content/full/btn620/DC1">Supplementary data</ext-link> are available at <italic>Bioinformatics</italic> online.</p></abstract></article-meta></front></article>