<article xmlns="https://dtd.nlm.nih.gov/ns/archiving/2.3/" xmlns:xsi="http://www.w3.org/2001/XMLSchema-instance" xmlns:mml="http://www.w3.org/1998/Math/MathML" xmlns:xlink="http://www.w3.org/1999/xlink" xsi:schemaLocation="https://dtd.nlm.nih.gov/ns/archiving/2.3/ https://dtd.nlm.nih.gov/archiving/2.3/xsd/archivearticle.xsd" article-type="research-article" xml:lang="EN"><front><journal-meta><journal-id journal-id-type="nlm-ta">Bioinformatics</journal-id><journal-id journal-id-type="publisher-id">bioinformatics</journal-id><journal-id journal-id-type="hwp">bioinfo</journal-id><journal-title>Bioinformatics</journal-title><issn pub-type="ppub">1367-4803</issn><issn pub-type="epub">1460-2059</issn><publisher><publisher-name>Oxford University Press</publisher-name></publisher></journal-meta><article-meta><article-id pub-id-type="accession">PMC2553438</article-id><article-id pub-id-type="pmcid">PMC2553438</article-id><article-id pub-id-type="pmc-uid">2553438</article-id><article-id pub-id-type="pmid">18667442</article-id><article-id pub-id-type="doi">10.1093/bioinformatics/btn406</article-id><article-id pub-id-type="publisher-id">btn406</article-id><article-id pub-id-type="pmid">18667442</article-id><article-categories><subj-group subj-group-type="heading"><subject>Original Papers</subject><subj-group><subject>Genetics and Population Analysis</subject></subj-group></subj-group></article-categories><title-group><article-title>Efficient whole-genome association mapping using local phylogenies for unphased genotype data</article-title></title-group><contrib-group><contrib contrib-type="author"><name><surname>Ding</surname><given-names>Zhihong</given-names></name><xref ref-type="aff" rid="AFF1"><sup>1</sup></xref></contrib><contrib contrib-type="author"><name><surname>Mailund</surname><given-names>Thomas</given-names></name><xref ref-type="aff" rid="AFF1"><sup>2</sup></xref><xref ref-type="corresp" rid="COR1">*</xref></contrib><contrib contrib-type="author"><name><surname>Song</surname><given-names>Yun S.</given-names></name><xref ref-type="aff" rid="AFF1"><sup>3</sup></xref></contrib></contrib-group><aff id="AFF1"><sup>1</sup>Department of Computer Science, University of California, Davis, USA, <sup>2</sup>Bioinformatics Research Center, University of Aarhus, Denmark and <sup>3</sup>Computer Science Division and Department of Statistics, University of California, Berkeley, USA</aff><author-notes><corresp id="COR1">*To whom correspondence should be addressed.</corresp><fn><p>Associate Editor: Martin Bishop</p></fn></author-notes><pub-date pub-type="ppub"><day>1</day><month>10</month><year>2008</year></pub-date><pub-date pub-type="epub"><day>30</day><month>7</month><year>2008</year></pub-date><volume>24</volume><issue>19</issue><fpage>2215</fpage><lpage>2221</lpage><history><date date-type="received"><day>1</day><month>5</month><year>2008</year></date><date date-type="rev-recd"><day>25</day><month>7</month><year>2008</year></date><date date-type="accepted"><day>29</day><month>7</month><year>2008</year></date></history><permissions><copyright-statement>© The Author 2008. Published by Oxford University Press. All rights reserved. For Permissions, please email: journals.permissions@oxfordjournals.org</copyright-statement><copyright-year>2008</copyright-year></permissions><abstract><p><bold>Motivation:</bold> Recent advances in genotyping technology has made data acquisition for whole-genome association study cost effective, and a current active area of research is developing efficient methods to analyze such large-scale datasets. Most sophisticated association mapping methods that are currently available take phased haplotype data as input. However, phase information is not readily available from sequencing methods and inferring the phase via computational approaches is time-consuming, taking days to phase a single chromosome.</p><p><bold>Results:</bold> In this article, we devise an efficient method for scanning unphased whole-genome data for association. Our approach combines a recently found linear-time algorithm for phasing genotypes on trees with a recently proposed tree-based method for association mapping. From unphased genotype data, our algorithm builds local phylogenies along the genome, and scores each tree according to the clustering of cases and controls. We assess the performance of our new method on both simulated and real biological datasets.</p><p><bold>Availability</bold> The software described in this article is available at <ext-link ext-link-type="uri" xlink:href="http://www.daimi.au.dk/~mailund/Blossoc">http://www.daimi.au.dk/~mailund/Blossoc</ext-link> and distributed under the GNU General Public License.</p><p><bold>Contact:</bold><email>mailund@birc.au.dk</email></p></abstract></article-meta></front></article>