<article xmlns="https://jats.nlm.nih.gov/ns/archiving/1.2/" xmlns:xsi="http://www.w3.org/2001/XMLSchema-instance" xmlns:mml="http://www.w3.org/1998/Math/MathML" xmlns:xlink="http://www.w3.org/1999/xlink" xsi:schemaLocation="https://jats.nlm.nih.gov/ns/archiving/1.2/ https://jats.nlm.nih.gov/archiving/1.2/xsd/JATS-archivearticle1.xsd" article-type="research-article"><front><journal-meta><journal-id journal-id-type="nlm-ta">Bioinformatics</journal-id><journal-id journal-id-type="publisher-id">bioinformatics</journal-id><journal-id journal-id-type="hwp">bioinfo</journal-id><journal-title-group><journal-title>Bioinformatics</journal-title></journal-title-group><issn pub-type="ppub">1367-4803</issn><issn pub-type="epub">1460-2059</issn><publisher><publisher-name>Oxford University Press</publisher-name></publisher></journal-meta><article-meta><article-id pub-id-type="accession">PMC2723004</article-id><article-id pub-id-type="pmcid">PMC2723004</article-id><article-id pub-id-type="pmc-uid">2723004</article-id><article-id pub-id-type="pmid">19505942</article-id><article-id pub-id-type="doi">10.1093/bioinformatics/btp354</article-id><article-id pub-id-type="publisher-id">btp354</article-id><article-categories><subj-group subj-group-type="heading"><subject>Applications Note</subject><subj-group><subject>Databases and Ontologies</subject></subj-group></subj-group></article-categories><title-group><article-title>Importing ArrayExpress datasets into R/Bioconductor</article-title></title-group><contrib-group><contrib contrib-type="author"><name><surname>Kauffmann</surname><given-names>Audrey</given-names></name><xref ref-type="aff" rid="AFF1"><sup>1</sup></xref><xref ref-type="corresp" rid="COR1"><sup>*</sup></xref></contrib><contrib contrib-type="author"><name><surname>Rayner</surname><given-names>Tim F.</given-names></name><xref ref-type="aff" rid="AFF1"><sup>2</sup></xref></contrib><contrib contrib-type="author"><name><surname>Parkinson</surname><given-names>Helen</given-names></name><xref ref-type="aff" rid="AFF1"><sup>1</sup></xref></contrib><contrib contrib-type="author"><name><surname>Kapushesky</surname><given-names>Misha</given-names></name><xref ref-type="aff" rid="AFF1"><sup>1</sup></xref></contrib><contrib contrib-type="author"><name><surname>Lukk</surname><given-names>Margus</given-names></name><xref ref-type="aff" rid="AFF1"><sup>1</sup></xref></contrib><contrib contrib-type="author"><name><surname>Brazma</surname><given-names>Alvis</given-names></name><xref ref-type="aff" rid="AFF1"><sup>1</sup></xref></contrib><contrib contrib-type="author"><name><surname>Huber</surname><given-names>Wolfgang</given-names></name><xref ref-type="aff" rid="AFF1"><sup>1</sup></xref></contrib></contrib-group><aff id="AFF1"><sup>1</sup>EMBL-EBI, Wellcome Trust Genome Campus, Hinxton, Cambridge CB10 1SD and <sup>2</sup>Cambridge Institute for Medical Research, Addenbrooke's Hospital, Cambridge CB2 0XY, UK</aff><author-notes><corresp id="COR1"><sup>*</sup>To whom correspondence should be addressed.</corresp><fn><p>Associate Editor: Jonathan Wren</p></fn></author-notes><pub-date pub-type="ppub"><day>15</day><month>8</month><year>2009</year></pub-date><pub-date pub-type="epub"><day>8</day><month>6</month><year>2009</year></pub-date><pub-date pub-type="pmc-release"><day>8</day><month>6</month><year>2009</year></pub-date><!-- PMC Release delay is 0 months and 0 days and was based on the
							<pub-date pub-type="epub"/>. --><volume>25</volume><issue>16</issue><fpage>2092</fpage><lpage>2094</lpage><history><date date-type="received"><day>21</day><month>4</month><year>2009</year></date><date date-type="rev-recd"><day>28</day><month>5</month><year>2009</year></date><date date-type="accepted"><day>31</day><month>5</month><year>2009</year></date></history><permissions><license license-type="creative-commons" xlink:href="http://creativecommons.org/licenses/by-nc/2.0/uk/"><license-p><!--CREATIVE COMMONS-->This is an Open Access article distributed under the terms of the Creative Commons Attribution Non-Commercial License (<ext-link ext-link-type="uri" xlink:href="http://creativecommons.org/licenses/by-nc/2.0/uk/">http://creativecommons.org/licenses/by-nc/2.0/uk/</ext-link>) which permits unrestricted non-commercial use, distribution, and reproduction in any medium, provided the original work is properly cited.</license-p></license></permissions><abstract><p><bold>Summary:</bold>ArrayExpress is one of the largest public repositories of microarray datasets. R/Bioconductor provides a comprehensive suite of microarray analysis and integrative bioinformatics software. However, easy ways for importing datasets from ArrayExpress into R/Bioconductor have been lacking. Here, we present such a tool that is suitable for both interactive and automated use.</p><p><bold>Availability:</bold> The ArrayExpress package is available from the Bioconductor project at <ext-link ext-link-type="uri" xlink:href="http://www.bioconductor.org">http://www.bioconductor.org</ext-link>. A users guide and examples are provided with the package.</p><p><bold>Contact:</bold><email>audrey@ebi.ac.uk</email></p><p><bold>Supplementary information:</bold><ext-link ext-link-type="uri" xlink:href="http://bioinformatics.oxfordjournals.org/cgi/content/full/btp354/DC1">Supplementary data</ext-link> are available <italic>Bioinformatics</italic> online.</p></abstract></article-meta></front></article>