<article xmlns="https://dtd.nlm.nih.gov/ns/archiving/2.3/" xmlns:xsi="http://www.w3.org/2001/XMLSchema-instance" xmlns:mml="http://www.w3.org/1998/Math/MathML" xmlns:xlink="http://www.w3.org/1999/xlink" xsi:schemaLocation="https://dtd.nlm.nih.gov/ns/archiving/2.3/ https://dtd.nlm.nih.gov/archiving/2.3/xsd/archivearticle.xsd" article-type="research-article" xml:lang="EN"><front><journal-meta><journal-id journal-id-type="nlm-ta">Bioinformatics</journal-id><journal-id journal-id-type="publisher-id">bioinformatics</journal-id><journal-id journal-id-type="hwp">bioinfo</journal-id><journal-title>Bioinformatics</journal-title><issn pub-type="ppub">1367-4803</issn><issn pub-type="epub">1460-2059</issn><publisher><publisher-name>Oxford University Press</publisher-name></publisher></journal-meta><article-meta><article-id pub-id-type="accession">PMC2639002</article-id><article-id pub-id-type="pmcid">PMC2639002</article-id><article-id pub-id-type="pmc-uid">2639002</article-id><article-id pub-id-type="pmid">19029128</article-id><article-id pub-id-type="doi">10.1093/bioinformatics/btn608</article-id><article-id pub-id-type="publisher-id">btn608</article-id><article-id pub-id-type="pmid">19029128</article-id><article-categories><subj-group subj-group-type="heading"><subject>Original Papers</subject><subj-group><subject>Genetics and Population Analysis</subject></subj-group></subj-group></article-categories><title-group><article-title>Impact of allelic dropout on evidential value of forensic DNA profiles using RMNE</article-title></title-group><contrib-group><contrib contrib-type="author"><name><surname>Van Nieuwerburgh</surname><given-names>F.</given-names></name><xref ref-type="aff" rid="AFF1"><sup>1</sup></xref></contrib><contrib contrib-type="author"><name><surname>Goetghebeur</surname><given-names>E.</given-names></name><xref ref-type="aff" rid="AFF1"><sup>2</sup></xref></contrib><contrib contrib-type="author"><name><surname>Vandewoestyne</surname><given-names>M.</given-names></name><xref ref-type="aff" rid="AFF1"><sup>1</sup></xref></contrib><contrib contrib-type="author"><name><surname>Deforce</surname><given-names>D.</given-names></name><xref ref-type="aff" rid="AFF1"><sup>1</sup></xref><xref ref-type="corresp" rid="COR1">*</xref></contrib></contrib-group><aff id="AFF1"><sup>1</sup>Laboratory for Pharmaceutical Biotechnology, Ghent University, Harelbekestraat 72, B-9000 Ghent and <sup>2</sup>Department of Applied Mathematics and Computer Science, Ghent University, Krijgslaan 281, S9, B-9000 Ghent, Belgium</aff><author-notes><corresp id="COR1">*To whom correspondence should be addressed.</corresp><fn><p>Associate Editor: Martin Bishop</p></fn></author-notes><pub-date pub-type="ppub"><day>15</day><month>1</month><year>2009</year></pub-date><pub-date pub-type="epub"><day>23</day><month>11</month><year>2008</year></pub-date><pub-date pub-type="pmc-release"><day>23</day><month>11</month><year>2008</year></pub-date><volume>25</volume><issue>2</issue><fpage>225</fpage><lpage>229</lpage><history><date date-type="received"><day>27</day><month>6</month><year>2008</year></date><date date-type="rev-recd"><day>20</day><month>11</month><year>2008</year></date><date date-type="accepted"><day>20</day><month>11</month><year>2008</year></date></history><permissions><copyright-statement>© 2008 The Author(s)</copyright-statement><copyright-year>2008</copyright-year><license license-type="creative-commons" xlink:href="http://creativecommons.org/licenses/by-nc/2.0/uk/"><p><!--CREATIVE COMMONS-->This is an Open Access article distributed under the terms of the Creative Commons Attribution Non-Commercial License (<ext-link ext-link-type="uri" xlink:href="http://creativecommons.org/licenses/by-nc/2.0/uk/">http://creativecommons.org/licenses/by-nc/2.0/uk/</ext-link>) which permits unrestricted non-commercial use, distribution, and reproduction in any medium, provided the original work is properly cited.</p></license></permissions><abstract><p><bold>Motivation:</bold> Two methods are commonly used to report on evidence carried by forensic DNA profiles: the ‘Random Man Not Excluded’ (RMNE) approach and the likelihood ratio (LR) approach. It is often claimed a major advantage of the LR method that dropout can be assessed probabilistically.</p><p><bold>Results:</bold> In this article, a new RMNE measure is proposed that like-wise accounts for allelic dropout in an observed forensic DNA profile. We discuss the necessary calculations, underline their simplicity and provide a tool for performing the calculations.</p><p><bold>Availability:</bold> An Excel file with preprogrammed calculations of RMNE probabilities for DNA profiles up to 16 loci and with a maximum of two dropouts is available at: <ext-link ext-link-type="uri" xlink:href="http://www.labfbt.UGent.be/RMNE.php">http://www.labfbt.UGent.be/RMNE.php</ext-link></p><p><bold>Contact:</bold><email>dieter.deforce@ugent.be</email></p></abstract></article-meta></front></article>