<article xmlns="https://jats.nlm.nih.gov/ns/archiving/1.2/" xmlns:xsi="http://www.w3.org/2001/XMLSchema-instance" xmlns:mml="http://www.w3.org/1998/Math/MathML" xmlns:xlink="http://www.w3.org/1999/xlink" xsi:schemaLocation="https://jats.nlm.nih.gov/ns/archiving/1.2/ https://jats.nlm.nih.gov/archiving/1.2/xsd/JATS-archivearticle1.xsd" article-type="research-article"><front><journal-meta><journal-id journal-id-type="nlm-ta">Bioinformatics</journal-id><journal-id journal-id-type="publisher-id">bioinformatics</journal-id><journal-id journal-id-type="hwp">bioinfo</journal-id><journal-title-group><journal-title>Bioinformatics</journal-title></journal-title-group><issn pub-type="ppub">1367-4803</issn><issn pub-type="epub">1460-2059</issn><publisher><publisher-name>Oxford University Press</publisher-name></publisher></journal-meta><article-meta><article-id pub-id-type="accession">PMC2718651</article-id><article-id pub-id-type="pmcid">PMC2718651</article-id><article-id pub-id-type="pmc-uid">2718651</article-id><article-id pub-id-type="pmid">18586730</article-id><article-id pub-id-type="pmid">18586730</article-id><article-id pub-id-type="doi">10.1093/bioinformatics/btn173</article-id><article-id pub-id-type="publisher-id">btn173</article-id><article-categories><subj-group subj-group-type="heading"><subject>Ismb 2008 Conference Proceedings 19–23 July 2008, Toronto</subject><subj-group><subject>Original Papers</subject><subj-group><subject>Sequence Analysis and Alignment</subject></subj-group></subj-group></subj-group></article-categories><title-group><article-title>Optimal pooling for genome re-sequencing with ultra-high-throughput short-read technologies</article-title></title-group><contrib-group><contrib contrib-type="author"><name><surname>Hajirasouliha</surname><given-names>Iman</given-names></name><xref ref-type="aff" rid="AFF1"><sup>1</sup></xref><xref ref-type="author-notes" rid="FN1"><sup>†</sup></xref></contrib><contrib contrib-type="author"><name><surname>Hormozdiari</surname><given-names>Fereydoun</given-names></name><xref ref-type="aff" rid="AFF1"><sup>1</sup></xref><xref ref-type="author-notes" rid="FN1"><sup>†</sup></xref></contrib><contrib contrib-type="author"><name><surname>Sahinalp</surname><given-names>S. Cenk</given-names></name><xref ref-type="aff" rid="AFF1"><sup>1</sup></xref><xref ref-type="corresp" rid="COR1">*</xref></contrib><contrib contrib-type="author"><name><surname>Birol</surname><given-names>Inanc</given-names></name><xref ref-type="aff" rid="AFF1"><sup>2</sup></xref></contrib></contrib-group><aff id="AFF1"><sup>1</sup>Lab for Computational Biology, Simon Fraser University, Burnaby, and <sup>2</sup>BC Cancer Agency, Genome Sciences Center, Vancouver, BC, Canada</aff><author-notes><corresp id="COR1">*To whom correspondence should be addressed.</corresp><fn id="FN1"><p><sup>†</sup>The authors wish to be known that, in their opinion, the first two authors should be regarded as joint First Authors.</p></fn></author-notes><pub-date pub-type="ppub"><day>1</day><month>7</month><year>2008</year></pub-date><pub-date pub-type="pmc-release"><day>1</day><month>7</month><year>2008</year></pub-date><!-- PMC Release delay is 0 months and 0 days and was based on the
							<pub-date pub-type="ppub"/>. --><volume>24</volume><issue>13</issue><fpage>i32</fpage><lpage>i40</lpage><permissions><copyright-statement>© 2008 The Author(s)</copyright-statement><copyright-year>2008</copyright-year><license license-type="creative-commons" xlink:href="http://creativecommons.org/licenses/by-nc/2.0/uk/"><license-p><!--CREATIVE COMMONS-->This is an Open Access article distributed under the terms of the Creative Commons Attribution Non-Commercial License (<ext-link ext-link-type="uri" xlink:href="http://creativecommons.org/licenses/by-nc/2.0/uk/">http://creativecommons.org/licenses/by-nc/2.0/uk/</ext-link>) which permits unrestricted non-commercial use, distribution, and reproduction in any medium, provided the original work is properly cited.</license-p></license></permissions><abstract><p>New generation sequencing technologies offer unique opportunities and challenges for re-sequencing studies. In this article, we focus on re-sequencing experiments using the Solexa technology, based on bacterial artificial chromosome (BAC) clones, and address an experimental design problem. In these specific experiments, approximate coordinates of the BACs on a reference genome are known, and fine-scale differences between the BAC sequences and the reference are of interest. The high-throughput characteristics of the sequencing technology makes it possible to multiplex BAC sequencing experiments by pooling BACs for a cost-effective operation. However, the way BACs are pooled in such re-sequencing experiments has an effect on the downstream analysis of the generated data, mostly due to subsequences common to multiple BACs. The experimental design strategy we develop in this article offers combinatorial solutions based on approximation algorithms for the well-known <italic>max n-cut</italic> problem and the related <italic>max n-section</italic> problem on hypergraphs. Our algorithms, when applied to a number of sample cases give more than a 2-fold performance improvement over random partitioning.</p><p><bold>Contact:</bold><email>cenk@cs.sfu.ca</email></p></abstract></article-meta></front></article>