<article xmlns="https://jats.nlm.nih.gov/ns/archiving/1.2/" xmlns:xsi="http://www.w3.org/2001/XMLSchema-instance" xmlns:mml="http://www.w3.org/1998/Math/MathML" xmlns:xlink="http://www.w3.org/1999/xlink" xsi:schemaLocation="https://jats.nlm.nih.gov/ns/archiving/1.2/ https://jats.nlm.nih.gov/archiving/1.2/xsd/JATS-archivearticle1.xsd" article-type="research-article"><front><journal-meta><journal-id journal-id-type="nlm-ta">Bioinformatics</journal-id><journal-id journal-id-type="publisher-id">bioinformatics</journal-id><journal-id journal-id-type="hwp">bioinfo</journal-id><journal-title-group><journal-title>Bioinformatics</journal-title></journal-title-group><issn pub-type="ppub">1367-4803</issn><issn pub-type="epub">1460-2059</issn><publisher><publisher-name>Oxford University Press</publisher-name></publisher></journal-meta><article-meta><article-id pub-id-type="accession">PMC2723001</article-id><article-id pub-id-type="pmcid">PMC2723001</article-id><article-id pub-id-type="pmc-uid">2723001</article-id><article-id pub-id-type="pmid">19497935</article-id><article-id pub-id-type="doi">10.1093/bioinformatics/btp346</article-id><article-id pub-id-type="publisher-id">btp346</article-id><article-categories><subj-group subj-group-type="heading"><subject>Applications Note</subject><subj-group><subject>Sequence Analysis</subject></subj-group></subj-group></article-categories><title-group><article-title>PROCAIN server for remote protein sequence similarity search</article-title></title-group><contrib-group><contrib contrib-type="author"><name><surname>Wang</surname><given-names>Yong</given-names></name><xref ref-type="aff" rid="AFF1"><sup>1</sup></xref></contrib><contrib contrib-type="author"><name><surname>Sadreyev</surname><given-names>Ruslan I.</given-names></name><xref ref-type="aff" rid="AFF1"><sup>2</sup></xref></contrib><contrib contrib-type="author"><name><surname>Grishin</surname><given-names>Nick V.</given-names></name><xref ref-type="aff" rid="AFF1"><sup>2</sup></xref><xref ref-type="aff" rid="AFF1"><sup>3</sup></xref><xref ref-type="corresp" rid="COR1"><sup>*</sup></xref></contrib></contrib-group><aff id="AFF1"><sup>1</sup> Biomedical Engineering Program, University of Texas Southwestern Medical Center, <sup>2</sup> Howard Hughes Medical Institute and <sup>3</sup> Department of Biochemistry, University of Texas Southwestern Medical Center, 5323 Harry Hines Blvd, Dallas, TX 75390-9050, USA</aff><author-notes><corresp id="COR1"><sup>*</sup>To whom correspondence should be addressed.</corresp><fn><p>Associate Editor: Burkhard Rost</p></fn></author-notes><pub-date pub-type="ppub"><day>15</day><month>8</month><year>2009</year></pub-date><pub-date pub-type="epub"><day>3</day><month>6</month><year>2009</year></pub-date><pub-date pub-type="pmc-release"><day>3</day><month>6</month><year>2009</year></pub-date><!-- PMC Release delay is 0 months and 0 days and was based on the
							<pub-date pub-type="epub"/>. --><volume>25</volume><issue>16</issue><fpage>2076</fpage><lpage>2077</lpage><history><date date-type="received"><day>22</day><month>4</month><year>2009</year></date><date date-type="rev-recd"><day>28</day><month>5</month><year>2009</year></date><date date-type="accepted"><day>29</day><month>5</month><year>2009</year></date></history><permissions><license license-type="creative-commons" xlink:href="http://creativecommons.org/licenses/by-nc/2.0/uk/"><license-p><!--CREATIVE COMMONS-->This is an Open Access article distributed under the terms of the Creative Commons Attribution Non-Commercial License (<ext-link ext-link-type="uri" xlink:href="http://creativecommons.org/licenses/by-nc/2.0/uk/">http://creativecommons.org/licenses/by-nc/2.0/uk/</ext-link>) which permits unrestricted non-commercial use, distribution, and reproduction in any medium, provided the original work is properly cited.</license-p></license></permissions><abstract><p>Sensitive and accurate detection of distant protein homology is essential for the studies of protein structure, function and evolution. We recently developed PROCAIN, a method that is based on sequence profile comparison and involves the analysis of four signals—similarities of residue content at the profile positions combined with three types of assisting information: sequence motifs, residue conservation and predicted secondary structure. Here we present the PROCAIN web server that allows the user to submit a query sequence or multiple sequence alignment and perform the search in a profile database of choice. The output is structured similar to that of BLAST, with the list of detected homologs sorted by <italic>E</italic>-value and followed by profile–profile alignments. The front page allows the user to adjust multiple options of input processing and output formatting, as well as search settings, including the relative weights assigned to the three types of assisting information.</p><p><bold>Availability:</bold><ext-link ext-link-type="uri" xlink:href="http://prodata.swmed.edu/procain/">http://prodata.swmed.edu/procain/</ext-link></p><p><bold>Contact:</bold><email>grishin@chop.swmed.edu</email></p></abstract></article-meta></front></article>