<article xmlns="https://jats.nlm.nih.gov/ns/archiving/1.2/" xmlns:xsi="http://www.w3.org/2001/XMLSchema-instance" xmlns:mml="http://www.w3.org/1998/Math/MathML" xmlns:xlink="http://www.w3.org/1999/xlink" xsi:schemaLocation="https://jats.nlm.nih.gov/ns/archiving/1.2/ https://jats.nlm.nih.gov/archiving/1.2/xsd/JATS-archivearticle1.xsd" article-type="research-article"><front><journal-meta><journal-id journal-id-type="nlm-ta">Bioinformatics</journal-id><journal-id journal-id-type="publisher-id">bioinformatics</journal-id><journal-id journal-id-type="hwp">bioinfo</journal-id><journal-title-group><journal-title>Bioinformatics</journal-title></journal-title-group><issn pub-type="ppub">1367-4803</issn><issn pub-type="epub">1460-2059</issn><publisher><publisher-name>Oxford University Press</publisher-name></publisher></journal-meta><article-meta><article-id pub-id-type="accession">PMC2735664</article-id><article-id pub-id-type="pmcid">PMC2735664</article-id><article-id pub-id-type="pmc-uid">2735664</article-id><article-id pub-id-type="pmid">19574284</article-id><article-id pub-id-type="doi">10.1093/bioinformatics/btp403</article-id><article-id pub-id-type="publisher-id">btp403</article-id><article-categories><subj-group subj-group-type="heading"><subject>Applications Note</subject><subj-group><subject>Sequence Analysis</subject></subj-group></subj-group></article-categories><title-group><article-title>SNP-o-matic</article-title></title-group><contrib-group><contrib contrib-type="author"><name><surname>Manske</surname><given-names>Heinrich Magnus</given-names></name><xref ref-type="corresp" rid="COR1">*</xref></contrib><contrib contrib-type="author"><name><surname>Kwiatkowski</surname><given-names>Dominic P.</given-names></name></contrib></contrib-group><aff>Wellcome Trust Sanger Institute, Hinxton, Cambridge, CB10 1SA, UK</aff><author-notes><corresp id="COR1">*To whom correspondence should be addressed.</corresp><fn><p>Associate Editor: Limsoon Wong</p></fn></author-notes><pub-date pub-type="ppub"><day>15</day><month>9</month><year>2009</year></pub-date><pub-date pub-type="epub"><day>2</day><month>7</month><year>2009</year></pub-date><pub-date pub-type="pmc-release"><day>2</day><month>7</month><year>2009</year></pub-date><!-- PMC Release delay is 0 months and 0 days and was based on the
							<pub-date pub-type="epub"/>. --><volume>25</volume><issue>18</issue><fpage>2434</fpage><lpage>2435</lpage><history><date date-type="received"><day>27</day><month>3</month><year>2009</year></date><date date-type="rev-recd"><day>12</day><month>6</month><year>2009</year></date><date date-type="accepted"><day>27</day><month>6</month><year>2009</year></date></history><permissions><license license-type="creative-commons" xlink:href="http://creativecommons.org/licenses/by-nc/2.0/uk/"><license-p><!--CREATIVE COMMONS-->This is an Open Access article distributed under the terms of the Creative Commons Attribution Non-Commercial License (<ext-link ext-link-type="uri" xlink:href="http://creativecommons.org/licenses/by-nc/2.0/uk/">http://creativecommons.org/licenses/by-nc/2.0/uk/</ext-link>) which permits unrestricted non-commercial use, distribution, and reproduction in any medium, provided the original work is properly cited.</license-p></license></permissions><abstract><p><bold>Motivation:</bold> High throughput sequencing technologies generate large amounts of short reads. Mapping these to a reference sequence consumes large amounts of processing time and memory, and read mapping errors can lead to noisy or incorrect alignments. SNP-o-matic is a fast, memory-efficient and stringent read mapping tool offering a variety of analytical output functions, with an emphasis on genotyping.</p><p><bold>Availability:</bold><ext-link ext-link-type="uri" xlink:href="http://snpomatic.sourceforge.net">http://snpomatic.sourceforge.net</ext-link></p><p><bold>Contact:</bold><email>mm6@sanger.ac.uk</email></p><p><bold>Supplementary information:</bold><ext-link ext-link-type="uri" xlink:href="http://bioinformatics.oxfordjournals.org/cgi/content/full/btp403/DC1">Supplementary data</ext-link> are available at <italic>Bioinformatics</italic> online.</p></abstract></article-meta></front></article>