<article xmlns="https://jats.nlm.nih.gov/ns/archiving/1.2/" xmlns:xsi="http://www.w3.org/2001/XMLSchema-instance" xmlns:mml="http://www.w3.org/1998/Math/MathML" xmlns:xlink="http://www.w3.org/1999/xlink" xsi:schemaLocation="https://jats.nlm.nih.gov/ns/archiving/1.2/ https://jats.nlm.nih.gov/archiving/1.2/xsd/JATS-archivearticle1.xsd" article-type="research-article"><front><journal-meta><journal-id journal-id-type="nlm-ta">Bioinformatics</journal-id><journal-id journal-id-type="publisher-id">bioinformatics</journal-id><journal-id journal-id-type="hwp">bioinfo</journal-id><journal-title-group><journal-title>Bioinformatics</journal-title></journal-title-group><issn pub-type="ppub">1367-4803</issn><issn pub-type="epub">1460-2059</issn><publisher><publisher-name>Oxford University Press</publisher-name></publisher></journal-meta><article-meta><article-id pub-id-type="accession">PMC2677743</article-id><article-id pub-id-type="pmcid">PMC2677743</article-id><article-id pub-id-type="pmc-uid">2677743</article-id><article-id pub-id-type="pmid">19297350</article-id><article-id pub-id-type="pmid">19297350</article-id><article-id pub-id-type="doi">10.1093/bioinformatics/btp150</article-id><article-id pub-id-type="publisher-id">btp150</article-id><article-categories><subj-group subj-group-type="heading"><subject>Original Papers</subject><subj-group><subject>Structural Bioinformatics</subject></subj-group></subj-group></article-categories><title-group><article-title>Artefacts and biases affecting the evaluation of scoring functions on decoy sets for protein structure prediction</article-title></title-group><contrib-group><contrib contrib-type="author"><name><surname>Handl</surname><given-names>Julia</given-names></name><xref ref-type="aff" rid="AFF1"><sup>1</sup></xref></contrib><contrib contrib-type="author"><name><surname>Knowles</surname><given-names>Joshua</given-names></name><xref ref-type="aff" rid="AFF1"><sup>2</sup></xref></contrib><contrib contrib-type="author"><name><surname>Lovell</surname><given-names>Simon C.</given-names></name><xref ref-type="aff" rid="AFF1"><sup>1</sup></xref><xref ref-type="corresp" rid="COR1">*</xref></contrib></contrib-group><aff id="AFF1"><sup>1</sup>Faculty of Life Sciences and <sup>2</sup>School of Computer Science, University of Manchester, Manchester, UK</aff><author-notes><corresp id="COR1">*To whom correspondence should be addressed.</corresp><fn><p>Associate Editor: Anna Tramontano</p></fn></author-notes><pub-date pub-type="ppub"><day>15</day><month>5</month><year>2009</year></pub-date><pub-date pub-type="epub"><day>17</day><month>3</month><year>2009</year></pub-date><pub-date pub-type="pmc-release"><day>17</day><month>3</month><year>2009</year></pub-date><!-- PMC Release delay is 0 months and 0 days and was based on the
							<pub-date pub-type="epub"/>. --><volume>25</volume><issue>10</issue><fpage>1271</fpage><lpage>1279</lpage><history><date date-type="received"><day>29</day><month>10</month><year>2008</year></date><date date-type="rev-recd"><day>6</day><month>3</month><year>2009</year></date><date date-type="accepted"><day>14</day><month>3</month><year>2009</year></date></history><permissions><copyright-statement>© 2009 The Author(s)</copyright-statement><copyright-year>2009</copyright-year><license license-type="creative-commons" xlink:href="http://creativecommons.org/licenses/by-nc/2.0/uk/"><license-p><!--CREATIVE COMMONS-->This is an Open Access article distributed under the terms of the Creative Commons Attribution Non-Commercial License (<ext-link ext-link-type="uri" xlink:href="http://creativecommons.org/licenses/by-nc/2.0/uk/">http://creativecommons.org/licenses/by-nc/2.0/uk/</ext-link>) which permits unrestricted non-commercial use, distribution, and reproduction in any medium, provided the original work is properly cited.</license-p></license></permissions><abstract><p><bold>Motivation:</bold> Decoy datasets, consisting of a solved protein structure and numerous alternative native-like structures, are in common use for the evaluation of scoring functions in protein structure prediction. Several pitfalls with the use of these datasets have been identified in the literature, as well as useful guidelines for generating more effective decoy datasets. We contribute to this ongoing discussion an empirical assessment of several decoy datasets commonly used in experimental studies.</p><p><bold>Results:</bold> We find that artefacts and sampling issues in the large majority of these data make it trivial to discriminate the native structure. This underlines that evaluation based on the rank/<italic>z</italic>-score of the native is a weak test of scoring function performance. Moreover, sampling biases present in the way decoy sets are generated or used can strongly affect other types of evaluation measures such as the correlation between score and root mean squared deviation (RMSD) to the native. We demonstrate how, depending on type of bias and evaluation context, sampling biases may lead to both over- or under-estimation of the quality of scoring terms, functions or methods.</p><p><bold>Availability:</bold> Links to the software and data used in this study are available at <ext-link ext-link-type="uri" xlink:href="http://dbkgroup.org/handl/decoy_sets">http://dbkgroup.org/handl/decoy_sets</ext-link>.</p><p><bold>Contact:</bold><email>simon.lovell@manchester.ac.uk</email></p><p><bold>Supplementary information:</bold><ext-link ext-link-type="uri" xlink:href="http://bioinformatics.oxfordjournals.org/cgi/content/full/btp150/DC1">Supplementary data</ext-link> are available at <italic>Bioinformatics</italic> online.</p></abstract></article-meta></front></article>