<article xmlns="https://jats.nlm.nih.gov/ns/archiving/1.2/" xmlns:xsi="http://www.w3.org/2001/XMLSchema-instance" xmlns:mml="http://www.w3.org/1998/Math/MathML" xmlns:xlink="http://www.w3.org/1999/xlink" xsi:schemaLocation="https://jats.nlm.nih.gov/ns/archiving/1.2/ https://jats.nlm.nih.gov/archiving/1.2/xsd/JATS-archivearticle1.xsd" article-type="research-article"><front><journal-meta><journal-id journal-id-type="nlm-ta">Bioinformatics</journal-id><journal-id journal-id-type="publisher-id">bioinformatics</journal-id><journal-id journal-id-type="hwp">bioinfo</journal-id><journal-title-group><journal-title>Bioinformatics</journal-title></journal-title-group><issn pub-type="ppub">1367-4803</issn><issn pub-type="epub">1460-2059</issn><publisher><publisher-name>Oxford University Press</publisher-name></publisher></journal-meta><article-meta><article-id pub-id-type="accession">PMC2720748</article-id><article-id pub-id-type="pmcid">PMC2720748</article-id><article-id pub-id-type="pmc-uid">2720748</article-id><article-id pub-id-type="pmid">18786976</article-id><article-id pub-id-type="pmid">18786976</article-id><article-id pub-id-type="doi">10.1093/bioinformatics/btn481</article-id><article-id pub-id-type="publisher-id">btn481</article-id><article-categories><subj-group subj-group-type="heading"><subject>Original Papers</subject><subj-group><subject>Data and Text Mining</subject></subj-group></subj-group></article-categories><title-group><article-title>MPI-LIT: a literature-curated dataset of microbial binary protein--protein interactions</article-title></title-group><contrib-group><contrib contrib-type="author"><name><surname>Rajagopala</surname><given-names>Seesandra V.</given-names></name><xref ref-type="aff" rid="AFF1"><sup>1</sup></xref><xref ref-type="corresp" rid="COR1">*</xref></contrib><contrib contrib-type="author"><name><surname>Goll</surname><given-names>Johannes</given-names></name><xref ref-type="aff" rid="AFF1"><sup>1</sup></xref></contrib><contrib contrib-type="author"><name><surname>Gowda</surname><given-names>N.D. Deve</given-names></name><xref ref-type="aff" rid="AFF1"><sup>2</sup></xref></contrib><contrib contrib-type="author"><name><surname>Sunil</surname><given-names>Kumar C.</given-names></name><xref ref-type="aff" rid="AFF1"><sup>2</sup></xref></contrib><contrib contrib-type="author"><name><surname>Titz</surname><given-names>Björn</given-names></name><xref ref-type="aff" rid="AFF1"><sup>3</sup></xref><xref ref-type="author-notes" rid="FN1"><sup>†</sup></xref></contrib><contrib contrib-type="author"><name><surname>Mukherjee</surname><given-names>Arnab</given-names></name><xref ref-type="aff" rid="AFF1"><sup>1</sup></xref></contrib><contrib contrib-type="author"><name><surname>Mary</surname><given-names>Sharmila S.</given-names></name><xref ref-type="aff" rid="AFF1"><sup>2</sup></xref></contrib><contrib contrib-type="author"><name><surname>Raviswaran</surname><given-names>Naresh</given-names></name><xref ref-type="aff" rid="AFF1"><sup>2</sup></xref></contrib><contrib contrib-type="author"><name><surname>Poojari</surname><given-names>Chetan S.</given-names></name><xref ref-type="aff" rid="AFF1"><sup>2</sup></xref></contrib><contrib contrib-type="author"><name><surname>Ramachandra</surname><given-names>Srinivas</given-names></name><xref ref-type="aff" rid="AFF1"><sup>2</sup></xref></contrib><contrib contrib-type="author"><name><surname>Shtivelband</surname><given-names>Svetlana</given-names></name><xref ref-type="aff" rid="AFF1"><sup>1</sup></xref></contrib><contrib contrib-type="author"><name><surname>Blazie</surname><given-names>Stephen M.</given-names></name><xref ref-type="aff" rid="AFF1"><sup>1</sup></xref></contrib><contrib contrib-type="author"><name><surname>Hofmann</surname><given-names>Julia</given-names></name><xref ref-type="aff" rid="AFF1"><sup>1</sup></xref></contrib><contrib contrib-type="author"><name><surname>Uetz</surname><given-names>Peter</given-names></name><xref ref-type="aff" rid="AFF1"><sup>1</sup></xref></contrib></contrib-group><aff id="AFF1"><sup>1</sup>J Craig Venter Institute, Rockville, MD 20850, USA, <sup>2</sup>Indgen Life Technologies, Bangalore - 560 004, Karnataka, India and <sup>3</sup>Institute for Genetics, Forschungszentrum Karlsruhe, Karlsruhe, Germany</aff><author-notes><corresp id="COR1">*To whom correspondence should be addressed.</corresp><fn><p>Associate Editor: Jonathan Wren</p></fn><fn id="FN1"><p><sup>†</sup>Present address: Crump Institute for Molecular Imaging, University of California, Los Angeles, California, USA.</p></fn></author-notes><pub-date pub-type="ppub"><day>15</day><month>11</month><year>2008</year></pub-date><pub-date pub-type="epub"><day>11</day><month>9</month><year>2008</year></pub-date><pub-date pub-type="pmc-release"><day>15</day><month>11</month><year>2009</year></pub-date><!-- PMC Release delay is 12 months and 0 days and was based on the
					<pub-date pub-type="ppub"/>. --><volume>24</volume><issue>22</issue><fpage>2622</fpage><lpage>2627</lpage><history><date date-type="received"><day>2</day><month>7</month><year>2008</year></date><date date-type="rev-recd"><day>13</day><month>8</month><year>2008</year></date><date date-type="accepted"><day>7</day><month>9</month><year>2008</year></date></history><permissions><copyright-statement>© The Author 2008. Published by Oxford University Press. All rights reserved. For Permissions, please email: journals.permissions@oxfordjournals.org</copyright-statement><copyright-year>2008</copyright-year></permissions><abstract><p>Prokaryotic protein–protein interactions are underrepresented in currently available databases. Here, we describe a ‘gold standard’ dataset (MPI-LIT) focusing on microbial binary protein–protein interactions and associated experimental evidence that we have manually curated from 813 abstracts and full texts that were selected from an initial set of 36 852 abstracts. The MPI-LIT dataset comprises 1237 experimental descriptions that describe a non-redundant set of 746 interactions of which 659 (88%) are not reported in public databases. To estimate the curation quality, we compared our dataset with a union of microbial interaction data from IntAct, DIP, BIND and MINT. Among common abstracts, we achieve a sensitivity of up to 66% for interactions and 75% for experimental methods. Compared with these other datasets, MPI-LIT has the lowest fraction of interaction experiments per abstract (0.9) and the highest coverage of strains (92) and scientific articles (813). We compared methods that evaluate functional interactions among proteins (such as genomic context or co-expression) which are implemented in the STRING database. Most of these methods discriminate well between functionally relevant protein interactions (MPI-LIT) and high-throughput data.</p><p><bold>Availability:</bold><ext-link ext-link-type="uri" xlink:href="http://www.jcvi.org/mpidb/interaction.php?dbsource=MPI-LIT">http://www.jcvi.org/mpidb/interaction.php?dbsource=MPI-LIT</ext-link>.</p><p><bold>Contact:</bold><email>raja@jcvi.org</email></p><p><bold>Supplementary information:</bold><ext-link ext-link-type="uri" xlink:href="http://bioinformatics.oxfordjournals.org/cgi/content/full/btn481/DC1">Supplementary data</ext-link> are available at <italic>Bioinformatics</italic> online.</p></abstract></article-meta></front></article>