<article xmlns="https://jats.nlm.nih.gov/ns/archiving/1.2/" xmlns:xsi="http://www.w3.org/2001/XMLSchema-instance" xmlns:mml="http://www.w3.org/1998/Math/MathML" xmlns:xlink="http://www.w3.org/1999/xlink" xsi:schemaLocation="https://jats.nlm.nih.gov/ns/archiving/1.2/ https://jats.nlm.nih.gov/archiving/1.2/xsd/JATS-archivearticle1.xsd" article-type="research-article"><front><journal-meta><journal-id journal-id-type="nlm-ta">Bioinformatics</journal-id><journal-id journal-id-type="publisher-id">bioinformatics</journal-id><journal-id journal-id-type="hwp">bioinfo</journal-id><journal-title-group><journal-title>Bioinformatics</journal-title></journal-title-group><issn pub-type="ppub">1367-4803</issn><issn pub-type="epub">1460-2059</issn><publisher><publisher-name>Oxford University Press</publisher-name></publisher></journal-meta><article-meta><article-id pub-id-type="accession">PMC2718630</article-id><article-id pub-id-type="pmcid">PMC2718630</article-id><article-id pub-id-type="pmc-uid">2718630</article-id><article-id pub-id-type="pmid">18586707</article-id><article-id pub-id-type="pmid">18586707</article-id><article-id pub-id-type="doi">10.1093/bioinformatics/btn152</article-id><article-id pub-id-type="publisher-id">btn152</article-id><article-categories><subj-group subj-group-type="heading"><subject>Ismb 2008 Conference Proceedings 19–23 July 2008, Toronto</subject><subj-group><subject>Original Papers</subject><subj-group><subject>Gene Regulation and Transcriptomics</subject></subj-group></subj-group></subj-group></article-categories><title-group><article-title>Alignment and classification of time series gene expression in clinical studies</article-title></title-group><contrib-group><contrib contrib-type="author"><name><surname>Lin</surname><given-names>Tien-ho</given-names></name><xref ref-type="aff" rid="AFF1"><sup>1</sup></xref></contrib><contrib contrib-type="author"><name><surname>Kaminski</surname><given-names>Naftali</given-names></name><xref ref-type="aff" rid="AFF1"><sup>2</sup></xref></contrib><contrib contrib-type="author"><name><surname>Bar-Joseph</surname><given-names>Ziv</given-names></name><xref ref-type="aff" rid="AFF1"><sup>1</sup></xref><xref ref-type="corresp" rid="COR1">*</xref></contrib></contrib-group><aff id="AFF1"><sup>1</sup>School of Computer Science, Carnegie Mellon University and <sup>2</sup>Simmons Center for Interstitial Lung Disease, University of Pittsburgh Medical School, Pittsburgh, PA 15213, USA</aff><author-notes><corresp id="COR1">*To whom correspondence should be addressed.</corresp></author-notes><pub-date pub-type="ppub"><day>1</day><month>7</month><year>2008</year></pub-date><pub-date pub-type="pmc-release"><day>1</day><month>7</month><year>2008</year></pub-date><!-- PMC Release delay is 0 months and 0 days and was based on the
							<pub-date pub-type="ppub"/>. --><volume>24</volume><issue>13</issue><fpage>i147</fpage><lpage>i155</lpage><permissions><copyright-statement>© 2008 The Author(s)</copyright-statement><copyright-year>2008</copyright-year><license license-type="creative-commons" xlink:href="http://creativecommons.org/licenses/by-nc/2.0/uk/"><license-p><!--CREATIVE COMMONS-->This is an Open Access article distributed under the terms of the Creative Commons Attribution Non-Commercial License (<ext-link ext-link-type="uri" xlink:href="http://creativecommons.org/licenses/by-nc/2.0/uk/">http://creativecommons.org/licenses/by-nc/2.0/uk/</ext-link>) which permits unrestricted non-commercial use, distribution, and reproduction in any medium, provided the original work is properly cited.</license-p></license></permissions><abstract><p><bold>Motivation:</bold> Classification of tissues using static gene-expression data has received considerable attention. Recently, a growing number of expression datasets are measured as a time series. Methods that are specifically designed for this temporal data can both utilize its unique features (temporal evolution of profiles) and address its unique challenges (different response rates of patients in the same class).</p><p><bold>Results:</bold> We present a method that utilizes hidden Markov models (HMMs) for the classification task. We use HMMs with less states than time points leading to an alignment of the different patient response rates. To focus on the differences between the two classes we develop a discriminative HMM classifier. Unlike the traditional generative HMM, discriminative HMM can use examples from both classes when learning the model for a specific class. We have tested our method on both simulated and real time series expression data. As we show, our method improves upon prior methods and can suggest markers for specific disease and response stages that are not found when using traditional classifiers.</p><p><bold>Availability:</bold> Matlab implementation is available from <ext-link ext-link-type="uri" xlink:href="http://www.cs.cmu.edu/~thlin/tram/">http://www.cs.cmu.edu/~thlin/tram/</ext-link></p><p><bold>Contact:</bold><email>zivbj@cs.cmu.edu</email></p></abstract></article-meta></front></article>