<article xmlns="https://jats.nlm.nih.gov/ns/archiving/1.2/" xmlns:xsi="http://www.w3.org/2001/XMLSchema-instance" xmlns:mml="http://www.w3.org/1998/Math/MathML" xmlns:xlink="http://www.w3.org/1999/xlink" xsi:schemaLocation="https://jats.nlm.nih.gov/ns/archiving/1.2/ https://jats.nlm.nih.gov/archiving/1.2/xsd/JATS-archivearticle1.xsd" article-type="research-article"><front><journal-meta><journal-id journal-id-type="nlm-ta">Bioinformatics</journal-id><journal-id journal-id-type="publisher-id">bioinformatics</journal-id><journal-id journal-id-type="hwp">bioinfo</journal-id><journal-title-group><journal-title>Bioinformatics</journal-title></journal-title-group><issn pub-type="ppub">1367-4803</issn><issn pub-type="epub">1460-2059</issn><publisher><publisher-name>Oxford University Press</publisher-name></publisher></journal-meta><article-meta><article-id pub-id-type="accession">PMC2732365</article-id><article-id pub-id-type="pmcid">PMC2732365</article-id><article-id pub-id-type="pmc-uid">2732365</article-id><article-id pub-id-type="pmid">19447789</article-id><article-id pub-id-type="pmid">19447789</article-id><article-id pub-id-type="doi">10.1093/bioinformatics/btp312</article-id><article-id pub-id-type="publisher-id">btp312</article-id><article-categories><subj-group subj-group-type="heading"><subject>Original Paper</subject><subj-group><subject>Genome Analysis</subject></subj-group></subj-group></article-categories><title-group><article-title>Hierarchical hidden Markov model with application to joint analysis of ChIP-chip and ChIP-seq data</article-title></title-group><contrib-group><contrib contrib-type="author"><name><surname>Choi</surname><given-names>Hyungwon</given-names></name><xref ref-type="aff" rid="AFF1"><sup>1</sup></xref></contrib><contrib contrib-type="author"><name><surname>Nesvizhskii</surname><given-names>Alexey I.</given-names></name><xref ref-type="aff" rid="AFF1"><sup>1</sup></xref><xref ref-type="aff" rid="AFF1"><sup>2</sup></xref></contrib><contrib contrib-type="author"><name><surname>Ghosh</surname><given-names>Debashis</given-names></name><xref ref-type="aff" rid="AFF1"><sup>3</sup></xref><xref ref-type="corresp" rid="COR1">*</xref></contrib><contrib contrib-type="author"><name><surname>Qin</surname><given-names>Zhaohui S.</given-names></name><xref ref-type="aff" rid="AFF1"><sup>2</sup></xref><xref ref-type="aff" rid="AFF1"><sup>4</sup></xref><xref ref-type="corresp" rid="COR1">*</xref></contrib></contrib-group><aff id="AFF1"><sup>1</sup> Department of Pathology, <sup>2</sup> Center for Computational Medicine and Biology, University of Michigan, Ann Arbor, MI 48109, <sup>3</sup> Departments of Statistics and Public Health Sciences, Penn State University, University Park, PA 16802 and <sup>4</sup> Center for Statistical Genetics, Department of Biostatistics, University of Michigan, Ann Arbor, MI 48109, USA</aff><author-notes><corresp id="COR1">* To whom corresponding should be addressed.</corresp><fn><p>Associate Editor: Alfonso Valencia</p></fn></author-notes><pub-date pub-type="ppub"><day>15</day><month>7</month><year>2009</year></pub-date><pub-date pub-type="epub"><day>14</day><month>5</month><year>2009</year></pub-date><volume>25</volume><issue>14</issue><fpage>1715</fpage><lpage>1721</lpage><history><date date-type="received"><day>14</day><month>1</month><year>2009</year></date><date date-type="rev-recd"><day>15</day><month>4</month><year>2009</year></date><date date-type="accepted"><day>6</day><month>5</month><year>2009</year></date></history><permissions><copyright-statement>© The Author 2009. Published by Oxford University Press. All rights reserved. For Permissions, please email: journals.permissions@oxfordjournals.org</copyright-statement></permissions><abstract><p><bold>Motivation:</bold> Chromatin immunoprecipitation (ChIP) experiments followed by array hybridization, or ChIP-chip, is a powerful approach for identifying transcription factor binding sites (TFBS) and has been widely used. Recently, massively parallel sequencing coupled with ChIP experiments (ChIP-seq) has been increasingly used as an alternative to ChIP-chip, offering cost-effective genome-wide coverage and resolution up to a single base pair. For many well-studied TFs, both ChIP-seq and ChIP-chip experiments have been applied and their data are publicly available. Previous analyses have revealed substantial technology-specific binding signals despite strong correlation between the two sets of results. Therefore, it is of interest to see whether the two data sources can be combined to enhance the detection of TFBS.</p><p><bold>Results:</bold> In this work, hierarchical hidden Markov model (HHMM) is proposed for combining data from ChIP-seq and ChIP-chip. In HHMM, inference results from individual HMMs in ChIP-seq and ChIP-chip experiments are summarized by a higher level HMM. Simulation studies show the advantage of HHMM when data from both technologies co-exist. Analysis of two well-studied TFs, NRSF and CCCTC-binding factor (CTCF), also suggests that HHMM yields improved TFBS identification in comparison to analyses using individual data sources or a simple merger of the two.</p><p><bold>Availability:</bold> Source code for the software ChIPmeta is freely available for download at <ext-link ext-link-type="uri" xlink:href="http://www.umich.edu/∼hwchoi/HHMMsoftware.zip">http://www.umich.edu/∼hwchoi/HHMMsoftware.zip</ext-link>, implemented in C and supported on linux.</p><p><bold>Contact:</bold><email>ghoshd@psu.edu</email>; <email>qin@umich.edu</email></p><p><bold>Supplementary information:</bold><ext-link ext-link-type="uri" xlink:href="http://bioinformatics.oxfordjournals.org/cgi/content/full/btp312/DC1">Supplementary data</ext-link> are available at <italic>Bioinformatics</italic> online.</p></abstract></article-meta></front></article>