<article xmlns="https://dtd.nlm.nih.gov/ns/archiving/2.3/" xmlns:xsi="http://www.w3.org/2001/XMLSchema-instance" xmlns:mml="http://www.w3.org/1998/Math/MathML" xmlns:xlink="http://www.w3.org/1999/xlink" xsi:schemaLocation="https://dtd.nlm.nih.gov/ns/archiving/2.3/ https://dtd.nlm.nih.gov/archiving/2.3/xsd/archivearticle.xsd" article-type="research-article" xml:lang="EN"><front><journal-meta><journal-id journal-id-type="nlm-ta">Bioinformatics</journal-id><journal-id journal-id-type="publisher-id">bioinformatics</journal-id><journal-id journal-id-type="hwp">bioinfo</journal-id><journal-title>Bioinformatics</journal-title><issn pub-type="ppub">1367-4803</issn><issn pub-type="epub">1460-2059</issn><publisher><publisher-name>Oxford University Press</publisher-name></publisher></journal-meta><article-meta><article-id pub-id-type="accession">PMC2660873</article-id><article-id pub-id-type="pmcid">PMC2660873</article-id><article-id pub-id-type="pmc-uid">2660873</article-id><article-id pub-id-type="pmid">19193731</article-id><article-id pub-id-type="doi">10.1093/bioinformatics/btp075</article-id><article-id pub-id-type="publisher-id">btp075</article-id><article-categories><subj-group subj-group-type="heading"><subject>Applications Note</subject><subj-group><subject>Genome Analysis</subject></subj-group></subj-group></article-categories><title-group><article-title>CoCAS: a ChIP-on-chip analysis suite</article-title></title-group><contrib-group><contrib contrib-type="author"><name><surname>Benoukraf</surname><given-names>Touati</given-names></name><xref ref-type="aff" rid="AFF1"><sup>1–4</sup></xref><xref ref-type="author-notes" rid="FN1"><sup>†</sup></xref></contrib><contrib contrib-type="author"><name><surname>Cauchy</surname><given-names>Pierre</given-names></name><xref ref-type="aff" rid="AFF1"><sup>4</sup></xref><xref ref-type="aff" rid="AFF1"><sup>5</sup></xref><xref ref-type="author-notes" rid="FN1"><sup>†</sup></xref></contrib><contrib contrib-type="author"><name><surname>Fenouil</surname><given-names>Romain</given-names></name><xref ref-type="aff" rid="AFF1"><sup>1–4</sup></xref><xref ref-type="author-notes" rid="FN1"><sup>†</sup></xref></contrib><contrib contrib-type="author"><name><surname>Jeanniard</surname><given-names>Adrien</given-names></name><xref ref-type="aff" rid="AFF1"><sup>1–4</sup></xref></contrib><contrib contrib-type="author"><name><surname>Koch</surname><given-names>Frederic</given-names></name><xref ref-type="aff" rid="AFF1"><sup>1–4</sup></xref></contrib><contrib contrib-type="author"><name><surname>Jaeger</surname><given-names>Sébastien</given-names></name><xref ref-type="aff" rid="AFF1"><sup>1–4</sup></xref></contrib><contrib contrib-type="author"><name><surname>Thieffry</surname><given-names>Denis</given-names></name><xref ref-type="aff" rid="AFF1"><sup>4</sup></xref><xref ref-type="aff" rid="AFF1"><sup>5</sup></xref></contrib><contrib contrib-type="author"><name><surname>Imbert</surname><given-names>Jean</given-names></name><xref ref-type="aff" rid="AFF1"><sup>4</sup></xref><xref ref-type="aff" rid="AFF1"><sup>5</sup></xref></contrib><contrib contrib-type="author"><name><surname>Andrau</surname><given-names>Jean-Christophe</given-names></name><xref ref-type="aff" rid="AFF1"><sup>1–4</sup></xref><xref ref-type="corresp" rid="COR1">*</xref></contrib><contrib contrib-type="author"><name><surname>Spicuglia</surname><given-names>Salvatore</given-names></name><xref ref-type="aff" rid="AFF1"><sup>1–4</sup></xref><xref ref-type="corresp" rid="COR1">*</xref></contrib><contrib contrib-type="author"><name><surname>Ferrier</surname><given-names>Pierre</given-names></name><xref ref-type="aff" rid="AFF1"><sup>1–4</sup></xref><xref ref-type="corresp" rid="COR1">*</xref></contrib></contrib-group><aff id="AFF1"><sup>1</sup>Centre d'Immunologie de Marseille-Luminy, <sup>2</sup>CNRS, UMR6102, <sup>3</sup>Inserm, U631, <sup>4</sup>Université de la Méditerranée and <sup>5</sup>Inserm, U928, TAGC, Marseille, France</aff><author-notes><corresp id="COR1">*To whom correspondence should be addressed.</corresp><fn id="FN1"><p><sup>†</sup>The authors wish it to be known that, in their opinion, the first three authors should be regarded as joint First Authors.</p></fn><fn><p>Associate Editor: Martin Bishop</p></fn></author-notes><pub-date pub-type="ppub"><day>1</day><month>4</month><year>2009</year></pub-date><pub-date pub-type="epub"><day>4</day><month>2</month><year>2009</year></pub-date><pub-date pub-type="pmc-release"><day>4</day><month>2</month><year>2009</year></pub-date><!-- PMC Release delay is 0 months and 0 days and was based on the
			<pub-date pub-type="epub"/>. --><volume>25</volume><issue>7</issue><fpage>954</fpage><lpage>955</lpage><history><date date-type="received"><day>16</day><month>12</month><year>2008</year></date><date date-type="rev-recd"><day>30</day><month>1</month><year>2009</year></date><date date-type="accepted"><day>30</day><month>1</month><year>2009</year></date></history><permissions><copyright-statement>© 2009 The Author(s)</copyright-statement><copyright-year>2009</copyright-year><license license-type="creative-commons" xlink:href="http://creativecommons.org/licenses/by-nc/2.0/uk/"><p><!--CREATIVE COMMONS-->This is an Open Access article distributed under the terms of the Creative Commons Attribution Non-Commercial License (<ext-link ext-link-type="uri" xlink:href="http://creativecommons.org/licenses/by-nc/2.0/uk/">http://creativecommons.org/licenses/by-nc/2.0/uk/</ext-link>) which permits unrestricted non-commercial use, distribution, and reproduction in any medium, provided the original work is properly cited.</p></license></permissions><abstract><p><bold>Motivation:</bold> High-density tiling microarrays are increasingly used in combination with ChIP assays to study transcriptional regulation. To ease the analysis of the large amounts of data generated by this approach, we have developed ChIP-on-chip Analysis Suite (CoCAS), a standalone software suite which implements optimized ChIP-on-chip data normalization, improved peak detection, as well as quality control reports. Our software allows dye swap, replicate correlation and connects easily with genome browsers and other peak detection algorithms. CoCAS can readily be used on the latest generation of Agilent high-density arrays. Also, the implemented peak detection methods are suitable for other datasets, including ChIP-Seq output.</p><p><bold>Availability:</bold> The software is available for download along with a sample dataset at <ext-link ext-link-type="uri" xlink:href="http://www.ciml.univ-mrs.fr/software/ferrier.htm">http://www.ciml.univ-mrs.fr/software/ferrier.htm</ext-link>.</p><p><bold>Contact:</bold><email>ferrier@ciml.univ-mrs.fr</email>; <email>andrau@ciml.univ-mrs.fr</email>; <email>spicuglia@ciml.univ-mrs.fr</email></p><p><bold>Supplementary information:</bold><ext-link ext-link-type="uri" xlink:href="http://bioinformatics.oxfordjournals.org/cgi/content/full/btp075/DC1">Supplementary data</ext-link> are available at <italic>Bioinformatics</italic> online.</p></abstract></article-meta></front></article>