<article xmlns="https://jats.nlm.nih.gov/ns/archiving/1.2/" xmlns:xsi="http://www.w3.org/2001/XMLSchema-instance" xmlns:mml="http://www.w3.org/1998/Math/MathML" xmlns:xlink="http://www.w3.org/1999/xlink" xsi:schemaLocation="https://jats.nlm.nih.gov/ns/archiving/1.2/ https://jats.nlm.nih.gov/archiving/1.2/xsd/JATS-archivearticle1.xsd" article-type="research-article"><front><journal-meta><journal-id journal-id-type="nlm-ta">Bioinformatics</journal-id><journal-id journal-id-type="publisher-id">bioinformatics</journal-id><journal-id journal-id-type="hwp">bioinfo</journal-id><journal-title-group><journal-title>Bioinformatics</journal-title></journal-title-group><issn pub-type="ppub">1367-4803</issn><issn pub-type="epub">1367-4811</issn><publisher><publisher-name>Oxford University Press</publisher-name></publisher></journal-meta><article-meta><article-id pub-id-type="accession">PMC2559968</article-id><article-id pub-id-type="pmcid">PMC2559968</article-id><article-id pub-id-type="pmc-uid">2559968</article-id><article-id pub-id-type="pmid">18579566</article-id><article-id pub-id-type="pmid">18579566</article-id><article-id pub-id-type="doi">10.1093/bioinformatics/btn328</article-id><article-id pub-id-type="publisher-id">btn328</article-id><article-categories><subj-group subj-group-type="heading"><subject>Applications Note</subject><subj-group><subject>Structural Bioinformatics</subject></subj-group></subj-group></article-categories><title-group><article-title>iFoldRNA: three-dimensional RNA structure prediction and folding</article-title></title-group><contrib-group><contrib contrib-type="author"><name><surname>Sharma</surname><given-names>Shantanu</given-names></name></contrib><contrib contrib-type="author"><name><surname>Ding</surname><given-names>Feng</given-names></name></contrib><contrib contrib-type="author"><name><surname>Dokholyan</surname><given-names>Nikolay V.</given-names></name><xref ref-type="corresp" rid="COR1"><sup>*</sup></xref></contrib></contrib-group><aff>Department of Biochemistry &amp; Biophysics, University of North Carolina at Chapel Hill, Chapel Hill, NC 27599, USA</aff><author-notes><corresp id="COR1"><sup>*</sup>To whom correspondence should be addressed.</corresp><fn><p>Associate Editor: Ivo Hofacker</p></fn></author-notes><pub-date pub-type="ppub"><day>1</day><month>9</month><year>2008</year></pub-date><pub-date pub-type="epub"><day>25</day><month>6</month><year>2008</year></pub-date><volume>24</volume><issue>17</issue><fpage>1951</fpage><lpage>1952</lpage><history><date date-type="received"><day>11</day><month>4</month><year>2008</year></date><date date-type="rev-recd"><day>13</day><month>6</month><year>2008</year></date><date date-type="accepted"><day>22</day><month>6</month><year>2008</year></date></history><permissions><copyright-statement>© The Author 2008. Published by Oxford University Press. All rights reserved. For Permissions, please email: journals.permissions@oxfordjournals.org</copyright-statement><copyright-year>2008</copyright-year></permissions><abstract><p><bold>Summary:</bold> Three-dimensional RNA structure prediction and folding is of significant interest in the biological research community. Here, we present iFoldRNA, a novel web-based methodology for RNA structure prediction with near atomic resolution accuracy and analysis of RNA folding thermodynamics. iFoldRNA rapidly explores RNA conformations using discrete molecular dynamics simulations of input RNA sequences. Starting from simplified linear-chain conformations, RNA molecules (&lt;50 nt) fold to native-like structures within half an hour of simulation, facilitating rapid RNA structure prediction. All-atom reconstruction of energetically stable conformations generates iFoldRNA predicted RNA structures. The predicted RNA structures are within 2–5 Å root mean squre deviations (RMSDs) from corresponding experimentally derived structures. RNA folding parameters including specific heat, contact maps, simulation trajectories, gyration radii, RMSDs from native state, fraction of native-like contacts are accessible from iFoldRNA. We expect iFoldRNA will serve as a useful resource for RNA structure prediction and folding thermodynamic analyses.</p><p><bold>Availability:</bold><ext-link ext-link-type="uri" xlink:href="http://iFoldRNA.dokhlab.org">http://iFoldRNA.dokhlab.org</ext-link>.</p><p><bold>Contact:</bold><ext-link ext-link-type="uri" xlink:href="dokh@med.unc.edu">dokh@med.unc.edu</ext-link></p><p><bold>Supplementary information:</bold><ext-link ext-link-type="uri" xlink:href="http://bioinformatics.oxfordjournals.org/cgi/content/full/btn328/DC1">Supplementary data</ext-link> are available at <italic>Bioinformatics</italic> online.</p></abstract></article-meta></front></article>