<article xmlns="https://dtd.nlm.nih.gov/ns/archiving/2.3/" xmlns:xsi="http://www.w3.org/2001/XMLSchema-instance" xmlns:mml="http://www.w3.org/1998/Math/MathML" xmlns:xlink="http://www.w3.org/1999/xlink" xsi:schemaLocation="https://dtd.nlm.nih.gov/ns/archiving/2.3/ https://dtd.nlm.nih.gov/archiving/2.3/xsd/archivearticle.xsd" article-type="research-article" xml:lang="EN"><front><journal-meta><journal-id journal-id-type="nlm-ta">Bioinformatics</journal-id><journal-id journal-id-type="publisher-id">bioinformatics</journal-id><journal-id journal-id-type="hwp">bioinfo</journal-id><journal-title>Bioinformatics</journal-title><issn pub-type="ppub">1367-4803</issn><issn pub-type="epub">1460-2059</issn><publisher><publisher-name>Oxford University Press</publisher-name></publisher></journal-meta><article-meta><article-id pub-id-type="accession">PMC2682521</article-id><article-id pub-id-type="pmcid">PMC2682521</article-id><article-id pub-id-type="pmc-uid">2682521</article-id><article-id pub-id-type="pmid">19351619</article-id><article-id pub-id-type="doi">10.1093/bioinformatics/btp178</article-id><article-id pub-id-type="publisher-id">btp178</article-id><article-categories><subj-group subj-group-type="heading"><subject>Applications Note</subject><subj-group><subject>Sequence Analysis</subject></subj-group></subj-group></article-categories><title-group><article-title>ProbeMatch: rapid alignment of oligonucleotides to genome allowing both gaps and mismatches</article-title></title-group><contrib-group><contrib contrib-type="author"><name><surname>Jung Kim</surname><given-names>You</given-names></name><xref ref-type="aff" rid="AFF1"><sup>1</sup></xref></contrib><contrib contrib-type="author"><name><surname>Teletia</surname><given-names>Nikhil</given-names></name><xref ref-type="aff" rid="AFF1"><sup>2</sup></xref></contrib><contrib contrib-type="author"><name><surname>Ruotti</surname><given-names>Victor</given-names></name><xref ref-type="aff" rid="AFF1"><sup>3</sup></xref></contrib><contrib contrib-type="author"><name><surname>Maher</surname><given-names>Christopher A.</given-names></name><xref ref-type="aff" rid="AFF1"><sup>4</sup></xref></contrib><contrib contrib-type="author"><name><surname>Chinnaiyan</surname><given-names>Arul M.</given-names></name><xref ref-type="aff" rid="AFF1"><sup>4</sup></xref></contrib><contrib contrib-type="author"><name><surname>Stewart</surname><given-names>Ron</given-names></name><xref ref-type="aff" rid="AFF1"><sup>3</sup></xref></contrib><contrib contrib-type="author"><name><surname>Thomson</surname><given-names>James A.</given-names></name><xref ref-type="aff" rid="AFF1"><sup>3</sup></xref><xref ref-type="aff" rid="AFF1"><sup>5</sup></xref></contrib><contrib contrib-type="author"><name><surname>Patel</surname><given-names>Jignesh M.</given-names></name><xref ref-type="aff" rid="AFF1"><sup>2</sup></xref><xref ref-type="corresp" rid="COR1">*</xref></contrib></contrib-group><aff id="AFF1"><sup>1</sup>Department of EECS, The University of Michigan, Ann Arbor, MI, <sup>2</sup>Computer Science Department, The University of Wisconsin, <sup>3</sup>Morgridge Institute for Research, Madison, WI, <sup>4</sup>Department of Pathology, The University of Michigan, Ann Arbor, MI and <sup>5</sup>University of Wisconsin School of Medicine and Public Health, Madison, WI, USA</aff><author-notes><corresp id="COR1">*To whom correspondence should be addressed.</corresp><fn><p>Associate Editor: Dmitrij Frishman</p></fn></author-notes><pub-date pub-type="ppub"><day>1</day><month>6</month><year>2009</year></pub-date><pub-date pub-type="epub"><day>7</day><month>4</month><year>2009</year></pub-date><volume>25</volume><issue>11</issue><fpage>1424</fpage><lpage>1425</lpage><history><date date-type="received"><day>29</day><month>11</month><year>2008</year></date><date date-type="rev-recd"><day>7</day><month>3</month><year>2009</year></date><date date-type="accepted"><day>25</day><month>3</month><year>2009</year></date></history><permissions><copyright-statement>© The Author 2009. Published by Oxford University Press. All rights reserved. For Permissions, please email: journals.permissions@oxfordjournals.org</copyright-statement><copyright-year>2009</copyright-year></permissions><abstract><p><bold>Summary:</bold> We have developed a tool, called ProbeMatch, for matching a large set of oligonucleotide sequences against a genome database using gapped alignments. Unlike most of the existing tools such as ELAND which only perform ungapped alignments allowing at most two mismatches, ProbeMatch generates both ungapped and gapped alignments allowing up to three errors including insertion, deletion and mismatch. To speedup sequence alignment, ProbeMatch uses gapped <italic>q</italic>-grams and <italic>q</italic>-grams of various patterns to identify target hits to a query sequence. This approach results in fewer initial sequences to examine with no loss in sensitivity. ProbeMatch has been used to align 169 095 Illumina GAII reads against the human genome, which could not be mapped by ELAND, and found alignments for 28 625 reads of the 169 095 reads in less than 3 h.</p><p><bold>Availability:</bold> Source code is freely available at <ext-link ext-link-type="uri" xlink:href="http://www.cs.wisc.edu/∼jignesh/probematch/">http://www.cs.wisc.edu/∼jignesh/probematch/</ext-link></p><p><bold>Contact:</bold><email>jignesh@cs.wisc.edu</email></p><p><bold>Supplementary information:</bold><ext-link ext-link-type="uri" xlink:href="http://bioinformatics.oxfordjournals.org/cgi/content/full/btp178/DC1">Supplementary data</ext-link> are available at <italic>Bioinformatics</italic> online.</p></abstract></article-meta></front></article>