<article xmlns="https://jats.nlm.nih.gov/ns/archiving/1.2/" xmlns:xsi="http://www.w3.org/2001/XMLSchema-instance" xmlns:mml="http://www.w3.org/1998/Math/MathML" xmlns:xlink="http://www.w3.org/1999/xlink" xsi:schemaLocation="https://jats.nlm.nih.gov/ns/archiving/1.2/ https://jats.nlm.nih.gov/archiving/1.2/xsd/JATS-archivearticle1.xsd" article-type="research-article"><front><journal-meta><journal-id journal-id-type="nlm-ta">Bioinformatics</journal-id><journal-id journal-id-type="publisher-id">bioinformatics</journal-id><journal-id journal-id-type="hwp">bioinfo</journal-id><journal-title-group><journal-title>Bioinformatics</journal-title></journal-title-group><issn pub-type="ppub">1367-4803</issn><issn pub-type="epub">1460-2059</issn><publisher><publisher-name>Oxford University Press</publisher-name></publisher></journal-meta><article-meta><article-id pub-id-type="accession">PMC2732212</article-id><article-id pub-id-type="pmcid">PMC2732212</article-id><article-id pub-id-type="pmc-uid">2732212</article-id><article-id pub-id-type="pmid">18562273</article-id><article-id pub-id-type="pmid">18562273</article-id><article-id pub-id-type="doi">10.1093/bioinformatics/btn314</article-id><article-id pub-id-type="publisher-id">btn314</article-id><article-categories><subj-group subj-group-type="heading"><subject>Original Papers</subject><subj-group><subject>Sequence Analysis</subject></subj-group></subj-group></article-categories><title-group><article-title>Sequence analysis of GerM and SpoVS, uncharacterized bacterial ‘sporulation’ proteins with widespread phylogenetic distribution</article-title></title-group><contrib-group><contrib contrib-type="author"><name><surname>Rigden</surname><given-names>Daniel J.</given-names></name><xref ref-type="aff" rid="AFF1"><sup>1</sup></xref><xref ref-type="corresp" rid="COR1">*</xref></contrib><contrib contrib-type="author"><name><surname>Galperin</surname><given-names>Michael Y.</given-names></name><xref ref-type="aff" rid="AFF1"><sup>2</sup></xref></contrib></contrib-group><aff id="AFF1"><sup>1</sup>School of Biological Sciences, University of Liverpool, Crown St, Liverpool L69 7ZB, UK and <sup>2</sup>NCBI, National Library of Medicine, National Institutes of Health, Bethesda, Maryland 20894, USA</aff><author-notes><corresp id="COR1">*To whom correspondence should be addressed.</corresp><fn><p>Associate Editor: Burkhard Rost</p></fn></author-notes><pub-date pub-type="ppub"><day>15</day><month>8</month><year>2008</year></pub-date><pub-date pub-type="epub"><day>17</day><month>6</month><year>2008</year></pub-date><pub-date pub-type="pmc-release"><day>17</day><month>6</month><year>2008</year></pub-date><!-- PMC Release delay is 0 months and 0 days and was based on the
							<pub-date pub-type="epub"/>. --><volume>24</volume><issue>16</issue><fpage>1793</fpage><lpage>1797</lpage><history><date date-type="received"><day>16</day><month>5</month><year>2008</year></date><date date-type="rev-recd"><day>13</day><month>6</month><year>2008</year></date><date date-type="accepted"><day>13</day><month>6</month><year>2008</year></date></history><permissions><copyright-statement>© 2008 The Author(s)</copyright-statement><copyright-year>2008</copyright-year><license license-type="creative-commons" xlink:href="http://creativecommons.org/licenses/by-nc/2.0/uk/"><license-p><!--CREATIVE COMMONS-->This is an Open Access article distributed under the terms of the Creative Commons Attribution Non-Commercial License (<ext-link ext-link-type="uri" xlink:href="http://creativecommons.org/licenses/by-nc/2.0/uk/">http://creativecommons.org/licenses/by-nc/2.0/uk/</ext-link>) which permits unrestricted non-commercial use, distribution, and reproduction in any medium, provided the original work is properly cited.</license-p></license></permissions><abstract><p>Sporulation in low-G+C gram-positive bacteria (<italic>Firmicutes</italic>) is an important survival mechanism that involves up to 150 genes, acting in a highly regulated manner. Many sporulation genes have close homologs in non-sporulating bacteria, including cyanobacteria, proteobacteria and spirochaetes, indicating that their products play a wider biological role. Most of them have been characterized as regulatory proteins or enzymes of peptidoglycan turnover; functions of others remain unknown but they are likely to have a general role in cell division and/or development. We have compiled a list of such widely conserved sporulation and germination proteins with poorly characterized functions, ranked them by the width of their phylogenetic distribution, and performed detailed sequence analysis and, where possible, structural modeling aimed at estimating their potential functions. Here we report the results of sequence analysis of <italic>Bacillus subtilis</italic> spore germination protein GerM, suggesting that it is a widespread cell development protein, whose function might involve binding to peptidoglycan. GerM consists of two tandem copies of a new domain (designated the GERMN domain) that forms phylum-specific fusions with two other newly described domains, GERMN-associated domains 1 and 2 (GMAD1 and GMAD2). Fold recognition reveals a β-propeller fold for GMAD1, while <italic>ab initio</italic> modeling suggests that GMAD2 adopts a fibronectin type III fold. SpoVS is predicted to adopt the AlbA archaeal chromatin protein fold, which suggests that it is a DNA-binding protein, most likely a novel transcriptional regulator.</p><p><bold>Contact:</bold><email>drigden@liverpool.ac.uk</email></p><p><bold>Supplementary information:</bold><ext-link ext-link-type="uri" xlink:href="http://bioinformatics.oxfordjournals.org/cgi/content/full/btn314/DC1">Supplementary data</ext-link> are available at ftp://ftp.ncbi.nih.gov/pub/galperin/Sporulation.html</p></abstract></article-meta></front></article>