<article xmlns="https://jats.nlm.nih.gov/ns/archiving/1.2/" xmlns:xsi="http://www.w3.org/2001/XMLSchema-instance" xmlns:mml="http://www.w3.org/1998/Math/MathML" xmlns:xlink="http://www.w3.org/1999/xlink" xsi:schemaLocation="https://jats.nlm.nih.gov/ns/archiving/1.2/ https://jats.nlm.nih.gov/archiving/1.2/xsd/JATS-archivearticle1.xsd" article-type="research-article"><front><journal-meta><journal-id journal-id-type="nlm-ta">Bioinformatics</journal-id><journal-id journal-id-type="publisher-id">bioinformatics</journal-id><journal-id journal-id-type="hwp">bioinfo</journal-id><journal-title-group><journal-title>Bioinformatics</journal-title></journal-title-group><issn pub-type="ppub">1367-4803</issn><issn pub-type="epub">1460-2059</issn><publisher><publisher-name>Oxford University Press</publisher-name></publisher></journal-meta><article-meta><article-id pub-id-type="accession">PMC2718619</article-id><article-id pub-id-type="pmcid">PMC2718619</article-id><article-id pub-id-type="pmc-uid">2718619</article-id><article-id pub-id-type="pmid">18586740</article-id><article-id pub-id-type="pmid">18586740</article-id><article-id pub-id-type="doi">10.1093/bioinformatics/btn141</article-id><article-id pub-id-type="publisher-id">btn141</article-id><article-categories><subj-group subj-group-type="heading"><subject>Ismb 2008 Conference Proceedings 19–23 July 2008, Toronto</subject><subj-group><subject>Original Papers</subject><subj-group><subject>Bioinformatics of Disease</subject></subj-group></subj-group></subj-group></article-categories><title-group><article-title>Selecting anti-HIV therapies based on a variety of genomic and clinical factors</article-title></title-group><contrib-group><contrib contrib-type="author"><name><surname>Rosen-Zvi</surname><given-names>Michal</given-names></name><xref ref-type="aff" rid="AFF1"><sup>1</sup></xref><xref ref-type="corresp" rid="COR1">*</xref></contrib><contrib contrib-type="author"><name><surname>Altmann</surname><given-names>Andre</given-names></name><xref ref-type="aff" rid="AFF1"><sup>2</sup></xref></contrib><contrib contrib-type="author"><name><surname>Prosperi</surname><given-names>Mattia</given-names></name><xref ref-type="aff" rid="AFF1"><sup>3</sup></xref></contrib><contrib contrib-type="author"><name><surname>Aharoni</surname><given-names>Ehud</given-names></name><xref ref-type="aff" rid="AFF1"><sup>1</sup></xref></contrib><contrib contrib-type="author"><name><surname>Neuvirth</surname><given-names>Hani</given-names></name><xref ref-type="aff" rid="AFF1"><sup>1</sup></xref></contrib><contrib contrib-type="author"><name><surname>Sönnerborg</surname><given-names>Anders</given-names></name><xref ref-type="aff" rid="AFF1"><sup>4</sup></xref></contrib><contrib contrib-type="author"><name><surname>Schülter</surname><given-names>Eugen</given-names></name><xref ref-type="aff" rid="AFF1"><sup>5</sup></xref></contrib><contrib contrib-type="author"><name><surname>Struck</surname><given-names>Daniel</given-names></name><xref ref-type="aff" rid="AFF1"><sup>6</sup></xref></contrib><contrib contrib-type="author"><name><surname>Peres</surname><given-names>Yardena</given-names></name><xref ref-type="aff" rid="AFF1"><sup>7</sup></xref></contrib><contrib contrib-type="author"><name><surname>Incardona</surname><given-names>Francesca</given-names></name><xref ref-type="aff" rid="AFF1"><sup>8</sup></xref></contrib><contrib contrib-type="author"><name><surname>Kaiser</surname><given-names>Rolf</given-names></name><xref ref-type="aff" rid="AFF1"><sup>5</sup></xref></contrib><contrib contrib-type="author"><name><surname>Zazzi</surname><given-names>Maurizio</given-names></name><xref ref-type="aff" rid="AFF1"><sup>9</sup></xref></contrib><contrib contrib-type="author"><name><surname>Lengauer</surname><given-names>Thomas</given-names></name><xref ref-type="aff" rid="AFF1"><sup>2</sup></xref></contrib></contrib-group><aff id="AFF1"><sup>1</sup>Machine learning group, IBM Research Laboratory in Haifa, Israel, <sup>2</sup>The Computational Biology and Applied Algorithmics Department, Max Planck Institute for Informatics, Saarbrücken, Germany, <sup>3</sup>Computer Science and Automation Department, University of Rome TRE, Italy, <sup>4</sup>Division of Infectious Diseases, Department of Medicine, Karolinska Institute, Sweden, <sup>5</sup>Institute of Virology, University of Cologne, Cologne, Germany, <sup>6</sup>Retrovirology Laboratory, CRP-Santé, Luxembourg, <sup>7</sup>Health care and Life sciences group, IBM Research Laboratory in Haifa, Israel, <sup>8</sup>Informa srl, Rome, Italy and <sup>9</sup>Department of Molecular Biology, University of Siena, Italy</aff><author-notes><corresp id="COR1">*To whom correspondence should be addressed.</corresp></author-notes><pub-date pub-type="ppub"><day>1</day><month>7</month><year>2008</year></pub-date><pub-date pub-type="pmc-release"><day>1</day><month>7</month><year>2008</year></pub-date><!-- PMC Release delay is 0 months and 0 days and was based on the
							<pub-date pub-type="ppub"/>. --><volume>24</volume><issue>13</issue><fpage>i399</fpage><lpage>i406</lpage><permissions><copyright-statement>© 2008 The Author(s)</copyright-statement><copyright-year>2008</copyright-year><license license-type="creative-commons" xlink:href="http://creativecommons.org/licenses/by-nc/2.0/uk/"><license-p><!--CREATIVE COMMONS-->This is an Open Access article distributed under the terms of the Creative Commons Attribution Non-Commercial License (<ext-link ext-link-type="uri" xlink:href="http://creativecommons.org/licenses/by-nc/2.0/uk/">http://creativecommons.org/licenses/by-nc/2.0/uk/</ext-link>) which permits unrestricted non-commercial use, distribution, and reproduction in any medium, provided the original work is properly cited.</license-p></license></permissions><abstract><p><bold>Motivation:</bold> Optimizing HIV therapies is crucial since the virus rapidly develops mutations to evade drug pressure. Recent studies have shown that genotypic information might not be sufficient for the design of therapies and that other clinical and demographical factors may play a role in therapy failure. This study is designed to assess the improvement in prediction achieved when such information is taken into account. We use these factors to generate a prediction engine using a variety of machine learning methods and to determine which clinical conditions are most misleading in terms of predicting the outcome of a therapy.</p><p><bold>Results:</bold> Three different machine learning techniques were used: generative–discriminative method, regression with derived evolutionary features, and regression with a mixture of effects. All three methods had similar performances with an area under the receiver operating characteristic curve (AUC) of 0.77. A set of three similar engines limited to genotypic information only achieved an AUC of 0.75. A straightforward combination of the three engines consistently improves the prediction, with significantly better prediction when the full set of features is employed. The combined engine improves on predictions obtained from an online state-of-the-art resistance interpretation system. Moreover, engines tend to disagree more on the outcome of failure therapies than regarding successful ones. Careful analysis of the differences between the engines revealed those mutations and drugs most closely associated with uncertainty of the therapy outcome.</p><p><bold>Availability:</bold> The combined prediction engine will be available from July 2008, see <ext-link ext-link-type="uri" xlink:href="http://engine.euresist.org">http://engine.euresist.org</ext-link></p><p><bold>Contact:</bold><email>rosen@il.ibm.com</email></p></abstract></article-meta></front></article>