<article xmlns="https://jats.nlm.nih.gov/ns/archiving/1.2/" xmlns:xsi="http://www.w3.org/2001/XMLSchema-instance" xmlns:mml="http://www.w3.org/1998/Math/MathML" xmlns:xlink="http://www.w3.org/1999/xlink" xmlns:ali="http://www.niso.org/schemas/ali/1.0" xsi:schemaLocation="https://jats.nlm.nih.gov/ns/archiving/1.2/ https://jats.nlm.nih.gov/archiving/1.2/xsd/JATS-archivearticle1.xsd" article-type="research-article"><front><journal-meta><journal-id journal-id-type="nlm-ta">Bioinformatics</journal-id><journal-id journal-id-type="iso-abbrev">Bioinformatics</journal-id><journal-id journal-id-type="publisher-id">bioinformatics</journal-id><journal-id journal-id-type="hwp">bioinfo</journal-id><journal-title-group><journal-title>Bioinformatics</journal-title></journal-title-group><issn pub-type="ppub">1367-4803</issn><issn pub-type="epub">1367-4811</issn><publisher><publisher-name>Oxford University Press</publisher-name></publisher></journal-meta><article-meta><article-id pub-id-type="accession">PMC2639304</article-id><article-id pub-id-type="pmcid">PMC2639304</article-id><article-id pub-id-type="pmc-uid">2639304</article-id><article-id pub-id-type="pmid">18953044</article-id><article-id pub-id-type="pmid">18953044</article-id><article-id pub-id-type="doi">10.1093/bioinformatics/btn557</article-id><article-id pub-id-type="publisher-id">btn557</article-id><article-categories><subj-group subj-group-type="heading"><subject>Applications Note</subject><subj-group subj-group-type="heading"><subject>Genome Analysis</subject></subj-group></subj-group></article-categories><title-group><article-title>BASH: a tool for managing BeadArray spatial artefacts</article-title></title-group><contrib-group><contrib contrib-type="author"><name><surname>Cairns</surname><given-names>J. M.</given-names></name></contrib><contrib contrib-type="author"><name><surname>Dunning</surname><given-names>M. J.</given-names></name></contrib><contrib contrib-type="author"><name><surname>Ritchie</surname><given-names>M. E.</given-names></name></contrib><contrib contrib-type="author"><name><surname>Russell</surname><given-names>R.</given-names></name></contrib><contrib contrib-type="author"><name><surname>Lynch</surname><given-names>A. G.</given-names></name><xref ref-type="corresp" rid="COR1">*</xref></contrib></contrib-group><aff>Cancer Research UK, Cambridge Research Institute, Li Ka Shing Centre, Robinson Way, Cambridge, CB2 0RE, UK</aff><author-notes><corresp id="COR1">*To whom correspondence should be addressed.</corresp><fn><p>Associate Editor: Martin Bishop</p></fn></author-notes><pub-date pub-type="ppub"><day>15</day><month>12</month><year>2008</year></pub-date><pub-date pub-type="epub"><day>25</day><month>10</month><year>2008</year></pub-date><pub-date pub-type="pmc-release"><day>25</day><month>10</month><year>2008</year></pub-date><!-- PMC Release delay is 0 months and 0 days and was based on the
							<pub-date pub-type="epub"/>. --><volume>24</volume><issue>24</issue><fpage>2921</fpage><lpage>2922</lpage><history><date date-type="received"><day>17</day><month>9</month><year>2008</year></date><date date-type="rev-recd"><day>23</day><month>10</month><year>2008</year></date><date date-type="accepted"><day>23</day><month>10</month><year>2008</year></date></history><permissions><copyright-statement>© 2008 The Author(s)</copyright-statement><copyright-year>2008</copyright-year><license license-type="creative-commons" xlink:href="http://creativecommons.org/licenses/by-nc/2.0/uk/"><license-p><!--CREATIVE COMMONS-->This is an Open Access article distributed under the terms of the Creative Commons Attribution Non-Commercial License (<ext-link ext-link-type="uri" xlink:href="http://creativecommons.org/licenses/by-nc/2.0/uk/">http://creativecommons.org/licenses/by-nc/2.0/uk/</ext-link>) which permits unrestricted non-commercial use, distribution, and reproduction in any medium, provided the original work is properly cited.</license-p></license></permissions><abstract><p><bold>Summary:</bold> With their many replicates and their random layouts, Illumina BeadArrays provide greater scope fordetecting spatial artefacts than do other microarray technologies. They are also robust to artefact exclusion, yet there is a lack of tools that can perform these tasks for Illumina. We present BASH, a tool for this purpose. BASH adopts the concepts of Harshlight, but implements them in a manner that utilizes the unique characteristics of the Illumina technology. Using bead-level data, spatial artefacts of various kinds can thus be identified and excluded from further analyses.</p><p><bold>Availability:</bold> The <italic>beadarray</italic> Bioconductor package (version 1.10 onwards), <ext-link ext-link-type="uri" xlink:href="www.bioconductor.org">www.bioconductor.org</ext-link></p><p><bold>Contact:</bold><email>andy.lynch@cancer.org.uk</email></p><p><bold>Supplementary information:</bold> Additional information and a vignette are included in the <italic>beadarray</italic> package.</p></abstract></article-meta></front></article>