<article xmlns="https://dtd.nlm.nih.gov/ns/archiving/2.3/" xmlns:xsi="http://www.w3.org/2001/XMLSchema-instance" xmlns:mml="http://www.w3.org/1998/Math/MathML" xmlns:xlink="http://www.w3.org/1999/xlink" xsi:schemaLocation="https://dtd.nlm.nih.gov/ns/archiving/2.3/ https://dtd.nlm.nih.gov/archiving/2.3/xsd/archivearticle.xsd" article-type="research-article" xml:lang="EN"><front><journal-meta><journal-id journal-id-type="nlm-ta">Bioinformatics</journal-id><journal-id journal-id-type="publisher-id">bioinformatics</journal-id><journal-id journal-id-type="hwp">bioinfo</journal-id><journal-title>Bioinformatics</journal-title><issn pub-type="ppub">1367-4803</issn><issn pub-type="epub">1460-2059</issn><publisher><publisher-name>Oxford University Press</publisher-name></publisher></journal-meta><article-meta><article-id pub-id-type="accession">PMC2572702</article-id><article-id pub-id-type="pmcid">PMC2572702</article-id><article-id pub-id-type="pmc-uid">2572702</article-id><article-id pub-id-type="pmid">18779234</article-id><article-id pub-id-type="doi">10.1093/bioinformatics/btn473</article-id><article-id pub-id-type="publisher-id">btn473</article-id><article-id pub-id-type="pmid">18779234</article-id><article-categories><subj-group subj-group-type="heading"><subject>Applications Note</subject><subj-group><subject>Systems Biology</subject></subj-group></subj-group></article-categories><title-group><article-title>OmicsViz: Cytoscape plug-in for visualizing omics data across species</article-title></title-group><contrib-group><contrib contrib-type="author"><name><surname>Xia</surname><given-names>Tian</given-names></name><xref ref-type="aff" rid="AFF1"><sup>1</sup></xref></contrib><contrib contrib-type="author"><name><surname>Dickerson</surname><given-names>Julie A.</given-names></name><xref ref-type="aff" rid="AFF1"><sup>1</sup></xref><xref ref-type="aff" rid="AFF1"><sup>2</sup></xref><xref ref-type="corresp" rid="COR1">*</xref></contrib></contrib-group><aff id="AFF1"><sup>1</sup>Program of Bioinformatics and Computational Biology, <sup>2</sup>Department of Electrical and Computer Engineering, Iowa State University, Ames, IA 50010, USA</aff><author-notes><corresp id="COR1">*To whom correspondence should be addressed.</corresp><fn><p>Associate Editor: Trey Ideker</p></fn></author-notes><pub-date pub-type="ppub"><day>1</day><month>11</month><year>2008</year></pub-date><pub-date pub-type="epub"><day>8</day><month>9</month><year>2008</year></pub-date><pub-date pub-type="pmc-release"><day>8</day><month>9</month><year>2008</year></pub-date><!-- PMC Release delay is 0 months and 0 days and was based on the
			<pub-date pub-type="epub"/>. --><volume>24</volume><issue>21</issue><fpage>2557</fpage><lpage>2558</lpage><history><date date-type="received"><day>25</day><month>7</month><year>2008</year></date><date date-type="rev-recd"><day>25</day><month>7</month><year>2008</year></date><date date-type="accepted"><day>2</day><month>9</month><year>2008</year></date></history><permissions><copyright-statement>© 2008 The Author(s)</copyright-statement><copyright-year>2008</copyright-year><license license-type="creative-commons" xlink:href="http://creativecommons.org/licenses/by-nc/2.0/uk/"><p><!--CREATIVE COMMONS-->This is an Open Access article distributed under the terms of the Creative Commons Attribution Non-Commercial License (<ext-link ext-link-type="uri" xlink:href="http://creativecommons.org/licenses/by-nc/2.0/uk/">http://creativecommons.org/licenses/by-nc/2.0/uk/</ext-link>) which permits unrestricted non-commercial use, distribution, and reproduction in any medium, provided the original work is properly cited.</p></license></permissions><abstract><p><bold>Motivation:</bold> OmicsViz is a Cytoscape plug-in for mapping and visualizing large-scale omics datasets across species, including those with many-to-many mappings between homologs. This allows users to map their data onto pathways of related model organisms. Mapping schemas across species or different experimental protocols allow users to comparatively analyze the omics data. The data can also be visualized in parallel-coordinate plots.</p><p><bold>Availability:</bold> The latest version of OmicsViz with documentation, tutorial and jar files can be downloaded from <ext-link ext-link-type="uri" xlink:href="http://metnet.vrac.iastate.edu/MetNet_fcmodeler.htm">http://metnet.vrac.iastate.edu/MetNet_fcmodeler.htm</ext-link></p><p><bold>Contact:</bold><email>julied@iastate.edu</email></p></abstract></article-meta></front></article>