<article xmlns="https://jats.nlm.nih.gov/ns/archiving/1.2/" xmlns:xsi="http://www.w3.org/2001/XMLSchema-instance" xmlns:mml="http://www.w3.org/1998/Math/MathML" xmlns:xlink="http://www.w3.org/1999/xlink" xsi:schemaLocation="https://jats.nlm.nih.gov/ns/archiving/1.2/ https://jats.nlm.nih.gov/archiving/1.2/xsd/JATS-archivearticle1.xsd" article-type="research-article"><front><journal-meta><journal-id journal-id-type="nlm-ta">Bioinformatics</journal-id><journal-id journal-id-type="publisher-id">bioinformatics</journal-id><journal-id journal-id-type="hwp">bioinfo</journal-id><journal-title-group><journal-title>Bioinformatics</journal-title></journal-title-group><issn pub-type="ppub">1367-4803</issn><issn pub-type="epub">1460-2059</issn><publisher><publisher-name>Oxford University Press</publisher-name></publisher></journal-meta><article-meta><article-id pub-id-type="accession">PMC2718671</article-id><article-id pub-id-type="pmcid">PMC2718671</article-id><article-id pub-id-type="pmc-uid">2718671</article-id><article-id pub-id-type="pmid">18474506</article-id><article-id pub-id-type="pmid">18474506</article-id><article-id pub-id-type="doi">10.1093/bioinformatics/btn226</article-id><article-id pub-id-type="publisher-id">btn226</article-id><article-categories><subj-group subj-group-type="heading"><subject>Applications Note</subject><subj-group><subject>Phylogenetics</subject></subj-group></subj-group></article-categories><title-group><article-title>Malin: maximum likelihood analysis of intron evolution in eukaryotes</article-title></title-group><contrib-group><contrib contrib-type="author"><name><surname>Csűrös</surname><given-names>Miklós</given-names></name><xref ref-type="aff" rid="AFF1"><sup>1</sup></xref><xref ref-type="aff" rid="AFF1"><sup>2</sup></xref></contrib></contrib-group><aff id="AFF1"><sup>1</sup>Department of Computer Science and Operations Research, University of Montréal, Montréal, Québec, Canada and <sup>2</sup>Collegium Budapest Institute for Advanced Study, Budapest, Hungary</aff><author-notes><fn><p>Associate Editor: Martin Bishop</p></fn></author-notes><pub-date pub-type="ppub"><day>1</day><month>7</month><year>2008</year></pub-date><pub-date pub-type="epub"><day>12</day><month>5</month><year>2008</year></pub-date><pub-date pub-type="pmc-release"><day>12</day><month>5</month><year>2008</year></pub-date><!-- PMC Release delay is 0 months and 0 days and was based on the
							<pub-date pub-type="epub"/>. --><volume>24</volume><issue>13</issue><fpage>1538</fpage><lpage>1539</lpage><history><date date-type="received"><day>21</day><month>2</month><year>2008</year></date><date date-type="rev-recd"><day>14</day><month>4</month><year>2008</year></date><date date-type="accepted"><day>6</day><month>5</month><year>2008</year></date></history><permissions><copyright-statement>© 2008 The Author(s)</copyright-statement><copyright-year>2008</copyright-year><license license-type="creative-commons" xlink:href="http://creativecommons.org/licenses/by-nc/2.0/uk/"><license-p><!--CREATIVE COMMONS-->This is an Open Access article distributed under the terms of the Creative Commons Attribution Non-Commercial License (<ext-link ext-link-type="uri" xlink:href="http://creativecommons.org/licenses/by-nc/2.0/uk/">http://creativecommons.org/licenses/by-nc/2.0/uk/</ext-link>) which permits unrestricted non-commercial use, distribution, and reproduction in any medium, provided the original work is properly cited.</license-p></license></permissions><abstract><p><bold>Summary:</bold> Malin is a software package for the analysis of eukaryotic gene structure evolution. It provides a graphical user interface for various tasks commonly used to infer the evolution of exon–intron structure in protein-coding orthologs. Implemented tasks include the identification of conserved homologous intron sites in protein alignments, as well as the estimation of ancestral intron content, lineage-specific intron losses and gains. Estimates are computed either with parsimony, or with a probabilistic model that incorporates rate variation across lineages and intron sites.</p><p><bold>Availability:</bold> Malin is available as a stand-alone Java application, as well as an application bundle for MacOS X, at the website <ext-link ext-link-type="uri" xlink:href="http://www.iro.umontreal.ca/~csuros/introns/malin/">http://www.iro.umontreal.ca/~csuros/introns/malin/</ext-link>. The software is distributed under a BSD-style license.</p><p><bold>Contact:</bold><email>csuros@iro.umontreal.ca</email></p></abstract></article-meta></front></article>