<article xmlns="https://jats.nlm.nih.gov/ns/archiving/1.2/" xmlns:xsi="http://www.w3.org/2001/XMLSchema-instance" xmlns:mml="http://www.w3.org/1998/Math/MathML" xmlns:xlink="http://www.w3.org/1999/xlink" xsi:schemaLocation="https://jats.nlm.nih.gov/ns/archiving/1.2/ https://jats.nlm.nih.gov/archiving/1.2/xsd/JATS-archivearticle1.xsd" article-type="research-article"><front><journal-meta><journal-id journal-id-type="nlm-ta">Bioinformatics</journal-id><journal-id journal-id-type="publisher-id">bioinformatics</journal-id><journal-id journal-id-type="hwp">bioinfo</journal-id><journal-title-group><journal-title>Bioinformatics</journal-title></journal-title-group><issn pub-type="ppub">1367-4803</issn><issn pub-type="epub">1460-2059</issn><publisher><publisher-name>Oxford University Press</publisher-name></publisher></journal-meta><article-meta><article-id pub-id-type="accession">PMC2720692</article-id><article-id pub-id-type="pmcid">PMC2720692</article-id><article-id pub-id-type="pmc-uid">2720692</article-id><article-id pub-id-type="pmid">19129212</article-id><article-id pub-id-type="pmid">19129212</article-id><article-id pub-id-type="doi">10.1093/bioinformatics/btp005</article-id><article-id pub-id-type="publisher-id">btp005</article-id><article-categories><subj-group subj-group-type="heading"><subject>Applications Note</subject><subj-group><subject>Systems Biology</subject></subj-group></subj-group></article-categories><title-group><article-title>Prequips—an extensible software platform for integration, visualization and analysis of LC-MS/MS proteomics data</article-title></title-group><contrib-group><contrib contrib-type="author"><name><surname>Gehlenborg</surname><given-names>Nils</given-names></name><xref ref-type="aff" rid="AFF1"><sup>1</sup></xref><xref ref-type="aff" rid="AFF1"><sup>2</sup></xref><xref ref-type="aff" rid="AFF1"><sup>3</sup></xref></contrib><contrib contrib-type="author"><name><surname>Yan</surname><given-names>Wei</given-names></name><xref ref-type="aff" rid="AFF1"><sup>1</sup></xref></contrib><contrib contrib-type="author"><name><surname>Lee</surname><given-names>Inyoul Y.</given-names></name><xref ref-type="aff" rid="AFF1"><sup>1</sup></xref></contrib><contrib contrib-type="author"><name><surname>Yoo</surname><given-names>Hyuntae</given-names></name><xref ref-type="aff" rid="AFF1"><sup>1</sup></xref></contrib><contrib contrib-type="author"><name><surname>Nieselt</surname><given-names>Kay</given-names></name><xref ref-type="aff" rid="AFF1"><sup>2</sup></xref></contrib><contrib contrib-type="author"><name><surname>Hwang</surname><given-names>Daehee</given-names></name><xref ref-type="aff" rid="AFF1"><sup>1</sup></xref><xref ref-type="aff" rid="AFF1"><sup>4</sup></xref><xref ref-type="aff" rid="AFF1"><sup>5</sup></xref><xref ref-type="corresp" rid="COR1">*</xref></contrib><contrib contrib-type="author"><name><surname>Aebersold</surname><given-names>Ruedi</given-names></name><xref ref-type="aff" rid="AFF1"><sup>1</sup></xref><xref ref-type="aff" rid="AFF1"><sup>6</sup></xref></contrib><contrib contrib-type="author"><name><surname>Hood</surname><given-names>Leroy</given-names></name><xref ref-type="aff" rid="AFF1"><sup>1</sup></xref></contrib></contrib-group><aff id="AFF1"><sup>1</sup>Institute for Systems Biology, Seattle, USA, <sup>2</sup>Center for Bioinformatics Tübingen, University of Tübingen, Tübingen, Germany, <sup>3</sup>European Bioinformatics Institute, Wellcome Trust Genome Campus, Cambridge, UK, <sup>4</sup>I-Bio Program, <sup>5</sup>Department of Chemical Engineering, POSTECH, Pohang, Republic of Korea and <sup>6</sup>Institute for Molecular Systems Biology, ETH and Faculty of Natural Science, University of Zürich, Zürich, Switzerland</aff><author-notes><corresp id="COR1">*To whom correspondence should be addressed.</corresp><fn><p>Associate Editor: John Quackenbush</p></fn></author-notes><pub-date pub-type="ppub"><day>1</day><month>3</month><year>2009</year></pub-date><pub-date pub-type="epub"><day>6</day><month>1</month><year>2009</year></pub-date><pub-date pub-type="pmc-release"><day>1</day><month>3</month><year>2010</year></pub-date><!-- PMC Release delay is 12 months and 0 days and was based on the
					<pub-date pub-type="ppub"/>. --><volume>25</volume><issue>5</issue><fpage>682</fpage><lpage>683</lpage><history><date date-type="received"><day>19</day><month>10</month><year>2008</year></date><date date-type="rev-recd"><day>18</day><month>12</month><year>2008</year></date><date date-type="accepted"><day>30</day><month>12</month><year>2008</year></date></history><permissions><copyright-statement>© The Author 2009. Published by Oxford University Press. All rights reserved. For Permissions, please email: journals.permissions@oxfordjournals.org</copyright-statement><copyright-year>2009</copyright-year></permissions><abstract><p><bold>Summary:</bold> We describe an integrative software platform, Prequips, for comparative proteomics-based systems biology analysis that: (i) integrates all information generated from mass spectrometry (MS)-based proteomics as well as from basic proteomics data analysis tools, (ii) visualizes such information for various proteomic analyses via graphical interfaces and (iii) links peptide and protein abundances to external tools often used in systems biology studies.</p><p><bold>Availability:</bold><ext-link ext-link-type="uri" xlink:href="http://prequips.sourceforge.net">http://prequips.sourceforge.net</ext-link></p><p><bold>Contact:</bold><email>dhhwang@postech.ac.kr</email></p></abstract></article-meta></front></article>