<article xmlns="https://dtd.nlm.nih.gov/ns/archiving/2.3/" xmlns:xsi="http://www.w3.org/2001/XMLSchema-instance" xmlns:mml="http://www.w3.org/1998/Math/MathML" xmlns:xlink="http://www.w3.org/1999/xlink" xsi:schemaLocation="https://dtd.nlm.nih.gov/ns/archiving/2.3/ https://dtd.nlm.nih.gov/archiving/2.3/xsd/archivearticle.xsd" article-type="research-article" xml:lang="EN"><front><journal-meta><journal-id journal-id-type="nlm-ta">Bioinformatics</journal-id><journal-id journal-id-type="publisher-id">bioinformatics</journal-id><journal-id journal-id-type="hwp">bioinfo</journal-id><journal-title>Bioinformatics</journal-title><issn pub-type="ppub">1367-4803</issn><issn pub-type="epub">1460-2059</issn><publisher><publisher-name>Oxford University Press</publisher-name></publisher></journal-meta><article-meta><article-id pub-id-type="accession">PMC2647838</article-id><article-id pub-id-type="pmcid">PMC2647838</article-id><article-id pub-id-type="pmc-uid">2647838</article-id><article-id pub-id-type="pmid">19189978</article-id><article-id pub-id-type="doi">10.1093/bioinformatics/btp046</article-id><article-id pub-id-type="publisher-id">btp046</article-id><article-categories><subj-group subj-group-type="heading"><subject>Applications Note</subject><subj-group><subject>Databases and Ontologies</subject></subj-group></subj-group></article-categories><title-group><article-title>VANO: a volume-object image annotation system</article-title></title-group><contrib-group><contrib contrib-type="author"><name><surname>Peng</surname><given-names>Hanchuan</given-names></name><xref ref-type="corresp" rid="COR1">*</xref></contrib><contrib contrib-type="author"><name><surname>Long</surname><given-names>Fuhui</given-names></name></contrib><contrib contrib-type="author"><name><surname>Myers</surname><given-names>Eugene W.</given-names></name></contrib></contrib-group><aff>Janelia Farm Research Campus, Howard Hughes Medical Institute, Ashburn, Virginia, VA, USA</aff><author-notes><corresp id="COR1">*To whom correspondence should be addressed.</corresp><fn><p>Associate Editor: Jonathan Wren</p></fn></author-notes><pub-date pub-type="ppub"><day>1</day><month>3</month><year>2009</year></pub-date><pub-date pub-type="epub"><day>2</day><month>2</month><year>2009</year></pub-date><pub-date pub-type="pmc-release"><day>2</day><month>2</month><year>2009</year></pub-date><volume>25</volume><issue>5</issue><fpage>695</fpage><lpage>697</lpage><history><date date-type="received"><day>9</day><month>12</month><year>2008</year></date><date date-type="rev-recd"><day>14</day><month>1</month><year>2009</year></date><date date-type="accepted"><day>16</day><month>1</month><year>2009</year></date></history><permissions><copyright-statement>© 2009 The Author(s)</copyright-statement><copyright-year>2009</copyright-year><license license-type="creative-commons" xlink:href="http://creativecommons.org/licenses/by-nc/2.0/uk/"><p><!--CREATIVE COMMONS-->This is an Open Access article distributed under the terms of the Creative Commons Attribution Non-Commercial License (<ext-link ext-link-type="uri" xlink:href="http://creativecommons.org/licenses/by-nc/2.0/uk/">http://creativecommons.org/licenses/by-nc/2.0/uk/</ext-link>) which permits unrestricted non-commercial use, distribution, and reproduction in any medium, provided the original work is properly cited.</p></license></permissions><abstract><p>Volume-object annotation system (VANO) is a cross-platform image annotation system that enables one to conveniently visualize and annotate 3D volume objects including nuclei and cells. An application of VANO typically starts with an initial collection of objects produced by a segmentation computation. The objects can then be labeled, categorized, deleted, added, split, merged and redefined. VANO has been used to build high-resolution digital atlases of the nuclei of Caenorhabditis elegans at the L1 stage and the nuclei of Drosophila melanogaster's ventral nerve cord at the late embryonic stage.</p><p><bold>Availability</bold>: Platform independent executables of VANO, a sample dataset, and a detailed description of both its design and usage are available at research.janelia.org/peng/proj/vano. VANO is open-source for co-development.</p><p><bold>Contact:</bold><email>pengh@janelia.hhmi.org</email></p><p><bold>Supplementary information:</bold><ext-link ext-link-type="uri" xlink:href="http://bioinformatics.oxfordjournals.org/cgi/content/full/btp046/DC1">Supplementary data</ext-link> are available at <italic>Bioinformatics</italic> online.</p></abstract></article-meta></front></article>