<article xmlns="https://jats.nlm.nih.gov/ns/archiving/1.2/" xmlns:xsi="http://www.w3.org/2001/XMLSchema-instance" xmlns:mml="http://www.w3.org/1998/Math/MathML" xmlns:xlink="http://www.w3.org/1999/xlink" xsi:schemaLocation="https://jats.nlm.nih.gov/ns/archiving/1.2/ https://jats.nlm.nih.gov/archiving/1.2/xsd/JATS-archivearticle1.xsd" article-type="research-article"><front><journal-meta><journal-id journal-id-type="nlm-ta">Bioinformatics</journal-id><journal-id journal-id-type="publisher-id">bioinformatics</journal-id><journal-id journal-id-type="hwp">bioinfo</journal-id><journal-title-group><journal-title>Bioinformatics</journal-title></journal-title-group><issn pub-type="ppub">1367-4803</issn><issn pub-type="epub">1460-2059</issn><publisher><publisher-name>Oxford University Press</publisher-name></publisher></journal-meta><article-meta><article-id pub-id-type="accession">PMC2677747</article-id><article-id pub-id-type="pmcid">PMC2677747</article-id><article-id pub-id-type="pmc-uid">2677747</article-id><article-id pub-id-type="pmid">19346323</article-id><article-id pub-id-type="pmid">19346323</article-id><article-id pub-id-type="doi">10.1093/bioinformatics/btp161</article-id><article-id pub-id-type="publisher-id">btp161</article-id><article-categories><subj-group subj-group-type="heading"><subject>Applications Note</subject><subj-group><subject>Sequence Analysis</subject></subj-group></subj-group></article-categories><title-group><article-title>Identification of ribosomal RNA genes in metagenomic fragments</article-title></title-group><contrib-group><contrib contrib-type="author"><name><surname>Huang</surname><given-names>Ying</given-names></name></contrib><contrib contrib-type="author"><name><surname>Gilna</surname><given-names>Paul</given-names></name></contrib><contrib contrib-type="author"><name><surname>Li</surname><given-names>Weizhong</given-names></name><xref ref-type="corresp" rid="COR1">*</xref></contrib></contrib-group><aff>California Institute for Telecommunications and Information Technology, University of California, La Jolla, San Diego, California, USA</aff><author-notes><corresp id="COR1">*To whom correspondence should be addressed.</corresp><fn><p>Associate Editor: Ivo Hofacker</p></fn></author-notes><pub-date pub-type="ppub"><day>15</day><month>5</month><year>2009</year></pub-date><pub-date pub-type="epub"><day>3</day><month>4</month><year>2009</year></pub-date><pub-date pub-type="pmc-release"><day>3</day><month>4</month><year>2009</year></pub-date><!-- PMC Release delay is 0 months and 0 days and was based on the
							<pub-date pub-type="epub"/>. --><volume>25</volume><issue>10</issue><fpage>1338</fpage><lpage>1340</lpage><history><date date-type="received"><day>3</day><month>11</month><year>2008</year></date><date date-type="rev-recd"><day>16</day><month>3</month><year>2009</year></date><date date-type="accepted"><day>17</day><month>3</month><year>2009</year></date></history><permissions><copyright-statement>© 2009 The Author(s)</copyright-statement><copyright-year>2009</copyright-year><license license-type="creative-commons" xlink:href="http://creativecommons.org/licenses/by-nc/2.0/uk/"><license-p><!--CREATIVE COMMONS-->This is an Open Access article distributed under the terms of the Creative Commons Attribution Non-Commercial License (<ext-link ext-link-type="uri" xlink:href="http://creativecommons.org/licenses/by-nc/2.0/uk/">http://creativecommons.org/licenses/by-nc/2.0/uk/</ext-link>) which permits unrestricted non-commercial use, distribution, and reproduction in any medium, provided the original work is properly cited.</license-p></license></permissions><abstract><p><bold>Motivation:</bold> Identification of genes coding for ribosomal RNA (rRNA) is considered an important goal in the analysis of data from metagenomics projects. Here, we report the development of a software program designed for the identification of rRNA genes from metagenomic fragments based on hidden Markov models (HMMs). This program provides rRNA gene predictions with high sensitivity and specificity on artificially fragmented genomic DNAs.</p><p><bold>Availability:</bold> Supplementary files, scripts and sample data are available at <ext-link ext-link-type="uri" xlink:href="http://tools.camera.calit2.net/camera/meta_rna">http://tools.camera.calit2.net/camera/meta_rna</ext-link>.</p><p><bold>Contact:</bold><email>liwz@sdsc.edu</email></p><p><bold>Supplementary information:</bold><ext-link ext-link-type="uri" xlink:href="http://bioinformatics.oxfordjournals.org/cgi/content/full/btp161/DC1">Supplementary Data</ext-link> are available at <italic>Bioinformatics</italic> online.</p></abstract></article-meta></front></article>