<article xmlns="https://dtd.nlm.nih.gov/ns/archiving/2.3/" xmlns:xsi="http://www.w3.org/2001/XMLSchema-instance" xmlns:mml="http://www.w3.org/1998/Math/MathML" xmlns:xlink="http://www.w3.org/1999/xlink" xsi:schemaLocation="https://dtd.nlm.nih.gov/ns/archiving/2.3/ https://dtd.nlm.nih.gov/archiving/2.3/xsd/archivearticle.xsd" article-type="research-article" xml:lang="EN"><front><journal-meta><journal-id journal-id-type="nlm-ta">Bioinformatics</journal-id><journal-id journal-id-type="publisher-id">bioinformatics</journal-id><journal-id journal-id-type="hwp">bioinfo</journal-id><journal-title>Bioinformatics</journal-title><issn pub-type="ppub">1367-4803</issn><issn pub-type="epub">1460-2059</issn><publisher><publisher-name>Oxford University Press</publisher-name></publisher></journal-meta><article-meta><article-id pub-id-type="accession">PMC2654805</article-id><article-id pub-id-type="pmcid">PMC2654805</article-id><article-id pub-id-type="pmc-uid">2654805</article-id><article-id pub-id-type="pmid">19193732</article-id><article-id pub-id-type="doi">10.1093/bioinformatics/btp040</article-id><article-id pub-id-type="publisher-id">btp040</article-id><article-categories><subj-group subj-group-type="heading"><subject>Original Papers</subject><subj-group><subject>Gene Expression</subject></subj-group></subj-group></article-categories><title-group><article-title>Statistical methods of background correction for Illumina BeadArray data</article-title></title-group><contrib-group><contrib contrib-type="author"><name><surname>Xie</surname><given-names>Yang</given-names></name><xref ref-type="aff" rid="AFF1"><sup>1</sup></xref><xref ref-type="aff" rid="AFF1"><sup>2</sup></xref><xref ref-type="corresp" rid="COR1">*</xref></contrib><contrib contrib-type="author"><name><surname>Wang</surname><given-names>Xinlei</given-names></name><xref ref-type="aff" rid="AFF1"><sup>3</sup></xref></contrib><contrib contrib-type="author"><name><surname>Story</surname><given-names>Michael</given-names></name><xref ref-type="aff" rid="AFF1"><sup>2</sup></xref><xref ref-type="aff" rid="AFF1"><sup>4</sup></xref></contrib></contrib-group><aff id="AFF1"><sup>1</sup>Division of Biostatistics, Department of Clinical Sciences, <sup>2</sup>Simmons Cancer Center, University of Texas Southwestern Medical Center, <sup>3</sup>Department of Statistical Science, Southern Methodist University and <sup>4</sup>Department of Radiation Oncology, University of Texas Southwestern Medical Center, Dallas, USA</aff><author-notes><corresp id="COR1">*To whom correspondence should be addressed.</corresp><fn><p>Associate Editor: David Rocke</p></fn></author-notes><pub-date pub-type="ppub"><day>15</day><month>3</month><year>2009</year></pub-date><pub-date pub-type="epub"><day>4</day><month>2</month><year>2009</year></pub-date><volume>25</volume><issue>6</issue><fpage>751</fpage><lpage>757</lpage><history><date date-type="received"><day>26</day><month>9</month><year>2008</year></date><date date-type="rev-recd"><day>18</day><month>12</month><year>2008</year></date><date date-type="accepted"><day>17</day><month>1</month><year>2009</year></date></history><permissions><copyright-statement>© The Author 2009. Published by Oxford University Press. All rights reserved. For Permissions, please email: journals.permissions@oxfordjournals.org</copyright-statement><copyright-year>2009</copyright-year></permissions><abstract><p><bold>Motivation:</bold> Advances in technology have made different microarray platforms available. Among the many, Illumina BeadArrays are relatively new and have captured significant market share. With BeadArray technology, high data quality is generated from low sample input at reduced cost. However, the analysis methods for Illumina BeadArrays are far behind those for Affymetrix oligonucleotide arrays, and so need to be improved.</p><p><bold>Results:</bold> In this article, we consider the problem of background correction for BeadArray data. One distinct feature of BeadArrays is that for each array, the noise is controlled by over 1000 bead types conjugated with non-specific oligonucleotide sequences. We extend the robust multi-array analysis (RMA) background correction model to incorporate the information from negative control beads, and consider three commonly used approaches for parameter estimation, namely, non-parametric, maximum likelihood estimation (MLE) and Bayesian estimation. The proposed approaches, as well as the existing background correction methods, are compared through simulation studies and a data example. We find that the maximum likelihood and Bayes methods seem to be the most promising.</p><p><bold>Contact:</bold><email>yang.xie@utsouthwestern.edu</email></p><p><bold>Supplementary information:</bold><ext-link ext-link-type="uri" xlink:href="http://bioinformatics.oxfordjournals.org/cgi/content/full/btp040/DC1">Supplementary data</ext-link> are available at <italic>Bioinformatics</italic> online.</p></abstract></article-meta></front></article>