<article xmlns="https://jats.nlm.nih.gov/ns/archiving/1.2/" xmlns:xsi="http://www.w3.org/2001/XMLSchema-instance" xmlns:mml="http://www.w3.org/1998/Math/MathML" xmlns:xlink="http://www.w3.org/1999/xlink" xsi:schemaLocation="https://jats.nlm.nih.gov/ns/archiving/1.2/ https://jats.nlm.nih.gov/archiving/1.2/xsd/JATS-archivearticle1.xsd" article-type="research-article"><front><journal-meta><journal-id journal-id-type="nlm-ta">Bioinformatics</journal-id><journal-id journal-id-type="publisher-id">bioinformatics</journal-id><journal-id journal-id-type="hwp">bioinfo</journal-id><journal-title-group><journal-title>Bioinformatics</journal-title></journal-title-group><issn pub-type="ppub">1367-4803</issn><issn pub-type="epub">1460-2059</issn><publisher><publisher-name>Oxford University Press</publisher-name></publisher></journal-meta><article-meta><article-id pub-id-type="accession">PMC2735660</article-id><article-id pub-id-type="pmcid">PMC2735660</article-id><article-id pub-id-type="pmc-uid">2735660</article-id><article-id pub-id-type="pmid">19561015</article-id><article-id pub-id-type="doi">10.1093/bioinformatics/btp397</article-id><article-id pub-id-type="publisher-id">btp397</article-id><article-categories><subj-group subj-group-type="heading"><subject>Original Papers</subject><subj-group><subject>Data and Text Mining</subject></subj-group></subj-group></article-categories><title-group><article-title>The impact of incomplete knowledge on evaluation: an experimental benchmark for protein function prediction</article-title></title-group><contrib-group><contrib contrib-type="author"><name><surname>Huttenhower</surname><given-names>Curtis</given-names></name><xref ref-type="aff" rid="AFF1"><sup>1</sup></xref><xref ref-type="aff" rid="AFF1"><sup>2</sup></xref><xref ref-type="author-notes" rid="FN1"><sup>†</sup></xref></contrib><contrib contrib-type="author"><name><surname>Hibbs</surname><given-names>Matthew A.</given-names></name><xref ref-type="aff" rid="AFF1"><sup>3</sup></xref><xref ref-type="author-notes" rid="FN1"><sup>†</sup></xref></contrib><contrib contrib-type="author"><name><surname>Myers</surname><given-names>Chad L.</given-names></name><xref ref-type="aff" rid="AFF1"><sup>4</sup></xref><xref ref-type="author-notes" rid="FN1"><sup>†</sup></xref></contrib><contrib contrib-type="author"><name><surname>Caudy</surname><given-names>Amy A.</given-names></name><xref ref-type="aff" rid="AFF1"><sup>2</sup></xref></contrib><contrib contrib-type="author"><name><surname>Hess</surname><given-names>David C.</given-names></name><xref ref-type="aff" rid="AFF1"><sup>2</sup></xref></contrib><contrib contrib-type="author"><name><surname>Troyanskaya</surname><given-names>Olga G.</given-names></name><xref ref-type="aff" rid="AFF1"><sup>1</sup></xref><xref ref-type="aff" rid="AFF1"><sup>2</sup></xref><xref ref-type="corresp" rid="COR1">*</xref></contrib></contrib-group><aff id="AFF1"><sup>1</sup>Department of Computer Science, Princeton University, 35 Olden Street, Princeton, NJ 08540-5233, <sup>2</sup>Lewis-Sigler Institute for Integrative Genomics, Carl Icahn Laboratory, Princeton University, Princeton, NJ 08544, <sup>3</sup>Jackson Laboratory, 600 Main Street, Bar Harbor, ME 04609 and <sup>4</sup>Department of Computer Science, University of Minnesota, 200 Union Street SE, Minneapolis, MN 55455, USA</aff><author-notes><corresp id="COR1">*To whom correspondence should be addressed.</corresp><fn id="FN1"><p><sup>†</sup>The authors wish it to be known that, in their opinion, the first three authors should be regarded as joint First Authors.</p></fn><fn><p>Associate Editor: Jonathan Wren</p></fn></author-notes><pub-date pub-type="ppub"><day>15</day><month>9</month><year>2009</year></pub-date><pub-date pub-type="epub"><day>26</day><month>6</month><year>2009</year></pub-date><pub-date pub-type="pmc-release"><day>15</day><month>9</month><year>2010</year></pub-date><!-- PMC Release delay is 12 months and 0 days and was based on the
					<pub-date pub-type="ppub"/>. --><volume>25</volume><issue>18</issue><fpage>2404</fpage><lpage>2410</lpage><history><date date-type="received"><day>10</day><month>4</month><year>2009</year></date><date date-type="rev-recd"><day>5</day><month>6</month><year>2009</year></date><date date-type="accepted"><day>23</day><month>6</month><year>2009</year></date></history><permissions><copyright-statement>© The Author 2009. Published by Oxford University Press. All rights reserved. For Permissions, please email: journals.permissions@oxfordjournals.org</copyright-statement></permissions><abstract><p><bold>Motivation:</bold> Rapidly expanding repositories of highly informative genomic data have generated increasing interest in methods for protein function prediction and inference of biological networks. The successful application of supervised machine learning to these tasks requires a gold standard for protein function: a trusted set of correct examples, which can be used to assess performance through cross-validation or other statistical approaches. Since gene annotation is incomplete for even the best studied model organisms, the biological reliability of such evaluations may be called into question.</p><p><bold>Results:</bold> We address this concern by constructing and analyzing an experimentally based gold standard through comprehensive validation of protein function predictions for mitochondrion biogenesis in <italic>Saccharomyces cerevisiae</italic>. Specifically, we determine that (i) current machine learning approaches are able to generalize and predict novel biology from an incomplete gold standard and (ii) incomplete functional annotations adversely affect the evaluation of machine learning performance. While computational approaches performed better than predicted in the face of incomplete data, relative comparison of competing approaches—even those employing the same training data—is problematic with a sparse gold standard. Incomplete knowledge causes individual methods' performances to be differentially underestimated, resulting in misleading performance evaluations. We provide a benchmark gold standard for yeast mitochondria to complement current databases and an analysis of our experimental results in the hopes of mitigating these effects in future comparative evaluations.</p><p><bold>Availability:</bold> The mitochondrial benchmark gold standard, as well as experimental results and additional data, is available at <ext-link ext-link-type="uri" xlink:href="http://function.princeton.edu/mitochondria">http://function.princeton.edu/mitochondria</ext-link></p><p><bold>Contact:</bold><email>ogt@cs.princeton.edu</email></p><p><bold>Supplementary information:</bold><ext-link ext-link-type="uri" xlink:href="http://bioinformatics.oxfordjournals.org/cgi/content/full/btp397/DC1">Supplementary data</ext-link> are available at <italic>Bioinformatics</italic> online.</p></abstract></article-meta></front></article>