<article xmlns="https://jats.nlm.nih.gov/ns/archiving/1.2/" xmlns:xsi="http://www.w3.org/2001/XMLSchema-instance" xmlns:mml="http://www.w3.org/1998/Math/MathML" xmlns:xlink="http://www.w3.org/1999/xlink" xsi:schemaLocation="https://jats.nlm.nih.gov/ns/archiving/1.2/ https://jats.nlm.nih.gov/archiving/1.2/xsd/JATS-archivearticle1.xsd" article-type="research-article"><front><journal-meta><journal-id journal-id-type="nlm-ta">Bioinformatics</journal-id><journal-id journal-id-type="publisher-id">bioinformatics</journal-id><journal-id journal-id-type="hwp">bioinfo</journal-id><journal-title-group><journal-title>Bioinformatics</journal-title></journal-title-group><issn pub-type="ppub">1367-4803</issn><issn pub-type="epub">1460-2059</issn><publisher><publisher-name>Oxford University Press</publisher-name></publisher></journal-meta><article-meta><article-id pub-id-type="accession">PMC2732279</article-id><article-id pub-id-type="pmcid">PMC2732279</article-id><article-id pub-id-type="pmc-uid">2732279</article-id><article-id pub-id-type="pmid">18776194</article-id><article-id pub-id-type="pmid">18776194</article-id><article-id pub-id-type="doi">10.1093/bioinformatics/btn467</article-id><article-id pub-id-type="publisher-id">btn467</article-id><article-categories><subj-group subj-group-type="heading"><subject>Applications Note</subject><subj-group><subject>Gene Expression</subject></subj-group></subj-group></article-categories><title-group><article-title>STREAM: Static Thermodynamic REgulAtory Model of transcription</article-title></title-group><contrib-group><contrib contrib-type="author"><name><surname>Bauer</surname><given-names>Denis C.</given-names></name><xref ref-type="corresp" rid="COR1">*</xref></contrib><contrib contrib-type="author"><name><surname>Bailey</surname><given-names>Timothy L.</given-names></name><xref ref-type="corresp" rid="COR1">*</xref></contrib></contrib-group><aff>Institute for Molecular Bioscience, University of Queensland, Brisbane, Qld. 4072, Australia</aff><author-notes><corresp id="COR1">*To whom correspondence should be addressed.</corresp><fn><p>Associate Editor: Joaquin Dopazo</p></fn></author-notes><pub-date pub-type="ppub"><day>1</day><month>11</month><year>2008</year></pub-date><pub-date pub-type="epub"><day>6</day><month>9</month><year>2008</year></pub-date><pub-date pub-type="pmc-release"><day>6</day><month>9</month><year>2008</year></pub-date><!-- PMC Release delay is 0 months and 0 days and was based on the
							<pub-date pub-type="epub"/>. --><!-- oupReleaseDelayRemoved from OA Article (10.1093/bioinformatics/btn467btn467APPLICATIONS NOTEGENE EXPRESSIONSTREAM: Static Thermodynamic REgulAtory Model of transcriptionBauerDenis C.*BaileyTimothy L.*Institute for Molecular Bioscience, University of Queensland, Brisbane, Qld. 4072, Australia*To whom correspondence should be addressed.Associate Editor: Joaquin Dopazo1112008692008242125442545276200811820082882008&#x000a9; 2008 The Author(s)2008This is an Open Access article distributed under the terms of the Creative Commons Attribution Non-Commercial License (http://creativecommons.org/licenses/by-nc/2.0/uk/) which permits unrestricted non-commercial use, distribution, and reproduction in any medium, provided the original work is properly cited.Motivation: Understanding the transcriptional regulation of a gene in detail is a crucial step towards uncovering and ultimately utilizing the regulatory grammar of the genome. Modeling transcriptional regulation using thermodynamic equations has become an increasingly important approach towards this goal.Here, we present stream, the first publicly available framework for modeling, visualizing and predicting the regulation of the transcription rate of a target gene. Given the concentrations of a set of transcription factors (TFs), the TF binding sites (TFBSs) in a regulatory DNA region, and the transcription rate of the target gene, stream will optimize its parameters to generate a model that best fits the input data. This trained model can then be used to (a) validate that the given set of TFs is able to regulate the target gene and (b) to predict the transcription rate under different conditions (e.g. different tissues, knockout/additional TFs or mutated/missing TFBSs).Availability: The platform independent executable of stream, as well as a tutorial and the full documentation, are available at http://bioinformatics.org.au/stream/. stream requires Java version 5 or higher.Contact: d.bauer@imb.uq.edu.au; t.bailey@imb.uq.edu.au) --><volume>24</volume><issue>21</issue><fpage>2544</fpage><lpage>2545</lpage><history><date date-type="received"><day>27</day><month>6</month><year>2008</year></date><date date-type="rev-recd"><day>11</day><month>8</month><year>2008</year></date><date date-type="accepted"><day>28</day><month>8</month><year>2008</year></date></history><permissions><copyright-statement>© 2008 The Author(s)</copyright-statement><copyright-year>2008</copyright-year><license license-type="creative-commons" xlink:href="http://creativecommons.org/licenses/by-nc/2.0/uk/"><license-p><!--CREATIVE COMMONS-->This is an Open Access article distributed under the terms of the Creative Commons Attribution Non-Commercial License (<ext-link ext-link-type="uri" xlink:href="http://creativecommons.org/licenses/by-nc/2.0/uk/">http://creativecommons.org/licenses/by-nc/2.0/uk/</ext-link>) which permits unrestricted non-commercial use, distribution, and reproduction in any medium, provided the original work is properly cited.</license-p></license></permissions><abstract><p><bold>Motivation:</bold> Understanding the transcriptional regulation of a gene in detail is a crucial step towards uncovering and ultimately utilizing the regulatory grammar of the genome. Modeling transcriptional regulation using thermodynamic equations has become an increasingly important approach towards this goal.</p><p>Here, we present <sc>stream</sc>, the first publicly available framework for modeling, visualizing and predicting the regulation of the transcription rate of a target gene. Given the concentrations of a set of transcription factors (TFs), the TF binding sites (TFBSs) in a regulatory DNA region, and the transcription rate of the target gene, <sc>stream</sc> will optimize its parameters to generate a model that best fits the input data. This trained model can then be used to (a) validate that the given set of TFs is able to regulate the target gene and (b) to predict the transcription rate under different conditions (e.g. different tissues, knockout/additional TFs or mutated/missing TFBSs).</p><p><bold>Availability:</bold> The platform independent executable of <sc>stream</sc>, as well as a tutorial and the full documentation, are available at <ext-link ext-link-type="uri" xlink:href="http://bioinformatics.org.au/stream/">http://bioinformatics.org.au/stream/</ext-link>. <sc>stream</sc> requires Java version 5 or higher.</p><p><bold>Contact:</bold><email>d.bauer@imb.uq.edu.au</email>; <email>t.bailey@imb.uq.edu.au</email></p></abstract></article-meta></front></article>