<article xmlns="https://jats.nlm.nih.gov/ns/archiving/1.2/" xmlns:xsi="http://www.w3.org/2001/XMLSchema-instance" xmlns:mml="http://www.w3.org/1998/Math/MathML" xmlns:xlink="http://www.w3.org/1999/xlink" xsi:schemaLocation="https://jats.nlm.nih.gov/ns/archiving/1.2/ https://jats.nlm.nih.gov/archiving/1.2/xsd/JATS-archivearticle1.xsd" article-type="research-article"><front><journal-meta><journal-id journal-id-type="nlm-ta">Bioinformatics</journal-id><journal-id journal-id-type="publisher-id">bioinformatics</journal-id><journal-id journal-id-type="hwp">bioinfo</journal-id><journal-title-group><journal-title>Bioinformatics</journal-title></journal-title-group><issn pub-type="ppub">1367-4803</issn><issn pub-type="epub">1460-2059</issn><publisher><publisher-name>Oxford University Press</publisher-name></publisher></journal-meta><article-meta><article-id pub-id-type="accession">PMC2718658</article-id><article-id pub-id-type="pmcid">PMC2718658</article-id><article-id pub-id-type="pmc-uid">2718658</article-id><article-id pub-id-type="pmid">18586725</article-id><article-id pub-id-type="pmid">18586725</article-id><article-id pub-id-type="doi">10.1093/bioinformatics/btn182</article-id><article-id pub-id-type="publisher-id">btn182</article-id><article-categories><subj-group subj-group-type="heading"><subject>Ismb 2008 Conference Proceedings 19–23 July 2008, Toronto</subject><subj-group><subject>Original Papers</subject><subj-group><subject>Text Mining</subject></subj-group></subj-group></subj-group></article-categories><title-group><article-title>Identifying gene-disease associations using centrality on a literature mined gene-interaction network</article-title></title-group><contrib-group><contrib contrib-type="author"><name><surname>Özgür</surname><given-names>Arzucan</given-names></name><xref ref-type="aff" rid="AFF1"><sup>1</sup></xref></contrib><contrib contrib-type="author"><name><surname>Vu</surname><given-names>Thuy</given-names></name><xref ref-type="aff" rid="AFF1"><sup>1</sup></xref></contrib><contrib contrib-type="author"><name><surname>Erkan</surname><given-names>Güneş</given-names></name><xref ref-type="aff" rid="AFF1"><sup>1</sup></xref></contrib><contrib contrib-type="author"><name><surname>Radev</surname><given-names>Dragomir R.</given-names></name><xref ref-type="aff" rid="AFF1"><sup>1</sup></xref><xref ref-type="aff" rid="AFF1"><sup>2</sup></xref><xref ref-type="corresp" rid="COR1">*</xref></contrib></contrib-group><aff id="AFF1"><sup>1</sup>Electrical Engineering and Computer Science and <sup>2</sup>School of Information, University of Michigan, Ann Arbor, MI 48109, USA</aff><author-notes><corresp id="COR1">*To whom correspondence should be addressed.</corresp></author-notes><pub-date pub-type="ppub"><day>1</day><month>7</month><year>2008</year></pub-date><pub-date pub-type="pmc-release"><day>1</day><month>7</month><year>2008</year></pub-date><!-- PMC Release delay is 0 months and 0 days and was based on the
							<pub-date pub-type="ppub"/>. --><volume>24</volume><issue>13</issue><fpage>i277</fpage><lpage>i285</lpage><permissions><copyright-statement>© 2008 The Author(s)</copyright-statement><copyright-year>2008</copyright-year><license license-type="creative-commons" xlink:href="http://creativecommons.org/licenses/by-nc/2.0/uk/"><license-p><!--CREATIVE COMMONS-->This is an Open Access article distributed under the terms of the Creative Commons Attribution Non-Commercial License (<ext-link ext-link-type="uri" xlink:href="http://creativecommons.org/licenses/by-nc/2.0/uk/">http://creativecommons.org/licenses/by-nc/2.0/uk/</ext-link>) which permits unrestricted non-commercial use, distribution, and reproduction in any medium, provided the original work is properly cited.</license-p></license></permissions><abstract><p><bold>Motivation:</bold> Understanding the role of genetics in diseases is one of the most important aims of the biological sciences. The completion of the Human Genome Project has led to a rapid increase in the number of publications in this area. However, the coverage of curated databases that provide information manually extracted from the literature is limited. Another challenge is that determining disease-related genes requires laborious experiments. Therefore, predicting good candidate genes before experimental analysis will save time and effort. We introduce an automatic approach based on text mining and network analysis to predict gene-disease associations. We collected an initial set of known disease-related genes and built an interaction network by automatic literature mining based on dependency parsing and support vector machines. Our hypothesis is that the central genes in this disease-specific network are likely to be related to the disease. We used the degree, eigenvector, betweenness and closeness centrality metrics to rank the genes in the network.</p><p><bold>Results:</bold> The proposed approach can be used to extract known and to infer unknown gene-disease associations. We evaluated the approach for prostate cancer. Eigenvector and degree centrality achieved high accuracy. A total of 95% of the top 20 genes ranked by these methods are confirmed to be related to prostate cancer. On the other hand, betweenness and closeness centrality predicted more genes whose relation to the disease is currently unknown and are candidates for experimental study.</p><p><bold>Availability:</bold> A web-based system for browsing the disease-specific gene-interaction networks is available at: <ext-link ext-link-type="uri" xlink:href="http://gin.ncibi.org">http://gin.ncibi.org</ext-link></p><p><bold>Contact:</bold><email>radev@umich.edu</email></p></abstract></article-meta></front></article>