<article xmlns="https://dtd.nlm.nih.gov/ns/archiving/2.3/" xmlns:xsi="http://www.w3.org/2001/XMLSchema-instance" xmlns:mml="http://www.w3.org/1998/Math/MathML" xmlns:xlink="http://www.w3.org/1999/xlink" xsi:schemaLocation="https://dtd.nlm.nih.gov/ns/archiving/2.3/ https://dtd.nlm.nih.gov/archiving/2.3/xsd/archivearticle.xsd" article-type="research-article" xml:lang="EN"><front><journal-meta><journal-id journal-id-type="nlm-ta">Bioinformatics</journal-id><journal-id journal-id-type="publisher-id">bioinformatics</journal-id><journal-id journal-id-type="hwp">bioinfo</journal-id><journal-title>Bioinformatics</journal-title><issn pub-type="ppub">1367-4803</issn><issn pub-type="epub">1460-2059</issn><publisher><publisher-name>Oxford University Press</publisher-name></publisher></journal-meta><article-meta><article-id pub-id-type="accession">PMC2687991</article-id><article-id pub-id-type="pmcid">PMC2687991</article-id><article-id pub-id-type="pmc-uid">2687991</article-id><article-id pub-id-type="pmid">19369502</article-id><article-id pub-id-type="doi">10.1093/bioinformatics/btp253</article-id><article-id pub-id-type="publisher-id">btp253</article-id><article-categories><subj-group subj-group-type="heading"><subject>Applications Note</subject><subj-group><subject>Genetics and Population Analysis</subject></subj-group></subj-group></article-categories><title-group><article-title>Fluctuation AnaLysis CalculatOR: a web tool for the determination of mutation rate using Luria–Delbrück fluctuation analysis</article-title></title-group><contrib-group><contrib contrib-type="author"><name><surname>Hall</surname><given-names>Brandon M.</given-names></name><xref ref-type="aff" rid="AFF1"><sup>1</sup></xref><xref ref-type="corresp" rid="COR1">*</xref></contrib><contrib contrib-type="author"><name><surname>Ma</surname><given-names>Chang-Xing</given-names></name><xref ref-type="aff" rid="AFF1"><sup>2</sup></xref></contrib><contrib contrib-type="author"><name><surname>Liang</surname><given-names>Ping</given-names></name><xref ref-type="aff" rid="AFF1"><sup>3</sup></xref></contrib><contrib contrib-type="author"><name><surname>Singh</surname><given-names>Keshav K.</given-names></name><xref ref-type="aff" rid="AFF1"><sup>1</sup></xref></contrib></contrib-group><aff id="AFF1"><sup>1</sup>Department of Cancer Genetics, Roswell Park Cancer Institute, Elm &amp; Carlton Streets, Buffalo, NY 14263, <sup>2</sup>Department of Biostatistics, State University of New York at Buffalo, Buffalo, NY 14214, USA and <sup>3</sup>Department of Biological Sciences, Brock University, St. Catharines, Ontario L2S 3A1, Canada</aff><author-notes><corresp id="COR1">*To whom correspondence should be addressed.</corresp><fn><p>Associate Editor: Martin Bishop</p></fn></author-notes><pub-date pub-type="ppub"><day>15</day><month>6</month><year>2009</year></pub-date><pub-date pub-type="epub"><day>15</day><month>4</month><year>2009</year></pub-date><volume>25</volume><issue>12</issue><fpage>1564</fpage><lpage>1565</lpage><history><date date-type="received"><day>31</day><month>12</month><year>2008</year></date><date date-type="rev-recd"><day>7</day><month>4</month><year>2009</year></date><date date-type="accepted"><day>8</day><month>4</month><year>2009</year></date></history><permissions><copyright-statement>© The Author 2009. Published by Oxford University Press. All rights reserved. For Permissions, please email: journals.permissions@oxfordjournals.org</copyright-statement><copyright-year>2009</copyright-year></permissions><abstract><p><bold>Summary:</bold>The program Fluctuation AnaLysis CalculatOR (FALCOR) is a web tool designed for use with Luria–Delbrück fluctuation analysis to calculate the frequency and rate from various mutation assays in bacteria and yeast. Three calculation methods are available through this program: (i) Ma-Sandri-Sarkar Maximum Likelihood Estimator (MSS-MLE) method, (ii) Lea-Coulson method of the median (LC) and (iii) frequency.</p><p><bold>Availability:</bold> The FALCOR rate calculator is currently accessible at <ext-link ext-link-type="uri" xlink:href="http://www.mitochondria.org/protocols/FALCOR.html">http://www.mitochondria.org/protocols/FALCOR.html</ext-link>. This program is written as a Java™ Applet, requiring a web browser enabled with Sun MicroSystems' Java Virtual Machine.</p><p><bold>Contact:</bold><ext-link ext-link-type="uri" xlink:href="brandon.hall@roswellpark.org">brandon.hall@roswellpark.org</ext-link></p></abstract></article-meta></front></article>