<article xmlns="https://jats.nlm.nih.gov/ns/archiving/1.2/" xmlns:xsi="http://www.w3.org/2001/XMLSchema-instance" xmlns:mml="http://www.w3.org/1998/Math/MathML" xmlns:xlink="http://www.w3.org/1999/xlink" xsi:schemaLocation="https://jats.nlm.nih.gov/ns/archiving/1.2/ https://jats.nlm.nih.gov/archiving/1.2/xsd/JATS-archivearticle1.xsd" article-type="research-article"><front><journal-meta><journal-id journal-id-type="nlm-ta">Bioinformatics</journal-id><journal-id journal-id-type="publisher-id">bioinformatics</journal-id><journal-id journal-id-type="hwp">bioinfo</journal-id><journal-title-group><journal-title>Bioinformatics</journal-title></journal-title-group><issn pub-type="ppub">1367-4803</issn><issn pub-type="epub">1460-2059</issn><publisher><publisher-name>Oxford University Press</publisher-name></publisher></journal-meta><article-meta><article-id pub-id-type="accession">PMC2718643</article-id><article-id pub-id-type="pmcid">PMC2718643</article-id><article-id pub-id-type="pmc-uid">2718643</article-id><article-id pub-id-type="pmid">18586712</article-id><article-id pub-id-type="pmid">18586712</article-id><article-id pub-id-type="doi">10.1093/bioinformatics/btn165</article-id><article-id pub-id-type="publisher-id">btn165</article-id><article-categories><subj-group subj-group-type="heading"><subject>Ismb 2008 Conference Proceedings 19–23 July 2008, Toronto</subject><subj-group><subject>Original Papers</subject><subj-group><subject>Protein Structure and Function</subject></subj-group></subj-group></subj-group></article-categories><title-group><article-title>Designing succinct structural alphabets</article-title></title-group><contrib-group><contrib contrib-type="author"><name><surname>Li</surname><given-names>Shuai Cheng</given-names></name><xref ref-type="aff" rid="AFF1"><sup>1</sup></xref></contrib><contrib contrib-type="author"><name><surname>Bu</surname><given-names>Dongbo</given-names></name><xref ref-type="aff" rid="AFF1"><sup>1</sup></xref><xref ref-type="aff" rid="AFF1"><sup>2</sup></xref></contrib><contrib contrib-type="author"><name><surname>Gao</surname><given-names>Xin</given-names></name><xref ref-type="aff" rid="AFF1"><sup>1</sup></xref></contrib><contrib contrib-type="author"><name><surname>Xu</surname><given-names>Jinbo</given-names></name><xref ref-type="aff" rid="AFF1"><sup>3</sup></xref><xref ref-type="corresp" rid="COR1">*</xref></contrib><contrib contrib-type="author"><name><surname>Li</surname><given-names>Ming</given-names></name><xref ref-type="aff" rid="AFF1"><sup>1</sup></xref><xref ref-type="corresp" rid="COR1">*</xref></contrib></contrib-group><aff id="AFF1"><sup>1</sup>David R. Cheriton School of Computer Science, University of Waterloo, Waterloo, Ont. N2L 3G1, Canada, <sup>2</sup>Institute for Computing Technology, Chinese Academy of Sciences, China and <sup>3</sup>Toyota Technological Institute at Chicago, IL 60637, USA</aff><author-notes><corresp id="COR1">*To whom correspondence should be addressed.</corresp></author-notes><pub-date pub-type="ppub"><day>1</day><month>7</month><year>2008</year></pub-date><pub-date pub-type="pmc-release"><day>1</day><month>7</month><year>2008</year></pub-date><!-- PMC Release delay is 0 months and 0 days and was based on the
							<pub-date pub-type="ppub"/>. --><volume>24</volume><issue>13</issue><fpage>i182</fpage><lpage>i189</lpage><permissions><copyright-statement>© 2008 The Author(s)</copyright-statement><copyright-year>2008</copyright-year><license license-type="creative-commons" xlink:href="http://creativecommons.org/licenses/by-nc/2.0/uk/"><license-p><!--CREATIVE COMMONS-->This is an Open Access article distributed under the terms of the Creative Commons Attribution Non-Commercial License (<ext-link ext-link-type="uri" xlink:href="http://creativecommons.org/licenses/by-nc/2.0/uk/">http://creativecommons.org/licenses/by-nc/2.0/uk/</ext-link>) which permits unrestricted non-commercial use, distribution, and reproduction in any medium, provided the original work is properly cited.</license-p></license></permissions><abstract><p><bold>Motivation:</bold> The 3D structure of a protein sequence can be assembled from the substructures corresponding to small segments of this sequence. For each small sequence segment, there are only a few more likely substructures. We call them the ‘structural alphabet’ for this segment. Classical approaches such as ROSETTA used sequence profile and secondary structure information, to predict structural fragments. In contrast, we utilize more structural information, such as solvent accessibility and contact capacity, for finding structural fragments.</p><p><bold>Results:</bold> Integer linear programming technique is applied to derive the best combination of these sequence and structural information items. This approach generates significantly more accurate and succinct structural alphabets with more than 50% improvement over the previous accuracies. With these novel structural alphabets, we are able to construct more accurate protein structures than the state-of-art <italic>ab initio</italic> protein structure prediction programs such as ROSETTA. We are also able to reduce the Kolodny's library size by a factor of 8, at the same accuracy.</p><p><bold>Availability:</bold> The online FRazor server is under construction</p><p><bold>Contact:</bold><email>scli@uwaterloo.ca</email>,<email>mli@uwaterloo.ca</email>, <email>j3xu@tti-c.org</email></p></abstract></article-meta></front></article>