<article xmlns="https://dtd.nlm.nih.gov/ns/archiving/2.3/" xmlns:xsi="http://www.w3.org/2001/XMLSchema-instance" xmlns:mml="http://www.w3.org/1998/Math/MathML" xmlns:xlink="http://www.w3.org/1999/xlink" xsi:schemaLocation="https://dtd.nlm.nih.gov/ns/archiving/2.3/ https://dtd.nlm.nih.gov/archiving/2.3/xsd/archivearticle.xsd" article-type="research-article" xml:lang="EN"><front><journal-meta><journal-id journal-id-type="nlm-ta">Bioinformatics</journal-id><journal-id journal-id-type="publisher-id">bioinformatics</journal-id><journal-id journal-id-type="hwp">bioinfo</journal-id><journal-title>Bioinformatics</journal-title><issn pub-type="ppub">1367-4803</issn><issn pub-type="epub">1460-2059</issn><publisher><publisher-name>Oxford University Press</publisher-name></publisher></journal-meta><article-meta><article-id pub-id-type="accession">PMC2687946</article-id><article-id pub-id-type="pmcid">PMC2687946</article-id><article-id pub-id-type="pmc-uid">2687946</article-id><article-id pub-id-type="pmid">19477978</article-id><article-id pub-id-type="doi">10.1093/bioinformatics/btp192</article-id><article-id pub-id-type="publisher-id">btp192</article-id><article-categories><subj-group subj-group-type="heading"><subject>Ismb/Eccb 2009 Conference Proceedings June 27 to July 2, 2009, Stockholm, Sweden</subject><subj-group><subject>Original Papers</subject><subj-group><subject>Gene Regulation and Transcriptomics</subject></subj-group></subj-group></subj-group></article-categories><title-group><article-title>KELLER: estimating time-varying interactions between genes</article-title></title-group><contrib-group><contrib contrib-type="author"><name><surname>Song</surname><given-names>Le</given-names></name></contrib><contrib contrib-type="author"><name><surname>Kolar</surname><given-names>Mladen</given-names></name></contrib><contrib contrib-type="author"><name><surname>Xing</surname><given-names>Eric P.</given-names></name><xref ref-type="corresp" rid="COR1">*</xref></contrib></contrib-group><aff>School of Computer Science, Lane Center for Computational Biology, Carnegie Mellon University, Pittsburgh, PA 15213, USA</aff><author-notes><corresp id="COR1">*To whom correspondence should be addressed.</corresp></author-notes><pub-date pub-type="ppub"><day>15</day><month>6</month><year>2009</year></pub-date><pub-date pub-type="epub"><day>27</day><month>5</month><year>2009</year></pub-date><pub-date pub-type="pmc-release"><day>27</day><month>5</month><year>2009</year></pub-date><!-- PMC Release delay is 0 months and 0 days and was based on the
			<pub-date pub-type="epub"/>. --><volume>25</volume><issue>12</issue><fpage>i128</fpage><lpage>i136</lpage><permissions><copyright-statement>© 2009 The Author(s)</copyright-statement><copyright-year>2009</copyright-year><license license-type="creative-commons" xlink:href="http://creativecommons.org/licenses/by-nc/2.0/uk/"><p><!--CREATIVE COMMONS-->This is an Open Access article distributed under the terms of the Creative Commons Attribution Non-Commercial License (<ext-link ext-link-type="uri" xlink:href="http://creativecommons.org/licenses/by-nc/2.0/uk/">http://creativecommons.org/licenses/by-nc/2.0/uk/</ext-link>) which permits unrestricted non-commercial use, distribution, and reproduction in any medium, provided the original work is properly cited.</p></license></permissions><abstract><p><bold>Motivation:</bold> Gene regulatory networks underlying temporal processes, such as the cell cycle or the life cycle of an organism, can exhibit significant topological changes to facilitate the underlying dynamic regulatory functions. Thus, it is essential to develop methods that capture the temporal evolution of the regulatory networks. These methods will be an enabling first step for studying the driving forces underlying the dynamic gene regulation circuitry and predicting the future network structures in response to internal and external stimuli.</p><p><bold>Results:</bold> We introduce a kernel-reweighted logistic regression method (KELLER) for reverse engineering the dynamic interactions between genes based on their time series of expression values. We apply the proposed method to estimate the latent sequence of temporal rewiring networks of 588 genes involved in the developmental process during the life cycle of <italic>Drosophila melanogaster</italic>. Our results offer the first glimpse into the temporal evolution of gene networks in a living organism during its full developmental course. Our results also show that many genes exhibit distinctive functions at different stages along the developmental cycle.</p><p><bold>Availability:</bold> Source codes and relevant data will be made available at <ext-link ext-link-type="uri" xlink:href="http://www.sailing.cs.cmu.edu/keller">http://www.sailing.cs.cmu.edu/keller</ext-link></p><p><bold>Contact:</bold><email>epxing@cs.cmu.edu</email></p></abstract></article-meta></front></article>