<article xmlns="https://dtd.nlm.nih.gov/ns/archiving/2.3/" xmlns:xsi="http://www.w3.org/2001/XMLSchema-instance" xmlns:mml="http://www.w3.org/1998/Math/MathML" xmlns:xlink="http://www.w3.org/1999/xlink" xsi:schemaLocation="https://dtd.nlm.nih.gov/ns/archiving/2.3/ https://dtd.nlm.nih.gov/archiving/2.3/xsd/archivearticle.xsd" article-type="research-article" xml:lang="EN"><front><journal-meta><journal-id journal-id-type="nlm-ta">Bioinformatics</journal-id><journal-id journal-id-type="publisher-id">bioinformatics</journal-id><journal-id journal-id-type="hwp">bioinfo</journal-id><journal-title>Bioinformatics</journal-title><issn pub-type="ppub">1367-4803</issn><issn pub-type="epub">1460-2059</issn><publisher><publisher-name>Oxford University Press</publisher-name></publisher></journal-meta><article-meta><article-id pub-id-type="accession">PMC2562016</article-id><article-id pub-id-type="pmcid">PMC2562016</article-id><article-id pub-id-type="pmc-uid">2562016</article-id><article-id pub-id-type="pmid">18718940</article-id><article-id pub-id-type="doi">10.1093/bioinformatics/btn451</article-id><article-id pub-id-type="publisher-id">btn451</article-id><article-id pub-id-type="pmid">18718940</article-id><article-categories><subj-group subj-group-type="heading"><subject>Original Papers</subject><subj-group><subject>Systems Biology</subject></subj-group></subj-group></article-categories><title-group><article-title>Novel pathway compendium analysis elucidates mechanism of pro-angiogenic synthetic small molecule</article-title></title-group><contrib-group><contrib contrib-type="author"><name><surname>Wieghaus</surname><given-names>Kristen A.</given-names></name><xref ref-type="aff" rid="AFF1"><sup>1</sup></xref><xref ref-type="author-notes" rid="FN1"><sup>†</sup></xref></contrib><contrib contrib-type="author"><name><surname>Gianchandani</surname><given-names>Erwin P.</given-names></name><xref ref-type="aff" rid="AFF1"><sup>1</sup></xref><xref ref-type="author-notes" rid="FN1"><sup>†</sup></xref></contrib><contrib contrib-type="author"><name><surname>Paige</surname><given-names>Mikell A.</given-names></name><xref ref-type="aff" rid="AFF1"><sup>2</sup></xref></contrib><contrib contrib-type="author"><name><surname>Brown</surname><given-names>Milton L.</given-names></name><xref ref-type="aff" rid="AFF1"><sup>2</sup></xref></contrib><contrib contrib-type="author"><name><surname>Botchwey</surname><given-names>Edward A.</given-names></name><xref ref-type="aff" rid="AFF1"><sup>1</sup></xref><xref ref-type="aff" rid="AFF1"><sup>3</sup></xref><xref ref-type="corresp" rid="COR1">*</xref></contrib><contrib contrib-type="author"><name><surname>Papin</surname><given-names>Jason A.</given-names></name><xref ref-type="aff" rid="AFF1"><sup>1</sup></xref><xref ref-type="aff" rid="AFF1"><sup>4</sup></xref><xref ref-type="corresp" rid="COR1">*</xref></contrib></contrib-group><aff id="AFF1"><sup>1</sup>Department of Biomedical Engineering, University of Virginia, Box 800759, Charlottesville, VA 22908, <sup>2</sup>Lombardi Comprehensive Cancer Center, Georgetown University, New Research Building, EP 07, 3907 Reservoir Road, Washington, DC 20057, <sup>3</sup>Department of Orthopaedic Surgery, University of Virginia, Box 800759, Charlottesville, VA 22908 and <sup>4</sup>Cardiovascular Research Center, University of Virginia, Box 800759, Charlottesville, VA 22908, USA</aff><author-notes><corresp id="COR1">*To whom correspondence should be addressed.</corresp><fn id="FN1"><p><sup>†</sup> The authors wish it to be known that, in their opinion, the first two authors should be regarded as joint First Authors.</p></fn><fn><p>Associate Editor: Alfonso Valencia</p></fn></author-notes><pub-date pub-type="ppub"><day>15</day><month>10</month><year>2008</year></pub-date><pub-date pub-type="epub"><day>21</day><month>8</month><year>2008</year></pub-date><volume>24</volume><issue>20</issue><fpage>2384</fpage><lpage>2390</lpage><history><date date-type="received"><day>27</day><month>5</month><year>2008</year></date><date date-type="rev-recd"><day>14</day><month>8</month><year>2008</year></date><date date-type="accepted"><day>19</day><month>8</month><year>2008</year></date></history><permissions><copyright-statement>© The Author 2008. Published by Oxford University Press. All rights reserved. For Permissions, please email: journals.permissions@oxfordjournals.org</copyright-statement><copyright-year>2008</copyright-year></permissions><abstract><p><bold>Motivation:</bold> Computational techniques have been applied to experimental datasets to identify drug mode-of-action. A shortcoming of existing approaches is the requirement of large reference databases of compound expression profiles. Here, we developed a new pathway-based compendium analysis that couples multi-timepoint, controlled microarray data for a single compound with systems-based network analysis to elucidate drug mechanism more efficiently.</p><p><bold>Results:</bold> We applied this approach to a transcriptional regulatory footprint of phthalimide neovascular factor 1 (PNF1)—a novel synthetic small molecule that exhibits significant <italic>in vitro</italic> endothelial potency—spanning 1–48 h post-supplementation in human micro-vascular endothelial cells (HMVEC) to comprehensively interrogate PNF1 effects. We concluded that PNF1 first induces tumor necrosis factor-alpha (TNF-α) signaling pathway function which in turn affects transforming growth factor-beta (TGF-β) signaling. These results are consistent with our previous observations of PNF1-directed TGF-β signaling at 24 h, including differential regulation of TGF-β-induced matrix metalloproteinase 14 (MMP14/MT1-MMP) which is implicated in angiogenesis. Ultimately, we illustrate how our pathway-based compendium analysis more efficiently generates hypotheses for compound mechanism than existing techniques.</p><p><bold>Availability:</bold> The microarray data generated as part of this study are available in the Gene Expression Omnibus (<ext-link ext-link-type="uri" xlink:href="http://www.ncbi.nlm.nih.gov/geo/">http://www.ncbi.nlm.nih.gov/geo/</ext-link>).</p><p><bold>Contact:</bold><email>botchwey@virginia.edu</email>; <email>papin@virginia.edu</email></p><p><bold>Supplementary information:</bold><ext-link ext-link-type="uri" xlink:href="http://bioinformatics.oxfordjournals.org/cgi/content/full/btn451/DC1">Supplementary data</ext-link> are available at <italic>Bioinformatics</italic> online.</p></abstract></article-meta></front></article>