<article xmlns="https://jats.nlm.nih.gov/ns/archiving/1.2/" xmlns:xsi="http://www.w3.org/2001/XMLSchema-instance" xmlns:mml="http://www.w3.org/1998/Math/MathML" xmlns:xlink="http://www.w3.org/1999/xlink" xsi:schemaLocation="https://jats.nlm.nih.gov/ns/archiving/1.2/ https://jats.nlm.nih.gov/archiving/1.2/xsd/JATS-archivearticle1.xsd" article-type="research-article"><front><journal-meta><journal-id journal-id-type="nlm-ta">Bioinformatics</journal-id><journal-id journal-id-type="publisher-id">bioinformatics</journal-id><journal-id journal-id-type="hwp">bioinfo</journal-id><journal-title-group><journal-title>Bioinformatics</journal-title></journal-title-group><issn pub-type="ppub">1367-4803</issn><issn pub-type="epub">1460-2059</issn><publisher><publisher-name>Oxford University Press</publisher-name></publisher></journal-meta><article-meta><article-id pub-id-type="accession">PMC2718674</article-id><article-id pub-id-type="pmcid">PMC2718674</article-id><article-id pub-id-type="pmc-uid">2718674</article-id><article-id pub-id-type="pmid">18499696</article-id><article-id pub-id-type="pmid">18499696</article-id><article-id pub-id-type="doi">10.1093/bioinformatics/btn237</article-id><article-id pub-id-type="publisher-id">btn237</article-id><article-categories><subj-group subj-group-type="heading"><subject>Applications Note</subject><subj-group><subject>Data and Text Mining</subject></subj-group></subj-group></article-categories><title-group><article-title>The Sleipnir library for computational functional genomics</article-title></title-group><contrib-group><contrib contrib-type="author"><name><surname>Huttenhower</surname><given-names>Curtis</given-names></name><xref ref-type="aff" rid="AFF1"><sup>1</sup></xref><xref ref-type="aff" rid="AFF1"><sup>2</sup></xref></contrib><contrib contrib-type="author"><name><surname>Schroeder</surname><given-names>Mark</given-names></name><xref ref-type="aff" rid="AFF1"><sup>1</sup></xref></contrib><contrib contrib-type="author"><name><surname>Chikina</surname><given-names>Maria D</given-names></name><xref ref-type="aff" rid="AFF1"><sup>1</sup></xref><xref ref-type="aff" rid="AFF1"><sup>3</sup></xref></contrib><contrib contrib-type="author"><name><surname>Troyanskaya</surname><given-names>Olga G.</given-names></name><xref ref-type="aff" rid="AFF1"><sup>1</sup></xref><xref ref-type="aff" rid="AFF1"><sup>2</sup></xref><xref ref-type="corresp" rid="COR1">*</xref></contrib></contrib-group><aff id="AFF1"><sup>1</sup>Lewis-Sigler Institute for Integrative Genomics, Carl Icahn Laboratory, <sup>2</sup>Department of Computer Science and <sup>3</sup>Molecular Biology, Princeton University, Princeton, NJ 08540, USA</aff><author-notes><fn><p>Associate Editor: Jonathan Wren</p></fn><corresp id="COR1">*To whom correspondence should be addressed.</corresp></author-notes><pub-date pub-type="ppub"><day>1</day><month>7</month><year>2008</year></pub-date><pub-date pub-type="epub"><day>21</day><month>5</month><year>2008</year></pub-date><pub-date pub-type="pmc-release"><day>21</day><month>5</month><year>2008</year></pub-date><!-- PMC Release delay is 0 months and 0 days and was based on the
							<pub-date pub-type="epub"/>. --><volume>24</volume><issue>13</issue><fpage>1559</fpage><lpage>1561</lpage><history><date date-type="received"><day>16</day><month>4</month><year>2008</year></date><date date-type="rev-recd"><day>14</day><month>5</month><year>2008</year></date><date date-type="accepted"><day>14</day><month>5</month><year>2008</year></date></history><permissions><copyright-statement>© 2008 The Author(s)</copyright-statement><copyright-year>2008</copyright-year><license license-type="creative-commons" xlink:href="http://creativecommons.org/licenses/by-nc/2.0/uk/"><license-p><!--CREATIVE COMMONS-->This is an Open Access article distributed under the terms of the Creative Commons Attribution Non-Commercial License (<ext-link ext-link-type="uri" xlink:href="http://creativecommons.org/licenses/by-nc/2.0/uk/">http://creativecommons.org/licenses/by-nc/2.0/uk/</ext-link>) which permits unrestricted non-commercial use, distribution, and reproduction in any medium, provided the original work is properly cited.</license-p></license></permissions><abstract><p><bold>Motivation:</bold> Biological data generation has accelerated to the point where hundreds or thousands of whole-genome datasets of various types are available for many model organisms. This wealth of data can lead to valuable biological insights when analyzed in an integrated manner, but the computational challenge of managing such large data collections is substantial. In order to mine these data efficiently, it is necessary to develop methods that use storage, memory and processing resources carefully.</p><p><bold>Results:</bold> The Sleipnir C++ library implements a variety of machine learning and data manipulation algorithms with a focus on heterogeneous data integration and efficiency for very large biological data collections. Sleipnir allows microarray processing, functional ontology mining, clustering, Bayesian learning and inference and support vector machine tasks to be performed for heterogeneous data on scales not previously practical. In addition to the library, which can easily be integrated into new computational systems, prebuilt tools are provided to perform a variety of common tasks. Many tools are multithreaded for parallelization in desktop or high-throughput computing environments, and most tasks can be performed in minutes for hundreds of datasets using a standard personal computer.</p><p><bold>Availability:</bold> Source code (C++) and documentation are available at <ext-link ext-link-type="uri" xlink:href="http://function.princeton.edu/sleipnir">http://function.princeton.edu/sleipnir</ext-link> and compiled binaries are available from the authors on request.</p><p><bold>Contact:</bold><email>ogt@princeton.edu</email></p></abstract></article-meta></front></article>