<article xmlns="https://dtd.nlm.nih.gov/ns/archiving/2.3/" xmlns:xsi="http://www.w3.org/2001/XMLSchema-instance" xmlns:mml="http://www.w3.org/1998/Math/MathML" xmlns:xlink="http://www.w3.org/1999/xlink" xsi:schemaLocation="https://dtd.nlm.nih.gov/ns/archiving/2.3/ https://dtd.nlm.nih.gov/archiving/2.3/xsd/archivearticle.xsd" article-type="research-article" xml:lang="EN"><front><journal-meta><journal-id journal-id-type="nlm-ta">Bioinformatics</journal-id><journal-id journal-id-type="publisher-id">bioinformatics</journal-id><journal-id journal-id-type="hwp">bioinfo</journal-id><journal-title>Bioinformatics</journal-title><issn pub-type="ppub">1367-4803</issn><issn pub-type="epub">1460-2059</issn><publisher><publisher-name>Oxford University Press</publisher-name></publisher></journal-meta><article-meta><article-id pub-id-type="accession">PMC2639276</article-id><article-id pub-id-type="pmcid">PMC2639276</article-id><article-id pub-id-type="pmc-uid">2639276</article-id><article-id pub-id-type="pmid">18930952</article-id><article-id pub-id-type="doi">10.1093/bioinformatics/btn513</article-id><article-id pub-id-type="publisher-id">btn513</article-id><article-id pub-id-type="pmid">18930952</article-id><article-categories><subj-group subj-group-type="heading"><subject>Applications Note</subject><subj-group><subject>Data and Text Mining</subject></subj-group></subj-group></article-categories><title-group><article-title>mspire: mass spectrometry proteomics in Ruby</article-title></title-group><contrib-group><contrib contrib-type="author"><name><surname>Prince</surname><given-names>John T.</given-names></name><xref ref-type="aff" rid="AFF1"><sup>1</sup></xref><xref ref-type="aff" rid="AFF1"><sup>2</sup></xref></contrib><contrib contrib-type="author"><name><surname>Marcotte</surname><given-names>Edward M.</given-names></name><xref ref-type="aff" rid="AFF1"><sup>1</sup></xref><xref ref-type="aff" rid="AFF1"><sup>2</sup></xref><xref ref-type="aff" rid="AFF1"><sup>3</sup></xref><xref ref-type="corresp" rid="COR1">*</xref></contrib></contrib-group><aff id="AFF1"><sup>1</sup>Institute for Cellular and Molecular Biology, <sup>2</sup>Center for Systems and Synthetic Biology and <sup>3</sup>Department of Chemistry and Biochemistry, University of Texas, Austin, TX 78712, USA</aff><author-notes><corresp id="COR1">*To whom correspondence should be addressed.</corresp><fn><p>Associate Editor: John Quackenbush</p></fn></author-notes><pub-date pub-type="ppub"><day>1</day><month>12</month><year>2008</year></pub-date><pub-date pub-type="epub"><day>16</day><month>10</month><year>2008</year></pub-date><pub-date pub-type="pmc-release"><day>16</day><month>10</month><year>2008</year></pub-date><volume>24</volume><issue>23</issue><fpage>2796</fpage><lpage>2797</lpage><history><date date-type="received"><day>15</day><month>5</month><year>2008</year></date><date date-type="rev-recd"><day>26</day><month>9</month><year>2008</year></date><date date-type="accepted"><day>1</day><month>10</month><year>2008</year></date></history><permissions><copyright-statement>© 2008 The Author(s)</copyright-statement><copyright-year>2008</copyright-year><license license-type="creative-commons" xlink:href="http://creativecommons.org/licenses/by-nc/2.0/uk/"><p><!--CREATIVE COMMONS-->This is an Open Access article distributed under the terms of the Creative Commons Attribution Non-Commercial License (<ext-link ext-link-type="uri" xlink:href="http://creativecommons.org/licenses/by-nc/2.0/uk/">http://creativecommons.org/licenses/by-nc/2.0/uk/</ext-link>) which permits unrestricted non-commercial use, distribution, and reproduction in any medium, provided the original work is properly cited.</p></license></permissions><abstract><p><bold>Summary:</bold> Mass spectrometry-based proteomics stands to gain from additional analysis of its data, but its large, complex datasets make demands on speed and memory usage requiring special consideration from scripting languages. The software library ‘mspire’—developed in the Ruby programming language—offers quick and memory-efficient readers for standard xml proteomics formats, converters for intermediate file types in typical proteomics spectral-identification work flows (including the Bioworks .srf format), and modules for the calculation of peptide false identification rates.</p><p><bold>Availability:</bold> Freely available at <ext-link ext-link-type="uri" xlink:href="http://mspire.rubyforge.org">http://mspire.rubyforge.org</ext-link>. Additional data models, usage information, and methods available at <ext-link ext-link-type="uri" xlink:href="http://bioinformatics.icmb.utexas.edu/mspire">http://bioinformatics.icmb.utexas.edu/mspire</ext-link></p><p><bold>Contact:</bold><email>marcotte@icmb.utexas.edu</email></p></abstract></article-meta></front></article>