<article xmlns="https://dtd.nlm.nih.gov/ns/archiving/2.3/" xmlns:xsi="http://www.w3.org/2001/XMLSchema-instance" xmlns:mml="http://www.w3.org/1998/Math/MathML" xmlns:xlink="http://www.w3.org/1999/xlink" xsi:schemaLocation="https://dtd.nlm.nih.gov/ns/archiving/2.3/ https://dtd.nlm.nih.gov/archiving/2.3/xsd/archivearticle.xsd" article-type="research-article" xml:lang="EN"><front><journal-meta><journal-id journal-id-type="nlm-ta">Bioinformatics</journal-id><journal-id journal-id-type="publisher-id">bioinformatics</journal-id><journal-id journal-id-type="hwp">bioinfo</journal-id><journal-title>Bioinformatics</journal-title><issn pub-type="ppub">1367-4803</issn><issn pub-type="epub">1460-2059</issn><publisher><publisher-name>Oxford University Press</publisher-name></publisher></journal-meta><article-meta><article-id pub-id-type="accession">PMC2682510</article-id><article-id pub-id-type="pmcid">PMC2682510</article-id><article-id pub-id-type="pmc-uid">2682510</article-id><article-id pub-id-type="pmid">19297347</article-id><article-id pub-id-type="doi">10.1093/bioinformatics/btp159</article-id><article-id pub-id-type="publisher-id">btp159</article-id><article-categories><subj-group subj-group-type="heading"><subject>Applications Note</subject><subj-group><subject>Genetics and Population Analysis</subject></subj-group></subj-group></article-categories><title-group><article-title>Synergy Disequilibrium Plots: graphical visualization of pairwise synergies and redundancies of SNPs with respect to a phenotype</article-title></title-group><contrib-group><contrib contrib-type="author"><name><surname>Watkinson</surname><given-names>John</given-names></name></contrib><contrib contrib-type="author"><name><surname>Anastassiou</surname><given-names>Dimitris</given-names></name><xref ref-type="corresp" rid="COR1">*</xref></contrib></contrib-group><aff>Center for Computational Biology and Bioinformatics, Department of Electrical Engineering, Columbia University, 500 West 120th Street, New York, NY 10027, USA</aff><author-notes><corresp id="COR1">*To whom correspondence should be addressed.</corresp><fn><p>Associate Editor: Martin Bishop</p></fn></author-notes><pub-date pub-type="ppub"><day>1</day><month>6</month><year>2009</year></pub-date><pub-date pub-type="epub"><day>17</day><month>3</month><year>2009</year></pub-date><pub-date pub-type="pmc-release"><day>17</day><month>3</month><year>2009</year></pub-date><!-- PMC Release delay is 0 months and 0 days and was based on the
			<pub-date pub-type="epub"/>. --><volume>25</volume><issue>11</issue><fpage>1445</fpage><lpage>1446</lpage><history><date date-type="received"><day>9</day><month>2</month><year>2009</year></date><date date-type="rev-recd"><day>7</day><month>3</month><year>2009</year></date><date date-type="accepted"><day>15</day><month>3</month><year>2009</year></date></history><permissions><copyright-statement>© 2009 The Author(s)</copyright-statement><copyright-year>2009</copyright-year><license license-type="creative-commons" xlink:href="http://creativecommons.org/licenses/by-nc/2.0/uk/"><p><!--CREATIVE COMMONS-->This is an Open Access article distributed under the terms of the Creative Commons Attribution Non-Commercial License (<ext-link ext-link-type="uri" xlink:href="http://creativecommons.org/licenses/by-nc/2.0/uk/">http://creativecommons.org/licenses/by-nc/2.0/uk/</ext-link>) which permits unrestricted non-commercial use, distribution, and reproduction in any medium, provided the original work is properly cited.</p></license></permissions><abstract><p><bold>Summary:</bold>We present a visualization tool applied on genome-wide association data, revealing disease-associated haplotypes, epistatically interacting loci, as well as providing visual signatures of multivariate correlations of genetic markers with respect to a phenotype.</p><p><bold>Availability:</bold>Freely available on the web at: <ext-link ext-link-type="uri" xlink:href="http://www.ee.columbia.edu/~anastas/sdplots">http://www.ee.columbia.edu/~anastas/sdplots</ext-link></p><p><bold>Contact:</bold><email>anastas@ee.columbia.edu</email></p><p><bold>Supplementary information:</bold><ext-link ext-link-type="uri" xlink:href="http://bioinformatics.oxfordjournals.org/cgi/content/full/btp159/DC1">Supplementary data</ext-link> are available at <italic>Bioinformatics</italic> online.</p></abstract></article-meta></front></article>