<article xmlns="https://jats.nlm.nih.gov/ns/archiving/1.2/" xmlns:xsi="http://www.w3.org/2001/XMLSchema-instance" xmlns:mml="http://www.w3.org/1998/Math/MathML" xmlns:xlink="http://www.w3.org/1999/xlink" xsi:schemaLocation="https://jats.nlm.nih.gov/ns/archiving/1.2/ https://jats.nlm.nih.gov/archiving/1.2/xsd/JATS-archivearticle1.xsd" article-type="research-article"><front><journal-meta><journal-id journal-id-type="nlm-ta">Bioinformatics</journal-id><journal-id journal-id-type="publisher-id">bioinformatics</journal-id><journal-id journal-id-type="hwp">bioinfo</journal-id><journal-title-group><journal-title>Bioinformatics</journal-title></journal-title-group><issn pub-type="ppub">1367-4803</issn><issn pub-type="epub">1460-2059</issn><publisher><publisher-name>Oxford University Press</publisher-name></publisher></journal-meta><article-meta><article-id pub-id-type="accession">PMC2677740</article-id><article-id pub-id-type="pmcid">PMC2677740</article-id><article-id pub-id-type="pmc-uid">2677740</article-id><article-id pub-id-type="pmid">19289443</article-id><article-id pub-id-type="pmid">19289443</article-id><article-id pub-id-type="doi">10.1093/bioinformatics/btp146</article-id><article-id pub-id-type="publisher-id">btp146</article-id><article-categories><subj-group subj-group-type="heading"><subject>Original Papers</subject><subj-group><subject>Genetics and Population Analysis</subject></subj-group></subj-group></article-categories><title-group><article-title>A method and program for estimating graphical models for linkage disequilibrium that scale linearly with the number of loci, and their application to gene drop simulation</article-title></title-group><contrib-group><contrib contrib-type="author"><name><surname>Thomas</surname><given-names>Alun</given-names></name></contrib></contrib-group><aff>Department of Biomedical Informatics, Division of Genetic Epidemiology, University of Utah, 391 Chipeta Way Suite D, Salt Lake City, UT 84108, USA</aff><author-notes><fn><p>Associate Editor: Alex Bateman</p></fn></author-notes><pub-date pub-type="ppub"><day>15</day><month>5</month><year>2009</year></pub-date><pub-date pub-type="epub"><day>16</day><month>3</month><year>2009</year></pub-date><pub-date pub-type="pmc-release"><day>15</day><month>5</month><year>2010</year></pub-date><!-- PMC Release delay is 12 months and 0 days and was based on the
					<pub-date pub-type="ppub"/>. --><volume>25</volume><issue>10</issue><fpage>1287</fpage><lpage>1292</lpage><history><date date-type="received"><day>13</day><month>11</month><year>2008</year></date><date date-type="rev-recd"><day>5</day><month>2</month><year>2009</year></date><date date-type="accepted"><day>11</day><month>3</month><year>2009</year></date></history><permissions><copyright-statement>© The Author 2009. Published by Oxford University Press. All rights reserved. For Permissions, please email: journals.permissions@oxfordjournals.org</copyright-statement><copyright-year>2009</copyright-year></permissions><abstract><p><bold>Motivation:</bold> Efficient models for genetic linkage disequilibrium (LD) are needed to enable appropriate statistical analysis of the dense, genome-wide single nucleotide polymorphism assays currently available.</p><p><bold>Results:</bold> Estimation of graphical models for LD within a restricted class of decomposable models is shown to be possible using computer time and storage that scale linearly with the number of loci. Programs for estimation and for simulating from these models on a whole-genome basis are described and provided.</p><p><bold>Availability:</bold> Java classes and source code for <monospace>IntervalLD</monospace> and <monospace>GeneDrops</monospace> are freely available over the internet at <ext-link ext-link-type="uri" xlink:href="http://bioinformatics.med.utah.edu/∼alun">http://bioinformatics.med.utah.edu/∼alun</ext-link>.</p><p><bold>Contact:</bold><email>alun@genepi.med.utah.edu</email></p></abstract></article-meta></front></article>