<article xmlns="https://jats.nlm.nih.gov/ns/archiving/1.2/" xmlns:xsi="http://www.w3.org/2001/XMLSchema-instance" xmlns:mml="http://www.w3.org/1998/Math/MathML" xmlns:xlink="http://www.w3.org/1999/xlink" xsi:schemaLocation="https://jats.nlm.nih.gov/ns/archiving/1.2/ https://jats.nlm.nih.gov/archiving/1.2/xsd/JATS-archivearticle1.xsd" article-type="research-article"><front><journal-meta><journal-id journal-id-type="nlm-ta">Bioinformatics</journal-id><journal-id journal-id-type="publisher-id">bioinformatics</journal-id><journal-id journal-id-type="hwp">bioinfo</journal-id><journal-title-group><journal-title>Bioinformatics</journal-title></journal-title-group><issn pub-type="ppub">1367-4803</issn><issn pub-type="epub">1460-2059</issn><publisher><publisher-name>Oxford University Press</publisher-name></publisher></journal-meta><article-meta><article-id pub-id-type="accession">PMC2718665</article-id><article-id pub-id-type="pmcid">PMC2718665</article-id><article-id pub-id-type="pmc-uid">2718665</article-id><article-id pub-id-type="pmid">18586733</article-id><article-id pub-id-type="pmid">18586733</article-id><article-id pub-id-type="doi">10.1093/bioinformatics/btn190</article-id><article-id pub-id-type="publisher-id">btn190</article-id><article-categories><subj-group subj-group-type="heading"><subject>Ismb 2008 Conference Proceedings 19–23 July 2008, Toronto</subject><subj-group><subject>Original Papers</subject><subj-group><subject>Other Bioinformatics Applications and Methods</subject></subj-group></subj-group></subj-group></article-categories><title-group><article-title>Matching isotopic distributions from metabolically labeled samples</article-title></title-group><contrib-group><contrib contrib-type="author"><name><surname>McIlwain</surname><given-names>Sean</given-names></name><xref ref-type="aff" rid="AFF1"><sup>1</sup></xref><xref ref-type="corresp" rid="COR1">*</xref></contrib><contrib contrib-type="author"><name><surname>Page</surname><given-names>David</given-names></name><xref ref-type="aff" rid="AFF1"><sup>2</sup></xref></contrib><contrib contrib-type="author"><name><surname>Huttlin</surname><given-names>Edward L.</given-names></name><xref ref-type="aff" rid="AFF1"><sup>3</sup></xref></contrib><contrib contrib-type="author"><name><surname>Sussman</surname><given-names>Michael R.</given-names></name><xref ref-type="aff" rid="AFF1"><sup>3</sup></xref></contrib></contrib-group><aff id="AFF1"><sup>1</sup>Department of Computer Sciences, <sup>2</sup>Department of Computer Sciences and Department of Biostatistics, and <sup>3</sup>Department of Biochemistry, University of Wisconsin, Madison, WI, USA</aff><author-notes><corresp id="COR1">*To whom correspondence should be addressed.</corresp></author-notes><pub-date pub-type="ppub"><day>1</day><month>7</month><year>2008</year></pub-date><pub-date pub-type="pmc-release"><day>1</day><month>7</month><year>2008</year></pub-date><!-- PMC Release delay is 0 months and 0 days and was based on the
							<pub-date pub-type="ppub"/>. --><volume>24</volume><issue>13</issue><fpage>i339</fpage><lpage>i347</lpage><permissions><copyright-statement>© 2008 The Author(s)</copyright-statement><copyright-year>2008</copyright-year><license license-type="creative-commons" xlink:href="http://creativecommons.org/licenses/by-nc/2.0/uk/"><license-p><!--CREATIVE COMMONS-->This is an Open Access article distributed under the terms of the Creative Commons Attribution Non-Commercial License (<ext-link ext-link-type="uri" xlink:href="http://creativecommons.org/licenses/by-nc/2.0/uk/">http://creativecommons.org/licenses/by-nc/2.0/uk/</ext-link>) which permits unrestricted non-commercial use, distribution, and reproduction in any medium, provided the original work is properly cited.</license-p></license></permissions><abstract><p><bold>Motivation:</bold> In recent years stable isotopic labeling has become a standard approach for quantitative proteomic analyses. Among the many available isotopic labeling strategies, metabolic labeling is attractive for the excellent internal control it provides. However, analysis of data from metabolic labeling experiments can be complicated because the spacing between labeled and unlabeled forms of each peptide depends on its sequence, and is thus variable from analyte to analyte. As a result, one generally needs to know the sequence of a peptide to identify its matching isotopic distributions in an automated fashion. In some experimental situations it would be necessary or desirable to match pairs of labeled and unlabeled peaks from peptides of unknown sequence. This article addresses this largely overlooked problem in the analysis of quantitative mass spectrometry data by presenting an algorithm that not only identifies isotopic distributions within a mass spectrum, but also annotates matches between natural abundance light isotopic distributions and their metabolically labeled counterparts. This algorithm is designed in two stages: first we annotate the isotopic peaks using a modified version of the IDM algorithm described last year; then we use a probabilistic classifier that is supplemented by dynamic programming to find the metabolically labeled matched isotopic pairs. Such a method is needed for high-throughput quantitative proteomic metabolomic experiments measured via mass spectrometry.</p><p><bold>Results:</bold> The primary result of this article is that the dynamic programming approach performs well given perfect isotopic distribution annotations. Our algorithm achieves a true positive rate of 99% and a false positive rate of 1% using perfect isotopic distribution annotations. When the isotopic distributions are annotated given ‘expert’ selected peaks, the same algorithm gets a true positive rate of 77% and a false positive rate of 1%. Finally, when annotating using machine selected peaks, which may contain noise, the dynamic programming algorithm gives a true positive rate of 36% and a false positive rate of 1%. It is important to mention that these rates arise from the requirement of exact annotations of both the light and heavy isotopic distributions. In our evaluations, a match is considered ‘entirely incorrect’ if it is missing even one peak or containing an extraneous peak. If we only require that the ‘monoisotopic’ peaks exist within the two matched distributions, our algorithm obtains a positive rate of 45% and a false positive rate of 1% on the ‘machine’ selected data. Changes to the algorithm's scoring function and training example generation improves our ‘monoisotopic’ peak score true positive rate to 65% while obtaining a false positive rate of 2%. All results were obtained within 10-fold cross-validation of 41 mass spectra with a mass-to-charge range of 800–4000<italic>m/z</italic>. There are a total of 713 isotopic distributions and 255 matched isotopic pairs that are hand-annotated for this study.</p><p><bold>Availability:</bold> Programs are available via <ext-link ext-link-type="uri" xlink:href="http://www.cs.wisc.edu/~mcilwain/IDM/">http://www.cs.wisc.edu/~mcilwain/IDM/</ext-link></p><p><bold>Contact:</bold><email>mcilwain@cs.wisc.edu</email></p></abstract></article-meta></front></article>