<article xmlns="https://jats.nlm.nih.gov/ns/archiving/1.2/" xmlns:xsi="http://www.w3.org/2001/XMLSchema-instance" xmlns:mml="http://www.w3.org/1998/Math/MathML" xmlns:xlink="http://www.w3.org/1999/xlink" xsi:schemaLocation="https://jats.nlm.nih.gov/ns/archiving/1.2/ https://jats.nlm.nih.gov/archiving/1.2/xsd/JATS-archivearticle1.xsd" article-type="research-article"><front><journal-meta><journal-id journal-id-type="nlm-ta">Bioinformatics</journal-id><journal-id journal-id-type="publisher-id">bioinformatics</journal-id><journal-id journal-id-type="hwp">bioinfo</journal-id><journal-title-group><journal-title>Bioinformatics</journal-title></journal-title-group><issn pub-type="ppub">1367-4803</issn><issn pub-type="epub">1460-2059</issn><publisher><publisher-name>Oxford University Press</publisher-name></publisher></journal-meta><article-meta><article-id pub-id-type="accession">PMC2734316</article-id><article-id pub-id-type="pmcid">PMC2734316</article-id><article-id pub-id-type="pmc-uid">2734316</article-id><article-id pub-id-type="pmid">19578038</article-id><article-id pub-id-type="pmid">19578038</article-id><article-id pub-id-type="doi">10.1093/bioinformatics/btp387</article-id><article-id pub-id-type="publisher-id">btp387</article-id><article-categories><subj-group subj-group-type="heading"><subject>Applications Note</subject><subj-group><subject>Systems Biology</subject></subj-group></subj-group></article-categories><title-group><article-title>Efficient stochastic simulation of reaction–diffusion processes via direct compilation</article-title></title-group><contrib-group><contrib contrib-type="author"><name><surname>Lis</surname><given-names>Mieszko</given-names></name><xref ref-type="aff" rid="AFF1"><sup>1</sup></xref><xref ref-type="corresp" rid="COR1">*</xref></contrib><contrib contrib-type="author"><name><surname>Artyomov</surname><given-names>Maxim N.</given-names></name><xref ref-type="aff" rid="AFF1"><sup>2</sup></xref></contrib><contrib contrib-type="author"><name><surname>Devadas</surname><given-names>Srinivas</given-names></name><xref ref-type="aff" rid="AFF1"><sup>1</sup></xref></contrib><contrib contrib-type="author"><name><surname>Chakraborty</surname><given-names>Arup K.</given-names></name><xref ref-type="aff" rid="AFF1"><sup>2</sup></xref><xref ref-type="aff" rid="AFF1"><sup>3</sup></xref><xref ref-type="aff" rid="AFF1"><sup>4</sup></xref></contrib></contrib-group><aff id="AFF1"><sup>1</sup> Computer Science and Artificial Intelligence Laboratory and the Departments of<sup>2</sup> Chemistry, <sup>3</sup> Chemical Engineering and <sup>4</sup> Biological Engineering, Massachusetts Institute of Technology, Cambridge, MA 02139, USA</aff><author-notes><corresp id="COR1">* To whom correspondence should be addressed.</corresp><fn><p>Associate Editor: Olga Troyanskaya</p></fn></author-notes><pub-date pub-type="ppub"><day>1</day><month>9</month><year>2009</year></pub-date><pub-date pub-type="epub"><day>3</day><month>7</month><year>2009</year></pub-date><pub-date pub-type="pmc-release"><day>3</day><month>7</month><year>2009</year></pub-date><!-- PMC Release delay is 0 months and 0 days and was based on the
							<pub-date pub-type="epub"/>. --><volume>25</volume><issue>17</issue><fpage>2289</fpage><lpage>2291</lpage><history><date date-type="received"><day>2</day><month>2</month><year>2009</year></date><date date-type="rev-recd"><day>13</day><month>6</month><year>2009</year></date><date date-type="accepted"><day>19</day><month>6</month><year>2009</year></date></history><permissions><copyright-statement>© 2009 The Author(s)</copyright-statement><copyright-year>2009</copyright-year><license license-type="creative-commons" xlink:href="http://creativecommons.org/licenses/by-nc/2.0/uk/"><license-p><!--CREATIVE COMMONS-->This is an Open Access article distributed under the terms of the Creative Commons Attribution Non-Commercial License (<ext-link ext-link-type="uri" xlink:href="http://creativecommons.org/licenses/by-nc/2.0/uk/">http://creativecommons.org/licenses/by-nc/2.0/uk/</ext-link>) which permits unrestricted non-commercial use, distribution, and reproduction in any medium, provided the original work is properly cited.</license-p></license></permissions><abstract><p>We present the Stochastic Simulator Compiler (SSC), a tool for exact stochastic simulations of well-mixed and spatially heterogeneous systems. SSC is the first tool to allow a readable high-level description with spatially heterogeneous simulation algorithms and complex geometries; this permits large systems to be expressed concisely. Meanwhile, direct native-code compilation allows SSC to generate very fast simulations.</p><p><bold>Availability:</bold> SSC currently runs on Linux and Mac OS X, and is freely available at <ext-link ext-link-type="uri" xlink:href="http://web.mit.edu/irc/ssc/">http://web.mit.edu/irc/ssc/</ext-link>.</p><p><bold>Contact:</bold><email>mieszko@csail.mit.edu</email></p><p><bold>Supplementary information:</bold><ext-link ext-link-type="uri" xlink:href="http://bioinformatics.oxfordjournals.org/cgi/content/full/btp387/DC1">Supplementary data</ext-link> are available at <italic>Bioinformatics</italic> online.</p></abstract></article-meta></front></article>