<article xmlns="https://dtd.nlm.nih.gov/ns/archiving/2.3/" xmlns:xsi="http://www.w3.org/2001/XMLSchema-instance" xmlns:mml="http://www.w3.org/1998/Math/MathML" xmlns:xlink="http://www.w3.org/1999/xlink" xsi:schemaLocation="https://dtd.nlm.nih.gov/ns/archiving/2.3/ https://dtd.nlm.nih.gov/archiving/2.3/xsd/archivearticle.xsd" article-type="research-article" xml:lang="EN"><front><journal-meta><journal-id journal-id-type="nlm-ta">Bioinformatics</journal-id><journal-id journal-id-type="publisher-id">bioinformatics</journal-id><journal-id journal-id-type="hwp">bioinfo</journal-id><journal-title>Bioinformatics</journal-title><issn pub-type="ppub">1367-4803</issn><issn pub-type="epub">1460-2059</issn><publisher><publisher-name>Oxford University Press</publisher-name></publisher></journal-meta><article-meta><article-id pub-id-type="accession">PMC2519159</article-id><article-id pub-id-type="pmcid">PMC2519159</article-id><article-id pub-id-type="pmc-uid">2519159</article-id><article-id pub-id-type="pmid">18628289</article-id><article-id pub-id-type="doi">10.1093/bioinformatics/btn357</article-id><article-id pub-id-type="publisher-id">btn357</article-id><article-id pub-id-type="pmid">18628289</article-id><article-categories><subj-group subj-group-type="heading"><subject>Applications Note</subject><subj-group><subject>Gene Expression</subject></subj-group></subj-group></article-categories><title-group><article-title>PathCluster: a framework for gene set-based hierarchical clustering</article-title></title-group><contrib-group><contrib contrib-type="author"><name><surname>Kim</surname><given-names>Tae-Min</given-names></name><xref ref-type="aff" rid="AFF1"><sup>1</sup></xref></contrib><contrib contrib-type="author"><name><surname>Yim</surname><given-names>Seon-Hee</given-names></name><xref ref-type="aff" rid="AFF1"><sup>2</sup></xref></contrib><contrib contrib-type="author"><name><surname>Jeong</surname><given-names>Yong-Bok</given-names></name><xref ref-type="aff" rid="AFF1"><sup>2</sup></xref></contrib><contrib contrib-type="author"><name><surname>Jung</surname><given-names>Yu-Chae</given-names></name><xref ref-type="aff" rid="AFF1"><sup>1</sup></xref></contrib><contrib contrib-type="author"><name><surname>Chung</surname><given-names>Yeun-Jun</given-names></name><xref ref-type="aff" rid="AFF1"><sup>1</sup></xref><xref ref-type="aff" rid="AFF1"><sup>2</sup></xref><xref ref-type="corresp" rid="COR1"><sup>*</sup></xref></contrib></contrib-group><aff id="AFF1"><sup>1</sup>Department of Microbiology and <sup>2</sup>Integrated Research Center for Genome Polymorphism, College of Medicine, The Catholic University of Korea, Seoul 137-701, Korea</aff><author-notes><corresp id="COR1"><sup>*</sup>To whom correspondence should be addressed.</corresp><fn><p>Associate Editor: Olga Troyanskaya</p></fn></author-notes><pub-date pub-type="ppub"><day>1</day><month>9</month><year>2008</year></pub-date><pub-date pub-type="epub"><day>15</day><month>7</month><year>2008</year></pub-date><pub-date pub-type="pmc-release"><day>15</day><month>7</month><year>2008</year></pub-date><volume>24</volume><issue>17</issue><fpage>1957</fpage><lpage>1958</lpage><history><date date-type="received"><day>4</day><month>3</month><year>2008</year></date><date date-type="rev-recd"><day>4</day><month>6</month><year>2008</year></date><date date-type="accepted"><day>11</day><month>7</month><year>2008</year></date></history><permissions><copyright-statement>© 2008 The Author(s)</copyright-statement><copyright-year>2008</copyright-year><license license-type="creative-commons" xlink:href="http://creativecommons.org/licenses/by-nc/2.0/uk/"><p><!--CREATIVE COMMONS-->This is an Open Access article distributed under the terms of the Creative Commons Attribution Non-Commercial License (<ext-link ext-link-type="uri" xlink:href="http://creativecommons.org/licenses/by-nc/2.0/uk/">http://creativecommons.org/licenses/by-nc/2.0/uk/</ext-link>) which permits unrestricted non-commercial use, distribution, and reproduction in any medium, provided the original work is properly cited.</p></license></permissions><abstract><p><bold>Motivation:</bold> Gene clustering and gene set-based functional analysis are widely used for the analysis of expression profiles. The development of a comprehensive method jointly combining the two methods would allow for greater biological insights.</p><p><bold>Results:</bold> We developed a software package, PathCluster for gene set-based clustering via an agglomerative hierarchical clustering algorithm. The distances between predefined gene sets are illustrated in a dendrogram in which the relationships between gene sets can be visually assessed. Valuable biological insights can be obtained according to the type of gene sets, e.g. coordinated action of molecular functions (functional gene sets) and putative motif synergy (promoter gene set) in a biological process. The combined use of gene sets further enables the interrogation of different biological themes and their putative relationships, such as function-versus-regulatory motif or drug-versus-function. PathCluster can also be used for knowledge-based sample partitioning or class categorization for clinical purposes. With extended applicability, PathCluster will facilitate the gleaning of meaningful biological insights and testable hypotheses in the contexts of given expression profiles.</p><p><bold>Availability:</bold> PathCluster executable files can be freely downloaded at <ext-link ext-link-type="uri" xlink:href="http://www.systemsbiology.co.kr/PathCluster/">http://www.systemsbiology.co.kr/PathCluster/</ext-link>.</p><p><bold>Contact:</bold><email>yejun@catholic.ac.kr</email></p></abstract></article-meta></front></article>