<article xmlns="https://dtd.nlm.nih.gov/ns/archiving/2.3/" xmlns:xsi="http://www.w3.org/2001/XMLSchema-instance" xmlns:mml="http://www.w3.org/1998/Math/MathML" xmlns:xlink="http://www.w3.org/1999/xlink" xsi:schemaLocation="https://dtd.nlm.nih.gov/ns/archiving/2.3/ https://dtd.nlm.nih.gov/archiving/2.3/xsd/archivearticle.xsd" article-type="research-article" xml:lang="EN"><front><journal-meta><journal-id journal-id-type="nlm-ta">Bioinformatics</journal-id><journal-id journal-id-type="publisher-id">bioinformatics</journal-id><journal-id journal-id-type="hwp">bioinfo</journal-id><journal-title>Bioinformatics</journal-title><issn pub-type="ppub">1367-4803</issn><issn pub-type="epub">1460-2059</issn><publisher><publisher-name>Oxford University Press</publisher-name></publisher></journal-meta><article-meta><article-id pub-id-type="accession">PMC2639007</article-id><article-id pub-id-type="pmcid">PMC2639007</article-id><article-id pub-id-type="pmc-uid">2639007</article-id><article-id pub-id-type="pmid">19038984</article-id><article-id pub-id-type="doi">10.1093/bioinformatics/btn592</article-id><article-id pub-id-type="publisher-id">btn592</article-id><article-id pub-id-type="pmid">19038984</article-id><article-categories><subj-group subj-group-type="heading"><subject>Original Papers</subject><subj-group><subject>Gene Expression</subject></subj-group></subj-group></article-categories><title-group><article-title>LRpath: a logistic regression approach for identifying enriched biological groups in gene expression data</article-title></title-group><contrib-group><contrib contrib-type="author"><name><surname>Sartor</surname><given-names>Maureen A.</given-names></name><xref ref-type="aff" rid="AFF1"><sup>1</sup></xref></contrib><contrib contrib-type="author"><name><surname>Leikauf</surname><given-names>George D.</given-names></name><xref ref-type="aff" rid="AFF1"><sup>2</sup></xref></contrib><contrib contrib-type="author"><name><surname>Medvedovic</surname><given-names>Mario</given-names></name><xref ref-type="aff" rid="AFF1"><sup>3</sup></xref><xref ref-type="aff" rid="AFF1"><sup>4</sup></xref><xref ref-type="corresp" rid="COR1">*</xref></contrib></contrib-group><aff id="AFF1"><sup>1</sup>Center for Computational Medicine and Biology, University of Michigan, Ann Arbor, MI, <sup>2</sup>Department Environmental and Occupational Health, University of Pittsburgh, Pittsburgh, PA, <sup>3</sup>Department of Environmental Health and <sup>4</sup>Center for Environmental Genetics, University of Cincinnati, Cincinnati, OH, USA</aff><author-notes><corresp id="COR1">*To whom correspondence should be addressed.</corresp><fn><p>Associate Editor: Trey Ideker</p></fn></author-notes><pub-date pub-type="ppub"><day>15</day><month>1</month><year>2009</year></pub-date><pub-date pub-type="epub"><day>27</day><month>11</month><year>2008</year></pub-date><volume>25</volume><issue>2</issue><fpage>211</fpage><lpage>217</lpage><history><date date-type="received"><day>6</day><month>6</month><year>2008</year></date><date date-type="rev-recd"><day>13</day><month>10</month><year>2008</year></date><date date-type="accepted"><day>11</day><month>11</month><year>2008</year></date></history><permissions><copyright-statement>© The Author 2008. Published by Oxford University Press. All rights reserved. For Permissions, please email: journals.permissions@oxfordjournals.org</copyright-statement><copyright-year>2008</copyright-year></permissions><abstract><p><bold>Motivation:</bold> The elucidation of biological pathways enriched with differentially expressed genes has become an integral part of the analysis and interpretation of microarray data. Several statistical methods are commonly used in this context, but the question of the optimal approach has still not been resolved.</p><p><bold>Results:</bold> We present a logistic regression-based method (LRpath) for identifying predefined sets of biologically related genes enriched with (or depleted of) differentially expressed transcripts in microarray experiments. We functionally relate the odds of gene set membership with the significance of differential expression, and calculate adjusted <italic>P</italic>-values as a measure of statistical significance. The new approach is compared with Fisher's exact test and other relevant methods in a simulation study and in the analysis of two breast cancer datasets. Overall results were concordant between the simulation study and the experimental data analysis, and provide useful information to investigators seeking to choose the appropriate method. LRpath displayed robust behavior and improved statistical power compared with tested alternatives. It is applicable in experiments involving two or more sample types, and accepts significance statistics of the investigator's choice as input.</p><p><bold>Availability:</bold> An R function implementing LRpath can be downloaded from <ext-link ext-link-type="uri" xlink:href="http://eh3.uc.edu/lrpath">http://eh3.uc.edu/lrpath</ext-link>.</p><p><bold>Contact:</bold><email>mario.medvedovic@uc.edu</email></p><p><bold>Supplementary information:</bold><ext-link ext-link-type="uri" xlink:href="http://bioinformatics.oxfordjournals.org/cgi/content/full/btn592/DC1">Supplementary data</ext-link> are available at <italic>Bioinformatics</italic> online and at <ext-link ext-link-type="uri" xlink:href="http://eh3.uc.edu/lrpath">http://eh3.uc.edu/lrpath</ext-link>.</p></abstract></article-meta></front></article>