<article xmlns="https://jats.nlm.nih.gov/ns/archiving/1.2/" xmlns:xsi="http://www.w3.org/2001/XMLSchema-instance" xmlns:mml="http://www.w3.org/1998/Math/MathML" xmlns:xlink="http://www.w3.org/1999/xlink" xsi:schemaLocation="https://jats.nlm.nih.gov/ns/archiving/1.2/ https://jats.nlm.nih.gov/archiving/1.2/xsd/JATS-archivearticle1.xsd" article-type="research-article"><front><journal-meta><journal-id journal-id-type="nlm-ta">Bioinformatics</journal-id><journal-id journal-id-type="publisher-id">bioinformatics</journal-id><journal-id journal-id-type="hwp">bioinfo</journal-id><journal-title-group><journal-title>Bioinformatics</journal-title></journal-title-group><issn pub-type="ppub">1367-4803</issn><issn pub-type="epub">1460-2059</issn><publisher><publisher-name>Oxford University Press</publisher-name></publisher></journal-meta><article-meta><article-id pub-id-type="accession">PMC2718636</article-id><article-id pub-id-type="pmcid">PMC2718636</article-id><article-id pub-id-type="pmc-uid">2718636</article-id><article-id pub-id-type="pmid">18586729</article-id><article-id pub-id-type="pmid">18586729</article-id><article-id pub-id-type="doi">10.1093/bioinformatics/btn158</article-id><article-id pub-id-type="publisher-id">btn158</article-id><article-categories><subj-group subj-group-type="heading"><subject>Ismb 2008 Conference Proceedings 19–23 July 2008, Toronto</subject><subj-group><subject>Original Papers</subject><subj-group><subject>Databases and Ontologies</subject></subj-group></subj-group></subj-group></article-categories><title-group><article-title>The ontology of biological taxa</article-title></title-group><contrib-group><contrib contrib-type="author"><name><surname>Schulz</surname><given-names>Stefan</given-names></name><xref ref-type="aff" rid="AFF1"><sup>1</sup></xref><xref ref-type="corresp" rid="COR1">*</xref></contrib><contrib contrib-type="author"><name><surname>Stenzhorn</surname><given-names>Holger</given-names></name><xref ref-type="aff" rid="AFF1"><sup>1</sup></xref><xref ref-type="aff" rid="AFF1"><sup>2</sup></xref></contrib><contrib contrib-type="author"><name><surname>Boeker</surname><given-names>Martin</given-names></name><xref ref-type="aff" rid="AFF1"><sup>1</sup></xref></contrib></contrib-group><aff id="AFF1"><sup>1</sup>Institute of Medical Biometry and Medical Informatics, University Medical Center Freiburg, Stefan-Meier-Str. 26, 79104 Freiburg, Germany and <sup>2</sup>Digital Enterprise Research Institute (DERI), National University of Ireland, Galway, University Road, Galway, Ireland</aff><author-notes><corresp id="COR1">*To whom correspondence should be addressed.</corresp></author-notes><pub-date pub-type="ppub"><day>1</day><month>7</month><year>2008</year></pub-date><pub-date pub-type="pmc-release"><day>1</day><month>7</month><year>2008</year></pub-date><!-- PMC Release delay is 0 months and 0 days and was based on the
							<pub-date pub-type="ppub"/>. --><volume>24</volume><issue>13</issue><fpage>i313</fpage><lpage>i321</lpage><permissions><copyright-statement>© 2008 The Author(s)</copyright-statement><copyright-year>2008</copyright-year><license license-type="creative-commons" xlink:href="http://creativecommons.org/licenses/by-nc/2.0/uk/"><license-p><!--CREATIVE COMMONS-->This is an Open Access article distributed under the terms of the Creative Commons Attribution Non-Commercial License (<ext-link ext-link-type="uri" xlink:href="http://creativecommons.org/licenses/by-nc/2.0/uk/">http://creativecommons.org/licenses/by-nc/2.0/uk/</ext-link>) which permits unrestricted non-commercial use, distribution, and reproduction in any medium, provided the original work is properly cited.</license-p></license></permissions><abstract><p><bold>Motivation:</bold> The classification of biological entities in terms of species and taxa is an important endeavor in biology. Although a large amount of statements encoded in current biomedical ontologies is taxon-dependent there is no obvious or standard way for introducing taxon information into an integrative ontology architecture, supposedly because of ongoing controversies about the ontological nature of species and taxa.</p><p><bold>Results:</bold> In this article, we discuss different approaches on how to represent biological taxa using existing standards for biomedical ontologies such as the description logic OWL DL and the Open Biomedical Ontologies Relation Ontology. We demonstrate how hidden ambiguities of the species concept can be dealt with and existing controversies can be overcome. A novel approach is to envisage taxon information as qualities that inhere in biological organisms, organism parts and populations.</p><p><bold>Availability:</bold> The presented methodology has been implemented in the domain top-level ontology BioTop, openly accessible at <ext-link ext-link-type="uri" xlink:href="http://purl.org/biotop">http://purl.org/biotop</ext-link>. BioTop may help to improve the logical and ontological rigor of biomedical ontologies and further provides a clear architectural principle to deal with biological taxa information.</p><p><bold>Contact:</bold><email>stschulz@uni-freiburg.de</email></p></abstract></article-meta></front></article>