<article xmlns="https://jats.nlm.nih.gov/ns/archiving/1.2/" xmlns:xsi="http://www.w3.org/2001/XMLSchema-instance" xmlns:mml="http://www.w3.org/1998/Math/MathML" xmlns:xlink="http://www.w3.org/1999/xlink" xsi:schemaLocation="https://jats.nlm.nih.gov/ns/archiving/1.2/ https://jats.nlm.nih.gov/archiving/1.2/xsd/JATS-archivearticle1.xsd" article-type="research-article"><front><journal-meta><journal-id journal-id-type="nlm-ta">Bioinformatics</journal-id><journal-id journal-id-type="publisher-id">bioinformatics</journal-id><journal-id journal-id-type="hwp">bioinfo</journal-id><journal-title-group><journal-title>Bioinformatics</journal-title></journal-title-group><issn pub-type="ppub">1367-4803</issn><issn pub-type="epub">1460-2059</issn><publisher><publisher-name>Oxford University Press</publisher-name></publisher></journal-meta><article-meta><article-id pub-id-type="accession">PMC2722998</article-id><article-id pub-id-type="pmcid">PMC2722998</article-id><article-id pub-id-type="pmc-uid">2722998</article-id><article-id pub-id-type="pmid">19505941</article-id><article-id pub-id-type="doi">10.1093/bioinformatics/btp343</article-id><article-id pub-id-type="publisher-id">btp343</article-id><article-categories><subj-group subj-group-type="heading"><subject>Applications Note</subject><subj-group><subject>Systems Biology</subject></subj-group></subj-group></article-categories><title-group><article-title>ChromA: signal-based retention time alignment for chromatography–mass spectrometry data</article-title></title-group><contrib-group><contrib contrib-type="author"><name><surname>Hoffmann</surname><given-names>Nils</given-names></name></contrib><contrib contrib-type="author"><name><surname>Stoye</surname><given-names>Jens</given-names></name><xref ref-type="corresp" rid="COR1"><sup>*</sup></xref></contrib></contrib-group><aff>Genome Informatics, Faculty of Technology, Bielefeld University, Bielefeld, Germany</aff><author-notes><corresp id="COR1"><sup>*</sup>To whom correspondence should be addressed.</corresp><fn><p>Associate Editor: John Quackenbush</p></fn></author-notes><pub-date pub-type="ppub"><day>15</day><month>8</month><year>2009</year></pub-date><pub-date pub-type="epub"><day>8</day><month>6</month><year>2009</year></pub-date><pub-date pub-type="pmc-release"><day>8</day><month>6</month><year>2009</year></pub-date><!-- PMC Release delay is 0 months and 0 days and was based on the
							<pub-date pub-type="epub"/>. --><volume>25</volume><issue>16</issue><fpage>2080</fpage><lpage>2081</lpage><history><date date-type="received"><day>2</day><month>3</month><year>2009</year></date><date date-type="rev-recd"><day>18</day><month>5</month><year>2009</year></date><date date-type="accepted"><day>27</day><month>5</month><year>2009</year></date></history><permissions><license license-type="creative-commons" xlink:href="http://creativecommons.org/licenses/by-nc/2.0/uk/"><license-p><!--CREATIVE COMMONS-->This is an Open Access article distributed under the terms of the Creative Commons Attribution Non-Commercial License (<ext-link ext-link-type="uri" xlink:href="http://creativecommons.org/licenses/by-nc/2.0/uk/">http://creativecommons.org/licenses/by-nc/2.0/uk/</ext-link>) which permits unrestricted non-commercial use, distribution, and reproduction in any medium, provided the original work is properly cited.</license-p></license></permissions><abstract><p><bold>Summary:</bold> We describe ChromA, a web-based alignment tool for chromatography–mass spectrometry data from the metabolomics and proteomics domains. Users can supply their data in open and standardized file formats for retention time alignment using dynamic time warping with different configurable local distance and similarity functions. Additionally, user-defined anchors can be used to constrain and speedup the alignment. A neighborhood around each anchor can be added to increase the flexibility of the constrained alignment. ChromA offers different visualizations of the alignment for easier qualitative interpretation and comparison of the data. For the multiple alignment of more than two data files, the center-star approximation is applied to select a reference among input files to align to.</p><p><bold>Availability:</bold> ChromA is available at <ext-link ext-link-type="uri" xlink:href="http://bibiserv.techfak.uni-bielefeld.de/chroma">http://bibiserv.techfak.uni-bielefeld.de/chroma</ext-link>. Executables and source code under the L-GPL v3 license are provided for download at the same location.</p><p><bold>Contact:</bold><email>stoye@techfak.uni-bielefeld.de</email></p><p><bold>Supplementary information:</bold><ext-link ext-link-type="uri" xlink:href="http://bioinformatics.oxfordjournals.org/cgi/content/full/btp343/DC1">Supplementary data</ext-link> are available at <italic>Bioinformatics</italic> online.</p></abstract></article-meta></front></article>