<article xmlns="https://jats.nlm.nih.gov/ns/archiving/1.2/" xmlns:xsi="http://www.w3.org/2001/XMLSchema-instance" xmlns:mml="http://www.w3.org/1998/Math/MathML" xmlns:xlink="http://www.w3.org/1999/xlink" xsi:schemaLocation="https://jats.nlm.nih.gov/ns/archiving/1.2/ https://jats.nlm.nih.gov/archiving/1.2/xsd/JATS-archivearticle1.xsd" article-type="research-article"><front><journal-meta><journal-id journal-id-type="nlm-ta">Bioinformatics</journal-id><journal-id journal-id-type="publisher-id">bioinformatics</journal-id><journal-id journal-id-type="hwp">bioinfo</journal-id><journal-title-group><journal-title>Bioinformatics</journal-title></journal-title-group><issn pub-type="ppub">1367-4803</issn><issn pub-type="epub">1460-2059</issn><publisher><publisher-name>Oxford University Press</publisher-name></publisher></journal-meta><article-meta><article-id pub-id-type="accession">PMC2732271</article-id><article-id pub-id-type="pmcid">PMC2732271</article-id><article-id pub-id-type="pmc-uid">2732271</article-id><article-id pub-id-type="pmid">18826959</article-id><article-id pub-id-type="pmid">18826959</article-id><article-id pub-id-type="doi">10.1093/bioinformatics/btn509</article-id><article-id pub-id-type="publisher-id">btn509</article-id><article-categories><subj-group subj-group-type="heading"><subject>Original Papers</subject><subj-group><subject>Genome Analysis</subject></subj-group></subj-group></article-categories><title-group><article-title>Smarter clustering methods for SNP genotype calling</article-title></title-group><contrib-group><contrib contrib-type="author"><name><surname>Lin</surname><given-names>Yan</given-names></name><xref ref-type="aff" rid="AFF1"><sup>1</sup></xref><xref ref-type="aff" rid="AFF1"><sup>2</sup></xref><xref ref-type="corresp" rid="COR1">*</xref></contrib><contrib contrib-type="author"><name><surname>Tseng</surname><given-names>George C.</given-names></name><xref ref-type="aff" rid="AFF1"><sup>1</sup></xref><xref ref-type="aff" rid="AFF1"><sup>3</sup></xref></contrib><contrib contrib-type="author"><name><surname>Cheong</surname><given-names>Soo Yeon</given-names></name><xref ref-type="aff" rid="AFF1"><sup>1</sup></xref></contrib><contrib contrib-type="author"><name><surname>Bean</surname><given-names>Lora J. H.</given-names></name><xref ref-type="aff" rid="AFF1"><sup>4</sup></xref></contrib><contrib contrib-type="author"><name><surname>Sherman</surname><given-names>Stephanie L.</given-names></name><xref ref-type="aff" rid="AFF1"><sup>4</sup></xref></contrib><contrib contrib-type="author"><name><surname>Feingold</surname><given-names>Eleanor</given-names></name><xref ref-type="aff" rid="AFF1"><sup>1</sup></xref><xref ref-type="aff" rid="AFF1"><sup>3</sup></xref></contrib></contrib-group><aff id="AFF1"><sup>1</sup>Department of Biostatistics, <sup>2</sup>Department of Medicine, <sup>3</sup>Department of Human Genetics, University of Pittsburgh, Pittsburgh, PA and <sup>4</sup>Department of Human Genetics, Emory University, Atlanta, GA, USA</aff><author-notes><corresp id="COR1">*To whom correspondence should be addressed.</corresp><fn><p>Associate Editor: Dmitrij Frishman</p></fn></author-notes><pub-date pub-type="ppub"><day>1</day><month>12</month><year>2008</year></pub-date><pub-date pub-type="epub"><day>29</day><month>9</month><year>2008</year></pub-date><pub-date pub-type="pmc-release"><day>1</day><month>12</month><year>2009</year></pub-date><!-- PMC Release delay is 12 months and 0 days and was based on the
					<pub-date pub-type="ppub"/>. --><volume>24</volume><issue>23</issue><fpage>2665</fpage><lpage>2671</lpage><history><date date-type="received"><day>8</day><month>5</month><year>2008</year></date><date date-type="rev-recd"><day>23</day><month>9</month><year>2008</year></date><date date-type="accepted"><day>23</day><month>9</month><year>2008</year></date></history><permissions><copyright-statement>© The Author 2008. Published by Oxford University Press. All rights reserved. For Permissions, please email: journals.permissions@oxfordjournals.org</copyright-statement><copyright-year>2008</copyright-year></permissions><abstract><p><bold>Motivation:</bold> Most genotyping technologies for single nucleotide polymorphism (SNP) markers use standard clustering methods to ‘call’ the SNP genotypes. These methods are not always optimal in distinguishing the genotype clusters of a SNP because they do not take advantage of specific features of the genotype calling problem. In particular, when family data are available, pedigree information is ignored. Furthermore, prior information about the distribution of the measurements for each cluster can be used to choose an appropriate model-based clustering method and can significantly improve the genotype calls. One special genotyping problem that has never been discussed in the literature is that of genotyping of trisomic individuals, such as individuals with Down syndrome. Calling trisomic genotypes is a more complicated problem, and the addition of external information becomes very important.</p><p><bold>Results:</bold> In this article, we discuss the impact of incorporating external information into clustering algorithms to call the genotypes for both disomic and trisomic data. We also propose two new methods to call genotypes using family data. One is a modification of the <italic>K</italic>-means method and uses the pedigree information by updating all members of a family together. The other is a likelihood-based method that combines the Gaussian or beta-mixture model with pedigree information. We compare the performance of these two methods and some other existing methods using simulation studies. We also compare the performance of these methods on a real dataset generated by the Illumina platform (<ext-link ext-link-type="uri" xlink:href="www.illumina.com">www.illumina.com</ext-link>).</p><p><bold>Availability:</bold> The <italic>R</italic> code for the family-based genotype calling methods (SNPCaller) is available to be downloaded from the following website: <ext-link ext-link-type="uri" xlink:href="http://watson.hgen.pitt.edu/register">http://watson.hgen.pitt.edu/register</ext-link>.</p><p><bold>Contact:</bold><email>liny@upmc.edu</email></p><p><bold>Supplementary information:</bold><ext-link ext-link-type="uri" xlink:href="http://bioinformatics.oxfordjournals.org/cgi/content/full/btn509/DC1">Supplementary data</ext-link> are available at <italic>Bioinformatics</italic> online.</p></abstract></article-meta></front></article>