<article xmlns="https://dtd.nlm.nih.gov/ns/archiving/2.3/" xmlns:xsi="http://www.w3.org/2001/XMLSchema-instance" xmlns:mml="http://www.w3.org/1998/Math/MathML" xmlns:xlink="http://www.w3.org/1999/xlink" xsi:schemaLocation="https://dtd.nlm.nih.gov/ns/archiving/2.3/ https://dtd.nlm.nih.gov/archiving/2.3/xsd/archivearticle.xsd" article-type="research-article" xml:lang="EN"><front><journal-meta><journal-id journal-id-type="nlm-ta">Bioinformatics</journal-id><journal-id journal-id-type="publisher-id">bioinformatics</journal-id><journal-id journal-id-type="hwp">bioinfo</journal-id><journal-title>Bioinformatics</journal-title><issn pub-type="ppub">1367-4803</issn><issn pub-type="epub">1460-2059</issn><publisher><publisher-name>Oxford University Press</publisher-name></publisher></journal-meta><article-meta><article-id pub-id-type="accession">PMC2682524</article-id><article-id pub-id-type="pmcid">PMC2682524</article-id><article-id pub-id-type="pmc-uid">2682524</article-id><article-id pub-id-type="pmid">19357101</article-id><article-id pub-id-type="doi">10.1093/bioinformatics/btp241</article-id><article-id pub-id-type="publisher-id">btp241</article-id><article-categories><subj-group subj-group-type="heading"><subject>Original Papers</subject><subj-group><subject>Genome Analysis</subject></subj-group></subj-group></article-categories><title-group><article-title>Automatic identification of species-specific repetitive DNA sequences and their utilization for detecting microbial organisms</article-title></title-group><contrib-group><contrib contrib-type="author"><name><surname>Koressaar</surname><given-names>Triinu</given-names></name><xref ref-type="aff" rid="AFF1"><sup>1</sup></xref></contrib><contrib contrib-type="author"><name><surname>Jõers</surname><given-names>Kai</given-names></name><xref ref-type="aff" rid="AFF1"><sup>2</sup></xref></contrib><contrib contrib-type="author"><name><surname>Remm</surname><given-names>Maido</given-names></name><xref ref-type="aff" rid="AFF1"><sup>1</sup></xref><xref ref-type="corresp" rid="COR1">*</xref></contrib></contrib-group><aff id="AFF1"><sup>1</sup>Department of Bioinformatics, Institute of Molecular and Cell Biology, University of Tartu, Riia str. 23, Tartu 51010 and <sup>2</sup>Quattromed HTI® Laborid, Nooruse 9, Tartu 50411, Estonia</aff><author-notes><corresp id="COR1">*To whom correspondence should be addressed.</corresp><fn><p>Associate Editor: Alex Bateman</p></fn></author-notes><pub-date pub-type="ppub"><day>1</day><month>6</month><year>2009</year></pub-date><pub-date pub-type="epub"><day>8</day><month>4</month><year>2009</year></pub-date><pub-date pub-type="pmc-release"><day>8</day><month>4</month><year>2009</year></pub-date><!-- PMC Release delay is 0 months and 0 days and was based on the
			<pub-date pub-type="epub"/>. --><volume>25</volume><issue>11</issue><fpage>1349</fpage><lpage>1355</lpage><history><date date-type="received"><day>16</day><month>1</month><year>2009</year></date><date date-type="rev-recd"><day>16</day><month>3</month><year>2009</year></date><date date-type="accepted"><day>3</day><month>4</month><year>2009</year></date></history><permissions><copyright-statement>© 2009 The Author(s)</copyright-statement><copyright-year>2009</copyright-year><license license-type="creative-commons" xlink:href="http://creativecommons.org/licenses/by-nc/2.0/uk/"><p><!--CREATIVE COMMONS-->This is an Open Access article distributed under the terms of the Creative Commons Attribution Non-Commercial License (<ext-link ext-link-type="uri" xlink:href="http://creativecommons.org/licenses/by-nc/2.0/uk/">http://creativecommons.org/licenses/by-nc/2.0/uk/</ext-link>) which permits unrestricted non-commercial use, distribution, and reproduction in any medium, provided the original work is properly cited.</p></license></permissions><abstract><p><bold>Motivation:</bold> The concentration of pathogen DNA in biological samples is often very low. Therefore, the sensitivity of diagnostic tests is always a critical factor.</p><p><bold>Results:</bold> We have developed a novel computational method that identifies species-specific repeats from microbial organisms and automatically designs species-specific PCR primers for these repeats. We tested the methodology on 30 randomly chosen microbial species and we demonstrate that species-specific repeats longer than 300 bp exist in all these genomes. We also used our methodology to design species-specific PCR primers for 86 repeats from five medically relevant microbial species. These PCR primers were tested experimentally. We demonstrate that using species-specific repeats as a PCR template region can increase the sensitivity of PCR in diagnostic tests.</p><p><bold>Availability and Implementation:</bold> A web version of the method called MultiMPrimer3 was implemented and is freely available at <ext-link ext-link-type="uri" xlink:href="http://bioinfo.ut.ee/multimprimer3/">http://bioinfo.ut.ee/multimprimer3/</ext-link>.</p><p><bold>Contact:</bold><email>maido.remm@ut.ee</email></p><p><bold>Supplementary information:</bold><ext-link ext-link-type="uri" xlink:href="http://bioinformatics.oxfordjournals.org/cgi/content/full/btp241/DC1">Supplementary data</ext-link> are available at <italic>Bioinformatics</italic> online.</p></abstract></article-meta></front></article>