<article xmlns="https://dtd.nlm.nih.gov/ns/archiving/2.3/" xmlns:xsi="http://www.w3.org/2001/XMLSchema-instance" xmlns:mml="http://www.w3.org/1998/Math/MathML" xmlns:xlink="http://www.w3.org/1999/xlink" xsi:schemaLocation="https://dtd.nlm.nih.gov/ns/archiving/2.3/ https://dtd.nlm.nih.gov/archiving/2.3/xsd/archivearticle.xsd" article-type="research-article" xml:lang="EN"><front><journal-meta><journal-id journal-id-type="nlm-ta">Bioinformatics</journal-id><journal-id journal-id-type="publisher-id">bioinformatics</journal-id><journal-id journal-id-type="hwp">bioinfo</journal-id><journal-title>Bioinformatics</journal-title><issn pub-type="ppub">1367-4803</issn><issn pub-type="epub">1460-2059</issn><publisher><publisher-name>Oxford University Press</publisher-name></publisher></journal-meta><article-meta><article-id pub-id-type="accession">PMC2519163</article-id><article-id pub-id-type="pmcid">PMC2519163</article-id><article-id pub-id-type="pmc-uid">2519163</article-id><article-id pub-id-type="pmid">18625612</article-id><article-id pub-id-type="doi">10.1093/bioinformatics/btn343</article-id><article-id pub-id-type="publisher-id">btn343</article-id><article-id pub-id-type="pmid">18625612</article-id><article-categories><subj-group subj-group-type="heading"><subject>Applications Note</subject><subj-group><subject>Databases and Ontologies</subject></subj-group></subj-group></article-categories><title-group><article-title>Semantic reclassification of the UMLS concepts</article-title></title-group><contrib-group><contrib contrib-type="author"><name><surname>Fan</surname><given-names>Jung-Wei</given-names></name><xref ref-type="corresp" rid="COR1"><sup>*</sup></xref></contrib><contrib contrib-type="author"><name><surname>Friedman</surname><given-names>Carol</given-names></name></contrib></contrib-group><aff>Department of Biomedical Informatics, Columbia University, 622 W 168th St, VC5, New York, NY10032, USA</aff><author-notes><corresp id="COR1"><sup>*</sup>To whom correspondence should be addressed.</corresp><fn><p>Associate Editor: John Quackenbush</p></fn></author-notes><pub-date pub-type="ppub"><day>1</day><month>9</month><year>2008</year></pub-date><pub-date pub-type="epub"><day>13</day><month>7</month><year>2008</year></pub-date><pub-date pub-type="pmc-release"><day>13</day><month>7</month><year>2008</year></pub-date><volume>24</volume><issue>17</issue><fpage>1971</fpage><lpage>1973</lpage><history><date date-type="received"><day>30</day><month>4</month><year>2008</year></date><date date-type="rev-recd"><day>25</day><month>6</month><year>2008</year></date><date date-type="accepted"><day>2</day><month>7</month><year>2008</year></date></history><permissions><copyright-statement>© 2008 The Author(s)</copyright-statement><copyright-year>2008</copyright-year><license license-type="creative-commons" xlink:href="http://creativecommons.org/licenses/by-nc/2.0/uk/"><p><!--CREATIVE COMMONS-->This is an Open Access article distributed under the terms of the Creative Commons Attribution Non-Commercial License (<ext-link ext-link-type="uri" xlink:href="http://creativecommons.org/licenses/by-nc/2.0/uk/">http://creativecommons.org/licenses/by-nc/2.0/uk/</ext-link>) which permits unrestricted non-commercial use, distribution, and reproduction in any medium, provided the original work is properly cited.</p></license></permissions><abstract><p><bold>Summary:</bold> Accurate semantic classification is valuable for text mining and knowledge-based tasks that perform inference based on semantic classes. To benefit applications using the semantic classification of the Unified Medical Language System (UMLS) concepts, we automatically reclassified the concepts based on their lexical and contextual features. The new classification is useful for auditing the original UMLS semantic classification and for building biomedical text mining applications.</p><p><bold>Availability:</bold><ext-link ext-link-type="uri" xlink:href="http://www.dbmi.columbia.edu/~juf7002/reclassify_production">http://www.dbmi.columbia.edu/~juf7002/reclassify_production</ext-link></p><p><bold>Contact:</bold><email>fan@dbmi.columbia.edu</email></p><p><bold>Supplementary information:</bold> Supplementary data is available at <ext-link ext-link-type="uri" xlink:href="http://www.dbmi.columbia.edu/~juf7002/reclassify_production">http://www.dbmi.columbia.edu/~juf7002/reclassify_production</ext-link>.</p></abstract></article-meta></front></article>