<article xmlns="https://jats.nlm.nih.gov/ns/archiving/1.2/" xmlns:xsi="http://www.w3.org/2001/XMLSchema-instance" xmlns:mml="http://www.w3.org/1998/Math/MathML" xmlns:xlink="http://www.w3.org/1999/xlink" xsi:schemaLocation="https://jats.nlm.nih.gov/ns/archiving/1.2/ https://jats.nlm.nih.gov/archiving/1.2/xsd/JATS-archivearticle1.xsd" article-type="research-article"><front><journal-meta><journal-id journal-id-type="nlm-ta">Bioinformatics</journal-id><journal-id journal-id-type="publisher-id">bioinformatics</journal-id><journal-id journal-id-type="hwp">bioinfo</journal-id><journal-title-group><journal-title>Bioinformatics</journal-title></journal-title-group><issn pub-type="ppub">1367-4803</issn><issn pub-type="epub">1460-2059</issn><publisher><publisher-name>Oxford University Press</publisher-name></publisher></journal-meta><article-meta><article-id pub-id-type="accession">PMC2705232</article-id><article-id pub-id-type="pmcid">PMC2705232</article-id><article-id pub-id-type="pmc-uid">2705232</article-id><article-id pub-id-type="pmid">19468055</article-id><article-id pub-id-type="doi">10.1093/bioinformatics/btp320</article-id><article-id pub-id-type="publisher-id">btp320</article-id><article-categories><subj-group subj-group-type="heading"><subject>Applications Note</subject><subj-group><subject>Genome Analysis</subject></subj-group></subj-group></article-categories><title-group><article-title>NTAP: for NimbleGen tiling array ChIP-chip data analysis</article-title></title-group><contrib-group><contrib contrib-type="author"><name><surname>He</surname><given-names>Kun</given-names></name><xref ref-type="aff" rid="AFF1"><sup>1</sup></xref><xref ref-type="aff" rid="AFF1"><sup>2</sup></xref><xref ref-type="corresp" rid="COR1">*</xref></contrib><contrib contrib-type="author"><name><surname>Li</surname><given-names>Xueyong</given-names></name><xref ref-type="aff" rid="AFF1"><sup>3</sup></xref><xref ref-type="aff" rid="AFF1"><sup>4</sup></xref></contrib><contrib contrib-type="author"><name><surname>Zhou</surname><given-names>Junli</given-names></name><xref ref-type="aff" rid="AFF1"><sup>3</sup></xref><xref ref-type="aff" rid="AFF1"><sup>5</sup></xref></contrib><contrib contrib-type="author"><name><surname>Deng</surname><given-names>Xing-Wang</given-names></name><xref ref-type="aff" rid="AFF1"><sup>3</sup></xref></contrib><contrib contrib-type="author"><name><surname>Zhao</surname><given-names>Hongyu</given-names></name><xref ref-type="aff" rid="AFF1"><sup>6</sup></xref></contrib><contrib contrib-type="author"><name><surname>Luo</surname><given-names>Jingchu</given-names></name><xref ref-type="aff" rid="AFF1"><sup>1</sup></xref><xref ref-type="corresp" rid="COR1">*</xref></contrib></contrib-group><aff id="AFF1"><sup>1</sup> College of Life Sciences, Center for Bioinformatics, National Laboratory of Protein Engineering and Plant Genetic Engineering, Peking University, Beijing 100871, China, <sup>2</sup> Department of Plant Biology, Carnegie Institution, Stanford, CA 94305, <sup>3</sup> Department of Molecular, Cellular, and Developmental Biology, Yale University, New Haven, CT 06520, USA, <sup>4</sup> Institute of Crop Sciences, Chinese Academy of Agricultural Sciences, Beijing 100081, <sup>5</sup> Beijing Kaituo DNA Biotech Research Center CO., Ltd., 39 West Shangdi Rd, Haidian District, Beijing 100085, China and <sup>6</sup> Department of Epidemiology and Public Health, Yale University School of Medicine, New Haven, CT 06520, USA</aff><author-notes><corresp id="COR1">* To whom correspondence should be addressed.</corresp><fn><p>Associate Editor: John Quackenbush</p></fn></author-notes><pub-date pub-type="ppub"><day>15</day><month>7</month><year>2009</year></pub-date><pub-date pub-type="epub"><day>25</day><month>5</month><year>2009</year></pub-date><pub-date pub-type="pmc-release"><day>25</day><month>5</month><year>2009</year></pub-date><!-- PMC Release delay is 0 months and 0 days and was based on the
							<pub-date pub-type="epub"/>. --><volume>25</volume><issue>14</issue><fpage>1838</fpage><lpage>1840</lpage><history><date date-type="received"><day>24</day><month>1</month><year>2009</year></date><date date-type="rev-recd"><day>10</day><month>5</month><year>2009</year></date><date date-type="accepted"><day>12</day><month>5</month><year>2009</year></date></history><permissions><license license-type="creative-commons" xlink:href="http://creativecommons.org/licenses/by-nc/2.0/uk/"><license-p><!--CREATIVE COMMONS-->This is an Open Access article distributed under the terms of the Creative Commons Attribution Non-Commercial License (<ext-link ext-link-type="uri" xlink:href="http://creativecommons.org/licenses/by-nc/2.0/uk/">http://creativecommons.org/licenses/by-nc/2.0/uk/</ext-link>) which permits unrestricted non-commercial use, distribution, and reproduction in any medium, provided the original work is properly cited.</license-p></license></permissions><abstract><p><bold>Summary:</bold>NTAP is designed to analyze ChIP-chip data generated by the NimbleGen tiling array platform and to accomplish various pattern recognition tasks that are useful especially for epigenetic studies. The modular design of NTAP makes the data processing highly customizable. Users can either use NTAP to perform the full process of NimbleGen tiling array data analysis, or choose post-processing modules in NTAP to analyze pre-processed epigenetic data generated by other platforms. The output of NTAP can be saved in standard GFF format files and visualized in GBrowse.</p><p><bold>Availability and Implementation:</bold>The source code of NTAP is freely available at <ext-link ext-link-type="uri" xlink:href="http://ntap.cbi.pku.edu.cn/">http://ntap.cbi.pku.edu.cn/</ext-link>. It is implemented in Perl and R and can be used on Linux, Mac and Windows platforms.</p><p><bold>Contact:</bold><email>ntap@mail.cbi.pku.edu.cn</email>; <email>luojc@pku.edu.cn</email>; <email>hekun78@gmail.com</email></p></abstract></article-meta></front></article>