<article xmlns="https://dtd.nlm.nih.gov/ns/archiving/2.3/" xmlns:xsi="http://www.w3.org/2001/XMLSchema-instance" xmlns:mml="http://www.w3.org/1998/Math/MathML" xmlns:xlink="http://www.w3.org/1999/xlink" xsi:schemaLocation="https://dtd.nlm.nih.gov/ns/archiving/2.3/ https://dtd.nlm.nih.gov/archiving/2.3/xsd/archivearticle.xsd" article-type="research-article" xml:lang="EN"><front><journal-meta><journal-id journal-id-type="nlm-ta">Bioinformatics</journal-id><journal-id journal-id-type="publisher-id">bioinformatics</journal-id><journal-id journal-id-type="hwp">bioinfo</journal-id><journal-title>Bioinformatics</journal-title><issn pub-type="ppub">1367-4803</issn><issn pub-type="epub">1460-2059</issn><publisher><publisher-name>Oxford University Press</publisher-name></publisher></journal-meta><article-meta><article-id pub-id-type="accession">PMC2682519</article-id><article-id pub-id-type="pmcid">PMC2682519</article-id><article-id pub-id-type="pmc-uid">2682519</article-id><article-id pub-id-type="pmid">19321734</article-id><article-id pub-id-type="doi">10.1093/bioinformatics/btp173</article-id><article-id pub-id-type="publisher-id">btp173</article-id><article-categories><subj-group subj-group-type="heading"><subject>Applications Note</subject><subj-group><subject>Systems Biology</subject></subj-group></subj-group></article-categories><title-group><article-title>GetBonNie for building, analyzing and sharing rule-based models</article-title></title-group><contrib-group><contrib contrib-type="author"><name><surname>Hu</surname><given-names>Bin</given-names></name><xref ref-type="aff" rid="AFF1"><sup>1</sup></xref><xref ref-type="aff" rid="AFF1"><sup>2</sup></xref></contrib><contrib contrib-type="author"><name><surname>Matthew Fricke</surname><given-names>G.</given-names></name><xref ref-type="aff" rid="AFF1"><sup>3</sup></xref></contrib><contrib contrib-type="author"><name><surname>Faeder</surname><given-names>James R.</given-names></name><xref ref-type="aff" rid="AFF1"><sup>4</sup></xref></contrib><contrib contrib-type="author"><name><surname>Posner</surname><given-names>Richard G.</given-names></name><xref ref-type="aff" rid="AFF1"><sup>5</sup></xref></contrib><contrib contrib-type="author"><name><surname>Hlavacek</surname><given-names>William S.</given-names></name><xref ref-type="aff" rid="AFF1"><sup>1</sup></xref><xref ref-type="aff" rid="AFF1"><sup>2</sup></xref><xref ref-type="aff" rid="AFF1"><sup>6</sup></xref><xref ref-type="corresp" rid="COR1">*</xref></contrib></contrib-group><aff id="AFF1"><sup>1</sup>Department of Biology, University of New Mexico, Albuquerque, NM 87131, <sup>2</sup>Theoretical Biology and Biophysics Group, Theoretical Division, Los Alamos National Laboratory, Los Alamos, NM 87545, <sup>3</sup>Department of Computer Science, University of New Mexico, Albuquerque, NM 87131, <sup>4</sup>Department of Computational Biology, University of Pittsburgh School of Medicine, Pittsburgh, PA 15260, <sup>5</sup>Computational Biology Division, Translational Genomics Research Institute, Phoenix, AZ 85004 and <sup>6</sup>Center for Nonlinear Studies, Los Alamos National Laboratory, Los Alamos, NM 87545, USA</aff><author-notes><corresp id="COR1">*To whom correspondence should be addressed.</corresp><fn><p>Associate Editor: Olga Troyanskaya</p></fn></author-notes><pub-date pub-type="ppub"><day>1</day><month>6</month><year>2009</year></pub-date><pub-date pub-type="epub"><day>25</day><month>3</month><year>2009</year></pub-date><volume>25</volume><issue>11</issue><fpage>1457</fpage><lpage>1460</lpage><history><date date-type="received"><day>21</day><month>11</month><year>2008</year></date><date date-type="rev-recd"><day>6</day><month>3</month><year>2009</year></date><date date-type="accepted"><day>22</day><month>3</month><year>2009</year></date></history><permissions><copyright-statement>© The Author 2009. Published by Oxford University Press. All rights reserved. For Permissions, please email: journals.permissions@oxfordjournals.org</copyright-statement><copyright-year>2009</copyright-year></permissions><abstract><p><bold>Summary:</bold> GetBonNie is a web-based application for building, analyzing and sharing rule-based models encoded in the BioNetGen language (BNGL). Tools accessible within the GetBonNie environment include (i) an applet for drawing graphs that correspond to BNGL code; (ii) a network-generation engine for translating a set of rules into a chemical reaction network; (iii) simulation engines that implement generate-first, on-the-fly and network-free methods for simulating rule-based models; and (iv) a database for sharing models, parameter values, annotations, simulation tasks and results.</p><p><bold>Availability:</bold> GetBonNie is free at <ext-link ext-link-type="uri" xlink:href="http://getbonnie.org">http://getbonnie.org</ext-link>.</p><p><bold>Contact:</bold><email>getbonnie@cs.unm.edu</email></p></abstract></article-meta></front></article>