<article xmlns="https://jats.nlm.nih.gov/ns/archiving/1.2/" xmlns:xsi="http://www.w3.org/2001/XMLSchema-instance" xmlns:mml="http://www.w3.org/1998/Math/MathML" xmlns:xlink="http://www.w3.org/1999/xlink" xsi:schemaLocation="https://jats.nlm.nih.gov/ns/archiving/1.2/ https://jats.nlm.nih.gov/archiving/1.2/xsd/JATS-archivearticle1.xsd" article-type="research-article"><front><journal-meta><journal-id journal-id-type="nlm-ta">Bioinformatics</journal-id><journal-id journal-id-type="publisher-id">bioinformatics</journal-id><journal-id journal-id-type="hwp">bioinfo</journal-id><journal-title-group><journal-title>Bioinformatics</journal-title></journal-title-group><issn pub-type="ppub">1367-4803</issn><issn pub-type="epub">1460-2059</issn><publisher><publisher-name>Oxford University Press</publisher-name></publisher></journal-meta><article-meta><article-id pub-id-type="accession">PMC2712340</article-id><article-id pub-id-type="pmcid">PMC2712340</article-id><article-id pub-id-type="pmc-uid">2712340</article-id><article-id pub-id-type="pmid">19454618</article-id><article-id pub-id-type="doi">10.1093/bioinformatics/btp330</article-id><article-id pub-id-type="publisher-id">btp330</article-id><article-categories><subj-group subj-group-type="heading"><subject>Applications Note</subject><subj-group><subject>Systems Biology</subject></subj-group></subj-group></article-categories><title-group><article-title>jClust: a clustering and visualization toolbox</article-title></title-group><contrib-group><contrib contrib-type="author"><name><surname>Pavlopoulos</surname><given-names>Georgios A.</given-names></name><xref ref-type="aff" rid="AFF1"><sup>1</sup></xref><xref ref-type="corresp" rid="COR1">*</xref><xref ref-type="author-notes" rid="FN1"><sup>†</sup></xref></contrib><contrib contrib-type="author"><name><surname>Moschopoulos</surname><given-names>Charalampos N.</given-names></name><xref ref-type="aff" rid="AFF1"><sup>2</sup></xref><xref ref-type="author-notes" rid="FN1"><sup>†</sup></xref></contrib><contrib contrib-type="author"><name><surname>Hooper</surname><given-names>Sean D.</given-names></name><xref ref-type="aff" rid="AFF1"><sup>3</sup></xref></contrib><contrib contrib-type="author"><name><surname>Schneider</surname><given-names>Reinhard</given-names></name><xref ref-type="aff" rid="AFF1"><sup>1</sup></xref><xref ref-type="corresp" rid="COR1">*</xref><xref ref-type="author-notes" rid="FN1"><sup>†</sup></xref></contrib><contrib contrib-type="author"><name><surname>Kossida</surname><given-names>Sophia</given-names></name><xref ref-type="aff" rid="AFF1"><sup>2</sup></xref><xref ref-type="corresp" rid="COR1">*</xref><xref ref-type="author-notes" rid="FN1"><sup>†</sup></xref></contrib></contrib-group><aff id="AFF1"><sup>1</sup> Structural and Computational Biology Unit, EMBL Meyerhofstrasse 1, Heidelberg, Germany, <sup>2</sup> Bioinformatics &amp; Medical Informatics Team, Biomedical Research Foundation of the Academy of Athens, Soranou Efesiou 4, GR-11527, Athens, Greece and <sup>3</sup> Department of Energy Joint Genome Institute (DOE-JGI), Genome Biology Program, 2800 Mitchell Drive, Walnut Creek, CA 94598, US</aff><author-notes><corresp id="COR1">* To whom correspondence should be addressed.</corresp><fn id="FN1"><p><sup>†</sup> The authors wish it to be known that, in their opinion, the first two authors should be regarded as joint First Authors and the last two authors should be regarded as joint Last Authors.</p></fn><fn><p>Associate Editor: Jonathan Wren</p></fn></author-notes><pub-date pub-type="ppub"><day>1</day><month>8</month><year>2009</year></pub-date><pub-date pub-type="epub"><day>19</day><month>5</month><year>2009</year></pub-date><pub-date pub-type="pmc-release"><day>19</day><month>5</month><year>2009</year></pub-date><!-- PMC Release delay is 0 months and 0 days and was based on the
							<pub-date pub-type="epub"/>. --><volume>25</volume><issue>15</issue><fpage>1994</fpage><lpage>1996</lpage><history><date date-type="received"><day>16</day><month>3</month><year>2009</year></date><date date-type="rev-recd"><day>27</day><month>4</month><year>2009</year></date><date date-type="accepted"><day>15</day><month>5</month><year>2009</year></date></history><permissions><copyright-statement>© 2009 The Author(s)</copyright-statement><copyright-year>2009</copyright-year><license license-type="creative-commons" xlink:href="http://creativecommons.org/licenses/by-nc/2.0/uk/"><license-p><!--CREATIVE COMMONS-->This is an Open Access article distributed under the terms of the Creative Commons Attribution Non-Commercial License (<ext-link ext-link-type="uri" xlink:href="http://creativecommons.org/licenses/by-nc/2.0/uk/">http://creativecommons.org/licenses/by-nc/2.0/uk/</ext-link>) which permits unrestricted non-commercial use, distribution, and reproduction in any medium, provided the original work is properly cited.</license-p></license></permissions><abstract><p>jClust is a user-friendly application which provides access to a set of widely used clustering and clique finding algorithms. The toolbox allows a range of filtering procedures to be applied and is combined with an advanced implementation of the Medusa interactive visualization module. These implemented algorithms are <italic>k</italic>-Means, Affinity propagation, Bron–Kerbosch, MULIC, Restricted neighborhood search cluster algorithm, Markov clustering and Spectral clustering, while the supported filtering procedures are haircut, outside–inside, best neighbors and density control operations. The combination of a simple input file format, a set of clustering and filtering algorithms linked together with the visualization tool provides a powerful tool for data analysis and information extraction.</p><p><bold>Availability:</bold><ext-link ext-link-type="uri" xlink:href="http://jclust.embl.de/">http://jclust.embl.de/</ext-link></p><p><bold>Contact:</bold><email>pavlopou@embl.de</email>; <email>rschneid@embl.de</email>; <email>skossida@bioacademy.gr</email></p><p><bold>Supplementary information:</bold><ext-link ext-link-type="uri" xlink:href="http://bioinformatics.oxfordjournals.org/cgi/content/full/btp330/DC1">Supplementary data</ext-link> are available at <italic>Bioinformatics</italic> online.</p></abstract></article-meta></front></article>