<article xmlns="https://dtd.nlm.nih.gov/ns/archiving/2.3/" xmlns:xsi="http://www.w3.org/2001/XMLSchema-instance" xmlns:mml="http://www.w3.org/1998/Math/MathML" xmlns:xlink="http://www.w3.org/1999/xlink" xsi:schemaLocation="https://dtd.nlm.nih.gov/ns/archiving/2.3/ https://dtd.nlm.nih.gov/archiving/2.3/xsd/archivearticle.xsd" article-type="research-article" xml:lang="EN"><front><journal-meta><journal-id journal-id-type="nlm-ta">Bioinformatics</journal-id><journal-id journal-id-type="publisher-id">bioinformatics</journal-id><journal-id journal-id-type="hwp">bioinfo</journal-id><journal-title>Bioinformatics</journal-title><issn pub-type="ppub">1367-4803</issn><issn pub-type="epub">1460-2059</issn><publisher><publisher-name>Oxford University Press</publisher-name></publisher></journal-meta><article-meta><article-id pub-id-type="accession">PMC2647836</article-id><article-id pub-id-type="pmcid">PMC2647836</article-id><article-id pub-id-type="pmc-uid">2647836</article-id><article-id pub-id-type="pmid">19151094</article-id><article-id pub-id-type="doi">10.1093/bioinformatics/btp030</article-id><article-id pub-id-type="publisher-id">btp030</article-id><article-categories><subj-group subj-group-type="heading"><subject>Applications Note</subject><subj-group><subject>Genome Analysis</subject></subj-group></subj-group></article-categories><title-group><article-title>IslandViewer: an integrated interface for computational identification and visualization of genomic islands</article-title></title-group><contrib-group><contrib contrib-type="author"><name><surname>Langille</surname><given-names>Morgan G. I.</given-names></name></contrib><contrib contrib-type="author"><name><surname>Brinkman</surname><given-names>Fiona S. L.</given-names></name><xref ref-type="corresp" rid="COR1">*</xref></contrib></contrib-group><aff>Department of Molecular Biology and Biochemistry, Simon Fraser University, Burnaby, BC, Canada</aff><author-notes><corresp id="COR1">*To whom correspondence should be addressed.</corresp><fn><p>Associate Editor: Dmitrij Frishman</p></fn></author-notes><pub-date pub-type="ppub"><day>1</day><month>3</month><year>2009</year></pub-date><pub-date pub-type="epub"><day>16</day><month>1</month><year>2009</year></pub-date><pub-date pub-type="pmc-release"><day>16</day><month>1</month><year>2009</year></pub-date><volume>25</volume><issue>5</issue><fpage>664</fpage><lpage>665</lpage><history><date date-type="received"><day>18</day><month>10</month><year>2008</year></date><date date-type="rev-recd"><day>12</day><month>12</month><year>2008</year></date><date date-type="accepted"><day>12</day><month>1</month><year>2009</year></date></history><permissions><copyright-statement>© 2009 The Author(s)</copyright-statement><copyright-year>2009</copyright-year><license license-type="creative-commons" xlink:href="http://creativecommons.org/licenses/by-nc/2.0/uk/"><p><!--CREATIVE COMMONS-->This is an Open Access article distributed under the terms of the Creative Commons Attribution Non-Commercial License (<ext-link ext-link-type="uri" xlink:href="http://creativecommons.org/licenses/by-nc/2.0/uk/">http://creativecommons.org/licenses/by-nc/2.0/uk/</ext-link>) which permits unrestricted non-commercial use, distribution, and reproduction in any medium, provided the original work is properly cited.</p></license></permissions><abstract><p><bold>Summary:</bold> Genomic islands (clusters of genes of probable horizontal origin; GIs) play a critical role in medically important adaptations of bacteria. Recently, several computational methods have been developed to predict GIs that utilize either sequence composition bias or comparative genomics approaches. IslandViewer is a web accessible application that provides the first user-friendly interface for obtaining precomputed GI predictions, or predictions from user-inputted sequence, using the most accurate methods for genomic island prediction: IslandPick, IslandPath-DIMOB and SIGI-HMM. The graphical interface allows easy viewing and downloading of island data in multiple formats, at both the chromosome and gene level, for method-specific, or overlapping, GI predictions.</p><p><bold>Availability:</bold> The IslandViewer web service is available at <ext-link ext-link-type="uri" xlink:href="http://www.pathogenomics.sfu.ca/islandviewer">http://www.pathogenomics.sfu.ca/islandviewer</ext-link> and the source code is freely available under the GNU GPL license.</p><p><bold>Contact:</bold><email>brinkman@sfu.ca</email></p></abstract></article-meta></front></article>