<article xmlns="https://dtd.nlm.nih.gov/ns/archiving/2.3/" xmlns:xsi="http://www.w3.org/2001/XMLSchema-instance" xmlns:mml="http://www.w3.org/1998/Math/MathML" xmlns:xlink="http://www.w3.org/1999/xlink" xsi:schemaLocation="https://dtd.nlm.nih.gov/ns/archiving/2.3/ https://dtd.nlm.nih.gov/archiving/2.3/xsd/archivearticle.xsd" article-type="research-article" xml:lang="EN"><front><journal-meta><journal-id journal-id-type="nlm-ta">Bioinformatics</journal-id><journal-id journal-id-type="publisher-id">bioinformatics</journal-id><journal-id journal-id-type="hwp">bioinfo</journal-id><journal-title>Bioinformatics</journal-title><issn pub-type="ppub">1367-4803</issn><issn pub-type="epub">1460-2059</issn><publisher><publisher-name>Oxford University Press</publisher-name></publisher></journal-meta><article-meta><article-id pub-id-type="accession">PMC2660869</article-id><article-id pub-id-type="pmcid">PMC2660869</article-id><article-id pub-id-type="pmc-uid">2660869</article-id><article-id pub-id-type="pmid">18326507</article-id><article-id pub-id-type="doi">10.1093/bioinformatics/btn033</article-id><article-id pub-id-type="publisher-id">btn033</article-id><article-categories><subj-group subj-group-type="heading"><subject>Applications Note</subject><subj-group><subject>Data and Text Mining</subject></subj-group></subj-group></article-categories><title-group><article-title>MiSearch adaptive pubMed search tool</article-title></title-group><contrib-group><contrib contrib-type="author"><name><surname>States</surname><given-names>David J.</given-names></name><xref ref-type="aff" rid="AFF1"><sup>1</sup></xref><xref ref-type="aff" rid="AFF1"><sup>2</sup></xref><xref ref-type="corresp" rid="COR1">*</xref></contrib><contrib contrib-type="author"><name><surname>Ade</surname><given-names>Alex S.</given-names></name><xref ref-type="aff" rid="AFF1"><sup>1</sup></xref></contrib><contrib contrib-type="author"><name><surname>Wright</surname><given-names>Zachary C.</given-names></name><xref ref-type="aff" rid="AFF1"><sup>1</sup></xref></contrib><contrib contrib-type="author"><name><surname>Bookvich</surname><given-names>Aaron V.</given-names></name><xref ref-type="aff" rid="AFF1"><sup>1</sup></xref></contrib><contrib contrib-type="author"><name><surname>Athey</surname><given-names>Brian D.</given-names></name><xref ref-type="aff" rid="AFF1"><sup>1</sup></xref><xref ref-type="aff" rid="AFF1"><sup>3</sup></xref></contrib></contrib-group><aff id="AFF1"><sup>1</sup>National Center for Integrative Biomedical Informatics, <sup>2</sup>Department of Human Genetics and <sup>3</sup>Department of Psychiatry, University of Michigan, Ann Arbor, MI 48109, USA</aff><author-notes><corresp id="COR1">*To whom correspondence should be addressed.</corresp><fn><p>Associate Editor: Alfonso Valencia</p></fn></author-notes><pub-date pub-type="ppub"><day>1</day><month>4</month><year>2009</year></pub-date><pub-date pub-type="epub"><day>6</day><month>3</month><year>2008</year></pub-date><pub-date pub-type="pmc-release"><day>6</day><month>3</month><year>2008</year></pub-date><!-- PMC Release delay is 0 months and 0 days and was based on the
			<pub-date pub-type="epub"/>. --><volume>25</volume><issue>7</issue><fpage>974</fpage><lpage>976</lpage><history><date date-type="received"><day>7</day><month>9</month><year>2007</year></date><date date-type="rev-recd"><day>22</day><month>1</month><year>2008</year></date><date date-type="accepted"><day>22</day><month>1</month><year>2008</year></date></history><permissions><copyright-statement>© 2008 The Author(s)</copyright-statement><copyright-year>2008</copyright-year><license license-type="creative-commons" xlink:href="http://creativecommons.org/licenses/by-nc/2.0/uk/"><p><!--CREATIVE COMMONS-->This is an Open Access article distributed under the terms of the Creative Commons Attribution Non-Commercial License (<ext-link ext-link-type="uri" xlink:href="http://creativecommons.org/licenses/by-nc/2.0/uk/">http://creativecommons.org/licenses/by-nc/2.0/uk/</ext-link>) which permits unrestricted non-commercial use, distribution, and reproduction in any medium, provided the original work is properly cited.</p></license></permissions><abstract><p><bold>Summary:</bold> MiSearch is an adaptive biomedical literature search tool that ranks citations based on a statistical model for the likelihood that a user will choose to view them. Citation selections are automatically acquired during browsing and used to dynamically update a likelihood model that includes authorship, journal and PubMed indexing information. The user can optionally elect to include or exclude specific features and vary the importance of timeliness in the ranking.</p><p><bold>Availability:</bold><ext-link ext-link-type="uri" xlink:href="http://misearch.ncibi.org">http://misearch.ncibi.org</ext-link></p><p><bold>Contact:</bold><email>dstates@umich.edu</email></p><p><bold>Supplementary information:</bold><ext-link ext-link-type="uri" xlink:href="http://bioinformatics.oxfordjournals.org/cgi/content/full/btn033/DC1">Supplementary data</ext-link> are available at <italic>Bioinformatics</italic> online.</p></abstract></article-meta></front></article>