<article xmlns="https://dtd.nlm.nih.gov/ns/archiving/2.3/" xmlns:xsi="http://www.w3.org/2001/XMLSchema-instance" xmlns:mml="http://www.w3.org/1998/Math/MathML" xmlns:xlink="http://www.w3.org/1999/xlink" xsi:schemaLocation="https://dtd.nlm.nih.gov/ns/archiving/2.3/ https://dtd.nlm.nih.gov/archiving/2.3/xsd/archivearticle.xsd" article-type="research-article" xml:lang="EN"><front><journal-meta><journal-id journal-id-type="nlm-ta">Bioinformatics</journal-id><journal-id journal-id-type="publisher-id">bioinformatics</journal-id><journal-id journal-id-type="hwp">bioinfo</journal-id><journal-title>Bioinformatics</journal-title><issn pub-type="ppub">1367-4803</issn><issn pub-type="epub">1460-2059</issn><publisher><publisher-name>Oxford University Press</publisher-name></publisher></journal-meta><article-meta><article-id pub-id-type="accession">PMC2579710</article-id><article-id pub-id-type="pmcid">PMC2579710</article-id><article-id pub-id-type="pmc-uid">2579710</article-id><article-id pub-id-type="pmid">18790795</article-id><article-id pub-id-type="doi">10.1093/bioinformatics/btn465</article-id><article-id pub-id-type="publisher-id">btn465</article-id><article-id pub-id-type="pmid">18790795</article-id><article-categories><subj-group subj-group-type="heading"><subject>Original Papers</subject><subj-group><subject>Gene Expression</subject></subj-group></subj-group></article-categories><title-group><article-title>Gene set enrichment analysis using linear models and diagnostics</article-title></title-group><contrib-group><contrib contrib-type="author"><name><surname>Oron</surname><given-names>Assaf P.</given-names></name><xref ref-type="aff" rid="AFF1"><sup>1</sup></xref><xref ref-type="aff" rid="AFF1"><sup>2</sup></xref><xref ref-type="corresp" rid="COR1">*</xref></contrib><contrib contrib-type="author"><name><surname>Jiang</surname><given-names>Zhen</given-names></name><xref ref-type="aff" rid="AFF1"><sup>3</sup></xref></contrib><contrib contrib-type="author"><name><surname>Gentleman</surname><given-names>Robert</given-names></name><xref ref-type="aff" rid="AFF1"><sup>1</sup></xref></contrib></contrib-group><aff id="AFF1"><sup>1</sup>Fred Hutchinson Cancer Research Center, 1100 Fairview Avenue North, Seattle, WA 98109-1024, <sup>2</sup>Department of Statistics, Box 354322, University of Washington, Seattle, WA 98195-4322 and <sup>3</sup>Rosetta Inpharmatics LLC, 401 Terry Avenue N, Seattle, WA 98109, USA</aff><author-notes><corresp id="COR1">*To whom correspondence should be addressed.</corresp><fn><p>Associate Editor: John Quackenbush</p></fn></author-notes><pub-date pub-type="ppub"><day>15</day><month>11</month><year>2008</year></pub-date><pub-date pub-type="epub"><day>11</day><month>9</month><year>2008</year></pub-date><volume>24</volume><issue>22</issue><fpage>2586</fpage><lpage>2591</lpage><history><date date-type="received"><day>27</day><month>6</month><year>2008</year></date><date date-type="rev-recd"><day>29</day><month>7</month><year>2008</year></date><date date-type="accepted"><day>26</day><month>8</month><year>2008</year></date></history><permissions><copyright-statement>© The Author 2008. Published by Oxford University Press. All rights reserved. For Permissions, please email: journals.permissions@oxfordjournals.org</copyright-statement><copyright-year>2008</copyright-year></permissions><abstract><p><bold>Motivation:</bold> Gene-set enrichment analysis (GSEA) can be greatly enhanced by linear model (regression) diagnostic techniques. Diagnostics can be used to identify outlying or influential samples, and also to evaluate model fit and explore model expansion.</p><p><bold>Results:</bold> We demonstrate this methodology on an adult acute lymphoblastic leukemia (ALL) dataset, using GSEA based on chromosome-band mapping of genes. Individual residuals, grouped or aggregated by chromosomal loci, indicate problematic samples and potential data-entry errors, and help identify hyperdiploidy as a factor playing a key role in expression for this dataset. Subsequent analysis pinpoints suspected DNA copy number abnormalities of specific samples and chromosomes (most prevalent are chromosomes X, 21 and 14), and also reveals significant expression differences between the hyperdiploid and diploid groups on other chromosomes (most prominently 19, 22, 3 and 13)—differences which are apparently not associated with copy number.</p><p><bold>Availability:</bold> Software for the statistical tools demonstrated in this article is available as Bioconductor package GSEAlm.</p><p><bold>Contact:</bold><email>assaf.oron@gmail.com</email></p><p><bold>Supplementary information:</bold><ext-link ext-link-type="uri" xlink:href="http://bioinformatics.oxfordjournals.org/cgi/content/full/btn465/DC1">Supplementary data</ext-link> are available at <italic>Bioinformatics</italic> online.</p></abstract></article-meta></front></article>