<article xmlns="https://dtd.nlm.nih.gov/ns/archiving/2.3/" xmlns:xsi="http://www.w3.org/2001/XMLSchema-instance" xmlns:mml="http://www.w3.org/1998/Math/MathML" xmlns:xlink="http://www.w3.org/1999/xlink" xsi:schemaLocation="https://dtd.nlm.nih.gov/ns/archiving/2.3/ https://dtd.nlm.nih.gov/archiving/2.3/xsd/archivearticle.xsd" article-type="research-article" xml:lang="EN"><front><journal-meta><journal-id journal-id-type="nlm-ta">Bioinformatics</journal-id><journal-id journal-id-type="publisher-id">bioinformatics</journal-id><journal-id journal-id-type="hwp">bioinfo</journal-id><journal-title>Bioinformatics</journal-title><issn pub-type="ppub">1367-4803</issn><issn pub-type="epub">1460-2059</issn><publisher><publisher-name>Oxford University Press</publisher-name></publisher></journal-meta><article-meta><article-id pub-id-type="accession">PMC2660880</article-id><article-id pub-id-type="pmcid">PMC2660880</article-id><article-id pub-id-type="pmc-uid">2660880</article-id><article-id pub-id-type="pmid">19254921</article-id><article-id pub-id-type="doi">10.1093/bioinformatics/btp097</article-id><article-id pub-id-type="publisher-id">btp097</article-id><article-categories><subj-group subj-group-type="heading"><subject>Applications Note</subject><subj-group><subject>Genome Analysis</subject></subj-group></subj-group></article-categories><title-group><article-title>DIYA: a bacterial annotation pipeline for any genomics lab</article-title></title-group><contrib-group><contrib contrib-type="author"><name><surname>Stewart</surname><given-names>Andrew C.</given-names></name><xref ref-type="aff" rid="AFF1"><sup>1</sup></xref></contrib><contrib contrib-type="author"><name><surname>Osborne</surname><given-names>Brian</given-names></name><xref ref-type="aff" rid="AFF1"><sup>2</sup></xref></contrib><contrib contrib-type="author"><name><surname>Read</surname><given-names>Timothy D.</given-names></name><xref ref-type="aff" rid="AFF1"><sup>1</sup></xref><xref ref-type="corresp" rid="COR1">*</xref><xref ref-type="author-notes" rid="FN1"><sup>†</sup></xref></contrib></contrib-group><aff id="AFF1"><sup>1</sup>Genomics Department, Biological Defense Research Directorate, Naval Medical Research Center, Rockville, MD and <sup>2</sup>The BioTeam Inc., Middleton, MA, USA</aff><author-notes><corresp id="COR1">*To whom correspondence should be addressed.</corresp><fn id="FN1"><p><sup>†</sup>Present address: Division of Infectious Diseases and Department of Human Genetics, Emory University School of Medicine, Atlanta, GA, USA.</p></fn><fn><p>Associate Editor: John Quackenbush</p></fn></author-notes><pub-date pub-type="ppub"><day>1</day><month>4</month><year>2009</year></pub-date><pub-date pub-type="epub"><day>2</day><month>3</month><year>2009</year></pub-date><pub-date pub-type="pmc-release"><day>2</day><month>3</month><year>2009</year></pub-date><!-- PMC Release delay is 0 months and 0 days and was based on the
			<pub-date pub-type="epub"/>. --><volume>25</volume><issue>7</issue><fpage>962</fpage><lpage>963</lpage><history><date date-type="received"><day>26</day><month>8</month><year>2008</year></date><date date-type="rev-recd"><day>12</day><month>2</month><year>2009</year></date><date date-type="accepted"><day>16</day><month>2</month><year>2009</year></date></history><permissions><copyright-statement>© 2009 The Author(s)</copyright-statement><copyright-year>2009</copyright-year><license license-type="creative-commons" xlink:href="http://creativecommons.org/licenses/by-nc/2.0/uk/"><p><!--CREATIVE COMMONS-->This is an Open Access article distributed under the terms of the Creative Commons Attribution Non-Commercial License (<ext-link ext-link-type="uri" xlink:href="http://creativecommons.org/licenses/by-nc/2.0/uk/">http://creativecommons.org/licenses/by-nc/2.0/uk/</ext-link>) which permits unrestricted non-commercial use, distribution, and reproduction in any medium, provided the original work is properly cited.</p></license></permissions><abstract><p><bold>Summary:</bold>DIYA (Do-It-Yourself Annotator) is a modular and configurable open source pipeline software, written in Perl, used for the rapid annotation of bacterial genome sequences. The software is currently used to take DNA contigs as input, either in the form of complete genomes or the result of shotgun sequencing, and produce an annotated sequence in Genbank file format as output.</p><p><bold>Availability:</bold> Distribution and source code are available at (<ext-link ext-link-type="uri" xlink:href="https://sourceforge.net/projects/diyg/">https://sourceforge.net/projects/diyg/</ext-link>).</p><p><bold>Contact:</bold><email>tread@emory.edu</email></p><p><bold>Supplementary information:</bold><ext-link ext-link-type="uri" xlink:href="http://bioinformatics.oxfordjournals.org/cgi/content/full/btp097/DC1">Supplementary data</ext-link> are available at <italic>Bioinformatics</italic> online.</p></abstract></article-meta></front></article>