<article xmlns="https://dtd.nlm.nih.gov/ns/archiving/2.3/" xmlns:xsi="http://www.w3.org/2001/XMLSchema-instance" xmlns:mml="http://www.w3.org/1998/Math/MathML" xmlns:xlink="http://www.w3.org/1999/xlink" xsi:schemaLocation="https://dtd.nlm.nih.gov/ns/archiving/2.3/ https://dtd.nlm.nih.gov/archiving/2.3/xsd/archivearticle.xsd" article-type="research-article" xml:lang="EN"><front><journal-meta><journal-id journal-id-type="nlm-ta">Bioinformatics</journal-id><journal-id journal-id-type="publisher-id">bioinformatics</journal-id><journal-id journal-id-type="hwp">bioinfo</journal-id><journal-title>Bioinformatics</journal-title><issn pub-type="ppub">1367-4803</issn><issn pub-type="epub">1460-2059</issn><publisher><publisher-name>Oxford University Press</publisher-name></publisher></journal-meta><article-meta><article-id pub-id-type="accession">PMC2638261</article-id><article-id pub-id-type="pmcid">PMC2638261</article-id><article-id pub-id-type="pmc-uid">2638261</article-id><article-id pub-id-type="pmid">18492685</article-id><article-id pub-id-type="doi">10.1093/bioinformatics/btn242</article-id><article-id pub-id-type="publisher-id">btn242</article-id><article-id pub-id-type="pmid">18492685</article-id><article-categories><subj-group subj-group-type="heading"><subject>Applications Note</subject><subj-group><subject>Genetics and Population Analysis</subject></subj-group></subj-group></article-categories><title-group><article-title>MOCSphaser: a haplotype inference tool from a mixture of copy number variation and single nucleotide polymorphism data</article-title></title-group><contrib-group><contrib contrib-type="author"><name><surname>Kato</surname><given-names>Mamoru</given-names></name><xref ref-type="aff" rid="AFF1"><sup>1</sup></xref></contrib><contrib contrib-type="author"><name><surname>Nakamura</surname><given-names>Yusuke</given-names></name><xref ref-type="aff" rid="AFF1"><sup>1</sup></xref><xref ref-type="aff" rid="AFF1"><sup>2</sup></xref></contrib><contrib contrib-type="author"><name><surname>Tsunoda</surname><given-names>Tatsuhiko</given-names></name><xref ref-type="aff" rid="AFF1"><sup>1</sup></xref><xref ref-type="corresp" rid="COR1">*</xref></contrib></contrib-group><aff id="AFF1"><sup>1</sup>SNP Research Center, RIKEN, 1-7-22 Suehiro, Tsurumi-ku, Yokohama, Kanagawa 230-0045 and <sup>2</sup>Human Genome Center, Institute of Medical Science, University of Tokyo, 4-6-1 Shirokanedai, Minato-ku, Tokyo 108-8639, Japan</aff><author-notes><fn><p>Associate Editor: Martin Bishop</p></fn><corresp id="COR1">*To whom correspondence should be addressed.</corresp></author-notes><pub-date pub-type="ppub"><day>15</day><month>7</month><year>2008</year></pub-date><pub-date pub-type="epub"><day>20</day><month>5</month><year>2008</year></pub-date><pub-date pub-type="pmc-release"><day>20</day><month>5</month><year>2008</year></pub-date><volume>24</volume><issue>14</issue><fpage>1645</fpage><lpage>1646</lpage><history><date date-type="received"><day>26</day><month>2</month><year>2008</year></date><date date-type="rev-recd"><day>26</day><month>4</month><year>2008</year></date><date date-type="accepted"><day>19</day><month>5</month><year>2008</year></date></history><permissions><copyright-statement>© 2008 The Author(s)</copyright-statement><copyright-year>2008</copyright-year><license license-type="creative-commons" xlink:href="http://creativecommons.org/licenses/by-nc/2.0/uk/"><p><!--CREATIVE COMMONS-->This is an Open Access article distributed under the terms of the Creative Commons Attribution Non-Commercial License (<ext-link ext-link-type="uri" xlink:href="http://creativecommons.org/licenses/by-nc/2.0/uk/">http://creativecommons.org/licenses/by-nc/2.0/uk/</ext-link>) which permits unrestricted non-commercial use, distribution, and reproduction in any medium, provided the original work is properly cited.</p></license></permissions><abstract><p><bold>Summary:</bold> Detailed analyses of the population-genetic nature of copy number variations (CNVs) and the linkage disequilibrium between CNV and single nucleotide polymorphism (SNP) loci from high-throughput experimental data require a computational tool to accurately infer alleles of CNVs and haplotypes composed of both CNV alleles and SNP alleles. Here we developed a new tool to infer population frequencies of such alleles and haplotypes from observed copy numbers and SNP genotypes, using the expectation–maximization algorithm. This tool can also handle copy numbers ambiguously determined, such as 2 or 3 copies, due to experimental noise.</p><p><bold>Availability:</bold><ext-link ext-link-type="uri" xlink:href="http://emu.src.riken.jp/MOCSphaser/MOCSphaser.zip">http://emu.src.riken.jp/MOCSphaser/MOCSphaser.zip</ext-link></p><p><bold>Contact:</bold><email>tsunoda@src.riken.jp</email></p><p><bold>Supplementary information:</bold> Additional materials can be found at <ext-link ext-link-type="uri" xlink:href="http://emu.src.riken.jp/MOCSphaser/SuppInfor.doc">http://emu.src.riken.jp/MOCSphaser/SuppInfor.doc</ext-link></p></abstract></article-meta></front></article>