<article xmlns="https://dtd.nlm.nih.gov/ns/archiving/2.3/" xmlns:xsi="http://www.w3.org/2001/XMLSchema-instance" xmlns:mml="http://www.w3.org/1998/Math/MathML" xmlns:xlink="http://www.w3.org/1999/xlink" xsi:schemaLocation="https://dtd.nlm.nih.gov/ns/archiving/2.3/ https://dtd.nlm.nih.gov/archiving/2.3/xsd/archivearticle.xsd" article-type="research-article" xml:lang="EN"><front><journal-meta><journal-id journal-id-type="nlm-ta">Bioinformatics</journal-id><journal-id journal-id-type="publisher-id">bioinformatics</journal-id><journal-id journal-id-type="hwp">bioinfo</journal-id><journal-title>Bioinformatics</journal-title><issn pub-type="ppub">1367-4803</issn><issn pub-type="epub">1460-2059</issn><publisher><publisher-name>Oxford University Press</publisher-name></publisher></journal-meta><article-meta><article-id pub-id-type="accession">PMC2642637</article-id><article-id pub-id-type="pmcid">PMC2642637</article-id><article-id pub-id-type="pmc-uid">2642637</article-id><article-id pub-id-type="pmid">19073590</article-id><article-id pub-id-type="doi">10.1093/bioinformatics/btn627</article-id><article-id pub-id-type="publisher-id">btn627</article-id><article-categories><subj-group subj-group-type="heading"><subject>Original Papers</subject><subj-group><subject>Genome Analysis</subject></subj-group></subj-group></article-categories><title-group><article-title>PASTAA: identifying transcription factors associated with sets of co-regulated genes</article-title></title-group><contrib-group><contrib contrib-type="author"><name><surname>Roider</surname><given-names>Helge G.</given-names></name><xref ref-type="corresp" rid="COR1">*</xref></contrib><contrib contrib-type="author"><name><surname>Manke</surname><given-names>Thomas</given-names></name></contrib><contrib contrib-type="author"><name><surname>O'Keeffe</surname><given-names>Sean</given-names></name></contrib><contrib contrib-type="author"><name><surname>Vingron</surname><given-names>Martin</given-names></name></contrib><contrib contrib-type="author"><name><surname>Haas</surname><given-names>Stefan A.</given-names></name></contrib></contrib-group><aff>Max Planck Institute for Molecular Genetics, Ihnestrasse 73, 14195 Berlin</aff><author-notes><corresp id="COR1">*To whom correspondence should be addressed.</corresp><fn><p>Associate Editor: Alfonso Valencia</p></fn></author-notes><pub-date pub-type="ppub"><day>15</day><month>2</month><year>2009</year></pub-date><pub-date pub-type="epub"><day>9</day><month>12</month><year>2008</year></pub-date><pub-date pub-type="pmc-release"><day>9</day><month>12</month><year>2008</year></pub-date><volume>25</volume><issue>4</issue><fpage>435</fpage><lpage>442</lpage><history><date date-type="received"><day>8</day><month>9</month><year>2008</year></date><date date-type="rev-recd"><day>13</day><month>11</month><year>2008</year></date><date date-type="accepted"><day>1</day><month>12</month><year>2008</year></date></history><permissions><copyright-statement>© 2008 The Author(s)</copyright-statement><copyright-year>2008</copyright-year><license license-type="creative-commons" xlink:href="http://creativecommons.org/licenses/by-nc/2.0/uk/"><p><!--CREATIVE COMMONS-->This is an Open Access article distributed under the terms of the Creative Commons Attribution Non-Commercial License (<ext-link ext-link-type="uri" xlink:href="http://creativecommons.org/licenses/by-nc/2.0/uk/">http://creativecommons.org/licenses/by-nc/2.0/uk/</ext-link>) which permits unrestricted non-commercial use, distribution, and reproduction in any medium, provided the original work is properly cited.</p></license></permissions><abstract><p><bold>Motivation:</bold> A major challenge in regulatory genomics is the identification of associations between functional categories of genes (e.g. tissues, metabolic pathways) and their regulating transcription factors (TFs). While, for a limited number of categories, the regulating TFs are already known, still for many functional categories the responsible factors remain to be elucidated.</p><p><bold>Results:</bold> We put forward a novel method (PASTAA) for detecting transcriptions factors associated with functional categories, which utilizes the prediction of binding affinities of a TF to promoters. This binding strength information is compared to the likelihood of membership of the corresponding genes in the functional category under study. Coherence between the two ranked datasets is seen as an indicator of association between a TF and the category. PASTAA is applied primarily to the determination of TFs driving tissue-specific expression. We show that PASTAA is capable of recovering many TFs acting tissue specifically and, in addition, provides novel associations so far not detected by alternative methods. The application of PASTAA to detect TFs involved in the regulation of tissue-specific gene expression revealed a remarkable number of experimentally supported associations. The validated success for various datasets implies that PASTAA can directly be applied for the detection of TFs associated with newly derived gene sets.</p><p><bold>Availability:</bold> The PASTAA source code as well as a corresponding web interface is freely available at <ext-link ext-link-type="uri" xlink:href="http://trap.molgen.mpg.de">http://trap.molgen.mpg.de</ext-link></p><p><bold>Contact:</bold><email>roider@molgen.mpg.de</email></p><p><bold>Supplementary information:</bold><ext-link ext-link-type="uri" xlink:href="http://bioinformatics.oxfordjournals.org/cgi/content/full/btn627/DC1">Supplementary data</ext-link> are available at <italic>Bioinformatics</italic> online.</p></abstract></article-meta></front></article>