<article xmlns="https://jats.nlm.nih.gov/ns/archiving/1.2/" xmlns:xsi="http://www.w3.org/2001/XMLSchema-instance" xmlns:mml="http://www.w3.org/1998/Math/MathML" xmlns:xlink="http://www.w3.org/1999/xlink" xsi:schemaLocation="https://jats.nlm.nih.gov/ns/archiving/1.2/ https://jats.nlm.nih.gov/archiving/1.2/xsd/JATS-archivearticle1.xsd" article-type="research-article"><front><journal-meta><journal-id journal-id-type="nlm-ta">Bioinformatics</journal-id><journal-id journal-id-type="publisher-id">bioinformatics</journal-id><journal-id journal-id-type="hwp">bioinfo</journal-id><journal-title-group><journal-title>Bioinformatics</journal-title></journal-title-group><issn pub-type="ppub">1367-4803</issn><issn pub-type="epub">1460-2059</issn><publisher><publisher-name>Oxford University Press</publisher-name></publisher></journal-meta><article-meta><article-id pub-id-type="accession">PMC2732219</article-id><article-id pub-id-type="pmcid">PMC2732219</article-id><article-id pub-id-type="pmc-uid">2732219</article-id><article-id pub-id-type="pmid">18617537</article-id><article-id pub-id-type="pmid">18617537</article-id><article-id pub-id-type="doi">10.1093/bioinformatics/btn333</article-id><article-id pub-id-type="publisher-id">btn333</article-id><article-categories><subj-group subj-group-type="heading"><subject>Original Papers</subject><subj-group><subject>Genetics and Population Analysis</subject></subj-group></subj-group></article-categories><title-group><article-title>Multimarker analysis and imputation of multiple platform pooling-based genome-wide association studies</article-title></title-group><contrib-group><contrib contrib-type="author"><name><surname>Homer</surname><given-names>Nils</given-names></name><xref ref-type="aff" rid="AFF1"><sup>1</sup></xref><xref ref-type="aff" rid="AFF1"><sup>2</sup></xref></contrib><contrib contrib-type="author"><name><surname>Tembe</surname><given-names>Waibhav D.</given-names></name><xref ref-type="aff" rid="AFF1"><sup>1</sup></xref></contrib><contrib contrib-type="author"><name><surname>Szelinger</surname><given-names>Szabolcs</given-names></name><xref ref-type="aff" rid="AFF1"><sup>1</sup></xref></contrib><contrib contrib-type="author"><name><surname>Redman</surname><given-names>Margot</given-names></name><xref ref-type="aff" rid="AFF1"><sup>1</sup></xref></contrib><contrib contrib-type="author"><name><surname>Stephan</surname><given-names>Dietrich A.</given-names></name><xref ref-type="aff" rid="AFF1"><sup>1</sup></xref></contrib><contrib contrib-type="author"><name><surname>Pearson</surname><given-names>John V.</given-names></name><xref ref-type="aff" rid="AFF1"><sup>1</sup></xref></contrib><contrib contrib-type="author"><name><surname>Nelson</surname><given-names>Stanley F.</given-names></name><xref ref-type="aff" rid="AFF1"><sup>2</sup></xref></contrib><contrib contrib-type="author"><name><surname>Craig</surname><given-names>David</given-names></name><xref ref-type="aff" rid="AFF1"><sup>1</sup></xref><xref ref-type="corresp" rid="COR1"><sup>*</sup></xref></contrib></contrib-group><aff id="AFF1"><sup>1</sup>Translational Genomics Research Institute (TGen), Phoenix, AZ 85004 and <sup>2</sup>Department of Computer Science, University of California, Los Angeles CA 90095-7088, USA</aff><author-notes><corresp id="COR1"><sup>*</sup>To whom correspondence should be addressed.</corresp><fn><p>Associate Editor: Martin Bishop</p></fn></author-notes><pub-date pub-type="ppub"><day>1</day><month>9</month><year>2008</year></pub-date><pub-date pub-type="epub"><day>10</day><month>7</month><year>2008</year></pub-date><pub-date pub-type="pmc-release"><day>1</day><month>9</month><year>2009</year></pub-date><!-- PMC Release delay is 12 months and 0 days and was based on the
					<pub-date pub-type="ppub"/>. --><volume>24</volume><issue>17</issue><fpage>1896</fpage><lpage>1902</lpage><history><date date-type="received"><day>18</day><month>1</month><year>2008</year></date><date date-type="rev-recd"><day>26</day><month>6</month><year>2008</year></date><date date-type="accepted"><day>27</day><month>6</month><year>2008</year></date></history><permissions><copyright-statement>© The Author 2008. Published by Oxford University Press. All rights reserved. For Permissions, please email: journals.permissions@oxfordjournals.org</copyright-statement><copyright-year>2008</copyright-year></permissions><abstract><p><bold>Summary:</bold> For many genome-wide association (GWA) studies individually genotyping one million or more SNPs provides a marginal increase in coverage at a substantial cost. Much of the information gained is redundant due to the correlation structure inherent in the human genome. Pooling-based GWA studies could benefit significantly by utilizing this redundancy to reduce noise, improve the accuracy of the observations and increase genomic coverage. We introduce a measure of correlation between individual genotyping and pooling, under the same framework that <italic>r</italic><sup>2</sup> provides a measure of linkage disequilibrium (LD) between pairs of SNPs. We then report a new non-haplotype multimarker multi-loci method that leverages the correlation structure between SNPs in the human genome to increase the efficacy of pooling-based GWA studies. We first give a theoretical framework and derivation of our multimarker method. Next, we evaluate simulations using this multimarker approach in comparison to single marker analysis. Finally, we experimentally evaluate our method using different pools of HapMap individuals on the Illumina 450S Duo, Illumina 550K and Affymetrix 5.0 platforms for a combined total of 1 333 631 SNPs. Our results show that use of multimarker analysis reduces noise specific to pooling-based studies, allows for efficient integration of multiple microarray platforms and provides more accurate measures of significance than single marker analysis. Additionally, this approach can be extended to allow for imputing the association significance for SNPs not directly observed using neighboring SNPs in LD. This multimarker method can now be used to cost-effectively complete pooling-based GWA studies with multiple platforms across over one million SNPs and to impute neighboring SNPs weighted for the loss of information due to pooling.</p><p><bold>Contact:</bold><email>dcraig@tgen.org</email></p><p><bold>Supplementary information:</bold><ext-link ext-link-type="uri" xlink:href="http://bioinformatics.oxfordjournals.org/cgi/content/full/btn333/DC1">Supplementary data</ext-link> are available at <italic>Bioinformatics</italic> online.</p></abstract></article-meta></front></article>