<article xmlns="https://dtd.nlm.nih.gov/ns/archiving/2.3/" xmlns:xsi="http://www.w3.org/2001/XMLSchema-instance" xmlns:mml="http://www.w3.org/1998/Math/MathML" xmlns:xlink="http://www.w3.org/1999/xlink" xsi:schemaLocation="https://dtd.nlm.nih.gov/ns/archiving/2.3/ https://dtd.nlm.nih.gov/archiving/2.3/xsd/archivearticle.xsd" article-type="research-article" xml:lang="EN"><front><journal-meta><journal-id journal-id-type="nlm-ta">Bioinformatics</journal-id><journal-id journal-id-type="publisher-id">bioinformatics</journal-id><journal-id journal-id-type="hwp">bioinfo</journal-id><journal-title>Bioinformatics</journal-title><issn pub-type="ppub">1367-4803</issn><issn pub-type="epub">1460-2059</issn><publisher><publisher-name>Oxford University Press</publisher-name></publisher></journal-meta><article-meta><article-id pub-id-type="accession">PMC2687959</article-id><article-id pub-id-type="pmcid">PMC2687959</article-id><article-id pub-id-type="pmc-uid">2687959</article-id><article-id pub-id-type="pmid">19478003</article-id><article-id pub-id-type="doi">10.1093/bioinformatics/btp205</article-id><article-id pub-id-type="publisher-id">btp205</article-id><article-categories><subj-group subj-group-type="heading"><subject>Ismb/Eccb 2009 Conference Proceedings June 27 to July 2, 2009, Stockholm, Sweden</subject><subj-group><subject>Original Papers</subject><subj-group><subject>Bioinformatics of Disease</subject></subj-group></subj-group></subj-group></article-categories><title-group><article-title>Model-based clustering of array CGH data</article-title></title-group><contrib-group><contrib contrib-type="author"><name><surname>Shah</surname><given-names>Sohrab P.</given-names></name><xref ref-type="aff" rid="AFF1"><sup>1</sup></xref><xref ref-type="aff" rid="AFF1"><sup>2</sup></xref><xref ref-type="corresp" rid="COR1">*</xref></contrib><contrib contrib-type="author"><name><surname>Cheung</surname><given-names>K-John</given-names><suffix>Jr</suffix></name><xref ref-type="aff" rid="AFF1"><sup>2</sup></xref></contrib><contrib contrib-type="author"><name><surname>Johnson</surname><given-names>Nathalie A.</given-names></name><xref ref-type="aff" rid="AFF1"><sup>2</sup></xref></contrib><contrib contrib-type="author"><name><surname>Alain</surname><given-names>Guillaume</given-names></name><xref ref-type="aff" rid="AFF1"><sup>1</sup></xref></contrib><contrib contrib-type="author"><name><surname>Gascoyne</surname><given-names>Randy D.</given-names></name><xref ref-type="aff" rid="AFF1"><sup>2</sup></xref></contrib><contrib contrib-type="author"><name><surname>Horsman</surname><given-names>Douglas E.</given-names></name><xref ref-type="aff" rid="AFF1"><sup>2</sup></xref></contrib><contrib contrib-type="author"><name><surname>Ng</surname><given-names>Raymond T.</given-names></name><xref ref-type="aff" rid="AFF1"><sup>1</sup></xref></contrib><contrib contrib-type="author"><name><surname>Murphy</surname><given-names>Kevin P.</given-names></name><xref ref-type="aff" rid="AFF1"><sup>1</sup></xref></contrib></contrib-group><aff id="AFF1"><sup>1</sup>Department of Computer Science, University of British Columbia, 201-2366 Main Mall Vancouver, BC V6T 1Z4 Canada and <sup>2</sup>British Columbia Cancer Agency, 600 W 10th Ave Vancouver, BC V5Z 4E6 Canada</aff><author-notes><corresp id="COR1">*To whom correspondence should be addressed.</corresp></author-notes><pub-date pub-type="ppub"><day>15</day><month>6</month><year>2009</year></pub-date><pub-date pub-type="epub"><day>27</day><month>5</month><year>2009</year></pub-date><pub-date pub-type="pmc-release"><day>27</day><month>5</month><year>2009</year></pub-date><!-- PMC Release delay is 0 months and 0 days and was based on the
			<pub-date pub-type="epub"/>. --><volume>25</volume><issue>12</issue><fpage>i30</fpage><lpage>i38</lpage><permissions><copyright-statement>© 2009 The Author(s)</copyright-statement><copyright-year>2009</copyright-year><license license-type="creative-commons" xlink:href="http://creativecommons.org/licenses/by-nc/2.0/uk/"><p><!--CREATIVE COMMONS-->This is an Open Access article distributed under the terms of the Creative Commons Attribution Non-Commercial License (<ext-link ext-link-type="uri" xlink:href="http://creativecommons.org/licenses/by-nc/2.0/uk/">http://creativecommons.org/licenses/by-nc/2.0/uk/</ext-link>) which permits unrestricted non-commercial use, distribution, and reproduction in any medium, provided the original work is properly cited.</p></license></permissions><abstract><p><bold>Motivation:</bold> Analysis of array comparative genomic hybridization (aCGH) data for recurrent DNA copy number alterations from a cohort of patients can yield distinct sets of molecular signatures or profiles. This can be due to the presence of heterogeneous cancer subtypes within a supposedly homogeneous population.</p><p><bold>Results:</bold> We propose a novel statistical method for automatically detecting such subtypes or clusters. Our approach is model based: each cluster is defined in terms of a sparse profile, which contains the locations of unusually frequent alterations. The profile is represented as a hidden Markov model. Samples are assigned to clusters based on their similarity to the cluster's profile. We simultaneously infer the cluster assignments and the cluster profiles using an expectation maximization-like algorithm. We show, using a realistic simulation study, that our method is significantly more accurate than standard clustering techniques. We then apply our method to two clinical datasets. In particular, we examine previously reported aCGH data from a cohort of 106 follicular lymphoma patients, and discover clusters that are known to correspond to clinically relevant subgroups. In addition, we examine a cohort of 92 diffuse large B-cell lymphoma patients, and discover previously unreported clusters of biological interest which have inspired followup clinical research on an independent cohort.</p><p><bold>Availability:</bold> Software and synthetic datasets are available at <ext-link ext-link-type="uri" xlink:href="http://www.cs.ubc.ca/∼sshah/acgh">http://www.cs.ubc.ca/∼sshah/acgh</ext-link> as part of the CNA-HMMer package.</p><p><bold>Contact:</bold><email>sshah@bccrc.ca</email></p><p><bold>Supplementary information:</bold><ext-link ext-link-type="uri" xlink:href="http://bioinformatics.oxfordjournals.org/cgi/content/full/btp205/DC1">Supplementary data</ext-link> are available at <italic>Bioinformatics</italic> online.</p></abstract></article-meta></front></article>