<article xmlns="https://jats.nlm.nih.gov/ns/archiving/1.2/" xmlns:xsi="http://www.w3.org/2001/XMLSchema-instance" xmlns:mml="http://www.w3.org/1998/Math/MathML" xmlns:xlink="http://www.w3.org/1999/xlink" xsi:schemaLocation="https://jats.nlm.nih.gov/ns/archiving/1.2/ https://jats.nlm.nih.gov/archiving/1.2/xsd/JATS-archivearticle1.xsd" article-type="research-article"><front><journal-meta><journal-id journal-id-type="nlm-ta">Bioinformatics</journal-id><journal-id journal-id-type="publisher-id">bioinformatics</journal-id><journal-id journal-id-type="hwp">bioinfo</journal-id><journal-title-group><journal-title>Bioinformatics</journal-title></journal-title-group><issn pub-type="ppub">1367-4803</issn><issn pub-type="epub">1460-2059</issn><publisher><publisher-name>Oxford University Press</publisher-name></publisher></journal-meta><article-meta><article-id pub-id-type="accession">PMC2530882</article-id><article-id pub-id-type="pmcid">PMC2530882</article-id><article-id pub-id-type="pmc-uid">2530882</article-id><article-id pub-id-type="pmid">18653522</article-id><article-id pub-id-type="pmid">18653522</article-id><article-id pub-id-type="doi">10.1093/bioinformatics/btn359</article-id><article-id pub-id-type="publisher-id">btn359</article-id><article-categories><subj-group subj-group-type="heading"><subject>Applications Note</subject><subj-group><subject>Genetics and Population Analysis</subject></subj-group></subj-group></article-categories><title-group><article-title>hapConstructor: automatic construction and testing of haplotypes in a Monte Carlo framework</article-title></title-group><contrib-group><contrib contrib-type="author"><name><surname>Abo</surname><given-names>Ryan</given-names></name><xref ref-type="aff" rid="AFF1"><sup>1</sup></xref><xref ref-type="corresp" rid="COR1">*</xref></contrib><contrib contrib-type="author"><name><surname>Knight</surname><given-names>Stacey</given-names></name><xref ref-type="aff" rid="AFF1"><sup>1</sup></xref></contrib><contrib contrib-type="author"><name><surname>Wong</surname><given-names>Jathine</given-names></name><xref ref-type="aff" rid="AFF1"><sup>1</sup></xref></contrib><contrib contrib-type="author"><name><surname>Cox</surname><given-names>Angela</given-names></name><xref ref-type="aff" rid="AFF1"><sup>2</sup></xref></contrib><contrib contrib-type="author"><name><surname>Camp</surname><given-names>Nicola J.</given-names></name><xref ref-type="aff" rid="AFF1"><sup>1</sup></xref></contrib></contrib-group><aff id="AFF1"><sup>1</sup>Department of Biomedical Informatics, University of Utah, UT, USA and <sup>2</sup>Institute for Cancer Studies, University of Sheffield Medical School, Sheffield, UK</aff><author-notes><corresp id="COR1"><sup>*</sup>To whom correspondence should be addressed.</corresp><fn><p>Associate Editor: Alex Bateman</p></fn></author-notes><pub-date pub-type="ppub"><day>15</day><month>9</month><year>2008</year></pub-date><pub-date pub-type="epub"><day>23</day><month>7</month><year>2008</year></pub-date><pub-date pub-type="pmc-release"><day>23</day><month>7</month><year>2008</year></pub-date><!-- PMC Release delay is 0 months and 0 days and was based on the
							<pub-date pub-type="epub"/>. --><volume>24</volume><issue>18</issue><fpage>2105</fpage><lpage>2107</lpage><history><date date-type="received"><day>20</day><month>2</month><year>2008</year></date><date date-type="rev-recd"><day>22</day><month>5</month><year>2008</year></date><date date-type="accepted"><day>14</day><month>7</month><year>2008</year></date></history><permissions><copyright-statement>© 2008 The Author(s)</copyright-statement><copyright-year>2008</copyright-year><license license-type="creative-commons" xlink:href="http://creativecommons.org/licenses/by-nc/2.0/uk/"><license-p><!--CREATIVE COMMONS-->This is an Open Access article distributed under the terms of the Creative Commons Attribution Non-Commercial License (<ext-link ext-link-type="uri" xlink:href="http://creativecommons.org/licenses/by-nc/2.0/uk/">http://creativecommons.org/licenses/by-nc/2.0/uk/</ext-link>) which permits unrestricted non-commercial use, distribution, and reproduction in any medium, provided the original work is properly cited.</license-p></license></permissions><abstract><p><bold>Summary:</bold> Haplotypes carry important information that can direct investigators towards underlying susceptibility variants, and hence multiple tagging single nucleotide polymorphisms (tSNPs) are usually studied in candidate gene association studies. However, it is often unknown which SNPs should be included in haplotype analyses, or which tests should be performed for maximum power. We have developed a program, hapConstructor, which automatically builds multi-locus SNP sets to test for association in a case-control framework. The multi-SNP sets considered need not be contiguous; they are built based on significance. An important feature is that the missing data imputation is carried out based on the full data, for maximal information and consistency. HapConstructor is implemented in a Monte Carlo framework and naturally extends to allow for significance testing and false discovery rates that account for the construction process and to related individuals. HapConstructor is a useful tool for exploring multi-locus associations in candidate genes and regions.</p><p>Availability: <ext-link ext-link-type="uri" xlink:href="http://www-genepi.med.utah.edu/Genie">http://www-genepi.med.utah.edu/Genie</ext-link></p><p><bold>Contact:</bold><email>ryan.abo@hsc.utah.edu</email></p></abstract></article-meta></front></article>