<article xmlns="https://jats.nlm.nih.gov/ns/archiving/1.2/" xmlns:xsi="http://www.w3.org/2001/XMLSchema-instance" xmlns:mml="http://www.w3.org/1998/Math/MathML" xmlns:xlink="http://www.w3.org/1999/xlink" xsi:schemaLocation="https://jats.nlm.nih.gov/ns/archiving/1.2/ https://jats.nlm.nih.gov/archiving/1.2/xsd/JATS-archivearticle1.xsd" article-type="research-article"><front><journal-meta><journal-id journal-id-type="nlm-ta">Bioinformatics</journal-id><journal-id journal-id-type="publisher-id">bioinformatics</journal-id><journal-id journal-id-type="hwp">bioinfo</journal-id><journal-title-group><journal-title>Bioinformatics</journal-title></journal-title-group><issn pub-type="ppub">1367-4803</issn><issn pub-type="epub">1367-4811</issn><publisher><publisher-name>Oxford University Press</publisher-name></publisher></journal-meta><article-meta><article-id pub-id-type="accession">PMC2752612</article-id><article-id pub-id-type="pmcid">PMC2752612</article-id><article-id pub-id-type="pmc-uid">2752612</article-id><article-id pub-id-type="pmid">19654119</article-id><article-id pub-id-type="pmid">19654119</article-id><article-id pub-id-type="doi">10.1093/bioinformatics/btp450</article-id><article-id pub-id-type="publisher-id">btp450</article-id><article-categories><subj-group subj-group-type="heading"><subject>Applications Note</subject><subj-group><subject>Sequence Analysis</subject></subj-group></subj-group></article-categories><title-group><article-title>ShortRead: a bioconductor package for input, quality assessment and exploration of high-throughput sequence data</article-title></title-group><contrib-group><contrib contrib-type="author"><name><surname>Morgan</surname><given-names>Martin</given-names></name><xref ref-type="aff" rid="AFF1"><sup>1</sup></xref><xref ref-type="corresp" rid="COR1"><sup>*</sup></xref></contrib><contrib contrib-type="author"><name><surname>Anders</surname><given-names>Simon</given-names></name><xref ref-type="aff" rid="AFF1"><sup>2</sup></xref></contrib><contrib contrib-type="author"><name><surname>Lawrence</surname><given-names>Michael</given-names></name><xref ref-type="aff" rid="AFF1"><sup>1</sup></xref></contrib><contrib contrib-type="author"><name><surname>Aboyoun</surname><given-names>Patrick</given-names></name><xref ref-type="aff" rid="AFF1"><sup>1</sup></xref></contrib><contrib contrib-type="author"><name><surname>Pagès</surname><given-names>Hervé</given-names></name><xref ref-type="aff" rid="AFF1"><sup>1</sup></xref></contrib><contrib contrib-type="author"><name><surname>Gentleman</surname><given-names>Robert</given-names></name><xref ref-type="aff" rid="AFF1"><sup>1</sup></xref></contrib></contrib-group><aff id="AFF1"><sup>1</sup>Program in Computational Biology, Fred Hutchinson Cancer Research Center, Seattle, WA, USA and <sup>2</sup>European Bioinformatics Institute (EMBL-EBI), Hinxton, Cambridge, UK</aff><author-notes><corresp id="COR1"><sup>*</sup>To whom correspondence should be addressed.</corresp><fn><p>Associate Editor: Dmitrij Frishman</p></fn></author-notes><pub-date pub-type="ppub"><day>1</day><month>10</month><year>2009</year></pub-date><pub-date pub-type="epub"><day>3</day><month>8</month><year>2009</year></pub-date><pub-date pub-type="pmc-release"><day>3</day><month>8</month><year>2009</year></pub-date><!-- PMC Release delay is 0 months and 0 days and was based on the
							<pub-date pub-type="epub"/>. --><volume>25</volume><issue>19</issue><fpage>2607</fpage><lpage>2608</lpage><history><date date-type="received"><day>16</day><month>4</month><year>2009</year></date><date date-type="rev-recd"><day>23</day><month>6</month><year>2009</year></date><date date-type="accepted"><day>15</day><month>7</month><year>2009</year></date></history><permissions><license license-type="creative-commons" xlink:href="http://creativecommons.org/licenses/by-nc/2.0/uk/"><license-p><!--CREATIVE COMMONS-->This is an Open Access article distributed under the terms of the Creative Commons Attribution Non-Commercial License (<ext-link ext-link-type="uri" xlink:href="http://creativecommons.org/licenses/by-nc/2.5/uk/">http://creativecommons.org/licenses/by-nc/2.5/uk/</ext-link>) which permits unrestricted non-commercial use, distribution, and reproduction in any medium, provided the original work is properly cited.</license-p></license></permissions><abstract><p><bold>Summary:</bold><monospace>ShortRead</monospace> is a package for input, quality assessment, manipulation and output of high-throughput sequencing data. <monospace>ShortRead</monospace> is provided in the <monospace>R</monospace> and <monospace>Bioconductor</monospace> environments, allowing ready access to additional facilities for advanced statistical analysis, data transformation, visualization and integration with diverse genomic resources.</p><p><bold>Availability and Implementation:</bold> This package is implemented in R and available at the Bioconductor web site; the package contains a ‘vignette’ outlining typical work flows.</p><p><bold>Contact:</bold><email>mtmorgan@fhcrc.org</email></p></abstract></article-meta></front></article>