<article xmlns="https://dtd.nlm.nih.gov/ns/archiving/2.3/" xmlns:xsi="http://www.w3.org/2001/XMLSchema-instance" xmlns:mml="http://www.w3.org/1998/Math/MathML" xmlns:xlink="http://www.w3.org/1999/xlink" xsi:schemaLocation="https://dtd.nlm.nih.gov/ns/archiving/2.3/ https://dtd.nlm.nih.gov/archiving/2.3/xsd/archivearticle.xsd" article-type="research-article" xml:lang="EN"><front><journal-meta><journal-id journal-id-type="nlm-ta">Bioinformatics</journal-id><journal-id journal-id-type="publisher-id">bioinformatics</journal-id><journal-id journal-id-type="hwp">bioinfo</journal-id><journal-title>Bioinformatics</journal-title><issn pub-type="ppub">1367-4803</issn><issn pub-type="epub">1460-2059</issn><publisher><publisher-name>Oxford University Press</publisher-name></publisher></journal-meta><article-meta><article-id pub-id-type="accession">PMC2666812</article-id><article-id pub-id-type="pmcid">PMC2666812</article-id><article-id pub-id-type="pmc-uid">2666812</article-id><article-id pub-id-type="pmid">19237447</article-id><article-id pub-id-type="doi">10.1093/bioinformatics/btp101</article-id><article-id pub-id-type="publisher-id">btp101</article-id><article-categories><subj-group subj-group-type="heading"><subject>Applications Note</subject><subj-group><subject>Systems Biology</subject></subj-group></subj-group></article-categories><title-group><article-title>ClueGO: a Cytoscape plug-in to decipher functionally grouped gene ontology and pathway annotation networks</article-title></title-group><contrib-group><contrib contrib-type="author"><name><surname>Bindea</surname><given-names>Gabriela</given-names></name><xref ref-type="aff" rid="AFF1"><sup>1–4</sup></xref><xref ref-type="author-notes" rid="FN1"><sup>†</sup></xref></contrib><contrib contrib-type="author"><name><surname>Mlecnik</surname><given-names>Bernhard</given-names></name><xref ref-type="aff" rid="AFF1"><sup>1–3</sup></xref><xref ref-type="author-notes" rid="FN1"><sup>†</sup></xref></contrib><contrib contrib-type="author"><name><surname>Hackl</surname><given-names>Hubert</given-names></name><xref ref-type="aff" rid="AFF1"><sup>4</sup></xref></contrib><contrib contrib-type="author"><name><surname>Charoentong</surname><given-names>Pornpimol</given-names></name><xref ref-type="aff" rid="AFF1"><sup>4</sup></xref></contrib><contrib contrib-type="author"><name><surname>Tosolini</surname><given-names>Marie</given-names></name><xref ref-type="aff" rid="AFF1"><sup>1–3</sup></xref></contrib><contrib contrib-type="author"><name><surname>Kirilovsky</surname><given-names>Amos</given-names></name><xref ref-type="aff" rid="AFF1"><sup>1–3</sup></xref></contrib><contrib contrib-type="author"><name><surname>Fridman</surname><given-names>Wolf-Herman</given-names></name><xref ref-type="aff" rid="AFF1"><sup>1–3</sup></xref><xref ref-type="aff" rid="AFF1"><sup>5</sup></xref></contrib><contrib contrib-type="author"><name><surname>Pagès</surname><given-names>Franck</given-names></name><xref ref-type="aff" rid="AFF1"><sup>1–3</sup></xref><xref ref-type="aff" rid="AFF1"><sup>5</sup></xref></contrib><contrib contrib-type="author"><name><surname>Trajanoski</surname><given-names>Zlatko</given-names></name><xref ref-type="aff" rid="AFF1"><sup>4</sup></xref></contrib><contrib contrib-type="author"><name><surname>Galon</surname><given-names>Jérôme</given-names></name><xref ref-type="aff" rid="AFF1"><sup>1–3</sup></xref><xref ref-type="aff" rid="AFF1"><sup>5</sup></xref><xref ref-type="corresp" rid="COR1">*</xref></contrib></contrib-group><aff id="AFF1"><sup>1</sup>INSERM, AVENIR Team, Integrative Cancer Immunology, U872, 75006 Paris, <sup>2</sup>Université Paris Descartes, <sup>3</sup>Université Pierre et Marie Curie Paris 6, Cordeliers Research Center, Paris, France, <sup>4</sup>Institute for Genomics and Bioinformatics, Graz University of Technology, Graz, Austria and <sup>5</sup>Assistance Publique-Hôpitaux de Paris, HEGP, Paris, France</aff><author-notes><corresp id="COR1">*To whom correspondence should be addressed.</corresp><fn id="FN1"><p><sup>†</sup>The authors wish it to be known that, in their opinion, the first two authors should be regarded as Joint First Authors.</p></fn><fn><p>Associate Editor: Trey Ideker</p></fn></author-notes><pub-date pub-type="ppub"><day>15</day><month>4</month><year>2009</year></pub-date><pub-date pub-type="epub"><day>23</day><month>2</month><year>2009</year></pub-date><pub-date pub-type="pmc-release"><day>23</day><month>2</month><year>2009</year></pub-date><!-- PMC Release delay is 0 months and 0 days and was based on the
			<pub-date pub-type="epub"/>. --><volume>25</volume><issue>8</issue><fpage>1091</fpage><lpage>1093</lpage><history><date date-type="received"><day>13</day><month>11</month><year>2008</year></date><date date-type="rev-recd"><day>8</day><month>2</month><year>2009</year></date><date date-type="accepted"><day>16</day><month>2</month><year>2009</year></date></history><permissions><copyright-statement>© 2009 The Author(s)</copyright-statement><copyright-year>2009</copyright-year><license license-type="creative-commons" xlink:href="http://creativecommons.org/licenses/by-nc/2.0/uk/"><p><!--CREATIVE COMMONS-->This is an Open Access article distributed under the terms of the Creative Commons Attribution Non-Commercial License (<ext-link ext-link-type="uri" xlink:href="http://creativecommons.org/licenses/by-nc/2.0/uk/">http://creativecommons.org/licenses/by-nc/2.0/uk/</ext-link>) which permits unrestricted non-commercial use, distribution, and reproduction in any medium, provided the original work is properly cited.</p></license></permissions><abstract><p><bold>Summary:</bold> We have developed ClueGO, an easy to use Cytoscape plug-in that strongly improves biological interpretation of large lists of genes. ClueGO integrates Gene Ontology (GO) terms as well as KEGG/BioCarta pathways and creates a functionally organized GO/pathway term network. It can analyze one or compare two lists of genes and comprehensively visualizes functionally grouped terms. A one-click update option allows ClueGO to automatically download the most recent GO/KEGG release at any time. ClueGO provides an intuitive representation of the analysis results and can be optionally used in conjunction with the GOlorize plug-in.</p><p><bold>Availability:</bold><ext-link ext-link-type="uri" xlink:href="http://www.ici.upmc.fr/cluego/cluegoDownload.shtml">http://www.ici.upmc.fr/cluego/cluegoDownload.shtml</ext-link></p><p><bold>Contact:</bold><email>jerome.galon@crc.jussieu.fr</email></p><p><bold>Supplementary information:</bold><ext-link ext-link-type="uri" xlink:href="http://bioinformatics.oxfordjournals.org/cgi/content/full/btp101/DC1">Supplementary data</ext-link> are available at <italic>Bioinformatics</italic> online.</p></abstract></article-meta></front></article>