<article xmlns="https://jats.nlm.nih.gov/ns/archiving/1.2/" xmlns:xsi="http://www.w3.org/2001/XMLSchema-instance" xmlns:mml="http://www.w3.org/1998/Math/MathML" xmlns:xlink="http://www.w3.org/1999/xlink" xsi:schemaLocation="https://jats.nlm.nih.gov/ns/archiving/1.2/ https://jats.nlm.nih.gov/archiving/1.2/xsd/JATS-archivearticle1.xsd" article-type="research-article"><front><journal-meta><journal-id journal-id-type="nlm-ta">Bioinformatics</journal-id><journal-id journal-id-type="publisher-id">bioinformatics</journal-id><journal-id journal-id-type="hwp">bioinfo</journal-id><journal-title-group><journal-title>Bioinformatics</journal-title></journal-title-group><issn pub-type="ppub">1367-4803</issn><issn pub-type="epub">1460-2059</issn><publisher><publisher-name>Oxford University Press</publisher-name></publisher></journal-meta><article-meta><article-id pub-id-type="accession">PMC2732205</article-id><article-id pub-id-type="pmcid">PMC2732205</article-id><article-id pub-id-type="pmc-uid">2732205</article-id><article-id pub-id-type="pmid">18635571</article-id><article-id pub-id-type="pmid">18635571</article-id><article-id pub-id-type="doi">10.1093/bioinformatics/btn371</article-id><article-id pub-id-type="publisher-id">btn371</article-id><article-categories><subj-group subj-group-type="heading"><subject>Applications Note</subject><subj-group><subject>Sequence Analysis</subject></subj-group></subj-group></article-categories><title-group><article-title>MetalDetector: a web server for predicting metal-binding sites and disulfide bridges in proteins from sequence</article-title></title-group><contrib-group><contrib contrib-type="author"><name><surname>Lippi</surname><given-names>Marco</given-names></name><xref ref-type="aff" rid="AFF1"><sup>1</sup></xref></contrib><contrib contrib-type="author"><name><surname>Passerini</surname><given-names>Andrea</given-names></name><xref ref-type="aff" rid="AFF1"><sup>1</sup></xref></contrib><contrib contrib-type="author"><name><surname>Punta</surname><given-names>Marco</given-names></name><xref ref-type="aff" rid="AFF1"><sup>2</sup></xref><xref ref-type="aff" rid="AFF1"><sup>3</sup></xref><xref ref-type="aff" rid="AFF1"><sup>4</sup></xref></contrib><contrib contrib-type="author"><name><surname>Rost</surname><given-names>Burkhard</given-names></name><xref ref-type="aff" rid="AFF1"><sup>2</sup></xref><xref ref-type="aff" rid="AFF1"><sup>3</sup></xref><xref ref-type="aff" rid="AFF1"><sup>4</sup></xref></contrib><contrib contrib-type="author"><name><surname>Frasconi</surname><given-names>Paolo</given-names></name><xref ref-type="aff" rid="AFF1"><sup>1</sup></xref><xref ref-type="corresp" rid="COR1">*</xref></contrib></contrib-group><aff id="AFF1"><sup>1</sup>Machine Learning and Neural Networks Group, Dipartimento di Sistemi e Informatica, Università degli Studi di Firenze, Via di Santa Marta 3, 50139 Firenze, Italy, <sup>2</sup>Department of Biochemistry and Molecular Biophysics, Columbia University, 630 West 168th Street, <sup>3</sup>Columbia University Center for Computational Biology and Bioinformatics (C2B2), 1130 St Nicholas Ave. and <sup>4</sup>Northeast Structural Genomics Consortium (NESG), Columbia University, 1130 St Nicholas Ave. Rm. 802, New York, NY 10032, USA</aff><author-notes><corresp id="COR1"><sup>*</sup>To whom correspondence should be addressed.</corresp><fn><p>Associate Editor: John Quackenbush</p></fn></author-notes><pub-date pub-type="ppub"><day>15</day><month>9</month><year>2008</year></pub-date><pub-date pub-type="epub"><day>16</day><month>7</month><year>2008</year></pub-date><volume>24</volume><issue>18</issue><fpage>2094</fpage><lpage>2095</lpage><history><date date-type="received"><day>17</day><month>4</month><year>2008</year></date><date date-type="rev-recd"><day>27</day><month>6</month><year>2008</year></date><date date-type="accepted"><day>14</day><month>7</month><year>2008</year></date></history><permissions><copyright-statement>© The Author 2008. Published by Oxford University Press. All rights reserved. For Permissions, please email: journals.permissions@oxfordjournals.org</copyright-statement><copyright-year>2008</copyright-year></permissions><abstract><p><bold>Summary:</bold> The web server MetalDetector classifies histidine residues in proteins into one of two states (free or metal bound) and cysteines into one of three states (free, metal bound or disulfide bridged). A decision tree integrates predictions from two previously developed methods (DISULFIND and Metal Ligand Predictor). Cross-validated performance assessment indicates that our server predicts disulfide bonding state at 88.6% precision and 85.1% recall, while it identifies cysteines and histidines in transition metal-binding sites at 79.9% precision and 76.8% recall, and at 60.8% precision and 40.7% recall, respectively.</p><p><bold>Availability:</bold> Freely available at <ext-link ext-link-type="uri" xlink:href="http://metaldetector.dsi.unifi.it">http://metaldetector.dsi.unifi.it</ext-link></p><p><bold>Contact:</bold><email>metaldetector@dsi.unifi.it</email></p><p><bold>Supplementary Information:</bold> Details and data can be found at <ext-link ext-link-type="uri" xlink:href="http://metaldetector.dsi.unifi.it/help.php">http://metaldetector.dsi.unifi.it/help.php</ext-link></p></abstract></article-meta></front></article>