<article xmlns="https://jats.nlm.nih.gov/ns/archiving/1.2/" xmlns:xsi="http://www.w3.org/2001/XMLSchema-instance" xmlns:mml="http://www.w3.org/1998/Math/MathML" xmlns:xlink="http://www.w3.org/1999/xlink" xsi:schemaLocation="https://jats.nlm.nih.gov/ns/archiving/1.2/ https://jats.nlm.nih.gov/archiving/1.2/xsd/JATS-archivearticle1.xsd" article-type="research-article"><front><journal-meta><journal-id journal-id-type="nlm-ta">Bioinformatics</journal-id><journal-id journal-id-type="publisher-id">bioinformatics</journal-id><journal-id journal-id-type="hwp">bioinfo</journal-id><journal-title-group><journal-title>Bioinformatics</journal-title></journal-title-group><issn pub-type="ppub">1367-4803</issn><issn pub-type="epub">1460-2059</issn><publisher><publisher-name>Oxford University Press</publisher-name></publisher></journal-meta><article-meta><article-id pub-id-type="accession">PMC2734321</article-id><article-id pub-id-type="pmcid">PMC2734321</article-id><article-id pub-id-type="pmc-uid">2734321</article-id><article-id pub-id-type="pmid">19549630</article-id><article-id pub-id-type="pmid">19549630</article-id><article-id pub-id-type="doi">10.1093/bioinformatics/btp383</article-id><article-id pub-id-type="publisher-id">btp383</article-id><article-categories><subj-group subj-group-type="heading"><subject>Original Papers</subject><subj-group><subject>Sequence Analysis</subject></subj-group></subj-group></article-categories><title-group><article-title>Swift: primary data analysis for the Illumina Solexa sequencing platform</article-title></title-group><contrib-group><contrib contrib-type="author"><name><surname>Whiteford</surname><given-names>Nava</given-names></name><xref ref-type="aff" rid="AFF1"><sup>1</sup></xref><xref ref-type="corresp" rid="COR1">*</xref><xref ref-type="author-notes" rid="FN1"><sup>†</sup></xref></contrib><contrib contrib-type="author"><name><surname>Skelly</surname><given-names>Tom</given-names></name><xref ref-type="aff" rid="AFF1"><sup>1</sup></xref></contrib><contrib contrib-type="author"><name><surname>Curtis</surname><given-names>Christina</given-names></name><xref ref-type="aff" rid="AFF1"><sup>2</sup></xref></contrib><contrib contrib-type="author"><name><surname>Ritchie</surname><given-names>Matt E.</given-names></name><xref ref-type="aff" rid="AFF1"><sup>3</sup></xref></contrib><contrib contrib-type="author"><name><surname>Löhr</surname><given-names>Andrea</given-names></name><xref ref-type="aff" rid="AFF1"><sup>4</sup></xref></contrib><contrib contrib-type="author"><name><surname>Zaranek</surname><given-names>Alexander Wait</given-names></name><xref ref-type="aff" rid="AFF1"><sup>5</sup></xref></contrib><contrib contrib-type="author"><name><surname>Abnizova</surname><given-names>Irina</given-names></name><xref ref-type="aff" rid="AFF1"><sup>1</sup></xref></contrib><contrib contrib-type="author"><name><surname>Brown</surname><given-names>Clive</given-names></name><xref ref-type="aff" rid="AFF1"><sup>1</sup></xref><xref ref-type="author-notes" rid="FN1"><sup>†</sup></xref></contrib></contrib-group><aff id="AFF1"><sup>1</sup> Wellcome Trust Sanger Institute, Wellcome Trust Genome Campus, Hinxton, Cambridge, CB10 1SA, <sup>2</sup> Department of Oncology, University of Cambridge, CRUK Cambridge Research Institute, Li Ka Shing Centre, Robinson Way Cambridge CB2 0RE, UK, <sup>3</sup> Bioinformatics Division, The Walter and Eliza Hall Institute of Medical Research, 1G Royal Parade, Parkville, Victoria 3052, Australia, <sup>4</sup> Harvard-Smithsonian Center for Astrophysics, 60 Garden Street Cambridge, MA 02138 and <sup>5</sup> Harvard Medical School, Genetics, 77 Avenue Louis Pasteur, Boston, MA 02115, USA</aff><author-notes><corresp id="COR1">* To whom correspondence should be addressed.</corresp><fn id="FN1"><p><sup>†</sup>Present Address: Oxford Nanopore Technologies Sandy Lane, Kidlington, OX5 1PF, UK.</p></fn><fn><p>Associate Editor: Joaquin Dopazo</p></fn></author-notes><pub-date pub-type="ppub"><day>1</day><month>9</month><year>2009</year></pub-date><pub-date pub-type="epub"><day>23</day><month>6</month><year>2009</year></pub-date><pub-date pub-type="pmc-release"><day>23</day><month>6</month><year>2009</year></pub-date><!-- PMC Release delay is 0 months and 0 days and was based on the
							<pub-date pub-type="epub"/>. --><volume>25</volume><issue>17</issue><fpage>2194</fpage><lpage>2199</lpage><history><date date-type="received"><day>22</day><month>2</month><year>2009</year></date><date date-type="rev-recd"><day>4</day><month>5</month><year>2009</year></date><date date-type="accepted"><day>18</day><month>6</month><year>2009</year></date></history><permissions><copyright-statement>© 2009 The Author(s)</copyright-statement><copyright-year>2009</copyright-year><license license-type="creative-commons" xlink:href="http://creativecommons.org/licenses/by-nc/2.0/uk/"><license-p><!--CREATIVE COMMONS-->This is an Open Access article distributed under the terms of the Creative Commons Attribution Non-Commercial License (<ext-link ext-link-type="uri" xlink:href="http://creativecommons.org/licenses/by-nc/2.0/uk/">http://creativecommons.org/licenses/by-nc/2.0/uk/</ext-link>) which permits unrestricted non-commercial use, distribution, and reproduction in any medium, provided the original work is properly cited.</license-p></license></permissions><abstract><p><bold>Motivation:</bold> Primary data analysis methods are of critical importance in second generation DNA sequencing. Improved methods have the potential to increase yield and reduce the error rates. Openly documented analysis tools enable the user to understand the primary data, this is important for the optimization and validity of their scientific work.</p><p><bold>Results:</bold> In this article, we describe Swift, a new tool for performing primary data analysis on the Illumina Solexa Sequencing Platform. Swift is the first tool, outside of the vendors own software, which completes the full analysis process, from raw images through to base calls. As such it provides an alternative to, and independent validation of, the vendor supplied tool. Our results show that Swift is able to increase yield by 13.8%, at comparable error rate.</p><p><bold>Availability and Implementation:</bold> Swift is implemented in C++and supported under Linux. It is supplied under an open source license (LGPL3), allowing researchers to build upon the platform. Swift is available from <ext-link ext-link-type="uri" xlink:href="http://swiftng.sourceforge.net">http://swiftng.sourceforge.net</ext-link>.</p><p><bold>Contact:</bold><email>new@sgenomics.org</email>; <email>nava.whiteford@nanoporetech.com</email></p><p><bold>Supplementary information:</bold><ext-link ext-link-type="uri" xlink:href="http://bioinformatics.oxfordjournals.org/cgi/content/full/btp383/DC1">Supplementary data</ext-link> are available at <italic>Bioinformatics</italic> online.</p></abstract></article-meta></front></article>