<article xmlns="https://jats.nlm.nih.gov/ns/archiving/1.2/" xmlns:xsi="http://www.w3.org/2001/XMLSchema-instance" xmlns:mml="http://www.w3.org/1998/Math/MathML" xmlns:xlink="http://www.w3.org/1999/xlink" xsi:schemaLocation="https://jats.nlm.nih.gov/ns/archiving/1.2/ https://jats.nlm.nih.gov/archiving/1.2/xsd/JATS-archivearticle1.xsd" article-type="research-article"><front><journal-meta><journal-id journal-id-type="nlm-ta">Bioinformatics</journal-id><journal-id journal-id-type="publisher-id">bioinformatics</journal-id><journal-id journal-id-type="hwp">bioinfo</journal-id><journal-title-group><journal-title>Bioinformatics</journal-title></journal-title-group><issn pub-type="ppub">1367-4803</issn><issn pub-type="epub">1460-2059</issn><publisher><publisher-name>Oxford University Press</publisher-name></publisher></journal-meta><article-meta><article-id pub-id-type="accession">PMC2677742</article-id><article-id pub-id-type="pmcid">PMC2677742</article-id><article-id pub-id-type="pmc-uid">2677742</article-id><article-id pub-id-type="pmid">19289446</article-id><article-id pub-id-type="pmid">19289446</article-id><article-id pub-id-type="doi">10.1093/bioinformatics/btp149</article-id><article-id pub-id-type="publisher-id">btp149</article-id><article-categories><subj-group subj-group-type="heading"><subject>Original Papers</subject><subj-group><subject>Structural Bioinformatics</subject></subj-group></subj-group></article-categories><title-group><article-title>Using multi-data hidden Markov models trained on local neighborhoods of protein structure to predict residue–residue contacts</article-title></title-group><contrib-group><contrib contrib-type="author"><name><surname>Björkholm</surname><given-names>Patrik</given-names></name><xref ref-type="aff" rid="AFF1"><sup>1</sup></xref><xref ref-type="aff" rid="AFF1"><sup>2</sup></xref></contrib><contrib contrib-type="author"><name><surname>Daniluk</surname><given-names>Pawel</given-names></name><xref ref-type="aff" rid="AFF1"><sup>3</sup></xref></contrib><contrib contrib-type="author"><name><surname>Kryshtafovych</surname><given-names>Andriy</given-names></name><xref ref-type="aff" rid="AFF1"><sup>4</sup></xref></contrib><contrib contrib-type="author"><name><surname>Fidelis</surname><given-names>Krzysztof</given-names></name><xref ref-type="aff" rid="AFF1"><sup>4</sup></xref></contrib><contrib contrib-type="author"><name><surname>Andersson</surname><given-names>Robin</given-names></name><xref ref-type="aff" rid="AFF1"><sup>1</sup></xref></contrib><contrib contrib-type="author"><name><surname>Hvidsten</surname><given-names>Torgeir R.</given-names></name><xref ref-type="aff" rid="AFF1"><sup>1</sup></xref><xref ref-type="aff" rid="AFF1"><sup>5</sup></xref><xref ref-type="corresp" rid="COR1">*</xref></contrib></contrib-group><aff id="AFF1"><sup>1</sup>The Linnaeus Centre for Bioinformatics, Uppsala University, Uppsala, <sup>2</sup>Stockholm Bioinformatics Center, Albanova, Stockholm University, 10691 Stockholm, Sweden, <sup>3</sup>Department of Biophysics, Faculty of Physics, University of Warsaw, Warsaw, Poland, <sup>4</sup>UC Davis Genome Centre, UC Davis, USA and <sup>5</sup>Umeå Plant Science Centre, Department of Plant Physiology, Umeå University, Umeå, Sweden</aff><author-notes><corresp id="COR1">*To whom correspondence should be addressed.</corresp><fn><p>Associate Editor: Anna Tramontano</p></fn></author-notes><pub-date pub-type="ppub"><day>15</day><month>5</month><year>2009</year></pub-date><pub-date pub-type="epub"><day>16</day><month>3</month><year>2009</year></pub-date><pub-date pub-type="pmc-release"><day>15</day><month>5</month><year>2010</year></pub-date><!-- PMC Release delay is 12 months and 0 days and was based on the
					<pub-date pub-type="ppub"/>. --><volume>25</volume><issue>10</issue><fpage>1264</fpage><lpage>1270</lpage><history><date date-type="received"><day>9</day><month>10</month><year>2008</year></date><date date-type="rev-recd"><day>24</day><month>2</month><year>2009</year></date><date date-type="accepted"><day>14</day><month>3</month><year>2009</year></date></history><permissions><copyright-statement>© The Author 2009. Published by Oxford University Press. All rights reserved. For Permissions, please email: journals.permissions@oxfordjournals.org</copyright-statement><copyright-year>2009</copyright-year></permissions><abstract><p><bold>Motivation:</bold>Correct prediction of residue–residue contacts in proteins that lack good templates with known structure would take <italic>ab initio</italic> protein structure prediction a large step forward. The lack of correct contacts, and in particular long-range contacts, is considered the main reason why these methods often fail.</p><p><bold>Results:</bold> We propose a novel hidden Markov model (HMM)-based method for predicting residue–residue contacts from protein sequences using as training data homologous sequences, predicted secondary structure and a library of local neighborhoods (local descriptors of protein structure). The library consists of recurring structural entities incorporating short-, medium- and long-range interactions and is general enough to reassemble the cores of nearly all proteins in the PDB. The method is tested on an external test set of 606 domains with no significant sequence similarity to the training set as well as 151 domains with SCOP folds not present in the training set. Considering the top 0.2 · <italic>L</italic> predictions (<italic>L</italic>=sequence length), our HMMs obtained an accuracy of 22.8% for long-range interactions in new fold targets, and an average accuracy of 28.6% for long-, medium- and short-range contacts. This is a significant performance increase over currently available methods when comparing against results published in the literature.</p><p><bold>Availability:</bold><ext-link ext-link-type="uri" xlink:href="http://predictioncenter.org/Services/FragHMMent/">http://predictioncenter.org/Services/FragHMMent/</ext-link></p><p><bold>Contact:</bold><email>torgeir.hvidsten@plantphys.umu.se</email></p><p><bold>Supplementary information:</bold><ext-link ext-link-type="uri" xlink:href="http://bioinformatics.oxfordjournals.org/cgi/content/full/btp149/DC1">Supplementary data</ext-link> are available at <italic>Bioinformatics</italic> online.</p></abstract></article-meta></front></article>