<article xmlns="https://dtd.nlm.nih.gov/ns/archiving/2.3/" xmlns:xsi="http://www.w3.org/2001/XMLSchema-instance" xmlns:mml="http://www.w3.org/1998/Math/MathML" xmlns:xlink="http://www.w3.org/1999/xlink" xsi:schemaLocation="https://dtd.nlm.nih.gov/ns/archiving/2.3/ https://dtd.nlm.nih.gov/archiving/2.3/xsd/archivearticle.xsd" article-type="research-article" xml:lang="EN"><front><journal-meta><journal-id journal-id-type="nlm-ta">Bioinformatics</journal-id><journal-id journal-id-type="publisher-id">bioinformatics</journal-id><journal-id journal-id-type="hwp">bioinfo</journal-id><journal-title>Bioinformatics</journal-title><issn pub-type="ppub">1367-4803</issn><issn pub-type="epub">1460-2059</issn><publisher><publisher-name>Oxford University Press</publisher-name></publisher></journal-meta><article-meta><article-id pub-id-type="accession">PMC2572701</article-id><article-id pub-id-type="pmcid">PMC2572701</article-id><article-id pub-id-type="pmc-uid">2572701</article-id><article-id pub-id-type="pmid">18772154</article-id><article-id pub-id-type="doi">10.1093/bioinformatics/btn469</article-id><article-id pub-id-type="publisher-id">btn469</article-id><article-id pub-id-type="pmid">18772154</article-id><article-categories><subj-group subj-group-type="heading"><subject>Applications Note</subject><subj-group><subject>Data and Text Mining</subject></subj-group></subj-group></article-categories><title-group><article-title>FACTA: a text search engine for finding associated biomedical concepts</article-title></title-group><contrib-group><contrib contrib-type="author"><name><surname>Tsuruoka</surname><given-names>Yoshimasa</given-names></name><xref ref-type="aff" rid="AFF1"><sup>1</sup></xref><xref ref-type="aff" rid="AFF1"><sup>2</sup></xref><xref ref-type="corresp" rid="COR1">*</xref></contrib><contrib contrib-type="author"><name><surname>Tsujii</surname><given-names>Jun'ichi</given-names></name><xref ref-type="aff" rid="AFF1"><sup>1</sup></xref><xref ref-type="aff" rid="AFF1"><sup>2</sup></xref><xref ref-type="aff" rid="AFF1"><sup>3</sup></xref></contrib><contrib contrib-type="author"><name><surname>Ananiadou</surname><given-names>Sophia</given-names></name><xref ref-type="aff" rid="AFF1"><sup>1</sup></xref><xref ref-type="aff" rid="AFF1"><sup>2</sup></xref></contrib></contrib-group><aff id="AFF1"><sup>1</sup>School of Computer Science, The University of Manchester, <sup>2</sup>National Centre for Text Mining (NaCTeM), Manchester, UK and <sup>3</sup>Department of Computer Science, The University of Tokyo, Japan</aff><author-notes><corresp id="COR1">*To whom correspondence should be addressed.</corresp><fn><p>Associate Editor: Jonathan Wren</p></fn></author-notes><pub-date pub-type="ppub"><day>1</day><month>11</month><year>2008</year></pub-date><pub-date pub-type="epub"><day>4</day><month>9</month><year>2008</year></pub-date><pub-date pub-type="pmc-release"><day>4</day><month>9</month><year>2008</year></pub-date><!-- PMC Release delay is 0 months and 0 days and was based on the
			<pub-date pub-type="epub"/>. --><volume>24</volume><issue>21</issue><fpage>2559</fpage><lpage>2560</lpage><history><date date-type="received"><day>13</day><month>6</month><year>2008</year></date><date date-type="rev-recd"><day>9</day><month>8</month><year>2008</year></date><date date-type="accepted"><day>29</day><month>8</month><year>2008</year></date></history><permissions><copyright-statement>© 2008 The Author(s)</copyright-statement><copyright-year>2008</copyright-year><license license-type="creative-commons" xlink:href="http://creativecommons.org/licenses/by-nc/2.0/uk/"><p><!--CREATIVE COMMONS-->This is an Open Access article distributed under the terms of the Creative Commons Attribution Non-Commercial License (<ext-link ext-link-type="uri" xlink:href="http://creativecommons.org/licenses/by-nc/2.0/uk/">http://creativecommons.org/licenses/by-nc/2.0/uk/</ext-link>) which permits unrestricted non-commercial use, distribution, and reproduction in any medium, provided the original work is properly cited.</p></license></permissions><abstract><p><bold>Summary:</bold> FACTA is a text search engine for MEDLINE abstracts, which is designed particularly to help users browse biomedical concepts (e.g. genes/proteins, diseases, enzymes and chemical compounds) appearing in the documents retrieved by the query. The concepts are presented to the user in a tabular format and ranked based on the co-occurrence statistics. Unlike existing systems that provide similar functionality, FACTA pre-indexes not only the words but also the concepts mentioned in the documents, which enables the user to issue a flexible query (e.g. free keywords or Boolean combinations of keywords/concepts) and receive the results immediately even when the number of the documents that match the query is very large. The user can also view snippets from MEDLINE to get textual evidence of associations between the query terms and the concepts. The concept IDs and their names/synonyms for building the indexes were collected from several biomedical databases and thesauri, such as UniProt, BioThesaurus, UMLS, KEGG and DrugBank.</p><p><bold>Availability:</bold> The system is available at <ext-link ext-link-type="uri" xlink:href="http://www.nactem.ac.uk/software/facta/">http://www.nactem.ac.uk/software/facta/</ext-link></p><p><bold>Contact:</bold><email>yoshimasa.tsuruoka@manchester.ac.uk</email></p></abstract></article-meta></front></article>