<article xmlns="https://jats.nlm.nih.gov/ns/archiving/1.2/" xmlns:xsi="http://www.w3.org/2001/XMLSchema-instance" xmlns:mml="http://www.w3.org/1998/Math/MathML" xmlns:xlink="http://www.w3.org/1999/xlink" xsi:schemaLocation="https://jats.nlm.nih.gov/ns/archiving/1.2/ https://jats.nlm.nih.gov/archiving/1.2/xsd/JATS-archivearticle1.xsd" article-type="research-article"><front><journal-meta><journal-id journal-id-type="nlm-ta">Bioinformatics</journal-id><journal-id journal-id-type="publisher-id">bioinformatics</journal-id><journal-id journal-id-type="hwp">bioinfo</journal-id><journal-title-group><journal-title>Bioinformatics</journal-title></journal-title-group><issn pub-type="ppub">1367-4803</issn><issn pub-type="epub">1460-2059</issn><publisher><publisher-name>Oxford University Press</publisher-name></publisher></journal-meta><article-meta><article-id pub-id-type="accession">PMC2720711</article-id><article-id pub-id-type="pmcid">PMC2720711</article-id><article-id pub-id-type="pmc-uid">2720711</article-id><article-id pub-id-type="pmid">19269988</article-id><article-id pub-id-type="pmid">19269988</article-id><article-id pub-id-type="doi">10.1093/bioinformatics/btp095</article-id><article-id pub-id-type="publisher-id">btp095</article-id><article-categories><subj-group subj-group-type="heading"><subject>Applications Note</subject><subj-group><subject>Genome Analysis</subject></subj-group></subj-group></article-categories><title-group><article-title>RNATOPS-W: a web server for RNA structure searches of genomes</article-title></title-group><contrib-group><contrib contrib-type="author"><name><surname>Wang</surname><given-names>Yingfeng</given-names></name><xref ref-type="aff" rid="AFF1"><sup>1</sup></xref></contrib><contrib contrib-type="author"><name><surname>Huang</surname><given-names>Zhibin</given-names></name><xref ref-type="aff" rid="AFF1"><sup>1</sup></xref></contrib><contrib contrib-type="author"><name><surname>Wu</surname><given-names>Yong</given-names></name><xref ref-type="aff" rid="AFF1"><sup>1</sup></xref></contrib><contrib contrib-type="author"><name><surname>Malmberg</surname><given-names>Russell L.</given-names></name><xref ref-type="aff" rid="AFF1"><sup>2</sup></xref><xref ref-type="aff" rid="AFF1"><sup>3</sup></xref></contrib><contrib contrib-type="author"><name><surname>Cai</surname><given-names>Liming</given-names></name><xref ref-type="aff" rid="AFF1"><sup>1</sup></xref><xref ref-type="aff" rid="AFF1"><sup>3</sup></xref><xref ref-type="corresp" rid="COR1">*</xref></contrib></contrib-group><aff id="AFF1"><sup>1</sup>Department of Computer Science, <sup>2</sup>Department of Plant Biology and <sup>3</sup>Institute of Bioinformatics, University of Georgia, Athens, GA 30602, USA</aff><author-notes><corresp id="COR1">*To whom correspondence should be addressed.</corresp><fn><p>Associate Editor: Ivo Hofacker</p></fn></author-notes><pub-date pub-type="ppub"><day>15</day><month>4</month><year>2009</year></pub-date><pub-date pub-type="epub"><day>5</day><month>3</month><year>2009</year></pub-date><volume>25</volume><issue>8</issue><fpage>1080</fpage><lpage>1081</lpage><history><date date-type="received"><day>5</day><month>11</month><year>2008</year></date><date date-type="rev-recd"><day>15</day><month>2</month><year>2009</year></date><date date-type="accepted"><day>16</day><month>2</month><year>2009</year></date></history><permissions><copyright-statement>© The Author 2009. Published by Oxford University Press. All rights reserved. For Permissions, please email: journals.permissions@oxfordjournals.org</copyright-statement><copyright-year>2009</copyright-year></permissions><abstract><p><bold>Summary:</bold> RNATOPS-W is a web server to search sequences for RNA secondary structures including pseudoknots. The server accepts an annotated RNA multiple structural alignment as a structural profile and genomic or other sequences to search. It is built upon RNATOPS, a command line C++software package for the same purpose, in which filters to speed up search are manually selected. RNATOPS-W improves upon RNATOPS by adding the function of automatic selection of a hidden Markov model (HMM) filter and also a friendly user interface for selection of a substructure filter by the user. In addition, RNATOPS-W complements existing RNA secondary structure search web servers that either use built-in structure profiles or are not able to detect pseudoknots. RNATOPS-W inherits the efficiency of RNATOPS in detecting large, complex RNA structures.</p><p><bold>Availability:</bold> The web server RNATOPS-W is available at the web site <ext-link ext-link-type="uri" xlink:href="www.uga.edu/RNA-Informatics/?f=software&amp;p=RNATOPS-w">www.uga.edu/RNA-Informatics/?f=software&amp;p=RNATOPS-w</ext-link>. The underlying search program RNATOPS can be downloaded at <ext-link ext-link-type="uri" xlink:href="www.uga.edu/RNA-Informatics/?f=software&amp;p=RNATOPS">www.uga.edu/RNA-Informatics/?f=software&amp;p=RNATOPS</ext-link>.</p><p><bold>Contact:</bold><email>cai@cs.uga.edu</email></p><p><bold>Supplementary information:</bold><ext-link ext-link-type="uri" xlink:href="http://bioinformatics.oxfordjournals.org/cgi/content/full/btp095/DC1">Supplementary data</ext-link> are available at <italic>Bioinformatics</italic> online.</p></abstract></article-meta></front></article>