<article xmlns="https://jats.nlm.nih.gov/ns/archiving/1.2/" xmlns:xsi="http://www.w3.org/2001/XMLSchema-instance" xmlns:mml="http://www.w3.org/1998/Math/MathML" xmlns:xlink="http://www.w3.org/1999/xlink" xsi:schemaLocation="https://jats.nlm.nih.gov/ns/archiving/1.2/ https://jats.nlm.nih.gov/archiving/1.2/xsd/JATS-archivearticle1.xsd" article-type="research-article"><front><journal-meta><journal-id journal-id-type="nlm-ta">Bioinformatics</journal-id><journal-id journal-id-type="publisher-id">bioinformatics</journal-id><journal-id journal-id-type="hwp">bioinfo</journal-id><journal-title-group><journal-title>Bioinformatics</journal-title></journal-title-group><issn pub-type="ppub">1367-4803</issn><issn pub-type="epub">1460-2059</issn><publisher><publisher-name>Oxford University Press</publisher-name></publisher></journal-meta><article-meta><article-id pub-id-type="accession">PMC2735666</article-id><article-id pub-id-type="pmcid">PMC2735666</article-id><article-id pub-id-type="pmc-uid">2735666</article-id><article-id pub-id-type="pmid">19570806</article-id><article-id pub-id-type="doi">10.1093/bioinformatics/btp410</article-id><article-id pub-id-type="publisher-id">btp410</article-id><article-categories><subj-group subj-group-type="heading"><subject>Original Papers</subject><subj-group><subject>Sequence Analysis</subject></subj-group></subj-group></article-categories><title-group><article-title><italic>k</italic>-link EST clustering: evaluating error introduced by chimeric sequences under different degrees of linkage</article-title></title-group><contrib-group><contrib contrib-type="author"><name><surname>Bragg</surname><given-names>Lauren M.</given-names></name><xref ref-type="aff" rid="AFF1"><sup>1</sup></xref><xref ref-type="aff" rid="AFF1"><sup>2</sup></xref><xref ref-type="corresp" rid="COR1">*</xref></contrib><contrib contrib-type="author"><name><surname>Stone</surname><given-names>Glenn</given-names></name><xref ref-type="aff" rid="AFF1"><sup>1</sup></xref></contrib></contrib-group><aff id="AFF1"><sup>1</sup>CSIRO Mathematical and Information Sciences, North Ryde, NSW 2113 and <sup>2</sup>Preventative Health National Research Flagship, Locked Bag 17, North Ryde, NSW 1670, Australia</aff><author-notes><corresp id="COR1">*To whom correspondence should be addressed.</corresp><fn><p>Associate Editor: Dmitrij Frishman</p></fn></author-notes><pub-date pub-type="ppub"><day>15</day><month>9</month><year>2009</year></pub-date><pub-date pub-type="epub"><day>1</day><month>7</month><year>2009</year></pub-date><pub-date pub-type="pmc-release"><day>1</day><month>7</month><year>2009</year></pub-date><!-- PMC Release delay is 0 months and 0 days and was based on the
							<pub-date pub-type="epub"/>. --><volume>25</volume><issue>18</issue><fpage>2302</fpage><lpage>2308</lpage><history><date date-type="received"><day>6</day><month>4</month><year>2009</year></date><date date-type="rev-recd"><day>4</day><month>6</month><year>2009</year></date><date date-type="accepted"><day>26</day><month>6</month><year>2009</year></date></history><permissions><license license-type="creative-commons" xlink:href="http://creativecommons.org/licenses/by-nc/2.0/uk/"><license-p><!--CREATIVE COMMONS-->This is an Open Access article distributed under the terms of the Creative Commons Attribution Non-Commercial License (<ext-link ext-link-type="uri" xlink:href="http://creativecommons.org/licenses/by-nc/2.0/uk/">http://creativecommons.org/licenses/by-nc/2.0/uk/</ext-link>) which permits unrestricted non-commercial use, distribution, and reproduction in any medium, provided the original work is properly cited.</license-p></license></permissions><abstract><p><bold>Motivation:</bold> The clustering of expressed sequence tags (ESTs) is a crucial step in many sequence analysis studies that require a high level of redundancy. Chimeric sequences, while uncommon, can make achieving the optimal EST clustering a challenge. Single-linkage algorithms are particularly vulnerable to the effects of chimeras. To avoid chimera-facilitated erroneous merges, researchers using single-linkage algorithms are forced to use stringent sequence–similarity thresholds. Such thresholds reduce the sensitivity of the clustering algorithm.</p><p><bold>Results:</bold> We introduce the concept of <monospace><italic>k</italic>-link</monospace> clustering for EST data. We evaluate how clustering error rates vary over a range of linkage thresholds. Using <monospace><italic>k</italic>-link</monospace>, we show that Type II error decreases in response to increasing the number of shared ESTs (ie. links) required. We observe a base level of Type II error likely caused by the presence of unmasked low-complexity or repetitive sequence. We find that Type I error increases gradually with increased linkage. To minimize the Type I error introduced by increased linkage requirements, we propose an extension to <monospace><italic>k</italic>-link</monospace> which modifies the required number of links with respect to the size of clusters being compared.</p><p><bold>Availability:</bold> The implementation of <monospace><italic>k</italic>-link</monospace> is available under the terms of the GPL from <ext-link ext-link-type="uri" xlink:href="http://www.bioinformatics.csiro.au/products.shtml">http://www.bioinformatics.csiro.au/products.shtml</ext-link>. <monospace><italic>k</italic>-link</monospace> is licensed under the GNU General Public License, and can be downloaded from <ext-link ext-link-type="uri" xlink:href="http://www.bioinformatics.csiro.au/products.shtml">http://www.bioinformatics.csiro.au/products.shtml</ext-link>. <monospace><italic>k</italic>-link</monospace> is written in C++.</p><p><bold>Contact:</bold><email>lauren.bragg@csiro.au</email></p><p><bold>Supplementary information:</bold><ext-link ext-link-type="uri" xlink:href="http://bioinformatics.oxfordjournals.org/cgi/content/full/btp410/DC1">Supplementary data</ext-link> are available at <italic>Bioinformatics</italic> online.</p></abstract></article-meta></front></article>