<article xmlns="https://jats.nlm.nih.gov/ns/archiving/1.2/" xmlns:xsi="http://www.w3.org/2001/XMLSchema-instance" xmlns:mml="http://www.w3.org/1998/Math/MathML" xmlns:xlink="http://www.w3.org/1999/xlink" xsi:schemaLocation="https://jats.nlm.nih.gov/ns/archiving/1.2/ https://jats.nlm.nih.gov/archiving/1.2/xsd/JATS-archivearticle1.xsd" article-type="research-article"><front><journal-meta><journal-id journal-id-type="nlm-ta">Bioinformatics</journal-id><journal-id journal-id-type="publisher-id">bioinformatics</journal-id><journal-id journal-id-type="hwp">bioinfo</journal-id><journal-title-group><journal-title>Bioinformatics</journal-title></journal-title-group><issn pub-type="ppub">1367-4803</issn><issn pub-type="epub">1460-2059</issn><publisher><publisher-name>Oxford University Press</publisher-name></publisher></journal-meta><article-meta><article-id pub-id-type="accession">PMC2735670</article-id><article-id pub-id-type="pmcid">PMC2735670</article-id><article-id pub-id-type="pmc-uid">2735670</article-id><article-id pub-id-type="pmid">19592393</article-id><article-id pub-id-type="doi">10.1093/bioinformatics/btp425</article-id><article-id pub-id-type="publisher-id">btp425</article-id><article-categories><subj-group subj-group-type="heading"><subject>Original Papers</subject><subj-group><subject>Gene Expression</subject></subj-group></subj-group></article-categories><title-group><article-title>TileProbe: modeling tiling array probe effects using publicly available data</article-title></title-group><contrib-group><contrib contrib-type="author"><name><surname>Judy</surname><given-names>Jennifer Toolan</given-names></name><xref ref-type="aff" rid="AFF1"><sup>1</sup></xref></contrib><contrib contrib-type="author"><name><surname>Ji</surname><given-names>Hongkai</given-names></name><xref ref-type="aff" rid="AFF1"><sup>2</sup></xref><xref ref-type="corresp" rid="COR1">*</xref></contrib></contrib-group><aff id="AFF1"><sup>1</sup>Department of Mental Health and <sup>2</sup>Department of Biostatistics, Johns Hopkins Bloomberg School of Public Health, 615 North Wolfe Street, Baltimore, MD 21205, USA</aff><author-notes><corresp id="COR1">*To whom correspondence should be addressed.</corresp><fn><p>Associate Editor: John Quackenbush</p></fn></author-notes><pub-date pub-type="ppub"><day>15</day><month>9</month><year>2009</year></pub-date><pub-date pub-type="epub"><day>9</day><month>7</month><year>2009</year></pub-date><pub-date pub-type="pmc-release"><day>9</day><month>7</month><year>2009</year></pub-date><!-- PMC Release delay is 0 months and 0 days and was based on the
							<pub-date pub-type="epub"/>. --><volume>25</volume><issue>18</issue><fpage>2369</fpage><lpage>2375</lpage><history><date date-type="received"><day>15</day><month>4</month><year>2009</year></date><date date-type="rev-recd"><day>16</day><month>6</month><year>2009</year></date><date date-type="accepted"><day>7</day><month>7</month><year>2009</year></date></history><permissions><license license-type="creative-commons" xlink:href="http://creativecommons.org/licenses/by-nc/2.0/uk/"><license-p><!--CREATIVE COMMONS-->This is an Open Access article distributed under the terms of the Creative Commons Attribution Non-Commercial License (<ext-link ext-link-type="uri" xlink:href="http://creativecommons.org/licenses/by-nc/2.0/uk/">http://creativecommons.org/licenses/by-nc/2.0/uk/</ext-link>) which permits unrestricted non-commercial use, distribution, and reproduction in any medium, provided the original work is properly cited.</license-p></license></permissions><abstract><p><bold>Motivation:</bold> Individual probes on an Affymetrix tiling array usually behave differently. Modeling and removing these probe effects are critical for detecting signals from the array data. Current data processing techniques either require control samples or use probe sequences to model probe-specific variability, such as with MAT. Although the MAT approach can be applied without control samples, residual probe effects continue to distort the true biological signals.</p><p><bold>Results:</bold> We propose TileProbe, a new technique that builds upon the MAT algorithm by incorporating publicly available data sets to remove tiling array probe effects. By using a large number of these readily available arrays, TileProbe robustly models the residual probe effects that MAT model cannot explain. When applied to analyzing ChIP-chip data, TileProbe performs consistently better than MAT across a variety of analytical conditions. This shows that TileProbe resolves the issue of probe-specific effects more completely.</p><p><bold>Availability:</bold><ext-link ext-link-type="uri" xlink:href="http://www.biostat.jhsph.edu/∼hji/cisgenome/index_files/tileprobe.htm">http://www.biostat.jhsph.edu/∼hji/cisgenome/index_files/tileprobe.htm</ext-link></p><p><bold>Contact:</bold><email>hji@jhsph.edu</email></p><p><bold>Supplementary information:</bold><ext-link ext-link-type="uri" xlink:href="http://bioinformatics.oxfordjournals.org/cgi/content/full/btp425/DC1">Supplementary data</ext-link> are available at <italic>Bioinformatics</italic> online.</p></abstract></article-meta></front></article>