<article xmlns="https://jats.nlm.nih.gov/ns/archiving/1.2/" xmlns:xsi="http://www.w3.org/2001/XMLSchema-instance" xmlns:mml="http://www.w3.org/1998/Math/MathML" xmlns:xlink="http://www.w3.org/1999/xlink" xsi:schemaLocation="https://jats.nlm.nih.gov/ns/archiving/1.2/ https://jats.nlm.nih.gov/archiving/1.2/xsd/JATS-archivearticle1.xsd" article-type="research-article"><front><journal-meta><journal-id journal-id-type="nlm-ta">Bioinformatics</journal-id><journal-id journal-id-type="publisher-id">bioinformatics</journal-id><journal-id journal-id-type="hwp">bioinfo</journal-id><journal-title-group><journal-title>Bioinformatics</journal-title></journal-title-group><issn pub-type="ppub">1367-4803</issn><issn pub-type="epub">1460-2059</issn><publisher><publisher-name>Oxford University Press</publisher-name></publisher></journal-meta><article-meta><article-id pub-id-type="accession">PMC2732217</article-id><article-id pub-id-type="pmcid">PMC2732217</article-id><article-id pub-id-type="pmc-uid">2732217</article-id><article-id pub-id-type="pmid">18635570</article-id><article-id pub-id-type="pmid">18635570</article-id><article-id pub-id-type="doi">10.1093/bioinformatics/btn329</article-id><article-id pub-id-type="publisher-id">btn329</article-id><article-categories><subj-group subj-group-type="heading"><subject>Applications Note</subject><subj-group><subject>Systems Biology</subject></subj-group></subj-group></article-categories><title-group><article-title><italic>mlegp</italic>: statistical analysis for computer models of biological systems using R</article-title></title-group><contrib-group><contrib contrib-type="author"><name><surname>Dancik</surname><given-names>Garrett M.</given-names></name><xref ref-type="aff" rid="AFF1"><sup>1</sup></xref><xref ref-type="aff" rid="AFF1"><sup>2</sup></xref></contrib><contrib contrib-type="author"><name><surname>Dorman</surname><given-names>Karin S.</given-names></name><xref ref-type="aff" rid="AFF1"><sup>1</sup></xref><xref ref-type="aff" rid="AFF1"><sup>2</sup></xref><xref ref-type="aff" rid="AFF1"><sup>3</sup></xref><xref ref-type="corresp" rid="COR1"><sup>*</sup></xref></contrib></contrib-group><aff id="AFF1"><sup>1</sup>Program in Bioinformatics &amp; Computational Biology, <sup>2</sup>Department of Statistics and <sup>3</sup>Department of Genetics, Development &amp; Cell Biology, Iowa State University, Ames, IA 50010, USA</aff><author-notes><corresp id="COR1"><sup>*</sup>To whom correspondence should be addressed.</corresp><fn><p>Associate Editor: John Quackenbush</p></fn></author-notes><pub-date pub-type="ppub"><day>1</day><month>9</month><year>2008</year></pub-date><pub-date pub-type="epub"><day>17</day><month>6</month><year>2008</year></pub-date><volume>24</volume><issue>17</issue><fpage>1966</fpage><lpage>1967</lpage><history><date date-type="received"><day>7</day><month>10</month><year>2007</year></date><date date-type="rev-recd"><day>2</day><month>5</month><year>2008</year></date><date date-type="accepted"><day>23</day><month>6</month><year>2008</year></date></history><permissions><copyright-statement>© The Author 2008. Published by Oxford University Press. All rights reserved. For Permissions, please email: journals.permissions@oxfordjournals.org</copyright-statement><copyright-year>2008</copyright-year></permissions><abstract><p><bold>Summary:</bold> Gaussian processes (GPs) are flexible statistical models commonly used for predicting output from complex computer codes. As such, GPs are well suited for the analysis of computer models of biological systems, which have been traditionally difficult to analyze due to their high-dimensional, non-linear and resource-intensive nature. We describe an R package, <italic>mlegp</italic>, that fits GPs to computer model outputs and performs sensitivity analysis to identify and characterize the effects of important model inputs.</p><p><bold>Availability:</bold><ext-link ext-link-type="uri" xlink:href="http://www.biomath.org/mlegp">http://www.biomath.org/mlegp</ext-link></p><p><bold>Contact:</bold><ext-link ext-link-type="uri" xlink:href="kdorman@iastate.edu">kdorman@iastate.edu</ext-link></p><p><bold>Supplementary information:</bold> See <ext-link ext-link-type="uri" xlink:href="http://www.biomath.org/mlegp">http://www.biomath.org/mlegp</ext-link> for a user manual and examples.</p></abstract></article-meta></front></article>