<article xmlns="https://jats.nlm.nih.gov/ns/archiving/1.2/" xmlns:xsi="http://www.w3.org/2001/XMLSchema-instance" xmlns:mml="http://www.w3.org/1998/Math/MathML" xmlns:xlink="http://www.w3.org/1999/xlink" xsi:schemaLocation="https://jats.nlm.nih.gov/ns/archiving/1.2/ https://jats.nlm.nih.gov/archiving/1.2/xsd/JATS-archivearticle1.xsd" article-type="research-article"><front><journal-meta><journal-id journal-id-type="nlm-ta">Bioinformatics</journal-id><journal-id journal-id-type="publisher-id">bioinformatics</journal-id><journal-id journal-id-type="hwp">bioinfo</journal-id><journal-title-group><journal-title>Bioinformatics</journal-title></journal-title-group><issn pub-type="ppub">1367-4803</issn><issn pub-type="epub">1460-2059</issn><publisher><publisher-name>Oxford University Press</publisher-name></publisher></journal-meta><article-meta><article-id pub-id-type="accession">PMC2718668</article-id><article-id pub-id-type="pmcid">PMC2718668</article-id><article-id pub-id-type="pmc-uid">2718668</article-id><article-id pub-id-type="pmid">18467347</article-id><article-id pub-id-type="pmid">18467347</article-id><article-id pub-id-type="doi">10.1093/bioinformatics/btn210</article-id><article-id pub-id-type="publisher-id">btn210</article-id><article-categories><subj-group subj-group-type="heading"><subject>Original Papers</subject><subj-group><subject>Data and Text Mining</subject></subj-group></subj-group></article-categories><title-group><article-title>Microbial genotype–phenotype mapping by class association rule mining</article-title></title-group><contrib-group><contrib contrib-type="author"><name><surname>Tamura</surname><given-names>Makio</given-names></name><xref ref-type="corresp" rid="COR1">*</xref><xref ref-type="author-notes" rid="FN1"><sup>†</sup></xref></contrib><contrib contrib-type="author"><name><surname>D'haeseleer</surname><given-names>Patrik</given-names></name></contrib></contrib-group><aff>Lawrence Livermore National Laboratory, Computing Applications and Research Department/Chemistry, Materials, Earth and Life Sciences Department, Microbial Systems Biology Group, Livermore, CA 94550, USA</aff><author-notes><fn><p>Associate Editor: Jonathan Wren</p></fn><corresp id="COR1">*To whom correspondence should be addressed.</corresp><fn id="FN1"><p><sup>†</sup>Present address: Procter &amp; Gamble Co., Miami Valley Innovation Center, Cincinnati, OH 45253-8707.</p></fn></author-notes><pub-date pub-type="ppub"><day>1</day><month>7</month><year>2008</year></pub-date><pub-date pub-type="epub"><day>8</day><month>5</month><year>2008</year></pub-date><pub-date pub-type="pmc-release"><day>8</day><month>5</month><year>2008</year></pub-date><!-- PMC Release delay is 0 months and 0 days and was based on the
							<pub-date pub-type="epub"/>. --><volume>24</volume><issue>13</issue><fpage>1523</fpage><lpage>1529</lpage><history><date date-type="received"><day>8</day><month>10</month><year>2007</year></date><date date-type="rev-recd"><day>28</day><month>2</month><year>2008</year></date><date date-type="accepted"><day>26</day><month>4</month><year>2008</year></date></history><permissions><copyright-statement>© 2008 The Author(s)</copyright-statement><copyright-year>2008</copyright-year><license license-type="creative-commons" xlink:href="http://creativecommons.org/licenses/by-nc/2.0/uk/"><license-p><!--CREATIVE COMMONS-->This is an Open Access article distributed under the terms of the Creative Commons Attribution Non-Commercial License (<ext-link ext-link-type="uri" xlink:href="http://creativecommons.org/licenses/by-nc/2.0/uk/">http://creativecommons.org/licenses/by-nc/2.0/uk/</ext-link>) which permits unrestricted non-commercial use, distribution, and reproduction in any medium, provided the original work is properly cited.</license-p></license></permissions><abstract><p><bold>Motivation:</bold> Microbial phenotypes are typically due to the concerted action of multiple gene functions, yet the presence of each gene may have only a weak correlation with the observed phenotype. Hence, it may be more appropriate to examine co-occurrence between sets of genes and a phenotype (multiple-to-one) instead of pairwise relations between a single gene and the phenotype. Here, we propose an efficient class association rule mining algorithm, <sc>net</sc>CAR, in order to extract sets of COGs (clusters of orthologous groups of proteins) associated with a phenotype from COG phylogenetic profiles and a phenotype profile. <sc>net</sc>CAR takes into account the phylogenetic co-occurrence graph between COGs to restrict hypothesis space, and uses mutual information to evaluate the biconditional relation.</p><p><bold>Results:</bold> We examined the mining capability of pairwise and multiple-to-one association by using <sc>net</sc>CAR to extract COGs relevant to six microbial phenotypes (aerobic, anaerobic, facultative, endospore, motility and Gram negative) from 11 969 unique COG profiles across 155 prokaryotic organisms. With the same level of false discovery rate, multiple-to-one association can extract about 10 times more relevant COGs than one-to-one association. We also reveal various topologies of association networks among COGs (modules) from extracted multiple-to-one correlation rules relevant with the six phenotypes; including a well-connected network for motility, a star-shaped network for aerobic and intermediate topologies for the other phenotypes. <sc>net</sc>CAR outperforms a standard CAR mining algorithm, CAR<sc>apriori</sc>, while requiring several orders of magnitude less computational time for extracting 3-COG sets.</p><p><bold>Availability:</bold> Source code of the Java implementation is available as Supplementary Material at the Bioinformatics online website, or upon request to the author.</p><p><bold>Contact:</bold><email>makio323@gmail.com</email></p><p><bold>Supplementary information:</bold><ext-link ext-link-type="uri" xlink:href="http://bioinformatics.oxfordjournals.org/cgi/content/full/btn210/DC1">Supplementary data</ext-link> are available at <italic>Bioinformatics</italic> online.</p></abstract></article-meta></front></article>