<article xmlns="https://dtd.nlm.nih.gov/ns/archiving/2.3/" xmlns:xsi="http://www.w3.org/2001/XMLSchema-instance" xmlns:mml="http://www.w3.org/1998/Math/MathML" xmlns:xlink="http://www.w3.org/1999/xlink" xsi:schemaLocation="https://dtd.nlm.nih.gov/ns/archiving/2.3/ https://dtd.nlm.nih.gov/archiving/2.3/xsd/archivearticle.xsd" article-type="research-article" xml:lang="EN"><front><journal-meta><journal-id journal-id-type="nlm-ta">Bioinformatics</journal-id><journal-id journal-id-type="publisher-id">bioinformatics</journal-id><journal-id journal-id-type="hwp">bioinfo</journal-id><journal-title>Bioinformatics</journal-title><issn pub-type="ppub">1367-4803</issn><issn pub-type="epub">1460-2059</issn><publisher><publisher-name>Oxford University Press</publisher-name></publisher></journal-meta><article-meta><article-id pub-id-type="accession">PMC2654806</article-id><article-id pub-id-type="pmcid">PMC2654806</article-id><article-id pub-id-type="pmc-uid">2654806</article-id><article-id pub-id-type="pmid">19218351</article-id><article-id pub-id-type="doi">10.1093/bioinformatics/btp028</article-id><article-id pub-id-type="publisher-id">btp028</article-id><article-categories><subj-group subj-group-type="heading"><subject>Original Papers</subject><subj-group><subject>Systems Biology</subject></subj-group></subj-group></article-categories><title-group><article-title>Gene network reconstruction from transcriptional dynamics under kinetic model uncertainty: a case for the second derivative</article-title></title-group><contrib-group><contrib contrib-type="author"><name><surname>Bickel</surname><given-names>David R.</given-names></name><xref ref-type="aff" rid="AFF1"><sup>1</sup></xref><xref ref-type="aff" rid="AFF1"><sup>2</sup></xref><xref ref-type="corresp" rid="COR1">*</xref></contrib><contrib contrib-type="author"><name><surname>Montazeri</surname><given-names>Zahra</given-names></name><xref ref-type="aff" rid="AFF1"><sup>2</sup></xref></contrib><contrib contrib-type="author"><name><surname>Hsieh</surname><given-names>Pei-Chun</given-names></name><xref ref-type="aff" rid="AFF1"><sup>3</sup></xref></contrib><contrib contrib-type="author"><name><surname>Beatty</surname><given-names>Mary</given-names></name><xref ref-type="aff" rid="AFF1"><sup>4</sup></xref></contrib><contrib contrib-type="author"><name><surname>Lawit</surname><given-names>Shai J.</given-names></name><xref ref-type="aff" rid="AFF1"><sup>4</sup></xref></contrib><contrib contrib-type="author"><name><surname>Bate</surname><given-names>Nicholas J.</given-names></name><xref ref-type="aff" rid="AFF1"><sup>4</sup></xref></contrib></contrib-group><aff id="AFF1"><sup>1</sup>Ottawa Institute of Systems Biology, <sup>2</sup>Department of Biochemistry, Microbiology, and Immunology, University of Ottawa, 451 Smyth Road, Ottawa, Ontario, ON K1H 8M5, Canada, <sup>3</sup>Graduate Institute of Systems Biology and Bioinformatics, National Central University, No. 300, Jhongda Road, Jhongli City, Taoyuan County 32001, Taiwan (R.O.C.) and <sup>4</sup>Pioneer Hi-Bred International, Inc., 7300 NW 62nd Avenue, PO Box 1004, Johnston, Iowa, IA 50131-1004, USA</aff><author-notes><corresp id="COR1">*To whom correspondence should be addressed.</corresp><fn><p>Associate Editor: Thomas Lengauer</p></fn></author-notes><pub-date pub-type="ppub"><day>15</day><month>3</month><year>2009</year></pub-date><pub-date pub-type="epub"><day>13</day><month>2</month><year>2009</year></pub-date><pub-date pub-type="pmc-release"><day>13</day><month>2</month><year>2009</year></pub-date><volume>25</volume><issue>6</issue><fpage>772</fpage><lpage>779</lpage><history><date date-type="received"><day>9</day><month>5</month><year>2008</year></date><date date-type="rev-recd"><day>4</day><month>12</month><year>2008</year></date><date date-type="accepted"><day>12</day><month>1</month><year>2009</year></date></history><permissions><copyright-statement>© 2009 The Author(s)</copyright-statement><copyright-year>2009</copyright-year><license license-type="creative-commons" xlink:href="http://creativecommons.org/licenses/by-nc/2.0/uk/"><p><!--CREATIVE COMMONS-->This is an Open Access article distributed under the terms of the Creative Commons Attribution Non-Commercial License (<ext-link ext-link-type="uri" xlink:href="http://creativecommons.org/licenses/by-nc/2.0/uk/">http://creativecommons.org/licenses/by-nc/2.0/uk/</ext-link>) which permits unrestricted non-commercial use, distribution, and reproduction in any medium, provided the original work is properly cited.</p></license></permissions><abstract><p><bold>Motivation:</bold> Measurements of gene expression over time enable the reconstruction of transcriptional networks. However, Bayesian networks and many other current reconstruction methods rely on assumptions that conflict with the differential equations that describe transcriptional kinetics. Practical approximations of kinetic models would enable inferring causal relationships between genes from expression data of microarray, tag-based and conventional platforms, but conclusions are sensitive to the assumptions made.</p><p><bold>Results:</bold> The representation of a sufficiently large portion of genome enables computation of an upper bound on how much confidence one may place in influences between genes on the basis of expression data. Information about which genes encode transcription factors is not necessary but may be incorporated if available. The methodology is generalized to cover cases in which expression measurements are missing for many of the genes that might control the transcription of the genes of interest. The assumption that the gene expression level is roughly proportional to the rate of translation led to better empirical performance than did either the assumption that the gene expression level is roughly proportional to the protein level or the Bayesian model average of both assumptions.</p><p><bold>Availability:</bold><ext-link ext-link-type="uri" xlink:href="http://www.oisb.ca">http://www.oisb.ca</ext-link> points to R code implementing the methods (R Development Core Team 2004).</p><p><bold>Contact:</bold><email>dbickel@uottawa.ca</email></p><p><bold>Supplementary information:</bold><ext-link ext-link-type="uri" xlink:href="http://www.davidbickel.com">http://www.davidbickel.com</ext-link></p></abstract></article-meta></front></article>