<article xmlns="https://dtd.nlm.nih.gov/ns/archiving/2.3/" xmlns:xsi="http://www.w3.org/2001/XMLSchema-instance" xmlns:mml="http://www.w3.org/1998/Math/MathML" xmlns:xlink="http://www.w3.org/1999/xlink" xsi:schemaLocation="https://dtd.nlm.nih.gov/ns/archiving/2.3/ https://dtd.nlm.nih.gov/archiving/2.3/xsd/archivearticle.xsd" article-type="research-article" xml:lang="EN"><front><journal-meta><journal-id journal-id-type="nlm-ta">Bioinformatics</journal-id><journal-id journal-id-type="publisher-id">bioinformatics</journal-id><journal-id journal-id-type="hwp">bioinfo</journal-id><journal-title>Bioinformatics</journal-title><issn pub-type="ppub">1367-4803</issn><issn pub-type="epub">1460-2059</issn><publisher><publisher-name>Oxford University Press</publisher-name></publisher></journal-meta><article-meta><article-id pub-id-type="accession">PMC2687967</article-id><article-id pub-id-type="pmcid">PMC2687967</article-id><article-id pub-id-type="pmc-uid">2687967</article-id><article-id pub-id-type="pmid">19477979</article-id><article-id pub-id-type="doi">10.1093/bioinformatics/btp213</article-id><article-id pub-id-type="publisher-id">btp213</article-id><article-categories><subj-group subj-group-type="heading"><subject>Ismb/Eccb 2009 Conference Proceedings June 27 to July 2, 2009, Stockholm, Sweden</subject><subj-group><subject>Original Papers</subject><subj-group><subject>Gene Regulation and Transcriptomics</subject></subj-group></subj-group></subj-group></article-categories><title-group><article-title>Predicting functionality of protein–DNA interactions by integrating diverse evidence</article-title></title-group><contrib-group><contrib contrib-type="author"><name><surname>Ucar</surname><given-names>Duygu</given-names></name><xref ref-type="aff" rid="AFF1"><sup>1</sup></xref><xref ref-type="aff" rid="AFF1"><sup>2</sup></xref></contrib><contrib contrib-type="author"><name><surname>Beyer</surname><given-names>Andreas</given-names></name><xref ref-type="aff" rid="AFF1"><sup>3</sup></xref></contrib><contrib contrib-type="author"><name><surname>Parthasarathy</surname><given-names>Srinivasan</given-names></name><xref ref-type="aff" rid="AFF1"><sup>1</sup></xref></contrib><contrib contrib-type="author"><name><surname>Workman</surname><given-names>Christopher T.</given-names></name><xref ref-type="aff" rid="AFF1"><sup>2</sup></xref><xref ref-type="corresp" rid="COR1">*</xref></contrib></contrib-group><aff id="AFF1"><sup>1</sup>Department of Computer Science and Engineering, The Ohio State University, Columbus, OH, USA, <sup>2</sup>Department of Systems Biology, Center for Biological Sequence Analysis, Technical University of Denmark, Lyngby Denmark and <sup>3</sup>Biotechnology Center, TU Dresden, 01062 Dresden, Germany</aff><author-notes><corresp id="COR1">*To whom correspondence should be addressed.</corresp></author-notes><pub-date pub-type="ppub"><day>15</day><month>6</month><year>2009</year></pub-date><pub-date pub-type="epub"><day>27</day><month>5</month><year>2009</year></pub-date><pub-date pub-type="pmc-release"><day>27</day><month>5</month><year>2009</year></pub-date><!-- PMC Release delay is 0 months and 0 days and was based on the
			<pub-date pub-type="epub"/>. --><volume>25</volume><issue>12</issue><fpage>i137</fpage><lpage>i144</lpage><permissions><copyright-statement>© 2009 The Author(s)</copyright-statement><copyright-year>2009</copyright-year><license license-type="creative-commons" xlink:href="http://creativecommons.org/licenses/by-nc/2.0/uk/"><p><!--CREATIVE COMMONS-->This is an Open Access article distributed under the terms of the Creative Commons Attribution Non-Commercial License (<ext-link ext-link-type="uri" xlink:href="http://creativecommons.org/licenses/by-nc/2.0/uk/">http://creativecommons.org/licenses/by-nc/2.0/uk/</ext-link>) which permits unrestricted non-commercial use, distribution, and reproduction in any medium, provided the original work is properly cited.</p></license></permissions><abstract><p>Chromatin immunoprecipitation (ChIP-chip) experiments enable capturing physical interactions between regulatory proteins and DNA <italic>in vivo</italic>. However, measurement of chromatin binding alone is not sufficient to detect regulatory interactions. A detected binding event may not be biologically relevant, or a known regulatory interaction might not be observed under the growth conditions tested so far. To correctly identify physical interactions between transcription factors (TFs) and genes and to determine their regulatory implications under various experimental conditions, we integrated ChIP-chip data with motif binding sites, nucleosome occupancy and mRNA expression datasets within a probabilistic framework. This framework was specifically tailored for the identification of functional and non-functional DNA binding events. Using this, we estimate that only 50% of condition-specific protein–DNA binding in budding yeast is functional. We further investigated the molecular factors determining the functionality of protein–DNA interactions under diverse growth conditions. Our analysis suggests that the functionality of binding is highly condition-specific and highly dependent on the presence of specific cofactors. Hence, the joint analysis of both, functional and non-functional DNA binding, may lend important new insights into transcriptional regulation.</p><p><bold>Contact:</bold><email>workman@cbs.dtu.dk</email></p></abstract></article-meta></front></article>