<article xmlns="https://dtd.nlm.nih.gov/ns/archiving/2.3/" xmlns:xsi="http://www.w3.org/2001/XMLSchema-instance" xmlns:mml="http://www.w3.org/1998/Math/MathML" xmlns:xlink="http://www.w3.org/1999/xlink" xsi:schemaLocation="https://dtd.nlm.nih.gov/ns/archiving/2.3/ https://dtd.nlm.nih.gov/archiving/2.3/xsd/archivearticle.xsd" article-type="research-article" xml:lang="EN"><front><journal-meta><journal-id journal-id-type="nlm-ta">Bioinformatics</journal-id><journal-id journal-id-type="publisher-id">bioinformatics</journal-id><journal-id journal-id-type="hwp">bioinfo</journal-id><journal-title>Bioinformatics</journal-title><issn pub-type="ppub">1367-4803</issn><issn pub-type="epub">1460-2059</issn><publisher><publisher-name>Oxford University Press</publisher-name></publisher></journal-meta><article-meta><article-id pub-id-type="accession">PMC2427162</article-id><article-id pub-id-type="pmcid">PMC2427162</article-id><article-id pub-id-type="pmc-uid">2427162</article-id><article-id pub-id-type="pmid">18445605</article-id><article-id pub-id-type="doi">10.1093/bioinformatics/btn208</article-id><article-id pub-id-type="publisher-id">btn208</article-id><article-id pub-id-type="pmid">18445605</article-id><article-categories><subj-group subj-group-type="heading"><subject>Applications Notes</subject><subj-group><subject>Systems Biology</subject></subj-group></subj-group></article-categories><title-group><article-title>Cytoscape ESP: simple search of complex biological networks</article-title></title-group><contrib-group><contrib contrib-type="author"><name><surname>Ashkenazi</surname><given-names>Maital</given-names></name><xref ref-type="aff" rid="AFF1"><sup>1</sup></xref><xref ref-type="corresp" rid="COR1">*</xref></contrib><contrib contrib-type="author"><name><surname>Bader</surname><given-names>Gary D.</given-names></name><xref ref-type="aff" rid="AFF1"><sup>2</sup></xref></contrib><contrib contrib-type="author"><name><surname>Kuchinsky</surname><given-names>Allan</given-names></name><xref ref-type="aff" rid="AFF1"><sup>3</sup></xref></contrib><contrib contrib-type="author"><name><surname>Moshelion</surname><given-names>Menachem</given-names></name><xref ref-type="aff" rid="AFF1"><sup>1</sup></xref></contrib><contrib contrib-type="author"><name><surname>States</surname><given-names>David J.</given-names></name><xref ref-type="aff" rid="AFF1"><sup>4</sup></xref></contrib></contrib-group><aff id="AFF1"><sup>1</sup>Robert H. Smith Institute of Plant Sciences and Genetics in Agriculture, Hebrew University of Jerusalem, Rehovot, Israel, <sup>2</sup>Terrence Donnelly Centre for Cellular and Biomolecular Research, University of Toronto, Toronto, ON, Canada, <sup>3</sup>Agilent Technologies, Santa Clara, CA and <sup>4</sup>Center for Computational Medicine and Biology, University of Michigan, Ann Arbor, MI, USA</aff><author-notes><fn><p>Associate Editor: Trey Ideker</p></fn><corresp id="COR1">*To whom correspondence should be addressed.</corresp></author-notes><pub-date pub-type="ppub"><day>15</day><month>6</month><year>2008</year></pub-date><pub-date pub-type="epub"><day>28</day><month>4</month><year>2008</year></pub-date><pub-date pub-type="pmc-release"><day>28</day><month>4</month><year>2008</year></pub-date><volume>24</volume><issue>12</issue><fpage>1465</fpage><lpage>1466</lpage><history><date date-type="received"><day>14</day><month>11</month><year>2007</year></date><date date-type="rev-recd"><day>17</day><month>1</month><year>2008</year></date><date date-type="accepted"><day>23</day><month>4</month><year>2008</year></date></history><permissions><copyright-statement>© 2008 The Author(s)</copyright-statement><copyright-year>2008</copyright-year><license license-type="creative-commons" xlink:href="http://creativecommons.org/licenses/by-nc/2.0/uk/"><p><!--CREATIVE COMMONS-->This is an Open Access article distributed under the terms of the Creative Commons Attribution Non-Commercial License (<ext-link ext-link-type="uri" xlink:href="http://creativecommons.org/licenses/by-nc/2.0/uk/">http://creativecommons.org/licenses/by-nc/2.0/uk/</ext-link>) which permits unrestricted non-commercial use, distribution, and reproduction in any medium, provided the original work is properly cited.</p></license></permissions><abstract><p><bold>Summary:</bold> Cytoscape enhanced search plugin (ESP) enables searching complex biological networks on multiple attribute fields using logical operators and wildcards. Queries use an intuitive syntax and simple search line interface. ESP is implemented as a Cytoscape plugin and complements existing search functions in the Cytoscape network visualization and analysis software, allowing users to easily identify nodes, edges and subgraphs of interest, even for very large networks.</p><p><bold>Availabiity:</bold><ext-link ext-link-type="uri" xlink:href="http://chianti.ucsd.edu/cyto_web/plugins/">http://chianti.ucsd.edu/cyto_web/plugins/</ext-link></p><p><bold>Contact:</bold><email>ashkenaz@agri.huji.ac.il</email></p></abstract></article-meta></front></article>