<article xmlns="https://dtd.nlm.nih.gov/ns/archiving/2.3/" xmlns:xsi="http://www.w3.org/2001/XMLSchema-instance" xmlns:mml="http://www.w3.org/1998/Math/MathML" xmlns:xlink="http://www.w3.org/1999/xlink" xsi:schemaLocation="https://dtd.nlm.nih.gov/ns/archiving/2.3/ https://dtd.nlm.nih.gov/archiving/2.3/xsd/archivearticle.xsd" article-type="research-article" xml:lang="EN"><front><journal-meta><journal-id journal-id-type="nlm-ta">Bioinformatics</journal-id><journal-id journal-id-type="publisher-id">bioinformatics</journal-id><journal-id journal-id-type="hwp">bioinfo</journal-id><journal-title>Bioinformatics</journal-title><issn pub-type="ppub">1367-4803</issn><issn pub-type="epub">1460-2059</issn><publisher><publisher-name>Oxford University Press</publisher-name></publisher></journal-meta><article-meta><article-id pub-id-type="accession">PMC2387219</article-id><article-id pub-id-type="pmcid">PMC2387219</article-id><article-id pub-id-type="pmc-uid">2387219</article-id><article-id pub-id-type="pmid">18430742</article-id><article-id pub-id-type="doi">10.1093/bioinformatics/btn132</article-id><article-id pub-id-type="publisher-id">btn132</article-id><article-id pub-id-type="pmid">18430742</article-id><article-categories><subj-group subj-group-type="heading"><subject>Applications Notes</subject><subj-group><subject>Structural Bioinformatics</subject></subj-group></subj-group></article-categories><title-group><article-title>OnD-CRF: predicting order and disorder in proteins conditional random fields</article-title></title-group><contrib-group><contrib contrib-type="author"><name><surname>Wang</surname><given-names>Lixiao</given-names></name></contrib><contrib contrib-type="author"><name><surname>Sauer</surname><given-names>Uwe H.</given-names></name><xref ref-type="corresp" rid="COR1">*</xref></contrib></contrib-group><aff>Umeå Centre for Molecular Pathogenesis, UCMP, and Centre for Chemical Biology, KBC, Umeå University, SE-901 87 Umeå, Sweden</aff><author-notes><corresp id="COR1">*To whom correspondence should be addressed.</corresp><fn><p>Associate Editor: Alfonso Valencia</p></fn></author-notes><pub-date pub-type="ppub"><day>1</day><month>6</month><year>2008</year></pub-date><pub-date pub-type="epub"><day>21</day><month>4</month><year>2008</year></pub-date><pub-date pub-type="pmc-release"><day>21</day><month>4</month><year>2008</year></pub-date><volume>24</volume><issue>11</issue><fpage>1401</fpage><lpage>1402</lpage><history><date date-type="received"><day>12</day><month>12</month><year>2007</year></date><date date-type="rev-recd"><day>6</day><month>4</month><year>2008</year></date><date date-type="accepted"><day>8</day><month>4</month><year>2008</year></date></history><permissions><copyright-statement>© 2008 The Author(s)</copyright-statement><copyright-year>2008</copyright-year><license license-type="creative-commons" xlink:href="http://creativecommons.org/licenses/by-nc/2.0/uk/"><p><!--CREATIVE COMMONS-->This is an Open Access article distributed under the terms of the Creative Commons Attribution Non-Commercial License (<ext-link ext-link-type="uri" xlink:href="http://creativecommons.org/licenses/by-nc/2.0/uk/">http://creativecommons.org/licenses/by-nc/2.0/uk/</ext-link>) which permits unrestricted non-commercial use, distribution, and reproduction in any medium, provided the original work is properly cited.</p></license></permissions><abstract><p><bold>Motivation:</bold> Order and Disorder prediction using Conditional Random Fields (OnD-CRF) is a new method for accurately predicting the transition between structured and mobile or disordered regions in proteins. OnD-CRF applies CRFs relying on features which are generated from the amino acids sequence and from secondary structure prediction. Benchmarking results based on CASP7 targets, and evaluation with respect to several CASP criteria, rank the OnD-CRF model highest among the fully automatic server group.</p><p><bold>Availability:</bold><ext-link ext-link-type="uri" xlink:href="http://babel.ucmp.umu.se/ond-crf/">http://babel.ucmp.umu.se/ond-crf/</ext-link></p><p><bold>Contact:</bold><email>Uwe.Sauer@ucmp.umu.se</email></p></abstract></article-meta></front></article>