<article xmlns="https://jats.nlm.nih.gov/ns/archiving/1.2/" xmlns:xsi="http://www.w3.org/2001/XMLSchema-instance" xmlns:mml="http://www.w3.org/1998/Math/MathML" xmlns:xlink="http://www.w3.org/1999/xlink" xsi:schemaLocation="https://jats.nlm.nih.gov/ns/archiving/1.2/ https://jats.nlm.nih.gov/archiving/1.2/xsd/JATS-archivearticle1.xsd" article-type="research-article"><front><journal-meta><journal-id journal-id-type="nlm-ta">Bioinformatics</journal-id><journal-id journal-id-type="publisher-id">bioinformatics</journal-id><journal-id journal-id-type="hwp">bioinfo</journal-id><journal-title-group><journal-title>Bioinformatics</journal-title></journal-title-group><issn pub-type="ppub">1367-4803</issn><issn pub-type="epub">1460-2059</issn><publisher><publisher-name>Oxford University Press</publisher-name></publisher></journal-meta><article-meta><article-id pub-id-type="accession">PMC2530888</article-id><article-id pub-id-type="pmcid">PMC2530888</article-id><article-id pub-id-type="pmc-uid">2530888</article-id><article-id pub-id-type="pmid">18614583</article-id><article-id pub-id-type="pmid">18614583</article-id><article-id pub-id-type="doi">10.1093/bioinformatics/btn350</article-id><article-id pub-id-type="publisher-id">btn350</article-id><article-categories><subj-group subj-group-type="heading"><subject>Original Papers</subject><subj-group><subject>Systems Biology</subject></subj-group></subj-group></article-categories><title-group><article-title>Dynamical modeling and multi-experiment fitting with PottersWheel</article-title></title-group><contrib-group><contrib contrib-type="author"><name><surname>Maiwald</surname><given-names>Thomas</given-names></name><xref ref-type="aff" rid="AFF1"><sup>1</sup></xref><xref ref-type="aff" rid="AFF1"><sup>2</sup></xref><xref ref-type="corresp" rid="COR1">*</xref></contrib><contrib contrib-type="author"><name><surname>Timmer</surname><given-names>Jens</given-names></name><xref ref-type="aff" rid="AFF1"><sup>1</sup></xref><xref ref-type="aff" rid="AFF1"><sup>2</sup></xref></contrib></contrib-group><aff id="AFF1"><sup>1</sup>Freiburg Center for Data Analysis and Modeling, Freiburg University, Eckerstr. 1, 79104 Freiburg and <sup>2</sup>Institute of Physics, Freiburg University, Hermann Herder Str. 3, 79104 Freiburg, Germany</aff><author-notes><corresp id="COR1"><sup>*</sup>To whom correspondence should be addressed</corresp><fn><p>Associate Editor: Olga Troyanskaya</p></fn></author-notes><pub-date pub-type="ppub"><day>15</day><month>9</month><year>2008</year></pub-date><pub-date pub-type="epub"><day>9</day><month>7</month><year>2008</year></pub-date><pub-date pub-type="pmc-release"><day>9</day><month>7</month><year>2008</year></pub-date><!-- PMC Release delay is 0 months and 0 days and was based on the
							<pub-date pub-type="epub"/>. --><volume>24</volume><issue>18</issue><fpage>2037</fpage><lpage>2043</lpage><history><date date-type="received"><day>7</day><month>2</month><year>2008</year></date><date date-type="rev-recd"><day>10</day><month>6</month><year>2008</year></date><date date-type="accepted"><day>8</day><month>7</month><year>2008</year></date></history><permissions><copyright-statement>© 2008 The Author(s)</copyright-statement><copyright-year>2008</copyright-year><license license-type="creative-commons" xlink:href="http://creativecommons.org/licenses/by-nc/2.0/uk/"><license-p><!--CREATIVE COMMONS-->This is an Open Access article distributed under the terms of the Creative Commons Attribution Non-Commercial License (<ext-link ext-link-type="uri" xlink:href="http://creativecommons.org/licenses/by-nc/2.0/uk/">http://creativecommons.org/licenses/by-nc/2.0/uk/</ext-link>) which permits unrestricted non-commercial use, distribution, and reproduction in any medium, provided the original work is properly cited.</license-p></license></permissions><abstract><p><bold>Motivation:</bold> Modelers in Systems Biology need a flexible framework that allows them to easily create new dynamic models, investigate their properties and fit several experimental datasets simultaneously. <italic>Multi-experiment-fitting</italic> is a powerful approach to estimate parameter values, to check the validity of a given model, and to discriminate competing model hypotheses. It requires high-performance integration of ordinary differential equations and robust optimization.</p><p><bold>Results:</bold> We here present the comprehensive modeling framework <italic>Potters-Wheel</italic> (PW) including novel functionalities to satisfy these requirements with strong emphasis on the <italic>inverse problem</italic>, i.e. data-based modeling of partially observed and noisy systems like signal transduction pathways and metabolic networks. PW is designed as a MATLAB toolbox and includes numerous user interfaces. Deterministic and stochastic optimization routines are combined by fitting in logarithmic parameter space allowing for robust parameter calibration. Model investigation includes statistical tests for model-data-compliance, model discrimination, identifiability analysis and calculation of Hessian- and Monte-Carlo-based parameter confidence limits. A rich application programming interface is available for customization within own MATLAB code. Within an extensive performance analysis, we identified and significantly improved an integrator–optimizer pair which decreases the fitting duration for a realistic benchmark model by a factor over 3000 compared to MATLAB with optimization toolbox.</p><p><bold>Availability:</bold> PottersWheel is freely available for academic usage at <ext-link ext-link-type="uri" xlink:href="http://www.PottersWheel.de/">http://www.PottersWheel.de/</ext-link>. The website contains a detailed documentation and introductory videos. The program has been intensively used since 2005 on Windows, Linux and Macintosh computers and does not require special MATLAB toolboxes.</p><p><bold>Contact:</bold><email>maiwald@fdm.uni-freiburg.de</email></p><p><bold>Supplementary information:</bold><ext-link ext-link-type="uri" xlink:href="http://bioinformatics.oxfordjournals.org/cgi/content/full/btn350/DC1">Supplementary data</ext-link> are available at <italic>Bioinformatics</italic> online.</p></abstract></article-meta></front></article>