<article xmlns="https://jats.nlm.nih.gov/ns/archiving/1.2/" xmlns:xsi="http://www.w3.org/2001/XMLSchema-instance" xmlns:mml="http://www.w3.org/1998/Math/MathML" xmlns:xlink="http://www.w3.org/1999/xlink" xsi:schemaLocation="https://jats.nlm.nih.gov/ns/archiving/1.2/ https://jats.nlm.nih.gov/archiving/1.2/xsd/JATS-archivearticle1.xsd" article-type="research-article"><front><journal-meta><journal-id journal-id-type="nlm-ta">Bioinformatics</journal-id><journal-id journal-id-type="publisher-id">bioinformatics</journal-id><journal-id journal-id-type="hwp">bioinfo</journal-id><journal-title-group><journal-title>Bioinformatics</journal-title></journal-title-group><issn pub-type="ppub">1367-4803</issn><issn pub-type="epub">1367-4811</issn><publisher><publisher-name>Oxford University Press</publisher-name></publisher></journal-meta><article-meta><article-id pub-id-type="accession">PMC2732316</article-id><article-id pub-id-type="pmcid">PMC2732316</article-id><article-id pub-id-type="pmc-uid">2732316</article-id><article-id pub-id-type="pmid">19389736</article-id><article-id pub-id-type="pmid">19389736</article-id><article-id pub-id-type="doi">10.1093/bioinformatics/btp275</article-id><article-id pub-id-type="publisher-id">btp275</article-id><article-categories><subj-group subj-group-type="heading"><subject>Original Papers</subject><subj-group><subject>Sequence Analysis</subject></subj-group></subj-group></article-categories><title-group><article-title>A practical algorithm for finding maximal exact matches in large sequence datasets using sparse suffix arrays</article-title></title-group><contrib-group><contrib contrib-type="author"><name><surname>Khan</surname><given-names>Zia</given-names></name><xref ref-type="aff" rid="AFF1"><sup>1</sup></xref><xref ref-type="aff" rid="AFF1"><sup>2</sup></xref><xref ref-type="corresp" rid="COR1">*</xref></contrib><contrib contrib-type="author"><name><surname>Bloom</surname><given-names>Joshua S.</given-names></name><xref ref-type="aff" rid="AFF1"><sup>2</sup></xref><xref ref-type="aff" rid="AFF1"><sup>3</sup></xref></contrib><contrib contrib-type="author"><name><surname>Kruglyak</surname><given-names>Leonid</given-names></name><xref ref-type="aff" rid="AFF1"><sup>2</sup></xref><xref ref-type="aff" rid="AFF1"><sup>4</sup></xref><xref ref-type="aff" rid="AFF1"><sup>5</sup></xref></contrib><contrib contrib-type="author"><name><surname>Singh</surname><given-names>Mona</given-names></name><xref ref-type="aff" rid="AFF1"><sup>1</sup></xref><xref ref-type="aff" rid="AFF1"><sup>2</sup></xref><xref ref-type="corresp" rid="COR1">*</xref></contrib></contrib-group><aff id="AFF1"><sup>1</sup>Department of Computer Science, <sup>2</sup>Lewis-Sigler Institute for Integrative Genomics, <sup>3</sup>Department of Molecular Biology, <sup>4</sup>Department of Ecology and Evoluationary Biology and <sup>5</sup>Howard Hughes Medical Institute, Princeton University, Princeton, New Jersey 08544, USA</aff><author-notes><corresp id="COR1">*To whom correspondence should be addressed.</corresp><fn><p>Associate Editor: John Quackenbush</p></fn></author-notes><pub-date pub-type="ppub"><day>1</day><month>7</month><year>2009</year></pub-date><pub-date pub-type="epub"><day>23</day><month>4</month><year>2009</year></pub-date><pub-date pub-type="pmc-release"><day>1</day><month>7</month><year>2010</year></pub-date><!-- PMC Release delay is 12 months and 0 days and was based on the
					<pub-date pub-type="ppub"/>. --><volume>25</volume><issue>13</issue><fpage>1609</fpage><lpage>1616</lpage><history><date date-type="received"><day>28</day><month>1</month><year>2009</year></date><date date-type="rev-recd"><day>3</day><month>3</month><year>2009</year></date><date date-type="accepted"><day>19</day><month>4</month><year>2009</year></date></history><permissions><copyright-statement>© The Author 2009. Published by Oxford University Press. All rights reserved. For Permissions, please email: journals.permissions@oxfordjournals.org</copyright-statement><copyright-year>2009</copyright-year></permissions><abstract><p><bold>Motivation:</bold> High-throughput sequencing technologies place ever increasing demands on existing algorithms for sequence analysis. Algorithms for computing maximal exact matches (MEMs) between sequences appear in two contexts where high-throughput sequencing will vastly increase the volume of sequence data: (i) seeding alignments of high-throughput reads for genome assembly and (ii) designating anchor points for genome–genome comparisons.</p><p><bold>Results:</bold> We introduce a new algorithm for finding MEMs. The algorithm leverages a sparse suffix array (SA), a text index that stores every <italic>K</italic>-th position of the text. In contrast to a full text index that stores every position of the text, a sparse SA occupies much less memory. Even though we use a sparse index, the output of our algorithm is the same as a full text index algorithm as long as the space between the indexed suffixes is not greater than a minimum length of a MEM. By relying on partial matches and additional text scanning between indexed positions, the algorithm trades memory for extra computation. The reduced memory usage makes it possible to determine MEMs between significantly longer sequences.</p><p><bold>Availability:</bold> Source code for the algorithm is available under a BSD open source license at <ext-link ext-link-type="uri" xlink:href="http://compbio.cs.princeton.edu/mems">http://compbio.cs.princeton.edu/mems</ext-link>. The implementation can serve as a drop-in replacement for the MEMs algorithm in MUMmer 3.</p><p><bold>Contact:</bold><email>zkhan@cs.princeton.edu</email>;<email>mona@cs.princeton.edu</email></p><p><bold>Supplementary information:</bold><ext-link ext-link-type="uri" xlink:href="http://bioinformatics.oxfordjournals.org/cgi/content/full/btp275/DC1">Supplementary data</ext-link> are available at <italic>Bioinformatics</italic> online.</p></abstract></article-meta></front></article>