<article xmlns="https://dtd.nlm.nih.gov/ns/archiving/2.3/" xmlns:xsi="http://www.w3.org/2001/XMLSchema-instance" xmlns:mml="http://www.w3.org/1998/Math/MathML" xmlns:xlink="http://www.w3.org/1999/xlink" xsi:schemaLocation="https://dtd.nlm.nih.gov/ns/archiving/2.3/ https://dtd.nlm.nih.gov/archiving/2.3/xsd/archivearticle.xsd" article-type="research-article" xml:lang="EN"><front><journal-meta><journal-id journal-id-type="nlm-ta">Bioinformatics</journal-id><journal-id journal-id-type="publisher-id">bioinformatics</journal-id><journal-id journal-id-type="hwp">bioinfo</journal-id><journal-title>Bioinformatics</journal-title><issn pub-type="ppub">1367-4803</issn><issn pub-type="epub">1460-2059</issn><publisher><publisher-name>Oxford University Press</publisher-name></publisher></journal-meta><article-meta><article-id pub-id-type="accession">PMC2660871</article-id><article-id pub-id-type="pmcid">PMC2660871</article-id><article-id pub-id-type="pmc-uid">2660871</article-id><article-id pub-id-type="pmid">19213740</article-id><article-id pub-id-type="doi">10.1093/bioinformatics/btp066</article-id><article-id pub-id-type="publisher-id">btp066</article-id><article-categories><subj-group subj-group-type="heading"><subject>Original Papers</subject><subj-group><subject>Systems Biology</subject></subj-group></subj-group></article-categories><title-group><article-title>Simulation of large-scale rule-based models</article-title></title-group><contrib-group><contrib contrib-type="author"><name><surname>Colvin</surname><given-names>Joshua</given-names></name><xref ref-type="aff" rid="AFF1"><sup>1</sup></xref></contrib><contrib contrib-type="author"><name><surname>Monine</surname><given-names>Michael I.</given-names></name><xref ref-type="aff" rid="AFF1"><sup>2</sup></xref></contrib><contrib contrib-type="author"><name><surname>Faeder</surname><given-names>James R.</given-names></name><xref ref-type="aff" rid="AFF1"><sup>3</sup></xref></contrib><contrib contrib-type="author"><name><surname>Hlavacek</surname><given-names>William S.</given-names></name><xref ref-type="aff" rid="AFF1"><sup>2</sup></xref><xref ref-type="aff" rid="AFF1"><sup>4</sup></xref></contrib><contrib contrib-type="author"><name><surname>Von Hoff</surname><given-names>Daniel D.</given-names></name><xref ref-type="aff" rid="AFF1"><sup>5</sup></xref></contrib><contrib contrib-type="author"><name><surname>Posner</surname><given-names>Richard G.</given-names></name><xref ref-type="aff" rid="AFF1"><sup>1</sup></xref><xref ref-type="aff" rid="AFF1"><sup>6</sup></xref><xref ref-type="corresp" rid="COR1">*</xref></contrib></contrib-group><aff id="AFF1"><sup>1</sup>Computational Biology Division, Translational Genomics Research Institute, Phoenix, AZ 85004, <sup>2</sup>Theoretical Division and Center for Nonlinear Studies, Los Alamos National Laboratory, Los Alamos, NM 87545, <sup>3</sup>Department of Computational Biology, University of Pittsburgh School of Medicine, Pittsburgh, PA 15260, <sup>4</sup>Department of Biology, University of New Mexico, Albuquerque, NM 87131, <sup>5</sup>Clinical Translational Research Division, Translational Genomics Research Institute, Phoenix, AZ 85004 and <sup>6</sup>Department of Biological Sciences, Northern Arizona University, Flagstaff, AZ 86011, USA</aff><author-notes><corresp id="COR1">*To whom correspondence should be addressed.</corresp><fn><p>Associate Editor: Olga Troyanskaya</p></fn></author-notes><pub-date pub-type="ppub"><day>1</day><month>4</month><year>2009</year></pub-date><pub-date pub-type="epub"><day>11</day><month>2</month><year>2009</year></pub-date><volume>25</volume><issue>7</issue><fpage>910</fpage><lpage>917</lpage><history><date date-type="received"><day>26</day><month>9</month><year>2008</year></date><date date-type="rev-recd"><day>13</day><month>1</month><year>2009</year></date><date date-type="accepted"><day>27</day><month>1</month><year>2009</year></date></history><permissions><copyright-statement>© The Author 2009. Published by Oxford University Press. All rights reserved. For Permissions, please email: journals.permissions@oxfordjournals.org</copyright-statement><copyright-year>2009</copyright-year></permissions><abstract><p><bold>Motivation:</bold> Interactions of molecules, such as signaling proteins, with multiple binding sites and/or multiple sites of post-translational covalent modification can be modeled using reaction rules. Rules comprehensively, but implicitly, define the individual chemical species and reactions that molecular interactions can potentially generate. Although rules can be automatically processed to define a biochemical reaction network, the network implied by a set of rules is often too large to generate completely or to simulate using conventional procedures. To address this problem, we present DYNSTOC, a general-purpose tool for simulating rule-based models.</p><p><bold>Results:</bold> DYNSTOC implements a null-event algorithm for simulating chemical reactions in a homogenous reaction compartment. The simulation method does not require that a reaction network be specified explicitly in advance, but rather takes advantage of the availability of the reaction rules in a rule-based specification of a network to determine if a randomly selected set of molecular components participates in a reaction during a time step. DYNSTOC reads reaction rules written in the BioNetGen language which is useful for modeling protein–protein interactions involved in signal transduction. The method of DYNSTOC is closely related to that of S<sc>toch</sc>S<sc>im</sc>. DYNSTOC differs from S<sc>toch</sc>S<sc>im</sc> by allowing for model specification in terms of BNGL, which extends the range of protein complexes that can be considered in a model. DYNSTOC enables the simulation of rule-based models that cannot be simulated by conventional methods. We demonstrate the ability of DYNSTOC to simulate models accounting for multisite phosphorylation and multivalent binding processes that are characterized by large numbers of reactions.</p><p><bold>Availability:</bold> DYNSTOC is free for non-commercial use. The C source code, supporting documentation and example input files are available at <ext-link ext-link-type="uri" xlink:href="http://public.tgen.org/dynstoc/">http://public.tgen.org/dynstoc/</ext-link>.</p><p><bold>Contact:</bold><email>dynstoc@tgen.org</email></p><p><bold>Supplementary information:</bold><ext-link ext-link-type="uri" xlink:href="http://bioinformatics.oxfordjournals.org/cgi/content/full/btp066/DC1">Supplementary data</ext-link> are available at <italic>Bioinformatics</italic> online.</p></abstract></article-meta></front></article>