<article xmlns="https://dtd.nlm.nih.gov/ns/archiving/2.3/" xmlns:xsi="http://www.w3.org/2001/XMLSchema-instance" xmlns:mml="http://www.w3.org/1998/Math/MathML" xmlns:xlink="http://www.w3.org/1999/xlink" xsi:schemaLocation="https://dtd.nlm.nih.gov/ns/archiving/2.3/ https://dtd.nlm.nih.gov/archiving/2.3/xsd/archivearticle.xsd" article-type="research-article" xml:lang="EN"><front><journal-meta><journal-id journal-id-type="nlm-ta">Bioinformatics</journal-id><journal-id journal-id-type="publisher-id">bioinformatics</journal-id><journal-id journal-id-type="hwp">bioinfo</journal-id><journal-title>Bioinformatics</journal-title><issn pub-type="ppub">1367-4803</issn><issn pub-type="epub">1460-2059</issn><publisher><publisher-name>Oxford University Press</publisher-name></publisher></journal-meta><article-meta><article-id pub-id-type="accession">PMC2572699</article-id><article-id pub-id-type="pmcid">PMC2572699</article-id><article-id pub-id-type="pmc-uid">2572699</article-id><article-id pub-id-type="pmid">18710874</article-id><article-id pub-id-type="doi">10.1093/bioinformatics/btn437</article-id><article-id pub-id-type="publisher-id">btn437</article-id><article-id pub-id-type="pmid">18710874</article-id><article-categories><subj-group subj-group-type="heading"><subject>Applications Note</subject><subj-group><subject>Systems Biology</subject></subj-group></subj-group></article-categories><title-group><article-title>Integrating expression data with domain interaction networks</article-title></title-group><contrib-group><contrib contrib-type="author"><name><surname>Emig</surname><given-names>Dorothea</given-names></name><xref ref-type="aff" rid="AFF1"><sup>1</sup></xref></contrib><contrib contrib-type="author"><name><surname>Cline</surname><given-names>Melissa S.</given-names></name><xref ref-type="aff" rid="AFF1"><sup>2</sup></xref></contrib><contrib contrib-type="author"><name><surname>Lengauer</surname><given-names>Thomas</given-names></name><xref ref-type="aff" rid="AFF1"><sup>1</sup></xref></contrib><contrib contrib-type="author"><name><surname>Albrecht</surname><given-names>Mario</given-names></name><xref ref-type="aff" rid="AFF1"><sup>1</sup></xref><xref ref-type="corresp" rid="COR1">*</xref></contrib></contrib-group><aff id="AFF1"><sup>1</sup>Department of Computational Biology and Applied Algorithmics, Max Planck Institute for Informatics, Campus E1.4, 66123 Saarbrücken, Germany and <sup>2</sup>Department of Molecular Cell and Developmental Biology, University of California, Santa Cruz, CA 95064, USA</aff><author-notes><corresp id="COR1">*To whom correspondence should be addressed.</corresp><fn><p>Associate Editor: Trey Ideker</p></fn></author-notes><pub-date pub-type="ppub"><day>1</day><month>11</month><year>2008</year></pub-date><pub-date pub-type="epub"><day>3</day><month>9</month><year>2008</year></pub-date><pub-date pub-type="pmc-release"><day>3</day><month>9</month><year>2008</year></pub-date><!-- PMC Release delay is 0 months and 0 days and was based on the
			<pub-date pub-type="epub"/>. --><volume>24</volume><issue>21</issue><fpage>2546</fpage><lpage>2548</lpage><history><date date-type="received"><day>24</day><month>4</month><year>2008</year></date><date date-type="rev-recd"><day>22</day><month>7</month><year>2008</year></date><date date-type="accepted"><day>15</day><month>8</month><year>2008</year></date></history><permissions><copyright-statement>© 2008 The Author(s)</copyright-statement><copyright-year>2008</copyright-year><license license-type="creative-commons" xlink:href="http://creativecommons.org/licenses/by-nc/2.0/uk/"><p><!--CREATIVE COMMONS-->This is an Open Access article distributed under the terms of the Creative Commons Attribution Non-Commercial License (<ext-link ext-link-type="uri" xlink:href="http://creativecommons.org/licenses/by-nc/2.0/uk/">http://creativecommons.org/licenses/by-nc/2.0/uk/</ext-link>) which permits unrestricted non-commercial use, distribution, and reproduction in any medium, provided the original work is properly cited.</p></license></permissions><abstract><p><bold>Summary:</bold> Recent studies have revealed that alternative splicing plays an important role in the observed protein and interaction diversity. Special microarrays allow for measuring gene expression at the exon level and thus for studying alternative transcripts and their corresponding protein domain architecture. We have developed the Cytoscape plugin DomainGraph that enables the visualization and detailed study of domain–domain interactions forming protein interaction networks. In addition, the integration of exon expression data supports the analysis of alternative splicing events and the characterization of their effects on the protein and domain interaction network. Different expression patterns between human tissues or cells can be identified by comparing the generated domain graphs.</p><p><bold>Availability:</bold> The plugin DomainGraph and the online documentation are available at <ext-link ext-link-type="uri" xlink:href="http://domaingraph.bioinf.mpi-inf.mpg.de">http://domaingraph.bioinf.mpi-inf.mpg.de</ext-link>.</p><p><bold>Contact:</bold><email>mario.albrecht@mpi-inf.mpg.de</email></p></abstract></article-meta></front></article>