<article xmlns="https://jats.nlm.nih.gov/ns/archiving/1.2/" xmlns:xsi="http://www.w3.org/2001/XMLSchema-instance" xmlns:mml="http://www.w3.org/1998/Math/MathML" xmlns:xlink="http://www.w3.org/1999/xlink" xsi:schemaLocation="https://jats.nlm.nih.gov/ns/archiving/1.2/ https://jats.nlm.nih.gov/archiving/1.2/xsd/JATS-archivearticle1.xsd" article-type="research-article"><front><journal-meta><journal-id journal-id-type="nlm-ta">Bioinformatics</journal-id><journal-id journal-id-type="publisher-id">bioinformatics</journal-id><journal-id journal-id-type="hwp">bioinfo</journal-id><journal-title-group><journal-title>Bioinformatics</journal-title></journal-title-group><issn pub-type="ppub">1367-4803</issn><issn pub-type="epub">1460-2059</issn><publisher><publisher-name>Oxford University Press</publisher-name></publisher></journal-meta><article-meta><article-id pub-id-type="accession">PMC2734322</article-id><article-id pub-id-type="pmcid">PMC2734322</article-id><article-id pub-id-type="pmc-uid">2734322</article-id><article-id pub-id-type="pmid">19561021</article-id><article-id pub-id-type="pmid">19561021</article-id><article-id pub-id-type="doi">10.1093/bioinformatics/btp390</article-id><article-id pub-id-type="publisher-id">btp390</article-id><article-categories><subj-group subj-group-type="heading"><subject>Original Papers</subject><subj-group><subject>Data and Text Mining</subject></subj-group></subj-group></article-categories><title-group><article-title>A genetic programming approach for <italic>Burkholderia Pseudomallei</italic> diagnostic pattern discovery</article-title></title-group><contrib-group><contrib contrib-type="author"><name><surname>Yang</surname><given-names>Zheng Rong</given-names></name><xref ref-type="aff" rid="AFF1"><sup>1</sup></xref><xref ref-type="corresp" rid="COR1">*</xref></contrib><contrib contrib-type="author"><name><surname>Lertmemongkolchai</surname><given-names>Ganjana</given-names></name><xref ref-type="aff" rid="AFF1"><sup>2</sup></xref></contrib><contrib contrib-type="author"><name><surname>Tan</surname><given-names>Gladys</given-names></name><xref ref-type="aff" rid="AFF1"><sup>3</sup></xref></contrib><contrib contrib-type="author"><name><surname>Felgner</surname><given-names>Philip L.</given-names></name><xref ref-type="aff" rid="AFF1"><sup>4</sup></xref></contrib><contrib contrib-type="author"><name><surname>Titball</surname><given-names>Richard</given-names></name><xref ref-type="aff" rid="AFF1"><sup>1</sup></xref></contrib></contrib-group><aff id="AFF1"><sup>1</sup> School of Biosciences, Hatherly building, Exeter EX4 4PS, University of Exeter, UK, <sup>2</sup> Centre for Research and Development of Medical Diagnostic Laboratories (CMDL), Faculty of Associated Medical Sciences, Department of Clinical Immunology, Khon Kaen University, Thailand, <sup>3</sup> Defence Medical &amp; Environmental Research Institute, DSO National Laboratories, 27 Medical Drive, #13-01, 117510 Singapore and <sup>4</sup> Center for Virus Research, University of California, Irvine, CA, USA</aff><author-notes><corresp id="COR1">* To whom correspondence should be addressed.</corresp><fn><p>Associate Editor: Jonathan Wren</p></fn></author-notes><pub-date pub-type="ppub"><day>1</day><month>9</month><year>2009</year></pub-date><pub-date pub-type="epub"><day>26</day><month>6</month><year>2009</year></pub-date><volume>25</volume><issue>17</issue><fpage>2256</fpage><lpage>2262</lpage><history><date date-type="received"><day>13</day><month>11</month><year>2008</year></date><date date-type="rev-recd"><day>10</day><month>5</month><year>2009</year></date><date date-type="accepted"><day>20</day><month>6</month><year>2009</year></date></history><permissions><copyright-statement>© The Author 2009. Published by Oxford University Press. All rights reserved. For Permissions, please email: journals.permissions@oxfordjournals.org</copyright-statement><copyright-year>2009</copyright-year></permissions><abstract><p><bold>Motivation:</bold> Finding diagnostic patterns for fighting diseases like <italic>Burkholderia pseudomallei</italic> using biomarkers involves two key issues. First, exhausting all subsets of testable biomarkers (antigens in this context) to find a best one is computationally infeasible. Therefore, a proper optimization approach like evolutionary computation should be investigated. Second, a properly selected function of the antigens as the diagnostic pattern which is commonly unknown is a key to the diagnostic accuracy and the diagnostic effectiveness in clinical use.</p><p><bold>Results:</bold> A conversion function is proposed to convert serum tests of antigens on patients to binary values based on which Boolean functions as the diagnostic patterns are developed. A genetic programming approach is designed for optimizing the diagnostic patterns in terms of their accuracy and effectiveness. During optimization, it is aimed to maximize the coverage (the rate of positive response to antigens) in the infected patients and minimize the coverage in the non-infected patients while maintaining the fewest number of testable antigens used in the Boolean functions as possible. The final coverage in the infected patients is 96.55% using 17 of 215 (7.4%) antigens with zero coverage in the non-infected patients. Among these 17 antigens, BPSL2697 is the most frequently selected one for the diagnosis of <italic>Burkholderia Pseudomallei</italic>. The approach has been evaluated using both the cross-validation and the Jack–knife simulation methods with the prediction accuracy as 93% and 92%, respectively. A novel approach is also proposed in this study to evaluate a model with binary data using ROC analysis.</p><p><bold>Contact:</bold><email>z.r.yang@ex.ac.uk</email></p></abstract></article-meta></front></article>