<article xmlns="https://dtd.nlm.nih.gov/ns/archiving/2.3/" xmlns:xsi="http://www.w3.org/2001/XMLSchema-instance" xmlns:mml="http://www.w3.org/1998/Math/MathML" xmlns:xlink="http://www.w3.org/1999/xlink" xsi:schemaLocation="https://dtd.nlm.nih.gov/ns/archiving/2.3/ https://dtd.nlm.nih.gov/archiving/2.3/xsd/archivearticle.xsd" article-type="research-article" xml:lang="EN"><front><journal-meta><journal-id journal-id-type="nlm-ta">Bioinformatics</journal-id><journal-id journal-id-type="publisher-id">bioinformatics</journal-id><journal-id journal-id-type="hwp">bioinfo</journal-id><journal-title>Bioinformatics</journal-title><issn pub-type="ppub">1367-4803</issn><issn pub-type="epub">1460-2059</issn><publisher><publisher-name>Oxford University Press</publisher-name></publisher></journal-meta><article-meta><article-id pub-id-type="accession">PMC2639272</article-id><article-id pub-id-type="pmcid">PMC2639272</article-id><article-id pub-id-type="pmc-uid">2639272</article-id><article-id pub-id-type="pmid">18849319</article-id><article-id pub-id-type="doi">10.1093/bioinformatics/btn502</article-id><article-id pub-id-type="publisher-id">btn502</article-id><article-id pub-id-type="pmid">18849319</article-id><article-categories><subj-group subj-group-type="heading"><subject>Original Papers</subject><subj-group><subject>Databases and Ontologies</subject></subj-group></subj-group></article-categories><title-group><article-title>A bioinformatics analysis of the cell line nomenclature</article-title></title-group><contrib-group><contrib contrib-type="author"><name><surname>Sarntivijai</surname><given-names>Sirarat</given-names></name><xref ref-type="aff" rid="AFF1"><sup>1</sup></xref></contrib><contrib contrib-type="author"><name><surname>Ade</surname><given-names>Alexander S.</given-names></name><xref ref-type="aff" rid="AFF1"><sup>1</sup></xref></contrib><contrib contrib-type="author"><name><surname>Athey</surname><given-names>Brian D.</given-names></name><xref ref-type="aff" rid="AFF1"><sup>1</sup></xref><xref ref-type="aff" rid="AFF1"><sup>2</sup></xref></contrib><contrib contrib-type="author"><name><surname>States</surname><given-names>David J.</given-names></name><xref ref-type="aff" rid="AFF1"><sup>1</sup></xref><xref ref-type="aff" rid="AFF1"><sup>3</sup></xref><xref ref-type="corresp" rid="COR1">*</xref></contrib></contrib-group><aff id="AFF1"><sup>1</sup>National Center for Integrative Biomedical Informatics and the Center for Computational Medicine and Biology, <sup>2</sup>Department of Psychiatry and <sup>3</sup>Department of Human Genetics, University of Michigan, Ann Arbor, MI 48109, USA</aff><author-notes><corresp id="COR1">*To whom correspondence should be addressed.</corresp><fn><p>Associate Editor: Alex Bateman</p></fn></author-notes><pub-date pub-type="ppub"><day>1</day><month>12</month><year>2008</year></pub-date><pub-date pub-type="epub"><day>10</day><month>10</month><year>2008</year></pub-date><volume>24</volume><issue>23</issue><fpage>2760</fpage><lpage>2766</lpage><history><date date-type="received"><day>26</day><month>3</month><year>2008</year></date><date date-type="rev-recd"><day>10</day><month>8</month><year>2008</year></date><date date-type="accepted"><day>19</day><month>9</month><year>2008</year></date></history><permissions><copyright-statement>© The Author 2008. Published by Oxford University Press. All rights reserved. For Permissions, please email: journals.permissions@oxfordjournals.org</copyright-statement><copyright-year>2008</copyright-year></permissions><abstract><p><bold>Motivation:</bold> Cell lines are used extensively in biomedical research, but the nomenclature describing cell lines has not been standardized. The problems are both linguistic and experimental. Many ambiguous cell line names appear in the published literature. Users of the same cell line may refer to it in different ways, and cell lines may mutate or become contaminated without the knowledge of the user. As a first step towards rationalizing this nomenclature, we created a cell line knowledgebase (CLKB) with a well-structured collection of names and descriptive data for cell lines cultured <italic>in vitro</italic>. The objectives of this work are: (i) to assist users in extracting useful information from biomedical text and (ii) to highlight the importance of standardizing cell line names in biomedical research. This CLKB contains a broad collection of cell line names compiled from ATCC, Hyper CLDB and MeSH. In addition to names, the knowledgebase specifies relationships between cell lines. We analyze the use of cell line names in biomedical text. Issues include ambiguous names, polymorphisms in the use of names and the fact that some cell line names are also common English words. Linguistic patterns associated with the occurrence of cell line names are analyzed. Applying these patterns to find additional cell line names in the literature identifies only a small number of additional names. Annotation of microarray gene expression studies is used as a test case. The CLKB facilitates data exploration and comparison of different cell lines in support of clinical and experimental research.</p><p><bold>Availability:</bold> The web ontology file for this cell line collection can be downloaded at <ext-link ext-link-type="uri" xlink:href="http://www.stateslab.org/data/celllineOntology/cellline.zip">http://www.stateslab.org/data/celllineOntology/cellline.zip</ext-link>.</p><p><bold>Contact:</bold><email>dstates@umich.edu</email></p><p><bold>Supplementary information:</bold><ext-link ext-link-type="uri" xlink:href="http://bioinformatics.oxfordjournals.org/cgi/content/full/btn502/DC1">Supplementary data</ext-link> are available at <italic>Bioinformatics</italic> online.</p></abstract></article-meta></front></article>