<article xmlns="https://dtd.nlm.nih.gov/ns/archiving/2.3/" xmlns:xsi="http://www.w3.org/2001/XMLSchema-instance" xmlns:mml="http://www.w3.org/1998/Math/MathML" xmlns:xlink="http://www.w3.org/1999/xlink" xsi:schemaLocation="https://dtd.nlm.nih.gov/ns/archiving/2.3/ https://dtd.nlm.nih.gov/archiving/2.3/xsd/archivearticle.xsd" article-type="research-article" xml:lang="EN"><front><journal-meta><journal-id journal-id-type="nlm-ta">Bioinformatics</journal-id><journal-id journal-id-type="publisher-id">bioinformatics</journal-id><journal-id journal-id-type="hwp">bioinfo</journal-id><journal-title>Bioinformatics</journal-title><issn pub-type="ppub">1367-4803</issn><issn pub-type="epub">1460-2059</issn><publisher><publisher-name>Oxford University Press</publisher-name></publisher></journal-meta><article-meta><article-id pub-id-type="accession">PMC2660875</article-id><article-id pub-id-type="pmcid">PMC2660875</article-id><article-id pub-id-type="pmc-uid">2660875</article-id><article-id pub-id-type="pmid">19213739</article-id><article-id pub-id-type="doi">10.1093/bioinformatics/btp080</article-id><article-id pub-id-type="publisher-id">btp080</article-id><article-categories><subj-group subj-group-type="heading"><subject>Original Papers</subject><subj-group><subject>Data and Text Mining</subject></subj-group></subj-group></article-categories><title-group><article-title>Enumeration of condition-dependent dense modules in protein interaction networks</article-title></title-group><contrib-group><contrib contrib-type="author"><name><surname>Georgii</surname><given-names>Elisabeth</given-names></name><xref ref-type="aff" rid="AFF1"><sup>1</sup></xref><xref ref-type="aff" rid="AFF1"><sup>2</sup></xref></contrib><contrib contrib-type="author"><name><surname>Dietmann</surname><given-names>Sabine</given-names></name><xref ref-type="aff" rid="AFF1"><sup>3</sup></xref></contrib><contrib contrib-type="author"><name><surname>Uno</surname><given-names>Takeaki</given-names></name><xref ref-type="aff" rid="AFF1"><sup>4</sup></xref></contrib><contrib contrib-type="author"><name><surname>Pagel</surname><given-names>Philipp</given-names></name><xref ref-type="aff" rid="AFF1"><sup>3</sup></xref></contrib><contrib contrib-type="author"><name><surname>Tsuda</surname><given-names>Koji</given-names></name><xref ref-type="aff" rid="AFF1"><sup>1</sup></xref><xref ref-type="corresp" rid="COR1">*</xref></contrib></contrib-group><aff id="AFF1"><sup>1</sup>Max Planck Institute for Biological Cybernetics, Tübingen, <sup>2</sup>Friedrich Miescher Laboratory of the Max Planck Society, Tübingen, Germany, <sup>3</sup>Institute for Bioinformatics and Systems Biology, Helmholtz Center Munich, Neuherberg, Germany and <sup>4</sup>National Institute of Informatics, Tokyo, Japan</aff><author-notes><corresp id="COR1">*To whom correspondence should be addressed.</corresp><fn><p>Associate Editor: Thomas Lengauer</p></fn></author-notes><pub-date pub-type="ppub"><day>1</day><month>4</month><year>2009</year></pub-date><pub-date pub-type="epub"><day>11</day><month>2</month><year>2009</year></pub-date><pub-date pub-type="pmc-release"><day>11</day><month>2</month><year>2009</year></pub-date><!-- PMC Release delay is 0 months and 0 days and was based on the
			<pub-date pub-type="epub"/>. --><volume>25</volume><issue>7</issue><fpage>933</fpage><lpage>940</lpage><history><date date-type="received"><day>26</day><month>5</month><year>2008</year></date><date date-type="rev-recd"><day>9</day><month>1</month><year>2009</year></date><date date-type="accepted"><day>6</day><month>2</month><year>2009</year></date></history><permissions><copyright-statement>© 2009 The Author(s)</copyright-statement><copyright-year>2009</copyright-year><license license-type="creative-commons" xlink:href="http://creativecommons.org/licenses/by-nc/2.0/uk/"><p><!--CREATIVE COMMONS-->This is an Open Access article distributed under the terms of the Creative Commons Attribution Non-Commercial License (<ext-link ext-link-type="uri" xlink:href="http://creativecommons.org/licenses/by-nc/2.0/uk/">http://creativecommons.org/licenses/by-nc/2.0/uk/</ext-link>) which permits unrestricted non-commercial use, distribution, and reproduction in any medium, provided the original work is properly cited.</p></license></permissions><abstract><p><bold>Motivation:</bold> Modern systems biology aims at understanding how the different molecular components of a biological cell interact. Often, cellular functions are performed by complexes consisting of many different proteins. The composition of these complexes may change according to the cellular environment, and one protein may be involved in several different processes. The automatic discovery of functional complexes from protein interaction data is challenging. While previous approaches use approximations to extract dense modules, our approach exactly solves the problem of dense module enumeration. Furthermore, constraints from additional information sources such as gene expression and phenotype data can be integrated, so we can systematically mine for dense modules with interesting profiles.</p><p><bold>Results:</bold> Given a weighted protein interaction network, our method discovers all protein sets that satisfy a user-defined minimum density threshold. We employ a reverse search strategy, which allows us to exploit the density criterion in an efficient way. Our experiments show that the novel approach is feasible and produces biologically meaningful results. In comparative validation studies using yeast data, the method achieved the best overall prediction performance with respect to confirmed complexes. Moreover, by enhancing the yeast network with phenotypic and phylogenetic profiles and the human network with tissue-specific expression data, we identified condition-dependent complex variants.</p><p><bold>Availability:</bold> A C++ implementation of the algorithm is available at <ext-link ext-link-type="uri" xlink:href="http://www.kyb.tuebingen.mpg.de/~georgii/dme.html">http://www.kyb.tuebingen.mpg.de/~georgii/dme.html</ext-link>.</p><p><bold>Contact:</bold><email>koji.tsuda@tuebingen.mpg.de</email></p><p><bold>Supplementary information:</bold><ext-link ext-link-type="uri" xlink:href="http://bioinformatics.oxfordjournals.org/cgi/content/full/btp080/DC1">Supplementary data</ext-link> are available at <italic>Bioinformatics</italic> online.</p></abstract></article-meta></front></article>