<article xmlns="https://jats.nlm.nih.gov/ns/archiving/1.2/" xmlns:xsi="http://www.w3.org/2001/XMLSchema-instance" xmlns:mml="http://www.w3.org/1998/Math/MathML" xmlns:xlink="http://www.w3.org/1999/xlink" xsi:schemaLocation="https://jats.nlm.nih.gov/ns/archiving/1.2/ https://jats.nlm.nih.gov/archiving/1.2/xsd/JATS-archivearticle1.xsd" article-type="research-article"><front><journal-meta><journal-id journal-id-type="nlm-ta">Bioinformatics</journal-id><journal-id journal-id-type="publisher-id">bioinformatics</journal-id><journal-id journal-id-type="hwp">bioinfo</journal-id><journal-title-group><journal-title>Bioinformatics</journal-title></journal-title-group><issn pub-type="ppub">1367-4803</issn><issn pub-type="epub">1460-2059</issn><publisher><publisher-name>Oxford University Press</publisher-name></publisher></journal-meta><article-meta><article-id pub-id-type="accession">PMC2718631</article-id><article-id pub-id-type="pmcid">PMC2718631</article-id><article-id pub-id-type="pmc-uid">2718631</article-id><article-id pub-id-type="pmid">18586709</article-id><article-id pub-id-type="pmid">18586709</article-id><article-id pub-id-type="doi">10.1093/bioinformatics/btn153</article-id><article-id pub-id-type="publisher-id">btn153</article-id><article-categories><subj-group subj-group-type="heading"><subject>Ismb 2008 Conference Proceedings 19–23 July 2008, Toronto</subject><subj-group><subject>Original Papers</subject><subj-group><subject>Gene Regulation and Transcriptomics</subject></subj-group></subj-group></subj-group></article-categories><title-group><article-title>Inferring differentiation pathways from gene expression</article-title></title-group><contrib-group><contrib contrib-type="author"><name><surname>Costa</surname><given-names>Ivan G.</given-names></name><xref ref-type="corresp" rid="COR1">*</xref></contrib><contrib contrib-type="author"><name><surname>Roepcke</surname><given-names>Stefan</given-names></name></contrib><contrib contrib-type="author"><name><surname>Hafemeister</surname><given-names>Christoph</given-names></name></contrib><contrib contrib-type="author"><name><surname>Schliep</surname><given-names>Alexander</given-names></name><xref ref-type="corresp" rid="COR1">*</xref></contrib></contrib-group><aff>Department of Computational Molecular Biology, Max Planck Institute for Molecular Genetics, Berlin, Germany</aff><author-notes><corresp id="COR1">*To whom correspondence should be addressed.</corresp></author-notes><pub-date pub-type="ppub"><day>1</day><month>7</month><year>2008</year></pub-date><pub-date pub-type="pmc-release"><day>1</day><month>7</month><year>2008</year></pub-date><!-- PMC Release delay is 0 months and 0 days and was based on the
							<pub-date pub-type="ppub"/>. --><volume>24</volume><issue>13</issue><fpage>i156</fpage><lpage>i164</lpage><permissions><copyright-statement>© 2008 The Author(s)</copyright-statement><copyright-year>2008</copyright-year><license license-type="creative-commons" xlink:href="http://creativecommons.org/licenses/by-nc/2.0/uk/"><license-p><!--CREATIVE COMMONS-->This is an Open Access article distributed under the terms of the Creative Commons Attribution Non-Commercial License (<ext-link ext-link-type="uri" xlink:href="http://creativecommons.org/licenses/by-nc/2.0/uk/">http://creativecommons.org/licenses/by-nc/2.0/uk/</ext-link>) which permits unrestricted non-commercial use, distribution, and reproduction in any medium, provided the original work is properly cited.</license-p></license></permissions><abstract><p><bold>Motivation:</bold> The regulation of proliferation and differentiation of embryonic and adult stem cells into mature cells is central to developmental biology. Gene expression measured in distinguishable developmental stages helps to elucidate underlying molecular processes. In previous work we showed that functional gene modules, which act distinctly in the course of development, can be represented by a mixture of trees. In general, the similarities in the gene expression programs of cell populations reflect the similarities in the differentiation path.</p><p><bold>Results:</bold> We propose a novel model for gene expression profiles and an unsupervised learning method to estimate developmental similarity and infer differentiation pathways. We assess the performance of our model on simulated data and compare it with favorable results to related methods. We also infer differentiation pathways and predict functional modules in gene expression data of lymphoid development.</p><p><bold>Conclusions:</bold> We demonstrate for the first time how, in principal, the incorporation of structural knowledge about the dependence structure helps to reveal differentiation pathways and potentially relevant functional gene modules from microarray datasets. Our method applies in any area of developmental biology where it is possible to obtain cells of distinguishable differentiation stages.</p><p><bold>Availability:</bold> The implementation of our method (GPL license), data and additional results are available at <ext-link ext-link-type="uri" xlink:href="http://algorithmics.molgen.mpg.de/Supplements/InfDif/">http://algorithmics.molgen.mpg.de/Supplements/InfDif/</ext-link></p><p><bold>Contact:</bold><email>filho@molgen.mpg.de</email>, <email>schliep@molgen.mpg.de</email></p><p><bold>Supplementary information:</bold><ext-link ext-link-type="uri" xlink:href="http://bioinformatics.oxfordjournals.org/cgi/content/full/btn153/DC1">Supplementary data</ext-link> is available at <italic>Bioinformatics</italic> online.</p></abstract></article-meta></front></article>