<article xmlns="https://jats.nlm.nih.gov/ns/archiving/1.2/" xmlns:xsi="http://www.w3.org/2001/XMLSchema-instance" xmlns:mml="http://www.w3.org/1998/Math/MathML" xmlns:xlink="http://www.w3.org/1999/xlink" xsi:schemaLocation="https://jats.nlm.nih.gov/ns/archiving/1.2/ https://jats.nlm.nih.gov/archiving/1.2/xsd/JATS-archivearticle1.xsd" article-type="review-article"><front><journal-meta><journal-id journal-id-type="nlm-ta">Bioinformatics</journal-id><journal-id journal-id-type="publisher-id">bioinformatics</journal-id><journal-id journal-id-type="hwp">bioinfo</journal-id><journal-title-group><journal-title>Bioinformatics</journal-title></journal-title-group><issn pub-type="ppub">1367-4803</issn><issn pub-type="epub">1460-2059</issn><publisher><publisher-name>Oxford University Press</publisher-name></publisher></journal-meta><article-meta><article-id pub-id-type="accession">PMC2732912</article-id><article-id pub-id-type="pmcid">PMC2732912</article-id><article-id pub-id-type="pmc-uid">2732912</article-id><article-id pub-id-type="pmid">19357096</article-id><article-id pub-id-type="pmid">19357096</article-id><article-id pub-id-type="doi">10.1093/bioinformatics/btp247</article-id><article-id pub-id-type="publisher-id">btp247</article-id><article-categories><subj-group subj-group-type="heading"><subject>Review</subject><subj-group><subject>Gene Expression</subject></subj-group></subj-group></article-categories><title-group><article-title>Cross species analysis of microarray expression data</article-title></title-group><contrib-group><contrib contrib-type="author"><name><surname>Lu</surname><given-names>Yong</given-names></name><xref ref-type="aff" rid="AFF1"><sup>1</sup></xref><xref ref-type="author-notes" rid="FN1"><sup>†</sup></xref></contrib><contrib contrib-type="author"><name><surname>Huggins</surname><given-names>Peter</given-names></name><xref ref-type="aff" rid="AFF1"><sup>2</sup></xref></contrib><contrib contrib-type="author"><name><surname>Bar-Joseph</surname><given-names>Ziv</given-names></name><xref ref-type="aff" rid="AFF1"><sup>1</sup></xref><xref ref-type="aff" rid="AFF1"><sup>2</sup></xref><xref ref-type="corresp" rid="COR1">*</xref></contrib></contrib-group><aff id="AFF1"><sup>1</sup>School of Computer Science and <sup>2</sup>Lane Center for Computational Biology, Carnegie Mellon University, Pittsburgh, PA 15213, USA</aff><author-notes><corresp id="COR1">*To whom correspondence should be addressed.</corresp><fn id="FN1"><p><sup>†</sup>Present address: Department of Biological Chemistry and Molecular Pharmacology, Harvard Medical School, Boston, MA 02115, USA.</p></fn><fn><p>Associate editor: Jonathan Wren</p></fn></author-notes><pub-date pub-type="ppub"><day>15</day><month>6</month><year>2009</year></pub-date><pub-date pub-type="epub"><day>8</day><month>4</month><year>2009</year></pub-date><volume>25</volume><issue>12</issue><fpage>1476</fpage><lpage>1483</lpage><history><date date-type="received"><day>21</day><month>1</month><year>2009</year></date><date date-type="rev-recd"><day>3</day><month>4</month><year>2009</year></date><date date-type="accepted"><day>5</day><month>4</month><year>2009</year></date></history><permissions><copyright-statement>© The Author 2009. Published by Oxford University Press. All rights reserved. For Permissions, please email: journals.permissions@oxfordjournals.org</copyright-statement><copyright-year>2009</copyright-year></permissions><abstract><p><bold>Motivation:</bold> Many biological systems operate in a similar manner across a large number of species or conditions. Cross-species analysis of sequence and interaction data is often applied to determine the function of new genes. In contrast to these static measurements, microarrays measure the dynamic, condition-specific response of complex biological systems. The recent exponential growth in microarray expression datasets allows researchers to combine expression experiments from multiple species to identify genes that are not only conserved in sequence but also operated in a similar way in the different species studied.</p><p><bold>Results:</bold> In this review we discuss the computational and technical challenges associated with these studies, the approaches that have been developed to address these challenges and the advantages of cross-species analysis of microarray data. We show how successful application of these methods lead to insights that cannot be obtained when analyzing data from a single species. We also highlight current open problems and discuss possible ways to address them.</p><p><bold>Contact:</bold><email>zivbj@cs.cmu.edu</email></p></abstract></article-meta></front></article>