<article xmlns="https://jats.nlm.nih.gov/ns/archiving/1.2/" xmlns:xsi="http://www.w3.org/2001/XMLSchema-instance" xmlns:mml="http://www.w3.org/1998/Math/MathML" xmlns:xlink="http://www.w3.org/1999/xlink" xsi:schemaLocation="https://jats.nlm.nih.gov/ns/archiving/1.2/ https://jats.nlm.nih.gov/archiving/1.2/xsd/JATS-archivearticle1.xsd" article-type="research-article"><front><journal-meta><journal-id journal-id-type="nlm-ta">Bioinformatics</journal-id><journal-id journal-id-type="publisher-id">bioinformatics</journal-id><journal-id journal-id-type="hwp">bioinfo</journal-id><journal-title-group><journal-title>Bioinformatics</journal-title></journal-title-group><issn pub-type="ppub">1367-4803</issn><issn pub-type="epub">1460-2059</issn><publisher><publisher-name>Oxford University Press</publisher-name></publisher></journal-meta><article-meta><article-id pub-id-type="accession">PMC2732215</article-id><article-id pub-id-type="pmcid">PMC2732215</article-id><article-id pub-id-type="pmc-uid">2732215</article-id><article-id pub-id-type="pmid">18562270</article-id><article-id pub-id-type="pmid">18562270</article-id><article-id pub-id-type="doi">10.1093/bioinformatics/btn313</article-id><article-id pub-id-type="publisher-id">btn313</article-id><article-categories><subj-group subj-group-type="heading"><subject>Applications Note</subject><subj-group><subject>Sequence Analysis</subject></subj-group></subj-group></article-categories><title-group><article-title>Spidermonkey: rapid detection of co-evolving sites using Bayesian graphical models</article-title></title-group><contrib-group><contrib contrib-type="author"><name><surname>Poon</surname><given-names>Art F. Y.</given-names></name><xref ref-type="aff" rid="AFF1"><sup>1</sup></xref><xref ref-type="corresp" rid="COR1"><sup>*</sup></xref></contrib><contrib contrib-type="author"><name><surname>Lewis</surname><given-names>Fraser I.</given-names></name><xref ref-type="aff" rid="AFF1"><sup>2</sup></xref></contrib><contrib contrib-type="author"><name><surname>Frost</surname><given-names>Simon D. W.</given-names></name><xref ref-type="aff" rid="AFF1"><sup>1</sup></xref></contrib><contrib contrib-type="author"><name><surname>Kosakovsky Pond</surname><given-names>Sergei L.</given-names></name><xref ref-type="aff" rid="AFF1"><sup>1</sup></xref></contrib></contrib-group><aff id="AFF1"><sup>1</sup>Division of Comparative Pathology and Medicine, Department of Pathology, University of California, San Diego, CA 92103, USA and <sup>2</sup>Epidemiology Research Unit, Scottish Agricultural College, Inverness, Scotland, IV2 4JZ, UK</aff><author-notes><corresp id="COR1"><sup>*</sup>To whom correspondence should be addressed.</corresp><fn><p>Associate Editor: Alfonso Valencia</p></fn></author-notes><pub-date pub-type="ppub"><day>1</day><month>9</month><year>2008</year></pub-date><pub-date pub-type="epub"><day>18</day><month>6</month><year>2008</year></pub-date><volume>24</volume><issue>17</issue><fpage>1949</fpage><lpage>1950</lpage><history><date date-type="received"><day>15</day><month>4</month><year>2008</year></date><date date-type="rev-recd"><day>6</day><month>6</month><year>2008</year></date><date date-type="accepted"><day>15</day><month>6</month><year>2008</year></date></history><permissions><copyright-statement>© The Author 2008. Published by Oxford University Press. All rights reserved. For Permissions, please email: journals.permissions@oxfordjournals.org</copyright-statement><copyright-year>2008</copyright-year></permissions><abstract><p>Spidermonkey is a new component of the Datamonkey suite of phylogenetic tools that provides methods for detecting coevolving sites from a multiple alignment of homologous nucleotide or amino acid sequences. It reconstructs the substitution history of the alignment by maximum likelihood-based phylogenetic methods, and then analyzes the joint distribution of substitution events using Bayesian graphical models to identify significant associations among sites.</p><p><bold>Availability:</bold> Spidermonkey is publicly available both as a web application at <ext-link ext-link-type="uri" xlink:href="http://www.data-monkey.org">http://www.data-monkey.org</ext-link> and as a stand-alone component of the phylogenetic software package HyPhy, which is freely distributed on the web (<ext-link ext-link-type="uri" xlink:href="http://www.hyphy.org">http://www.hyphy.org</ext-link>) as precompiled binaries and open source.</p><p><bold>Contact:</bold><ext-link ext-link-type="uri" xlink:href="afpoon@ucsd.edu">afpoon@ucsd.edu</ext-link></p></abstract></article-meta></front></article>