<article xmlns="https://jats.nlm.nih.gov/ns/archiving/1.2/" xmlns:xsi="http://www.w3.org/2001/XMLSchema-instance" xmlns:mml="http://www.w3.org/1998/Math/MathML" xmlns:xlink="http://www.w3.org/1999/xlink" xsi:schemaLocation="https://jats.nlm.nih.gov/ns/archiving/1.2/ https://jats.nlm.nih.gov/archiving/1.2/xsd/JATS-archivearticle1.xsd" article-type="research-article"><front><journal-meta><journal-id journal-id-type="nlm-ta">Bioinformatics</journal-id><journal-id journal-id-type="publisher-id">bioinformatics</journal-id><journal-id journal-id-type="hwp">bioinfo</journal-id><journal-title-group><journal-title>Bioinformatics</journal-title></journal-title-group><issn pub-type="ppub">1367-4803</issn><issn pub-type="epub">1460-2059</issn><publisher><publisher-name>Oxford University Press</publisher-name></publisher></journal-meta><article-meta><article-id pub-id-type="accession">PMC2705226</article-id><article-id pub-id-type="pmcid">PMC2705226</article-id><article-id pub-id-type="pmc-uid">2705226</article-id><article-id pub-id-type="pmid">19401401</article-id><article-id pub-id-type="doi">10.1093/bioinformatics/btp285</article-id><article-id pub-id-type="publisher-id">btp285</article-id><article-categories><subj-group subj-group-type="heading"><subject>Applications Note</subject><subj-group><subject>Genome Analysis</subject></subj-group></subj-group></article-categories><title-group><article-title><bold><monospace>baobabLUNA</monospace></bold>: the solution space of sorting by reversals</article-title></title-group><contrib-group><contrib contrib-type="author" corresp="yes"><name><surname>Braga</surname><given-names>Marília D. V.</given-names></name><xref ref-type="author-notes" rid="FN1"><sup>†</sup></xref></contrib></contrib-group><aff id="AFF1">Université de Lyon, F-69000, Lyon; Université Lyon 1; CNRS UMR5558; Inria Grenoble Rhône-Alpes, Lyon, France</aff><author-notes><fn id="FN1"><p><sup>†</sup> Present address: Universität Bielefeld Technische Fakultät AG Genominformatik, Postfach 10 01 31, 33501 Bielefeld, Germany</p></fn><fn><p>Associate Editor: Alex Bateman</p></fn></author-notes><pub-date pub-type="ppub"><day>15</day><month>7</month><year>2009</year></pub-date><pub-date pub-type="epub"><day>28</day><month>4</month><year>2009</year></pub-date><pub-date pub-type="pmc-release"><day>28</day><month>4</month><year>2009</year></pub-date><!-- PMC Release delay is 0 months and 0 days and was based on the
							<pub-date pub-type="epub"/>. --><volume>25</volume><issue>14</issue><fpage>1833</fpage><lpage>1835</lpage><history><date date-type="received"><day>19</day><month>2</month><year>2009</year></date><date date-type="rev-recd"><day>21</day><month>4</month><year>2009</year></date><date date-type="accepted"><day>22</day><month>4</month><year>2009</year></date></history><permissions><license license-type="creative-commons" xlink:href="http://creativecommons.org/licenses/by-nc/2.0/uk/"><license-p><!--CREATIVE COMMONS-->This is an Open Access article distributed under the terms of the Creative Commons Attribution Non-Commercial License (<ext-link ext-link-type="uri" xlink:href="http://creativecommons.org/licenses/by-nc/2.0/uk/">http://creativecommons.org/licenses/by-nc/2.0/uk/</ext-link>) which permits unrestricted non-commercial use, distribution, and reproduction in any medium, provided the original work is properly cited.</license-p></license></permissions><abstract><p><bold>Summary:</bold> Computing the reversal distance and searching for an optimal sequence of reversals to transform a unichromosomal genome into another are useful algorithmic tools to analyse real evolutionary scenarios. Currently, these problems can be solved by at least two available softwares, the prominent of which are <monospace>GRAPPA</monospace> and <monospace>GRIMM</monospace>. However, the number of different optimal sequences is usually huge and taking only the distance and/or one example is often insufficient to do a proper analysis. Here, we offer an alternative and present <monospace>baobabLUNA</monospace>, a framework that contains an algorithm to give a compact representation of the whole space of solutions for the sorting by reversals problem.</p><p><bold>Availability and Implementation:</bold> Compiled code implemented in Java is freely available for download at <ext-link ext-link-type="uri" xlink:href="http://pbil.univ-lyon1.fr/software/luna/">http://pbil.univ-lyon1.fr/software/luna/</ext-link>. Documentation with methodological background, technical aspects, download and setup instructions, interface description and tutorial are available at <ext-link ext-link-type="uri" xlink:href="http://pbil.univ-lyon1.fr/software/luna/doc/luna-doc.pdf">http://pbil.univ-lyon1.fr/software/luna/doc/luna-doc.pdf</ext-link>.</p><p><bold>Contact:</bold><email>mdvbraga@gmail.com</email></p><p><bold>Supplementary information:</bold><ext-link ext-link-type="uri" xlink:href="http://bioinformatics.oxfordjournals.org/cgi/content/full/btp285/DC1">Supplementary data</ext-link> are available at <italic>Bioinformatics</italic> online.</p></abstract></article-meta></front></article>