<article xmlns="https://dtd.nlm.nih.gov/ns/archiving/2.3/" xmlns:xsi="http://www.w3.org/2001/XMLSchema-instance" xmlns:mml="http://www.w3.org/1998/Math/MathML" xmlns:xlink="http://www.w3.org/1999/xlink" xsi:schemaLocation="https://dtd.nlm.nih.gov/ns/archiving/2.3/ https://dtd.nlm.nih.gov/archiving/2.3/xsd/archivearticle.xsd" article-type="research-article" xml:lang="EN"><front><journal-meta><journal-id journal-id-type="nlm-ta">Bioinformatics</journal-id><journal-id journal-id-type="publisher-id">bioinformatics</journal-id><journal-id journal-id-type="hwp">bioinfo</journal-id><journal-title>Bioinformatics</journal-title><issn pub-type="ppub">1367-4803</issn><issn pub-type="epub">1460-2059</issn><publisher><publisher-name>Oxford University Press</publisher-name></publisher></journal-meta><article-meta><article-id pub-id-type="accession">PMC2562009</article-id><article-id pub-id-type="pmcid">PMC2562009</article-id><article-id pub-id-type="pmc-uid">2562009</article-id><article-id pub-id-type="pmid">18757876</article-id><article-id pub-id-type="doi">10.1093/bioinformatics/btn435</article-id><article-id pub-id-type="publisher-id">btn435</article-id><article-id pub-id-type="pmid">18757876</article-id><article-categories><subj-group subj-group-type="heading"><subject>Applications Note</subject><subj-group><subject>Sequence Analysis</subject></subj-group></subj-group></article-categories><title-group><article-title>SNAP predicts effect of mutations on protein function</article-title></title-group><contrib-group><contrib contrib-type="author"><name><surname>Bromberg</surname><given-names>Yana</given-names></name><xref ref-type="aff" rid="AFF1"><sup>1</sup></xref><xref ref-type="aff" rid="AFF1"><sup>2</sup></xref><xref ref-type="corresp" rid="COR1">*</xref></contrib><contrib contrib-type="author"><name><surname>Yachdav</surname><given-names>Guy</given-names></name><xref ref-type="aff" rid="AFF1"><sup>1</sup></xref><xref ref-type="aff" rid="AFF1"><sup>2</sup></xref></contrib><contrib contrib-type="author"><name><surname>Rost</surname><given-names>Burkhard</given-names></name><xref ref-type="aff" rid="AFF1"><sup>1</sup></xref><xref ref-type="aff" rid="AFF1"><sup>2</sup></xref><xref ref-type="aff" rid="AFF1"><sup>3</sup></xref></contrib></contrib-group><aff id="AFF1"><sup>1</sup>Department of Biochemistry and Molecular Biophysics, Columbia University, 630 West 168th Street, <sup>2</sup>Columbia University Center for Computational Biology and Bioinformatics (C2B2) and <sup>3</sup>NorthEast Structural Genomics Consortium (NESG) and New York Consortium on Membrane Protein Structure (NYCOMPS), Columbia University, 1130 St Nicholas Ave. Rm. 802, New York, NY 10032, USA</aff><author-notes><corresp id="COR1">*To whom correspondence should be addressed.</corresp><fn><p>Associate Editor: Alex Bateman</p></fn></author-notes><pub-date pub-type="ppub"><day>15</day><month>10</month><year>2008</year></pub-date><pub-date pub-type="epub"><day>30</day><month>8</month><year>2008</year></pub-date><pub-date pub-type="pmc-release"><day>30</day><month>8</month><year>2008</year></pub-date><volume>24</volume><issue>20</issue><fpage>2397</fpage><lpage>2398</lpage><history><date date-type="received"><day>29</day><month>5</month><year>2008</year></date><date date-type="rev-recd"><day>10</day><month>8</month><year>2008</year></date><date date-type="accepted"><day>14</day><month>8</month><year>2008</year></date></history><permissions><copyright-statement>© 2008 The Author(s)</copyright-statement><copyright-year>2008</copyright-year><license license-type="creative-commons" xlink:href="http://creativecommons.org/licenses/by-nc/2.0/uk/"><p><!--CREATIVE COMMONS-->This is an Open Access article distributed under the terms of the Creative Commons Attribution Non-Commercial License (<ext-link ext-link-type="uri" xlink:href="http://creativecommons.org/licenses/">http://creativecommons.org/licenses/</ext-link> by-nc/2.0/uk/) which permits unrestricted non-commercial use, distribution, and reproduction in any medium, provided the original work is properly cited.</p></license></permissions><abstract><p><bold>Summary:</bold> Many non-synonymous single nucleotide polymor-phisms (nsSNPs) in humans are suspected to impact protein function. Here, we present a publicly available server implementation of the method SNAP (screening for non-acceptable polymorphisms) that predicts the functional effects of single amino acid substitutions. SNAP identifies over 80% of the <italic>non-neutral</italic> mutations at 77% accuracy and over 76% of the <italic>neutral</italic> mutations at 80% accuracy at its default threshold. Each prediction is associated with a reliability index that correlates with accuracy and thereby enables experimentalists to zoom into the most promising predictions.</p><p><bold>Availability:</bold> Web-server: <ext-link ext-link-type="uri" xlink:href="http://www.rostlab.org/services/SNAP">http://www.rostlab.org/services/SNAP</ext-link>; downloadable program available upon request.</p><p><bold>Contact:</bold><email>bromberg@rostlab.org</email></p><p><bold>Supplementary information:</bold><ext-link ext-link-type="uri" xlink:href="http://bioinformatics.oxfordjournals.org/cgi/content/full/btn435/DC1">Supplementary data</ext-link> are available at <italic>Bioinformatics</italic> online.</p></abstract></article-meta></front></article>