<article xmlns="https://dtd.nlm.nih.gov/ns/archiving/2.3/" xmlns:xsi="http://www.w3.org/2001/XMLSchema-instance" xmlns:mml="http://www.w3.org/1998/Math/MathML" xmlns:xlink="http://www.w3.org/1999/xlink" xsi:schemaLocation="https://dtd.nlm.nih.gov/ns/archiving/2.3/ https://dtd.nlm.nih.gov/archiving/2.3/xsd/archivearticle.xsd" article-type="research-article" xml:lang="EN"><front><journal-meta><journal-id journal-id-type="nlm-ta">Bioinformatics</journal-id><journal-id journal-id-type="publisher-id">bioinformatics</journal-id><journal-id journal-id-type="hwp">bioinfo</journal-id><journal-title>Bioinformatics</journal-title><issn pub-type="ppub">1367-4803</issn><issn pub-type="epub">1460-2059</issn><publisher><publisher-name>Oxford University Press</publisher-name></publisher></journal-meta><article-meta><article-id pub-id-type="accession">PMC2638260</article-id><article-id pub-id-type="pmcid">PMC2638260</article-id><article-id pub-id-type="pmc-uid">2638260</article-id><article-id pub-id-type="pmid">18511466</article-id><article-id pub-id-type="doi">10.1093/bioinformatics/btn248</article-id><article-id pub-id-type="publisher-id">btn248</article-id><article-id pub-id-type="pmid">18511466</article-id><article-categories><subj-group subj-group-type="heading"><subject>Original Papers</subject><subj-group><subject>Structural Bioinformatics</subject></subj-group></subj-group></article-categories><title-group><article-title>Using inferred residue contacts to distinguish between correct and incorrect protein models</article-title></title-group><contrib-group><contrib contrib-type="author"><name><surname>Miller</surname><given-names>Christopher S.</given-names></name><xref ref-type="aff" rid="AFF1"><sup>1</sup></xref></contrib><contrib contrib-type="author"><name><surname>Eisenberg</surname><given-names>David</given-names></name><xref ref-type="aff" rid="AFF1"><sup>1</sup></xref><xref ref-type="aff" rid="AFF1"><sup>2</sup></xref><xref ref-type="corresp" rid="COR1">*</xref></contrib></contrib-group><aff id="AFF1"><sup>1</sup>UCLA-DOE Institute for Genomics &amp; Proteomics, Molecular Biology Institute and <sup>2</sup>Howard Hughes Medical Institute, Departments of Chemistry &amp; Biochemistry &amp; Biological Chemistry, Box 951570, UCLA, Los Angeles, CA 90095, USA</aff><author-notes><fn><p>Associate Editor: Burkhard Rost</p></fn><corresp id="COR1">*To whom correspondence should be addressed.</corresp></author-notes><pub-date pub-type="ppub"><day>15</day><month>7</month><year>2008</year></pub-date><pub-date pub-type="epub"><day>29</day><month>5</month><year>2008</year></pub-date><pub-date pub-type="pmc-release"><day>29</day><month>5</month><year>2008</year></pub-date><volume>24</volume><issue>14</issue><fpage>1575</fpage><lpage>1582</lpage><history><date date-type="received"><day>15</day><month>3</month><year>2008</year></date><date date-type="rev-recd"><day>7</day><month>5</month><year>2008</year></date><date date-type="accepted"><day>25</day><month>5</month><year>2008</year></date></history><permissions><copyright-statement>© 2008 The Author(s)</copyright-statement><copyright-year>2008</copyright-year><license license-type="creative-commons" xlink:href="http://creativecommons.org/licenses/by-nc/2.0/uk/"><p><!--CREATIVE COMMONS-->This is an Open Access article distributed under the terms of the Creative Commons Attribution Non-Commercial License (<ext-link ext-link-type="uri" xlink:href="http://creativecommons.org/licenses/by-nc/2.0/uk/">http://creativecommons.org/licenses/by-nc/2.0/uk/</ext-link>) which permits unrestricted non-commercial use, distribution, and reproduction in any medium, provided the original work is properly cited.</p></license></permissions><abstract><p><bold>Motivation:</bold> The <italic>de novo</italic> prediction of 3D protein structure is enjoying a period of dramatic improvements. Often, a remaining difficulty is to select the model closest to the true structure from a group of low-energy candidates. To what extent can inter-residue contact predictions from multiple sequence alignments, information which is orthogonal to that used in most structure prediction algorithms, be used to identify those models most similar to the native protein structure?</p><p><bold>Results:</bold> We present a Bayesian inference procedure to identify residue pairs that are spatially proximal in a protein structure. The method takes as input a multiple sequence alignment, and outputs an accurate posterior probability of proximity for each residue pair. We exploit a recent metagenomic sequencing project to create large, diverse and informative multiple sequence alignments for a test set of 1656 known protein structures. The method infers spatially proximal residue pairs in this test set with good accuracy: top-ranked predictions achieve an average accuracy of 38% (for an average 21-fold improvement over random predictions) in cross-validation tests. Notably, the accuracy of predicted 3D models generated by a range of structure prediction algorithms strongly correlates with how well the models satisfy probable residue contacts inferred via our method. This correlation allows for confident rejection of incorrect structural models.</p><p><bold>Availability:</bold> An implementation of the method is freely available at <ext-link ext-link-type="uri" xlink:href="http://www.doe-mbi.ucla.edu/services">http://www.doe-mbi.ucla.edu/services</ext-link></p><p><bold>Contact:</bold><email>david@mbi.ucla.edu</email></p><p><bold>Supplementary information:</bold><ext-link ext-link-type="uri" xlink:href="http://bioinformatics.oxfordjournals.org/cgi/content/full/btn248/DC1">Supplementary data</ext-link> are available at <italic>Bioinformatics</italic> online.</p></abstract></article-meta></front></article>