<article xmlns="https://jats.nlm.nih.gov/ns/archiving/1.2/" xmlns:xsi="http://www.w3.org/2001/XMLSchema-instance" xmlns:mml="http://www.w3.org/1998/Math/MathML" xmlns:xlink="http://www.w3.org/1999/xlink" xsi:schemaLocation="https://jats.nlm.nih.gov/ns/archiving/1.2/ https://jats.nlm.nih.gov/archiving/1.2/xsd/JATS-archivearticle1.xsd" article-type="research-article"><front><journal-meta><journal-id journal-id-type="nlm-ta">Bioinformatics</journal-id><journal-id journal-id-type="publisher-id">bioinformatics</journal-id><journal-id journal-id-type="hwp">bioinfo</journal-id><journal-title-group><journal-title>Bioinformatics</journal-title></journal-title-group><issn pub-type="ppub">1367-4803</issn><issn pub-type="epub">1460-2059</issn><publisher><publisher-name>Oxford University Press</publisher-name></publisher></journal-meta><article-meta><article-id pub-id-type="accession">PMC2734317</article-id><article-id pub-id-type="pmcid">PMC2734317</article-id><article-id pub-id-type="pmc-uid">2734317</article-id><article-id pub-id-type="pmid">19549631</article-id><article-id pub-id-type="pmid">19549631</article-id><article-id pub-id-type="doi">10.1093/bioinformatics/btp380</article-id><article-id pub-id-type="publisher-id">btp380</article-id><article-categories><subj-group subj-group-type="heading"><subject>Original Papers</subject><subj-group><subject>Data and Text Mining</subject></subj-group></subj-group></article-categories><title-group><article-title>A survey of across-target bioactivity results of small molecules in PubChem</article-title></title-group><contrib-group><contrib contrib-type="author"><name><surname>Han</surname><given-names>Lianyi</given-names></name></contrib><contrib contrib-type="author"><name><surname>Wang</surname><given-names>Yanli</given-names></name><xref ref-type="corresp" rid="COR1">*</xref></contrib><contrib contrib-type="author"><name><surname>Bryant</surname><given-names>Stephen H.</given-names></name><xref ref-type="corresp" rid="COR1">*</xref></contrib></contrib-group><aff>National Center for Biotechnology Information, National Institutes of Health, Bethesda, MD 20894, USA</aff><author-notes><corresp id="COR1">* To whom correspondence should be addressed.</corresp><fn><p>Associate Editor: Alfonso Valencia</p></fn></author-notes><pub-date pub-type="ppub"><day>1</day><month>9</month><year>2009</year></pub-date><pub-date pub-type="epub"><day>23</day><month>6</month><year>2009</year></pub-date><pub-date pub-type="pmc-release"><day>23</day><month>6</month><year>2009</year></pub-date><!-- PMC Release delay is 0 months and 0 days and was based on the
							<pub-date pub-type="epub"/>. --><volume>25</volume><issue>17</issue><fpage>2251</fpage><lpage>2255</lpage><history><date date-type="received"><day>12</day><month>2</month><year>2009</year></date><date date-type="rev-recd"><day>20</day><month>5</month><year>2009</year></date><date date-type="accepted"><day>16</day><month>6</month><year>2009</year></date></history><permissions><copyright-statement>© 2009 The Author(s)</copyright-statement><copyright-year>2009</copyright-year><license license-type="creative-commons" xlink:href="http://creativecommons.org/licenses/by-nc/2.0/uk/"><license-p><!--CREATIVE COMMONS-->This is an Open Access article distributed under the terms of the Creative Commons Attribution Non-Commercial License (<ext-link ext-link-type="uri" xlink:href="http://creativecommons.org/licenses/by-nc/2.0/uk/">http://creativecommons.org/licenses/by-nc/2.0/uk/</ext-link>) which permits unrestricted non-commercial use, distribution, and reproduction in any medium, provided the original work is properly cited.</license-p></license></permissions><abstract><p>This work provides an analysis of across-target bioactivity results in the screening data deposited in PubChem. Two alternative approaches for grouping-related targets are used to examine a compound's across-target bioactivity. This analysis identifies compounds that are selectively active against groups of protein targets that are identical or similar in sequence. This analysis also identifies compounds that are bioactive across unrelated targets. Statistical distributions of compound' across-target selectivity provide a survey to evaluate target specificity of compounds by deriving and analyzing bioactivity profile across a wide range of biological targets for tested small molecules in PubChem. This work enables one to select target specific inhibitors, identify promiscuous compounds and better understand the biological mechanisms of target-small molecule interactions.</p><p><bold>Contact:</bold><email>ywang@ncbi.nlm.nih.gov</email>; <email>bryant@ncbi.nlm.nih.gov</email></p></abstract></article-meta></front></article>