<article xmlns="https://dtd.nlm.nih.gov/ns/archiving/2.3/" xmlns:xsi="http://www.w3.org/2001/XMLSchema-instance" xmlns:mml="http://www.w3.org/1998/Math/MathML" xmlns:xlink="http://www.w3.org/1999/xlink" xsi:schemaLocation="https://dtd.nlm.nih.gov/ns/archiving/2.3/ https://dtd.nlm.nih.gov/archiving/2.3/xsd/archivearticle.xsd" article-type="research-article" xml:lang="EN"><front><journal-meta><journal-id journal-id-type="nlm-ta">Bioinformatics</journal-id><journal-id journal-id-type="publisher-id">bioinformatics</journal-id><journal-id journal-id-type="hwp">bioinfo</journal-id><journal-title>Bioinformatics</journal-title><issn pub-type="ppub">1367-4803</issn><issn pub-type="epub">1460-2059</issn><publisher><publisher-name>Oxford University Press</publisher-name></publisher></journal-meta><article-meta><article-id pub-id-type="accession">PMC2660876</article-id><article-id pub-id-type="pmcid">PMC2660876</article-id><article-id pub-id-type="pmc-uid">2660876</article-id><article-id pub-id-type="pmid">19223449</article-id><article-id pub-id-type="doi">10.1093/bioinformatics/btp081</article-id><article-id pub-id-type="publisher-id">btp081</article-id><article-categories><subj-group subj-group-type="heading"><subject>Applications Note</subject><subj-group><subject>Data and Text Mining</subject></subj-group></subj-group></article-categories><title-group><article-title>OnTheFly: a tool for automated document-based text annotation, data linking and network generation</article-title></title-group><contrib-group><contrib contrib-type="author"><name><surname>Pavlopoulos</surname><given-names>Georgios A.</given-names></name><xref ref-type="aff" rid="AFF1"><sup>1</sup></xref><xref ref-type="corresp" rid="COR1">*</xref></contrib><contrib contrib-type="author"><name><surname>Pafilis</surname><given-names>Evangelos</given-names></name><xref ref-type="aff" rid="AFF1"><sup>1</sup></xref></contrib><contrib contrib-type="author"><name><surname>Kuhn</surname><given-names>M.</given-names></name><xref ref-type="aff" rid="AFF1"><sup>1</sup></xref></contrib><contrib contrib-type="author"><name><surname>Hooper</surname><given-names>Sean D.</given-names></name><xref ref-type="aff" rid="AFF1"><sup>2</sup></xref></contrib><contrib contrib-type="author"><name><surname>Schneider</surname><given-names>Reinhard</given-names></name><xref ref-type="aff" rid="AFF1"><sup>1</sup></xref></contrib></contrib-group><aff id="AFF1"><sup>1</sup>Structural and Computational Biology Unit, EMBL Meyerhofstrasse 1, Heidelberg, Germany and <sup>2</sup>Department of Energy Joint Genome Institute (DOE-JGI), Genome Biology Program, 2800 Mitchell Drive, Walnut Creek, CA 94598, USA</aff><author-notes><corresp id="COR1">*To whom correspondence should be addressed.</corresp><fn><p>Associate Editor: Jonathan Wren</p></fn></author-notes><pub-date pub-type="ppub"><day>1</day><month>4</month><year>2009</year></pub-date><pub-date pub-type="epub"><day>17</day><month>2</month><year>2009</year></pub-date><pub-date pub-type="pmc-release"><day>17</day><month>2</month><year>2009</year></pub-date><!-- PMC Release delay is 0 months and 0 days and was based on the
			<pub-date pub-type="epub"/>. --><volume>25</volume><issue>7</issue><fpage>977</fpage><lpage>978</lpage><history><date date-type="received"><day>19</day><month>11</month><year>2008</year></date><date date-type="rev-recd"><day>2</day><month>2</month><year>2009</year></date><date date-type="accepted"><day>7</day><month>2</month><year>2009</year></date></history><permissions><copyright-statement>© 2009 The Author(s)</copyright-statement><copyright-year>2009</copyright-year><license license-type="creative-commons" xlink:href="http://creativecommons.org/licenses/by-nc/2.0/uk/"><p><!--CREATIVE COMMONS-->This is an Open Access article distributed under the terms of the Creative Commons Attribution Non-Commercial License (<ext-link ext-link-type="uri" xlink:href="http://creativecommons.org/licenses/by-nc/2.0/uk/">http://creativecommons.org/licenses/by-nc/2.0/uk/</ext-link>) which permits unrestricted non-commercial use, distribution, and reproduction in any medium, provided the original work is properly cited.</p></license></permissions><abstract><p>OnTheFly is a web-based application that applies biological named entity recognition to enrich Microsoft Office, PDF and plain text documents. The input files are converted into the HTML format and then sent to the Reflect tagging server, which highlights biological entity names like genes, proteins and chemicals, and attaches to them JavaScript code to invoke a summary pop-up window. The window provides an overview of relevant information about the entity, such as a protein description, the domain composition, a link to the 3D structure and links to other relevant online resources. OnTheFly is also able to extract the bioentities mentioned in a set of files and to produce a graphical representation of the networks of the known and predicted associations of these entities by retrieving the information from the STITCH database.</p><p><bold>Availability:</bold><ext-link ext-link-type="uri" xlink:href="http://onthefly.embl.de,">http://onthefly.embl.de,</ext-link><ext-link ext-link-type="uri" xlink:href="http://onthefly.embl.de/FAQ.html">http://onthefly.embl.de/FAQ.html</ext-link></p><p><bold>Contact:</bold><email>pavlopou@embl.de</email></p><p><bold>Supplementary information:</bold><ext-link ext-link-type="uri" xlink:href="http://bioinformatics.oxfordjournals.org/cgi/content/full/btp081/DC1">Supplementary data</ext-link> are available at <italic>Bioinformatics</italic> online.</p></abstract></article-meta></front></article>