<article xmlns="https://jats.nlm.nih.gov/ns/archiving/1.2/" xmlns:xsi="http://www.w3.org/2001/XMLSchema-instance" xmlns:mml="http://www.w3.org/1998/Math/MathML" xmlns:xlink="http://www.w3.org/1999/xlink" xsi:schemaLocation="https://jats.nlm.nih.gov/ns/archiving/1.2/ https://jats.nlm.nih.gov/archiving/1.2/xsd/JATS-archivearticle1.xsd" article-type="research-article"><front><journal-meta><journal-id journal-id-type="nlm-ta">Bioinformatics</journal-id><journal-id journal-id-type="publisher-id">bioinformatics</journal-id><journal-id journal-id-type="hwp">bioinfo</journal-id><journal-title-group><journal-title>Bioinformatics</journal-title></journal-title-group><issn pub-type="ppub">1367-4803</issn><issn pub-type="epub">1460-2059</issn><publisher><publisher-name>Oxford University Press</publisher-name></publisher></journal-meta><article-meta><article-id pub-id-type="accession">PMC2732214</article-id><article-id pub-id-type="pmcid">PMC2732214</article-id><article-id pub-id-type="pmc-uid">2732214</article-id><article-id pub-id-type="pmid">18603568</article-id><article-id pub-id-type="pmid">18603568</article-id><article-id pub-id-type="doi">10.1093/bioinformatics/btn321</article-id><article-id pub-id-type="publisher-id">btn321</article-id><article-categories><subj-group subj-group-type="heading"><subject>Original Papers</subject><subj-group><subject>Genome Analysis</subject></subj-group></subj-group></article-categories><title-group><article-title>A probe-density-based analysis method for array CGH data: simulation, normalization and centralization</article-title></title-group><contrib-group><contrib contrib-type="author"><name><surname>Chen</surname><given-names>Hung-I Harry</given-names></name><xref ref-type="aff" rid="AFF1"><sup>1</sup></xref><xref ref-type="aff" rid="AFF1"><sup>2</sup></xref></contrib><contrib contrib-type="author"><name><surname>Hsu</surname><given-names>Fang-Han</given-names></name><xref ref-type="aff" rid="AFF1"><sup>1</sup></xref><xref ref-type="aff" rid="AFF1"><sup>2</sup></xref></contrib><contrib contrib-type="author"><name><surname>Jiang</surname><given-names>Yuan</given-names></name><xref ref-type="aff" rid="AFF1"><sup>3</sup></xref></contrib><contrib contrib-type="author"><name><surname>Tsai</surname><given-names>Mong-Hsun</given-names></name><xref ref-type="aff" rid="AFF1"><sup>2</sup></xref><xref ref-type="aff" rid="AFF1"><sup>4</sup></xref></contrib><contrib contrib-type="author"><name><surname>Yang</surname><given-names>Pan-Chyr</given-names></name><xref ref-type="aff" rid="AFF1"><sup>5</sup></xref></contrib><contrib contrib-type="author"><name><surname>Meltzer</surname><given-names>Paul S.</given-names></name><xref ref-type="aff" rid="AFF1"><sup>3</sup></xref></contrib><contrib contrib-type="author"><name><surname>Chuang</surname><given-names>Eric Y.</given-names></name><xref ref-type="aff" rid="AFF1"><sup>1</sup></xref><xref ref-type="aff" rid="AFF1"><sup>2</sup></xref><xref ref-type="aff" rid="AFF1"><sup>4</sup></xref><xref ref-type="aff" rid="AFF1"><sup>6</sup></xref><xref ref-type="aff" rid="AFF1"><sup>7</sup></xref><xref ref-type="aff" rid="AFF1"><sup>8</sup></xref><xref ref-type="corresp" rid="COR1">*</xref></contrib><contrib contrib-type="author"><name><surname>Chen</surname><given-names>Yidong</given-names></name><xref ref-type="aff" rid="AFF1"><sup>3</sup></xref></contrib></contrib-group><aff id="AFF1"><sup>1</sup>Department of Electrical Engineering, National Taiwan University, Taipei, Taiwan 106, <sup>2</sup>Research Center for Medical Excellence, National Taiwan University, Taipei, Taiwan 100, Republic of China, <sup>3</sup>Genetics Branch, National Cancer Institute, National Institutes of Health, Bethesda, MD 20892, USA, <sup>4</sup>Institute of Biotechnology, Center for Systems Biology and Bioinformatics, National Taiwan University, Taipei, Taiwan 106, <sup>5</sup>College of Medicine, National Taiwan University, Taipei, Taiwan 100, <sup>6</sup>Department of Life Science, National Taiwan University, Taipei, Taiwan 106, <sup>7</sup>Graduate Institute of Biomedical Electronics and Bioinformatics, National Taiwan University, Taipei, Taiwan 106 and <sup>8</sup>Graduate Institute of Epidemiology, National Taiwan University, Taipei, Taiwan 106, Republic of China</aff><author-notes><corresp id="COR1">*To whom correspondence should be addressed.</corresp><fn><p>Associate Editor: John Quackenbush</p></fn></author-notes><pub-date pub-type="ppub"><day>15</day><month>8</month><year>2008</year></pub-date><pub-date pub-type="epub"><day>4</day><month>7</month><year>2008</year></pub-date><volume>24</volume><issue>16</issue><fpage>1749</fpage><lpage>1756</lpage><history><date date-type="received"><day>25</day><month>1</month><year>2008</year></date><date date-type="rev-recd"><day>28</day><month>5</month><year>2008</year></date><date date-type="accepted"><day>18</day><month>6</month><year>2008</year></date></history><permissions><copyright-statement>© The Author 2008. Published by Oxford University Press. All rights reserved. For Permissions, please email: journals.permissions@oxfordjournals.org</copyright-statement><copyright-year>2008</copyright-year></permissions><abstract><p><bold>Motivation:</bold> Genomic instability is one of the fundamental factors in tumorigenesis and tumor progression. Many studies have shown that copy-number abnormalities at the DNA level are important in the pathogenesis of cancer. Array comparative genomic hybridization (aCGH), developed based on expression microarray technology, can reveal the chromosomal aberrations in segmental copies at a high resolution. However, due to the nature of aCGH, many standard expression data processing tools, such as data normalization, often fail to yield satisfactory results.</p><p><bold>Results:</bold> We demonstrated a novel aCGH normalization algorithm, which provides an accurate aCGH data normalization by utilizing the dependency of neighboring probe measurements in aCGH experiments. To facilitate the study, we have developed a hidden Markov model (HMM) to simulate a series of aCGH experiments with random DNA copy number alterations that are used to validate the performance of our normalization. In addition, we applied the proposed normalization algorithm to an aCGH study of lung cancer cell lines. By using the proposed algorithm, data quality and the reliability of experimental results are significantly improved, and the distinct patterns of DNA copy number alternations are observed among those lung cancer cell lines.</p><p><bold>Contact:</bold><email>chuangey@ntu.edu.tw</email></p><p><bold>Supplementary information:</bold> Source codes and.gures may be found at <ext-link ext-link-type="uri" xlink:href="http://ntumaps.cgm.ntu.edu.tw/aCGH_supplementary">http://ntumaps.cgm.ntu.edu.tw/aCGH_supplementary</ext-link></p></abstract></article-meta></front></article>