<article xmlns="https://jats.nlm.nih.gov/ns/archiving/1.2/" xmlns:xsi="http://www.w3.org/2001/XMLSchema-instance" xmlns:mml="http://www.w3.org/1998/Math/MathML" xmlns:xlink="http://www.w3.org/1999/xlink" xsi:schemaLocation="https://jats.nlm.nih.gov/ns/archiving/1.2/ https://jats.nlm.nih.gov/archiving/1.2/xsd/JATS-archivearticle1.xsd" article-type="research-article"><front><journal-meta><journal-id journal-id-type="nlm-ta">Bioinformatics</journal-id><journal-id journal-id-type="publisher-id">bioinformatics</journal-id><journal-id journal-id-type="hwp">bioinfo</journal-id><journal-title-group><journal-title>Bioinformatics</journal-title></journal-title-group><issn pub-type="ppub">1367-4803</issn><issn pub-type="epub">1460-2059</issn><publisher><publisher-name>Oxford University Press</publisher-name></publisher></journal-meta><article-meta><article-id pub-id-type="accession">PMC2718669</article-id><article-id pub-id-type="pmcid">PMC2718669</article-id><article-id pub-id-type="pmc-uid">2718669</article-id><article-id pub-id-type="pmid">18450811</article-id><article-id pub-id-type="pmid">18450811</article-id><article-id pub-id-type="doi">10.1093/bioinformatics/btn214</article-id><article-id pub-id-type="publisher-id">btn214</article-id><article-categories><subj-group subj-group-type="heading"><subject>Original Papers</subject><subj-group><subject>Sequence Analysis</subject></subj-group></subj-group></article-categories><title-group><article-title>Characterization and prediction of residues determining protein functional specificity</article-title></title-group><contrib-group><contrib contrib-type="author"><name><surname>Capra</surname><given-names>John A.</given-names></name></contrib><contrib contrib-type="author"><name><surname>Singh</surname><given-names>Mona</given-names></name><xref ref-type="corresp" rid="COR1">*</xref></contrib></contrib-group><aff>Department of Computer Science, Lewis-Sigler Institute for Integrative Genomics, Princeton University, Princeton, NJ 08540, USA</aff><author-notes><fn><p>Associate Editor: Burkhard Rost</p></fn><corresp id="COR1">*To whom correspondence should be addressed.</corresp></author-notes><pub-date pub-type="ppub"><day>1</day><month>7</month><year>2008</year></pub-date><pub-date pub-type="epub"><day>1</day><month>5</month><year>2008</year></pub-date><pub-date pub-type="pmc-release"><day>1</day><month>5</month><year>2008</year></pub-date><!-- PMC Release delay is 0 months and 0 days and was based on the
							<pub-date pub-type="epub"/>. --><volume>24</volume><issue>13</issue><fpage>1473</fpage><lpage>1480</lpage><history><date date-type="received"><day>21</day><month>3</month><year>2008</year></date><date date-type="rev-recd"><day>22</day><month>4</month><year>2008</year></date><date date-type="accepted"><day>28</day><month>4</month><year>2008</year></date></history><permissions><copyright-statement>© 2008 The Author(s)</copyright-statement><copyright-year>2008</copyright-year><license license-type="creative-commons" xlink:href="http://creativecommons.org/licenses/by-nc/2.0/uk/"><license-p><!--CREATIVE COMMONS-->This is an Open Access article distributed under the terms of the Creative Commons Attribution Non-Commercial License (<ext-link ext-link-type="uri" xlink:href="http://creativecommons.org/licenses/by-nc/2.0/uk/">http://creativecommons.org/licenses/by-nc/2.0/uk/</ext-link>) which permits unrestricted non-commercial use, distribution, and reproduction in any medium, provided the original work is properly cited.</license-p></license></permissions><abstract><p><bold>Motivation:</bold> Within a homologous protein family, proteins may be grouped into subtypes that share specific functions that are not common to the entire family. Often, the amino acids present in a small number of sequence positions determine each protein's particular function-al specificity. Knowledge of these specificity determining positions (SDPs) aids in protein function prediction, drug design and experimental analysis. A number of sequence-based computational methods have been introduced for identifying SDPs; however, their further development and evaluation have been hindered by the limited number of known experimentally determined SDPs.</p><p><bold>Results:</bold> We combine several bioinformatics resources to automate a process, typically undertaken manually, to build a dataset of SDPs. The resulting large dataset, which consists of SDPs in enzymes, enables us to characterize SDPs in terms of their physicochemical and evolution-ary properties. It also facilitates the large-scale evaluation of sequence-based SDP prediction methods. We present a simple sequence-based SDP prediction method, <italic>GroupSim</italic>, and show that, surprisingly, it is competitive with a representative set of current methods. We also describe <italic>ConsWin</italic>, a heuristic that considers sequence conservation of neighboring amino acids, and demonstrate that it improves the performance of all methods tested on our large dataset of enzyme SDPs.</p><p><bold>Availability:</bold> Datasets and <italic>GroupSim</italic> code are available online at <ext-link ext-link-type="uri" xlink:href="http://compbio.cs.princeton.edu/specificity/">http://compbio.cs.princeton.edu/specificity/</ext-link></p><p><bold>Contact:</bold><email>msingh@cs.princeton.edu</email></p><p><bold>Supplementary information:</bold><ext-link ext-link-type="uri" xlink:href="http://bioinformatics.oxfordjournals.org/cgi/content/full/btn214/DC1">Supplementary data</ext-link> are available at <italic>Bioinformatics</italic> online.</p></abstract></article-meta></front></article>