<article xmlns="https://dtd.nlm.nih.gov/ns/archiving/2.3/" xmlns:xsi="http://www.w3.org/2001/XMLSchema-instance" xmlns:mml="http://www.w3.org/1998/Math/MathML" xmlns:xlink="http://www.w3.org/1999/xlink" xsi:schemaLocation="https://dtd.nlm.nih.gov/ns/archiving/2.3/ https://dtd.nlm.nih.gov/archiving/2.3/xsd/archivearticle.xsd" article-type="research-article" xml:lang="EN"><front><journal-meta><journal-id journal-id-type="nlm-ta">Bioinformatics</journal-id><journal-id journal-id-type="publisher-id">bioinformatics</journal-id><journal-id journal-id-type="hwp">bioinfo</journal-id><journal-title>Bioinformatics</journal-title><issn pub-type="ppub">1367-4803</issn><issn pub-type="epub">1460-2059</issn><publisher><publisher-name>Oxford University Press</publisher-name></publisher></journal-meta><article-meta><article-id pub-id-type="accession">PMC2687941</article-id><article-id pub-id-type="pmcid">PMC2687941</article-id><article-id pub-id-type="pmc-uid">2687941</article-id><article-id pub-id-type="pmid">19359355</article-id><article-id pub-id-type="doi">10.1093/bioinformatics/btp185</article-id><article-id pub-id-type="publisher-id">btp185</article-id><article-categories><subj-group subj-group-type="heading"><subject>Applications Note</subject><subj-group><subject>Genetics and Population Analysis</subject></subj-group></subj-group></article-categories><title-group><article-title>A graphical algorithm for fast computation of identity coefficients and generalized kinship coefficients</article-title></title-group><contrib-group><contrib contrib-type="author"><name><surname>Abney</surname><given-names>Mark</given-names></name></contrib></contrib-group><aff>Department of Human Genetics, University of Chicago, 920 E 58th St., Chicago, IL 60637, USA</aff><author-notes><fn><p>Associate Editor: Martin Bishop</p></fn></author-notes><pub-date pub-type="ppub"><day>15</day><month>6</month><year>2009</year></pub-date><pub-date pub-type="epub"><day>9</day><month>4</month><year>2009</year></pub-date><volume>25</volume><issue>12</issue><fpage>1561</fpage><lpage>1563</lpage><history><date date-type="received"><day>12</day><month>2</month><year>2009</year></date><date date-type="rev-recd"><day>30</day><month>3</month><year>2009</year></date><date date-type="accepted"><day>31</day><month>3</month><year>2009</year></date></history><permissions><copyright-statement>© The Author 2009. Published by Oxford University Press. All rights reserved. For Permissions, please email: journals.permissions@oxfordjournals.org</copyright-statement><copyright-year>2009</copyright-year></permissions><abstract><p><bold>Summary:</bold> Computing the probability of identity by descent sharing among <italic>n</italic> genes given only the pedigree of those genes is a computationally challenging problem, if <italic>n</italic> or the pedigree size is large. Here, I present a novel graphical algorithm for efficiently computing all generalized kinship coefficients for n genes. The graphical description transforms the problem from doing many recursion on the pedigree to doing a single traversal of a structure referred to as the kinship graph.</p><p><bold>Availability:</bold> The algorithm is implemented for <italic>n</italic> = 4 in the software package IdCoefs at <ext-link ext-link-type="uri" xlink:href="http://home.uchicago.edu/abney/Software.html">http://home.uchicago.edu/abney/Software.html</ext-link>.</p><p><bold>Contact:</bold><email>abney@bsd.uchicago.edu</email></p><p><bold>Supplementary Information:</bold><ext-link ext-link-type="uri" xlink:href="http://bioinformatics.oxfordjournals.org/cgi/content/full/btp185/DC1">Supplementary data</ext-link> are available at <italic>Bioinformatics</italic> online.</p></abstract></article-meta></front></article>