<article xmlns="https://dtd.nlm.nih.gov/ns/archiving/2.3/" xmlns:xsi="http://www.w3.org/2001/XMLSchema-instance" xmlns:mml="http://www.w3.org/1998/Math/MathML" xmlns:xlink="http://www.w3.org/1999/xlink" xsi:schemaLocation="https://dtd.nlm.nih.gov/ns/archiving/2.3/ https://dtd.nlm.nih.gov/archiving/2.3/xsd/archivearticle.xsd" article-type="research-article" xml:lang="EN"><front><journal-meta><journal-id journal-id-type="nlm-ta">Bioinformatics</journal-id><journal-id journal-id-type="publisher-id">bioinformatics</journal-id><journal-id journal-id-type="hwp">bioinfo</journal-id><journal-title>Bioinformatics</journal-title><issn pub-type="ppub">1367-4803</issn><issn pub-type="epub">1460-2059</issn><publisher><publisher-name>Oxford University Press</publisher-name></publisher></journal-meta><article-meta><article-id pub-id-type="accession">PMC2687965</article-id><article-id pub-id-type="pmcid">PMC2687965</article-id><article-id pub-id-type="pmc-uid">2687965</article-id><article-id pub-id-type="pmid">19477983</article-id><article-id pub-id-type="doi">10.1093/bioinformatics/btp211</article-id><article-id pub-id-type="publisher-id">btp211</article-id><article-categories><subj-group subj-group-type="heading"><subject>Ismb/Eccb 2009 Conference Proceedings June 27 to July 2, 2009, Stockholm, Sweden</subject><subj-group><subject>Original Papers</subject><subj-group><subject>Other Bioinformatics Applications and Methods</subject></subj-group></subj-group></subj-group></article-categories><title-group><article-title>Fewer permutations, more accurate <italic>P</italic>-values</article-title></title-group><contrib-group><contrib contrib-type="author"><name><surname>Knijnenburg</surname><given-names>Theo A.</given-names></name><xref ref-type="aff" rid="AFF1"><sup>1</sup></xref><xref ref-type="corresp" rid="COR1">*</xref></contrib><contrib contrib-type="author"><name><surname>Wessels</surname><given-names>Lodewyk F. A.</given-names></name><xref ref-type="aff" rid="AFF1"><sup>2</sup></xref></contrib><contrib contrib-type="author"><name><surname>Reinders</surname><given-names>Marcel J. T.</given-names></name><xref ref-type="aff" rid="AFF1"><sup>3</sup></xref></contrib><contrib contrib-type="author"><name><surname>Shmulevich</surname><given-names>Ilya</given-names></name><xref ref-type="aff" rid="AFF1"><sup>1</sup></xref></contrib></contrib-group><aff id="AFF1"><sup>1</sup>Institute for Systems Biology, Seattle, WA, USA, <sup>2</sup>Bioinformatics and Statistics, The Netherlands Cancer Institute, Amsterdam and <sup>3</sup>Information and Communication Theory Group, Delft University of Technology, Delft, The Netherlands</aff><author-notes><corresp id="COR1">*To whom correspondence should be addressed.</corresp></author-notes><pub-date pub-type="ppub"><day>15</day><month>6</month><year>2009</year></pub-date><pub-date pub-type="epub"><day>27</day><month>5</month><year>2009</year></pub-date><pub-date pub-type="pmc-release"><day>27</day><month>5</month><year>2009</year></pub-date><!-- PMC Release delay is 0 months and 0 days and was based on the
			<pub-date pub-type="epub"/>. --><volume>25</volume><issue>12</issue><fpage>i161</fpage><lpage>i168</lpage><permissions><copyright-statement>© 2009 The Author(s)</copyright-statement><copyright-year>2009</copyright-year><license license-type="creative-commons" xlink:href="http://creativecommons.org/licenses/by-nc/2.0/uk/"><p><!--CREATIVE COMMONS-->This is an Open Access article distributed under the terms of the Creative Commons Attribution Non-Commercial License (<ext-link ext-link-type="uri" xlink:href="http://creativecommons.org/licenses/by-nc/2.0/uk/">http://creativecommons.org/licenses/by-nc/2.0/uk/</ext-link>) which permits unrestricted non-commercial use, distribution, and reproduction in any medium, provided the original work is properly cited.</p></license></permissions><abstract><p><bold>Motivation:</bold> Permutation tests have become a standard tool to assess the statistical significance of an event under investigation. The statistical significance, as expressed in a <italic>P</italic>-value, is calculated as the fraction of permutation values that are at least as extreme as the original statistic, which was derived from non-permuted data. This empirical method directly couples both the minimal obtainable <italic>P</italic>-value and the resolution of the <italic>P</italic>-value to the number of permutations. Thereby, it imposes upon itself the need for a very large number of permutations when small <italic>P</italic>-values are to be accurately estimated. This is computationally expensive and often infeasible.</p><p><bold>Results:</bold> A method of computing <italic>P</italic>-values based on tail approximation is presented. The tail of the distribution of permutation values is approximated by a generalized Pareto distribution. A good fit and thus accurate <italic>P</italic>-value estimates can be obtained with a drastically reduced number of permutations when compared with the standard empirical way of computing <italic>P</italic>-values.</p><p><bold>Availability:</bold> The Matlab code can be obtained from the corresponding author on request.</p><p><bold>Contact:</bold><email>tknijnenburg@systemsbiology.org</email></p><p><bold>Supplementary information:</bold><ext-link ext-link-type="uri" xlink:href="http://bioinformatics.oxfordjournals.org/cgi/content/full/btp211/DC1">Supplementary data</ext-link> are available at <italic>Bioinformatics</italic> online.</p></abstract></article-meta></front></article>