<article xmlns="https://dtd.nlm.nih.gov/ns/archiving/2.3/" xmlns:xsi="http://www.w3.org/2001/XMLSchema-instance" xmlns:mml="http://www.w3.org/1998/Math/MathML" xmlns:xlink="http://www.w3.org/1999/xlink" xsi:schemaLocation="https://dtd.nlm.nih.gov/ns/archiving/2.3/ https://dtd.nlm.nih.gov/archiving/2.3/xsd/archivearticle.xsd" article-type="research-article" xml:lang="EN"><front><journal-meta><journal-id journal-id-type="nlm-ta">Bioinformatics</journal-id><journal-id journal-id-type="publisher-id">bioinformatics</journal-id><journal-id journal-id-type="hwp">bioinfo</journal-id><journal-title>Bioinformatics</journal-title><issn pub-type="ppub">1367-4803</issn><issn pub-type="epub">1460-2059</issn><publisher><publisher-name>Oxford University Press</publisher-name></publisher></journal-meta><article-meta><article-id pub-id-type="accession">PMC2638938</article-id><article-id pub-id-type="pmcid">PMC2638938</article-id><article-id pub-id-type="pmc-uid">2638938</article-id><article-id pub-id-type="pmid">19010804</article-id><article-id pub-id-type="doi">10.1093/bioinformatics/btn590</article-id><article-id pub-id-type="publisher-id">btn590</article-id><article-id pub-id-type="pmid">19010804</article-id><article-categories><subj-group subj-group-type="heading"><subject>Applications Note</subject><subj-group><subject>Data and Text Mining</subject></subj-group></subj-group></article-categories><title-group><article-title>CRONOS: the cross-reference navigation server</article-title></title-group><contrib-group><contrib contrib-type="author"><name><surname>Waegele</surname><given-names>Brigitte</given-names></name><xref ref-type="aff" rid="AFF1"><sup>1</sup></xref><xref ref-type="corresp" rid="COR1">*</xref></contrib><contrib contrib-type="author"><name><surname>Dunger-Kaltenbach</surname><given-names>Irmtraud</given-names></name><xref ref-type="aff" rid="AFF1"><sup>1</sup></xref></contrib><contrib contrib-type="author"><name><surname>Fobo</surname><given-names>Gisela</given-names></name><xref ref-type="aff" rid="AFF1"><sup>1</sup></xref></contrib><contrib contrib-type="author"><name><surname>Montrone</surname><given-names>Corinna</given-names></name><xref ref-type="aff" rid="AFF1"><sup>1</sup></xref></contrib><contrib contrib-type="author"><name><surname>Mewes</surname><given-names>H.-Werner</given-names></name><xref ref-type="aff" rid="AFF1"><sup>1</sup></xref><xref ref-type="aff" rid="AFF1"><sup>2</sup></xref></contrib><contrib contrib-type="author"><name><surname>Ruepp</surname><given-names>Andreas</given-names></name><xref ref-type="aff" rid="AFF1"><sup>1</sup></xref></contrib></contrib-group><aff id="AFF1"><sup>1</sup>Institute for Bioinformatics and Systems Biology (MIPS), Helmholtz Zentrum München – German Research Center for Environmental Health (GmbH), Ingolstädter Landstraße 1, D-85764 Neuherberg and <sup>2</sup>Chair of Genome-oriented Bioinformatics, Life and Food Science Center Weihenstephan, Am Forum 1, Technische Universität München, Life and Food Science Center Weihenstephan, Am Forum 1, D-85354 Freising-Weihenstephan, Germany</aff><author-notes><corresp id="COR1">*To whom correspondence should be addressed.</corresp><fn><p>Associate Editor: Martin Bishop</p></fn></author-notes><pub-date pub-type="ppub"><day>1</day><month>1</month><year>2009</year></pub-date><pub-date pub-type="epub"><day>13</day><month>11</month><year>2008</year></pub-date><pub-date pub-type="pmc-release"><day>13</day><month>11</month><year>2008</year></pub-date><volume>25</volume><issue>1</issue><fpage>141</fpage><lpage>143</lpage><history><date date-type="received"><day>13</day><month>8</month><year>2008</year></date><date date-type="rev-recd"><day>11</day><month>11</month><year>2008</year></date><date date-type="accepted"><day>11</day><month>11</month><year>2008</year></date></history><permissions><copyright-statement>© The Author(s)</copyright-statement><copyright-year>2008</copyright-year><license license-type="creative-commons" xlink:href="http://creativecommons.org/licenses/by-nc/2.0/uk/"><p><!--CREATIVE COMMONS-->This is an Open Access article distributed under the terms of the Creative Commons Attribution Non-Commercial License (<ext-link ext-link-type="uri" xlink:href="http://creativecommons.org/licenses/by-nc/2.0/uk/">http://creativecommons.org/licenses/by-nc/2.0/uk/</ext-link>) which permits unrestricted non-commercial use, distribution, and reproduction in any medium, provided the original work is properly cited.</p></license></permissions><abstract><p><bold>Summary:</bold> Cross-mapping of gene and protein identifiers between different databases is a tedious and time-consuming task. To overcome this, we developed CRONOS, a cross-reference server that contains entries from five mammalian organisms presented by major gene and protein information resources. Sequence similarity analysis of the mapped entries shows that the cross-references are highly accurate. In total, up to 18 different identifier types can be used for identification of cross-references. The quality of the mapping could be improved substantially by exclusion of ambiguous gene and protein names which were manually validated. Organism-specific lists of ambiguous terms, which are valuable for a variety of bioinformatics applications like text mining are available for download.</p><p><bold>Availability:</bold> CRONOS is freely available to non-commercial users at <ext-link ext-link-type="uri" xlink:href="http://mips.gsf.de/genre/proj/cronos/index.html">http://mips.gsf.de/genre/proj/cronos/index.html</ext-link>, web services are available at <ext-link ext-link-type="uri" xlink:href="http://mips.gsf.de/CronosWSService/CronosWS?wsdl">http://mips.gsf.de/CronosWSService/CronosWS?wsdl</ext-link>.</p><p><bold>Contact:</bold><email>brigitte.waegele@helmholtz-muenchen.de</email></p><p><bold>Supplementary information:</bold><ext-link ext-link-type="uri" xlink:href="http://bioinformatics.oxfordjournals.org/cgi/content/full/btn590/DC1">Supplementary data</ext-link> are available at <italic>Bioinformatics</italic> online. The online Supplementary Material contains all figures and tables referenced by this article.</p></abstract></article-meta></front></article>