<article xmlns="https://jats.nlm.nih.gov/ns/archiving/1.2/" xmlns:xsi="http://www.w3.org/2001/XMLSchema-instance" xmlns:mml="http://www.w3.org/1998/Math/MathML" xmlns:xlink="http://www.w3.org/1999/xlink" xmlns:ali="http://www.niso.org/schemas/ali/1.0" xsi:schemaLocation="https://jats.nlm.nih.gov/ns/archiving/1.2/ https://jats.nlm.nih.gov/archiving/1.2/xsd/JATS-archivearticle1.xsd" article-type="research-article"><front><journal-meta><journal-id journal-id-type="nlm-ta">Bioinformatics</journal-id><journal-id journal-id-type="iso-abbrev">Bioinformatics</journal-id><journal-id journal-id-type="publisher-id">bioinformatics</journal-id><journal-id journal-id-type="hwp">bioinfo</journal-id><journal-title-group><journal-title>Bioinformatics</journal-title></journal-title-group><issn pub-type="ppub">1367-4803</issn><issn pub-type="epub">1367-4811</issn><publisher><publisher-name>Oxford University Press</publisher-name></publisher></journal-meta><article-meta><article-id pub-id-type="accession">PMC2639305</article-id><article-id pub-id-type="pmcid">PMC2639305</article-id><article-id pub-id-type="pmc-uid">2639305</article-id><article-id pub-id-type="pmid">18974167</article-id><article-id pub-id-type="pmid">18974167</article-id><article-id pub-id-type="doi">10.1093/bioinformatics/btn541</article-id><article-id pub-id-type="publisher-id">btn541</article-id><article-categories><subj-group subj-group-type="heading"><subject>Applications Note</subject><subj-group subj-group-type="heading"><subject>Sequence Analysis</subject></subj-group></subj-group></article-categories><title-group><article-title><italic>iMapper</italic>: a web application for the automated analysis and mapping of insertional mutagenesis sequence data against Ensembl genomes</article-title></title-group><contrib-group><contrib contrib-type="author"><name><surname>Kong</surname><given-names>Jun</given-names></name></contrib><contrib contrib-type="author"><name><surname>Zhu</surname><given-names>Fei</given-names></name></contrib><contrib contrib-type="author"><name><surname>Stalker</surname><given-names>Jim</given-names></name></contrib><contrib contrib-type="author"><name><surname>Adams</surname><given-names>David J.</given-names></name><xref ref-type="corresp" rid="COR1">*</xref></contrib></contrib-group><aff>Experimental Cancer Genetics, The Wellcome Trust Sanger Institute, Hinxton, Cambs, CB10 1HH, UK</aff><author-notes><corresp id="COR1">*To whom correspondence should be addressed.</corresp><fn><p>Associate Editor: Dmitrij Frishman</p></fn></author-notes><pub-date pub-type="ppub"><day>15</day><month>12</month><year>2008</year></pub-date><pub-date pub-type="epub"><day>30</day><month>10</month><year>2008</year></pub-date><pub-date pub-type="pmc-release"><day>30</day><month>10</month><year>2008</year></pub-date><!-- PMC Release delay is 0 months and 0 days and was based on the
							<pub-date pub-type="epub"/>. --><volume>24</volume><issue>24</issue><fpage>2923</fpage><lpage>2925</lpage><history><date date-type="received"><day>1</day><month>9</month><year>2008</year></date><date date-type="rev-recd"><day>30</day><month>9</month><year>2008</year></date><date date-type="accepted"><day>16</day><month>10</month><year>2008</year></date></history><permissions><copyright-statement>© 2008 The Author(s)</copyright-statement><copyright-year>2008</copyright-year><license license-type="creative-commons" xlink:href="http://creativecommons.org/licenses/by-nc/2.0/uk/"><license-p><!--CREATIVE COMMONS-->This is an Open Access article distributed under the terms of the Creative Commons Attribution Non-Commercial License (<ext-link ext-link-type="uri" xlink:href="http://creativecommons.org/licenses/by-nc/2.0/uk/">http://creativecommons.org/licenses/by-nc/2.0/uk/</ext-link>) which permits unrestricted non-commercial use, distribution, and reproduction in any medium, provided the original work is properly cited.</license-p></license></permissions><abstract><p><bold>Summary:</bold> Insertional mutagenesis is a powerful method for gene discovery. To identify the location of insertion sites in the genome linker based polymerase chain reaction (PCR) methods (such as splinkerette-PCR) may be employed. We have developed a web application called <italic>iMapper</italic> (Insertional Mutagenesis Mapping and Analysis Tool) for the efficient analysis of insertion site sequence reads against vertebrate and invertebrate Ensembl genomes. Taking linker based sequences as input, <italic>iMapper</italic> scans and trims the sequence to remove the linker and sequences derived from the insertional mutagen. The software then identifies and removes contaminating sequences derived from chimeric genomic fragments, vector or the transposon concatamer and then presents the clipped sequence reads to a sequence mapping server which aligns them to an Ensembl genome. Insertion sites can then be navigated in Ensembl in the context of genomic features such as gene structures. <italic>iMapper</italic> also generates test-based format for nucleic acid or protein sequences (FASTA) and generic file format (GFF) files of the clipped sequence reads and provides a graphical overview of the mapped insertion sites against a karyotype. <italic>iMapper</italic> is designed for high-throughput applications and can efficiently process thousands of DNA sequence reads.</p><p><bold>Availability:</bold><italic>iMapper</italic> is web based and can be accessed at <ext-link ext-link-type="uri" xlink:href="http://www.sanger.ac.uk/cgi-bin/teams/team113/imapper.cgi">http://www.sanger.ac.uk/cgi-bin/teams/team113/imapper.cgi</ext-link>.</p><p><bold>Contact:</bold><email>da1@sanger.ac.uk</email>; <email>iMapper@sanger.ac.uk</email></p><p><bold>Supplementary information:</bold><ext-link ext-link-type="uri" xlink:href="http://bioinformatics.oxfordjournals.org/cgi/content/full/btn541/DC1">Supplementary data</ext-link> are available at <italic>Bioinformatics</italic> online.</p></abstract></article-meta></front></article>