<article xmlns="https://jats.nlm.nih.gov/ns/archiving/1.2/" xmlns:xsi="http://www.w3.org/2001/XMLSchema-instance" xmlns:mml="http://www.w3.org/1998/Math/MathML" xmlns:xlink="http://www.w3.org/1999/xlink" xsi:schemaLocation="https://jats.nlm.nih.gov/ns/archiving/1.2/ https://jats.nlm.nih.gov/archiving/1.2/xsd/JATS-archivearticle1.xsd" article-type="research-article"><front><journal-meta><journal-id journal-id-type="nlm-ta">Bioinformatics</journal-id><journal-id journal-id-type="publisher-id">bioinformatics</journal-id><journal-id journal-id-type="hwp">bioinfo</journal-id><journal-title-group><journal-title>Bioinformatics</journal-title></journal-title-group><issn pub-type="ppub">1367-4803</issn><issn pub-type="epub">1460-2059</issn><publisher><publisher-name>Oxford University Press</publisher-name></publisher></journal-meta><article-meta><article-id pub-id-type="accession">PMC2735673</article-id><article-id pub-id-type="pmcid">PMC2735673</article-id><article-id pub-id-type="pmc-uid">2735673</article-id><article-id pub-id-type="pmid">19628508</article-id><article-id pub-id-type="doi">10.1093/bioinformatics/btp431</article-id><article-id pub-id-type="publisher-id">btp431</article-id><article-categories><subj-group subj-group-type="heading"><subject>Applications Note</subject><subj-group><subject>Genetics and Population Analysis</subject></subj-group></subj-group></article-categories><title-group><article-title>Path: a tool to facilitate pathway-based genetic association analysis</article-title></title-group><contrib-group><contrib contrib-type="author"><name><surname>Zamar</surname><given-names>David</given-names></name></contrib><contrib contrib-type="author"><name><surname>Tripp</surname><given-names>Ben</given-names></name></contrib><contrib contrib-type="author"><name><surname>Ellis</surname><given-names>George</given-names></name></contrib><contrib contrib-type="author"><name><surname>Daley</surname><given-names>Denise</given-names></name><xref ref-type="corresp" rid="COR1">*</xref></contrib></contrib-group><aff>James Hogg iCAPTURE Center, University of British Columbia (UBC), Vancouver, BC, Canada V6Z1Y6</aff><author-notes><corresp id="COR1">*To whom correspondence should be addressed.</corresp><fn><p>Associate Editor: Jeffrey Barrett</p></fn></author-notes><pub-date pub-type="ppub"><day>15</day><month>9</month><year>2009</year></pub-date><pub-date pub-type="epub"><day>23</day><month>7</month><year>2009</year></pub-date><pub-date pub-type="pmc-release"><day>23</day><month>7</month><year>2009</year></pub-date><!-- PMC Release delay is 0 months and 0 days and was based on the
							<pub-date pub-type="epub"/>. --><volume>25</volume><issue>18</issue><fpage>2444</fpage><lpage>2446</lpage><history><date date-type="received"><day>9</day><month>3</month><year>2009</year></date><date date-type="rev-recd"><day>11</day><month>7</month><year>2009</year></date><date date-type="accepted"><day>13</day><month>7</month><year>2009</year></date></history><permissions><license license-type="creative-commons" xlink:href="http://creativecommons.org/licenses/by-nc/2.0/uk/"><license-p><!--CREATIVE COMMONS-->This is an Open Access article distributed under the terms of the Creative Commons Attribution Non-Commercial License (<ext-link ext-link-type="uri" xlink:href="http://creativecommons.org/licenses/by-nc/2.0/uk/">http://creativecommons.org/licenses/by-nc/2.0/uk/</ext-link>) which permits unrestricted non-commercial use, distribution, and reproduction in any medium, provided the original work is properly cited.</license-p></license></permissions><abstract><p><bold>Summary:</bold> Traditional methods of genetic study design and analysis work well under the scenario that a handful of single nucleotide polymorphisms (SNPs) independently contribute to the risk of disease. For complex diseases, susceptibility may be determined not by a single SNP, but rather a complex interplay between SNPs. For large studies involving hundreds of thousands of SNPs, a brute force search of all possible combinations of SNPs associated with disease is not only inefficient, but also results in a multiple testing paradigm, whereby larger and larger sample sizes are needed to maintain statistical power. Pathway-based methods are an example of one of the many approaches in identifying a subset of SNPs to test for interaction. To help determine which SNP–SNP interactions to test, we developed Path, a software application designed to help researchers interface their data with biological information from several bioinformatics resources. To this end, our application brings together currently available information from nine online bioinformatics resources including the National Center for Biotechnology Information (NCBI), Online Mendelian Inheritance in Man (OMIM), Kyoto Encyclopedia of Genes and Genomes (KEGG), UCSC Genome Browser, Seattle SNPs, PharmGKB, Genetic Association Database, the Single Nucleotide Polymorphism database (dbSNP) and the Innate Immune Database (IIDB).</p><p><bold>Availability:</bold> The software, example datasets and tutorials are freely available from <ext-link ext-link-type="uri" xlink:href="http://genapha.icapture.ubc.ca/PathTutorial">http://genapha.icapture.ubc.ca/PathTutorial</ext-link>.</p><p><bold>Contact:</bold><email>ddaley@mrl.ubc.ca</email></p></abstract></article-meta></front></article>