<article xmlns="https://dtd.nlm.nih.gov/ns/archiving/2.3/" xmlns:xsi="http://www.w3.org/2001/XMLSchema-instance" xmlns:mml="http://www.w3.org/1998/Math/MathML" xmlns:xlink="http://www.w3.org/1999/xlink" xsi:schemaLocation="https://dtd.nlm.nih.gov/ns/archiving/2.3/ https://dtd.nlm.nih.gov/archiving/2.3/xsd/archivearticle.xsd" article-type="research-article" xml:lang="EN"><front><journal-meta><journal-id journal-id-type="nlm-ta">Bioinformatics</journal-id><journal-id journal-id-type="publisher-id">bioinformatics</journal-id><journal-id journal-id-type="hwp">bioinfo</journal-id><journal-title>Bioinformatics</journal-title><issn pub-type="ppub">1367-4803</issn><issn pub-type="epub">1460-2059</issn><publisher><publisher-name>Oxford University Press</publisher-name></publisher></journal-meta><article-meta><article-id pub-id-type="accession">PMC2672625</article-id><article-id pub-id-type="pmcid">PMC2672625</article-id><article-id pub-id-type="pmc-uid">2672625</article-id><article-id pub-id-type="pmid">19237445</article-id><article-id pub-id-type="doi">10.1093/bioinformatics/btp108</article-id><article-id pub-id-type="publisher-id">btp108</article-id><article-categories><subj-group subj-group-type="heading"><subject>Original Papers</subject><subj-group><subject>Structural Bioinformatics</subject></subj-group></subj-group></article-categories><title-group><article-title>The ruggedness of protein–protein energy landscape and the cutoff for 1/<italic>r</italic><sup><italic>n</italic></sup> potentials</article-title></title-group><contrib-group><contrib contrib-type="author"><name><surname>Ruvinsky</surname><given-names>Anatoly M.</given-names></name><xref ref-type="aff" rid="AFF1"><sup>1</sup></xref></contrib><contrib contrib-type="author"><name><surname>Vakser</surname><given-names>Ilya A.</given-names></name><xref ref-type="aff" rid="AFF1"><sup>1</sup></xref><xref ref-type="aff" rid="AFF1"><sup>2</sup></xref><xref ref-type="corresp" rid="COR1">*</xref></contrib></contrib-group><aff id="AFF1"><sup>1</sup>Center for Bioinformatics and <sup>2</sup>Department of Molecular Biosciences, The University of Kansas, Lawrence, KS 66047, USA</aff><author-notes><corresp id="COR1">*To whom correspondence should be addressed.</corresp><fn><p>Associate Editor: Burkhard Rost</p></fn></author-notes><pub-date pub-type="ppub"><day>1</day><month>5</month><year>2009</year></pub-date><pub-date pub-type="epub"><day>23</day><month>2</month><year>2009</year></pub-date><volume>25</volume><issue>9</issue><fpage>1132</fpage><lpage>1136</lpage><history><date date-type="received"><day>18</day><month>12</month><year>2008</year></date><date date-type="rev-recd"><day>19</day><month>2</month><year>2009</year></date><date date-type="accepted"><day>19</day><month>2</month><year>2009</year></date></history><permissions><copyright-statement>© The Author 2009. Published by Oxford University Press. All rights reserved. For Permissions, please email: journals.permissions@oxfordjournals.org</copyright-statement><copyright-year>2009</copyright-year></permissions><abstract><p><bold>Motivation:</bold> Computational studies of the energetics of protein association are important for revealing the underlying fundamental principles and for designing better tools to model protein complexes. The interaction cutoff contribution to the ruggedness of protein–protein energy landscape is studied in terms of relative energy fluctuations for 1/<italic>r</italic><sup><italic>n</italic></sup> potentials based on a simplistic model of a protein complex. This artificial ruggedness exists for short cutoffs and gradually disappears with the cutoff increase.</p><p><bold>Results:</bold> The critical values of the cutoff were calculated for each of 11 popular power-type potentials with <italic>n</italic>=0÷9, 12 and for two thresholds of 5% and 10%. The artificial ruggedness decreases to tolerable thresholds for cutoffs larger than the critical ones. The results showed that for both thresholds the critical cutoff is a non-monotonic function of the potential power <italic>n</italic>. The functions reach the maximum at <italic>n</italic>=3÷4 and then decrease with the increase of the potential power. The difference between two cutoffs for 5% and 10% artificial ruggedness becomes negligible for potentials decreasing faster than 1/<italic>r</italic><sup>12</sup>. The analytical results obtained for the simple model of protein complexes agree with the analysis of artificial ruggedness in a dataset of 62 protein–protein complexes, with different parameterizations of soft Lennard–Jones potential and two types of protein representations: all-atom and coarse-grained. The results suggest that cutoffs larger than the critical ones can be recommended for protein–protein potentials.</p><p><bold>Contact:</bold><email>vakser@ku.edu</email></p></abstract></article-meta></front></article>