<article xmlns="https://dtd.nlm.nih.gov/ns/archiving/2.3/" xmlns:xsi="http://www.w3.org/2001/XMLSchema-instance" xmlns:mml="http://www.w3.org/1998/Math/MathML" xmlns:xlink="http://www.w3.org/1999/xlink" xsi:schemaLocation="https://dtd.nlm.nih.gov/ns/archiving/2.3/ https://dtd.nlm.nih.gov/archiving/2.3/xsd/archivearticle.xsd" article-type="research-article" xml:lang="EN"><front><journal-meta><journal-id journal-id-type="nlm-ta">Bioinformatics</journal-id><journal-id journal-id-type="publisher-id">bioinformatics</journal-id><journal-id journal-id-type="hwp">bioinfo</journal-id><journal-title>Bioinformatics</journal-title><issn pub-type="ppub">1367-4803</issn><issn pub-type="epub">1460-2059</issn><publisher><publisher-name>Oxford University Press</publisher-name></publisher></journal-meta><article-meta><article-id pub-id-type="accession">PMC2666814</article-id><article-id pub-id-type="pmcid">PMC2666814</article-id><article-id pub-id-type="pmc-uid">2666814</article-id><article-id pub-id-type="pmid">19237444</article-id><article-id pub-id-type="doi">10.1093/bioinformatics/btp104</article-id><article-id pub-id-type="publisher-id">btp104</article-id><article-categories><subj-group subj-group-type="heading"><subject>Original Papers</subject><subj-group><subject>Genetics and Population Analysis</subject></subj-group></subj-group></article-categories><title-group><article-title>Array-based genotyping in <italic>S.cerevisiae</italic> using semi-supervised clustering</article-title></title-group><contrib-group><contrib contrib-type="author"><name><surname>Bourgon</surname><given-names>Richard</given-names></name><xref ref-type="aff" rid="AFF1"><sup>1</sup></xref><xref ref-type="corresp" rid="COR1">*</xref></contrib><contrib contrib-type="author"><name><surname>Mancera</surname><given-names>Eugenio</given-names></name><xref ref-type="aff" rid="AFF1"><sup>2</sup></xref></contrib><contrib contrib-type="author"><name><surname>Brozzi</surname><given-names>Alessandro</given-names></name><xref ref-type="aff" rid="AFF1"><sup>1</sup></xref></contrib><contrib contrib-type="author"><name><surname>Steinmetz</surname><given-names>Lars M.</given-names></name><xref ref-type="aff" rid="AFF1"><sup>2</sup></xref></contrib><contrib contrib-type="author"><name><surname>Huber</surname><given-names>Wolfgang</given-names></name><xref ref-type="aff" rid="AFF1"><sup>1</sup></xref></contrib></contrib-group><aff id="AFF1"><sup>1</sup>EMBL - European Bioinformatics Institute, Wellcome Trust Genome Campus, Hinxton, Cambridge CB10 1SD, UK and <sup>2</sup>European Molecular Biology Laboratory, Meyerhofstrasse 1, 69117 Heidelberg, Germany</aff><author-notes><corresp id="COR1">*To whom correspondence should be addressed.</corresp><fn><p>Associate Editor: Martin Bishop</p></fn></author-notes><pub-date pub-type="ppub"><day>15</day><month>4</month><year>2009</year></pub-date><pub-date pub-type="epub"><day>23</day><month>2</month><year>2009</year></pub-date><pub-date pub-type="pmc-release"><day>23</day><month>2</month><year>2009</year></pub-date><!-- PMC Release delay is 0 months and 0 days and was based on the
			<pub-date pub-type="epub"/>. --><volume>25</volume><issue>8</issue><fpage>1056</fpage><lpage>1062</lpage><history><date date-type="received"><day>28</day><month>12</month><year>2008</year></date><date date-type="rev-recd"><day>1</day><month>2</month><year>2009</year></date><date date-type="accepted"><day>17</day><month>2</month><year>2009</year></date></history><permissions><copyright-statement>© 2009 The Author(s)</copyright-statement><copyright-year>2009</copyright-year><license license-type="creative-commons" xlink:href="http://creativecommons.org/licenses/by-nc/2.0/uk/"><p><!--CREATIVE COMMONS-->This is an Open Access article distributed under the terms of the Creative Commons Attribution Non-Commercial License (<ext-link ext-link-type="uri" xlink:href="http://creativecommons.org/licenses/by-nc/2.0/uk/">http://creativecommons.org/licenses/by-nc/2.0/uk/</ext-link>) which permits unrestricted non-commercial use, distribution, and reproduction in any medium, provided the original work is properly cited.</p></license></permissions><abstract><p><bold>Motivation:</bold> Microarrays provide an accurate and cost-effective method for genotyping large numbers of individuals at high resolution. The resulting data permit the identification of loci at which genetic variation is associated with quantitative traits, or fine mapping of meiotic recombination, which is a key determinant of genetic diversity among individuals. Several issues inherent to short oligonucleotide arrays—cross-hybridization, or variability in probe response to target—have the potential to produce genotyping errors. There is a need for improved statistical methods for array-based genotyping.</p><p><bold>Results:</bold> We developed ssGenotyping (ssG), a multivariate, semi-supervised approach for using microarrays to genotype haploid individuals at thousands of polymorphic sites. Using a meiotic recombination dataset, we show that ssG is more accurate than existing supervised classification methods, and that it produces denser marker coverage. The ssG algorithm is able to fit probe-specific affinity differences and to detect and filter spurious signal, permitting high-confidence genotyping at nucleotide resolution. We also demonstrate that oligonucleotide probe response depends significantly on genomic background, even when the probe's specific target sequence is unchanged. As a result, supervised classifiers trained on reference strains may not generalize well to diverged strains; ssG's semi-supervised approach, on the other hand, adapts automatically.</p><p><bold>Availability:</bold> The ssGenotyping software is implemented in R. It is currently available for download (<ext-link ext-link-type="uri" xlink:href="www.ebi.ac.uk/∼bourgon/yeast_genotyping/ssG">www.ebi.ac.uk/∼bourgon/yeast_genotyping/ssG</ext-link>) and is being submitted to Bioconductor.</p><p><bold>Contact:</bold><email>bourgon@ebi.ac.uk</email></p><p><bold>Supplementary information:</bold><ext-link ext-link-type="uri" xlink:href="http://bioinformatics.oxfordjournals.org/cgi/content/full/btp104/DC1">Supplementary data</ext-link> and a version including color figures are available at <italic>Bioinformatics</italic> online.</p></abstract></article-meta></front></article>