<article xmlns="https://dtd.nlm.nih.gov/ns/archiving/2.3/" xmlns:xsi="http://www.w3.org/2001/XMLSchema-instance" xmlns:mml="http://www.w3.org/1998/Math/MathML" xmlns:xlink="http://www.w3.org/1999/xlink" xsi:schemaLocation="https://dtd.nlm.nih.gov/ns/archiving/2.3/ https://dtd.nlm.nih.gov/archiving/2.3/xsd/archivearticle.xsd" article-type="research-article" xml:lang="EN"><front><journal-meta><journal-id journal-id-type="nlm-ta">Bioinformatics</journal-id><journal-id journal-id-type="publisher-id">bioinformatics</journal-id><journal-id journal-id-type="hwp">bioinfo</journal-id><journal-title>Bioinformatics</journal-title><issn pub-type="ppub">1367-4803</issn><issn pub-type="epub">1460-2059</issn><publisher><publisher-name>Oxford University Press</publisher-name></publisher></journal-meta><article-meta><article-id pub-id-type="accession">PMC2387223</article-id><article-id pub-id-type="pmcid">PMC2387223</article-id><article-id pub-id-type="pmc-uid">2387223</article-id><article-id pub-id-type="pmid">18400773</article-id><article-id pub-id-type="doi">10.1093/bioinformatics/btn117</article-id><article-id pub-id-type="publisher-id">btn117</article-id><article-id pub-id-type="pmid">18400773</article-id><article-categories><subj-group subj-group-type="heading"><subject>Applications Notes</subject><subj-group><subject>Data and Text Mining</subject></subj-group></subj-group></article-categories><title-group><article-title>MedEvi: Retrieving textual evidence of relations between biomedical concepts from Medline</article-title></title-group><contrib-group><contrib contrib-type="author"><name><surname>Kim</surname><given-names>Jung-jae</given-names></name><xref ref-type="corresp" rid="COR1">*</xref></contrib><contrib contrib-type="author"><name><surname>Pȩzik</surname><given-names>Piotr</given-names></name></contrib><contrib contrib-type="author"><name><surname>Rebholz-Schuhmann</surname><given-names>Dietrich</given-names></name></contrib></contrib-group><aff>EMBL-EBI, Wellcome Trust Genome Campus, Hinxton, Cambridge CB10 1SD, UK</aff><author-notes><corresp id="COR1">*To whom correspondence should be addressed.</corresp><fn><p>Associate Editor: Alfonso Valencia</p></fn></author-notes><pub-date pub-type="ppub"><day>1</day><month>6</month><year>2008</year></pub-date><pub-date pub-type="epub"><day>9</day><month>4</month><year>2008</year></pub-date><pub-date pub-type="pmc-release"><day>9</day><month>4</month><year>2008</year></pub-date><volume>24</volume><issue>11</issue><fpage>1410</fpage><lpage>1412</lpage><history><date date-type="received"><day>8</day><month>11</month><year>2007</year></date><date date-type="rev-recd"><day>18</day><month>1</month><year>2008</year></date><date date-type="accepted"><day>31</day><month>3</month><year>2008</year></date></history><permissions><copyright-statement>© 2008 The Author(s)</copyright-statement><copyright-year>2008</copyright-year><license license-type="creative-commons" xlink:href="http://creativecommons.org/licenses/by-nc/2.0/uk/"><p><!--CREATIVE COMMONS-->This is an Open Access article distributed under the terms of the Creative Commons Attribution Non-Commercial License (<ext-link ext-link-type="uri" xlink:href="http://creativecommons.org/licenses/by-nc/2.0/uk/">http://creativecommons.org/licenses/by-nc/2.0/uk/</ext-link>) which permits unrestricted non-commercial use, distribution, and reproduction in any medium, provided the original work is properly cited.</p></license></permissions><abstract><p><bold>Summary:</bold> Search engines running on MEDLINE abstracts have been widely used by biologists to find publications that are related to their research. The existing search engines such as PubMed, however, have limitations when applied for the task of seeking textual evidence of relations between given concepts. The limitations are mainly due to the problem that the search engines do not effectively deal with multi-term queries which may imply semantic relations between the terms. To address this problem, we present MedEvi, a novel search engine that imposes positional restriction on occurrences matching multi-term queries, based on the observation that terms with semantic relations which are explicitly stated in text are not found too far from each other. MedEvi further identifies additional keywords of biological and statistical significance from local context of matching occurrences in order to help users reformulate their queries for better results.</p><p><bold>Availability:</bold><ext-link ext-link-type="uri" xlink:href="http://www.ebi.ac.uk/tc-test/textmining/medevi/">http://www.ebi.ac.uk/tc-test/textmining/medevi/</ext-link></p><p><bold>Contact:</bold><email>kim@ebi.ac.uk</email></p></abstract></article-meta></front></article>