<article xmlns="https://dtd.nlm.nih.gov/ns/archiving/2.3/" xmlns:xsi="http://www.w3.org/2001/XMLSchema-instance" xmlns:mml="http://www.w3.org/1998/Math/MathML" xmlns:xlink="http://www.w3.org/1999/xlink" xsi:schemaLocation="https://dtd.nlm.nih.gov/ns/archiving/2.3/ https://dtd.nlm.nih.gov/archiving/2.3/xsd/archivearticle.xsd" article-type="research-article" xml:lang="EN"><front><journal-meta><journal-id journal-id-type="nlm-ta">Bioinformatics</journal-id><journal-id journal-id-type="publisher-id">bioinformatics</journal-id><journal-id journal-id-type="hwp">bioinfo</journal-id><journal-title>Bioinformatics</journal-title><issn pub-type="ppub">1367-4803</issn><issn pub-type="epub">1460-2059</issn><publisher><publisher-name>Oxford University Press</publisher-name></publisher></journal-meta><article-meta><article-id pub-id-type="accession">PMC2682523</article-id><article-id pub-id-type="pmcid">PMC2682523</article-id><article-id pub-id-type="pmc-uid">2682523</article-id><article-id pub-id-type="pmid">19357099</article-id><article-id pub-id-type="doi">10.1093/bioinformatics/btp236</article-id><article-id pub-id-type="publisher-id">btp236</article-id><article-categories><subj-group subj-group-type="heading"><subject>Original Papers</subject><subj-group><subject>Sequence Analysis</subject></subj-group></subj-group></article-categories><title-group><article-title>CloudBurst: highly sensitive read mapping with MapReduce</article-title></title-group><contrib-group><contrib contrib-type="author"><name><surname>Schatz</surname><given-names>Michael C.</given-names></name><xref ref-type="corresp" rid="COR1">*</xref></contrib></contrib-group><aff>Center for Bioinformatics and Computational Biology, University of Maryland, College Park MD 20742, USA</aff><author-notes><corresp id="COR1">*To whom correspondence should be addressed.</corresp><fn><p>Associate Editor: Alfenso Valencia</p></fn></author-notes><pub-date pub-type="ppub"><day>1</day><month>6</month><year>2009</year></pub-date><pub-date pub-type="epub"><day>8</day><month>4</month><year>2009</year></pub-date><pub-date pub-type="pmc-release"><day>8</day><month>4</month><year>2009</year></pub-date><!-- PMC Release delay is 0 months and 0 days and was based on the
			<pub-date pub-type="epub"/>. --><volume>25</volume><issue>11</issue><fpage>1363</fpage><lpage>1369</lpage><history><date date-type="received"><day>25</day><month>11</month><year>2008</year></date><date date-type="rev-recd"><day>12</day><month>3</month><year>2009</year></date><date date-type="accepted"><day>3</day><month>4</month><year>2009</year></date></history><permissions><copyright-statement>© 2009 The Author(s)</copyright-statement><copyright-year>2009</copyright-year><license license-type="creative-commons" xlink:href="http://creativecommons.org/licenses/by-nc/2.0/uk/"><p><!--CREATIVE COMMONS-->This is an Open Access article distributed under the terms of the Creative Commons Attribution Non-Commercial License (<ext-link ext-link-type="uri" xlink:href="http://creativecommons.org/licenses/by-nc/2.0/uk/">http://creativecommons.org/licenses/by-nc/2.0/uk/</ext-link>) which permits unrestricted non-commercial use, distribution, and reproduction in any medium, provided the original work is properly cited.</p></license></permissions><abstract><p><bold>Motivation:</bold> Next-generation DNA sequencing machines are generating an enormous amount of sequence data, placing unprecedented demands on traditional single-processor read-mapping algorithms. CloudBurst is a new parallel read-mapping algorithm optimized for mapping next-generation sequence data to the human genome and other reference genomes, for use in a variety of biological analyses including SNP discovery, genotyping and personal genomics. It is modeled after the short read-mapping program RMAP, and reports either all alignments or the unambiguous best alignment for each read with any number of mismatches or differences. This level of sensitivity could be prohibitively time consuming, but CloudBurst uses the open-source Hadoop implementation of MapReduce to parallelize execution using multiple compute nodes.</p><p><bold>Results:</bold> CloudBurst's running time scales linearly with the number of reads mapped, and with near linear speedup as the number of processors increases. In a 24-processor core configuration, CloudBurst is up to 30 times faster than RMAP executing on a single core, while computing an identical set of alignments. Using a larger remote compute cloud with 96 cores, CloudBurst improved performance by &gt;100-fold, reducing the running time from hours to mere minutes for typical jobs involving mapping of millions of short reads to the human genome.</p><p><bold>Availability:</bold> CloudBurst is available open-source as a model for parallelizing algorithms with MapReduce at <ext-link ext-link-type="uri" xlink:href="http://cloudburst-bio.sourceforge.net/">http://cloudburst-bio.sourceforge.net/</ext-link>.</p><p><bold>Contact:</bold><email>mschatz@umiacs.umd.edu</email></p></abstract></article-meta></front></article>