<article xmlns="https://dtd.nlm.nih.gov/ns/archiving/2.3/" xmlns:xsi="http://www.w3.org/2001/XMLSchema-instance" xmlns:mml="http://www.w3.org/1998/Math/MathML" xmlns:xlink="http://www.w3.org/1999/xlink" xsi:schemaLocation="https://dtd.nlm.nih.gov/ns/archiving/2.3/ https://dtd.nlm.nih.gov/archiving/2.3/xsd/archivearticle.xsd" article-type="research-article" xml:lang="EN"><front><journal-meta><journal-id journal-id-type="nlm-ta">Bioinformatics</journal-id><journal-id journal-id-type="publisher-id">bioinformatics</journal-id><journal-id journal-id-type="hwp">bioinfo</journal-id><journal-title>Bioinformatics</journal-title><issn pub-type="ppub">1367-4803</issn><issn pub-type="epub">1460-2059</issn><publisher><publisher-name>Oxford University Press</publisher-name></publisher></journal-meta><article-meta><article-id pub-id-type="accession">PMC2562014</article-id><article-id pub-id-type="pmcid">PMC2562014</article-id><article-id pub-id-type="pmc-uid">2562014</article-id><article-id pub-id-type="pmid">18687694</article-id><article-id pub-id-type="doi">10.1093/bioinformatics/btn393</article-id><article-id pub-id-type="publisher-id">btn393</article-id><article-id pub-id-type="pmid">18687694</article-id><article-categories><subj-group subj-group-type="heading"><subject>Original Papers</subject><subj-group><subject>Genome Analysis</subject></subj-group></subj-group></article-categories><title-group><article-title>Fast and accurate search for non-coding RNA pseudoknot structures in genomes</article-title></title-group><contrib-group><contrib contrib-type="author"><name><surname>Huang</surname><given-names>Zhibin</given-names></name><xref ref-type="aff" rid="AFF1"><sup>1</sup></xref><xref ref-type="author-notes" rid="FN1"><sup>†</sup></xref></contrib><contrib contrib-type="author"><name><surname>Wu</surname><given-names>Yong</given-names></name><xref ref-type="aff" rid="AFF1"><sup>1</sup></xref><xref ref-type="author-notes" rid="FN1"><sup>†</sup></xref></contrib><contrib contrib-type="author"><name><surname>Robertson</surname><given-names>Joseph</given-names></name><xref ref-type="aff" rid="AFF1"><sup>2</sup></xref></contrib><contrib contrib-type="author"><name><surname>Feng</surname><given-names>Liang</given-names></name><xref ref-type="aff" rid="AFF1"><sup>2</sup></xref></contrib><contrib contrib-type="author"><name><surname>Malmberg</surname><given-names>Russell L.</given-names></name><xref ref-type="aff" rid="AFF1"><sup>2</sup></xref><xref ref-type="aff" rid="AFF1"><sup>3</sup></xref></contrib><contrib contrib-type="author"><name><surname>Cai</surname><given-names>Liming</given-names></name><xref ref-type="aff" rid="AFF1"><sup>1</sup></xref><xref ref-type="aff" rid="AFF1"><sup>2</sup></xref><xref ref-type="corresp" rid="COR1">*</xref></contrib></contrib-group><aff id="AFF1"><sup>1</sup>Department of Computer Science, <sup>2</sup>Institute of Bioinformatics and <sup>3</sup>Department of Plant Biology University of Georgia, Athens, GA 30602</aff><author-notes><corresp id="COR1">*To whom correspondence should be addressed.</corresp><fn id="FN1"><p><sup>†</sup>The authors wish it to be known that, in their opinion, the first two authors should be regarded as joint First Authors.</p></fn><fn><p>Associate Editor: Ivo Hofacker</p></fn></author-notes><pub-date pub-type="ppub"><day>15</day><month>10</month><year>2008</year></pub-date><pub-date pub-type="epub"><day>7</day><month>8</month><year>2008</year></pub-date><volume>24</volume><issue>20</issue><fpage>2281</fpage><lpage>2287</lpage><history><date date-type="received"><day>23</day><month>4</month><year>2008</year></date><date date-type="rev-recd"><day>20</day><month>6</month><year>2008</year></date><date date-type="accepted"><day>25</day><month>7</month><year>2008</year></date></history><permissions><copyright-statement>© The Author 2008. Published by Oxford University Press. All rights reserved. For Permissions, please email: journals.permissions@oxfordjournals.org</copyright-statement><copyright-year>2008</copyright-year></permissions><abstract><p><bold>Motivation:</bold> Searching genomes for non-coding RNAs (ncRNAs) by their secondary structure has become an important goal for bioinformatics. For pseudoknot-free structures, ncRNA search can be effective based on the covariance model and CYK-type dynamic programming. However, the computational difficulty in aligning an RNA sequence to a pseudoknot has prohibited fast and accurate search of arbitrary RNA structures. Our previous work introduced a graph model for RNA pseudoknots and proposed to solve the structure–sequence alignment by graph optimization. Given <italic>k</italic> candidate regions in the target sequence for each of the <italic>n</italic> stems in the structure, we could compute a best alignment in time <italic>O</italic>(<italic>k</italic><sup><italic>t</italic></sup><italic>n</italic>) based upon a tree width <italic>t</italic> decomposition of the structure graph. However, to implement this method to programs that can routinely perform fast yet accurate RNA pseudoknot searches, we need novel heuristics to ensure that, without degrading the accuracy, only a small number of stem candidates need to be examined and a tree decomposition of a small tree width can always be found for the structure graph.</p><p><bold>Results:</bold> The current work builds on the previous one with newly developed preprocessing algorithms to reduce the values for parameters <italic>k</italic> and <italic>t</italic> and to implement the search method into a practical program, called RNATOPS, for RNA pseudoknot search. In particular, we introduce techniques, based on probabilistic profiling and distance penalty functions, which can identify for every stem just a small number <italic>k</italic> (e.g. <italic>k</italic> ≤ 10) of plausible regions in the target sequence to which the stem needs to align. We also devised a specialized tree decomposition algorithm that can yield tree decomposition of small tree width <italic>t</italic> (e.g. <italic>t</italic> ≤ 4) for almost all RNA structure graphs. Our experiments show that with RNATOPS it is possible to routinely search prokaryotic and eukaryotic genomes for specific RNA structures of medium to large sizes, including pseudoknots, with high sensitivity and high specificity, and in a reasonable amount of time.</p><p><bold>Availability:</bold> The source code in C++ for RNATOPS is available at <ext-link ext-link-type="uri" xlink:href="www.uga.edu/RNA-Informatics/software/rnatops/">www.uga.edu/RNA-Informatics/software/rnatops/</ext-link></p><p><bold>Contact:</bold><email>cai@cs.uga.edu</email></p><p><bold>Supplementary information:</bold> The online <ext-link ext-link-type="uri" xlink:href="http://bioinformatics.oxfordjournals.org/cgi/content/full/btn393/DC1">Supplementary Material</ext-link> contains all illustrative figures and tables referenced by this article.</p></abstract></article-meta></front></article>