<article xmlns="https://jats.nlm.nih.gov/ns/archiving/1.2/" xmlns:xsi="http://www.w3.org/2001/XMLSchema-instance" xmlns:mml="http://www.w3.org/1998/Math/MathML" xmlns:xlink="http://www.w3.org/1999/xlink" xsi:schemaLocation="https://jats.nlm.nih.gov/ns/archiving/1.2/ https://jats.nlm.nih.gov/archiving/1.2/xsd/JATS-archivearticle1.xsd" article-type="research-article"><front><journal-meta><journal-id journal-id-type="nlm-ta">Bioinformatics</journal-id><journal-id journal-id-type="publisher-id">bioinformatics</journal-id><journal-id journal-id-type="hwp">bioinfo</journal-id><journal-title-group><journal-title>Bioinformatics</journal-title></journal-title-group><issn pub-type="ppub">1367-4803</issn><issn pub-type="epub">1460-2059</issn><publisher><publisher-name>Oxford University Press</publisher-name></publisher></journal-meta><article-meta><article-id pub-id-type="accession">PMC2705233</article-id><article-id pub-id-type="pmcid">PMC2705233</article-id><article-id pub-id-type="pmc-uid">2705233</article-id><article-id pub-id-type="pmid">19447785</article-id><article-id pub-id-type="doi">10.1093/bioinformatics/btp323</article-id><article-id pub-id-type="publisher-id">btp323</article-id><article-categories><subj-group subj-group-type="heading"><subject>Original Paper</subject><subj-group><subject>Gene Expression</subject></subj-group></subj-group></article-categories><title-group><article-title>Relating periodicity of nucleosome organization and gene regulation</article-title></title-group><contrib-group><contrib contrib-type="author"><name><surname>Wan</surname><given-names>Jun</given-names></name><xref ref-type="aff" rid="AFF1"><sup>1</sup></xref></contrib><contrib contrib-type="author"><name><surname>Lin</surname><given-names>Jimmy</given-names></name><xref ref-type="aff" rid="AFF1"><sup>2</sup></xref></contrib><contrib contrib-type="author"><name><surname>Zack</surname><given-names>Donald J.</given-names></name><xref ref-type="aff" rid="AFF1"><sup>1</sup></xref><xref ref-type="aff" rid="AFF1"><sup>3</sup></xref><xref ref-type="aff" rid="AFF1"><sup>4</sup></xref><xref ref-type="aff" rid="AFF1"><sup>5</sup></xref></contrib><contrib contrib-type="author"><name><surname>Qian</surname><given-names>Jiang</given-names></name><xref ref-type="aff" rid="AFF1"><sup>1</sup></xref><xref ref-type="corresp" rid="COR1">*</xref></contrib></contrib-group><aff id="AFF1"><sup>1</sup> Wilmer Institute, <sup>2</sup> Celluar &amp; Molecular Medicine Program, <sup>3</sup> Department of Molecular Biology and Genetics, <sup>4</sup> Department of Neuroscience and <sup>5</sup> McKusick-Nathans Institute of Genetic Medicine, Johns Hopkins University School of Medicine, Baltimore, MD 21287, USA</aff><author-notes><corresp id="COR1">* To whom correspondence should be addressed.</corresp><fn><p>Associate Editor: David Rocke</p></fn></author-notes><pub-date pub-type="ppub"><day>15</day><month>7</month><year>2009</year></pub-date><pub-date pub-type="epub"><day>15</day><month>5</month><year>2009</year></pub-date><pub-date pub-type="pmc-release"><day>15</day><month>7</month><year>2010</year></pub-date><!-- PMC Release delay is 12 months and 0 days and was based on the
					<pub-date pub-type="ppub"/>. --><volume>25</volume><issue>14</issue><fpage>1782</fpage><lpage>1788</lpage><history><date date-type="received"><day>21</day><month>2</month><year>2009</year></date><date date-type="rev-recd"><day>20</day><month>4</month><year>2009</year></date><date date-type="accepted"><day>12</day><month>5</month><year>2009</year></date></history><permissions><copyright-statement>© The Author 2009. Published by Oxford University Press. All rights reserved. For Permissions, please email: journals.permissions@oxfordjournals.org</copyright-statement></permissions><abstract><p><bold>Motivation:</bold> The relationship between nucleosome positioning and gene regulation is fundamental yet complex. Previous studies on genomic nucleosome positions have revealed a correlation between nucleosome occupancy on promoters and gene expression levels. Many of these studies focused on individual nucleosomes, especially those proximal to transcription start sites. To study the collective effect of multiple nucleosomes on the gene expression, we developed a mathematical approach based on autocorrelation to relate genomic nucleosome organization to gene regulation.</p><p><bold>Results:</bold> We found that nucleosome organization in gene promoters can be well described by autocorrelation transformation. Some promoters show obvious periods in their nucleosome organization, while others have no clear periodicity. The genes with periodic nucleosome organization in promoters tend to be lower expressed than the genes without periodic nucleosome organization. These suggest that regular organization of nucleosomes plays a critical role in gene regulation. To quantitatively associate nucleosome organization and gene expression, we predicted gene expression solely based on nucleosome status and found that nucleosome status accounts for ∼25% of the observed gene expression variability. Furthermore, we explored the underlying forces that maintain the periodicity in nucleosome organization, namely intrinsic (i.e. DNA sequence) and extrinsic forces (i.e. chromatin remodeling factors). We found that the extrinsic factors play a critical role in maintaining the periodic nucleosome organization.</p><p><bold>Contact:</bold><email>jiang.qian@jhmi.edu</email></p><p><bold>Supplementary information:</bold><ext-link ext-link-type="uri" xlink:href="http://bioinformatics.oxfordjournals.org/cgi/content/full/btp323/DC1">Supplementary data</ext-link> are available at <italic>Bioinformatics</italic> online.</p></abstract></article-meta></front></article>