<article xmlns="https://jats.nlm.nih.gov/ns/archiving/1.2/" xmlns:xsi="http://www.w3.org/2001/XMLSchema-instance" xmlns:mml="http://www.w3.org/1998/Math/MathML" xmlns:xlink="http://www.w3.org/1999/xlink" xsi:schemaLocation="https://jats.nlm.nih.gov/ns/archiving/1.2/ https://jats.nlm.nih.gov/archiving/1.2/xsd/JATS-archivearticle1.xsd" article-type="research-article"><front><journal-meta><journal-id journal-id-type="nlm-ta">Bioinformatics</journal-id><journal-id journal-id-type="publisher-id">bioinformatics</journal-id><journal-id journal-id-type="hwp">bioinfo</journal-id><journal-title-group><journal-title>Bioinformatics</journal-title></journal-title-group><issn pub-type="ppub">1367-4803</issn><issn pub-type="epub">1460-2059</issn><publisher><publisher-name>Oxford University Press</publisher-name></publisher></journal-meta><article-meta><article-id pub-id-type="accession">PMC2732206</article-id><article-id pub-id-type="pmcid">PMC2732206</article-id><article-id pub-id-type="pmc-uid">2732206</article-id><article-id pub-id-type="pmid">18635565</article-id><article-id pub-id-type="pmid">18635565</article-id><article-id pub-id-type="doi">10.1093/bioinformatics/btn373</article-id><article-id pub-id-type="publisher-id">btn373</article-id><article-categories><subj-group subj-group-type="heading"><subject>Original Papers</subject><subj-group><subject>Gene Expression</subject></subj-group></subj-group></article-categories><title-group><article-title>Considering dependence among genes and markers for false discovery control in eQTL mapping</article-title></title-group><contrib-group><contrib contrib-type="author"><name><surname>Chen</surname><given-names>Liang</given-names></name><xref ref-type="aff" rid="AFF1"><sup>1</sup></xref><xref ref-type="corresp" rid="COR1">*</xref></contrib><contrib contrib-type="author"><name><surname>Tong</surname><given-names>Tiejun</given-names></name><xref ref-type="aff" rid="AFF1"><sup>2</sup></xref></contrib><contrib contrib-type="author"><name><surname>Zhao</surname><given-names>Hongyu</given-names></name><xref ref-type="aff" rid="AFF1"><sup>3</sup></xref><xref ref-type="aff" rid="AFF1"><sup>4</sup></xref><xref ref-type="corresp" rid="COR1">*</xref></contrib></contrib-group><aff id="AFF1"><sup>1</sup>Molecular and Computational Biology Program, Department of Biological Sciences, University of Southern California, Los Angeles, CA, <sup>2</sup>Department of Applied Mathematics, University of Colorado, Boulder, CO, <sup>3</sup>Department of Epidemiology and Public Health and <sup>4</sup>Department of Genetics, Yale University, New Haven, CT, USA</aff><author-notes><corresp id="COR1"><sup>*</sup>To whom correspondence should be addressed.</corresp><fn><p>Associate Editor: Joaquin Dopazo</p></fn></author-notes><pub-date pub-type="ppub"><day>15</day><month>9</month><year>2008</year></pub-date><pub-date pub-type="epub"><day>17</day><month>7</month><year>2008</year></pub-date><pub-date pub-type="pmc-release"><day>15</day><month>9</month><year>2009</year></pub-date><!-- PMC Release delay is 12 months and 0 days and was based on the
					<pub-date pub-type="ppub"/>. --><volume>24</volume><issue>18</issue><fpage>2015</fpage><lpage>2022</lpage><history><date date-type="received"><day>15</day><month>1</month><year>2008</year></date><date date-type="rev-recd"><day>4</day><month>7</month><year>2008</year></date><date date-type="accepted"><day>15</day><month>7</month><year>2008</year></date></history><permissions><copyright-statement>© The Author 2008. Published by Oxford University Press. All rights reserved. For Permissions, please email: journals.permissions@oxfordjournals.org</copyright-statement><copyright-year>2008</copyright-year></permissions><abstract><p><bold>Motivation:</bold> Multiple comparison adjustment is a significant and challenging statistical issue in large-scale biological studies. In previous studies, dependence among genes is largely ignored. However, such dependence may be strong for some genomic-scale studies such as genetical genomics [also called expression quantitative trait loci (eQTL) mapping] in which thousands of genes are treated as quantitative traits and mapped to different genetical markers. Besides the dependence among markers, the dependence among the expression levels of genes can also have a significant impact on data analysis and interpretation.</p><p><bold>Results:</bold> In this article, we propose to consider both the mean as well as the variance of false discovery number for multiple comparison adjustment to handle dependence among hypotheses. This is achieved by developing a variance estimator for false discovery number, and using the upper bound of false discovery proportion (uFDP) for false discovery control. More importantly, we introduce a weighted version of uFDP (wuFDP) control to improve the statistical power of eQTL identification. In addition, the wuFDP approach can better control false positives than false discovery rate (FDR) and uFDP approaches when markers are in linkage disequilibrium. The relative performance of uFDP control and wuFDP control is illustrated through simulation studies and real data analysis.</p><p><bold>Contacts:</bold><email>liang.chen@usc.edu</email>; <email>hongyu.zhao@yale.edu</email></p><p><bold>Supplementary information:</bold><ext-link ext-link-type="uri" xlink:href="http://bioinformatics.oxfordjournals.org/cgi/content/full/btn373/DC1">Supplementary figures, tables and appendices</ext-link> are available at <italic>Bioinformatics</italic> online.</p></abstract></article-meta></front></article>