<article xmlns="https://jats.nlm.nih.gov/ns/archiving/1.2/" xmlns:xsi="http://www.w3.org/2001/XMLSchema-instance" xmlns:mml="http://www.w3.org/1998/Math/MathML" xmlns:xlink="http://www.w3.org/1999/xlink" xsi:schemaLocation="https://jats.nlm.nih.gov/ns/archiving/1.2/ https://jats.nlm.nih.gov/archiving/1.2/xsd/JATS-archivearticle1.xsd" article-type="research-article"><front><journal-meta><journal-id journal-id-type="nlm-ta">Bioinformatics</journal-id><journal-id journal-id-type="publisher-id">bioinformatics</journal-id><journal-id journal-id-type="hwp">bioinfo</journal-id><journal-title-group><journal-title>Bioinformatics</journal-title></journal-title-group><issn pub-type="ppub">1367-4803</issn><issn pub-type="epub">1460-2059</issn><publisher><publisher-name>Oxford University Press</publisher-name></publisher></journal-meta><article-meta><article-id pub-id-type="accession">PMC2732307</article-id><article-id pub-id-type="pmcid">PMC2732307</article-id><article-id pub-id-type="pmc-uid">2732307</article-id><article-id pub-id-type="pmid">19269990</article-id><article-id pub-id-type="pmid">19269990</article-id><article-id pub-id-type="doi">10.1093/bioinformatics/btp131</article-id><article-id pub-id-type="publisher-id">btp131</article-id><article-categories><subj-group subj-group-type="heading"><subject>Original Papers</subject><subj-group><subject>Sequence Analysis</subject></subj-group></subj-group></article-categories><title-group><article-title>A consistency-based consensus algorithm for <italic>de novo</italic> and reference-guided sequence assembly of short reads</article-title></title-group><contrib-group><contrib contrib-type="author"><name><surname>Rausch</surname><given-names>Tobias</given-names></name><xref ref-type="aff" rid="AFF1"><sup>1</sup></xref><xref ref-type="aff" rid="AFF1"><sup>2</sup></xref><xref ref-type="corresp" rid="COR1">*</xref></contrib><contrib contrib-type="author"><name><surname>Koren</surname><given-names>Sergey</given-names></name><xref ref-type="aff" rid="AFF1"><sup>3</sup></xref></contrib><contrib contrib-type="author"><name><surname>Denisov</surname><given-names>Gennady</given-names></name><xref ref-type="aff" rid="AFF1"><sup>3</sup></xref></contrib><contrib contrib-type="author"><name><surname>Weese</surname><given-names>David</given-names></name><xref ref-type="aff" rid="AFF1"><sup>2</sup></xref></contrib><contrib contrib-type="author"><name><surname>Emde</surname><given-names>Anne-Katrin</given-names></name><xref ref-type="aff" rid="AFF1"><sup>1</sup></xref><xref ref-type="aff" rid="AFF1"><sup>2</sup></xref></contrib><contrib contrib-type="author"><name><surname>Döring</surname><given-names>Andreas</given-names></name><xref ref-type="aff" rid="AFF1"><sup>2</sup></xref></contrib><contrib contrib-type="author"><name><surname>Reinert</surname><given-names>Knut</given-names></name><xref ref-type="aff" rid="AFF1"><sup>2</sup></xref></contrib></contrib-group><aff id="AFF1"><sup>1</sup>International Max Planck Research School for Computational Biology and Scientific Computing, Ihnestr. 63 - 73, <sup>2</sup>Algorithmische Bioinformatik, Institut für Informatik, Takustr. 9, 14195 Berlin, Germany and <sup>3</sup>J. Craig Venter Institute, 9704 Medical Center Drive, Rockville, MD 20850, USA</aff><author-notes><corresp id="COR1">*To whom correspondence should be addressed.</corresp><fn><p>Associate Editor: Limsoon Wong</p></fn></author-notes><pub-date pub-type="ppub"><day>1</day><month>5</month><year>2009</year></pub-date><pub-date pub-type="epub"><day>5</day><month>3</month><year>2009</year></pub-date><volume>25</volume><issue>9</issue><fpage>1118</fpage><lpage>1124</lpage><history><date date-type="received"><day>3</day><month>11</month><year>2008</year></date><date date-type="rev-recd"><day>23</day><month>1</month><year>2009</year></date><date date-type="accepted"><day>2</day><month>3</month><year>2009</year></date></history><permissions><copyright-statement>© The Author 2009. Published by Oxford University Press. All rights reserved. For Permissions, please email: journals.permissions@oxfordjournals.org</copyright-statement><copyright-year>2009</copyright-year></permissions><abstract><p><bold>Motivation:</bold> Novel high-throughput sequencing technologies pose new algorithmic challenges in handling massive amounts of short-read, high-coverage data. A robust and versatile consensus tool is of particular interest for such data since a sound multi-read alignment is a prerequisite for variation analyses, accurate genome assemblies and insert sequencing.</p><p><bold>Results:</bold> A multi-read alignment algorithm for <italic>de novo</italic> or reference-guided genome assembly is presented. The program identifies segments shared by multiple reads and then aligns these segments using a consistency-enhanced alignment graph. On real <italic>de novo</italic> sequencing data obtained from the newly established NCBI Short Read Archive, the program performs similarly in quality to other comparable programs. On more challenging simulated datasets for insert sequencing and variation analyses, our program outperforms the other tools.</p><p><bold>Availability:</bold> The consensus program can be downloaded from <ext-link ext-link-type="uri" xlink:href="http://www.seqan.de/projects/consensus.html">http://www.seqan.de/projects/consensus.html</ext-link>. It can be used stand-alone or in conjunction with the Celera Assembler. Both application scenarios as well as the usage of the tool are described in the documentation.</p><p><bold>Contact:</bold><email>rausch@inf.fu-berlin.de</email></p></abstract></article-meta></front></article>