<article xmlns="https://dtd.nlm.nih.gov/ns/archiving/2.3/" xmlns:xsi="http://www.w3.org/2001/XMLSchema-instance" xmlns:mml="http://www.w3.org/1998/Math/MathML" xmlns:xlink="http://www.w3.org/1999/xlink" xsi:schemaLocation="https://dtd.nlm.nih.gov/ns/archiving/2.3/ https://dtd.nlm.nih.gov/archiving/2.3/xsd/archivearticle.xsd" article-type="research-article" xml:lang="EN"><front><journal-meta><journal-id journal-id-type="nlm-ta">Bioinformatics</journal-id><journal-id journal-id-type="publisher-id">bioinformatics</journal-id><journal-id journal-id-type="hwp">bioinfo</journal-id><journal-title>Bioinformatics</journal-title><issn pub-type="ppub">1367-4803</issn><issn pub-type="epub">1460-2059</issn><publisher><publisher-name>Oxford University Press</publisher-name></publisher></journal-meta><article-meta><article-id pub-id-type="accession">PMC2638936</article-id><article-id pub-id-type="pmcid">PMC2638936</article-id><article-id pub-id-type="pmc-uid">2638936</article-id><article-id pub-id-type="pmid">19015138</article-id><article-id pub-id-type="doi">10.1093/bioinformatics/btn591</article-id><article-id pub-id-type="publisher-id">btn591</article-id><article-id pub-id-type="pmid">19015138</article-id><article-categories><subj-group subj-group-type="heading"><subject>Original Papers</subject><subj-group><subject>Gene Expression</subject></subj-group></subj-group></article-categories><title-group><article-title>Power enhancement via multivariate outlier testing with gene expression arrays</article-title></title-group><contrib-group><contrib contrib-type="author"><name><surname>Asare</surname><given-names>Adam L.</given-names></name><xref ref-type="aff" rid="AFF1"><sup>1</sup></xref><xref ref-type="corresp" rid="COR1">*</xref><xref ref-type="author-notes" rid="FN1"><sup>†</sup></xref></contrib><contrib contrib-type="author" corresp="yes"><name><surname>Gao</surname><given-names>Zhong</given-names></name><xref ref-type="aff" rid="AFF1"><sup>1</sup></xref><xref ref-type="author-notes" rid="FN1"><sup>†</sup></xref></contrib><contrib contrib-type="author"><name><surname>Carey</surname><given-names>Vincent J.</given-names></name><xref ref-type="aff" rid="AFF1"><sup>2</sup></xref><xref ref-type="corresp" rid="COR1">*</xref></contrib><contrib contrib-type="author"><name><surname>Wang</surname><given-names>Richard</given-names></name><xref ref-type="aff" rid="AFF1"><sup>1</sup></xref></contrib><contrib contrib-type="author"><name><surname>Seyfert-Margolis</surname><given-names>Vicki</given-names></name><xref ref-type="aff" rid="AFF1"><sup>1</sup></xref></contrib></contrib-group><aff id="AFF1"><sup>1</sup>Immune Tolerance Network, University of California – San Francisco, San Francisco, CA 94143 and <sup>2</sup>Channing Laboratory, Brigham and Woman's Hospital, Harvard Medical School, Boston, MA 02115, USA</aff><author-notes><corresp id="COR1">*To whom correspondence should be addressed.</corresp><fn id="FN1"><p><sup>†</sup>The authors wish it to be known that, in their opinion, the first two authors should be regarded as joint First Authors.</p></fn><fn><p>Associate Editor: Trey Ideker</p></fn></author-notes><pub-date pub-type="ppub"><day>1</day><month>1</month><year>2009</year></pub-date><pub-date pub-type="epub"><day>16</day><month>11</month><year>2008</year></pub-date><pub-date pub-type="pmc-release"><day>16</day><month>11</month><year>2008</year></pub-date><volume>25</volume><issue>1</issue><fpage>48</fpage><lpage>53</lpage><history><date date-type="received"><day>13</day><month>5</month><year>2008</year></date><date date-type="rev-recd"><day>10</day><month>10</month><year>2008</year></date><date date-type="accepted"><day>11</day><month>11</month><year>2008</year></date></history><permissions><copyright-statement>© 2008 The Author(s)</copyright-statement><copyright-year>2008</copyright-year><license license-type="creative-commons" xlink:href="http://creativecommons.org/licenses/by-nc/2.0/uk/"><p><!--CREATIVE COMMONS-->This is an Open Access article distributed under the terms of the Creative Commons Attribution Non-Commercial License (<ext-link ext-link-type="uri" xlink:href="http://creativecommons.org/licenses/by-nc/2.0/uk/">http://creativecommons.org/licenses/by-nc/2.0/uk/</ext-link>) which permits unrestricted non-commercial use, distribution, and reproduction in any medium, provided the original work is properly cited.</p></license></permissions><abstract><p><bold>Motivation:</bold> As the use of microarrays in human studies continues to increase, stringent quality assurance is necessary to ensure accurate experimental interpretation. We present a formal approach for microarray quality assessment that is based on dimension reduction of established measures of signal and noise components of expression followed by parametric multivariate outlier testing.</p><p><bold>Results:</bold> We applied our approach to several data resources. First, as a negative control, we found that the Affymetrix and Illumina contributions to MAQC data were free from outliers at a nominal outlier flagging rate of α=0.01. Second, we created a tunable framework for artificially corrupting intensity data from the Affymetrix Latin Square spike-in experiment to allow investigation of sensitivity and specificity of quality assurance (QA) criteria. Third, we applied the procedure to 507 Affymetrix microarray GeneChips processed with RNA from human peripheral blood samples. We show that exclusion of arrays by this approach substantially increases inferential power, or the ability to detect differential expression, in large clinical studies.</p><p><bold>Availability:</bold><ext-link ext-link-type="uri" xlink:href="http://bioconductor.org/packages/2.3/bioc/html/arrayMvout.html">http://bioconductor.org/packages/2.3/bioc/html/arrayMvout.html</ext-link> and <ext-link ext-link-type="uri" xlink:href="http://bioconductor.org/packages/2.3/bioc/html/affyContam.html">http://bioconductor.org/packages/2.3/bioc/html/affyContam.html</ext-link> affyContam (credentials: readonly/readonly)</p><p><bold>Contact:</bold><email>aasare@immunetolerance.org</email>; <email>stvjc@channing.harvard.edu</email></p></abstract></article-meta></front></article>