<article xmlns="https://jats.nlm.nih.gov/ns/archiving/1.2/" xmlns:xsi="http://www.w3.org/2001/XMLSchema-instance" xmlns:mml="http://www.w3.org/1998/Math/MathML" xmlns:xlink="http://www.w3.org/1999/xlink" xsi:schemaLocation="https://jats.nlm.nih.gov/ns/archiving/1.2/ https://jats.nlm.nih.gov/archiving/1.2/xsd/JATS-archivearticle1.xsd" article-type="research-article"><front><journal-meta><journal-id journal-id-type="nlm-ta">Bioinformatics</journal-id><journal-id journal-id-type="publisher-id">bioinformatics</journal-id><journal-id journal-id-type="hwp">bioinfo</journal-id><journal-title-group><journal-title>Bioinformatics</journal-title></journal-title-group><issn pub-type="ppub">1367-4803</issn><issn pub-type="epub">1460-2059</issn><publisher><publisher-name>Oxford University Press</publisher-name></publisher></journal-meta><article-meta><article-id pub-id-type="accession">PMC2732910</article-id><article-id pub-id-type="pmcid">PMC2732910</article-id><article-id pub-id-type="pmc-uid">2732910</article-id><article-id pub-id-type="pmid">19346326</article-id><article-id pub-id-type="pmid">19346326</article-id><article-id pub-id-type="doi">10.1093/bioinformatics/btp182</article-id><article-id pub-id-type="publisher-id">btp182</article-id><article-categories><subj-group subj-group-type="heading"><subject>Applications Note</subject><subj-group><subject>Databases and Ontologies</subject></subj-group></subj-group></article-categories><title-group><article-title>ELISA-BASE: an integrated bioinformatics tool for analyzing and tracking ELISA microarray data</article-title></title-group><contrib-group><contrib contrib-type="author"><name><surname>White</surname><given-names>Amanda M.</given-names></name><xref ref-type="aff" rid="AFF1"><sup>1</sup></xref><xref ref-type="corresp" rid="COR1">*</xref></contrib><contrib contrib-type="author"><name><surname>Collett</surname><given-names>James R.</given-names></name><xref ref-type="aff" rid="AFF1"><sup>1</sup></xref></contrib><contrib contrib-type="author"><name><surname>Seurynck-Servoss</surname><given-names>Shannon L.</given-names></name><xref ref-type="aff" rid="AFF1"><sup>2</sup></xref></contrib><contrib contrib-type="author"><name><surname>Daly</surname><given-names>Don S.</given-names></name><xref ref-type="aff" rid="AFF1"><sup>1</sup></xref></contrib><contrib contrib-type="author"><name><surname>Zangar</surname><given-names>Richard C.</given-names></name><xref ref-type="aff" rid="AFF1"><sup>1</sup></xref></contrib></contrib-group><aff id="AFF1"><sup>1</sup>Pacific Northwest National Laboratory, PO Box 999, Richland, WA 99352 and <sup>2</sup>Department of Chemical Engineering, University of Arkansas, 3202 Bell Engineering Center, Fayetteville, AR 72701, USA</aff><author-notes><corresp id="COR1">*To whom correspondence should be addressed.</corresp><fn><p>Associate Editor: Jonathan Wren</p></fn></author-notes><pub-date pub-type="ppub"><day>15</day><month>6</month><year>2009</year></pub-date><pub-date pub-type="epub"><day>3</day><month>4</month><year>2009</year></pub-date><volume>25</volume><issue>12</issue><fpage>1566</fpage><lpage>1567</lpage><history><date date-type="received"><day>12</day><month>12</month><year>2008</year></date><date date-type="rev-recd"><day>26</day><month>3</month><year>2009</year></date><date date-type="accepted"><day>28</day><month>3</month><year>2009</year></date></history><permissions><copyright-statement>© The Author 2009. Published by Oxford University Press. All rights reserved. For Permissions, please email: journals.permissions@oxfordjournals.org</copyright-statement><copyright-year>2009</copyright-year></permissions><abstract><p><bold>Summary:</bold>ELISA-BASE is an open source database for capturing, organizing and analyzing enzyme-linked immunosorbent assay (ELISA) microarray data. ELISA-BASE is an extension of the BioArray Software Environment (BASE) database system.</p><p><bold>Availability:</bold><ext-link ext-link-type="uri" xlink:href="http://www.pnl.gov/statistics/ProMAT/ELISA-BASE.stm">http://www.pnl.gov/statistics/ProMAT/ELISA-BASE.stm</ext-link>.</p><p><bold>Contact:</bold><email>amanda.white@pnl.gov</email></p></abstract></article-meta></front></article>