<article xmlns="https://dtd.nlm.nih.gov/ns/archiving/2.3/" xmlns:xsi="http://www.w3.org/2001/XMLSchema-instance" xmlns:mml="http://www.w3.org/1998/Math/MathML" xmlns:xlink="http://www.w3.org/1999/xlink" xsi:schemaLocation="https://dtd.nlm.nih.gov/ns/archiving/2.3/ https://dtd.nlm.nih.gov/archiving/2.3/xsd/archivearticle.xsd" article-type="research-article" xml:lang="EN"><front><journal-meta><journal-id journal-id-type="nlm-ta">Bioinformatics</journal-id><journal-id journal-id-type="publisher-id">bioinformatics</journal-id><journal-id journal-id-type="hwp">bioinfo</journal-id><journal-title>Bioinformatics</journal-title><issn pub-type="ppub">1367-4803</issn><issn pub-type="epub">1460-2059</issn><publisher><publisher-name>Oxford University Press</publisher-name></publisher></journal-meta><article-meta><article-id pub-id-type="accession">PMC2647833</article-id><article-id pub-id-type="pmcid">PMC2647833</article-id><article-id pub-id-type="pmc-uid">2647833</article-id><article-id pub-id-type="pmid">19147663</article-id><article-id pub-id-type="doi">10.1093/bioinformatics/btp015</article-id><article-id pub-id-type="publisher-id">btp015</article-id><article-categories><subj-group subj-group-type="heading"><subject>Original Papers</subject><subj-group><subject>Phylogenetics</subject></subj-group></subj-group></article-categories><title-group><article-title>A hierarchical model for incomplete alignments in phylogenetic inference</article-title></title-group><contrib-group><contrib contrib-type="author"><name><surname>Cheng</surname><given-names>Fuxia</given-names></name><xref ref-type="aff" rid="AFF1"><sup>1</sup></xref><xref ref-type="author-notes" rid="FN1"><sup>†</sup></xref></contrib><contrib contrib-type="author"><name><surname>Hartmann</surname><given-names>Stefanie</given-names></name><xref ref-type="aff" rid="AFF1"><sup>2</sup></xref><xref ref-type="aff" rid="AFF1"><sup>5</sup></xref><xref ref-type="author-notes" rid="FN1"><sup>†</sup></xref></contrib><contrib contrib-type="author"><name><surname>Gupta</surname><given-names>Mayetri</given-names></name><xref ref-type="aff" rid="AFF1"><sup>3</sup></xref><xref ref-type="corresp" rid="COR1">*</xref></contrib><contrib contrib-type="author"><name><surname>Ibrahim</surname><given-names>Joseph G.</given-names></name><xref ref-type="aff" rid="AFF1"><sup>4</sup></xref></contrib><contrib contrib-type="author"><name><surname>Vision</surname><given-names>Todd J.</given-names></name><xref ref-type="aff" rid="AFF1"><sup>5</sup></xref></contrib></contrib-group><aff id="AFF1"><sup>1</sup>Department of Mathematics, Illinois State University, Normal, IL, USA, <sup>2</sup>Institute for Biochemistry and Biology, University of Potsdam, Potsdam, Germany, <sup>3</sup>Department of Biostatistics, Boston University, Boston, MA, <sup>4</sup>Department of Biostatistics and <sup>5</sup>Department of Biology, University of North Carolina at Chapel Hill, USA</aff><author-notes><corresp id="COR1">*To whom correspondence should be addressed.</corresp><fn id="FN1"><p><sup>†</sup>The author wish it to be known that, in their opinion, the first two authors should be regarded as joint First authors.</p></fn><fn><p>Associate Editor: Martin Bishop</p></fn></author-notes><pub-date pub-type="ppub"><day>1</day><month>3</month><year>2009</year></pub-date><pub-date pub-type="epub"><day>15</day><month>1</month><year>2009</year></pub-date><volume>25</volume><issue>5</issue><fpage>592</fpage><lpage>598</lpage><history><date date-type="received"><day>25</day><month>9</month><year>2008</year></date><date date-type="rev-recd"><day>5</day><month>1</month><year>2009</year></date><date date-type="accepted"><day>5</day><month>1</month><year>2009</year></date></history><permissions><copyright-statement>© The Author 2009. Published by Oxford University Press. All rights reserved. For Permissions, please email: journals.permissions@oxfordjournals.org</copyright-statement><copyright-year>2009</copyright-year></permissions><abstract><p><bold>Motivation:</bold> Full-length DNA and protein sequences that span the entire length of a gene are ideally used for multiple sequence alignments (MSAs) and the subsequent inference of their relationships. Frequently, however, MSAs contain a substantial amount of missing data. For example, expressed sequence tags (ESTs), which are partial sequences of expressed genes, are the predominant source of sequence data for many organisms. The patterns of missing data typical for EST-derived alignments greatly compromise the accuracy of estimated phylogenies.</p><p><bold>Results:</bold> We present a statistical method for inferring phylogenetic trees from EST-based incomplete MSA data. We propose a class of hierarchical models for modeling pairwise distances between the sequences, and develop a fully Bayesian approach for estimation of the model parameters. Once the distance matrix is estimated, the phylogenetic tree may be constructed by applying neighbor-joining (or any other algorithm of choice). We also show that maximizing the marginal likelihood from the Bayesian approach yields similar results to a profile likelihood estimation. The proposed methods are illustrated using simulated protein families, for which the true phylogeny is known, and one real protein family.</p><p><bold>Availability:</bold> R code for fitting these models are available from: <ext-link ext-link-type="uri" xlink:href="http://people.bu.edu/gupta/software.htm">http://people.bu.edu/gupta/software.htm</ext-link>.</p><p><bold>Contact:</bold><email>gupta@bu.edu</email></p><p><bold>Supplementary information:</bold><ext-link ext-link-type="uri" xlink:href="http://bioinformatics.oxfordjournals.org/cgi/content/full/btp015/DC1">Supplemantary data</ext-link> are available at <italic>Bioinformatics</italic> online.</p></abstract></article-meta></front></article>