<article xmlns="https://jats.nlm.nih.gov/ns/archiving/1.2/" xmlns:xsi="http://www.w3.org/2001/XMLSchema-instance" xmlns:mml="http://www.w3.org/1998/Math/MathML" xmlns:xlink="http://www.w3.org/1999/xlink" xsi:schemaLocation="https://jats.nlm.nih.gov/ns/archiving/1.2/ https://jats.nlm.nih.gov/archiving/1.2/xsd/JATS-archivearticle1.xsd" article-type="research-article"><front><journal-meta><journal-id journal-id-type="nlm-ta">Bioinformatics</journal-id><journal-id journal-id-type="publisher-id">bioinformatics</journal-id><journal-id journal-id-type="hwp">bioinfo</journal-id><journal-title-group><journal-title>Bioinformatics</journal-title></journal-title-group><issn pub-type="ppub">1367-4803</issn><issn pub-type="epub">1460-2059</issn><publisher><publisher-name>Oxford University Press</publisher-name></publisher></journal-meta><article-meta><article-id pub-id-type="accession">PMC2722995</article-id><article-id pub-id-type="pmcid">PMC2722995</article-id><article-id pub-id-type="pmc-uid">2722995</article-id><article-id pub-id-type="pmid">19401402</article-id><article-id pub-id-type="doi">10.1093/bioinformatics/btp276</article-id><article-id pub-id-type="publisher-id">btp276</article-id><article-categories><subj-group subj-group-type="heading"><subject>German Conference on Bioinformatics</subject><subj-group><subject>Gene Expression</subject></subj-group></subj-group></article-categories><title-group><article-title>Utilizing gene pair orientations for HMM-based analysis of promoter array ChIP-chip data</article-title></title-group><contrib-group><contrib contrib-type="author"><name><surname>Seifert</surname><given-names>Michael</given-names></name><xref ref-type="aff" rid="AFF1"><sup>1</sup></xref><xref ref-type="corresp" rid="COR1"><sup>*</sup></xref></contrib><contrib contrib-type="author"><name><surname>Keilwagen</surname><given-names>Jens</given-names></name><xref ref-type="aff" rid="AFF1"><sup>1</sup></xref></contrib><contrib contrib-type="author"><name><surname>Strickert</surname><given-names>Marc</given-names></name><xref ref-type="aff" rid="AFF1"><sup>1</sup></xref></contrib><contrib contrib-type="author"><name><surname>Grosse</surname><given-names>Ivo</given-names></name><xref ref-type="aff" rid="AFF1"><sup>2</sup></xref></contrib></contrib-group><aff id="AFF1"><sup>1</sup>Leibniz Institute of Plant Genetics and Crop Plant Research, Data Inspection Group, Corrensstrasse 3, 06466 Gatersleben, and <sup>2</sup>Martin Luther University, Institute of Computer Science, Von-Seckendorff-Platz 1, 06120 Halle, Germany</aff><author-notes><corresp id="COR1"><sup>*</sup>To whom correspondence should be addressed.</corresp><fn><p>Associate Editor: Trey Ideker</p></fn></author-notes><pub-date pub-type="ppub"><day>15</day><month>8</month><year>2009</year></pub-date><pub-date pub-type="epub"><day>28</day><month>4</month><year>2009</year></pub-date><pub-date pub-type="pmc-release"><day>28</day><month>4</month><year>2009</year></pub-date><!-- PMC Release delay is 0 months and 0 days and was based on the
							<pub-date pub-type="epub"/>. --><volume>25</volume><issue>16</issue><fpage>2118</fpage><lpage>2125</lpage><history><date date-type="received"><day>29</day><month>10</month><year>2009</year></date><date date-type="rev-recd"><day>27</day><month>2</month><year>2009</year></date><date date-type="accepted"><day>21</day><month>4</month><year>2009</year></date></history><permissions><license license-type="creative-commons" xlink:href="http://creativecommons.org/licenses/by-nc/2.0/uk/"><license-p><!--CREATIVE COMMONS-->This is an Open Access article distributed under the terms of the Creative Commons Attribution Non-Commercial License (<ext-link ext-link-type="uri" xlink:href="http://creativecommons.org/licenses/by-nc/2.0/uk/">http://creativecommons.org/licenses/by-nc/2.0/uk/</ext-link>) which permits unrestricted non-commercial use, distribution, and reproduction in any medium, provided the original work is properly cited.</license-p></license></permissions><abstract><p><bold>Motivation:</bold> Array-based analysis of chromatin immunoprecipitation (ChIP-chip) data is a powerful technique for identifying DNA target regions of individual transcription factors. The identification of these target regions from comprehensive promoter array ChIP-chip data is challenging. Here, three approaches for the identification of transcription factor target genes from promoter array ChIP-chip data are presented. We compare (i) a standard log-fold-change analysis (LFC); (ii) a basic method based on a Hidden Markov Model (HMM); and (iii) a new extension of the HMM approach to an HMM with scaled transition matrices (SHMM) that incorporates information about the relative orientation of adjacent gene pairs on DNA.</p><p><bold>Results:</bold> All three methods are applied to different promoter array ChIP-chip datasets of the yeast <italic>Saccharomyces cerevisiae</italic> and the important model plant <italic>Arabidopsis thaliana</italic> to compare the prediction of transcription factor target genes. In the context of the yeast cell cycle, common target genes bound by the transcription factors ACE2 and SWI5, and ACE2 and FKH2 are identified and evaluated using the Saccharomyces Genome Database. Regarding <italic>A.thaliana</italic>, target genes of the seed-specific transcription factor ABI3 are predicted and evaluate based on publicly available gene expression profiles and transient assays performed in the wet laboratory experiments. The application of the novel SHMM to these two different promoter array ChIP-chip datasets leads to an improved identification of transcription factor target genes in comparison to the two standard approaches LFC and HMM.</p><p><bold>Availability:</bold> The software of LFC, HMM and SHMM, the ABI3 ChIP–chip dataset, and <ext-link ext-link-type="uri" xlink:href="http://bioinformatics.oxfordjournals.org/cgi/content/full/btp276/DC1">Supplementary Material</ext-link> can be downloaded from <ext-link ext-link-type="uri" xlink:href="http://dig.ipk-gatersleben.de/SHMMs/ChIPchip/ChIPchip.html">http://dig.ipk-gatersleben.de/SHMMs/ChIPchip/ChIPchip.html</ext-link>.</p><p><bold>Contact:</bold><email>seifert@ipk-gatersleben.de</email></p></abstract></article-meta></front></article>