<article xmlns="https://jats.nlm.nih.gov/ns/archiving/1.2/" xmlns:xsi="http://www.w3.org/2001/XMLSchema-instance" xmlns:mml="http://www.w3.org/1998/Math/MathML" xmlns:xlink="http://www.w3.org/1999/xlink" xsi:schemaLocation="https://jats.nlm.nih.gov/ns/archiving/1.2/ https://jats.nlm.nih.gov/archiving/1.2/xsd/JATS-archivearticle1.xsd" article-type="research-article"><front><journal-meta><journal-id journal-id-type="nlm-ta">Bioinformatics</journal-id><journal-id journal-id-type="publisher-id">bioinformatics</journal-id><journal-id journal-id-type="hwp">bioinfo</journal-id><journal-title-group><journal-title>Bioinformatics</journal-title></journal-title-group><issn pub-type="ppub">1367-4803</issn><issn pub-type="epub">1460-2059</issn><publisher><publisher-name>Oxford University Press</publisher-name></publisher></journal-meta><article-meta><article-id pub-id-type="accession">PMC2712333</article-id><article-id pub-id-type="pmcid">PMC2712333</article-id><article-id pub-id-type="pmc-uid">2712333</article-id><article-id pub-id-type="pmid">19420054</article-id><article-id pub-id-type="doi">10.1093/bioinformatics/btp268</article-id><article-id pub-id-type="publisher-id">btp268</article-id><article-categories><subj-group subj-group-type="heading"><subject>Applications Note</subject><subj-group><subject>Systems Biology</subject></subj-group></subj-group></article-categories><title-group><article-title>CycSim—an online tool for exploring and experimenting with genome-scale metabolic models</article-title></title-group><contrib-group><contrib contrib-type="author"><name><surname>Le Fèvre</surname><given-names>F.</given-names></name><xref ref-type="aff" rid="AFF1"><sup>1</sup></xref></contrib><contrib contrib-type="author"><name><surname>Smidtas</surname><given-names>S.</given-names></name><xref ref-type="aff" rid="AFF1"><sup>1</sup></xref></contrib><contrib contrib-type="author"><name><surname>Combe</surname><given-names>C.</given-names></name><xref ref-type="aff" rid="AFF1"><sup>1</sup></xref><xref ref-type="aff" rid="AFF1"><sup>2</sup></xref></contrib><contrib contrib-type="author"><name><surname>Durot</surname><given-names>M.</given-names></name><xref ref-type="aff" rid="AFF1"><sup>1</sup></xref></contrib><contrib contrib-type="author"><name><surname>d'Alché-Buc</surname><given-names>Florence</given-names></name><xref ref-type="aff" rid="AFF1"><sup>2</sup></xref></contrib><contrib contrib-type="author"><name><surname>Schachter</surname><given-names>V.</given-names></name><xref ref-type="aff" rid="AFF1"><sup>1</sup></xref><xref ref-type="corresp" rid="COR1">*</xref></contrib></contrib-group><aff id="AFF1"><sup>1</sup> CEA, DSV, IG, Genoscope, UMR 8030, Evry, F-91057 and <sup>2</sup> IBISC, FRE 3190 CNRS, Université d'Evry, Evry, France</aff><author-notes><corresp id="COR1">* To whom correspondence should be addressed.</corresp><fn><p>Associate Editor: Thomas Lengauer</p></fn></author-notes><pub-date pub-type="ppub"><day>1</day><month>8</month><year>2009</year></pub-date><pub-date pub-type="epub"><day>6</day><month>5</month><year>2009</year></pub-date><pub-date pub-type="pmc-release"><day>6</day><month>5</month><year>2009</year></pub-date><!-- PMC Release delay is 0 months and 0 days and was based on the
							<pub-date pub-type="epub"/>. --><volume>25</volume><issue>15</issue><fpage>1987</fpage><lpage>1988</lpage><history><date date-type="received"><day>7</day><month>10</month><year>2008</year></date><date date-type="rev-recd"><day>20</day><month>3</month><year>2009</year></date><date date-type="accepted"><day>17</day><month>4</month><year>2009</year></date></history><permissions><copyright-statement>© 2009 The Author(s)</copyright-statement><copyright-year>2009</copyright-year><license license-type="creative-commons" xlink:href="http://creativecommons.org/licenses/by-nc/2.0/uk/"><license-p><!--CREATIVE COMMONS-->This is an Open Access article distributed under the terms of the Creative Commons Attribution Non-Commercial License (<ext-link ext-link-type="uri" xlink:href="http://creativecommons.org/licenses/by-nc/2.0/uk/">http://creativecommons.org/licenses/by-nc/2.0/uk/</ext-link>) which permits unrestricted non-commercial use, distribution, and reproduction in any medium, provided the original work is properly cited.</license-p></license></permissions><abstract><p><bold>Summary:</bold><italic>CycSim</italic> is a web application dedicated to <italic>in silico</italic> experiments with genome-scale metabolic models coupled to the exploration of knowledge from BioCyc and KEGG. Specifically, CycSim supports the design of knockout experiments: simulation of growth phenotypes of single or multiple gene deletions mutants on specified media, comparison of these predictions with experimental phenotypes and direct visualization of both on metabolic maps. The web interface is designed for simplicity, putting constraint-based modelling techniques within easier reach of biologists. CycSim also functions as an online repository of genome-scale metabolic models.</p><p><bold>Availability:</bold><ext-link ext-link-type="uri" xlink:href="http://www.genoscope.cns.fr/cycsim">http://www.genoscope.cns.fr/cycsim</ext-link></p><p><bold>Contact:</bold><email>cycsim@genoscope.cns.fr</email></p></abstract></article-meta></front></article>