<article xmlns="https://dtd.nlm.nih.gov/ns/archiving/2.3/" xmlns:xsi="http://www.w3.org/2001/XMLSchema-instance" xmlns:mml="http://www.w3.org/1998/Math/MathML" xmlns:xlink="http://www.w3.org/1999/xlink" xsi:schemaLocation="https://dtd.nlm.nih.gov/ns/archiving/2.3/ https://dtd.nlm.nih.gov/archiving/2.3/xsd/archivearticle.xsd" article-type="research-article" xml:lang="EN"><front><journal-meta><journal-id journal-id-type="nlm-ta">Bioinformatics</journal-id><journal-id journal-id-type="publisher-id">bioinformatics</journal-id><journal-id journal-id-type="hwp">bioinfo</journal-id><journal-title>Bioinformatics</journal-title><issn pub-type="ppub">1367-4803</issn><issn pub-type="epub">1460-2059</issn><publisher><publisher-name>Oxford University Press</publisher-name></publisher></journal-meta><article-meta><article-id pub-id-type="accession">PMC2553435</article-id><article-id pub-id-type="pmcid">PMC2553435</article-id><article-id pub-id-type="pmc-uid">2553435</article-id><article-id pub-id-type="pmid">18662928</article-id><article-id pub-id-type="doi">10.1093/bioinformatics/btn391</article-id><article-id pub-id-type="publisher-id">btn391</article-id><article-id pub-id-type="pmid">18662928</article-id><article-categories><subj-group subj-group-type="heading"><subject>Original Papers</subject><subj-group><subject>Sequence Analysis</subject></subj-group></subj-group></article-categories><title-group><article-title>Is there an acceleration of the <italic>CpG</italic> transition rate during the mammalian radiation?</article-title></title-group><contrib-group><contrib contrib-type="author"><name><surname>Peifer</surname><given-names>M.</given-names></name><xref ref-type="aff" rid="AFF1"><sup>1</sup></xref><xref ref-type="corresp" rid="COR1">*</xref></contrib><contrib contrib-type="author"><name><surname>Karro</surname><given-names>J. E.</given-names></name><xref ref-type="aff" rid="AFF1"><sup>2</sup></xref><xref ref-type="aff" rid="AFF1"><sup>3</sup></xref></contrib><contrib contrib-type="author"><name><surname>von Grünberg</surname><given-names>H. H.</given-names></name><xref ref-type="aff" rid="AFF1"><sup>1</sup></xref></contrib></contrib-group><aff id="AFF1"><sup>1</sup>Institute of Chemistry, Karl-Franzens University Graz, Graz, Austria, <sup>2</sup>Department of Computer Science and Systems Analysis and <sup>3</sup>Department of Microbiology, Miami University, OH, USA</aff><author-notes><corresp id="COR1">*To whom correspondence should be addressed.</corresp><fn><p>Associate Editor: Martin Bishop</p></fn></author-notes><pub-date pub-type="ppub"><day>1</day><month>10</month><year>2008</year></pub-date><pub-date pub-type="epub"><day>28</day><month>7</month><year>2008</year></pub-date><volume>24</volume><issue>19</issue><fpage>2157</fpage><lpage>2164</lpage><history><date date-type="received"><day>11</day><month>4</month><year>2008</year></date><date date-type="rev-recd"><day>27</day><month>7</month><year>2008</year></date><date date-type="accepted"><day>27</day><month>7</month><year>2008</year></date></history><permissions><copyright-statement>© The Author 2008. Published by Oxford University Press. All rights reserved. For Permissions, please email: journals.permissions@oxfordjournals.org</copyright-statement><copyright-year>2008</copyright-year></permissions><abstract><p><bold>Motivation</bold>: In this article we build a model of the <italic>CpG</italic> dinucleotide substitution rate and use it to challenge the claim that, that rate underwent a sudden mammalian-specific increase approximately 90 million years ago. The evidence supporting this hypothesis comes from the application of a model of neutral substitution rates able to account for elevated <italic>CpG</italic> dinucleotide substitution rates. With the initial goal of improving that model's accuracy, we introduced a modification enabling us to account for boundary effects arising by the truncation of the Markov field, as well as improving the optimization procedure required for estimating the substitution rates.</p><p><bold>Results</bold>: When using this modified method to reproduce the supporting analysis, the evidence of the rate shift vanished. Our analysis suggests that the <italic>CpG</italic>-specific rate has been constant over the relevant time period and that the asserted acceleration of the <italic>CpG</italic> rate is likely an artifact of the original model.</p><p><bold>Contact:</bold><email>peifer@uni-graz.at</email></p><p><bold>Supplementary information:</bold><ext-link ext-link-type="uri" xlink:href="http://bioinformatics.oxfordjournals.org/cgi/content/full/btn391/DC1">Supplementary data</ext-link> are available at <italic>Bioinformatics</italic> online.</p></abstract></article-meta></front></article>