<article xmlns="https://dtd.nlm.nih.gov/ns/archiving/2.3/" xmlns:xsi="http://www.w3.org/2001/XMLSchema-instance" xmlns:mml="http://www.w3.org/1998/Math/MathML" xmlns:xlink="http://www.w3.org/1999/xlink" xsi:schemaLocation="https://dtd.nlm.nih.gov/ns/archiving/2.3/ https://dtd.nlm.nih.gov/archiving/2.3/xsd/archivearticle.xsd" article-type="research-article" xml:lang="EN"><front><journal-meta><journal-id journal-id-type="nlm-ta">Bioinformatics</journal-id><journal-id journal-id-type="publisher-id">bioinformatics</journal-id><journal-id journal-id-type="hwp">bioinfo</journal-id><journal-title>Bioinformatics</journal-title><issn pub-type="ppub">1367-4803</issn><issn pub-type="epub">1460-2059</issn><publisher><publisher-name>Oxford University Press</publisher-name></publisher></journal-meta><article-meta><article-id pub-id-type="accession">PMC2639004</article-id><article-id pub-id-type="pmcid">PMC2639004</article-id><article-id pub-id-type="pmc-uid">2639004</article-id><article-id pub-id-type="pmid">19038985</article-id><article-id pub-id-type="doi">10.1093/bioinformatics/btn611</article-id><article-id pub-id-type="publisher-id">btn611</article-id><article-id pub-id-type="pmid">19038985</article-id><article-categories><subj-group subj-group-type="heading"><subject>Original Papers</subject><subj-group><subject>Data and Text Mining</subject></subj-group></subj-group></article-categories><title-group><article-title>Sparse combinatorial inference with an application in cancer biology</article-title></title-group><contrib-group><contrib contrib-type="author"><name><surname>Mukherjee</surname><given-names>Sach</given-names></name><xref ref-type="aff" rid="AFF1"><sup>1</sup></xref><xref ref-type="aff" rid="AFF1"><sup>2</sup></xref><xref ref-type="corresp" rid="COR1">*</xref></contrib><contrib contrib-type="author"><name><surname>Pelech</surname><given-names>Steven</given-names></name><xref ref-type="aff" rid="AFF1"><sup>3</sup></xref></contrib><contrib contrib-type="author"><name><surname>Neve</surname><given-names>Richard M.</given-names></name><xref ref-type="aff" rid="AFF1"><sup>4</sup></xref></contrib><contrib contrib-type="author"><name><surname>Kuo</surname><given-names>Wen-Lin</given-names></name><xref ref-type="aff" rid="AFF1"><sup>5</sup></xref></contrib><contrib contrib-type="author"><name><surname>Ziyad</surname><given-names>Safiyyah</given-names></name><xref ref-type="aff" rid="AFF1"><sup>5</sup></xref></contrib><contrib contrib-type="author"><name><surname>Spellman</surname><given-names>Paul T.</given-names></name><xref ref-type="aff" rid="AFF1"><sup>5</sup></xref></contrib><contrib contrib-type="author"><name><surname>Gray</surname><given-names>Joe W.</given-names></name><xref ref-type="aff" rid="AFF1"><sup>5</sup></xref><xref ref-type="aff" rid="AFF1"><sup>6</sup></xref></contrib><contrib contrib-type="author"><name><surname>Speed</surname><given-names>Terence P.</given-names></name><xref ref-type="aff" rid="AFF1"><sup>7</sup></xref></contrib></contrib-group><aff id="AFF1"><sup>1</sup>Department of Statistics, <sup>2</sup>Centre for Complexity Science, University of Warwick, Coventry CV4 7AL, UK, <sup>3</sup>Kinexus Bioinformatics Corporation, Vancouver, Canada V6P 6T3, <sup>4</sup>Genentech Inc., San Francisco, CA 94080, <sup>5</sup>Life Sciences Division, Lawrence Berkeley National Laboratory, Berkeley, CA 94720, <sup>6</sup>Helen Diller Family Comprehensive Cancer Center, University of California, San Francisco, CA 94143 and <sup>7</sup>Department of Statistics, University of California, Berkeley, CA 94720, USA</aff><author-notes><corresp id="COR1">*To whom correspondence should be addressed.</corresp><fn><p>Associate Editor: Jonathan Wren</p></fn></author-notes><pub-date pub-type="ppub"><day>15</day><month>1</month><year>2009</year></pub-date><pub-date pub-type="epub"><day>27</day><month>11</month><year>2008</year></pub-date><volume>25</volume><issue>2</issue><fpage>265</fpage><lpage>271</lpage><history><date date-type="received"><day>19</day><month>6</month><year>2008</year></date><date date-type="rev-recd"><day>15</day><month>10</month><year>2008</year></date><date date-type="accepted"><day>20</day><month>11</month><year>2008</year></date></history><permissions><copyright-statement>© The Author 2008. Published by Oxford University Press. All rights reserved. For Permissions, please email: journals.permissions@oxfordjournals.org</copyright-statement><copyright-year>2008</copyright-year></permissions><abstract><p><bold>Motivation:</bold> Combinatorial effects, in which several variables jointly influence an output or response, play an important role in biological systems. In many settings, Boolean functions provide a natural way to describe such influences. However, biochemical data using which we may wish to characterize such influences are usually subject to much variability. Furthermore, in high-throughput biological settings Boolean relationships of interest are very often sparse, in the sense of being embedded in an overall dataset of higher dimensionality. This motivates a need for statistical methods capable of making inferences regarding Boolean functions under conditions of noise and sparsity.</p><p><bold>Results:</bold> We put forward a statistical model for sparse, noisy Boolean functions and methods for inference under the model. We focus on the case in which the form of the underlying Boolean function, as well as the number and identity of its inputs are all unknown. We present results on synthetic data and on a study of signalling proteins in cancer biology.</p><p><bold>Availability:</bold><ext-link ext-link-type="uri" xlink:href="go.warwick.ac.uk/sachmukherjee/sci">go.warwick.ac.uk/sachmukherjee/sci</ext-link></p><p><bold>Contact:</bold><email>s.n.mukherjee@warwick.ac.uk</email></p></abstract></article-meta></front></article>