<article xmlns="https://jats.nlm.nih.gov/ns/archiving/1.2/" xmlns:xsi="http://www.w3.org/2001/XMLSchema-instance" xmlns:mml="http://www.w3.org/1998/Math/MathML" xmlns:xlink="http://www.w3.org/1999/xlink" xsi:schemaLocation="https://jats.nlm.nih.gov/ns/archiving/1.2/ https://jats.nlm.nih.gov/archiving/1.2/xsd/JATS-archivearticle1.xsd" article-type="research-article"><front><journal-meta><journal-id journal-id-type="nlm-ta">Bioinformatics</journal-id><journal-id journal-id-type="publisher-id">bioinformatics</journal-id><journal-id journal-id-type="hwp">bioinfo</journal-id><journal-title-group><journal-title>Bioinformatics</journal-title></journal-title-group><issn pub-type="ppub">1367-4803</issn><issn pub-type="epub">1460-2059</issn><publisher><publisher-name>Oxford University Press</publisher-name></publisher></journal-meta><article-meta><article-id pub-id-type="accession">PMC2732299</article-id><article-id pub-id-type="pmcid">PMC2732299</article-id><article-id pub-id-type="pmc-uid">2732299</article-id><article-id pub-id-type="pmid">19176559</article-id><article-id pub-id-type="pmid">19176559</article-id><article-id pub-id-type="doi">10.1093/bioinformatics/btp060</article-id><article-id pub-id-type="publisher-id">btp060</article-id><article-categories><subj-group subj-group-type="heading"><subject>Original Papers</subject><subj-group><subject>Data and Text Mining</subject></subj-group></subj-group></article-categories><title-group><article-title>A novel comprehensive wave-form MS data processing method</article-title></title-group><contrib-group><contrib contrib-type="author"><name><surname>Chen</surname><given-names>Shuo</given-names></name><xref ref-type="aff" rid="AFF1"><sup>1</sup></xref><xref ref-type="aff" rid="AFF1"><sup>2</sup></xref><xref ref-type="aff" rid="AFF1"><sup>3</sup></xref><xref ref-type="author-notes" rid="FN1"><sup>†</sup></xref></contrib><contrib contrib-type="author" corresp="yes"><name><surname>Li</surname><given-names>Ming</given-names></name><xref ref-type="aff" rid="AFF1"><sup>1</sup></xref><xref ref-type="aff" rid="AFF1"><sup>2</sup></xref><xref ref-type="author-notes" rid="FN1"><sup>†</sup></xref></contrib><contrib contrib-type="author"><name><surname>Hong</surname><given-names>Don</given-names></name><xref ref-type="aff" rid="AFF1"><sup>4</sup></xref></contrib><contrib contrib-type="author"><name><surname>Billheimer</surname><given-names>Dean</given-names></name><xref ref-type="aff" rid="AFF1"><sup>5</sup></xref></contrib><contrib contrib-type="author"><name><surname>Li</surname><given-names>Huiming</given-names></name><xref ref-type="aff" rid="AFF1"><sup>2</sup></xref></contrib><contrib contrib-type="author"><name><surname>Xu</surname><given-names>Baogang J.</given-names></name><xref ref-type="aff" rid="AFF1"><sup>6</sup></xref></contrib><contrib contrib-type="author"><name><surname>Shyr</surname><given-names>Yu</given-names></name><xref ref-type="aff" rid="AFF1"><sup>1</sup></xref><xref ref-type="aff" rid="AFF1"><sup>2</sup></xref><xref ref-type="corresp" rid="COR1">*</xref></contrib></contrib-group><aff id="AFF1"><sup>1</sup>Division of Cancer Biostatistics, Department of Biostatistics, Vanderbilt University, <sup>2</sup>Cancer Biostatistics Center, Vanderbilt-Ingram Cancer Center, Nashville, TN 37232, <sup>3</sup>Department of Biostatistics and Bioinformatics, Emory University, Atlanta, GA 30322, <sup>4</sup>Department of Mathematical Sciences, Middle Tennessee State University, Murfreesboro, TN 37132, <sup>5</sup>Department of Oncological Sciences, University of Utah, Salt Lake City, UT 84112 and <sup>6</sup>Department of Cancer Biology, Vanderbilt University, Nashville, TN 37232, USA</aff><author-notes><corresp id="COR1">*To whom correspondence should be addressed.</corresp><fn id="FN1"><p><sup>†</sup>The authors wish it to be known that, in their opinion, the first two authors should be regarded as joint First Authors.</p></fn><fn><p>Associate Editor: Jonathan Wren</p></fn></author-notes><pub-date pub-type="ppub"><day>15</day><month>3</month><year>2009</year></pub-date><pub-date pub-type="epub"><day>28</day><month>1</month><year>2009</year></pub-date><volume>25</volume><issue>6</issue><fpage>808</fpage><lpage>814</lpage><history><date date-type="received"><day>2</day><month>10</month><year>2008</year></date><date date-type="rev-recd"><day>22</day><month>1</month><year>2009</year></date><date date-type="accepted"><day>23</day><month>1</month><year>2009</year></date></history><permissions><copyright-statement>© The Author 2009. Published by Oxford University Press. All rights reserved. For Permissions, please email: journals.permissions@oxfordjournals.org</copyright-statement><copyright-year>2009</copyright-year></permissions><abstract><p><bold>Motivation:</bold> Mass spectrometry (MS) can generate high-throughput protein profiles for biomedical research to discover biologically related protein patterns/biomarkers. The noisy functional MS data collected by current technologies, however, require consistent, sensitive and robust data-processing techniques for successful biomedical application. Therefore, it is important to detect features precisely for each spectrum, quantify them well and assign a unique label to features from the same protein/peptide across spectra.</p><p><bold>Results:</bold> In this article, we propose a new comprehensive MS data preprocessing package, Wave-spec, which includes several novel algorithms. It can overcome several conventional difficulties. Wave-spec can be applied to multiple types of MS data generated with different MS technologies. Results from this new package were evaluated and compared to several existing approaches based on a MALDI-TOF MS dataset.</p><p><bold>Availability:</bold> An example of MATLAB scripts used to implement the methods described in this article, along with Supplementary Figures, can be found at <ext-link ext-link-type="uri" xlink:href="http://www.vicc.org/biostatistics/supp.php">http://www.vicc.org/biostatistics/supp.php</ext-link>.</p><p><bold>Contact:</bold><email>yu.shyr@vanderbilt.edu</email></p><p><bold>Supplementary information:</bold><ext-link ext-link-type="uri" xlink:href="http://bioinformatics.oxfordjournals.org/cgi/content/full/btp060/DC1">Supplementary data</ext-link> are available at <italic>Bioinformatics</italic> online.</p></abstract></article-meta></front></article>