<article xmlns="https://dtd.nlm.nih.gov/ns/archiving/2.3/" xmlns:xsi="http://www.w3.org/2001/XMLSchema-instance" xmlns:mml="http://www.w3.org/1998/Math/MathML" xmlns:xlink="http://www.w3.org/1999/xlink" xsi:schemaLocation="https://dtd.nlm.nih.gov/ns/archiving/2.3/ https://dtd.nlm.nih.gov/archiving/2.3/xsd/archivearticle.xsd" article-type="research-article" xml:lang="EN"><front><journal-meta><journal-id journal-id-type="nlm-ta">Bioinformatics</journal-id><journal-id journal-id-type="publisher-id">bioinformatics</journal-id><journal-id journal-id-type="hwp">bioinfo</journal-id><journal-title>Bioinformatics</journal-title><issn pub-type="ppub">1367-4803</issn><issn pub-type="epub">1460-2059</issn><publisher><publisher-name>Oxford University Press</publisher-name></publisher></journal-meta><article-meta><article-id pub-id-type="accession">PMC2639008</article-id><article-id pub-id-type="pmcid">PMC2639008</article-id><article-id pub-id-type="pmc-uid">2639008</article-id><article-id pub-id-type="pmid">19043077</article-id><article-id pub-id-type="doi">10.1093/bioinformatics/btn616</article-id><article-id pub-id-type="publisher-id">btn616</article-id><article-id pub-id-type="pmid">19043077</article-id><article-categories><subj-group subj-group-type="heading"><subject>Applications Note</subject><subj-group><subject>Genome Analysis</subject></subj-group></subj-group></article-categories><title-group><article-title>Programs for calculating the statistical powers of detecting susceptibility genes in case–control studies based on multistage designs</article-title></title-group><contrib-group><contrib contrib-type="author"><name><surname>Kitamura</surname><given-names>Nobutaka</given-names></name><xref ref-type="aff" rid="AFF1"><sup>1</sup></xref><xref ref-type="corresp" rid="COR1">*</xref></contrib><contrib contrib-type="author"><name><surname>Akazawa</surname><given-names>Kouhei</given-names></name><xref ref-type="aff" rid="AFF1"><sup>1</sup></xref></contrib><contrib contrib-type="author"><name><surname>Miyashita</surname><given-names>Akinori</given-names></name><xref ref-type="aff" rid="AFF1"><sup>2</sup></xref></contrib><contrib contrib-type="author"><name><surname>Kuwano</surname><given-names>Ryozo</given-names></name><xref ref-type="aff" rid="AFF1"><sup>2</sup></xref></contrib><contrib contrib-type="author"><name><surname>Toyabe</surname><given-names>Shin-ichi</given-names></name><xref ref-type="aff" rid="AFF1"><sup>1</sup></xref></contrib><contrib contrib-type="author"><name><surname>Nakamura</surname><given-names>Junichiro</given-names></name><xref ref-type="aff" rid="AFF1"><sup>1</sup></xref></contrib><contrib contrib-type="author"><name><surname>Nakamura</surname><given-names>Norihito</given-names></name><xref ref-type="aff" rid="AFF1"><sup>1</sup></xref></contrib><contrib contrib-type="author"><name><surname>Sato</surname><given-names>Tatsuhiko</given-names></name><xref ref-type="aff" rid="AFF1"><sup>1</sup></xref></contrib><contrib contrib-type="author"><name><surname>Hoque</surname><given-names>M. Aminul</given-names></name><xref ref-type="aff" rid="AFF1"><sup>3</sup></xref></contrib></contrib-group><aff id="AFF1"><sup>1</sup>Department of Medical Informatics, Niigata University Medical and Dental Hospital, Niigata 951-8520, <sup>2</sup>Genome Science Branch, Center of Bioresource-Based Researches, Brain Research Institute, Niigata University, Niigata 951-8585, Japan and <sup>3</sup>Department of Statistics, University of Rajshahi, Rajshahi-6205, Bangladesh</aff><author-notes><corresp id="COR1">*To whom correspondence should be addressed.</corresp><fn><p>Associate Editor: Alfonso Valencia</p></fn></author-notes><pub-date pub-type="ppub"><day>15</day><month>1</month><year>2009</year></pub-date><pub-date pub-type="epub"><day>28</day><month>11</month><year>2008</year></pub-date><pub-date pub-type="pmc-release"><day>28</day><month>11</month><year>2008</year></pub-date><volume>25</volume><issue>2</issue><fpage>272</fpage><lpage>273</lpage><history><date date-type="received"><day>5</day><month>6</month><year>2008</year></date><date date-type="rev-recd"><day>14</day><month>11</month><year>2008</year></date><date date-type="accepted"><day>24</day><month>11</month><year>2008</year></date></history><permissions><copyright-statement>© 2008 The Author(s)</copyright-statement><copyright-year>2008</copyright-year><license license-type="creative-commons" xlink:href="http://creativecommons.org/licenses/by-nc/2.0/uk/"><p><!--CREATIVE COMMONS-->This is an Open Access article distributed under the terms of the Creative Commons Attribution Non-Commercial License (<ext-link ext-link-type="uri" xlink:href="http://creativecommons.org/licenses/by-nc/2.0/uk/">http://creativecommons.org/licenses/by-nc/2.0/uk/</ext-link>) which permits unrestricted non-commercial use, distribution, and reproduction in any medium, provided the original work is properly cited.</p></license></permissions><abstract><p><bold>Motivation:</bold> A two-stage association study is the most commonly used method among multistage designs to efficiently identify disease susceptibility genes. Recently, some SNP studies have utilized more than two stages to detect disease genes. However, there are few available programs for calculating statistical powers and positive predictive values (PPVs) of arbitrary <italic>n</italic>-stage designs.</p><p><bold>Results:</bold> We developed programs for a multistage case–control association study using R language. In our programs, input parameters include numbers of samples and candidate loci, genome-wide false positive rate and proportions of samples and loci to be selected at the <italic>k</italic>-th stage (<italic>k</italic>=1,…, <italic>n</italic>). The programs output statistical powers, PPVs and numbers of typings in arbitrary <italic>n</italic>-stage designs. The programs can contribute to prior simulations under various conditions in planning a genome-wide association study.</p><p><bold>Availability:</bold> The R programs are freely available for academic users and can be downloaded from <ext-link ext-link-type="uri" xlink:href="http://www.med.niigata-u.ac.jp/eng/resources/informatics/gwa.html">http://www.med.niigata-u.ac.jp/eng/resources/informatics/gwa.html</ext-link></p><p><bold>Contact:</bold><email>nktmr@m12.alpha-net.ne.jp</email></p><p><bold>Supplementary information:</bold><ext-link ext-link-type="uri" xlink:href="http://bioinformatics.oxfordjournals.org/cgi/content/full/btn616/DC1">Supplementary data</ext-link> are available at <italic>Bioinformatics</italic> online.</p></abstract></article-meta></front></article>