<article xmlns="https://jats.nlm.nih.gov/ns/archiving/1.2/" xmlns:xsi="http://www.w3.org/2001/XMLSchema-instance" xmlns:mml="http://www.w3.org/1998/Math/MathML" xmlns:xlink="http://www.w3.org/1999/xlink" xmlns:ali="http://www.niso.org/schemas/ali/1.0" xsi:schemaLocation="https://jats.nlm.nih.gov/ns/archiving/1.2/ https://jats.nlm.nih.gov/archiving/1.2/xsd/JATS-archivearticle1.xsd" article-type="research-article"><front><journal-meta><journal-id journal-id-type="nlm-ta">Bioinformatics</journal-id><journal-id journal-id-type="iso-abbrev">Bioinformatics</journal-id><journal-id journal-id-type="publisher-id">bioinformatics</journal-id><journal-id journal-id-type="hwp">bioinfo</journal-id><journal-title-group><journal-title>Bioinformatics</journal-title></journal-title-group><issn pub-type="ppub">1367-4803</issn><issn pub-type="epub">1367-4811</issn><publisher><publisher-name>Oxford University Press</publisher-name></publisher></journal-meta><article-meta><article-id pub-id-type="accession">PMC2639306</article-id><article-id pub-id-type="pmcid">PMC2639306</article-id><article-id pub-id-type="pmc-uid">2639306</article-id><article-id pub-id-type="pmid">18936052</article-id><article-id pub-id-type="pmid">18936052</article-id><article-id pub-id-type="doi">10.1093/bioinformatics/btn540</article-id><article-id pub-id-type="publisher-id">btn540</article-id><article-categories><subj-group subj-group-type="heading"><subject>Applications Note</subject><subj-group subj-group-type="heading"><subject>Genetics and Population Analysis</subject></subj-group></subj-group></article-categories><title-group><article-title>REJECTOR: software for population history inference from genetic data via a rejection algorithm</article-title></title-group><contrib-group><contrib contrib-type="author"><name><surname>Jobin</surname><given-names>Matthew J.</given-names></name><xref ref-type="aff" rid="AFF1"><sup>1</sup></xref><xref ref-type="corresp" rid="COR1">*</xref></contrib><contrib contrib-type="author"><name><surname>Mountain</surname><given-names>Joanna L.</given-names></name><xref ref-type="aff" rid="AFF1"><sup>1</sup></xref><xref ref-type="aff" rid="AFF1"><sup>2</sup></xref></contrib></contrib-group><aff id="AFF1"><sup>1</sup>Department of Anthropology, Stanford University, Stanford, CA 94305 and <sup>2</sup>23andMe, Inc., Mountain View, CA, USA</aff><author-notes><corresp id="COR1">*To whom correspondence should be addressed.</corresp><fn><p>Associate Editor: Martin Bishop</p></fn></author-notes><pub-date pub-type="ppub"><day>15</day><month>12</month><year>2008</year></pub-date><pub-date pub-type="epub"><day>20</day><month>10</month><year>2008</year></pub-date><pub-date pub-type="pmc-release"><day>15</day><month>12</month><year>2009</year></pub-date><!-- PMC Release delay is 12 months and
						0 days and was based on the <pub-date
						pub-type="ppub"/>. --><volume>24</volume><issue>24</issue><fpage>2936</fpage><lpage>2937</lpage><history><date date-type="received"><day>4</day><month>7</month><year>2008</year></date><date date-type="rev-recd"><day>16</day><month>9</month><year>2008</year></date><date date-type="accepted"><day>15</day><month>10</month><year>2008</year></date></history><permissions><copyright-statement>© The Author 2008. Published by Oxford University Press. All rights reserved. For Permissions, please email: journals.permissions@oxfordjournals.org</copyright-statement><copyright-year>2008</copyright-year></permissions><abstract><p><bold>Summary:</bold> We introduce REJECTOR, software for parameter estimation and comparison of alternate models of population history from genetic data via a rejection algorithm. Through coalescent simulation, REJECTOR generates numerous gene genealogies, and hence simulated data, under a model of population history specified by the user. Summary statistics derived from such simulated data are compared with observed statistics, leading to acceptance or rejection of a given set of parameter values. We performed tests of the software using known parameter values in order to assess the inferential power provided by each summary statistic. The tests demonstrate the precision and accuracy of estimation made possible using this approach.</p><p><bold>Availability:</bold><ext-link ext-link-type="uri" xlink:href="http://www.rejector.org">http://www.rejector.org</ext-link></p><p><bold>Contact:</bold><email>mjobin@stanford.edu</email></p><p><bold>Supplementary Information:</bold> Supplementary data are available at <ext-link ext-link-type="uri" xlink:href="http://www.rejector.org/guide.pdf">http://www.rejector.org/guide.pdf</ext-link></p></abstract></article-meta></front></article>