<article xmlns="https://dtd.nlm.nih.gov/ns/archiving/2.3/" xmlns:xsi="http://www.w3.org/2001/XMLSchema-instance" xmlns:mml="http://www.w3.org/1998/Math/MathML" xmlns:xlink="http://www.w3.org/1999/xlink" xsi:schemaLocation="https://dtd.nlm.nih.gov/ns/archiving/2.3/ https://dtd.nlm.nih.gov/archiving/2.3/xsd/archivearticle.xsd" article-type="research-article" xml:lang="EN"><front><journal-meta><journal-id journal-id-type="nlm-ta">Bioinformatics</journal-id><journal-id journal-id-type="publisher-id">bioinformatics</journal-id><journal-id journal-id-type="hwp">bioinfo</journal-id><journal-title>Bioinformatics</journal-title><issn pub-type="ppub">1367-4803</issn><issn pub-type="epub">1460-2059</issn><publisher><publisher-name>Oxford University Press</publisher-name></publisher></journal-meta><article-meta><article-id pub-id-type="accession">PMC2553442</article-id><article-id pub-id-type="pmcid">PMC2553442</article-id><article-id pub-id-type="pmc-uid">2553442</article-id><article-id pub-id-type="pmid">18635567</article-id><article-id pub-id-type="doi">10.1093/bioinformatics/btn374</article-id><article-id pub-id-type="publisher-id">btn374</article-id><article-id pub-id-type="pmid">18635567</article-id><article-categories><subj-group subj-group-type="heading"><subject>Original Papers</subject><subj-group><subject>Gene Expression</subject></subj-group></subj-group></article-categories><title-group><article-title>A comparative study of survival models for breast cancer prognostication based on microarray data: does a single gene beat them all?</article-title></title-group><contrib-group><contrib contrib-type="author"><name><surname>Haibe-Kains</surname><given-names>B.</given-names></name><xref ref-type="aff" rid="AFF1"><sup>1</sup></xref><xref ref-type="aff" rid="AFF1"><sup>2</sup></xref><xref ref-type="corresp" rid="COR1">*</xref></contrib><contrib contrib-type="author"><name><surname>Desmedt</surname><given-names>C.</given-names></name><xref ref-type="aff" rid="AFF1"><sup>2</sup></xref></contrib><contrib contrib-type="author"><name><surname>Sotiriou</surname><given-names>C.</given-names></name><xref ref-type="aff" rid="AFF1"><sup>2</sup></xref></contrib><contrib contrib-type="author"><name><surname>Bontempi</surname><given-names>G.</given-names></name><xref ref-type="aff" rid="AFF1"><sup>1</sup></xref></contrib></contrib-group><aff id="AFF1"><sup>1</sup>Machine Learning Group, Department of Computer Science and <sup>2</sup>Functional Genomics Unit, Department of Medical Oncology, Institut Jules Bordet, Université Libre de Bruxelles, Brussels, Belgium</aff><author-notes><corresp id="COR1">*To whom correspondence should be addressed.</corresp><fn><p>Associate Editor: Joaquin Dopazo</p></fn></author-notes><pub-date pub-type="ppub"><day>1</day><month>10</month><year>2008</year></pub-date><pub-date pub-type="epub"><day>17</day><month>7</month><year>2008</year></pub-date><pub-date pub-type="pmc-release"><day>17</day><month>7</month><year>2008</year></pub-date><volume>24</volume><issue>19</issue><fpage>2200</fpage><lpage>2208</lpage><history><date date-type="received"><day>18</day><month>1</month><year>2008</year></date><date date-type="rev-recd"><day>30</day><month>5</month><year>2008</year></date><date date-type="accepted"><day>15</day><month>6</month><year>2008</year></date></history><permissions><copyright-statement>© 2008 The Author(s)</copyright-statement><copyright-year>2008</copyright-year><license license-type="creative-commons" xlink:href="http://creativecommons.org/licenses/by-nc/2.0/uk/"><p><!--CREATIVE COMMONS-->This is an Open Access article distributed under the terms of the Creative Commons Attribution Non-Commercial License (<ext-link ext-link-type="uri" xlink:href="http://creativecommons.org/licenses/by-nc/2.0/uk/">http://creativecommons.org/licenses/by-nc/2.0/uk/</ext-link>) which permits unrestricted non-commercial use, distribution, and reproduction in any medium, provided the original work is properly cited.</p></license></permissions><abstract><p><bold>Motivation:</bold> Survival prediction of breast cancer (BC) patients independently of treatment, also known as prognostication, is a complex task since clinically similar breast tumors, in addition to be molecularly heterogeneous, may exhibit different clinical outcomes. In recent years, the analysis of gene expression profiles by means of sophisticated data mining tools emerged as a promising technology to bring additional insights into BC biology and to improve the quality of prognostication. The aim of this work is to assess quantitatively the accuracy of prediction obtained with state-of-the-art data analysis techniques for BC microarray data through an independent and thorough framework.</p><p><bold>Results</bold>: Due to the large number of variables, the reduced amount of samples and the high degree of noise, complex prediction methods are highly exposed to performance degradation despite the use of cross-validation techniques. Our analysis shows that the most complex methods are not significantly better than the simplest one, a univariate model relying on a single proliferation gene. This result suggests that proliferation might be the most relevant biological process for BC prognostication and that the loss of interpretability deriving from the use of overcomplex methods may be not sufficiently counterbalanced by an improvement of the quality of prediction.</p><p><bold>Availability:</bold> The comparison study is implemented in an R package called <monospace>survcomp</monospace> and is available from <ext-link ext-link-type="uri" xlink:href="http://www.ulb.ac.be/di/map/bhaibeka/software/survcomp/">http://www.ulb.ac.be/di/map/bhaibeka/software/survcomp/</ext-link>.</p><p><bold>Contact:</bold><email>bhaibeka@ulb.ac.be</email></p><p><bold>Supplementary information:</bold><ext-link ext-link-type="uri" xlink:href="http://bioinformatics.oxfordjournals.org/cgi/content/full/btn374/DC1">Supplementary data</ext-link> are available at <italic>Bioinformatics</italic> online.</p></abstract></article-meta></front></article>