<article xmlns="https://dtd.nlm.nih.gov/ns/archiving/2.3/" xmlns:xsi="http://www.w3.org/2001/XMLSchema-instance" xmlns:mml="http://www.w3.org/1998/Math/MathML" xmlns:xlink="http://www.w3.org/1999/xlink" xsi:schemaLocation="https://dtd.nlm.nih.gov/ns/archiving/2.3/ https://dtd.nlm.nih.gov/archiving/2.3/xsd/archivearticle.xsd" article-type="research-article" xml:lang="EN"><front><journal-meta><journal-id journal-id-type="nlm-ta">Bioinformatics</journal-id><journal-id journal-id-type="publisher-id">bioinformatics</journal-id><journal-id journal-id-type="hwp">bioinfo</journal-id><journal-title>Bioinformatics</journal-title><issn pub-type="ppub">1367-4803</issn><issn pub-type="epub">1460-2059</issn><publisher><publisher-name>Oxford University Press</publisher-name></publisher></journal-meta><article-meta><article-id pub-id-type="accession">PMC2639269</article-id><article-id pub-id-type="pmcid">PMC2639269</article-id><article-id pub-id-type="pmc-uid">2639269</article-id><article-id pub-id-type="pmid">18842600</article-id><article-id pub-id-type="doi">10.1093/bioinformatics/btn524</article-id><article-id pub-id-type="publisher-id">btn524</article-id><article-id pub-id-type="pmid">18842600</article-id><article-categories><subj-group subj-group-type="heading"><subject>Applications Note</subject><subj-group><subject>Databases and Ontologies</subject></subj-group></subj-group></article-categories><title-group><article-title>The Burkholderia Genome Database: facilitating flexible queries and comparative analyses</article-title></title-group><contrib-group><contrib contrib-type="author"><name><surname>Winsor</surname><given-names>Geoffrey L.</given-names></name></contrib><contrib contrib-type="author"><name><surname>Khaira</surname><given-names>Bhavjinder</given-names></name></contrib><contrib contrib-type="author"><name><surname>Van Rossum</surname><given-names>Thea</given-names></name></contrib><contrib contrib-type="author"><name><surname>Lo</surname><given-names>Raymond</given-names></name></contrib><contrib contrib-type="author"><name><surname>Whiteside</surname><given-names>Matthew D.</given-names></name></contrib><contrib contrib-type="author"><name><surname>Brinkman</surname><given-names>Fiona S. L.</given-names></name><xref ref-type="corresp" rid="COR1">*</xref></contrib></contrib-group><aff>Department of Molecular Biology and Biochemistry, Simon Fraser University, Burnaby, BC, Canada V5A 1S6</aff><author-notes><corresp id="COR1">*To whom correspondence should be addressed.</corresp><fn><p>Associate Editor: Dmitrij Frishman</p></fn></author-notes><pub-date pub-type="ppub"><day>1</day><month>12</month><year>2008</year></pub-date><pub-date pub-type="epub"><day>7</day><month>10</month><year>2008</year></pub-date><pub-date pub-type="pmc-release"><day>7</day><month>10</month><year>2008</year></pub-date><volume>24</volume><issue>23</issue><fpage>2803</fpage><lpage>2804</lpage><history><date date-type="received"><day>15</day><month>9</month><year>2008</year></date><date date-type="rev-recd"><day>3</day><month>10</month><year>2008</year></date><date date-type="accepted"><day>4</day><month>10</month><year>2008</year></date></history><permissions><copyright-statement>© 2008 The Author(s)</copyright-statement><copyright-year>2008</copyright-year><license license-type="creative-commons" xlink:href="http://creativecommons.org/licenses/by-nc/2.0/uk/"><p><!--CREATIVE COMMONS-->This is an Open Access article distributed under the terms of the Creative Commons Attribution Non-Commercial License (<ext-link ext-link-type="uri" xlink:href="http://creativecommons.org/licenses/">http://creativecommons.org/licenses/</ext-link> by-nc/2.0/uk/) which permits unrestricted non-commercial use, distribution, and reproduction in any medium, provided the original work is properly cited.</p></license></permissions><abstract><p><bold>Summary:</bold> As the genome sequences of multiple strains of a given bacterial species are obtained, more generalized bacterial genome databases may be complemented by databases that are focused on providing more information geared for a distinct bacterial phylogenetic group and its associated research community. The Burkholderia Genome Database represents a model for such a database, providing a powerful, user-friendly search and comparative analysis interface that contains features not found in other genome databases. It contains continually updated, curated and tracked information about <italic>Burkholderia cepacia</italic> complex genome annotations, plus other <italic>Burkholderia</italic> species genomes for comparison, providing a high-quality resource for its targeted cystic fibrosis research community.</p><p><bold>Availability:</bold><ext-link ext-link-type="uri" xlink:href="http://www.burkholderia.com">http://www.burkholderia.com</ext-link>. Source code: GNU GPL.</p><p><bold>Contact:</bold><email>brinkman@sfu.ca</email>.</p></abstract></article-meta></front></article>