<article xmlns="https://dtd.nlm.nih.gov/ns/archiving/2.3/" xmlns:xsi="http://www.w3.org/2001/XMLSchema-instance" xmlns:mml="http://www.w3.org/1998/Math/MathML" xmlns:xlink="http://www.w3.org/1999/xlink" xsi:schemaLocation="https://dtd.nlm.nih.gov/ns/archiving/2.3/ https://dtd.nlm.nih.gov/archiving/2.3/xsd/archivearticle.xsd" article-type="research-article" xml:lang="EN"><front><journal-meta><journal-id journal-id-type="nlm-ta">Bioinformatics</journal-id><journal-id journal-id-type="publisher-id">bioinformatics</journal-id><journal-id journal-id-type="hwp">bioinfo</journal-id><journal-title>Bioinformatics</journal-title><issn pub-type="ppub">1367-4803</issn><issn pub-type="epub">1460-2059</issn><publisher><publisher-name>Oxford University Press</publisher-name></publisher></journal-meta><article-meta><article-id pub-id-type="accession">PMC2638999</article-id><article-id pub-id-type="pmcid">PMC2638999</article-id><article-id pub-id-type="pmc-uid">2638999</article-id><article-id pub-id-type="pmid">19038986</article-id><article-id pub-id-type="doi">10.1093/bioinformatics/btn618</article-id><article-id pub-id-type="publisher-id">btn618</article-id><article-id pub-id-type="pmid">19038986</article-id><article-categories><subj-group subj-group-type="heading"><subject>Original Papers</subject><subj-group><subject>Structural Bioinformatics</subject></subj-group></subj-group></article-categories><title-group><article-title>Identification of structurally conserved residues of proteins in absence of structural homologs using neural network ensemble</article-title></title-group><contrib-group><contrib contrib-type="author"><name><surname>Pugalenthi</surname><given-names>Ganesan</given-names></name><xref ref-type="aff" rid="AFF1"><sup>1</sup></xref></contrib><contrib contrib-type="author"><name><surname>Tang</surname><given-names>Ke</given-names></name><xref ref-type="aff" rid="AFF1"><sup>2</sup></xref></contrib><contrib contrib-type="author"><name><surname>Suganthan</surname><given-names>P. N.</given-names></name><xref ref-type="aff" rid="AFF1"><sup>1</sup></xref><xref ref-type="corresp" rid="COR1">*</xref></contrib><contrib contrib-type="author"><name><surname>Chakrabarti</surname><given-names>Saikat</given-names></name><xref ref-type="aff" rid="AFF1"><sup>3</sup></xref><xref ref-type="corresp" rid="COR1">*</xref></contrib></contrib-group><aff id="AFF1"><sup>1</sup>School of Electrical and Electronic Engineering, Nanyang Technological University, Singapore 639798, <sup>2</sup>Department of Computer Science and Technology, University of Science and Technology of China, Hefei, Anhui, China and <sup>3</sup>National Center for Biotechnology Information, National Library of Medicine, National Institutes of Health, Bethesda, MD 20894, USA</aff><author-notes><corresp id="COR1">*To whom correspondence should be addressed.</corresp><fn><p>Associate Editor: Anna Tramontano</p></fn></author-notes><pub-date pub-type="ppub"><day>15</day><month>1</month><year>2009</year></pub-date><pub-date pub-type="epub"><day>27</day><month>11</month><year>2008</year></pub-date><pub-date pub-type="pmc-release"><day>27</day><month>11</month><year>2008</year></pub-date><volume>25</volume><issue>2</issue><fpage>204</fpage><lpage>210</lpage><history><date date-type="received"><day>22</day><month>8</month><year>2008</year></date><date date-type="rev-recd"><day>25</day><month>11</month><year>2008</year></date><date date-type="accepted"><day>25</day><month>11</month><year>2008</year></date></history><permissions><copyright-statement>© 2008 The Author(s)</copyright-statement><copyright-year>2008</copyright-year><license license-type="creative-commons" xlink:href="http://creativecommons.org/licenses/by-nc/2.0/uk/"><p><!--CREATIVE COMMONS-->This is an Open Access article distributed under the terms of the Creative Commons Attribution Non-Commercial License (<ext-link ext-link-type="uri" xlink:href="http://creativecommons.org/licenses/by-nc/2.0/uk/">http://creativecommons.org/licenses/by-nc/2.0/uk/</ext-link>) which permits unrestricted non-commercial use, distribution, and reproduction in any medium, provided the original work is properly cited.</p></license></permissions><abstract><p><bold>Motivation:</bold> So far various bioinformatics and machine learning techniques applied for identification of sequence and functionally conserved residues in proteins. Although few computational methods are available for the prediction of structurally conserved residues from protein structure, almost all methods require homologous structural information and structure-based alignments, which still prove to be a bottleneck in protein structure comparison studies. In this work, we developed a neural network approach for identification of structurally important residues from a single protein structure without using homologous structural information and structural alignment.</p><p><bold>Results:</bold> A neural network ensemble (NNE) method that utilizes negative correlation learning (NCL) approach was developed for identification of structurally conserved residues (SCRs) in proteins using features that represent amino acid conservation and composition, physico-chemical properties and structural properties. The NCL-NNE method was applied to 6042 SCRs that have been extracted from 496 protein domains. This method obtained high prediction sensitivity (92.8%) and quality (Matthew's correlation coefficient is 0.852) in identification of SCRs. Further benchmarking using 60 protein domains containing 1657 SCRs that were not part of the training and testing datasets shows that the NCL-NNE can correctly predict SCRs with ∼ 90% sensitivity. These results suggest the usefulness of NCL-NNE for facilitating the identification of SCRs utilizing information derived from a single protein structure. Therefore, this method could be extremely effective in large-scale benchmarking studies where reliable structural homologs and alignments are limited.</p><p><bold>Availability:</bold> The executable for the NCL-NNE algorithm is available at <ext-link ext-link-type="uri" xlink:href="http://www3.ntu.edu.sg/home/EPNSugan/index_files/SCR.htm">http://www3.ntu.edu.sg/home/EPNSugan/index_files/SCR.htm</ext-link></p><p><bold>Contact:</bold><email>epnsugan@ntu.edu.sg</email>; <email>chakraba@ncbi.nlm.nih.gov</email>.</p><p><bold>Supplementary information:</bold><ext-link ext-link-type="uri" xlink:href="http://bioinformatics.oxfordjournals.org/cgi/content/full/btn618/DC1">Supplementary data</ext-link> are available at <italic>Bioinformatics</italic> online.</p></abstract></article-meta></front></article>