<article xmlns="https://jats.nlm.nih.gov/ns/archiving/1.2/" xmlns:xsi="http://www.w3.org/2001/XMLSchema-instance" xmlns:mml="http://www.w3.org/1998/Math/MathML" xmlns:xlink="http://www.w3.org/1999/xlink" xsi:schemaLocation="https://jats.nlm.nih.gov/ns/archiving/1.2/ https://jats.nlm.nih.gov/archiving/1.2/xsd/JATS-archivearticle1.xsd" article-type="research-article"><front><journal-meta><journal-id journal-id-type="nlm-ta">Bioinformatics</journal-id><journal-id journal-id-type="publisher-id">bioinformatics</journal-id><journal-id journal-id-type="hwp">bioinfo</journal-id><journal-title-group><journal-title>Bioinformatics</journal-title></journal-title-group><issn pub-type="ppub">1367-4803</issn><issn pub-type="epub">1460-2059</issn><publisher><publisher-name>Oxford University Press</publisher-name></publisher></journal-meta><article-meta><article-id pub-id-type="accession">PMC2732311</article-id><article-id pub-id-type="pmcid">PMC2732311</article-id><article-id pub-id-type="pmc-uid">2732311</article-id><article-id pub-id-type="pmid">19297351</article-id><article-id pub-id-type="pmid">19297351</article-id><article-id pub-id-type="doi">10.1093/bioinformatics/btp137</article-id><article-id pub-id-type="publisher-id">btp137</article-id><article-categories><subj-group subj-group-type="heading"><subject>Original Papers</subject><subj-group><subject>Systems Biology</subject></subj-group></subj-group></article-categories><title-group><article-title>The PickPocket method for predicting binding specificities for receptors based on receptor pocket similarities: application to MHC-peptide binding</article-title></title-group><contrib-group><contrib contrib-type="author"><name><surname>Zhang</surname><given-names>Hao</given-names></name></contrib><contrib contrib-type="author"><name><surname>Lund</surname><given-names>Ole</given-names></name></contrib><contrib contrib-type="author"><name><surname>Nielsen</surname><given-names>Morten</given-names></name><xref ref-type="corresp" rid="COR1">*</xref></contrib></contrib-group><aff>Center for Biological Sequence Analysis, Department of Systems Biology, Technical University of Denmark, Lyngby 2800, Denmark</aff><author-notes><corresp id="COR1">*To whom correspondence should be addressed.</corresp><fn><p>Associate Editor: Ivo Hofacker</p></fn></author-notes><pub-date pub-type="ppub"><day>15</day><month>5</month><year>2009</year></pub-date><pub-date pub-type="epub"><day>17</day><month>3</month><year>2009</year></pub-date><volume>25</volume><issue>10</issue><fpage>1293</fpage><lpage>1299</lpage><history><date date-type="received"><day>6</day><month>10</month><year>2008</year></date><date date-type="rev-recd"><day>4</day><month>2</month><year>2009</year></date><date date-type="accepted"><day>6</day><month>3</month><year>2009</year></date></history><permissions><copyright-statement>© The Author 2009. Published by Oxford University Press. All rights reserved. For Permissions, please email: journals.permissions@oxfordjournals.org</copyright-statement><copyright-year>2009</copyright-year></permissions><abstract><p><bold>Motivation:</bold> Receptor–ligand interactions play an important role in controlling many biological systems. One prominent example is the binding of peptides to the major histocompatibility complex (MHC) molecules controlling the onset of cellular immune responses. Thousands of MHC allelic versions exist, making determination of the binding specificity for each variant experimentally infeasible. Here, we present a method that can extrapolate from variants with known binding specificity to those where no experimental data are available.</p><p><bold>Results:</bold> For each position in the peptide ligand, we extracted the polymorphic pocket residues in MHC molecules that are in close proximity to the peptide residue. For MHC molecules with known specificities, we established a library of pocket-residues and corresponding binding specificities. The binding specificity for a novel MHC molecule is calculated as the average of the specificities of MHC molecules in this library weighted by the similarity of their pocket-residues to the query. This <italic>PickPocket</italic> method is demonstrated to accurately predict MHC-peptide binding for a broad range of MHC alleles, including human and non-human species. In contrast to neural network-based pan-specific methods, <italic>PickPocket</italic> was shown to be robust both when data is scarce and when the similarity to MHC molecules with characterized binding specificity is low. A consensus method combining the <italic>PickPocket</italic> and <italic>NetMHCpan</italic> methods was shown to achieve superior predictive performance. This study demonstrates how integration of diverse algorithmic approaches can lead to improved prediction. The method may also be used for making ligand-binding predictions for other types of receptors where many variants exist.</p><p><bold>Contact:</bold><email>mniel@cbs.dtu.dk</email></p><p><bold>Supplementary information:</bold><ext-link ext-link-type="uri" xlink:href="http://bioinformatics.oxfordjournals.org/cgi/content/full/btp137/DC1">Supplementary data</ext-link> are available at <italic>Bioinformatics</italic> online.</p></abstract></article-meta></front></article>