<article xmlns="https://dtd.nlm.nih.gov/ns/archiving/2.3/" xmlns:xsi="http://www.w3.org/2001/XMLSchema-instance" xmlns:mml="http://www.w3.org/1998/Math/MathML" xmlns:xlink="http://www.w3.org/1999/xlink" xsi:schemaLocation="https://dtd.nlm.nih.gov/ns/archiving/2.3/ https://dtd.nlm.nih.gov/archiving/2.3/xsd/archivearticle.xsd" article-type="research-article" xml:lang="EN"><front><journal-meta><journal-id journal-id-type="nlm-ta">Bioinformatics</journal-id><journal-id journal-id-type="publisher-id">bioinformatics</journal-id><journal-id journal-id-type="hwp">bioinfo</journal-id><journal-title>Bioinformatics</journal-title><issn pub-type="ppub">1367-4803</issn><issn pub-type="epub">1460-2059</issn><publisher><publisher-name>Oxford University Press</publisher-name></publisher></journal-meta><article-meta><article-id pub-id-type="accession">PMC2562008</article-id><article-id pub-id-type="pmcid">PMC2562008</article-id><article-id pub-id-type="pmc-uid">2562008</article-id><article-id pub-id-type="pmid">18689430</article-id><article-id pub-id-type="doi">10.1093/bioinformatics/btn421</article-id><article-id pub-id-type="publisher-id">btn421</article-id><article-id pub-id-type="pmid">18689430</article-id><article-categories><subj-group subj-group-type="heading"><subject>Original Papers</subject><subj-group><subject>Genetics and Population Analysis</subject></subj-group></subj-group></article-categories><title-group><article-title>On the frequency of copy number variants</article-title></title-group><contrib-group><contrib contrib-type="author"><name><surname>Ionita-Laza</surname><given-names>Iuliana</given-names></name><xref ref-type="aff" rid="AFF1"><sup>1</sup></xref><xref ref-type="corresp" rid="COR1">*</xref></contrib><contrib contrib-type="author"><name><surname>Laird</surname><given-names>Nan M.</given-names></name><xref ref-type="aff" rid="AFF1"><sup>1</sup></xref></contrib><contrib contrib-type="author"><name><surname>Raby</surname><given-names>Benjamin A.</given-names></name><xref ref-type="aff" rid="AFF1"><sup>2</sup></xref></contrib><contrib contrib-type="author"><name><surname>Weiss</surname><given-names>Scott T.</given-names></name><xref ref-type="aff" rid="AFF1"><sup>2</sup></xref></contrib><contrib contrib-type="author"><name><surname>Lange</surname><given-names>Christoph</given-names></name><xref ref-type="aff" rid="AFF1"><sup>1</sup></xref></contrib></contrib-group><aff id="AFF1"><sup>1</sup>Department of Biostatistics, Harvard School of Public Health, 655 Huntington Avenue and <sup>2</sup>Channing Laboratory, Brigham and Women's Hospital, 181 Longwood Avenue, Boston, MA, USA</aff><author-notes><corresp id="COR1">*To whom correspondence should be addressed.</corresp><fn><p>Associate Editor: Alex Bateman</p></fn></author-notes><pub-date pub-type="ppub"><day>15</day><month>10</month><year>2008</year></pub-date><pub-date pub-type="epub"><day>8</day><month>8</month><year>2008</year></pub-date><volume>24</volume><issue>20</issue><fpage>2350</fpage><lpage>2355</lpage><history><date date-type="received"><day>27</day><month>5</month><year>2008</year></date><date date-type="rev-recd"><day>4</day><month>8</month><year>2008</year></date><date date-type="accepted"><day>7</day><month>8</month><year>2008</year></date></history><permissions><copyright-statement>© The Author 2008. Published by Oxford University Press. All rights reserved. For Permissions, please email: journals.permissions@oxfordjournals.org</copyright-statement><copyright-year>2008</copyright-year></permissions><abstract><p><bold>Motivation:</bold> Estimating the frequency distribution of copy number variants (CNVs) is an important aspect of the effort to characterize this new type of genetic variation. Currently, most studies report a strong skew toward low-frequency CNVs. In this article, our goal is to investigate the frequencies of CNVs. We employ a two-step procedure for the CNV frequency estimation process. We use family information <italic>a posteriori</italic> to select only the most reliable CNV regions, i.e. those showing high rates of Mendelian transmission.</p><p><bold>Results:</bold> Our results suggest that the current skew toward low-frequency CNVs may not be representative of the true frequency distribution, but may be due, among other reasons, to the non-negligible false negative rates that characterize CNV detection methods. Moreover, false positives are also likely, as low-frequency CNVs are hard to detect with small sample sizes and technologies that are not ideally suited for their detection. Without appropriate validation methods, such as incorporation of biologically relevant information (for example, in our case, the transmission of heritable CNVs from parents to offspring), it is difficult to assess the validity of specific CNVs, and even harder to obtain reliable frequency estimates.</p><p><bold>Availability:</bold> Software implementing the methods described in this article is available for download at the following address: <ext-link ext-link-type="uri" xlink:href="http://www.isites.harvard.edu/icb/icb.do?keyword=k36162">http://www.isites.harvard.edu/icb/icb.do?keyword=k36162</ext-link></p><p><bold>Contact:</bold><email>iionita@hsph.harvard.edu</email></p><p><bold>Supplementary informantion:</bold><ext-link ext-link-type="uri" xlink:href="http://bioinformatics.oxfordjournals.org/cgi/content/full/btn421/DC1">Supplementary data</ext-link> are available at <italic>Bioinformatics</italic> online.</p></abstract></article-meta></front></article>