<article xmlns="https://dtd.nlm.nih.gov/ns/archiving/2.3/" xmlns:xsi="http://www.w3.org/2001/XMLSchema-instance" xmlns:mml="http://www.w3.org/1998/Math/MathML" xmlns:xlink="http://www.w3.org/1999/xlink" xsi:schemaLocation="https://dtd.nlm.nih.gov/ns/archiving/2.3/ https://dtd.nlm.nih.gov/archiving/2.3/xsd/archivearticle.xsd" article-type="research-article" xml:lang="EN"><front><journal-meta><journal-id journal-id-type="nlm-ta">Bioinformatics</journal-id><journal-id journal-id-type="publisher-id">bioinformatics</journal-id><journal-id journal-id-type="hwp">bioinfo</journal-id><journal-title>Bioinformatics</journal-title><issn pub-type="ppub">1367-4803</issn><issn pub-type="epub">1460-2059</issn><publisher><publisher-name>Oxford University Press</publisher-name></publisher></journal-meta><article-meta><article-id pub-id-type="accession">PMC2519160</article-id><article-id pub-id-type="pmcid">PMC2519160</article-id><article-id pub-id-type="pmc-uid">2519160</article-id><article-id pub-id-type="pmid">18603567</article-id><article-id pub-id-type="doi">10.1093/bioinformatics/btn344</article-id><article-id pub-id-type="publisher-id">btn344</article-id><article-id pub-id-type="pmid">18603567</article-id><article-categories><subj-group subj-group-type="heading"><subject>Applications Note</subject><subj-group><subject>Structural Bioinformatics</subject></subj-group></subj-group></article-categories><title-group><article-title>TRITON: a graphical tool for ligand-binding protein engineering</article-title></title-group><contrib-group><contrib contrib-type="author"><name><surname>Prokop</surname><given-names>Martin</given-names></name><xref ref-type="aff" rid="AFF1"><sup>1</sup></xref></contrib><contrib contrib-type="author"><name><surname>Adam</surname><given-names>Jan</given-names></name><xref ref-type="aff" rid="AFF1"><sup>1</sup></xref></contrib><contrib contrib-type="author"><name><surname>Kříž</surname><given-names>Zdeněk</given-names></name><xref ref-type="aff" rid="AFF1"><sup>1</sup></xref></contrib><contrib contrib-type="author"><name><surname>Wimmerová</surname><given-names>Michaela</given-names></name><xref ref-type="aff" rid="AFF1"><sup>1</sup></xref><xref ref-type="aff" rid="AFF1"><sup>2</sup></xref></contrib><contrib contrib-type="author"><name><surname>Koča</surname><given-names>Jaroslav</given-names></name><xref ref-type="aff" rid="AFF1"><sup>1</sup></xref><xref ref-type="corresp" rid="COR1"><sup>*</sup></xref></contrib></contrib-group><aff id="AFF1"><sup>1</sup>National Centre for Biomolecular Research and <sup>2</sup>Department of Biochemistry, Faculty of Science, Masaryk University, Kotlářská 2, 611 37 Brno, Czech Republic</aff><author-notes><corresp id="COR1"><sup>*</sup>To whom correspondence should be addressed.</corresp><fn><p>Associate Editor: Dmitrij Frishman</p></fn></author-notes><pub-date pub-type="ppub"><day>1</day><month>9</month><year>2008</year></pub-date><pub-date pub-type="epub"><day>4</day><month>7</month><year>2008</year></pub-date><pub-date pub-type="pmc-release"><day>4</day><month>7</month><year>2008</year></pub-date><volume>24</volume><issue>17</issue><fpage>1955</fpage><lpage>1956</lpage><history><date date-type="received"><day>2</day><month>4</month><year>2008</year></date><date date-type="rev-recd"><day>2</day><month>7</month><year>2008</year></date><date date-type="accepted"><day>3</day><month>7</month><year>2008</year></date></history><permissions><copyright-statement>© 2008 The Author(s)</copyright-statement><copyright-year>2008</copyright-year><license license-type="creative-commons" xlink:href="http://creativecommons.org/licenses/by-nc/2.0/uk/"><p><!--CREATIVE COMMONS-->This is an Open Access article distributed under the terms of the Creative Commons Attribution Non-Commercial License (<ext-link ext-link-type="uri" xlink:href="http://creativecommons.org/licenses/by-nc/2.0/uk/">http://creativecommons.org/licenses/by-nc/2.0/uk/</ext-link>) which permits unrestricted non-commercial use, distribution, and reproduction in any medium, provided the original work is properly cited.</p></license></permissions><abstract><p><bold>Summary</bold>: The new version of the TRITON program provides user-friendly graphical tools for modeling protein mutants using the external program MODELLER and for docking ligands into the mutants using the external program AutoDock. TRITON can now be used to design ligand-binding proteins, to study protein–ligand binding mechanisms or simply to dock any ligand to a protein.</p><p><bold>Availability</bold>: Executable files of TRITON are available free of charge for academic users at <ext-link ext-link-type="uri" xlink:href="http://ncbr.chemi.muni.cz/triton/">http://ncbr.chemi.muni.cz/triton/</ext-link></p><p><bold>Contact</bold>: <email>triton@chemi.muni.cz</email></p><p><bold>Supplementary information</bold>: <ext-link ext-link-type="uri" xlink:href="http://bioinformatics.oxfordjournals.org/cgi/content/full/btn344/DC1">Supplementary data</ext-link> are available at <italic>Bioinformatics</italic> online.</p></abstract></article-meta></front></article>