<article xmlns="https://jats.nlm.nih.gov/ns/archiving/1.2/" xmlns:xsi="http://www.w3.org/2001/XMLSchema-instance" xmlns:mml="http://www.w3.org/1998/Math/MathML" xmlns:xlink="http://www.w3.org/1999/xlink" xsi:schemaLocation="https://jats.nlm.nih.gov/ns/archiving/1.2/ https://jats.nlm.nih.gov/archiving/1.2/xsd/JATS-archivearticle1.xsd" article-type="research-article"><front><journal-meta><journal-id journal-id-type="nlm-ta">Bioinformatics</journal-id><journal-id journal-id-type="publisher-id">bioinformatics</journal-id><journal-id journal-id-type="hwp">bioinfo</journal-id><journal-title-group><journal-title>Bioinformatics</journal-title></journal-title-group><issn pub-type="ppub">1367-4803</issn><issn pub-type="epub">1460-2059</issn><publisher><publisher-name>Oxford University Press</publisher-name></publisher></journal-meta><article-meta><article-id pub-id-type="accession">PMC2732298</article-id><article-id pub-id-type="pmcid">PMC2732298</article-id><article-id pub-id-type="pmc-uid">2732298</article-id><article-id pub-id-type="pmid">19176549</article-id><article-id pub-id-type="pmid">19176549</article-id><article-id pub-id-type="doi">10.1093/bioinformatics/btp041</article-id><article-id pub-id-type="publisher-id">btp041</article-id><article-categories><subj-group subj-group-type="heading"><subject>Original Papers</subject><subj-group><subject>Genome Analysis</subject></subj-group></subj-group></article-categories><title-group><article-title>Genome-wide association analysis by lasso penalized logistic regression</article-title></title-group><contrib-group><contrib contrib-type="author"><name><surname>Wu</surname><given-names>Tong Tong</given-names></name><xref ref-type="aff" rid="AFF1"><sup>1</sup></xref></contrib><contrib contrib-type="author"><name><surname>Chen</surname><given-names>Yi Fang</given-names></name><xref ref-type="aff" rid="AFF1"><sup>2</sup></xref></contrib><contrib contrib-type="author"><name><surname>Hastie</surname><given-names>Trevor</given-names></name><xref ref-type="aff" rid="AFF1"><sup>2</sup></xref><xref ref-type="aff" rid="AFF1"><sup>3</sup></xref></contrib><contrib contrib-type="author"><name><surname>Sobel</surname><given-names>Eric</given-names></name><xref ref-type="aff" rid="AFF1"><sup>4</sup></xref></contrib><contrib contrib-type="author"><name><surname>Lange</surname><given-names>Kenneth</given-names></name><xref ref-type="aff" rid="AFF1"><sup>4</sup></xref><xref ref-type="aff" rid="AFF1"><sup>5</sup></xref><xref ref-type="corresp" rid="COR1">*</xref></contrib></contrib-group><aff id="AFF1"><sup>1</sup>Department of Epidemiology and Biostatistics, University of Maryland, College Park, MD 20742, <sup>2</sup>Department of Statistics, <sup>3</sup>Department of Biostatistics, Stanford University, Stanford, CA 94305, <sup>4</sup>Department of Human Genetics and <sup>5</sup>Department of Biomathematics, University of California, Los Angeles, CA 90095</aff><author-notes><corresp id="COR1">*To whom correspondence should be addressed.</corresp><fn><p>Associate Editor: Alex Bateman</p></fn></author-notes><pub-date pub-type="ppub"><day>15</day><month>3</month><year>2009</year></pub-date><pub-date pub-type="epub"><day>28</day><month>1</month><year>2009</year></pub-date><volume>25</volume><issue>6</issue><fpage>714</fpage><lpage>721</lpage><history><date date-type="received"><day>29</day><month>9</month><year>2008</year></date><date date-type="rev-recd"><day>11</day><month>12</month><year>2008</year></date><date date-type="accepted"><day>18</day><month>1</month><year>2009</year></date></history><permissions><copyright-statement>© The Author 2009. Published by Oxford University Press. All rights reserved. For Permissions, please email: journals.permissions@oxfordjournals.org</copyright-statement><copyright-year>2009</copyright-year></permissions><abstract><p><bold>Motivation:</bold> In ordinary regression, imposition of a lasso penalty makes continuous model selection straightforward. Lasso penalized regression is particularly advantageous when the number of predictors far exceeds the number of observations.</p><p><bold>Method:</bold> The present article evaluates the performance of lasso penalized logistic regression in case–control disease gene mapping with a large number of SNPs (single nucleotide polymorphisms) predictors. The strength of the lasso penalty can be tuned to select a predetermined number of the most relevant SNPs and other predictors. For a given value of the tuning constant, the penalized likelihood is quickly maximized by cyclic coordinate ascent. Once the most potent marginal predictors are identified, their two-way and higher order interactions can also be examined by lasso penalized logistic regression.</p><p><bold>Results:</bold> This strategy is tested on both simulated and real data. Our findings on coeliac disease replicate the previous SNP results and shed light on possible interactions among the SNPs.</p><p><bold>Availability:</bold> The software discussed is available in Mendel 9.0 at the UCLA Human Genetics web site.</p><p><bold>Contact:</bold><email>klange@ucla.edu</email></p><p><bold>Supplementary information:</bold><ext-link ext-link-type="uri" xlink:href="http://bioinformatics.oxfordjournals.org/cgi/content/full/btp041/DC1">Supplementary data</ext-link> are available at <italic>Bioinformatics</italic> online.</p></abstract></article-meta></front></article>