<article xmlns="https://dtd.nlm.nih.gov/ns/archiving/2.3/" xmlns:xsi="http://www.w3.org/2001/XMLSchema-instance" xmlns:mml="http://www.w3.org/1998/Math/MathML" xmlns:xlink="http://www.w3.org/1999/xlink" xsi:schemaLocation="https://dtd.nlm.nih.gov/ns/archiving/2.3/ https://dtd.nlm.nih.gov/archiving/2.3/xsd/archivearticle.xsd" article-type="research-article" xml:lang="EN"><front><journal-meta><journal-id journal-id-type="nlm-ta">Bioinformatics</journal-id><journal-id journal-id-type="publisher-id">bioinformatics</journal-id><journal-id journal-id-type="hwp">bioinfo</journal-id><journal-title>Bioinformatics</journal-title><issn pub-type="ppub">1367-4803</issn><issn pub-type="epub">1460-2059</issn><publisher><publisher-name>Oxford University Press</publisher-name></publisher></journal-meta><article-meta><article-id pub-id-type="accession">PMC2660877</article-id><article-id pub-id-type="pmcid">PMC2660877</article-id><article-id pub-id-type="pmc-uid">2660877</article-id><article-id pub-id-type="pmid">19218352</article-id><article-id pub-id-type="doi">10.1093/bioinformatics/btp086</article-id><article-id pub-id-type="publisher-id">btp086</article-id><article-categories><subj-group subj-group-type="heading"><subject>Applications Note</subject><subj-group><subject>Genome Analysis</subject></subj-group></subj-group></article-categories><title-group><article-title>CGAS: comparative genomic analysis server</article-title></title-group><contrib-group><contrib contrib-type="author"><name><surname>Itoh</surname><given-names>Masumi</given-names></name></contrib><contrib contrib-type="author"><name><surname>Watanabe</surname><given-names>Hidemi</given-names></name><xref ref-type="corresp" rid="COR1">*</xref></contrib></contrib-group><aff>Graduate School of Information Science and Technology, Hokkaido University, Sapporo, Hokkaido 060-0814, Japan</aff><author-notes><corresp id="COR1">*To whom correspondence should be addressed.</corresp><fn><p>Associate Editor: Alex Bateman</p></fn></author-notes><pub-date pub-type="ppub"><day>1</day><month>4</month><year>2009</year></pub-date><pub-date pub-type="epub"><day>13</day><month>2</month><year>2009</year></pub-date><pub-date pub-type="pmc-release"><day>13</day><month>2</month><year>2009</year></pub-date><!-- PMC Release delay is 0 months and 0 days and was based on the
			<pub-date pub-type="epub"/>. --><volume>25</volume><issue>7</issue><fpage>958</fpage><lpage>959</lpage><history><date date-type="received"><day>30</day><month>9</month><year>2008</year></date><date date-type="rev-recd"><day>10</day><month>2</month><year>2009</year></date><date date-type="accepted"><day>11</day><month>2</month><year>2009</year></date></history><permissions><copyright-statement>© 2009 The Author(s)</copyright-statement><copyright-year>2009</copyright-year><license license-type="creative-commons" xlink:href="http://creativecommons.org/licenses/by-nc/2.0/uk/"><p><!--CREATIVE COMMONS-->This is an Open Access article distributed under the terms of the Creative Commons Attribution Non-Commercial License (<ext-link ext-link-type="uri" xlink:href="http://creativecommons.org/licenses/by-nc/2.0/uk/">http://creativecommons.org/licenses/by-nc/2.0/uk/</ext-link>) which permits unrestricted non-commercial use, distribution, and reproduction in any medium, provided the original work is properly cited.</p></license></permissions><abstract><p><bold>Summary:</bold> Comparative approach is one of the most essential methods for extracting functional and evolutionary information from genomic sequences. So far, a number of sequence comparison tools have been developed, and most are either for on-site use, requiring program installation but providing a wide variety of analyses, or for the online search of user's sequences against given databases on a server. We newly devised an Asynchronous JavaScript and XML (Ajax)-based system for comparative genomic analyses, CGAS, with highly interactive interface within a browser, requiring no software installation. The current version, CGAS version 1, provides functionality for viewing similarity relationships between user's sequences, including a multiple dot plot between sequences with their annotation information. The scrollbar-less ‘draggable’ interface of CGAS is implemented with Google Maps API version 2. The annotation information associated with the genomic sequences compared is synchronously displayed with the comparison view. The multiple-comparison viewer is one of the unique functionalities of this system to allow the users to compare the differences between different pairs of sequences. In this viewer, the system tells orthologous correspondences between the sequences compared interactively. This web-based tool is platform-independent and will provide biologists having no computational skills with opportunities to analyze their own data without software installation and customization of the computer system.</p><p><bold>Availability and Implementation:</bold> CGAS is available at <ext-link ext-link-type="uri" xlink:href="http://cgas.ist.hokudai.ac.jp/">http://cgas.ist.hokudai.ac.jp/</ext-link>.</p><p><bold>Contact:</bold><email>watanabe@ist.hokudai.ac.jp</email></p></abstract></article-meta></front></article>