<article xmlns="https://dtd.nlm.nih.gov/ns/archiving/2.3/" xmlns:xsi="http://www.w3.org/2001/XMLSchema-instance" xmlns:mml="http://www.w3.org/1998/Math/MathML" xmlns:xlink="http://www.w3.org/1999/xlink" xsi:schemaLocation="https://dtd.nlm.nih.gov/ns/archiving/2.3/ https://dtd.nlm.nih.gov/archiving/2.3/xsd/archivearticle.xsd" article-type="research-article" xml:lang="EN"><front><journal-meta><journal-id journal-id-type="nlm-ta">Bioinformatics</journal-id><journal-id journal-id-type="publisher-id">bioinformatics</journal-id><journal-id journal-id-type="hwp">bioinfo</journal-id><journal-title>Bioinformatics</journal-title><issn pub-type="ppub">1367-4803</issn><issn pub-type="epub">1460-2059</issn><publisher><publisher-name>Oxford University Press</publisher-name></publisher></journal-meta><article-meta><article-id pub-id-type="accession">PMC2660874</article-id><article-id pub-id-type="pmcid">PMC2660874</article-id><article-id pub-id-type="pmc-uid">2660874</article-id><article-id pub-id-type="pmid">19213741</article-id><article-id pub-id-type="doi">10.1093/bioinformatics/btp077</article-id><article-id pub-id-type="publisher-id">btp077</article-id><article-categories><subj-group subj-group-type="heading"><subject>Applications Note</subject><subj-group><subject>Databases and Ontologies</subject></subj-group></subj-group></article-categories><title-group><article-title>Allergen Atlas: a comprehensive knowledge center and analysis resource for allergen information</article-title></title-group><contrib-group><contrib contrib-type="author"><name><surname>Tong</surname><given-names>Joo Chuan</given-names></name><xref ref-type="aff" rid="AFF1"><sup>1</sup></xref></contrib><contrib contrib-type="author"><name><surname>Lim</surname><given-names>Shen Jean</given-names></name><xref ref-type="aff" rid="AFF1"><sup>2</sup></xref></contrib><contrib contrib-type="author"><name><surname>Muh</surname><given-names>Hon Cheng</given-names></name><xref ref-type="aff" rid="AFF1"><sup>3</sup></xref></contrib><contrib contrib-type="author"><name><surname>Chew</surname><given-names>Fook Tim</given-names></name><xref ref-type="aff" rid="AFF1"><sup>3</sup></xref></contrib><contrib contrib-type="author"><name><surname>Tammi</surname><given-names>Martti T.</given-names></name><xref ref-type="aff" rid="AFF1"><sup>2</sup></xref><xref ref-type="aff" rid="AFF1"><sup>3</sup></xref><xref ref-type="corresp" rid="COR1">*</xref></contrib></contrib-group><aff id="AFF1"><sup>1</sup>Data Mining Department, Institute for Infocomm Research, 1 Fusionopolis Way, #21-01 Connexis, South Tower, Singapore 138632, <sup>2</sup>Department of Biochemistry, Yong Loo Lin School of Medicine and <sup>3</sup>Department of Biological Sciences, National University of Singapore, 14 Science Drive 4, Singapore 117543</aff><author-notes><corresp id="COR1">*To whom correspondence should be addressed.</corresp><fn><p>Associate Editor: Dmitrij Frishman</p></fn></author-notes><pub-date pub-type="ppub"><day>1</day><month>4</month><year>2009</year></pub-date><pub-date pub-type="epub"><day>11</day><month>2</month><year>2009</year></pub-date><pub-date pub-type="pmc-release"><day>11</day><month>2</month><year>2009</year></pub-date><!-- PMC Release delay is 0 months and 0 days and was based on the
			<pub-date pub-type="epub"/>. --><volume>25</volume><issue>7</issue><fpage>979</fpage><lpage>980</lpage><history><date date-type="received"><day>21</day><month>11</month><year>2008</year></date><date date-type="rev-recd"><day>5</day><month>2</month><year>2009</year></date><date date-type="accepted"><day>5</day><month>2</month><year>2009</year></date></history><permissions><copyright-statement>© 2009 The Author(s)</copyright-statement><copyright-year>2009</copyright-year><license license-type="creative-commons" xlink:href="http://creativecommons.org/licenses/by-nc/2.0/uk/"><p><!--CREATIVE COMMONS-->This is an Open Access article distributed under the terms of the Creative Commons Attribution Non-Commercial License (<ext-link ext-link-type="uri" xlink:href="http://creativecommons.org/licenses/by-nc/2.0/uk/">http://creativecommons.org/licenses/by-nc/2.0/uk/</ext-link>) which permits unrestricted non-commercial use, distribution, and reproduction in any medium, provided the original work is properly cited.</p></license></permissions><abstract><p><bold>Summary:</bold> A variety of specialist databases have been developed to facilitate the study of allergens. However, these databases either contain different subsets of allergen data or are deficient in tools for assessing potential allergenicity of proteins. Here, we describe Allergen Atlas, a comprehensive repository of experimentally validated allergen sequences collected from in-house laboratory, online data submission, literature reports and all existing general-purpose and specialist databases. Each entry was manually verified, classified and hyperlinked to major databases including Swiss-Prot, Protein Data Bank (PDB), Gene Ontology (GO), Pfam and PubMed. The database is integrated with analysis tools that include: (i) keyword search, (ii) BLAST, (iii) position-specific iterative BLAST (PSI-BLAST), (iv) FAO/WHO criteria search, (v) graphical representation of allergen information network and (vi) online data submission. The latest version contains information of 1593 allergen sequences (496 IUIS allergens, 978 experimentally verified allergens and 119 new sequences), 56 IgE epitope sequences, 679 links to PDB structures and 155 links to Pfam domains.</p><p><bold>Availability:</bold> Allergen Atlas is freely available at <ext-link ext-link-type="uri" xlink:href="http://tiger.dbs.nus.edu.sg/ATLAS/">http://tiger.dbs.nus.edu.sg/ATLAS/</ext-link>.</p><p><bold>Contact:</bold><email>martti@nus.edu.sg</email>.</p></abstract></article-meta></front></article>