<article xmlns="https://jats.nlm.nih.gov/ns/archiving/1.2/" xmlns:xsi="http://www.w3.org/2001/XMLSchema-instance" xmlns:mml="http://www.w3.org/1998/Math/MathML" xmlns:xlink="http://www.w3.org/1999/xlink" xsi:schemaLocation="https://jats.nlm.nih.gov/ns/archiving/1.2/ https://jats.nlm.nih.gov/archiving/1.2/xsd/JATS-archivearticle1.xsd" article-type="research-article"><front><journal-meta><journal-id journal-id-type="nlm-ta">Bioinformatics</journal-id><journal-id journal-id-type="publisher-id">bioinformatics</journal-id><journal-id journal-id-type="hwp">bioinfo</journal-id><journal-title-group><journal-title>Bioinformatics</journal-title></journal-title-group><issn pub-type="ppub">1367-4803</issn><issn pub-type="epub">1460-2059</issn><publisher><publisher-name>Oxford University Press</publisher-name></publisher></journal-meta><article-meta><article-id pub-id-type="accession">PMC2705228</article-id><article-id pub-id-type="pmcid">PMC2705228</article-id><article-id pub-id-type="pmc-uid">2705228</article-id><article-id pub-id-type="pmid">19435743</article-id><article-id pub-id-type="doi">10.1093/bioinformatics/btp309</article-id><article-id pub-id-type="publisher-id">btp309</article-id><article-categories><subj-group subj-group-type="heading"><subject>Original Paper</subject><subj-group><subject>Sequence Analysis</subject></subj-group></subj-group></article-categories><title-group><article-title>ESG: extended similarity group method for automated protein function prediction</article-title></title-group><contrib-group><contrib contrib-type="author"><name><surname>Chitale</surname><given-names>Meghana</given-names></name><xref ref-type="aff" rid="AFF1"><sup>1</sup></xref></contrib><contrib contrib-type="author"><name><surname>Hawkins</surname><given-names>Troy</given-names></name><xref ref-type="aff" rid="AFF1"><sup>2</sup></xref></contrib><contrib contrib-type="author"><name><surname>Park</surname><given-names>Changsoon</given-names></name><xref ref-type="aff" rid="AFF1"><sup>3</sup></xref><xref ref-type="corresp" rid="COR1">*</xref></contrib><contrib contrib-type="author"><name><surname>Kihara</surname><given-names>Daisuke</given-names></name><xref ref-type="aff" rid="AFF1"><sup>2</sup></xref><xref ref-type="aff" rid="AFF1"><sup>1</sup></xref><xref ref-type="aff" rid="AFF1"><sup>4</sup></xref><xref ref-type="corresp" rid="COR1">*</xref></contrib></contrib-group><aff id="AFF1"><sup>1</sup> Department of Computer Science, <sup>2</sup> Department of Biological Sciences, Purdue University, IN 47907, USA, <sup>3</sup> Department of Statistics, Chung-Ang University, Seoul 156-756, Korea and <sup>4</sup> Markey Center for Structural Biology, Purdue University, IN 47907, USA</aff><author-notes><corresp id="COR1">* To whom correspondence should be addressed.</corresp><fn><p>Associate Editor: Limsoon Wong</p></fn></author-notes><pub-date pub-type="ppub"><day>15</day><month>7</month><year>2009</year></pub-date><pub-date pub-type="epub"><day>12</day><month>5</month><year>2009</year></pub-date><pub-date pub-type="pmc-release"><day>15</day><month>7</month><year>2010</year></pub-date><!-- PMC Release delay is 12 months and 0 days and was based on the
					<pub-date pub-type="ppub"/>. --><volume>25</volume><issue>14</issue><fpage>1739</fpage><lpage>1745</lpage><history><date date-type="received"><day>8</day><month>1</month><year>2009</year></date><date date-type="rev-recd"><day>16</day><month>4</month><year>2009</year></date><date date-type="accepted"><day>5</day><month>5</month><year>2009</year></date></history><permissions><copyright-statement>© The Author 2009. Published by Oxford University Press. All rights reserved. For Permissions, please email: journals.permissions@oxfordjournals.org</copyright-statement></permissions><abstract><p><bold>Motivation:</bold> Importance of accurate automatic protein function prediction is ever increasing in the face of a large number of newly sequenced genomes and proteomics data that are awaiting biological interpretation. Conventional methods have focused on high sequence similarity-based annotation transfer which relies on the concept of homology. However, many cases have been reported that simple transfer of function from top hits of a homology search causes erroneous annotation. New methods are required to handle the sequence similarity in a more robust way to combine together signals from strongly and weakly similar proteins for effectively predicting function for unknown proteins with high reliability.</p><p><bold>Results:</bold> We present the extended similarity group (ESG) method, which performs iterative sequence database searches and annotates a query sequence with Gene Ontology terms. Each annotation is assigned with probability based on its relative similarity score with the multiple-level neighbors in the protein similarity graph. We will depict how the statistical framework of ESG improves the prediction accuracy by iteratively taking into account the neighborhood of query protein in the sequence similarity space. ESG outperforms conventional PSI-BLAST and the protein function prediction (PFP) algorithm. It is found that the iterative search is effective in capturing multiple-domains in a query protein, enabling accurately predicting several functions which originate from different domains.</p><p><bold>Availability:</bold> ESG web server is available for automated protein function prediction at <ext-link ext-link-type="uri" xlink:href="http://dragon.bio.purdue.edu/ESG/">http://dragon.bio.purdue.edu/ESG/</ext-link></p><p><bold>Contact:</bold><email>cspark@cau.ac.kr</email>; <email>dkihara@purdue.edu</email></p><p><bold>Supplementary information:</bold><ext-link ext-link-type="uri" xlink:href="http://bioinformatics.oxfordjournals.org/cgi/content/full/btp309/DC1">Supplementary data</ext-link> are available at <italic>Bioinformatics</italic> online.</p></abstract></article-meta></front></article>