<article xmlns="https://jats.nlm.nih.gov/ns/archiving/1.2/" xmlns:xsi="http://www.w3.org/2001/XMLSchema-instance" xmlns:mml="http://www.w3.org/1998/Math/MathML" xmlns:xlink="http://www.w3.org/1999/xlink" xsi:schemaLocation="https://jats.nlm.nih.gov/ns/archiving/1.2/ https://jats.nlm.nih.gov/archiving/1.2/xsd/JATS-archivearticle1.xsd" article-type="research-article"><front><journal-meta><journal-id journal-id-type="nlm-ta">Bioinformatics</journal-id><journal-id journal-id-type="publisher-id">bioinformatics</journal-id><journal-id journal-id-type="hwp">bioinfo</journal-id><journal-title-group><journal-title>Bioinformatics</journal-title></journal-title-group><issn pub-type="ppub">1367-4803</issn><issn pub-type="epub">1460-2059</issn><publisher><publisher-name>Oxford University Press</publisher-name></publisher></journal-meta><article-meta><article-id pub-id-type="accession">PMC2722997</article-id><article-id pub-id-type="pmcid">PMC2722997</article-id><article-id pub-id-type="pmc-uid">2722997</article-id><article-id pub-id-type="pmid">19460889</article-id><article-id pub-id-type="doi">10.1093/bioinformatics/btp329</article-id><article-id pub-id-type="publisher-id">btp329</article-id><article-categories><subj-group subj-group-type="heading"><subject>Applications Note</subject><subj-group><subject>Databases and Ontologies</subject></subj-group></subj-group></article-categories><title-group><article-title>An active registry for bioinformatics web services</article-title></title-group><contrib-group><contrib contrib-type="author"><name><surname>Pettifer</surname><given-names>S.</given-names></name><xref ref-type="aff" rid="AFF1"><sup>1</sup></xref><xref ref-type="corresp" rid="COR1"><sup>*</sup></xref></contrib><contrib contrib-type="author"><name><surname>Thorne</surname><given-names>D.</given-names></name><xref ref-type="aff" rid="AFF1"><sup>1</sup></xref></contrib><contrib contrib-type="author"><name><surname>McDermott</surname><given-names>P.</given-names></name><xref ref-type="aff" rid="AFF1"><sup>1</sup></xref></contrib><contrib contrib-type="author"><name><surname>Attwood</surname><given-names>T.</given-names></name><xref ref-type="aff" rid="AFF1"><sup>1</sup></xref></contrib><contrib contrib-type="author"><name><surname>Baran</surname><given-names>J.</given-names></name><xref ref-type="aff" rid="AFF1"><sup>1</sup></xref></contrib><contrib contrib-type="author"><name><surname>Bryne</surname><given-names>J. C.</given-names></name><xref ref-type="aff" rid="AFF1"><sup>2</sup></xref></contrib><contrib contrib-type="author"><name><surname>Hupponen</surname><given-names>T.</given-names></name><xref ref-type="aff" rid="AFF1"><sup>3</sup></xref></contrib><contrib contrib-type="author"><name><surname>Mowbray</surname><given-names>D.</given-names></name><xref ref-type="aff" rid="AFF1"><sup>1</sup></xref></contrib><contrib contrib-type="author"><name><surname>Vriend</surname><given-names>G.</given-names></name><xref ref-type="aff" rid="AFF1"><sup>4</sup></xref></contrib></contrib-group><aff id="AFF1"><sup>1</sup>School of Computer Science, The University of Manchester, UK, <sup>2</sup>Computational Biology Unit, Bergen Center for Computational Science, Bergen, Norway, 
<sup>3</sup>CSC, the Finnish IT Center for Science, Espoo, Finland and <sup>4</sup>Centre for Molecular and Biomolecular Informatics, University of Nijmegen, Nijmegen, The Netherlands</aff><author-notes><corresp id="COR1"><sup>*</sup>To whom correspondence should be addressed.</corresp><fn><p>Associate Editor: Alex Bateman</p></fn></author-notes><pub-date pub-type="ppub"><day>15</day><month>8</month><year>2009</year></pub-date><pub-date pub-type="epub"><day>21</day><month>5</month><year>2009</year></pub-date><pub-date pub-type="pmc-release"><day>21</day><month>5</month><year>2009</year></pub-date><!-- PMC Release delay is 0 months and 0 days and was based on the
							<pub-date pub-type="epub"/>. --><volume>25</volume><issue>16</issue><fpage>2090</fpage><lpage>2091</lpage><history><date date-type="received"><day>25</day><month>2</month><year>2009</year></date><date date-type="rev-recd"><day>28</day><month>4</month><year>2009</year></date><date date-type="accepted"><day>17</day><month>5</month><year>2009</year></date></history><permissions><license license-type="creative-commons" xlink:href="http://creativecommons.org/licenses/by-nc/2.0/uk/"><license-p><!--CREATIVE COMMONS-->This is an Open Access article distributed under the terms of the Creative Commons Attribution Non-Commercial License (<ext-link ext-link-type="uri" xlink:href="http://creativecommons.org/licenses/by-nc/2.0/uk/">http://creativecommons.org/licenses/by-nc/2.0/uk/</ext-link>) which permits unrestricted non-commercial use, distribution, and reproduction in any medium, provided the original work is properly cited.</license-p></license></permissions><abstract><p><bold>Summary:</bold> The EMBRACE Registry is a web portal that collects and monitors web services according to test scripts provided by the their administrators. Users are able to search for, rank and annotate services, enabling them to select the most appropriate <italic>working</italic> service for inclusion in their bioinformatics analysis tasks.</p><p><bold>Availability and implementation:</bold> Web site implemented with PHP, Python, MySQL and Apache, with all major browsers supported. (<ext-link ext-link-type="uri" xlink:href="www.embraceregistry.net">www.embraceregistry.net</ext-link>)</p><p><bold>Contact:</bold><email>steve.pettifer@manchester.ac.uk</email></p></abstract></article-meta></front></article>