<article xmlns="https://dtd.nlm.nih.gov/ns/archiving/2.3/" xmlns:xsi="http://www.w3.org/2001/XMLSchema-instance" xmlns:mml="http://www.w3.org/1998/Math/MathML" xmlns:xlink="http://www.w3.org/1999/xlink" xsi:schemaLocation="https://dtd.nlm.nih.gov/ns/archiving/2.3/ https://dtd.nlm.nih.gov/archiving/2.3/xsd/archivearticle.xsd" article-type="research-article" xml:lang="EN"><front><journal-meta><journal-id journal-id-type="nlm-ta">Bioinformatics</journal-id><journal-id journal-id-type="publisher-id">bioinformatics</journal-id><journal-id journal-id-type="hwp">bioinfo</journal-id><journal-title>Bioinformatics</journal-title><issn pub-type="ppub">1367-4803</issn><issn pub-type="epub">1460-2059</issn><publisher><publisher-name>Oxford University Press</publisher-name></publisher></journal-meta><article-meta><article-id pub-id-type="accession">PMC2682516</article-id><article-id pub-id-type="pmcid">PMC2682516</article-id><article-id pub-id-type="pmc-uid">2682516</article-id><article-id pub-id-type="pmid">19349284</article-id><article-id pub-id-type="doi">10.1093/bioinformatics/btp169</article-id><article-id pub-id-type="publisher-id">btp169</article-id><article-categories><subj-group subj-group-type="heading"><subject>Applications Note</subject><subj-group><subject>Genetics and Population Analysis</subject></subj-group></subj-group></article-categories><title-group><article-title>Data structures and algorithms for analysis of genetics of gene expression with Bioconductor: GGtools 3.x</article-title></title-group><contrib-group><contrib contrib-type="author"><name><surname>Carey</surname><given-names>Vincent J.</given-names></name><xref ref-type="aff" rid="AFF1"><sup>1</sup></xref><xref ref-type="corresp" rid="COR1">*</xref></contrib><contrib contrib-type="author"><name><surname>Davis</surname><given-names>Adam R.</given-names></name><xref ref-type="aff" rid="AFF1"><sup>2</sup></xref></contrib><contrib contrib-type="author"><name><surname>Lawrence</surname><given-names>Michael F.</given-names></name><xref ref-type="aff" rid="AFF1"><sup>3</sup></xref></contrib><contrib contrib-type="author"><name><surname>Gentleman</surname><given-names>Robert</given-names></name><xref ref-type="aff" rid="AFF1"><sup>3</sup></xref></contrib><contrib contrib-type="author"><name><surname>Raby</surname><given-names>Benjamin A.</given-names></name><xref ref-type="aff" rid="AFF1"><sup>1</sup></xref></contrib></contrib-group><aff id="AFF1"><sup>1</sup>Channing Laboratory, Department of Medicine, <sup>2</sup>I2B2 National Center for Biocomputing, Brigham and Women's Hospital, 75 Francis St. Boston MA 02115 and <sup>3</sup>Fred Hutchinson Cancer Research Center, 1100 Fairview Ave. N, Seattle, WA 98109, USA.</aff><author-notes><corresp id="COR1">*To whom correspondence should be addressed.</corresp><fn><p>Associate Editor: Alex Bateman</p></fn></author-notes><pub-date pub-type="ppub"><day>1</day><month>6</month><year>2009</year></pub-date><pub-date pub-type="epub"><day>5</day><month>4</month><year>2009</year></pub-date><volume>25</volume><issue>11</issue><fpage>1447</fpage><lpage>1448</lpage><history><date date-type="received"><day>5</day><month>1</month><year>2009</year></date><date date-type="rev-recd"><day>27</day><month>2</month><year>2009</year></date><date date-type="accepted"><day>19</day><month>3</month><year>2009</year></date></history><permissions><copyright-statement>© The Author 2009. Published by Oxford University Press. All rights reserved. For Permissions, please email: journals.permissions@oxfordjournals.org</copyright-statement><copyright-year>2009</copyright-year></permissions><abstract><p><bold>Summary:</bold> Associations between DNA polymorphisms and mRNA abundance are a natural target of genetic investigations, and microarrays facilitate genome-wide and transcriptome-wide surveys of these associations. This work is motivated by emerging requirements for data architectures and algorithm interfaces to allow flexible exploration of public and private archives of genotyping and expression arrays. Using R/Bioconductor facilities, Phase II HapMap genotypes and Illumina 47K expression assay results archived on multiple populations may be interactively explored and analyzed using commodity hardware.</p><p><bold>Availability and Implementation:</bold> Open Source. Bioconductor 2.3 packages GGtools, GGBase, GGdata, hmyriB36. Freely available on the web at <ext-link ext-link-type="uri" xlink:href="http://www.bioconductor.org">http://www.bioconductor.org</ext-link></p><p><bold>Contact:</bold><email>stvjc@channing.harvard.edu</email></p></abstract></article-meta></front></article>