<article xmlns="https://dtd.nlm.nih.gov/ns/archiving/2.3/" xmlns:xsi="http://www.w3.org/2001/XMLSchema-instance" xmlns:mml="http://www.w3.org/1998/Math/MathML" xmlns:xlink="http://www.w3.org/1999/xlink" xsi:schemaLocation="https://dtd.nlm.nih.gov/ns/archiving/2.3/ https://dtd.nlm.nih.gov/archiving/2.3/xsd/archivearticle.xsd" article-type="research-article" xml:lang="EN"><front><journal-meta><journal-id journal-id-type="nlm-ta">Bioinformatics</journal-id><journal-id journal-id-type="publisher-id">bioinformatics</journal-id><journal-id journal-id-type="hwp">bioinfo</journal-id><journal-title>Bioinformatics</journal-title><issn pub-type="ppub">1367-4803</issn><issn pub-type="epub">1460-2059</issn><publisher><publisher-name>Oxford University Press</publisher-name></publisher></journal-meta><article-meta><article-id pub-id-type="accession">PMC2687948</article-id><article-id pub-id-type="pmcid">PMC2687948</article-id><article-id pub-id-type="pmc-uid">2687948</article-id><article-id pub-id-type="pmid">19478019</article-id><article-id pub-id-type="doi">10.1093/bioinformatics/btp194</article-id><article-id pub-id-type="publisher-id">btp194</article-id><article-categories><subj-group subj-group-type="heading"><subject>Ismb/Eccb 2009 Conference Proceedings June 27 to July 2, 2009, Stockholm, Sweden</subject><subj-group><subject>Original Papers</subject><subj-group><subject>Databases and Ontologies</subject></subj-group></subj-group></subj-group></article-categories><title-group><article-title>Alignment of the UMLS semantic network with BioTop: methodology and assessment</article-title></title-group><contrib-group><contrib contrib-type="author"><name><surname>Schulz</surname><given-names>Stefan</given-names></name><xref ref-type="aff" rid="AFF1"><sup>1</sup></xref><xref ref-type="corresp" rid="COR1">*</xref></contrib><contrib contrib-type="author"><name><surname>Beisswanger</surname><given-names>Elena</given-names></name><xref ref-type="aff" rid="AFF1"><sup>2</sup></xref></contrib><contrib contrib-type="author"><name><surname>van den Hoek</surname><given-names>László</given-names></name><xref ref-type="aff" rid="AFF1"><sup>3</sup></xref></contrib><contrib contrib-type="author"><name><surname>Bodenreider</surname><given-names>Olivier</given-names></name><xref ref-type="aff" rid="AFF1"><sup>4</sup></xref></contrib><contrib contrib-type="author"><name><surname>van Mulligen</surname><given-names>Erik M.</given-names></name><xref ref-type="aff" rid="AFF1"><sup>3</sup></xref></contrib></contrib-group><aff id="AFF1"><sup>1</sup>Institute of Medical Biometry and Medical Informatics, University Medical Center Freiburg, Stefan-Meier-Str. 26, 79104 Freiburg, <sup>2</sup>Jena University Language and Information Engineering (JULIE) Lab, Germany, <sup>3</sup>Erasmus MC, Rotterdam, The Netherlands and <sup>4</sup>National Library of Medicine, Bethesda, MD, USA</aff><author-notes><corresp id="COR1">*To whom correspondence should be addressed.</corresp></author-notes><pub-date pub-type="ppub"><day>15</day><month>6</month><year>2009</year></pub-date><pub-date pub-type="epub"><day>27</day><month>5</month><year>2009</year></pub-date><pub-date pub-type="pmc-release"><day>27</day><month>5</month><year>2009</year></pub-date><!-- PMC Release delay is 0 months and 0 days and was based on the
			<pub-date pub-type="epub"/>. --><volume>25</volume><issue>12</issue><fpage>i69</fpage><lpage>i76</lpage><permissions><copyright-statement>© 2009 The Author(s)</copyright-statement><copyright-year>2009</copyright-year><license license-type="creative-commons" xlink:href="http://creativecommons.org/licenses/by-nc/2.0/uk/"><p><!--CREATIVE COMMONS-->This is an Open Access article distributed under the terms of the Creative Commons Attribution Non-Commercial License (<ext-link ext-link-type="uri" xlink:href="http://creativecommons.org/licenses/by-nc/2.0/uk/">http://creativecommons.org/licenses/by-nc/2.0/uk/</ext-link>) which permits unrestricted non-commercial use, distribution, and reproduction in any medium, provided the original work is properly cited.</p></license></permissions><abstract><p><bold>Motivation:</bold> For many years, the Unified Medical Language System (UMLS) semantic network (SN) has been used as an upper-level semantic framework for the categorization of terms from terminological resources in biomedicine. BioTop has recently been developed as an upper-level ontology for the biomedical domain. In contrast to the SN, it is founded upon strict ontological principles, using OWL DL as a formal representation language, which has become standard in the semantic Web. In order to make logic-based reasoning available for the resources annotated or categorized with the SN, a mapping ontology was developed aligning the SN with BioTop.</p><p><bold>Methods:</bold> The theoretical foundations and the practical realization of the alignment are being described, with a focus on the design decisions taken, the problems encountered and the adaptations of BioTop that became necessary. For evaluation purposes, UMLS concept pairs obtained from MEDLINE abstracts by a named entity recognition system were tested for possible semantic relationships. Furthermore, all semantic-type combinations that occur in the UMLS Metathesaurus were checked for satisfiability.</p><p><bold>Results:</bold> The effort-intensive alignment process required major design changes and enhancements of BioTop and brought up several design errors that could be fixed. A comparison between a human curator and the ontology yielded only a low agreement. Ontology reasoning was also used to successfully identify 133 inconsistent semantic-type combinations.</p><p><bold>Availability:</bold> BioTop, the OWL DL representation of the UMLS SN, and the mapping ontology are available at <ext-link ext-link-type="uri" xlink:href="http://www.purl.org/biotop/">http://www.purl.org/biotop/</ext-link>.</p><p><bold>Contact:</bold><email>stschulz@uni-freiburg.de</email></p></abstract></article-meta></front></article>