<article xmlns="https://dtd.nlm.nih.gov/ns/archiving/2.3/" xmlns:xsi="http://www.w3.org/2001/XMLSchema-instance" xmlns:mml="http://www.w3.org/1998/Math/MathML" xmlns:xlink="http://www.w3.org/1999/xlink" xsi:schemaLocation="https://dtd.nlm.nih.gov/ns/archiving/2.3/ https://dtd.nlm.nih.gov/archiving/2.3/xsd/archivearticle.xsd" article-type="research-article" xml:lang="EN"><front><journal-meta><journal-id journal-id-type="nlm-ta">Bioinformatics</journal-id><journal-id journal-id-type="publisher-id">bioinformatics</journal-id><journal-id journal-id-type="hwp">bioinfo</journal-id><journal-title>Bioinformatics</journal-title><issn pub-type="ppub">1367-4803</issn><issn pub-type="epub">1460-2059</issn><publisher><publisher-name>Oxford University Press</publisher-name></publisher></journal-meta><article-meta><article-id pub-id-type="accession">PMC2672631</article-id><article-id pub-id-type="pmcid">PMC2672631</article-id><article-id pub-id-type="pmc-uid">2672631</article-id><article-id pub-id-type="pmid">19258351</article-id><article-id pub-id-type="doi">10.1093/bioinformatics/btp125</article-id><article-id pub-id-type="publisher-id">btp125</article-id><article-categories><subj-group subj-group-type="heading"><subject>Applications Note</subject><subj-group><subject>Systems Biology</subject></subj-group></subj-group></article-categories><title-group><article-title>Illoura™: a software tool for analysis, visualization and semantic querying of cellular and other spatial biological data</article-title></title-group><contrib-group><contrib contrib-type="author"><name><surname>McComb</surname><given-names>Tim</given-names></name><xref ref-type="aff" rid="AFF1"><sup>1</sup></xref><xref ref-type="aff" rid="AFF1"><sup>2</sup></xref><xref ref-type="author-notes" rid="FN1"><sup>†</sup></xref></contrib><contrib contrib-type="author"><name><surname>Cairncross</surname><given-names>Oliver</given-names></name><xref ref-type="aff" rid="AFF1"><sup>1</sup></xref><xref ref-type="aff" rid="AFF1"><sup>2</sup></xref><xref ref-type="author-notes" rid="FN1"><sup>†</sup></xref></contrib><contrib contrib-type="author"><name><surname>Noske</surname><given-names>Andrew B.</given-names></name><xref ref-type="aff" rid="AFF1"><sup>1</sup></xref><xref ref-type="aff" rid="AFF1"><sup>2</sup></xref></contrib><contrib contrib-type="author"><name><surname>Wood</surname><given-names>David L. A.</given-names></name><xref ref-type="aff" rid="AFF1"><sup>1</sup></xref><xref ref-type="aff" rid="AFF1"><sup>2</sup></xref></contrib><contrib contrib-type="author"><name><surname>Marsh</surname><given-names>Brad J.</given-names></name><xref ref-type="aff" rid="AFF1"><sup>1</sup></xref><xref ref-type="aff" rid="AFF1"><sup>2</sup></xref><xref ref-type="aff" rid="AFF1"><sup>3</sup></xref></contrib><contrib contrib-type="author"><name><surname>Ragan</surname><given-names>Mark A.</given-names></name><xref ref-type="aff" rid="AFF1"><sup>1</sup></xref><xref ref-type="aff" rid="AFF1"><sup>2</sup></xref><xref ref-type="corresp" rid="COR1">*</xref></contrib></contrib-group><aff id="AFF1"><sup>1</sup>Institute for Molecular Bioscience, <sup>2</sup>ARC Centre of Excellence in Bioinformatics and <sup>3</sup>Centre for Microscopy and Microanalysis, The University of Queensland, Brisbane, Queensland 4072, Australia</aff><author-notes><corresp id="COR1">*To whom correspondence should be addressed.</corresp><fn id="FN1"><p><sup>†</sup>The authors wish it to be known that, in their opinion, the first two authors should be regarded as joint First Authors.</p></fn><fn><p>Associate Editor: Dmitrij Frishman</p></fn></author-notes><pub-date pub-type="ppub"><day>1</day><month>5</month><year>2009</year></pub-date><pub-date pub-type="epub"><day>3</day><month>3</month><year>2009</year></pub-date><volume>25</volume><issue>9</issue><fpage>1208</fpage><lpage>1210</lpage><history><date date-type="received"><day>14</day><month>12</month><year>2008</year></date><date date-type="rev-recd"><day>28</day><month>2</month><year>2009</year></date><date date-type="accepted"><day>28</day><month>2</month><year>2009</year></date></history><permissions><copyright-statement>© The Author 2009. Published by Oxford University Press. All rights reserved. For Permissions, please email: journals.permissions@oxfordjournals.org</copyright-statement><copyright-year>2009</copyright-year></permissions><abstract><p><bold>Summary:</bold> New high-resolution approaches for mapping ultrastructure of cells in 3D are leading to unprecedented quantities of spatial data. Here we present Illoura, a software tool for the integrated management, analysis and visualization of these data within a semantic context, and illustrate its capability by analysis of spatial relationships in mammalian beta cells.</p><p><bold>Availability:</bold><ext-link ext-link-type="uri" xlink:href="http://www.visiblecell.com/illoura">http://www.visiblecell.com/illoura</ext-link></p><p><bold>Contact:</bold><ext-link ext-link-type="uri" xlink:href="m.ragan@uq.edu.au">m.ragan@uq.edu.au</ext-link></p><p><bold>Supplementary information:</bold><ext-link ext-link-type="uri" xlink:href="http://bioinformatics.oxfordjournals.org/cgi/content/full/btp125/DC1">Supplementary data</ext-link> are available at <italic>Bioinformatics</italic> online.</p></abstract></article-meta></front></article>