<article xmlns="https://jats.nlm.nih.gov/ns/archiving/1.2/" xmlns:xsi="http://www.w3.org/2001/XMLSchema-instance" xmlns:mml="http://www.w3.org/1998/Math/MathML" xmlns:xlink="http://www.w3.org/1999/xlink" xsi:schemaLocation="https://jats.nlm.nih.gov/ns/archiving/1.2/ https://jats.nlm.nih.gov/archiving/1.2/xsd/JATS-archivearticle1.xsd" article-type="research-article"><front><journal-meta><journal-id journal-id-type="nlm-ta">Bioinformatics</journal-id><journal-id journal-id-type="publisher-id">bioinformatics</journal-id><journal-id journal-id-type="hwp">bioinfo</journal-id><journal-title-group><journal-title>Bioinformatics</journal-title></journal-title-group><issn pub-type="ppub">1367-4803</issn><issn pub-type="epub">1460-2059</issn><publisher><publisher-name>Oxford University Press</publisher-name></publisher></journal-meta><article-meta><article-id pub-id-type="accession">PMC2732270</article-id><article-id pub-id-type="pmcid">PMC2732270</article-id><article-id pub-id-type="pmc-uid">2732270</article-id><article-id pub-id-type="pmid">18796475</article-id><article-id pub-id-type="pmid">18796475</article-id><article-id pub-id-type="doi">10.1093/bioinformatics/btn495</article-id><article-id pub-id-type="publisher-id">btn495</article-id><article-categories><subj-group subj-group-type="heading"><subject>Original Papers</subject><subj-group><subject>Sequence Analysis</subject></subj-group></subj-group></article-categories><title-group><article-title>Specific alignment of structured RNA: stochastic grammars and sequence annealing</article-title></title-group><contrib-group><contrib contrib-type="author"><name><surname>Bradley</surname><given-names>Robert K.</given-names></name><xref ref-type="aff" rid="AFF1"><sup>1</sup></xref></contrib><contrib contrib-type="author"><name><surname>Pachter</surname><given-names>Lior</given-names></name><xref ref-type="aff" rid="AFF1"><sup>2</sup></xref><xref ref-type="corresp" rid="COR1">*</xref></contrib><contrib contrib-type="author"><name><surname>Holmes</surname><given-names>Ian</given-names></name><xref ref-type="aff" rid="AFF1"><sup>1</sup></xref><xref ref-type="aff" rid="AFF1"><sup>3</sup></xref><xref ref-type="corresp" rid="COR1">*</xref></contrib></contrib-group><aff id="AFF1"><sup>1</sup>Biophysics Graduate Group, <sup>2</sup>Department of Mathematics and <sup>3</sup>Department of Bioengineering, University of California, Berkeley, CA 94720, USA</aff><author-notes><corresp id="COR1">*To whom correspondence should be addressed.</corresp><fn><p>Associate Editor: Ivo Hofacker</p></fn></author-notes><pub-date pub-type="ppub"><day>1</day><month>12</month><year>2008</year></pub-date><pub-date pub-type="epub"><day>16</day><month>9</month><year>2008</year></pub-date><pub-date pub-type="pmc-release"><day>1</day><month>12</month><year>2009</year></pub-date><!-- PMC Release delay is 12 months and 0 days and was based on the
					<pub-date pub-type="ppub"/>. --><volume>24</volume><issue>23</issue><fpage>2677</fpage><lpage>2683</lpage><history><date date-type="received"><day>20</day><month>6</month><year>2008</year></date><date date-type="rev-recd"><day>15</day><month>9</month><year>2008</year></date><date date-type="accepted"><day>15</day><month>9</month><year>2008</year></date></history><permissions><copyright-statement>© The Author 2008. Published by Oxford University Press. All rights reserved. For Permissions, please email: journals.permissions@oxfordjournals.org</copyright-statement><copyright-year>2008</copyright-year></permissions><abstract><p><bold>Motivation:</bold> Whole-genome screens suggest that eukaryotic genomes are dense with non-coding RNAs (ncRNAs). We introduce a novel approach to RNA multiple alignment which couples a generative probabilistic model of sequence and structure with an efficient sequence annealing approach for exploring the space of multiple alignments. This leads to a new software program, <monospace>Stemloc-AMA</monospace>, that is both accurate and specific in the alignment of multiple related RNA sequences.</p><p><bold>Results:</bold> When tested on the benchmark datasets BRalibase II and BRalibase 2.1, <monospace>Stemloc-AMA</monospace> has comparable sensitivity to and better specificity than the best competing methods. We use a large-scale random sequence experiment to show that while most alignment programs maximize sensitivity at the expense of specificity, even to the point of giving complete alignments of non-homologous sequences, <monospace>Stemloc-AMA</monospace> aligns only sequences with detectable homology and leaves unrelated sequences largely unaligned. Such accurate and specific alignments are crucial for comparative-genomics analysis, from inferring phylogeny to estimating substitution rates across different lineages.</p><p><bold>Availability:</bold><monospace>Stemloc-AMA</monospace> is available from <ext-link ext-link-type="uri" xlink:href="http://biowiki.org/StemLocAMA">http://biowiki.org/StemLocAMA</ext-link> as part of the <monospace>dart</monospace> software package for sequence analysis.</p><p><bold>Contact:</bold><email>lpachter@math.berkeley.edu</email>; <email>ihh@berkeley.edu</email></p><p><bold>Supplementary information:</bold><ext-link ext-link-type="uri" xlink:href="http://bioinformatics.oxfordjournals.org/cgi/content/full/btn495/DC1">Supplementary data</ext-link> are available at <italic>Bioinformatics</italic> online.</p></abstract></article-meta></front></article>