<article xmlns="https://jats.nlm.nih.gov/ns/archiving/1.2/" xmlns:xsi="http://www.w3.org/2001/XMLSchema-instance" xmlns:mml="http://www.w3.org/1998/Math/MathML" xmlns:xlink="http://www.w3.org/1999/xlink" xsi:schemaLocation="https://jats.nlm.nih.gov/ns/archiving/1.2/ https://jats.nlm.nih.gov/archiving/1.2/xsd/JATS-archivearticle1.xsd" article-type="research-article"><front><journal-meta><journal-id journal-id-type="nlm-ta">Bioinformatics</journal-id><journal-id journal-id-type="publisher-id">bioinformatics</journal-id><journal-id journal-id-type="hwp">bioinfo</journal-id><journal-title-group><journal-title>Bioinformatics</journal-title></journal-title-group><issn pub-type="ppub">1367-4803</issn><issn pub-type="epub">1460-2059</issn><publisher><publisher-name>Oxford University Press</publisher-name></publisher></journal-meta><article-meta><article-id pub-id-type="accession">PMC2732301</article-id><article-id pub-id-type="pmcid">PMC2732301</article-id><article-id pub-id-type="pmc-uid">2732301</article-id><article-id pub-id-type="pmid">19188190</article-id><article-id pub-id-type="pmid">19188190</article-id><article-id pub-id-type="doi">10.1093/bioinformatics/btp068</article-id><article-id pub-id-type="publisher-id">btp068</article-id><article-categories><subj-group subj-group-type="heading"><subject>Original Papers</subject><subj-group><subject>Systems Biology</subject></subj-group></subj-group></article-categories><title-group><article-title>Benchmarking regulatory network reconstruction with GRENDEL</article-title></title-group><contrib-group><contrib contrib-type="author"><name><surname>Haynes</surname><given-names>Brian C.</given-names></name><xref ref-type="aff" rid="AFF1"><sup>1</sup></xref><xref ref-type="aff" rid="AFF1"><sup>2</sup></xref></contrib><contrib contrib-type="author"><name><surname>Brent</surname><given-names>Michael R.</given-names></name><xref ref-type="aff" rid="AFF1"><sup>1</sup></xref><xref ref-type="aff" rid="AFF1"><sup>2</sup></xref><xref ref-type="corresp" rid="COR1">*</xref></contrib></contrib-group><aff id="AFF1"><sup>1</sup>Center for Genome Sciences and <sup>2</sup>Department of Computer Science, Washington University, St Louis, MO, USA</aff><author-notes><corresp id="COR1">*To whom correspondence should be addressed.</corresp><fn><p>Associate Editor: Limsoon Wong</p></fn></author-notes><pub-date pub-type="ppub"><day>15</day><month>3</month><year>2009</year></pub-date><pub-date pub-type="epub"><day>2</day><month>2</month><year>2009</year></pub-date><volume>25</volume><issue>6</issue><fpage>801</fpage><lpage>807</lpage><history><date date-type="received"><day>24</day><month>10</month><year>2008</year></date><date date-type="rev-recd"><day>31</day><month>12</month><year>2008</year></date><date date-type="accepted"><day>28</day><month>1</month><year>2009</year></date></history><permissions><copyright-statement>© The Author 2009. Published by Oxford University Press. All rights reserved. For Permissions, please email: journals.permissions@oxfordjournals.org</copyright-statement><copyright-year>2009</copyright-year></permissions><abstract><p><bold>Motivation:</bold> Over the past decade, the prospect of inferring networks of gene regulation from high-throughput experimental data has received a great deal of attention. In contrast to the massive effort that has gone into automated deconvolution of biological networks, relatively little effort has been invested in benchmarking the proposed algorithms. The rate at which new network inference methods are being proposed far outpaces our ability to objectively evaluate and compare them. This is largely due to a lack of fully understood biological networks to use as gold standards.</p><p><bold>Results:</bold> We have developed the most realistic system to date that generates synthetic regulatory networks for benchmarking reconstruction algorithms. The improved biological realism of our benchmark leads to conclusions about the relative accuracies of reconstruction algorithms that are significantly different from those obtained with A-BIOCHEM, an established <italic>in silico</italic> benchmark.</p><p><bold>Availability:</bold> The synthetic benchmark utility and the specific benchmark networks that were used in our analyses are available at <ext-link ext-link-type="uri" xlink:href="http://mblab.wustl.edu/software/grendel/">http://mblab.wustl.edu/software/grendel/</ext-link></p><p><bold>Contact:</bold><email>brent@cse.wustl.edu</email></p></abstract></article-meta></front></article>