<article xmlns="https://jats.nlm.nih.gov/ns/archiving/1.2/" xmlns:xsi="http://www.w3.org/2001/XMLSchema-instance" xmlns:mml="http://www.w3.org/1998/Math/MathML" xmlns:xlink="http://www.w3.org/1999/xlink" xsi:schemaLocation="https://jats.nlm.nih.gov/ns/archiving/1.2/ https://jats.nlm.nih.gov/archiving/1.2/xsd/JATS-archivearticle1.xsd" article-type="research-article"><front><journal-meta><journal-id journal-id-type="nlm-ta">Bioinformatics</journal-id><journal-id journal-id-type="publisher-id">bioinformatics</journal-id><journal-id journal-id-type="hwp">bioinfo</journal-id><journal-title-group><journal-title>Bioinformatics</journal-title></journal-title-group><issn pub-type="ppub">1367-4803</issn><issn pub-type="epub">1460-2059</issn><publisher><publisher-name>Oxford University Press</publisher-name></publisher></journal-meta><article-meta><article-id pub-id-type="accession">PMC2732280</article-id><article-id pub-id-type="pmcid">PMC2732280</article-id><article-id pub-id-type="pmc-uid">2732280</article-id><article-id pub-id-type="pmid">18772153</article-id><article-id pub-id-type="pmid">18772153</article-id><article-id pub-id-type="doi">10.1093/bioinformatics/btn470</article-id><article-id pub-id-type="publisher-id">btn470</article-id><article-categories><subj-group subj-group-type="heading"><subject>Original Papers</subject><subj-group><subject>Systems Biology</subject></subj-group></subj-group></article-categories><title-group><article-title>System estimation from metabolic time-series data</article-title></title-group><contrib-group><contrib contrib-type="author"><name><surname>Goel</surname><given-names>Gautam</given-names></name></contrib><contrib contrib-type="author"><name><surname>Chou</surname><given-names>I-Chun</given-names></name></contrib><contrib contrib-type="author"><name><surname>Voit</surname><given-names>Eberhard O.</given-names></name><xref ref-type="corresp" rid="COR1">*</xref></contrib></contrib-group><aff>Integrative BioSystems Institute and The Wallace H. Coulter Department of Biomedical Engineering, Georgia Institute of Technology and Emory University, 313 Ferst Drive, Atlanta, GA 30332, USA</aff><author-notes><corresp id="COR1">*To whom correspondence should be addressed.</corresp><fn><p>Associate Editor: Jonathan Wren</p></fn></author-notes><pub-date pub-type="ppub"><day>1</day><month>11</month><year>2008</year></pub-date><pub-date pub-type="epub"><day>4</day><month>9</month><year>2008</year></pub-date><volume>24</volume><issue>21</issue><fpage>2505</fpage><lpage>2511</lpage><history><date date-type="received"><day>26</day><month>6</month><year>2008</year></date><date date-type="rev-recd"><day>27</day><month>8</month><year>2008</year></date><date date-type="accepted"><day>29</day><month>8</month><year>2008</year></date></history><permissions><copyright-statement>© The Author 2008. Published by Oxford University Press. All rights reserved. For Permissions, please email: journals.permissions@oxfordjournals.org</copyright-statement><copyright-year>2008</copyright-year></permissions><abstract><p><bold>Motivation:</bold> At the center of computational systems biology are mathematical models that capture the dynamics of biological systems and offer novel insights. The bottleneck in the construction of these models is presently the identification of model parameters that make the model consistent with observed data. Dynamic flux estimation (DFE) is a novel methodological framework for estimating parameters for models of metabolic systems from time-series data. DFE consists of two distinct phases, an entirely model-free and assumption-free data analysis and a model-based mathematical characterization of process representations. The model-free phase reveals inconsistencies within the data, and between data and the alleged system topology, while the model-based phase allows quantitative diagnostics of whether—or to what degree—the assumed mathematical formulations are appropriate or in need of improvement. Hallmarks of DFE are the facility to: diagnose data and model consistency; circumvent undue compensation of errors; determine functional representations of fluxes uncontaminated by errors in other fluxes and pinpoint sources of remaining errors. Our results suggest that the proposed approach is more effective and robust than presently available methods for deriving metabolic models from time-series data. Its avoidance of error compensation among process descriptions promises significantly improved extrapolability toward new data or experimental conditions.</p><p><bold>Contact:</bold><email>eberhard.voit@bme.gatech.edu</email></p><p><bold>Supplementary information:</bold><ext-link ext-link-type="uri" xlink:href="http://bioinformatics.oxfordjournals.org/cgi/content/full/btn470/DC1">Supplementary data</ext-link> are available at <italic>Bioinformatics</italic> online.</p></abstract></article-meta></front></article>