<article xmlns="https://dtd.nlm.nih.gov/ns/archiving/2.3/" xmlns:xsi="http://www.w3.org/2001/XMLSchema-instance" xmlns:mml="http://www.w3.org/1998/Math/MathML" xmlns:xlink="http://www.w3.org/1999/xlink" xsi:schemaLocation="https://dtd.nlm.nih.gov/ns/archiving/2.3/ https://dtd.nlm.nih.gov/archiving/2.3/xsd/archivearticle.xsd" article-type="research-article" xml:lang="EN"><front><journal-meta><journal-id journal-id-type="nlm-ta">Bioinformatics</journal-id><journal-id journal-id-type="publisher-id">bioinformatics</journal-id><journal-id journal-id-type="hwp">bioinfo</journal-id><journal-title>Bioinformatics</journal-title><issn pub-type="ppub">1367-4803</issn><issn pub-type="epub">1460-2059</issn><publisher><publisher-name>Oxford University Press</publisher-name></publisher></journal-meta><article-meta><article-id pub-id-type="accession">PMC2687970</article-id><article-id pub-id-type="pmcid">PMC2687970</article-id><article-id pub-id-type="pmc-uid">2687970</article-id><article-id pub-id-type="pmid">19478009</article-id><article-id pub-id-type="doi">10.1093/bioinformatics/btp216</article-id><article-id pub-id-type="publisher-id">btp216</article-id><article-categories><subj-group subj-group-type="heading"><subject>Ismb/Eccb 2009 Conference Proceedings June 27 to July 2, 2009, Stockholm, Sweden</subject><subj-group><subject>Original Papers</subject><subj-group><subject>Sequence Analysis and Alignment</subject></subj-group></subj-group></subj-group></article-categories><title-group><article-title>Modeling interactions between adjacent nucleosomes improves genome-wide predictions of nucleosome occupancy</article-title></title-group><contrib-group><contrib contrib-type="author"><name><surname>Lubliner</surname><given-names>Shai</given-names></name><xref ref-type="aff" rid="AFF1"><sup>1</sup></xref></contrib><contrib contrib-type="author"><name><surname>Segal</surname><given-names>Eran</given-names></name><xref ref-type="aff" rid="AFF1"><sup>1</sup></xref><xref ref-type="aff" rid="AFF1"><sup>2</sup></xref><xref ref-type="corresp" rid="COR1">*</xref></contrib></contrib-group><aff id="AFF1"><sup>1</sup>Department of Computer Science and Applied Mathematics and <sup>2</sup>Department of Molecular Cell Biology, Weizmann Institute of Science, Rehovot, Israel</aff><author-notes><corresp id="COR1">*To whom correspondence should be addressed.</corresp></author-notes><pub-date pub-type="ppub"><day>15</day><month>6</month><year>2009</year></pub-date><pub-date pub-type="epub"><day>27</day><month>5</month><year>2009</year></pub-date><pub-date pub-type="pmc-release"><day>27</day><month>5</month><year>2009</year></pub-date><!-- PMC Release delay is 0 months and 0 days and was based on the
			<pub-date pub-type="epub"/>. --><volume>25</volume><issue>12</issue><fpage>i348</fpage><lpage>i355</lpage><permissions><copyright-statement>© 2009 The Author(s)</copyright-statement><copyright-year>2009</copyright-year><license license-type="creative-commons" xlink:href="http://creativecommons.org/licenses/by-nc/2.0/uk/"><p><!--CREATIVE COMMONS-->This is an Open Access article distributed under the terms of the Creative Commons Attribution Non-Commercial License (<ext-link ext-link-type="uri" xlink:href="http://creativecommons.org/licenses/by-nc/2.0/uk/">http://creativecommons.org/licenses/by-nc/2.0/uk/</ext-link>) which permits unrestricted non-commercial use, distribution, and reproduction in any medium, provided the original work is properly cited.</p></license></permissions><abstract><p><bold>Motivation:</bold> Understanding the mechanisms that govern nucleosome positioning over genomes <italic>in vivo</italic> is essential for unraveling the role of chromatin organization in transcriptional regulation. Until now, models for predicting genome-wide nucleosome occupancy have assumed that the DNA associations of neighboring nucleosomes on the genome are independent. We present a new model that relaxes this independence assumption by modeling interactions between adjacent nucleosomes.</p><p><bold>Results:</bold> We show that modeling interactions between adjacent nucleosomes improves genome-wide nucleosome occupancy predictions in an <italic>in vitro</italic> system that includes only nucleosomes and purified DNA, where the resulting model has a preference for short spacings (linkers) of less than 20 bp in length between neighboring nucleosomes. Since nucleosome occupancy <italic>in vitro</italic> depends only on properties intrinsic to nucleosomes, these results suggest that the interactions we find are intrinsic to nucleosomes and do not depend on other factors, such as transcription factors and chromatin remodelers. We also show that modeling these intrinsic interactions significantly improves genome-wide predictions of nucleosome occupancy <italic>in vivo</italic>.</p><p><bold>Contact:</bold><email>eran.segal@weizmann.ac.il</email></p><p><bold>Supplementary information:</bold><ext-link ext-link-type="uri" xlink:href="http://bioinformatics.oxfordjournals.org/cgi/content/full/btp216/DC1">Supplementary data</ext-link> are available at <italic>Bioinformatics</italic> online.</p></abstract></article-meta></front></article>