<article xmlns="https://dtd.nlm.nih.gov/ns/archiving/2.3/" xmlns:xsi="http://www.w3.org/2001/XMLSchema-instance" xmlns:mml="http://www.w3.org/1998/Math/MathML" xmlns:xlink="http://www.w3.org/1999/xlink" xsi:schemaLocation="https://dtd.nlm.nih.gov/ns/archiving/2.3/ https://dtd.nlm.nih.gov/archiving/2.3/xsd/archivearticle.xsd" article-type="research-article" xml:lang="EN"><front><journal-meta><journal-id journal-id-type="nlm-ta">Bioinformatics</journal-id><journal-id journal-id-type="publisher-id">bioinformatics</journal-id><journal-id journal-id-type="hwp">bioinfo</journal-id><journal-title>Bioinformatics</journal-title><issn pub-type="ppub">1367-4803</issn><issn pub-type="epub">1460-2059</issn><publisher><publisher-name>Oxford University Press</publisher-name></publisher></journal-meta><article-meta><article-id pub-id-type="accession">PMC2687956</article-id><article-id pub-id-type="pmcid">PMC2687956</article-id><article-id pub-id-type="pmc-uid">2687956</article-id><article-id pub-id-type="pmid">19477994</article-id><article-id pub-id-type="doi">10.1093/bioinformatics/btp202</article-id><article-id pub-id-type="publisher-id">btp202</article-id><article-categories><subj-group subj-group-type="heading"><subject>Ismb/Eccb 2009 Conference Proceedings June 27 to July 2, 2009, Stockholm, Sweden</subject><subj-group><subject>Original Papers</subject><subj-group><subject>Protein Interactions and Molecular Networks</subject></subj-group></subj-group></subj-group></article-categories><title-group><article-title>Domain-oriented edge-based alignment of protein interaction networks</article-title></title-group><contrib-group><contrib contrib-type="author"><name><surname>Guo</surname><given-names>Xin</given-names></name><xref ref-type="corresp" rid="COR1">*</xref></contrib><contrib contrib-type="author"><name><surname>Hartemink</surname><given-names>Alexander J.</given-names></name><xref ref-type="corresp" rid="COR1">*</xref></contrib></contrib-group><aff>Department of Computer Science, Box 90129, Duke University, Durham, NC 27708-0129, USA</aff><author-notes><corresp id="COR1">*To whom correspondence should be addressed.</corresp></author-notes><pub-date pub-type="ppub"><day>15</day><month>6</month><year>2009</year></pub-date><pub-date pub-type="epub"><day>27</day><month>5</month><year>2009</year></pub-date><pub-date pub-type="pmc-release"><day>27</day><month>5</month><year>2009</year></pub-date><!-- PMC Release delay is 0 months and 0 days and was based on the
			<pub-date pub-type="epub"/>. --><volume>25</volume><issue>12</issue><fpage>i240</fpage><lpage>1246</lpage><permissions><copyright-statement>© 2009 The Author(s)</copyright-statement><copyright-year>2009</copyright-year><license license-type="creative-commons" xlink:href="http://creativecommons.org/licenses/by-nc/2.0/uk/"><p><!--CREATIVE COMMONS-->This is an Open Access article distributed under the terms of the Creative Commons Attribution Non-Commercial License (<ext-link ext-link-type="uri" xlink:href="http://creativecommons.org/licenses/by-nc/2.0/uk/">http://creativecommons.org/licenses/by-nc/2.0/uk/</ext-link>) which permits unrestricted non-commercial use, distribution, and reproduction in any medium, provided the original work is properly cited.</p></license></permissions><abstract><p><bold>Motivation:</bold> Recent advances in high-throughput experimental techniques have yielded a large amount of data on protein–protein interactions (PPIs). Since these interactions can be organized into networks, and since separate PPI networks can be constructed for different species, a natural research direction is the comparative analysis of such networks across species in order to detect conserved functional modules. This is the task of network alignment.</p><p><bold>Results:</bold> Most conventional network alignment algorithms adopt a <italic>node-then-edge-alignment</italic> paradigm: they first identify homologous proteins across networks and then consider interactions among them to construct network alignments. In this study, we propose an alternative <italic>direct-edge-alignment</italic> paradigm. Specifically, instead of explicit identification of homologous proteins, we directly infer plausibly alignable PPIs across species by comparing conservation of their constituent domain interactions. We apply our approach to detect conserved protein complexes in yeast–fly and yeast–worm PPI networks, and show that our approach outperforms two recent approaches in most alignment performance metrics.</p><p><bold>Availability:</bold> Supplementary material and source code can be found at <ext-link ext-link-type="uri" xlink:href="http://www.cs.duke.edu/∼amink/">http://www.cs.duke.edu/∼amink/</ext-link>.</p><p><bold>Contact:</bold><email>xinguo@cs.duke.edu</email></p></abstract></article-meta></front></article>