<article xmlns="https://dtd.nlm.nih.gov/ns/archiving/2.3/" xmlns:xsi="http://www.w3.org/2001/XMLSchema-instance" xmlns:mml="http://www.w3.org/1998/Math/MathML" xmlns:xlink="http://www.w3.org/1999/xlink" xsi:schemaLocation="https://dtd.nlm.nih.gov/ns/archiving/2.3/ https://dtd.nlm.nih.gov/archiving/2.3/xsd/archivearticle.xsd" article-type="research-article" xml:lang="EN"><front><journal-meta><journal-id journal-id-type="nlm-ta">Bioinformatics</journal-id><journal-id journal-id-type="publisher-id">bioinformatics</journal-id><journal-id journal-id-type="hwp">bioinfo</journal-id><journal-title>Bioinformatics</journal-title><issn pub-type="ppub">1367-4803</issn><issn pub-type="epub">1460-2059</issn><publisher><publisher-name>Oxford University Press</publisher-name></publisher></journal-meta><article-meta><article-id pub-id-type="accession">PMC2642634</article-id><article-id pub-id-type="pmcid">PMC2642634</article-id><article-id pub-id-type="pmc-uid">2642634</article-id><article-id pub-id-type="pmid">19129207</article-id><article-id pub-id-type="doi">10.1093/bioinformatics/btn656</article-id><article-id pub-id-type="publisher-id">btn656</article-id><article-categories><subj-group subj-group-type="heading"><subject>Applications Note</subject><subj-group><subject>Databases and Ontologies</subject></subj-group></subj-group></article-categories><title-group><article-title>A novel method for large tree visualization</article-title></title-group><contrib-group><contrib contrib-type="author"><name><surname>Heard</surname><given-names>Jeff</given-names></name><xref ref-type="aff" rid="AFF1"><sup>1</sup></xref><xref ref-type="corresp" rid="COR1">*</xref></contrib><contrib contrib-type="author"><name><surname>Kaufmann</surname><given-names>William</given-names></name><xref ref-type="aff" rid="AFF1"><sup>2</sup></xref></contrib><contrib contrib-type="author"><name><surname>Guan</surname><given-names>Xiaojun</given-names></name><xref ref-type="aff" rid="AFF1"><sup>1</sup></xref><xref ref-type="corresp" rid="COR1">*</xref></contrib></contrib-group><aff id="AFF1"><sup>1</sup>Renaissance Computing Institute, 100 Europa Drive, Chapel Hill, NC 27519 and <sup>2</sup>Department of Pathology and Laboratory of Medicine, University of North Carolina, Chapel Hill, NC 27599, USA</aff><author-notes><corresp id="COR1">*To whom correspondence should be addressed.</corresp><fn><p>Associate Editor: Jonathan Wren</p></fn></author-notes><pub-date pub-type="ppub"><day>15</day><month>2</month><year>2009</year></pub-date><pub-date pub-type="epub"><day>7</day><month>1</month><year>2009</year></pub-date><pub-date pub-type="pmc-release"><day>7</day><month>1</month><year>2009</year></pub-date><volume>25</volume><issue>4</issue><fpage>557</fpage><lpage>558</lpage><history><date date-type="received"><day>24</day><month>9</month><year>2008</year></date><date date-type="rev-recd"><day>24</day><month>11</month><year>2008</year></date><date date-type="accepted"><day>18</day><month>12</month><year>2008</year></date></history><permissions><copyright-statement>© 2009 The Author(s)</copyright-statement><copyright-year>2009</copyright-year><license license-type="creative-commons" xlink:href="http://creativecommons.org/licenses/by-nc/2.0/uk/"><p><!--CREATIVE COMMONS-->This is an Open Access article distributed under the terms of the Creative Commons Attribution Non-Commercial License (<ext-link ext-link-type="uri" xlink:href="http://creativecommons.org/licenses/by-nc/2.0/uk/">http://creativecommons.org/licenses/by-nc/2.0/uk/</ext-link>) which permits unrestricted non-commercial use, distribution, and reproduction in any medium, provided the original work is properly cited.</p></license></permissions><abstract><p><bold>Summary:</bold> Many genomic and proteomic analyses generate as a result a tree of genes or proteins. These trees are often large (containing tens of thousands of nodes and edges), and need a visualization tool to fully display all the information contained in the tree. Clustering analysis can be performed on these trees to obtain clusters of proteins, and we need an efficient way to visualize the clustering results. We present a novel tree visualization tool to help with such analyses.</p><p><bold>Availability:</bold><ext-link ext-link-type="uri" xlink:href="http://www2.renci.org/~jeff/software/bin/win32/ProteinVis-2.1.6-win32.zip">http://www2.renci.org/~jeff/software/bin/win32/ProteinVis-2.1.6-win32.zip</ext-link></p><p><bold>Contact:</bold><email>jeff@renci.org</email>; <email>xguan@renci.org</email></p></abstract></article-meta></front></article>