<article xmlns="https://jats.nlm.nih.gov/ns/archiving/1.2/" xmlns:xsi="http://www.w3.org/2001/XMLSchema-instance" xmlns:mml="http://www.w3.org/1998/Math/MathML" xmlns:xlink="http://www.w3.org/1999/xlink" xsi:schemaLocation="https://jats.nlm.nih.gov/ns/archiving/1.2/ https://jats.nlm.nih.gov/archiving/1.2/xsd/JATS-archivearticle1.xsd" article-type="research-article"><front><journal-meta><journal-id journal-id-type="nlm-ta">Bioinformatics</journal-id><journal-id journal-id-type="publisher-id">bioinformatics</journal-id><journal-id journal-id-type="hwp">bioinfo</journal-id><journal-title-group><journal-title>Bioinformatics</journal-title></journal-title-group><issn pub-type="ppub">1367-4803</issn><issn pub-type="epub">1460-2059</issn><publisher><publisher-name>Oxford University Press</publisher-name></publisher></journal-meta><article-meta><article-id pub-id-type="accession">PMC2718662</article-id><article-id pub-id-type="pmcid">PMC2718662</article-id><article-id pub-id-type="pmc-uid">2718662</article-id><article-id pub-id-type="pmid">18586735</article-id><article-id pub-id-type="pmid">18586735</article-id><article-id pub-id-type="doi">10.1093/bioinformatics/btn187</article-id><article-id pub-id-type="publisher-id">btn187</article-id><article-categories><subj-group subj-group-type="heading"><subject>Ismb 2008 Conference Proceedings 19–23 July 2008, Toronto</subject><subj-group><subject>Original Papers</subject><subj-group><subject>Other Bioinformatics Applications and Methods</subject></subj-group></subj-group></subj-group></article-categories><title-group><article-title>BLASTing small molecules—statistics and extreme statistics of chemical similarity scores</article-title></title-group><contrib-group><contrib contrib-type="author"><name><surname>Baldi</surname><given-names>Pierre</given-names></name><xref ref-type="aff" rid="AFF1"><sup>1</sup></xref><xref ref-type="aff" rid="AFF1"><sup>2</sup></xref><xref ref-type="aff" rid="AFF1"><sup>3</sup></xref><xref ref-type="corresp" rid="COR1">*</xref></contrib><contrib contrib-type="author"><name><surname>Benz</surname><given-names>Ryan W.</given-names></name><xref ref-type="aff" rid="AFF1"><sup>1</sup></xref><xref ref-type="aff" rid="AFF1"><sup>2</sup></xref></contrib></contrib-group><aff id="AFF1"><sup>1</sup>Department of Computer Science, <sup>2</sup>Institute for Genomics and Bioinformatics and <sup>3</sup>Department of Biological Chemistry, University of California, Irvine, CA 92697-3435, USA</aff><author-notes><corresp id="COR1">*To whom correspondence should be addressed.</corresp></author-notes><pub-date pub-type="ppub"><day>1</day><month>7</month><year>2008</year></pub-date><pub-date pub-type="pmc-release"><day>1</day><month>7</month><year>2008</year></pub-date><!-- PMC Release delay is 0 months and 0 days and was based on the
							<pub-date pub-type="ppub"/>. --><volume>24</volume><issue>13</issue><fpage>i357</fpage><lpage>i365</lpage><permissions><copyright-statement>© 2008 The Author(s)</copyright-statement><copyright-year>2008</copyright-year><license license-type="creative-commons" xlink:href="http://creativecommons.org/licenses/by-nc/2.0/uk/"><license-p><!--CREATIVE COMMONS-->This is an Open Access article distributed under the terms of the Creative Commons Attribution Non-Commercial License (<ext-link ext-link-type="uri" xlink:href="http://creativecommons.org/licenses/by-nc/2.0/uk/">http://creativecommons.org/licenses/by-nc/2.0/uk/</ext-link>) which permits unrestricted non-commercial use, distribution, and reproduction in any medium, provided the original work is properly cited.</license-p></license></permissions><abstract><p><bold>Motivation:</bold> Small organic molecules, from nucleotides and amino acids to metabolites and drugs, play a fundamental role in chemistry, biology and medicine. As databases of small molecules continue to grow and become more open, it is important to develop the tools to search them efficiently. In order to develop a BLAST-like tool for small molecules, one must first understand the statistical behavior of molecular similarity scores.</p><p><bold>Results:</bold> We develop a new detailed theory of molecular similarity scores that can be applied to a variety of molecular representations and similarity measures. For concreteness, we focus on the most widely used measure—the Tanimoto measure applied to chem-ical fingerprints. In both the case of empirical fingerprints and fingerprints generated by several stochastic models, we derive accurate approximations for both the distribution and extreme value distribution of similarity scores. These approximation are derived using a ratio of correlated Gaussians approach. The theory enables the calculation of significance scores, such as <italic>Z</italic>-scores and <italic>P</italic>-values, and the estimation of the top hits list size. Empirical results obtained using both the random models and real data from the ChemDB database are given to corroborate the theory and show how it can be applied to mine chemical space.</p><p><bold>Availability:</bold> Data and related resources are available through <ext-link ext-link-type="uri" xlink:href="http://cdb.ics.uci.edu">http://cdb.ics.uci.edu</ext-link></p><p><bold>Contact:</bold><email>pfbaldi@ics.uci.edu</email></p></abstract></article-meta></front></article>