<article xmlns="https://jats.nlm.nih.gov/ns/archiving/1.2/" xmlns:xsi="http://www.w3.org/2001/XMLSchema-instance" xmlns:mml="http://www.w3.org/1998/Math/MathML" xmlns:xlink="http://www.w3.org/1999/xlink" xsi:schemaLocation="https://jats.nlm.nih.gov/ns/archiving/1.2/ https://jats.nlm.nih.gov/archiving/1.2/xsd/JATS-archivearticle1.xsd" article-type="research-article"><front><journal-meta><journal-id journal-id-type="nlm-ta">Bioinformatics</journal-id><journal-id journal-id-type="publisher-id">bioinformatics</journal-id><journal-id journal-id-type="hwp">bioinfo</journal-id><journal-title-group><journal-title>Bioinformatics</journal-title></journal-title-group><issn pub-type="ppub">1367-4803</issn><issn pub-type="epub">1367-4811</issn><publisher><publisher-name>Oxford University Press</publisher-name></publisher></journal-meta><article-meta><article-id pub-id-type="accession">PMC2577777</article-id><article-id pub-id-type="pmcid">PMC2577777</article-id><article-id pub-id-type="pmc-uid">2577777</article-id><article-id pub-id-type="pmid">18678588</article-id><article-id pub-id-type="pmid">18678588</article-id><article-id pub-id-type="doi">10.1093/bioinformatics/btn384</article-id><article-id pub-id-type="publisher-id">btn384</article-id><article-categories><subj-group subj-group-type="heading"><subject>Original Papers</subject><subj-group><subject>Sequence Analysis</subject></subj-group></subj-group></article-categories><title-group><article-title>Powerful fusion: PSI-BLAST and consensus sequences</article-title></title-group><contrib-group><contrib contrib-type="author"><name><surname>Przybylski</surname><given-names>Dariusz</given-names></name><xref ref-type="aff" rid="AFF1"><sup>1</sup></xref><xref ref-type="aff" rid="AFF1"><sup>2</sup></xref><xref ref-type="corresp" rid="COR1">*</xref></contrib><contrib contrib-type="author"><name><surname>Rost</surname><given-names>Burkhard</given-names></name><xref ref-type="aff" rid="AFF1"><sup>1</sup></xref><xref ref-type="aff" rid="AFF1"><sup>3</sup></xref></contrib></contrib-group><aff id="AFF1"><sup>1</sup>Department of Biochemistry and Molecular Biophysics, Columbia University, 630 West 168th Street, New York, NY 10032, <sup>2</sup>Broad Institute of MIT and Harvard University, 320 Charles St., Cambridge, MA 02141 and <sup>3</sup>Columbia University Center for Computational Biology and Bioinformatics (C2B2), NorthEast Structural Genomics Consortium (NESG), New York Consortium on Membrane Protein Structure (NYCOMPS), 1130 St Nicholas Ave. Rm. 802, New York, NY 10032, USA</aff><author-notes><corresp id="COR1"><sup>*</sup>To whom correspondence should be addressed.</corresp><fn><p>Associate Editor: John Quackenbush</p></fn></author-notes><pub-date pub-type="ppub"><day>15</day><month>9</month><year>2008</year></pub-date><pub-date pub-type="epub"><day>4</day><month>8</month><year>2008</year></pub-date><pub-date pub-type="pmc-release"><day>4</day><month>8</month><year>2008</year></pub-date><!-- PMC Release delay is 0 months and 0 days and was based on the
							<pub-date pub-type="epub"/>. --><volume>24</volume><issue>18</issue><fpage>1987</fpage><lpage>1993</lpage><history><date date-type="received"><day>30</day><month>1</month><year>2008</year></date><date date-type="rev-recd"><day>6</day><month>7</month><year>2008</year></date><date date-type="accepted"><day>22</day><month>7</month><year>2008</year></date></history><permissions><copyright-statement>© 2008 The Author(s)</copyright-statement><copyright-year>2008</copyright-year><license license-type="creative-commons" xlink:href="http://creativecommons.org/licenses/by-nc/2.0/uk/"><license-p><!--CREATIVE COMMONS-->This is an Open Access article distributed under the terms of the Creative Commons Attribution Non-Commercial License (<ext-link ext-link-type="uri" xlink:href="http://creativecommons.org/licenses/by-nc/2.0/uk/">http://creativecommons.org/licenses/by-nc/2.0/uk/</ext-link>) which permits unrestricted non-commercial use, distribution, and reproduction in any medium, provided the original work is properly cited.</license-p></license></permissions><abstract><p><bold>Motivation:</bold> A typical PSI-BLAST search consists of iterative scanning and alignment of a large sequence database during which a scoring profile is progressively built and refined. Such a profile can also be stored and used to search against a different database of sequences. Using it to search against a database of consensus rather than native sequences is a simple add-on that boosts performance surprisingly well. The improvement comes at a price: we hypothesized that random alignment score statistics would differ between native and consensus sequences. Thus PSI-BLAST-based profile searches against consensus sequences might incorrectly estimate statistical significance of alignment scores. In addition, iterative searches against consensus databases may fail. Here, we addressed these challenges in an attempt to harness the full power of the combination of PSI-BLAST and consensus sequences.</p><p><bold>Results:</bold> We studied alignment score statistics for various types of consensus sequences. In general, the score distribution parameters of profile-based consensus sequence alignments differed significantly from those derived for the native sequences. PSI-BLAST partially compensated for the parameter variation. We have identified a protocol for building specialized consensus sequences that significantly improved search sensitivity and preserved score distribution parameters. As a result, PSI-BLAST profiles can be used to search specialized consensus sequences without sacrificing estimates of statistical significance. We also provided results indicating that iterative PSI-BLAST searches against consensus sequences could work very well. Overall, we showed how a very popular and effective method could be used to identify significantly more relevant similarities among protein sequences.</p><p><bold>Availability:</bold><ext-link ext-link-type="uri" xlink:href="http://www.rostlab.org/services/consensus/">http://www.rostlab.org/services/consensus/</ext-link></p><p><bold>Contact:</bold><email>dariusz@mit.edu</email></p></abstract></article-meta></front></article>