<article xmlns="https://dtd.nlm.nih.gov/ns/archiving/2.3/" xmlns:xsi="http://www.w3.org/2001/XMLSchema-instance" xmlns:mml="http://www.w3.org/1998/Math/MathML" xmlns:xlink="http://www.w3.org/1999/xlink" xsi:schemaLocation="https://dtd.nlm.nih.gov/ns/archiving/2.3/ https://dtd.nlm.nih.gov/archiving/2.3/xsd/archivearticle.xsd" article-type="research-article" xml:lang="EN"><front><journal-meta><journal-id journal-id-type="nlm-ta">Bioinformatics</journal-id><journal-id journal-id-type="publisher-id">bioinformatics</journal-id><journal-id journal-id-type="hwp">bioinfo</journal-id><journal-title>Bioinformatics</journal-title><issn pub-type="ppub">1367-4803</issn><issn pub-type="epub">1460-2059</issn><publisher><publisher-name>Oxford University Press</publisher-name></publisher></journal-meta><article-meta><article-id pub-id-type="accession">PMC2647829</article-id><article-id pub-id-type="pmcid">PMC2647829</article-id><article-id pub-id-type="pmc-uid">2647829</article-id><article-id pub-id-type="pmid">19176546</article-id><article-id pub-id-type="doi">10.1093/bioinformatics/btp026</article-id><article-id pub-id-type="publisher-id">btp026</article-id><article-categories><subj-group subj-group-type="heading"><subject>Applications Note</subject><subj-group><subject>Systems Biology</subject></subj-group></subj-group></article-categories><title-group><article-title>KEA: kinase enrichment analysis</article-title></title-group><contrib-group><contrib contrib-type="author"><name><surname>Lachmann</surname><given-names>Alexander</given-names></name></contrib><contrib contrib-type="author"><name><surname>Ma'ayan</surname><given-names>Avi</given-names></name><xref ref-type="corresp" rid="COR1">*</xref></contrib></contrib-group><aff>Department of Pharmacology and Systems Therapeutics, Systems Biology Center in New York, Icahn Medical Institute, Mount Sinai School of Medicine, 1425 Madison Avenue, New York, NY 10029, USA</aff><author-notes><corresp id="COR1">*To whom correspondence should be addressed.</corresp><fn><p>Associate Editor: Burkhard Rost</p></fn></author-notes><pub-date pub-type="ppub"><day>1</day><month>3</month><year>2009</year></pub-date><pub-date pub-type="epub"><day>28</day><month>1</month><year>2009</year></pub-date><pub-date pub-type="pmc-release"><day>28</day><month>1</month><year>2009</year></pub-date><volume>25</volume><issue>5</issue><fpage>684</fpage><lpage>686</lpage><history><date date-type="received"><day>8</day><month>11</month><year>2008</year></date><date date-type="rev-recd"><day>19</day><month>12</month><year>2008</year></date><date date-type="accepted"><day>8</day><month>1</month><year>2009</year></date></history><permissions><copyright-statement>© 2009 The Author(s)</copyright-statement><copyright-year>2009</copyright-year><license license-type="creative-commons" xlink:href="http://creativecommons.org/licenses/by-nc/2.0/uk/"><p><!--CREATIVE COMMONS-->This is an Open Access article distributed under the terms of the Creative Commons Attribution Non-Commercial License (<ext-link ext-link-type="uri" xlink:href="http://creativecommons.org/licenses/by-nc/2.0/uk/">http://creativecommons.org/licenses/by-nc/2.0/uk/</ext-link>) which permits unrestricted non-commercial use, distribution, and reproduction in any medium, provided the original work is properly cited.</p></license></permissions><abstract><p><bold>Motivation:</bold> Multivariate experiments applied to mammalian cells often produce lists of proteins/genes altered under treatment versus control conditions. Such lists can be projected onto prior knowledge of kinase–substrate interactions to infer the list of kinases associated with a specific protein list. By computing how the proportion of kinases, associated with a specific list of proteins/genes, deviates from an expected distribution, we can rank kinases and kinase families based on the likelihood that these kinases are functionally associated with regulating the cell under specific experimental conditions. Such analysis can assist in producing hypotheses that can explain how the kinome is involved in the maintenance of different cellular states and can be manipulated to modulate cells towards a desired phenotype.</p><p><bold>Summary:</bold> Kinase enrichment analysis (KEA) is a web-based tool with an underlying database providing users with the ability to link lists of mammalian proteins/genes with the kinases that phosphorylate them. The system draws from several available kinase–substrate databases to compute kinase enrichment probability based on the distribution of kinase–substrate proportions in the background kinase–substrate database compared with kinases found to be associated with an input list of genes/proteins.</p><p><bold>Availability:</bold> The KEA system is freely available at <ext-link ext-link-type="uri" xlink:href="http://amp.pharm.mssm.edu/lib/kea.jsp">http://amp.pharm.mssm.edu/lib/kea.jsp</ext-link></p><p><bold>Contact:</bold><email>avi.maayan@mssm.edu</email></p></abstract></article-meta></front></article>