<article xmlns="https://dtd.nlm.nih.gov/ns/archiving/2.3/" xmlns:xsi="http://www.w3.org/2001/XMLSchema-instance" xmlns:mml="http://www.w3.org/1998/Math/MathML" xmlns:xlink="http://www.w3.org/1999/xlink" xsi:schemaLocation="https://dtd.nlm.nih.gov/ns/archiving/2.3/ https://dtd.nlm.nih.gov/archiving/2.3/xsd/archivearticle.xsd" article-type="research-article" xml:lang="EN"><front><journal-meta><journal-id journal-id-type="nlm-ta">Bioinformatics</journal-id><journal-id journal-id-type="publisher-id">bioinformatics</journal-id><journal-id journal-id-type="hwp">bioinfo</journal-id><journal-title>Bioinformatics</journal-title><issn pub-type="ppub">1367-4803</issn><issn pub-type="epub">1460-2059</issn><publisher><publisher-name>Oxford University Press</publisher-name></publisher></journal-meta><article-meta><article-id pub-id-type="accession">PMC2654803</article-id><article-id pub-id-type="pmcid">PMC2654803</article-id><article-id pub-id-type="pmc-uid">2654803</article-id><article-id pub-id-type="pmid">19179356</article-id><article-id pub-id-type="doi">10.1093/bioinformatics/btp058</article-id><article-id pub-id-type="publisher-id">btp058</article-id><article-categories><subj-group subj-group-type="heading"><subject>Original Papers</subject><subj-group><subject>Structural Bioinformatics</subject></subj-group></subj-group></article-categories><title-group><article-title>‘Double water exclusion’: a hypothesis refining the O-ring theory for the hot spots at protein interfaces</article-title></title-group><contrib-group><contrib contrib-type="author"><name><surname>Li</surname><given-names>Jinyan</given-names></name><xref ref-type="corresp" rid="COR1">*</xref></contrib><contrib contrib-type="author"><name><surname>Liu</surname><given-names>Qian</given-names></name></contrib></contrib-group><aff>Bioinformatics Research Center, School of Computer Engineering, Nanyang Technological University, Singapore 639798</aff><author-notes><corresp id="COR1">*To whom correspondence should be addressed.</corresp><fn><p>Associate Editor: Thomas Lengauer</p></fn></author-notes><pub-date pub-type="ppub"><day>15</day><month>3</month><year>2009</year></pub-date><pub-date pub-type="epub"><day>29</day><month>1</month><year>2009</year></pub-date><pub-date pub-type="pmc-release"><day>29</day><month>1</month><year>2009</year></pub-date><volume>25</volume><issue>6</issue><fpage>743</fpage><lpage>750</lpage><history><date date-type="received"><day>3</day><month>11</month><year>2008</year></date><date date-type="rev-recd"><day>2</day><month>1</month><year>2009</year></date><date date-type="accepted"><day>23</day><month>1</month><year>2009</year></date></history><permissions><copyright-statement>© 2009 The Author(s)</copyright-statement><copyright-year>2009</copyright-year><license license-type="creative-commons" xlink:href="http://creativecommons.org/licenses/by-nc/2.0/uk/"><p><!--CREATIVE COMMONS-->This is an Open Access article distributed under the terms of the Creative Commons Attribution Non-Commercial License (<ext-link ext-link-type="uri" xlink:href="http://creativecommons.org/licenses/by-nc/2.0/uk/">http://creativecommons.org/licenses/by-nc/2.0/uk/</ext-link>) which permits unrestricted non-commercial use, distribution, and reproduction in any medium, provided the original work is properly cited.</p></license></permissions><abstract><p><bold>Motivation:</bold> The O-ring theory reveals that the binding hot spot at a protein interface is surrounded by a ring of residues that are energetically less important than the residues in the hot spot. As this ring of residues is served to occlude water molecules from the hot spot, the O-ring theory is also called ‘water exclusion’ hypothesis. We propose a ‘double water exclusion’ hypothesis to refine the O-ring theory by assuming the hot spot itself is water-free. To computationally model a water-free hot spot, we use a <italic>biclique pattern</italic> that is defined as two <italic>maximal</italic> groups of residues from two chains in a protein complex holding the property that every residue contacts with all residues in the other group.</p><p><bold>Methods and Results:</bold> Given a chain pair A and B of a protein complex from the Protein Data Bank (PDB), we calculate the interatomic distance of all possible pairs of atoms between A and B. We then represent A and B as a bipartite graph based on these distance information. Maximal biclique subgraphs are subsequently identified from all of the bipartite graphs to locate biclique patterns at the interfaces. We address two properties of biclique patterns: a non-redundant occurrence in PDB, and a correspondence with hot spots when the solvent-accessible surface area (SASA) of a biclique pattern in the complex form is small. A total of 1293 biclique patterns are discovered which have a non-redundant occurrence of at least five, and which each have a minimum two and four residues at the two sides. Through extensive queries to the HotSprint and ASEdb databases, we verified that biclique patterns are rich of true hot residues. Our algorithm and results provide a new way to identify hot spots by examining proteins' structural data.</p><p><bold>Availability:</bold> The biclique mining algorithm is available at <ext-link ext-link-type="uri" xlink:href="http://www.ntu.edu.sg/home/jyli/dwe.html">http://www.ntu.edu.sg/home/jyli/dwe.html</ext-link>.</p><p><bold>Contact:</bold><email>jyli@ntu.edu.sg</email></p><p><bold>Supplementary information:</bold><ext-link ext-link-type="uri" xlink:href="http://bioinformatics.oxfordjournals.org/cgi/content/full/btp058/DC1">Supplementary data</ext-link> are available at <italic>Bioinformatics</italic> online.</p></abstract></article-meta></front></article>