<article xmlns="https://dtd.nlm.nih.gov/ns/archiving/2.3/" xmlns:xsi="http://www.w3.org/2001/XMLSchema-instance" xmlns:mml="http://www.w3.org/1998/Math/MathML" xmlns:xlink="http://www.w3.org/1999/xlink" xsi:schemaLocation="https://dtd.nlm.nih.gov/ns/archiving/2.3/ https://dtd.nlm.nih.gov/archiving/2.3/xsd/archivearticle.xsd" article-type="research-article" xml:lang="EN"><front><journal-meta><journal-id journal-id-type="nlm-ta">Bioinformatics</journal-id><journal-id journal-id-type="publisher-id">bioinformatics</journal-id><journal-id journal-id-type="hwp">bioinfo</journal-id><journal-title>Bioinformatics</journal-title><issn pub-type="ppub">1367-4803</issn><issn pub-type="epub">1460-2059</issn><publisher><publisher-name>Oxford University Press</publisher-name></publisher></journal-meta><article-meta><article-id pub-id-type="accession">PMC2666818</article-id><article-id pub-id-type="pmcid">PMC2666818</article-id><article-id pub-id-type="pmc-uid">2666818</article-id><article-id pub-id-type="pmid">19244388</article-id><article-id pub-id-type="doi">10.1093/bioinformatics/btp114</article-id><article-id pub-id-type="publisher-id">btp114</article-id><article-categories><subj-group subj-group-type="heading"><subject>Original Papers</subject><subj-group><subject>Structural Bioinformatics</subject></subj-group></subj-group></article-categories><title-group><article-title>Predicting helix–helix interactions from residue contacts in membrane proteins</article-title></title-group><contrib-group><contrib contrib-type="author"><name><surname>Lo</surname><given-names>Allan</given-names></name><xref ref-type="aff" rid="AFF1"><sup>1</sup></xref><xref ref-type="aff" rid="AFF1"><sup>2</sup></xref></contrib><contrib contrib-type="author"><name><surname>Chiu</surname><given-names>Yi-Yuan</given-names></name><xref ref-type="aff" rid="AFF1"><sup>3</sup></xref></contrib><contrib contrib-type="author"><name><surname>Rødland</surname><given-names>Einar Andreas</given-names></name><xref ref-type="aff" rid="AFF1"><sup>4</sup></xref><xref ref-type="aff" rid="AFF1"><sup>5</sup></xref></contrib><contrib contrib-type="author"><name><surname>Lyu</surname><given-names>Ping-Chiang</given-names></name><xref ref-type="aff" rid="AFF1"><sup>2</sup></xref></contrib><contrib contrib-type="author"><name><surname>Sung</surname><given-names>Ting-Yi</given-names></name><xref ref-type="aff" rid="AFF1"><sup>3</sup></xref><xref ref-type="corresp" rid="COR1">*</xref></contrib><contrib contrib-type="author"><name><surname>Hsu</surname><given-names>Wen-Lian</given-names></name><xref ref-type="aff" rid="AFF1"><sup>3</sup></xref><xref ref-type="corresp" rid="COR1">*</xref></contrib></contrib-group><aff id="AFF1"><sup>1</sup>Bioinformatics Program, Taiwan International Graduate Program, Academia Sinica, Taipei, <sup>2</sup>Institute of Bioinformatics and Structural Biology, Department of Life Sciences, National Tsing Hua University, Hsinchu, <sup>3</sup>Bioinformatics Laboratory, Institute of Information Science, Academia Sinica, Taipei, Taiwan, <sup>4</sup>Centre for Cancer Biomedicine, University of Oslo, NO-0027 Oslo and <sup>5</sup>SAMBA, Norwegian Computing Center, P.O. Box 114 Blindern, NO-0314 Oslo, Norway</aff><author-notes><corresp id="COR1">*To whom correspondence should be addressed.</corresp><fn><p>Associate Editor: Ivo Hofacker</p></fn></author-notes><pub-date pub-type="ppub"><day>15</day><month>4</month><year>2009</year></pub-date><pub-date pub-type="epub"><day>25</day><month>2</month><year>2009</year></pub-date><pub-date pub-type="pmc-release"><day>25</day><month>2</month><year>2009</year></pub-date><!-- PMC Release delay is 0 months and 0 days and was based on the
			<pub-date pub-type="epub"/>. --><volume>25</volume><issue>8</issue><fpage>996</fpage><lpage>1003</lpage><history><date date-type="received"><day>26</day><month>8</month><year>2008</year></date><date date-type="rev-recd"><day>20</day><month>2</month><year>2009</year></date><date date-type="accepted"><day>23</day><month>2</month><year>2009</year></date></history><permissions><copyright-statement>© 2009 The Author(s)</copyright-statement><copyright-year>2009</copyright-year><license license-type="creative-commons" xlink:href="http://creativecommons.org/licenses/by-nc/2.0/uk/"><p><!--CREATIVE COMMONS-->This is an Open Access article distributed under the terms of the Creative Commons Attribution Non-Commercial License (<ext-link ext-link-type="uri" xlink:href="http://creativecommons.org/licenses/by-nc/2.0/uk/">http://creativecommons.org/licenses/by-nc/2.0/uk/</ext-link>) which permits unrestricted non-commercial use, distribution, and reproduction in any medium, provided the original work is properly cited.</p></license></permissions><abstract><p><bold>Motivation:</bold> Helix–helix interactions play a critical role in the structure assembly, stability and function of membrane proteins. On the molecular level, the interactions are mediated by one or more residue contacts. Although previous studies focused on helix-packing patterns and sequence motifs, few of them developed methods specifically for contact prediction.</p><p><bold>Results:</bold> We present a new hierarchical framework for contact prediction, with an application in membrane proteins. The hierarchical scheme consists of two levels: in the first level, contact residues are predicted from the sequence and their pairing relationships are further predicted in the second level. Statistical analyses on contact propensities are combined with other sequence and structural information for training the support vector machine classifiers. Evaluated on 52 protein chains using leave-one-out cross validation (LOOCV) and an independent test set of 14 protein chains, the two-level approach consistently improves the conventional direct approach in prediction accuracy, with 80% reduction of input for prediction. Furthermore, the predicted contacts are then used to infer interactions between pairs of helices. When at least three predicted contacts are required for an inferred interaction, the accuracy, sensitivity and specificity are 56%, 40% and 89%, respectively. Our results demonstrate that a hierarchical framework can be applied to eliminate false positives (FP) while reducing computational complexity in predicting contacts. Together with the estimated contact propensities, this method can be used to gain insights into helix-packing in membrane proteins.</p><p><bold>Availability:</bold><ext-link ext-link-type="uri" xlink:href="http://bio-cluster.iis.sinica.edu.tw/TMhit/">http://bio-cluster.iis.sinica.edu.tw/TMhit/</ext-link></p><p><bold>Contact:</bold><email>tsung@iis.sinica.edu.tw</email></p><p><bold>Supplementary information:</bold><ext-link ext-link-type="uri" xlink:href="http://bioinformatics.oxfordjournals.org/cgi/content/full/btp114/DC1">Supplementary data</ext-link> are available at <italic>Bioinformatics</italic> online.</p></abstract></article-meta></front></article>