<article xmlns="https://dtd.nlm.nih.gov/ns/archiving/2.3/" xmlns:xsi="http://www.w3.org/2001/XMLSchema-instance" xmlns:mml="http://www.w3.org/1998/Math/MathML" xmlns:xlink="http://www.w3.org/1999/xlink" xsi:schemaLocation="https://dtd.nlm.nih.gov/ns/archiving/2.3/ https://dtd.nlm.nih.gov/archiving/2.3/xsd/archivearticle.xsd" article-type="research-article" xml:lang="EN"><front><journal-meta><journal-id journal-id-type="nlm-ta">Bioinformatics</journal-id><journal-id journal-id-type="publisher-id">bioinformatics</journal-id><journal-id journal-id-type="hwp">bioinfo</journal-id><journal-title>Bioinformatics</journal-title><issn pub-type="ppub">1367-4803</issn><issn pub-type="epub">1460-2059</issn><publisher><publisher-name>Oxford University Press</publisher-name></publisher></journal-meta><article-meta><article-id pub-id-type="accession">PMC2638934</article-id><article-id pub-id-type="pmcid">PMC2638934</article-id><article-id pub-id-type="pmc-uid">2638934</article-id><article-id pub-id-type="pmid">18812364</article-id><article-id pub-id-type="doi">10.1093/bioinformatics/btn501</article-id><article-id pub-id-type="publisher-id">btn501</article-id><article-id pub-id-type="pmid">18812364</article-id><article-categories><subj-group subj-group-type="heading"><subject>Applications Note</subject><subj-group><subject>Systems Biology</subject></subj-group></subj-group></article-categories><title-group><article-title>Integrating and annotating the interactome using the MiMI plugin for cytoscape</article-title></title-group><contrib-group><contrib contrib-type="author"><name><surname>Gao</surname><given-names>Jing</given-names></name></contrib><contrib contrib-type="author"><name><surname>Ade</surname><given-names>Alex S.</given-names></name></contrib><contrib contrib-type="author"><name><surname>Tarcea</surname><given-names>V. Glenn</given-names></name></contrib><contrib contrib-type="author"><name><surname>Weymouth</surname><given-names>Terry E.</given-names></name></contrib><contrib contrib-type="author"><name><surname>Mirel</surname><given-names>Barbara R.</given-names></name></contrib><contrib contrib-type="author"><name><surname>Jagadish</surname><given-names>H.V.</given-names></name></contrib><contrib contrib-type="author"><name><surname>States</surname><given-names>David J.</given-names></name><xref ref-type="corresp" rid="COR1">*</xref></contrib></contrib-group><aff>National Center for Integrative Biomedical Informatics, Center for Computational Medicine and Biology, University of Michigan, Ann Arbor, MI 48109, USA</aff><author-notes><corresp id="COR1">*To whom correspondence should be addressed.</corresp><fn><p>Associate Editor: Trey Ideker</p></fn></author-notes><pub-date pub-type="ppub"><day>1</day><month>1</month><year>2009</year></pub-date><pub-date pub-type="epub"><day>23</day><month>9</month><year>2008</year></pub-date><volume>25</volume><issue>1</issue><fpage>137</fpage><lpage>138</lpage><history><date date-type="received"><day>12</day><month>8</month><year>2008</year></date><date date-type="rev-recd"><day>12</day><month>8</month><year>2008</year></date><date date-type="accepted"><day>17</day><month>9</month><year>2008</year></date></history><permissions><copyright-statement>© The Author 2008. Published by Oxford University Press. All rights reserved. For Permissions, please email: journals.permissions@oxfordjournals.org</copyright-statement><copyright-year>2008</copyright-year></permissions><abstract><p><bold>Summary:</bold> The MiMI molecular interaction repository integrates data from multiple sources, resolves interactions to standard gene names and symbols, links to annotation data from GO, MeSH and PubMed and normalizes the descriptions of interaction type. Here, we describe a Cytoscape plugin that retrieves interaction and annotation data from MiMI and links out to multiple data sources and tools. Community annotation of the interactome is supported.</p><p><bold>Availability:</bold> MiMI plugin v3.0.1 can be installed from within Cytoscape 2.6 using the Cytoscape plugin manager in ‘Network and Attribute I/0’ category. The plugin is also preloaded when Cytoscape is launched using Java WebStart at <ext-link ext-link-type="uri" xlink:href="http://mimi.ncibi.org">http://mimi.ncibi.org</ext-link> by querying a gene and clicking ‘View in MiMI Plugin for Cytoscape’ link.</p><p><bold>Contact:</bold><email>dstates@umich.edu</email></p></abstract></article-meta></front></article>