<article xmlns="https://dtd.nlm.nih.gov/ns/archiving/2.3/" xmlns:xsi="http://www.w3.org/2001/XMLSchema-instance" xmlns:mml="http://www.w3.org/1998/Math/MathML" xmlns:xlink="http://www.w3.org/1999/xlink" xsi:schemaLocation="https://dtd.nlm.nih.gov/ns/archiving/2.3/ https://dtd.nlm.nih.gov/archiving/2.3/xsd/archivearticle.xsd" article-type="research-article" xml:lang="EN"><front><journal-meta><journal-id journal-id-type="nlm-ta">Bioinformatics</journal-id><journal-id journal-id-type="publisher-id">bioinformatics</journal-id><journal-id journal-id-type="hwp">bioinfo</journal-id><journal-title>Bioinformatics</journal-title><issn pub-type="ppub">1367-4803</issn><issn pub-type="epub">1460-2059</issn><publisher><publisher-name>Oxford University Press</publisher-name></publisher></journal-meta><article-meta><article-id pub-id-type="accession">PMC2642635</article-id><article-id pub-id-type="pmcid">PMC2642635</article-id><article-id pub-id-type="pmc-uid">2642635</article-id><article-id pub-id-type="pmid">19098030</article-id><article-id pub-id-type="doi">10.1093/bioinformatics/btn655</article-id><article-id pub-id-type="publisher-id">btn655</article-id><article-categories><subj-group subj-group-type="heading"><subject>Applications Note</subject><subj-group><subject>Gene Expression</subject></subj-group></subj-group></article-categories><title-group><article-title>SAFEGUI: resampling-based tests of categorical significance in gene expression data made easy</article-title></title-group><contrib-group><contrib contrib-type="author"><name><surname>Gatti</surname><given-names>Daniel M.</given-names></name><xref ref-type="aff" rid="AFF1"><sup>1</sup></xref><xref ref-type="corresp" rid="COR1">*</xref></contrib><contrib contrib-type="author"><name><surname>Sypa</surname><given-names>Myroslav</given-names></name><xref ref-type="aff" rid="AFF1"><sup>1</sup></xref></contrib><contrib contrib-type="author"><name><surname>Rusyn</surname><given-names>Ivan</given-names></name><xref ref-type="aff" rid="AFF1"><sup>1</sup></xref></contrib><contrib contrib-type="author"><name><surname>Wright</surname><given-names>Fred A.</given-names></name><xref ref-type="aff" rid="AFF1"><sup>2</sup></xref></contrib><contrib contrib-type="author"><name><surname>Barry</surname><given-names>William T.</given-names></name><xref ref-type="aff" rid="AFF1"><sup>3</sup></xref></contrib></contrib-group><aff id="AFF1"><sup>1</sup>Department of Environmental Sciences &amp; Engineering, <sup>2</sup>Department of Biostatistics, University of North Carolina, Chapel Hill, NC 27599 and <sup>3</sup>Department of Biostatistics &amp; Bioinformatics, Duke University, Durham, NC 27705, USA</aff><author-notes><corresp id="COR1">*To whom correspondence should be addressed.</corresp><fn><p>Associate Editor: David Rocke</p></fn></author-notes><pub-date pub-type="ppub"><day>15</day><month>2</month><year>2009</year></pub-date><pub-date pub-type="epub"><day>19</day><month>12</month><year>2008</year></pub-date><pub-date pub-type="pmc-release"><day>19</day><month>12</month><year>2008</year></pub-date><volume>25</volume><issue>4</issue><fpage>541</fpage><lpage>542</lpage><history><date date-type="received"><day>19</day><month>11</month><year>2008</year></date><date date-type="rev-recd"><day>19</day><month>11</month><year>2008</year></date><date date-type="accepted"><day>16</day><month>12</month><year>2008</year></date></history><permissions><copyright-statement>© 2008 The Author(s)</copyright-statement><copyright-year>2008</copyright-year><license license-type="creative-commons" xlink:href="http://creativecommons.org/licenses/by-nc/2.0/uk/"><p><!--CREATIVE COMMONS-->This is an Open Access article distributed under the terms of the Creative Commons Attribution Non-Commercial License (<ext-link ext-link-type="uri" xlink:href="http://creativecommons.org/licenses/by-nc/2.0/uk/">http://creativecommons.org/licenses/by-nc/2.0/uk/</ext-link>) which permits unrestricted non-commercial use, distribution, and reproduction in any medium, provided the original work is properly cited.</p></license></permissions><abstract><p><bold>Summary:</bold> A large number of websites and applications perform significance testing for gene categories/pathways in microarray data. Many of these packages fail to account for expression correlation between transcripts, with a resultant inflation in Type I error. Array permutation and other resampling-based approaches have been proposed as solutions to this problem. SAFEGUI provides a user-friendly graphical interface for the assessment of categorical significance in microarray studies, while properly accounting for the effects of correlations among genes. SAFEGUI incorporates both permutation and more recently proposed bootstrap algorithms that are demonstrated to be more powerful in detecting differential expression across categories of genes.</p><p><bold>Availability:</bold><ext-link ext-link-type="uri" xlink:href="http://cebc.unc.edu/software/">http://cebc.unc.edu/software/</ext-link></p><p><bold>Contact:</bold><email>fwright@bios.unc.edu</email>; <email>dmgatti@email.unc.edu</email></p></abstract></article-meta></front></article>