<article xmlns="https://dtd.nlm.nih.gov/ns/archiving/2.3/" xmlns:xsi="http://www.w3.org/2001/XMLSchema-instance" xmlns:mml="http://www.w3.org/1998/Math/MathML" xmlns:xlink="http://www.w3.org/1999/xlink" xsi:schemaLocation="https://dtd.nlm.nih.gov/ns/archiving/2.3/ https://dtd.nlm.nih.gov/archiving/2.3/xsd/archivearticle.xsd" article-type="research-article" xml:lang="EN"><front><journal-meta><journal-id journal-id-type="nlm-ta">Bioinformatics</journal-id><journal-id journal-id-type="publisher-id">bioinformatics</journal-id><journal-id journal-id-type="hwp">bioinfo</journal-id><journal-title>Bioinformatics</journal-title><issn pub-type="ppub">1367-4803</issn><issn pub-type="epub">1460-2059</issn><publisher><publisher-name>Oxford University Press</publisher-name></publisher></journal-meta><article-meta><article-id pub-id-type="accession">PMC2638929</article-id><article-id pub-id-type="pmcid">PMC2638929</article-id><article-id pub-id-type="pmc-uid">2638929</article-id><article-id pub-id-type="pmid">18996944</article-id><article-id pub-id-type="doi">10.1093/bioinformatics/btn569</article-id><article-id pub-id-type="publisher-id">btn569</article-id><article-id pub-id-type="pmid">18996944</article-id><article-categories><subj-group subj-group-type="heading"><subject>Original Papers</subject><subj-group><subject>Sequence Analysis</subject></subj-group></subj-group></article-categories><title-group><article-title>Discovery of phosphorylation motif mixtures in phosphoproteomics data</article-title></title-group><contrib-group><contrib contrib-type="author"><name><surname>Ritz</surname><given-names>Anna</given-names></name><xref ref-type="aff" rid="AFF1"><sup>1</sup></xref><xref ref-type="corresp" rid="COR1">*</xref></contrib><contrib contrib-type="author"><name><surname>Shakhnarovich</surname><given-names>Gregory</given-names></name><xref ref-type="aff" rid="AFF1"><sup>2</sup></xref></contrib><contrib contrib-type="author"><name><surname>Salomon</surname><given-names>Arthur R.</given-names></name><xref ref-type="aff" rid="AFF1"><sup>3</sup></xref></contrib><contrib contrib-type="author"><name><surname>Raphael</surname><given-names>Benjamin J.</given-names></name><xref ref-type="aff" rid="AFF1"><sup>1</sup></xref><xref ref-type="aff" rid="AFF1"><sup>4</sup></xref><xref ref-type="corresp" rid="COR1">*</xref></contrib></contrib-group><aff id="AFF1"><sup>1</sup>Department of Computer Science, Brown University, <sup>2</sup>Toyota Technological Institute at Chicago, Chicago, IL, <sup>3</sup>Department of Chemistry and Molecular Biology, Cell Biology, and Biochemistry and <sup>4</sup>Center for Computational Molecular Biology, Brown University, Providence, RI, USA</aff><author-notes><corresp id="COR1">*To whom correspondence should be addressed.</corresp><fn><p>Associate Editor: Burkhard Rost</p></fn></author-notes><pub-date pub-type="ppub"><day>1</day><month>1</month><year>2009</year></pub-date><pub-date pub-type="epub"><day>7</day><month>11</month><year>2008</year></pub-date><volume>25</volume><issue>1</issue><fpage>14</fpage><lpage>21</lpage><history><date date-type="received"><day>1</day><month>8</month><year>2008</year></date><date date-type="rev-recd"><day>24</day><month>10</month><year>2008</year></date><date date-type="accepted"><day>28</day><month>10</month><year>2008</year></date></history><permissions><copyright-statement>© The Author 2008. Published by Oxford University Press. All rights reserved. For Permissions, please email: journals.permissions@oxfordjournals.org</copyright-statement><copyright-year>2008</copyright-year></permissions><abstract><p><bold>Motivation:</bold> Modification of proteins via phosphorylation is a primary mechanism for signal transduction in cells. Phosphorylation sites on proteins are determined in part through particular patterns, or <italic>motifs</italic>, present in the amino acid sequence.</p><p><bold>Results:</bold> We describe an algorithm that simultaneously discovers multiple motifs in a set of peptides that were phosphorylated by several different kinases. Such sets of peptides are routinely produced in proteomics experiments.Our motif-finding algorithm uses the principle of minimum description length to determine a mixture of sequence motifs that distinguish a foreground set of phosphopeptides from a background set of unphosphorylated peptides. We show that our algorithm outperforms existing motif-finding algorithms on synthetic datasets consisting of mixtures of known phosphorylation sites. We also derive a motif specificity score that quantifies whether or not the phosphoproteins containing an instance of a motif have a significant number of known interactions. Application of our motif-finding algorithm to recently published human and mouse proteomic studies recovers several known phosphorylation motifs and reveals a number of novel motifs that are enriched for interactions with a particular kinase or phosphatase. Our tools provide a new approach for uncovering the sequence specificities of uncharacterized kinases or phosphatases.</p><p><bold>Availability:</bold> Software is available at <ext-link ext-link-type="uri" xlink:href="http:/cs.brown.edu/people/braphael/software.html">http:/cs.brown.edu/people/braphael/software.html</ext-link>.</p><p><bold>Contact:</bold><email>aritz@cs.brown.edu</email>; <email>braphael@cs.brown.edu</email></p><p><bold>Supplementary information:</bold><ext-link ext-link-type="uri" xlink:href="http://bioinformatics.oxfordjournals.org/cgi/content/full/btn569/DC1">Supplementary data</ext-link> are available at <italic>Bioinformatics</italic> online.</p></abstract></article-meta></front></article>