<article xmlns="https://jats.nlm.nih.gov/ns/archiving/1.2/" xmlns:xsi="http://www.w3.org/2001/XMLSchema-instance" xmlns:mml="http://www.w3.org/1998/Math/MathML" xmlns:xlink="http://www.w3.org/1999/xlink" xsi:schemaLocation="https://jats.nlm.nih.gov/ns/archiving/1.2/ https://jats.nlm.nih.gov/archiving/1.2/xsd/JATS-archivearticle1.xsd" article-type="research-article"><front><journal-meta><journal-id journal-id-type="nlm-ta">Bioinformatics</journal-id><journal-id journal-id-type="publisher-id">bioinformatics</journal-id><journal-id journal-id-type="hwp">bioinfo</journal-id><journal-title-group><journal-title>Bioinformatics</journal-title></journal-title-group><issn pub-type="ppub">1367-4803</issn><issn pub-type="epub">1460-2059</issn><publisher><publisher-name>Oxford University Press</publisher-name></publisher></journal-meta><article-meta><article-id pub-id-type="accession">PMC2665034</article-id><article-id pub-id-type="pmcid">PMC2665034</article-id><article-id pub-id-type="pmc-uid">2665034</article-id><article-id pub-id-type="pmid">18586734</article-id><article-id pub-id-type="pmid">18586734</article-id><article-id pub-id-type="doi">10.1093/bioinformatics/btn189</article-id><article-id pub-id-type="publisher-id">btn189</article-id><article-categories><subj-group subj-group-type="heading"><subject>Ismb 2008 Conference Proceedings 19–23 July 2008, Toronto</subject><subj-group><subject>Original Papers</subject><subj-group><subject>Other Bioinformatics Applications and Methods</subject></subj-group></subj-group></subj-group></article-categories><title-group><article-title>Modeling peptide fragmentation with dynamic Bayesian networks for peptide identification</article-title></title-group><contrib-group><contrib contrib-type="author"><name><surname>Klammer</surname><given-names>Aaron A.</given-names></name><xref ref-type="aff" rid="AFF1"><sup>1</sup></xref></contrib><contrib contrib-type="author"><name><surname>Reynolds</surname><given-names>Sheila M.</given-names></name><xref ref-type="aff" rid="AFF1"><sup>2</sup></xref></contrib><contrib contrib-type="author"><name><surname>Bilmes</surname><given-names>Jeff A.</given-names></name><xref ref-type="aff" rid="AFF1"><sup>2</sup></xref><xref ref-type="aff" rid="AFF1"><sup>3</sup></xref></contrib><contrib contrib-type="author"><name><surname>MacCoss</surname><given-names>Michael J.</given-names></name><xref ref-type="aff" rid="AFF1"><sup>1</sup></xref></contrib><contrib contrib-type="author"><name><surname>Noble</surname><given-names>William Stafford</given-names></name><xref ref-type="aff" rid="AFF1"><sup>1</sup></xref><xref ref-type="aff" rid="AFF1"><sup>3</sup></xref><xref ref-type="corresp" rid="COR1">*</xref></contrib></contrib-group><aff id="AFF1"><sup>1</sup>Department of Genome Sciences, <sup>2</sup>Department of Electrical Engineering and <sup>3</sup>Department of Computer Science and Engineering, University of Washington, Seattle, WA, USA</aff><author-notes><corresp id="COR1">*To whom correspondence should be addressed.</corresp></author-notes><pub-date pub-type="ppub"><day>1</day><month>7</month><year>2008</year></pub-date><pub-date pub-type="pmc-release"><day>1</day><month>7</month><year>2008</year></pub-date><!-- PMC Release delay is 0 months and 0 days and was based on the
							<pub-date pub-type="ppub"/>. --><volume>24</volume><issue>13</issue><fpage>i348</fpage><lpage>i356</lpage><permissions><copyright-statement>© 2008 The Author(s)</copyright-statement><copyright-year>2008</copyright-year><license license-type="creative-commons" xlink:href="http://creativecommons.org/licenses/by-nc/2.0/uk/"><license-p><!--CREATIVE COMMONS-->This is an Open Access article distributed under the terms of the Creative Commons Attribution Non-Commercial License (<ext-link ext-link-type="uri" xlink:href="http://creativecommons.org/licenses/by-nc/2.0/uk/">http://creativecommons.org/licenses/by-nc/2.0/uk/</ext-link>) which permits unrestricted non-commercial use, distribution, and reproduction in any medium, provided the original work is properly cited.</license-p></license></permissions><abstract><p><bold>Motivation:</bold> Tandem mass spectrometry (MS/MS) is an indispensable technology for identification of proteins from complex mixtures. Proteins are digested to peptides that are then identified by their fragmentation patterns in the mass spectrometer. Thus, at its core, MS/MS protein identification relies on the relative predictability of peptide fragmentation. Unfortunately, peptide fragmentation is complex and not fully understood, and what is understood is not always exploited by peptide identification algorithms.</p><p><bold>Results:</bold> We use a hybrid dynamic Bayesian network (DBN)/support vector machine (SVM) approach to address these two problems. We train a set of DBNs on high-confidence peptide-spectrum matches. These DBNs, known collectively as Riptide, comprise a probabilistic model of peptide fragmentation chemistry. Examination of the distributions learned by Riptide allows identification of new trends, such as prevalent <italic>a</italic>-ion fragmentation at peptide cleavage sites C-term to hydrophobic residues. In addition, Riptide can be used to produce likelihood scores that indicate whether a given peptide-spectrum match is correct. A vector of such scores is evaluated by an SVM, which produces a final score to be used in peptide identification. Using Riptide in this way yields improved discrimination when compared to other state-of-the-art MS/MS identification algorithms, increasing the number of positive identifications by as much as 12% at a 1% false discovery rate.</p><p><bold>Availability:</bold> Python and C source code are available upon request from the authors. The curated training sets are available at <ext-link ext-link-type="uri" xlink:href="http://noble.gs.washington.edu/proj/intense/">http://noble.gs.washington.edu/proj/intense/</ext-link>. The Graphical Model Tool Kit (GMTK) is freely available at <ext-link ext-link-type="uri" xlink:href="http://ssli.ee.washington.edu/bilmes/gmtk">http://ssli.ee.washington.edu/bilmes/gmtk</ext-link>.</p><p><bold>Contact:</bold><email>noble@gs.washington.edu</email></p></abstract></article-meta></front></article>