<article xmlns="https://dtd.nlm.nih.gov/ns/archiving/2.3/" xmlns:xsi="http://www.w3.org/2001/XMLSchema-instance" xmlns:mml="http://www.w3.org/1998/Math/MathML" xmlns:xlink="http://www.w3.org/1999/xlink" xsi:schemaLocation="https://dtd.nlm.nih.gov/ns/archiving/2.3/ https://dtd.nlm.nih.gov/archiving/2.3/xsd/archivearticle.xsd" article-type="research-article" xml:lang="EN"><front><journal-meta><journal-id journal-id-type="nlm-ta">Bioinformatics</journal-id><journal-id journal-id-type="publisher-id">bioinformatics</journal-id><journal-id journal-id-type="hwp">bioinfo</journal-id><journal-title>Bioinformatics</journal-title><issn pub-type="ppub">1367-4803</issn><issn pub-type="epub">1460-2059</issn><publisher><publisher-name>Oxford University Press</publisher-name></publisher></journal-meta><article-meta><article-id pub-id-type="accession">PMC2647826</article-id><article-id pub-id-type="pmcid">PMC2647826</article-id><article-id pub-id-type="pmc-uid">2647826</article-id><article-id pub-id-type="pmid">19176554</article-id><article-id pub-id-type="doi">10.1093/bioinformatics/btp036</article-id><article-id pub-id-type="publisher-id">btp036</article-id><article-categories><subj-group subj-group-type="heading"><subject>Original Papers</subject><subj-group><subject>Structural Bioinformatics</subject></subj-group></subj-group></article-categories><title-group><article-title>Fragment-based identification of druggable ‘hot spots’ of proteins using Fourier domain correlation techniques</article-title></title-group><contrib-group><contrib contrib-type="author"><name><surname>Brenke</surname><given-names>Ryan</given-names></name><xref ref-type="aff" rid="AFF1"><sup>1</sup></xref><xref ref-type="author-notes" rid="FN1"><sup>†</sup></xref></contrib><contrib contrib-type="author"><name><surname>Kozakov</surname><given-names>Dima</given-names></name><xref ref-type="aff" rid="AFF1"><sup>2</sup></xref><xref ref-type="author-notes" rid="FN1"><sup>†</sup></xref></contrib><contrib contrib-type="author"><name><surname>Chuang</surname><given-names>Gwo-Yu</given-names></name><xref ref-type="aff" rid="AFF1"><sup>2</sup></xref><xref ref-type="author-notes" rid="FN1"><sup>†</sup></xref></contrib><contrib contrib-type="author"><name><surname>Beglov</surname><given-names>Dmitri</given-names></name><xref ref-type="aff" rid="AFF1"><sup>2</sup></xref><xref ref-type="author-notes" rid="FN1"><sup>†</sup></xref></contrib><contrib contrib-type="author"><name><surname>Hall</surname><given-names>David</given-names></name><xref ref-type="aff" rid="AFF1"><sup>2</sup></xref></contrib><contrib contrib-type="author"><name><surname>Landon</surname><given-names>Melissa R.</given-names></name><xref ref-type="aff" rid="AFF1"><sup>1</sup></xref></contrib><contrib contrib-type="author"><name><surname>Mattos</surname><given-names>Carla</given-names></name><xref ref-type="aff" rid="AFF1"><sup>3</sup></xref></contrib><contrib contrib-type="author"><name><surname>Vajda</surname><given-names>Sandor</given-names></name><xref ref-type="aff" rid="AFF1"><sup>2</sup></xref><xref ref-type="corresp" rid="COR1">*</xref></contrib></contrib-group><aff id="AFF1"><sup>1</sup>Program in Bioinformatics, <sup>2</sup>Structural Bioinformatics Laboratory, Department of Biomedical Engineering, Boston University, Boston, MA, USA and <sup>3</sup>Department of Molecular and Structural Biochemistry, North Carolina State University, Raleigh, NC, USA</aff><author-notes><corresp id="COR1">*To whom correspondence should be addressed.</corresp><fn id="FN1"><p><sup>†</sup>The authors wish it to be known that, in their opinion, the first four authors should be regraded as joint First Authors.</p></fn><fn><p>Associate Editor: Burkhard Rost</p></fn></author-notes><pub-date pub-type="ppub"><day>1</day><month>3</month><year>2009</year></pub-date><pub-date pub-type="epub"><day>28</day><month>1</month><year>2009</year></pub-date><volume>25</volume><issue>5</issue><fpage>621</fpage><lpage>627</lpage><history><date date-type="received"><day>9</day><month>10</month><year>2008</year></date><date date-type="rev-recd"><day>8</day><month>1</month><year>2009</year></date><date date-type="accepted"><day>13</day><month>1</month><year>2009</year></date></history><permissions><copyright-statement>© The Author 2009. Published by Oxford University Press. All rights reserved. For Permissions, please email: journals.permissions@oxfordjournals.org</copyright-statement><copyright-year>2009</copyright-year></permissions><abstract><p><bold>Motivation:</bold> The binding sites of proteins generally contain smaller regions that provide major contributions to the binding free energy and hence are the prime targets in drug design. Screening libraries of fragment-sized compounds by NMR or X-ray crystallography demonstrates that such ‘hot spot’ regions bind a large variety of small organic molecules, and that a relatively high ‘hit rate’ is predictive of target sites that are likely to bind drug-like ligands with high affinity. Our goal is to determine the ‘hot spots’ computationally rather than experimentally.</p><p><bold>Results:</bold> We have developed the FTMAP algorithm that performs global search of the entire protein surface for regions that bind a number of small organic probe molecules. The search is based on the extremely efficient fast Fourier transform (FFT) correlation approach which can sample billions of probe positions on dense translational and rotational grids, but can use only sums of correlation functions for scoring and hence is generally restricted to very simple energy expressions. The novelty of FTMAP is that we were able to incorporate and represent on grids a detailed energy expression, resulting in a very accurate identification of low-energy probe clusters. Overlapping clusters of different probes are defined as consensus sites (CSs). We show that the largest CS is generally located at the most important subsite of the protein binding site, and the nearby smaller CSs identify other important subsites. Mapping results are presented for elastase whose structure has been solved in aqueous solutions of eight organic solvents, and we show that FTMAP provides very similar information. The second application is to renin, a long-standing pharmaceutical target for the treatment of hypertension, and we show that the major CSs trace out the shape of the first approved renin inhibitor, aliskiren.</p><p><bold>Availability:</bold> FTMAP is available as a server at <ext-link ext-link-type="uri" xlink:href="http://ftmap.bu.edu/">http://ftmap.bu.edu/</ext-link>.</p><p><bold>Contact:</bold><email>vajda@bu.edu</email></p><p><bold>Supplementary information:</bold><ext-link ext-link-type="uri" xlink:href="http://bioinformatics.oxfordjournals.org/cgi/content/full/btp036/DC1">Supplementary Material</ext-link> is available at <italic>Bioinformatics</italic> online.</p></abstract></article-meta></front></article>