<article xmlns="https://jats.nlm.nih.gov/ns/archiving/1.2/" xmlns:xsi="http://www.w3.org/2001/XMLSchema-instance" xmlns:mml="http://www.w3.org/1998/Math/MathML" xmlns:xlink="http://www.w3.org/1999/xlink" xsi:schemaLocation="https://jats.nlm.nih.gov/ns/archiving/1.2/ https://jats.nlm.nih.gov/archiving/1.2/xsd/JATS-archivearticle1.xsd" article-type="research-article"><front><journal-meta><journal-id journal-id-type="nlm-ta">Bioinformatics</journal-id><journal-id journal-id-type="publisher-id">bioinformatics</journal-id><journal-id journal-id-type="hwp">bioinfo</journal-id><journal-title-group><journal-title>Bioinformatics</journal-title></journal-title-group><issn pub-type="ppub">1367-4803</issn><issn pub-type="epub">1460-2059</issn><publisher><publisher-name>Oxford University Press</publisher-name></publisher></journal-meta><article-meta><article-id pub-id-type="accession">PMC2718635</article-id><article-id pub-id-type="pmcid">PMC2718635</article-id><article-id pub-id-type="pmc-uid">2718635</article-id><article-id pub-id-type="pmid">18586728</article-id><article-id pub-id-type="pmid">18586728</article-id><article-id pub-id-type="doi">10.1093/bioinformatics/btn157</article-id><article-id pub-id-type="publisher-id">btn157</article-id><article-categories><subj-group subj-group-type="heading"><subject>Ismb 2008 Conference Proceedings 19–23 July 2008, Toronto</subject><subj-group><subject>Original Papers</subject><subj-group><subject>Databases and Ontologies</subject></subj-group></subj-group></subj-group></article-categories><title-group><article-title>Towards the use of argumentation in bioinformatics: a gene expression case study</article-title></title-group><contrib-group><contrib contrib-type="author"><name><surname>McLeod</surname><given-names>Kenneth</given-names></name><xref ref-type="aff" rid="AFF1"><sup>1</sup></xref><xref ref-type="corresp" rid="COR1">*</xref></contrib><contrib contrib-type="author"><name><surname>Burger</surname><given-names>Albert</given-names></name><xref ref-type="aff" rid="AFF1"><sup>1</sup></xref><xref ref-type="aff" rid="AFF1"><sup>2</sup></xref></contrib></contrib-group><aff id="AFF1"><sup>1</sup>Department of Computer Science, Heriot-Watt University and <sup>2</sup>MRC Human Genetics Unit, Edinburgh, UK</aff><author-notes><corresp id="COR1">*To whom correspondence should be addressed.</corresp></author-notes><pub-date pub-type="ppub"><day>1</day><month>7</month><year>2008</year></pub-date><pub-date pub-type="pmc-release"><day>1</day><month>7</month><year>2008</year></pub-date><!-- PMC Release delay is 0 months and 0 days and was based on the
							<pub-date pub-type="ppub"/>. --><volume>24</volume><issue>13</issue><fpage>i304</fpage><lpage>i312</lpage><permissions><copyright-statement>© 2008 The Author(s)</copyright-statement><copyright-year>2008</copyright-year><license license-type="creative-commons" xlink:href="http://creativecommons.org/licenses/by-nc/2.0/uk/"><license-p><!--CREATIVE COMMONS-->This is an Open Access article distributed under the terms of the Creative Commons Attribution Non-Commercial License (<ext-link ext-link-type="uri" xlink:href="http://creativecommons.org/licenses/by-nc/2.0/uk/">http://creativecommons.org/licenses/by-nc/2.0/uk/</ext-link>) which permits unrestricted non-commercial use, distribution, and reproduction in any medium, provided the original work is properly cited.</license-p></license></permissions><abstract><p><bold>Motivation:</bold> Due to different experimental setups and various interpretations of results, the data contained in online bioinformatics resources can be inconsistent, therefore, making it more difficult for users of these resources to assess the suitability and correctness of the answers to their queries. This work investigates the role of argumentation systems to help users evaluate such answers. More specifically, it looks closely at a gene expression case study, creating an appropriate representation of the underlying data and series of rules that are used by a third-party argumentation engine to reason over the query results provided by the mouse gene expression database EMAGE.</p><p><bold>Results:</bold> A prototype using the ASPIC argumentation engine has been implemented and a preliminary evaluation carried out. This evaluation suggested that argumentation can be used to deal with inconsistent data in biological resources.</p><p><bold>Availability:</bold> The ASPIC argumentation engine is available from <ext-link ext-link-type="uri" xlink:href="http://www.argumentation.org">http://www.argumentation.org</ext-link>. EMAGE gene expression data can be obtained from <ext-link ext-link-type="uri" xlink:href="http://genex.hgu.mrc.ac.uk">http://genex.hgu.mrc.ac.uk</ext-link>. The argumentation rules for the gene expression example are available from the lead author upon request.</p><p><bold>Contact:</bold><email>kcm1@hw.ac.uk</email></p></abstract></article-meta></front></article>