<article xmlns="https://dtd.nlm.nih.gov/ns/archiving/2.3/" xmlns:xsi="http://www.w3.org/2001/XMLSchema-instance" xmlns:mml="http://www.w3.org/1998/Math/MathML" xmlns:xlink="http://www.w3.org/1999/xlink" xsi:schemaLocation="https://dtd.nlm.nih.gov/ns/archiving/2.3/ https://dtd.nlm.nih.gov/archiving/2.3/xsd/archivearticle.xsd" article-type="research-article" xml:lang="EN"><front><journal-meta><journal-id journal-id-type="nlm-ta">Bioinformatics</journal-id><journal-id journal-id-type="publisher-id">bioinformatics</journal-id><journal-id journal-id-type="hwp">bioinfo</journal-id><journal-title>Bioinformatics</journal-title><issn pub-type="ppub">1367-4803</issn><issn pub-type="epub">1460-2059</issn><publisher><publisher-name>Oxford University Press</publisher-name></publisher></journal-meta><article-meta><article-id pub-id-type="accession">PMC2639273</article-id><article-id pub-id-type="pmcid">PMC2639273</article-id><article-id pub-id-type="pmc-uid">2639273</article-id><article-id pub-id-type="pmid">18842598</article-id><article-id pub-id-type="doi">10.1093/bioinformatics/btn512</article-id><article-id pub-id-type="publisher-id">btn512</article-id><article-id pub-id-type="pmid">18842598</article-id><article-categories><subj-group subj-group-type="heading"><subject>Applications Note</subject><subj-group><subject>Sequence Analysis</subject></subj-group></subj-group></article-categories><title-group><article-title>Efficient mapping of Applied Biosystems SOLiD sequence data to a reference genome for functional genomic applications</article-title></title-group><contrib-group><contrib contrib-type="author"><name><surname>Ondov</surname><given-names>Brian D.</given-names></name><xref ref-type="aff" rid="AFF1"><sup>1</sup></xref></contrib><contrib contrib-type="author"><name><surname>Varadarajan</surname><given-names>Anjana</given-names></name><xref ref-type="aff" rid="AFF1"><sup>1</sup></xref></contrib><contrib contrib-type="author"><name><surname>Passalacqua</surname><given-names>Karla D.</given-names></name><xref ref-type="aff" rid="AFF1"><sup>1</sup></xref></contrib><contrib contrib-type="author"><name><surname>Bergman</surname><given-names>Nicholas H.</given-names></name><xref ref-type="aff" rid="AFF1"><sup>1</sup></xref><xref ref-type="aff" rid="AFF1"><sup>2</sup></xref><xref ref-type="corresp" rid="COR1">*</xref></contrib></contrib-group><aff id="AFF1"><sup>1</sup>School of Biology, Georgia Institute of Technology, 310 Ferst Dr., Atlanta, GA 30332-0230 and <sup>2</sup>Electro-Optical Systems Laboratory, Georgia Tech Research Institute, 925 Dalney St., Atlanta, GA 30332-0810, USA</aff><author-notes><corresp id="COR1">*To whom correspondence should be addressed.</corresp><fn><p>Associate Editor: John Quackenbush</p></fn></author-notes><pub-date pub-type="ppub"><day>1</day><month>12</month><year>2008</year></pub-date><pub-date pub-type="epub"><day>7</day><month>10</month><year>2008</year></pub-date><pub-date pub-type="pmc-release"><day>7</day><month>10</month><year>2008</year></pub-date><volume>24</volume><issue>23</issue><fpage>2776</fpage><lpage>2777</lpage><history><date date-type="received"><day>2</day><month>5</month><year>2008</year></date><date date-type="rev-recd"><day>26</day><month>9</month><year>2008</year></date><date date-type="accepted"><day>1</day><month>10</month><year>2008</year></date></history><permissions><copyright-statement>© 2008 The Author(s)</copyright-statement><copyright-year>2008</copyright-year><license license-type="creative-commons" xlink:href="http://creativecommons.org/licenses/by-nc/2.0/uk/"><p><!--CREATIVE COMMONS-->This is an Open Access article distributed under the terms of the Creative Commons Attribution Non-Commercial License (<ext-link ext-link-type="uri" xlink:href="http://creativecommons.org/licenses/by-nc/2.0/uk/">http://creativecommons.org/licenses/by-nc/2.0/uk/</ext-link>) which permits unrestricted non-commercial use, distribution, and reproduction in any medium, provided the original work is properly cited.</p></license></permissions><abstract><p><bold>Summary:</bold> Here, we report the development of SOCS (short oligonucleotide color space), a program designed for efficient and flexible mapping of Applied Biosystems SOLiD sequence data onto a reference genome. SOCS performs its mapping within the context of ‘color space’, and it maximizes usable data by allowing a user-specified number of mismatches. Sequence census functions facilitate a variety of functional genomics applications, including transcriptome mapping and profiling, as well as ChIP-Seq.</p><p><bold>Availability:</bold> Executables, source code, and sample data are available at <ext-link ext-link-type="uri" xlink:href="http://socs.biology.gatech.edu/">http://socs.biology.gatech.edu/</ext-link></p><p><bold>Contact:</bold><email>nickbergman@gatech.edu</email></p><p><bold>Supplementary information:</bold><ext-link ext-link-type="uri" xlink:href="http://bioinformatics.oxfordjournals.org/cgi/content/full/btn512/DC1">Supplementary data</ext-link> are available at <italic>Bioinformatics</italic> Online.</p></abstract></article-meta></front></article>