<article xmlns="https://jats.nlm.nih.gov/ns/archiving/1.2/" xmlns:xsi="http://www.w3.org/2001/XMLSchema-instance" xmlns:mml="http://www.w3.org/1998/Math/MathML" xmlns:xlink="http://www.w3.org/1999/xlink" xsi:schemaLocation="https://jats.nlm.nih.gov/ns/archiving/1.2/ https://jats.nlm.nih.gov/archiving/1.2/xsd/JATS-archivearticle1.xsd" article-type="research-article"><front><journal-meta><journal-id journal-id-type="nlm-ta">Bioinformatics</journal-id><journal-id journal-id-type="publisher-id">bioinformatics</journal-id><journal-id journal-id-type="hwp">bioinfo</journal-id><journal-title-group><journal-title>Bioinformatics</journal-title></journal-title-group><issn pub-type="ppub">1367-4803</issn><issn pub-type="epub">1460-2059</issn><publisher><publisher-name>Oxford University Press</publisher-name></publisher></journal-meta><article-meta><article-id pub-id-type="accession">PMC2732209</article-id><article-id pub-id-type="pmcid">PMC2732209</article-id><article-id pub-id-type="pmc-uid">2732209</article-id><article-id pub-id-type="pmid">18689832</article-id><article-id pub-id-type="pmid">18689832</article-id><article-id pub-id-type="doi">10.1093/bioinformatics/btn267</article-id><article-id pub-id-type="publisher-id">btn267</article-id><article-categories><subj-group subj-group-type="heading"><subject>Eccb 2008 Conference Proceedings 22–26 September 2008, Cagliari, Italy</subject><subj-group><subject>Original Papers</subject><subj-group><subject>Bioinformatics for Diseases</subject></subj-group></subj-group></subj-group></article-categories><title-group><article-title>Gain and loss of phosphorylation sites in human cancer</article-title></title-group><contrib-group><contrib contrib-type="author"><name><surname>Radivojac</surname><given-names>Predrag</given-names></name><xref ref-type="aff" rid="AFF1"><sup>1</sup></xref><xref ref-type="author-notes" rid="FN1"><sup>†</sup></xref></contrib><contrib contrib-type="author"><name><surname>Baenziger</surname><given-names>Peter H.</given-names></name><xref ref-type="aff" rid="AFF1"><sup>2</sup></xref><xref ref-type="author-notes" rid="FN1"><sup>†</sup></xref></contrib><contrib contrib-type="author"><name><surname>Kann</surname><given-names>Maricel G.</given-names></name><xref ref-type="aff" rid="AFF1"><sup>3</sup></xref></contrib><contrib contrib-type="author"><name><surname>Mort</surname><given-names>Matthew E.</given-names></name><xref ref-type="aff" rid="AFF1"><sup>2</sup></xref></contrib><contrib contrib-type="author"><name><surname>Hahn</surname><given-names>Matthew W.</given-names></name><xref ref-type="aff" rid="AFF1"><sup>1</sup></xref><xref ref-type="aff" rid="AFF1"><sup>4</sup></xref></contrib><contrib contrib-type="author"><name><surname>Mooney</surname><given-names>Sean D.</given-names></name><xref ref-type="aff" rid="AFF1"><sup>2</sup></xref><xref ref-type="corresp" rid="COR1">*</xref></contrib></contrib-group><aff id="AFF1"><sup>1</sup>School of Informatics, Indiana University, 901 East Tenth Street, Bloomington, IN 47408, <sup>2</sup>Center for Computational Biology and Bioinformatics, Department of Medical and Molecular Genetics, Indiana University School of Medicine, 410 West Tenth Street, Suite 5000, Indianapolis, IN 46202, <sup>3</sup>Department of Biological Sciences, University of Maryland, Baltimore County, 1000 Hilltop Circle, Baltimore, MD 21250 and <sup>4</sup>Department of Biology, Indiana University, 1001 East Third Street, Bloomington, IN 47405, USA</aff><author-notes><corresp id="COR1">*To whom correspondence should be addressed.</corresp><fn id="FN1"><p><sup>†</sup>The authors wish it to be known that, in their opinion, the first two authors should be regarded as joint First Authors.</p></fn></author-notes><pub-date pub-type="ppub"><day>15</day><month>8</month><year>2008</year></pub-date><pub-date pub-type="epub"><day>9</day><month>8</month><year>2008</year></pub-date><volume>24</volume><issue>16</issue><fpage>i241</fpage><lpage>i247</lpage><permissions><copyright-statement>© The Author 2008. Published by Oxford University Press. All rights reserved. For Permissions, please email: journals.permissions@oxfordjournals.org</copyright-statement><copyright-year>2008</copyright-year></permissions><abstract><p><bold>Motivation:</bold> Coding-region mutations in human genes are responsible for a diverse spectrum of diseases and phenotypes. Among lesions that have been studied extensively, there are insights into several of the biochemical functions disrupted by disease-causing mutations. Currently, there are more than 60 000 coding-region mutations associated with inherited disease catalogued in the Human Gene Mutation Database (HGMD, August 2007) and more than 70 000 polymorphic amino acid substitutions recorded in dbSNP (dbSNP, build 127). Understanding the mechanism and contribution these variants make to a clinical phenotype is a formidable problem.</p><p><bold>Results:</bold> In this study, we investigate the role of phosphorylation in somatic cancer mutations and inherited diseases. Somatic cancer mutation datasets were shown to have a significant enrichment for mutations that cause gain or loss of phosphorylation when compared to our control datasets (putatively neutral nsSNPs and random amino acid substitutions). Of the somatic cancer mutations, those in kinase genes represent the most enriched set of mutations that disrupt phosphorylation sites, suggesting phosphorylation target site mutation is an active cause of phosphorylation deregulation. Overall, this evidence suggests both gain and loss of a phosphorylation site in a target protein may be important features for predicting cancercausing mutations and may represent a molecular cause of disease for a number of inherited and somatic mutations.</p><p><bold>Contact:</bold><email>sdmooney@iupui.edu</email></p></abstract></article-meta></front></article>