<article xmlns="https://dtd.nlm.nih.gov/ns/archiving/2.3/" xmlns:xsi="http://www.w3.org/2001/XMLSchema-instance" xmlns:mml="http://www.w3.org/1998/Math/MathML" xmlns:xlink="http://www.w3.org/1999/xlink" xsi:schemaLocation="https://dtd.nlm.nih.gov/ns/archiving/2.3/ https://dtd.nlm.nih.gov/archiving/2.3/xsd/archivearticle.xsd" article-type="research-article" xml:lang="EN"><front><journal-meta><journal-id journal-id-type="nlm-ta">Bioinformatics</journal-id><journal-id journal-id-type="publisher-id">bioinformatics</journal-id><journal-id journal-id-type="hwp">bioinfo</journal-id><journal-title>Bioinformatics</journal-title><issn pub-type="ppub">1367-4803</issn><issn pub-type="epub">1460-2059</issn><publisher><publisher-name>Oxford University Press</publisher-name></publisher></journal-meta><article-meta><article-id pub-id-type="accession">PMC2654804</article-id><article-id pub-id-type="pmcid">PMC2654804</article-id><article-id pub-id-type="pmc-uid">2654804</article-id><article-id pub-id-type="pmid">19176548</article-id><article-id pub-id-type="doi">10.1093/bioinformatics/btp050</article-id><article-id pub-id-type="publisher-id">btp050</article-id><article-categories><subj-group subj-group-type="heading"><subject>Original Papers</subject><subj-group><subject>Systems Biology</subject></subj-group></subj-group></article-categories><title-group><article-title>Benchmarks for identification of ordinary differential equations from time series data</article-title></title-group><contrib-group><contrib contrib-type="author"><name><surname>Gennemark</surname><given-names>Peter</given-names></name><xref ref-type="aff" rid="AFF1"><sup>1</sup></xref><xref ref-type="aff" rid="AFF1"><sup>2</sup></xref><xref ref-type="corresp" rid="COR1">*</xref></contrib><contrib contrib-type="author"><name><surname>Wedelin</surname><given-names>Dag</given-names></name><xref ref-type="aff" rid="AFF1"><sup>3</sup></xref></contrib></contrib-group><aff id="AFF1"><sup>1</sup>Department of Mathematical Sciences, University of Göteborg, SE-412 96 Göteborg, <sup>2</sup>Department of Mathematics, Uppsala University, SE-751 06 Uppsala and <sup>3</sup>Department of Computer Science and Engineering, Chalmers University of Technology, SE-412 96 Göteborg, Sweden</aff><author-notes><corresp id="COR1">*To whom correspondence should be addressed.</corresp><fn><p>Associate Editor: Trey Ideker</p></fn></author-notes><pub-date pub-type="ppub"><day>15</day><month>3</month><year>2009</year></pub-date><pub-date pub-type="epub"><day>28</day><month>1</month><year>2009</year></pub-date><pub-date pub-type="pmc-release"><day>28</day><month>1</month><year>2009</year></pub-date><volume>25</volume><issue>6</issue><fpage>780</fpage><lpage>786</lpage><history><date date-type="received"><day>7</day><month>9</month><year>2008</year></date><date date-type="rev-recd"><day>5</day><month>12</month><year>2008</year></date><date date-type="accepted"><day>29</day><month>12</month><year>2008</year></date></history><permissions><copyright-statement>© 2008 The Author(s)</copyright-statement><copyright-year>2008</copyright-year><license license-type="creative-commons" xlink:href="http://creativecommons.org/licenses/by-nc/2.0/uk/"><p><!--CREATIVE COMMONS-->This is an Open Access article distributed under the terms of the Creative Commons Attribution Non-Commercial License (<ext-link ext-link-type="uri" xlink:href="http://creativecommons.org/licenses/by-nc/2.0/uk/">http://creativecommons.org/licenses/by-nc/2.0/uk/</ext-link>) which permits unrestricted non-commercial use, distribution, and reproduction in any medium, provided the original work is properly cited.</p></license></permissions><abstract><p><bold>Motivation:</bold> In recent years, the biological literature has seen a significant increase of reported methods for identifying both structure and parameters of ordinary differential equations (ODEs) from time series data. A natural way to evaluate the performance of such methods is to try them on a sufficient number of realistic test cases. However, weak practices in specifying identification problems and lack of commonly accepted benchmark problems makes it difficult to evaluate and compare different methods.</p><p><bold>Results:</bold> To enable better evaluation and comparisons between different methods, we propose how to specify identification problems as optimization problems with a model space of allowed reactions (e.g. reaction kinetics like Michaelis–Menten or S-systems), ranges for the parameters, time series data and an error function. We also define a file format for such problems.</p><p>We then present a collection of more than 40 benchmark problems for ODE model identification of cellular systems. The collection includes realistic problems of different levels of difficulty w.r.t. size and quality of data. We consider both problems with simulated data from known systems, and problems with real data. Finally, we present results based on our identification algorithm for all benchmark problems. In comparison with publications on which we have based some of the benchmark problems, our approach allows all problems to be solved without the use of supercomputing.</p><p><bold>Availability:</bold> The benchmark problems are available at <ext-link ext-link-type="uri" xlink:href="www.odeidentification.org">www.odeidentification.org</ext-link></p><p><bold>Contact:</bold><email>peterg@chalmers.se</email></p><p><bold>Supplementary information:</bold><ext-link ext-link-type="uri" xlink:href="http://bioinformatics.oxfordjournals.org/cgi/content/full/btp050/DC1">Supplementary data</ext-link> are available at <italic>Bioinformatics</italic> online.</p></abstract></article-meta></front></article>