<article xmlns="https://jats.nlm.nih.gov/ns/archiving/1.2/" xmlns:xsi="http://www.w3.org/2001/XMLSchema-instance" xmlns:mml="http://www.w3.org/1998/Math/MathML" xmlns:xlink="http://www.w3.org/1999/xlink" xsi:schemaLocation="https://jats.nlm.nih.gov/ns/archiving/1.2/ https://jats.nlm.nih.gov/archiving/1.2/xsd/JATS-archivearticle1.xsd" article-type="letter"><front><journal-meta><journal-id journal-id-type="nlm-ta">Bioinformatics</journal-id><journal-id journal-id-type="publisher-id">bioinformatics</journal-id><journal-id journal-id-type="hwp">bioinfo</journal-id><journal-title-group><journal-title>Bioinformatics</journal-title></journal-title-group><issn pub-type="ppub">1367-4803</issn><issn pub-type="epub">1460-2059</issn><publisher><publisher-name>Oxford University Press</publisher-name></publisher></journal-meta><article-meta><article-id pub-id-type="accession">PMC2530889</article-id><article-id pub-id-type="pmcid">PMC2530889</article-id><article-id pub-id-type="pmc-uid">2530889</article-id><article-id pub-id-type="pmid">18625611</article-id><article-id pub-id-type="doi">10.1093/bioinformatics/btn355</article-id><article-id pub-id-type="publisher-id">btn355</article-id><article-categories><subj-group subj-group-type="heading"><subject>Letter to the Editor</subject><subj-group><subject>Genome Analysis</subject></subj-group></subj-group></article-categories><title-group><article-title>Metagenomics reveals our incomplete knowledge of global diversity</article-title></title-group><contrib-group><contrib contrib-type="author"><name><surname>Pignatelli</surname><given-names>Miguel</given-names></name><xref ref-type="aff" rid="AFF1"><sup>1</sup></xref><xref ref-type="aff" rid="AFF1"><sup>2</sup></xref></contrib><contrib contrib-type="author"><name><surname>Aparicio</surname><given-names>Gabriel</given-names></name><xref ref-type="aff" rid="AFF1"><sup>3</sup></xref></contrib><contrib contrib-type="author"><name><surname>Blanquer</surname><given-names>Ignacio</given-names></name><xref ref-type="aff" rid="AFF1"><sup>3</sup></xref></contrib><contrib contrib-type="author"><name><surname>Hernández</surname><given-names>Vicente</given-names></name><xref ref-type="aff" rid="AFF1"><sup>3</sup></xref></contrib><contrib contrib-type="author"><name><surname>Moya</surname><given-names>Andrés</given-names></name><xref ref-type="aff" rid="AFF1"><sup>1</sup></xref><xref ref-type="aff" rid="AFF1"><sup>2</sup></xref></contrib><contrib contrib-type="author"><name><surname>Tamames</surname><given-names>Javier</given-names></name><xref ref-type="aff" rid="AFF1"><sup>1</sup></xref><xref ref-type="aff" rid="AFF1"><sup>2</sup></xref><xref ref-type="corresp" rid="COR1">*</xref></contrib></contrib-group><aff id="AFF1"><sup>1</sup>Instituto Cavanilles of Biodiversity and Evolutionary Biology, University of Valencia, Apdo 22085, 46071 Valencia, <sup>2</sup>CIBER of Epidemiology and Public Health (CIBERESP) and <sup>3</sup>Grid and High-performance Computing Group, ITACA, Politechnic University of Valencia, Camino de Vera s/n, 46022 Valencia, Spain</aff><author-notes><corresp id="COR1"><sup>*</sup>To whom correspondence should be addressed.</corresp><fn><p>Associate Editor: Dmitrij Frishman</p></fn></author-notes><pub-date pub-type="ppub"><day>15</day><month>9</month><year>2008</year></pub-date><pub-date pub-type="epub"><day>13</day><month>7</month><year>2008</year></pub-date><pub-date pub-type="pmc-release"><day>13</day><month>7</month><year>2008</year></pub-date><!-- PMC Release delay is 0 months and 0 days and was based on the
							<pub-date pub-type="epub"/>. --><volume>24</volume><issue>18</issue><fpage>2124</fpage><lpage>2125</lpage><history><date date-type="received"><day>23</day><month>5</month><year>2008</year></date><date date-type="rev-recd"><day>10</day><month>7</month><year>2008</year></date><date date-type="accepted"><day>10</day><month>7</month><year>2008</year></date></history><permissions><copyright-statement>© 2008 The Author(s)</copyright-statement><copyright-year>2008</copyright-year><license license-type="creative-commons" xlink:href="http://creativecommons.org/licenses/by-nc/2.0/uk/"><license-p><!--CREATIVE COMMONS-->This is an Open Access article distributed under the terms of the Creative Commons Attribution Non-Commercial License (<ext-link ext-link-type="uri" xlink:href="http://creativecommons.org/licenses/by-nc/2.0/uk/">http://creativecommons.org/licenses/by-nc/2.0/uk/</ext-link>) which permits unrestricted non-commercial use, distribution, and reproduction in any medium, provided the original work is properly cited.</license-p></license></permissions><abstract><p><bold>Contact:</bold><email>Javier.tamames@uv.es</email></p></abstract></article-meta></front></article>