<article xmlns="https://dtd.nlm.nih.gov/ns/archiving/2.3/" xmlns:xsi="http://www.w3.org/2001/XMLSchema-instance" xmlns:mml="http://www.w3.org/1998/Math/MathML" xmlns:xlink="http://www.w3.org/1999/xlink" xsi:schemaLocation="https://dtd.nlm.nih.gov/ns/archiving/2.3/ https://dtd.nlm.nih.gov/archiving/2.3/xsd/archivearticle.xsd" article-type="research-article" xml:lang="EN"><front><journal-meta><journal-id journal-id-type="nlm-ta">Bioinformatics</journal-id><journal-id journal-id-type="publisher-id">bioinformatics</journal-id><journal-id journal-id-type="hwp">bioinfo</journal-id><journal-title>Bioinformatics</journal-title><issn pub-type="ppub">1367-4803</issn><issn pub-type="epub">1460-2059</issn><publisher><publisher-name>Oxford University Press</publisher-name></publisher></journal-meta><article-meta><article-id pub-id-type="accession">PMC2638866</article-id><article-id pub-id-type="pmcid">PMC2638866</article-id><article-id pub-id-type="pmc-uid">2638866</article-id><article-id pub-id-type="pmid">18573796</article-id><article-id pub-id-type="doi">10.1093/bioinformatics/btn310</article-id><article-id pub-id-type="publisher-id">btn310</article-id><article-id pub-id-type="pmid">18573796</article-id><article-categories><subj-group subj-group-type="heading"><subject>Original Papers</subject><subj-group><subject>Genome Analysis</subject></subj-group></subj-group></article-categories><title-group><article-title>On correcting the overestimation of the permutation-based false discovery rate estimator</article-title></title-group><contrib-group><contrib contrib-type="author"><name><surname>Jiao</surname><given-names>Shuo</given-names></name></contrib><contrib contrib-type="author"><name><surname>Zhang</surname><given-names>Shunpu</given-names></name><xref ref-type="corresp" rid="COR1">*</xref></contrib></contrib-group><aff>Department of Statistics, University of Nebraska Lincoln, Lincoln, NE 68526, USA</aff><author-notes><corresp id="COR1">*To whom correspondence should be addressed.</corresp><fn><p>Associate Editor: Alex Bateman</p></fn></author-notes><pub-date pub-type="ppub"><day>1</day><month>8</month><year>2008</year></pub-date><pub-date pub-type="epub"><day>23</day><month>6</month><year>2008</year></pub-date><pub-date pub-type="pmc-release"><day>23</day><month>6</month><year>2008</year></pub-date><volume>24</volume><issue>15</issue><fpage>1655</fpage><lpage>1661</lpage><history><date date-type="received"><day>14</day><month>2</month><year>2008</year></date><date date-type="rev-recd"><day>11</day><month>6</month><year>2008</year></date><date date-type="accepted"><day>12</day><month>6</month><year>2008</year></date></history><permissions><copyright-statement>© 2008 The Author(s)</copyright-statement><copyright-year>2008</copyright-year><license license-type="creative-commons" xlink:href="http://creativecommons.org/licenses/by-nc/2.0/uk/"><p><!--CREATIVE COMMONS-->This is an Open Access article distributed under the terms of the Creative Commons Attribution Non-Commercial License (<ext-link ext-link-type="uri" xlink:href="http://creativecommons.org/licenses/by-nc/2.0/uk/">http://creativecommons.org/licenses/by-nc/2.0/uk/</ext-link>) which permits unrestricted non-commercial use, distribution, and reproduction in any medium, provided the original work is properly cited.</p></license></permissions><abstract><p><bold>Motivation:</bold> Recent attempts to account for multiple testing in the analysis of microarray data have focused on controlling the false discovery rate (FDR), which is defined as the expected percentage of the number of false positive genes among the claimed significant genes. As a consequence, the accuracy of the FDR estimators will be important for correctly controlling FDR. Xie <italic>et al</italic>. found that the standard permutation method of estimating FDR is biased and proposed to delete the predicted differentially expressed (DE) genes in the estimation of FDR for one-sample comparison. However, we notice that the formula of the FDR used in their paper is incorrect. This makes the comparison results reported in their paper unconvincing. Other problems with their method include the biased estimation of FDR caused by over- or under-deletion of DE genes in the estimation of FDR and by the implicit use of an unreasonable estimator of the true proportion of equivalently expressed (EE) genes. Due to the great importance of accurate FDR estimation in microarray data analysis, it is necessary to point out such problems and propose improved methods.</p><p><bold>Results:</bold> Our results confirm that the standard permutation method overestimates the FDR. With the correct FDR formula, we show the method of Xie <italic>et al</italic>. always gives biased estimation of FDR: it overestimates when the number of claimed significant genes is small, and underestimates when the number of claimed significant genes is large. To overcome these problems, we propose two modifications. The simulation results show that our estimator gives more accurate estimation.</p><p><bold>Contact:</bold><email>szhang3@unl.edu</email></p></abstract></article-meta></front></article>