<article xmlns="https://jats.nlm.nih.gov/ns/archiving/1.2/" xmlns:xsi="http://www.w3.org/2001/XMLSchema-instance" xmlns:mml="http://www.w3.org/1998/Math/MathML" xmlns:xlink="http://www.w3.org/1999/xlink" xsi:schemaLocation="https://jats.nlm.nih.gov/ns/archiving/1.2/ https://jats.nlm.nih.gov/archiving/1.2/xsd/JATS-archivearticle1.xsd" article-type="research-article"><front><journal-meta><journal-id journal-id-type="nlm-ta">Bioinformatics</journal-id><journal-id journal-id-type="publisher-id">bioinformatics</journal-id><journal-id journal-id-type="hwp">bioinfo</journal-id><journal-title-group><journal-title>Bioinformatics</journal-title></journal-title-group><issn pub-type="ppub">1367-4803</issn><issn pub-type="epub">1367-4811</issn><publisher><publisher-name>Oxford University Press</publisher-name></publisher></journal-meta><article-meta><article-id pub-id-type="accession">PMC2752609</article-id><article-id pub-id-type="pmcid">PMC2752609</article-id><article-id pub-id-type="pmc-uid">2752609</article-id><article-id pub-id-type="pmid">19602527</article-id><article-id pub-id-type="pmid">19602527</article-id><article-id pub-id-type="doi">10.1093/bioinformatics/btp428</article-id><article-id pub-id-type="publisher-id">btp428</article-id><article-categories><subj-group subj-group-type="heading"><subject>Original Papers</subject><subj-group><subject>Genetics and Population Analysis</subject></subj-group></subj-group></article-categories><title-group><article-title>A multi-dimensional evidence-based candidate gene prioritization approach for complex diseases–schizophrenia as a case</article-title></title-group><contrib-group><contrib contrib-type="author"><name><surname>Sun</surname><given-names>Jingchun</given-names></name><xref ref-type="aff" rid="AFF1"><sup>1</sup></xref><xref ref-type="aff" rid="AFF1"><sup>2</sup></xref><xref ref-type="author-notes" rid="FN1"><sup>†</sup></xref></contrib><contrib contrib-type="author"><name><surname>Jia</surname><given-names>Peilin</given-names></name><xref ref-type="aff" rid="AFF1"><sup>1</sup></xref><xref ref-type="aff" rid="AFF1"><sup>2</sup></xref><xref ref-type="author-notes" rid="FN1"><sup>†</sup></xref></contrib><contrib contrib-type="author"><name><surname>Fanous</surname><given-names>Ayman H.</given-names></name><xref ref-type="aff" rid="AFF1"><sup>2</sup></xref><xref ref-type="aff" rid="AFF1"><sup>3</sup></xref></contrib><contrib contrib-type="author"><name><surname>Webb</surname><given-names>Bradley T.</given-names></name><xref ref-type="aff" rid="AFF1"><sup>4</sup></xref></contrib><contrib contrib-type="author"><name><surname>van den Oord</surname><given-names>Edwin J.C.G.</given-names></name><xref ref-type="aff" rid="AFF1"><sup>2</sup></xref><xref ref-type="aff" rid="AFF1"><sup>4</sup></xref></contrib><contrib contrib-type="author"><name><surname>Chen</surname><given-names>Xiangning</given-names></name><xref ref-type="aff" rid="AFF1"><sup>2</sup></xref><xref ref-type="aff" rid="AFF1"><sup>5</sup></xref></contrib><contrib contrib-type="author"><name><surname>Bukszar</surname><given-names>Jozsef</given-names></name><xref ref-type="aff" rid="AFF1"><sup>4</sup></xref></contrib><contrib contrib-type="author"><name><surname>Kendler</surname><given-names>Kenneth S.</given-names></name><xref ref-type="aff" rid="AFF1"><sup>2</sup></xref><xref ref-type="aff" rid="AFF1"><sup>5</sup></xref></contrib><contrib contrib-type="author"><name><surname>Zhao</surname><given-names>Zhongming</given-names></name><xref ref-type="aff" rid="AFF1"><sup>1</sup></xref><xref ref-type="aff" rid="AFF1"><sup>2</sup></xref><xref ref-type="aff" rid="AFF1"><sup>5</sup></xref><xref ref-type="corresp" rid="COR1"><sup>*</sup></xref></contrib></contrib-group><aff id="AFF1"><sup>1</sup>Department of Biomedical Informatics and Department of Psychiatry, Vanderbilt University, Nashville, TN 37203, <sup>2</sup>Virginia Institute for Psychiatric and Behavioral Genetics, Virginia Commonwealth University, Richmond, VA 23298, <sup>3</sup>Washington VA Medical Center, Washington, DC 20422, <sup>4</sup>Department of Pharmacy and <sup>5</sup>Department of Human Genetics, Virginia Commonwealth University, Richmond, VA 23298, USA</aff><author-notes><corresp id="COR1"><sup>*</sup>To whom correspondence should be addressed.</corresp><fn><p>Associate Editor: Jeffrey Barrett</p></fn><fn id="FN1"><p><sup>†</sup> The authors wish it to be known that, in their opinion, the first two authors should be regarded as joint First authors.</p></fn></author-notes><pub-date pub-type="ppub"><day>1</day><month>10</month><year>2009</year></pub-date><pub-date pub-type="epub"><day>14</day><month>7</month><year>2009</year></pub-date><pub-date pub-type="pmc-release"><day>1</day><month>10</month><year>2010</year></pub-date><!-- PMC Release delay is 12 months and 0 days and was based on the
					<pub-date pub-type="ppub"/>. --><volume>25</volume><issue>19</issue><fpage>2595</fpage><lpage>6602</lpage><history><date date-type="received"><day>20</day><month>3</month><year>2009</year></date><date date-type="rev-recd"><day>3</day><month>7</month><year>2009</year></date><date date-type="accepted"><day>4</day><month>7</month><year>2009</year></date></history><permissions><copyright-statement>© The Author 2009. Published by Oxford University Press. All rights reserved. For Permissions, please email: journals.permissions@oxfordjournals.org</copyright-statement></permissions><abstract><p><bold>Motivation:</bold> During the past decade, we have seen an exponential growth of vast amounts of genetic data generated for complex disease studies. Currently, across a variety of complex biological problems, there is a strong trend towards the integration of data from multiple sources. So far, candidate gene prioritization approaches have been designed for specific purposes, by utilizing only some of the available sources of genetic studies, or by using a simple weight scheme. Specifically to psychiatric disorders, there has been no prioritization approach that fully utilizes all major sources of experimental data.</p><p><bold>Results:</bold> Here we present a multi-dimensional evidence-based candidate gene prioritization approach for complex diseases and demonstrate it in schizophrenia. In this approach, we first collect and curate genetic studies for schizophrenia from four major categories: association studies, linkage analyses, gene expression and literature search. Genes in these data sets are initially scored by category-specific scoring methods. Then, an optimal weight matrix is searched by a two-step procedure (core genes and unbiased <italic>P</italic>-values in independent genome-wide association studies). Finally, genes are prioritized by their combined scores using the optimal weight matrix. Our evaluation suggests this approach generates prioritized candidate genes that are promising for further analysis or replication. The approach can be applied to other complex diseases.</p><p><bold>Availability:</bold> The collected data, prioritized candidate genes, and gene prioritization tools are freely available at <ext-link ext-link-type="uri" xlink:href="http://bioinfo.mc.vanderbilt.edu/SZGR/">http://bioinfo.mc.vanderbilt.edu/SZGR/</ext-link>.</p><p><bold>Contact:</bold><email>zhongming.zhao@vanderbilt.edu</email></p><p><bold>Supplementary information:</bold><ext-link ext-link-type="uri" xlink:href="http://bioinformatics.oxfordjournals.org/cgi/content/full/btp426/DC1">Supplementary data</ext-link> are available at <italic>Bioinformatics</italic> online.</p></abstract></article-meta></front></article>