<article xmlns="https://jats.nlm.nih.gov/ns/archiving/1.2/" xmlns:xsi="http://www.w3.org/2001/XMLSchema-instance" xmlns:mml="http://www.w3.org/1998/Math/MathML" xmlns:xlink="http://www.w3.org/1999/xlink" xsi:schemaLocation="https://jats.nlm.nih.gov/ns/archiving/1.2/ https://jats.nlm.nih.gov/archiving/1.2/xsd/JATS-archivearticle1.xsd" article-type="research-article"><front><journal-meta><journal-id journal-id-type="nlm-ta">Bioinformatics</journal-id><journal-id journal-id-type="publisher-id">bioinformatics</journal-id><journal-id journal-id-type="hwp">bioinfo</journal-id><journal-title-group><journal-title>Bioinformatics</journal-title></journal-title-group><issn pub-type="ppub">1367-4803</issn><issn pub-type="epub">1460-2059</issn><publisher><publisher-name>Oxford University Press</publisher-name></publisher></journal-meta><article-meta><article-id pub-id-type="accession">PMC2732303</article-id><article-id pub-id-type="pmcid">PMC2732303</article-id><article-id pub-id-type="pmc-uid">2732303</article-id><article-id pub-id-type="pmid">19189975</article-id><article-id pub-id-type="pmid">19189975</article-id><article-id pub-id-type="doi">10.1093/bioinformatics/btp073</article-id><article-id pub-id-type="publisher-id">btp073</article-id><article-categories><subj-group subj-group-type="heading"><subject>Original Papers</subject><subj-group><subject>Gene Expression</subject></subj-group></subj-group></article-categories><title-group><article-title>Meta-analysis of age-related gene expression profiles identifies common signatures of aging</article-title></title-group><contrib-group><contrib contrib-type="author"><name><surname>de Magalhães</surname><given-names>João Pedro</given-names></name><xref ref-type="aff" rid="AFF1"><sup>1</sup></xref><xref ref-type="corresp" rid="COR1">*</xref><xref ref-type="author-notes" rid="FN1"><sup>†</sup></xref></contrib><contrib contrib-type="author"><name><surname>Curado</surname><given-names>João</given-names></name><xref ref-type="aff" rid="AFF1"><sup>2</sup></xref></contrib><contrib contrib-type="author"><name><surname>Church</surname><given-names>George M.</given-names></name><xref ref-type="aff" rid="AFF1"><sup>1</sup></xref></contrib></contrib-group><aff id="AFF1"><sup>1</sup>Department of Genetics, Harvard Medical School, Boston, MA 02115, USA and <sup>2</sup>Escola Superior de Biotecnologia, 4200 Porto, Portugal</aff><author-notes><corresp id="COR1">*To whom correspondence should be addressed.</corresp><fn id="FN1"><p><sup>†</sup>Present address: School of Biological Sciences, University of Liverpool, Biosciences Building, Crown St., Liverpool L69 7ZB, UK.</p></fn><fn><p>Associate Editor: David Rocke</p></fn></author-notes><pub-date pub-type="ppub"><day>1</day><month>4</month><year>2009</year></pub-date><pub-date pub-type="epub"><day>2</day><month>2</month><year>2009</year></pub-date><volume>25</volume><issue>7</issue><fpage>875</fpage><lpage>881</lpage><history><date date-type="received"><day>15</day><month>9</month><year>2008</year></date><date date-type="rev-recd"><day>11</day><month>1</month><year>2009</year></date><date date-type="accepted"><day>31</day><month>1</month><year>2009</year></date></history><permissions><copyright-statement>© The Author 2009. Published by Oxford University Press. All rights reserved. For Permissions, please email: journals.permissions@oxfordjournals.org</copyright-statement><copyright-year>2009</copyright-year></permissions><abstract><p><bold>Motivation:</bold> Numerous microarray studies of aging have been conducted, yet given the noisy nature of gene expression changes with age, elucidating the transcriptional features of aging and how these relate to physiological, biochemical and pathological changes remains a critical problem.</p><p><bold>Results:</bold> We performed a meta-analysis of age-related gene expression profiles using 27 datasets from mice, rats and humans. Our results reveal several common signatures of aging, including 56 genes consistently overexpressed with age, the most significant of which was <italic>APOD</italic>, and 17 genes underexpressed with age. We characterized the biological processes associated with these signatures and found that age-related gene expression changes most notably involve an overexpression of inflammation and immune response genes and of genes associated with the lysosome. An underexpression of collagen genes and of genes associated with energy metabolism, particularly mitochondrial genes, as well as alterations in the expression of genes related to apoptosis, cell cycle and cellular senescence biomarkers, were also observed. By employing a new method that emphasizes sensitivity, our work further reveals previously unknown transcriptional changes with age in many genes, processes and functions. We suggest these molecular signatures reflect a combination of degenerative processes but also transcriptional responses to the process of aging. Overall, our results help to understand how transcriptional changes relate to the process of aging and could serve as targets for future studies.</p><p><bold>Availability:</bold><ext-link ext-link-type="uri" xlink:href="http://genomics.senescence.info/uarrays/signatures.html">http://genomics.senescence.info/uarrays/signatures.html</ext-link></p><p><bold>Contact:</bold><email>jp@senescence.info</email></p><p><bold>Supplementary information:</bold><ext-link ext-link-type="uri" xlink:href="http://bioinformatics.oxfordjournals.org/cgi/content/full/btp073/DC1">Supplementary data</ext-link> are available at <italic>Bioinformatics</italic> online.</p></abstract></article-meta></front></article>