<article xmlns="https://jats.nlm.nih.gov/ns/archiving/1.2/" xmlns:xsi="http://www.w3.org/2001/XMLSchema-instance" xmlns:mml="http://www.w3.org/1998/Math/MathML" xmlns:xlink="http://www.w3.org/1999/xlink" xsi:schemaLocation="https://jats.nlm.nih.gov/ns/archiving/1.2/ https://jats.nlm.nih.gov/archiving/1.2/xsd/JATS-archivearticle1.xsd" article-type="research-article"><front><journal-meta><journal-id journal-id-type="nlm-ta">Bioinformatics</journal-id><journal-id journal-id-type="publisher-id">bioinformatics</journal-id><journal-id journal-id-type="hwp">bioinfo</journal-id><journal-title-group><journal-title>Bioinformatics</journal-title></journal-title-group><issn pub-type="ppub">1367-4803</issn><issn pub-type="epub">1460-2059</issn><publisher><publisher-name>Oxford University Press</publisher-name></publisher></journal-meta><article-meta><article-id pub-id-type="accession">PMC2732284</article-id><article-id pub-id-type="pmcid">PMC2732284</article-id><article-id pub-id-type="pmc-uid">2732284</article-id><article-id pub-id-type="pmid">18784119</article-id><article-id pub-id-type="pmid">18784119</article-id><article-id pub-id-type="doi">10.1093/bioinformatics/btn480</article-id><article-id pub-id-type="publisher-id">btn480</article-id><article-categories><subj-group subj-group-type="heading"><subject>Applications Note</subject><subj-group><subject>Genome Analysis</subject></subj-group></subj-group></article-categories><title-group><article-title>F-Seq: a feature density estimator for high-throughput sequence tags</article-title></title-group><contrib-group><contrib contrib-type="author"><name><surname>Boyle</surname><given-names>Alan P.</given-names></name></contrib><contrib contrib-type="author"><name><surname>Guinney</surname><given-names>Justin</given-names></name></contrib><contrib contrib-type="author"><name><surname>Crawford</surname><given-names>Gregory E.</given-names></name></contrib><contrib contrib-type="author"><name><surname>Furey</surname><given-names>Terrence S.</given-names></name></contrib><xref ref-type="corresp" rid="COR1">*</xref></contrib-group><aff>Institute for Genome Sciences and Policy, Duke University, Durham, NC 27708, USA</aff><author-notes><corresp id="COR1">*To whom correspondence should be addressed.</corresp><fn><p>Associate Editor: Alfonso Valencia</p></fn></author-notes><pub-date pub-type="ppub"><day>1</day><month>11</month><year>2008</year></pub-date><pub-date pub-type="epub"><day>10</day><month>9</month><year>2008</year></pub-date><pub-date pub-type="pmc-release"><day>10</day><month>9</month><year>2008</year></pub-date><!-- PMC Release delay is 0 months and 0 days and was based on the
							<pub-date pub-type="epub"/>. --><!-- oupReleaseDelayRemoved from OA Article (10.1093/bioinformatics/btn480btn480APPLICATIONS NOTEGENOME ANALYSISF-Seq: a feature density estimator for high-throughput sequence tagsBoyleAlan P.GuinneyJustinCrawfordGregory E.FureyTerrence S.*Institute for Genome Sciences and Policy, Duke University, Durham, NC 27708, USA*To whom correspondence should be addressed.Associate Editor: Alfonso Valencia1112008109200824212537253830620081882008792008&#x000a9; 2008 The Author(s)2008This is an Open Access article distributed under the terms of the Creative Commons Attribution Non-Commercial License (http://creativecommons.org/licenses/by-nc/2.0/uk/) which permits unrestricted non-commercial use, distribution, and reproduction in any medium, provided the original work is properly cited.Summary: Tag sequencing using high-throughput sequencing technologies are now regularly employed to identify specific sequence features, such as transcription factor binding sites (ChIP-seq) or regions of open chromatin (DNase-seq). To intuitively summarize and display individual sequence data as an accurate and interpretable signal, we developed F-Seq, a software package that generates a continuous tag sequence density estimation allowing identification of biologically meaningful sites whose output can be displayed directly in the UCSC Genome Browser.Availability: The software is written in the Java language and is available on all major computing platforms for download at http://www.genome.duke.edu/labs/furey/software/fseq.Contact: terry.furey@duke.edu) --><volume>24</volume><issue>21</issue><fpage>2537</fpage><lpage>2538</lpage><history><date date-type="received"><day>30</day><month>6</month><year>2008</year></date><date date-type="rev-recd"><day>18</day><month>8</month><year>2008</year></date><date date-type="accepted"><day>7</day><month>9</month><year>2008</year></date></history><permissions><copyright-statement>© 2008 The Author(s)</copyright-statement><copyright-year>2008</copyright-year><license license-type="creative-commons" xlink:href="http://creativecommons.org/licenses/by-nc/2.0/uk/"><license-p><!--CREATIVE COMMONS-->This is an Open Access article distributed under the terms of the Creative Commons Attribution Non-Commercial License (<ext-link ext-link-type="uri" xlink:href="http://creativecommons.org/licenses/by-nc/2.0/uk/">http://creativecommons.org/licenses/by-nc/2.0/uk/</ext-link>) which permits unrestricted non-commercial use, distribution, and reproduction in any medium, provided the original work is properly cited.</license-p></license></permissions><abstract><p><bold>Summary:</bold> Tag sequencing using high-throughput sequencing technologies are now regularly employed to identify specific sequence features, such as transcription factor binding sites (ChIP-seq) or regions of open chromatin (DNase-seq). To intuitively summarize and display individual sequence data as an accurate and interpretable signal, we developed F-Seq, a software package that generates a continuous tag sequence density estimation allowing identification of biologically meaningful sites whose output can be displayed directly in the UCSC Genome Browser.</p><p><bold>Availability:</bold> The software is written in the Java language and is available on all major computing platforms for download at <ext-link ext-link-type="uri" xlink:href="http://www.genome.duke.edu/labs/furey/software/fseq">http://www.genome.duke.edu/labs/furey/software/fseq</ext-link>.</p><p><bold>Contact:</bold><email>terry.furey@duke.edu</email></p></abstract></article-meta></front></article>