<article xmlns="https://dtd.nlm.nih.gov/ns/archiving/2.3/" xmlns:xsi="http://www.w3.org/2001/XMLSchema-instance" xmlns:mml="http://www.w3.org/1998/Math/MathML" xmlns:xlink="http://www.w3.org/1999/xlink" xsi:schemaLocation="https://dtd.nlm.nih.gov/ns/archiving/2.3/ https://dtd.nlm.nih.gov/archiving/2.3/xsd/archivearticle.xsd" article-type="research-article" xml:lang="EN"><front><journal-meta><journal-id journal-id-type="nlm-ta">Bioinformatics</journal-id><journal-id journal-id-type="publisher-id">bioinformatics</journal-id><journal-id journal-id-type="hwp">bioinfo</journal-id><journal-title>Bioinformatics</journal-title><issn pub-type="ppub">1367-4803</issn><issn pub-type="epub">1460-2059</issn><publisher><publisher-name>Oxford University Press</publisher-name></publisher></journal-meta><article-meta><article-id pub-id-type="accession">PMC2687990</article-id><article-id pub-id-type="pmcid">PMC2687990</article-id><article-id pub-id-type="pmc-uid">2687990</article-id><article-id pub-id-type="pmid">19357100</article-id><article-id pub-id-type="doi">10.1093/bioinformatics/btp238</article-id><article-id pub-id-type="publisher-id">btp238</article-id><article-categories><subj-group subj-group-type="heading"><subject>Original Papers</subject><subj-group><subject>Structural Bioinformatics</subject></subj-group></subj-group></article-categories><title-group><article-title>ModLink+: improving fold recognition by using protein–protein interactions</article-title></title-group><contrib-group><contrib contrib-type="author"><name><surname>Fornes</surname><given-names>Oriol</given-names></name><xref ref-type="aff" rid="AFF1"><sup>1</sup></xref></contrib><contrib contrib-type="author"><name><surname>Aragues</surname><given-names>Ramon</given-names></name><xref ref-type="aff" rid="AFF1"><sup>1</sup></xref></contrib><contrib contrib-type="author"><name><surname>Espadaler</surname><given-names>Jordi</given-names></name><xref ref-type="aff" rid="AFF1"><sup>1</sup></xref><xref ref-type="author-notes" rid="FN1"><sup>†</sup></xref></contrib><contrib contrib-type="author"><name><surname>Marti-Renom</surname><given-names>Marc A.</given-names></name><xref ref-type="aff" rid="AFF1"><sup>2</sup></xref></contrib><contrib contrib-type="author"><name><surname>Sali</surname><given-names>Andrej</given-names></name><xref ref-type="aff" rid="AFF1"><sup>3</sup></xref><xref ref-type="aff" rid="AFF1"><sup>4</sup></xref><xref ref-type="aff" rid="AFF1"><sup>5</sup></xref></contrib><contrib contrib-type="author"><name><surname>Oliva</surname><given-names>Baldo</given-names></name><xref ref-type="aff" rid="AFF1"><sup>1</sup></xref><xref ref-type="corresp" rid="COR1">*</xref></contrib></contrib-group><aff id="AFF1"><sup>1</sup>Structural Bioinformatics Lab (GRIB-IMIM), Universitat Pompeu Fabra, Parc de Recerca Biomèdica de Barcelona (PRBB), Barcelona, Catalonia, <sup>2</sup>Structural Genomics Unit, Bioinformatics &amp; Genomics Department, Centro de Investigación Príncipe Felipe (CIPF), Valencia, Spain, <sup>3</sup>Department of Bioengineering and Therapeutic Sciences, <sup>4</sup>Department of Pharmaceutical Chemistry and <sup>5</sup>California Institute for Quantitative Biosciences, University of California at San Francisco, San Francisco, CA, USA</aff><author-notes><corresp id="COR1">*To whom correspondence should be addressed.</corresp><fn id="FN1"><p><sup>†</sup>Present address: AB-Biotics S.L, Masia Can Fatjó Del Molí s/n, 08290 Cerdanyola del vallès, Catalonia, Spain.</p></fn><fn><p>Associate editor: Alfonso Valencia</p></fn></author-notes><pub-date pub-type="ppub"><day>15</day><month>6</month><year>2009</year></pub-date><pub-date pub-type="epub"><day>8</day><month>4</month><year>2009</year></pub-date><volume>25</volume><issue>12</issue><fpage>1506</fpage><lpage>1512</lpage><history><date date-type="received"><day>23</day><month>12</month><year>2008</year></date><date date-type="rev-recd"><day>12</day><month>3</month><year>2009</year></date><date date-type="accepted"><day>4</day><month>4</month><year>2009</year></date></history><permissions><copyright-statement>© The Author 2009. Published by Oxford University Press. All rights reserved. For Permissions, please email: journals.permissions@oxfordjournals.org</copyright-statement><copyright-year>2009</copyright-year></permissions><abstract><p><bold>Motivation:</bold>Several strategies have been developed to predict the fold of a target protein sequence, most of which are based on aligning the target sequence to other sequences of known structure. Previously, we demonstrated that the consideration of protein–protein interactions significantly increases the accuracy of fold assignment compared with PSI-BLAST sequence comparisons. A drawback of our method was the low number of proteins to which a fold could be assigned. Here, we present an improved version of the method that addresses this limitation. We also compare our method to other state-of-the-art fold assignment methodologies.</p><p><bold>Results:</bold> Our approach (ModLink+) has been tested on 3716 proteins with domain folds classified in the Structural Classification Of Proteins (SCOP) as well as known interacting partners in the Database of Interacting Proteins (DIP). For this test set, the ratio of success [positive predictive value (PPV)] on fold assignment increases from 75% for PSI-BLAST, 83% for HHSearch and 81% for PRC to &gt;90% for ModLink+at the <italic>e</italic>-value cutoff of 10<sup>−3</sup>. Under this <italic>e</italic>-value, ModLink+can assign a fold to 30–45% of the proteins in the test set, while our previous method could cover &lt;25%. When applied to 6384 proteins with unknown fold in the yeast proteome, ModLink+combined with PSI-BLAST assigns a fold for domains in 3738 proteins, while PSI-BLAST alone covers only 2122 proteins, HHSearch 2969 and PRC 2826 proteins, using a threshold <italic>e</italic>-value that would represent a PPV &gt;82% for each method in the test set.</p><p><bold>Availability:</bold> The ModLink+server is freely accessible in the World Wide Web at <ext-link ext-link-type="uri" xlink:href="http://sbi.imim.es/modlink/">http://sbi.imim.es/modlink/</ext-link>.</p><p><bold>Contact:</bold><email>boliva@imim.es</email>.</p><p><bold>Supplementary information:</bold><ext-link ext-link-type="uri" xlink:href="http://bioinformatics.oxfordjournals.org/cgi/content/full/btp238/DC1">Supplementary data</ext-link> are available at <italic>Bioinformatics</italic> online.</p></abstract></article-meta></front></article>