<article xmlns="https://dtd.nlm.nih.gov/ns/archiving/2.3/" xmlns:xsi="http://www.w3.org/2001/XMLSchema-instance" xmlns:mml="http://www.w3.org/1998/Math/MathML" xmlns:xlink="http://www.w3.org/1999/xlink" xsi:schemaLocation="https://dtd.nlm.nih.gov/ns/archiving/2.3/ https://dtd.nlm.nih.gov/archiving/2.3/xsd/archivearticle.xsd" article-type="research-article" xml:lang="EN"><front><journal-meta><journal-id journal-id-type="nlm-ta">Bioinformatics</journal-id><journal-id journal-id-type="publisher-id">bioinformatics</journal-id><journal-id journal-id-type="hwp">bioinfo</journal-id><journal-title>Bioinformatics</journal-title><issn pub-type="ppub">1367-4803</issn><issn pub-type="epub">1460-2059</issn><publisher><publisher-name>Oxford University Press</publisher-name></publisher></journal-meta><article-meta><article-id pub-id-type="accession">PMC2562007</article-id><article-id pub-id-type="pmcid">PMC2562007</article-id><article-id pub-id-type="pmc-uid">2562007</article-id><article-id pub-id-type="pmid">18718943</article-id><article-id pub-id-type="doi">10.1093/bioinformatics/btn443</article-id><article-id pub-id-type="publisher-id">btn443</article-id><article-id pub-id-type="pmid">18718943</article-id><article-categories><subj-group subj-group-type="heading"><subject>Applications Note</subject><subj-group><subject>Databases and Ontologies</subject></subj-group></subj-group></article-categories><title-group><article-title>cneViewer: a database of conserved non-coding elements for studies of tissue-specific gene regulation</article-title></title-group><contrib-group><contrib contrib-type="author"><name><surname>Persampieri</surname><given-names>Jason</given-names></name><xref ref-type="aff" rid="AFF1"><sup>1</sup></xref></contrib><contrib contrib-type="author"><name><surname>Ritter</surname><given-names>Deborah I.</given-names></name><xref ref-type="aff" rid="AFF1"><sup>1</sup></xref></contrib><contrib contrib-type="author"><name><surname>Lees</surname><given-names>Daniel</given-names></name><xref ref-type="aff" rid="AFF1"><sup>1</sup></xref></contrib><contrib contrib-type="author"><name><surname>Lehoczky</surname><given-names>Jessica</given-names></name><xref ref-type="aff" rid="AFF1"><sup>2</sup></xref></contrib><contrib contrib-type="author"><name><surname>Li</surname><given-names>Qiang</given-names></name><xref ref-type="aff" rid="AFF1"><sup>3</sup></xref></contrib><contrib contrib-type="author"><name><surname>Guo</surname><given-names>Su</given-names></name><xref ref-type="aff" rid="AFF1"><sup>3</sup></xref></contrib><contrib contrib-type="author"><name><surname>Chuang</surname><given-names>Jeffrey H.</given-names></name><xref ref-type="aff" rid="AFF1"><sup>1</sup></xref><xref ref-type="corresp" rid="COR1">*</xref></contrib></contrib-group><aff id="AFF1"><sup>1</sup>Department of Biology, Boston College, Chestnut Hill, MA 02467, <sup>2</sup>Department of Genetics, Harvard Medical School, Boston, MA 02115 and <sup>3</sup>Department of Biopharmaceutical Sciences and Center for Human Genetics, University of California, San Francisco, CA 94143, USA</aff><author-notes><corresp id="COR1">*To whom correspondence should be addressed.</corresp><fn><p>Associate Editor: Dmitrij Frishman</p></fn></author-notes><pub-date pub-type="ppub"><day>15</day><month>10</month><year>2008</year></pub-date><pub-date pub-type="epub"><day>20</day><month>8</month><year>2008</year></pub-date><volume>24</volume><issue>20</issue><fpage>2418</fpage><lpage>2419</lpage><history><date date-type="received"><day>19</day><month>3</month><year>2008</year></date><date date-type="rev-recd"><day>7</day><month>8</month><year>2008</year></date><date date-type="accepted"><day>18</day><month>8</month><year>2008</year></date></history><permissions><copyright-statement>© The Author 2008. Published by Oxford University Press. All rights reserved. For Permissions, please email: journals.permissions@oxfordjournals.org</copyright-statement><copyright-year>2008</copyright-year></permissions><abstract><p><bold>Summary:</bold> There are thousands of strongly conserved non-coding elements (CNEs) in vertebrate genomes, and their functions remain largely unknown. However, without biologically relevant criteria for prioritizing them, selecting a particular CNE sequences to study can be haphazard. To address this problem, we present cneViewer—a database and webtool that systematizes information on conserved non-coding DNA elements in zebrafish. A key feature here is the ability to search for CNEs that may be relevant to tissue-specific gene regulation, based on known developmental expression patterns of nearby genes. cneViewer provides this and other organizing features that significantly facilitate experimental design and CNE analysis.</p><p><bold>Availability:</bold><ext-link ext-link-type="uri" xlink:href="http://cneviewer.zebrafishcne.org">http://cneviewer.zebrafishcne.org</ext-link></p><p><bold>Contact:</bold><email>chuangj@bc.edu</email></p></abstract></article-meta></front></article>