<article xmlns="https://dtd.nlm.nih.gov/ns/archiving/2.3/" xmlns:xsi="http://www.w3.org/2001/XMLSchema-instance" xmlns:mml="http://www.w3.org/1998/Math/MathML" xmlns:xlink="http://www.w3.org/1999/xlink" xsi:schemaLocation="https://dtd.nlm.nih.gov/ns/archiving/2.3/ https://dtd.nlm.nih.gov/archiving/2.3/xsd/archivearticle.xsd" article-type="research-article" xml:lang="EN"><front><journal-meta><journal-id journal-id-type="nlm-ta">Bioinformatics</journal-id><journal-id journal-id-type="publisher-id">bioinformatics</journal-id><journal-id journal-id-type="hwp">bioinfo</journal-id><journal-title>Bioinformatics</journal-title><issn pub-type="ppub">1367-4803</issn><issn pub-type="epub">1460-2059</issn><publisher><publisher-name>Oxford University Press</publisher-name></publisher></journal-meta><article-meta><article-id pub-id-type="accession">PMC2672626</article-id><article-id pub-id-type="pmcid">PMC2672626</article-id><article-id pub-id-type="pmc-uid">2672626</article-id><article-id pub-id-type="pmid">19261718</article-id><article-id pub-id-type="doi">10.1093/bioinformatics/btp109</article-id><article-id pub-id-type="publisher-id">btp109</article-id><article-categories><subj-group subj-group-type="heading"><subject>Original Papers</subject><subj-group><subject>Data and Text Mining</subject></subj-group></subj-group></article-categories><title-group><article-title>MIST: Maximum Information Spanning Trees for dimension reduction of biological data sets</article-title></title-group><contrib-group><contrib contrib-type="author"><name><surname>King</surname><given-names>Bracken M.</given-names></name><xref ref-type="aff" rid="AFF1"><sup>1</sup></xref><xref ref-type="aff" rid="AFF1"><sup>2</sup></xref></contrib><contrib contrib-type="author"><name><surname>Tidor</surname><given-names>Bruce</given-names></name><xref ref-type="aff" rid="AFF1"><sup>1</sup></xref><xref ref-type="aff" rid="AFF1"><sup>2</sup></xref><xref ref-type="aff" rid="AFF1"><sup>3</sup></xref><xref ref-type="corresp" rid="COR1">*</xref></contrib></contrib-group><aff id="AFF1"><sup>1</sup>Computer Science and Artificial Intelligence Laboratory, <sup>2</sup>Department of Biological Engineering and <sup>3</sup>Department of Electrical Engineering and Computer Science, Massachusetts Institute of Technology, 77 Massachusetts Avenue, Cambridge, MA 02139, USA</aff><author-notes><corresp id="COR1">*To whom correspondence should be addressed.</corresp><fn><p>Associate Editor: Jonathan Wren</p></fn></author-notes><pub-date pub-type="ppub"><day>1</day><month>5</month><year>2009</year></pub-date><pub-date pub-type="epub"><day>4</day><month>3</month><year>2009</year></pub-date><volume>25</volume><issue>9</issue><fpage>1165</fpage><lpage>1172</lpage><history><date date-type="received"><day>5</day><month>10</month><year>2008</year></date><date date-type="rev-recd"><day>9</day><month>2</month><year>2009</year></date><date date-type="accepted"><day>22</day><month>2</month><year>2009</year></date></history><permissions><copyright-statement>© The Author 2009. Published by Oxford University Press. All rights reserved. For Permissions, please email: journals.permissions@oxfordjournals.org</copyright-statement><copyright-year>2009</copyright-year></permissions><abstract><p><bold>Motivation:</bold> The study of complex biological relationships is aided by large and high-dimensional data sets whose analysis often involves dimension reduction to highlight representative or informative directions of variation. In principle, information theory provides a general framework for quantifying complex statistical relationships for dimension reduction. Unfortunately, direct estimation of high-dimensional information theoretic quantities, such as entropy and mutual information (MI), is often unreliable given the relatively small sample sizes available for biological problems. Here, we develop and evaluate a hierarchy of approximations for high-dimensional information theoretic statistics from associated low-order terms, which can be more reliably estimated from limited samples. Due to a relationship between this metric and the minimum spanning tree over a graph representation of the system, we refer to these approximations as MIST (Maximum Information Spanning Trees).</p><p><bold>Results:</bold> The MIST approximations are examined in the context of synthetic networks with analytically computable entropies and using experimental gene expression data as a basis for the classification of multiple cancer types. The approximations result in significantly more accurate estimates of entropy and MI, and also correlate better with biological classification error than direct estimation and another low-order approximation, minimum-redundancy–maximum-relevance (mRMR).</p><p><bold>Availability:</bold> Software to compute the entropy approximations described here is available as <ext-link ext-link-type="uri" xlink:href="http://bioinformatics.oxfordjournals.org/cgi/content/full/btp109/DC1">Supplementary Material</ext-link>.</p><p><bold>Contact:</bold><email>tidor@mit.edu</email></p><p><bold>Supplementary information:</bold><ext-link ext-link-type="uri" xlink:href="http://bioinformatics.oxfordjournals.org/cgi/content/full/btp109/DC1">Supplementary data</ext-link> are available at <italic>Bioinformatics</italic> online.</p></abstract></article-meta></front></article>