<article xmlns="https://jats.nlm.nih.gov/ns/archiving/1.2/" xmlns:xsi="http://www.w3.org/2001/XMLSchema-instance" xmlns:mml="http://www.w3.org/1998/Math/MathML" xmlns:xlink="http://www.w3.org/1999/xlink" xsi:schemaLocation="https://jats.nlm.nih.gov/ns/archiving/1.2/ https://jats.nlm.nih.gov/archiving/1.2/xsd/JATS-archivearticle1.xsd" article-type="research-article"><front><journal-meta><journal-id journal-id-type="nlm-ta">Bioinformatics</journal-id><journal-id journal-id-type="publisher-id">bioinformatics</journal-id><journal-id journal-id-type="hwp">bioinfo</journal-id><journal-title-group><journal-title>Bioinformatics</journal-title></journal-title-group><issn pub-type="ppub">1367-4803</issn><issn pub-type="epub">1460-2059</issn><publisher><publisher-name>Oxford University Press</publisher-name></publisher></journal-meta><article-meta><article-id pub-id-type="accession">PMC2732211</article-id><article-id pub-id-type="pmcid">PMC2732211</article-id><article-id pub-id-type="pmc-uid">2732211</article-id><article-id pub-id-type="pmid">18562267</article-id><article-id pub-id-type="pmid">18562267</article-id><article-id pub-id-type="doi">10.1093/bioinformatics/btn311</article-id><article-id pub-id-type="publisher-id">btn311</article-id><article-categories><subj-group subj-group-type="heading"><subject>Original Papers</subject><subj-group><subject>Sequence Analysis</subject></subj-group></subj-group></article-categories><title-group><article-title>Predicting functional regulatory polymorphisms</article-title></title-group><contrib-group><contrib contrib-type="author"><name><surname>Torkamani</surname><given-names>Ali</given-names></name></contrib><contrib contrib-type="author"><name><surname>Schork</surname><given-names>Nicholas J.</given-names></name><xref ref-type="corresp" rid="COR1">*</xref></contrib></contrib-group><aff>Scripps Genomic Medicine and the Scripps Translational Science Institute, Scripps Health and Department of Molecular and Experimental Medicine, The Scripps Research Institute, La Jolla, CA 92037, USA</aff><author-notes><corresp id="COR1">*To whom correspondence should be addressed.</corresp><fn><p>Associate Editor: Alex Bateman</p></fn></author-notes><pub-date pub-type="ppub"><day>15</day><month>8</month><year>2008</year></pub-date><pub-date pub-type="epub"><day>18</day><month>6</month><year>2008</year></pub-date><volume>24</volume><issue>16</issue><fpage>1787</fpage><lpage>1792</lpage><history><date date-type="received"><day>21</day><month>4</month><year>2008</year></date><date date-type="rev-recd"><day>6</day><month>6</month><year>2008</year></date><date date-type="accepted"><day>12</day><month>6</month><year>2008</year></date></history><permissions><copyright-statement>© The Author 2008. Published by Oxford University Press. All rights reserved. For Permissions, please email: journals.permissions@oxfordjournals.org</copyright-statement><copyright-year>2008</copyright-year></permissions><abstract><p><bold>Motivation:</bold> Limited availability of data has hindered the development of algorithms that can identify functionally meaningful regulatory single nucleotide polymorphisms (rSNPs). Given the large number of common polymorphisms known to reside in the human genome, the identification of functional rSNPs via laboratory assays will be costly and time-consuming. Therefore appropriate bioinformatics strategies for predicting functional rSNPs are necessary. Recent data from the Encyclopedia of DNA Elements (ENCODE) Project has significantly expanded the amount of available functional information relevant to non-coding regions of the genome, and, importantly, led to the conclusion that many functional elements in the human genome are not conserved.</p><p><bold>Results:</bold> In this article we describe how ENCODE data can be leveraged to probabilistically determine the functional and phenotypic significance of non-coding SNPs (ncSNPs). The method achieves excellent sensitivity (∼80%) and specificity (∼99%) based on a set of known phenotypically relevant and non-functional SNPs. In addition, we show that our method is not overtrained through the use of cross-validation analyses.</p><p><bold>Availability:</bold> The software platforms used in our analyses are freely available (<ext-link ext-link-type="uri" xlink:href="http://www.cs.waikato.ac.nz/ml/weka/">http://www.cs.waikato.ac.nz/ml/weka/</ext-link>). In addition, we provide the training dataset (<ext-link ext-link-type="uri" xlink:href="http://bioinformatics.oxfordjournals.org/cgi/content/full/btn311/DC1">Supplementary Table 3</ext-link>), and our predictions (<ext-link ext-link-type="uri" xlink:href="http://bioinformatics.oxfordjournals.org/cgi/content/full/btn311/DC1">Supplementary Table 6</ext-link>), in the <ext-link ext-link-type="uri" xlink:href="http://bioinformatics.oxfordjournals.org/cgi/content/full/btn311/DC1">Supplementary Material</ext-link>.</p><p><bold>Contact:</bold><email>nschork@scripps.edu</email>.</p><p><bold>Supplementary information:</bold><ext-link ext-link-type="uri" xlink:href="http://bioinformatics.oxfordjournals.org/cgi/content/full/btn311/DC1">Supplementary data</ext-link> are available at <italic>Bioinformatics</italic> online.</p></abstract></article-meta></front></article>