<article xmlns="https://dtd.nlm.nih.gov/ns/archiving/2.3/" xmlns:xsi="http://www.w3.org/2001/XMLSchema-instance" xmlns:mml="http://www.w3.org/1998/Math/MathML" xmlns:xlink="http://www.w3.org/1999/xlink" xsi:schemaLocation="https://dtd.nlm.nih.gov/ns/archiving/2.3/ https://dtd.nlm.nih.gov/archiving/2.3/xsd/archivearticle.xsd" article-type="research-article" xml:lang="EN"><front><journal-meta><journal-id journal-id-type="nlm-ta">Bioinformatics</journal-id><journal-id journal-id-type="publisher-id">bioinformatics</journal-id><journal-id journal-id-type="hwp">bioinfo</journal-id><journal-title>Bioinformatics</journal-title><issn pub-type="ppub">1367-4803</issn><issn pub-type="epub">1460-2059</issn><publisher><publisher-name>Oxford University Press</publisher-name></publisher></journal-meta><article-meta><article-id pub-id-type="accession">PMC2666813</article-id><article-id pub-id-type="pmcid">PMC2666813</article-id><article-id pub-id-type="pmc-uid">2666813</article-id><article-id pub-id-type="pmid">19237449</article-id><article-id pub-id-type="doi">10.1093/bioinformatics/btp102</article-id><article-id pub-id-type="publisher-id">btp102</article-id><article-categories><subj-group subj-group-type="heading"><subject>Applications Note</subject><subj-group><subject>Structural Bioinformatics</subject></subj-group></subj-group></article-categories><title-group><article-title>iMembrane: homology-based membrane-insertion of proteins</article-title></title-group><contrib-group><contrib contrib-type="author"><name><surname>Kelm</surname><given-names>Sebastian</given-names></name><xref ref-type="aff" rid="AFF1"><sup>1</sup></xref><xref ref-type="corresp" rid="COR1">*</xref></contrib><contrib contrib-type="author"><name><surname>Shi</surname><given-names>Jiye</given-names></name><xref ref-type="aff" rid="AFF1"><sup>2</sup></xref></contrib><contrib contrib-type="author"><name><surname>Deane</surname><given-names>Charlotte M.</given-names></name><xref ref-type="aff" rid="AFF1"><sup>1</sup></xref></contrib></contrib-group><aff id="AFF1"><sup>1</sup>Department of Statistics, University of Oxford, 1 South Parks Road, Oxford, OX1 3TG and <sup>2</sup>UCB Celltech, Branch of UCB Pharma S.A., 208 Bath Road, Slough, SL1 3WE, UK</aff><author-notes><corresp id="COR1">*To whom correspondence should be addressed.</corresp><fn><p>Associate Editor: Thomas Lengauer</p></fn></author-notes><pub-date pub-type="ppub"><day>15</day><month>4</month><year>2009</year></pub-date><pub-date pub-type="epub"><day>23</day><month>2</month><year>2009</year></pub-date><pub-date pub-type="pmc-release"><day>23</day><month>2</month><year>2009</year></pub-date><!-- PMC Release delay is 0 months and 0 days and was based on the
			<pub-date pub-type="epub"/>. --><volume>25</volume><issue>8</issue><fpage>1086</fpage><lpage>1088</lpage><history><date date-type="received"><day>29</day><month>8</month><year>2008</year></date><date date-type="rev-recd"><day>7</day><month>1</month><year>2009</year></date><date date-type="accepted"><day>17</day><month>2</month><year>2009</year></date></history><permissions><copyright-statement>© 2009 The Author(s)</copyright-statement><copyright-year>2009</copyright-year><license license-type="creative-commons" xlink:href="http://creativecommons.org/licenses/by-nc/2.0/uk/"><p><!--CREATIVE COMMONS-->This is an Open Access article distributed under the terms of the Creative Commons Attribution Non-Commercial License (<ext-link ext-link-type="uri" xlink:href="http://creativecommons.org/licenses/by-nc/2.0/uk/">http://creativecommons.org/licenses/by-nc/2.0/uk/</ext-link>) which permits unrestricted non-commercial use, distribution, and reproduction in any medium, provided the original work is properly cited.</p></license></permissions><abstract><p><bold>Summary:</bold> iMembrane is a homology-based method, which predicts a membrane protein's position within a lipid bilayer. It projects the results of coarse-grained molecular dynamics simulations onto any membrane protein structure or sequence provided by the user. iMembrane is simple to use and is currently the only computational method allowing the rapid prediction of a membrane protein's lipid bilayer insertion. Bilayer insertion data are essential in the accurate structural modelling of membrane proteins or the design of drugs that target them.</p><p><bold>Availability:</bold><ext-link ext-link-type="uri" xlink:href="http://imembrane.info">http://imembrane.info</ext-link>. iMembrane is available under a non-commercial open-source licence, upon request.</p><p><bold>Contact:</bold><email>kelm@stats.ox.ac.uk</email></p><p><bold>Supplementary information:</bold><ext-link ext-link-type="uri" xlink:href="http://bioinformatics.oxfordjournals.org/cgi/content/full/btp102/DC1">Supplementary data</ext-link> are available at <italic>Bioinformatics</italic> online and at <ext-link ext-link-type="uri" xlink:href="http://www.stats.ox.ac.uk/proteins/resources">http://www.stats.ox.ac.uk/proteins/resources</ext-link>.</p></abstract></article-meta></front></article>