<article xmlns="https://dtd.nlm.nih.gov/ns/archiving/2.3/" xmlns:xsi="http://www.w3.org/2001/XMLSchema-instance" xmlns:mml="http://www.w3.org/1998/Math/MathML" xmlns:xlink="http://www.w3.org/1999/xlink" xsi:schemaLocation="https://dtd.nlm.nih.gov/ns/archiving/2.3/ https://dtd.nlm.nih.gov/archiving/2.3/xsd/archivearticle.xsd" article-type="research-article" xml:lang="EN"><front><journal-meta><journal-id journal-id-type="nlm-ta">Bioinformatics</journal-id><journal-id journal-id-type="publisher-id">bioinformatics</journal-id><journal-id journal-id-type="hwp">bioinfo</journal-id><journal-title>Bioinformatics</journal-title><issn pub-type="ppub">1367-4803</issn><issn pub-type="epub">1460-2059</issn><publisher><publisher-name>Oxford University Press</publisher-name></publisher></journal-meta><article-meta><article-id pub-id-type="accession">PMC2647824</article-id><article-id pub-id-type="pmcid">PMC2647824</article-id><article-id pub-id-type="pmc-uid">2647824</article-id><article-id pub-id-type="pmid">19158162</article-id><article-id pub-id-type="doi">10.1093/bioinformatics/btp001</article-id><article-id pub-id-type="publisher-id">btp001</article-id><article-categories><subj-group subj-group-type="heading"><subject>Applications Note</subject><subj-group><subject>Sequence Analysis</subject></subj-group></subj-group></article-categories><title-group><article-title>Disperse—a software system for design of selector probes for exon resequencing applications</article-title></title-group><contrib-group><contrib contrib-type="author"><name><surname>Stenberg</surname><given-names>J.</given-names></name><xref ref-type="aff" rid="AFF1"><sup>1</sup></xref><xref ref-type="aff" rid="AFF1"><sup>2</sup></xref></contrib><contrib contrib-type="author"><name><surname>Zhang</surname><given-names>M.</given-names></name><xref ref-type="aff" rid="AFF1"><sup>1</sup></xref></contrib><contrib contrib-type="author"><name><surname>Ji</surname><given-names>H.</given-names></name><xref ref-type="aff" rid="AFF1"><sup>1</sup></xref><xref ref-type="aff" rid="AFF1"><sup>3</sup></xref><xref ref-type="corresp" rid="COR1">*</xref></contrib></contrib-group><aff id="AFF1"><sup>1</sup>Department of Medicine, Division of Oncology, Stanford University School of Medicine, Clark Center W300, 318 Campus Drive, Stanford, CA 94305-5440, USA, <sup>2</sup>Department of Genetics and Pathology, Rudbeck Laboratory, Uppsala University, 751 85 Uppsala, Sweden and <sup>3</sup>Stanford Genome Technology Center, Stanford University, Palo Alto, CA 94304, USA</aff><author-notes><corresp id="COR1">*To whom correspondence should be addressed.</corresp><fn><p>Associate Editor: John Quackenbush</p></fn></author-notes><pub-date pub-type="ppub"><day>1</day><month>3</month><year>2009</year></pub-date><pub-date pub-type="epub"><day>21</day><month>1</month><year>2009</year></pub-date><pub-date pub-type="pmc-release"><day>21</day><month>1</month><year>2009</year></pub-date><volume>25</volume><issue>5</issue><fpage>666</fpage><lpage>667</lpage><history><date date-type="received"><day>27</day><month>4</month><year>2008</year></date><date date-type="rev-recd"><day>20</day><month>12</month><year>2008</year></date><date date-type="accepted"><day>30</day><month>12</month><year>2008</year></date></history><permissions><copyright-statement>© 2009 The Author(s)</copyright-statement><copyright-year>2009</copyright-year><license license-type="creative-commons" xlink:href="http://creativecommons.org/licenses/by-nc/2.0/uk/"><p><!--CREATIVE COMMONS-->This is an Open Access article distributed under the terms of the Creative Commons Attribution Non-Commercial License (<ext-link ext-link-type="uri" xlink:href="http://creativecommons.org/licenses/by-nc/2.0/uk/">http://creativecommons.org/licenses/by-nc/2.0/uk/</ext-link>) which permits unrestricted non-commercial use, distribution, and reproduction in any medium, provided the original work is properly cited.</p></license></permissions><abstract><p><bold>Summary:</bold>Selector probes enable the amplification of many selected regions of the genome in multiplex. Disperse is a software pipeline that automates the procedure of designing selector probes for exon resequencing applications.</p><p><bold>Availability:</bold>Software and documentation is available at <ext-link ext-link-type="uri" xlink:href="http://bioinformatics.org/disperse">http://bioinformatics.org/disperse</ext-link></p><p><bold>Contact:</bold><email>genomics_ji@stanford.edu</email></p></abstract></article-meta></front></article>