<article xmlns="https://dtd.nlm.nih.gov/ns/archiving/2.3/" xmlns:xsi="http://www.w3.org/2001/XMLSchema-instance" xmlns:mml="http://www.w3.org/1998/Math/MathML" xmlns:xlink="http://www.w3.org/1999/xlink" xsi:schemaLocation="https://dtd.nlm.nih.gov/ns/archiving/2.3/ https://dtd.nlm.nih.gov/archiving/2.3/xsd/archivearticle.xsd" article-type="research-article" xml:lang="EN"><front><journal-meta><journal-id journal-id-type="nlm-ta">Bioinformatics</journal-id><journal-id journal-id-type="publisher-id">bioinformatics</journal-id><journal-id journal-id-type="hwp">bioinfo</journal-id><journal-title>Bioinformatics</journal-title><issn pub-type="ppub">1367-4803</issn><issn pub-type="epub">1460-2059</issn><publisher><publisher-name>Oxford University Press</publisher-name></publisher></journal-meta><article-meta><article-id pub-id-type="accession">PMC2682520</article-id><article-id pub-id-type="pmcid">PMC2682520</article-id><article-id pub-id-type="pmc-uid">2682520</article-id><article-id pub-id-type="pmid">19336446</article-id><article-id pub-id-type="doi">10.1093/bioinformatics/btp177</article-id><article-id pub-id-type="publisher-id">btp177</article-id><article-categories><subj-group subj-group-type="heading"><subject>Original Papers</subject><subj-group><subject>Systems Biology</subject></subj-group></subj-group></article-categories><title-group><article-title>Network-based multiple locus linkage analysis of expression traits</article-title></title-group><contrib-group><contrib contrib-type="author"><name><surname>Pan</surname><given-names>Wei</given-names></name></contrib></contrib-group><aff>Division of Biostatistics, School of Public Health, University of Minnesota, A460 Mayo Building (MMC 303), Minneapolis, MN 55455-0378, USA</aff><author-notes><fn><p>Associate Editor: Jonathan Wren</p></fn></author-notes><pub-date pub-type="ppub"><day>1</day><month>6</month><year>2009</year></pub-date><pub-date pub-type="epub"><day>31</day><month>3</month><year>2009</year></pub-date><volume>25</volume><issue>11</issue><fpage>1390</fpage><lpage>1396</lpage><history><date date-type="received"><day>16</day><month>11</month><year>2008</year></date><date date-type="rev-recd"><day>24</day><month>3</month><year>2009</year></date><date date-type="accepted"><day>26</day><month>3</month><year>2009</year></date></history><permissions><copyright-statement>© The Author 2009. Published by Oxford University Press. All rights reserved. For Permissions, please email: journals.permissions@oxfordjournals.org</copyright-statement><copyright-year>2009</copyright-year></permissions><abstract><p><bold>Motivation:</bold> We consider the problem of multiple locus linkage analysis for expression traits of genes in a pathway or a network. To capitalize on co-expression of functionally related genes, we propose a penalized regression method that maps multiple expression quantitative trait loci (eQTLs) for all related genes simultaneously while accounting for their shared functions as specified a priori by a gene pathway or network.</p><p><bold>Results:</bold> An analysis of a mouse dataset and simulation studies clearly demonstrate the advantage of the proposed method over a standard approach that ignores biological knowledge of gene networks.</p><p><bold>Contact:</bold><email>weip@biostat.umn.edu</email></p><p><bold>Supplementary information:</bold><ext-link ext-link-type="uri" xlink:href="http://bioinformatics.oxfordjournals.org/cgi/content/full/btp177/DC1">Supplementary data</ext-link> are available at <italic>Bioinformatics</italic> online.</p></abstract></article-meta></front></article>