<article xmlns="https://jats.nlm.nih.gov/ns/archiving/1.2/" xmlns:xsi="http://www.w3.org/2001/XMLSchema-instance" xmlns:mml="http://www.w3.org/1998/Math/MathML" xmlns:xlink="http://www.w3.org/1999/xlink" xsi:schemaLocation="https://jats.nlm.nih.gov/ns/archiving/1.2/ https://jats.nlm.nih.gov/archiving/1.2/xsd/JATS-archivearticle1.xsd" article-type="research-article"><front><journal-meta><journal-id journal-id-type="nlm-ta">Bioinformatics</journal-id><journal-id journal-id-type="publisher-id">bioinformatics</journal-id><journal-id journal-id-type="hwp">bioinfo</journal-id><journal-title-group><journal-title>Bioinformatics</journal-title></journal-title-group><issn pub-type="ppub">1367-4803</issn><issn pub-type="epub">1460-2059</issn><publisher><publisher-name>Oxford University Press</publisher-name></publisher></journal-meta><article-meta><article-id pub-id-type="accession">PMC2718666</article-id><article-id pub-id-type="pmcid">PMC2718666</article-id><article-id pub-id-type="pmc-uid">2718666</article-id><article-id pub-id-type="pmid">18480101</article-id><article-id pub-id-type="pmid">18480101</article-id><article-id pub-id-type="doi">10.1093/bioinformatics/btn203</article-id><article-id pub-id-type="publisher-id">btn203</article-id><article-categories><subj-group subj-group-type="heading"><subject>Applications Note</subject><subj-group><subject>Gene Expression</subject></subj-group></subj-group></article-categories><title-group><article-title>An overview of the wcd EST clustering tool</article-title></title-group><contrib-group><contrib contrib-type="author"><name><surname>Hazelhurst</surname><given-names>Scott</given-names></name><xref ref-type="aff" rid="AFF1"><sup>1</sup></xref><xref ref-type="corresp" rid="COR1">*</xref></contrib><contrib contrib-type="author"><name><surname>Hide</surname><given-names>Winston</given-names></name><xref ref-type="aff" rid="AFF1"><sup>2</sup></xref></contrib><contrib contrib-type="author"><name><surname>Lipták</surname><given-names>Zsuzsanna</given-names></name><xref ref-type="aff" rid="AFF1"><sup>3</sup></xref></contrib><contrib contrib-type="author"><name><surname>Nogueira</surname><given-names>Ramon</given-names></name><xref ref-type="aff" rid="AFF1"><sup>1</sup></xref></contrib><contrib contrib-type="author"><name><surname>Starfield</surname><given-names>Richard</given-names></name><xref ref-type="aff" rid="AFF1"><sup>1</sup></xref></contrib></contrib-group><aff id="AFF1"><sup>1</sup>Wits Bioinformatics, University of the Witwatersrand, Johannesburg, Private Bag 3, 2050 Wits, <sup>2</sup>South African National Bioinformatics Institute, University of the Western Cape, Private Bag X17, Bellville 7535, South Africa and <sup>3</sup>Universität Bielefeld, AG Genominformatik, Technische Fakultät, Postfach 100131, 33501 Bielefeld, Germany</aff><author-notes><fn><p>Associate Editor: David Rocke</p></fn><corresp id="COR1">*To whom correspondence should be addressed.</corresp></author-notes><pub-date pub-type="ppub"><day>1</day><month>7</month><year>2008</year></pub-date><pub-date pub-type="epub"><day>14</day><month>5</month><year>2008</year></pub-date><pub-date pub-type="pmc-release"><day>14</day><month>5</month><year>2008</year></pub-date><!-- PMC Release delay is 0 months and 0 days and was based on the
							<pub-date pub-type="epub"/>. --><volume>24</volume><issue>13</issue><fpage>1542</fpage><lpage>1546</lpage><history><date date-type="received"><day>30</day><month>10</month><year>2007</year></date><date date-type="rev-recd"><day>21</day><month>3</month><year>2008</year></date><date date-type="accepted"><day>20</day><month>4</month><year>2008</year></date></history><permissions><copyright-statement>© 2008 The Author(s)</copyright-statement><copyright-year>2008</copyright-year><license license-type="creative-commons" xlink:href="http://creativecommons.org/licenses/by-nc/2.0/uk/"><license-p><!--CREATIVE COMMONS-->This is an Open Access article distributed under the terms of the Creative Commons Attribution Non-Commercial License (<ext-link ext-link-type="uri" xlink:href="http://creativecommons.org/licenses/by-nc/2.0/uk/">http://creativecommons.org/licenses/by-nc/2.0/uk/</ext-link>) which permits unrestricted non-commercial use, distribution, and reproduction in any medium, provided the original work is properly cited.</license-p></license></permissions><abstract><p><bold>Summary:</bold> The wcd system is an open source tool for clustering expressed sequence tags (EST) and other DNA and RNA sequences. wcd allows efficient all-versus-all comparison of ESTs using either the <italic>d</italic> <sup>2</sup> distance function or edit distance, improving existing implementations of <italic>d</italic> <sup>2</sup>. It supports merging, refinement and reclustering of clusters. It is ‘drop in’ compatible with the StackPack clustering package. wcd supports parallelization under both shared memory and cluster architectures. It is distributed with an EMBOSS wrapper allowing wcd to be installed as part of an EMBOSS installation (and so provided by a web server).</p><p><bold>Availability:</bold> wcd is distributed under a GPL licence and is available from <ext-link ext-link-type="uri" xlink:href="http://code.google.com/p/wcdest">http://code.google.com/p/wcdest</ext-link></p><p><bold>Contact:</bold><email>scott.hazelhurst@wits.ac.za</email></p><p><bold>Supplementary information:</bold> Additional experimental results. The wcd manual, a companion paper describing underlying algorithms, and all datasets used for experimentation can also be found at <ext-link ext-link-type="uri" xlink:href="www.bioinf.wits.ac.za/~scott/wcdsupp.html">www.bioinf.wits.ac.za/~scott/wcdsupp.html</ext-link></p></abstract></article-meta></front></article>