<article xmlns="https://jats.nlm.nih.gov/ns/archiving/1.2/" xmlns:xsi="http://www.w3.org/2001/XMLSchema-instance" xmlns:mml="http://www.w3.org/1998/Math/MathML" xmlns:xlink="http://www.w3.org/1999/xlink" xsi:schemaLocation="https://jats.nlm.nih.gov/ns/archiving/1.2/ https://jats.nlm.nih.gov/archiving/1.2/xsd/JATS-archivearticle1.xsd" article-type="research-article"><front><journal-meta><journal-id journal-id-type="nlm-ta">Bioinformatics</journal-id><journal-id journal-id-type="publisher-id">bioinformatics</journal-id><journal-id journal-id-type="hwp">bioinfo</journal-id><journal-title-group><journal-title>Bioinformatics</journal-title></journal-title-group><issn pub-type="ppub">1367-4803</issn><issn pub-type="epub">1460-2059</issn><publisher><publisher-name>Oxford University Press</publisher-name></publisher></journal-meta><article-meta><article-id pub-id-type="accession">PMC2723000</article-id><article-id pub-id-type="pmcid">PMC2723000</article-id><article-id pub-id-type="pmc-uid">2723000</article-id><article-id pub-id-type="pmid">19497931</article-id><article-id pub-id-type="doi">10.1093/bioinformatics/btp345</article-id><article-id pub-id-type="publisher-id">btp345</article-id><article-categories><subj-group subj-group-type="heading"><subject>Applications Note</subject><subj-group><subject>Data and Text Mining</subject></subj-group></subj-group></article-categories><title-group><article-title>PINE-SPARKY: graphical interface for evaluating automated probabilistic peak assignments in protein NMR spectroscopy</article-title></title-group><contrib-group><contrib contrib-type="author"><name><surname>Lee</surname><given-names>Woonghee</given-names></name><xref ref-type="aff" rid="AFF1"><sup>1</sup></xref><xref ref-type="corresp" rid="COR1"><sup>*</sup></xref></contrib><contrib contrib-type="author"><name><surname>Westler</surname><given-names>William M.</given-names></name><xref ref-type="aff" rid="AFF1"><sup>1</sup></xref></contrib><contrib contrib-type="author"><name><surname>Bahrami</surname><given-names>Arash</given-names></name><xref ref-type="aff" rid="AFF1"><sup>1</sup></xref></contrib><contrib contrib-type="author"><name><surname>Eghbalnia</surname><given-names>Hamid R.</given-names></name><xref ref-type="aff" rid="AFF1"><sup>2</sup></xref></contrib><contrib contrib-type="author"><name><surname>Markley</surname><given-names>John L.</given-names></name><xref ref-type="aff" rid="AFF1"><sup>1</sup></xref><xref ref-type="corresp" rid="COR1"><sup>*</sup></xref></contrib></contrib-group><aff id="AFF1"><sup>1</sup> National Magnetic Resonance Facility at Madison and Biochemistry Department, University of Wisconsin-Madison, Madison, WI 53706 and <sup>2</sup> Department of Molecular and Cellular Physiology, University of Cincinnati, Cincinnati, OH 45267, USA</aff><author-notes><corresp id="COR1"><sup>*</sup>To whom correspondence should be addressed.</corresp><fn><p>Associate Editor: Burkhard Rost</p></fn></author-notes><pub-date pub-type="ppub"><day>15</day><month>8</month><year>2009</year></pub-date><pub-date pub-type="epub"><day>3</day><month>6</month><year>2009</year></pub-date><pub-date pub-type="pmc-release"><day>3</day><month>6</month><year>2009</year></pub-date><!-- PMC Release delay is 0 months and 0 days and was based on the
							<pub-date pub-type="epub"/>. --><volume>25</volume><issue>16</issue><fpage>2085</fpage><lpage>2087</lpage><history><date date-type="received"><day>10</day><month>4</month><year>2009</year></date><date date-type="rev-recd"><day>29</day><month>5</month><year>2009</year></date><date date-type="accepted"><day>29</day><month>5</month><year>2009</year></date></history><permissions><license license-type="creative-commons" xlink:href="http://creativecommons.org/licenses/by-nc/2.0/uk/"><license-p><!--CREATIVE COMMONS-->This is an Open Access article distributed under the terms of the Creative Commons Attribution Non-Commercial License (<ext-link ext-link-type="uri" xlink:href="http://creativecommons.org/licenses/by-nc/2.0/uk/">http://creativecommons.org/licenses/by-nc/2.0/uk/</ext-link>) which permits unrestricted non-commercial use, distribution, and reproduction in any medium, provided the original work is properly cited.</license-p></license></permissions><abstract><p><bold>Summary:</bold> PINE-SPARKY supports the rapid, user-friendly and efficient visualization of probabilistic assignments of NMR chemical shifts to specific atoms in the covalent structure of a protein in the context of experimental NMR spectra. PINE-SPARKY is based on the very popular SPARKY package for visualizing multidimensional NMR spectra (T. D. Goddard and D. G. Kneller, SPARKY 3, University of California, San Francisco). PINE-SPARKY consists of a converter (<italic>PINE2SPARKY</italic>), which takes the output from an automated PINE-NMR analysis and transforms it into SPARKY input, plus a number of SPARKY extensions. Assignments and their probabilities obtained in the PINE-NMR step are visualized as labels in SPARKY's spectrum view. Three SPARKY extensions (<italic>PINE Assigner</italic>, <italic>PINE Graph Assigner</italic>, and <italic>Assign the Best by PINE</italic>) serve to manipulate the labels that signify the assignments and their probabilities. <italic>PINE Assigner</italic> lists all possible assignments for a peak selected in the dialog box and enables the user to choose among these. A window in <italic>PINE Graph Assigner</italic> shows all atoms in a selected residue along with all atoms in its adjacent residues; in addition, it displays a ranked list of PINE-derived connectivity assignments to any selected atom. <italic>Assign the Best-by-PINE</italic> allows the user to choose a probability threshold and to automatically accept as “fixed” all assignments above that threshold; following this operation, only the less certain assignments need to be examined visually. Once assignments are fixed, the output files generated by PINE-SPARKY can be used as input to PINE-NMR for further refinements.</p><p><bold>Availability:</bold> The program, in the form of source code and binary code along with tutorials and reference manuals, is available at <ext-link ext-link-type="uri" xlink:href="http://pine.nmrfam.wisc.edu/PINE-SPARKY">http://pine.nmrfam.wisc.edu/PINE-SPARKY</ext-link>.</p><p><bold>Contact:</bold><email>whlee@nmrfam.wisc.edu</email>; <email>markley@nmrfam.wisc.edu</email></p></abstract></article-meta></front></article>