<article xmlns="https://dtd.nlm.nih.gov/ns/archiving/2.3/" xmlns:xsi="http://www.w3.org/2001/XMLSchema-instance" xmlns:mml="http://www.w3.org/1998/Math/MathML" xmlns:xlink="http://www.w3.org/1999/xlink" xsi:schemaLocation="https://dtd.nlm.nih.gov/ns/archiving/2.3/ https://dtd.nlm.nih.gov/archiving/2.3/xsd/archivearticle.xsd" article-type="research-article" xml:lang="EN"><front><journal-meta><journal-id journal-id-type="nlm-ta">Bioinformatics</journal-id><journal-id journal-id-type="publisher-id">bioinformatics</journal-id><journal-id journal-id-type="hwp">bioinfo</journal-id><journal-title>Bioinformatics</journal-title><issn pub-type="ppub">1367-4803</issn><issn pub-type="epub">1460-2059</issn><publisher><publisher-name>Oxford University Press</publisher-name></publisher></journal-meta><article-meta><article-id pub-id-type="accession">PMC2647840</article-id><article-id pub-id-type="pmcid">PMC2647840</article-id><article-id pub-id-type="pmc-uid">2647840</article-id><article-id pub-id-type="pmid">19147664</article-id><article-id pub-id-type="doi">10.1093/bioinformatics/btp025</article-id><article-id pub-id-type="publisher-id">btp025</article-id><article-categories><subj-group subj-group-type="heading"><subject>Applications Note</subject><subj-group><subject>Databases and Ontologies</subject></subj-group></subj-group></article-categories><title-group><article-title>MatrixDB, a database focused on extracellular protein–protein and protein–carbohydrate interactions</article-title></title-group><contrib-group><contrib contrib-type="author"><name><surname>Chautard</surname><given-names>Emilie</given-names></name><xref ref-type="aff" rid="AFF1"><sup>1</sup></xref></contrib><contrib contrib-type="author"><name><surname>Ballut</surname><given-names>Lionel</given-names></name><xref ref-type="aff" rid="AFF1"><sup>1</sup></xref></contrib><contrib contrib-type="author"><name><surname>Thierry-Mieg</surname><given-names>Nicolas</given-names></name><xref ref-type="aff" rid="AFF1"><sup>2</sup></xref><xref ref-type="corresp" rid="COR1">*</xref></contrib><contrib contrib-type="author"><name><surname>Ricard-Blum</surname><given-names>Sylvie</given-names></name><xref ref-type="aff" rid="AFF1"><sup>1</sup></xref><xref ref-type="corresp" rid="COR1">*</xref></contrib></contrib-group><aff id="AFF1"><sup>1</sup>UMR 5086 CNRS - Université Lyon 1, 7 passage du Vercors, 69367 Lyon Cedex 07 and <sup>2</sup>TIMC-IMAG, UMR 5525 CNRS - Université Grenoble 1, Faculté de Médecine, 38706 La Tronche Cedex, France</aff><author-notes><corresp id="COR1">*To whom correspondence should be addressed.</corresp><fn><p>Associate Editor: Burkhard Rost</p></fn></author-notes><pub-date pub-type="ppub"><day>1</day><month>3</month><year>2009</year></pub-date><pub-date pub-type="epub"><day>15</day><month>1</month><year>2009</year></pub-date><pub-date pub-type="pmc-release"><day>15</day><month>1</month><year>2009</year></pub-date><volume>25</volume><issue>5</issue><fpage>690</fpage><lpage>691</lpage><history><date date-type="received"><day>23</day><month>10</month><year>2008</year></date><date date-type="accepted"><day>8</day><month>1</month><year>2009</year></date></history><permissions><copyright-statement>© 2009 The Author(s)</copyright-statement><copyright-year>2009</copyright-year><license license-type="creative-commons" xlink:href="http://creativecommons.org/licenses/by-nc/2.0/uk/"><p><!--CREATIVE COMMONS-->This is an Open Access article distributed under the terms of the Creative Commons Attribution Non-Commercial License (<ext-link ext-link-type="uri" xlink:href="http://creativecommons.org/licenses/by-nc/2.0/uk/">http://creativecommons.org/licenses/by-nc/2.0/uk/</ext-link>) which permits unrestricted non-commercial use, distribution, and reproduction in any medium, provided the original work is properly cited.</p></license></permissions><abstract><p><bold>Summary:</bold> MatrixDB (<ext-link ext-link-type="uri" xlink:href="http://matrixdb.ibcp.fr">http://matrixdb.ibcp.fr</ext-link>) is a database reporting mammalian protein–protein and protein–carbohydrate interactions involving extracellular molecules. It takes into account the full interaction repertoire of the extracellular matrix involving full-length molecules, fragments and multimers. The current version of MatrixDB contains 1972 interactions corresponding to 4412 experiments and involving 259 extracellular biomolecules.</p><p><bold>Availability:</bold> MatrixDB is freely available at <ext-link ext-link-type="uri" xlink:href="http://matrixdb.ibcp.fr">http://matrixdb.ibcp.fr</ext-link></p><p><bold>Contact:</bold><email>nicolas.thierry-mieg@imag.fr</email>; <email>s.ricard-blum@ibcp.fr</email></p><p><bold>Supplementary information:</bold><ext-link ext-link-type="uri" xlink:href="http://bioinformatics.oxfordjournals.org/cgi/content/full/btp025/DC1">Supplementary data</ext-link> are available at <italic>Bioinformatics</italic> online.</p></abstract></article-meta></front></article>