<article xmlns="https://dtd.nlm.nih.gov/ns/archiving/2.3/" xmlns:xsi="http://www.w3.org/2001/XMLSchema-instance" xmlns:mml="http://www.w3.org/1998/Math/MathML" xmlns:xlink="http://www.w3.org/1999/xlink" xsi:schemaLocation="https://dtd.nlm.nih.gov/ns/archiving/2.3/ https://dtd.nlm.nih.gov/archiving/2.3/xsd/archivearticle.xsd" article-type="research-article" xml:lang="EN"><front><journal-meta><journal-id journal-id-type="nlm-ta">Bioinformatics</journal-id><journal-id journal-id-type="publisher-id">bioinformatics</journal-id><journal-id journal-id-type="hwp">bioinfo</journal-id><journal-title>Bioinformatics</journal-title><issn pub-type="ppub">1367-4803</issn><issn pub-type="epub">1460-2059</issn><publisher><publisher-name>Oxford University Press</publisher-name></publisher></journal-meta><article-meta><article-id pub-id-type="accession">PMC2682517</article-id><article-id pub-id-type="pmcid">PMC2682517</article-id><article-id pub-id-type="pmc-uid">2682517</article-id><article-id pub-id-type="pmid">19307240</article-id><article-id pub-id-type="doi">10.1093/bioinformatics/btp170</article-id><article-id pub-id-type="publisher-id">btp170</article-id><article-categories><subj-group subj-group-type="heading"><subject>Applications Note</subject><subj-group><subject>Systems Biology</subject></subj-group></subj-group></article-categories><title-group><article-title>SBML2L<sup><sc>a</sc></sup>T<sub>E</sub>X: Conversion of SBML files into human-readable reports</article-title></title-group><contrib-group><contrib contrib-type="author"><name><surname>Dräger</surname><given-names>Andreas</given-names></name><xref ref-type="aff" rid="AFF1"><sup>1</sup></xref><xref ref-type="corresp" rid="COR1">*</xref></contrib><contrib contrib-type="author"><name><surname>Planatscher</surname><given-names>Hannes</given-names></name><xref ref-type="aff" rid="AFF1"><sup>1</sup></xref></contrib><contrib contrib-type="author"><name><surname>Motsou Wouamba</surname><given-names>Dieudonné</given-names></name><xref ref-type="aff" rid="AFF1"><sup>1</sup></xref></contrib><contrib contrib-type="author"><name><surname>Schröder</surname><given-names>Adrian</given-names></name><xref ref-type="aff" rid="AFF1"><sup>1</sup></xref></contrib><contrib contrib-type="author"><name><surname>Hucka</surname><given-names>Michael</given-names></name><xref ref-type="aff" rid="AFF1"><sup>2</sup></xref></contrib><contrib contrib-type="author"><name><surname>Endler</surname><given-names>Lukas</given-names></name><xref ref-type="aff" rid="AFF1"><sup>3</sup></xref></contrib><contrib contrib-type="author"><name><surname>Golebiewski</surname><given-names>Martin</given-names></name><xref ref-type="aff" rid="AFF1"><sup>4</sup></xref></contrib><contrib contrib-type="author"><name><surname>Müller</surname><given-names>Wolfgang</given-names></name><xref ref-type="aff" rid="AFF1"><sup>4</sup></xref></contrib><contrib contrib-type="author"><name><surname>Zell</surname><given-names>Andreas</given-names></name><xref ref-type="aff" rid="AFF1"><sup>1</sup></xref></contrib></contrib-group><aff id="AFF1"><sup>1</sup>Center for Bioinformatics Tübingen (ZBIT), University of Tübingen, Tübingen, Germany, <sup>2</sup>Beckman Institute BNMC, California Institute of Technology, Pasadena, CA, USA, <sup>3</sup>European Bioinformatics Institute, Wellcome Trust Genome Campus, Hinxton, UK and <sup>4</sup>Scientific Databases and Visualization Group, EML Research gGmbH, Heidelberg, Germany</aff><author-notes><corresp id="COR1">*To whom correspondence should be addressed.</corresp><fn><p>Associate Editor: Alfonso Valencia</p></fn></author-notes><pub-date pub-type="ppub"><day>1</day><month>6</month><year>2009</year></pub-date><pub-date pub-type="epub"><day>23</day><month>3</month><year>2009</year></pub-date><pub-date pub-type="pmc-release"><day>23</day><month>3</month><year>2009</year></pub-date><!-- PMC Release delay is 0 months and 0 days and was based on the
			<pub-date pub-type="epub"/>. --><volume>25</volume><issue>11</issue><fpage>1455</fpage><lpage>1456</lpage><history><date date-type="received"><day>21</day><month>1</month><year>2009</year></date><date date-type="rev-recd"><day>27</day><month>2</month><year>2009</year></date><date date-type="accepted"><day>17</day><month>3</month><year>2009</year></date></history><permissions><copyright-statement>© 2009 The Author(s)</copyright-statement><copyright-year>2009</copyright-year><license license-type="creative-commons" xlink:href="http://creativecommons.org/licenses/by-nc/2.0/uk/"><p><!--CREATIVE COMMONS-->This is an Open Access article distributed under the terms of the Creative Commons Attribution Non-Commercial License (<ext-link ext-link-type="uri" xlink:href="http://creativecommons.org/licenses/by-nc/2.0/uk/">http://creativecommons.org/licenses/by-nc/2.0/uk/</ext-link>) which permits unrestricted non-commercial use, distribution, and reproduction in any medium, provided the original work is properly cited.</p></license></permissions><abstract><p><bold>Summary:</bold> The XML-based Systems Biology Markup Language (SBML) has emerged as a standard for storage, communication and interchange of models in systems biology. As a machine-readable format XML is difficult for humans to read and understand. Many tools are available that visualize the reaction pathways stored in SBML files, but many components, e.g. unit declarations, complex kinetic equations or links to MIRIAM resources, are often not made visible in these diagrams. For a broader understanding of the models, support in scientific writing and error detection, a human-readable report of the complete model is needed. We present SBML2L<sup><sc>a</sc></sup>T<sub>E</sub>X, a Java-based stand-alone program to fill this gap. A convenient web service allows users to directly convert SBML to various formats, including DVI, L<sup><sc>a</sc></sup>T<sub>E</sub>X and PDF, and provides many settings for customization.</p><p><bold>Availability:</bold> Source code, documentation and a web service are freely available at <ext-link ext-link-type="uri" xlink:href="http://www.ra.cs.uni-tuebingen.de/software/SBML2LaTeX">http://www.ra.cs.uni-tuebingen.de/software/SBML2LaTeX</ext-link>.</p><p><bold>Contact:</bold><email>andreas.draeger@uni-tuebingen.de</email></p><p><bold>Supplementary information:</bold><ext-link ext-link-type="uri" xlink:href="http://bioinformatics.oxfordjournals.org/cgi/content/full/btp170/DC1">Supplementary data</ext-link> are available at <italic>Bioinformatics</italic> online.</p></abstract></article-meta></front></article>