<article xmlns="https://dtd.nlm.nih.gov/ns/archiving/2.3/" xmlns:xsi="http://www.w3.org/2001/XMLSchema-instance" xmlns:mml="http://www.w3.org/1998/Math/MathML" xmlns:xlink="http://www.w3.org/1999/xlink" xsi:schemaLocation="https://dtd.nlm.nih.gov/ns/archiving/2.3/ https://dtd.nlm.nih.gov/archiving/2.3/xsd/archivearticle.xsd" article-type="research-article" xml:lang="EN"><front><journal-meta><journal-id journal-id-type="nlm-ta">Bioinformatics</journal-id><journal-id journal-id-type="publisher-id">bioinformatics</journal-id><journal-id journal-id-type="hwp">bioinfo</journal-id><journal-title>Bioinformatics</journal-title><issn pub-type="ppub">1367-4803</issn><issn pub-type="epub">1460-2059</issn><publisher><publisher-name>Oxford University Press</publisher-name></publisher></journal-meta><article-meta><article-id pub-id-type="accession">PMC2647827</article-id><article-id pub-id-type="pmcid">PMC2647827</article-id><article-id pub-id-type="pmc-uid">2647827</article-id><article-id pub-id-type="pmid">19168912</article-id><article-id pub-id-type="doi">10.1093/bioinformatics/btp043</article-id><article-id pub-id-type="publisher-id">btp043</article-id><article-categories><subj-group subj-group-type="heading"><subject>Original Papers</subject><subj-group><subject>Genome Analysis</subject></subj-group></subj-group></article-categories><title-group><article-title>Variable locus length in the human genome leads to ascertainment bias in functional inference for non-coding elements</article-title></title-group><contrib-group><contrib contrib-type="author"><name><surname>Taher</surname><given-names>Leila</given-names></name></contrib><contrib contrib-type="author"><name><surname>Ovcharenko</surname><given-names>Ivan</given-names></name><xref ref-type="corresp" rid="COR1">*</xref></contrib></contrib-group><aff>Computational Biology Branch, National Center for Biotechnology Information, National Library of Medicine, National Institutes of Health, 8600 Rockville Pike, Bethesda, MD 20894, USA</aff><author-notes><corresp id="COR1">*To whom correspondence should be addressed.</corresp><fn><p>Associate Editor: Alex Bateman</p></fn></author-notes><pub-date pub-type="ppub"><day>1</day><month>3</month><year>2009</year></pub-date><pub-date pub-type="epub"><day>25</day><month>1</month><year>2009</year></pub-date><pub-date pub-type="pmc-release"><day>25</day><month>1</month><year>2009</year></pub-date><volume>25</volume><issue>5</issue><fpage>578</fpage><lpage>584</lpage><history><date date-type="received"><day>4</day><month>11</month><year>2008</year></date><date date-type="rev-recd"><day>12</day><month>1</month><year>2009</year></date><date date-type="accepted"><day>18</day><month>1</month><year>2009</year></date></history><permissions><copyright-statement>© 2009 The Author(s)</copyright-statement><copyright-year>2009</copyright-year><license license-type="creative-commons" xlink:href="http://creativecommons.org/licenses/by-nc/2.0/uk/"><p><!--CREATIVE COMMONS-->This is an Open Access article distributed under the terms of the Creative Commons Attribution Non-Commercial License (<ext-link ext-link-type="uri" xlink:href="http://creativecommons.org/licenses/by-nc/2.0/uk/">http://creativecommons.org/licenses/by-nc/2.0/uk/</ext-link>) which permits unrestricted non-commercial use, distribution, and reproduction in any medium, provided the original work is properly cited.</p></license></permissions><abstract><p><bold>Motivation:</bold> Several functional gene annotation databases have been developed in the recent years, and are widely used to infer the biological function of gene sets, by scrutinizing the attributes that appear over- and underrepresented. However, this strategy is not directly applicable to the study of non-coding DNA, as the non-coding sequence span varies greatly among different gene loci in the human genome and longer loci have a higher likelihood of being selected purely by chance. Therefore, conclusions involving the function of non-coding elements that are drawn based on the annotation of neighboring genes are often biased. We assessed the systematic bias in several particular Gene Ontology (GO) categories using the standard hypergeometric test, by randomly sampling non-coding elements from the human genome and inferring their function based on the functional annotation of the closest genes. While no category is expected to occur significantly over- or underrepresented for a random selection of elements, categories such as ‘cell adhesion’, ‘nervous system development’ and ‘transcription factor activities’ appeared to be systematically overrepresented, while others such as ‘olfactory receptor activity’—underrepresented.
        </p><p><bold>Results:</bold> Our results suggest that functional inference for non-coding elements using gene annotation databases requires a special correction. We introduce a set of correction coefficients for the probabilities of the GO categories that accounts for the variability in the length of the non-coding DNA across different loci and effectively eliminates the ascertainment bias from the functional characterization of non-coding elements. Our approach can be easily generalized to any other gene annotation database.
        </p><p><bold>Contact:</bold><email>ovcharei@ncbi.nlm.nih.gov</email></p><p><bold>Supplementary information:</bold><ext-link ext-link-type="uri" xlink:href="http://bioinformatics.oxfordjournals.org/cgi/content/full/btp043/DC1">Supplementary data</ext-link> are available at Bioinformatics Online.
        </p></abstract></article-meta></front></article>