<article xmlns="https://jats.nlm.nih.gov/ns/archiving/1.2/" xmlns:xsi="http://www.w3.org/2001/XMLSchema-instance" xmlns:mml="http://www.w3.org/1998/Math/MathML" xmlns:xlink="http://www.w3.org/1999/xlink" xsi:schemaLocation="https://jats.nlm.nih.gov/ns/archiving/1.2/ https://jats.nlm.nih.gov/archiving/1.2/xsd/JATS-archivearticle1.xsd" article-type="research-article"><front><journal-meta><journal-id journal-id-type="nlm-ta">Bioinformatics</journal-id><journal-id journal-id-type="publisher-id">bioinformatics</journal-id><journal-id journal-id-type="hwp">bioinfo</journal-id><journal-title-group><journal-title>Bioinformatics</journal-title></journal-title-group><issn pub-type="ppub">1367-4803</issn><issn pub-type="epub">1460-2059</issn><publisher><publisher-name>Oxford University Press</publisher-name></publisher></journal-meta><article-meta><article-id pub-id-type="accession">PMC2735661</article-id><article-id pub-id-type="pmcid">PMC2735661</article-id><article-id pub-id-type="pmc-uid">2735661</article-id><article-id pub-id-type="pmid">19561335</article-id><article-id pub-id-type="doi">10.1093/bioinformatics/btp398</article-id><article-id pub-id-type="publisher-id">btp398</article-id><article-categories><subj-group subj-group-type="heading"><subject>Applications Note</subject><subj-group><subject>Systems Biology</subject></subj-group></subj-group></article-categories><title-group><article-title>ITM Probe: analyzing information flow in protein networks</article-title></title-group><contrib-group><contrib contrib-type="author"><name><surname>Stojmirović</surname><given-names>Aleksandar</given-names></name></contrib><contrib contrib-type="author"><name><surname>Yu</surname><given-names>Yi-Kuo</given-names></name><xref ref-type="corresp" rid="COR1">*</xref></contrib></contrib-group><aff>National Center for Biotechnology Information, National Library of Medicine, National Institutes of Health, Bethesda, MD 20894, USA</aff><author-notes><corresp id="COR1">*To whom correspondence should be addressed.</corresp><fn><p>Associate Editor: Burkhard Rost</p></fn></author-notes><pub-date pub-type="ppub"><day>15</day><month>9</month><year>2009</year></pub-date><pub-date pub-type="epub"><day>27</day><month>6</month><year>2009</year></pub-date><pub-date pub-type="pmc-release"><day>27</day><month>6</month><year>2009</year></pub-date><!-- PMC Release delay is 0 months and 0 days and was based on the
							<pub-date pub-type="epub"/>. --><volume>25</volume><issue>18</issue><fpage>2447</fpage><lpage>2449</lpage><history><date date-type="received"><day>21</day><month>4</month><year>2009</year></date><date date-type="rev-recd"><day>10</day><month>6</month><year>2009</year></date><date date-type="accepted"><day>23</day><month>6</month><year>2009</year></date></history><permissions><license license-type="creative-commons" xlink:href="http://creativecommons.org/licenses/by-nc/2.0/uk/"><license-p><!--CREATIVE COMMONS-->This is an Open Access article distributed under the terms of the Creative Commons Attribution Non-Commercial License (<ext-link ext-link-type="uri" xlink:href="http://creativecommons.org/licenses/by-nc/2.0/uk/">http://creativecommons.org/licenses/by-nc/2.0/uk/</ext-link>) which permits unrestricted non-commercial use, distribution, and reproduction in any medium, provided the original work is properly cited.</license-p></license></permissions><abstract><p><bold>Summary:</bold> Founded upon diffusion with damping, <italic>ITM Probe</italic> is an application for modeling information flow in protein interaction networks without prior restriction to the sub-network of interest. Given a context consisting of desired origins and destinations of information, <italic>ITM Probe</italic> returns the set of most relevant proteins with weights and a graphical representation of the corresponding sub-network. With a click, the user may send the resulting protein list for enrichment analysis to facilitate hypothesis formation or confirmation.</p><p><bold>Availability:</bold><italic>ITM Probe</italic> web service and documentation can be found at <ext-link ext-link-type="uri" xlink:href="www.ncbi.nlm.nih.gov/CBBresearch/qmbp/mn/itm_probe">www.ncbi.nlm.nih.gov/CBBresearch/qmbp/mn/itm_probe</ext-link></p><p><bold>Contact:</bold><email>yyu@ncbi.nlm.nih.gov</email></p></abstract></article-meta></front></article>