<article xmlns="https://jats.nlm.nih.gov/ns/archiving/1.2/" xmlns:xsi="http://www.w3.org/2001/XMLSchema-instance" xmlns:mml="http://www.w3.org/1998/Math/MathML" xmlns:xlink="http://www.w3.org/1999/xlink" xsi:schemaLocation="https://jats.nlm.nih.gov/ns/archiving/1.2/ https://jats.nlm.nih.gov/archiving/1.2/xsd/JATS-archivearticle1.xsd" article-type="research-article"><front><journal-meta><journal-id journal-id-type="nlm-ta">Bioinformatics</journal-id><journal-id journal-id-type="publisher-id">bioinformatics</journal-id><journal-id journal-id-type="hwp">bioinfo</journal-id><journal-title-group><journal-title>Bioinformatics</journal-title></journal-title-group><issn pub-type="ppub">1367-4803</issn><issn pub-type="epub">1460-2059</issn><publisher><publisher-name>Oxford University Press</publisher-name></publisher></journal-meta><article-meta><article-id pub-id-type="accession">PMC2718621</article-id><article-id pub-id-type="pmcid">PMC2718621</article-id><article-id pub-id-type="pmc-uid">2718621</article-id><article-id pub-id-type="pmid">18586741</article-id><article-id pub-id-type="pmid">18586741</article-id><article-id pub-id-type="doi">10.1093/bioinformatics/btn143</article-id><article-id pub-id-type="publisher-id">btn143</article-id><article-categories><subj-group subj-group-type="heading"><subject>Ismb 2008 Conference Proceedings 19–23 July 2008, Toronto</subject><subj-group><subject>Original Papers</subject><subj-group><subject>Bioinformatics of Disease</subject></subj-group></subj-group></subj-group></article-categories><title-group><article-title>Reversible jump MCMC approach for peak identification for stroke SELDI mass spectrometry using mixture model</article-title></title-group><contrib-group><contrib contrib-type="author"><name><surname>Wang</surname><given-names>Yuan</given-names></name><xref ref-type="aff" rid="AFF1"><sup>1</sup></xref><xref ref-type="aff" rid="AFF1"><sup>2</sup></xref></contrib><contrib contrib-type="author"><name><surname>Zhou</surname><given-names>Xiaobo</given-names></name><xref ref-type="aff" rid="AFF1"><sup>1</sup></xref><xref ref-type="corresp" rid="COR1">*</xref></contrib><contrib contrib-type="author"><name><surname>Wang</surname><given-names>Honghui</given-names></name><xref ref-type="aff" rid="AFF1"><sup>3</sup></xref></contrib><contrib contrib-type="author"><name><surname>Li</surname><given-names>King</given-names></name><xref ref-type="aff" rid="AFF1"><sup>1</sup></xref></contrib><contrib contrib-type="author"><name><surname>Yao</surname><given-names>Lixiu</given-names></name><xref ref-type="aff" rid="AFF1"><sup>2</sup></xref></contrib><contrib contrib-type="author"><name><surname>Wong</surname><given-names>Stephen T.C.</given-names></name><xref ref-type="aff" rid="AFF1"><sup>1</sup></xref></contrib></contrib-group><aff id="AFF1"><sup>1</sup>Center for Biotechnology and Informatics (CBI), The Methodist Hospital Research Institute, and Department of Radiology, The Methodist Hospital, Weill Cornell Medical College, Houston, TX 77030, USA, <sup>2</sup>School of Electronics, Information and Electrical Engineering, Shanghai Jiao Tong University, China and <sup>3</sup>Critical Care Medicine Department, Clinical Center, National Institutes of Health, Bethesda, MD 20892, USA</aff><author-notes><corresp id="COR1">*To whom correspondence should be addressed.</corresp></author-notes><pub-date pub-type="ppub"><day>1</day><month>7</month><year>2008</year></pub-date><pub-date pub-type="pmc-release"><day>1</day><month>7</month><year>2008</year></pub-date><!-- PMC Release delay is 0 months and 0 days and was based on the
							<pub-date pub-type="ppub"/>. --><volume>24</volume><issue>13</issue><fpage>i407</fpage><lpage>i413</lpage><permissions><copyright-statement>© 2008 The Author(s)</copyright-statement><copyright-year>2008</copyright-year><license license-type="creative-commons" xlink:href="http://creativecommons.org/licenses/by-nc/2.0/uk/"><license-p><!--CREATIVE COMMONS-->This is an Open Access article distributed under the terms of the Creative Commons Attribution Non-Commercial License (<ext-link ext-link-type="uri" xlink:href="http://creativecommons.org/licenses/by-nc/2.0/uk/">http://creativecommons.org/licenses/by-nc/2.0/uk/</ext-link>) which permits unrestricted non-commercial use, distribution, and reproduction in any medium, provided the original work is properly cited.</license-p></license></permissions><abstract><p>Mass spectrometry (MS) has shown great potential in detecting disease-related biomarkers for early diagnosis of stroke. To discover potential biomarkers from large volume of noisy MS data, peak detection must be performed first. This article proposes a novel automatic peak detection method for the stroke MS data. In this method, a mixture model is proposed to model the spectrum. Bayesian approach is used to estimate parameters of the mixture model, and Markov chain Monte Carlo method is employed to perform Bayesian inference. By introducing a reversible jump method, we can automatically estimate the number of peaks in the model. Instead of separating peak detection into substeps, the proposed peak detection method can do baseline correction, denoising and peak identification simultaneously. Therefore, it minimizes the risk of introducing irrecoverable bias and errors from each substep. In addition, this peak detection method does not require a manually selected denoising threshold. Experimental results on both simulated dataset and stroke MS dataset show that the proposed peak detection method not only has the ability to detect small signal-to-noise ratio peaks, but also greatly reduces false detection rate while maintaining the same sensitivity.</p><p><bold>Contact:</bold><email>XZhou@tmhs.org</email></p></abstract></article-meta></front></article>