<article xmlns="https://dtd.nlm.nih.gov/ns/archiving/2.3/" xmlns:xsi="http://www.w3.org/2001/XMLSchema-instance" xmlns:mml="http://www.w3.org/1998/Math/MathML" xmlns:xlink="http://www.w3.org/1999/xlink" xsi:schemaLocation="https://dtd.nlm.nih.gov/ns/archiving/2.3/ https://dtd.nlm.nih.gov/archiving/2.3/xsd/archivearticle.xsd" article-type="research-article" xml:lang="EN"><front><journal-meta><journal-id journal-id-type="nlm-ta">Bioinformatics</journal-id><journal-id journal-id-type="publisher-id">bioinformatics</journal-id><journal-id journal-id-type="hwp">bioinfo</journal-id><journal-title>Bioinformatics</journal-title><issn pub-type="ppub">1367-4803</issn><issn pub-type="epub">1460-2059</issn><publisher><publisher-name>Oxford University Press</publisher-name></publisher></journal-meta><article-meta><article-id pub-id-type="accession">PMC2682514</article-id><article-id pub-id-type="pmcid">PMC2682514</article-id><article-id pub-id-type="pmc-uid">2682514</article-id><article-id pub-id-type="pmid">19307239</article-id><article-id pub-id-type="doi">10.1093/bioinformatics/btp167</article-id><article-id pub-id-type="publisher-id">btp167</article-id><article-categories><subj-group subj-group-type="heading"><subject>Applications Note</subject><subj-group><subject>Data and Text Mining</subject></subj-group></subj-group></article-categories><title-group><article-title>KEGGgraph: a graph approach to KEGG PATHWAY in R and bioconductor</article-title></title-group><contrib-group><contrib contrib-type="author"><name><surname>Zhang</surname><given-names>Jitao David</given-names></name><xref ref-type="corresp" rid="COR1">*</xref></contrib><contrib contrib-type="author"><name><surname>Wiemann</surname><given-names>Stefan</given-names></name></contrib></contrib-group><aff>Division of Molecular Genome Analysis, German Cancer Research Center (DKFZ), INF 580, 69120 Heidelberg, Germany</aff><author-notes><corresp id="COR1">*To whom correspondence should be addressed.</corresp><fn><p>Associate Editor: Thomas Lengauer</p></fn></author-notes><pub-date pub-type="ppub"><day>1</day><month>6</month><year>2009</year></pub-date><pub-date pub-type="epub"><day>23</day><month>3</month><year>2009</year></pub-date><pub-date pub-type="pmc-release"><day>23</day><month>3</month><year>2009</year></pub-date><!-- PMC Release delay is 0 months and 0 days and was based on the
			<pub-date pub-type="epub"/>. --><volume>25</volume><issue>11</issue><fpage>1470</fpage><lpage>1471</lpage><history><date date-type="received"><day>15</day><month>12</month><year>2008</year></date><date date-type="rev-recd"><day>23</day><month>2</month><year>2009</year></date><date date-type="accepted"><day>19</day><month>3</month><year>2009</year></date></history><permissions><copyright-statement>© 2009 The Author(s)</copyright-statement><copyright-year>2009</copyright-year><license license-type="creative-commons" xlink:href="http://creativecommons.org/licenses/by-nc/2.0/uk/"><p><!--CREATIVE COMMONS-->This is an Open Access article distributed under the terms of the Creative Commons Attribution Non-Commercial License (<ext-link ext-link-type="uri" xlink:href="http://creativecommons.org/licenses/by-nc/2.0/uk/">http://creativecommons.org/licenses/by-nc/2.0/uk/</ext-link>) which permits unrestricted non-commercial use, distribution, and reproduction in any medium, provided the original work is properly cited.</p></license></permissions><abstract><p><bold>Motivation:</bold> KEGG PATHWAY is a service of Kyoto Encyclopedia of Genes and Genomes (KEGG), constructing manually curated pathway maps that represent current knowledge on biological networks in graph models. While valuable graph tools have been implemented in R/Bioconductor, to our knowledge there is currently no software package to parse and analyze KEGG pathways with graph theory.</p><p><bold>Results:</bold> We introduce the software package KEGGgraph in R and Bioconductor, an interface between KEGG pathways and graph models as well as a collection of tools for these graphs. Superior to existing approaches, KEGGgraph captures the pathway topology and allows further analysis or dissection of pathway graphs. We demonstrate the use of the package by the case study of analyzing human pancreatic cancer pathway.</p><p><bold>Availability:</bold>KEGGgraph is freely available at the Bioconductor web site (<ext-link ext-link-type="uri" xlink:href="http://www.bioconductor.org">http://www.bioconductor.org</ext-link>). KGML files can be downloaded from KEGG FTP site (<ext-link ext-link-type="ftp" xlink:href="ftp://ftp.genome.jp/pub/kegg/xml">ftp://ftp.genome.jp/pub/kegg/xml</ext-link>).</p><p><bold>Contact:</bold><email>j.zhang@dkfz-heidelberg.de</email></p><p><bold>Supplementary information:</bold><ext-link ext-link-type="uri" xlink:href="http://bioinformatics.oxfordjournals.org/cgi/content/full/btp167/DC1">Supplementary data</ext-link> are available at <italic>Bioinformatics</italic> online.</p></abstract></article-meta></front></article>