<article xmlns="https://dtd.nlm.nih.gov/ns/archiving/2.3/" xmlns:xsi="http://www.w3.org/2001/XMLSchema-instance" xmlns:mml="http://www.w3.org/1998/Math/MathML" xmlns:xlink="http://www.w3.org/1999/xlink" xsi:schemaLocation="https://dtd.nlm.nih.gov/ns/archiving/2.3/ https://dtd.nlm.nih.gov/archiving/2.3/xsd/archivearticle.xsd" article-type="research-article" xml:lang="EN"><front><journal-meta><journal-id journal-id-type="nlm-ta">Bioinformatics</journal-id><journal-id journal-id-type="publisher-id">bioinformatics</journal-id><journal-id journal-id-type="hwp">bioinfo</journal-id><journal-title>Bioinformatics</journal-title><issn pub-type="ppub">1367-4803</issn><issn pub-type="epub">1460-2059</issn><publisher><publisher-name>Oxford University Press</publisher-name></publisher></journal-meta><article-meta><article-id pub-id-type="accession">PMC2639270</article-id><article-id pub-id-type="pmcid">PMC2639270</article-id><article-id pub-id-type="pmc-uid">2639270</article-id><article-id pub-id-type="pmid">18818215</article-id><article-id pub-id-type="doi">10.1093/bioinformatics/btn507</article-id><article-id pub-id-type="publisher-id">btn507</article-id><article-id pub-id-type="pmid">18818215</article-id><article-categories><subj-group subj-group-type="heading"><subject>Applications Note</subject><subj-group><subject>Structural Bioinformatics</subject></subj-group></subj-group></article-categories><title-group><article-title>Searching protein structure databases with DaliLite v.3</article-title></title-group><contrib-group><contrib contrib-type="author"><name><surname>Holm</surname><given-names>L.</given-names></name><xref ref-type="aff" rid="AFF1"><sup>1</sup></xref><xref ref-type="aff" rid="AFF1"><sup>2</sup></xref><xref ref-type="corresp" rid="COR1">*</xref></contrib><contrib contrib-type="author"><name><surname>Kääriäinen</surname><given-names>S.</given-names></name><xref ref-type="aff" rid="AFF1"><sup>2</sup></xref></contrib><contrib contrib-type="author"><name><surname>Rosenström</surname><given-names>P.</given-names></name><xref ref-type="aff" rid="AFF1"><sup>2</sup></xref></contrib><contrib contrib-type="author"><name><surname>Schenkel</surname><given-names>A.</given-names></name><xref ref-type="aff" rid="AFF1"><sup>2</sup></xref></contrib></contrib-group><aff id="AFF1"><sup>1</sup>Department of Biological and Environmental Sciences, and <sup>2</sup>Institute of Biotechnology, P.O.Box 56 (Viikinkaari 5), 00014 University of Helsinki, Finland</aff><author-notes><corresp id="COR1">*To whom correspondence should be addressed.</corresp><fn><p>Associate Editor: Thomas Lengauer</p></fn></author-notes><pub-date pub-type="ppub"><day>1</day><month>12</month><year>2008</year></pub-date><pub-date pub-type="epub"><day>25</day><month>9</month><year>2008</year></pub-date><pub-date pub-type="pmc-release"><day>25</day><month>9</month><year>2008</year></pub-date><volume>24</volume><issue>23</issue><fpage>2780</fpage><lpage>2781</lpage><history><date date-type="received"><day>10</day><month>6</month><year>2008</year></date><date date-type="rev-recd"><day>14</day><month>8</month><year>2008</year></date><date date-type="accepted"><day>22</day><month>9</month><year>2008</year></date></history><permissions><copyright-statement>© 2008 The Author(s)</copyright-statement><copyright-year>2008</copyright-year><license license-type="creative-commons" xlink:href="http://creativecommons.org/licenses/by-nc/2.0/uk/"><p><!--CREATIVE COMMONS-->This is an Open Access article distributed under the terms of the Creative Commons Attribution Non-Commercial License (<ext-link ext-link-type="uri" xlink:href="http://creativecommons.org/licenses/by-nc/2.0/uk/">http://creativecommons.org/licenses/by-nc/2.0/uk/</ext-link>) which permits unrestricted non-commercial use, distribution, and reproduction in any medium, provided the original work is properly cited.</p></license></permissions><abstract><p>The Red Queen said, ‘It takes all the running you can do, to keep in the same place.’ Lewis Carrol</p><p><bold>Motivation:</bold> Newly solved protein structures are routinely scanned against structures already in the Protein Data Bank (PDB) using Internet servers. In favourable cases, comparing 3D structures may reveal biologically interesting similarities that are not detectable by comparing sequences. The number of known structures continues to grow exponentially. Sensitive—thorough but slow—search algorithms are challenged to deliver results in a reasonable time, as there are now more structures in the PDB than seconds in a day. The brute-force solution would be to distribute the individual comparisons on a massively parallel computer. A frugal solution, as implemented in the Dali server, is to reduce the total computational cost by pruning search space using prior knowledge about the distribution of structures in fold space. This note reports paradigm revisions that enable maintaining such a knowledge base up-to-date on a PC.</p><p><bold>Availability:</bold> The Dali server for protein structure database searching at <ext-link ext-link-type="uri" xlink:href="http://ekhidna.biocenter.helsinki.fi/dali_server">http://ekhidna.biocenter.helsinki.fi/dali_server</ext-link> is running DaliLite v.3. The software can be downloaded for academic use from <ext-link ext-link-type="uri" xlink:href="http://ekhidna.biocenter.helsinki.fi/dali_lite/downloads/v3">http://ekhidna.biocenter.helsinki.fi/dali_lite/downloads/v3</ext-link>.</p><p><bold>Contact:</bold><email>liisa.holm@helsinki.fi</email></p></abstract></article-meta></front></article>