<article xmlns="https://dtd.nlm.nih.gov/ns/archiving/2.3/" xmlns:xsi="http://www.w3.org/2001/XMLSchema-instance" xmlns:mml="http://www.w3.org/1998/Math/MathML" xmlns:xlink="http://www.w3.org/1999/xlink" xsi:schemaLocation="https://dtd.nlm.nih.gov/ns/archiving/2.3/ https://dtd.nlm.nih.gov/archiving/2.3/xsd/archivearticle.xsd" article-type="research-article" xml:lang="EN"><front><journal-meta><journal-id journal-id-type="nlm-ta">Bioinformatics</journal-id><journal-id journal-id-type="publisher-id">bioinformatics</journal-id><journal-id journal-id-type="hwp">bioinfo</journal-id><journal-title>Bioinformatics</journal-title><issn pub-type="ppub">1367-4803</issn><issn pub-type="epub">1460-2059</issn><publisher><publisher-name>Oxford University Press</publisher-name></publisher></journal-meta><article-meta><article-id pub-id-type="accession">PMC2654799</article-id><article-id pub-id-type="pmcid">PMC2654799</article-id><article-id pub-id-type="pmc-uid">2654799</article-id><article-id pub-id-type="pmid">19181683</article-id><article-id pub-id-type="doi">10.1093/bioinformatics/btp059</article-id><article-id pub-id-type="publisher-id">btp059</article-id><article-categories><subj-group subj-group-type="heading"><subject>Applications Note</subject><subj-group><subject>Systems Biology</subject></subj-group></subj-group></article-categories><title-group><article-title>CORNA: testing gene lists for regulation by microRNAs</article-title></title-group><contrib-group><contrib contrib-type="author"><name><surname>Wu</surname><given-names>X.</given-names></name><xref ref-type="corresp" rid="COR1">*</xref></contrib><contrib contrib-type="author"><name><surname>Watson</surname><given-names>M</given-names></name></contrib></contrib-group><aff>Bioinformatics Group, Institute for Animal Health, Compton, RG20 7NN, UK</aff><author-notes><corresp id="COR1">*To whom correspondence should be addressed.</corresp><fn><p>Associate Editor: Ivo Hofacker</p></fn></author-notes><pub-date pub-type="ppub"><day>15</day><month>3</month><year>2009</year></pub-date><pub-date pub-type="epub"><day>29</day><month>1</month><year>2009</year></pub-date><pub-date pub-type="pmc-release"><day>29</day><month>1</month><year>2009</year></pub-date><volume>25</volume><issue>6</issue><fpage>832</fpage><lpage>833</lpage><history><date date-type="received"><day>19</day><month>11</month><year>2008</year></date><date date-type="rev-recd"><day>6</day><month>1</month><year>2009</year></date><date date-type="accepted"><day>25</day><month>1</month><year>2009</year></date></history><permissions><copyright-statement>© 2009 The Author(s)</copyright-statement><copyright-year>2009</copyright-year><license license-type="creative-commons" xlink:href="http://creativecommons.org/licenses/by-nc/2.0/uk/"><p><!--CREATIVE COMMONS-->This is an Open Access article distributed under the terms of the Creative Commons Attribution Non-Commercial License (<ext-link ext-link-type="uri" xlink:href="http://creativecommons.org/licenses/by-nc/2.0/uk/">http://creativecommons.org/licenses/by-nc/2.0/uk/</ext-link>) which permits unrestricted non-commercial use, distribution, and reproduction in any medium, provided the original work is properly cited.</p></license></permissions><abstract><p><bold>Motivation:</bold> With the increasing use of post-genomics techniques to examine a wide variety of biological systems in laboratories throughout the world, scientists are often presented with lists of genes that they must make sense of. A consistently challenging problem is that of defining co-regulated genes within those gene lists. In recent years, microRNAs have emerged as a mechanism for regulating several cellular processes. In this article, we report on how gene lists and microRNA targets data may be integrated to test for significant associations between gene lists and microRNAs.</p><p><bold>Results:</bold> We discuss CORNA, a package written in R and released under the GNU GPL, which allows users to test gene lists for significant microRNA–target associations using one of three separate statistical tests, to link microRNA targets to functional annotation and to visualize quantitative data associated with those data.</p><p><bold>Availability:</bold> CORNA is available as an R package from <ext-link ext-link-type="uri" xlink:href="http://corna.sf.net">http://corna.sf.net</ext-link></p><p><bold>Contact:</bold><email>xikun.wu@bbsrc.ac.uk</email></p></abstract></article-meta></front></article>