<article xmlns="https://dtd.nlm.nih.gov/ns/archiving/2.3/" xmlns:xsi="http://www.w3.org/2001/XMLSchema-instance" xmlns:mml="http://www.w3.org/1998/Math/MathML" xmlns:xlink="http://www.w3.org/1999/xlink" xsi:schemaLocation="https://dtd.nlm.nih.gov/ns/archiving/2.3/ https://dtd.nlm.nih.gov/archiving/2.3/xsd/archivearticle.xsd" article-type="research-article" xml:lang="EN"><front><journal-meta><journal-id journal-id-type="nlm-ta">Bioinformatics</journal-id><journal-id journal-id-type="publisher-id">bioinformatics</journal-id><journal-id journal-id-type="hwp">bioinfo</journal-id><journal-title>Bioinformatics</journal-title><issn pub-type="ppub">1367-4803</issn><issn pub-type="epub">1460-2059</issn><publisher><publisher-name>Oxford University Press</publisher-name></publisher></journal-meta><article-meta><article-id pub-id-type="accession">PMC2647825</article-id><article-id pub-id-type="pmcid">PMC2647825</article-id><article-id pub-id-type="pmc-uid">2647825</article-id><article-id pub-id-type="pmid">19179357</article-id><article-id pub-id-type="doi">10.1093/bioinformatics/btp020</article-id><article-id pub-id-type="publisher-id">btp020</article-id><article-categories><subj-group subj-group-type="heading"><subject>Applications Note</subject><subj-group><subject>Structural Bioinformatics</subject></subj-group></subj-group></article-categories><title-group><article-title>SECISaln, a web-based tool for the creation of structure-based alignments of eukaryotic SECIS elements</article-title></title-group><contrib-group><contrib contrib-type="author"><name><surname>Chapple</surname><given-names>Charles E.</given-names></name><xref ref-type="aff" rid="AFF1"><sup>1</sup></xref><xref ref-type="corresp" rid="COR1">*</xref></contrib><contrib contrib-type="author"><name><surname>Guigó</surname><given-names>Roderic</given-names></name><xref ref-type="aff" rid="AFF1"><sup>1</sup></xref><xref ref-type="aff" rid="AFF1"><sup>2</sup></xref></contrib><contrib contrib-type="author"><name><surname>Krol</surname><given-names>Alain</given-names></name><xref ref-type="aff" rid="AFF1"><sup>3</sup></xref></contrib></contrib-group><aff id="AFF1"><sup>1</sup>Institut Municipal d'Investigació Médica, <sup>2</sup>Centre de Regulació Genómica, Universitat Pompeu Fabra and Parc de Recerca Biomedica de Barcelona, Carrer del Doctor Aiguader 88, 08003, Barcelona, Catalonia, Spain and <sup>3</sup>Unité Architecture et Réactivité de l′ARN, Université Louis Pasteur de Strasbourg, CNRS, 15 rue René Descartes, F-67084 Strasbourg, France</aff><author-notes><corresp id="COR1">*To whom correspondence should be addressed.</corresp><fn><p>Associate Editor: Ivo Hafacker</p></fn></author-notes><pub-date pub-type="ppub"><day>1</day><month>3</month><year>2009</year></pub-date><pub-date pub-type="epub"><day>29</day><month>1</month><year>2009</year></pub-date><pub-date pub-type="pmc-release"><day>29</day><month>1</month><year>2009</year></pub-date><volume>25</volume><issue>5</issue><fpage>674</fpage><lpage>675</lpage><history><date date-type="received"><day>7</day><month>10</month><year>2008</year></date><date date-type="rev-recd"><day>18</day><month>12</month><year>2008</year></date><date date-type="accepted"><day>7</day><month>1</month><year>2009</year></date></history><permissions><copyright-statement>© 2009 The Author(s)</copyright-statement><copyright-year>2009</copyright-year><license license-type="creative-commons" xlink:href="http://creativecommons.org/licenses/by-nc/2.0/uk/"><p><!--CREATIVE COMMONS-->This is an Open Access article distributed under the terms of the Creative Commons Attribution Non-Commercial License (<ext-link ext-link-type="uri" xlink:href="http://creativecommons.org/licenses/by-nc/2.0/uk/">http://creativecommons.org/licenses/by-nc/2.0/uk/</ext-link>) which permits unrestricted non-commercial use, distribution, and reproduction in any medium, provided the original work is properly cited.</p></license></permissions><abstract><p><bold>Summary:</bold> Selenoproteins contain the 21st amino acid selenocysteine which is encoded by an inframe UGA codon, usually read as a stop. In eukaryotes, its co-translational recoding requires the presence of an RNA stem–loop structure, the SECIS element in the 3 untranslated region of (UTR) selenoprotein mRNAs. Despite little sequence conservation, SECIS elements share the same overall secondary structure. Until recently, the lack of a significantly high number of selenoprotein mRNA sequences hampered the identification of other potential sequence conservation. In this work, the web-based tool SECISaln provides for the first time an extensive structure-based sequence alignment of SECIS elements resulting from the well-defined secondary structure of the SECIS RNA and the increased size of the eukaryotic selenoproteome. We have used SECISaln to improve our knowledge of SECIS secondary structure and to discover novel, conserved nucleotide positions and we believe it will be a useful tool for the selenoprotein and RNA scientific communities.</p><p><bold>Availability:</bold> SECISaln is freely available as a web-based tool at <ext-link ext-link-type="uri" xlink:href="http://genome.crg.es/software/secisaln/">http://genome.crg.es/software/secisaln/</ext-link>.</p><p><bold>Contact:</bold><email>charles.chapple@crg.es</email></p><p><bold>Supplementary information:</bold><ext-link ext-link-type="uri" xlink:href="http://bioinformatics.oxfordjournals.org/cgi/content/full/btp020/DC1">Supplementary data</ext-link> are available at <italic>Bioinformatics</italic> online.</p></abstract></article-meta></front></article>