<article xmlns="https://jats.nlm.nih.gov/ns/archiving/1.2/" xmlns:xsi="http://www.w3.org/2001/XMLSchema-instance" xmlns:mml="http://www.w3.org/1998/Math/MathML" xmlns:xlink="http://www.w3.org/1999/xlink" xsi:schemaLocation="https://jats.nlm.nih.gov/ns/archiving/1.2/ https://jats.nlm.nih.gov/archiving/1.2/xsd/JATS-archivearticle1.xsd" article-type="research-article"><front><journal-meta><journal-id journal-id-type="nlm-ta">Bioinformatics</journal-id><journal-id journal-id-type="publisher-id">bioinformatics</journal-id><journal-id journal-id-type="hwp">bioinfo</journal-id><journal-title-group><journal-title>Bioinformatics</journal-title></journal-title-group><issn pub-type="ppub">1367-4803</issn><issn pub-type="epub">1460-2059</issn><publisher><publisher-name>Oxford University Press</publisher-name></publisher></journal-meta><article-meta><article-id pub-id-type="accession">PMC2732302</article-id><article-id pub-id-type="pmcid">PMC2732302</article-id><article-id pub-id-type="pmc-uid">2732302</article-id><article-id pub-id-type="pmid">19244386</article-id><article-id pub-id-type="pmid">19244386</article-id><article-id pub-id-type="doi">10.1093/bioinformatics/btp069</article-id><article-id pub-id-type="publisher-id">btp069</article-id><article-categories><subj-group subj-group-type="heading"><subject>Applications Note</subject><subj-group><subject>Systems Biology</subject></subj-group></subj-group></article-categories><title-group><article-title>BISEN: Biochemical Simulation Environment</article-title></title-group><contrib-group><contrib contrib-type="author"><name><surname>Vanlier</surname><given-names>J.</given-names></name><xref ref-type="aff" rid="AFF1"><sup>1</sup></xref></contrib><contrib contrib-type="author"><name><surname>Wu</surname><given-names>F.</given-names></name><xref ref-type="aff" rid="AFF1"><sup>2</sup></xref></contrib><contrib contrib-type="author"><name><surname>Qi</surname><given-names>F.</given-names></name><xref ref-type="aff" rid="AFF1"><sup>2</sup></xref></contrib><contrib contrib-type="author"><name><surname>Vinnakota</surname><given-names>K. C.</given-names></name><xref ref-type="aff" rid="AFF1"><sup>2</sup></xref></contrib><contrib contrib-type="author"><name><surname>Han</surname><given-names>Y.</given-names></name><xref ref-type="aff" rid="AFF1"><sup>2</sup></xref></contrib><contrib contrib-type="author"><name><surname>Dash</surname><given-names>R. K.</given-names></name><xref ref-type="aff" rid="AFF1"><sup>2</sup></xref></contrib><contrib contrib-type="author"><name><surname>Yang</surname><given-names>F.</given-names></name><xref ref-type="aff" rid="AFF1"><sup>3</sup></xref></contrib><contrib contrib-type="author"><name><surname>Beard</surname><given-names>D. A.</given-names></name><xref ref-type="aff" rid="AFF1"><sup>2</sup></xref><xref ref-type="corresp" rid="COR1">*</xref></contrib></contrib-group><aff id="AFF1"><sup>1</sup>BioModeling and Bioinformatics, BioMedical Engineering, Eindhoven University of Technology, Eindhoven, The Netherlands, <sup>2</sup>Department of Physiology, Medical College of Wisconsin, Milwaukee, WI 53226, USA and <sup>3</sup>Lilly-Singapore Centre for Drug Discovery Pte Ltd, Singapore</aff><author-notes><corresp id="COR1">*To whom correspondence should be addressed.</corresp><fn><p>Associate Editor: Alfonso Valencia</p></fn></author-notes><pub-date pub-type="ppub"><day>15</day><month>3</month><year>2009</year></pub-date><pub-date pub-type="epub"><day>25</day><month>2</month><year>2009</year></pub-date><pub-date pub-type="pmc-release"><day>15</day><month>3</month><year>2010</year></pub-date><!-- PMC Release delay is 12 months and 0 days and was based on the
					<pub-date pub-type="ppub"/>. --><volume>25</volume><issue>6</issue><fpage>836</fpage><lpage>837</lpage><history><date date-type="received"><day>24</day><month>11</month><year>2008</year></date><date date-type="rev-recd"><day>23</day><month>1</month><year>2009</year></date><date date-type="accepted"><day>28</day><month>1</month><year>2009</year></date></history><permissions><copyright-statement>© The Author 2009. Published by Oxford University Press. All rights reserved. For Permissions, please email: journals.permissions@oxfordjournals.org</copyright-statement><copyright-year>2009</copyright-year></permissions><abstract><p><bold>Summary:</bold> The Biochemical Simulation Environment (BISEN) is a suite of tools for generating equations and associated computer programs for simulating biochemical systems in the MATLAB<sup>®</sup> computing environment. This is the first package that can generate appropriate systems of differential equations for user-specified multi-compartment systems of enzymes and transporters accounting for detailed biochemical thermodynamics, rapid equilibria of multiple biochemical species and dynamic proton and metal ion buffering.</p><p><bold>Availability:</bold> The software and a user manual (including several tutorial examples) are available at bbc.mcw.edu/BISEN.</p><p><bold>Contact:</bold><email>dbeard@mcw.edu</email></p></abstract></article-meta></front></article>