<article xmlns="https://jats.nlm.nih.gov/ns/archiving/1.2/" xmlns:xsi="http://www.w3.org/2001/XMLSchema-instance" xmlns:mml="http://www.w3.org/1998/Math/MathML" xmlns:xlink="http://www.w3.org/1999/xlink" xsi:schemaLocation="https://jats.nlm.nih.gov/ns/archiving/1.2/ https://jats.nlm.nih.gov/archiving/1.2/xsd/JATS-archivearticle1.xsd" article-type="research-article"><front><journal-meta><journal-id journal-id-type="nlm-ta">Bioinformatics</journal-id><journal-id journal-id-type="publisher-id">bioinformatics</journal-id><journal-id journal-id-type="hwp">bioinfo</journal-id><journal-title-group><journal-title>Bioinformatics</journal-title></journal-title-group><issn pub-type="ppub">1367-4803</issn><issn pub-type="epub">1367-4811</issn><publisher><publisher-name>Oxford University Press</publisher-name></publisher></journal-meta><article-meta><article-id pub-id-type="accession">PMC2647834</article-id><article-id pub-id-type="pmcid">PMC2647834</article-id><article-id pub-id-type="pmc-uid">2647834</article-id><article-id pub-id-type="pmid">19147661</article-id><article-id pub-id-type="pmid">19147661</article-id><article-id pub-id-type="doi">10.1093/bioinformatics/btp023</article-id><article-id pub-id-type="publisher-id">btp023</article-id><article-categories><subj-group subj-group-type="heading"><subject>Original Papers</subject><subj-group><subject>Structural Bioinformatics</subject></subj-group></subj-group></article-categories><title-group><article-title>Principal component analysis of native ensembles of biomolecular structures (PCA_NEST): insights into functional dynamics</article-title></title-group><contrib-group><contrib contrib-type="author"><name><surname>Yang</surname><given-names>Lee-Wei</given-names></name><xref ref-type="aff" rid="AFF1"><sup>1</sup></xref><xref ref-type="corresp" rid="COR1">*</xref></contrib><contrib contrib-type="author"><name><surname>Eyal</surname><given-names>Eran</given-names></name><xref ref-type="aff" rid="AFF1"><sup>2</sup></xref></contrib><contrib contrib-type="author"><name><surname>Bahar</surname><given-names>Ivet</given-names></name><xref ref-type="aff" rid="AFF1"><sup>2</sup></xref></contrib><contrib contrib-type="author"><name><surname>Kitao</surname><given-names>Akio</given-names></name><xref ref-type="aff" rid="AFF1"><sup>1</sup></xref><xref ref-type="aff" rid="AFF1"><sup>3</sup></xref></contrib></contrib-group><aff id="AFF1"><sup>1</sup>University of Tokyo, Institute of Molecular and Cellular Bioscience, Tokyo, Japan, <sup>2</sup>University of Pittsburgh, School of Medicine, Department of Computational Biology, PA, USA and <sup>3</sup>Japan Science and Technology Agency, Core Research for Evolutional Science and Technology, Japan</aff><author-notes><corresp id="COR1">*To whom correspondence should be addressed.</corresp><fn><p>Associate Editor: Burkhard Rost</p></fn></author-notes><pub-date pub-type="ppub"><day>1</day><month>3</month><year>2009</year></pub-date><pub-date pub-type="epub"><day>15</day><month>1</month><year>2009</year></pub-date><pub-date pub-type="pmc-release"><day>1</day><month>3</month><year>2010</year></pub-date><!-- PMC Release delay is 12 months and 0 days and was based on the
					<pub-date pub-type="ppub"/>. --><volume>25</volume><issue>5</issue><fpage>606</fpage><lpage>614</lpage><history><date date-type="received"><day>8</day><month>9</month><year>2008</year></date><date date-type="rev-recd"><day>11</day><month>12</month><year>2008</year></date><date date-type="accepted"><day>8</day><month>1</month><year>2009</year></date></history><permissions><copyright-statement>© The Author 2009. Published by Oxford University Press. All rights reserved. For Permissions, please email: journals.permissions@oxfordjournals.org</copyright-statement><copyright-year>2009</copyright-year></permissions><abstract><p><bold>Motivation:</bold> To efficiently analyze the ‘native ensemble of conformations’ accessible to proteins near their folded state and to extract essential information from observed distributions of conformations, reliable mathematical methods and computational tools are needed.</p><p><bold>Result:</bold> Examination of 24 pairs of structures determined by both NMR and X-ray reveals that the differences in the dynamics of the same protein resolved by the two techniques can be tracked to the most robust low frequency modes elucidated by principal component analysis (PCA) of NMR models. The active sites of enzymes are found to be highly constrained in these PCA modes. Furthermore, the residues predicted to be highly immobile are shown to be evolutionarily conserved, lending support to a PCA-based identification of potential functional sites. An online tool, PCA_NEST, is designed to derive the principal modes of conformational changes from structural ensembles resolved by experiments or generated by computations.</p><p><bold>Availability:</bold><ext-link ext-link-type="uri" xlink:href="http://ignm.ccbb.pitt.edu/oPCA_Online.htm">http://ignm.ccbb.pitt.edu/oPCA_Online.htm</ext-link></p><p><bold>Contact:</bold><email>lwy1@iam.u-tokyo.ac.jp</email></p><p><bold>Supplementary information:</bold><ext-link ext-link-type="uri" xlink:href="http://bioinformatics.oxfordjournals.org/cgi/content/full/btp023/DC1">Supplementary data</ext-link> are available at <italic>Bioinformatics</italic> online.</p></abstract></article-meta></front></article>