<article xmlns="https://dtd.nlm.nih.gov/ns/archiving/2.3/" xmlns:xsi="http://www.w3.org/2001/XMLSchema-instance" xmlns:mml="http://www.w3.org/1998/Math/MathML" xmlns:xlink="http://www.w3.org/1999/xlink" xsi:schemaLocation="https://dtd.nlm.nih.gov/ns/archiving/2.3/ https://dtd.nlm.nih.gov/archiving/2.3/xsd/archivearticle.xsd" article-type="research-article" xml:lang="EN"><front><journal-meta><journal-id journal-id-type="nlm-ta">Bioinformatics</journal-id><journal-id journal-id-type="publisher-id">bioinformatics</journal-id><journal-id journal-id-type="hwp">bioinfo</journal-id><journal-title>Bioinformatics</journal-title><issn pub-type="ppub">1367-4803</issn><issn pub-type="epub">1460-2059</issn><publisher><publisher-name>Oxford University Press</publisher-name></publisher></journal-meta><article-meta><article-id pub-id-type="accession">PMC2638932</article-id><article-id pub-id-type="pmcid">PMC2638932</article-id><article-id pub-id-type="pmc-uid">2638932</article-id><article-id pub-id-type="pmid">18996943</article-id><article-id pub-id-type="doi">10.1093/bioinformatics/btn579</article-id><article-id pub-id-type="publisher-id">btn579</article-id><article-id pub-id-type="pmid">18996943</article-id><article-categories><subj-group subj-group-type="heading"><subject>Original Papers</subject><subj-group><subject>Systems Biology</subject></subj-group></subj-group></article-categories><title-group><article-title>Pan-specific MHC class I predictors: a benchmark of HLA class I pan-specific prediction methods</article-title></title-group><contrib-group><contrib contrib-type="author"><name><surname>Zhang</surname><given-names>Hao</given-names></name></contrib><contrib contrib-type="author"><name><surname>Lundegaard</surname><given-names>Claus</given-names></name></contrib><contrib contrib-type="author"><name><surname>Nielsen</surname><given-names>Morten</given-names></name><xref ref-type="corresp" rid="COR1">*</xref></contrib></contrib-group><aff>Center for Biological Sequence Analysis, Department of Systems Biology, Technical University of Denmark, Lyngby 2800, Denmark</aff><author-notes><corresp id="COR1"><sup>*</sup>To whom correspondence should be addressed.</corresp><fn><p>Associate Editor: Thomas Lengauer</p></fn></author-notes><pub-date pub-type="ppub"><day>1</day><month>1</month><year>2009</year></pub-date><pub-date pub-type="epub"><day>7</day><month>11</month><year>2008</year></pub-date><volume>25</volume><issue>1</issue><fpage>83</fpage><lpage>89</lpage><history><date date-type="received"><day>1</day><month>5</month><year>2008</year></date><date date-type="rev-recd"><day>23</day><month>9</month><year>2008</year></date><date date-type="accepted"><day>6</day><month>11</month><year>2008</year></date></history><permissions><copyright-statement>© The Author 2008. Published by Oxford University Press. All rights reserved. For Permissions, please email: journals.permissions@oxfordjournals.org</copyright-statement><copyright-year>2008</copyright-year></permissions><abstract><p><bold>Motivation:</bold> MHC:peptide binding plays a central role in activating the immune surveillance. Computational approaches to determine T-cell epitopes restricted to any given major histocompatibility complex (MHC) molecule are of special practical value in the development of for instance vaccines with broad population coverage against emerging pathogens. Methods have recently been published that are able to predict peptide binding to any human MHC class I molecule. In contrast to conventional allele-specific methods, these methods do allow for extrapolation to uncharacterized MHC molecules. These pan-specific human lymphocyte antigen (HLA) predictors have not previously been compared using independent evaluation sets.</p><p><bold>Result:</bold> A diverse set of quantitative peptide binding affinity measurements was collected from Immune Epitope database (IEDB), together with a large set of HLA class I ligands from the SYFPEITHI database. Based on these datasets, three different pan-specific HLA web-accessible predictors <italic>NetMHCpan</italic>, <italic>adaptive double threading</italic> (<italic>ADT</italic>) and <italic>kernel-based inter-allele peptide binding prediction system (KISS)</italic> were evaluated. The performance of the pan-specific predictors was also compared with a well performing allele-specific MHC class I predictor, <italic>NetMHC</italic>, as well as a consensus approach integrating the predictions from the <italic>NetMHC</italic> and <italic>NetMHCpan</italic> methods.</p><p><bold>Conclusions:</bold> The benchmark demonstrated that pan-specific methods do provide accurate predictions also for previously uncharacterized MHC molecules. The <italic>NetMHCpan</italic> method trained to predict actual binding affinities was consistently top ranking both on quantitative (affinity) and binary (ligand) data. However, the <italic>KISS</italic> method trained to predict binary data was one of the best performing methods when benchmarked on binary data. Finally, a consensus method integrating predictions from the two best performing methods was shown to improve the prediction accuracy.</p><p><bold>Contact:</bold><email>mniel@cbs.dtu.dk</email></p><p><bold>Supplementary information:</bold><ext-link ext-link-type="uri" xlink:href="http://bioinformatics.oxfordjournals.org/cgi/content/full/btn579/DC1">Supplementary data</ext-link> are available at <italic>Bioinformatics</italic> online.</p></abstract></article-meta></front></article>