<article xmlns="https://dtd.nlm.nih.gov/ns/archiving/2.3/" xmlns:xsi="http://www.w3.org/2001/XMLSchema-instance" xmlns:mml="http://www.w3.org/1998/Math/MathML" xmlns:xlink="http://www.w3.org/1999/xlink" xsi:schemaLocation="https://dtd.nlm.nih.gov/ns/archiving/2.3/ https://dtd.nlm.nih.gov/archiving/2.3/xsd/archivearticle.xsd" article-type="research-article" xml:lang="EN"><front><journal-meta><journal-id journal-id-type="nlm-ta">Bioinformatics</journal-id><journal-id journal-id-type="publisher-id">bioinformatics</journal-id><journal-id journal-id-type="hwp">bioinfo</journal-id><journal-title>Bioinformatics</journal-title><issn pub-type="ppub">1367-4803</issn><issn pub-type="epub">1460-2059</issn><publisher><publisher-name>Oxford University Press</publisher-name></publisher></journal-meta><article-meta><article-id pub-id-type="accession">PMC2638927</article-id><article-id pub-id-type="pmcid">PMC2638927</article-id><article-id pub-id-type="pmc-uid">2638927</article-id><article-id pub-id-type="pmid">19033273</article-id><article-id pub-id-type="doi">10.1093/bioinformatics/btn594</article-id><article-id pub-id-type="publisher-id">btn594</article-id><article-id pub-id-type="pmid">19033273</article-id><article-categories><subj-group subj-group-type="heading"><subject>Discovery Note</subject><subj-group><subject>Sequence Analysis</subject></subj-group></subj-group></article-categories><title-group><article-title>KEPE—a motif frequently superimposed on sumoylation sites in metazoan chromatin proteins and transcription factors</article-title></title-group><contrib-group><contrib contrib-type="author"><name><surname>Diella</surname><given-names>Francesca</given-names></name><xref ref-type="aff" rid="AFF1"><sup>1</sup></xref></contrib><contrib contrib-type="author"><name><surname>Chabanis</surname><given-names>Sophie</given-names></name><xref ref-type="aff" rid="AFF1"><sup>2</sup></xref></contrib><contrib contrib-type="author"><name><surname>Luck</surname><given-names>Katja</given-names></name><xref ref-type="aff" rid="AFF1"><sup>1</sup></xref></contrib><contrib contrib-type="author"><name><surname>Chica</surname><given-names>Claudia</given-names></name><xref ref-type="aff" rid="AFF1"><sup>1</sup></xref></contrib><contrib contrib-type="author"><name><surname>Ramu</surname><given-names>Chenna</given-names></name><xref ref-type="aff" rid="AFF1"><sup>3</sup></xref></contrib><contrib contrib-type="author"><name><surname>Nerlov</surname><given-names>Claus</given-names></name><xref ref-type="aff" rid="AFF1"><sup>4</sup></xref></contrib><contrib contrib-type="author"><name><surname>Gibson</surname><given-names>Toby J.</given-names></name><xref ref-type="aff" rid="AFF1"><sup>1</sup></xref><xref ref-type="corresp" rid="COR1">*</xref></contrib></contrib-group><aff id="AFF1"><sup>1</sup>Structural and Computational Biology Unit, European Molecular Biology Laboratory, Heidelberg, <sup>2</sup>European School Karlsruhe, <sup>3</sup>Computational Molecular Biology, Max Planck Institute for Molecular Genetics, Berlin, Germany and <sup>4</sup>Mouse Biology Unit, European Molecular Biology Laboratory, Monterotondo, Italy</aff><author-notes><corresp id="COR1">*To whom correspondence should be addressed.</corresp><fn><p>Associate Editor: Alex Bateman</p></fn></author-notes><pub-date pub-type="ppub"><day>1</day><month>1</month><year>2009</year></pub-date><pub-date pub-type="epub"><day>24</day><month>11</month><year>2008</year></pub-date><pub-date pub-type="pmc-release"><day>24</day><month>11</month><year>2008</year></pub-date><volume>25</volume><issue>1</issue><fpage>1</fpage><lpage>5</lpage><history><date date-type="received"><day>4</day><month>9</month><year>2008</year></date><date date-type="rev-recd"><day>7</day><month>11</month><year>2008</year></date><date date-type="accepted"><day>12</day><month>11</month><year>2008</year></date></history><permissions><copyright-statement>© The Author(s)</copyright-statement><copyright-year>2008</copyright-year><license license-type="creative-commons" xlink:href="http://creativecommons.org/licenses/by-nc/2.0/uk/"><p><!--CREATIVE COMMONS-->This is an Open Access article distributed under the terms of the Creative Commons Attribution Non-Commercial License (<ext-link ext-link-type="uri" xlink:href="http://creativecommons.org/licenses/by-nc/2.0/uk/">http://creativecommons.org/licenses/by-nc/2.0/uk/</ext-link>) which permits unrestricted non-commercial use, distribution, and reproduction in any medium, provided the original work is properly cited.</p></license></permissions><abstract><p><bold>Motivation:</bold> We noted that the sumoylation site in C/EBP homologues is conserved beyond the canonical consensus sequence for sumoylation. Therefore, we investigated whether this pattern might define a more general protein motif.</p><p><bold>Results:</bold> We undertook a survey of the human proteome using a regular expression based on the C/EBP motif. This revealed significant enrichment of the motif using different Gene Ontology terms (e.g. ‘transcription’) that pertain to the nucleus. When considering requirements for the motif to be functional (evolutionary conservation, structural accessibility of the motif and proper cell localization of the protein), more than 130 human proteins were retrieved from the UniProt/Swiss-Prot database. These candidates were particularly enriched in transcription factors, including FOS, JUN, Hif-1α, MLL2 and members of the KLF, MAF and NFATC families; chromatin modifiers like CHD-8, HDAC4 and DNA Top1; and the transcriptional regulatory kinases HIPK1 and HIPK2. The KEPEmotif appears to be restricted to the metazoan lineage and has three length variants—short, medium and long—which do not appear to interchange.</p><p><bold>Contact:</bold><email>toby.gibson@embl.de</email></p><p><bold>Supplementary information:</bold><ext-link ext-link-type="uri" xlink:href="http://bioinformatics.oxfordjournals.org/cgi/content/full/btn594/DC1">Supplementary data</ext-link> are available at <italic>Bioinformatics</italic> online.</p></abstract></article-meta></front></article>