<article xmlns="https://jats.nlm.nih.gov/ns/archiving/1.2/" xmlns:xsi="http://www.w3.org/2001/XMLSchema-instance" xmlns:mml="http://www.w3.org/1998/Math/MathML" xmlns:xlink="http://www.w3.org/1999/xlink" xsi:schemaLocation="https://jats.nlm.nih.gov/ns/archiving/1.2/ https://jats.nlm.nih.gov/archiving/1.2/xsd/JATS-archivearticle1.xsd" article-type="research-article"><front><journal-meta><journal-id journal-id-type="nlm-ta">Bioinformatics</journal-id><journal-id journal-id-type="publisher-id">bioinformatics</journal-id><journal-id journal-id-type="hwp">bioinfo</journal-id><journal-title-group><journal-title>Bioinformatics</journal-title></journal-title-group><issn pub-type="ppub">1367-4803</issn><issn pub-type="epub">1460-2059</issn><publisher><publisher-name>Oxford University Press</publisher-name></publisher></journal-meta><article-meta><article-id pub-id-type="accession">PMC2723002</article-id><article-id pub-id-type="pmcid">PMC2723002</article-id><article-id pub-id-type="pmc-uid">2723002</article-id><article-id pub-id-type="pmid">19505943</article-id><article-id pub-id-type="doi">10.1093/bioinformatics/btp352</article-id><article-id pub-id-type="publisher-id">btp352</article-id><article-categories><subj-group subj-group-type="heading"><subject>Applications Note</subject><subj-group><subject>Sequence Analysis</subject></subj-group></subj-group></article-categories><title-group><article-title>The Sequence Alignment/Map format and SAMtools</article-title></title-group><contrib-group><contrib contrib-type="author"><name><surname>Li</surname><given-names>Heng</given-names></name><xref ref-type="aff" rid="AFF1"><sup>1</sup></xref><xref ref-type="author-notes" rid="FN1"><sup>†</sup></xref></contrib><contrib contrib-type="author"><name><surname>Handsaker</surname><given-names>Bob</given-names></name><xref ref-type="aff" rid="AFF1"><sup>2</sup></xref><xref ref-type="author-notes" rid="FN1"><sup>†</sup></xref></contrib><contrib contrib-type="author"><name><surname>Wysoker</surname><given-names>Alec</given-names></name><xref ref-type="aff" rid="AFF1"><sup>2</sup></xref></contrib><contrib contrib-type="author"><name><surname>Fennell</surname><given-names>Tim</given-names></name><xref ref-type="aff" rid="AFF1"><sup>2</sup></xref></contrib><contrib contrib-type="author"><name><surname>Ruan</surname><given-names>Jue</given-names></name><xref ref-type="aff" rid="AFF1"><sup>3</sup></xref></contrib><contrib contrib-type="author"><name><surname>Homer</surname><given-names>Nils</given-names></name><xref ref-type="aff" rid="AFF1"><sup>4</sup></xref></contrib><contrib contrib-type="author"><name><surname>Marth</surname><given-names>Gabor</given-names></name><xref ref-type="aff" rid="AFF1"><sup>5</sup></xref></contrib><contrib contrib-type="author"><name><surname>Abecasis</surname><given-names>Goncalo</given-names></name><xref ref-type="aff" rid="AFF1"><sup>6</sup></xref></contrib><contrib contrib-type="author"><name><surname>Durbin</surname><given-names>Richard</given-names></name><xref ref-type="aff" rid="AFF1"><sup>1</sup></xref><xref ref-type="corresp" rid="COR1"><sup>*</sup></xref></contrib><contrib contrib-type="author"><collab>1000 Genome Project Data Processing Subgroup</collab><xref ref-type="aff" rid="AFF1"><sup>7</sup></xref></contrib></contrib-group><aff id="AFF1"><sup>1</sup> Wellcome Trust Sanger Institute, Wellcome Trust Genome Campus, Cambridge, CB10 1SA, UK, <sup>2</sup>Broad Institute of MIT and Harvard, Cambridge, MA 02141, USA, <sup>3</sup>Beijing Institute of Genomics, Chinese Academy of Science, Beijing 100029, China, <sup>4</sup>Department of Computer Science, University of California Los Angeles, Los Angeles, CA 90095, <sup>5</sup>Department of Biology, Boston College, Chestnut Hill, MA 02467, <sup>6</sup>Center for Statistical Genetics, Department of Biostatistics, University of Michigan, Ann Arbor, MI 48109, USA and <sup>7</sup><ext-link ext-link-type="uri" xlink:href="http://1000genomes.org">http://1000genomes.org</ext-link></aff><author-notes><corresp id="COR1"><sup>*</sup>To whom correspondence should be addressed.</corresp><fn id="FN1"><p><sup>†</sup>The authors wish it to be known that, in their opinion, the first two authors should be regarded as Joint First Authors.</p></fn><fn><p>Associate Editor: Alfonso Valencia</p></fn></author-notes><pub-date pub-type="ppub"><day>15</day><month>8</month><year>2009</year></pub-date><pub-date pub-type="epub"><day>8</day><month>6</month><year>2009</year></pub-date><pub-date pub-type="pmc-release"><day>8</day><month>6</month><year>2009</year></pub-date><!-- PMC Release delay is 0 months and 0 days and was based on the
							<pub-date pub-type="epub"/>. --><volume>25</volume><issue>16</issue><fpage>2078</fpage><lpage>2079</lpage><history><date date-type="received"><day>28</day><month>4</month><year>2009</year></date><date date-type="rev-recd"><day>28</day><month>5</month><year>2009</year></date><date date-type="accepted"><day>30</day><month>5</month><year>2009</year></date></history><permissions><license license-type="creative-commons" xlink:href="http://creativecommons.org/licenses/by-nc/2.0/uk/"><license-p><!--CREATIVE COMMONS-->This is an Open Access article distributed under the terms of the Creative Commons Attribution Non-Commercial License (<ext-link ext-link-type="uri" xlink:href="http://creativecommons.org/licenses/by-nc/2.0/uk/">http://creativecommons.org/licenses/by-nc/2.0/uk/</ext-link>) which permits unrestricted non-commercial use, distribution, and reproduction in any medium, provided the original work is properly cited.</license-p></license></permissions><abstract><p><bold>Summary:</bold> The Sequence Alignment/Map (SAM) format is a generic alignment format for storing read alignments against reference sequences, supporting short and long reads (up to 128 Mbp) produced by different sequencing platforms. It is flexible in style, compact in size, efficient in random access and is the format in which alignments from the 1000 Genomes Project are released. SAMtools implements various utilities for post-processing alignments in the SAM format, such as indexing, variant caller and alignment viewer, and thus provides universal tools for processing read alignments.</p><p><bold>Availability:</bold><ext-link ext-link-type="uri" xlink:href="http://samtools.sourceforge.net">http://samtools.sourceforge.net</ext-link></p><p><bold>Contact:</bold><email>rd@sanger.ac.uk</email></p></abstract></article-meta></front></article>