<article xmlns="https://jats.nlm.nih.gov/ns/archiving/1.2/" xmlns:xsi="http://www.w3.org/2001/XMLSchema-instance" xmlns:mml="http://www.w3.org/1998/Math/MathML" xmlns:xlink="http://www.w3.org/1999/xlink" xsi:schemaLocation="https://jats.nlm.nih.gov/ns/archiving/1.2/ https://jats.nlm.nih.gov/archiving/1.2/xsd/JATS-archivearticle1.xsd" article-type="research-article"><front><journal-meta><journal-id journal-id-type="nlm-ta">Bioinformatics</journal-id><journal-id journal-id-type="publisher-id">bioinformatics</journal-id><journal-id journal-id-type="hwp">bioinfo</journal-id><journal-title-group><journal-title>Bioinformatics</journal-title></journal-title-group><issn pub-type="ppub">1367-4803</issn><issn pub-type="epub">1460-2059</issn><publisher><publisher-name>Oxford University Press</publisher-name></publisher></journal-meta><article-meta><article-id pub-id-type="accession">PMC2704547</article-id><article-id pub-id-type="pmcid">PMC2704547</article-id><article-id pub-id-type="pmc-uid">2704547</article-id><article-id pub-id-type="pmid">18203770</article-id><article-id pub-id-type="pmid">18203770</article-id><article-id pub-id-type="doi">10.1093/bioinformatics/btm601</article-id><article-id pub-id-type="publisher-id">btm601</article-id><article-categories><subj-group subj-group-type="heading"><subject>Original Papers</subject><subj-group><subject>Genome Analysis</subject></subj-group></subj-group></article-categories><title-group><article-title>Sparse representation and Bayesian detection of genome copy number alterations from microarray data</article-title></title-group><contrib-group><contrib contrib-type="author"><name><surname>Pique-Regi</surname><given-names>Roger</given-names></name><xref ref-type="aff" rid="AFF1"><sup>1</sup></xref><xref ref-type="aff" rid="AFF1"><sup>2</sup></xref><xref ref-type="corresp" rid="COR1">*</xref></contrib><contrib contrib-type="author"><name><surname>Monso-Varona</surname><given-names>Jordi</given-names></name><xref ref-type="aff" rid="AFF1"><sup>1</sup></xref></contrib><contrib contrib-type="author"><name><surname>Ortega</surname><given-names>Antonio</given-names></name><xref ref-type="aff" rid="AFF1"><sup>1</sup></xref></contrib><contrib contrib-type="author"><name><surname>Seeger</surname><given-names>Robert C.</given-names></name><xref ref-type="aff" rid="AFF1"><sup>2</sup></xref></contrib><contrib contrib-type="author"><name><surname>Triche</surname><given-names>Timothy J.</given-names></name><xref ref-type="aff" rid="AFF1"><sup>2</sup></xref></contrib><contrib contrib-type="author"><name><surname>Asgharzadeh</surname><given-names>Shahab</given-names></name><xref ref-type="aff" rid="AFF1"><sup>1</sup></xref><xref ref-type="corresp" rid="COR1">*</xref></contrib></contrib-group><aff id="AFF1"><sup>1</sup>Signal and Image Processing Institute, Ming Hsieh Department of Electrical Engineering, Viterbi School of Engineering, University of Southern California, EEB 400, 3740 McClintock Ave, Los Angeles, CA 90089-2564 and <sup>2</sup>Departments of Pediatrics and Pathology, Saban Research Institute, Childrens Hospital Los Angeles, Keck School of Medicine, University of Southern California, USA</aff><author-notes><corresp id="COR1">*To whom correspondence should be addressed.</corresp><fn><p>Associate Editor: Chris Stoeckert</p></fn></author-notes><pub-date pub-type="ppub"><day>1</day><month>2</month><year>2008</year></pub-date><volume>24</volume><issue>3</issue><fpage>309</fpage><lpage>318</lpage><history><date date-type="received"><day>8</day><month>5</month><year>2007</year></date><date date-type="rev-recd"><day>26</day><month>10</month><year>2007</year></date><date date-type="accepted"><day>30</day><month>11</month><year>2007</year></date></history><permissions><copyright-statement>© The Author 2008. Published by Oxford University Press. All rights reserved. For Permissions, please email: journals.permissions@oxfordjournals.org</copyright-statement><copyright-year>2008</copyright-year></permissions><abstract><p><bold>Motivation:</bold> Genomic instability in cancer leads to abnormal genome copy number alterations (CNA) that are associated with the development and behavior of tumors. Advances in microarray technology have allowed for greater resolution in detection of DNA copy number changes (amplifications or deletions) across the genome. However, the increase in number of measured signals and accompanying noise from the array probes present a challenge in accurate and fast identification of breakpoints that define CNA. This article proposes a novel detection technique that exploits the use of piece wise constant (PWC) vectors to represent genome copy number and sparse Bayesian learning (SBL) to detect CNA breakpoints.</p><p><bold>Methods:</bold> First, a compact linear algebra representation for the genome copy number is developed from normalized probe intensities. Second, SBL is applied and optimized to infer locations where copy number changes occur. Third, a backward elimination (BE) procedure is used to rank the inferred breakpoints; and a cut-off point can be efficiently adjusted in this procedure to control for the false discovery rate (FDR).</p><p><bold>Results:</bold> The performance of our algorithm is evaluated using simulated and real genome datasets and compared to other existing techniques. Our approach achieves the highest accuracy and lowest FDR while improving computational speed by several orders of magnitude. The proposed algorithm has been developed into a free standing software application (GADA, Genome Alteration Detection Algorithm).</p><p><bold>Availability:</bold><ext-link ext-link-type="uri" xlink:href="http://biron.usc.edu/~piquereg/GADA">http://biron.usc.edu/~piquereg/GADA</ext-link></p><p><bold>Contact:</bold><email>jpei@chop.swmed.edu</email> and <email>rpique@ieee.org</email></p><p><bold>Supplementary information:</bold> Supplementary data are available at <italic>Bioinformatics</italic> online.</p></abstract></article-meta></front></article>