<article xmlns="https://dtd.nlm.nih.gov/ns/archiving/2.3/" xmlns:xsi="http://www.w3.org/2001/XMLSchema-instance" xmlns:mml="http://www.w3.org/1998/Math/MathML" xmlns:xlink="http://www.w3.org/1999/xlink" xsi:schemaLocation="https://dtd.nlm.nih.gov/ns/archiving/2.3/ https://dtd.nlm.nih.gov/archiving/2.3/xsd/archivearticle.xsd" article-type="research-article" xml:lang="EN"><front><journal-meta><journal-id journal-id-type="nlm-ta">Bioinformatics</journal-id><journal-id journal-id-type="publisher-id">bioinformatics</journal-id><journal-id journal-id-type="hwp">bioinfo</journal-id><journal-title>Bioinformatics</journal-title><issn pub-type="ppub">1367-4803</issn><issn pub-type="epub">1460-2059</issn><publisher><publisher-name>Oxford University Press</publisher-name></publisher></journal-meta><article-meta><article-id pub-id-type="accession">PMC2647835</article-id><article-id pub-id-type="pmcid">PMC2647835</article-id><article-id pub-id-type="pmc-uid">2647835</article-id><article-id pub-id-type="pmid">19147665</article-id><article-id pub-id-type="doi">10.1093/bioinformatics/btp029</article-id><article-id pub-id-type="publisher-id">btp029</article-id><article-categories><subj-group subj-group-type="heading"><subject>Applications Note</subject><subj-group><subject>Systems Biology</subject></subj-group></subj-group></article-categories><title-group><article-title>P<sc>ro</sc>M<sc>o</sc>T: modular modeling for systems biology</article-title></title-group><contrib-group><contrib contrib-type="author"><name><surname>Mirschel</surname><given-names>Sebastian</given-names></name><xref ref-type="aff" rid="AFF1"><sup>1</sup></xref><xref ref-type="corresp" rid="COR1">*</xref></contrib><contrib contrib-type="author"><name><surname>Steinmetz</surname><given-names>Katrin</given-names></name><xref ref-type="aff" rid="AFF1"><sup>1</sup></xref></contrib><contrib contrib-type="author"><name><surname>Rempel</surname><given-names>Michael</given-names></name><xref ref-type="aff" rid="AFF1"><sup>1</sup></xref></contrib><contrib contrib-type="author"><name><surname>Ginkel</surname><given-names>Martin</given-names></name><xref ref-type="aff" rid="AFF1"><sup>2</sup></xref></contrib><contrib contrib-type="author"><name><surname>Gilles</surname><given-names>Ernst Dieter</given-names></name><xref ref-type="aff" rid="AFF1"><sup>1</sup></xref></contrib></contrib-group><aff id="AFF1"><sup>1</sup>Systems Biology Group, Max Planck Institute for Dynamics of Complex Technical Systems, 39106 Magdeburg, Germany and <sup>2</sup>Genedata AG, 4016 Basel, Switzerland</aff><author-notes><corresp id="COR1">*To whom correspondence should be addressed.</corresp><fn><p>Associate Editor: Alfonso Valencia</p></fn></author-notes><pub-date pub-type="ppub"><day>1</day><month>3</month><year>2009</year></pub-date><pub-date pub-type="epub"><day>15</day><month>1</month><year>2009</year></pub-date><pub-date pub-type="pmc-release"><day>15</day><month>1</month><year>2009</year></pub-date><volume>25</volume><issue>5</issue><fpage>687</fpage><lpage>689</lpage><history><date date-type="received"><day>2</day><month>10</month><year>2008</year></date><date date-type="rev-recd"><day>18</day><month>12</month><year>2008</year></date><date date-type="accepted"><day>12</day><month>1</month><year>2009</year></date></history><permissions><copyright-statement>© 2009 The Author(s)</copyright-statement><copyright-year>2009</copyright-year><license license-type="creative-commons" xlink:href="http://creativecommons.org/licenses/by-nc/2.0/uk/"><p><!--CREATIVE COMMONS-->This is an Open Access article distributed under the terms of the Creative Commons Attribution Non-Commercial License (<ext-link ext-link-type="uri" xlink:href="http://creativecommons.org/licenses/by-nc/2.0/uk/">http://creativecommons.org/licenses/by-nc/2.0/uk/</ext-link>) which permits unrestricted non-commercial use, distribution, and reproduction in any medium, provided the original work is properly cited.</p></license></permissions><abstract><p><bold>Summary:</bold> The modeling tool P<sc>ro</sc>M<sc>o</sc>T facilitates the efficient and comprehensible setup and editing of modular models coupled with customizable visual representations. Since its last major publication in 2003, P<sc>ro</sc>M<sc>o</sc>T has gained new functionality in particular support of logical models, efficient editing, visual exploration, model validation and support for SBML.</p><p><bold>Availability:</bold> P<sc>ro</sc>M<sc>o</sc>T is an open source project and freely available at <ext-link ext-link-type="uri" xlink:href="http://www.mpi-magdeburg.mpg.de/projects/promot/">http://www.mpi-magdeburg.mpg.de/projects/promot/</ext-link>.</p><p><bold>Contact:</bold><email>mirschel@mpi-magdeburg.mpg.de</email>; <email>mirschel@mpi-magdeburg.mpg.de</email></p><p><bold>Supplementary information:</bold><ext-link ext-link-type="uri" xlink:href="http://bioinformatics.oxfordjournals.org/cgi/content/full/btp029/DC1">Supplementary data</ext-link> are available at <italic>Bioinformatics</italic> online.</p></abstract></article-meta></front></article>